DATE,OPEN,HIGH,LOW,CLOSE,ADJ_CLOSE,VOLUME
2017-01-02,7007.39990234375,7014.14990234375,6955.4501953125,7002.5,7002.49072265625,6022500
2017-01-03,7019.0,7048.0,6989.0,7028.75,7028.74072265625,6274000
2017-01-04,7042.25,7058.60009765625,7024.2001953125,7030.75,7030.74072265625,8000400
2017-01-05,7063.14990234375,7112.60009765625,7061.7998046875,7106.89990234375,7106.890625,8271200
2017-01-06,7119.0498046875,7140.25,7073.5,7083.10009765625,7083.0908203125,7023500
2017-01-09,7099.5498046875,7101.75,7076.85009765625,7085.14990234375,7085.140625,5765600
2017-01-10,7108.35009765625,7136.0498046875,7106.4501953125,7132.2001953125,7132.19091796875,6678400
2017-01-11,7163.89990234375,7220.35009765625,7160.35009765625,7214.14990234375,7214.140625,8249300
2017-01-12,7225.35009765625,7244.2001953125,7209.10009765625,7231.85009765625,7231.8408203125,7869200
2017-01-13,7268.9501953125,7271.0,7202.9501953125,7228.2998046875,7228.29052734375,6765900
2017-01-16,7224.0,7255.64990234375,7209.2998046875,7247.9501953125,7247.94091796875,6036700
2017-01-17,7255.7001953125,7276.0498046875,7227.0,7243.64990234375,7243.640625,6148700
2017-01-18,7252.25,7299.2001953125,7249.7998046875,7269.0,7268.990234375,7011300
2017-01-19,7271.9501953125,7295.39990234375,7260.35009765625,7287.75,7287.740234375,7354700
2017-01-20,7267.10009765625,7281.85009765625,7196.64990234375,7202.75,7202.74072265625,8692300
2017-01-23,7191.39990234375,7251.0,7189.7998046875,7242.5498046875,7242.54052734375,6636200
2017-01-24,7259.7998046875,7319.7001953125,7254.60009765625,7315.25,7315.240234375,6834100
2017-01-25,7338.89990234375,7424.89990234375,7334.7998046875,7417.7001953125,7417.6904296875,11139800
2017-01-27,7426.85009765625,7483.89990234375,7424.39990234375,7455.14990234375,7455.14013671875,10439600
2017-01-30,7451.7001953125,7473.0,7432.10009765625,7452.14990234375,7452.14013671875,9434900
2017-01-31,7453.7998046875,7455.2001953125,7372.5498046875,7379.2998046875,7379.2900390625,13031800
2017-02-01,7390.5498046875,7520.7001953125,7366.89990234375,7516.0498046875,7516.0400390625,13216500
2017-02-02,7525.4501953125,7564.4501953125,7501.5498046875,7547.10009765625,7547.09033203125,12299300
2017-02-03,7555.7001953125,7578.0498046875,7544.0,7569.89990234375,7569.89013671875,13269300
2017-02-06,7610.7998046875,7638.35009765625,7600.25,7628.10009765625,7628.09033203125,11724400
2017-02-07,7637.5498046875,7638.7998046875,7576.0498046875,7603.2001953125,7603.1904296875,12424400
2017-02-08,7615.14990234375,7630.60009765625,7562.35009765625,7614.75,7614.740234375,10482200
2017-02-09,7636.2998046875,7660.2998046875,7577.5498046875,7623.60009765625,7623.59033203125,10362100
2017-02-10,7651.89990234375,7656.7998046875,7613.75,7631.25,7631.240234375,8979100
2017-02-13,7655.2998046875,7660.0498046875,7583.10009765625,7626.9501953125,7626.9404296875,9225000
2017-02-14,7640.60009765625,7640.64990234375,7593.14990234375,7605.0498046875,7605.0400390625,8533000
2017-02-15,7597.39990234375,7613.60009765625,7519.85009765625,7531.60009765625,7531.59033203125,9415100
2017-02-16,7543.2998046875,7602.4501953125,7522.4501953125,7599.4501953125,7599.4404296875,8747300
2017-02-17,7672.7998046875,7681.10009765625,7617.2001953125,7638.0,7637.98974609375,10030400
2017-02-20,7640.10009765625,7694.7001953125,7632.14990234375,7691.85009765625,7691.83984375,9755300
2017-02-21,7704.39990234375,7735.35009765625,7690.25,7725.25,7725.23974609375,8837600
2017-02-22,7745.10009765625,7756.4501953125,7706.2998046875,7721.60009765625,7721.58984375,10059900
2017-02-23,7741.60009765625,7762.60009765625,7720.75,7729.64990234375,7729.6396484375,13034000
2017-02-27,7733.2998046875,7746.14990234375,7700.39990234375,7706.5,7706.48974609375,9800700
2017-02-28,7713.39990234375,7729.2998046875,7695.25,7709.10009765625,7709.08984375,11216300
2017-03-01,7733.2998046875,7769.9501953125,7729.35009765625,7754.7001953125,7754.68994140625,10291000
2017-03-02,7787.9501953125,7793.89990234375,7676.0,7691.64990234375,7691.6396484375,10381200
2017-03-03,7679.10009765625,7703.7001953125,7659.25,7696.2001953125,7696.18994140625,7933700
2017-03-06,7716.14990234375,7749.60009765625,7715.4501953125,7745.39990234375,7745.3896484375,7194500
2017-03-07,7758.75,7758.7998046875,7723.25,7735.2998046875,7735.28955078125,7592000
2017-03-08,7740.9501953125,7745.5498046875,7678.7001953125,7710.9501953125,7710.93994140625,8094300
2017-03-09,7704.0498046875,7731.89990234375,7692.75,7710.0,7709.98974609375,7769400
2017-03-10,7732.5,7751.2998046875,7690.9501953125,7710.89990234375,7710.8896484375,6850800
2017-03-14,7844.2998046875,7864.60009765625,7807.5,7835.64990234375,7835.6396484375,9908800
2017-03-15,7842.14990234375,7869.5498046875,7836.10009765625,7854.75,7854.73974609375,9807900
2017-03-16,7893.5,7931.64990234375,7892.64990234375,7928.5498046875,7928.53955078125,10594300
2017-03-17,7967.7001953125,7974.9501953125,7913.39990234375,7933.10009765625,7933.08984375,11678900
2017-03-20,7944.89990234375,7945.0498046875,7906.0,7918.60009765625,7918.58984375,10467300
2017-03-21,7927.5,7933.2001953125,7874.5,7909.2001953125,7909.18994140625,8739200
2017-03-22,7849.64990234375,7861.14990234375,7817.64990234375,7830.10009765625,7830.08984375,8606300
2017-03-23,7852.0498046875,7895.7001953125,7852.0498046875,7885.7001953125,7885.68994140625,8349700
2017-03-24,7900.5,7926.85009765625,7894.75,7905.2998046875,7905.28955078125,9531800
2017-03-27,7899.75,7900.60009765625,7847.75,7865.2998046875,7865.28955078125,8099400
2017-03-28,7895.2998046875,7919.85009765625,7894.0,7912.10009765625,7912.08984375,7780300
2017-03-29,7935.64990234375,7950.9501953125,7916.7998046875,7945.2998046875,7945.28955078125,9471600
2017-03-30,7950.0,7983.85009765625,7946.75,7976.89990234375,7976.8896484375,13676200
2017-03-31,7975.0498046875,8005.75,7971.0,7995.0498046875,7995.03955078125,10366700
2017-04-03,8028.5498046875,8057.39990234375,8014.39990234375,8053.14990234375,8053.13916015625,8364400
2017-04-05,8077.85009765625,8100.7001953125,8045.75,8095.10009765625,8095.08935546875,10730600
2017-04-06,8081.5,8096.25,8056.35009765625,8092.10009765625,8092.08935546875,9448300
2017-04-07,8064.0498046875,8100.5,8035.0,8045.35009765625,8045.33935546875,9889200
2017-04-10,8070.4501953125,8077.9501953125,8038.2998046875,8052.10009765625,8052.08935546875,7817400
2017-04-11,8056.5498046875,8108.4501953125,8050.10009765625,8107.10009765625,8107.08935546875,11557500
2017-04-12,8115.2001953125,8122.5498046875,8028.7001953125,8078.85009765625,8078.83935546875,10915600
2017-04-13,8080.7001953125,8080.7001953125,8040.35009765625,8044.89990234375,8044.88916015625,8120400
2017-04-17,8044.0,8058.0,8017.2001953125,8042.60009765625,8042.58935546875,10835500
2017-04-18,8065.10009765625,8117.2001953125,7995.35009765625,8003.14990234375,8003.1396484375,12769200
2017-04-19,8008.39990234375,8031.25,7983.2001953125,8021.0,8020.9892578125,9477100
2017-04-20,8036.25,8069.35009765625,8032.5498046875,8063.10009765625,8063.08935546875,9469400
2017-04-21,8099.9501953125,8106.5,8030.4501953125,8057.7001953125,8057.689453125,10842700
2017-04-24,8075.2001953125,8142.4501953125,8072.7998046875,8137.35009765625,8137.33935546875,10664200
2017-04-25,8183.60009765625,8218.900390625,8167.7001953125,8216.7001953125,8216.689453125,10554200
2017-04-26,8244.7001953125,8260.349609375,8178.9501953125,8230.849609375,8230.8388671875,11935100
2017-04-27,8241.9501953125,8245.25,8210.650390625,8222.2001953125,8222.189453125,11412300
2017-04-28,8226.400390625,8227.7998046875,8195.5498046875,8214.2998046875,8214.2890625,11592200
2017-05-02,8244.7001953125,8260.0498046875,8186.0,8231.349609375,8231.3388671875,10324500
2017-05-03,8259.5498046875,8260.7998046875,8215.400390625,8227.7001953125,8227.689453125,9679800
2017-05-04,8263.849609375,8269.099609375,8235.7998046875,8265.7998046875,8265.7890625,10514700
2017-05-05,8277.7001953125,8279.0,8174.25,8193.25,8193.2392578125,12055400
2017-05-08,8216.9501953125,8241.25,8206.599609375,8226.099609375,8226.0888671875,8799800
2017-05-09,8246.2998046875,8256.0,8222.650390625,8242.7001953125,8242.689453125,9992700
2017-05-10,8266.650390625,8325.599609375,8265.0498046875,8320.2001953125,8320.189453125,9261700
2017-05-11,8354.650390625,8358.5,8323.7001953125,8331.0,8330.9892578125,8974100
2017-05-12,8343.150390625,8343.900390625,8271.9501953125,8299.2001953125,8299.189453125,8323100
2017-05-15,8329.75,8353.7001953125,8322.5,8351.2998046875,8351.2890625,9751000
2017-05-16,8367.25,8401.400390625,8359.099609375,8398.9501953125,8398.939453125,10574900
2017-05-17,8402.0,8404.099609375,8371.75,8396.0,8395.9892578125,9203300
2017-05-18,8334.2998046875,8361.4501953125,8269.25,8279.150390625,8279.1396484375,10670300
2017-05-19,8318.2001953125,8352.4501953125,8218.5498046875,8258.2001953125,8258.189453125,10385200
2017-05-22,8304.900390625,8322.5,8228.7998046875,8235.0498046875,8235.0390625,9537300
2017-05-23,8242.7998046875,8243.349609375,8119.89990234375,8159.14990234375,8159.13916015625,11349000
2017-05-24,8178.35009765625,8192.25,8087.0,8106.60009765625,8106.58935546875,11360300
2017-05-25,8130.7001953125,8240.9501953125,8119.14990234375,8233.900390625,8233.8896484375,13702700
2017-05-26,8238.9501953125,8335.7998046875,8231.349609375,8331.849609375,8331.8388671875,10798500
2017-05-29,8315.7001953125,8353.7001953125,8266.099609375,8299.5,8299.4892578125,10544200
2017-05-30,8286.0,8334.349609375,8262.400390625,8328.9501953125,8328.939453125,11140600
2017-05-31,8344.25,8369.099609375,8330.2001953125,8350.9501953125,8350.939453125,15686900
2017-06-01,8343.849609375,8374.650390625,8338.0498046875,8367.150390625,8367.1396484375,9220300
2017-06-02,8403.9501953125,8416.849609375,8385.099609375,8406.5498046875,8406.5390625,12111500
2017-06-05,8418.650390625,8448.2998046875,8404.5,8435.75,8435.7392578125,8178900
2017-06-06,8457.4501953125,8460.5,8383.75,8397.2001953125,8397.189453125,7746300
2017-06-07,8420.099609375,8442.0,8400.2001953125,8431.5,8431.4892578125,7987800
2017-06-08,8451.75,8456.849609375,8415.5498046875,8429.150390625,8429.1396484375,7371900
2017-06-09,8427.150390625,8459.2001953125,8398.5,8452.75,8452.7392578125,7834000
2017-06-12,8439.0,8439.150390625,8392.25,8408.7001953125,8408.689453125,7809600
2017-06-13,8415.75,8448.5,8396.7001953125,8408.0,8407.9892578125,8858200
2017-06-14,8421.0498046875,8424.9501953125,8381.099609375,8420.7998046875,8420.7890625,9381200
2017-06-15,8420.849609375,8427.7001953125,8383.5498046875,8400.2001953125,8400.189453125,10093500
2017-06-16,8416.5498046875,8440.9501953125,8392.2001953125,8411.4501953125,8411.439453125,10150200
2017-06-19,8446.9501953125,8467.4501953125,8428.7001953125,8453.099609375,8453.0888671875,6872700
2017-06-20,8467.2998046875,8475.900390625,8444.75,8454.0,8453.9892578125,7686100
2017-06-21,8451.5498046875,8454.9501953125,8424.0498046875,8443.599609375,8443.5888671875,9176100
2017-06-22,8455.900390625,8496.0,8412.099609375,8423.849609375,8423.8388671875,12237900
2017-06-23,8435.599609375,8438.349609375,8332.7001953125,8355.099609375,8355.0888671875,11567000
2017-06-27,8372.349609375,8382.150390625,8249.5,8285.5,8285.4892578125,11788800
2017-06-28,8286.7001953125,8303.099609375,8249.099609375,8279.7001953125,8279.689453125,10067200
2017-06-29,8308.400390625,8352.9501953125,8292.75,8301.099609375,8301.0888671875,15074200
2017-06-30,8280.099609375,8343.7998046875,8250.2998046875,8331.599609375,8331.5888671875,11194800
2017-07-03,8380.0,8423.4501953125,8348.400390625,8416.400390625,8416.3896484375,9133000
2017-07-04,8442.900390625,8450.7998046875,8394.7998046875,8410.7001953125,8410.689453125,9347600
2017-07-05,8419.400390625,8456.400390625,8412.400390625,8451.5,8451.4892578125,9712000
2017-07-06,8470.25,8506.150390625,8463.5498046875,8481.75,8481.7392578125,10331700
2017-07-07,8480.150390625,8494.349609375,8457.25,8479.4501953125,8479.439453125,11035600
2017-07-10,8521.150390625,8563.849609375,8465.5,8556.9501953125,8556.939453125,2648400
2017-07-11,8580.0,8596.9501953125,8539.599609375,8544.900390625,8544.8896484375,10236700
2017-07-12,8564.2998046875,8591.650390625,8552.25,8585.5,8585.48828125,9770900
2017-07-13,8620.5498046875,8649.650390625,8619.2001953125,8646.2998046875,8646.2880859375,8869200
2017-07-14,8664.2998046875,8664.2998046875,8599.5,8640.7001953125,8640.6884765625,9161400
2017-07-17,8659.7001953125,8668.0,8637.4501953125,8659.5,8659.48828125,10828900
2017-07-18,8605.400390625,8642.349609375,8579.9501953125,8589.7998046875,8589.7880859375,11118400
2017-07-19,8617.9501953125,8665.599609375,8616.150390625,8662.150390625,8662.138671875,11233700
2017-07-20,8678.0498046875,8680.349609375,8634.2998046875,8641.599609375,8641.587890625,9512500
2017-07-21,8663.849609375,8678.150390625,8602.599609375,8669.75,8669.73828125,14089400
2017-07-24,8687.900390625,8719.4501953125,8676.2001953125,8702.849609375,8702.837890625,14760600
2017-07-25,8735.2001953125,8735.849609375,8693.2998046875,8710.599609375,8710.587890625,12171200
2017-07-26,8727.349609375,8753.400390625,8717.349609375,8748.75,8748.73828125,15808500
2017-07-27,8783.2998046875,8817.349609375,8724.7001953125,8737.099609375,8737.087890625,17086400
2017-07-28,8715.75,8755.9501953125,8691.349609375,8747.4501953125,8747.4384765625,12811500
2017-07-31,8767.0498046875,8799.2998046875,8752.25,8793.2998046875,8793.2880859375,10210000
2017-08-01,8815.25,8820.75,8786.0498046875,8812.599609375,8812.587890625,8351500
2017-08-02,8831.5,8832.7998046875,8765.9501953125,8786.849609375,8786.837890625,10078300
2017-08-03,8788.349609375,8788.349609375,8715.0498046875,8729.2998046875,8729.2880859375,12177600
2017-08-04,8722.7001953125,8784.9501953125,8705.0498046875,8776.2001953125,8776.1884765625,10649100
2017-08-07,8789.849609375,8822.400390625,8784.150390625,8806.4501953125,8806.4384765625,9910400
2017-08-08,8820.849609375,8831.0498046875,8695.5,8726.849609375,8726.837890625,11905400
2017-08-09,8709.099609375,8711.900390625,8620.7001953125,8637.150390625,8637.138671875,12238900
2017-08-10,8603.7001953125,8606.900390625,8443.099609375,8497.75,8497.7392578125,12891700
2017-08-11,8395.400390625,8487.75,8371.2001953125,8427.7001953125,8427.689453125,14135600
2017-08-14,8479.4501953125,8558.7001953125,8477.5,8541.5,8541.4892578125,11073000
2017-08-16,8575.0,8640.5,8526.9501953125,8635.7001953125,8635.6884765625,10559300
2017-08-17,8674.150390625,8685.25,8627.400390625,8643.2998046875,8643.2880859375,10102800
2017-08-18,8607.0498046875,8607.0498046875,8541.5,8594.25,8594.23828125,9666200
2017-08-21,8618.5,8635.400390625,8497.25,8509.400390625,8509.3896484375,8626400
2017-08-22,8558.9501953125,8575.9501953125,8487.099609375,8499.2998046875,8499.2890625,9474200
2017-08-23,8536.650390625,8589.400390625,8523.0498046875,8585.0,8584.98828125,8309800
2017-08-24,8610.2001953125,8622.099609375,8586.5498046875,8605.75,8605.73828125,8963300
2017-08-28,8646.2998046875,8677.349609375,8632.75,8669.599609375,8669.587890625,8634900
2017-08-29,8648.7001953125,8648.900390625,8561.75,8571.7998046875,8571.7880859375,9149400
2017-08-30,8628.4501953125,8678.7001953125,8625.7998046875,8663.150390625,8663.138671875,9505800
2017-08-31,8683.400390625,8700.5,8647.75,8694.9501953125,8694.9384765625,13565400
2017-09-01,8717.0498046875,8763.2998046875,8700.4501953125,8755.25,8755.23828125,10602500
2017-09-04,8763.75,8765.7998046875,8639.900390625,8700.349609375,8700.337890625,10399000
2017-09-05,8723.0,8754.900390625,8698.400390625,8747.2001953125,8747.1884765625,8891600
2017-09-06,8703.2998046875,8745.7001953125,8686.9501953125,8732.400390625,8732.388671875,10296200
2017-09-07,8766.2001953125,8785.900390625,8747.900390625,8757.150390625,8757.138671875,10303100
2017-09-08,8785.7001953125,8792.0498046875,8729.9501953125,8749.9501953125,8749.9384765625,10428800
2017-09-11,8789.2998046875,8830.400390625,8782.5498046875,8810.9501953125,8810.9384765625,10085800
2017-09-12,8854.849609375,8894.2001953125,8833.75,8890.650390625,8890.638671875,10463500
2017-09-13,8900.75,8928.099609375,8853.099609375,8866.849609375,8866.837890625,11750800
2017-09-14,8894.75,8918.7001953125,8865.900390625,8884.9501953125,8884.9384765625,10056200
2017-09-15,8864.0,8906.7998046875,8839.25,8887.599609375,8887.587890625,12258000
2017-09-18,8932.900390625,8963.7998046875,8931.7998046875,8946.900390625,8946.888671875,9990800
2017-09-19,8967.7998046875,8970.099609375,8930.099609375,8951.75,8951.73828125,12039200
2017-09-20,8970.349609375,8976.75,8932.7001953125,8938.400390625,8938.388671875,11029600
2017-09-21,8942.0,8957.5498046875,8845.900390625,8911.2001953125,8911.1884765625,10844100
2017-09-22,8886.7001953125,8887.0498046875,8726.25,8738.0,8737.98828125,10798700
2017-09-25,8737.849609375,8738.0498046875,8574.7998046875,8638.2998046875,8638.2880859375,11547500
2017-09-26,8641.099609375,8677.5,8592.900390625,8654.599609375,8654.587890625,9497800
2017-09-27,8700.349609375,8700.349609375,8502.400390625,8520.9501953125,8520.939453125,9928200
2017-09-28,8529.150390625,8571.9501953125,8476.2998046875,8557.099609375,8557.0888671875,13920800
2017-09-29,8597.7998046875,8653.5,8586.5,8600.0,8599.98828125,9845300
2017-10-03,8689.75,8691.900390625,8640.7998046875,8662.400390625,8662.388671875,8502000
2017-10-04,8687.7998046875,8725.849609375,8658.2998046875,8706.849609375,8706.837890625,8483000
2017-10-05,8721.75,8746.150390625,8699.75,8706.4501953125,8706.4384765625,8661800
2017-10-06,8729.9501953125,8793.400390625,8729.0,8787.400390625,8787.388671875,10059900
2017-10-09,8799.7998046875,8824.75,8774.650390625,8798.2998046875,8798.2880859375,10125200
2017-10-10,8823.4501953125,8848.599609375,8816.5498046875,8836.400390625,8836.388671875,10090800
2017-10-11,8865.75,8886.7998046875,8760.650390625,8792.400390625,8792.388671875,11633000
2017-10-12,8818.599609375,8895.7001953125,8784.650390625,8890.0498046875,8890.0380859375,9567800
2017-10-13,8916.650390625,8954.650390625,8913.9501953125,8937.2001953125,8937.1884765625,10718800
2017-10-16,8974.25,9000.099609375,8937.650390625,8985.25,8985.23828125,9807700
2017-10-17,8988.75,9011.099609375,8972.7998046875,9002.349609375,9002.337890625,9506500
2017-10-18,8991.650390625,9005.900390625,8957.0498046875,8984.650390625,8984.638671875,9285600
2017-10-19,8992.9501953125,8994.7998046875,8915.099609375,8937.650390625,8937.638671875,2251400
2017-10-23,8961.9501953125,8998.2001953125,8922.75,8972.900390625,8972.888671875,10216900
2017-10-24,9002.7001953125,9017.900390625,8973.7001953125,8993.7998046875,8993.7880859375,10635800
2017-10-25,9089.5,9103.0,9017.7998046875,9065.150390625,9065.138671875,22925000
2017-10-26,9067.2001953125,9115.150390625,9047.400390625,9106.75,9106.73828125,20422800
2017-10-27,9128.849609375,9136.4501953125,9094.5,9104.4501953125,9104.4384765625,13558400
2017-10-30,9137.5498046875,9177.2001953125,9132.150390625,9165.099609375,9165.087890625,11916800
2017-10-31,9173.9501953125,9175.5,9130.9501953125,9153.599609375,9153.587890625,13728300
2017-11-01,9203.9501953125,9249.150390625,9201.0498046875,9234.849609375,9234.837890625,14645600
2017-11-02,9243.2998046875,9264.099609375,9217.599609375,9237.75,9237.73828125,12672600
2017-11-03,9272.099609375,9272.150390625,9219.7001953125,9260.650390625,9260.638671875,14136300
2017-11-06,9254.2998046875,9305.75,9242.25,9273.099609375,9273.087890625,12496600
2017-11-07,9303.150390625,9309.650390625,9152.650390625,9169.5498046875,9169.5380859375,14520000
2017-11-08,9183.900390625,9201.2001953125,9097.599609375,9117.5498046875,9117.5380859375,11864000
2017-11-09,9169.650390625,9183.2001953125,9087.2001953125,9147.2998046875,9147.2880859375,11302900
2017-11-10,9144.75,9178.400390625,9100.349609375,9154.9501953125,9154.9384765625,12472100
2017-11-13,9163.0498046875,9171.150390625,9075.7998046875,9082.4501953125,9082.4384765625,13299500
2017-11-14,9085.7001953125,9106.9501953125,9042.0,9051.5,9051.48828125,12167100
2017-11-15,9039.849609375,9043.150390625,8949.0,8973.75,8973.73828125,12193800
2017-11-16,9005.099609375,9078.599609375,8993.900390625,9065.0,9064.98828125,12216600
2017-11-17,9161.7998046875,9185.5,9125.150390625,9137.099609375,9137.087890625,12064000
2017-11-20,9143.5,9169.9501953125,9122.349609375,9161.900390625,9161.888671875,10617100
2017-11-21,9192.0498046875,9215.849609375,9166.400390625,9185.400390625,9185.388671875,12374000
2017-11-22,9210.849609375,9219.9501953125,9161.75,9195.7001953125,9195.6884765625,11286000
2017-11-23,9212.349609375,9226.75,9164.2998046875,9207.400390625,9207.388671875,10331700
2017-11-24,9226.75,9254.5,9221.0,9246.0498046875,9246.0380859375,10347100
2017-11-27,9228.2001953125,9272.849609375,9212.9501953125,9267.5,9267.48828125,10588500
2017-11-28,9266.2998046875,9286.849609375,9234.7998046875,9254.2998046875,9254.2880859375,11826600
2017-11-29,9265.5,9280.650390625,9231.650390625,9244.7001953125,9244.6884765625,10193500
2017-11-30,9220.349609375,9220.349609375,9143.400390625,9154.5,9154.48828125,16439300
2017-12-01,9191.4501953125,9209.150390625,9046.7001953125,9060.400390625,9060.388671875,10353800
2017-12-04,9106.7001953125,9110.849609375,9023.599609375,9059.349609375,9059.337890625,8572100
2017-12-05,9052.4501953125,9074.9501953125,8995.0,9056.599609375,9056.587890625,8822900
2017-12-06,9034.849609375,9050.9501953125,8981.9501953125,8988.5498046875,8988.5380859375,8899200
2017-12-07,9005.75,9114.400390625,9005.5498046875,9103.0498046875,9103.0380859375,9330600
2017-12-08,9136.599609375,9197.0498046875,9135.400390625,9190.5498046875,9190.5380859375,12479500
2017-12-11,9232.25,9241.150390625,9205.2001953125,9231.900390625,9231.888671875,9608500
2017-12-12,9237.150390625,9237.599609375,9149.349609375,9156.5,9156.48828125,9037600
2017-12-13,9155.849609375,9197.5498046875,9078.7998046875,9101.7998046875,9101.7880859375,10629300
2017-12-14,9135.25,9150.25,9043.849609375,9133.650390625,9133.638671875,8837700
2017-12-15,9217.7998046875,9242.849609375,9207.599609375,9216.75,9216.73828125,9898400
2017-12-18,9162.5498046875,9318.650390625,9000.400390625,9270.849609375,9270.837890625,11288200
2017-12-19,9300.849609375,9367.0498046875,9297.75,9360.4501953125,9360.4375,9921400
2017-12-20,9386.650390625,9398.9501953125,9351.0,9363.4501953125,9363.4375,14662000
2017-12-21,9391.2998046875,9399.75,9364.2998046875,9387.75,9387.7373046875,18463900
2017-12-22,9408.75,9440.2001953125,9402.25,9431.5,9431.4873046875,13876200
2017-12-26,9452.0,9477.400390625,9427.900390625,9470.349609375,9470.3369140625,15672000
2017-12-27,9478.150390625,9493.849609375,9413.25,9438.25,9438.2373046875,19714700
2017-12-28,9450.25,9481.099609375,9425.7998046875,9435.849609375,9435.8369140625,24402600
2017-12-29,9456.7998046875,9496.400390625,9454.650390625,9490.650390625,9490.6376953125,25971400
2018-01-01,9500.2001953125,9518.900390625,9421.7001953125,9434.5,9434.4873046875,21722200
2018-01-02,9474.099609375,9487.7998046875,9377.2998046875,9417.849609375,9417.8369140625,20647700
2018-01-03,9455.5498046875,9483.349609375,9424.099609375,9439.349609375,9439.3369140625,15767100
2018-01-04,9468.099609375,9511.849609375,9441.900390625,9505.75,9505.7373046875,18783300
2018-01-05,9536.75,9577.2998046875,9529.9501953125,9573.4501953125,9573.4375,20064800
2018-01-08,9608.150390625,9645.75,9606.5,9639.25,9639.2373046875,15777600
2018-01-09,9661.099609375,9669.4501953125,9607.7001953125,9640.75,9640.7373046875,15900200
2018-01-10,9655.75,9658.7998046875,9593.5,9630.599609375,9630.5869140625,15578100
2018-01-11,9635.900390625,9669.2998046875,9614.650390625,9650.2998046875,9650.287109375,13859300
2018-01-12,9681.849609375,9689.75,9583.2001953125,9665.2001953125,9665.1875,16541500
2018-01-15,9700.9501953125,9743.650390625,9690.900390625,9699.849609375,9699.8369140625,13428200
2018-01-16,9720.099609375,9720.349609375,9598.0498046875,9612.599609375,9612.5869140625,16595100
2018-01-17,9612.099609375,9696.400390625,9536.2001953125,9686.599609375,9686.5869140625,17409100
2018-01-18,9761.099609375,9769.7998046875,9605.400390625,9646.7998046875,9646.787109375,17720100
2018-01-19,9658.400390625,9733.5,9625.099609375,9723.099609375,9723.0869140625,13060800
2018-01-22,9721.4501953125,9793.400390625,9710.9501953125,9787.2998046875,9787.287109375,12662800
2018-01-23,9816.400390625,9885.25,9814.650390625,9877.2001953125,9877.1875,15139800
2018-01-24,9865.7001953125,9895.0,9825.25,9853.900390625,9853.8876953125,13711300
2018-01-25,9866.849609375,9866.849609375,9780.349609375,9810.0,9809.9873046875,16417600
2018-01-29,9829.0,9868.400390625,9806.0498046875,9819.4501953125,9819.4375,11459400
2018-01-30,9809.9501953125,9810.0,9729.150390625,9743.0498046875,9743.037109375,13659100
2018-01-31,9716.7001953125,9746.0498046875,9648.150390625,9697.900390625,9697.8876953125,12618100
2018-02-01,9717.2998046875,9764.349609375,9551.5498046875,9687.0498046875,9687.037109375,14403900
2018-02-02,9606.099609375,9611.349609375,9392.900390625,9409.7998046875,9409.787109375,18861200
2018-02-05,9254.5498046875,9367.5498046875,9221.0498046875,9344.400390625,9344.3876953125,14829200
2018-02-06,8985.7998046875,9265.900390625,8968.5,9190.5498046875,9190.5380859375,15601400
2018-02-07,9300.150390625,9306.7998046875,9181.7001953125,9206.349609375,9206.337890625,12547900
2018-02-08,9246.0498046875,9365.75,9220.349609375,9322.599609375,9322.5869140625,12408500
2018-02-09,9167.0,9272.0498046875,9155.0,9251.099609375,9251.087890625,12634500
2018-02-12,9314.2998046875,9362.2998046875,9296.599609375,9348.4501953125,9348.4375,12341600
2018-02-14,9397.7998046875,9399.7998046875,9292.849609375,9326.7001953125,9326.6875,14034600
2018-02-15,9360.4501953125,9399.400390625,9293.349609375,9323.599609375,9323.5869140625,12631700
2018-02-16,9369.25,9386.0,9212.2001953125,9235.599609375,9235.587890625,11410200
2018-02-19,9265.0,9265.25,9091.75,9159.9501953125,9159.9384765625,11988700
2018-02-20,9171.2001953125,9207.349609375,9135.7001953125,9151.0498046875,9151.0380859375,10580100
2018-02-21,9205.099609375,9205.400390625,9129.349609375,9167.599609375,9167.587890625,9881300
2018-02-22,9133.900390625,9160.599609375,9119.2998046875,9138.5,9138.48828125,13419300
2018-02-23,9165.4501953125,9257.5,9157.099609375,9251.349609375,9251.337890625,12211300
2018-02-26,9291.0498046875,9338.2001953125,9280.7998046875,9332.650390625,9332.6376953125,12108300
2018-02-27,9360.900390625,9374.900390625,9289.25,9302.25,9302.23828125,11646700
2018-02-28,9244.5,9290.2001953125,9213.849609375,9261.900390625,9261.888671875,13962600
2018-03-01,9254.400390625,9297.400390625,9215.7998046875,9225.349609375,9225.337890625,10347900
2018-03-05,9202.099609375,9202.2001953125,9104.150390625,9136.099609375,9136.087890625,11388100
2018-03-06,9191.4501953125,9214.4501953125,9013.4501953125,9039.7998046875,9039.7880859375,11898400
2018-03-07,9025.099609375,9029.9501953125,8924.7001953125,8936.849609375,8936.837890625,14601200
2018-03-08,8992.400390625,9021.650390625,8898.900390625,9000.7001953125,9000.6884765625,13999900
2018-03-09,9032.5498046875,9051.400390625,8972.5,8986.400390625,8986.388671875,11524500
2018-03-12,9053.7001953125,9130.400390625,9034.25,9121.75,9121.73828125,12690100
2018-03-13,9102.7001953125,9194.349609375,9096.2001953125,9157.900390625,9157.888671875,15445800
2018-03-14,9126.900390625,9158.2001953125,9091.4501953125,9151.5498046875,9151.5380859375,13006500
2018-03-15,9151.349609375,9177.9501953125,9122.650390625,9133.900390625,9133.888671875,13828000
2018-03-16,9127.7998046875,9128.5,8991.849609375,9004.4501953125,9004.4384765625,17778700
2018-03-19,9026.400390625,9032.2998046875,8879.2998046875,8894.2001953125,8894.1884765625,12329400
2018-03-20,8854.0,8945.349609375,8847.7998046875,8920.4501953125,8920.4384765625,12323800
2018-03-21,8970.849609375,9015.650390625,8929.650390625,8949.099609375,8949.087890625,11810200
2018-03-22,8961.9501953125,8991.7001953125,8897.2998046875,8904.0,8903.98828125,12015700
2018-03-23,8765.650390625,8815.5498046875,8744.5,8800.7998046875,8800.7880859375,13975900
2018-03-26,8795.0498046875,8923.0498046875,8765.849609375,8914.349609375,8914.337890625,13631900
2018-03-27,8968.349609375,8995.349609375,8938.900390625,8978.099609375,8978.087890625,12046900
2018-03-28,8940.2001953125,8953.900390625,8899.0,8912.099609375,8912.087890625,15917800
2018-04-02,8949.4501953125,9030.7001953125,8933.4501953125,9023.599609375,9023.587890625,10131700
2018-04-03,9004.900390625,9082.0498046875,8997.7001953125,9074.849609375,9074.837890625,12218000
2018-04-04,9105.5,9120.099609375,8962.4501953125,8975.599609375,8975.587890625,14681500
2018-04-05,9069.0498046875,9150.849609375,9068.400390625,9146.150390625,9146.138671875,13037800
2018-04-06,9148.4501953125,9183.4501953125,9116.5498046875,9172.0498046875,9172.0380859375,13370000
2018-04-09,9179.2001953125,9223.349609375,9175.900390625,9205.2001953125,9205.1884765625,10638300
2018-04-10,9237.7998046875,9246.4501953125,9199.2001953125,9219.150390625,9219.138671875,11227400
2018-04-11,9242.2998046875,9242.2998046875,9179.849609375,9230.849609375,9230.837890625,11473600
2018-04-12,9226.4501953125,9263.349609375,9210.25,9247.25,9247.23828125,10999300
2018-04-13,9276.650390625,9304.099609375,9240.7001953125,9267.650390625,9267.638671875,10221900
2018-04-16,9205.0498046875,9317.849609375,9202.7998046875,9311.2998046875,9311.287109375,9922500
2018-04-17,9339.400390625,9340.5,9287.599609375,9330.2998046875,9330.287109375,9701100
2018-04-18,9359.099609375,9366.75,9295.75,9311.599609375,9311.5869140625,11023800
2018-04-19,9345.650390625,9360.7998046875,9328.5,9356.400390625,9356.3876953125,11533900
2018-04-20,9349.2001953125,9359.099609375,9315.150390625,9347.650390625,9347.6376953125,10781800
2018-04-23,9366.7998046875,9410.900390625,9324.0,9373.400390625,9373.3876953125,9283000
2018-04-24,9375.9501953125,9403.400390625,9359.0498046875,9390.400390625,9390.3876953125,12082400
2018-04-25,9387.4501953125,9393.5,9323.400390625,9349.9501953125,9349.9375,12017900
2018-04-26,9368.75,9388.849609375,9339.650390625,9381.349609375,9381.3369140625,14945600
2018-04-27,9412.9501953125,9467.0498046875,9410.4501953125,9443.650390625,9443.6376953125,11317600
2018-04-30,9464.0,9503.599609375,9463.2001953125,9496.5,9496.4873046875,10329800
2018-05-02,9531.599609375,9531.650390625,9416.5,9444.5,9444.4873046875,12929100
2018-05-03,9442.099609375,9442.2001953125,9355.0498046875,9388.650390625,9388.6376953125,12511300
2018-05-04,9402.5,9402.5,9327.2998046875,9339.75,9339.7373046875,12206200
2018-05-07,9371.7001953125,9424.400390625,9353.2998046875,9418.7998046875,9418.787109375,10437000
2018-05-08,9451.900390625,9452.4501953125,9396.75,9419.849609375,9419.8369140625,12725200
2018-05-09,9401.2001953125,9443.150390625,9399.4501953125,9418.900390625,9418.8876953125,10216100
2018-05-10,9444.650390625,9448.5,9351.5,9360.9501953125,9360.9375,11881900
2018-05-11,9385.7998046875,9421.349609375,9356.0,9416.349609375,9416.3369140625,11134500
2018-05-14,9425.25,9432.400390625,9371.4501953125,9389.9501953125,9389.9375,11259700
2018-05-15,9391.099609375,9490.7998046875,9341.2001953125,9365.900390625,9365.8876953125,13188200
2018-05-16,9324.7001953125,9365.0,9275.599609375,9328.7001953125,9328.6875,13921700
2018-05-17,9359.150390625,9360.150390625,9290.2998046875,9304.4501953125,9304.4384765625,17660800
2018-05-18,9298.9501953125,9300.5498046875,9200.2998046875,9209.2001953125,9209.1884765625,18984600
2018-05-21,9221.099609375,9224.9501953125,9099.849609375,9108.7001953125,9108.6884765625,14382900
2018-05-22,9110.650390625,9152.25,9080.349609375,9145.650390625,9145.638671875,14447800
2018-05-23,9136.650390625,9151.7998046875,9059.349609375,9069.7998046875,9069.7880859375,11838000
2018-05-24,9098.75,9130.9501953125,9046.7001953125,9115.5498046875,9115.5380859375,11682800
2018-05-25,9135.0498046875,9230.7001953125,9126.599609375,9215.5498046875,9215.5380859375,11832600
2018-05-28,9256.7998046875,9320.099609375,9251.7998046875,9307.5498046875,9307.5380859375,12007700
2018-05-29,9309.9501953125,9337.25,9250.5,9270.599609375,9270.587890625,12491500
2018-05-30,9220.7998046875,9283.5498046875,9209.849609375,9255.0,9254.98828125,13835700
2018-05-31,9299.400390625,9333.650390625,9249.2001953125,9315.349609375,9315.3369140625,23950000
2018-06-01,9317.7998046875,9334.7001953125,9245.5498046875,9255.099609375,9255.087890625,14690600
2018-06-04,9308.2998046875,9310.900390625,9167.9501953125,9175.900390625,9175.888671875,10707900
2018-06-05,9176.650390625,9178.2998046875,9072.650390625,9110.5,9110.48828125,13037400
2018-06-06,9114.2001953125,9214.2998046875,9096.0,9205.900390625,9205.888671875,13338700
2018-06-07,9244.7001953125,9327.849609375,9243.7001953125,9300.099609375,9300.087890625,12970300
2018-06-08,9275.2001953125,9324.7001953125,9254.2998046875,9316.25,9316.2373046875,11045300
2018-06-11,9334.4501953125,9386.150390625,9324.2998046875,9332.400390625,9332.3876953125,10561900
2018-06-12,9355.650390625,9394.900390625,9338.2998046875,9386.4501953125,9386.4375,10482500
2018-06-13,9421.0,9423.2001953125,9382.5498046875,9386.400390625,9386.3876953125,11302400
2018-06-14,9372.2998046875,9372.5498046875,9322.5,9356.650390625,9356.6376953125,9767200
2018-06-15,9358.349609375,9376.650390625,9303.25,9343.7001953125,9343.6875,12050000
2018-06-18,9350.650390625,9354.0498046875,9311.349609375,9318.5498046875,9318.537109375,9104200
2018-06-19,9305.400390625,9305.400390625,9225.75,9234.5,9234.48828125,11505800
2018-06-20,9255.0,9286.650390625,9239.0498046875,9276.400390625,9276.388671875,10248900
2018-06-21,9305.0498046875,9307.0,9229.7998046875,9240.25,9240.23828125,9382000
2018-06-22,9241.150390625,9307.25,9204.0498046875,9296.650390625,9296.638671875,9403200
2018-06-25,9297.650390625,9310.5,9225.349609375,9234.400390625,9234.388671875,9297700
2018-06-26,9217.0498046875,9261.7001953125,9209.849609375,9231.7998046875,9231.7880859375,10381000
2018-06-27,9246.5,9246.5,9110.25,9129.25,9129.23828125,12202400
2018-06-28,9119.849609375,9125.599609375,9018.0498046875,9036.9501953125,9036.9384765625,16869700
2018-06-29,9065.900390625,9167.5,9065.5498046875,9162.4501953125,9162.4384765625,11909000
2018-07-02,9185.2001953125,9186.5498046875,9060.599609375,9109.0,9108.98828125,11514800
2018-07-03,9113.849609375,9156.349609375,9078.7998046875,9149.400390625,9149.388671875,9391000
2018-07-04,9158.7998046875,9200.25,9123.599609375,9194.5498046875,9194.5380859375,8879700
2018-07-05,9207.599609375,9207.599609375,9153.4501953125,9166.599609375,9166.587890625,9187000
2018-07-06,9160.7001953125,9233.0,9153.400390625,9194.5,9194.48828125,9741900
2018-07-09,9250.400390625,9281.2998046875,9231.7998046875,9277.9501953125,9277.9384765625,9071700
2018-07-10,9321.4501953125,9365.150390625,9305.400390625,9359.400390625,9359.3876953125,9701100
2018-07-11,9362.599609375,9379.599609375,9333.849609375,9344.25,9344.2373046875,11175000
2018-07-12,9392.75,9442.400390625,9373.099609375,9380.900390625,9380.8876953125,11567800
2018-07-13,9406.0,9408.2998046875,9335.099609375,9349.0498046875,9349.037109375,11041700
2018-07-16,9350.099609375,9350.2001953125,9222.2998046875,9231.25,9231.23828125,11497400
2018-07-17,9232.5498046875,9321.900390625,9214.7001953125,9315.25,9315.2373046875,13157800
2018-07-18,9359.5,9371.9501953125,9244.9501953125,9269.5498046875,9269.5380859375,13608700
2018-07-19,9284.849609375,9287.7998046875,9210.099609375,9236.2998046875,9236.2880859375,12062100
2018-07-20,9238.599609375,9295.0498046875,9217.599609375,9286.099609375,9286.087890625,10896200
2018-07-23,9301.7001953125,9369.7998046875,9295.9501953125,9363.849609375,9363.8369140625,12759700
2018-07-24,9385.9501953125,9454.7998046875,9383.349609375,9450.650390625,9450.6376953125,15286100
2018-07-25,9466.9501953125,9476.5,9433.900390625,9449.900390625,9449.8876953125,13420600
2018-07-26,9455.849609375,9502.150390625,9454.0,9487.900390625,9487.8876953125,16074000
2018-07-27,9537.0,9583.150390625,9526.5498046875,9579.0498046875,9579.037109375,13257900
2018-07-30,9598.5,9624.900390625,9566.349609375,9618.7001953125,9618.6875,13346900
2018-07-31,9615.099609375,9657.599609375,9582.7001953125,9650.599609375,9650.5869140625,14494500
2018-08-01,9661.7001953125,9683.599609375,9620.9501953125,9651.7001953125,9651.6875,14097900
2018-08-02,9642.099609375,9642.099609375,9579.7001953125,9588.7998046875,9588.787109375,11975400
2018-08-03,9631.400390625,9690.5498046875,9630.4501953125,9685.7001953125,9685.6875,13370800
2018-08-06,9723.0498046875,9743.650390625,9698.0,9709.349609375,9709.3369140625,12154200
2018-08-07,9740.650390625,9744.25,9675.75,9704.7998046875,9704.787109375,13951300
2018-08-08,9723.7998046875,9754.2998046875,9696.7001953125,9744.75,9744.7373046875,13088500
2018-08-09,9779.349609375,9784.0498046875,9752.9501953125,9769.099609375,9769.0869140625,17970200
2018-08-10,9776.7001953125,9777.849609375,9715.2998046875,9724.4501953125,9724.4375,14482000
2018-08-13,9673.0,9704.900390625,9641.150390625,9656.5,9656.4873046875,12891900
2018-08-14,9678.7001953125,9730.650390625,9672.150390625,9726.150390625,9726.1376953125,11529900
2018-08-16,9696.900390625,9742.5,9666.5,9685.650390625,9685.6376953125,13633700
2018-08-17,9730.849609375,9776.2998046875,9728.2001953125,9770.2001953125,9770.1875,12926000
2018-08-20,9800.7998046875,9846.5498046875,9798.900390625,9839.75,9839.7373046875,12305300
2018-08-21,9862.900390625,9868.5,9831.0498046875,9862.5,9862.4873046875,12707800
2018-08-23,9900.0498046875,9900.0498046875,9839.0,9872.5498046875,9872.537109375,10832500
2018-08-24,9860.900390625,9889.9501953125,9821.4501953125,9850.7998046875,9850.787109375,12479200
2018-08-27,9893.4501953125,9966.900390625,9887.5,9958.7998046875,9958.787109375,11293200
2018-08-28,9990.25,10012.849609375,9963.349609375,9985.900390625,9985.8876953125,12302200
2018-08-29,9995.099609375,10015.349609375,9964.349609375,9973.650390625,9973.6376953125,13815600
2018-08-30,9979.349609375,9986.349609375,9947.0,9975.2001953125,9975.1875,15882900
2018-08-31,9978.25,10027.0,9951.5498046875,9992.0,9991.9873046875,15166100
2018-09-03,10049.849609375,10049.849609375,9908.7001953125,9921.650390625,9921.6376953125,13135600
2018-09-04,9933.0,9937.75,9784.25,9806.0498046875,9806.037109375,13172400
2018-09-05,9795.7001953125,9817.849609375,9678.2001953125,9764.5498046875,9764.537109375,14544600
2018-09-06,9801.9501953125,9832.400390625,9730.849609375,9815.4501953125,9815.4375,11421300
2018-09-07,9834.5498046875,9885.599609375,9779.349609375,9875.2001953125,9875.1875,11579800
2018-09-10,9862.7998046875,9870.7001953125,9730.2001953125,9740.099609375,9740.0869140625,11135500
2018-09-11,9770.900390625,9775.0498046875,9596.5,9607.099609375,9607.0869140625,11968900
2018-09-12,9641.650390625,9669.2001953125,9552.2001953125,9660.599609375,9660.5869140625,13495600
2018-09-14,9724.2001953125,9799.150390625,9722.75,9792.75,9792.7373046875,11672500
2018-09-17,9754.599609375,9754.599609375,9687.2998046875,9696.4501953125,9696.4375,12372800
2018-09-18,9701.2998046875,9728.150390625,9586.0,9594.25,9594.2373046875,14794000
2018-09-19,9633.900390625,9640.2998046875,9516.25,9545.7001953125,9545.6875,12659700
2018-09-21,9585.099609375,9630.7001953125,9134.5498046875,9425.5498046875,9425.537109375,25031500
2018-09-24,9445.2001953125,9449.75,9223.25,9243.150390625,9243.138671875,15661900
2018-09-25,9238.2998046875,9317.099609375,9149.0,9303.349609375,9303.337890625,17990000
2018-09-26,9367.599609375,9367.599609375,9255.349609375,9302.25,9302.23828125,15067400
2018-09-27,9319.7998046875,9324.5,9188.599609375,9202.349609375,9202.337890625,15728700
2018-09-28,9230.099609375,9249.349609375,9041.650390625,9116.0,9115.98828125,18592200
2018-10-01,9107.0,9185.5,8986.400390625,9165.5,9165.48828125,16021100
2018-10-03,9147.25,9157.2001953125,9042.0498046875,9056.7001953125,9056.6884765625,15335900
2018-10-04,8963.7001953125,8963.7001953125,8812.0,8854.849609375,8854.837890625,14942000
2018-10-05,8793.2001953125,8815.7998046875,8582.150390625,8624.9501953125,8624.9384765625,15683500
2018-10-08,8611.349609375,8671.2998046875,8483.150390625,8602.599609375,8602.587890625,15430100
2018-10-09,8635.849609375,8645.7998046875,8519.2998046875,8562.9501953125,8562.939453125,13710200
2018-10-10,8590.4501953125,8762.25,8588.349609375,8748.5,8748.48828125,14669900
2018-10-11,8501.400390625,8657.0,8473.5498046875,8565.599609375,8565.587890625,14777800
2018-10-12,8649.2998046875,8783.900390625,8643.349609375,8767.099609375,8767.087890625,13506900
2018-10-15,8815.150390625,8821.650390625,8732.2998046875,8812.0,8811.98828125,11079900
2018-10-16,8849.25,8902.650390625,8835.400390625,8893.7998046875,8893.7880859375,12397600
2018-10-17,8982.5498046875,8999.650390625,8746.75,8758.599609375,8758.587890625,12843500
2018-10-19,8676.5,8716.5498046875,8595.4501953125,8640.650390625,8640.638671875,13566000
2018-10-22,8717.25,8719.5,8560.5498046875,8576.9501953125,8576.9384765625,11221900
2018-10-23,8502.599609375,8559.099609375,8447.4501953125,8489.900390625,8489.8896484375,11267100
2018-10-24,8585.900390625,8600.0,8474.5498046875,8555.650390625,8555.6396484375,11106400
2018-10-25,8476.099609375,8500.849609375,8432.5,8473.5,8473.4892578125,15921600
2018-10-26,8473.2001953125,8493.849609375,8370.7998046875,8417.25,8417.2392578125,13557700
2018-10-29,8457.5,8623.4501953125,8409.599609375,8610.099609375,8610.087890625,14121300
2018-10-30,8607.400390625,8652.75,8575.0498046875,8600.2998046875,8600.2880859375,14390400
2018-10-31,8617.400390625,8760.349609375,8536.0,8753.4501953125,8753.4384765625,13885500
2018-11-01,8798.2998046875,8800.849609375,8742.5,8772.5,8772.48828125,14600500
2018-11-02,8844.099609375,8953.599609375,8840.2001953125,8899.400390625,8899.388671875,17206700
2018-11-05,8904.25,8913.0,8839.7998046875,8877.900390625,8877.888671875,12456000
2018-11-06,8902.75,8934.900390625,8839.650390625,8870.2998046875,8870.2880859375,10499200
2018-11-07,8938.7001953125,8940.7001953125,8926.400390625,8929.849609375,8929.837890625,137800
2018-11-09,8947.599609375,8966.5,8898.0,8946.349609375,8946.337890625,12144900
2018-11-12,8967.7998046875,8991.150390625,8846.400390625,8859.25,8859.23828125,10863800
2018-11-13,8834.5498046875,8932.9501953125,8814.599609375,8923.5498046875,8923.5380859375,10956400
2018-11-14,8967.25,8980.25,8887.9501953125,8921.4501953125,8921.4384765625,13525200
2018-11-15,8926.5498046875,8971.099609375,8894.9501953125,8954.650390625,8954.638671875,11219600
2018-11-16,8975.5498046875,9011.150390625,8951.5,8993.25,8993.23828125,13399500
2018-11-19,9031.7998046875,9060.349609375,8996.349609375,9052.75,9052.73828125,11728200
2018-11-20,9033.2001953125,9039.7001953125,8948.75,8960.150390625,8960.138671875,11446100
2018-11-21,8973.900390625,8982.900390625,8896.099609375,8940.2998046875,8940.2880859375,10967000
2018-11-22,8952.4501953125,8973.900390625,8868.2001953125,8879.0,8878.98828125,10149700
2018-11-26,8913.9501953125,8950.7001953125,8841.099609375,8943.0,8942.98828125,10746700
2018-11-27,8938.2998046875,8990.4501953125,8924.400390625,8983.900390625,8983.888671875,11296000
2018-11-28,9001.2998046875,9027.349609375,8984.5,8993.25,8993.23828125,12565900
2018-11-29,9051.849609375,9097.0,9031.0498046875,9081.849609375,9081.837890625,17525400
2018-11-30,9107.7998046875,9134.349609375,9074.7001953125,9109.150390625,9109.138671875,16052000
2018-12-03,9153.599609375,9157.9501953125,9097.5,9126.900390625,9126.888671875,15231400
2018-12-04,9125.2001953125,9137.650390625,9094.849609375,9116.4501953125,9116.4384765625,13530900
2018-12-05,9075.0498046875,9075.349609375,8999.650390625,9029.4501953125,9029.4384765625,11986300
2018-12-06,8975.400390625,8975.650390625,8874.9501953125,8883.25,8883.23828125,12294400
2018-12-07,8917.349609375,8947.349609375,8876.5498046875,8940.650390625,8940.638671875,11663300
2018-12-10,8789.75,8818.650390625,8760.150390625,8769.599609375,8769.587890625,10775400
2018-12-11,8655.099609375,8859.650390625,8646.5498046875,8845.150390625,8845.138671875,12922700
2018-12-12,8882.2001953125,9031.599609375,8865.0,9021.599609375,9021.587890625,12379700
2018-12-13,9078.75,9113.150390625,9037.849609375,9077.2998046875,9077.2880859375,12707400
2018-12-14,9072.4501953125,9104.4501953125,9046.4501953125,9091.2998046875,9091.2880859375,13256700
2018-12-17,9127.5498046875,9162.9501953125,9118.5,9153.9501953125,9153.9384765625,9418300
2018-12-18,9126.5,9183.25,9108.099609375,9177.349609375,9177.337890625,10612200
2018-12-19,9203.0498046875,9258.349609375,9201.5498046875,9246.7998046875,9246.7880859375,14336700
2018-12-20,9188.349609375,9241.099609375,9180.0,9234.4501953125,9234.4384765625,12638400
2018-12-21,9236.5498046875,9255.7998046875,9071.4501953125,9082.5498046875,9082.5380859375,13793700
2018-12-24,9100.900390625,9102.0498046875,8992.2001953125,9002.4501953125,9002.4384765625,10317600
2018-12-26,8977.9501953125,9056.2001953125,8879.4501953125,9041.7001953125,9041.6884765625,10985800
2018-12-27,9110.849609375,9119.7998046875,9070.650390625,9078.7998046875,9078.7880859375,14940200
2018-12-28,9111.9501953125,9173.599609375,9109.7001953125,9152.5498046875,9152.5380859375,9852600
2018-12-31,9194.650390625,9207.099609375,9159.2998046875,9170.0,9169.98828125,8577200
2019-01-01,9186.7001953125,9206.0498046875,9128.400390625,9197.900390625,9197.888671875,7246600
2019-01-02,9169.7001953125,9195.25,9065.4501953125,9103.400390625,9103.388671875,11093400
2019-01-03,9106.650390625,9130.0,9006.75,9014.7998046875,9014.7880859375,9927100
2019-01-04,9034.25,9064.849609375,8978.2001953125,9054.900390625,9054.888671875,11817000
2019-01-07,9117.2001953125,9136.2998046875,9064.650390625,9081.150390625,9081.138671875,9850700
2019-01-08,9090.7998046875,9109.099609375,9052.099609375,9098.650390625,9098.638671875,9761700
2019-01-09,9143.2001953125,9149.349609375,9050.150390625,9127.4501953125,9127.4384765625,11013100
2019-01-10,9132.7998046875,9144.0,9102.5498046875,9119.400390625,9119.388671875,9075300
2019-01-11,9130.7001953125,9142.2998046875,9057.150390625,9098.2001953125,9098.1884765625,8617400
2019-01-14,9102.400390625,9102.900390625,9014.9501953125,9051.4501953125,9051.4384765625,9119400
2019-01-15,9082.5,9163.2998046875,9082.5,9157.150390625,9157.138671875,9788900
2019-01-16,9167.4501953125,9195.0498046875,9150.0,9158.75,9158.73828125,9732800
2019-01-17,9182.0,9191.849609375,9119.599609375,9161.599609375,9161.587890625,10075800
2019-01-18,9173.2001953125,9180.2998046875,9113.4501953125,9140.099609375,9140.087890625,9593900
2019-01-21,9150.599609375,9195.7998046875,9125.4501953125,9155.2998046875,9155.2880859375,9988200
2019-01-22,9146.2998046875,9146.2998046875,9075.25,9131.150390625,9131.138671875,10070700
2019-01-23,9138.75,9151.0498046875,9055.150390625,9068.849609375,9068.837890625,9885700
2019-01-24,9080.25,9086.349609375,9039.4501953125,9072.2001953125,9072.1884765625,9798600
2019-01-25,9085.599609375,9133.150390625,8974.5498046875,8994.349609375,8994.337890625,12626700
2019-01-28,8999.2998046875,9001.150390625,8849.9501953125,8876.599609375,8876.587890625,13465400
2019-01-29,8865.2998046875,8904.900390625,8825.599609375,8875.650390625,8875.638671875,12133600
2019-01-30,8913.4501953125,8919.4501953125,8851.0498046875,8884.900390625,8884.888671875,11725600
2019-01-31,8916.400390625,9007.4501953125,8899.5498046875,9003.849609375,9003.837890625,16599100
2019-02-01,9024.9501953125,9130.099609375,8988.25,9056.2998046875,9056.2880859375,14904600
2019-02-04,9045.0,9052.5498046875,8974.650390625,9042.0,9041.98828125,16236500
2019-02-05,9039.7001953125,9064.599609375,9016.7001953125,9033.599609375,9033.587890625,19884700
2019-02-06,9056.900390625,9128.0498046875,9039.2998046875,9118.7001953125,9118.6884765625,18255100
2019-02-07,9125.5,9179.75,9116.150390625,9145.7998046875,9145.7880859375,17573800
2019-02-08,9112.7001953125,9122.650390625,9024.75,9036.900390625,9036.888671875,15209800
2019-02-11,9026.099609375,9026.099609375,8949.849609375,8967.150390625,8967.138671875,11761800
2019-02-12,8961.900390625,8987.849609375,8917.650390625,8925.2998046875,8925.2880859375,12185300
2019-02-14,8878.849609375,8891.900390625,8837.75,8869.2998046875,8869.2880859375,18240100
2019-02-15,8887.5498046875,8889.900390625,8753.650390625,8827.0498046875,8827.0380859375,14737800
2019-02-18,8836.0,8849.0498046875,8744.9501953125,8754.349609375,8754.337890625,12633700
2019-02-19,8753.7001953125,8825.7998046875,8729.7001953125,8742.2998046875,8742.2880859375,11278700
2019-02-20,8781.400390625,8858.0498046875,8780.0,8845.599609375,8845.587890625,12213000
2019-02-21,8857.5,8912.400390625,8839.75,8901.7001953125,8901.6884765625,13783000
2019-02-22,8899.599609375,8925.7001953125,8885.900390625,8919.75,8919.73828125,16937700
2019-02-25,8941.150390625,8989.900390625,8921.900390625,8983.849609375,8983.837890625,14693800
2019-02-26,8899.0,8994.0,8846.099609375,8953.150390625,8953.138671875,14828900
2019-02-27,8991.7998046875,9057.400390625,8896.2001953125,8946.2001953125,8946.1884765625,15118700
2019-02-28,8990.349609375,8990.599609375,8941.599609375,8955.9501953125,8955.9384765625,18127300
2019-03-01,8995.4501953125,9045.7001953125,8994.0,9037.5,9037.48828125,15252300
2019-03-05,9042.900390625,9178.9501953125,9014.7001953125,9173.599609375,9173.587890625,19294400
2019-03-06,9211.7998046875,9243.2998046875,9197.900390625,9230.4501953125,9230.4384765625,19183500
2019-03-07,9251.650390625,9254.4501953125,9210.900390625,9225.349609375,9225.337890625,16680900
2019-03-08,9213.2998046875,9225.2998046875,9184.5498046875,9211.0498046875,9211.0380859375,14225200
2019-03-11,9240.7998046875,9353.400390625,9235.599609375,9345.599609375,9345.5869140625,15397400
2019-03-12,9399.599609375,9461.599609375,9396.849609375,9440.849609375,9440.8369140625,16213000
2019-03-13,9461.25,9471.400390625,9416.650390625,9450.25,9450.2373046875,14433400
2019-03-14,9481.849609375,9486.5,9424.5,9447.2001953125,9447.1875,13519200
2019-03-15,9473.849609375,9540.9501953125,9471.400390625,9499.400390625,9499.3876953125,18611400
2019-03-18,9536.0498046875,9572.9501953125,9481.650390625,9516.7001953125,9516.6875,14135500
2019-03-19,9549.75,9576.0498046875,9513.4501953125,9570.150390625,9570.1376953125,15538200
2019-03-20,9587.5,9588.5,9540.900390625,9553.0,9552.9873046875,15192200
2019-03-22,9572.349609375,9594.099609375,9485.4501953125,9500.0498046875,9500.037109375,15660600
2019-03-25,9446.849609375,9446.849609375,9381.900390625,9411.650390625,9411.6376953125,12679500
2019-03-26,9431.900390625,9522.4501953125,9421.599609375,9512.599609375,9512.5869140625,14751200
2019-03-27,9552.2001953125,9569.599609375,9475.400390625,9501.7998046875,9501.787109375,15642600
2019-03-28,9518.7001953125,9613.5498046875,9510.7998046875,9601.9501953125,9601.9375,18825500
2019-04-01,9703.0,9756.2998046875,9683.9501953125,9702.0,9701.9873046875,15815900
2019-04-02,9735.0498046875,9735.0498046875,9681.599609375,9720.7998046875,9720.787109375,16133100
2019-04-03,9742.349609375,9765.650390625,9647.2001953125,9658.400390625,9658.3876953125,14716800
2019-04-04,9674.0,9675.2001953125,9590.849609375,9626.650390625,9626.6376953125,15094000
2019-04-05,9659.650390625,9700.400390625,9641.4501953125,9684.9501953125,9684.9375,12569300
2019-04-08,9715.4501953125,9719.9501953125,9593.849609375,9634.400390625,9634.3876953125,13681900
2019-04-09,9641.900390625,9685.849609375,9594.9501953125,9677.75,9677.7373046875,11975800
2019-04-10,9661.5498046875,9690.349609375,9612.849609375,9622.9501953125,9622.9375,12314300
2019-04-11,9630.150390625,9641.75,9599.2001953125,9634.5498046875,9634.537109375,11765200
2019-04-12,9646.599609375,9682.2998046875,9626.9501953125,9674.599609375,9674.5869140625,12478400
2019-04-15,9697.650390625,9726.849609375,9683.7998046875,9716.5,9716.4873046875,12877700
2019-04-16,9751.349609375,9796.099609375,9748.7001953125,9781.400390625,9781.3876953125,13416700
2019-04-18,9826.4501953125,9826.4501953125,9721.400390625,9738.7001953125,9738.6875,14380900
2019-04-22,9715.9501953125,9715.9501953125,9591.7998046875,9599.7998046875,9599.787109375,11241100
2019-04-23,9614.849609375,9642.150390625,9577.0,9587.2998046875,9587.287109375,12335800
2019-04-24,9607.400390625,9696.5498046875,9585.25,9687.5498046875,9687.537109375,12882000
2019-04-25,9697.7998046875,9742.849609375,9616.2998046875,9628.7998046875,9628.787109375,16547600
2019-04-26,9661.099609375,9695.400390625,9632.0498046875,9689.7001953125,9689.6875,12423000
2019-04-30,9684.7998046875,9684.7998046875,9592.150390625,9664.2998046875,9664.287109375,15989700
2019-05-02,9646.400390625,9694.9501953125,9620.7001953125,9637.5,9637.4873046875,14517900
2019-05-03,9637.5,9665.5,9613.599609375,9624.5498046875,9624.537109375,11949900
2019-05-06,9544.9501953125,9567.400390625,9513.849609375,9532.4501953125,9532.4375,11324300
2019-05-07,9573.2998046875,9578.5498046875,9441.5,9450.7998046875,9450.787109375,12938900
2019-05-08,9433.099609375,9433.4501953125,9331.7001953125,9340.25,9340.2373046875,14854400
2019-05-09,9313.5498046875,9339.5498046875,9261.5,9299.75,9299.73828125,13325900
2019-05-10,9309.349609375,9335.150390625,9271.099609375,9290.2001953125,9290.1884765625,14103600
2019-05-13,9274.0498046875,9288.849609375,9143.9501953125,9159.9501953125,9159.9384765625,14485500
2019-05-14,9156.0,9261.849609375,9108.4501953125,9212.349609375,9212.337890625,16104600
2019-05-15,9247.150390625,9265.650390625,9145.7998046875,9160.099609375,9160.087890625,13544400
2019-05-16,9176.5,9238.9501953125,9136.400390625,9221.650390625,9221.638671875,12882200
2019-05-17,9224.75,9339.349609375,9221.599609375,9329.7001953125,9329.6875,14013000
2019-05-20,9538.2998046875,9681.099609375,9485.849609375,9671.900390625,9671.8876953125,17608200
2019-05-21,9701.0,9713.5,9556.75,9578.849609375,9578.8369140625,13575700
2019-05-22,9595.599609375,9629.75,9555.7998046875,9598.2001953125,9598.1875,14715000
2019-05-23,9730.0,9835.7001953125,9521.599609375,9552.75,9552.7373046875,20870200
2019-05-24,9618.75,9728.7998046875,9563.599609375,9722.0498046875,9722.037109375,16182500
2019-05-27,9732.650390625,9820.9501953125,9702.5,9804.900390625,9804.8876953125,14931900
2019-05-28,9834.9501953125,9834.9501953125,9768.2998046875,9815.5,9815.4873046875,20834700
2019-05-29,9802.400390625,9812.0,9737.9501953125,9757.150390625,9757.1376953125,12287400
2019-05-30,9762.7998046875,9827.25,9759.5,9815.2998046875,9815.287109375,17000600
2019-05-31,9855.5498046875,9889.2998046875,9734.2001953125,9805.0498046875,9805.037109375,17229000
2019-06-03,9827.75,9931.650390625,9796.849609375,9922.599609375,9922.5869140625,11865200
2019-06-04,9898.0,9941.4501953125,9865.599609375,9876.2001953125,9876.1875,12227000
2019-06-06,9889.5498046875,9889.5498046875,9712.0498046875,9722.5,9722.4873046875,15350100
2019-06-07,9736.0498046875,9761.75,9653.7001953125,9735.849609375,9735.8369140625,13587300
2019-06-10,9784.4501953125,9813.650390625,9727.900390625,9765.849609375,9765.8369140625,15015500
2019-06-11,9791.900390625,9826.650390625,9743.0498046875,9805.099609375,9805.0869140625,14034000
2019-06-12,9801.9501953125,9802.0498046875,9727.75,9749.9501953125,9749.9375,11264200
2019-06-13,9727.150390625,9758.900390625,9668.0498046875,9747.0498046875,9747.037109375,13648200
2019-06-14,9742.7998046875,9745.150390625,9652.599609375,9669.9501953125,9669.9375,12085700
2019-06-17,9681.900390625,9681.9501953125,9533.349609375,9543.599609375,9543.5869140625,11683600
2019-06-18,9547.5,9587.0498046875,9514.099609375,9551.349609375,9551.3369140625,13950000
2019-06-19,9592.150390625,9634.150390625,9476.099609375,9526.2001953125,9526.1875,17789400
2019-06-20,9501.5498046875,9655.25,9476.25,9646.0,9645.9873046875,18778100
2019-06-21,9641.150390625,9641.25,9566.099609375,9581.599609375,9581.5869140625,17244900
2019-06-24,9585.9501953125,9605.0498046875,9543.400390625,9564.099609375,9564.0869140625,13036700
2019-06-25,9548.650390625,9643.75,9525.9501953125,9632.849609375,9632.8369140625,13944600
2019-06-26,9611.9501953125,9699.650390625,9604.150390625,9682.7998046875,9682.787109375,16573200
2019-06-27,9694.5498046875,9733.9501953125,9675.5,9692.349609375,9692.3369140625,20235100
2019-06-28,9707.4501953125,9713.75,9644.099609375,9657.9501953125,9657.9375,12898700
2019-07-01,9697.0,9724.349609375,9691.900390625,9713.0,9712.9873046875,10776000
2019-07-02,9734.75,9750.0498046875,9675.7998046875,9744.849609375,9744.8369140625,11967700
2019-07-03,9762.849609375,9774.7998046875,9731.5,9757.2998046875,9757.287109375,10657500
2019-07-04,9767.7998046875,9793.5,9765.2001953125,9776.7998046875,9776.787109375,11471200
2019-07-05,9793.650390625,9805.2998046875,9644.849609375,9657.650390625,9657.6376953125,13960900
2019-07-08,9619.400390625,9620.900390625,9418.0,9447.7998046875,9447.787109375,12886200
2019-07-09,9428.0498046875,9473.400390625,9375.7998046875,9455.650390625,9455.6376953125,12144600
2019-07-10,9443.650390625,9482.5,9385.7001953125,9400.099609375,9400.0869140625,10260500
2019-07-11,9447.150390625,9475.7001953125,9414.099609375,9466.400390625,9466.3876953125,10798500
2019-07-12,9480.0498046875,9519.75,9448.400390625,9457.75,9457.7373046875,11902500
2019-07-15,9499.25,9502.7001953125,9427.849609375,9469.150390625,9469.1376953125,10338800
2019-07-16,9473.849609375,9533.5498046875,9456.599609375,9529.849609375,9529.8369140625,11907200
2019-07-17,9535.25,9563.9501953125,9520.150390625,9543.349609375,9543.3369140625,12125500
2019-07-18,9534.150390625,9534.5,9447.650390625,9456.150390625,9456.1376953125,12282600
2019-07-19,9484.5498046875,9494.900390625,9288.7998046875,9304.650390625,9304.638671875,13150300
2019-07-22,9282.599609375,9285.2998046875,9197.2998046875,9247.75,9247.73828125,12439200
2019-07-23,9265.849609375,9277.650390625,9208.900390625,9233.5498046875,9233.5380859375,12699900
2019-07-24,9228.7998046875,9256.400390625,9134.650390625,9160.4501953125,9160.4384765625,13084700
2019-07-25,9173.75,9232.4501953125,9148.4501953125,9159.150390625,9159.138671875,14141400
2019-07-26,9156.0,9206.7001953125,9125.349609375,9192.599609375,9192.587890625,13474600
2019-07-29,9205.349609375,9208.2001953125,9081.7001953125,9108.900390625,9108.888671875,18021700
2019-07-30,9123.650390625,9165.7998046875,8995.25,9004.0498046875,9004.0380859375,16915000
2019-07-31,8963.2998046875,9058.4501953125,8928.0,9044.9501953125,9044.9384765625,15162700
2019-08-01,9001.7001953125,9026.150390625,8859.5498046875,8935.75,8935.73828125,13764900
2019-08-02,8890.5,9007.0498046875,8821.099609375,8943.9501953125,8943.9384765625,16107600
2019-08-05,8866.900390625,8866.900390625,8765.2001953125,8831.9501953125,8831.9384765625,13911300
2019-08-06,8792.650390625,8960.9501953125,8791.599609375,8918.599609375,8918.587890625,14294800
2019-08-07,8928.599609375,8953.25,8840.150390625,8854.650390625,8854.638671875,14779300
2019-08-08,8888.4501953125,8998.900390625,8844.400390625,8979.650390625,8979.638671875,14152600
2019-08-09,9022.5,9103.099609375,9010.349609375,9046.5498046875,9046.5380859375,14886400
2019-08-13,9066.349609375,9070.2001953125,8874.849609375,8890.099609375,8890.087890625,15502200
2019-08-14,8942.0,8998.25,8897.0,8971.099609375,8971.087890625,13999400
2019-08-16,8971.650390625,8999.2001953125,8886.2998046875,8988.7998046875,8988.7880859375,14091900
2019-08-19,9022.599609375,9061.400390625,8983.650390625,8997.9501953125,8997.9384765625,11295000
2019-08-20,9004.75,9012.099609375,8930.5,8957.400390625,8957.388671875,12006400
2019-08-21,8957.849609375,8965.099609375,8858.4501953125,8864.5,8864.48828125,13423900
2019-08-22,8851.349609375,8853.25,8706.4501953125,8719.25,8719.23828125,17483600
2019-08-23,8687.4501953125,8812.849609375,8628.349609375,8790.5498046875,8790.5380859375,17203700
2019-08-26,8933.0498046875,8973.2001953125,8735.2998046875,8964.7001953125,8964.6884765625,18075000
2019-08-27,9004.0,9047.849609375,8972.900390625,9022.25,9022.23828125,18566800
2019-08-28,9023.7998046875,9047.5498046875,8930.099609375,8970.900390625,8970.888671875,14455000
2019-08-29,8938.0498046875,8954.650390625,8874.25,8906.099609375,8906.087890625,16308400
2019-08-30,8936.4501953125,8991.2001953125,8859.75,8977.5498046875,8977.5380859375,15239100
2019-09-03,8927.900390625,8931.650390625,8783.75,8802.349609375,8802.337890625,12556700
2019-09-04,8798.75,8841.9501953125,8751.25,8833.099609375,8833.087890625,12695700
2019-09-05,8848.0,8894.900390625,8825.0,8846.2998046875,8846.2880859375,13510900
2019-09-06,8873.75,8928.4501953125,8859.25,8920.400390625,8920.388671875,12849500
2019-09-09,8914.7001953125,8986.599609375,8882.900390625,8972.400390625,8972.388671875,11806900
2019-09-11,8992.7001953125,9026.25,8981.099609375,9015.150390625,9015.138671875,16867100
2019-09-12,9036.9501953125,9061.0,8969.849609375,8981.599609375,8981.587890625,15105700
2019-09-13,8992.650390625,9056.7998046875,8945.599609375,9050.849609375,9050.837890625,15287900
2019-09-16,8992.150390625,9044.4501953125,8978.9501953125,9009.150390625,9009.138671875,12670600
2019-09-17,9010.5498046875,9012.099609375,8838.25,8853.900390625,8853.888671875,15282100
2019-09-18,8898.9501953125,8912.2001953125,8841.5498046875,8877.7001953125,8877.6884765625,13272900
2019-09-19,8884.5,8884.5,8738.650390625,8766.4501953125,8766.4384765625,16548500
2019-09-20,8799.4501953125,9293.900390625,8748.0498046875,9230.5,9230.48828125,32740500
2019-09-23,9425.400390625,9552.25,9386.900390625,9486.599609375,9486.5869140625,22172100
2019-09-24,9489.099609375,9530.349609375,9434.650390625,9474.75,9474.7373046875,16933000
2019-09-25,9458.0498046875,9458.4501953125,9326.099609375,9344.150390625,9344.1376953125,15740200
2019-09-26,9365.5,9471.25,9363.25,9443.7998046875,9443.787109375,19114400
2019-09-27,9435.5498046875,9465.349609375,9388.5,9395.599609375,9395.5869140625,15704100
2019-09-30,9384.650390625,9389.5498046875,9276.900390625,9340.900390625,9340.8876953125,20505000
2019-10-01,9372.7001953125,9402.0,9140.0498046875,9236.400390625,9236.388671875,8878200
2019-10-03,9207.150390625,9243.7998046875,9153.7001953125,9198.400390625,9198.388671875,19082700
2019-10-04,9253.099609375,9264.0,9078.7998046875,9091.650390625,9091.638671875,17664500
2019-10-07,9104.5,9120.2998046875,9031.599609375,9040.650390625,9040.638671875,15486100
2019-10-09,9059.099609375,9183.2998046875,9008.849609375,9177.9501953125,9177.9384765625,17561000
2019-10-10,9153.5,9165.0498046875,9097.5498046875,9112.75,9112.73828125,17267000
2019-10-11,9132.400390625,9207.349609375,9076.2998046875,9161.400390625,9161.388671875,16980600
2019-10-14,9187.7001953125,9248.5,9156.900390625,9192.650390625,9192.638671875,14616600
2019-10-15,9208.7001953125,9277.25,9196.849609375,9253.849609375,9253.837890625,14676900
2019-10-16,9282.9501953125,9301.75,9246.650390625,9281.849609375,9281.837890625,16306200
2019-10-17,9286.650390625,9399.25,9268.0498046875,9391.0,9390.9873046875,18376000
2019-10-18,9391.849609375,9494.7001953125,9373.5,9479.2001953125,9479.1875,21894300
2019-10-22,9481.0498046875,9526.7998046875,9435.849609375,9448.25,9448.2373046875,19939500
2019-10-23,9457.25,9497.75,9418.25,9458.650390625,9458.6376953125,17000300
2019-10-24,9501.349609375,9516.650390625,9402.5,9437.650390625,9437.6376953125,22261300
2019-10-25,9478.4501953125,9479.0498046875,9365.5498046875,9431.099609375,9431.0869140625,20623400
2019-10-29,9490.099609375,9615.75,9475.5,9598.349609375,9598.3369140625,21713500
2019-10-30,9666.599609375,9673.7001953125,9602.099609375,9647.5498046875,9647.537109375,19182500
2019-10-31,9686.400390625,9733.349609375,9671.2998046875,9689.650390625,9689.6376953125,28856500
2019-11-01,9703.099609375,9730.75,9678.2001953125,9704.0,9703.9873046875,26818300
2019-11-04,9736.75,9780.0,9712.099609375,9732.400390625,9732.3876953125,19823600
2019-11-05,9757.75,9760.7998046875,9657.7001953125,9694.0498046875,9694.037109375,16944200
2019-11-06,9694.849609375,9750.5498046875,9646.099609375,9721.349609375,9721.3369140625,16912200
2019-11-07,9768.900390625,9771.2998046875,9718.25,9764.2998046875,9764.287109375,16864700
2019-11-08,9753.25,9785.400390625,9669.9501953125,9683.2998046875,9683.287109375,19752800
2019-11-11,9665.650390625,9708.349609375,9655.5,9695.849609375,9695.8369140625,15657600
2019-11-13,9698.099609375,9730.599609375,9618.25,9633.9501953125,9633.9375,18213500
2019-11-14,9648.849609375,9671.099609375,9596.849609375,9650.400390625,9650.3876953125,19531200
2019-11-15,9676.9501953125,9721.2998046875,9657.7998046875,9667.2998046875,9667.287109375,22612500
2019-11-18,9685.849609375,9705.7001953125,9654.400390625,9668.599609375,9668.5869140625,18168600
2019-11-19,9692.2001953125,9714.25,9662.599609375,9702.150390625,9702.1376953125,25121000
2019-11-20,9748.400390625,9776.7001953125,9725.7001953125,9744.900390625,9744.8876953125,34360000
2019-11-21,9768.0498046875,9769.5,9703.900390625,9712.349609375,9712.3369140625,24411000
2019-11-22,9715.0498046875,9715.5,9650.2001953125,9679.2998046875,9679.287109375,17645200
2019-11-25,9688.849609375,9809.099609375,9687.0498046875,9802.0498046875,9802.037109375,19054900
2019-11-26,9833.599609375,9852.900390625,9739.2001953125,9762.849609375,9762.8369140625,37029400
2019-11-27,9787.2998046875,9824.5,9778.150390625,9815.9501953125,9815.9375,16745200
2019-11-28,9838.4501953125,9874.900390625,9816.75,9869.75,9869.7373046875,22874100
2019-11-29,9871.099609375,9872.099609375,9781.0498046875,9813.650390625,9813.6376953125,24093500
2019-12-02,9863.099609375,9863.150390625,9778.599609375,9798.0,9797.9873046875,29711100
2019-12-03,9814.75,9815.9501953125,9715.5,9743.150390625,9743.1376953125,21251400
2019-12-04,9722.25,9790.099609375,9699.599609375,9782.099609375,9782.0869140625,22775000
2019-12-05,9801.099609375,9805.599609375,9741.9501953125,9757.599609375,9757.5869140625,16298700
2019-12-06,9781.900390625,9787.25,9642.150390625,9669.400390625,9669.3876953125,20041400
2019-12-09,9682.0,9714.2998046875,9636.75,9671.4501953125,9671.4375,16475100
2019-12-10,9680.5498046875,9682.650390625,9585.0,9595.400390625,9595.3876953125,16887500
2019-12-11,9605.599609375,9645.9501953125,9574.849609375,9636.25,9636.2373046875,19091700
2019-12-12,9666.5,9714.9501953125,9657.349609375,9691.150390625,9691.1376953125,15091300
2019-12-13,9732.349609375,9791.0498046875,9731.150390625,9783.599609375,9783.5869140625,17187300
2019-12-16,9815.25,9817.650390625,9747.9501953125,9753.0,9752.9873046875,12404900
2019-12-17,9776.4501953125,9842.900390625,9766.5498046875,9831.349609375,9831.3369140625,15166700
2019-12-18,9854.75,9876.400390625,9821.2001953125,9864.5498046875,9864.537109375,15186300
2019-12-19,9866.150390625,9898.5498046875,9845.5498046875,9892.2998046875,9892.287109375,14711400
2019-12-20,9899.5,9920.650390625,9891.650390625,9905.349609375,9905.3369140625,18139400
2019-12-23,9882.9501953125,9922.0498046875,9861.400390625,9897.650390625,9897.6376953125,13469500
2019-12-24,9905.349609375,9915.25,9860.349609375,9868.400390625,9868.3876953125,11316600
2019-12-26,9871.4501953125,9877.150390625,9811.349609375,9817.2001953125,9817.1875,13728700
2019-12-27,9852.150390625,9916.25,9842.9501953125,9908.7001953125,9908.6875,11994800
2019-12-30,9931.599609375,9946.0498046875,9891.0498046875,9924.7001953125,9924.6875,11473600
2019-12-31,9921.5,9921.7001953125,9861.5,9872.5498046875,9872.537109375,11862400
2020-01-01,9897.9501953125,9914.400390625,9875.099609375,9888.5498046875,9888.537109375,8669900
2020-01-02,9903.25,9984.400390625,9901.400390625,9980.0,9979.9873046875,13807300
2020-01-03,9966.7998046875,9976.75,9913.599609375,9941.650390625,9941.6376953125,13777400
2020-01-06,9896.4501953125,9901.599609375,9731.849609375,9747.400390625,9747.3876953125,13305200
2020-01-07,9814.4501953125,9883.4501953125,9765.5,9805.400390625,9805.3876953125,12705200
2020-01-08,9708.7001953125,9798.25,9700.349609375,9792.2001953125,9792.1875,15446700
2020-01-09,9894.0498046875,9951.2001953125,9882.150390625,9943.900390625,9943.8876953125,16682300
2020-01-10,9985.0,10023.150390625,9947.349609375,9978.0,9977.9873046875,16223200
2020-01-13,10012.7998046875,10046.4501953125,10006.25,10042.5,10042.4873046875,12975600
2020-01-14,10051.2001953125,10083.849609375,10032.849609375,10075.849609375,10075.8359375,13984000
2020-01-15,10070.0,10095.9501953125,10030.9501953125,10087.0498046875,10087.0361328125,17406900
2020-01-16,10099.9501953125,10132.150390625,10076.599609375,10110.0498046875,10110.0361328125,13973900
2020-01-17,10096.400390625,10138.4501953125,10089.5,10118.7001953125,10118.6865234375,22525300
2020-01-20,10174.9501953125,10174.9501953125,10019.0498046875,10025.7001953125,10025.6875,15704800
2020-01-21,10001.849609375,10033.2998046875,9977.7001953125,9987.5498046875,9987.537109375,17900
2020-01-22,10029.5498046875,10034.0498046875,9935.0,9947.0,9946.9873046875,16000
2020-01-23,9961.7998046875,10027.7998046875,9944.099609375,10021.400390625,10021.3876953125,23475300
2020-01-24,10019.9501953125,10101.25,9999.25,10083.7001953125,10083.6865234375,15534900
2020-01-27,10046.4501953125,10077.4501953125,9989.5498046875,9999.599609375,9999.5869140625,12548200
2020-01-28,10023.5,10041.0498046875,9934.2001953125,9956.9501953125,9956.9375,15245400
2020-01-29,10006.9501953125,10039.0498046875,9990.2001953125,10009.2998046875,10009.287109375,14210700
2020-01-30,10025.349609375,10026.900390625,9902.2998046875,9919.2001953125,9919.1875,15760600
2020-01-31,9968.400390625,9971.2001953125,9849.25,9861.4501953125,9861.4375,16760200
2020-02-03,9578.5,9682.650390625,9559.849609375,9650.5498046875,9650.537109375,15170600
2020-02-04,9711.9501953125,9858.650390625,9711.099609375,9853.0498046875,9853.037109375,14763000
2020-02-05,9880.150390625,9955.900390625,9847.0498046875,9951.349609375,9951.3369140625,16625300
2020-02-06,9979.650390625,10022.5,9953.2001953125,10004.2001953125,10004.1875,15840900
2020-02-07,10019.4501953125,10021.7001953125,9974.5498046875,10000.75,10000.7373046875,13516900
2020-02-10,10008.75,10008.75,9917.650390625,9945.650390625,9945.6376953125,12720800
2020-02-11,10004.0498046875,10044.150390625,9979.599609375,9987.0498046875,9987.037109375,12801700
2020-02-12,10020.599609375,10067.7001953125,10015.849609375,10037.099609375,10037.0869140625,15152000
2020-02-13,10049.849609375,10053.2001953125,9990.349609375,10017.75,10017.7373046875,12807500
2020-02-14,10031.25,10071.7001953125,9947.650390625,9961.0498046875,9961.037109375,26840400
2020-02-17,9976.150390625,9990.75,9884.9501953125,9891.0,9890.9873046875,0
2020-02-18,9876.7001953125,9877.599609375,9768.4501953125,9845.5498046875,9845.537109375,21250600
2020-02-19,9921.2998046875,9974.849609375,9895.400390625,9970.5,9970.4873046875,21953400
2020-02-20,9969.900390625,10016.650390625,9950.599609375,9958.650390625,9958.6376953125,23129000
2020-02-24,9904.5,9904.5,9745.5498046875,9758.2001953125,9758.1875,19233300
2020-02-25,9796.4501953125,9813.7998046875,9711.75,9724.7001953125,9724.6875,18377800
2020-02-26,9680.099609375,9713.2001953125,9596.2998046875,9622.7001953125,9622.6875,16572100
2020-02-27,9612.400390625,9613.5,9496.5498046875,9579.349609375,9579.3369140625,17747000
2020-02-28,9372.7001953125,9374.849609375,9214.099609375,9236.0498046875,9236.0380859375,22528700
2020-03-02,9380.400390625,9436.5,9105.0,9178.7998046875,9178.7880859375,18603000
2020-03-03,9251.400390625,9348.5498046875,9201.0,9324.2998046875,9324.287109375,18210600
2020-03-04,9362.900390625,9368.5498046875,9125.4501953125,9258.25,9258.23828125,18769300
2020-03-05,9305.5498046875,9365.5498046875,9250.0498046875,9280.150390625,9280.138671875,24994200
2020-03-06,8997.0498046875,9089.2001953125,8918.5498046875,9059.9501953125,9059.9384765625,29361700
2020-03-09,8862.7001953125,8870.150390625,8520.9501953125,8631.349609375,8631.337890625,32066200
2020-03-11,8556.099609375,8709.5,8555.7998046875,8618.0498046875,8618.0380859375,28714100
2020-03-12,8272.400390625,8272.849609375,7841.5,7901.35009765625,7901.33984375,34715700
2020-03-13,7425.0498046875,8298.0,7028.7001953125,8163.0,8162.9892578125,41734500
2020-03-16,7867.0,7904.25,7564.7998046875,7591.89990234375,7591.89013671875,31756000
2020-03-17,7642.35009765625,7746.14990234375,7383.35009765625,7417.64990234375,7417.64013671875,25419900
2020-03-18,7512.2998046875,7543.0498046875,6969.35009765625,7010.5498046875,7010.54052734375,48742700
2020-03-19,6676.85009765625,7041.7001953125,6483.14990234375,6807.2001953125,6807.19140625,27415800
2020-03-20,6833.64990234375,7267.25,6744.7998046875,7160.10009765625,7160.0908203125,28681600
2020-03-23,6522.7998046875,6692.85009765625,6226.10009765625,6243.0,6242.99169921875,16536600
2020-03-24,6421.0,6556.64990234375,6151.60009765625,6365.4501953125,6365.44189453125,18218300
2020-03-25,6299.75,6758.75,6291.85009765625,6724.0,6723.9912109375,16082700
2020-03-26,6826.0498046875,7079.75,6722.35009765625,6993.85009765625,6993.8408203125,20578700
2020-03-27,7230.5498046875,7311.0498046875,6902.89990234375,7003.2998046875,7003.29052734375,19528000
2020-03-30,6810.5,6947.9501953125,6721.25,6749.2001953125,6749.19140625,13416500
2020-03-31,6938.0498046875,7041.64990234375,6808.75,6996.75,6996.74072265625,16366900
2020-04-01,6995.5498046875,6998.39990234375,6720.4501953125,6761.9501953125,6761.94140625,13239600
2020-04-03,6831.64990234375,6831.64990234375,6619.5498046875,6638.4501953125,6638.44140625,16287700
2020-04-07,6913.5,7164.7001953125,6842.9501953125,7149.0,7148.99072265625,19047300
2020-04-08,7090.39990234375,7435.5,7061.35009765625,7161.4501953125,7161.44091796875,21739200
2020-04-09,7335.2001953125,7454.89990234375,7298.39990234375,7441.64990234375,7441.64013671875,19020400
2020-04-13,7450.2001953125,7453.64990234375,7279.0,7360.35009765625,7360.34033203125,24148300
2020-04-15,7503.0,7581.60009765625,7298.5498046875,7344.35009765625,7344.34033203125,28227200
2020-04-16,7297.7998046875,7453.0498046875,7268.25,7412.2998046875,7412.2900390625,21057100
2020-04-17,7665.39990234375,7665.64990234375,7489.2001953125,7614.39990234375,7614.39013671875,24966400
2020-04-20,7712.2001953125,7712.39990234375,7602.10009765625,7614.60009765625,7614.59033203125,22190500
2020-04-21,7436.5,7446.0498046875,7346.5498046875,7395.85009765625,7395.84033203125,18829400
2020-04-22,7421.85009765625,7543.7998046875,7350.25,7533.7998046875,7533.7900390625,21423700
2020-04-23,7575.5498046875,7655.60009765625,7540.39990234375,7625.2998046875,7625.2900390625,22850400
2020-04-24,7519.60009765625,7599.89990234375,7485.5498046875,7493.4501953125,7493.4404296875,19394200
2020-04-27,7578.0,7657.64990234375,7572.10009765625,7603.9501953125,7603.9404296875,16303300
2020-04-28,7690.5498046875,7698.5498046875,7584.85009765625,7672.4501953125,7672.43994140625,17820300
2020-04-29,7702.60009765625,7828.2998046875,7692.9501953125,7797.2001953125,7797.18994140625,20612500
2020-04-30,7947.14990234375,8041.0498046875,7933.2998046875,8012.89990234375,8012.88916015625,26580200
2020-05-04,7764.9501953125,7765.7998046875,7578.75,7596.89990234375,7596.89013671875,21674900
2020-05-05,7704.5,7727.75,7513.25,7523.0498046875,7523.0400390625,18397000
2020-05-06,7544.14990234375,7620.7998046875,7451.2001953125,7575.5,7575.490234375,20962000
2020-05-07,7551.60009765625,7592.4501953125,7509.7998046875,7520.85009765625,7520.84033203125,16292800
2020-05-08,7649.35009765625,7654.14990234375,7542.7998046875,7552.0,7551.990234375,0
2020-05-11,7628.5,7692.35009765625,7542.75,7556.39990234375,7556.39013671875,25057500
2020-05-12,7508.5498046875,7552.60009765625,7403.2998046875,7520.89990234375,7520.89013671875,22496800
2020-05-13,7819.14990234375,7819.2001953125,7632.85009765625,7667.0,7666.98974609375,29043800
2020-05-14,7558.14990234375,7614.7998046875,7495.89990234375,7514.5498046875,7514.5400390625,21444600
2020-05-15,7547.60009765625,7547.60009765625,7447.7001953125,7504.0498046875,7504.0400390625,18293500
2020-05-18,7522.4501953125,7522.5,7234.4501953125,7245.25,7245.24072265625,22358500
2020-05-19,7350.10009765625,7398.0498046875,7266.14990234375,7284.5,7284.490234375,26744700
2020-05-20,7292.89990234375,7446.85009765625,7281.7998046875,7426.85009765625,7426.84033203125,20534100
2020-05-21,7444.4501953125,7525.2998046875,7429.25,7470.60009765625,7470.59033203125,19930000
2020-05-22,7446.0,7507.5,7368.7001953125,7416.0,7415.990234375,20121100
2020-05-26,7463.60009765625,7502.7001953125,7395.9501953125,7424.5,7424.490234375,18462100
2020-05-27,7462.9501953125,7607.39990234375,7394.0498046875,7595.5498046875,7595.5400390625,20211800
2020-05-28,7635.0,7746.39990234375,7616.7998046875,7732.25,7732.23974609375,25754400
2020-05-29,7687.60009765625,7834.0498046875,7658.7998046875,7822.39990234375,7822.3896484375,54042400
2020-06-01,7935.7001953125,8087.0,7923.7001953125,8020.10009765625,8020.08935546875,29915300
2020-06-02,8068.14990234375,8147.39990234375,8030.64990234375,8137.4501953125,8137.439453125,31957200
2020-06-03,8241.599609375,8295.349609375,8182.14990234375,8203.0,8202.9892578125,34838000
2020-06-04,8209.0,8266.9501953125,8117.2001953125,8185.89990234375,8185.88916015625,32952800
2020-06-05,8243.599609375,8319.400390625,8206.099609375,8299.349609375,8299.3388671875,45184000
2020-06-08,8444.5498046875,8445.650390625,8287.900390625,8323.9501953125,8323.939453125,47571200
2020-06-09,8350.2998046875,8422.150390625,8213.599609375,8238.099609375,8238.0888671875,40620300
2020-06-10,8260.150390625,8314.599609375,8224.7001953125,8293.349609375,8293.3388671875,32714600
2020-06-11,8284.099609375,8306.4501953125,8125.0,8137.0,8136.9892578125,45938500
2020-06-12,7839.7998046875,8212.7998046875,7839.14990234375,8196.400390625,8196.3896484375,37565800
2020-06-15,8171.75,8196.400390625,8030.39990234375,8086.4501953125,8086.439453125,0
2020-06-16,8239.400390625,8260.2001953125,8015.14990234375,8152.2998046875,8152.2890625,0
2020-06-17,8126.2998046875,8223.9501953125,8098.0,8140.4501953125,8140.439453125,0
2020-06-18,8130.89990234375,8297.0,8117.9501953125,8283.650390625,8283.6396484375,0
2020-06-19,8314.9501953125,8420.849609375,8282.5,8403.400390625,8403.3896484375,0
2020-06-22,8471.900390625,8538.75,8447.9501953125,8486.4501953125,8486.439453125,38391800
2020-06-23,8527.5,8629.900390625,8488.349609375,8621.099609375,8621.087890625,28347000
2020-06-24,8678.7001953125,8699.5498046875,8476.849609375,8496.25,8496.2392578125,37250100
2020-06-25,8440.75,8543.5498046875,8410.150390625,8499.900390625,8499.8896484375,32949100
2020-06-26,8572.4501953125,8595.4501953125,8515.650390625,8559.0,8558.9892578125,31776100
2020-06-29,8514.599609375,8521.400390625,8426.9501953125,8488.0498046875,8488.0390625,28424100
2020-06-30,8544.7001953125,8560.2998046875,8448.5498046875,8474.7998046875,8474.7890625,26583700
2020-07-01,8493.75,8567.349609375,8466.7001953125,8554.75,8554.7392578125,21687600
2020-07-02,8602.4501953125,8677.9501953125,8598.7998046875,8647.849609375,8647.837890625,22396000
2020-07-03,8700.849609375,8712.900390625,8660.650390625,8696.25,8696.23828125,21076100
2020-07-06,8782.0,8843.099609375,8761.9501953125,8815.7001953125,8815.6884765625,23473700
2020-07-07,8847.25,8861.4501953125,8762.2001953125,8850.2998046875,8850.2880859375,25059200
2020-07-08,8872.0498046875,8894.0498046875,8763.5498046875,8785.0,8784.98828125,30968900
2020-07-09,8823.75,8867.2998046875,8808.0,8851.5,8851.48828125,23002800
2020-07-10,8818.7001953125,8865.349609375,8772.4501953125,8813.9501953125,8813.9384765625,28165600
2020-07-13,8879.5498046875,8901.2998046875,8796.5498046875,8834.2001953125,8834.1884765625,20738700
2020-07-14,8799.5498046875,8802.7001953125,8655.400390625,8693.349609375,8693.337890625,19535800
2020-07-15,8764.0498046875,8846.900390625,8661.4501953125,8689.849609375,8689.837890625,23275300
2020-07-16,8750.599609375,8776.0498046875,8650.599609375,8766.599609375,8766.587890625,26639800
2020-07-17,8783.0498046875,8915.25,8781.4501953125,8895.2998046875,8895.2880859375,26162900
2020-07-20,8965.25,8994.9501953125,8938.099609375,8985.099609375,8985.087890625,26737600
2020-07-21,9066.150390625,9089.2001953125,9049.4501953125,9070.599609375,9070.587890625,25123800
2020-07-22,9119.150390625,9123.0498046875,8988.5498046875,9046.599609375,9046.587890625,24837500
2020-07-23,9054.849609375,9129.2998046875,9034.599609375,9114.0498046875,9114.0380859375,17271500
2020-07-24,9066.650390625,9108.2001953125,9011.5,9085.9501953125,9085.9384765625,20245700
2020-07-27,9112.4501953125,9112.4501953125,8995.099609375,9024.900390625,9024.888671875,16647500
2020-07-28,9045.4501953125,9153.0,9043.900390625,9141.75,9141.73828125,18020900
2020-07-29,9135.5,9180.7001953125,9057.900390625,9096.099609375,9096.087890625,21091100
2020-07-30,9136.2001953125,9163.9501953125,9013.900390625,9031.7001953125,9031.6884765625,19996000
2020-07-31,9061.5,9076.9501953125,8997.7001953125,9035.75,9035.73828125,19817500
2020-08-03,9029.599609375,9029.7998046875,8925.0498046875,8932.0498046875,8932.0380859375,21390200
2020-08-04,8980.5498046875,9085.75,8951.0,9074.9501953125,9074.9384765625,0
2020-08-05,9126.650390625,9175.4501953125,9060.7998046875,9088.75,9088.73828125,20324500
2020-08-06,9150.150390625,9205.099609375,9115.75,9169.099609375,9169.087890625,19051500
2020-08-07,9170.0498046875,9211.75,9142.2998046875,9198.650390625,9198.638671875,23343800
2020-08-10,9257.2001953125,9308.75,9241.5,9268.5498046875,9268.5380859375,20768500
2020-08-11,9315.150390625,9346.900390625,9283.0,9291.0,9290.98828125,20230100
2020-08-12,9269.150390625,9294.900390625,9229.2001953125,9284.7998046875,9284.7880859375,21423700
2020-08-13,9314.9501953125,9339.2001953125,9280.2998046875,9307.849609375,9307.837890625,23392200
2020-08-14,9350.650390625,9365.849609375,9157.650390625,9214.400390625,9214.388671875,24665600
2020-08-17,9278.849609375,9281.9501953125,9184.25,9267.900390625,9267.888671875,17520500
2020-08-18,9286.099609375,9392.75,9282.099609375,9382.0498046875,9382.037109375,0
2020-08-19,9436.9501953125,9449.150390625,9402.25,9412.5498046875,9412.537109375,0
2020-08-20,9347.900390625,9398.599609375,9325.0498046875,9368.75,9368.7373046875,0
2020-08-21,9451.2001953125,9465.0498046875,9415.650390625,9423.5498046875,9423.537109375,0
2020-08-24,9466.7998046875,9523.400390625,9465.7001953125,9498.349609375,9498.3369140625,0
2020-08-25,9545.599609375,9556.5,9469.2001953125,9509.25,9509.2373046875,0
2020-08-26,9547.0498046875,9575.2001953125,9508.0,9567.150390625,9567.1376953125,0
2020-08-27,9619.599609375,9625.650390625,9568.7998046875,9580.7001953125,9580.6875,0
2020-08-28,9623.0,9675.900390625,9614.75,9641.0498046875,9641.037109375,0
2020-08-31,9735.7001953125,9747.0498046875,9324.650390625,9372.0498046875,9372.037109375,0
2020-09-01,9422.4501953125,9479.099609375,9353.2001953125,9442.25,9442.2373046875,0
2020-09-02,9457.650390625,9534.5,9429.7001953125,9518.400390625,9518.3876953125,0
2020-09-03,9550.349609375,9567.75,9520.099609375,9534.650390625,9534.6376953125,0
2020-09-04,9388.349609375,9476.599609375,9355.0498046875,9377.9501953125,9377.9375,0
2020-09-07,9403.4501953125,9420.7001953125,9307.5498046875,9379.099609375,9379.0869140625,27227900
2020-09-08,9400.599609375,9436.7001953125,9306.25,9329.849609375,9329.8369140625,0
2020-09-09,9250.099609375,9306.2998046875,9203.5,9290.2001953125,9290.1884765625,0
2020-09-10,9359.5498046875,9429.900390625,9345.599609375,9420.25,9420.2373046875,0
2020-09-11,9424.4501953125,9460.650390625,9405.150390625,9446.400390625,9446.3876953125,0
2020-09-14,9520.0,9577.849609375,9446.849609375,9493.2998046875,9493.287109375,0
2020-09-15,9538.150390625,9583.2001953125,9515.349609375,9573.349609375,9573.3369140625,0
2020-09-16,9595.75,9640.9501953125,9575.0,9632.5,9632.4873046875,0
2020-09-17,9584.5498046875,9624.650390625,9553.849609375,9566.75,9566.7373046875,0
2020-09-18,9622.150390625,9626.5498046875,9517.7998046875,9559.5,9559.4873046875,0
2020-09-21,9565.9501953125,9582.349609375,9284.75,9313.0,9312.9873046875,0
2020-09-22,9339.7998046875,9340.25,9117.9501953125,9213.900390625,9213.888671875,0
2020-09-23,9296.4501953125,9309.0498046875,9106.0,9194.349609375,9194.337890625,0
2020-09-24,9094.099609375,9097.400390625,8933.9501953125,8944.75,8944.73828125,0
2020-09-25,9032.7001953125,9171.150390625,8985.75,9156.099609375,9156.087890625,0
2020-09-28,9237.75,9338.7001953125,9212.75,9330.25,9330.2373046875,0
2020-09-29,9385.75,9401.7998046875,9286.0498046875,9319.7001953125,9319.6875,0
2020-09-30,9344.2998046875,9375.849609375,9292.349609375,9341.75,9341.7373046875,0
2020-10-01,9433.7001953125,9472.400390625,9423.7998046875,9461.7001953125,9461.6875,0
2020-10-05,9518.2001953125,9567.5498046875,9476.7998046875,9516.2998046875,9516.287109375,0
2020-10-06,9592.650390625,9633.349609375,9564.0498046875,9622.349609375,9622.3369140625,0
2020-10-07,9637.150390625,9673.2998046875,9593.7001953125,9654.5,9654.4873046875,0
2020-10-08,9724.5498046875,9759.2998046875,9674.9501953125,9711.7998046875,9711.787109375,0
2020-10-09,9728.75,9774.75,9691.2001953125,9750.150390625,9750.1376953125,0
2020-10-12,9793.349609375,9822.9501953125,9698.900390625,9745.349609375,9745.3369140625,0
2020-10-13,9745.900390625,9784.7998046875,9715.9501953125,9736.4501953125,9736.4375,0
2020-10-14,9726.4501953125,9781.25,9657.5,9763.400390625,9763.3876953125,0
2020-10-15,9801.5498046875,9802.900390625,9535.7001953125,9550.0498046875,9550.037109375,0
2020-10-16,9588.7998046875,9635.0,9536.4501953125,9626.25,9626.2373046875,0
2020-10-19,9710.9501953125,9717.599609375,9664.4501953125,9709.2998046875,9709.287109375,0
2020-10-20,9699.2998046875,9760.349609375,9682.2998046875,9733.0,9732.9873046875,0
2020-10-21,9780.5,9821.9501953125,9635.2998046875,9756.599609375,9756.5869140625,0
2020-10-22,9726.4501953125,9763.7998046875,9683.7998046875,9745.0498046875,9745.037109375,0
2020-10-23,9794.400390625,9807.150390625,9764.5498046875,9780.349609375,9780.3369140625,0
2020-10-26,9794.9501953125,9797.7001953125,9609.2001953125,9647.650390625,9647.6376953125,0
2020-10-27,9674.150390625,9756.0498046875,9607.599609375,9748.2998046875,9748.287109375,0
2020-10-28,9773.849609375,9782.9501953125,9602.75,9632.349609375,9632.3369140625,0
2020-10-29,9557.150390625,9637.849609375,9530.25,9593.400390625,9593.3876953125,0
2020-10-30,9605.099609375,9665.0,9500.7001953125,9581.650390625,9581.6376953125,0
2020-11-02,9622.7001953125,9634.150390625,9524.2001953125,9595.9501953125,9595.9375,0
2020-11-03,9648.650390625,9715.4501953125,9643.0,9696.2998046875,9696.287109375,0
2020-11-04,9684.099609375,9778.099609375,9654.599609375,9764.599609375,9764.5869140625,0
2020-11-05,9874.349609375,9941.5,9857.25,9935.349609375,9935.3369140625,0
2020-11-06,9965.0498046875,10044.900390625,9951.2001953125,10033.5,10033.4873046875,0
2020-11-09,10137.2998046875,10183.5,10100.4501953125,10176.349609375,10176.3359375,0
2020-11-10,10252.7998046875,10277.0,10181.650390625,10269.0,10268.986328125,0
2020-11-11,10308.5,10378.0498046875,10233.349609375,10356.5,10356.486328125,0
2020-11-12,10334.75,10367.849609375,10294.5498046875,10342.7001953125,10342.6865234375,0
2020-11-13,10324.099609375,10394.150390625,10293.25,10387.2001953125,10387.1865234375,0
2020-11-17,10543.25,10543.849609375,10459.599609375,10524.0,10523.986328125,0
2020-11-18,10516.75,10594.9501953125,10491.5,10588.349609375,10588.3359375,0
2020-11-19,10522.900390625,10633.150390625,10453.599609375,10477.5,10477.486328125,0
2020-11-20,10514.849609375,10583.75,10456.9501953125,10560.5498046875,10560.5361328125,0
2020-11-23,10642.849609375,10661.25,10567.4501953125,10635.9501953125,10635.9365234375,0
2020-11-24,10698.2998046875,10749.349609375,10686.5,10733.599609375,10733.5859375,0
2020-11-25,10794.400390625,10804.099609375,10556.2001953125,10574.9501953125,10574.9365234375,0
2020-11-26,10611.0498046875,10694.75,10531.900390625,10674.0498046875,10674.0361328125,20812300
2020-11-27,10703.25,10751.0,10670.2001953125,10719.0498046875,10719.0361328125,0
2020-12-01,10803.25,10850.150390625,10734.2998046875,10835.150390625,10835.1357421875,0
2020-12-02,10856.25,10866.150390625,10755.900390625,10858.150390625,10858.1357421875,0
2020-12-03,10936.75,10936.75,10871.7998046875,10893.599609375,10893.5849609375,0
2020-12-04,10934.650390625,10990.2001953125,10888.9501953125,10978.849609375,10978.8349609375,0
2020-12-07,10994.150390625,11078.349609375,10982.75,11070.25,11070.2353515625,0
2020-12-08,11112.599609375,11136.7998046875,11008.400390625,11088.650390625,11088.6357421875,0
2020-12-09,11147.5498046875,11201.75,11143.4501953125,11181.2001953125,11181.185546875,0
2020-12-10,11156.900390625,11156.900390625,11060.2001953125,11141.349609375,11141.3349609375,0
2020-12-11,11172.650390625,11221.9501953125,11082.0,11171.400390625,11171.3857421875,0
2020-12-14,11223.2998046875,11240.400390625,11157.650390625,11215.25,11215.2353515625,21523600
2020-12-15,11212.349609375,11234.4501953125,11128.400390625,11223.900390625,11223.8857421875,23302700
2020-12-16,11299.2001953125,11328.400390625,11265.7998046875,11320.099609375,11320.0849609375,0
2020-12-17,11347.099609375,11385.599609375,11322.75,11346.349609375,11346.3349609375,0
2020-12-18,11368.7001953125,11376.7001953125,11263.150390625,11355.0,11354.9853515625,0
2020-12-21,11338.400390625,11365.5498046875,10787.5,10964.25,10964.2353515625,0
2020-12-22,10979.849609375,11097.2998046875,10791.849609375,11075.75,11075.7353515625,0
2020-12-23,11092.400390625,11239.599609375,11062.2001953125,11225.5498046875,11225.53515625,0
2020-12-24,11292.0498046875,11342.4501953125,11245.75,11325.25,11325.2353515625,0
2020-12-28,11387.4501953125,11443.4501953125,11386.099609375,11434.7001953125,11434.685546875,0
2020-12-29,11475.25,11506.2001953125,11405.7998046875,11467.0,11466.9853515625,0
2020-12-30,11507.0498046875,11521.2001953125,11414.099609375,11509.650390625,11509.6357421875,0
2020-12-31,11508.5498046875,11548.349609375,11483.5498046875,11518.2998046875,11518.28515625,0
2021-01-04,11651.5,11703.25,11542.150390625,11691.7998046875,11691.7841796875,0
2021-01-05,11647.599609375,11780.7998046875,11613.5,11767.0,11766.984375,0
2021-01-06,11806.75,11817.099609375,11640.150390625,11737.900390625,11737.884765625,0
2021-01-07,11833.599609375,11834.400390625,11753.7998046875,11766.099609375,11766.083984375,0
2021-01-08,11865.5,11940.4501953125,11841.849609375,11925.599609375,11925.583984375,0
2021-01-11,12024.650390625,12024.650390625,11921.75,12006.5,12006.484375,0
2021-01-12,12000.7998046875,12083.7001953125,11969.75,12058.349609375,12058.333984375,0
2021-01-13,12123.0,12133.400390625,11925.0,12041.099609375,12041.083984375,0
2021-01-14,12043.400390625,12081.5498046875,11976.150390625,12069.5,12069.484375,0
2021-01-15,12078.599609375,12100.849609375,11864.0498046875,11931.2001953125,11931.1845703125,0
2021-01-18,11943.650390625,11948.2001953125,11733.349609375,11776.2001953125,11776.1845703125,28376400
2021-01-19,11851.150390625,11993.2998046875,11849.150390625,11981.849609375,11981.833984375,22124700
2021-01-20,12002.099609375,12092.0498046875,11987.599609375,12078.349609375,12078.333984375,0
2021-01-21,12154.7001953125,12167.9501953125,11959.599609375,12015.9501953125,12015.9345703125,0
2021-01-22,12020.2998046875,12053.099609375,11842.400390625,11854.5,11854.484375,0
2021-01-25,11951.099609375,11968.400390625,11719.5498046875,11743.7001953125,11743.6845703125,0
2021-01-27,11744.2998046875,11744.2998046875,11511.5498046875,11546.349609375,11546.333984375,0
2021-01-28,11419.2998046875,11503.2001953125,11365.849609375,11442.5498046875,11442.53515625,0
2021-01-29,11549.849609375,11568.900390625,11273.5498046875,11302.400390625,11302.3857421875,0
2021-02-01,11396.900390625,11806.4501953125,11304.0,11770.150390625,11770.134765625,0
2021-02-02,11921.7001953125,12102.599609375,11916.650390625,12053.25,12053.234375,31156100
2021-02-03,12139.7001953125,12234.7001953125,12005.400390625,12174.0498046875,12174.0341796875,30767100
2021-02-04,12184.650390625,12297.5498046875,12140.849609375,12285.849609375,12285.833984375,0
2021-02-05,12345.25,12386.25,12247.4501953125,12279.849609375,12279.833984375,0
2021-02-08,12389.5,12469.2998046875,12376.650390625,12441.2998046875,12441.283203125,0
2021-02-09,12487.599609375,12545.4501953125,12396.2001953125,12434.2001953125,12434.18359375,0
2021-02-10,12452.9501953125,12490.4501953125,12347.099609375,12452.4501953125,12452.43359375,0
2021-02-11,12433.5,12522.4501953125,12426.150390625,12514.099609375,12514.0830078125,0
2021-02-12,12531.349609375,12571.0,12443.0498046875,12508.5498046875,12508.533203125,0
2021-02-15,12592.0,12648.7001953125,12576.7001953125,12632.0498046875,12632.033203125,0
2021-02-16,12679.650390625,12724.5498046875,12580.9501953125,12647.2001953125,12647.18359375,0
2021-02-17,12631.099609375,12669.849609375,12561.5498046875,12597.4501953125,12597.43359375,0
2021-02-18,12633.2998046875,12655.400390625,12535.650390625,12565.7001953125,12565.68359375,0
2021-02-19,12540.849609375,12592.5,12360.7001953125,12438.7998046875,12438.783203125,0
2021-02-22,12457.25,12471.650390625,12174.599609375,12212.5498046875,12212.5341796875,0
2021-02-23,12294.2998046875,12356.4501953125,12190.650390625,12263.7001953125,12263.6845703125,0
2021-02-24,12299.5498046875,12470.2001953125,12294.849609375,12455.2001953125,12455.18359375,18208600
2021-02-25,12543.5,12615.400390625,12533.2998046875,12567.849609375,12567.8330078125,32736600
2021-02-26,12401.0498046875,12449.0,12134.5,12181.400390625,12181.384765625,0
2021-03-01,12316.2998046875,12395.7998046875,12271.849609375,12368.2998046875,12368.283203125,0
2021-03-02,12458.349609375,12548.2001953125,12385.9501953125,12519.400390625,12519.3837890625,0
2021-03-03,12635.849609375,12781.849609375,12603.0498046875,12764.7998046875,12764.783203125,0
2021-03-04,12607.5498046875,12771.099609375,12589.75,12688.849609375,12688.8330078125,0
2021-03-05,12621.9501953125,12697.0498046875,12478.4501953125,12539.0,12538.9833984375,0
2021-03-08,12607.0498046875,12682.5498046875,12534.75,12558.9501953125,12558.93359375,0
2021-03-09,12638.400390625,12679.650390625,12494.599609375,12617.2001953125,12617.18359375,0
2021-03-10,12705.099609375,12722.599609375,12627.7998046875,12691.349609375,12691.3330078125,0
2021-03-12,12806.150390625,12816.150390625,12534.4501953125,12593.900390625,12593.8837890625,0
2021-03-15,12623.0498046875,12624.2998046875,12364.9501953125,12510.150390625,12510.1337890625,0
2021-03-16,12564.7998046875,12601.0498046875,12487.7998046875,12512.7001953125,12512.68359375,0
2021-03-17,12540.150390625,12546.5498046875,12301.150390625,12319.900390625,12319.8837890625,0
2021-03-18,12426.900390625,12449.849609375,12100.599609375,12174.4501953125,12174.4345703125,0
2021-03-19,12096.7998046875,12342.2998046875,11951.400390625,12314.5,12314.4833984375,0
2021-03-22,12322.75,12360.4501953125,12235.599609375,12338.599609375,12338.5830078125,0
2021-03-23,12375.400390625,12462.0,12340.2998046875,12417.2998046875,12417.283203125,0
2021-03-24,12346.0498046875,12390.599609375,12183.7001953125,12197.2001953125,12197.1845703125,0
2021-03-25,12218.7998046875,12221.5498046875,11939.0,11993.2998046875,11993.2841796875,0
2021-03-26,12134.75,12191.9501953125,12072.2001953125,12148.900390625,12148.884765625,0
2021-03-30,12256.0,12404.25,12249.0,12387.900390625,12387.8837890625,23368900
2021-03-31,12376.7998046875,12376.7998046875,12298.7001953125,12313.7001953125,12313.68359375,0
2021-04-01,12401.349609375,12492.5498046875,12334.349609375,12479.0,12478.9833984375,0
2021-04-05,12463.7001953125,12466.25,12149.400390625,12298.599609375,12298.5830078125,0
2021-04-06,12374.7001953125,12422.849609375,12254.9501953125,12358.099609375,12358.0830078125,0
2021-04-07,12389.25,12510.7001953125,12347.7001953125,12481.2998046875,12481.283203125,0
2021-04-08,12533.4501953125,12624.25,12501.25,12541.650390625,12541.6337890625,0
2021-04-09,12552.900390625,12591.9501953125,12490.0,12527.400390625,12527.3837890625,0
2021-04-12,12357.349609375,12361.400390625,11978.4501953125,12024.099609375,12024.083984375,0
2021-04-13,12068.0498046875,12201.5498046875,12006.7001953125,12186.7001953125,12186.6845703125,0
2021-04-15,12189.7998046875,12248.900390625,12055.150390625,12237.599609375,12237.583984375,0
2021-04-16,12261.900390625,12358.5498046875,12232.400390625,12298.0498046875,12298.033203125,0
2021-04-19,12032.75,12094.5498046875,11923.2001953125,12076.4501953125,12076.4345703125,0
2021-04-20,12213.5498046875,12232.849609375,11981.349609375,12055.400390625,12055.384765625,0
2021-04-22,11997.2001953125,12147.5,11950.650390625,12132.0498046875,12132.0341796875,19333500
2021-04-23,12086.2001953125,12199.400390625,12044.900390625,12105.599609375,12105.583984375,0
2021-04-26,12197.099609375,12263.599609375,12180.849609375,12216.849609375,12216.833984375,0
2021-04-27,12238.5498046875,12374.0,12232.7998046875,12362.5498046875,12362.533203125,0
2021-04-28,12422.5,12537.0498046875,12412.0,12517.9501953125,12517.93359375,0
2021-04-29,12613.7998046875,12659.400390625,12471.900390625,12532.7998046875,12532.783203125,0
2021-04-30,12425.7998046875,12524.099609375,12341.2001953125,12364.349609375,12364.3330078125,0
2021-05-03,12256.849609375,12419.0,12210.5498046875,12395.25,12395.2333984375,23244300
2021-05-04,12457.400390625,12487.150390625,12272.349609375,12300.4501953125,12300.43359375,30886900
2021-05-05,12394.849609375,12426.9501953125,12319.25,12413.0,12412.9833984375,0
2021-05-06,12465.7001953125,12514.099609375,12407.650390625,12501.900390625,12501.8837890625,0
2021-05-07,12579.900390625,12600.150390625,12527.349609375,12563.099609375,12563.0830078125,0
2021-05-10,12649.4501953125,12685.7998046875,12625.900390625,12669.900390625,12669.8837890625,0
2021-05-11,12559.9501953125,12675.2001953125,12538.650390625,12642.25,12642.2333984375,0
2021-05-12,12646.25,12646.9501953125,12496.650390625,12537.9501953125,12537.93359375,0
2021-05-14,12595.150390625,12595.349609375,12408.099609375,12472.150390625,12472.1337890625,0
2021-05-17,12544.5498046875,12683.7998046875,12511.2998046875,12672.099609375,12672.0830078125,0
2021-05-18,12794.9501953125,12855.599609375,12783.150390625,12839.099609375,12839.0830078125,0
2021-05-19,12816.5498046875,12882.5,12791.150390625,12809.0,12808.9833984375,0
2021-05-20,12831.2998046875,12854.650390625,12718.2001953125,12736.4501953125,12736.43359375,0
2021-05-21,12815.5498046875,12929.0498046875,12803.150390625,12917.849609375,12917.8330078125,0
2021-05-24,12963.0,13003.599609375,12912.25,12962.4501953125,12962.43359375,0
2021-05-25,13045.400390625,13046.150390625,12929.150390625,12963.0,12962.9833984375,0
2021-05-26,13010.0,13043.849609375,12954.150390625,13022.2001953125,13022.18359375,0
2021-05-27,13052.849609375,13091.349609375,13007.150390625,13066.25,13066.232421875,0
2021-05-28,13134.7001953125,13160.349609375,13098.849609375,13117.0498046875,13117.0322265625,0
2021-05-31,13135.849609375,13244.400390625,13080.650390625,13226.349609375,13226.33203125,0
2021-06-01,13274.25,13292.400390625,13164.849609375,13210.400390625,13210.3828125,0
2021-06-02,13183.7998046875,13290.7001953125,13177.7998046875,13274.25,13274.232421875,0
2021-06-03,13347.0498046875,13392.75,13332.0,13380.5,13380.482421875,0
2021-06-04,13412.75,13433.599609375,13352.150390625,13393.900390625,13393.8828125,0
2021-06-07,13454.099609375,13498.2998046875,13418.5,13479.650390625,13479.6328125,0
2021-06-08,13510.0498046875,13513.0498046875,13420.5498046875,13496.5498046875,13496.5322265625,0
2021-06-09,13532.2001953125,13569.75,13333.849609375,13396.400390625,13396.3828125,0
2021-06-10,13458.650390625,13524.849609375,13431.25,13517.2001953125,13517.1826171875,0
2021-06-11,13577.0498046875,13601.0,13513.849609375,13563.849609375,13563.83203125,0
2021-06-14,13551.75,13565.0,13342.400390625,13554.150390625,13554.1328125,0
2021-06-15,13601.349609375,13634.349609375,13587.75,13607.7998046875,13607.7822265625,0
2021-06-16,13595.099609375,13621.650390625,13487.150390625,13510.599609375,13510.58203125,0
2021-06-17,13405.900390625,13520.900390625,13372.400390625,13425.150390625,13425.1328125,0
2021-06-18,13471.900390625,13474.9501953125,13155.5498046875,13386.5498046875,13386.5322265625,0
2021-06-21,13240.900390625,13468.7998046875,13221.0498046875,13456.099609375,13456.08203125,0
2021-06-22,13543.400390625,13589.650390625,13473.349609375,13491.099609375,13491.08203125,0
2021-06-23,13570.099609375,13570.2001953125,13412.4501953125,13423.349609375,13423.33203125,0
2021-06-24,13460.7998046875,13486.75,13434.5,13468.25,13468.232421875,0
2021-06-25,13512.150390625,13549.099609375,13471.0,13539.400390625,13539.3828125,0
2021-06-28,13589.75,13589.849609375,13515.0498046875,13533.0498046875,13533.0322265625,0
2021-06-29,13535.5498046875,13567.7998046875,13461.25,13481.9501953125,13481.9326171875,0
2021-06-30,13513.25,13552.9501953125,13462.2001953125,13473.5498046875,13473.5322265625,0
2021-07-01,13504.7001953125,13505.0498046875,13441.5498046875,13454.099609375,13454.08203125,20510400
2021-07-02,13480.2998046875,13506.099609375,13435.25,13494.4501953125,13494.4326171875,18071800
2021-07-05,13558.400390625,13593.5,13536.900390625,13585.75,13585.732421875,0
2021-07-06,13579.150390625,13661.900390625,13561.75,13574.150390625,13574.1328125,0
2021-07-07,13577.5,13644.4501953125,13542.0498046875,13631.0,13630.982421875,0
2021-07-08,13627.7001953125,13660.849609375,13488.099609375,13532.7001953125,13532.6826171875,0
2021-07-09,13513.5,13545.650390625,13470.2001953125,13527.9501953125,13527.9326171875,0
2021-07-12,13603.599609375,13620.150390625,13512.7001953125,13549.0,13548.982421875,0
2021-07-13,13633.099609375,13635.5498046875,13580.4501953125,13628.849609375,13628.83203125,0
2021-07-14,13638.2998046875,13678.7998046875,13606.349609375,13661.099609375,13661.08203125,0
2021-07-15,13686.349609375,13738.599609375,13677.349609375,13720.349609375,13720.33203125,0
2021-07-16,13756.75,13761.099609375,13706.5,13742.349609375,13742.33203125,0
2021-07-19,13624.2998046875,13693.349609375,13573.650390625,13619.849609375,13619.83203125,0
2021-07-20,13594.849609375,13614.75,13437.150390625,13495.599609375,13495.58203125,0
2021-07-22,13592.400390625,13678.9501953125,13590.2998046875,13670.2001953125,13670.1826171875,0
2021-07-23,13711.25,13728.400390625,13629.650390625,13687.0,13686.982421875,0
2021-07-26,13692.2001953125,13731.099609375,13648.4501953125,13675.099609375,13675.08203125,0
2021-07-27,13715.150390625,13740.900390625,13569.349609375,13610.2998046875,13610.2822265625,0
2021-07-28,13631.5498046875,13631.5498046875,13409.099609375,13579.150390625,13579.1328125,0
2021-07-29,13631.5,13668.900390625,13608.900390625,13643.75,13643.732421875,0
2021-07-30,13671.5498046875,13739.7001953125,13635.4501953125,13664.25,13664.232421875,0
2021-08-02,13759.7998046875,13789.900390625,13732.849609375,13783.7001953125,13783.681640625,0
2021-08-03,13840.599609375,13950.25,13817.900390625,13939.2001953125,13939.181640625,0
2021-08-04,13998.0498046875,14045.0498046875,13944.099609375,13969.349609375,13969.3310546875,0
2021-08-05,14000.900390625,14003.099609375,13891.7001953125,13981.5498046875,13981.53125,0
2021-08-06,13996.599609375,14029.7998046875,13946.0498046875,13954.650390625,13954.6318359375,0
2021-08-09,13993.599609375,14007.5498046875,13870.25,13935.0498046875,13935.03125,0
2021-08-10,13957.599609375,13996.849609375,13809.4501953125,13892.75,13892.7314453125,19351700
2021-08-11,13924.0498046875,13938.599609375,13716.7001953125,13876.5498046875,13876.53125,19712500
2021-08-12,13901.099609375,13979.849609375,13884.0498046875,13971.9501953125,13971.931640625,14930300
2021-08-13,13997.75,14079.650390625,13991.7001953125,14065.2998046875,14065.28125,15572800
2021-08-16,14063.75,14087.400390625,14016.75,14070.7998046875,14070.78125,13096000
2021-08-17,14063.900390625,14123.599609375,14010.900390625,14113.099609375,14113.0810546875,15694800
2021-08-18,14171.0498046875,14186.5,14072.0,14095.5498046875,14095.53125,17533500
2021-08-20,13951.5,14047.900390625,13910.2001953125,13943.9501953125,13943.931640625,18901100
2021-08-23,14063.349609375,14063.5,13841.0,13930.5498046875,13930.53125,20346100
2021-08-24,13986.9501953125,14075.900390625,13942.5,14063.25,14063.2314453125,16106000
2021-08-25,14103.099609375,14145.4501953125,14070.5498046875,14093.599609375,14093.5810546875,13765300
2021-08-26,14106.4501953125,14147.0498046875,14074.900390625,14106.9501953125,14106.931640625,14919000
2021-08-27,14126.2998046875,14203.9501953125,14064.099609375,14192.5,14192.4814453125,13229300
2021-08-30,14257.400390625,14411.9501953125,14250.5498046875,14397.900390625,14397.8818359375,14181900
2021-08-31,14421.2998046875,14571.7998046875,14393.5,14555.900390625,14555.880859375,19398800
2021-09-01,14611.650390625,14640.599609375,14527.0498046875,14551.349609375,14551.330078125,18422700
2021-09-02,14571.2998046875,14692.0,14548.5,14684.349609375,14684.330078125,22044800
2021-09-03,14724.7001953125,14770.849609375,14682.2001953125,14759.2998046875,14759.2802734375,24543700
2021-09-06,14827.0498046875,14843.400390625,14783.4501953125,14805.849609375,14805.830078125,16059600
2021-09-07,14834.9501953125,14852.25,14713.5498046875,14784.25,14784.23046875,23696100
2021-09-08,14802.849609375,14825.099609375,14716.650390625,14803.599609375,14803.580078125,26775300
2021-09-09,14780.599609375,14844.400390625,14774.150390625,14836.4501953125,14836.4306640625,18261800
2021-09-13,14839.7998046875,14865.75,14769.099609375,14852.2001953125,14852.1806640625,16737100
2021-09-14,14917.0498046875,14935.5498046875,14881.5498046875,14904.349609375,14904.330078125,29200400
2021-09-15,14927.9501953125,15028.650390625,14921.099609375,15020.5498046875,15020.5302734375,31359100
2021-09-16,15050.849609375,15115.349609375,15012.25,15104.900390625,15104.880859375,53456100
2021-09-17,15169.900390625,15207.7001953125,14979.349609375,15027.25,15027.23046875,42884200
2021-09-20,14907.5,15047.650390625,14800.849609375,14826.75,14826.73046875,24323400
2021-09-21,14856.849609375,14959.4501953125,14734.7001953125,14946.2998046875,14946.2802734375,22286700
2021-09-22,14977.2998046875,15030.849609375,14950.349609375,14990.5498046875,14990.5302734375,20244400
2021-09-23,15097.099609375,15219.349609375,15085.5498046875,15205.4501953125,15205.4306640625,20467000
2021-09-24,15274.099609375,15305.2001953125,15160.4501953125,15191.9501953125,15191.9306640625,26783800
2021-09-27,15261.349609375,15262.650390625,15139.599609375,15189.0498046875,15189.0302734375,18550100
2021-09-28,15235.099609375,15239.650390625,14967.0498046875,15095.599609375,15095.580078125,22453400
2021-09-29,15023.2998046875,15141.0498046875,14985.400390625,15086.9501953125,15086.9306640625,30743000
2021-09-30,15109.7001953125,15137.5498046875,15026.9501953125,15052.650390625,15052.630859375,32462500
2021-10-01,14994.7998046875,15031.5498046875,14932.75,15013.9501953125,15013.9306640625,25478800
2021-10-04,15094.400390625,15195.2001953125,15075.25,15181.150390625,15181.130859375,20508200
2021-10-05,15171.25,15287.7001953125,15150.5,15280.099609375,15280.0791015625,25286700
2021-10-06,15328.9501953125,15349.2001953125,15109.099609375,15134.5498046875,15134.5302734375,25794100
2021-10-07,15274.650390625,15335.9501953125,15251.0,15290.150390625,15290.1298828125,21341200
2021-10-08,15375.2998046875,15402.7001953125,15317.400390625,15365.2001953125,15365.1796875,18598500
2021-10-11,15374.5,15497.7998046875,15356.5498046875,15428.0,15427.9794921875,21710600
2021-10-12,15426.599609375,15493.25,15371.7998046875,15481.900390625,15481.8798828125,27763700
2021-10-13,15573.599609375,15660.2001953125,15546.849609375,15631.400390625,15631.3798828125,30276800
2021-10-14,15733.2998046875,15781.0,15710.099609375,15769.25,15769.2294921875,25796300
2021-10-18,15924.099609375,15949.2001953125,15871.400390625,15886.150390625,15886.1298828125,37294700
2021-10-19,16003.9501953125,16004.4501953125,15716.7001953125,15757.849609375,15757.8291015625,29624900
2021-10-20,15768.0,15776.349609375,15497.0,15568.650390625,15568.6298828125,26118900
2021-10-21,15666.599609375,15667.0,15373.4501953125,15487.650390625,15487.6298828125,25219900
2021-10-22,15537.0498046875,15600.4501953125,15328.900390625,15399.7001953125,15399.6796875,26580900
2021-10-25,15492.0,15498.400390625,15181.599609375,15334.349609375,15334.3291015625,24239700
2021-10-26,15360.349609375,15528.900390625,15356.5,15499.650390625,15499.6298828125,23773200
2021-10-27,15541.75,15583.2001953125,15454.099609375,15484.349609375,15484.3291015625,19087300
2021-10-28,15475.400390625,15475.4501953125,15148.2001953125,15190.849609375,15190.830078125,23872900
2021-10-29,15163.5,15266.400390625,14961.5,15086.900390625,15086.880859375,23416500
2021-11-01,15179.400390625,15318.150390625,15111.2998046875,15302.7001953125,15302.6796875,18625900
2021-11-02,15344.349609375,15373.7001953125,15278.7001953125,15314.650390625,15314.6298828125,17088900
2021-11-03,15367.7001953125,15397.2998046875,15212.150390625,15282.75,15282.7294921875,16168200
2021-11-04,15380.9501953125,15396.849609375,15363.349609375,15376.900390625,15376.8798828125,3711800
2021-11-08,15474.25,15535.0498046875,15313.2001953125,15520.150390625,15520.1298828125,17639800
2021-11-09,15542.0498046875,15579.5,15487.7001953125,15541.9501953125,15541.9296875,20442100
2021-11-10,15492.0498046875,15562.4501953125,15458.5,15521.099609375,15521.0791015625,18928100
2021-11-11,15497.25,15499.900390625,15351.2001953125,15411.099609375,15411.0791015625,15128100
2021-11-12,15504.349609375,15591.4501953125,15429.599609375,15579.0,15578.9794921875,15403600
2021-11-15,15625.75,15664.4501953125,15558.0498046875,15592.599609375,15592.5791015625,13277500
2021-11-16,15613.099609375,15626.650390625,15492.599609375,15525.400390625,15525.3798828125,15066000
2021-11-17,15487.150390625,15560.75,15436.9501953125,15454.9501953125,15454.9296875,13699600
2021-11-18,15461.5,15502.599609375,15239.7998046875,15302.5498046875,15302.529296875,17285100
2021-11-22,15333.900390625,15339.650390625,14846.7001953125,14976.7001953125,14976.6806640625,21107300
2021-11-23,14876.0,15137.150390625,14820.400390625,15107.7998046875,15107.7802734375,21444000
2021-11-24,15159.9501953125,15199.2001953125,14997.2998046875,15046.5,15046.48046875,18733500
2021-11-25,15057.599609375,15166.650390625,14984.7001953125,15150.599609375,15150.580078125,18600600
2021-11-26,14990.849609375,15012.099609375,14674.75,14707.2001953125,14707.1806640625,22366800
2021-11-29,14683.0498046875,14749.5,14402.099609375,14656.4501953125,14656.4306640625,22389800
2021-11-30,14662.0498046875,14912.75,14608.599609375,14648.349609375,14648.330078125,27044600
2021-12-01,14743.7001953125,14822.5,14694.2998046875,14784.7001953125,14784.6806640625,23191800
2021-12-02,14808.7998046875,14990.2998046875,14786.650390625,14973.9501953125,14973.9306640625,21443100
2021-12-03,15002.650390625,15054.9501953125,14845.25,14856.2998046875,14856.2802734375,24686700
2021-12-06,14876.25,14882.150390625,14599.349609375,14618.349609375,14618.330078125,29125700
2021-12-07,14733.25,14881.75,14683.25,14834.5,14834.48046875,20653700
2021-12-08,14945.2998046875,15084.5,14941.2998046875,15073.25,15073.23046875,17358100
2021-12-09,15126.5498046875,15141.0,15023.2001953125,15126.599609375,15126.580078125,31331000
2021-12-10,15103.650390625,15168.7998046875,15069.7998046875,15155.0,15154.98046875,24527100
2021-12-13,15258.099609375,15280.0,15052.900390625,15064.25,15064.23046875,20542300
2021-12-14,15005.5,15072.0,14947.9501953125,15043.25,15043.23046875,18233700
2021-12-15,15050.099609375,15075.7001953125,14936.599609375,14953.099609375,14953.080078125,15148200
2021-12-16,15072.9501953125,15078.849609375,14891.599609375,14936.4501953125,14936.4306640625,16631600
2021-12-17,14952.75,14966.099609375,14658.5,14673.150390625,14673.130859375,19187800
2021-12-20,14523.5,14533.7998046875,14128.150390625,14300.7001953125,14300.681640625,21177200
2021-12-21,14423.7001953125,14584.9501953125,14386.4501953125,14461.400390625,14461.3818359375,16597200
2021-12-22,14542.7001953125,14652.349609375,14522.5498046875,14639.75,14639.73046875,14099700
2021-12-23,14738.2998046875,14779.2998046875,14708.7001953125,14751.4501953125,14751.4306640625,12816000
2021-12-24,14813.900390625,14819.2001953125,14605.0498046875,14664.7998046875,14664.7802734375,13972600
2021-12-27,14617.150390625,14745.5498046875,14515.25,14727.599609375,14727.580078125,13582600
2021-12-28,14809.5,14880.849609375,14805.2998046875,14867.849609375,14867.830078125,12287100
2021-12-29,14866.2001953125,14922.349609375,14835.349609375,14863.400390625,14863.380859375,16171400
2021-12-30,14856.099609375,14894.650390625,14815.0,14842.0498046875,14842.0302734375,18167500
2021-12-31,14879.25,15022.349609375,14877.849609375,14996.2001953125,14996.1806640625,18385200
2022-01-03,15030.5,15220.0498046875,15028.5498046875,15204.599609375,15204.580078125,17499900
2022-01-04,15260.900390625,15333.599609375,15168.150390625,15318.75,15318.7294921875,20299700
2022-01-05,15329.75,15410.599609375,15264.849609375,15396.400390625,15396.3798828125,19135100
2022-01-06,15275.75,15315.5,15197.099609375,15290.099609375,15290.0791015625,18769800
2022-01-07,15333.4501953125,15418.400390625,15255.4501953125,15348.5498046875,15348.529296875,19623500
2022-01-10,15427.650390625,15504.0,15400.5498046875,15495.5498046875,15495.529296875,18574200
2022-01-11,15497.5,15559.099609375,15462.0498046875,15530.5498046875,15530.529296875,39161700
2022-01-12,15627.0498046875,15678.7001953125,15595.650390625,15667.900390625,15667.8798828125,24868800
2022-01-13,15710.2998046875,15730.9501953125,15629.4501953125,15721.0498046875,15721.029296875,19011400
2022-01-14,15667.9501953125,15754.4501953125,15619.5498046875,15730.400390625,15730.3798828125,16010500
2022-01-17,15731.349609375,15794.9501953125,15718.25,15781.25,15781.2294921875,16968900
2022-01-18,15819.4501953125,15834.2001953125,15546.650390625,15573.099609375,15573.0791015625,18803800
2022-01-19,15580.400390625,15580.400390625,15403.2001953125,15472.5,15472.4794921875,18236200
2022-01-20,15464.4501953125,15486.150390625,15280.5498046875,15361.099609375,15361.0791015625,14523600
2022-01-21,15252.900390625,15294.7001953125,15069.0498046875,15180.7998046875,15180.7802734375,16241600
2022-01-24,15155.0,15165.400390625,14577.150390625,14712.0498046875,14712.0302734375,20927900
2022-01-25,14577.5498046875,14853.0,14410.900390625,14832.2001953125,14832.1806640625,20596200
2022-01-27,14671.7001953125,14735.75,14489.7998046875,14679.7001953125,14679.6806640625,22473700
2022-01-28,14773.0498046875,14952.150390625,14701.599609375,14723.25,14723.23046875,21083500
2022-01-31,14894.75,14975.7998046875,14857.5498046875,14921.4501953125,14921.4306640625,17018300
2022-02-01,15073.150390625,15138.2001953125,14850.2998046875,15116.2001953125,15116.1806640625,22909000
2022-02-02,15218.25,15304.599609375,15201.4501953125,15293.349609375,15293.3291015625,19792700
2022-02-03,15289.150390625,15296.349609375,15101.0,15135.900390625,15135.880859375,17185400
2022-02-04,15159.599609375,15188.400390625,15048.349609375,15085.4501953125,15085.4306640625,17002800
2022-02-07,15065.0498046875,15126.650390625,14796.2001953125,14870.599609375,14870.580078125,17777600
2022-02-08,14926.5,14955.25,14689.150390625,14857.0498046875,14857.0302734375,17937100
2022-02-09,14942.75,15026.5,14925.0498046875,15016.349609375,15016.330078125,14131700
2022-02-10,15084.349609375,15134.099609375,14972.349609375,15112.2001953125,15112.1806640625,16758500
2022-02-11,14988.9501953125,14990.599609375,14862.0498046875,14891.2998046875,14891.2802734375,13991100
2022-02-14,14606.5498046875,14638.650390625,14370.7001953125,14400.400390625,14400.3818359375,17338500
2022-02-15,14469.0,14822.75,14348.400390625,14805.5498046875,14805.5302734375,18131200
2022-02-16,14876.650390625,14935.599609375,14756.5,14789.900390625,14789.880859375,14687200
2022-02-17,14857.099609375,14895.650390625,14725.0498046875,14772.0498046875,14772.0302734375,11736900
2022-02-18,14711.2998046875,14815.0,14692.650390625,14710.7001953125,14710.6806640625,11076300
2022-02-21,14638.349609375,14733.099609375,14498.2001953125,14597.099609375,14597.080078125,16852100
2022-02-22,14269.4501953125,14527.2001953125,14267.599609375,14489.0498046875,14489.03125,17897800
2022-02-23,14581.0498046875,14629.0498046875,14482.2998046875,14506.9501953125,14506.931640625,13590500
2022-02-24,14055.849609375,14180.849609375,13747.4501953125,13775.7001953125,13775.6826171875,28966600
2022-02-25,14018.099609375,14247.0498046875,14007.7001953125,14187.400390625,14187.3818359375,20825600
2022-02-28,14047.75,14320.9501953125,13928.7998046875,14307.9501953125,14307.931640625,20396100
2022-03-02,14161.7001953125,14265.5,14104.75,14199.7998046875,14199.78125,19608300
2022-03-03,14327.7001953125,14364.599609375,14094.2998046875,14135.9501953125,14135.931640625,19812900
2022-03-04,14020.2001953125,14075.0,13828.4501953125,13893.150390625,13893.1318359375,21633600
2022-03-07,13594.75,13637.5,13438.2998046875,13564.25,13564.232421875,21321300
2022-03-08,13504.75,13720.099609375,13423.5498046875,13706.75,13706.732421875,19866800
2022-03-09,13786.400390625,14037.650390625,13721.9501953125,13979.599609375,13979.5810546875,18635900
2022-03-10,14313.2001953125,14316.7998046875,14079.849609375,14189.0,14188.9814453125,19468100
2022-03-11,14145.5,14268.2998046875,14098.7001953125,14237.150390625,14237.1318359375,15297400
2022-03-14,14248.900390625,14389.349609375,14189.099609375,14374.599609375,14374.5810546875,14504100
2022-03-15,14408.75,14433.75,14130.900390625,14215.849609375,14215.8310546875,17662800
2022-03-16,14392.5498046875,14491.4501953125,14369.5,14481.7998046875,14481.78125,12845200
2022-03-17,14667.2001953125,14756.5498046875,14644.75,14721.7001953125,14721.6806640625,26001700
2022-03-21,14773.0498046875,14789.849609375,14590.7001953125,14602.349609375,14602.330078125,14982200
2022-03-22,14613.099609375,14738.150390625,14492.25,14724.0498046875,14724.0302734375,15208600
2022-03-23,14806.599609375,14833.2998046875,14660.4501953125,14695.150390625,14695.130859375,16799700
2022-03-24,14598.75,14744.7001953125,14595.7001953125,14699.349609375,14699.330078125,16090800
2022-03-25,14763.900390625,14768.2998046875,14590.4501953125,14651.7001953125,14651.6806640625,13966800
2022-03-28,14686.25,14694.849609375,14515.650390625,14675.849609375,14675.830078125,15473700
2022-03-29,14744.0498046875,14773.150390625,14689.599609375,14761.900390625,14761.880859375,17226200
2022-03-30,14880.7001953125,14924.75,14823.5498046875,14896.900390625,14896.880859375,21485900
2022-03-31,14925.5498046875,14963.400390625,14871.0,14894.5,14894.48046875,18152500
2022-04-01,14890.099609375,15111.349609375,14882.599609375,15087.2998046875,15087.2802734375,18543400
2022-04-04,15192.7998046875,15393.349609375,15184.7001953125,15384.2001953125,15384.1796875,19565500
2022-04-05,15433.0498046875,15477.7998046875,15360.2001953125,15390.5,15390.4794921875,18703800
2022-04-06,15318.150390625,15387.400390625,15293.849609375,15327.900390625,15327.8798828125,28404700
2022-04-07,15292.349609375,15361.2001953125,15185.7001953125,15201.25,15201.23046875,33025600
2022-04-08,15271.349609375,15386.099609375,15202.5,15342.400390625,15342.3798828125,23851300
2022-04-11,15337.5,15386.849609375,15294.2998046875,15325.5,15325.4794921875,17506800
2022-04-12,15281.849609375,15283.349609375,15078.4501953125,15164.7001953125,15164.6806640625,17714300
2022-04-13,15239.650390625,15284.7001953125,15126.650390625,15138.5498046875,15138.5302734375,13886300
2022-04-18,14942.599609375,14971.5,14821.25,14926.0498046875,14926.0302734375,16671700
2022-04-19,15012.75,15041.650390625,14617.0498046875,14726.650390625,14726.630859375,18536600
2022-04-20,14807.150390625,14905.25,14747.9501953125,14850.2998046875,14850.2802734375,14619100
2022-04-21,14946.2998046875,15067.4501953125,14929.150390625,15053.9501953125,15053.9306640625,14359400
2022-04-22,14948.099609375,15015.349609375,14875.7998046875,14894.849609375,14894.830078125,14869400
2022-04-25,14758.599609375,14769.099609375,14623.099609375,14673.0,14672.98046875,15260000
2022-04-26,14818.7998046875,14915.349609375,14785.849609375,14898.349609375,14898.330078125,13574900
2022-04-27,14797.349609375,14825.5498046875,14678.9501953125,14756.0,14755.98046875,15429600
2022-04-28,14886.5,14964.599609375,14765.849609375,14913.900390625,14913.880859375,16131500
2022-04-29,14991.4501953125,15011.7001953125,14743.349609375,14783.349609375,14783.330078125,16095600
2022-05-02,14647.25,14751.0498046875,14617.75,14736.2998046875,14736.2802734375,14132500
2022-05-04,14771.4501953125,14798.2998046875,14343.599609375,14393.349609375,14393.3310546875,16213000
2022-05-05,14542.150390625,14606.0498046875,14365.5498046875,14395.5,14395.4814453125,13458000
2022-05-06,14159.099609375,14205.0,14073.4501953125,14145.75,14145.7314453125,15272500
2022-05-09,14002.75,14088.2998046875,13879.5498046875,13991.75,13991.7314453125,14199300
2022-05-10,13953.9501953125,14068.400390625,13823.349609375,13855.9501953125,13855.931640625,13461200
2022-05-11,13888.150390625,13949.099609375,13589.349609375,13771.7998046875,13771.7822265625,17869000
2022-05-12,13656.9501953125,13671.0,13389.75,13465.25,13465.232421875,18293200
2022-05-13,13621.2001953125,13738.5498046875,13435.0498046875,13471.5,13471.482421875,17319000
2022-05-16,13540.25,13646.2998046875,13434.4501953125,13571.2001953125,13571.1826171875,15045600
2022-05-17,13648.4501953125,13944.7001953125,13632.150390625,13926.0498046875,13926.03125,15444600
2022-05-18,13989.349609375,14064.0,13896.599609375,13918.2001953125,13918.181640625,15887800
2022-05-19,13625.75,13680.650390625,13520.9501953125,13550.900390625,13550.8828125,15232100
2022-05-20,13755.0498046875,13906.400390625,13733.5498046875,13895.0498046875,13895.03125,13959800
2022-05-23,13929.75,14005.5,13813.599609375,13835.7998046875,13835.78125,15691000
2022-05-24,13858.0498046875,13883.5498046875,13709.400390625,13747.25,13747.232421875,15712100
2022-05-25,13805.099609375,13821.400390625,13574.5,13587.75,13587.732421875,13674500
2022-05-26,13651.5498046875,13756.849609375,13445.25,13722.5498046875,13722.5322265625,16812400
2022-05-27,13839.2998046875,13885.0498046875,13768.2998046875,13873.150390625,13873.1318359375,12515500
2022-05-30,14022.599609375,14163.0498046875,14009.650390625,14154.7998046875,14154.78125,13958800
2022-05-31,14106.0,14215.4501953125,14067.0498046875,14119.599609375,14119.5810546875,25869900
2022-06-01,14132.099609375,14186.900390625,14009.0498046875,14082.900390625,14082.8818359375,13703100
2022-06-02,14059.25,14179.2998046875,14029.7998046875,14167.9501953125,14167.931640625,12776700
2022-06-03,14280.349609375,14300.0,14064.900390625,14077.900390625,14077.8818359375,12054000
2022-06-06,14042.400390625,14081.2001953125,13932.150390625,14054.099609375,14054.0810546875,11181400
2022-06-07,13978.650390625,13990.2001953125,13883.75,13935.599609375,13935.5810546875,11151200
2022-06-08,13981.650390625,14020.4501953125,13832.4501953125,13886.900390625,13886.8818359375,12313500
2022-06-09,13816.7001953125,13989.0,13790.0,13977.099609375,13977.0810546875,11137600
2022-06-10,13825.0,13860.0498046875,13757.9501953125,13781.75,13781.7314453125,10328000
2022-06-13,13521.2001953125,13527.75,13356.2001953125,13416.900390625,13416.8828125,13059200
2022-06-14,13341.9501953125,13506.5,13324.150390625,13388.2998046875,13388.2822265625,12380200
2022-06-15,13412.2001953125,13448.4501953125,13366.75,13380.849609375,13380.83203125,9733400
2022-06-16,13508.7001953125,13527.7998046875,13064.0498046875,13089.2001953125,13089.1826171875,13847500
2022-06-17,13011.400390625,13111.9501953125,12903.849609375,12994.75,12994.7333984375,16444300
2022-06-20,13026.150390625,13049.400390625,12855.5498046875,12950.75,12950.7333984375,15527100
2022-06-21,13042.7998046875,13275.5,13019.349609375,13241.900390625,13241.8828125,14516100
2022-06-22,13176.099609375,13184.900390625,13028.349609375,13047.75,13047.732421875,12845000
2022-06-23,13081.900390625,13231.900390625,13021.25,13178.7998046875,13178.7822265625,12346900
2022-06-24,13269.2001953125,13337.7001953125,13247.9501953125,13322.5,13322.482421875,11934800
2022-06-27,13506.349609375,13510.7998046875,13432.650390625,13444.5498046875,13444.5322265625,12031200
2022-06-28,13389.849609375,13487.5,13330.75,13464.25,13464.232421875,12423600
2022-06-29,13337.650390625,13462.0498046875,13328.2001953125,13417.849609375,13417.83203125,14134000
2022-06-30,13410.7998046875,13492.150390625,13352.400390625,13387.5498046875,13387.5322265625,12962500
2022-07-01,13335.25,13422.4501953125,13192.900390625,13394.4501953125,13394.4326171875,12922700
2022-07-04,13378.400390625,13483.7001953125,13337.2001953125,13472.650390625,13472.6328125,10897700
2022-07-05,13533.75,13628.4501953125,13439.400390625,13461.849609375,13461.83203125,11431600
2022-07-06,13472.7998046875,13647.2001953125,13443.349609375,13631.2998046875,13631.2822265625,11623700
2022-07-07,13736.9501953125,13777.75,13687.5498046875,13765.599609375,13765.58203125,12224500
2022-07-08,13873.75,13874.7001953125,13770.900390625,13828.25,13828.2314453125,10898100
2022-07-11,13771.400390625,13905.9501953125,13755.75,13886.849609375,13886.8310546875,12512900
2022-07-12,13823.599609375,13866.650390625,13757.2998046875,13779.0,13778.9814453125,12288000
2022-07-13,13842.7998046875,13861.2998046875,13714.2001953125,13726.9501953125,13726.9326171875,11008700
2022-07-14,13771.2001953125,13797.599609375,13617.150390625,13702.650390625,13702.6328125,10796000
2022-07-15,13761.099609375,13804.0498046875,13695.2001953125,13790.2001953125,13790.181640625,10832100
2022-07-18,13883.7998046875,13993.400390625,13877.599609375,13984.400390625,13984.3818359375,11714500
2022-07-19,13922.5498046875,14067.75,13922.349609375,14051.650390625,14051.6318359375,12817300
2022-07-20,14220.2001953125,14230.900390625,14140.0,14164.400390625,14164.3818359375,13558800
2022-07-21,14172.7998046875,14288.599609375,14141.650390625,14271.7998046875,14271.78125,13814800
2022-07-22,14325.0498046875,14359.75,14265.25,14336.599609375,14336.5810546875,12466000
2022-07-25,14307.900390625,14335.099609375,14228.150390625,14279.5,14279.4814453125,13890600
2022-07-26,14284.7001953125,14286.5,14122.5498046875,14141.4501953125,14141.431640625,14923400
2022-07-27,14131.7998046875,14272.2001953125,14099.900390625,14262.5498046875,14262.53125,15076700
2022-07-28,14365.0498046875,14481.4501953125,14330.2998046875,14469.099609375,14469.0810546875,17419500
2022-07-29,14588.150390625,14677.75,14553.650390625,14665.650390625,14665.630859375,19163900
2022-08-01,14741.400390625,14858.2998046875,14666.2001953125,14846.849609375,14846.830078125,21202300
2022-08-02,14831.900390625,14906.0,14765.2998046875,14876.599609375,14876.580078125,32645700
2022-08-03,14880.650390625,14906.7001953125,14750.75,14878.0498046875,14878.0302734375,24019400
2022-08-04,14944.9501953125,14974.7001953125,14688.0,14892.4501953125,14892.4306640625,23193600
2022-08-05,14933.2001953125,14972.099609375,14874.25,14900.400390625,14900.380859375,21526200
2022-08-08,14910.599609375,15009.900390625,14867.2001953125,14993.349609375,14993.330078125,14420200
2022-08-10,15033.2998046875,15033.2998046875,14919.2001953125,14985.7998046875,14985.7802734375,16945800
2022-08-11,15123.650390625,15130.0498046875,15069.900390625,15095.150390625,15095.130859375,14965900
2022-08-12,15102.7998046875,15162.2998046875,15060.75,15140.5498046875,15140.5302734375,17364300
2022-08-16,15222.900390625,15287.4501953125,15203.5,15280.5,15280.4794921875,0
2022-08-17,15325.349609375,15398.4501953125,15306.5498046875,15379.0498046875,15379.029296875,18814700
2022-08-18,15355.599609375,15415.25,15325.2001953125,15404.599609375,15404.5791015625,17490400
2022-08-19,15426.2001953125,15445.5,15205.5498046875,15236.650390625,15236.630859375,19251200
2022-08-22,15183.099609375,15186.150390625,14980.400390625,15001.75,15001.73046875,16482400
2022-08-23,14887.0,15128.25,14879.900390625,15090.5,15090.48046875,18442000
2022-08-24,15062.4501953125,15152.4501953125,15037.150390625,15140.400390625,15140.380859375,17547700
2022-08-25,15208.849609375,15252.7998046875,15075.099609375,15100.650390625,15100.630859375,21575500
2022-08-26,15187.099609375,15242.650390625,15116.2001953125,15147.5498046875,15147.5302734375,17144700
2022-08-29,14797.7998046875,15016.25,14793.9501953125,14972.75,14972.73046875,15438100
2022-08-30,15071.4501953125,15338.7998046875,15065.349609375,15325.0498046875,15325.029296875,18493600
2022-09-01,15142.7001953125,15309.849609375,15141.4501953125,15211.2001953125,15211.1806640625,18877200
2022-09-02,15272.4501953125,15305.0,15184.2998046875,15201.599609375,15201.580078125,17211000
2022-09-05,15221.75,15311.9501953125,15217.349609375,15294.400390625,15294.3798828125,20630200
2022-09-06,15339.2998046875,15386.75,15248.0,15313.0498046875,15313.029296875,23402700
2022-09-07,15222.25,15334.0,15199.400390625,15319.400390625,15319.3798828125,23294700
2022-09-08,15430.2001953125,15448.75,15365.7001953125,15440.7001953125,15440.6796875,19620900
2022-09-09,15547.5498046875,15548.849609375,15426.400390625,15467.400390625,15467.3798828125,18832800
2022-09-12,15524.7001953125,15600.150390625,15522.400390625,15577.400390625,15577.3798828125,14038300
2022-09-13,15667.349609375,15686.849609375,15635.150390625,15669.849609375,15669.8291015625,17992800
2022-09-14,15423.900390625,15688.099609375,15423.900390625,15630.7001953125,15630.6796875,20237900
2022-09-15,15686.0,15724.4501953125,15543.900390625,15580.349609375,15580.3291015625,18056700
2022-09-16,15529.349609375,15542.0,15197.900390625,15243.9501953125,15243.9306640625,25828900
2022-09-19,15264.25,15348.7998046875,15135.150390625,15293.5498046875,15293.529296875,15928100
2022-09-20,15423.5,15557.2998046875,15410.25,15470.349609375,15470.3291015625,15145400
2022-09-21,15449.25,15516.5,15320.0498046875,15361.25,15361.2294921875,16338000
2022-09-22,15284.599609375,15386.75,15224.9501953125,15335.2998046875,15335.279296875,18682200
2022-09-23,15324.2998046875,15360.2001953125,15032.75,15057.650390625,15057.630859375,17232300
2022-09-26,14916.900390625,14932.5,14671.0498046875,14725.7001953125,14725.6806640625,19942400
2022-09-27,14805.849609375,14874.4501953125,14652.2998046875,14727.2998046875,14727.2802734375,16767400
2022-09-28,14617.400390625,14768.25,14577.0498046875,14620.599609375,14620.580078125,15591200
2022-09-29,14748.2001953125,14783.75,14569.099609375,14602.5,14602.48046875,18135900
2022-09-30,14586.900390625,14881.2998046875,14516.2998046875,14829.349609375,14829.330078125,18679700
2022-10-03,14837.099609375,14858.650390625,14585.7998046875,14638.5,14638.48046875,16507500
2022-10-04,14869.5498046875,14975.599609375,14852.5498046875,14965.7998046875,14965.7802734375,15374400
2022-10-06,15063.5498046875,15119.900390625,15042.2001953125,15053.0498046875,15053.0302734375,16492500
2022-10-07,15030.2001953125,15055.650390625,14943.150390625,15036.7001953125,15036.6806640625,15358600
2022-10-10,14857.0,14989.0498046875,14818.5,14951.650390625,14951.630859375,14204600
2022-10-11,14980.4501953125,14982.75,14692.5498046875,14721.900390625,14721.880859375,14988000
2022-10-12,14761.4501953125,14844.849609375,14676.5498046875,14829.9501953125,14829.9306640625,14189900
2022-10-13,14811.2001953125,14832.349609375,14683.5498046875,14730.2998046875,14730.2802734375,13160400
2022-10-14,14979.150390625,14989.150390625,14803.7001953125,14815.099609375,14815.080078125,12700800
2022-10-17,14783.2001953125,14920.7001953125,14718.7998046875,14906.150390625,14906.130859375,14007300
2022-10-18,15009.099609375,15071.9501953125,15007.25,15056.5498046875,15056.5302734375,17377200
2022-10-19,15120.400390625,15153.0498046875,15039.7998046875,15068.599609375,15068.580078125,18958400
2022-10-20,14998.4501953125,15128.400390625,14979.599609375,15112.099609375,15112.080078125,19466800
2022-10-21,15159.599609375,15181.900390625,15036.099609375,15081.099609375,15081.080078125,16520100
2022-10-24,15225.4501953125,15248.0498046875,15179.150390625,15198.75,15198.73046875,3966500
2022-10-25,15251.75,15253.75,15143.4501953125,15158.099609375,15158.080078125,17178200
2022-10-27,15246.5498046875,15273.2998046875,15172.150390625,15244.25,15244.23046875,17901900
2022-10-28,15265.4501953125,15290.150390625,15191.599609375,15241.599609375,15241.580078125,14885300
2022-10-31,15333.150390625,15433.0498046875,15327.400390625,15424.0,15423.9794921875,14360800
2022-11-01,15507.9501953125,15545.849609375,15460.7001953125,15537.400390625,15537.3798828125,17563700
2022-11-02,15560.4501953125,15561.099609375,15470.400390625,15497.5498046875,15497.529296875,13563700
2022-11-03,15407.7998046875,15519.150390625,15401.2998046875,15484.7001953125,15484.6796875,15335800
2022-11-04,15495.75,15542.150390625,15454.2998046875,15530.849609375,15530.8291015625,17997500
2022-11-07,15610.9501953125,15647.25,15505.75,15615.150390625,15615.1298828125,20987100
2022-11-09,15684.4501953125,15686.349609375,15534.849609375,15567.25,15567.2294921875,22865100
2022-11-10,15490.25,15523.900390625,15384.349609375,15440.0,15439.9794921875,16961400
2022-11-11,15633.5,15662.0498046875,15612.4501953125,15649.099609375,15649.0791015625,23015400
2022-11-14,15672.5,15684.25,15627.75,15650.2001953125,15650.1796875,19758100
2022-11-15,15678.5,15708.900390625,15609.5,15693.900390625,15693.8798828125,14906000
2022-11-16,15696.5498046875,15711.2998046875,15607.25,15663.2998046875,15663.279296875,18956700
2022-11-17,15630.5498046875,15661.099609375,15573.9501953125,15597.25,15597.2294921875,17510700
2022-11-18,15634.2998046875,15644.7998046875,15472.349609375,15550.849609375,15550.8291015625,17409900
2022-11-21,15514.599609375,15523.150390625,15431.2001953125,15453.7998046875,15453.779296875,18970500
2022-11-22,15472.650390625,15518.099609375,15437.2998046875,15509.2001953125,15509.1796875,18894300
2022-11-23,15572.75,15572.900390625,15520.25,15538.150390625,15538.1298828125,19665600
2022-11-24,15588.4501953125,15706.5,15567.75,15680.7998046875,15680.779296875,19380200
2022-11-25,15719.7998046875,15743.099609375,15668.349609375,15727.25,15727.2294921875,25809200
2022-11-28,15683.75,15817.349609375,15642.7998046875,15784.4501953125,15784.4296875,24072600
2022-11-29,15784.5498046875,15859.349609375,15782.400390625,15812.4501953125,15812.4296875,20853400
2022-11-30,15827.4501953125,15991.599609375,15820.5498046875,15946.150390625,15946.1298828125,31486200
2022-12-01,16041.150390625,16041.650390625,15972.75,16003.9501953125,16003.9296875,20872600
2022-12-02,15977.5,15991.0498046875,15909.599609375,15963.5,15963.4794921875,22312000
2022-12-05,15994.9501953125,15999.7998046875,15881.7998046875,15967.2001953125,15967.1796875,23665500
2022-12-06,15904.099609375,15936.7001953125,15881.599609375,15922.849609375,15922.8291015625,23116300
2022-12-07,15932.25,15953.25,15836.0498046875,15862.0,15861.9794921875,20084400
2022-12-08,15881.7998046875,15918.75,15860.2998046875,15911.099609375,15911.0791015625,19672900
2022-12-09,15964.849609375,15967.2998046875,15727.349609375,15812.75,15812.7294921875,36793400
2022-12-12,15759.650390625,15836.849609375,15687.9501953125,15828.0,15827.9794921875,27913900
2022-12-13,15863.25,15913.7998046875,15830.650390625,15904.5,15904.4794921875,34973000
2022-12-14,15958.150390625,15988.5498046875,15946.2998046875,15963.7998046875,15963.779296875,44159300
2022-12-15,15938.0498046875,15968.2001953125,15758.849609375,15783.7998046875,15783.779296875,33354300
2022-12-16,15710.900390625,15799.349609375,15625.25,15636.349609375,15636.3291015625,28777500
2022-12-19,15658.849609375,15764.0,15606.150390625,15755.2001953125,15755.1796875,25370500
2022-12-20,15704.0498046875,15740.25,15580.7998046875,15726.2001953125,15726.1796875,23261300
2022-12-21,15772.9501953125,15812.0498046875,15497.599609375,15527.5498046875,15527.529296875,30620200
2022-12-22,15599.5498046875,15636.099609375,15369.599609375,15431.5,15431.4794921875,27560300
2022-12-23,15300.75,15349.349609375,15018.75,15046.0,15045.98046875,28171000
2022-12-27,15375.2001953125,15433.650390625,15278.599609375,15418.349609375,15418.3291015625,25513000
2022-12-28,15390.5498046875,15468.150390625,15363.650390625,15432.7998046875,15432.779296875,23697500
2022-12-29,15370.0,15517.4501953125,15307.0,15485.2001953125,15485.1796875,21215900
2022-12-30,15557.75,15581.9501953125,15425.650390625,15448.849609375,15448.8291015625,21417000
2023-01-02,15479.9501953125,15536.349609375,15433.2998046875,15523.650390625,15523.650390625,2100336300
2023-01-03,15515.75,15575.7001953125,15500.75,15557.7998046875,15557.7998046875,20771100
2023-01-04,15563.150390625,15574.5,15375.7998046875,15393.0,15393.0,21390500
2023-01-05,15446.5,15462.150390625,15286.400390625,15386.2001953125,15386.2001953125,17566700
2023-01-06,15401.349609375,15419.400390625,15219.849609375,15272.0,15272.0,17314600
2023-01-09,15360.400390625,15472.150390625,15353.349609375,15450.099609375,15450.099609375,16224900
2023-01-10,15470.0,15472.4501953125,15262.099609375,15325.25,15325.25,16031600
2023-01-11,15342.75,15375.099609375,15257.0,15301.349609375,15301.349609375,16188500
2023-01-12,15329.7001953125,15347.2001953125,15203.5498046875,15279.599609375,15279.599609375,15254100
2023-01-13,15295.900390625,15370.0498046875,15215.0,15346.099609375,15346.099609375,16543300
2023-01-16,15398.150390625,15421.25,15276.5,15305.4501953125,15305.4501953125,18627400
2023-01-17,15328.849609375,15411.0,15291.599609375,15396.150390625,15396.150390625,16620100
2023-01-18,15416.599609375,15479.650390625,15376.5,15466.349609375,15466.349609375,14567100
2023-01-19,15427.150390625,15455.150390625,15387.25,15419.7001953125,15419.7001953125,13979400
2023-01-20,15428.2001953125,15443.4501953125,15336.7001953125,15347.900390625,15347.900390625,14565800
2023-01-23,15411.5,15427.5,15364.25,15403.2001953125,15403.2001953125,17463500
2023-01-24,15451.2001953125,15459.2998046875,15364.2001953125,15388.5498046875,15388.5498046875,13851600
2023-01-25,15364.400390625,15368.7001953125,15146.400390625,15171.9501953125,15171.9501953125,17964600
2023-01-27,15160.150390625,15165.400390625,14779.099609375,14874.75,14874.75,23619800
2023-01-30,14807.5,14955.150390625,14675.0498046875,14854.2001953125,14854.2001953125,21766700
2023-01-31,14906.4501953125,14962.9501953125,14787.849609375,14935.5,14935.5,21357100
2023-02-01,15054.7998046875,15154.099609375,14622.650390625,14847.650390625,14847.650390625,26382500
2023-02-02,14760.349609375,14887.4501953125,14698.400390625,14839.400390625,14839.400390625,20569100
2023-02-03,14904.099609375,14972.150390625,14746.4501953125,14962.349609375,14962.349609375,20226200
2023-02-06,14939.400390625,14954.2998046875,14870.5498046875,14934.150390625,14934.150390625,21782900
2023-02-07,14950.150390625,14970.7998046875,14845.9501953125,14902.2001953125,14902.2001953125,16800000
2023-02-08,14927.5498046875,15046.7001953125,14924.0498046875,15028.2998046875,15028.2998046875,17301500
2023-02-09,15036.849609375,15054.75,14956.900390625,15030.099609375,15030.099609375,15692900
2023-02-10,14992.650390625,15031.099609375,14969.5498046875,15015.849609375,15015.849609375,15674600
2023-02-13,15011.349609375,15022.5498046875,14875.849609375,14900.5,14900.5,13892400
2023-02-14,14936.2001953125,14988.0,14879.349609375,14968.900390625,14968.900390625,13173500
2023-02-15,14939.0,15053.5498046875,14923.25,15039.650390625,15039.650390625,12612200
2023-02-16,15098.4501953125,15135.349609375,15060.0,15083.75,15083.75,12628100
2023-02-17,15036.25,15077.0,14966.2998046875,15003.9501953125,15003.9501953125,11788700
2023-02-20,15023.4501953125,15036.4501953125,14920.7001953125,14938.650390625,14938.650390625,14870400
2023-02-21,14982.0,14992.7001953125,14894.150390625,14913.9501953125,14913.9501953125,13621400
2023-02-22,14854.150390625,14861.0498046875,14674.25,14701.900390625,14701.900390625,14453300
2023-02-23,14715.2001953125,14740.7998046875,14599.099609375,14666.75,14666.75,17382800
2023-02-24,14723.400390625,14741.9501953125,14598.9501953125,14630.4501953125,14630.4501953125,14434600
2023-02-27,14600.900390625,14609.400390625,14465.7001953125,14548.7001953125,14548.7001953125,13597900
2023-02-28,14550.0,14584.4501953125,14476.0,14518.75,14518.75,20385500
2023-03-01,14557.0,14675.0498046875,14550.099609375,14664.849609375,14664.849609375,16097000
2023-03-02,14654.7998046875,14668.400390625,14575.9501953125,14587.25,14587.25,15599200
2023-03-03,14686.25,14813.0498046875,14676.0498046875,14774.75,14774.75,18314000
2023-03-06,14848.349609375,14942.0498046875,14843.7001953125,14881.0,14881.0,16186000
2023-03-08,14843.099609375,14932.400390625,14791.25,14921.9501953125,14921.9501953125,13836400
2023-03-09,14947.0498046875,14952.849609375,14788.900390625,14803.9501953125,14803.9501953125,13376000
2023-03-10,14695.0498046875,14699.349609375,14593.400390625,14679.849609375,14679.849609375,12540400
2023-03-13,14681.5498046875,14752.849609375,14420.5,14454.4501953125,14454.4501953125,18200100
2023-03-14,14462.0,14499.2001953125,14306.7998046875,14358.5498046875,14358.5498046875,15415200
2023-03-15,14458.150390625,14494.349609375,14298.150390625,14320.2998046875,14320.2998046875,13865700
2023-03-16,14328.5,14387.650390625,14189.0,14330.349609375,14330.349609375,21668100
2023-03-17,14436.25,14464.900390625,14327.75,14420.849609375,14420.849609375,23358000
2023-03-20,14389.849609375,14393.599609375,14196.5,14317.099609375,14317.099609375,16179700
2023-03-21,14379.0498046875,14428.150390625,14339.9501953125,14411.2998046875,14411.2998046875,13293900
2023-03-22,14470.0498046875,14497.150390625,14432.2001953125,14460.0,14460.0,0
2023-03-23,14422.9501953125,14490.650390625,14388.2998046875,14403.599609375,14403.599609375,11622300
2023-03-24,14409.0,14434.099609375,14257.5,14279.0,14279.0,13960500
2023-03-27,14306.599609375,14348.9501953125,14238.900390625,14262.7001953125,14262.7001953125,14815600
2023-03-28,14289.9501953125,14300.2001953125,14177.5,14211.7998046875,14211.7998046875,14615200
2023-03-29,14218.599609375,14377.2998046875,14218.599609375,14345.599609375,14345.599609375,19557100
2023-03-31,14442.2998046875,14577.150390625,14438.7998046875,14557.849609375,14557.849609375,17405600
2023-04-03,14621.0498046875,14621.0498046875,14541.599609375,14601.9501953125,14601.9501953125,13824900
2023-04-05,14620.7001953125,14718.900390625,14611.25,14709.400390625,14709.400390625,13452400
2023-04-06,14701.099609375,14786.0,14673.7001953125,14759.2001953125,14759.2001953125,13016900
2023-04-10,14797.349609375,14833.4501953125,14767.0,14790.5498046875,14790.5498046875,12063200
2023-04-11,14854.650390625,14893.599609375,14814.349609375,14867.25,14867.25,12444900
2023-04-12,14902.2001953125,14949.900390625,14871.900390625,14941.5498046875,14941.5498046875,11965900
2023-04-13,14946.4501953125,14965.7001953125,14885.25,14954.25,14954.25,12962500
2023-04-17,14970.349609375,14970.349609375,14794.4501953125,14904.2998046875,14904.2998046875,13960200
2023-04-18,14949.099609375,14949.099609375,14852.650390625,14897.0,14897.0,15883500
2023-04-19,14901.25,14905.599609375,14832.900390625,14856.900390625,14856.900390625,14657200
2023-04-20,14878.5498046875,14905.7998046875,14835.900390625,14861.75,14861.75,11133000
2023-04-21,14879.599609375,14888.650390625,14789.9501953125,14847.099609375,14847.099609375,14464900
2023-04-24,14903.9501953125,14937.2001953125,14841.599609375,14930.150390625,14930.150390625,15603800
2023-04-25,14945.7998046875,14981.2998046875,14916.349609375,14955.7001953125,14955.7001953125,19990300
2023-04-26,14954.2001953125,15003.099609375,14918.5498046875,14994.400390625,14994.400390625,21127900
2023-04-27,14999.900390625,15085.849609375,14989.2001953125,15075.0498046875,15075.0498046875,19847000
2023-04-28,15111.0498046875,15235.4501953125,15077.4501953125,15219.5498046875,15219.5498046875,22144800
2023-05-02,15276.2001953125,15327.75,15261.150390625,15300.75,15300.75,21880900
2023-05-03,15277.75,15305.0498046875,15239.5,15276.400390625,15276.400390625,21733900
2023-05-04,15282.25,15414.7001953125,15272.7001953125,15405.5,15405.5,22255200
2023-05-05,15330.349609375,15394.900390625,15265.849609375,15278.599609375,15278.599609375,21111500
2023-05-08,15321.900390625,15440.849609375,15310.75,15427.099609375,15427.099609375,17561300
2023-05-09,15462.75,15502.7001953125,15393.9501953125,15420.599609375,15420.599609375,18148500
2023-05-10,15458.0498046875,15476.099609375,15372.4501953125,15466.0498046875,15466.0498046875,16332600
2023-05-11,15512.349609375,15526.75,15461.849609375,15484.0498046875,15484.0498046875,15978800
2023-05-12,15475.0498046875,15506.150390625,15401.650390625,15477.349609375,15477.349609375,13497800
2023-05-15,15495.849609375,15591.9501953125,15464.650390625,15549.7001953125,15549.7001953125,13567700
2023-05-16,15584.400390625,15592.25,15476.650390625,15492.400390625,15492.400390625,17817900
2023-05-17,15508.25,15512.849609375,15367.0,15426.349609375,15426.349609375,17073900
2023-05-18,15506.650390625,15514.900390625,15346.849609375,15361.599609375,15361.599609375,15928500
2023-05-19,15399.5,15418.7998046875,15278.7001953125,15407.5498046875,15407.5498046875,13957600
2023-05-22,15409.0498046875,15517.650390625,15386.900390625,15504.0,15504.0,16992200
2023-05-23,15551.0498046875,15595.650390625,15528.75,15544.75,15544.75,14883100
2023-05-24,15517.2001953125,15591.400390625,15493.2998046875,15515.9501953125,15515.9501953125,17595700
2023-05-25,15510.2001953125,15568.5498046875,15474.150390625,15555.25,15555.25,17916200
2023-05-26,15589.5,15704.0,15567.849609375,15696.75,15696.75,15551800
2023-05-29,15791.75,15805.75,15758.150390625,15772.349609375,15772.349609375,17560100
2023-05-30,15784.25,15823.900390625,15759.349609375,15799.4501953125,15799.4501953125,16359800
2023-05-31,15773.7998046875,15789.2001953125,15706.5,15766.400390625,15766.400390625,34527400
2023-06-01,15801.9501953125,15823.9501953125,15743.400390625,15760.349609375,15760.349609375,17566700
2023-06-02,15816.7998046875,15838.4501953125,15774.650390625,15811.2001953125,15811.2001953125,18505700
2023-06-05,15877.4501953125,15899.150390625,15851.75,15859.5,15859.5,17899700
2023-06-06,15873.75,15895.7001953125,15816.7001953125,15878.400390625,15878.400390625,17273800
2023-06-07,15938.2998046875,16016.0,15920.25,16006.7001953125,16006.7001953125,31132700
2023-06-08,16021.7001953125,16048.7998046875,15906.150390625,15921.0498046875,15921.0498046875,23687500
2023-06-09,15947.9501953125,15961.7001953125,15866.7998046875,15877.400390625,15877.400390625,18992700
2023-06-12,15913.2001953125,15946.150390625,15874.400390625,15929.099609375,15929.099609375,17248900
2023-06-13,15964.7998046875,16057.5,15964.2998046875,16048.2001953125,16048.2001953125,19119800
2023-06-14,16082.150390625,16094.099609375,16035.150390625,16084.0498046875,16084.0498046875,20155200
2023-06-15,16106.849609375,16138.7001953125,16039.0498046875,16058.25,16058.25,17043200
2023-06-16,16100.900390625,16211.25,16091.7998046875,16181.4501953125,16181.4501953125,20414800
2023-06-19,16231.0498046875,16244.9501953125,16117.849609375,16142.150390625,16142.150390625,17333000
2023-06-20,16147.5498046875,16215.599609375,16080.9501953125,16199.9501953125,16199.9501953125,16932200
2023-06-21,16244.5498046875,16277.349609375,16201.400390625,16240.9501953125,16240.9501953125,18561500
2023-06-22,16252.75,16264.150390625,16128.7998046875,16140.7998046875,16140.7998046875,17972000
2023-06-23,16126.7001953125,16133.9501953125,15999.400390625,16011.7998046875,16011.7998046875,15066500
2023-06-26,16017.5,16079.0,15995.099609375,16066.150390625,16066.150390625,13334300
2023-06-27,16118.650390625,16171.2001953125,16104.2001953125,16163.5,16163.5,14832100
2023-06-28,16239.849609375,16296.0,16210.4501953125,16277.2001953125,16277.2001953125,20741900
2023-06-30,16354.9501953125,16437.44921875,16326.0,16430.0,16430.0,21663000
2023-07-03,16490.94921875,16541.900390625,16485.30078125,16527.94921875,16527.94921875,22143300
2023-07-04,16597.5,16599.25,16499.150390625,16556.05078125,16556.05078125,28937900
2023-07-05,16580.19921875,16611.150390625,16540.19921875,16597.19921875,16597.19921875,23384400
2023-07-06,16600.75,16703.30078125,16590.69921875,16695.05078125,16695.05078125,24845700
2023-07-07,16653.30078125,16718.19921875,16541.599609375,16564.900390625,16564.900390625,21794000
2023-07-10,16620.900390625,16623.94921875,16530.75,16553.75,16553.75,17837500
2023-07-11,16610.94921875,16698.80078125,16597.55078125,16648.0,16648.0,19751600
2023-07-12,16697.099609375,16703.25,16627.30078125,16641.05078125,16641.05078125,21120500
2023-07-13,16726.94921875,16774.5,16596.44921875,16623.900390625,16623.900390625,21563600
2023-07-14,16695.69921875,16786.0,16655.05078125,16765.44921875,16765.44921875,16827100
2023-07-17,16811.650390625,16884.94921875,16784.349609375,16872.05078125,16872.05078125,20461300
2023-07-18,16932.94921875,16940.150390625,16818.30078125,16872.0,16872.0,19999200
2023-07-19,16919.05078125,16964.25,16877.44921875,16953.5,16953.5,19868200
2023-07-20,16965.44921875,17051.0,16912.69921875,17042.55078125,17042.55078125,21616500
2023-07-21,16931.94921875,16991.400390625,16874.94921875,16904.30078125,16904.30078125,23571800
2023-07-24,16921.75,16948.400390625,16852.19921875,16865.150390625,16865.150390625,28840000
2023-07-25,16918.80078125,16918.849609375,16832.44921875,16896.900390625,16896.900390625,22880300
2023-07-26,16950.69921875,17011.0,16931.599609375,16975.0,16975.0,23136100
2023-07-27,17038.349609375,17056.19921875,16873.0,16919.19921875,16919.19921875,24802600
2023-07-28,16935.05078125,16960.5,16880.599609375,16948.349609375,16948.349609375,20685400
2023-07-31,16972.5,17072.80078125,16939.0,17059.0,17059.0,24434300
2023-08-01,17096.599609375,17102.099609375,17026.30078125,17051.150390625,17051.150390625,23309200
2023-08-02,17005.599609375,17018.849609375,16755.900390625,16858.94921875,16858.94921875,24246300
2023-08-03,16818.349609375,16878.75,16691.650390625,16772.30078125,16772.30078125,25498600
2023-08-04,16847.400390625,16914.44921875,16836.55078125,16890.599609375,16890.599609375,26290700
2023-08-07,16948.349609375,16970.05078125,16897.5,16956.349609375,16956.349609375,22503500
2023-08-08,16991.849609375,16998.150390625,16889.849609375,16949.25,16949.25,23945400
2023-08-09,16966.849609375,17011.94921875,16881.75,17003.849609375,17003.849609375,21148900
2023-08-10,16999.5,17013.44921875,16901.55078125,16939.849609375,16939.849609375,23453800
2023-08-11,16970.05078125,16972.05078125,16845.80078125,16860.150390625,16860.150390625,22768800
2023-08-14,16827.75,16854.099609375,16661.0,16825.55078125,16825.55078125,20268700
2023-08-16,16779.599609375,16867.80078125,16732.75,16853.05078125,16853.05078125,0
2023-08-17,16858.849609375,16869.400390625,16781.599609375,16802.25,16802.25,20478700
2023-08-18,16768.0,16803.25,16722.05078125,16757.69921875,16757.69921875,19005500
2023-08-21,16780.75,16872.55078125,16766.69921875,16852.05078125,16852.05078125,17652800
2023-08-22,16886.94921875,16925.44921875,16874.80078125,16905.25,16905.25,22516400
2023-08-23,16950.900390625,16981.849609375,16912.150390625,16950.25,16950.25,22837200
2023-08-24,17039.25,17074.25,16916.400390625,16930.150390625,16930.150390625,24143400
2023-08-25,16871.0,16905.69921875,16785.25,16820.849609375,16820.849609375,25050200
2023-08-28,16866.400390625,16918.25,16823.400390625,16875.30078125,16875.30078125,24426100
2023-08-29,16933.849609375,16938.80078125,16898.05078125,16927.30078125,16927.30078125,25140300
2023-08-30,17010.150390625,17035.599609375,16959.099609375,16968.94921875,16968.94921875,22475100
2023-08-31,17001.349609375,17011.80078125,16904.69921875,16924.30078125,16924.30078125,38895000
2023-09-01,16940.19921875,17088.099609375,16931.5,17074.55078125,17074.55078125,39465900
2023-09-04,17157.900390625,17191.19921875,17074.55078125,17180.94921875,17180.94921875,4456715100
2023-09-05,17228.19921875,17264.900390625,17180.94921875,17252.099609375,17252.099609375,37702500
2023-09-06,17274.19921875,17298.80078125,17198.75,17284.599609375,17284.599609375,30486500
2023-09-07,17292.349609375,17395.0,17269.099609375,17385.5,17385.5,27654800
2023-09-08,17437.650390625,17519.599609375,17385.5,17487.44921875,17487.44921875,29913900
2023-09-11,17567.19921875,17660.80078125,17550.19921875,17653.349609375,17653.349609375,37172200
2023-09-12,17753.94921875,17754.05078125,17422.05078125,17460.55078125,17460.55078125,44340200
2023-09-13,17458.400390625,17540.849609375,17364.349609375,17526.75,17526.75,34773200
2023-09-14,17593.25,17648.55078125,17546.0,17603.5,17603.5,29508800
2023-09-15,17662.80078125,17691.849609375,17620.900390625,17665.80078125,17665.80078125,41392000
2023-09-18,17666.849609375,17671.599609375,17601.55078125,17613.599609375,17613.599609375,44639200
2023-09-20,17513.19921875,17571.150390625,17419.75,17449.349609375,17449.349609375,30967800
2023-09-21,17409.099609375,17422.75,17273.099609375,17303.5,17303.5,28822700
2023-09-22,17314.400390625,17361.80078125,17226.05078125,17260.80078125,17260.80078125,30348000
2023-09-25,17276.349609375,17308.19921875,17198.19921875,17272.55078125,17272.55078125,23415700
2023-09-26,17284.900390625,17312.349609375,17250.30078125,17276.75,17276.75,23871700
2023-09-27,17270.400390625,17352.099609375,17217.44921875,17341.599609375,17341.599609375,24176400
2023-09-28,17384.05078125,17389.19921875,17147.0,17170.44921875,17170.44921875,29247500
2023-09-29,17227.55078125,17357.150390625,17205.19921875,17292.599609375,17292.599609375,20880800
2023-10-03,17294.5,17295.44921875,17201.69921875,17254.400390625,17254.400390625,24738400
2023-10-04,17195.55078125,17200.69921875,17032.599609375,17123.099609375,17123.099609375,29957400
2023-10-05,17202.25,17234.0,17154.30078125,17195.80078125,17195.80078125,24783900
2023-10-06,17263.349609375,17310.099609375,17237.099609375,17293.599609375,17293.599609375,22409800
2023-10-09,17170.5,17206.849609375,17096.650390625,17127.69921875,17127.69921875,23369400
2023-10-10,17184.55078125,17319.30078125,17184.55078125,17303.349609375,17303.349609375,20047300
2023-10-11,17380.650390625,17447.80078125,17375.5,17407.349609375,17407.349609375,21946300
2023-10-12,17438.30078125,17457.849609375,17402.44921875,17419.69921875,17419.69921875,21367300
2023-10-13,17323.05078125,17436.5,17306.55078125,17390.349609375,17390.349609375,22759700
2023-10-16,17390.349609375,17431.5,17353.150390625,17393.0,17393.0,21609200
2023-10-17,17490.05078125,17494.5,17437.94921875,17467.69921875,17467.69921875,21889100
2023-10-18,17484.349609375,17492.400390625,17332.30078125,17344.0,17344.0,23155700
2023-10-19,17251.19921875,17344.599609375,17202.25,17310.5,17310.5,20476800
2023-10-20,17258.30078125,17295.05078125,17190.599609375,17208.75,17208.75,25928300
2023-10-23,17204.75,17224.80078125,16859.849609375,16888.69921875,16888.69921875,25439800
2023-10-25,16912.400390625,16967.099609375,16677.150390625,16760.80078125,16760.80078125,24536000
2023-10-26,16678.69921875,16689.099609375,16466.25,16555.44921875,16555.44921875,25590800
2023-10-27,16636.05078125,16793.099609375,16634.599609375,16765.44921875,16765.44921875,21446600
2023-10-30,16784.94921875,16837.80078125,16661.94921875,16826.099609375,16826.099609375,20563300
2023-10-31,16909.69921875,16910.0,16785.55078125,16801.099609375,16801.099609375,18455500
2023-11-01,16808.5,16834.099609375,16719.099609375,16732.94921875,16732.94921875,23946000
2023-11-02,16849.94921875,16903.75,16823.0,16890.80078125,16890.80078125,22356100
2023-11-03,16990.349609375,17027.44921875,16983.05078125,17000.94921875,17000.94921875,24482900
2023-11-06,17105.349609375,17168.75,17080.94921875,17159.400390625,17159.400390625,18888700
2023-11-07,17170.349609375,17200.599609375,17120.75,17187.80078125,17187.80078125,21619300
2023-11-08,17242.650390625,17269.25,17215.0,17259.69921875,17259.69921875,23112000
2023-11-09,17284.94921875,17288.599609375,17209.55078125,17218.900390625,17218.900390625,21496900
2023-11-10,17189.69921875,17274.900390625,17156.849609375,17256.599609375,17256.599609375,16533000
2023-11-13,17335.0,17339.150390625,17278.650390625,17318.599609375,17318.599609375,22743900
2023-11-15,17493.30078125,17518.900390625,17448.30078125,17508.05078125,17508.05078125,27787100
2023-11-16,17518.099609375,17668.650390625,17486.5,17593.099609375,17593.099609375,22354800
2023-11-17,17537.44921875,17649.05078125,17528.849609375,17600.5,17600.5,29718400
2023-11-20,17618.55078125,17636.400390625,17556.099609375,17573.650390625,17573.650390625,21843200
2023-11-21,17644.5,17665.0,17617.19921875,17627.599609375,17627.599609375,20175000
2023-11-22,17637.44921875,17654.599609375,17533.75,17627.69921875,17627.69921875,18139100
2023-11-23,17654.150390625,17693.25,17627.349609375,17639.400390625,17639.400390625,16889200
2023-11-24,17661.30078125,17684.150390625,17631.75,17643.5,17643.5,18055700
2023-11-28,17701.05078125,17760.0,17665.650390625,17741.80078125,17741.80078125,22613200
2023-11-29,17831.650390625,17911.349609375,17823.44921875,17904.099609375,17904.099609375,22418200
2023-11-30,17926.900390625,18007.099609375,17845.900390625,17987.94921875,17987.94921875,46145900
2023-12-01,18061.80078125,18141.650390625,18053.150390625,18115.349609375,18115.349609375,24790000
2023-12-04,18422.349609375,18460.0,18315.44921875,18448.5,18448.5,29478500
2023-12-05,18541.30078125,18594.900390625,18453.650390625,18588.55078125,18588.55078125,28525000
2023-12-06,18677.25,18698.80078125,18594.400390625,18680.0,18680.0,27288500
2023-12-07,18696.75,18721.80078125,18619.75,18703.849609375,18703.849609375,32793000
2023-12-08,18752.25,18785.69921875,18588.150390625,18703.5,18703.5,35541800
2023-12-11,18726.349609375,18780.44921875,18710.150390625,18770.19921875,18770.19921875,29109900
2023-12-12,18809.900390625,18819.69921875,18635.349609375,18686.80078125,18686.80078125,33150900
2023-12-13,18723.69921875,18770.44921875,18601.5,18751.44921875,18751.44921875,29800900
2023-12-14,18906.400390625,18996.25,18893.75,18973.849609375,18973.849609375,39641300
2023-12-15,19071.94921875,19165.099609375,19020.55078125,19145.05078125,19145.05078125,40267000
2023-12-18,19149.150390625,19201.55078125,19073.099609375,19155.55078125,19155.55078125,34119200
2023-12-19,19212.55078125,19213.55078125,19067.19921875,19169.25,19169.25,29523800
2023-12-20,19264.400390625,19303.599609375,18727.099609375,18779.44921875,18779.44921875,38696000
2023-12-21,18647.849609375,18965.80078125,18582.94921875,18941.80078125,18941.80078125,30612700
2023-12-22,19011.25,19089.94921875,18934.75,19054.69921875,19054.69921875,26069600
2023-12-26,19095.0,19173.80078125,19059.400390625,19148.849609375,19148.849609375,22132200
2023-12-27,19219.400390625,19312.30078125,19189.80078125,19296.94921875,19296.94921875,20854200
2023-12-28,19358.349609375,19414.55078125,19313.099609375,19399.25,19399.25,32391400
2023-12-29,19394.5,19450.099609375,19338.349609375,19429.150390625,19429.150390625,42430900
2024-01-02,19496.80078125,19499.80078125,19271.650390625,19418.400390625,19418.400390625,40598500
2024-01-03,19434.30078125,19442.19921875,19343.150390625,19367.150390625,19367.150390625,36356200
2024-01-04,19451.80078125,19560.400390625,19433.5,19541.25,19541.25,32459600
2024-01-05,19602.099609375,19637.099609375,19490.94921875,19590.599609375,19590.599609375,40342900
2024-01-08,19636.0,19641.849609375,19400.599609375,19417.69921875,19417.69921875,35203500
2024-01-09,19549.5,19596.05078125,19439.099609375,19459.55078125,19459.55078125,37052500
2024-01-10,19463.55078125,19532.30078125,19354.099609375,19517.849609375,19517.849609375,36103400
2024-01-11,19589.75,19626.5,19532.30078125,19584.349609375,19584.349609375,33718400
2024-01-12,19691.25,19775.900390625,19635.75,19745.599609375,19745.599609375,31008900
2024-01-15,19876.5,19896.900390625,19763.80078125,19885.55078125,19885.55078125,35121900
2024-01-16,19894.30078125,19923.30078125,19736.19921875,19827.55078125,19827.55078125,41454800
2024-01-17,19556.400390625,19707.69921875,19470.05078125,19487.599609375,19487.599609375,41490700
2024-01-18,19388.400390625,19468.650390625,19143.5,19414.80078125,19414.80078125,37178000
2024-01-19,19555.94921875,19618.94921875,19537.150390625,19606.400390625,19606.400390625,37538800
2024-01-23,19743.5,19752.349609375,19158.75,19206.44921875,19206.44921875,44759000
2024-01-24,19193.150390625,19470.650390625,19080.5,19451.0,19451.0,41769400
2024-01-25,19479.650390625,19480.05078125,19289.80078125,19393.0,19393.0,38563500
2024-01-29,19475.400390625,19728.900390625,19470.05078125,19711.650390625,19711.650390625,41540400
2024-01-30,19770.25,19799.25,19558.80078125,19574.19921875,19574.19921875,39664800
2024-01-31,19574.150390625,19813.30078125,19546.400390625,19802.099609375,19802.099609375,35992100
2024-02-01,19869.94921875,19871.25,19703.75,19777.349609375,19777.349609375,42128500
2024-02-02,19884.650390625,20101.150390625,19874.80078125,19910.80078125,19910.80078125,49946000
2024-02-05,19989.650390625,20044.0,19805.75,19853.5,19853.5,51778800
2024-02-06,19923.19921875,20044.44921875,19824.849609375,20033.75,20033.75,45963000
2024-02-07,20157.19921875,20169.900390625,20011.44921875,20109.55078125,20109.55078125,58018300
2024-02-08,20207.55078125,20209.05078125,19949.349609375,19987.55078125,19987.55078125,55978000
2024-02-09,20015.0,20040.650390625,19745.44921875,19961.5,19961.5,54127000
2024-02-12,19999.94921875,20015.0,19634.599609375,19675.19921875,19675.19921875,40401200
2024-02-13,19709.80078125,19796.05078125,19508.75,19782.900390625,19782.900390625,39268800
2024-02-14,19618.099609375,19943.75,19579.19921875,19922.30078125,19922.30078125,34524400
2024-02-15,20011.69921875,20065.75,19952.0,20037.0,20037.0,35406900
2024-02-16,20136.849609375,20191.44921875,20098.099609375,20164.900390625,20164.900390625,31059200
2024-02-20,20242.650390625,20285.80078125,20190.69921875,20271.900390625,20271.900390625,26832800
2024-02-21,20329.099609375,20342.30078125,20077.80078125,20128.30078125,20128.30078125,31364400
2024-02-22,20179.25,20308.900390625,20004.099609375,20283.94921875,20283.94921875,31743900
2024-02-23,20358.69921875,20365.650390625,20280.150390625,20313.5,20313.5,39835600
2024-02-26,20299.5,20335.75,20210.349609375,20255.80078125,20255.80078125,28150900
2024-02-27,20249.25,20329.099609375,20234.94921875,20292.849609375,20292.849609375,28512700
2024-02-28,20323.5,20335.650390625,19987.349609375,20020.400390625,20020.400390625,38512900
2024-02-29,20009.25,20160.05078125,19901.30078125,20090.05078125,20090.05078125,48948700
2024-03-01,20171.900390625,20360.19921875,20171.0,20349.80078125,20349.80078125,28202800
2024-03-04,20456.75,20482.599609375,20383.150390625,20432.05078125,20432.05078125,25412600
2024-03-05,20422.30078125,20440.400390625,20328.0,20382.0,20382.0,27107000
2024-03-06,20368.75,20396.75,20139.349609375,20379.55078125,20379.55078125,35547900
2024-03-07,20413.650390625,20471.349609375,20384.5,20434.80078125,20434.80078125,24346300
2024-03-11,20478.75,20483.25,20264.30078125,20288.75,20288.75,22816800
2024-03-12,20299.80078125,20326.25,20135.30078125,20171.400390625,20171.400390625,24347400
2024-03-13,20236.80078125,20247.900390625,19549.5,19646.30078125,19646.30078125,41486300
2024-03-14,19598.400390625,19933.900390625,19514.69921875,19916.349609375,19916.349609375,38249400
2024-03-15,19867.75,19942.400390625,19671.150390625,19825.19921875,19825.19921875,41574600
2024-03-18,19804.30078125,19894.44921875,19709.19921875,19843.099609375,19843.099609375,22428300
2024-03-19,19785.80078125,19798.94921875,19594.099609375,19610.55078125,19610.55078125,21287100
2024-03-20,19651.69921875,19697.44921875,19465.849609375,19632.05078125,19632.05078125,21521000
2024-03-21,19790.849609375,19916.44921875,19790.849609375,19897.400390625,19897.400390625,22056500
2024-03-22,19855.0,20048.599609375,19806.69921875,19994.599609375,19994.599609375,26015800
2024-03-26,19895.55078125,20044.5,19895.30078125,20005.25,20005.25,23428500
2024-03-27,20063.0,20174.400390625,20063.0,20087.80078125,20087.80078125,28219300
2024-03-28,20150.349609375,20380.5,20146.150390625,20255.150390625,20255.150390625,26471400
2024-04-01,20392.25,20504.5,20387.05078125,20492.55078125,20492.55078125,24756300
2024-04-02,20524.150390625,20579.25,20481.849609375,20569.75,20569.75,28128700
2024-04-03,20528.19921875,20657.900390625,20496.55078125,20605.69921875,20605.69921875,30258700
2024-04-04,20755.349609375,20772.400390625,20537.5,20664.650390625,20664.650390625,33121800
2024-04-05,20654.75,20730.150390625,20609.900390625,20715.099609375,20715.099609375,28297700
2024-04-08,20806.849609375,20866.099609375,20768.5,20819.099609375,20819.099609375,27481500
2024-04-09,20912.75,20912.75,20741.5,20790.69921875,20790.69921875,22792400
2024-04-10,20864.55078125,20933.849609375,20822.849609375,20915.19921875,20915.19921875,25719500
2024-04-12,20873.19921875,20931.400390625,20735.150390625,20745.5,20745.5,32597400
2024-04-15,20493.30078125,20623.80078125,20362.30078125,20478.75,20478.75,31952800
2024-04-16,20361.25,20495.19921875,20326.25,20423.0,20423.0,31141100
2024-04-18,20515.150390625,20617.099609375,20291.150390625,20324.69921875,20324.69921875,29636300
2024-04-19,20178.25,20428.400390625,20038.349609375,20385.19921875,20385.19921875,27183000
2024-04-22,20566.19921875,20604.099609375,20468.099609375,20574.849609375,20574.849609375,36990800
2024-04-23,20687.900390625,20689.75,20621.55078125,20652.650390625,20652.650390625,48926300
2024-04-24,20723.19921875,20772.55078125,20710.19921875,20730.650390625,20730.650390625,36984300
2024-04-25,20690.849609375,20894.0,20686.69921875,20867.900390625,20867.900390625,107777900
2024-04-26,20926.400390625,20941.099609375,20814.5,20839.349609375,20839.349609375,66099300
2024-04-29,20911.099609375,21002.099609375,20847.849609375,20992.19921875,20992.19921875,41065400
2024-04-30,21052.349609375,21146.5,20971.849609375,20997.19921875,20997.19921875,36823500
2024-05-02,21010.44921875,21126.099609375,21009.349609375,21083.599609375,21083.599609375,32855900
2024-05-03,21193.44921875,21208.69921875,20830.650390625,20959.55078125,20959.55078125,40630500
2024-05-06,21044.099609375,21048.94921875,20805.05078125,20864.94921875,20864.94921875,30888200
2024-05-07,20911.349609375,20914.900390625,20548.80078125,20636.05078125,20636.05078125,37453900
2024-05-08,20586.80078125,20768.75,20516.25,20704.900390625,20704.900390625,27005200
2024-05-09,20681.099609375,20736.25,20318.900390625,20344.80078125,20344.80078125,26295900
2024-05-10,20398.0,20482.05078125,20299.099609375,20469.099609375,20469.099609375,22511100
2024-05-13,20471.650390625,20540.25,20184.099609375,20511.0,20511.0,24038600
2024-05-14,20544.349609375,20709.75,20508.0,20683.80078125,20683.80078125,26136600
2024-05-15,20744.5,20811.25,20681.900390625,20741.849609375,20741.849609375,21688100
2024-05-16,20846.849609375,20950.55078125,20667.80078125,20929.05078125,20929.05078125,24680000
2024-05-17,20967.400390625,21078.650390625,20934.44921875,21064.55078125,21064.55078125,26742600
2024-05-21,21114.650390625,21224.69921875,21068.849609375,21187.650390625,21187.650390625,35418000
2024-05-22,21255.19921875,21261.75,21103.19921875,21237.75,21237.75,29683000
2024-05-23,21280.05078125,21505.25,21249.150390625,21489.55078125,21489.55078125,34296400
2024-05-24,21483.0,21567.44921875,21444.94921875,21483.75,21483.75,52358500
2024-05-27,21573.80078125,21613.599609375,21439.150390625,21493.0,21493.0,35971800
2024-05-28,21542.5,21558.150390625,21345.349609375,21387.349609375,21387.349609375,28460800
2024-05-29,21288.349609375,21356.150390625,21243.19921875,21256.30078125,21256.30078125,25281000
2024-05-30,21201.80078125,21262.849609375,20983.94921875,21038.55078125,21038.55078125,35289300
2024-05-31,21129.349609375,21177.25,21003.0,21103.30078125,21103.30078125,64228200
2024-06-03,21926.599609375,21926.599609375,21629.30078125,21797.400390625,21797.400390625,52059200
2024-06-04,21753.349609375,21753.349609375,19624.25,20323.849609375,20323.849609375,92929300
2024-06-05,20570.75,21092.150390625,20116.599609375,21054.400390625,21054.400390625,55213500
2024-06-06,21253.69921875,21462.80078125,21193.19921875,21365.0,21365.0,38366900
2024-06-07,21390.19921875,21781.349609375,21333.5,21764.150390625,21764.150390625,37282200
2024-06-10,21844.30078125,21930.5,21758.30078125,21808.25,21808.25,37085600
2024-06-11,21856.349609375,21961.44921875,21782.349609375,21852.0,21852.0,44745100
2024-06-12,21935.19921875,22023.900390625,21904.69921875,21960.94921875,21960.94921875,35472600
2024-06-13,22120.75,22120.80078125,21992.150390625,22074.30078125,22074.30078125,31190000
2024-06-14,22148.25,22229.400390625,22054.150390625,22214.30078125,22214.30078125,34231400
2024-06-18,22323.55078125,22338.150390625,22253.349609375,22329.599609375,22329.599609375,32391200
2024-06-19,22406.30078125,22406.30078125,22127.25,22224.900390625,22224.900390625,52210600
2024-06-20,22293.55078125,22333.599609375,22182.19921875,22305.099609375,22305.099609375,34702700
2024-06-21,22392.599609375,22393.30078125,22186.19921875,22236.19921875,22236.19921875,48207200
2024-06-24,22150.650390625,22309.099609375,22073.650390625,22289.099609375,22289.099609375,32202800
2024-06-25,22349.75,22391.75,22287.099609375,22370.650390625,22370.650390625,26474200
2024-06-26,22379.5,22464.849609375,22309.5,22436.80078125,22436.80078125,38300800
2024-06-27,22459.900390625,22571.650390625,22395.900390625,22537.400390625,22537.400390625,42989900
2024-06-28,22592.25,22673.650390625,22537.69921875,22559.69921875,22559.69921875,43007900
2024-07-01,22580.400390625,22739.69921875,22570.400390625,22727.599609375,22727.599609375,0
2024-07-02,22806.30078125,22810.650390625,22592.19921875,22677.80078125,22677.80078125,0
2024-07-03,22820.55078125,22871.650390625,22764.099609375,22851.19921875,22851.19921875,0
2024-07-04,22937.599609375,22962.80078125,22866.69921875,22914.19921875,22914.19921875,30704400
2024-07-05,22878.5,23011.80078125,22838.19921875,22987.650390625,22987.650390625,41259000
2024-07-08,23029.349609375,23040.75,22897.94921875,22971.150390625,22971.150390625,37034300
2024-07-09,23035.05078125,23082.349609375,22974.94921875,23067.349609375,23067.349609375,32561800
2024-07-10,23124.150390625,23125.30078125,22685.650390625,22977.650390625,22977.650390625,32958800
2024-07-11,23059.94921875,23063.099609375,22904.30078125,23005.25,23005.25,33766300
2024-07-12,23086.25,23189.400390625,23021.400390625,23095.44921875,23095.44921875,35369700
2024-07-15,23188.80078125,23234.30078125,23081.30078125,23209.849609375,23209.849609375,34314300
2024-07-16,23258.19921875,23288.05078125,23181.349609375,23204.25,23204.25,34335200
2024-07-18,23167.650390625,23233.849609375,22993.55078125,23210.05078125,23210.05078125,35622300
2024-07-19,23232.5,23232.5,22833.0,22853.599609375,22853.599609375,30218600
2024-07-22,22761.5,23001.05078125,22667.75,22942.650390625,22942.650390625,29609000
2024-07-23,23022.80078125,23031.94921875,22307.19921875,22865.19921875,22865.19921875,45631600
2024-07-24,22856.849609375,22965.44921875,22816.75,22921.44921875,22921.44921875,31512400
2024-07-25,22753.19921875,22938.650390625,22732.19921875,22917.25,22917.25,34439400
2024-07-26,22970.400390625,23306.75,22965.5,23292.05078125,23292.05078125,34525200
2024-07-29,23423.150390625,23496.400390625,23326.05078125,23394.19921875,23394.19921875,36107300
2024-07-30,23421.19921875,23530.0,23381.349609375,23440.900390625,23440.900390625,29987100
2024-07-31,23495.849609375,23556.0,23459.599609375,23530.80078125,23530.80078125,32149100
2024-08-01,23608.849609375,23637.75,23429.55078125,23506.599609375,23506.599609375,29214900
2024-08-02,23296.099609375,23395.099609375,23225.650390625,23259.44921875,23259.44921875,30923600
2024-08-05,22772.55078125,22868.349609375,22397.69921875,22542.44921875,22542.44921875,40193400
2024-08-06,22696.94921875,22910.75,22406.05078125,22443.30078125,22443.30078125,27000600
2024-08-07,22773.44921875,22870.849609375,22650.80078125,22848.900390625,22848.900390625,24591600
2024-08-08,22842.0,22905.599609375,22676.0,22705.69921875,22705.69921875,24382600
2024-08-09,22948.150390625,22982.44921875,22869.400390625,22923.5,22923.5,21118900
2024-08-12,22862.900390625,22993.25,22753.75,22915.849609375,22915.849609375,25324300
2024-08-13,22952.69921875,22962.75,22684.44921875,22705.80078125,22705.80078125,27582500
2024-08-14,22765.650390625,22778.94921875,22599.94921875,22672.650390625,22672.650390625,23576200
2024-08-16,22846.099609375,23071.75,22750.30078125,23056.5,23056.5,20454900
2024-08-19,23174.19921875,23195.599609375,23104.099609375,23139.75,23139.75,21337100
2024-08-20,23223.599609375,23292.69921875,23175.400390625,23280.349609375,23280.349609375,21727000
2024-08-21,23283.75,23383.19921875,23256.25,23368.650390625,23368.650390625,22340700
2024-08-22,23467.150390625,23474.849609375,23408.94921875,23440.69921875,23440.69921875,21863200
2024-08-23,23485.30078125,23496.849609375,23401.0,23418.650390625,23418.650390625,23411800
2024-08-26,23514.30078125,23579.75,23466.75,23561.75,23561.75,19994300
2024-08-27,23592.0,23633.19921875,23555.55078125,23604.849609375,23604.849609375,22130300
2024-08-28,23646.80078125,23679.349609375,23547.25,23615.94921875,23615.94921875,24488600
2024-08-29,23618.25,23664.349609375,23494.44921875,23631.400390625,23631.400390625,29804300
2024-08-30,23728.55078125,23766.400390625,23673.94921875,23734.55078125,23734.55078125,70150200
2024-09-02,23835.19921875,23835.19921875,23693.650390625,23760.69921875,23760.69921875,25228700
2024-09-03,23817.0,23817.55078125,23771.19921875,23788.44921875,23788.44921875,18146200
2024-09-04,23611.80078125,23761.400390625,23605.349609375,23748.900390625,23748.900390625,20620200
2024-09-05,23821.0,23836.349609375,23749.05078125,23762.80078125,23762.80078125,23179400
2024-09-06,23746.0,23794.349609375,23434.900390625,23477.69921875,23477.69921875,38704200
2024-09-09,23452.849609375,23526.55078125,23294.44921875,23502.150390625,23502.150390625,23648800
2024-09-10,23591.849609375,23712.94921875,23531.650390625,23643.650390625,23643.650390625,22265300
2024-09-11,23665.099609375,23723.05078125,23498.150390625,23531.25,23531.25,23090100
2024-09-12,23680.0,23934.599609375,23593.599609375,23907.349609375,23907.349609375,23740100
2024-09-13,23966.5,23966.55078125,23885.19921875,23928.19921875,23928.19921875,20577800
2024-09-16,24006.150390625,24026.0,23917.5,23968.19921875,23968.19921875,17209800
2024-09-17,24008.25,24008.25,23912.55078125,23969.900390625,23969.900390625,16183800
2024-09-18,23972.55078125,24000.30078125,23800.849609375,23898.650390625,23898.650390625,18564600
2024-09-19,24012.30078125,24078.0,23702.0,23853.94921875,23853.94921875,45138100
2024-09-20,23956.55078125,24243.150390625,23885.0,24193.80078125,24193.80078125,42372300
2024-09-23,24294.80078125,24393.69921875,24262.30078125,24379.19921875,24379.19921875,35691300
2024-09-24,24390.05078125,24429.0,24353.75,24389.69921875,24389.69921875,26025400
2024-09-25,24377.25,24394.349609375,24268.5,24371.25,24371.25,29281600
2024-09-26,24399.150390625,24512.650390625,24338.400390625,24496.900390625,24496.900390625,30998100
2024-09-27,24529.55078125,24573.400390625,24469.0,24489.55078125,24489.55078125,41993700
2024-09-30,24410.0,24456.099609375,24217.400390625,24245.19921875,24245.19921875,26120900
2024-10-01,24248.5,24329.44921875,24191.05078125,24271.30078125,24271.30078125,22116800
2024-10-03,23931.849609375,24122.0,23713.0,23755.44921875,23755.44921875,27320600
2024-10-04,23704.94921875,23920.30078125,23483.400390625,23534.94921875,23534.94921875,26223100
2024-10-07,23616.349609375,23659.650390625,23089.5,23181.94921875,23181.94921875,30375500
2024-10-08,23175.19921875,23544.80078125,23106.5,23512.55078125,23512.55078125,25631100
2024-10-09,23600.099609375,23797.44921875,23570.69921875,23599.599609375,23599.599609375,25890900
2024-10-10,23695.55078125,23755.5,23580.599609375,23598.150390625,23598.150390625,19427900
2024-10-11,23608.30078125,23654.0,23546.30078125,23611.25,23611.25,17121900
2024-10-14,23670.5,23740.19921875,23646.099609375,23727.05078125,23727.05078125,16763300
2024-10-15,23800.400390625,23814.94921875,23662.30078125,23735.69921875,23735.69921875,17789200
2024-10-16,23702.849609375,23768.150390625,23588.80078125,23673.150390625,23673.150390625,17373100
2024-10-17,23717.30078125,23720.150390625,23366.0,23377.0,23377.0,17807000
2024-10-18,23285.650390625,23471.19921875,23120.94921875,23440.69921875,23440.69921875,19475900
2024-10-21,23527.599609375,23559.05078125,23224.55078125,23263.25,23263.25,20166200
2024-10-22,23277.099609375,23306.19921875,22789.69921875,22814.44921875,22814.44921875,24168100
2024-10-23,22751.80078125,22989.05078125,22673.30078125,22841.099609375,22841.099609375,26061900
2024-10-24,22841.849609375,22893.19921875,22747.55078125,22787.849609375,22787.849609375,19531500
2024-10-25,22819.80078125,22839.19921875,22362.80078125,22499.05078125,22499.05078125,26167800
2024-10-28,22548.69921875,22756.05078125,22407.0,22649.94921875,22649.94921875,29092800
2024-10-29,22670.80078125,22808.80078125,22450.0,22795.05078125,22795.05078125,23194400
2024-10-30,22731.150390625,22896.55078125,22685.400390625,22749.80078125,22749.80078125,27854400
2024-10-31,22758.599609375,22779.5,22621.099609375,22689.349609375,22689.349609375,24362900
2024-11-01,22806.94921875,22881.5,22799.69921875,22823.55078125,22823.55078125,6042900
2024-11-04,22831.80078125,22832.650390625,22362.650390625,22518.30078125,22518.30078125,22594400
2024-11-05,22458.30078125,22697.5,22343.94921875,22679.849609375,22679.849609375,21434200
2024-11-06,22782.19921875,23052.19921875,22720.30078125,23031.19921875,23031.19921875,21578000
2024-11-07,23067.150390625,23073.55078125,22793.900390625,22806.25,22806.25,20350800
2024-11-08,22821.900390625,22857.099609375,22600.25,22645.650390625,22645.650390625,19203600
2024-11-11,22590.099609375,22770.55078125,22478.69921875,22591.400390625,22591.400390625,20059500
2024-11-12,22664.19921875,22721.900390625,22286.849609375,22331.05078125,22331.05078125,17128100
2024-11-13,22263.0,22309.80078125,21867.69921875,21914.94921875,21914.94921875,23256700
2024-11-14,21924.099609375,22096.849609375,21907.55078125,21963.099609375,21963.099609375,19082200
2024-11-18,22045.900390625,22049.150390625,21787.349609375,21899.400390625,21899.400390625,20564200
2024-11-19,21977.650390625,22233.400390625,21948.44921875,22004.349609375,22004.349609375,19033700
2024-11-21,21947.75,21954.19921875,21692.80078125,21820.849609375,21820.849609375,26353500
2024-11-22,21864.650390625,22260.150390625,21819.19921875,22225.55078125,22225.55078125,23049700
2024-11-25,22578.650390625,22676.25,22510.80078125,22553.5,22553.5,37062000
2024-11-26,22649.30078125,22675.69921875,22523.0,22562.44921875,22562.44921875,32509700
2024-11-27,22594.19921875,22732.099609375,22526.099609375,22691.69921875,22691.69921875,27765700
2024-11-28,22722.30078125,22821.75,22472.25,22514.349609375,22514.349609375,30300900
2024-11-29,22537.80078125,22733.75,22531.900390625,22687.0,22687.0,24656200
2024-12-02,22695.400390625,22843.5,22603.099609375,22835.849609375,22835.849609375,18255400
2024-12-03,22922.599609375,23029.55078125,22876.80078125,23020.849609375,23020.849609375,21659200
2024-12-04,23075.94921875,23149.900390625,22978.849609375,23099.5,23099.5,26977000
2024-12-05,23183.30078125,23357.099609375,22993.849609375,23277.94921875,23277.94921875,27902600
2024-12-06,23315.80078125,23358.19921875,23221.69921875,23312.099609375,23312.099609375,24696700
2024-12-09,23289.400390625,23351.900390625,23243.30078125,23292.0,23292.0,22821900
2024-12-10,23328.80078125,23341.349609375,23216.25,23314.900390625,23314.900390625,21731600
2024-12-11,23326.69921875,23394.19921875,23301.150390625,23358.150390625,23358.150390625,17613100
2024-12-12,23348.69921875,23386.25,23242.75,23256.400390625,23256.400390625,19632100
2024-12-13,23208.349609375,23378.55078125,22879.900390625,23358.94921875,23358.94921875,21518400
2024-12-16,23370.55078125,23417.650390625,23281.19921875,23352.44921875,23352.44921875,14889800
2024-12-17,23308.900390625,23349.099609375,23067.30078125,23095.75,23095.75,19211800
2024-12-18,23076.94921875,23125.55078125,22876.69921875,22934.400390625,22934.400390625,17807500
2024-12-19,22594.94921875,22782.25,22590.0,22752.150390625,22752.150390625,17201400
2024-12-20,22783.650390625,22855.0,22279.900390625,22319.400390625,22319.400390625,25841100
2024-12-23,22446.599609375,22535.19921875,22331.5,22412.30078125,22412.30078125,15840200
2024-12-24,22431.599609375,22516.30078125,22340.099609375,22402.69921875,22402.69921875,13500400
2024-12-26,22444.69921875,22492.30078125,22324.599609375,22430.349609375,22430.349609375,14200
2024-12-27,22473.900390625,22555.44921875,22435.55078125,22445.19921875,22445.19921875,11665400
2024-12-30,22438.150390625,22522.400390625,22266.150390625,22357.150390625,22357.150390625,30031300
2024-12-31,22273.69921875,22414.44921875,22160.150390625,22375.400390625,22375.400390625,20703900
2025-01-02,22521.75,22833.349609375,22482.69921875,22819.75,22819.75,18525200
2025-01-03,22850.099609375,22867.849609375,22681.30078125,22708.150390625,22708.150390625,22010400
2025-01-06,22753.650390625,22757.400390625,22163.55078125,22225.400390625,22225.400390625,24961500
2025-01-07,22278.150390625,22435.5,22247.75,22341.650390625,22341.650390625,19294300
2025-01-08,22378.150390625,22384.25,22065.19921875,22231.80078125,22231.80078125,19023200
2025-01-09,22231.05078125,22239.19921875,22028.5,22046.55078125,22046.55078125,16939500
2025-01-10,22049.400390625,22075.400390625,21738.44921875,21799.0,21799.0,19746200
2025-01-13,21557.0,21630.55078125,21194.44921875,21243.44921875,21243.44921875,26118000
2025-01-14,21328.0,21528.69921875,21325.0,21481.05078125,21481.05078125,25453100
2025-01-15,21572.44921875,21634.599609375,21445.400390625,21551.19921875,21551.19921875,30942300
2025-01-16,21734.400390625,21776.349609375,21687.44921875,21714.55078125,21714.55078125,22356500
2025-01-17,21699.44921875,21730.849609375,21563.80078125,21680.25,21680.25,20140800
2025-01-20,21769.94921875,21848.94921875,21628.5,21809.0,21809.0,35051300
2025-01-21,21855.099609375,21863.05078125,21411.30078125,21433.19921875,21433.19921875,23319600
2025-01-22,21484.44921875,21500.30078125,21178.80078125,21396.55078125,21396.55078125,20884100
2025-01-23,21377.80078125,21595.0,21338.94921875,21538.05078125,21538.05078125,18373700
2025-01-24,21533.05078125,21611.19921875,21279.0,21318.900390625,21318.900390625,17534800
2025-01-27,21158.849609375,21163.0,20861.150390625,20910.94921875,20910.94921875,23045500
2025-01-28,21009.19921875,21100.44921875,20757.900390625,20924.75,20924.75,24931900
2025-01-29,20971.400390625,21259.849609375,20968.349609375,21245.5,21245.5,18562800
2025-01-30,21282.099609375,21404.19921875,21209.599609375,21297.5,21297.5,19976300
2025-01-31,21339.349609375,21613.0,21310.30078125,21580.900390625,21580.900390625,22528800
2025-02-03,21422.849609375,21445.94921875,21286.69921875,21402.55078125,21402.55078125,22552300
2025-02-04,21551.400390625,21743.55078125,21474.44921875,21727.44921875,21727.44921875,21541600
2025-02-05,21797.69921875,21870.400390625,21763.69921875,21784.25,21784.25,19686800
2025-02-06,21860.099609375,21870.900390625,21620.150390625,21672.44921875,21672.44921875,15731100
2025-02-07,21703.75,21765.150390625,21521.75,21646.150390625,21646.150390625,21144700
2025-02-10,21636.19921875,21659.25,21301.849609375,21371.30078125,21371.30078125,14732900
2025-02-11,21366.25,21376.44921875,20860.599609375,20950.44921875,20950.44921875,17841200
2025-02-12,20924.150390625,21002.0,20545.75,20907.849609375,20907.849609375,25437300
2025-02-13,20926.0,21122.0,20866.5,20904.349609375,20904.349609375,21300900
2025-02-14,20964.599609375,20984.69921875,20476.650390625,20633.099609375,20633.099609375,20478700
2025-02-17,20511.05078125,20667.55078125,20339.0,20652.349609375,20652.349609375,20032500
2025-02-18,20663.599609375,20692.30078125,20466.75,20611.400390625,20611.400390625,17246500
2025-02-19,20511.19921875,20802.55078125,20459.19921875,20731.44921875,20731.44921875,17911800
2025-02-20,20645.69921875,20840.349609375,20630.19921875,20831.099609375,20831.099609375,16457500
2025-02-21,20792.05078125,20903.349609375,20616.599609375,20690.25,20690.25,18388600
2025-02-24,20510.94921875,20546.05078125,20429.30078125,20468.44921875,20468.44921875,14421900
2025-02-25,20445.55078125,20548.900390625,20388.75,20418.75,20418.75,14456600
2025-02-27,20436.5,20471.849609375,20278.650390625,20315.55078125,20315.55078125,19186000
2025-02-28,20185.400390625,20197.849609375,19816.0,19880.900390625,19880.900390625,30278900
2025-03-03,19935.55078125,19997.05078125,19658.30078125,19896.94921875,19896.94921875,23646800
2025-03-04,19736.05078125,19957.5,19681.650390625,19917.849609375,19917.849609375,20948400
2025-03-05,19901.599609375,20265.05078125,19901.599609375,20256.5,20256.5,21587800
2025-03-06,20411.44921875,20467.150390625,20262.75,20447.099609375,20447.099609375,20745100
2025-03-07,20428.150390625,20549.19921875,20377.599609375,20443.400390625,20443.400390625,20185700
2025-03-10,20434.94921875,20543.69921875,20230.650390625,20266.5,20266.5,19956800
2025-03-11,20122.55078125,20333.75,20073.400390625,20302.5,20302.5,20069200
2025-03-12,20351.900390625,20397.94921875,20108.69921875,20264.349609375,20264.349609375,21523800
2025-03-13,20337.849609375,20357.30078125,20157.5,20176.05078125,20176.05078125,17909600
2025-03-17,20166.599609375,20358.25,20166.5,20288.30078125,20288.30078125,16660700
2025-03-18,20418.55078125,20676.94921875,20370.19921875,20657.19921875,20657.19921875,19459200
2025-03-19,20713.25,20895.25,20664.0,20864.5,20864.5,27508900
2025-03-20,20989.349609375,21092.19921875,20873.55078125,21070.05078125,21070.05078125,23160400
2025-03-21,21065.25,21297.0,21031.44921875,21273.900390625,21273.900390625,35583500
2025-03-24,21427.19921875,21595.849609375,21346.80078125,21538.099609375,21538.099609375,26092800
2025-03-25,21652.849609375,21674.05078125,21385.80078125,21437.75,21437.75,24379900
2025-03-26,21464.94921875,21525.599609375,21255.69921875,21275.44921875,21275.44921875,24408400
2025-03-27,21218.400390625,21447.900390625,21195.69921875,21407.94921875,21407.94921875,43467600
2025-03-28,21439.19921875,21514.099609375,21277.900390625,21339.55078125,21339.55078125,27734100
2025-04-01,21227.099609375,21398.349609375,21042.44921875,21070.75,21070.75,38874700
2025-04-02,21101.849609375,21279.099609375,21007.150390625,21265.650390625,21265.650390625,25689200
2025-04-03,21100.55078125,21263.44921875,21096.75,21243.400390625,21243.400390625,24356500
2025-04-04,21199.19921875,21212.099609375,20736.80078125,20805.349609375,20805.349609375,25372000
2025-04-07,19524.25,20189.349609375,19519.849609375,20105.69921875,20105.69921875,31899200
2025-04-08,20430.099609375,20588.400390625,20227.150390625,20480.80078125,20480.80078125,24101600
2025-04-09,20422.94921875,20423.25,20252.349609375,20356.75,20356.75,20686300
2025-04-11,20684.849609375,20817.5,20629.0,20752.849609375,20752.849609375,22159500
2025-04-15,21199.05078125,21302.75,21067.599609375,21279.400390625,21279.400390625,23092700
2025-04-16,21302.75,21414.849609375,21246.400390625,21404.349609375,21404.349609375,23069300
2025-04-17,21379.349609375,21704.099609375,21296.349609375,21681.55078125,21681.55078125,24530900
2025-04-21,21787.05078125,22033.75,21732.44921875,22005.75,22005.75,33200
2025-04-22,22072.0,22157.94921875,21953.400390625,22085.150390625,22085.150390625,28400500
2025-04-23,22238.599609375,22263.849609375,21988.349609375,22237.599609375,22237.599609375,26262000
2025-04-24,22217.650390625,22270.150390625,22155.400390625,22180.650390625,22180.650390625,24349800
2025-04-25,22220.30078125,22271.849609375,21661.599609375,21848.150390625,21848.150390625,40982400
2025-04-28,21843.44921875,22125.44921875,21841.400390625,22101.849609375,22101.849609375,20254000
2025-04-29,22160.75,22255.900390625,22084.55078125,22112.400390625,22112.400390625,21891800
2025-04-30,22119.19921875,22175.0,21920.55078125,22030.05078125,22030.05078125,21908500
2025-05-02,22009.94921875,22238.900390625,21920.849609375,22006.0,22006.0,21060500
2025-05-05,22086.25,22209.94921875,22070.94921875,22195.150390625,22195.150390625,18176200
2025-05-06,22235.599609375,22244.5,21916.900390625,21956.599609375,21956.599609375,23813700
2025-05-07,21756.80078125,22084.69921875,21752.900390625,22072.44921875,22072.44921875,23862400
2025-05-08,22109.349609375,22145.19921875,21730.55078125,21843.05078125,21843.05078125,24556600
2025-05-09,21463.75,21716.05078125,21463.75,21675.55078125,21675.55078125,28601400
2025-05-12,22149.400390625,22525.0,22126.400390625,22511.400390625,22511.400390625,29453500
2025-05-13,22491.5,22575.69921875,22317.5,22349.400390625,22349.400390625,25880300
2025-05-14,22402.650390625,22544.900390625,22366.400390625,22499.5,22499.5,25396000
2025-05-15,22547.05078125,22814.099609375,22408.650390625,22788.80078125,22788.80078125,28758400
2025-05-16,22825.55078125,22885.349609375,22750.349609375,22870.900390625,22870.900390625,32136800
2025-05-19,22896.25,22965.05078125,22827.650390625,22865.80078125,22865.80078125,38611100
2025-05-20,22942.650390625,22958.599609375,22565.55078125,22585.599609375,22585.599609375,28729600
2025-05-21,22632.400390625,22811.94921875,22577.400390625,22730.650390625,22730.650390625,24227900
2025-05-22,22674.0,22675.349609375,22464.44921875,22595.0,22595.0,24519900
2025-05-23,22628.75,22813.25,22580.80078125,22781.05078125,22781.05078125,25499400
2025-05-26,22852.69921875,22970.69921875,22845.400390625,22908.30078125,22908.30078125,24898200
2025-05-27,22895.05078125,22963.099609375,22721.80078125,22816.5,22816.5,24659100
2025-05-28,22843.25,22871.19921875,22765.69921875,22779.400390625,22779.400390625,32991400
2025-05-29,22859.44921875,22899.150390625,22750.150390625,22861.349609375,22861.349609375,26181000
2025-05-30,22868.25,22912.30078125,22759.150390625,22801.94921875,22801.94921875,52128200
2025-06-02,22758.599609375,22863.349609375,22664.150390625,22834.5,22834.5,38899400
2025-06-03,22906.19921875,22946.150390625,22691.25,22711.30078125,22711.30078125,45435500
2025-06-04,22742.19921875,22823.94921875,22667.900390625,22807.849609375,22807.849609375,31514700
2025-06-05,22879.19921875,23026.30078125,22828.849609375,22934.5,22934.5,25523800
2025-06-06,22962.0,23180.349609375,22891.599609375,23165.099609375,23165.099609375,29178900
2025-06-09,23308.650390625,23335.349609375,23254.55078125,23330.55078125,23330.55078125,31805600
2025-06-10,23422.30078125,23423.80078125,23287.349609375,23339.94921875,23339.94921875,30820100
2025-06-11,23376.599609375,23423.599609375,23271.400390625,23337.849609375,23337.849609375,35796300
2025-06-12,23363.5,23370.30078125,23009.650390625,23046.44921875,23046.44921875,25762100
2025-06-13,22631.69921875,22932.25,22631.69921875,22906.19921875,22906.19921875,25533300
2025-06-16,22914.849609375,23106.69921875,22789.400390625,23095.05078125,23095.05078125,23518500
2025-06-17,23126.80078125,23128.5,22959.150390625,22981.5,22981.5,29479900
2025-06-18,22937.75,23066.849609375,22868.349609375,22925.19921875,22925.19921875,19507700
2025-06-19,22921.599609375,22973.150390625,22712.55078125,22763.5,22763.5,23853000
2025-06-20,22760.650390625,23064.69921875,22760.599609375,23041.099609375,23041.099609375,32449300
2025-06-23,22880.349609375,23063.349609375,22837.80078125,23001.5,23001.5,20840000
2025-06-24,23212.30078125,23307.94921875,23074.25,23113.19921875,23113.19921875,31040600
2025-06-25,23216.150390625,23303.650390625,23190.849609375,23296.849609375,23296.849609375,30406900
2025-06-26,23341.19921875,23529.650390625,23319.849609375,23517.55078125,23517.55078125,29163000
2025-06-27,23566.69921875,23644.349609375,23538.55078125,23620.150390625,23620.150390625,34232800
2025-06-30,23672.349609375,23677.55078125,23563.0,23617.19921875,23617.19921875,24613500
2025-07-01,23659.75,23669.94921875,23558.900390625,23615.44921875,23615.44921875,25642800
2025-07-02,23653.05078125,23669.30078125,23463.849609375,23547.25,23547.25,26194600
2025-07-03,23591.80078125,23647.099609375,23503.55078125,23521.849609375,23521.849609375,23572100
2025-07-04,23553.44921875,23570.900390625,23448.900390625,23562.44921875,23562.44921875,18787000
2025-07-07,23561.599609375,23595.30078125,23506.5,23551.19921875,23551.19921875,24223800
2025-07-08,23540.599609375,23600.349609375,23469.94921875,23572.55078125,23572.55078125,29300500
2025-07-09,23576.44921875,23613.900390625,23513.849609375,23557.44921875,23557.44921875,23483000
2025-07-10,23595.849609375,23605.5,23444.94921875,23471.400390625,23471.400390625,20223100
2025-07-11,23408.80078125,23462.349609375,23256.30078125,23282.69921875,23282.69921875,22318700
2025-07-14,23290.150390625,23329.19921875,23200.099609375,23309.05078125,23309.05078125,39977700
2025-07-15,23334.55078125,23469.44921875,23332.80078125,23449.150390625,23449.150390625,27090700
2025-07-16,23458.900390625,23502.900390625,23403.5,23472.5,23472.5,28588900
2025-07-17,23507.650390625,23514.69921875,23409.05078125,23419.69921875,23419.69921875,21951000
2025-07-18,23430.0,23449.44921875,23240.849609375,23275.150390625,23275.150390625,19710600
2025-07-21,23296.75,23394.5,23184.900390625,23378.44921875,23378.44921875,17595400
2025-07-22,23449.75,23456.0,23306.400390625,23320.900390625,23320.900390625,20318100
2025-07-23,23382.400390625,23435.55078125,23296.0,23428.400390625,23428.400390625,19959600
2025-07-24,23447.349609375,23449.400390625,23257.599609375,23301.099609375,23301.099609375,19690700
2025-07-25,23255.25,23255.25,22993.0,23014.80078125,23014.80078125,21958300
2025-07-28,22967.400390625,23094.849609375,22818.150390625,22846.94921875,22846.94921875,20263600
2025-07-29,22793.0,23024.150390625,22777.69921875,23007.349609375,23007.349609375,17358000
2025-07-30,23064.25,23070.349609375,22959.44921875,23033.55078125,23033.55078125,16971600
2025-07-31,22804.19921875,23071.25,22802.150390625,22914.94921875,22914.94921875,22141000
2025-08-01,22901.599609375,22917.849609375,22646.75,22673.650390625,22673.650390625,22209200
2025-08-04,22699.69921875,22871.599609375,22648.599609375,22860.400390625,22860.400390625,18958000
2025-08-05,22869.5,22878.099609375,22736.05078125,22798.5,22798.5,17350900
2025-08-06,22807.55078125,22818.19921875,22622.349609375,22666.849609375,22666.849609375,15763400
2025-08-07,22563.400390625,22726.900390625,22425.849609375,22694.099609375,22694.099609375,20517000
2025-08-08,22680.900390625,22690.349609375,22419.69921875,22443.150390625,22443.150390625,17064600
2025-08-11,22447.55078125,22650.099609375,22406.0,22633.44921875,22633.44921875,15385700
2025-08-12,22633.650390625,22730.25,22554.30078125,22568.599609375,22568.599609375,15129600
2025-08-13,22655.150390625,22733.80078125,22624.44921875,22698.099609375,22698.099609375,20941400
2025-08-14,22713.650390625,22754.150390625,22646.69921875,22680.25,22680.25,20569500
2025-08-18,22958.30078125,23040.849609375,22913.05078125,22931.5,22931.5,23896800
2025-08-19,22959.5,23077.099609375,22908.150390625,23066.599609375,23066.599609375,23250400
2025-08-20,23067.69921875,23171.150390625,23025.849609375,23143.150390625,23143.150390625,29253300
2025-08-21,23221.75,23230.94921875,23126.75,23137.150390625,23137.150390625,23429200
2025-08-22,23133.849609375,23144.55078125,22980.849609375,22991.30078125,22991.30078125,32235300
2025-08-25,23069.30078125,23106.900390625,23022.099609375,23052.0,23052.0,27455000
2025-08-26,22994.849609375,23013.05078125,22746.75,22768.650390625,22768.650390625,44479200
2025-08-28,22762.25,22762.25,22529.599609375,22541.650390625,22541.650390625,29189400
2025-08-29,22524.150390625,22624.69921875,22443.80078125,22462.94921875,22462.94921875,28764200
2025-09-01,22491.900390625,22720.55078125,22491.900390625,22713.55078125,22713.55078125,27115300
2025-09-02,22758.19921875,22858.19921875,22678.44921875,22724.400390625,22724.400390625,27193100
2025-09-03,22764.0,22877.349609375,22709.19921875,22864.650390625,22864.650390625,30994300
2025-09-04,23116.900390625,23116.900390625,22795.0,22819.650390625,22819.650390625,30118100
2025-09-05,22891.75,22916.0,22718.5,22829.150390625,22829.150390625,34473200
2025-09-08,22892.80078125,22974.849609375,22835.900390625,22878.650390625,22878.650390625,22996300
2025-09-09,22949.55078125,22964.05078125,22893.05078125,22949.099609375,22949.099609375,20109300
2025-09-10,23056.80078125,23121.75,23027.05078125,23074.150390625,23074.150390625,23676100
2025-09-11,23073.44921875,23128.55078125,23065.69921875,23102.650390625,23102.650390625,21459700
2025-09-12,23171.55078125,23210.400390625,23129.900390625,23190.25,23190.25,25960500
2025-09-15,23213.150390625,23249.19921875,23182.05078125,23215.849609375,23215.849609375,33099500
2025-09-16,23240.25,23386.650390625,23217.30078125,23369.30078125,23369.30078125,23720000
2025-09-17,23419.099609375,23464.400390625,23395.75,23445.19921875,23445.19921875,22655400
2025-09-18,23534.150390625,23538.900390625,23434.44921875,23518.900390625,23518.900390625,21229100
2025-09-19,23530.599609375,23541.30078125,23451.599609375,23486.650390625,23486.650390625,49270900
2025-09-22,23434.75,23523.55078125,23335.099609375,23381.44921875,23381.44921875,26249700
2025-09-23,23408.19921875,23434.30078125,23253.099609375,23325.25,23325.25,29750900
2025-09-24,23293.400390625,23317.19921875,23165.94921875,23178.25,23178.25,22385600
2025-09-25,23169.44921875,23235.55078125,23009.55078125,23022.400390625,23022.400390625,23143600
2025-09-26,22965.900390625,22994.150390625,22692.69921875,22713.150390625,22713.150390625,30633900
2025-09-29,22783.900390625,22865.099609375,22677.0,22739.099609375,22739.099609375,27084600
2025-09-30,22793.650390625,22829.19921875,22669.30078125,22734.099609375,22734.099609375,21800300
2025-10-01,22745.94921875,22943.19921875,22726.25,22928.30078125,22928.30078125,23002400
2025-10-03,22905.099609375,23037.5,22874.150390625,23027.69921875,23027.69921875,24935400
2025-10-06,23055.150390625,23177.25,23008.30078125,23169.650390625,23169.650390625,26990400
2025-10-07,23191.349609375,23275.099609375,23170.849609375,23209.5,23209.5,29565400
2025-10-08,23197.94921875,23265.19921875,23087.900390625,23109.349609375,23109.349609375,25463900
2025-10-09,23144.30078125,23251.650390625,23101.849609375,23241.75,23241.75,21819900
2025-10-10,23247.44921875,23374.25,23220.05078125,23337.55078125,23337.55078125,28175300
2025-10-13,23245.05078125,23315.650390625,23201.55078125,23294.80078125,23294.80078125,26231000
2025-10-14,23349.75,23374.0,23121.5,23184.05078125,23184.05078125,23464300
2025-10-15,23227.55078125,23400.94921875,23224.150390625,23377.349609375,23377.349609375,23139300
2025-10-16,23443.30078125,23592.849609375,23428.150390625,23563.80078125,23563.80078125,22457600
2025-10-17,23547.0,23679.05078125,23515.849609375,23598.05078125,23598.05078125,24249000
2025-10-20,23699.349609375,23766.55078125,23654.75,23716.099609375,23716.099609375,23663900
2025-10-21,23791.900390625,23818.349609375,23723.400390625,23759.19921875,23759.19921875,5545000
2025-10-23,23899.75,23926.099609375,23727.599609375,23755.900390625,23755.900390625,33809000
2025-10-24,23796.19921875,23802.75,23622.80078125,23686.599609375,23686.599609375,23861200
2025-10-27,23742.69921875,23856.30078125,23723.400390625,23840.900390625,23840.900390625,47146700
2025-10-28,23844.75,23907.55078125,23717.05078125,23812.55078125,23812.55078125,33996800
2025-10-29,23851.55078125,23971.55078125,23821.30078125,23952.400390625,23952.400390625,30359000
2025-10-30,23933.650390625,23949.75,23804.44921875,23841.30078125,23841.30078125,47770900
2025-10-31,23847.599609375,23913.44921875,23698.05078125,23710.400390625,23710.400390625,32133500
2025-11-03,23711.94921875,23840.099609375,23695.150390625,23810.69921875,23810.69921875,3860300
2025-11-04,23811.30078125,23829.69921875,23660.19921875,23675.44921875,23675.44921875,31284700
2025-11-06,23683.349609375,23713.400390625,23501.05078125,23513.150390625,23513.150390625,26246000
2025-11-07,23441.05078125,23570.099609375,23291.19921875,23521.5,23521.5,28762600
2025-11-10,23545.349609375,23658.849609375,23542.099609375,23596.900390625,23596.900390625,20824200
2025-11-11,23634.650390625,23693.80078125,23476.30078125,23682.650390625,23682.650390625,36093900
2025-11-12,23796.94921875,23874.849609375,23766.19921875,23836.900390625,23836.900390625,27828600
2025-11-13,23867.650390625,23935.099609375,23793.650390625,23816.0,23816.0,30243400
2025-11-14,23751.25,23858.30078125,23717.0,23836.349609375,23836.349609375,39640500
2025-11-17,23889.55078125,23964.75,23863.55078125,23954.55078125,23954.55078125,26483000
2025-11-18,23970.44921875,23973.05078125,23800.94921875,23824.650390625,23824.650390625,21125900
2025-11-19,23832.55078125,23924.30078125,23766.599609375,23906.30078125,23906.30078125,25934900
2025-11-20,23984.400390625,24032.099609375,23918.80078125,23975.44921875,23975.44921875,29557000
2025-11-21,23917.5,23938.30078125,23776.30078125,23790.25,23790.25,22985900
2025-11-24,23827.25,23835.19921875,23642.55078125,23674.55078125,23674.55078125,29594500
2025-11-25,23700.55078125,23745.5,23635.80078125,23655.05078125,23655.05078125,20539800
2025-11-26,23654.75,23965.349609375,23654.75,23955.19921875,23955.19921875,18996600
2025-11-27,24011.900390625,24026.25,23879.599609375,23947.75,23947.75,19974200
2025-11-28,23968.80078125,23979.69921875,23907.75,23933.19921875,23933.19921875,19209800
2025-12-01,24034.94921875,24035.0,23871.75,23922.44921875,23922.44921875,21160800
2025-12-02,23870.599609375,23925.849609375,23782.75,23822.25,23822.25,27952000
2025-12-03,23813.44921875,23845.80078125,23641.75,23716.30078125,23716.30078125,28046000
2025-12-04,23718.099609375,23820.44921875,23680.25,23741.099609375,23741.099609375,26417400
2025-12-05,23720.69921875,23848.44921875,23672.349609375,23835.25,23835.25,23079200
2025-12-08,23821.75,23833.150390625,23460.69921875,23526.19921875,23526.19921875,24509100
2025-12-09,23447.05078125,23556.349609375,23259.69921875,23516.25,23516.25,26228000
2025-12-10,23540.150390625,23628.30078125,23386.80078125,23408.80078125,23408.80078125,19928500
2025-12-11,23421.900390625,23562.150390625,23344.25,23550.849609375,23550.849609375,24370000
2025-12-12,23620.349609375,23737.69921875,23613.0,23726.19921875,23726.19921875,26020800
2025-12-15,23654.0,23735.69921875,23591.30078125,23725.19921875,23725.19921875,24287600
2025-12-16,23676.80078125,23687.349609375,23542.55078125,23570.150390625,23570.150390625,20919100
2025-12-17,23597.599609375,23635.05078125,23449.5,23496.05078125,23496.05078125,20646900
2025-12-18,23469.80078125,23553.25,23363.5,23491.5,23491.5,23446500
2025-12-19,23562.650390625,23688.349609375,23548.94921875,23677.55078125,23677.55078125,31695900
2025-12-22,23760.94921875,23878.650390625,23743.25,23867.650390625,23867.650390625,25155300
2025-12-23,23906.099609375,23929.25,23825.150390625,23895.150390625,23895.150390625,26039700
2025-12-24,23903.099609375,23956.80078125,23836.55078125,23850.25,23850.25,19661100
2025-12-26,23841.94921875,23885.349609375,23752.55078125,23780.25,23780.25,22264400
2025-12-29,23804.400390625,23826.75,23660.30078125,23682.099609375,23682.099609375,24245800
2025-12-30,23675.30078125,23704.19921875,23599.900390625,23668.80078125,23668.80078125,33582300
2025-12-31,23710.44921875,23921.44921875,23709.55078125,23871.55078125,23871.55078125,52722700
2026-01-02,23935.94921875,24107.69921875,23921.44921875,24099.0,24099.0,37097600
2026-01-05,24123.099609375,24144.19921875,23999.150390625,24058.44921875,24058.44921875,31394300
2026-01-06,24042.900390625,24089.75,23941.400390625,24010.5,24010.5,26802900
2026-01-07,23995.849609375,24050.55078125,23942.25,24016.599609375,24016.599609375,22658700
2026-01-08,23996.19921875,24010.44921875,23657.349609375,23680.099609375,23680.099609375,27493200
2026-01-09,23646.75,23741.75,23407.69921875,23467.349609375,23467.349609375,44599100
2026-01-12,23459.400390625,23533.44921875,23199.5,23510.44921875,23510.44921875,31293100
2026-01-13,23603.44921875,23627.05078125,23336.05078125,23480.650390625,23480.650390625,27943100
2026-01-14,23422.099609375,23558.69921875,23399.900390625,23475.849609375,23475.849609375,27359900
2026-01-16,23502.849609375,23652.69921875,23455.5,23485.30078125,23485.30078125,29366800
2026-01-19,23443.30078125,23443.349609375,23324.849609375,23373.75,23373.75,27220400
2026-01-20,23365.650390625,23368.150390625,22888.650390625,22946.650390625,22946.650390625,30410100
2026-01-21,22864.5,22981.80078125,22586.80078125,22835.150390625,22835.150390625,35043900
2026-01-22,23013.44921875,23144.55078125,22888.5,23008.75,23008.75,24924100
2026-01-23,23072.30078125,23073.349609375,22679.69921875,22706.19921875,22706.19921875,24687600
2026-01-27,22752.69921875,22886.94921875,22562.94921875,22819.25,22819.25,29981800
2026-01-28,22899.599609375,23101.75,22884.5,23082.099609375,23082.099609375,29783700
2026-01-29,23107.5,23158.599609375,22922.599609375,23134.80078125,23134.80078125,34203300
2026-01-30,22994.30078125,23110.19921875,22916.0,23079.5,23079.5,41570300
2026-02-02,22595.44921875,22869.69921875,22408.5,22837.0,22837.0,27016400
2026-02-03,23870.19921875,23912.349609375,23355.5,23446.30078125,23446.30078125,38335700
2026-02-04,23414.099609375,23562.69921875,23284.44921875,23534.94921875,23534.94921875,28918200
2026-02-05,23509.75,23509.94921875,23337.349609375,23411.69921875,23411.69921875,25100
2026-02-06,23366.5,23447.0,23211.400390625,23434.0,23434.0,22813300
2026-02-09,23600.849609375,23693.05078125,23535.400390625,23683.400390625,23683.400390625,27270100
2026-02-10,23752.599609375,23796.400390625,23691.5,23753.75,23753.75,23665500
2026-02-11,23808.099609375,23811.150390625,23707.150390625,23783.05078125,23783.05078125,26368100
2026-02-12,23753.80078125,23753.80078125,23589.05078125,23651.55078125,23651.55078125,22693700
2026-02-13,23448.69921875,23464.05078125,23285.0,23313.150390625,23313.150390625,22274400
2026-02-16,23248.55078125,23487.349609375,23190.19921875,23472.44921875,23472.44921875,18203700
2026-02-17,23445.30078125,23563.25,23394.80078125,23540.05078125,23540.05078125,19871600
2026-02-18,23571.5,23657.75,23490.349609375,23645.80078125,23645.80078125,19114900
2026-02-19,23691.599609375,23697.900390625,23235.349609375,23297.44921875,23297.44921875,18237200
2026-02-20,23252.75,23467.400390625,23221.150390625,23395.0,23395.0,17831500
2026-02-23,23493.30078125,23566.849609375,23394.25,23484.94921875,23484.94921875,25462500
2026-02-24,23418.099609375,23418.099609375,23168.05078125,23304.599609375,23304.599609375,25350000
2026-02-25,23388.44921875,23500.099609375,23325.900390625,23403.80078125,23403.80078125,22679300
2026-02-26,23462.05078125,23502.94921875,23340.75,23448.5,23448.5,25536400
2026-02-27,23423.94921875,23433.55078125,23136.75,23166.849609375,23166.849609375,36885800
2026-03-02,22547.0,22992.349609375,22539.650390625,22835.94921875,22835.94921875,28882800
2026-03-04,22438.0,22517.400390625,22283.150390625,22409.80078125,22409.80078125,32291200
2026-03-05,22536.75,22760.849609375,22468.19921875,22697.80078125,22697.80078125,27067700
2026-03-06,22621.55078125,22701.599609375,22456.44921875,22481.30078125,22481.30078125,23202000
2026-03-09,21995.150390625,22090.69921875,21743.150390625,22056.55078125,22056.55078125,25569200
2026-03-10,22310.80078125,22385.650390625,22141.849609375,22342.94921875,22342.94921875,23891700
2026-03-11,22351.849609375,22440.900390625,22009.30078125,22042.30078125,22042.30078125,23611300
2026-03-12,21888.400390625,22059.599609375,21703.900390625,21897.5,21897.5,30265000
2026-03-13,21763.25,21780.75,21351.099609375,21391.19921875,21391.19921875,31139800
2026-03-16,21355.94921875,21593.25,21110.0,21498.80078125,21498.80078125,32174500
2026-03-17,21585.05078125,21729.650390625,21446.150390625,21669.30078125,21669.30078125,25153300
2026-03-18,21721.44921875,21990.400390625,21713.400390625,21917.400390625,21917.400390625,28957100
2026-03-19,21466.400390625,21562.80078125,21156.19921875,21225.80078125,21225.80078125,32926600
2026-03-20,21349.94921875,21558.0,21294.849609375,21327.900390625,21327.900390625,37005100
2026-03-23,21079.599609375,21090.05078125,20611.80078125,20664.25,20664.25,31363300
2026-03-24,21045.44921875,21183.150390625,20743.900390625,21067.0,21067.0,28289000
2026-03-25,21236.25,21612.44921875,21236.05078125,21478.19921875,21478.19921875,29251000
2026-03-27,21357.349609375,21364.349609375,21007.150390625,21020.150390625,21020.150390625,35750200
2026-03-30,20762.349609375,20889.25,20490.44921875,20528.05078125,20528.05078125,34842000
2026-04-01,21067.150390625,21153.25,20867.400390625,20935.150390625,20935.150390625,33012900
2026-04-02,20666.69921875,20990.05078125,20385.650390625,20938.349609375,20938.349609375,34322000
2026-04-06,20990.849609375,21217.94921875,20789.44921875,21194.05078125,21194.05078125,32241800
2026-04-07,21085.30078125,21313.099609375,20959.349609375,21296.44921875,21296.44921875,25888100
2026-04-08,21998.599609375,22159.5,21952.400390625,22137.099609375,22137.099609375,39922000
2026-04-09,22090.69921875,22189.5,21943.19921875,22037.5,22037.5,37071300
2026-04-10,22151.05078125,22364.30078125,22133.150390625,22346.75,22346.75,38754300
2026-04-13,21906.150390625,22244.900390625,21816.349609375,22179.05078125,22179.05078125,33694300
2026-04-15,22506.94921875,22621.900390625,22496.75,22595.55078125,22595.55078125,37059700
2026-04-16,22757.05078125,22792.25,22529.650390625,22656.30078125,22656.30078125,38280500
2026-04-17,22660.55078125,22882.150390625,22605.150390625,22869.400390625,22869.400390625,40384600
2026-04-20,22906.650390625,22987.599609375,22717.55078125,22865.80078125,22865.80078125,32840100
2026-04-21,22898.94921875,23064.349609375,22893.599609375,23042.349609375,23042.349609375,31497000
2026-04-22,22975.849609375,23054.5,22923.55078125,22991.5,22991.5,32724400
2026-04-23,22873.150390625,22957.599609375,22788.599609375,22810.849609375,22810.849609375,29661600
2026-04-24,22788.80078125,22872.05078125,22472.5,22570.05078125,22570.05078125,27321800
2026-04-27,22645.849609375,22853.849609375,22640.849609375,22821.400390625,22821.400390625,28500400
2026-04-28,22808.150390625,22904.0,22733.900390625,22765.599609375,22765.599609375,32052600
2026-04-29,22875.30078125,23026.94921875,22825.150390625,22871.0,22871.0,33747800
2026-04-30,22736.80078125,22759.0,22498.0,22683.55078125,22683.55078125,31107300
2026-05-04,22783.80078125,22954.30078125,22709.75,22830.75,22830.75,38703400
2026-05-05,22796.650390625,22842.25,22672.80078125,22808.25,22808.25,33371800
2026-05-06,22978.94921875,23150.900390625,22849.94921875,23133.400390625,23133.400390625,38546000
2026-05-07,23219.349609375,23304.5,23142.44921875,23214.0,23214.0,32662600
2026-05-08,23166.05078125,23185.650390625,23080.30078125,23115.650390625,23115.650390625,29600300
2026-05-11,22957.400390625,22962.150390625,22777.44921875,22795.75,22795.75,43426100
2026-05-12,22728.69921875,22768.099609375,22270.94921875,22299.900390625,22299.900390625,37543300
2026-05-13,22292.150390625,22532.0,22208.5,22377.349609375,22377.349609375,40634400
2026-05-14,22505.0,22675.80078125,22338.650390625,22613.099609375,22613.099609375,34058900
2026-05-15,22664.400390625,22710.849609375,22502.599609375,22531.150390625,22531.150390625,40428700
2026-05-18,22382.0,22494.099609375,22150.5,22461.05078125,22461.05078125,34307100
2026-05-19,22501.150390625,22646.650390625,22485.44921875,22521.75,22521.75,36129400
2026-05-20,22379.849609375,22597.650390625,22316.44921875,22578.150390625,22578.150390625,28717500
2026-05-21,22745.900390625,22781.0,22557.0,22602.849609375,22602.849609375,33852100
2026-05-22,22639.69921875,22727.900390625,22604.80078125,22651.30078125,22651.30078125,28726600
2026-05-25,22859.5,22949.94921875,22849.099609375,22929.44921875,22929.44921875,30168200
2026-05-26,22925.650390625,23015.0,22858.19921875,22897.19921875,22897.19921875,31807400
2026-05-27,22895.75,22999.44921875,22886.44921875,22967.400390625,22967.400390625,45794100
2026-05-29,23012.80078125,23075.25,22598.44921875,22657.0,22657.0,67184500
2026-06-01,22760.80078125,22810.19921875,22414.80078125,22437.94921875,22437.94921875,37130800
2026-06-02,22302.05078125,22563.25,22253.0,22521.099609375,22521.099609375,36094400
2026-06-03,22488.150390625,22505.0,22202.599609375,22451.849609375,22451.849609375,41039400
2026-06-04,22362.400390625,22559.849609375,22328.349609375,22497.69921875,22497.69921875,36481000
2026-06-05,22569.44921875,22614.650390625,22379.05078125,22465.349609375,22465.349609375,34527400
2026-06-08,22191.55078125,22357.69921875,22119.30078125,22173.69921875,22173.69921875,28846200
2026-06-09,22298.849609375,22390.5,22233.44921875,22370.150390625,22370.150390625,36288100
2026-06-10,22377.0,22455.900390625,22200.349609375,22233.849609375,22233.849609375,30804200
2026-06-11,22128.55078125,22258.900390625,22063.75,22114.44921875,22114.44921875,31438200
2026-06-12,22376.44921875,22618.69921875,22295.150390625,22599.80078125,22599.80078125,35312200
2026-06-15,22955.80078125,23019.44921875,22859.650390625,22891.30078125,22891.30078125,34302100
2026-06-16,22962.44921875,23009.400390625,22902.349609375,22997.25,22997.25,32580100
2026-06-17,23048.69921875,23120.900390625,22990.94921875,23109.69921875,23109.69921875,39479300
2026-06-18,23129.900390625,23221.349609375,23090.349609375,23206.44921875,23206.44921875,34469400
2026-06-19,23082.69921875,23174.650390625,23023.349609375,23144.19921875,23144.19921875,36475300
2026-06-22,23240.900390625,23289.75,23213.849609375,23261.849609375,23261.849609375,26271000
2026-06-23,23260.0,23302.25,22976.94921875,23010.94921875,23010.94921875,29724100
2026-06-24,22992.900390625,23183.599609375,22941.05078125,23126.30078125,23126.30078125,28409100
2026-06-25,23224.400390625,23289.94921875,23093.900390625,23113.69921875,23113.69921875,27570900
2026-06-29,23112.599609375,23148.75,22943.849609375,23000.0,23000.0,42080500
2026-06-30,23074.150390625,23088.94921875,22932.05078125,22995.650390625,22995.650390625,31935800
2026-07-01,23038.650390625,23144.099609375,23032.94921875,23111.650390625,23111.650390625,30769700
2026-07-02,23182.05078125,23276.19921875,23170.75,23264.80078125,23264.80078125,24569900
2026-07-03,23416.650390625,23416.650390625,23284.30078125,23301.150390625,23301.150390625,23620300
2026-07-06,23342.5,23447.30078125,23319.650390625,23433.94921875,23433.94921875,20527500
2026-07-07,23472.400390625,23485.349609375,23332.900390625,23368.849609375,23368.849609375,24296900
2026-07-08,23239.650390625,23307.0,22822.80078125,22908.05078125,22908.05078125,27164800
2026-07-09,22958.349609375,23175.25,22956.400390625,23081.150390625,23081.150390625,20333600
2026-07-10,23239.69921875,23358.349609375,23234.44921875,23348.400390625,23348.400390625,23139200
2026-07-13,23194.80078125,23379.349609375,23135.30078125,23347.05078125,23347.05078125,21670700
2026-07-14,23235.25,23287.44921875,23167.849609375,23199.44921875,23199.44921875,21421900
2026-07-15,23250.849609375,23368.900390625,23203.94921875,23263.900390625,23263.900390625,23420200
2026-07-16,23332.80078125,23348.19921875,23212.900390625,23232.650390625,23232.650390625,22983200
2026-07-17,23272.30078125,23357.900390625,23235.05078125,23336.30078125,23336.30078125,22198800
2026-07-20,23244.30078125,23363.30078125,23219.44921875,23338.05078125,23338.05078125,21762500
2026-07-21,23340.69921875,23383.099609375,23286.150390625,23352.150390625,23352.150390625,21329800
2026-07-22,23334.30078125,23335.599609375,23118.05078125,23145.05078125,23145.05078125,22855200
2026-07-23,23069.099609375,23148.900390625,22937.75,22982.400390625,22982.400390625,20693000
2026-07-24,22805.55078125,22956.94921875,22713.5,22913.30078125,22913.30078125,19268400
2026-07-27,23070.599609375,23160.599609375,23061.349609375,23153.099609375,23153.099609375,20456100
2026-07-28,23146.650390625,23172.099609375,23087.099609375,23114.900390625,23114.900390625,23466600
2026-07-29,23261.05078125,23377.80078125,23233.400390625,23352.599609375,23352.599609375,26344200
2026-07-30,23347.19921875,23384.650390625,23274.150390625,23353.55078125,23353.55078125,22539900
2026-07-31,23409.849609375,23506.55078125,23375.55078125,23460.69921875,23460.69921875,25708900
