DATE,SYMBOL,COMPANY,SERIES,ISIN,OPEN,HIGH,LOW,CLOSE,LAST,PREV_CLOSE,TOTAL_TRADED_QTY,TOTAL_TRADED_VALUE,TOTAL_TRADES,SOURCE_FORMAT
2020-01-02,ABBOTINDIA,Abbott India,EQ,INE358A01014,13119.95,13314.9,13119.95,13139.9,13127.0,13140.0,3435,45322428.25,1401,LEGACY
2020-01-02,AJANTPHARM,Ajanta Pharma,EQ,INE031B01049,978.45,984.0,972.0,979.95,978.5,978.45,857339,836082581.4,1869,LEGACY
2020-01-02,ALKEM,Alkem Laboratories,EQ,INE540L01014,2100.0,2100.0,2076.2,2085.65,2095.0,2082.85,33488,69871259.4,3081,LEGACY
2020-01-02,APLLTD,Alembic Pharmaceuticals,EQ,INE901L01018,552.5,563.1,551.6,561.85,562.0,550.7,37424,20957325.0,2027,LEGACY
2020-01-02,AUROPHARMA,Aurobindo Pharma,EQ,INE406A01037,458.8,465.95,457.5,461.6,463.2,458.1,1320717,609879511.8,22854,LEGACY
2020-01-02,BIOCON,Biocon,EQ,INE376G01013,294.5,298.3,294.1,296.15,296.0,294.55,1572279,466171244.25,26651,LEGACY
2020-01-02,CADILAHC,Cadila Healthcare,EQ,INE010B01027,255.4,257.5,253.55,256.35,256.95,254.25,540659,138316299.65,13384,LEGACY
2020-01-02,CIPLA,Cipla,EQ,INE059A01026,478.85,479.9,472.3,473.5,472.95,475.9,1406381,668921740.6,23644,LEGACY
2020-01-02,DIVISLAB,Divi's Laboratories,EQ,INE361B01024,1820.5,1833.8,1820.5,1825.9,1826.85,1818.85,102841,187816850.85,6957,LEGACY
2020-01-02,DRREDDY,Dr. Reddy's Laboratories,EQ,INE089A01023,2883.8,2892.4,2860.2,2864.9,2869.0,2879.4,298831,857769058.75,19727,LEGACY
2020-01-02,GLAXO,GlaxoSmithKline Pharmaceuticals,EQ,INE159A01016,1645.0,1645.65,1615.35,1624.45,1624.9,1631.85,43839,71193859.6,3175,LEGACY
2020-01-02,GLENMARK,Glenmark Pharmaceuticals,EQ,INE935A01035,346.1,356.8,344.0,353.9,354.5,345.7,1356814,476322459.85,15672,LEGACY
2020-01-02,GRANULES,Granules India,EQ,INE101D01020,122.05,123.75,121.5,122.0,122.2,121.9,694594,85039339.45,7547,LEGACY
2020-01-02,IPCALAB,IPCA Laboratories,EQ,INE571A01020,1146.9,1146.9,1131.25,1141.2,1141.85,1138.35,72652,82717399.8,5116,LEGACY
2020-01-02,JBCHEPHARM,JB Chemicals & Pharmaceuticals,EQ,INE572A01028,431.45,436.45,430.1,433.55,434.0,429.5,47665,20633605.1,2023,LEGACY
2020-01-02,LAURUSLABS,Laurus Labs,EQ,INE947Q01010,370.0,377.7,368.25,373.65,372.0,368.25,62173,23243782.6,1842,LEGACY
2020-01-02,LUPIN,Lupin,EQ,INE326A01037,773.0,780.35,764.2,775.6,776.0,771.15,867603,670902926.55,16310,LEGACY
2020-01-02,NATCOPHARM,Natco Pharma,EQ,INE987B01026,619.0,632.35,617.2,620.85,617.9,618.3,349602,218166779.6,14899,LEGACY
2020-01-02,PEL,Piramal Enterprises,EQ,INE140A01024,1533.0,1545.0,1504.75,1524.9,1522.7,1536.7,927676,1416875567.3,26440,LEGACY
2020-01-02,PFIZER,Pfizer,EQ,INE182A01018,4243.2,4246.75,4213.0,4227.5,4220.55,4230.35,31741,134220461.9,1979,LEGACY
2020-01-02,SANOFI,Sanofi India,EQ,INE058A01010,7014.0,7014.0,6955.0,6989.6,6965.0,7014.4,2241,15668268.35,1024,LEGACY
2020-01-02,STAR,Strides Pharma Science,EQ,INE939A01011,361.6,377.7,361.6,375.5,376.0,361.6,384300,142701287.75,6612,LEGACY
2020-01-02,SUNPHARMA,Sun Pharmaceutical Industries,EQ,INE044A01036,434.0,442.6,432.0,434.95,434.65,434.3,4555670,1989331434.45,55381,LEGACY
2020-01-02,TORNTPHARM,Torrent Pharmaceuticals,EQ,INE685A01028,1844.05,1872.0,1844.05,1865.65,1869.5,1843.7,86530,160972843.35,4092,LEGACY
2020-01-02,WOCKPHARMA,Wockhardt,EQ,INE049B01025,235.05,239.9,235.0,237.7,237.8,235.0,638193,151885759.55,8715,LEGACY
2020-01-03,ABBOTINDIA,Abbott India,EQ,INE358A01014,13170.0,13274.2,13150.0,13248.25,13190.0,13139.9,6850,90498106.4,1934,LEGACY
2020-01-03,AJANTPHARM,Ajanta Pharma,EQ,INE031B01049,980.0,984.85,972.0,977.65,973.05,979.95,23013,22572772.45,1579,LEGACY
2020-01-03,ALKEM,Alkem Laboratories,EQ,INE540L01014,2094.0,2100.0,2079.95,2094.65,2100.0,2085.65,18082,37800212.6,2133,LEGACY
2020-01-03,APLLTD,Alembic Pharmaceuticals,EQ,INE901L01018,563.9,569.0,558.2,563.65,563.0,561.85,17141,9658953.55,1327,LEGACY
2020-01-03,AUROPHARMA,Aurobindo Pharma,EQ,INE406A01037,461.0,471.9,457.2,460.3,460.2,461.6,2784762,1292691959.2,38419,LEGACY
2020-01-03,BIOCON,Biocon,EQ,INE376G01013,295.8,304.3,293.7,300.95,301.25,296.15,5147717,1548056520.85,46828,LEGACY
2020-01-03,CADILAHC,Cadila Healthcare,EQ,INE010B01027,257.0,264.0,255.95,260.0,259.9,256.35,1478041,385235309.9,13654,LEGACY
2020-01-03,CIPLA,Cipla,EQ,INE059A01026,475.8,475.8,467.25,469.95,470.65,473.5,2252752,1061592460.6,44368,LEGACY
2020-01-03,DIVISLAB,Divi's Laboratories,EQ,INE361B01024,1817.0,1847.85,1817.0,1834.8,1838.9,1825.9,281177,516360183.6,16587,LEGACY
2020-01-03,DRREDDY,Dr. Reddy's Laboratories,EQ,INE089A01023,2864.9,2897.0,2852.05,2883.9,2887.0,2864.9,344678,993028914.95,23970,LEGACY
2020-01-03,GLAXO,GlaxoSmithKline Pharmaceuticals,EQ,INE159A01016,1624.0,1630.0,1602.0,1611.1,1611.0,1624.45,50214,80912071.85,2369,LEGACY
2020-01-03,GLENMARK,Glenmark Pharmaceuticals,EQ,INE935A01035,354.0,358.9,347.85,352.1,351.25,353.9,2502770,884608342.2,37456,LEGACY
2020-01-03,GRANULES,Granules India,EQ,INE101D01020,122.3,126.0,122.05,123.6,124.0,122.0,969986,120534801.3,10432,LEGACY
2020-01-03,IPCALAB,IPCA Laboratories,EQ,INE571A01020,1139.9,1151.85,1126.1,1140.75,1139.0,1141.2,91587,104512667.15,5968,LEGACY
2020-01-03,JBCHEPHARM,JB Chemicals & Pharmaceuticals,EQ,INE572A01028,434.4,440.0,430.05,438.9,438.2,433.55,63567,27766951.35,3272,LEGACY
2020-01-03,LAURUSLABS,Laurus Labs,EQ,INE947Q01010,370.0,391.45,370.0,379.85,380.0,373.65,157970,60505612.45,4608,LEGACY
2020-01-03,LUPIN,Lupin,EQ,INE326A01037,775.9,786.5,770.0,776.9,775.25,775.6,1110452,865508942.4,21769,LEGACY
2020-01-03,NATCOPHARM,Natco Pharma,EQ,INE987B01026,617.85,617.85,605.0,608.0,606.1,620.85,156810,95727109.55,5904,LEGACY
2020-01-03,PEL,Piramal Enterprises,EQ,INE140A01024,1525.9,1548.45,1512.25,1523.9,1523.95,1524.9,858923,1316200718.35,27951,LEGACY
2020-01-03,PFIZER,Pfizer,EQ,INE182A01018,4237.9,4255.0,4180.0,4198.9,4183.0,4227.5,17391,73280613.05,2265,LEGACY
2020-01-03,SANOFI,Sanofi India,EQ,INE058A01010,7005.8,7005.8,6876.0,6899.55,6900.0,6989.6,4102,28351215.2,1038,LEGACY
2020-01-03,STAR,Strides Pharma Science,EQ,INE939A01011,373.9,388.45,373.65,379.05,377.8,375.5,497552,190040132.75,10285,LEGACY
2020-01-03,SUNPHARMA,Sun Pharmaceutical Industries,EQ,INE044A01036,434.65,450.4,433.05,444.6,443.15,434.95,9457180,4201473863.6,140147,LEGACY
2020-01-03,TORNTPHARM,Torrent Pharmaceuticals,EQ,INE685A01028,1870.0,1919.8,1861.05,1900.1,1895.0,1865.65,504421,956305556.5,18306,LEGACY
2020-01-03,WOCKPHARMA,Wockhardt,EQ,INE049B01025,238.7,248.8,237.0,242.25,242.35,237.7,1878058,458181216.5,23169,LEGACY
2020-01-07,ABBOTINDIA,Abbott India,EQ,INE358A01014,12881.1,13074.95,12657.0,12742.9,12749.85,12780.3,17812,228117434.75,4751,LEGACY
2020-01-07,AJANTPHARM,Ajanta Pharma,EQ,INE031B01049,980.3,1010.0,966.2,1006.5,1009.9,975.65,113527,112571289.15,6075,LEGACY
2020-01-07,ALKEM,Alkem Laboratories,EQ,INE540L01014,2095.0,2125.0,2092.15,2117.15,2120.0,2089.55,360489,757723996.05,6029,LEGACY
2020-01-07,APLLTD,Alembic Pharmaceuticals,EQ,INE901L01018,566.1,574.9,554.1,556.55,555.1,566.7,38931,21821786.4,1981,LEGACY
2020-01-07,AUROPHARMA,Aurobindo Pharma,EQ,INE406A01037,446.5,454.95,446.5,452.4,452.0,443.5,1731056,781297339.75,23646,LEGACY
2020-01-07,BIOCON,Biocon,EQ,INE376G01013,292.7,294.7,275.2,284.15,283.8,288.2,14775959,4183561320.1,146873,LEGACY
2020-01-07,CADILAHC,Cadila Healthcare,EQ,INE010B01027,256.3,260.0,253.05,257.05,257.1,255.0,606481,155615982.75,11278,LEGACY
2020-01-07,CIPLA,Cipla,EQ,INE059A01026,466.0,470.0,463.65,468.6,468.35,466.75,2365554,1103398181.75,32146,LEGACY
2020-01-07,DIVISLAB,Divi's Laboratories,EQ,INE361B01024,1838.0,1851.75,1832.6,1843.9,1846.85,1838.35,302472,557844973.45,14478,LEGACY
2020-01-07,DRREDDY,Dr. Reddy's Laboratories,EQ,INE089A01023,2890.0,2910.0,2871.05,2884.2,2880.0,2878.85,357635,1035659543.05,21604,LEGACY
2020-01-07,GLAXO,GlaxoSmithKline Pharmaceuticals,EQ,INE159A01016,1609.95,1655.0,1605.0,1628.85,1624.0,1592.1,103521,169115199.6,6473,LEGACY
2020-01-07,GLENMARK,Glenmark Pharmaceuticals,EQ,INE935A01035,343.9,349.6,338.5,343.2,343.3,339.95,1270046,437718296.2,20359,LEGACY
2020-01-07,GRANULES,Granules India,EQ,INE101D01020,123.9,124.9,122.65,123.9,124.9,120.5,565695,69794479.35,7021,LEGACY
2020-01-07,IPCALAB,IPCA Laboratories,EQ,INE571A01020,1157.0,1162.4,1132.05,1139.65,1139.95,1140.45,47982,54952768.9,4340,LEGACY
2020-01-07,JBCHEPHARM,JB Chemicals & Pharmaceuticals,EQ,INE572A01028,438.0,439.85,433.3,437.3,437.5,435.9,43266,18898645.4,2101,LEGACY
2020-01-07,LAURUSLABS,Laurus Labs,EQ,INE947Q01010,377.0,389.7,377.0,385.7,384.6,381.0,45897,17725259.6,1423,LEGACY
2020-01-07,LUPIN,Lupin,EQ,INE326A01037,764.0,772.6,752.55,757.55,759.5,762.15,824059,626862853.25,22493,LEGACY
2020-01-07,NATCOPHARM,Natco Pharma,EQ,INE987B01026,610.0,614.0,597.05,600.8,601.0,604.85,123471,74277008.2,5163,LEGACY
2020-01-07,PEL,Piramal Enterprises,EQ,INE140A01024,1460.0,1508.0,1460.0,1480.95,1480.0,1459.45,1202568,1787451048.45,31676,LEGACY
2020-01-07,PFIZER,Pfizer,EQ,INE182A01018,4120.0,4136.15,4032.15,4063.75,4050.0,4077.15,12644,51621651.2,2741,LEGACY
2020-01-07,SANOFI,Sanofi India,EQ,INE058A01010,6751.05,6890.0,6751.05,6807.8,6800.0,6771.9,9895,67797812.25,1989,LEGACY
2020-01-07,STAR,Strides Pharma Science,EQ,INE939A01011,375.2,382.4,373.15,375.5,375.0,373.85,170673,64340837.6,3516,LEGACY
2020-01-07,SUNPHARMA,Sun Pharmaceutical Industries,EQ,INE044A01036,441.4,448.0,437.55,446.4,447.05,439.95,4504083,1997499900.55,63835,LEGACY
2020-01-07,TORNTPHARM,Torrent Pharmaceuticals,EQ,INE685A01028,1885.5,1910.0,1865.9,1872.75,1866.35,1886.2,133465,251009769.95,7002,LEGACY
2020-01-07,WOCKPHARMA,Wockhardt,EQ,INE049B01025,237.4,242.0,236.5,241.0,240.7,236.0,560837,134295456.05,13759,LEGACY
2020-01-08,ABBOTINDIA,Abbott India,EQ,INE358A01014,12700.0,12850.05,12575.0,12727.25,12715.0,12742.9,9286,118452981.15,2986,LEGACY
2020-01-08,AJANTPHARM,Ajanta Pharma,EQ,INE031B01049,1006.5,1026.95,995.0,1022.05,1019.45,1006.5,132948,134804534.55,11010,LEGACY
2020-01-08,ALKEM,Alkem Laboratories,EQ,INE540L01014,2106.9,2125.5,2069.9,2124.05,2125.0,2117.15,101795,215937900.3,8024,LEGACY
2020-01-08,APLLTD,Alembic Pharmaceuticals,EQ,INE901L01018,550.0,564.8,547.85,553.35,552.9,556.55,52480,29209223.1,3177,LEGACY
2020-01-08,AUROPHARMA,Aurobindo Pharma,EQ,INE406A01037,445.4,453.85,445.4,451.35,450.5,452.4,1147722,516487323.05,15908,LEGACY
2020-01-08,BIOCON,Biocon,EQ,INE376G01013,282.0,286.15,279.1,283.0,282.3,284.15,2807790,796375084.85,23803,LEGACY
2020-01-08,CADILAHC,Cadila Healthcare,EQ,INE010B01027,256.6,259.6,253.05,258.45,258.3,257.05,874455,225315384.8,11882,LEGACY
2020-01-08,CIPLA,Cipla,EQ,INE059A01026,467.8,470.1,461.6,464.75,463.6,468.6,1507276,702136832.6,22866,LEGACY
2020-01-08,DIVISLAB,Divi's Laboratories,EQ,INE361B01024,1822.0,1846.0,1822.0,1833.95,1835.0,1843.9,147762,271246331.95,14100,LEGACY
2020-01-08,DRREDDY,Dr. Reddy's Laboratories,EQ,INE089A01023,2875.0,2905.0,2866.0,2897.25,2900.0,2884.2,279023,807484901.7,21788,LEGACY
2020-01-08,GLAXO,GlaxoSmithKline Pharmaceuticals,EQ,INE159A01016,1605.05,1644.0,1602.45,1635.5,1643.0,1628.85,87929,142822932.65,2801,LEGACY
2020-01-08,GLENMARK,Glenmark Pharmaceuticals,EQ,INE935A01035,340.0,343.0,338.1,340.5,339.5,343.2,703070,239314699.4,11887,LEGACY
2020-01-08,GRANULES,Granules India,EQ,INE101D01020,122.85,132.15,121.6,130.35,130.0,123.9,1968365,251957349.85,14762,LEGACY
2020-01-08,IPCALAB,IPCA Laboratories,EQ,INE571A01020,1148.5,1208.35,1139.0,1196.95,1200.0,1139.65,257548,305333296.25,16597,LEGACY
2020-01-08,JBCHEPHARM,JB Chemicals & Pharmaceuticals,EQ,INE572A01028,431.0,439.35,428.75,436.85,435.65,437.3,63641,27830923.6,2451,LEGACY
2020-01-08,LAURUSLABS,Laurus Labs,EQ,INE947Q01010,384.75,396.0,384.75,388.15,386.0,385.7,311888,121627247.3,4862,LEGACY
2020-01-08,LUPIN,Lupin,EQ,INE326A01037,752.0,760.65,750.1,757.1,757.0,757.55,641773,484860278.65,14015,LEGACY
2020-01-08,NATCOPHARM,Natco Pharma,EQ,INE987B01026,599.9,614.0,592.0,600.4,602.9,600.8,472236,284439066.9,10570,LEGACY
2020-01-08,PEL,Piramal Enterprises,EQ,INE140A01024,1460.0,1484.85,1450.0,1474.2,1473.35,1480.95,781375,1147439154.35,20912,LEGACY
2020-01-08,PFIZER,Pfizer,EQ,INE182A01018,4055.0,4060.0,4002.1,4017.55,4010.0,4063.75,12650,50895574.2,2300,LEGACY
2020-01-08,SANOFI,Sanofi India,EQ,INE058A01010,6725.05,6858.0,6725.05,6848.2,6840.0,6807.8,8768,59932313.05,1088,LEGACY
2020-01-08,STAR,Strides Pharma Science,EQ,INE939A01011,372.9,382.0,368.3,381.2,381.0,375.5,160844,60721566.2,3684,LEGACY
2020-01-08,SUNPHARMA,Sun Pharmaceutical Industries,EQ,INE044A01036,442.95,446.5,439.0,440.1,439.1,446.4,3881918,1714947318.1,61787,LEGACY
2020-01-08,TORNTPHARM,Torrent Pharmaceuticals,EQ,INE685A01028,1865.0,1887.55,1853.6,1866.35,1866.3,1872.75,112361,210141765.5,6713,LEGACY
2020-01-08,WOCKPHARMA,Wockhardt,EQ,INE049B01025,237.1,243.85,237.1,240.6,240.75,241.0,518557,125018072.75,8315,LEGACY
2020-01-10,ABBOTINDIA,Abbott India,EQ,INE358A01014,12723.25,12789.0,12501.0,12534.7,12550.0,12712.05,14224,179341464.8,3361,LEGACY
2020-01-10,AJANTPHARM,Ajanta Pharma,EQ,INE031B01049,1032.05,1049.0,1015.15,1034.25,1033.0,1032.0,53592,55534314.9,4344,LEGACY
2020-01-10,ALKEM,Alkem Laboratories,EQ,INE540L01014,2150.0,2298.8,2140.0,2257.85,2258.95,2149.05,266354,590494415.05,13800,LEGACY
2020-01-10,APLLTD,Alembic Pharmaceuticals,EQ,INE901L01018,563.0,563.0,552.5,557.9,557.5,558.25,31869,17784787.2,4428,LEGACY
2020-01-10,AUROPHARMA,Aurobindo Pharma,EQ,INE406A01037,457.7,465.4,457.1,457.95,457.7,457.0,1686133,777558707.8,23909,LEGACY
2020-01-10,BIOCON,Biocon,EQ,INE376G01013,283.0,285.5,280.15,281.1,281.3,282.3,1984913,560788097.6,29576,LEGACY
2020-01-10,CADILAHC,Cadila Healthcare,EQ,INE010B01027,258.9,264.3,257.25,258.15,257.85,258.45,871270,227584561.3,8546,LEGACY
2020-01-10,CIPLA,Cipla,EQ,INE059A01026,470.1,477.0,469.75,473.5,472.95,470.1,1213600,575911564.65,21827,LEGACY
2020-01-10,DIVISLAB,Divi's Laboratories,EQ,INE361B01024,1843.95,1884.5,1841.0,1866.3,1867.1,1843.4,499335,934382122.5,24317,LEGACY
2020-01-10,DRREDDY,Dr. Reddy's Laboratories,EQ,INE089A01023,2930.0,3008.0,2925.15,2933.0,2936.6,2920.5,1127147,3338257645.25,57640,LEGACY
2020-01-10,GLAXO,GlaxoSmithKline Pharmaceuticals,EQ,INE159A01016,1640.65,1664.95,1622.0,1626.9,1624.0,1640.65,35463,58103482.75,3283,LEGACY
2020-01-10,GLENMARK,Glenmark Pharmaceuticals,EQ,INE935A01035,348.45,354.2,345.05,346.4,345.6,346.8,1210675,423234643.25,22456,LEGACY
2020-01-10,GRANULES,Granules India,EQ,INE101D01020,133.9,137.0,128.1,128.7,128.8,133.0,1646576,219300205.95,13645,LEGACY
2020-01-10,IPCALAB,IPCA Laboratories,EQ,INE571A01020,1199.4,1223.1,1180.55,1190.8,1187.45,1195.95,253548,301792404.9,14664,LEGACY
2020-01-10,JBCHEPHARM,JB Chemicals & Pharmaceuticals,EQ,INE572A01028,438.3,455.8,437.85,443.05,444.7,437.15,222524,99348351.7,8515,LEGACY
2020-01-10,LAURUSLABS,Laurus Labs,EQ,INE947Q01010,398.0,405.65,394.15,396.35,399.45,393.75,217909,87507727.15,7608,LEGACY
2020-01-10,LUPIN,Lupin,EQ,INE326A01037,763.15,778.5,757.5,758.95,760.0,758.9,1820102,1397893369.15,35163,LEGACY
2020-01-10,NATCOPHARM,Natco Pharma,EQ,INE987B01026,625.0,638.6,613.95,617.85,617.9,622.05,168893,106028448.35,7213,LEGACY
2020-01-10,PEL,Piramal Enterprises,EQ,INE140A01024,1480.5,1499.0,1442.0,1447.7,1443.7,1476.15,1157817,1700971216.25,33997,LEGACY
2020-01-10,PFIZER,Pfizer,EQ,INE182A01018,3971.8,4020.35,3971.75,3992.5,4000.0,3972.0,16927,67608399.45,2894,LEGACY
2020-01-10,SANOFI,Sanofi India,EQ,INE058A01010,6846.1,6866.5,6760.0,6772.75,6760.3,6812.4,6388,43586925.65,957,LEGACY
2020-01-10,STAR,Strides Pharma Science,EQ,INE939A01011,392.0,399.0,387.1,390.65,388.1,392.1,361083,142623219.7,6835,LEGACY
2020-01-10,SUNPHARMA,Sun Pharmaceutical Industries,EQ,INE044A01036,440.1,449.0,440.0,443.6,444.75,439.85,4334013,1930932329.85,50131,LEGACY
2020-01-10,TORNTPHARM,Torrent Pharmaceuticals,EQ,INE685A01028,1901.2,1912.0,1880.0,1899.05,1900.0,1878.8,188808,358261890.3,7405,LEGACY
2020-01-10,WOCKPHARMA,Wockhardt,EQ,INE049B01025,245.0,251.5,243.3,245.55,245.0,244.2,792416,195913738.75,10354,LEGACY
2020-01-13,ABBOTINDIA,Abbott India,EQ,INE358A01014,12632.45,12632.45,12509.95,12586.65,12598.0,12534.7,4133,51973162.85,1551,LEGACY
2020-01-13,AJANTPHARM,Ajanta Pharma,EQ,INE031B01049,1035.0,1062.2,1033.0,1042.55,1036.0,1034.25,128204,133389367.0,3496,LEGACY
2020-01-13,ALKEM,Alkem Laboratories,EQ,INE540L01014,2282.95,2350.0,2278.0,2339.5,2335.0,2257.85,231850,540859377.75,15631,LEGACY
2020-01-13,APLLTD,Alembic Pharmaceuticals,EQ,INE901L01018,553.5,566.75,553.0,558.75,558.9,557.9,614351,344626867.7,5822,LEGACY
2020-01-13,AUROPHARMA,Aurobindo Pharma,EQ,INE406A01037,460.0,463.85,456.65,460.6,460.25,457.95,1117209,514162879.9,31554,LEGACY
2020-01-13,BIOCON,Biocon,EQ,INE376G01013,283.45,285.55,281.15,283.9,284.4,281.1,1580164,447733000.65,15096,LEGACY
2020-01-13,CADILAHC,Cadila Healthcare,EQ,INE010B01027,258.0,259.5,255.8,256.55,256.9,258.15,1049259,269823809.3,19514,LEGACY
2020-01-13,CIPLA,Cipla,EQ,INE059A01026,474.5,482.45,474.5,477.65,477.5,473.5,1229969,588066735.3,16312,LEGACY
2020-01-13,DIVISLAB,Divi's Laboratories,EQ,INE361B01024,1870.2,1881.8,1860.0,1878.85,1875.5,1866.3,208532,390591272.75,15661,LEGACY
2020-01-13,DRREDDY,Dr. Reddy's Laboratories,EQ,INE089A01023,2932.9,2966.5,2915.7,2954.7,2954.9,2933.0,441864,1304688827.35,24760,LEGACY
2020-01-13,GLAXO,GlaxoSmithKline Pharmaceuticals,EQ,INE159A01016,1626.5,1640.0,1616.55,1627.9,1629.0,1626.9,25376,41271117.95,2317,LEGACY
2020-01-13,GLENMARK,Glenmark Pharmaceuticals,EQ,INE935A01035,347.0,350.0,342.5,345.0,344.5,346.4,854751,295133531.25,12813,LEGACY
2020-01-13,GRANULES,Granules India,EQ,INE101D01020,129.0,132.55,126.6,131.45,131.05,128.7,895010,116498441.05,7655,LEGACY
2020-01-13,IPCALAB,IPCA Laboratories,EQ,INE571A01020,1199.7,1199.7,1175.0,1185.25,1189.0,1190.8,108518,129012434.3,6321,LEGACY
2020-01-13,JBCHEPHARM,JB Chemicals & Pharmaceuticals,EQ,INE572A01028,443.0,463.0,442.95,459.65,460.0,443.05,152819,69232102.05,4301,LEGACY
2020-01-13,LAURUSLABS,Laurus Labs,EQ,INE947Q01010,401.0,407.0,400.15,405.3,404.05,396.35,101744,41094526.0,3990,LEGACY
2020-01-13,LUPIN,Lupin,EQ,INE326A01037,756.5,763.0,740.5,748.6,749.0,758.95,2327854,1741436265.9,50105,LEGACY
2020-01-13,NATCOPHARM,Natco Pharma,EQ,INE987B01026,619.0,631.5,618.0,629.85,625.0,617.85,99308,62199507.35,6324,LEGACY
2020-01-13,PEL,Piramal Enterprises,EQ,INE140A01024,1450.0,1457.95,1415.4,1437.15,1438.6,1447.7,1683490,2413436811.45,37187,LEGACY
2020-01-13,PFIZER,Pfizer,EQ,INE182A01018,4024.0,4030.0,3970.0,4008.05,4010.0,3992.5,10855,43367646.1,1774,LEGACY
2020-01-13,SANOFI,Sanofi India,EQ,INE058A01010,6845.0,6845.0,6731.0,6738.35,6745.0,6772.75,4469,30228436.25,1772,LEGACY
2020-01-13,STAR,Strides Pharma Science,EQ,INE939A01011,394.0,395.0,386.0,391.1,390.95,390.65,158119,61842331.2,3913,LEGACY
2020-01-13,SUNPHARMA,Sun Pharmaceutical Industries,EQ,INE044A01036,447.0,453.65,442.55,444.6,444.8,443.6,4823348,2157943768.3,105783,LEGACY
2020-01-13,TORNTPHARM,Torrent Pharmaceuticals,EQ,INE685A01028,1907.0,1908.5,1888.0,1899.4,1900.0,1899.05,129004,244809652.6,9569,LEGACY
2020-01-13,WOCKPHARMA,Wockhardt,EQ,INE049B01025,246.7,248.45,244.35,246.2,246.45,245.55,308748,76083800.75,4661,LEGACY
2020-01-14,ABBOTINDIA,Abbott India,EQ,INE358A01014,12599.0,12749.0,12512.6,12635.6,12560.0,12586.65,6074,76616627.8,1491,LEGACY
2020-01-14,AJANTPHARM,Ajanta Pharma,EQ,INE031B01049,1042.0,1089.95,1037.0,1078.7,1083.0,1042.55,84146,89477405.8,4852,LEGACY
2020-01-14,ALKEM,Alkem Laboratories,EQ,INE540L01014,2344.5,2351.0,2241.3,2323.8,2322.0,2339.5,160556,374771750.6,13939,LEGACY
2020-01-14,APLLTD,Alembic Pharmaceuticals,EQ,INE901L01018,560.0,570.0,558.4,562.1,562.5,558.75,351471,197872343.8,4664,LEGACY
2020-01-14,AUROPHARMA,Aurobindo Pharma,EQ,INE406A01037,462.0,481.55,460.25,480.3,480.8,460.6,4783345,2272489755.75,66334,LEGACY
2020-01-14,BIOCON,Biocon,EQ,INE376G01013,285.05,285.8,280.55,282.1,282.0,283.9,2441388,689522053.05,23365,LEGACY
2020-01-14,CADILAHC,Cadila Healthcare,EQ,INE010B01027,256.55,258.5,255.0,257.05,256.7,256.55,568913,146106969.15,6747,LEGACY
2020-01-14,CIPLA,Cipla,EQ,INE059A01026,480.6,485.2,479.2,484.25,485.2,477.65,2160301,1042824246.6,71746,LEGACY
2020-01-14,DIVISLAB,Divi's Laboratories,EQ,INE361B01024,1878.5,1887.0,1857.0,1873.65,1875.0,1878.85,328250,614977114.75,23517,LEGACY
2020-01-14,DRREDDY,Dr. Reddy's Laboratories,EQ,INE089A01023,2954.8,2968.8,2932.0,2947.8,2950.0,2954.7,357170,1052284973.55,33063,LEGACY
2020-01-14,GLAXO,GlaxoSmithKline Pharmaceuticals,EQ,INE159A01016,1629.0,1635.15,1618.5,1627.65,1627.2,1627.9,34260,55727571.8,1956,LEGACY
2020-01-14,GLENMARK,Glenmark Pharmaceuticals,EQ,INE935A01035,346.5,347.3,340.6,342.3,342.0,345.0,1069524,366565830.05,21021,LEGACY
2020-01-14,GRANULES,Granules India,EQ,INE101D01020,131.0,133.05,130.0,131.1,131.05,131.45,562181,73901894.15,5606,LEGACY
2020-01-14,IPCALAB,IPCA Laboratories,EQ,INE571A01020,1195.0,1234.0,1189.15,1213.7,1216.7,1185.25,157767,192063059.85,9982,LEGACY
2020-01-14,JBCHEPHARM,JB Chemicals & Pharmaceuticals,EQ,INE572A01028,461.95,464.9,455.35,460.75,460.75,459.65,85113,39181379.6,4637,LEGACY
2020-01-14,LAURUSLABS,Laurus Labs,EQ,INE947Q01010,408.0,408.6,402.0,404.55,405.3,405.3,49729,20127575.15,2375,LEGACY
2020-01-14,LUPIN,Lupin,EQ,INE326A01037,752.7,758.9,750.45,752.8,752.0,748.6,1213631,915805508.95,21672,LEGACY
2020-01-14,NATCOPHARM,Natco Pharma,EQ,INE987B01026,628.5,634.0,624.95,630.65,630.05,629.85,80140,50448605.35,7208,LEGACY
2020-01-14,PEL,Piramal Enterprises,EQ,INE140A01024,1440.0,1470.95,1431.0,1444.85,1448.3,1437.15,1560449,2258662637.7,36648,LEGACY
2020-01-14,PFIZER,Pfizer,EQ,INE182A01018,4024.0,4122.0,3988.05,4088.15,4095.0,4008.05,20584,83997181.8,3653,LEGACY
2020-01-14,SANOFI,Sanofi India,EQ,INE058A01010,6738.0,6793.7,6702.0,6707.85,6746.0,6738.35,6477,43517696.25,991,LEGACY
2020-01-14,STAR,Strides Pharma Science,EQ,INE939A01011,390.9,396.0,390.1,393.0,393.4,391.1,190134,74744098.15,4618,LEGACY
2020-01-14,SUNPHARMA,Sun Pharmaceutical Industries,EQ,INE044A01036,447.0,449.5,444.4,446.0,446.6,444.6,2708589,1210709086.55,38098,LEGACY
2020-01-14,TORNTPHARM,Torrent Pharmaceuticals,EQ,INE685A01028,1900.0,1908.0,1881.3,1885.3,1884.9,1899.4,49543,93741704.95,5653,LEGACY
2020-01-14,WOCKPHARMA,Wockhardt,EQ,INE049B01025,246.0,259.45,246.0,255.65,256.0,246.2,1909028,487108561.95,24868,LEGACY
2020-01-15,ABBOTINDIA,Abbott India,EQ,INE358A01014,12635.0,12850.0,12500.0,12772.05,12850.0,12635.6,4661,58944336.3,2034,LEGACY
2020-01-15,AJANTPHARM,Ajanta Pharma,EQ,INE031B01049,1079.8,1090.95,1072.95,1083.5,1082.5,1078.7,48837,52801697.45,2697,LEGACY
2020-01-15,ALKEM,Alkem Laboratories,EQ,INE540L01014,2307.7,2405.0,2307.7,2365.7,2351.0,2323.8,159401,374466282.8,8807,LEGACY
2020-01-15,APLLTD,Alembic Pharmaceuticals,EQ,INE901L01018,565.0,576.05,564.0,565.95,564.0,562.1,95597,54448456.95,3884,LEGACY
2020-01-15,AUROPHARMA,Aurobindo Pharma,EQ,INE406A01037,483.9,488.3,477.0,485.75,485.65,480.3,4107121,1984841389.65,69697,LEGACY
2020-01-15,BIOCON,Biocon,EQ,INE376G01013,282.8,284.3,279.55,281.55,281.5,282.1,2832670,797625577.45,23528,LEGACY
2020-01-15,CADILAHC,Cadila Healthcare,EQ,INE010B01027,257.05,263.85,255.8,262.75,263.2,257.05,909694,237437057.15,13208,LEGACY
2020-01-15,CIPLA,Cipla,EQ,INE059A01026,484.0,486.85,479.55,484.0,484.0,484.25,1413668,682489251.3,28871,LEGACY
2020-01-15,DIVISLAB,Divi's Laboratories,EQ,INE361B01024,1878.6,1878.6,1852.05,1866.25,1869.0,1873.65,277859,517006802.35,24347,LEGACY
2020-01-15,DRREDDY,Dr. Reddy's Laboratories,EQ,INE089A01023,2946.15,2946.5,2900.0,2918.65,2914.4,2947.8,384867,1121938114.0,33128,LEGACY
2020-01-15,GLAXO,GlaxoSmithKline Pharmaceuticals,EQ,INE159A01016,1629.0,1651.0,1618.05,1625.6,1642.6,1627.65,33832,54984520.35,2340,LEGACY
2020-01-15,GLENMARK,Glenmark Pharmaceuticals,EQ,INE935A01035,342.5,346.8,337.25,345.6,345.45,342.3,1616848,553542185.85,20281,LEGACY
2020-01-15,GRANULES,Granules India,EQ,INE101D01020,131.7,139.8,131.0,137.2,137.55,131.1,3521568,483628681.15,28923,LEGACY
2020-01-15,IPCALAB,IPCA Laboratories,EQ,INE571A01020,1224.75,1255.0,1213.3,1249.65,1244.0,1213.7,164189,203845105.0,8235,LEGACY
2020-01-15,JBCHEPHARM,JB Chemicals & Pharmaceuticals,EQ,INE572A01028,461.85,462.0,456.55,460.45,460.1,460.75,29590,13591539.15,2272,LEGACY
2020-01-15,LAURUSLABS,Laurus Labs,EQ,INE947Q01010,403.55,414.2,401.15,407.05,407.5,404.55,271832,110977470.5,7821,LEGACY
2020-01-15,LUPIN,Lupin,EQ,INE326A01037,752.0,756.8,746.7,751.05,754.0,752.8,1220738,917544715.45,30478,LEGACY
2020-01-15,NATCOPHARM,Natco Pharma,EQ,INE987B01026,632.0,634.0,620.0,621.15,622.0,630.65,114640,71655931.5,11649,LEGACY
2020-01-15,PEL,Piramal Enterprises,EQ,INE140A01024,1457.9,1562.95,1430.65,1536.4,1537.4,1444.85,3876551,5850432041.9,113223,LEGACY
2020-01-15,PFIZER,Pfizer,EQ,INE182A01018,4100.0,4150.05,4055.6,4069.15,4060.1,4088.15,13318,54523535.05,2599,LEGACY
2020-01-15,SANOFI,Sanofi India,EQ,INE058A01010,6784.0,6784.0,6708.1,6721.8,6725.0,6707.85,7686,51713503.6,1892,LEGACY
2020-01-15,STAR,Strides Pharma Science,EQ,INE939A01011,394.9,395.5,387.1,389.65,388.1,393.0,189951,74317746.2,4229,LEGACY
2020-01-15,SUNPHARMA,Sun Pharmaceutical Industries,EQ,INE044A01036,447.6,450.7,443.65,449.05,448.5,446.0,3054107,1366076894.6,47457,LEGACY
2020-01-15,TORNTPHARM,Torrent Pharmaceuticals,EQ,INE685A01028,1885.1,1902.3,1870.25,1898.2,1899.0,1885.3,109225,206430547.7,8508,LEGACY
2020-01-15,WOCKPHARMA,Wockhardt,EQ,INE049B01025,256.0,262.0,256.0,259.3,259.3,255.65,851604,220818777.75,15703,LEGACY
2020-01-16,ABBOTINDIA,Abbott India,EQ,INE358A01014,12872.0,12919.0,12563.0,12614.1,12581.0,12772.05,9186,116332080.05,3230,LEGACY
2020-01-16,AJANTPHARM,Ajanta Pharma,EQ,INE031B01049,1083.5,1137.0,1083.5,1128.6,1133.15,1083.5,129009,143504444.65,5763,LEGACY
2020-01-16,ALKEM,Alkem Laboratories,EQ,INE540L01014,2354.85,2375.0,2342.8,2362.65,2368.85,2365.7,85579,202015368.9,6418,LEGACY
2020-01-16,APLLTD,Alembic Pharmaceuticals,EQ,INE901L01018,569.0,593.25,567.05,583.65,585.0,565.95,190455,110804931.1,7211,LEGACY
2020-01-16,AUROPHARMA,Aurobindo Pharma,EQ,INE406A01037,485.9,487.7,474.85,475.85,475.75,485.75,1947533,934666340.55,36425,LEGACY
2020-01-16,BIOCON,Biocon,EQ,INE376G01013,282.0,288.4,281.05,287.8,287.65,281.55,3793695,1082409552.4,30641,LEGACY
2020-01-16,CADILAHC,Cadila Healthcare,EQ,INE010B01027,262.8,271.7,262.1,270.2,270.0,262.75,2747358,735974573.2,29179,LEGACY
2020-01-16,CIPLA,Cipla,EQ,INE059A01026,484.0,487.45,479.0,480.25,480.0,484.0,1694372,817253115.95,36394,LEGACY
2020-01-16,DIVISLAB,Divi's Laboratories,EQ,INE361B01024,1870.0,1902.1,1869.1,1899.0,1899.45,1866.25,381703,722164943.3,24124,LEGACY
2020-01-16,DRREDDY,Dr. Reddy's Laboratories,EQ,INE089A01023,2928.0,2951.5,2921.65,2937.45,2942.0,2918.65,383462,1126979707.05,29472,LEGACY
2020-01-16,GLAXO,GlaxoSmithKline Pharmaceuticals,EQ,INE159A01016,1644.85,1657.0,1625.1,1629.5,1626.1,1625.6,25104,41160629.1,2214,LEGACY
2020-01-16,GLENMARK,Glenmark Pharmaceuticals,EQ,INE935A01035,345.8,355.4,344.5,352.0,352.1,345.6,2113311,741761419.2,31291,LEGACY
2020-01-16,GRANULES,Granules India,EQ,INE101D01020,138.4,146.5,135.35,144.75,145.7,137.2,4956798,706424441.15,31352,LEGACY
2020-01-16,IPCALAB,IPCA Laboratories,EQ,INE571A01020,1247.0,1261.7,1235.0,1242.95,1240.7,1249.65,81508,101473274.75,5725,LEGACY
2020-01-16,JBCHEPHARM,JB Chemicals & Pharmaceuticals,EQ,INE572A01028,460.1,476.9,460.1,473.5,472.35,460.45,123594,58340353.0,7536,LEGACY
2020-01-16,LAURUSLABS,Laurus Labs,EQ,INE947Q01010,410.95,414.0,398.95,402.95,402.0,407.05,107172,43340894.85,4512,LEGACY
2020-01-16,LUPIN,Lupin,EQ,INE326A01037,751.5,760.65,751.5,753.95,754.7,751.05,1284812,971646584.2,26745,LEGACY
2020-01-16,NATCOPHARM,Natco Pharma,EQ,INE987B01026,621.15,627.85,619.05,620.2,620.0,621.15,77897,48392105.85,4070,LEGACY
2020-01-16,PEL,Piramal Enterprises,EQ,INE140A01024,1537.0,1568.0,1525.0,1546.8,1544.0,1536.4,1532501,2373909236.95,43757,LEGACY
2020-01-16,PFIZER,Pfizer,EQ,INE182A01018,4098.0,4098.0,4035.0,4055.9,4050.0,4069.15,11228,45567250.35,2953,LEGACY
2020-01-16,SANOFI,Sanofi India,EQ,INE058A01010,6760.0,6762.2,6654.2,6715.45,6717.0,6721.8,4881,32788530.95,1331,LEGACY
2020-01-16,STAR,Strides Pharma Science,EQ,INE939A01011,390.65,392.0,385.15,387.4,385.3,389.65,205977,80113694.6,3737,LEGACY
2020-01-16,SUNPHARMA,Sun Pharmaceutical Industries,EQ,INE044A01036,452.25,456.35,447.4,449.05,448.2,449.05,4416809,1993469804.95,62319,LEGACY
2020-01-16,TORNTPHARM,Torrent Pharmaceuticals,EQ,INE685A01028,1906.0,1967.95,1903.0,1924.4,1930.0,1898.2,555491,1073378129.3,23634,LEGACY
2020-01-16,WOCKPHARMA,Wockhardt,EQ,INE049B01025,265.0,295.7,265.0,273.65,272.4,259.3,9740324,2734790062.4,125009,LEGACY
2020-01-17,ABBOTINDIA,Abbott India,EQ,INE358A01014,12610.1,12798.9,12525.0,12561.45,12587.95,12614.1,5254,66495508.15,2007,LEGACY
2020-01-17,AJANTPHARM,Ajanta Pharma,EQ,INE031B01049,1128.0,1171.0,1115.15,1136.85,1125.1,1128.6,137516,158099649.1,9582,LEGACY
2020-01-17,ALKEM,Alkem Laboratories,EQ,INE540L01014,2362.65,2375.0,2331.0,2338.2,2338.85,2362.65,76445,180726580.55,5854,LEGACY
2020-01-17,APLLTD,Alembic Pharmaceuticals,EQ,INE901L01018,583.0,608.5,580.2,601.65,599.0,583.65,331274,198536357.7,12699,LEGACY
2020-01-17,AUROPHARMA,Aurobindo Pharma,EQ,INE406A01037,477.4,489.95,475.95,485.95,486.25,475.85,2644076,1280564412.05,36062,LEGACY
2020-01-17,BIOCON,Biocon,EQ,INE376G01013,288.5,291.95,286.0,290.55,289.6,287.8,2989855,863351609.6,48922,LEGACY
2020-01-17,CADILAHC,Cadila Healthcare,EQ,INE010B01027,271.9,272.8,266.7,269.15,269.1,270.2,3413381,919612038.3,29203,LEGACY
2020-01-17,CIPLA,Cipla,EQ,INE059A01026,480.0,482.95,476.55,480.3,479.95,480.25,2039387,979864386.4,33972,LEGACY
2020-01-17,DIVISLAB,Divi's Laboratories,EQ,INE361B01024,1899.45,1913.85,1892.05,1903.35,1908.0,1899.0,362279,690422650.8,29293,LEGACY
2020-01-17,DRREDDY,Dr. Reddy's Laboratories,EQ,INE089A01023,2944.4,3049.0,2940.0,3034.35,3026.8,2937.45,1117117,3355452631.95,61079,LEGACY
2020-01-17,GLAXO,GlaxoSmithKline Pharmaceuticals,EQ,INE159A01016,1634.8,1647.0,1618.5,1627.85,1625.0,1629.5,665255,1079671730.5,6515,LEGACY
2020-01-17,GLENMARK,Glenmark Pharmaceuticals,EQ,INE935A01035,352.05,365.2,350.2,359.95,360.45,352.0,4672170,1683491597.45,62427,LEGACY
2020-01-17,GRANULES,Granules India,EQ,INE101D01020,146.0,146.25,139.55,142.05,141.75,144.75,2038757,290489312.3,15775,LEGACY
2020-01-17,IPCALAB,IPCA Laboratories,EQ,INE571A01020,1250.7,1250.7,1224.05,1234.9,1231.0,1242.95,148704,183858597.85,7835,LEGACY
2020-01-17,JBCHEPHARM,JB Chemicals & Pharmaceuticals,EQ,INE572A01028,477.65,484.95,460.0,475.25,475.75,473.5,158080,75182037.5,8172,LEGACY
2020-01-17,LAURUSLABS,Laurus Labs,EQ,INE947Q01010,408.95,410.5,402.0,405.9,403.0,402.95,186700,76077165.8,3342,LEGACY
2020-01-17,LUPIN,Lupin,EQ,INE326A01037,753.0,770.0,751.45,766.65,766.35,753.95,1336060,1017422062.75,24831,LEGACY
2020-01-17,NATCOPHARM,Natco Pharma,EQ,INE987B01026,616.65,629.95,616.65,625.45,625.05,620.2,186728,116591770.15,4246,LEGACY
2020-01-17,PEL,Piramal Enterprises,EQ,INE140A01024,1551.0,1655.0,1550.5,1627.4,1632.1,1546.8,3224724,5205011354.4,95488,LEGACY
2020-01-17,PFIZER,Pfizer,EQ,INE182A01018,4055.95,4079.35,4013.85,4050.5,4047.0,4055.9,10588,42922267.3,1979,LEGACY
2020-01-17,SANOFI,Sanofi India,EQ,INE058A01010,6748.9,6760.0,6686.0,6723.15,6710.0,6715.45,3284,22104753.8,718,LEGACY
2020-01-17,STAR,Strides Pharma Science,EQ,INE939A01011,389.0,390.0,385.0,386.25,385.25,387.4,179100,69406950.75,4351,LEGACY
2020-01-17,SUNPHARMA,Sun Pharmaceutical Industries,EQ,INE044A01036,448.2,456.25,446.0,454.6,454.75,449.05,3216737,1452466883.8,49212,LEGACY
2020-01-17,TORNTPHARM,Torrent Pharmaceuticals,EQ,INE685A01028,1936.4,2028.0,1928.7,2006.35,2000.0,1924.4,1119022,2227630542.55,45879,LEGACY
2020-01-17,WOCKPHARMA,Wockhardt,EQ,INE049B01025,275.0,289.85,268.45,286.55,287.6,273.65,3872249,1086437887.4,44302,LEGACY
2020-01-20,ABBOTINDIA,Abbott India,EQ,INE358A01014,12610.6,12684.0,12501.0,12643.4,12679.0,12561.45,7650,96262496.1,2126,LEGACY
2020-01-20,AJANTPHARM,Ajanta Pharma,EQ,INE031B01049,1135.0,1211.0,1130.25,1195.6,1207.0,1136.85,410391,486763665.3,14791,LEGACY
2020-01-20,ALKEM,Alkem Laboratories,EQ,INE540L01014,2387.55,2387.55,2344.3,2359.35,2359.95,2338.2,72290,170900653.65,5157,LEGACY
2020-01-20,APLLTD,Alembic Pharmaceuticals,EQ,INE901L01018,605.0,611.8,594.0,598.4,597.0,601.65,886863,533884521.9,11564,LEGACY
2020-01-20,AUROPHARMA,Aurobindo Pharma,EQ,INE406A01037,485.0,488.35,477.05,482.95,482.05,485.95,1733486,836425498.2,20594,LEGACY
2020-01-20,BIOCON,Biocon,EQ,INE376G01013,292.5,294.6,288.5,292.05,291.65,290.55,2567355,749612730.2,33032,LEGACY
2020-01-20,CADILAHC,Cadila Healthcare,EQ,INE010B01027,269.1,272.85,264.6,266.95,267.75,269.15,1445582,387769279.3,15329,LEGACY
2020-01-20,CIPLA,Cipla,EQ,INE059A01026,480.45,483.15,476.65,480.15,479.85,480.3,1206931,579469991.8,34474,LEGACY
2020-01-20,DIVISLAB,Divi's Laboratories,EQ,INE361B01024,1905.0,1926.4,1887.1,1892.0,1890.1,1903.35,420979,803517679.15,23923,LEGACY
2020-01-20,DRREDDY,Dr. Reddy's Laboratories,EQ,INE089A01023,3043.0,3080.0,3032.05,3059.6,3062.2,3034.35,874713,2675675040.7,52713,LEGACY
2020-01-20,GLAXO,GlaxoSmithKline Pharmaceuticals,EQ,INE159A01016,1630.0,1647.0,1623.25,1630.2,1626.0,1627.85,79844,130209765.6,2498,LEGACY
2020-01-20,GLENMARK,Glenmark Pharmaceuticals,EQ,INE935A01035,362.95,364.8,346.8,350.7,350.35,359.95,2652645,939069732.15,51267,LEGACY
2020-01-20,GRANULES,Granules India,EQ,INE101D01020,142.8,152.6,141.05,147.2,147.1,142.05,7308893,1088713576.75,80866,LEGACY
2020-01-20,IPCALAB,IPCA Laboratories,EQ,INE571A01020,1242.55,1243.0,1215.0,1219.5,1215.0,1234.9,193147,237262848.75,7638,LEGACY
2020-01-20,JBCHEPHARM,JB Chemicals & Pharmaceuticals,EQ,INE572A01028,475.0,491.0,475.0,482.25,480.0,475.25,109029,52833239.65,4327,LEGACY
2020-01-20,LAURUSLABS,Laurus Labs,EQ,INE947Q01010,409.7,410.65,402.0,403.1,404.5,405.9,91764,37198199.0,4937,LEGACY
2020-01-20,LUPIN,Lupin,EQ,INE326A01037,760.0,760.25,730.1,732.7,733.35,766.65,3214043,2379582798.5,65436,LEGACY
2020-01-20,NATCOPHARM,Natco Pharma,EQ,INE987B01026,626.0,649.4,626.0,640.0,640.0,625.45,233922,149951337.25,9350,LEGACY
2020-01-20,PEL,Piramal Enterprises,EQ,INE140A01024,1642.4,1650.0,1575.7,1586.2,1579.15,1627.4,1301711,2088186888.55,39680,LEGACY
2020-01-20,PFIZER,Pfizer,EQ,INE182A01018,4042.0,4057.2,3985.0,4004.05,4005.0,4050.5,10302,41290551.45,2349,LEGACY
2020-01-20,SANOFI,Sanofi India,EQ,INE058A01010,6725.0,6725.35,6648.0,6659.25,6660.0,6723.15,48786,324564208.05,3513,LEGACY
2020-01-20,STAR,Strides Pharma Science,EQ,INE939A01011,389.0,393.0,386.4,389.5,389.85,386.25,310474,121065373.1,5381,LEGACY
2020-01-20,SUNPHARMA,Sun Pharmaceutical Industries,EQ,INE044A01036,454.2,456.2,446.15,449.45,449.3,454.6,2824739,1271534484.0,37371,LEGACY
2020-01-20,TORNTPHARM,Torrent Pharmaceuticals,EQ,INE685A01028,2006.35,2073.65,1985.55,2027.7,2023.1,2006.35,889864,1813222376.05,38450,LEGACY
2020-01-20,WOCKPHARMA,Wockhardt,EQ,INE049B01025,288.0,297.9,280.15,284.15,286.25,286.55,2143056,618807563.0,28464,LEGACY
2020-01-21,ABBOTINDIA,Abbott India,EQ,INE358A01014,12660.6,12750.0,12580.0,12713.15,12715.0,12643.4,6644,84370670.85,1204,LEGACY
2020-01-21,AJANTPHARM,Ajanta Pharma,EQ,INE031B01049,1203.0,1210.5,1170.0,1179.85,1173.0,1195.6,201808,240387968.1,11214,LEGACY
2020-01-21,ALKEM,Alkem Laboratories,EQ,INE540L01014,2359.95,2374.05,2321.55,2356.85,2350.0,2359.35,127081,299341479.1,5248,LEGACY
2020-01-21,APLLTD,Alembic Pharmaceuticals,EQ,INE901L01018,597.4,601.0,585.1,599.6,598.0,598.4,668657,400908036.0,4175,LEGACY
2020-01-21,AUROPHARMA,Aurobindo Pharma,EQ,INE406A01037,481.0,495.4,472.0,493.2,494.5,482.95,3371672,1650952996.5,49523,LEGACY
2020-01-21,BIOCON,Biocon,EQ,INE376G01013,291.6,295.9,290.1,294.65,294.1,292.05,1876487,551891250.4,15951,LEGACY
2020-01-21,CADILAHC,Cadila Healthcare,EQ,INE010B01027,266.0,270.5,266.0,268.35,268.5,266.95,975832,261803261.2,20446,LEGACY
2020-01-21,CIPLA,Cipla,EQ,INE059A01026,478.95,479.55,472.2,473.4,473.0,480.15,1448808,689466313.55,27223,LEGACY
2020-01-21,DIVISLAB,Divi's Laboratories,EQ,INE361B01024,1892.0,1900.9,1868.0,1870.8,1868.0,1892.0,393410,739728255.4,22592,LEGACY
2020-01-21,DRREDDY,Dr. Reddy's Laboratories,EQ,INE089A01023,3055.55,3079.8,3035.85,3060.45,3052.0,3059.6,570786,1747485350.45,26841,LEGACY
2020-01-21,GLAXO,GlaxoSmithKline Pharmaceuticals,EQ,INE159A01016,1631.0,1632.5,1616.25,1623.35,1622.0,1630.2,15763,25636134.25,1660,LEGACY
2020-01-21,GLENMARK,Glenmark Pharmaceuticals,EQ,INE935A01035,349.45,355.65,345.6,351.0,350.7,350.7,1313180,460906667.9,23368,LEGACY
2020-01-21,GRANULES,Granules India,EQ,INE101D01020,147.7,152.85,138.1,139.95,140.35,147.2,10078581,1478039590.45,60299,LEGACY
2020-01-21,IPCALAB,IPCA Laboratories,EQ,INE571A01020,1219.5,1230.0,1201.0,1225.85,1225.0,1219.5,86170,105236891.05,9504,LEGACY
2020-01-21,JBCHEPHARM,JB Chemicals & Pharmaceuticals,EQ,INE572A01028,484.8,486.0,467.3,484.0,481.2,482.25,64328,30889888.35,2982,LEGACY
2020-01-21,LAURUSLABS,Laurus Labs,EQ,INE947Q01010,405.95,409.0,402.15,404.3,405.7,403.1,42477,17185502.0,1482,LEGACY
2020-01-21,LUPIN,Lupin,EQ,INE326A01037,733.0,744.25,727.25,741.15,739.8,732.7,1619921,1194720389.15,35460,LEGACY
2020-01-21,NATCOPHARM,Natco Pharma,EQ,INE987B01026,640.0,649.4,634.75,645.35,644.15,640.0,308012,198458503.8,4962,LEGACY
2020-01-21,PEL,Piramal Enterprises,EQ,INE140A01024,1574.95,1617.0,1560.0,1611.25,1610.3,1586.2,1504542,2399308724.2,44075,LEGACY
2020-01-21,PFIZER,Pfizer,EQ,INE182A01018,4024.8,4025.0,3986.4,4010.5,4009.0,4004.05,8818,35340307.2,1558,LEGACY
2020-01-21,SANOFI,Sanofi India,EQ,INE058A01010,6687.5,6720.0,6635.0,6661.3,6700.0,6659.25,35950,239200742.55,1744,LEGACY
2020-01-21,STAR,Strides Pharma Science,EQ,INE939A01011,389.6,396.3,388.6,392.3,393.9,389.5,1370349,537430431.5,13950,LEGACY
2020-01-21,SUNPHARMA,Sun Pharmaceutical Industries,EQ,INE044A01036,448.0,451.75,446.0,447.4,448.0,449.45,2573651,1155168440.3,64119,LEGACY
2020-01-21,TORNTPHARM,Torrent Pharmaceuticals,EQ,INE685A01028,2025.0,2056.85,1992.0,2020.15,2017.85,2027.7,520403,1057724932.1,22271,LEGACY
2020-01-21,WOCKPHARMA,Wockhardt,EQ,INE049B01025,285.0,288.0,279.05,282.15,282.15,284.15,879800,248851247.4,11075,LEGACY
2020-01-22,ABBOTINDIA,Abbott India,EQ,INE358A01014,12715.25,12798.55,12595.0,12702.2,12686.0,12713.15,3491,44318247.7,1241,LEGACY
2020-01-22,AJANTPHARM,Ajanta Pharma,EQ,INE031B01049,1180.0,1200.0,1177.05,1193.5,1187.05,1179.85,87215,104093303.65,7951,LEGACY
2020-01-22,ALKEM,Alkem Laboratories,EQ,INE540L01014,2360.1,2370.0,2342.85,2360.85,2359.0,2356.85,47447,112087462.15,6165,LEGACY
2020-01-22,APLLTD,Alembic Pharmaceuticals,EQ,INE901L01018,602.0,605.0,585.25,590.2,593.0,599.6,549485,328306066.75,11212,LEGACY
2020-01-22,AUROPHARMA,Aurobindo Pharma,EQ,INE406A01037,498.0,510.9,490.8,497.95,498.0,493.2,8257195,4152278736.25,118229,LEGACY
2020-01-22,BIOCON,Biocon,EQ,INE376G01013,295.55,297.0,290.1,292.65,292.5,294.65,2043331,601727444.9,22214,LEGACY
2020-01-22,CADILAHC,Cadila Healthcare,EQ,INE010B01027,268.5,276.5,267.75,269.2,269.6,268.35,4553748,1243833560.35,49867,LEGACY
2020-01-22,CIPLA,Cipla,EQ,INE059A01026,474.5,480.3,470.25,471.6,470.8,473.4,2380518,1134603844.85,48713,LEGACY
2020-01-22,DIVISLAB,Divi's Laboratories,EQ,INE361B01024,1872.1,1890.65,1843.95,1855.15,1855.0,1870.8,460611,857968823.45,17818,LEGACY
2020-01-22,DRREDDY,Dr. Reddy's Laboratories,EQ,INE089A01023,3060.55,3105.05,3047.4,3062.05,3055.55,3060.45,559798,1725473688.15,37334,LEGACY
2020-01-22,GLAXO,GlaxoSmithKline Pharmaceuticals,EQ,INE159A01016,1624.8,1634.0,1618.0,1621.5,1620.25,1623.35,47883,77701470.15,1884,LEGACY
2020-01-22,GLENMARK,Glenmark Pharmaceuticals,EQ,INE935A01035,354.2,356.55,346.55,350.05,349.3,351.0,1520164,535512022.55,29055,LEGACY
2020-01-22,GRANULES,Granules India,EQ,INE101D01020,141.95,149.9,141.8,149.25,149.75,139.95,4752154,697588642.6,36848,LEGACY
2020-01-22,IPCALAB,IPCA Laboratories,EQ,INE571A01020,1233.5,1235.05,1212.5,1229.45,1228.0,1225.85,80904,99425101.65,10802,LEGACY
2020-01-22,JBCHEPHARM,JB Chemicals & Pharmaceuticals,EQ,INE572A01028,485.9,513.0,485.8,497.2,497.0,484.0,163438,81394482.5,5770,LEGACY
2020-01-22,LAURUSLABS,Laurus Labs,EQ,INE947Q01010,407.0,409.0,394.15,399.85,400.05,404.3,107350,43158701.9,11591,LEGACY
2020-01-22,LUPIN,Lupin,EQ,INE326A01037,743.25,746.95,734.65,738.4,739.85,741.15,904533,668288253.45,28786,LEGACY
2020-01-22,NATCOPHARM,Natco Pharma,EQ,INE987B01026,648.9,671.8,643.0,645.65,650.0,645.35,515770,338629995.45,15912,LEGACY
2020-01-22,PEL,Piramal Enterprises,EQ,INE140A01024,1617.0,1629.2,1587.0,1607.95,1604.9,1611.25,955052,1539141967.55,29440,LEGACY
2020-01-22,PFIZER,Pfizer,EQ,INE182A01018,4025.0,4074.0,3970.5,3991.2,3985.0,4010.5,9344,37524583.95,1498,LEGACY
2020-01-22,SANOFI,Sanofi India,EQ,INE058A01010,6705.05,6736.4,6650.3,6658.9,6653.0,6661.3,10284,68722968.85,916,LEGACY
2020-01-22,STAR,Strides Pharma Science,EQ,INE939A01011,395.8,399.6,394.3,396.35,395.65,392.3,485275,193031173.5,9383,LEGACY
2020-01-22,SUNPHARMA,Sun Pharmaceutical Industries,EQ,INE044A01036,448.4,453.85,445.35,446.3,447.0,447.4,3412716,1533074064.6,52067,LEGACY
2020-01-22,TORNTPHARM,Torrent Pharmaceuticals,EQ,INE685A01028,2030.0,2044.95,1992.1,2000.95,1997.0,2020.15,416190,842182799.65,15111,LEGACY
2020-01-22,WOCKPHARMA,Wockhardt,EQ,INE049B01025,284.2,284.8,276.3,278.6,278.0,282.15,766854,214706040.7,15553,LEGACY
2020-01-23,ABBOTINDIA,Abbott India,EQ,INE358A01014,12680.0,12750.0,12652.05,12707.9,12710.0,12702.2,10901,138757187.5,1620,LEGACY
2020-01-23,AJANTPHARM,Ajanta Pharma,EQ,INE031B01049,1184.5,1192.0,1170.8,1182.85,1190.0,1193.5,62642,74023447.35,7727,LEGACY
2020-01-23,ALKEM,Alkem Laboratories,EQ,INE540L01014,2363.15,2365.0,2310.0,2329.7,2320.0,2360.85,57972,135878759.2,10448,LEGACY
2020-01-23,APLLTD,Alembic Pharmaceuticals,EQ,INE901L01018,598.0,598.0,583.6,588.8,588.1,590.2,408209,240662710.6,16378,LEGACY
2020-01-23,AUROPHARMA,Aurobindo Pharma,EQ,INE406A01037,498.75,499.6,487.35,490.05,491.5,497.95,3759332,1848535938.3,49313,LEGACY
2020-01-23,BIOCON,Biocon,EQ,INE376G01013,294.0,296.8,291.25,294.3,294.3,292.65,2503937,737922039.05,26291,LEGACY
2020-01-23,CADILAHC,Cadila Healthcare,EQ,INE010B01027,269.2,272.0,268.6,269.45,269.1,269.2,1196861,323506408.45,14809,LEGACY
2020-01-23,CIPLA,Cipla,EQ,INE059A01026,464.5,475.85,459.35,465.15,465.0,471.6,5783749,2717742843.65,76343,LEGACY
2020-01-23,DIVISLAB,Divi's Laboratories,EQ,INE361B01024,1855.0,1902.4,1853.0,1897.45,1895.2,1855.15,294035,554072273.25,17381,LEGACY
2020-01-23,DRREDDY,Dr. Reddy's Laboratories,EQ,INE089A01023,3055.3,3078.7,3024.0,3038.15,3032.1,3062.05,426168,1299103525.1,34732,LEGACY
2020-01-23,GLAXO,GlaxoSmithKline Pharmaceuticals,EQ,INE159A01016,1628.95,1639.8,1622.0,1629.9,1630.0,1621.5,41182,67115715.15,2033,LEGACY
2020-01-23,GLENMARK,Glenmark Pharmaceuticals,EQ,INE935A01035,348.0,353.5,347.0,350.9,350.7,350.05,777768,273129347.45,18021,LEGACY
2020-01-23,GRANULES,Granules India,EQ,INE101D01020,149.95,161.1,149.1,159.8,159.8,149.25,6136199,955379687.4,53400,LEGACY
2020-01-23,IPCALAB,IPCA Laboratories,EQ,INE571A01020,1229.0,1263.6,1210.25,1226.45,1217.15,1229.45,151686,187203447.6,14644,LEGACY
2020-01-23,JBCHEPHARM,JB Chemicals & Pharmaceuticals,EQ,INE572A01028,502.0,502.9,494.1,497.35,496.6,497.2,51731,25761923.15,2071,LEGACY
2020-01-23,LAURUSLABS,Laurus Labs,EQ,INE947Q01010,402.95,422.4,401.5,414.9,417.85,399.85,361492,149804566.15,11598,LEGACY
2020-01-23,LUPIN,Lupin,EQ,INE326A01037,738.4,743.95,736.0,737.85,737.9,738.4,718365,530821275.6,16938,LEGACY
2020-01-23,NATCOPHARM,Natco Pharma,EQ,INE987B01026,649.8,661.0,645.55,649.0,650.0,645.65,155847,101990665.9,6669,LEGACY
2020-01-23,PEL,Piramal Enterprises,EQ,INE140A01024,1610.0,1699.8,1595.5,1686.6,1686.55,1607.95,2523336,4186087781.9,69096,LEGACY
2020-01-23,PFIZER,Pfizer,EQ,INE182A01018,3990.0,4069.9,3990.0,4055.8,4054.9,3991.2,14673,59298079.9,3847,LEGACY
2020-01-23,SANOFI,Sanofi India,EQ,INE058A01010,6658.9,6694.95,6614.0,6625.25,6625.0,6658.9,5924,39307416.55,1171,LEGACY
2020-01-23,STAR,Strides Pharma Science,EQ,INE939A01011,396.35,418.4,396.3,412.1,410.9,396.35,1983511,811188068.75,20463,LEGACY
2020-01-23,SUNPHARMA,Sun Pharmaceutical Industries,EQ,INE044A01036,447.2,452.2,445.0,449.85,450.0,446.3,1875787,843451684.35,33288,LEGACY
2020-01-23,TORNTPHARM,Torrent Pharmaceuticals,EQ,INE685A01028,2003.95,2035.55,2001.0,2020.5,2029.9,2000.95,176247,355993112.0,11103,LEGACY
2020-01-23,WOCKPHARMA,Wockhardt,EQ,INE049B01025,278.15,283.7,275.55,281.05,280.7,278.6,604735,169232961.05,10206,LEGACY
2020-01-24,ABBOTINDIA,Abbott India,EQ,INE358A01014,12640.0,12747.95,12550.0,12597.25,12588.0,12707.9,6744,85273715.5,1942,LEGACY
2020-01-24,AJANTPHARM,Ajanta Pharma,EQ,INE031B01049,1190.0,1195.0,1167.0,1180.25,1181.7,1182.85,44141,52160410.8,3320,LEGACY
2020-01-24,ALKEM,Alkem Laboratories,EQ,INE540L01014,2337.0,2350.0,2323.05,2346.95,2350.0,2329.7,45894,107167797.15,7991,LEGACY
2020-01-24,APLLTD,Alembic Pharmaceuticals,EQ,INE901L01018,589.0,600.0,586.5,589.85,588.9,588.8,191990,114338064.75,11245,LEGACY
2020-01-24,AUROPHARMA,Aurobindo Pharma,EQ,INE406A01037,491.4,504.0,491.0,501.1,501.25,490.05,2975692,1487199843.95,37476,LEGACY
2020-01-24,BIOCON,Biocon,EQ,INE376G01013,288.0,296.3,282.45,294.35,294.0,294.3,8973074,2609140981.35,81447,LEGACY
2020-01-24,CADILAHC,Cadila Healthcare,EQ,INE010B01027,269.5,274.2,269.5,272.15,271.8,269.45,1403114,381715830.0,21153,LEGACY
2020-01-24,CIPLA,Cipla,EQ,INE059A01026,465.0,467.75,456.85,458.85,458.75,465.15,2713370,1253858930.1,69823,LEGACY
2020-01-24,DIVISLAB,Divi's Laboratories,EQ,INE361B01024,1896.5,1914.7,1885.1,1910.5,1912.4,1897.45,200949,383198874.3,12999,LEGACY
2020-01-24,DRREDDY,Dr. Reddy's Laboratories,EQ,INE089A01023,3044.0,3047.05,3025.2,3031.4,3029.45,3038.15,272729,828019253.75,19235,LEGACY
2020-01-24,GLAXO,GlaxoSmithKline Pharmaceuticals,EQ,INE159A01016,1635.0,1663.5,1627.35,1639.3,1638.0,1629.9,68470,112824704.85,5494,LEGACY
2020-01-24,GLENMARK,Glenmark Pharmaceuticals,EQ,INE935A01035,349.1,356.0,349.1,350.75,350.9,350.9,1121453,396133064.9,25344,LEGACY
2020-01-24,GRANULES,Granules India,EQ,INE101D01020,159.0,159.0,154.0,154.65,154.5,159.8,1720185,268042246.95,27938,LEGACY
2020-01-24,IPCALAB,IPCA Laboratories,EQ,INE571A01020,1217.0,1232.75,1215.85,1224.15,1218.0,1226.45,107076,131481414.9,11067,LEGACY
2020-01-24,JBCHEPHARM,JB Chemicals & Pharmaceuticals,EQ,INE572A01028,498.65,504.0,492.2,496.0,492.65,497.35,51151,25496279.25,2757,LEGACY
2020-01-24,LAURUSLABS,Laurus Labs,EQ,INE947Q01010,418.0,419.0,410.0,412.05,411.1,414.9,98559,40845663.9,5273,LEGACY
2020-01-24,LUPIN,Lupin,EQ,INE326A01037,737.3,744.5,735.7,740.15,739.0,737.85,507047,375758093.95,13797,LEGACY
2020-01-24,NATCOPHARM,Natco Pharma,EQ,INE987B01026,649.0,664.8,649.0,660.15,661.3,649.0,194567,128408726.4,6321,LEGACY
2020-01-24,PEL,Piramal Enterprises,EQ,INE140A01024,1686.55,1724.95,1662.2,1675.4,1679.0,1686.6,1851927,3152472689.8,54049,LEGACY
2020-01-24,PFIZER,Pfizer,EQ,INE182A01018,4056.05,4219.6,4054.95,4166.1,4151.1,4055.8,36925,153909334.25,6962,LEGACY
2020-01-24,SANOFI,Sanofi India,EQ,INE058A01010,6629.35,6700.15,6605.0,6627.6,6627.0,6625.25,4938,32751573.65,1312,LEGACY
2020-01-24,STAR,Strides Pharma Science,EQ,INE939A01011,413.0,423.1,410.0,414.85,414.0,412.1,1177036,491334281.5,16172,LEGACY
2020-01-24,SUNPHARMA,Sun Pharmaceutical Industries,EQ,INE044A01036,450.0,452.85,446.8,447.8,447.4,449.85,2153164,969753957.2,51893,LEGACY
2020-01-24,TORNTPHARM,Torrent Pharmaceuticals,EQ,INE685A01028,2029.0,2062.0,2025.0,2036.95,2037.35,2020.5,269834,552522136.25,19193,LEGACY
2020-01-24,WOCKPHARMA,Wockhardt,EQ,INE049B01025,282.4,302.9,280.2,299.0,302.9,281.05,3294185,966538832.3,38547,LEGACY
2020-01-27,ABBOTINDIA,Abbott India,EQ,INE358A01014,12560.0,12734.3,12560.0,12666.3,12672.0,12597.25,8959,113511270.15,1403,LEGACY
2020-01-27,AJANTPHARM,Ajanta Pharma,EQ,INE031B01049,1180.25,1194.8,1155.05,1176.1,1175.05,1180.25,71997,85118715.35,5340,LEGACY
2020-01-27,ALKEM,Alkem Laboratories,EQ,INE540L01014,2350.0,2388.7,2325.0,2357.1,2360.0,2346.95,67100,158691317.9,5384,LEGACY
2020-01-27,APLLTD,Alembic Pharmaceuticals,EQ,INE901L01018,590.0,633.5,590.0,614.6,615.0,589.85,1081047,656771727.45,21157,LEGACY
2020-01-27,AUROPHARMA,Aurobindo Pharma,EQ,INE406A01037,499.6,518.0,498.2,511.0,511.35,501.1,4841528,2482115987.0,66267,LEGACY
2020-01-27,BIOCON,Biocon,EQ,INE376G01013,289.0,297.9,286.0,290.1,290.0,294.35,4281963,1255454655.95,46485,LEGACY
2020-01-27,CADILAHC,Cadila Healthcare,EQ,INE010B01027,270.1,275.6,269.2,273.35,272.85,272.15,2905584,791342643.35,21848,LEGACY
2020-01-27,CIPLA,Cipla,EQ,INE059A01026,457.5,466.5,454.2,464.45,464.2,458.85,5849003,2708743192.15,69918,LEGACY
2020-01-27,DIVISLAB,Divi's Laboratories,EQ,INE361B01024,1910.0,1935.0,1893.7,1918.35,1914.1,1910.5,434503,834801495.3,17637,LEGACY
2020-01-27,DRREDDY,Dr. Reddy's Laboratories,EQ,INE089A01023,3029.0,3209.0,2997.5,3188.75,3200.0,3031.4,4139808,13001345927.6,193880,LEGACY
2020-01-27,GLAXO,GlaxoSmithKline Pharmaceuticals,EQ,INE159A01016,1645.0,1718.0,1644.95,1675.6,1675.0,1639.3,116153,196342583.2,8419,LEGACY
2020-01-27,GLENMARK,Glenmark Pharmaceuticals,EQ,INE935A01035,349.65,362.4,347.7,356.15,356.0,350.75,2693800,960010156.95,43893,LEGACY
2020-01-27,GRANULES,Granules India,EQ,INE101D01020,153.0,158.5,150.1,151.5,152.0,154.65,2147348,331678430.2,32157,LEGACY
2020-01-27,IPCALAB,IPCA Laboratories,EQ,INE571A01020,1230.0,1236.9,1217.9,1231.65,1224.8,1224.15,48961,60105265.35,5099,LEGACY
2020-01-27,JBCHEPHARM,JB Chemicals & Pharmaceuticals,EQ,INE572A01028,493.0,500.45,491.2,497.35,497.15,496.0,31654,15771320.5,2009,LEGACY
2020-01-27,LAURUSLABS,Laurus Labs,EQ,INE947Q01010,412.05,427.7,412.05,423.55,426.0,412.05,208625,88107869.15,8403,LEGACY
2020-01-27,LUPIN,Lupin,EQ,INE326A01037,738.0,759.9,734.1,751.9,751.1,740.15,1492976,1121918502.75,27291,LEGACY
2020-01-27,NATCOPHARM,Natco Pharma,EQ,INE987B01026,660.0,664.0,652.2,654.55,654.75,660.15,95085,62361481.5,6712,LEGACY
2020-01-27,PEL,Piramal Enterprises,EQ,INE140A01024,1674.0,1717.85,1660.1,1696.65,1703.75,1675.4,1274996,2167416547.4,35038,LEGACY
2020-01-27,PFIZER,Pfizer,EQ,INE182A01018,4166.95,4380.0,4166.95,4348.45,4360.1,4166.1,89777,387681491.95,11144,LEGACY
2020-01-27,SANOFI,Sanofi India,EQ,INE058A01010,6627.6,6844.95,6625.0,6737.1,6740.0,6627.6,6864,46490052.15,1607,LEGACY
2020-01-27,STAR,Strides Pharma Science,EQ,INE939A01011,415.0,457.0,415.0,451.3,450.1,414.85,3122105,1376541204.3,51546,LEGACY
2020-01-27,SUNPHARMA,Sun Pharmaceutical Industries,EQ,INE044A01036,447.0,451.75,442.2,448.4,448.75,447.8,3530914,1580291567.35,68219,LEGACY
2020-01-27,TORNTPHARM,Torrent Pharmaceuticals,EQ,INE685A01028,2036.95,2055.95,2005.5,2027.15,2022.0,2036.95,243544,495042685.45,16719,LEGACY
2020-01-27,WOCKPHARMA,Wockhardt,EQ,INE049B01025,299.5,358.8,298.15,351.3,358.8,299.0,18385925,6151041516.65,209452,LEGACY
2020-01-28,ABBOTINDIA,Abbott India,EQ,INE358A01014,12669.0,12770.0,12620.0,12653.55,12660.0,12666.3,6664,84447969.4,1188,LEGACY
2020-01-28,AJANTPHARM,Ajanta Pharma,EQ,INE031B01049,1182.0,1194.0,1153.4,1163.0,1165.0,1176.1,46875,54965904.65,4482,LEGACY
2020-01-28,ALKEM,Alkem Laboratories,EQ,INE540L01014,2371.8,2380.0,2313.25,2324.6,2328.0,2357.1,29306,69211015.4,6331,LEGACY
2020-01-28,APLLTD,Alembic Pharmaceuticals,EQ,INE901L01018,616.0,640.0,616.0,632.4,634.5,614.6,1062432,670444686.65,24278,LEGACY
2020-01-28,AUROPHARMA,Aurobindo Pharma,EQ,INE406A01037,512.4,515.9,501.5,504.1,501.5,511.0,2725047,1380722343.1,45778,LEGACY
2020-01-28,BIOCON,Biocon,EQ,INE376G01013,290.1,292.5,286.25,288.6,288.5,290.1,2283893,659994374.6,28330,LEGACY
2020-01-28,CADILAHC,Cadila Healthcare,EQ,INE010B01027,274.75,279.0,271.3,272.4,272.75,273.35,2623772,725891264.2,25506,LEGACY
2020-01-28,CIPLA,Cipla,EQ,INE059A01026,465.0,468.0,458.95,464.7,464.45,464.45,3592413,1669112532.5,101456,LEGACY
2020-01-28,DIVISLAB,Divi's Laboratories,EQ,INE361B01024,1918.35,1951.8,1903.15,1946.75,1945.0,1918.35,527383,1019027957.3,25979,LEGACY
2020-01-28,DRREDDY,Dr. Reddy's Laboratories,EQ,INE089A01023,3190.0,3249.95,3157.75,3189.15,3183.0,3188.75,2302269,7397234078.95,114855,LEGACY
2020-01-28,GLAXO,GlaxoSmithKline Pharmaceuticals,EQ,INE159A01016,1680.0,1715.0,1677.0,1686.5,1684.1,1675.6,62775,106581496.6,7013,LEGACY
2020-01-28,GLENMARK,Glenmark Pharmaceuticals,EQ,INE935A01035,357.9,361.3,342.8,344.9,343.95,356.15,2133106,750033716.0,41046,LEGACY
2020-01-28,GRANULES,Granules India,EQ,INE101D01020,152.0,154.4,148.9,151.9,152.6,151.5,1139726,173315363.35,21228,LEGACY
2020-01-28,IPCALAB,IPCA Laboratories,EQ,INE571A01020,1231.65,1251.0,1224.0,1243.6,1235.7,1231.65,277844,345203163.1,22495,LEGACY
2020-01-28,JBCHEPHARM,JB Chemicals & Pharmaceuticals,EQ,INE572A01028,500.0,503.8,487.45,500.1,497.05,497.35,62072,30860516.55,3604,LEGACY
2020-01-28,LAURUSLABS,Laurus Labs,EQ,INE947Q01010,422.0,433.95,422.0,425.8,426.55,423.55,127570,54551784.95,5596,LEGACY
2020-01-28,LUPIN,Lupin,EQ,INE326A01037,755.0,756.7,745.1,747.4,745.45,751.9,1322275,994548015.3,37386,LEGACY
2020-01-28,NATCOPHARM,Natco Pharma,EQ,INE987B01026,650.1,663.0,637.05,643.65,645.7,654.55,151766,98605314.4,9877,LEGACY
2020-01-28,PEL,Piramal Enterprises,EQ,INE140A01024,1704.0,1720.0,1669.15,1679.5,1683.0,1696.65,891088,1509003102.7,27517,LEGACY
2020-01-28,PFIZER,Pfizer,EQ,INE182A01018,4380.0,4418.0,4291.0,4327.7,4348.9,4348.45,29080,126462112.45,4851,LEGACY
2020-01-28,SANOFI,Sanofi India,EQ,INE058A01010,6770.0,6770.0,6705.5,6725.15,6724.0,6737.1,3746,25213980.2,1162,LEGACY
2020-01-28,STAR,Strides Pharma Science,EQ,INE939A01011,452.0,458.4,434.2,451.95,450.0,451.3,1491385,667854866.5,34947,LEGACY
2020-01-28,SUNPHARMA,Sun Pharmaceutical Industries,EQ,INE044A01036,448.25,462.5,448.05,452.9,452.9,448.4,9487290,4335776556.75,123740,LEGACY
2020-01-28,TORNTPHARM,Torrent Pharmaceuticals,EQ,INE685A01028,2000.0,2000.0,1900.6,1916.4,1905.05,2027.15,1793914,3461136905.75,63482,LEGACY
2020-01-28,WOCKPHARMA,Wockhardt,EQ,INE049B01025,361.95,374.8,338.6,343.85,345.55,351.3,15002557,5435052309.75,172493,LEGACY
2020-01-29,ABBOTINDIA,Abbott India,EQ,INE358A01014,12698.6,12729.0,12620.15,12655.4,12630.0,12653.55,7315,92614401.65,1839,LEGACY
2020-01-29,AJANTPHARM,Ajanta Pharma,EQ,INE031B01049,1172.0,1174.4,1137.65,1149.75,1147.25,1163.0,58322,67145622.65,4163,LEGACY
2020-01-29,ALKEM,Alkem Laboratories,EQ,INE540L01014,2339.05,2349.0,2252.15,2299.9,2300.0,2324.6,80168,184752356.05,5052,LEGACY
2020-01-29,APLLTD,Alembic Pharmaceuticals,EQ,INE901L01018,633.0,644.0,630.05,634.55,633.0,632.4,699062,443925151.6,19341,LEGACY
2020-01-29,AUROPHARMA,Aurobindo Pharma,EQ,INE406A01037,505.4,511.15,503.25,507.35,505.5,504.1,1730597,876644096.45,36695,LEGACY
2020-01-29,BIOCON,Biocon,EQ,INE376G01013,289.05,303.9,289.0,297.45,296.85,288.6,7779268,2328370238.3,91524,LEGACY
2020-01-29,CADILAHC,Cadila Healthcare,EQ,INE010B01027,273.0,275.85,271.0,273.5,273.35,272.4,1295548,353979015.2,14290,LEGACY
2020-01-29,CIPLA,Cipla,EQ,INE059A01026,464.7,467.4,460.35,461.55,461.05,464.7,1737293,805835141.95,56487,LEGACY
2020-01-29,DIVISLAB,Divi's Laboratories,EQ,INE361B01024,1956.0,1994.4,1936.05,1961.3,1959.0,1946.75,829522,1634889839.25,33765,LEGACY
2020-01-29,DRREDDY,Dr. Reddy's Laboratories,EQ,INE089A01023,3189.15,3201.85,3099.2,3148.25,3145.15,3189.15,1389203,4388132486.15,75148,LEGACY
2020-01-29,GLAXO,GlaxoSmithKline Pharmaceuticals,EQ,INE159A01016,1699.95,1748.0,1684.7,1696.15,1695.0,1686.5,82112,140690342.45,6439,LEGACY
2020-01-29,GLENMARK,Glenmark Pharmaceuticals,EQ,INE935A01035,343.9,346.2,334.45,335.6,335.4,344.9,2199018,746159352.8,34900,LEGACY
2020-01-29,GRANULES,Granules India,EQ,INE101D01020,153.0,155.05,151.2,153.25,152.5,151.9,1011987,155025334.75,12003,LEGACY
2020-01-29,IPCALAB,IPCA Laboratories,EQ,INE571A01020,1250.0,1252.9,1223.0,1229.8,1225.0,1243.6,183377,225975242.65,9501,LEGACY
2020-01-29,JBCHEPHARM,JB Chemicals & Pharmaceuticals,EQ,INE572A01028,501.95,518.5,493.0,494.75,494.0,500.1,138270,69900874.7,6087,LEGACY
2020-01-29,LAURUSLABS,Laurus Labs,EQ,INE947Q01010,430.0,440.0,425.3,438.15,439.0,425.8,156311,68011701.9,4713,LEGACY
2020-01-29,LUPIN,Lupin,EQ,INE326A01037,750.0,752.75,743.55,744.85,744.3,747.4,867074,648340484.4,29470,LEGACY
2020-01-29,NATCOPHARM,Natco Pharma,EQ,INE987B01026,649.95,654.0,636.5,645.55,654.0,643.65,147601,94812144.4,4729,LEGACY
2020-01-29,PEL,Piramal Enterprises,EQ,INE140A01024,1697.0,1727.95,1687.0,1702.3,1703.7,1679.5,1173452,2005265015.95,37905,LEGACY
2020-01-29,PFIZER,Pfizer,EQ,INE182A01018,4364.0,4395.0,4286.0,4332.95,4335.0,4327.7,29153,126091374.55,4917,LEGACY
2020-01-29,SANOFI,Sanofi India,EQ,INE058A01010,6725.15,6760.0,6703.0,6732.8,6703.0,6725.15,6374,42916119.7,1400,LEGACY
2020-01-29,STAR,Strides Pharma Science,EQ,INE939A01011,450.2,455.05,441.4,446.9,446.1,451.95,1026855,459577668.9,14489,LEGACY
2020-01-29,SUNPHARMA,Sun Pharmaceutical Industries,EQ,INE044A01036,454.85,456.75,449.45,450.1,450.45,452.9,3103817,1405526081.8,52139,LEGACY
2020-01-29,TORNTPHARM,Torrent Pharmaceuticals,EQ,INE685A01028,1907.0,1956.3,1907.0,1937.5,1935.0,1916.4,356676,691825288.0,22112,LEGACY
2020-01-29,WOCKPHARMA,Wockhardt,EQ,INE049B01025,346.5,355.0,340.25,349.65,348.55,343.85,4326667,1506931056.05,56320,LEGACY
2020-01-30,ABBOTINDIA,Abbott India,EQ,INE358A01014,12640.2,12640.2,12450.0,12516.55,12540.0,12655.4,6268,78441078.45,1749,LEGACY
2020-01-30,AJANTPHARM,Ajanta Pharma,EQ,INE031B01049,1149.75,1168.65,1106.95,1119.8,1108.65,1149.75,65548,74767847.4,6327,LEGACY
2020-01-30,ALKEM,Alkem Laboratories,EQ,INE540L01014,2314.25,2314.25,2277.0,2295.85,2289.0,2299.9,32387,74498461.2,4988,LEGACY
2020-01-30,APLLTD,Alembic Pharmaceuticals,EQ,INE901L01018,637.5,643.55,622.2,639.85,636.0,634.55,282547,179968196.05,8677,LEGACY
2020-01-30,AUROPHARMA,Aurobindo Pharma,EQ,INE406A01037,508.1,509.65,465.85,480.25,478.0,507.35,12708850,6091742142.75,151640,LEGACY
2020-01-30,BIOCON,Biocon,EQ,INE376G01013,296.85,299.8,293.0,295.35,294.5,297.45,3150843,934396070.85,50526,LEGACY
2020-01-30,CADILAHC,Cadila Healthcare,EQ,INE010B01027,274.0,274.5,266.4,268.4,267.5,273.5,1602589,430388571.5,17607,LEGACY
2020-01-30,CIPLA,Cipla,EQ,INE059A01026,461.0,461.0,446.35,451.0,451.0,461.55,2766881,1252587139.85,71068,LEGACY
2020-01-30,DIVISLAB,Divi's Laboratories,EQ,INE361B01024,1961.5,1975.0,1935.75,1959.15,1967.9,1961.3,350522,684216603.15,25166,LEGACY
2020-01-30,DRREDDY,Dr. Reddy's Laboratories,EQ,INE089A01023,3152.3,3170.0,3118.55,3154.85,3154.0,3148.25,673260,2117738301.35,47764,LEGACY
2020-01-30,GLAXO,GlaxoSmithKline Pharmaceuticals,EQ,INE159A01016,1690.1,1709.7,1665.3,1674.9,1666.0,1696.15,32519,54906185.6,3254,LEGACY
2020-01-30,GLENMARK,Glenmark Pharmaceuticals,EQ,INE935A01035,336.0,336.6,317.3,319.9,318.5,335.6,2696750,874379867.55,36068,LEGACY
2020-01-30,GRANULES,Granules India,EQ,INE101D01020,152.85,152.85,145.1,146.2,146.0,153.25,1591316,234043884.55,15022,LEGACY
2020-01-30,IPCALAB,IPCA Laboratories,EQ,INE571A01020,1236.95,1287.0,1233.9,1274.5,1284.0,1229.8,339770,429531115.4,29656,LEGACY
2020-01-30,JBCHEPHARM,JB Chemicals & Pharmaceuticals,EQ,INE572A01028,498.75,501.85,494.0,498.5,499.75,494.75,34147,17020134.8,1433,LEGACY
2020-01-30,LAURUSLABS,Laurus Labs,EQ,INE947Q01010,439.95,442.7,412.25,435.65,439.8,438.15,309245,132437832.5,13000,LEGACY
2020-01-30,LUPIN,Lupin,EQ,INE326A01037,745.9,745.9,725.55,728.35,728.2,744.85,1153471,845426756.35,24236,LEGACY
2020-01-30,NATCOPHARM,Natco Pharma,EQ,INE987B01026,648.0,656.0,647.0,649.75,648.5,645.55,278078,180790050.75,3521,LEGACY
2020-01-30,PEL,Piramal Enterprises,EQ,INE140A01024,1712.9,1712.9,1562.6,1578.1,1571.9,1702.3,1713179,2785630309.0,53429,LEGACY
2020-01-30,PFIZER,Pfizer,EQ,INE182A01018,4349.0,4349.0,4203.5,4233.3,4203.5,4332.95,13855,59035157.05,2726,LEGACY
2020-01-30,SANOFI,Sanofi India,EQ,INE058A01010,6732.0,6737.45,6625.0,6643.75,6625.0,6732.8,3346,22284461.6,886,LEGACY
2020-01-30,STAR,Strides Pharma Science,EQ,INE939A01011,447.9,484.9,447.9,468.85,462.8,446.9,4831089,2289600495.55,84416,LEGACY
2020-01-30,SUNPHARMA,Sun Pharmaceutical Industries,EQ,INE044A01036,451.5,453.75,440.3,442.1,441.95,450.1,3486193,1544919555.4,53746,LEGACY
2020-01-30,TORNTPHARM,Torrent Pharmaceuticals,EQ,INE685A01028,1948.0,1955.95,1922.5,1936.3,1940.0,1937.5,813768,1580790627.0,9818,LEGACY
2020-01-30,WOCKPHARMA,Wockhardt,EQ,INE049B01025,349.6,361.65,346.5,354.65,356.0,349.65,2509130,894588770.95,33615,LEGACY
2020-01-31,ABBOTINDIA,Abbott India,EQ,INE358A01014,12521.0,12600.0,12440.1,12498.8,12525.0,12516.55,6144,76749566.85,1311,LEGACY
2020-01-31,AJANTPHARM,Ajanta Pharma,EQ,INE031B01049,1120.0,1120.0,1086.0,1108.4,1107.0,1119.8,73403,80954561.45,7346,LEGACY
2020-01-31,ALKEM,Alkem Laboratories,EQ,INE540L01014,2310.15,2400.1,2280.85,2397.65,2389.0,2295.85,131984,313818020.5,9712,LEGACY
2020-01-31,APLLTD,Alembic Pharmaceuticals,EQ,INE901L01018,643.5,643.5,627.05,630.7,628.0,639.85,73427,46612844.45,4336,LEGACY
2020-01-31,AUROPHARMA,Aurobindo Pharma,EQ,INE406A01037,480.65,487.0,477.1,481.4,482.0,480.25,3179653,1534054367.05,56816,LEGACY
2020-01-31,BIOCON,Biocon,EQ,INE376G01013,295.5,298.7,290.6,294.35,293.75,295.35,1949668,575646147.7,28114,LEGACY
2020-01-31,CADILAHC,Cadila Healthcare,EQ,INE010B01027,268.2,272.0,263.0,265.55,264.95,268.4,1103855,295607734.0,17254,LEGACY
2020-01-31,CIPLA,Cipla,EQ,INE059A01026,453.95,453.95,442.1,446.9,447.9,451.0,2184609,979214843.75,92843,LEGACY
2020-01-31,DIVISLAB,Divi's Laboratories,EQ,INE361B01024,1969.0,1984.0,1948.0,1952.3,1953.0,1959.15,322232,633121013.15,16529,LEGACY
2020-01-31,DRREDDY,Dr. Reddy's Laboratories,EQ,INE089A01023,3155.25,3191.85,3102.1,3114.5,3110.0,3154.85,668235,2101969552.25,44460,LEGACY
2020-01-31,GLAXO,GlaxoSmithKline Pharmaceuticals,EQ,INE159A01016,1694.0,1694.0,1655.0,1665.4,1660.0,1674.9,30484,50889427.15,3227,LEGACY
2020-01-31,GLENMARK,Glenmark Pharmaceuticals,EQ,INE935A01035,318.5,324.7,308.6,310.2,309.75,319.9,2637001,829929681.1,37240,LEGACY
2020-01-31,GRANULES,Granules India,EQ,INE101D01020,147.35,148.0,145.5,146.05,146.2,146.2,891768,130629913.25,11694,LEGACY
2020-01-31,IPCALAB,IPCA Laboratories,EQ,INE571A01020,1281.0,1292.8,1244.65,1256.45,1254.3,1274.5,82039,103551025.7,9450,LEGACY
2020-01-31,JBCHEPHARM,JB Chemicals & Pharmaceuticals,EQ,INE572A01028,499.7,507.0,493.05,495.3,497.0,498.5,33099,16480975.95,1578,LEGACY
2020-01-31,LAURUSLABS,Laurus Labs,EQ,INE947Q01010,459.9,459.95,415.0,430.35,430.5,435.65,1556348,680498205.85,38210,LEGACY
2020-01-31,LUPIN,Lupin,EQ,INE326A01037,734.0,734.7,716.0,718.25,718.3,728.35,1117946,809402027.65,29448,LEGACY
2020-01-31,NATCOPHARM,Natco Pharma,EQ,INE987B01026,653.9,653.9,627.0,633.85,635.0,649.75,70644,45043086.0,3496,LEGACY
2020-01-31,PEL,Piramal Enterprises,EQ,INE140A01024,1580.0,1600.0,1513.0,1545.25,1544.0,1578.1,2979765,4618158956.25,79883,LEGACY
2020-01-31,PFIZER,Pfizer,EQ,INE182A01018,4259.4,4259.4,4123.85,4146.75,4137.0,4233.3,12497,52196016.3,2452,LEGACY
2020-01-31,SANOFI,Sanofi India,EQ,INE058A01010,6665.95,6676.2,6610.0,6626.0,6618.2,6643.75,11646,77174812.3,953,LEGACY
2020-01-31,STAR,Strides Pharma Science,EQ,INE939A01011,462.0,473.35,462.0,464.3,462.5,468.85,728957,340642496.4,16169,LEGACY
2020-01-31,SUNPHARMA,Sun Pharmaceutical Industries,EQ,INE044A01036,442.6,445.4,432.65,434.3,435.5,442.1,3757229,1644208885.65,61041,LEGACY
2020-01-31,TORNTPHARM,Torrent Pharmaceuticals,EQ,INE685A01028,1949.0,1952.15,1921.0,1931.1,1929.9,1936.3,167763,324260160.05,7585,LEGACY
2020-01-31,WOCKPHARMA,Wockhardt,EQ,INE049B01025,357.9,364.55,347.0,353.15,353.05,354.65,1843452,660249421.5,24936,LEGACY
2020-02-03,ABBOTINDIA,Abbott India,EQ,INE358A01014,12320.0,12851.75,12186.55,12746.25,12780.0,12319.3,8753,111372659.15,2764,LEGACY
2020-02-03,AJANTPHARM,Ajanta Pharma,EQ,INE031B01049,1130.0,1184.8,1120.15,1174.6,1180.0,1129.9,428087,499524162.3,7446,LEGACY
2020-02-03,ALKEM,Alkem Laboratories,EQ,INE540L01014,2380.0,2395.0,2352.55,2376.6,2380.0,2354.35,49486,117916160.5,5588,LEGACY
2020-02-03,APLLTD,Alembic Pharmaceuticals,EQ,INE901L01018,619.3,638.0,607.05,624.05,630.0,622.6,145598,91245430.4,6247,LEGACY
2020-02-03,AUROPHARMA,Aurobindo Pharma,EQ,INE406A01037,465.35,479.0,465.0,473.5,475.45,467.5,1428152,677795982.65,28409,LEGACY
2020-02-03,BIOCON,Biocon,EQ,INE376G01013,288.0,307.0,288.0,298.5,299.65,287.25,6391361,1916154054.45,67084,LEGACY
2020-02-03,CADILAHC,Cadila Healthcare,EQ,INE010B01027,258.8,263.2,254.25,260.4,262.0,260.35,1074575,277977141.95,14367,LEGACY
2020-02-03,CIPLA,Cipla,EQ,INE059A01026,444.0,450.65,439.4,444.55,443.8,444.2,1690394,750694733.4,48011,LEGACY
2020-02-03,DIVISLAB,Divi's Laboratories,EQ,INE361B01024,1994.9,2022.0,1962.4,1972.75,1970.0,1986.9,910769,1818816341.55,41016,LEGACY
2020-02-03,DRREDDY,Dr. Reddy's Laboratories,EQ,INE089A01023,3124.0,3173.0,3117.15,3144.15,3142.0,3123.05,515242,1622087521.5,38130,LEGACY
2020-02-03,GLAXO,GlaxoSmithKline Pharmaceuticals,EQ,INE159A01016,1645.0,1678.3,1611.25,1646.35,1649.95,1640.3,50313,82876780.65,5262,LEGACY
2020-02-03,GLENMARK,Glenmark Pharmaceuticals,EQ,INE935A01035,301.4,306.7,298.2,300.25,299.6,302.05,1106431,334597111.1,15909,LEGACY
2020-02-03,GRANULES,Granules India,EQ,INE101D01020,138.2,146.85,138.2,145.6,146.0,138.5,1582734,229101540.9,16814,LEGACY
2020-02-03,IPCALAB,IPCA Laboratories,EQ,INE571A01020,1219.9,1266.0,1175.0,1192.6,1179.2,1216.7,219425,262614675.9,22739,LEGACY
2020-02-03,JBCHEPHARM,JB Chemicals & Pharmaceuticals,EQ,INE572A01028,498.95,499.0,486.85,493.3,496.0,492.7,52240,25755102.9,2519,LEGACY
2020-02-03,LAURUSLABS,Laurus Labs,EQ,INE947Q01010,420.0,432.0,415.2,429.65,430.0,426.75,347405,147030787.5,11750,LEGACY
2020-02-03,LUPIN,Lupin,EQ,INE326A01037,708.35,723.25,698.8,708.65,708.85,708.35,1106940,788398925.55,22573,LEGACY
2020-02-03,NATCOPHARM,Natco Pharma,EQ,INE987B01026,638.0,647.95,620.55,624.7,623.35,632.35,159999,100402634.95,10133,LEGACY
2020-02-03,PEL,Piramal Enterprises,EQ,INE140A01024,1455.0,1490.0,1325.6,1338.4,1351.4,1451.0,3020014,4214642907.05,89965,LEGACY
2020-02-03,PFIZER,Pfizer,EQ,INE182A01018,4050.0,4174.5,4030.0,4113.85,4100.0,4059.3,23108,95145210.15,5188,LEGACY
2020-02-03,SANOFI,Sanofi India,EQ,INE058A01010,6700.0,6719.0,6575.2,6649.3,6663.0,6712.15,4980,33257756.7,1414,LEGACY
2020-02-03,STAR,Strides Pharma Science,EQ,INE939A01011,440.0,459.7,436.0,451.55,454.0,438.7,478211,214194154.8,13091,LEGACY
2020-02-03,SUNPHARMA,Sun Pharmaceutical Industries,EQ,INE044A01036,423.8,428.9,414.0,417.55,417.3,422.8,4032780,1692403581.5,59911,LEGACY
2020-02-03,TORNTPHARM,Torrent Pharmaceuticals,EQ,INE685A01028,1906.9,1917.6,1887.8,1906.1,1907.7,1907.45,106148,202153623.0,11714,LEGACY
2020-02-03,WOCKPHARMA,Wockhardt,EQ,INE049B01025,339.55,345.5,331.1,338.35,339.2,338.1,821623,279166845.0,15251,LEGACY
2020-02-06,ABBOTINDIA,Abbott India,EQ,INE358A01014,13100.0,13199.0,13001.2,13103.4,13058.1,13076.8,5686,74593268.05,1914,LEGACY
2020-02-06,AJANTPHARM,Ajanta Pharma,EQ,INE031B01049,1262.0,1328.0,1248.0,1303.85,1306.0,1197.1,937391,1215327456.3,41146,LEGACY
2020-02-06,ALKEM,Alkem Laboratories,EQ,INE540L01014,2375.0,2423.95,2369.95,2398.85,2400.0,2387.25,127417,306417905.65,8291,LEGACY
2020-02-06,APLLTD,Alembic Pharmaceuticals,EQ,INE901L01018,626.5,652.0,626.5,640.0,640.0,625.1,469375,301779186.35,14815,LEGACY
2020-02-06,AUROPHARMA,Aurobindo Pharma,EQ,INE406A01037,508.85,514.7,506.1,510.5,511.9,508.0,2923331,1491451149.5,36147,LEGACY
2020-02-06,BIOCON,Biocon,EQ,INE376G01013,295.5,301.0,293.85,295.55,294.0,295.25,2786408,828352835.6,34049,LEGACY
2020-02-06,CADILAHC,Cadila Healthcare,EQ,INE010B01027,274.2,288.6,270.4,273.1,272.5,271.65,8099206,2269542649.1,77164,LEGACY
2020-02-06,CIPLA,Cipla,EQ,INE059A01026,462.5,464.35,435.35,439.65,438.55,447.55,7118843,3176117734.15,125961,LEGACY
2020-02-06,DIVISLAB,Divi's Laboratories,EQ,INE361B01024,1950.0,2079.4,1930.0,2023.0,2024.0,1962.65,1730330,3510823777.65,75407,LEGACY
2020-02-06,DRREDDY,Dr. Reddy's Laboratories,EQ,INE089A01023,3167.6,3176.8,3136.6,3158.95,3165.0,3133.35,492532,1555098119.35,32435,LEGACY
2020-02-06,GLAXO,GlaxoSmithKline Pharmaceuticals,EQ,INE159A01016,1390.0,1400.0,1327.1,1342.95,1347.0,1376.5,237376,321153096.8,13627,LEGACY
2020-02-06,GLENMARK,Glenmark Pharmaceuticals,EQ,INE935A01035,321.4,322.9,317.05,318.95,318.15,319.0,739742,236817303.55,10795,LEGACY
2020-02-06,GRANULES,Granules India,EQ,INE101D01020,154.35,162.5,153.1,161.1,161.7,153.65,2768062,442545909.3,28847,LEGACY
2020-02-06,IPCALAB,IPCA Laboratories,EQ,INE571A01020,1217.75,1252.0,1217.0,1240.45,1237.75,1217.75,95689,118699100.5,18745,LEGACY
2020-02-06,JBCHEPHARM,JB Chemicals & Pharmaceuticals,EQ,INE572A01028,527.0,559.0,522.1,548.15,544.0,521.95,293206,159508082.6,12566,LEGACY
2020-02-06,LAURUSLABS,Laurus Labs,EQ,INE947Q01010,442.0,442.0,435.55,437.7,435.55,437.7,145299,63733539.15,8473,LEGACY
2020-02-06,LUPIN,Lupin,EQ,INE326A01037,731.5,738.75,706.0,721.9,728.0,722.5,5687405,4126655382.2,100984,LEGACY
2020-02-06,NATCOPHARM,Natco Pharma,EQ,INE987B01026,651.0,652.15,637.55,643.95,642.5,645.15,82249,53188339.3,5890,LEGACY
2020-02-06,PEL,Piramal Enterprises,EQ,INE140A01024,1472.0,1615.0,1447.6,1570.25,1576.1,1459.0,5793183,9004066243.05,166396,LEGACY
2020-02-06,PFIZER,Pfizer,EQ,INE182A01018,4120.0,4133.7,4052.3,4065.95,4060.0,4095.25,12417,50836005.5,2590,LEGACY
2020-02-06,SANOFI,Sanofi India,EQ,INE058A01010,6610.05,6997.9,6610.05,6798.25,6750.0,6633.0,14681,100155863.65,2903,LEGACY
2020-02-06,STAR,Strides Pharma Science,EQ,INE939A01011,494.15,504.9,488.2,494.05,489.0,494.45,492003,244322409.05,15208,LEGACY
2020-02-06,SUNPHARMA,Sun Pharmaceutical Industries,EQ,INE044A01036,428.2,438.0,424.0,430.65,428.8,426.25,7745520,3328885303.1,90969,LEGACY
2020-02-06,TORNTPHARM,Torrent Pharmaceuticals,EQ,INE685A01028,1980.0,2028.8,1976.9,2001.4,2001.0,2001.25,688232,1376826687.05,14890,LEGACY
2020-02-06,WOCKPHARMA,Wockhardt,EQ,INE049B01025,356.0,361.4,338.15,342.1,339.55,353.45,1601644,563787819.95,21212,LEGACY
2020-02-07,ABBOTINDIA,Abbott India,EQ,INE358A01014,13171.0,14444.0,13130.6,14103.15,14080.0,13103.4,106911,1479622505.3,20498,LEGACY
2020-02-07,AJANTPHARM,Ajanta Pharma,EQ,INE031B01049,1324.55,1398.8,1309.05,1369.45,1380.0,1303.85,607404,828342382.5,33973,LEGACY
2020-02-07,ALKEM,Alkem Laboratories,EQ,INE540L01014,2400.0,2558.0,2350.0,2502.5,2511.0,2398.85,572347,1410535965.55,27312,LEGACY
2020-02-07,APLLTD,Alembic Pharmaceuticals,EQ,INE901L01018,644.4,660.0,636.15,645.55,640.05,640.0,476521,309585650.8,26752,LEGACY
2020-02-07,AUROPHARMA,Aurobindo Pharma,EQ,INE406A01037,525.0,553.55,513.75,546.55,542.8,510.5,18746442,10149370699.7,201316,LEGACY
2020-02-07,BIOCON,Biocon,EQ,INE376G01013,295.45,311.5,294.0,308.9,311.2,295.55,4270700,1299038425.45,38589,LEGACY
2020-02-07,CADILAHC,Cadila Healthcare,EQ,INE010B01027,274.0,279.0,270.55,275.2,275.15,273.1,2059595,567384920.9,19219,LEGACY
2020-02-07,CIPLA,Cipla,EQ,INE059A01026,440.0,445.9,437.3,443.2,442.4,439.65,6386193,2824548750.5,65124,LEGACY
2020-02-07,DIVISLAB,Divi's Laboratories,EQ,INE361B01024,2023.0,2095.0,2011.0,2085.95,2088.25,2023.0,890175,1831545808.65,32967,LEGACY
2020-02-07,DRREDDY,Dr. Reddy's Laboratories,EQ,INE089A01023,3159.85,3185.0,3137.0,3166.7,3166.7,3158.95,535233,1695835662.4,36690,LEGACY
2020-02-07,GLAXO,GlaxoSmithKline Pharmaceuticals,EQ,INE159A01016,1351.05,1378.0,1342.5,1356.45,1350.0,1342.95,102180,138788401.5,6404,LEGACY
2020-02-07,GLENMARK,Glenmark Pharmaceuticals,EQ,INE935A01035,318.95,329.25,318.15,326.45,326.95,318.95,1622090,528325059.3,19883,LEGACY
2020-02-07,GRANULES,Granules India,EQ,INE101D01020,161.7,167.3,160.75,162.2,163.0,161.1,2321948,382023581.85,29681,LEGACY
2020-02-07,IPCALAB,IPCA Laboratories,EQ,INE571A01020,1250.0,1269.0,1227.4,1260.95,1260.0,1240.45,104348,131171403.9,11505,LEGACY
2020-02-07,JBCHEPHARM,JB Chemicals & Pharmaceuticals,EQ,INE572A01028,548.5,564.0,537.6,562.05,561.1,548.15,149257,82905446.5,7559,LEGACY
2020-02-07,LAURUSLABS,Laurus Labs,EQ,INE947Q01010,440.2,445.5,436.15,438.95,439.0,437.7,156758,69385924.35,7811,LEGACY
2020-02-07,LUPIN,Lupin,EQ,INE326A01037,708.0,714.25,695.0,707.6,705.8,721.9,7357814,5170146746.6,117498,LEGACY
2020-02-07,NATCOPHARM,Natco Pharma,EQ,INE987B01026,644.0,719.0,644.0,700.85,715.0,643.95,511548,351688565.3,19810,LEGACY
2020-02-07,PEL,Piramal Enterprises,EQ,INE140A01024,1580.0,1644.85,1572.5,1600.55,1595.0,1570.25,4028053,6488874032.15,115500,LEGACY
2020-02-07,PFIZER,Pfizer,EQ,INE182A01018,4085.0,4098.25,4017.25,4055.85,4045.1,4065.95,20198,81962426.75,2791,LEGACY
2020-02-07,SANOFI,Sanofi India,EQ,INE058A01010,6801.05,6900.0,6760.0,6824.45,6830.0,6798.25,18725,127520972.5,2100,LEGACY
2020-02-07,STAR,Strides Pharma Science,EQ,INE939A01011,492.0,510.0,488.1,498.75,496.0,494.05,1291727,646670444.35,32703,LEGACY
2020-02-07,SUNPHARMA,Sun Pharmaceutical Industries,EQ,INE044A01036,432.0,441.75,423.2,430.8,430.35,430.65,7402556,3214934498.4,82235,LEGACY
2020-02-07,TORNTPHARM,Torrent Pharmaceuticals,EQ,INE685A01028,2001.0,2040.0,1995.6,2020.8,2007.8,2001.4,227600,460356393.4,16627,LEGACY
2020-02-07,WOCKPHARMA,Wockhardt,EQ,INE049B01025,342.8,355.0,341.05,345.0,345.0,342.1,1238935,429692322.65,19657,LEGACY
2020-02-10,ABBOTINDIA,Abbott India,EQ,INE358A01014,14398.0,15394.0,14320.0,14774.15,14738.95,14103.15,66287,991024565.25,18535,LEGACY
2020-02-10,AJANTPHARM,Ajanta Pharma,EQ,INE031B01049,1369.5,1405.0,1340.0,1395.4,1405.0,1369.45,246115,337486863.1,17966,LEGACY
2020-02-10,ALKEM,Alkem Laboratories,EQ,INE540L01014,2558.3,2700.0,2520.3,2585.2,2580.0,2502.5,582152,1538038206.5,41933,LEGACY
2020-02-10,APLLTD,Alembic Pharmaceuticals,EQ,INE901L01018,644.95,647.9,633.05,643.0,641.0,645.55,136228,87740459.25,4383,LEGACY
2020-02-10,AUROPHARMA,Aurobindo Pharma,EQ,INE406A01037,548.2,555.95,534.7,542.25,542.4,546.55,5993741,3266008179.85,77890,LEGACY
2020-02-10,BIOCON,Biocon,EQ,INE376G01013,311.95,316.8,307.7,309.75,308.0,308.9,5937650,1850190893.15,54822,LEGACY
2020-02-10,CADILAHC,Cadila Healthcare,EQ,INE010B01027,275.5,282.9,271.5,278.7,276.5,275.2,1710511,473101843.45,19458,LEGACY
2020-02-10,CIPLA,Cipla,EQ,INE059A01026,444.2,451.0,442.1,444.75,445.0,443.2,3557480,1586627262.0,34321,LEGACY
2020-02-10,DIVISLAB,Divi's Laboratories,EQ,INE361B01024,2085.0,2112.45,2076.15,2088.95,2083.75,2085.95,628865,1317422728.1,30246,LEGACY
2020-02-10,DRREDDY,Dr. Reddy's Laboratories,EQ,INE089A01023,3166.45,3173.25,3113.0,3149.1,3161.0,3166.7,295595,929019929.3,19929,LEGACY
2020-02-10,GLAXO,GlaxoSmithKline Pharmaceuticals,EQ,INE159A01016,1358.0,1363.6,1296.15,1301.4,1300.0,1356.45,106337,140543326.65,7630,LEGACY
2020-02-10,GLENMARK,Glenmark Pharmaceuticals,EQ,INE935A01035,327.5,328.1,319.7,322.2,321.4,326.45,685963,221147087.0,10070,LEGACY
2020-02-10,GRANULES,Granules India,EQ,INE101D01020,162.0,166.9,158.05,165.05,166.65,162.2,1610315,262826421.75,19494,LEGACY
2020-02-10,IPCALAB,IPCA Laboratories,EQ,INE571A01020,1262.25,1270.95,1231.25,1238.95,1239.15,1260.95,89356,110996162.2,6492,LEGACY
2020-02-10,JBCHEPHARM,JB Chemicals & Pharmaceuticals,EQ,INE572A01028,567.75,581.0,544.8,577.25,575.0,562.05,237969,134905016.75,11207,LEGACY
2020-02-10,LAURUSLABS,Laurus Labs,EQ,INE947Q01010,442.9,448.95,434.7,435.8,436.7,438.95,208045,91489375.2,11723,LEGACY
2020-02-10,LUPIN,Lupin,EQ,INE326A01037,705.95,710.0,696.3,701.95,701.0,707.6,1841499,1291077898.0,41637,LEGACY
2020-02-10,NATCOPHARM,Natco Pharma,EQ,INE987B01026,711.05,738.1,695.1,717.65,713.2,700.85,735852,531869916.15,27989,LEGACY
2020-02-10,PEL,Piramal Enterprises,EQ,INE140A01024,1600.5,1615.55,1534.0,1549.0,1554.0,1600.55,1804749,2808878406.25,52153,LEGACY
2020-02-10,PFIZER,Pfizer,EQ,INE182A01018,4074.95,4300.0,4060.05,4275.75,4295.0,4055.85,55439,233572878.4,7483,LEGACY
2020-02-10,SANOFI,Sanofi India,EQ,INE058A01010,6878.0,6987.95,6824.45,6958.4,6954.0,6824.45,20666,143324846.15,4559,LEGACY
2020-02-10,STAR,Strides Pharma Science,EQ,INE939A01011,498.0,503.9,495.0,498.1,497.55,498.75,356679,177808114.75,10522,LEGACY
2020-02-10,SUNPHARMA,Sun Pharmaceutical Industries,EQ,INE044A01036,428.55,432.75,418.3,420.3,419.95,430.8,3638523,1538112618.95,47171,LEGACY
2020-02-10,TORNTPHARM,Torrent Pharmaceuticals,EQ,INE685A01028,2024.0,2028.6,1987.0,2009.2,2012.0,2020.8,122964,246545925.25,12321,LEGACY
2020-02-10,WOCKPHARMA,Wockhardt,EQ,INE049B01025,347.0,367.7,345.6,363.4,364.65,345.0,2315371,833475636.8,34414,LEGACY
2020-02-11,ABBOTINDIA,Abbott India,EQ,INE358A01014,14890.6,15144.0,14200.0,14460.85,14498.85,14774.15,24841,365574264.1,5699,LEGACY
2020-02-11,AJANTPHARM,Ajanta Pharma,EQ,INE031B01049,1405.0,1424.0,1349.5,1381.2,1359.95,1395.4,221258,308851370.8,14634,LEGACY
2020-02-11,ALKEM,Alkem Laboratories,EQ,INE540L01014,2612.0,2655.0,2603.75,2635.2,2624.0,2585.2,123493,325456608.55,24755,LEGACY
2020-02-11,APLLTD,Alembic Pharmaceuticals,EQ,INE901L01018,640.15,654.0,640.15,649.15,650.0,643.0,144075,93415665.05,6402,LEGACY
2020-02-11,AUROPHARMA,Aurobindo Pharma,EQ,INE406A01037,546.0,551.8,537.45,548.15,548.55,542.25,3555908,1939194777.25,80927,LEGACY
2020-02-11,BIOCON,Biocon,EQ,INE376G01013,311.0,312.9,302.75,305.85,305.7,309.75,4381088,1346114682.9,48304,LEGACY
2020-02-11,CADILAHC,Cadila Healthcare,EQ,INE010B01027,279.0,279.0,273.0,274.6,274.15,278.7,1251820,344352607.3,16759,LEGACY
2020-02-11,CIPLA,Cipla,EQ,INE059A01026,447.1,452.0,443.35,450.6,451.0,444.75,1889638,847944097.5,37914,LEGACY
2020-02-11,DIVISLAB,Divi's Laboratories,EQ,INE361B01024,2085.0,2160.0,2085.0,2146.9,2159.0,2088.95,1068378,2279154568.9,47766,LEGACY
2020-02-11,DRREDDY,Dr. Reddy's Laboratories,EQ,INE089A01023,3159.9,3205.95,3135.0,3191.2,3185.4,3149.1,612104,1948123437.55,31726,LEGACY
2020-02-11,GLAXO,GlaxoSmithKline Pharmaceuticals,EQ,INE159A01016,1302.0,1354.0,1280.05,1322.5,1321.0,1301.4,154159,203792068.85,10934,LEGACY
2020-02-11,GLENMARK,Glenmark Pharmaceuticals,EQ,INE935A01035,323.0,334.75,321.1,331.15,332.0,322.2,1857413,610242996.2,26140,LEGACY
2020-02-11,GRANULES,Granules India,EQ,INE101D01020,165.9,166.95,162.25,163.0,163.5,165.05,1073489,175858196.95,18383,LEGACY
2020-02-11,IPCALAB,IPCA Laboratories,EQ,INE571A01020,1246.65,1269.55,1236.95,1248.7,1241.45,1238.95,98904,123868511.25,8019,LEGACY
2020-02-11,JBCHEPHARM,JB Chemicals & Pharmaceuticals,EQ,INE572A01028,580.5,593.5,572.1,577.2,575.1,577.25,146005,85290008.45,7489,LEGACY
2020-02-11,LAURUSLABS,Laurus Labs,EQ,INE947Q01010,438.0,448.9,434.05,436.15,437.5,435.8,244908,108225099.3,12816,LEGACY
2020-02-11,LUPIN,Lupin,EQ,INE326A01037,713.8,713.8,698.55,705.05,704.25,701.95,1862531,1311612644.2,31906,LEGACY
2020-02-11,NATCOPHARM,Natco Pharma,EQ,INE987B01026,720.0,724.0,701.3,715.45,712.0,717.65,211393,151018404.0,14436,LEGACY
2020-02-11,PEL,Piramal Enterprises,EQ,INE140A01024,1567.0,1614.9,1550.25,1561.65,1562.55,1549.0,2208269,3506493232.8,63721,LEGACY
2020-02-11,PFIZER,Pfizer,EQ,INE182A01018,4328.0,4360.0,4275.0,4301.95,4300.0,4275.75,30623,132166285.4,5171,LEGACY
2020-02-11,SANOFI,Sanofi India,EQ,INE058A01010,7000.0,7000.0,6909.95,6967.85,6980.0,6958.4,12834,89109971.25,6064,LEGACY
2020-02-11,STAR,Strides Pharma Science,EQ,INE939A01011,499.05,520.0,497.25,510.0,510.5,498.1,1089346,554577555.6,24448,LEGACY
2020-02-11,SUNPHARMA,Sun Pharmaceutical Industries,EQ,INE044A01036,422.0,424.7,416.8,418.55,419.0,420.3,4683072,1968231430.35,52542,LEGACY
2020-02-11,TORNTPHARM,Torrent Pharmaceuticals,EQ,INE685A01028,2014.05,2054.95,2004.05,2013.75,2007.85,2009.2,355012,721364566.3,20256,LEGACY
2020-02-11,WOCKPHARMA,Wockhardt,EQ,INE049B01025,368.75,411.65,366.8,393.3,393.45,363.4,8878750,3524643791.75,123672,LEGACY
2020-02-12,ABBOTINDIA,Abbott India,EQ,INE358A01014,14601.6,14979.3,14486.95,14743.25,14680.0,14460.85,15322,226229077.0,4359,LEGACY
2020-02-12,AJANTPHARM,Ajanta Pharma,EQ,INE031B01049,1368.0,1416.0,1361.05,1398.55,1399.65,1381.2,194276,270739302.65,13539,LEGACY
2020-02-12,ALKEM,Alkem Laboratories,EQ,INE540L01014,2650.0,2675.0,2630.65,2644.6,2645.0,2635.2,159878,424412057.35,14120,LEGACY
2020-02-12,APLLTD,Alembic Pharmaceuticals,EQ,INE901L01018,650.0,659.0,642.7,649.2,646.85,649.15,321126,208974773.15,6982,LEGACY
2020-02-12,AUROPHARMA,Aurobindo Pharma,EQ,INE406A01037,548.55,552.8,538.1,544.85,546.0,548.15,3869158,2108727701.05,57204,LEGACY
2020-02-12,BIOCON,Biocon,EQ,INE376G01013,306.5,311.9,306.5,307.45,307.7,305.85,3311333,1023521619.15,51068,LEGACY
2020-02-12,CADILAHC,Cadila Healthcare,EQ,INE010B01027,276.05,276.1,270.2,271.8,270.6,274.6,948167,258357326.05,20990,LEGACY
2020-02-12,CIPLA,Cipla,EQ,INE059A01026,454.95,454.95,445.0,446.8,446.65,450.6,1683136,753917497.5,39748,LEGACY
2020-02-12,DIVISLAB,Divi's Laboratories,EQ,INE361B01024,2159.0,2179.95,2112.0,2121.8,2113.55,2146.9,984894,2112380805.8,39712,LEGACY
2020-02-12,DRREDDY,Dr. Reddy's Laboratories,EQ,INE089A01023,3172.15,3213.6,3164.05,3195.7,3201.25,3191.2,568633,1812898773.55,53036,LEGACY
2020-02-12,GLAXO,GlaxoSmithKline Pharmaceuticals,EQ,INE159A01016,1333.95,1333.95,1297.4,1306.05,1305.0,1322.5,194152,253861487.2,5102,LEGACY
2020-02-12,GLENMARK,Glenmark Pharmaceuticals,EQ,INE935A01035,331.2,334.35,323.15,325.25,325.0,331.15,1367150,448252733.5,15222,LEGACY
2020-02-12,GRANULES,Granules India,EQ,INE101D01020,163.1,163.85,158.05,159.35,160.0,163.0,1149724,184532261.7,15368,LEGACY
2020-02-12,IPCALAB,IPCA Laboratories,EQ,INE571A01020,1251.0,1338.95,1241.0,1323.8,1318.05,1248.7,1113619,1447653037.85,42777,LEGACY
2020-02-12,JBCHEPHARM,JB Chemicals & Pharmaceuticals,EQ,INE572A01028,577.0,579.3,560.35,566.75,568.6,577.2,62333,35519741.85,4520,LEGACY
2020-02-12,LAURUSLABS,Laurus Labs,EQ,INE947Q01010,439.0,445.0,433.1,439.65,440.0,436.15,372829,164467388.35,17610,LEGACY
2020-02-12,LUPIN,Lupin,EQ,INE326A01037,708.0,712.0,698.5,703.2,703.5,705.05,2266491,1595085862.15,36789,LEGACY
2020-02-12,NATCOPHARM,Natco Pharma,EQ,INE987B01026,711.05,717.0,690.2,708.75,713.0,715.45,202570,143040179.4,15091,LEGACY
2020-02-12,PEL,Piramal Enterprises,EQ,INE140A01024,1571.0,1585.0,1487.3,1528.4,1528.0,1561.65,3371093,5156741095.0,102926,LEGACY
2020-02-12,PFIZER,Pfizer,EQ,INE182A01018,4292.0,4494.0,4291.95,4450.65,4490.0,4301.95,71178,313808047.65,7785,LEGACY
2020-02-12,SANOFI,Sanofi India,EQ,INE058A01010,6993.05,7109.9,6913.0,7060.85,7099.0,6967.85,14779,103566522.0,2639,LEGACY
2020-02-12,STAR,Strides Pharma Science,EQ,INE939A01011,512.25,538.0,511.55,523.8,525.5,510.0,1049392,554615115.0,27585,LEGACY
2020-02-12,SUNPHARMA,Sun Pharmaceutical Industries,EQ,INE044A01036,418.8,421.3,414.0,414.6,414.6,418.55,4439987,1849916057.0,47834,LEGACY
2020-02-12,TORNTPHARM,Torrent Pharmaceuticals,EQ,INE685A01028,2015.0,2023.5,2000.0,2010.4,2014.75,2013.75,205356,412968316.65,13734,LEGACY
2020-02-12,WOCKPHARMA,Wockhardt,EQ,INE049B01025,399.0,405.8,361.65,367.45,365.0,393.3,5112550,1955562406.05,69518,LEGACY
2020-02-13,ABBOTINDIA,Abbott India,EQ,INE358A01014,14740.0,14986.0,14600.0,14794.1,14720.0,14743.25,11680,172901535.35,3152,LEGACY
2020-02-13,AJANTPHARM,Ajanta Pharma,EQ,INE031B01049,1399.0,1483.4,1391.9,1454.1,1455.0,1398.55,568363,822191681.15,27681,LEGACY
2020-02-13,ALKEM,Alkem Laboratories,EQ,INE540L01014,2660.0,2672.0,2605.0,2615.05,2612.0,2644.6,74610,196515629.5,7027,LEGACY
2020-02-13,APLLTD,Alembic Pharmaceuticals,EQ,INE901L01018,648.85,657.0,636.0,639.15,637.6,649.2,263542,170843071.2,5977,LEGACY
2020-02-13,AUROPHARMA,Aurobindo Pharma,EQ,INE406A01037,546.0,547.35,525.1,527.35,525.4,544.85,4436899,2368528583.55,65720,LEGACY
2020-02-13,BIOCON,Biocon,EQ,INE376G01013,308.0,309.75,305.4,307.05,305.7,307.45,1953998,601100727.95,35264,LEGACY
2020-02-13,CADILAHC,Cadila Healthcare,EQ,INE010B01027,270.4,272.0,267.0,268.8,269.6,271.8,1121053,301835324.8,14958,LEGACY
2020-02-13,CIPLA,Cipla,EQ,INE059A01026,446.8,448.9,440.5,443.4,444.0,446.8,2041017,906823799.05,59758,LEGACY
2020-02-13,DIVISLAB,Divi's Laboratories,EQ,INE361B01024,2135.05,2173.8,2121.8,2155.8,2158.0,2121.8,591980,1272670145.75,27305,LEGACY
2020-02-13,DRREDDY,Dr. Reddy's Laboratories,EQ,INE089A01023,3222.75,3336.9,3197.1,3324.6,3322.0,3195.7,1716864,5632686873.65,73213,LEGACY
2020-02-13,GLAXO,GlaxoSmithKline Pharmaceuticals,EQ,INE159A01016,1313.0,1349.95,1300.0,1343.9,1340.55,1306.05,167286,222013760.25,8976,LEGACY
2020-02-13,GLENMARK,Glenmark Pharmaceuticals,EQ,INE935A01035,323.4,329.45,319.0,327.6,327.55,325.25,1134741,368381902.8,15187,LEGACY
2020-02-13,GRANULES,Granules India,EQ,INE101D01020,160.0,171.0,157.45,169.9,170.0,159.35,3103163,517146710.75,29901,LEGACY
2020-02-13,IPCALAB,IPCA Laboratories,EQ,INE571A01020,1330.75,1441.0,1301.6,1418.55,1422.75,1323.8,725563,990831455.85,43129,LEGACY
2020-02-13,JBCHEPHARM,JB Chemicals & Pharmaceuticals,EQ,INE572A01028,569.8,589.95,569.0,584.0,584.1,566.75,87674,50677123.75,3974,LEGACY
2020-02-13,LAURUSLABS,Laurus Labs,EQ,INE947Q01010,441.0,453.3,438.05,441.3,440.95,439.65,616517,274509492.65,10356,LEGACY
2020-02-13,LUPIN,Lupin,EQ,INE326A01037,706.4,708.6,699.55,703.4,703.0,703.2,2356429,1655729899.95,20524,LEGACY
2020-02-13,NATCOPHARM,Natco Pharma,EQ,INE987B01026,670.0,677.6,655.0,673.95,674.45,708.75,902637,602671108.2,29097,LEGACY
2020-02-13,PEL,Piramal Enterprises,EQ,INE140A01024,1537.95,1553.05,1512.2,1531.8,1532.9,1528.4,1561924,2397164592.05,45370,LEGACY
2020-02-13,PFIZER,Pfizer,EQ,INE182A01018,4530.0,4624.0,4515.1,4589.8,4580.0,4450.65,81396,371339106.7,9615,LEGACY
2020-02-13,SANOFI,Sanofi India,EQ,INE058A01010,7119.9,7425.0,7105.05,7394.7,7380.0,7060.85,60717,443016515.2,9442,LEGACY
2020-02-13,STAR,Strides Pharma Science,EQ,INE939A01011,526.9,538.9,517.05,532.15,535.0,523.8,674586,357002096.0,17188,LEGACY
2020-02-13,SUNPHARMA,Sun Pharmaceutical Industries,EQ,INE044A01036,414.6,420.1,412.0,418.95,418.65,414.6,3924569,1637270091.6,62025,LEGACY
2020-02-13,TORNTPHARM,Torrent Pharmaceuticals,EQ,INE685A01028,2003.0,2089.9,1980.0,2080.2,2080.0,2010.4,589126,1207299658.3,31399,LEGACY
2020-02-13,WOCKPHARMA,Wockhardt,EQ,INE049B01025,350.0,363.75,345.6,349.85,349.2,367.45,3084772,1092658300.25,43798,LEGACY
2020-02-14,ABBOTINDIA,Abbott India,EQ,INE358A01014,14790.0,14889.0,14725.6,14785.05,14756.0,14794.1,9285,137545283.85,3440,LEGACY
2020-02-14,AJANTPHARM,Ajanta Pharma,EQ,INE031B01049,1451.85,1457.05,1395.0,1414.4,1410.05,1454.1,181047,257608738.55,16460,LEGACY
2020-02-14,ALKEM,Alkem Laboratories,EQ,INE540L01014,2612.5,2650.05,2606.0,2649.3,2650.0,2615.05,65471,173040103.6,8641,LEGACY
2020-02-14,APLLTD,Alembic Pharmaceuticals,EQ,INE901L01018,642.0,653.0,638.0,643.35,645.0,639.15,276921,178842073.2,8901,LEGACY
2020-02-14,AUROPHARMA,Aurobindo Pharma,EQ,INE406A01037,528.35,532.95,512.4,514.35,514.05,527.35,4638466,2412639739.4,75233,LEGACY
2020-02-14,BIOCON,Biocon,EQ,INE376G01013,306.5,309.25,301.55,307.8,307.7,307.05,2119124,648945374.5,20320,LEGACY
2020-02-14,CADILAHC,Cadila Healthcare,EQ,INE010B01027,270.3,271.5,265.85,270.0,269.9,268.8,727345,195681802.7,13675,LEGACY
2020-02-14,CIPLA,Cipla,EQ,INE059A01026,444.0,448.9,441.5,447.1,445.1,443.4,1814780,808448425.95,42411,LEGACY
2020-02-14,DIVISLAB,Divi's Laboratories,EQ,INE361B01024,2169.25,2190.0,2135.7,2146.45,2146.45,2155.8,660382,1427883374.15,26159,LEGACY
2020-02-14,DRREDDY,Dr. Reddy's Laboratories,EQ,INE089A01023,3305.2,3333.0,3277.0,3304.3,3302.3,3324.6,706686,2334368353.85,40510,LEGACY
2020-02-14,GLAXO,GlaxoSmithKline Pharmaceuticals,EQ,INE159A01016,1353.8,1358.8,1327.0,1335.95,1330.0,1343.9,79241,105812648.5,4375,LEGACY
2020-02-14,GLENMARK,Glenmark Pharmaceuticals,EQ,INE935A01035,329.55,337.3,328.0,333.8,335.25,327.6,2220290,739856600.45,25811,LEGACY
2020-02-14,GRANULES,Granules India,EQ,INE101D01020,170.9,179.5,168.1,175.6,176.7,169.9,5263958,919743535.4,56710,LEGACY
2020-02-14,IPCALAB,IPCA Laboratories,EQ,INE571A01020,1432.0,1508.3,1405.0,1436.9,1438.7,1418.55,779759,1136632084.35,43721,LEGACY
2020-02-14,JBCHEPHARM,JB Chemicals & Pharmaceuticals,EQ,INE572A01028,578.0,599.9,578.0,583.9,580.3,584.0,83848,49413938.25,7818,LEGACY
2020-02-14,LAURUSLABS,Laurus Labs,EQ,INE947Q01010,444.0,444.25,435.5,437.15,437.95,441.3,139349,61264075.85,7058,LEGACY
2020-02-14,LUPIN,Lupin,EQ,INE326A01037,704.5,721.45,704.5,717.65,719.5,703.4,1845960,1321642534.1,29036,LEGACY
2020-02-14,NATCOPHARM,Natco Pharma,EQ,INE987B01026,675.0,684.3,668.2,676.6,675.0,673.95,209254,142030880.45,13885,LEGACY
2020-02-14,PEL,Piramal Enterprises,EQ,INE140A01024,1547.0,1547.0,1520.8,1530.65,1526.0,1531.8,1068764,1639713718.85,31399,LEGACY
2020-02-14,PFIZER,Pfizer,EQ,INE182A01018,4622.0,4629.85,4150.0,4193.3,4173.0,4589.8,217033,940848634.95,30092,LEGACY
2020-02-14,SANOFI,Sanofi India,EQ,INE058A01010,7425.0,7475.0,7213.25,7367.75,7330.4,7394.7,29634,219366103.45,5155,LEGACY
2020-02-14,STAR,Strides Pharma Science,EQ,INE939A01011,532.75,547.65,525.0,530.2,527.0,532.15,601989,322239815.8,21319,LEGACY
2020-02-14,SUNPHARMA,Sun Pharmaceutical Industries,EQ,INE044A01036,420.0,424.75,416.5,418.55,417.6,418.95,2862205,1204708467.6,41695,LEGACY
2020-02-14,TORNTPHARM,Torrent Pharmaceuticals,EQ,INE685A01028,2093.15,2120.0,2064.0,2112.5,2110.7,2080.2,636955,1330240991.75,28266,LEGACY
2020-02-14,WOCKPHARMA,Wockhardt,EQ,INE049B01025,353.0,360.0,341.75,344.85,345.6,349.85,1377349,483896651.0,21826,LEGACY
2020-02-17,ABBOTINDIA,Abbott India,EQ,INE358A01014,14780.0,14860.0,14541.2,14650.95,14685.0,14785.05,16890,248848666.8,3095,LEGACY
2020-02-17,AJANTPHARM,Ajanta Pharma,EQ,INE031B01049,1414.4,1420.0,1328.2,1354.05,1329.5,1414.4,87952,121178248.45,9915,LEGACY
2020-02-17,ALKEM,Alkem Laboratories,EQ,INE540L01014,2650.0,2650.0,2535.0,2582.25,2595.4,2649.3,53972,140187359.0,7418,LEGACY
2020-02-17,APLLTD,Alembic Pharmaceuticals,EQ,INE901L01018,648.0,654.2,637.65,644.0,644.0,643.35,119579,77514369.05,6431,LEGACY
2020-02-17,AUROPHARMA,Aurobindo Pharma,EQ,INE406A01037,515.05,519.0,492.2,493.6,493.15,514.35,3731164,1879915138.9,65318,LEGACY
2020-02-17,BIOCON,Biocon,EQ,INE376G01013,309.05,311.5,302.3,303.15,303.3,307.8,3201093,980882145.15,30192,LEGACY
2020-02-17,CADILAHC,Cadila Healthcare,EQ,INE010B01027,271.3,276.8,263.15,266.35,266.25,270.0,2360644,635528637.45,26015,LEGACY
2020-02-17,CIPLA,Cipla,EQ,INE059A01026,444.5,445.75,430.1,431.9,433.25,447.1,4581786,1987395912.15,80822,LEGACY
2020-02-17,DIVISLAB,Divi's Laboratories,EQ,INE361B01024,2158.0,2170.0,2133.6,2154.85,2157.0,2146.45,243414,523922543.55,14594,LEGACY
2020-02-17,DRREDDY,Dr. Reddy's Laboratories,EQ,INE089A01023,3325.8,3342.05,3287.2,3295.55,3290.0,3304.3,640661,2124405075.3,45499,LEGACY
2020-02-17,GLAXO,GlaxoSmithKline Pharmaceuticals,EQ,INE159A01016,1334.9,1334.9,1305.0,1317.05,1317.0,1335.95,76166,100350453.6,5946,LEGACY
2020-02-17,GLENMARK,Glenmark Pharmaceuticals,EQ,INE935A01035,342.0,346.45,305.4,310.4,310.8,333.8,8581110,2756529790.55,108480,LEGACY
2020-02-17,GRANULES,Granules India,EQ,INE101D01020,175.0,179.7,173.05,175.15,173.35,175.6,2554689,450754519.0,25677,LEGACY
2020-02-17,IPCALAB,IPCA Laboratories,EQ,INE571A01020,1439.0,1439.0,1342.0,1359.9,1373.0,1436.9,296648,408847824.3,28021,LEGACY
2020-02-17,JBCHEPHARM,JB Chemicals & Pharmaceuticals,EQ,INE572A01028,588.9,588.9,533.95,555.9,553.0,583.9,114082,64066059.15,4558,LEGACY
2020-02-17,LAURUSLABS,Laurus Labs,EQ,INE947Q01010,438.1,441.9,435.2,438.4,438.5,437.15,78918,34680062.85,4189,LEGACY
2020-02-17,LUPIN,Lupin,EQ,INE326A01037,718.5,731.25,710.6,712.55,711.2,717.65,1402215,1011326492.05,25236,LEGACY
2020-02-17,NATCOPHARM,Natco Pharma,EQ,INE987B01026,679.05,684.95,663.85,665.85,670.0,676.6,88358,59349100.85,5017,LEGACY
2020-02-17,PEL,Piramal Enterprises,EQ,INE140A01024,1530.9,1540.0,1514.45,1531.65,1533.05,1530.65,1205255,1840072960.45,28373,LEGACY
2020-02-17,PFIZER,Pfizer,EQ,INE182A01018,4176.0,4244.85,4000.0,4032.75,4019.8,4193.3,73566,300008217.05,12971,LEGACY
2020-02-17,SANOFI,Sanofi India,EQ,INE058A01010,7360.0,7410.0,7193.65,7225.5,7247.0,7367.75,10860,78869174.3,3425,LEGACY
2020-02-17,STAR,Strides Pharma Science,EQ,INE939A01011,532.0,537.95,501.0,506.05,503.0,530.2,544328,279052360.4,16553,LEGACY
2020-02-17,SUNPHARMA,Sun Pharmaceutical Industries,EQ,INE044A01036,416.2,418.5,407.3,408.4,407.65,418.55,2625157,1082770599.5,41610,LEGACY
2020-02-17,TORNTPHARM,Torrent Pharmaceuticals,EQ,INE685A01028,2115.0,2155.0,2102.25,2143.35,2150.0,2112.5,380411,812957308.2,25114,LEGACY
2020-02-17,WOCKPHARMA,Wockhardt,EQ,INE049B01025,349.5,358.0,346.05,348.75,348.85,344.85,1287236,451199319.15,20969,LEGACY
2020-02-18,ABBOTINDIA,Abbott India,EQ,INE358A01014,14721.6,15692.0,14525.0,15452.6,15632.0,14650.95,21074,315503824.65,4883,LEGACY
2020-02-18,AJANTPHARM,Ajanta Pharma,EQ,INE031B01049,1334.7,1339.9,1275.0,1298.75,1300.0,1354.05,284090,368469751.6,16105,LEGACY
2020-02-18,ALKEM,Alkem Laboratories,EQ,INE540L01014,2598.3,2643.9,2542.0,2618.2,2619.1,2582.25,141580,371231884.9,17283,LEGACY
2020-02-18,APLLTD,Alembic Pharmaceuticals,EQ,INE901L01018,644.0,649.0,636.65,644.95,645.0,644.0,109830,70789134.2,4770,LEGACY
2020-02-18,AUROPHARMA,Aurobindo Pharma,EQ,INE406A01037,490.0,503.35,482.3,500.4,502.55,493.6,4335390,2136176503.95,52464,LEGACY
2020-02-18,BIOCON,Biocon,EQ,INE376G01013,303.1,304.4,295.05,300.65,301.6,303.15,3625458,1082267496.0,42546,LEGACY
2020-02-18,CADILAHC,Cadila Healthcare,EQ,INE010B01027,266.6,269.5,261.1,268.0,267.8,266.35,1305723,346329486.45,16272,LEGACY
2020-02-18,CIPLA,Cipla,EQ,INE059A01026,433.0,437.65,428.1,436.0,437.0,431.9,2453801,1063077853.8,33961,LEGACY
2020-02-18,DIVISLAB,Divi's Laboratories,EQ,INE361B01024,2154.85,2180.2,2142.5,2175.25,2170.0,2154.85,532206,1149300737.3,30144,LEGACY
2020-02-18,DRREDDY,Dr. Reddy's Laboratories,EQ,INE089A01023,3288.0,3288.0,3233.25,3251.35,3253.0,3295.55,697366,2267330211.6,24980,LEGACY
2020-02-18,GLAXO,GlaxoSmithKline Pharmaceuticals,EQ,INE159A01016,1321.1,1350.0,1319.0,1344.9,1336.0,1317.05,105761,140585026.95,6761,LEGACY
2020-02-18,GLENMARK,Glenmark Pharmaceuticals,EQ,INE935A01035,312.3,314.0,303.15,311.95,311.6,310.4,2593163,800396525.9,30612,LEGACY
2020-02-18,GRANULES,Granules India,EQ,INE101D01020,173.65,180.5,172.5,179.0,179.0,175.15,1864779,329130710.9,23385,LEGACY
2020-02-18,IPCALAB,IPCA Laboratories,EQ,INE571A01020,1373.0,1389.9,1305.1,1315.4,1310.0,1359.9,207405,276355195.7,24449,LEGACY
2020-02-18,JBCHEPHARM,JB Chemicals & Pharmaceuticals,EQ,INE572A01028,555.9,555.9,523.8,535.2,530.3,555.9,96478,51658861.35,5845,LEGACY
2020-02-18,LAURUSLABS,Laurus Labs,EQ,INE947Q01010,439.1,439.1,422.55,430.1,431.5,438.4,99956,42934292.5,5051,LEGACY
2020-02-18,LUPIN,Lupin,EQ,INE326A01037,710.8,710.95,694.0,706.05,703.1,712.55,1225756,859308220.95,25768,LEGACY
2020-02-18,NATCOPHARM,Natco Pharma,EQ,INE987B01026,660.15,665.0,634.1,636.35,635.2,665.85,149956,96574093.8,23007,LEGACY
2020-02-18,PEL,Piramal Enterprises,EQ,INE140A01024,1526.95,1533.7,1473.05,1522.1,1530.0,1531.65,1644541,2456658890.55,45731,LEGACY
2020-02-18,PFIZER,Pfizer,EQ,INE182A01018,4040.0,4180.0,4012.1,4129.75,4140.0,4032.75,58290,240222964.95,9872,LEGACY
2020-02-18,SANOFI,Sanofi India,EQ,INE058A01010,7250.0,7261.3,6990.0,7177.05,7135.7,7225.5,8836,62956025.3,2589,LEGACY
2020-02-18,STAR,Strides Pharma Science,EQ,INE939A01011,504.6,504.6,483.0,487.9,484.0,506.05,483193,236057530.4,9771,LEGACY
2020-02-18,SUNPHARMA,Sun Pharmaceutical Industries,EQ,INE044A01036,407.0,410.85,399.05,408.65,406.1,408.4,4187206,1694903794.8,58541,LEGACY
2020-02-18,TORNTPHARM,Torrent Pharmaceuticals,EQ,INE685A01028,2143.0,2158.0,2113.4,2131.9,2133.5,2143.35,168303,358579198.85,21165,LEGACY
2020-02-18,WOCKPHARMA,Wockhardt,EQ,INE049B01025,349.7,352.8,324.3,335.4,335.55,348.75,1399261,469517794.95,22533,LEGACY
2020-02-19,ABBOTINDIA,Abbott India,EQ,INE358A01014,15668.65,16190.0,15668.65,15722.4,15680.0,15452.6,15038,239312043.3,4825,LEGACY
2020-02-19,AJANTPHARM,Ajanta Pharma,EQ,INE031B01049,1317.55,1355.35,1302.2,1314.1,1306.65,1298.75,150983,200107293.65,14230,LEGACY
2020-02-19,ALKEM,Alkem Laboratories,EQ,INE540L01014,2655.6,2716.9,2610.0,2623.8,2621.7,2618.2,141279,376302887.2,12107,LEGACY
2020-02-19,APLLTD,Alembic Pharmaceuticals,EQ,INE901L01018,650.0,683.7,640.25,674.6,677.0,644.95,481687,316364153.8,13638,LEGACY
2020-02-19,AUROPHARMA,Aurobindo Pharma,EQ,INE406A01037,550.4,607.7,550.4,601.85,604.4,500.4,28738121,16850347094.8,339727,LEGACY
2020-02-19,BIOCON,Biocon,EQ,INE376G01013,303.0,309.2,303.0,306.1,306.45,300.65,2287640,700926419.65,20878,LEGACY
2020-02-19,CADILAHC,Cadila Healthcare,EQ,INE010B01027,268.25,277.5,268.0,275.9,276.6,268.0,1407555,384642679.45,20780,LEGACY
2020-02-19,CIPLA,Cipla,EQ,INE059A01026,437.8,449.2,437.4,447.5,447.25,436.0,2359566,1050162091.6,40302,LEGACY
2020-02-19,DIVISLAB,Divi's Laboratories,EQ,INE361B01024,2170.0,2195.0,2155.75,2185.85,2194.2,2175.25,365113,794651968.6,24985,LEGACY
2020-02-19,DRREDDY,Dr. Reddy's Laboratories,EQ,INE089A01023,3258.0,3298.8,3258.0,3278.15,3289.3,3251.35,301821,990520047.55,20211,LEGACY
2020-02-19,GLAXO,GlaxoSmithKline Pharmaceuticals,EQ,INE159A01016,1345.0,1362.05,1325.0,1341.35,1341.9,1344.9,51275,68667728.45,3959,LEGACY
2020-02-19,GLENMARK,Glenmark Pharmaceuticals,EQ,INE935A01035,313.3,320.0,313.3,318.1,317.65,311.95,1742796,552434363.85,22406,LEGACY
2020-02-19,GRANULES,Granules India,EQ,INE101D01020,181.0,189.0,180.5,187.95,187.95,179.0,3255111,606183150.35,30503,LEGACY
2020-02-19,IPCALAB,IPCA Laboratories,EQ,INE571A01020,1320.1,1428.95,1320.1,1402.9,1414.7,1315.4,384867,533792950.35,38377,LEGACY
2020-02-19,JBCHEPHARM,JB Chemicals & Pharmaceuticals,EQ,INE572A01028,537.9,553.0,531.4,534.95,532.25,535.2,129304,69783862.6,5247,LEGACY
2020-02-19,LAURUSLABS,Laurus Labs,EQ,INE947Q01010,432.55,445.9,360.0,438.6,444.0,430.1,190687,83805931.1,10739,LEGACY
2020-02-19,LUPIN,Lupin,EQ,INE326A01037,705.0,716.5,704.4,709.05,708.9,706.05,894396,635050949.15,50376,LEGACY
2020-02-19,NATCOPHARM,Natco Pharma,EQ,INE987B01026,638.35,666.0,637.0,644.7,642.5,636.35,239207,156165651.15,10055,LEGACY
2020-02-19,PEL,Piramal Enterprises,EQ,INE140A01024,1538.55,1579.95,1531.4,1573.1,1570.0,1522.1,1586286,2475657764.6,44370,LEGACY
2020-02-19,PFIZER,Pfizer,EQ,INE182A01018,4178.8,4275.2,4154.1,4220.05,4209.95,4129.75,45386,191608128.95,7855,LEGACY
2020-02-19,SANOFI,Sanofi India,EQ,INE058A01010,7180.0,7284.0,7140.0,7193.75,7147.0,7177.05,12167,87688470.25,3155,LEGACY
2020-02-19,STAR,Strides Pharma Science,EQ,INE939A01011,489.7,511.0,489.65,505.25,502.55,487.9,581455,293692597.1,15526,LEGACY
2020-02-19,SUNPHARMA,Sun Pharmaceutical Industries,EQ,INE044A01036,410.4,414.2,400.6,403.55,403.25,408.65,5910512,2396335656.05,65492,LEGACY
2020-02-19,TORNTPHARM,Torrent Pharmaceuticals,EQ,INE685A01028,2141.9,2287.25,2135.1,2242.15,2235.0,2131.9,809752,1802985426.55,53160,LEGACY
2020-02-19,WOCKPHARMA,Wockhardt,EQ,INE049B01025,338.65,373.9,338.4,367.75,367.95,335.4,3771819,1362013432.95,54801,LEGACY
2020-02-20,ABBOTINDIA,Abbott India,EQ,INE358A01014,15800.0,15984.15,15400.1,15527.65,15500.0,15722.4,10598,166726462.6,3278,LEGACY
2020-02-20,AJANTPHARM,Ajanta Pharma,EQ,INE031B01049,1319.0,1485.0,1316.95,1445.4,1451.0,1314.1,627289,884070405.85,31009,LEGACY
2020-02-20,ALKEM,Alkem Laboratories,EQ,INE540L01014,2628.7,2690.0,2628.65,2658.7,2662.0,2623.8,81789,218251257.35,8211,LEGACY
2020-02-20,APLLTD,Alembic Pharmaceuticals,EQ,INE901L01018,685.0,685.0,661.2,664.6,664.7,674.6,285912,192378602.5,11087,LEGACY
2020-02-20,AUROPHARMA,Aurobindo Pharma,EQ,INE406A01037,612.05,617.55,590.35,599.75,598.6,601.85,14551958,8763994209.95,200469,LEGACY
2020-02-20,BIOCON,Biocon,EQ,INE376G01013,305.95,319.0,305.8,315.05,314.6,306.1,6990659,2200891786.85,66838,LEGACY
2020-02-20,CADILAHC,Cadila Healthcare,EQ,INE010B01027,276.0,281.7,275.0,279.25,279.0,275.9,1635070,455574058.9,40842,LEGACY
2020-02-20,CIPLA,Cipla,EQ,INE059A01026,448.0,448.8,434.5,435.75,436.7,447.5,3048500,1341189231.45,56814,LEGACY
2020-02-20,DIVISLAB,Divi's Laboratories,EQ,INE361B01024,2199.5,2236.4,2156.85,2169.35,2172.0,2185.85,578488,1270129139.1,21980,LEGACY
2020-02-20,DRREDDY,Dr. Reddy's Laboratories,EQ,INE089A01023,3289.3,3364.95,3240.05,3255.3,3257.0,3278.15,924466,3061197918.65,78087,LEGACY
2020-02-20,GLAXO,GlaxoSmithKline Pharmaceuticals,EQ,INE159A01016,1341.8,1358.0,1336.0,1344.65,1342.8,1341.35,54312,73058139.3,4498,LEGACY
2020-02-20,GLENMARK,Glenmark Pharmaceuticals,EQ,INE935A01035,318.1,325.95,317.7,321.55,322.3,318.1,1529171,493212575.6,20751,LEGACY
2020-02-20,GRANULES,Granules India,EQ,INE101D01020,187.65,188.45,182.0,184.35,184.3,187.95,1209312,223812448.2,13642,LEGACY
2020-02-20,IPCALAB,IPCA Laboratories,EQ,INE571A01020,1412.0,1484.0,1394.9,1454.7,1453.0,1402.9,356916,519190584.95,29161,LEGACY
2020-02-20,JBCHEPHARM,JB Chemicals & Pharmaceuticals,EQ,INE572A01028,532.5,544.0,532.5,533.85,533.05,534.95,83973,45133473.2,6311,LEGACY
2020-02-20,LAURUSLABS,Laurus Labs,EQ,INE947Q01010,435.2,444.45,435.2,440.35,440.5,438.6,75809,33478381.1,4542,LEGACY
2020-02-20,LUPIN,Lupin,EQ,INE326A01037,706.15,708.1,698.0,699.6,698.8,709.05,1883153,1322805795.35,29520,LEGACY
2020-02-20,NATCOPHARM,Natco Pharma,EQ,INE987B01026,640.05,674.4,640.05,662.65,666.0,644.7,159092,104788821.5,5844,LEGACY
2020-02-20,PEL,Piramal Enterprises,EQ,INE140A01024,1573.1,1633.9,1553.75,1600.1,1600.2,1573.1,1829253,2935552796.0,50464,LEGACY
2020-02-20,PFIZER,Pfizer,EQ,INE182A01018,4230.0,4264.5,4174.95,4187.55,4192.0,4220.05,18766,79028359.15,3429,LEGACY
2020-02-20,SANOFI,Sanofi India,EQ,INE058A01010,7199.95,7395.0,7185.55,7310.95,7290.05,7193.75,16608,121276382.1,3345,LEGACY
2020-02-20,STAR,Strides Pharma Science,EQ,INE939A01011,509.4,524.8,505.0,513.4,514.5,505.25,359087,185592947.4,9231,LEGACY
2020-02-20,SUNPHARMA,Sun Pharmaceutical Industries,EQ,INE044A01036,403.85,411.5,403.55,404.95,404.8,403.55,4000525,1629280061.15,64180,LEGACY
2020-02-20,TORNTPHARM,Torrent Pharmaceuticals,EQ,INE685A01028,2240.0,2259.0,2230.05,2238.95,2235.0,2242.15,266143,597716535.7,19059,LEGACY
2020-02-20,WOCKPHARMA,Wockhardt,EQ,INE049B01025,367.9,376.5,353.1,357.65,359.0,367.75,1721408,626071890.4,31905,LEGACY
2020-02-24,ABBOTINDIA,Abbott India,EQ,INE358A01014,15799.0,16279.9,15400.0,15943.9,15885.0,15527.65,12236,194492115.7,4602,LEGACY
2020-02-24,AJANTPHARM,Ajanta Pharma,EQ,INE031B01049,1448.0,1490.0,1391.25,1413.1,1406.0,1445.4,477712,689361540.05,23343,LEGACY
2020-02-24,ALKEM,Alkem Laboratories,EQ,INE540L01014,2628.0,2666.0,2573.5,2599.7,2591.1,2658.7,85246,223457404.5,14133,LEGACY
2020-02-24,APLLTD,Alembic Pharmaceuticals,EQ,INE901L01018,660.0,662.95,643.05,650.55,651.75,664.6,141948,92106023.65,5160,LEGACY
2020-02-24,AUROPHARMA,Aurobindo Pharma,EQ,INE406A01037,539.8,539.8,489.4,504.0,506.65,599.75,17116979,8679644693.0,206963,LEGACY
2020-02-24,BIOCON,Biocon,EQ,INE376G01013,306.0,323.5,303.3,314.25,312.3,315.05,9992600,3165428810.8,123935,LEGACY
2020-02-24,CADILAHC,Cadila Healthcare,EQ,INE010B01027,277.0,280.45,272.55,274.9,273.7,279.25,1577897,435282664.15,18447,LEGACY
2020-02-24,CIPLA,Cipla,EQ,INE059A01026,436.0,436.7,426.55,430.15,428.0,435.75,2569563,1105175982.05,70928,LEGACY
2020-02-24,DIVISLAB,Divi's Laboratories,EQ,INE361B01024,2171.9,2184.8,2147.3,2160.45,2160.0,2169.35,419664,908781027.0,24394,LEGACY
2020-02-24,DRREDDY,Dr. Reddy's Laboratories,EQ,INE089A01023,3257.0,3257.0,3166.35,3176.3,3175.0,3255.3,628617,2016422295.5,40963,LEGACY
2020-02-24,GLAXO,GlaxoSmithKline Pharmaceuticals,EQ,INE159A01016,1351.0,1353.0,1325.0,1338.65,1340.0,1344.65,29355,39272569.25,2222,LEGACY
2020-02-24,GLENMARK,Glenmark Pharmaceuticals,EQ,INE935A01035,318.0,318.0,299.85,300.9,300.95,321.55,2466283,755063871.35,39995,LEGACY
2020-02-24,GRANULES,Granules India,EQ,INE101D01020,182.1,183.0,172.75,173.5,173.5,184.35,1128127,200524844.6,11851,LEGACY
2020-02-24,IPCALAB,IPCA Laboratories,EQ,INE571A01020,1453.0,1494.75,1360.15,1465.6,1468.0,1454.7,435215,627385877.95,24866,LEGACY
2020-02-24,JBCHEPHARM,JB Chemicals & Pharmaceuticals,EQ,INE572A01028,540.0,540.0,526.3,535.15,535.0,533.85,105101,55883071.45,4724,LEGACY
2020-02-24,LAURUSLABS,Laurus Labs,EQ,INE947Q01010,442.0,442.0,431.65,436.2,440.0,440.35,60421,26399538.95,2482,LEGACY
2020-02-24,LUPIN,Lupin,EQ,INE326A01037,695.0,697.0,669.0,672.85,672.75,699.6,1771815,1210703167.95,38264,LEGACY
2020-02-24,NATCOPHARM,Natco Pharma,EQ,INE987B01026,650.1,664.9,638.0,642.05,640.65,662.65,75646,49181345.35,3131,LEGACY
2020-02-24,PEL,Piramal Enterprises,EQ,INE140A01024,1586.5,1599.05,1547.9,1567.95,1568.0,1600.1,1276422,2013555247.9,29268,LEGACY
2020-02-24,PFIZER,Pfizer,EQ,INE182A01018,4180.0,4214.95,4126.0,4158.5,4175.0,4187.55,34676,144297202.1,3575,LEGACY
2020-02-24,SANOFI,Sanofi India,EQ,INE058A01010,7320.0,7475.0,7025.1,7084.5,7070.0,7310.95,22755,165085834.0,5800,LEGACY
2020-02-24,STAR,Strides Pharma Science,EQ,INE939A01011,512.0,512.0,490.0,492.3,492.3,513.4,333503,166027954.25,7507,LEGACY
2020-02-24,SUNPHARMA,Sun Pharmaceutical Industries,EQ,INE044A01036,406.5,414.65,395.8,397.85,397.3,404.95,12668574,5130390125.25,129845,LEGACY
2020-02-24,TORNTPHARM,Torrent Pharmaceuticals,EQ,INE685A01028,2238.95,2239.4,2162.8,2170.95,2171.0,2238.95,175961,386200467.4,15417,LEGACY
2020-02-24,WOCKPHARMA,Wockhardt,EQ,INE049B01025,356.4,356.4,337.2,339.25,339.9,357.65,896904,309503833.2,17470,LEGACY
2020-02-26,ABBOTINDIA,Abbott India,EQ,INE358A01014,16201.0,16499.0,15950.0,16237.1,16336.0,16202.65,14286,231418845.3,4981,LEGACY
2020-02-26,AJANTPHARM,Ajanta Pharma,EQ,INE031B01049,1420.0,1434.0,1360.85,1414.0,1429.9,1419.75,254445,356226926.85,18957,LEGACY
2020-02-26,ALKEM,Alkem Laboratories,EQ,INE540L01014,2640.0,2671.45,2606.4,2632.8,2640.2,2643.65,35926,94763375.25,4727,LEGACY
2020-02-26,APLLTD,Alembic Pharmaceuticals,EQ,INE901L01018,647.0,664.0,645.05,647.55,647.15,646.6,150491,98248790.55,11350,LEGACY
2020-02-26,AUROPHARMA,Aurobindo Pharma,EQ,INE406A01037,507.4,520.0,504.0,510.0,510.2,503.95,7012760,3578619959.2,83121,LEGACY
2020-02-26,BIOCON,Biocon,EQ,INE376G01013,299.9,307.7,297.65,298.75,298.0,303.85,4964185,1495284396.2,43389,LEGACY
2020-02-26,CADILAHC,Cadila Healthcare,EQ,INE010B01027,270.2,271.6,262.0,262.85,262.5,272.2,1172207,311811965.65,15422,LEGACY
2020-02-26,CIPLA,Cipla,EQ,INE059A01026,406.0,425.0,405.8,422.2,422.0,425.8,8068909,3382786584.55,107455,LEGACY
2020-02-26,DIVISLAB,Divi's Laboratories,EQ,INE361B01024,2116.0,2162.95,2091.1,2142.1,2148.0,2116.0,578955,1240317632.05,35668,LEGACY
2020-02-26,DRREDDY,Dr. Reddy's Laboratories,EQ,INE089A01023,3097.0,3115.5,3060.3,3075.35,3066.0,3086.9,762169,2353219303.9,49957,LEGACY
2020-02-26,GLAXO,GlaxoSmithKline Pharmaceuticals,EQ,INE159A01016,1364.9,1395.95,1340.0,1355.95,1344.4,1366.15,81279,111623024.35,5714,LEGACY
2020-02-26,GLENMARK,Glenmark Pharmaceuticals,EQ,INE935A01035,297.0,303.9,294.0,295.9,296.35,292.1,4896790,1462909696.4,56585,LEGACY
2020-02-26,GRANULES,Granules India,EQ,INE101D01020,172.0,178.2,170.7,173.4,173.3,174.45,1248658,218353315.5,14719,LEGACY
2020-02-26,IPCALAB,IPCA Laboratories,EQ,INE571A01020,1436.5,1436.5,1365.0,1378.7,1370.05,1427.6,150149,210935653.9,20997,LEGACY
2020-02-26,JBCHEPHARM,JB Chemicals & Pharmaceuticals,EQ,INE572A01028,538.85,576.5,534.85,561.75,567.0,534.65,308187,173688467.75,17792,LEGACY
2020-02-26,LAURUSLABS,Laurus Labs,EQ,INE947Q01010,432.0,434.9,418.1,419.75,419.6,430.75,48452,20659578.5,2139,LEGACY
2020-02-26,LUPIN,Lupin,EQ,INE326A01037,668.1,676.0,664.55,669.8,667.85,669.15,2122196,1421445137.6,24572,LEGACY
2020-02-26,NATCOPHARM,Natco Pharma,EQ,INE987B01026,630.0,635.35,621.1,623.5,623.5,635.05,74548,46748673.95,6646,LEGACY
2020-02-26,PEL,Piramal Enterprises,EQ,INE140A01024,1498.0,1498.0,1417.5,1429.35,1426.0,1493.3,2724111,3932422014.5,75233,LEGACY
2020-02-26,PFIZER,Pfizer,EQ,INE182A01018,4159.5,4287.0,4148.1,4188.35,4200.0,4160.65,45103,190483367.9,6890,LEGACY
2020-02-26,SANOFI,Sanofi India,EQ,INE058A01010,7549.95,7640.0,7071.3,7122.5,7100.0,7021.55,138875,1008670393.75,25201,LEGACY
2020-02-26,STAR,Strides Pharma Science,EQ,INE939A01011,495.0,501.0,488.0,490.95,489.5,503.1,175271,86991949.7,5025,LEGACY
2020-02-26,SUNPHARMA,Sun Pharmaceutical Industries,EQ,INE044A01036,385.1,386.95,372.5,374.7,374.0,388.9,12146582,4593268601.9,120753,LEGACY
2020-02-26,TORNTPHARM,Torrent Pharmaceuticals,EQ,INE685A01028,2219.7,2284.0,2201.6,2251.1,2244.65,2208.95,471362,1061378164.45,36592,LEGACY
2020-02-26,WOCKPHARMA,Wockhardt,EQ,INE049B01025,348.0,350.5,334.3,337.6,337.25,345.8,851154,290623592.1,15285,LEGACY
2020-02-27,ABBOTINDIA,Abbott India,EQ,INE358A01014,16336.0,16450.0,16011.25,16185.1,16200.0,16237.1,11115,180467854.1,3713,LEGACY
2020-02-27,AJANTPHARM,Ajanta Pharma,EQ,INE031B01049,1427.7,1446.8,1372.0,1399.75,1400.9,1414.0,289942,410337077.55,15982,LEGACY
2020-02-27,ALKEM,Alkem Laboratories,EQ,INE540L01014,2649.95,2700.0,2600.0,2641.6,2640.0,2632.8,96629,256579107.05,11265,LEGACY
2020-02-27,APLLTD,Alembic Pharmaceuticals,EQ,INE901L01018,649.85,661.0,644.85,652.5,651.1,647.55,114273,74553989.7,5283,LEGACY
2020-02-27,AUROPHARMA,Aurobindo Pharma,EQ,INE406A01037,512.25,521.8,508.45,519.5,518.5,510.0,5672269,2924250588.8,70216,LEGACY
2020-02-27,BIOCON,Biocon,EQ,INE376G01013,296.0,302.0,292.45,298.9,297.8,298.75,6122061,1817001610.15,46476,LEGACY
2020-02-27,CADILAHC,Cadila Healthcare,EQ,INE010B01027,261.8,264.25,256.0,261.45,262.1,262.85,1083355,280754831.1,18632,LEGACY
2020-02-27,CIPLA,Cipla,EQ,INE059A01026,411.1,424.0,409.0,421.2,421.0,422.2,5109022,2124267375.5,89888,LEGACY
2020-02-27,DIVISLAB,Divi's Laboratories,EQ,INE361B01024,2148.0,2172.0,2117.05,2156.55,2158.6,2142.1,569625,1224382233.95,26124,LEGACY
2020-02-27,DRREDDY,Dr. Reddy's Laboratories,EQ,INE089A01023,3094.0,3094.0,3029.1,3067.05,3064.0,3075.35,935416,2863279357.7,60580,LEGACY
2020-02-27,GLAXO,GlaxoSmithKline Pharmaceuticals,EQ,INE159A01016,1360.0,1362.0,1325.0,1341.15,1340.0,1355.95,31913,42848266.15,3191,LEGACY
2020-02-27,GLENMARK,Glenmark Pharmaceuticals,EQ,INE935A01035,297.5,300.1,288.85,293.75,293.3,295.9,2441594,715937381.7,43837,LEGACY
2020-02-27,GRANULES,Granules India,EQ,INE101D01020,173.7,180.4,171.5,173.05,172.55,173.4,1435640,250678197.25,16909,LEGACY
2020-02-27,IPCALAB,IPCA Laboratories,EQ,INE571A01020,1385.0,1386.05,1331.3,1347.85,1340.95,1378.7,253017,342223686.05,17671,LEGACY
2020-02-27,JBCHEPHARM,JB Chemicals & Pharmaceuticals,EQ,INE572A01028,566.25,570.2,550.2,556.8,555.0,561.75,173925,97719054.05,13335,LEGACY
2020-02-27,LAURUSLABS,Laurus Labs,EQ,INE947Q01010,420.0,421.0,411.0,414.5,415.0,419.75,80595,33447267.4,2726,LEGACY
2020-02-27,LUPIN,Lupin,EQ,INE326A01037,669.1,671.3,654.6,662.8,664.0,669.8,1302115,861315404.15,31237,LEGACY
2020-02-27,NATCOPHARM,Natco Pharma,EQ,INE987B01026,623.5,628.0,595.35,605.55,605.2,623.5,186528,112948664.0,9895,LEGACY
2020-02-27,PEL,Piramal Enterprises,EQ,INE140A01024,1424.0,1442.0,1377.15,1396.0,1395.25,1429.35,2119787,2968379694.4,71176,LEGACY
2020-02-27,PFIZER,Pfizer,EQ,INE182A01018,4203.0,4244.0,4130.0,4160.6,4155.0,4188.35,25605,106947921.35,3697,LEGACY
2020-02-27,SANOFI,Sanofi India,EQ,INE058A01010,7149.85,7350.0,7145.0,7314.5,7305.0,7122.5,50763,367819089.6,12472,LEGACY
2020-02-27,STAR,Strides Pharma Science,EQ,INE939A01011,489.0,503.75,478.0,495.75,494.75,490.95,350687,172507392.75,9398,LEGACY
2020-02-27,SUNPHARMA,Sun Pharmaceutical Industries,EQ,INE044A01036,375.0,390.7,369.45,388.5,388.0,374.7,15164166,5774939180.45,164638,LEGACY
2020-02-27,TORNTPHARM,Torrent Pharmaceuticals,EQ,INE685A01028,2256.8,2265.0,2140.0,2168.95,2188.0,2251.1,483554,1058589695.8,35040,LEGACY
2020-02-27,WOCKPHARMA,Wockhardt,EQ,INE049B01025,339.8,340.1,324.1,332.45,331.95,337.6,774983,255842257.6,16283,LEGACY
2020-02-28,ABBOTINDIA,Abbott India,EQ,INE358A01014,15900.0,16109.3,15455.0,15718.95,15720.0,16185.1,21702,343326910.25,5824,LEGACY
2020-02-28,AJANTPHARM,Ajanta Pharma,EQ,INE031B01049,1393.0,1408.2,1360.0,1385.15,1379.05,1399.75,155079,214318145.6,11831,LEGACY
2020-02-28,ALKEM,Alkem Laboratories,EQ,INE540L01014,2561.0,2648.0,2561.0,2625.5,2625.0,2641.6,97832,255234048.55,13033,LEGACY
2020-02-28,APLLTD,Alembic Pharmaceuticals,EQ,INE901L01018,646.8,646.8,613.0,629.95,632.5,652.5,187570,117761905.4,5672,LEGACY
2020-02-28,AUROPHARMA,Aurobindo Pharma,EQ,INE406A01037,513.3,513.6,496.9,505.5,505.3,519.5,4558189,2311205908.15,58152,LEGACY
2020-02-28,BIOCON,Biocon,EQ,INE376G01013,292.45,294.9,285.0,286.9,289.5,298.9,5345967,1554155522.95,51734,LEGACY
2020-02-28,CADILAHC,Cadila Healthcare,EQ,INE010B01027,258.45,265.75,254.25,260.05,259.0,261.45,2349628,615458588.1,34338,LEGACY
2020-02-28,CIPLA,Cipla,EQ,INE059A01026,413.0,416.45,398.05,402.1,405.05,421.2,4200936,1712263112.65,86522,LEGACY
2020-02-28,DIVISLAB,Divi's Laboratories,EQ,INE361B01024,2140.0,2149.7,2087.25,2106.95,2119.0,2156.55,1076121,2276133433.75,41217,LEGACY
2020-02-28,DRREDDY,Dr. Reddy's Laboratories,EQ,INE089A01023,3030.0,3088.5,2905.25,2927.1,2920.0,3067.05,1659956,4997005699.5,86934,LEGACY
2020-02-28,GLAXO,GlaxoSmithKline Pharmaceuticals,EQ,INE159A01016,1346.5,1347.85,1300.0,1306.0,1310.0,1341.15,50378,66160331.7,5852,LEGACY
2020-02-28,GLENMARK,Glenmark Pharmaceuticals,EQ,INE935A01035,285.95,292.6,275.0,277.55,278.0,293.75,2591081,731451478.25,38461,LEGACY
2020-02-28,GRANULES,Granules India,EQ,INE101D01020,168.05,171.85,156.1,157.3,160.0,173.05,2708575,440043380.4,29423,LEGACY
2020-02-28,IPCALAB,IPCA Laboratories,EQ,INE571A01020,1310.0,1368.8,1281.05,1361.35,1365.0,1347.85,402684,542187522.45,38357,LEGACY
2020-02-28,JBCHEPHARM,JB Chemicals & Pharmaceuticals,EQ,INE572A01028,541.0,549.9,526.9,538.7,540.0,556.8,90956,48859791.05,7355,LEGACY
2020-02-28,LAURUSLABS,Laurus Labs,EQ,INE947Q01010,410.0,417.0,401.0,413.55,410.0,414.5,129373,52972152.3,2813,LEGACY
2020-02-28,LUPIN,Lupin,EQ,INE326A01037,656.15,659.4,635.2,640.0,640.45,662.8,2408425,1553850201.35,56518,LEGACY
2020-02-28,NATCOPHARM,Natco Pharma,EQ,INE987B01026,595.0,606.0,586.45,601.65,605.0,605.55,177956,106477749.85,11371,LEGACY
2020-02-28,PEL,Piramal Enterprises,EQ,INE140A01024,1351.0,1373.45,1278.65,1306.55,1315.0,1396.0,2551410,3358928944.9,68042,LEGACY
2020-02-28,PFIZER,Pfizer,EQ,INE182A01018,4110.0,4244.75,4055.8,4194.1,4225.0,4160.6,33331,138082505.55,6643,LEGACY
2020-02-28,SANOFI,Sanofi India,EQ,INE058A01010,7280.0,7350.0,7149.0,7293.15,7260.0,7314.5,54965,400621972.2,14569,LEGACY
2020-02-28,STAR,Strides Pharma Science,EQ,INE939A01011,483.1,488.8,463.25,470.15,468.55,495.75,289520,138798167.75,7777,LEGACY
2020-02-28,SUNPHARMA,Sun Pharmaceutical Industries,EQ,INE044A01036,379.65,385.6,371.1,372.9,373.2,388.5,8439591,3206318902.6,86209,LEGACY
2020-02-28,TORNTPHARM,Torrent Pharmaceuticals,EQ,INE685A01028,2163.0,2218.4,2123.2,2150.3,2136.0,2168.95,580440,1259088605.55,37354,LEGACY
2020-02-28,WOCKPHARMA,Wockhardt,EQ,INE049B01025,321.8,328.9,300.0,307.35,302.9,332.45,924171,293350465.7,18565,LEGACY
2020-03-02,ABBOTINDIA,Abbott India,EQ,INE358A01014,15875.0,16099.9,15210.0,15393.6,15400.0,15718.95,15393,240980627.0,4211,LEGACY
2020-03-02,AJANTPHARM,Ajanta Pharma,EQ,INE031B01049,1393.0,1438.0,1348.0,1394.7,1395.25,1385.15,135654,189840977.6,11422,LEGACY
2020-03-02,ALKEM,Alkem Laboratories,EQ,INE540L01014,2645.0,2664.45,2562.75,2600.2,2629.0,2625.5,131561,343686833.2,18039,LEGACY
2020-03-02,APLLTD,Alembic Pharmaceuticals,EQ,INE901L01018,631.0,668.6,631.0,656.25,666.0,629.95,157216,102999238.4,10399,LEGACY
2020-03-02,AUROPHARMA,Aurobindo Pharma,EQ,INE406A01037,512.5,519.45,490.0,494.65,494.6,505.5,2594821,1324717111.65,46123,LEGACY
2020-03-02,BIOCON,Biocon,EQ,INE376G01013,290.1,296.0,278.15,282.65,285.2,286.9,4391067,1272422675.0,37873,LEGACY
2020-03-02,CADILAHC,Cadila Healthcare,EQ,INE010B01027,260.05,263.55,247.3,250.15,250.2,260.05,2160496,552324206.15,31029,LEGACY
2020-03-02,CIPLA,Cipla,EQ,INE059A01026,407.0,411.25,394.65,401.95,405.0,402.1,3460583,1406523363.75,82668,LEGACY
2020-03-02,DIVISLAB,Divi's Laboratories,EQ,INE361B01024,2130.0,2164.9,2086.0,2109.25,2120.0,2106.95,557614,1188782624.8,31517,LEGACY
2020-03-02,DRREDDY,Dr. Reddy's Laboratories,EQ,INE089A01023,2961.0,2997.25,2876.0,2905.55,2894.5,2927.1,888866,2621669757.75,53996,LEGACY
2020-03-02,GLAXO,GlaxoSmithKline Pharmaceuticals,EQ,INE159A01016,1310.0,1337.65,1300.0,1303.25,1300.0,1306.0,27735,36377686.75,3240,LEGACY
2020-03-02,GLENMARK,Glenmark Pharmaceuticals,EQ,INE935A01035,279.5,287.5,271.9,273.8,274.45,277.55,1503003,420313134.15,25728,LEGACY
2020-03-02,GRANULES,Granules India,EQ,INE101D01020,161.0,167.5,155.15,161.65,160.25,157.3,2027223,331524886.15,27501,LEGACY
2020-03-02,IPCALAB,IPCA Laboratories,EQ,INE571A01020,1366.0,1471.1,1366.0,1434.15,1435.0,1361.35,423077,604315209.3,28852,LEGACY
2020-03-02,JBCHEPHARM,JB Chemicals & Pharmaceuticals,EQ,INE572A01028,569.0,569.0,529.0,532.2,538.0,538.7,108686,58568137.8,4450,LEGACY
2020-03-02,LAURUSLABS,Laurus Labs,EQ,INE947Q01010,416.15,425.45,411.0,416.2,417.55,413.55,90639,37990114.45,3922,LEGACY
2020-03-02,LUPIN,Lupin,EQ,INE326A01037,645.0,652.3,620.5,629.8,628.25,640.0,2408228,1553032878.1,36379,LEGACY
2020-03-02,NATCOPHARM,Natco Pharma,EQ,INE987B01026,596.1,610.75,595.25,602.85,608.75,601.65,117367,70702429.5,6481,LEGACY
2020-03-02,PEL,Piramal Enterprises,EQ,INE140A01024,1349.0,1439.95,1337.0,1356.8,1361.2,1306.55,4010799,5618781580.3,108526,LEGACY
2020-03-02,PFIZER,Pfizer,EQ,INE182A01018,4195.0,4290.0,4180.25,4247.1,4230.0,4194.1,26784,113545533.05,6122,LEGACY
2020-03-02,SANOFI,Sanofi India,EQ,INE058A01010,7349.0,7401.0,7215.0,7318.15,7317.0,7293.15,53484,392237496.15,12002,LEGACY
2020-03-02,STAR,Strides Pharma Science,EQ,INE939A01011,478.0,484.0,429.0,438.0,430.9,470.15,220989,102043583.4,8025,LEGACY
2020-03-02,SUNPHARMA,Sun Pharmaceutical Industries,EQ,INE044A01036,378.0,383.65,363.35,369.5,372.05,372.9,6915567,2606303340.8,72067,LEGACY
2020-03-02,TORNTPHARM,Torrent Pharmaceuticals,EQ,INE685A01028,2162.0,2183.2,2110.25,2127.25,2116.9,2150.3,284021,612296162.8,22340,LEGACY
2020-03-02,WOCKPHARMA,Wockhardt,EQ,INE049B01025,314.9,322.8,302.0,306.75,309.4,307.35,830560,261273404.35,18016,LEGACY
2020-03-03,ABBOTINDIA,Abbott India,EQ,INE358A01014,15407.0,15780.0,15301.0,15427.65,15440.0,15393.6,18862,292401477.45,4187,LEGACY
2020-03-03,AJANTPHARM,Ajanta Pharma,EQ,INE031B01049,1420.0,1531.0,1395.3,1477.5,1500.0,1394.7,189534,273306983.75,15788,LEGACY
2020-03-03,ALKEM,Alkem Laboratories,EQ,INE540L01014,2629.0,2670.0,2610.0,2642.35,2650.0,2600.2,55170,145610097.0,9860,LEGACY
2020-03-03,APLLTD,Alembic Pharmaceuticals,EQ,INE901L01018,656.1,676.9,640.0,661.2,669.9,656.25,191933,126507863.65,19892,LEGACY
2020-03-03,AUROPHARMA,Aurobindo Pharma,EQ,INE406A01037,498.65,515.4,498.25,511.3,512.0,494.65,3012316,1525835177.4,48668,LEGACY
2020-03-03,BIOCON,Biocon,EQ,INE376G01013,286.0,307.0,285.3,304.0,304.3,282.65,5949680,1775570308.85,50116,LEGACY
2020-03-03,CADILAHC,Cadila Healthcare,EQ,INE010B01027,249.3,263.45,240.5,260.35,260.4,250.15,2447513,611439547.7,36596,LEGACY
2020-03-03,CIPLA,Cipla,EQ,INE059A01026,402.0,429.2,402.0,425.3,424.5,401.95,5476676,2300514977.0,93117,LEGACY
2020-03-03,DIVISLAB,Divi's Laboratories,EQ,INE361B01024,2124.9,2210.0,2063.55,2183.1,2189.0,2109.25,1399046,3009760488.7,63619,LEGACY
2020-03-03,DRREDDY,Dr. Reddy's Laboratories,EQ,INE089A01023,2940.0,3078.0,2931.25,3043.7,3065.0,2905.55,1056080,3177409055.65,69684,LEGACY
2020-03-03,GLAXO,GlaxoSmithKline Pharmaceuticals,EQ,INE159A01016,1305.1,1332.7,1290.0,1312.75,1306.5,1303.25,39855,52322603.2,4159,LEGACY
2020-03-03,GLENMARK,Glenmark Pharmaceuticals,EQ,INE935A01035,275.05,286.6,273.45,282.3,285.9,273.8,1757918,488758709.4,27217,LEGACY
2020-03-03,GRANULES,Granules India,EQ,INE101D01020,164.9,167.9,153.55,165.4,166.5,161.65,3100598,494093354.8,34962,LEGACY
2020-03-03,IPCALAB,IPCA Laboratories,EQ,INE571A01020,1454.0,1529.0,1424.95,1506.1,1498.0,1434.15,532439,794715422.15,38526,LEGACY
2020-03-03,JBCHEPHARM,JB Chemicals & Pharmaceuticals,EQ,INE572A01028,540.0,562.0,535.4,557.85,553.45,532.2,82109,45029475.45,4605,LEGACY
2020-03-03,LAURUSLABS,Laurus Labs,EQ,INE947Q01010,425.9,429.2,412.0,417.8,416.95,416.2,87589,36846860.95,6506,LEGACY
2020-03-03,LUPIN,Lupin,EQ,INE326A01037,637.0,660.55,635.3,649.6,650.0,629.8,2135990,1386054713.45,41813,LEGACY
2020-03-03,NATCOPHARM,Natco Pharma,EQ,INE987B01026,609.9,625.0,598.05,618.5,624.0,602.85,110403,67232659.6,4659,LEGACY
2020-03-03,PEL,Piramal Enterprises,EQ,INE140A01024,1380.0,1462.0,1380.0,1447.0,1455.0,1356.8,3496272,4962132332.95,86581,LEGACY
2020-03-03,PFIZER,Pfizer,EQ,INE182A01018,4247.1,4925.0,4247.1,4422.85,4437.1,4247.1,599746,2763023119.35,78038,LEGACY
2020-03-03,SANOFI,Sanofi India,EQ,INE058A01010,7429.0,7548.0,7265.0,7390.55,7385.0,7318.15,57742,428123210.15,10491,LEGACY
2020-03-03,STAR,Strides Pharma Science,EQ,INE939A01011,444.0,474.0,441.05,465.85,470.0,438.0,539768,247356960.95,18063,LEGACY
2020-03-03,SUNPHARMA,Sun Pharmaceutical Industries,EQ,INE044A01036,374.0,396.4,373.25,393.55,396.0,369.5,14474553,5599644850.65,167409,LEGACY
2020-03-03,TORNTPHARM,Torrent Pharmaceuticals,EQ,INE685A01028,2127.25,2156.85,2090.5,2145.75,2141.6,2127.25,394502,840503945.7,27498,LEGACY
2020-03-03,WOCKPHARMA,Wockhardt,EQ,INE049B01025,311.9,319.3,303.1,315.3,318.55,306.75,954112,297057590.85,18031,LEGACY
2020-03-04,ABBOTINDIA,Abbott India,EQ,INE358A01014,15562.0,15562.0,14500.0,14992.3,15010.0,15427.65,15287,229281431.1,5831,LEGACY
2020-03-04,AJANTPHARM,Ajanta Pharma,EQ,INE031B01049,1477.5,1525.0,1450.0,1508.4,1507.0,1477.5,351965,525349113.05,25054,LEGACY
2020-03-04,ALKEM,Alkem Laboratories,EQ,INE540L01014,2655.0,2668.0,2545.85,2549.75,2550.0,2642.35,92578,241011155.8,9790,LEGACY
2020-03-04,APLLTD,Alembic Pharmaceuticals,EQ,INE901L01018,669.9,670.0,635.0,648.8,643.6,661.2,298227,193132176.2,21921,LEGACY
2020-03-04,AUROPHARMA,Aurobindo Pharma,EQ,INE406A01037,515.9,529.2,506.4,520.9,521.95,511.3,5585674,2896441976.7,75585,LEGACY
2020-03-04,BIOCON,Biocon,EQ,INE376G01013,305.85,307.0,297.4,303.9,303.8,304.0,4471521,1355213080.25,43865,LEGACY
2020-03-04,CADILAHC,Cadila Healthcare,EQ,INE010B01027,262.0,263.4,252.1,255.8,255.85,260.35,2007343,516989572.9,22106,LEGACY
2020-03-04,CIPLA,Cipla,EQ,INE059A01026,425.6,449.8,420.0,447.65,445.85,425.3,9297945,4086987028.8,123174,LEGACY
2020-03-04,DIVISLAB,Divi's Laboratories,EQ,INE361B01024,2183.0,2210.9,2157.75,2174.8,2174.25,2183.1,634747,1381898187.5,47408,LEGACY
2020-03-04,DRREDDY,Dr. Reddy's Laboratories,EQ,INE089A01023,3065.0,3186.75,3036.0,3171.35,3169.75,3043.7,1832722,5732771377.85,92804,LEGACY
2020-03-04,GLAXO,GlaxoSmithKline Pharmaceuticals,EQ,INE159A01016,1307.0,1325.0,1285.3,1308.55,1307.0,1312.75,48286,63323638.6,3346,LEGACY
2020-03-04,GLENMARK,Glenmark Pharmaceuticals,EQ,INE935A01035,284.8,292.2,280.65,289.25,288.25,282.3,2796184,801461923.15,33057,LEGACY
2020-03-04,GRANULES,Granules India,EQ,INE101D01020,166.5,175.7,159.25,172.0,172.05,165.4,2376865,395800507.55,27384,LEGACY
2020-03-04,IPCALAB,IPCA Laboratories,EQ,INE571A01020,1530.0,1540.0,1390.05,1429.35,1424.4,1506.1,551106,802419440.25,41618,LEGACY
2020-03-04,JBCHEPHARM,JB Chemicals & Pharmaceuticals,EQ,INE572A01028,560.0,583.0,543.85,574.95,575.0,557.85,283840,162185802.2,9159,LEGACY
2020-03-04,LAURUSLABS,Laurus Labs,EQ,INE947Q01010,426.9,428.9,411.2,419.3,422.6,417.8,124497,51901504.8,4120,LEGACY
2020-03-04,LUPIN,Lupin,EQ,INE326A01037,653.2,667.25,643.3,664.4,663.6,649.6,2723269,1799180434.0,64696,LEGACY
2020-03-04,NATCOPHARM,Natco Pharma,EQ,INE987B01026,608.05,633.15,605.2,616.45,617.5,618.5,145278,90064596.0,12741,LEGACY
2020-03-04,PEL,Piramal Enterprises,EQ,INE140A01024,1457.0,1475.0,1372.25,1424.35,1423.5,1447.0,2244366,3180247797.55,71888,LEGACY
2020-03-04,PFIZER,Pfizer,EQ,INE182A01018,4500.0,4580.0,4343.0,4401.8,4386.0,4422.85,149977,663365254.25,20871,LEGACY
2020-03-04,SANOFI,Sanofi India,EQ,INE058A01010,7410.0,7490.0,7350.0,7437.9,7455.0,7390.55,31461,233448267.65,6798,LEGACY
2020-03-04,STAR,Strides Pharma Science,EQ,INE939A01011,470.0,484.9,458.0,464.1,462.45,465.85,516082,243463145.25,15766,LEGACY
2020-03-04,SUNPHARMA,Sun Pharmaceutical Industries,EQ,INE044A01036,398.0,412.9,387.35,405.45,404.5,393.55,26369149,10640594992.05,271057,LEGACY
2020-03-04,TORNTPHARM,Torrent Pharmaceuticals,EQ,INE685A01028,2155.75,2204.4,2135.75,2183.15,2169.0,2145.75,639835,1393852615.2,43214,LEGACY
2020-03-04,WOCKPHARMA,Wockhardt,EQ,INE049B01025,318.0,325.9,309.65,320.55,320.35,315.3,1408001,447880727.5,25386,LEGACY
2020-03-05,ABBOTINDIA,Abbott India,EQ,INE358A01014,15050.0,15293.95,14721.05,14853.55,14997.0,14992.3,14482,215543270.8,5180,LEGACY
2020-03-05,AJANTPHARM,Ajanta Pharma,EQ,INE031B01049,1512.0,1545.0,1454.4,1478.5,1480.0,1508.4,537796,808777612.6,30171,LEGACY
2020-03-05,ALKEM,Alkem Laboratories,EQ,INE540L01014,2550.0,2650.0,2549.85,2611.1,2645.5,2549.75,54742,142525247.7,9547,LEGACY
2020-03-05,APLLTD,Alembic Pharmaceuticals,EQ,INE901L01018,656.0,656.0,627.1,633.7,630.0,648.8,212163,136260558.9,11593,LEGACY
2020-03-05,AUROPHARMA,Aurobindo Pharma,EQ,INE406A01037,526.8,534.3,521.35,526.9,529.0,520.9,2952730,1556838011.15,39899,LEGACY
2020-03-05,BIOCON,Biocon,EQ,INE376G01013,304.0,314.0,304.0,312.95,312.05,303.9,4949625,1537026509.8,47422,LEGACY
2020-03-05,CADILAHC,Cadila Healthcare,EQ,INE010B01027,256.8,272.75,256.8,264.05,265.5,255.8,5574983,1480414972.95,63100,LEGACY
2020-03-05,CIPLA,Cipla,EQ,INE059A01026,447.85,472.0,437.45,440.6,440.0,447.65,9637431,4328415093.5,111026,LEGACY
2020-03-05,DIVISLAB,Divi's Laboratories,EQ,INE361B01024,2175.0,2239.0,2175.0,2223.75,2222.0,2174.8,1094422,2430907799.9,46020,LEGACY
2020-03-05,DRREDDY,Dr. Reddy's Laboratories,EQ,INE089A01023,3171.0,3231.95,3166.2,3184.45,3172.9,3171.35,1045742,3350069487.0,61143,LEGACY
2020-03-05,GLAXO,GlaxoSmithKline Pharmaceuticals,EQ,INE159A01016,1324.0,1329.0,1306.5,1314.25,1317.65,1308.55,21513,28344235.2,1648,LEGACY
2020-03-05,GLENMARK,Glenmark Pharmaceuticals,EQ,INE935A01035,291.4,294.9,286.85,290.6,289.3,289.25,1745178,507495994.3,27821,LEGACY
2020-03-05,GRANULES,Granules India,EQ,INE101D01020,174.0,179.8,174.0,178.5,177.8,172.0,3459987,614448268.45,35179,LEGACY
2020-03-05,IPCALAB,IPCA Laboratories,EQ,INE571A01020,1430.0,1464.0,1373.25,1446.4,1435.5,1429.35,341487,486775469.9,42726,LEGACY
2020-03-05,JBCHEPHARM,JB Chemicals & Pharmaceuticals,EQ,INE572A01028,581.45,595.95,568.0,573.75,571.2,574.95,206525,120223576.15,16245,LEGACY
2020-03-05,LAURUSLABS,Laurus Labs,EQ,INE947Q01010,427.0,437.8,418.0,421.8,425.0,419.3,162204,69086332.1,5195,LEGACY
2020-03-05,LUPIN,Lupin,EQ,INE326A01037,668.0,686.65,666.0,676.55,677.95,664.4,2089837,1416007789.8,33433,LEGACY
2020-03-05,NATCOPHARM,Natco Pharma,EQ,INE987B01026,612.1,624.0,606.15,609.3,610.0,616.45,79253,48764492.1,5707,LEGACY
2020-03-05,PEL,Piramal Enterprises,EQ,INE140A01024,1440.0,1454.95,1400.15,1428.25,1421.55,1424.35,1853146,2645177711.6,49019,LEGACY
2020-03-05,PFIZER,Pfizer,EQ,INE182A01018,4453.4,4481.95,4370.0,4411.45,4392.0,4401.8,41683,183927413.75,7027,LEGACY
2020-03-05,SANOFI,Sanofi India,EQ,INE058A01010,7465.0,7610.0,7465.0,7584.9,7590.0,7437.9,31272,236067906.7,6323,LEGACY
2020-03-05,STAR,Strides Pharma Science,EQ,INE939A01011,468.5,475.0,456.3,460.3,458.0,464.1,268662,126055749.45,8741,LEGACY
2020-03-05,SUNPHARMA,Sun Pharmaceutical Industries,EQ,INE044A01036,409.95,414.8,401.75,404.9,404.5,405.45,9874059,4031203675.5,106590,LEGACY
2020-03-05,TORNTPHARM,Torrent Pharmaceuticals,EQ,INE685A01028,2173.15,2245.0,2168.0,2213.95,2209.0,2183.15,601063,1334527147.35,41986,LEGACY
2020-03-05,WOCKPHARMA,Wockhardt,EQ,INE049B01025,323.0,329.3,316.5,320.9,320.55,320.55,770218,249281976.05,15619,LEGACY
2020-03-06,ABBOTINDIA,Abbott India,EQ,INE358A01014,14400.0,15725.0,14301.0,15589.15,15725.0,14853.55,16165,244050636.25,5256,LEGACY
2020-03-06,AJANTPHARM,Ajanta Pharma,EQ,INE031B01049,1450.0,1520.0,1399.95,1453.45,1433.1,1478.5,378114,558327172.65,25528,LEGACY
2020-03-06,ALKEM,Alkem Laboratories,EQ,INE540L01014,2551.0,2650.0,2551.0,2614.0,2647.5,2611.1,46133,119961377.4,8096,LEGACY
2020-03-06,APLLTD,Alembic Pharmaceuticals,EQ,INE901L01018,624.0,630.55,595.05,625.9,621.05,633.7,116876,72669419.9,6678,LEGACY
2020-03-06,AUROPHARMA,Aurobindo Pharma,EQ,INE406A01037,502.0,518.5,502.0,510.3,509.2,526.9,2163964,1110907435.4,34806,LEGACY
2020-03-06,BIOCON,Biocon,EQ,INE376G01013,305.5,312.4,302.6,310.05,308.05,312.95,3440903,1063942146.15,44427,LEGACY
2020-03-06,CADILAHC,Cadila Healthcare,EQ,INE010B01027,259.95,268.65,254.6,266.1,265.0,264.05,2571888,682411918.85,26489,LEGACY
2020-03-06,CIPLA,Cipla,EQ,INE059A01026,425.0,438.15,423.05,434.4,431.2,440.6,2916146,1261268570.95,50806,LEGACY
2020-03-06,DIVISLAB,Divi's Laboratories,EQ,INE361B01024,2180.0,2249.0,2171.45,2240.05,2239.65,2223.75,968953,2152490498.0,50936,LEGACY
2020-03-06,DRREDDY,Dr. Reddy's Laboratories,EQ,INE089A01023,3085.2,3206.45,3085.2,3170.95,3157.0,3184.45,1125892,3565122208.4,81919,LEGACY
2020-03-06,GLAXO,GlaxoSmithKline Pharmaceuticals,EQ,INE159A01016,1310.2,1340.0,1293.3,1330.95,1325.25,1314.25,34384,45393425.15,2832,LEGACY
2020-03-06,GLENMARK,Glenmark Pharmaceuticals,EQ,INE935A01035,278.0,281.95,274.7,279.3,279.15,290.6,1441326,401324798.25,34032,LEGACY
2020-03-06,GRANULES,Granules India,EQ,INE101D01020,167.0,176.9,165.05,171.45,171.1,178.5,2386958,414009387.8,21319,LEGACY
2020-03-06,IPCALAB,IPCA Laboratories,EQ,INE571A01020,1380.0,1490.0,1375.0,1444.1,1452.0,1446.4,234476,340495362.6,17523,LEGACY
2020-03-06,JBCHEPHARM,JB Chemicals & Pharmaceuticals,EQ,INE572A01028,568.0,596.9,531.35,584.9,585.75,573.75,168129,97493324.2,11725,LEGACY
2020-03-06,LAURUSLABS,Laurus Labs,EQ,INE947Q01010,410.0,420.0,402.65,418.9,418.5,421.8,54263,22438766.15,1904,LEGACY
2020-03-06,LUPIN,Lupin,EQ,INE326A01037,665.0,673.8,657.2,663.5,663.3,676.55,3466958,2310745969.3,25272,LEGACY
2020-03-06,NATCOPHARM,Natco Pharma,EQ,INE987B01026,598.0,605.0,571.3,601.7,602.75,609.3,132382,78593259.05,13759,LEGACY
2020-03-06,PEL,Piramal Enterprises,EQ,INE140A01024,1311.0,1336.95,1261.0,1302.4,1300.0,1428.25,3220644,4165817717.2,91364,LEGACY
2020-03-06,PFIZER,Pfizer,EQ,INE182A01018,4380.0,4470.0,4211.0,4412.3,4450.0,4411.45,43421,189043259.65,9718,LEGACY
2020-03-06,SANOFI,Sanofi India,EQ,INE058A01010,7450.0,7649.95,7350.1,7539.5,7550.0,7584.9,33899,256157116.9,12192,LEGACY
2020-03-06,STAR,Strides Pharma Science,EQ,INE939A01011,457.0,470.0,436.95,462.85,467.75,460.3,461068,212520684.65,13886,LEGACY
2020-03-06,SUNPHARMA,Sun Pharmaceutical Industries,EQ,INE044A01036,390.05,403.2,390.05,400.9,400.1,404.9,6500912,2590277927.25,81949,LEGACY
2020-03-06,TORNTPHARM,Torrent Pharmaceuticals,EQ,INE685A01028,2195.0,2227.75,2160.05,2196.1,2187.95,2213.95,501486,1103183862.8,46777,LEGACY
2020-03-06,WOCKPHARMA,Wockhardt,EQ,INE049B01025,305.0,311.0,299.55,302.75,301.85,320.9,674825,206010861.55,12802,LEGACY
2020-03-09,ABBOTINDIA,Abbott India,EQ,INE358A01014,15698.95,15877.4,14680.1,14930.85,14805.05,15589.15,23285,351296229.1,6922,LEGACY
2020-03-09,AJANTPHARM,Ajanta Pharma,EQ,INE031B01049,1415.0,1452.5,1373.45,1400.5,1402.0,1453.45,147317,207158329.8,10823,LEGACY
2020-03-09,ALKEM,Alkem Laboratories,EQ,INE540L01014,2626.6,2626.6,2455.05,2566.9,2580.0,2614.0,55847,141800889.0,7925,LEGACY
2020-03-09,APLLTD,Alembic Pharmaceuticals,EQ,INE901L01018,609.95,630.3,599.85,624.95,622.0,625.9,173154,105954111.45,10830,LEGACY
2020-03-09,AUROPHARMA,Aurobindo Pharma,EQ,INE406A01037,503.0,506.0,465.6,471.3,470.1,510.3,3808723,1847088112.9,61823,LEGACY
2020-03-09,BIOCON,Biocon,EQ,INE376G01013,305.05,309.25,298.5,301.0,299.9,310.05,3585552,1085078927.4,54613,LEGACY
2020-03-09,CADILAHC,Cadila Healthcare,EQ,INE010B01027,264.9,267.25,248.8,256.2,256.05,266.1,2318161,597332118.65,30353,LEGACY
2020-03-09,CIPLA,Cipla,EQ,INE059A01026,425.0,432.65,423.5,426.15,425.0,434.4,2986596,1277406528.15,44117,LEGACY
2020-03-09,DIVISLAB,Divi's Laboratories,EQ,INE361B01024,2240.0,2258.95,2137.05,2181.75,2168.95,2240.05,879424,1920644625.4,47746,LEGACY
2020-03-09,DRREDDY,Dr. Reddy's Laboratories,EQ,INE089A01023,3158.75,3189.0,3026.05,3061.25,3063.0,3170.95,998533,3084418734.6,81225,LEGACY
2020-03-09,GLAXO,GlaxoSmithKline Pharmaceuticals,EQ,INE159A01016,1319.0,1319.0,1291.0,1311.0,1306.0,1330.95,41575,54183247.05,3098,LEGACY
2020-03-09,GLENMARK,Glenmark Pharmaceuticals,EQ,INE935A01035,270.15,274.5,263.55,265.95,265.45,279.3,1272942,340043431.35,17633,LEGACY
2020-03-09,GRANULES,Granules India,EQ,INE101D01020,165.4,169.25,160.1,161.8,160.25,171.45,2168527,353147192.15,20891,LEGACY
2020-03-09,IPCALAB,IPCA Laboratories,EQ,INE571A01020,1435.0,1477.0,1396.15,1463.45,1444.25,1444.1,237952,343020063.95,20655,LEGACY
2020-03-09,JBCHEPHARM,JB Chemicals & Pharmaceuticals,EQ,INE572A01028,584.9,588.0,541.0,550.7,552.0,584.9,137854,78144320.45,7655,LEGACY
2020-03-09,LAURUSLABS,Laurus Labs,EQ,INE947Q01010,418.9,419.95,391.0,401.5,401.0,418.9,141534,57062744.0,3825,LEGACY
2020-03-09,LUPIN,Lupin,EQ,INE326A01037,645.0,664.55,643.5,651.15,651.0,663.5,1461377,953824714.05,35434,LEGACY
2020-03-09,NATCOPHARM,Natco Pharma,EQ,INE987B01026,599.0,607.05,555.0,572.0,556.0,601.7,225042,132222261.7,13450,LEGACY
2020-03-09,PEL,Piramal Enterprises,EQ,INE140A01024,1280.0,1318.0,1192.1,1212.7,1198.95,1302.4,2995768,3793013959.2,82875,LEGACY
2020-03-09,PFIZER,Pfizer,EQ,INE182A01018,4401.0,4439.85,4232.25,4307.05,4300.0,4412.3,55796,240684784.85,11435,LEGACY
2020-03-09,SANOFI,Sanofi India,EQ,INE058A01010,7542.0,7598.45,7201.1,7305.35,7288.0,7539.5,29193,214495346.95,8463,LEGACY
2020-03-09,STAR,Strides Pharma Science,EQ,INE939A01011,446.0,465.45,439.0,444.55,443.0,462.85,308774,139622149.35,9717,LEGACY
2020-03-09,SUNPHARMA,Sun Pharmaceutical Industries,EQ,INE044A01036,396.05,403.9,385.55,393.35,393.0,400.9,13152861,5191013676.8,101814,LEGACY
2020-03-09,TORNTPHARM,Torrent Pharmaceuticals,EQ,INE685A01028,2196.1,2197.5,2020.1,2099.65,2105.2,2196.1,461888,969390111.75,62800,LEGACY
2020-03-09,WOCKPHARMA,Wockhardt,EQ,INE049B01025,297.0,297.0,261.25,272.4,264.0,302.75,735215,206777570.2,14321,LEGACY
2020-03-11,ABBOTINDIA,Abbott India,EQ,INE358A01014,14870.0,15298.8,14620.25,14662.25,14621.0,14930.85,18053,266349875.45,4205,LEGACY
2020-03-11,AJANTPHARM,Ajanta Pharma,EQ,INE031B01049,1400.55,1445.0,1356.35,1396.0,1399.0,1400.5,147482,206661972.3,13015,LEGACY
2020-03-11,ALKEM,Alkem Laboratories,EQ,INE540L01014,2580.0,2635.0,2550.0,2590.95,2575.1,2566.9,133143,344658110.0,23180,LEGACY
2020-03-11,APLLTD,Alembic Pharmaceuticals,EQ,INE901L01018,625.0,640.0,597.95,623.0,621.0,624.95,294958,182670398.15,23689,LEGACY
2020-03-11,AUROPHARMA,Aurobindo Pharma,EQ,INE406A01037,459.5,475.0,444.25,450.15,446.0,471.3,5215927,2374219998.5,92796,LEGACY
2020-03-11,BIOCON,Biocon,EQ,INE376G01013,303.0,312.5,293.0,296.7,296.0,301.0,6484434,1949783977.1,94086,LEGACY
2020-03-11,CADILAHC,Cadila Healthcare,EQ,INE010B01027,258.55,264.3,254.2,258.1,258.15,256.2,2942068,763184864.85,24499,LEGACY
2020-03-11,CIPLA,Cipla,EQ,INE059A01026,425.0,426.15,410.2,417.1,418.1,426.15,5314548,2213276171.6,126683,LEGACY
2020-03-11,DIVISLAB,Divi's Laboratories,EQ,INE361B01024,2180.8,2194.75,2125.05,2149.2,2155.6,2181.75,573239,1235204314.4,45300,LEGACY
2020-03-11,DRREDDY,Dr. Reddy's Laboratories,EQ,INE089A01023,3070.0,3083.9,2983.0,3000.6,3005.9,3061.25,1169141,3542652807.9,69892,LEGACY
2020-03-11,GLAXO,GlaxoSmithKline Pharmaceuticals,EQ,INE159A01016,1317.95,1327.65,1292.05,1297.25,1300.0,1311.0,26647,34644325.7,2762,LEGACY
2020-03-11,GLENMARK,Glenmark Pharmaceuticals,EQ,INE935A01035,266.0,274.0,256.5,258.9,259.3,265.95,1327168,346617887.9,22480,LEGACY
2020-03-11,GRANULES,Granules India,EQ,INE101D01020,162.8,173.9,162.8,171.9,171.0,161.8,2404154,408385952.35,37154,LEGACY
2020-03-11,IPCALAB,IPCA Laboratories,EQ,INE571A01020,1455.5,1519.9,1402.85,1412.7,1409.0,1463.45,422605,622902033.95,22986,LEGACY
2020-03-11,JBCHEPHARM,JB Chemicals & Pharmaceuticals,EQ,INE572A01028,550.6,582.75,544.45,550.2,551.95,550.7,161508,91020459.25,10043,LEGACY
2020-03-11,LAURUSLABS,Laurus Labs,EQ,INE947Q01010,400.0,416.5,398.0,412.9,413.4,401.5,59862,24503639.65,5770,LEGACY
2020-03-11,LUPIN,Lupin,EQ,INE326A01037,652.1,659.6,635.45,638.8,640.2,651.15,1987343,1290281066.8,42979,LEGACY
2020-03-11,NATCOPHARM,Natco Pharma,EQ,INE987B01026,568.7,595.0,560.9,588.2,590.0,572.0,193977,112264468.65,7402,LEGACY
2020-03-11,PEL,Piramal Enterprises,EQ,INE140A01024,1210.0,1246.9,1180.35,1227.05,1225.55,1212.7,2361102,2892874186.5,75013,LEGACY
2020-03-11,PFIZER,Pfizer,EQ,INE182A01018,4333.9,4370.0,4230.05,4277.1,4269.0,4307.05,36516,156515078.6,8034,LEGACY
2020-03-11,SANOFI,Sanofi India,EQ,INE058A01010,7344.0,7409.0,7260.0,7331.6,7349.95,7305.35,33007,242708061.0,9259,LEGACY
2020-03-11,STAR,Strides Pharma Science,EQ,INE939A01011,443.9,469.0,443.65,461.05,463.65,444.55,408997,185991754.05,11290,LEGACY
2020-03-11,SUNPHARMA,Sun Pharmaceutical Industries,EQ,INE044A01036,394.4,395.25,380.05,385.95,386.85,393.35,9127364,3532178058.15,107037,LEGACY
2020-03-11,TORNTPHARM,Torrent Pharmaceuticals,EQ,INE685A01028,2099.65,2161.35,2051.0,2138.9,2142.0,2099.65,432383,916520390.15,40048,LEGACY
2020-03-11,WOCKPHARMA,Wockhardt,EQ,INE049B01025,265.0,274.5,250.25,256.1,252.15,272.4,813905,214736789.4,15334,LEGACY
2020-03-12,ABBOTINDIA,Abbott India,EQ,INE358A01014,14031.0,14443.0,12711.05,13874.85,13920.0,14662.25,51579,704818883.15,14444,LEGACY
2020-03-12,AJANTPHARM,Ajanta Pharma,EQ,INE031B01049,1325.1,1367.9,1263.15,1283.4,1281.55,1396.0,189108,246068056.65,16095,LEGACY
2020-03-12,ALKEM,Alkem Laboratories,EQ,INE540L01014,2549.1,2549.1,2192.8,2386.5,2387.0,2590.95,246970,591100037.9,37687,LEGACY
2020-03-12,APLLTD,Alembic Pharmaceuticals,EQ,INE901L01018,600.25,603.9,567.25,578.2,577.0,623.0,283458,166675892.55,9512,LEGACY
2020-03-12,AUROPHARMA,Aurobindo Pharma,EQ,INE406A01037,439.8,439.8,371.0,374.5,375.0,450.15,6593813,2598659500.85,96113,LEGACY
2020-03-12,BIOCON,Biocon,EQ,INE376G01013,294.7,294.7,267.25,274.55,275.0,296.7,7953481,2202121278.35,94128,LEGACY
2020-03-12,CADILAHC,Cadila Healthcare,EQ,INE010B01027,250.8,252.6,234.5,236.9,238.0,258.1,2131508,512620557.35,22830,LEGACY
2020-03-12,CIPLA,Cipla,EQ,INE059A01026,412.5,412.5,390.75,394.75,395.25,417.1,5636464,2235998268.25,94842,LEGACY
2020-03-12,DIVISLAB,Divi's Laboratories,EQ,INE361B01024,2129.0,2129.0,1826.85,1912.85,1925.5,2149.2,1552640,3030662249.45,79441,LEGACY
2020-03-12,DRREDDY,Dr. Reddy's Laboratories,EQ,INE089A01023,2948.0,2982.5,2803.55,2850.4,2882.0,3000.6,778179,2246539307.7,59263,LEGACY
2020-03-12,GLAXO,GlaxoSmithKline Pharmaceuticals,EQ,INE159A01016,1281.0,1285.0,1160.0,1202.25,1202.0,1297.25,90470,110492120.1,7056,LEGACY
2020-03-12,GLENMARK,Glenmark Pharmaceuticals,EQ,INE935A01035,249.95,250.0,196.2,199.2,199.55,258.9,8286752,1743820232.65,84742,LEGACY
2020-03-12,GRANULES,Granules India,EQ,INE101D01020,165.0,165.75,141.1,155.25,156.0,171.9,3330292,506235967.45,39321,LEGACY
2020-03-12,IPCALAB,IPCA Laboratories,EQ,INE571A01020,1354.0,1380.0,1258.9,1308.8,1305.0,1412.7,447067,593082350.25,49215,LEGACY
2020-03-12,JBCHEPHARM,JB Chemicals & Pharmaceuticals,EQ,INE572A01028,527.0,544.75,467.45,508.95,501.9,550.2,272912,139117517.8,13329,LEGACY
2020-03-12,LAURUSLABS,Laurus Labs,EQ,INE947Q01010,409.0,409.0,361.85,365.55,370.4,412.9,121034,45880979.65,4657,LEGACY
2020-03-12,LUPIN,Lupin,EQ,INE326A01037,629.0,629.0,583.65,593.8,597.0,638.8,4991404,3039284171.3,65782,LEGACY
2020-03-12,NATCOPHARM,Natco Pharma,EQ,INE987B01026,555.0,576.7,538.0,547.9,545.0,588.2,453865,249924197.75,15707,LEGACY
2020-03-12,PEL,Piramal Enterprises,EQ,INE140A01024,1130.0,1147.5,1016.55,1037.55,1050.0,1227.05,2743083,2983050667.65,86475,LEGACY
2020-03-12,PFIZER,Pfizer,EQ,INE182A01018,4149.0,4191.5,3949.7,4160.6,4161.0,4277.1,80813,330940840.4,15651,LEGACY
2020-03-12,SANOFI,Sanofi India,EQ,INE058A01010,7225.0,7225.0,6900.0,6961.25,6911.0,7331.6,36558,255746252.7,9663,LEGACY
2020-03-12,STAR,Strides Pharma Science,EQ,INE939A01011,420.0,447.8,371.0,401.65,399.1,461.05,523492,215976030.4,17100,LEGACY
2020-03-12,SUNPHARMA,Sun Pharmaceutical Industries,EQ,INE044A01036,365.5,372.7,346.4,354.8,357.45,385.95,11663067,4171832530.2,126274,LEGACY
2020-03-12,TORNTPHARM,Torrent Pharmaceuticals,EQ,INE685A01028,2095.0,2120.0,1956.8,1987.9,1994.2,2138.9,333475,672459908.1,34507,LEGACY
2020-03-12,WOCKPHARMA,Wockhardt,EQ,INE049B01025,238.4,238.4,204.9,206.3,204.9,256.1,1154993,252835705.7,18162,LEGACY
2020-03-16,ABBOTINDIA,Abbott India,EQ,INE358A01014,14900.0,14900.0,14200.0,14421.55,14475.0,14973.95,17679,255371485.1,5932,LEGACY
2020-03-16,AJANTPHARM,Ajanta Pharma,EQ,INE031B01049,1229.6,1305.0,1200.0,1259.1,1258.4,1266.35,192599,242299132.0,19840,LEGACY
2020-03-16,ALKEM,Alkem Laboratories,EQ,INE540L01014,2428.9,2548.0,2359.4,2426.9,2420.0,2413.85,126622,312637657.95,33884,LEGACY
2020-03-16,APLLTD,Alembic Pharmaceuticals,EQ,INE901L01018,545.0,566.45,512.35,536.9,545.0,574.15,251393,134761197.05,12342,LEGACY
2020-03-16,AUROPHARMA,Aurobindo Pharma,EQ,INE406A01037,400.0,441.0,399.5,404.9,406.0,415.2,6253950,2620103199.1,94301,LEGACY
2020-03-16,BIOCON,Biocon,EQ,INE376G01013,270.0,287.65,266.35,268.2,268.0,288.0,4445377,1235698914.5,79976,LEGACY
2020-03-16,CADILAHC,Cadila Healthcare,EQ,INE010B01027,247.0,261.8,236.25,249.35,252.0,251.55,2973038,749216260.85,46086,LEGACY
2020-03-16,CIPLA,Cipla,EQ,INE059A01026,416.0,423.9,392.75,396.4,396.0,425.55,5394615,2198420979.7,89810,LEGACY
2020-03-16,DIVISLAB,Divi's Laboratories,EQ,INE361B01024,1950.0,1986.0,1871.55,1891.9,1888.5,1962.7,682666,1311784906.25,43712,LEGACY
2020-03-16,DRREDDY,Dr. Reddy's Laboratories,EQ,INE089A01023,2790.0,2980.95,2760.0,2826.95,2825.0,2885.1,943080,2705477392.55,69102,LEGACY
2020-03-16,GLAXO,GlaxoSmithKline Pharmaceuticals,EQ,INE159A01016,1255.0,1255.0,1203.0,1230.85,1237.25,1264.85,33319,40933730.35,4244,LEGACY
2020-03-16,GLENMARK,Glenmark Pharmaceuticals,EQ,INE935A01035,203.0,245.0,195.0,217.8,215.2,209.6,7255086,1642062971.2,115767,LEGACY
2020-03-16,GRANULES,Granules India,EQ,INE101D01020,154.0,158.1,146.65,152.1,151.0,156.75,1117086,171389893.35,17653,LEGACY
2020-03-16,IPCALAB,IPCA Laboratories,EQ,INE571A01020,1318.0,1320.0,1254.55,1302.7,1310.0,1321.95,313841,407065783.25,46583,LEGACY
2020-03-16,JBCHEPHARM,JB Chemicals & Pharmaceuticals,EQ,INE572A01028,568.0,570.0,515.65,535.5,536.25,568.2,110620,60746888.25,5671,LEGACY
2020-03-16,LAURUSLABS,Laurus Labs,EQ,INE947Q01010,368.0,394.65,353.85,377.95,376.0,373.45,81105,31007826.2,8490,LEGACY
2020-03-16,LUPIN,Lupin,EQ,INE326A01037,595.85,632.85,576.0,599.0,600.0,605.85,2477918,1509030166.55,56180,LEGACY
2020-03-16,NATCOPHARM,Natco Pharma,EQ,INE987B01026,559.9,570.8,531.05,560.8,567.0,562.0,224543,125894356.95,12830,LEGACY
2020-03-16,PEL,Piramal Enterprises,EQ,INE140A01024,985.0,985.0,870.0,879.75,872.0,1027.6,2343194,2161888948.25,77631,LEGACY
2020-03-16,PFIZER,Pfizer,EQ,INE182A01018,4280.0,4389.0,4160.0,4235.1,4170.0,4276.95,47705,205357323.6,9710,LEGACY
2020-03-16,SANOFI,Sanofi India,EQ,INE058A01010,7090.1,7099.95,6750.05,6899.3,6850.0,7173.6,17529,121704456.2,4903,LEGACY
2020-03-16,STAR,Strides Pharma Science,EQ,INE939A01011,373.0,400.45,334.5,338.35,338.0,400.55,523806,192608603.3,27064,LEGACY
2020-03-16,SUNPHARMA,Sun Pharmaceutical Industries,EQ,INE044A01036,376.0,396.4,362.8,368.55,370.0,384.2,14480706,5460138953.4,168078,LEGACY
2020-03-16,TORNTPHARM,Torrent Pharmaceuticals,EQ,INE685A01028,1949.7,2024.0,1868.35,1960.15,1966.25,1978.5,679253,1347971324.3,75726,LEGACY
2020-03-16,WOCKPHARMA,Wockhardt,EQ,INE049B01025,215.0,224.0,204.5,209.75,213.7,224.6,797360,170303139.1,17658,LEGACY
2020-03-18,ABBOTINDIA,Abbott India,EQ,INE358A01014,14954.95,15399.0,13850.0,14238.8,14200.0,14904.65,39061,560898037.3,8669,LEGACY
2020-03-18,AJANTPHARM,Ajanta Pharma,EQ,INE031B01049,1270.0,1320.0,1221.1,1230.2,1228.7,1262.35,296189,378531237.55,25047,LEGACY
2020-03-18,ALKEM,Alkem Laboratories,EQ,INE540L01014,2342.0,2426.0,2255.1,2294.2,2298.2,2326.05,71704,166576248.5,11719,LEGACY
2020-03-18,APLLTD,Alembic Pharmaceuticals,EQ,INE901L01018,537.1,543.9,465.5,486.2,486.0,536.0,293760,143879442.4,13487,LEGACY
2020-03-18,AUROPHARMA,Aurobindo Pharma,EQ,INE406A01037,425.0,435.0,351.25,363.65,356.0,413.2,9643401,3838881458.55,115259,LEGACY
2020-03-18,BIOCON,Biocon,EQ,INE376G01013,270.0,270.0,249.25,252.4,253.35,263.25,5294940,1368498167.35,67289,LEGACY
2020-03-18,CADILAHC,Cadila Healthcare,EQ,INE010B01027,265.0,267.65,251.05,258.1,257.0,262.7,2087472,540119714.85,25456,LEGACY
2020-03-18,CIPLA,Cipla,EQ,INE059A01026,411.8,411.8,381.7,386.0,390.35,401.75,4200582,1672726649.75,114086,LEGACY
2020-03-18,DIVISLAB,Divi's Laboratories,EQ,INE361B01024,1928.0,1933.95,1787.65,1805.25,1818.0,1895.3,1076630,1997519114.15,75507,LEGACY
2020-03-18,DRREDDY,Dr. Reddy's Laboratories,EQ,INE089A01023,2801.8,2801.8,2621.05,2668.45,2680.9,2781.2,873524,2346520267.4,75729,LEGACY
2020-03-18,GLAXO,GlaxoSmithKline Pharmaceuticals,EQ,INE159A01016,1258.7,1260.0,1207.9,1228.5,1238.0,1246.65,31577,38690184.35,4020,LEGACY
2020-03-18,GLENMARK,Glenmark Pharmaceuticals,EQ,INE935A01035,211.7,220.75,195.0,198.7,202.8,206.5,4452514,939768015.55,61789,LEGACY
2020-03-18,GRANULES,Granules India,EQ,INE101D01020,151.1,154.65,135.1,140.9,143.75,150.1,2308479,333893747.4,29482,LEGACY
2020-03-18,IPCALAB,IPCA Laboratories,EQ,INE571A01020,1353.0,1366.45,1260.4,1291.65,1290.0,1344.0,287557,375352047.75,18376,LEGACY
2020-03-18,JBCHEPHARM,JB Chemicals & Pharmaceuticals,EQ,INE572A01028,553.8,553.8,501.0,510.25,510.0,546.8,126546,65203750.25,5455,LEGACY
2020-03-18,LAURUSLABS,Laurus Labs,EQ,INE947Q01010,375.4,381.6,345.0,348.25,348.0,373.6,77406,27342864.1,3899,LEGACY
2020-03-18,LUPIN,Lupin,EQ,INE326A01037,626.0,637.35,605.7,612.9,622.0,616.1,2352298,1455969384.75,110574,LEGACY
2020-03-18,NATCOPHARM,Natco Pharma,EQ,INE987B01026,544.15,554.0,510.0,519.15,519.15,544.15,165925,87025924.05,11042,LEGACY
2020-03-18,PEL,Piramal Enterprises,EQ,INE140A01024,905.2,920.7,808.1,825.55,829.0,877.2,2620991,2281281772.95,82484,LEGACY
2020-03-18,PFIZER,Pfizer,EQ,INE182A01018,4250.0,4294.95,4000.0,4022.65,4009.05,4183.55,35072,144992563.45,7628,LEGACY
2020-03-18,SANOFI,Sanofi India,EQ,INE058A01010,6820.0,6890.0,6400.0,6486.7,6450.0,6791.65,26357,175558464.0,5637,LEGACY
2020-03-18,STAR,Strides Pharma Science,EQ,INE939A01011,330.0,336.75,300.65,303.45,301.0,322.3,327888,102633779.85,12135,LEGACY
2020-03-18,SUNPHARMA,Sun Pharmaceutical Industries,EQ,INE044A01036,383.4,386.4,355.1,362.75,366.75,370.15,12342705,4560217675.35,201026,LEGACY
2020-03-18,TORNTPHARM,Torrent Pharmaceuticals,EQ,INE685A01028,1979.0,1999.9,1803.05,1815.25,1806.65,1986.0,529872,985267096.9,59713,LEGACY
2020-03-18,WOCKPHARMA,Wockhardt,EQ,INE049B01025,209.4,212.8,188.6,196.6,198.0,205.35,806202,158436339.45,10975,LEGACY
2020-03-19,ABBOTINDIA,Abbott India,EQ,INE358A01014,13500.0,13820.0,12501.45,13249.3,13220.0,14238.8,33398,443617914.45,10277,LEGACY
2020-03-19,AJANTPHARM,Ajanta Pharma,EQ,INE031B01049,1200.0,1228.15,1152.65,1189.4,1198.0,1230.2,124709,147199853.75,19555,LEGACY
2020-03-19,ALKEM,Alkem Laboratories,EQ,INE540L01014,2250.0,2266.9,2102.6,2177.85,2195.0,2294.2,82486,183144863.2,9765,LEGACY
2020-03-19,APLLTD,Alembic Pharmaceuticals,EQ,INE901L01018,450.1,508.05,450.1,494.4,493.9,486.2,156354,76915638.8,8074,LEGACY
2020-03-19,AUROPHARMA,Aurobindo Pharma,EQ,INE406A01037,360.0,362.95,341.4,346.0,345.8,363.65,6339469,2244501166.6,85958,LEGACY
2020-03-19,BIOCON,Biocon,EQ,INE376G01013,240.3,264.95,235.55,252.9,252.45,252.4,5393068,1377539532.95,50773,LEGACY
2020-03-19,CADILAHC,Cadila Healthcare,EQ,INE010B01027,245.0,255.95,235.0,245.85,247.25,258.1,1521965,375233747.15,36794,LEGACY
2020-03-19,CIPLA,Cipla,EQ,INE059A01026,374.8,390.75,362.9,374.7,374.75,386.0,2926155,1102602163.5,85136,LEGACY
2020-03-19,DIVISLAB,Divi's Laboratories,EQ,INE361B01024,1720.0,1946.45,1631.05,1870.95,1850.0,1805.25,1743762,3188058937.8,110741,LEGACY
2020-03-19,DRREDDY,Dr. Reddy's Laboratories,EQ,INE089A01023,2608.0,2679.9,2495.05,2623.95,2619.75,2668.45,967602,2512960393.7,102422,LEGACY
2020-03-19,GLAXO,GlaxoSmithKline Pharmaceuticals,EQ,INE159A01016,1225.0,1225.0,1150.0,1191.5,1203.0,1228.5,57519,67575215.55,7844,LEGACY
2020-03-19,GLENMARK,Glenmark Pharmaceuticals,EQ,INE935A01035,196.1,211.0,185.35,204.95,208.35,198.7,2977906,598839028.05,36068,LEGACY
2020-03-19,GRANULES,Granules India,EQ,INE101D01020,128.0,143.25,126.05,132.15,129.5,140.9,1924617,261013773.85,29420,LEGACY
2020-03-19,IPCALAB,IPCA Laboratories,EQ,INE571A01020,1260.0,1310.0,1200.0,1268.15,1275.0,1291.65,364940,451106265.05,40160,LEGACY
2020-03-19,JBCHEPHARM,JB Chemicals & Pharmaceuticals,EQ,INE572A01028,464.0,548.95,464.0,514.35,514.5,510.25,172445,87363148.95,12247,LEGACY
2020-03-19,LAURUSLABS,Laurus Labs,EQ,INE947Q01010,347.75,363.55,316.85,352.4,350.2,348.25,95955,32127876.7,3473,LEGACY
2020-03-19,LUPIN,Lupin,EQ,INE326A01037,594.5,654.0,578.05,635.0,637.5,612.9,2680525,1656764529.15,85150,LEGACY
2020-03-19,NATCOPHARM,Natco Pharma,EQ,INE987B01026,480.0,514.9,465.0,505.45,505.0,519.15,188848,92086663.5,9318,LEGACY
2020-03-19,PEL,Piramal Enterprises,EQ,INE140A01024,789.0,852.95,745.0,777.2,761.6,825.55,2422115,1945156457.1,75854,LEGACY
2020-03-19,PFIZER,Pfizer,EQ,INE182A01018,3985.0,4095.0,3701.0,4010.25,4009.0,4022.65,68626,267866435.9,18898,LEGACY
2020-03-19,SANOFI,Sanofi India,EQ,INE058A01010,6300.0,6384.9,6084.25,6280.7,6300.25,6486.7,62283,390033188.75,10750,LEGACY
2020-03-19,STAR,Strides Pharma Science,EQ,INE939A01011,290.5,303.45,273.15,276.8,273.15,303.45,493293,142731032.5,15515,LEGACY
2020-03-19,SUNPHARMA,Sun Pharmaceutical Industries,EQ,INE044A01036,351.7,374.45,347.65,360.4,361.3,362.75,8728105,3161099064.3,168016,LEGACY
2020-03-19,TORNTPHARM,Torrent Pharmaceuticals,EQ,INE685A01028,1780.0,1832.4,1583.25,1772.1,1785.0,1815.25,383729,666547264.15,44256,LEGACY
2020-03-19,WOCKPHARMA,Wockhardt,EQ,INE049B01025,190.0,194.7,177.0,181.6,180.1,196.6,738760,135320459.7,12540,LEGACY
2020-03-20,ABBOTINDIA,Abbott India,EQ,INE358A01014,13300.15,15279.75,13300.0,14736.8,14748.6,13249.3,25981,371710559.15,8477,LEGACY
2020-03-20,AJANTPHARM,Ajanta Pharma,EQ,INE031B01049,1189.4,1254.95,1156.15,1204.3,1172.2,1189.4,299622,365556279.0,25494,LEGACY
2020-03-20,ALKEM,Alkem Laboratories,EQ,INE540L01014,2249.1,2359.15,2175.45,2348.6,2356.0,2177.85,122231,274895874.0,18535,LEGACY
2020-03-20,APLLTD,Alembic Pharmaceuticals,EQ,INE901L01018,501.95,554.0,496.1,543.5,536.0,494.4,133637,71573352.9,13752,LEGACY
2020-03-20,AUROPHARMA,Aurobindo Pharma,EQ,INE406A01037,364.0,372.2,341.0,346.7,350.1,346.0,8510015,3009456646.95,97669,LEGACY
2020-03-20,BIOCON,Biocon,EQ,INE376G01013,258.2,276.95,253.5,274.5,275.15,252.9,5172536,1374525029.15,78691,LEGACY
2020-03-20,CADILAHC,Cadila Healthcare,EQ,INE010B01027,252.0,290.0,252.0,285.8,285.2,245.85,7510948,2086483894.05,90649,LEGACY
2020-03-20,CIPLA,Cipla,EQ,INE059A01026,379.8,399.8,372.45,392.8,385.2,374.7,4718358,1846385923.0,138449,LEGACY
2020-03-20,DIVISLAB,Divi's Laboratories,EQ,INE361B01024,1875.55,2017.15,1864.4,1994.9,2000.05,1870.95,1881347,3678738068.45,94067,LEGACY
2020-03-20,DRREDDY,Dr. Reddy's Laboratories,EQ,INE089A01023,2641.0,2949.0,2641.0,2897.25,2879.8,2623.95,1554571,4394071901.85,117736,LEGACY
2020-03-20,GLAXO,GlaxoSmithKline Pharmaceuticals,EQ,INE159A01016,1202.0,1275.0,1176.05,1224.95,1270.0,1191.5,31931,38578894.6,4000,LEGACY
2020-03-20,GLENMARK,Glenmark Pharmaceuticals,EQ,INE935A01035,207.25,218.85,204.1,211.7,210.0,204.95,4262062,899058852.65,56097,LEGACY
2020-03-20,GRANULES,Granules India,EQ,INE101D01020,132.5,144.0,131.0,138.6,138.55,132.15,2175433,302395480.95,23142,LEGACY
2020-03-20,IPCALAB,IPCA Laboratories,EQ,INE571A01020,1332.0,1510.0,1319.35,1375.3,1365.0,1268.15,1359200,1898055567.7,176941,LEGACY
2020-03-20,JBCHEPHARM,JB Chemicals & Pharmaceuticals,EQ,INE572A01028,514.8,542.0,502.05,506.0,510.0,514.35,72281,37512323.5,5441,LEGACY
2020-03-20,LAURUSLABS,Laurus Labs,EQ,INE947Q01010,355.0,382.0,354.65,363.05,364.5,352.4,83278,30671524.25,4960,LEGACY
2020-03-20,LUPIN,Lupin,EQ,INE326A01037,640.7,665.1,631.25,641.95,644.7,635.0,2708797,1755614348.35,79341,LEGACY
2020-03-20,NATCOPHARM,Natco Pharma,EQ,INE987B01026,510.1,554.3,510.1,534.0,530.3,505.45,206904,111471247.25,10080,LEGACY
2020-03-20,PEL,Piramal Enterprises,EQ,INE140A01024,779.9,819.25,665.0,684.8,682.95,777.2,3147624,2356558726.55,107885,LEGACY
2020-03-20,PFIZER,Pfizer,EQ,INE182A01018,4035.3,4147.75,3965.1,4016.35,4010.0,4010.25,35185,142354712.7,10223,LEGACY
2020-03-20,SANOFI,Sanofi India,EQ,INE058A01010,6302.25,6568.7,6210.0,6366.45,6380.0,6280.7,34091,218672636.0,8443,LEGACY
2020-03-20,STAR,Strides Pharma Science,EQ,INE939A01011,269.5,304.45,268.0,304.45,304.45,276.8,622726,183920901.5,26230,LEGACY
2020-03-20,SUNPHARMA,Sun Pharmaceutical Industries,EQ,INE044A01036,365.2,379.5,362.2,365.25,363.05,360.4,10631944,3939883268.3,159028,LEGACY
2020-03-20,TORNTPHARM,Torrent Pharmaceuticals,EQ,INE685A01028,1815.0,1936.45,1786.0,1893.9,1857.4,1772.1,583576,1102835981.35,37993,LEGACY
2020-03-20,WOCKPHARMA,Wockhardt,EQ,INE049B01025,186.0,192.0,172.35,179.15,175.0,181.6,688509,125844371.35,15193,LEGACY
2020-03-23,ABBOTINDIA,Abbott India,EQ,INE358A01014,13500.0,14200.0,13001.0,13271.0,13300.05,14736.8,16933,227526976.0,6540,LEGACY
2020-03-23,AJANTPHARM,Ajanta Pharma,EQ,INE031B01049,1100.0,1199.3,1005.0,1039.2,1005.0,1204.3,57289,62627369.15,6069,LEGACY
2020-03-23,ALKEM,Alkem Laboratories,EQ,INE540L01014,1881.3,2348.0,1881.3,2269.65,2330.0,2348.6,80723,180674641.7,16001,LEGACY
2020-03-23,APLLTD,Alembic Pharmaceuticals,EQ,INE901L01018,500.5,518.35,434.8,445.4,447.8,543.5,156564,73399711.45,5525,LEGACY
2020-03-23,AUROPHARMA,Aurobindo Pharma,EQ,INE406A01037,329.4,339.35,288.85,294.7,296.0,346.7,3774086,1186095330.9,69912,LEGACY
2020-03-23,BIOCON,Biocon,EQ,INE376G01013,254.0,269.7,250.0,255.6,255.0,274.5,2795102,719180989.15,47312,LEGACY
2020-03-23,CADILAHC,Cadila Healthcare,EQ,INE010B01027,288.05,305.9,274.5,280.35,281.0,285.8,6353782,1835699981.85,105185,LEGACY
2020-03-23,CIPLA,Cipla,EQ,INE059A01026,370.0,406.9,370.0,375.25,380.0,392.8,5507004,2123288368.1,142970,LEGACY
2020-03-23,DIVISLAB,Divi's Laboratories,EQ,INE361B01024,1849.95,1925.0,1725.55,1851.75,1821.35,1994.9,1203381,2202283302.6,50218,LEGACY
2020-03-23,DRREDDY,Dr. Reddy's Laboratories,EQ,INE089A01023,2680.25,3047.0,2680.25,2768.4,2775.0,2897.25,963236,2694050906.8,59218,LEGACY
2020-03-23,GLAXO,GlaxoSmithKline Pharmaceuticals,EQ,INE159A01016,1100.0,1189.95,1053.8,1101.85,1104.0,1224.95,42795,47458128.3,4267,LEGACY
2020-03-23,GLENMARK,Glenmark Pharmaceuticals,EQ,INE935A01035,196.0,207.95,184.45,188.1,190.0,211.7,1570780,303738796.0,26766,LEGACY
2020-03-23,GRANULES,Granules India,EQ,INE101D01020,115.0,130.75,114.1,116.85,117.0,138.6,1325875,157674213.9,14211,LEGACY
2020-03-23,IPCALAB,IPCA Laboratories,EQ,INE571A01020,1622.0,1622.0,1280.5,1367.7,1358.0,1375.3,1637472,2302343749.35,145209,LEGACY
2020-03-23,JBCHEPHARM,JB Chemicals & Pharmaceuticals,EQ,INE572A01028,476.0,504.95,420.0,448.5,450.0,506.0,188704,89270906.3,13678,LEGACY
2020-03-23,LAURUSLABS,Laurus Labs,EQ,INE947Q01010,355.0,355.0,317.95,320.4,321.55,363.05,61576,20219086.85,1877,LEGACY
2020-03-23,LUPIN,Lupin,EQ,INE326A01037,610.0,631.95,586.1,592.15,601.25,641.95,1677212,1019458653.65,72445,LEGACY
2020-03-23,NATCOPHARM,Natco Pharma,EQ,INE987B01026,509.0,520.0,432.0,473.8,480.0,534.0,165915,79119237.95,5795,LEGACY
2020-03-23,PEL,Piramal Enterprises,EQ,INE140A01024,616.35,678.9,616.35,644.3,644.35,684.8,1414557,923188450.95,58279,LEGACY
2020-03-23,PFIZER,Pfizer,EQ,INE182A01018,3575.0,3916.0,3575.0,3683.5,3685.0,4016.35,22837,85789004.45,7137,LEGACY
2020-03-23,SANOFI,Sanofi India,EQ,INE058A01010,6012.0,6432.0,5900.0,6062.45,6080.0,6366.45,14819,89926587.05,4289,LEGACY
2020-03-23,STAR,Strides Pharma Science,EQ,INE939A01011,289.95,296.95,274.05,274.05,274.05,304.45,159237,44582029.65,5142,LEGACY
2020-03-23,SUNPHARMA,Sun Pharmaceutical Industries,EQ,INE044A01036,345.0,354.7,315.05,324.5,332.0,365.25,8018903,2676357691.35,110889,LEGACY
2020-03-23,TORNTPHARM,Torrent Pharmaceuticals,EQ,INE685A01028,1707.0,1833.7,1707.0,1796.15,1794.65,1893.9,306205,545007458.7,18323,LEGACY
2020-03-23,WOCKPHARMA,Wockhardt,EQ,INE049B01025,165.0,171.0,161.25,161.25,161.25,179.15,161071,26361525.05,3791,LEGACY
2020-03-24,ABBOTINDIA,Abbott India,EQ,INE358A01014,13898.0,14200.0,13250.0,13841.5,13820.0,13271.0,11762,162255770.1,4408,LEGACY
2020-03-24,AJANTPHARM,Ajanta Pharma,EQ,INE031B01049,1061.0,1106.65,1025.0,1063.15,1066.65,1039.2,112029,118656025.25,15497,LEGACY
2020-03-24,ALKEM,Alkem Laboratories,EQ,INE540L01014,2297.55,2366.35,2206.55,2216.3,2215.0,2269.65,51921,116044438.3,10636,LEGACY
2020-03-24,APLLTD,Alembic Pharmaceuticals,EQ,INE901L01018,475.0,512.0,446.0,500.25,500.1,445.4,177654,87045583.6,13488,LEGACY
2020-03-24,AUROPHARMA,Aurobindo Pharma,EQ,INE406A01037,320.0,350.0,297.1,326.15,326.55,294.7,6817329,2198992116.45,123105,LEGACY
2020-03-24,BIOCON,Biocon,EQ,INE376G01013,257.0,274.15,254.05,271.0,270.85,255.6,3196619,856113476.15,76593,LEGACY
2020-03-24,CADILAHC,Cadila Healthcare,EQ,INE010B01027,297.0,299.5,273.3,278.45,276.4,280.35,2614095,743660998.4,58826,LEGACY
2020-03-24,CIPLA,Cipla,EQ,INE059A01026,380.0,409.75,372.55,377.45,379.5,375.25,6652237,2603600592.35,167567,LEGACY
2020-03-24,DIVISLAB,Divi's Laboratories,EQ,INE361B01024,1925.0,1975.0,1860.5,1919.95,1919.95,1851.75,1286555,2484254758.45,82652,LEGACY
2020-03-24,DRREDDY,Dr. Reddy's Laboratories,EQ,INE089A01023,2850.0,2960.0,2801.1,2857.95,2880.0,2768.4,1068118,3066309043.25,92301,LEGACY
2020-03-24,GLAXO,GlaxoSmithKline Pharmaceuticals,EQ,INE159A01016,1120.0,1160.0,1100.0,1139.8,1147.05,1101.85,20245,22842630.95,3803,LEGACY
2020-03-24,GLENMARK,Glenmark Pharmaceuticals,EQ,INE935A01035,204.0,204.95,188.0,190.6,190.0,188.1,2270296,443091728.05,30246,LEGACY
2020-03-24,GRANULES,Granules India,EQ,INE101D01020,124.75,125.65,117.0,120.5,122.5,116.85,1074741,129507342.25,16571,LEGACY
2020-03-24,IPCALAB,IPCA Laboratories,EQ,INE571A01020,1470.0,1475.0,1255.25,1362.4,1353.0,1367.7,649685,875443255.0,68150,LEGACY
2020-03-24,JBCHEPHARM,JB Chemicals & Pharmaceuticals,EQ,INE572A01028,479.0,510.0,444.0,495.15,500.0,448.5,73454,34755243.65,5036,LEGACY
2020-03-24,LAURUSLABS,Laurus Labs,EQ,INE947Q01010,322.05,339.6,305.1,315.95,318.0,320.4,50044,15844004.9,1681,LEGACY
2020-03-24,LUPIN,Lupin,EQ,INE326A01037,586.25,628.0,585.55,592.2,589.5,592.15,1545463,933672598.35,71808,LEGACY
2020-03-24,NATCOPHARM,Natco Pharma,EQ,INE987B01026,490.0,500.0,458.5,471.25,465.0,473.8,187309,88488139.55,34622,LEGACY
2020-03-24,PEL,Piramal Enterprises,EQ,INE140A01024,637.9,740.9,606.85,623.35,655.0,644.3,2522436,1673830119.1,104386,LEGACY
2020-03-24,PFIZER,Pfizer,EQ,INE182A01018,3850.0,3898.9,3620.0,3679.5,3685.0,3683.5,27285,101650423.95,6976,LEGACY
2020-03-24,SANOFI,Sanofi India,EQ,INE058A01010,6380.0,6380.0,5982.0,6073.5,6110.0,6062.45,10097,61494387.85,4201,LEGACY
2020-03-24,STAR,Strides Pharma Science,EQ,INE939A01011,288.0,301.45,285.45,300.4,300.35,274.05,234955,69238099.75,9641,LEGACY
2020-03-24,SUNPHARMA,Sun Pharmaceutical Industries,EQ,INE044A01036,330.0,348.0,330.0,335.15,334.0,324.5,6408587,2180469462.65,110071,LEGACY
2020-03-24,TORNTPHARM,Torrent Pharmaceuticals,EQ,INE685A01028,1830.95,1920.0,1734.6,1818.35,1760.0,1796.15,317838,583468697.35,33637,LEGACY
2020-03-24,WOCKPHARMA,Wockhardt,EQ,INE049B01025,162.0,168.0,146.7,156.2,156.9,161.25,313561,49125503.25,8696,LEGACY
2020-03-25,ABBOTINDIA,Abbott India,EQ,INE358A01014,13843.0,14500.0,13843.0,14232.65,14250.0,13841.5,9917,141236633.9,3371,LEGACY
2020-03-25,AJANTPHARM,Ajanta Pharma,EQ,INE031B01049,1065.0,1275.75,961.0,1116.85,1200.0,1063.15,145150,149066185.75,11256,LEGACY
2020-03-25,ALKEM,Alkem Laboratories,EQ,INE540L01014,2110.0,2394.1,2110.0,2273.65,2252.75,2216.3,85037,195560571.1,25524,LEGACY
2020-03-25,APLLTD,Alembic Pharmaceuticals,EQ,INE901L01018,500.25,524.0,481.1,511.15,506.1,500.25,172906,85186360.15,5107,LEGACY
2020-03-25,AUROPHARMA,Aurobindo Pharma,EQ,INE406A01037,316.0,342.0,316.0,333.65,334.0,326.15,2925843,974086408.55,58545,LEGACY
2020-03-25,BIOCON,Biocon,EQ,INE376G01013,267.95,286.0,265.05,271.65,271.55,271.0,4207895,1167264487.9,90721,LEGACY
2020-03-25,CADILAHC,Cadila Healthcare,EQ,INE010B01027,270.0,281.0,257.15,263.7,263.55,278.45,2927417,780933885.0,51545,LEGACY
2020-03-25,CIPLA,Cipla,EQ,INE059A01026,378.0,394.9,374.0,376.45,375.2,377.45,6419109,2452756641.05,177940,LEGACY
2020-03-25,DIVISLAB,Divi's Laboratories,EQ,INE361B01024,1900.0,1974.0,1881.1,1928.05,1914.0,1919.95,676624,1302660745.7,67743,LEGACY
2020-03-25,DRREDDY,Dr. Reddy's Laboratories,EQ,INE089A01023,2827.25,2948.9,2795.7,2922.0,2917.0,2857.95,819410,2350230713.4,77692,LEGACY
2020-03-25,GLAXO,GlaxoSmithKline Pharmaceuticals,EQ,INE159A01016,1149.0,1205.0,973.0,1196.7,1187.0,1139.8,30972,36240939.35,2925,LEGACY
2020-03-25,GLENMARK,Glenmark Pharmaceuticals,EQ,INE935A01035,190.0,196.8,187.35,191.55,192.8,190.6,1812622,347964306.35,35752,LEGACY
2020-03-25,GRANULES,Granules India,EQ,INE101D01020,120.0,137.75,119.35,135.0,135.0,120.5,1964831,260867698.1,29650,LEGACY
2020-03-25,IPCALAB,IPCA Laboratories,EQ,INE571A01020,1352.0,1365.85,1281.15,1309.3,1315.0,1362.4,405728,536545245.25,42269,LEGACY
2020-03-25,JBCHEPHARM,JB Chemicals & Pharmaceuticals,EQ,INE572A01028,490.0,520.0,475.0,508.15,489.95,495.15,66888,34063236.7,10374,LEGACY
2020-03-25,LAURUSLABS,Laurus Labs,EQ,INE947Q01010,315.8,332.0,314.05,325.1,325.0,315.95,75620,24378772.85,2139,LEGACY
2020-03-25,LUPIN,Lupin,EQ,INE326A01037,581.0,599.25,558.1,566.5,562.25,592.2,3016516,1738827982.5,109025,LEGACY
2020-03-25,NATCOPHARM,Natco Pharma,EQ,INE987B01026,472.0,490.0,402.55,465.75,458.35,471.25,153544,71524533.8,9865,LEGACY
2020-03-25,PEL,Piramal Enterprises,EQ,INE140A01024,627.1,697.95,626.0,681.85,685.2,623.35,1786237,1194342673.0,60947,LEGACY
2020-03-25,PFIZER,Pfizer,EQ,INE182A01018,3675.0,3785.95,3659.05,3690.5,3687.0,3679.5,15677,58047257.6,3265,LEGACY
2020-03-25,SANOFI,Sanofi India,EQ,INE058A01010,6100.0,6250.0,6013.25,6076.95,6081.0,6073.5,15810,96459808.05,4167,LEGACY
2020-03-25,STAR,Strides Pharma Science,EQ,INE939A01011,295.0,329.0,284.0,320.85,325.0,300.4,216289,67661027.55,9169,LEGACY
2020-03-25,SUNPHARMA,Sun Pharmaceutical Industries,EQ,INE044A01036,332.0,350.8,329.55,347.65,343.95,335.15,6174391,2098694157.5,105868,LEGACY
2020-03-25,TORNTPHARM,Torrent Pharmaceuticals,EQ,INE685A01028,1777.1,1823.75,1711.5,1779.25,1755.0,1818.35,334449,588898403.4,43381,LEGACY
2020-03-25,WOCKPHARMA,Wockhardt,EQ,INE049B01025,151.0,171.0,151.0,166.35,165.9,156.2,369510,60423991.9,10081,LEGACY
2020-03-26,ABBOTINDIA,Abbott India,EQ,INE358A01014,14300.0,14798.95,14200.0,14392.55,14391.0,14232.65,9283,134185922.3,3955,LEGACY
2020-03-26,AJANTPHARM,Ajanta Pharma,EQ,INE031B01049,1176.7,1200.0,1101.1,1176.55,1174.0,1116.85,82514,95245102.15,9345,LEGACY
2020-03-26,ALKEM,Alkem Laboratories,EQ,INE540L01014,2273.0,2377.75,2273.0,2307.1,2299.95,2273.65,50439,117229923.4,14030,LEGACY
2020-03-26,APLLTD,Alembic Pharmaceuticals,EQ,INE901L01018,505.0,541.0,480.0,536.85,539.85,511.15,75276,40140343.6,10873,LEGACY
2020-03-26,AUROPHARMA,Aurobindo Pharma,EQ,INE406A01037,346.9,365.0,339.0,361.4,360.0,333.65,4438657,1578508889.05,89046,LEGACY
2020-03-26,BIOCON,Biocon,EQ,INE376G01013,274.8,284.65,270.6,282.5,280.7,271.65,4741471,1323647480.8,81326,LEGACY
2020-03-26,CADILAHC,Cadila Healthcare,EQ,INE010B01027,267.1,271.0,252.8,256.85,259.0,263.7,2575177,679436801.15,42813,LEGACY
2020-03-26,CIPLA,Cipla,EQ,INE059A01026,383.0,394.7,380.5,386.15,390.0,376.45,4291225,1660261184.6,96157,LEGACY
2020-03-26,DIVISLAB,Divi's Laboratories,EQ,INE361B01024,1937.35,1980.0,1874.0,1883.3,1878.0,1928.05,596440,1144981744.3,37326,LEGACY
2020-03-26,DRREDDY,Dr. Reddy's Laboratories,EQ,INE089A01023,2975.2,3066.55,2879.25,2948.55,2940.0,2922.0,638995,1897312727.45,64439,LEGACY
2020-03-26,GLAXO,GlaxoSmithKline Pharmaceuticals,EQ,INE159A01016,1198.0,1240.0,1175.05,1199.1,1190.0,1196.7,30320,36543924.8,3282,LEGACY
2020-03-26,GLENMARK,Glenmark Pharmaceuticals,EQ,INE935A01035,195.0,216.35,192.0,208.2,209.1,191.55,2970736,613636902.85,40976,LEGACY
2020-03-26,GRANULES,Granules India,EQ,INE101D01020,138.0,155.0,127.9,132.4,129.9,135.0,2082599,298103714.65,30724,LEGACY
2020-03-26,IPCALAB,IPCA Laboratories,EQ,INE571A01020,1315.0,1369.0,1233.45,1289.8,1313.0,1309.3,815431,1053313496.3,90491,LEGACY
2020-03-26,JBCHEPHARM,JB Chemicals & Pharmaceuticals,EQ,INE572A01028,506.75,527.25,484.85,505.85,501.95,508.15,52360,26551275.65,5983,LEGACY
2020-03-26,LAURUSLABS,Laurus Labs,EQ,INE947Q01010,326.45,345.0,318.05,341.9,340.0,325.1,48311,16371701.35,1386,LEGACY
2020-03-26,LUPIN,Lupin,EQ,INE326A01037,566.5,569.1,542.4,558.65,555.0,566.5,3907931,2176413849.9,127724,LEGACY
2020-03-26,NATCOPHARM,Natco Pharma,EQ,INE987B01026,469.9,498.0,462.4,477.05,488.5,465.75,145683,70167772.85,12516,LEGACY
2020-03-26,PEL,Piramal Enterprises,EQ,INE140A01024,696.0,1019.0,683.05,818.15,816.0,681.85,7686755,6784827570.55,307968,LEGACY
2020-03-26,PFIZER,Pfizer,EQ,INE182A01018,3723.8,3950.0,3708.1,3902.5,3900.0,3690.5,33572,129170448.45,8793,LEGACY
2020-03-26,SANOFI,Sanofi India,EQ,INE058A01010,6124.95,6178.95,6061.75,6114.6,6113.0,6076.95,25451,155743002.2,8198,LEGACY
2020-03-26,STAR,Strides Pharma Science,EQ,INE939A01011,344.0,344.0,310.0,314.3,311.9,320.85,390641,127247791.2,18769,LEGACY
2020-03-26,SUNPHARMA,Sun Pharmaceutical Industries,EQ,INE044A01036,365.0,368.0,336.1,338.3,338.8,347.65,11670467,4062946057.8,168355,LEGACY
2020-03-26,TORNTPHARM,Torrent Pharmaceuticals,EQ,INE685A01028,1769.95,1849.6,1761.2,1815.35,1805.0,1779.25,288574,522170770.95,49325,LEGACY
2020-03-26,WOCKPHARMA,Wockhardt,EQ,INE049B01025,169.95,179.0,166.0,174.65,177.0,166.35,387541,67736615.4,9881,LEGACY
2020-03-27,ABBOTINDIA,Abbott India,EQ,INE358A01014,14599.0,14792.0,13895.0,14146.1,13990.0,14392.55,12873,183376732.75,4875,LEGACY
2020-03-27,AJANTPHARM,Ajanta Pharma,EQ,INE031B01049,1199.0,1255.0,1190.05,1238.55,1235.0,1176.55,361753,446353573.75,25111,LEGACY
2020-03-27,ALKEM,Alkem Laboratories,EQ,INE540L01014,2349.95,2463.55,2234.85,2344.95,2350.0,2307.1,111495,260934308.35,29367,LEGACY
2020-03-27,APLLTD,Alembic Pharmaceuticals,EQ,INE901L01018,540.0,546.6,519.4,537.85,535.0,536.85,65935,35123865.85,7425,LEGACY
2020-03-27,AUROPHARMA,Aurobindo Pharma,EQ,INE406A01037,388.0,407.05,378.35,392.25,394.15,361.4,6782942,2645110099.2,106016,LEGACY
2020-03-27,BIOCON,Biocon,EQ,INE376G01013,284.0,291.2,272.0,277.7,277.55,282.5,3958414,1118357560.65,72157,LEGACY
2020-03-27,CADILAHC,Cadila Healthcare,EQ,INE010B01027,261.0,264.75,248.65,252.7,252.0,256.85,1872352,479439811.9,31546,LEGACY
2020-03-27,CIPLA,Cipla,EQ,INE059A01026,393.0,411.0,391.95,407.65,409.5,386.15,6471292,2608694470.25,134530,LEGACY
2020-03-27,DIVISLAB,Divi's Laboratories,EQ,INE361B01024,1930.0,1930.0,1824.75,1862.55,1873.0,1883.3,538840,1009319414.75,47593,LEGACY
2020-03-27,DRREDDY,Dr. Reddy's Laboratories,EQ,INE089A01023,2952.8,3046.95,2846.1,2916.5,2917.5,2948.55,801588,2349923712.35,75582,LEGACY
2020-03-27,GLAXO,GlaxoSmithKline Pharmaceuticals,EQ,INE159A01016,1239.0,1247.3,1122.05,1179.55,1211.6,1199.1,37410,44261884.6,4833,LEGACY
2020-03-27,GLENMARK,Glenmark Pharmaceuticals,EQ,INE935A01035,210.75,216.2,197.05,199.15,198.7,208.2,2312550,476859521.35,49818,LEGACY
2020-03-27,GRANULES,Granules India,EQ,INE101D01020,135.0,149.0,130.6,145.9,142.75,132.4,2863893,400504933.45,41690,LEGACY
2020-03-27,IPCALAB,IPCA Laboratories,EQ,INE571A01020,1341.0,1349.0,1232.0,1245.05,1237.0,1289.8,339021,429306456.5,43896,LEGACY
2020-03-27,JBCHEPHARM,JB Chemicals & Pharmaceuticals,EQ,INE572A01028,519.0,519.0,502.0,508.35,502.05,505.85,118787,60722697.35,6676,LEGACY
2020-03-27,LAURUSLABS,Laurus Labs,EQ,INE947Q01010,342.1,352.75,324.0,326.75,327.0,341.9,109620,36769042.5,3247,LEGACY
2020-03-27,LUPIN,Lupin,EQ,INE326A01037,565.05,591.6,542.35,548.1,553.0,558.65,4900023,2766896793.15,96752,LEGACY
2020-03-27,NATCOPHARM,Natco Pharma,EQ,INE987B01026,472.05,508.9,472.05,496.35,501.0,477.05,128869,64097856.2,13721,LEGACY
2020-03-27,PEL,Piramal Enterprises,EQ,INE140A01024,880.0,981.75,800.1,849.05,851.95,818.15,5515783,4906789115.55,190126,LEGACY
2020-03-27,PFIZER,Pfizer,EQ,INE182A01018,3950.0,3994.0,3675.0,3804.1,3851.0,3902.5,45192,171429619.25,11913,LEGACY
2020-03-27,SANOFI,Sanofi India,EQ,INE058A01010,6245.0,6245.0,6031.35,6099.95,6096.75,6114.6,46034,280832145.15,8947,LEGACY
2020-03-27,STAR,Strides Pharma Science,EQ,INE939A01011,320.0,328.0,299.6,308.25,309.6,314.3,200323,62259921.35,6725,LEGACY
2020-03-27,SUNPHARMA,Sun Pharmaceutical Industries,EQ,INE044A01036,347.0,352.5,333.0,338.25,338.3,338.3,7745785,2644590217.25,111490,LEGACY
2020-03-27,TORNTPHARM,Torrent Pharmaceuticals,EQ,INE685A01028,1828.95,1895.0,1791.0,1860.15,1857.2,1815.35,358853,659468406.65,38199,LEGACY
2020-03-27,WOCKPHARMA,Wockhardt,EQ,INE049B01025,178.0,186.95,170.0,172.25,172.0,174.65,361136,63842786.25,13750,LEGACY
2020-03-30,ABBOTINDIA,Abbott India,EQ,INE358A01014,16880.0,16880.0,15000.0,15210.45,15380.0,14146.1,77057,1196413653.3,29735,LEGACY
2020-03-30,AJANTPHARM,Ajanta Pharma,EQ,INE031B01049,1217.0,1328.9,1188.0,1306.6,1300.0,1238.55,337056,436521020.45,25285,LEGACY
2020-03-30,ALKEM,Alkem Laboratories,EQ,INE540L01014,2320.2,2361.0,2280.2,2336.25,2285.0,2344.95,130407,303833238.75,18908,LEGACY
2020-03-30,APLLTD,Alembic Pharmaceuticals,EQ,INE901L01018,506.1,532.8,506.1,522.8,526.75,537.85,25410,13173508.1,1928,LEGACY
2020-03-30,AUROPHARMA,Aurobindo Pharma,EQ,INE406A01037,388.0,405.65,378.6,389.5,389.2,392.25,4522323,1785345616.15,76513,LEGACY
2020-03-30,BIOCON,Biocon,EQ,INE376G01013,276.9,280.6,273.2,275.6,274.0,277.7,2551015,707714264.7,31674,LEGACY
2020-03-30,CADILAHC,Cadila Healthcare,EQ,INE010B01027,252.0,258.4,247.65,252.15,255.0,252.7,2234886,568066794.85,41723,LEGACY
2020-03-30,CIPLA,Cipla,EQ,INE059A01026,413.8,438.7,407.65,431.75,435.0,407.65,9021027,3805120197.1,235135,LEGACY
2020-03-30,DIVISLAB,Divi's Laboratories,EQ,INE361B01024,1851.0,1929.9,1832.7,1893.9,1899.0,1862.55,606185,1152032273.05,44466,LEGACY
2020-03-30,DRREDDY,Dr. Reddy's Laboratories,EQ,INE089A01023,2879.6,3050.0,2811.0,2994.25,2990.1,2916.5,1150459,3437685351.3,74922,LEGACY
2020-03-30,GLAXO,GlaxoSmithKline Pharmaceuticals,EQ,INE159A01016,1179.55,1232.0,1165.0,1227.3,1229.85,1179.55,26313,31738525.15,3341,LEGACY
2020-03-30,GLENMARK,Glenmark Pharmaceuticals,EQ,INE935A01035,197.0,199.55,190.0,195.75,195.25,199.15,1365568,267097486.05,21242,LEGACY
2020-03-30,GRANULES,Granules India,EQ,INE101D01020,142.0,145.8,132.0,140.3,140.05,145.9,1992260,282289448.2,25741,LEGACY
2020-03-30,IPCALAB,IPCA Laboratories,EQ,INE571A01020,1245.0,1320.0,1245.0,1296.75,1295.0,1245.05,490453,634641769.95,38673,LEGACY
2020-03-30,JBCHEPHARM,JB Chemicals & Pharmaceuticals,EQ,INE572A01028,499.7,508.3,486.8,501.15,506.0,508.35,34826,17336934.85,2238,LEGACY
2020-03-30,LAURUSLABS,Laurus Labs,EQ,INE947Q01010,338.9,340.0,318.0,319.7,323.05,326.75,91811,29911451.6,3752,LEGACY
2020-03-30,LUPIN,Lupin,EQ,INE326A01037,551.5,573.5,535.25,560.6,562.7,548.1,2777231,1556194308.35,78470,LEGACY
2020-03-30,NATCOPHARM,Natco Pharma,EQ,INE987B01026,489.0,510.0,473.45,494.8,502.0,496.35,120646,59077212.55,8558,LEGACY
2020-03-30,PEL,Piramal Enterprises,EQ,INE140A01024,812.0,868.55,792.0,854.7,858.0,849.05,2310083,1954688637.2,102555,LEGACY
2020-03-30,PFIZER,Pfizer,EQ,INE182A01018,3810.0,3929.0,3810.0,3867.95,3850.0,3804.1,140399,543147640.4,6025,LEGACY
2020-03-30,SANOFI,Sanofi India,EQ,INE058A01010,6130.0,6490.0,6027.05,6256.2,6250.0,6099.95,35827,221327194.0,7584,LEGACY
2020-03-30,STAR,Strides Pharma Science,EQ,INE939A01011,315.6,319.8,310.0,316.05,315.1,308.25,180478,56906210.7,5018,LEGACY
2020-03-30,SUNPHARMA,Sun Pharmaceutical Industries,EQ,INE044A01036,321.65,344.0,312.0,332.7,332.55,338.25,11648309,3893470175.15,143583,LEGACY
2020-03-30,TORNTPHARM,Torrent Pharmaceuticals,EQ,INE685A01028,1820.0,1993.15,1812.7,1960.1,1948.05,1860.15,454835,877722632.15,46114,LEGACY
2020-03-30,WOCKPHARMA,Wockhardt,EQ,INE049B01025,170.0,172.4,165.0,169.05,169.8,172.25,661489,112535595.6,4628,LEGACY
2020-03-31,ABBOTINDIA,Abbott India,EQ,INE358A01014,15575.0,15694.35,15101.1,15451.1,15489.9,15210.45,24891,382151583.45,8751,LEGACY
2020-03-31,AJANTPHARM,Ajanta Pharma,EQ,INE031B01049,1307.0,1386.6,1307.0,1366.3,1360.0,1306.6,187797,256572453.1,19497,LEGACY
2020-03-31,ALKEM,Alkem Laboratories,EQ,INE540L01014,2343.0,2374.5,2280.05,2325.85,2322.0,2336.25,161297,374035934.85,25918,LEGACY
2020-03-31,APLLTD,Alembic Pharmaceuticals,EQ,INE901L01018,527.0,543.9,501.85,534.25,536.0,522.8,74421,39608476.45,6166,LEGACY
2020-03-31,AUROPHARMA,Aurobindo Pharma,EQ,INE406A01037,409.9,415.0,398.0,413.15,414.0,389.5,3736179,1517123397.25,62064,LEGACY
2020-03-31,BIOCON,Biocon,EQ,INE376G01013,278.0,281.85,268.1,270.55,270.3,275.6,3740173,1018042221.7,44255,LEGACY
2020-03-31,CADILAHC,Cadila Healthcare,EQ,INE010B01027,258.0,271.15,255.1,267.25,267.95,252.15,1919045,504099234.3,27130,LEGACY
2020-03-31,CIPLA,Cipla,EQ,INE059A01026,446.0,446.6,420.0,422.85,422.35,431.75,9434756,4081519674.35,145428,LEGACY
2020-03-31,DIVISLAB,Divi's Laboratories,EQ,INE361B01024,1943.0,2035.0,1895.0,1989.05,1978.15,1893.9,937729,1842955462.9,68444,LEGACY
2020-03-31,DRREDDY,Dr. Reddy's Laboratories,EQ,INE089A01023,3050.0,3152.0,3032.05,3120.75,3119.0,2994.25,1002756,3113863624.5,84109,LEGACY
2020-03-31,GLAXO,GlaxoSmithKline Pharmaceuticals,EQ,INE159A01016,1245.0,1288.9,1221.0,1257.4,1236.0,1227.3,37373,47149860.0,4139,LEGACY
2020-03-31,GLENMARK,Glenmark Pharmaceuticals,EQ,INE935A01035,199.0,208.0,197.0,205.85,205.0,195.75,1545954,314308477.85,24798,LEGACY
2020-03-31,GRANULES,Granules India,EQ,INE101D01020,144.5,147.9,141.0,143.65,143.75,140.3,1117428,161548188.05,16264,LEGACY
2020-03-31,IPCALAB,IPCA Laboratories,EQ,INE571A01020,1341.0,1415.65,1313.5,1392.25,1384.0,1296.75,885317,1217271689.4,53122,LEGACY
2020-03-31,JBCHEPHARM,JB Chemicals & Pharmaceuticals,EQ,INE572A01028,514.95,514.95,500.0,509.0,509.9,501.15,75328,38275663.85,3475,LEGACY
2020-03-31,LAURUSLABS,Laurus Labs,EQ,INE947Q01010,331.9,335.45,314.7,324.8,326.9,319.7,135687,44530411.25,6321,LEGACY
2020-03-31,LUPIN,Lupin,EQ,INE326A01037,573.0,594.4,568.25,589.65,589.85,560.6,3151209,1833799182.6,71586,LEGACY
2020-03-31,NATCOPHARM,Natco Pharma,EQ,INE987B01026,527.0,527.0,490.15,505.55,512.0,494.8,101022,50526451.45,8332,LEGACY
2020-03-31,PEL,Piramal Enterprises,EQ,INE140A01024,897.4,979.95,866.0,939.5,951.15,854.7,3600031,3327574453.15,149704,LEGACY
2020-03-31,PFIZER,Pfizer,EQ,INE182A01018,3950.0,4067.1,3872.25,4023.0,4050.05,3867.95,29779,117955082.75,7691,LEGACY
2020-03-31,SANOFI,Sanofi India,EQ,INE058A01010,6350.0,6584.0,6190.3,6253.35,6300.0,6256.2,31707,203262310.15,9663,LEGACY
2020-03-31,STAR,Strides Pharma Science,EQ,INE939A01011,323.0,325.0,313.5,322.15,322.5,316.05,145909,46870979.2,5129,LEGACY
2020-03-31,SUNPHARMA,Sun Pharmaceutical Industries,BL,INE044A01036,350.0,350.0,350.0,350.0,350.0,474.75,1000000,350000000.0,1,LEGACY
2020-03-31,SUNPHARMA,Sun Pharmaceutical Industries,EQ,INE044A01036,340.1,355.0,328.25,352.3,353.25,332.7,9954246,3423744741.4,131072,LEGACY
2020-03-31,TORNTPHARM,Torrent Pharmaceuticals,EQ,INE685A01028,1979.7,2008.0,1952.0,1971.8,1968.0,1960.1,324803,644302678.05,38593,LEGACY
2020-03-31,WOCKPHARMA,Wockhardt,EQ,INE049B01025,173.4,176.85,168.9,172.65,173.0,169.05,213009,36875956.85,5394,LEGACY
2020-04-01,ABBOTINDIA,Abbott India,EQ,INE358A01014,15525.35,15998.0,15202.0,15613.6,15500.0,15451.1,17590,273596329.5,7346,LEGACY
2020-04-01,AJANTPHARM,Ajanta Pharma,EQ,INE031B01049,1380.0,1384.95,1331.0,1366.05,1370.0,1366.3,42023,56867821.75,3279,LEGACY
2020-04-01,ALKEM,Alkem Laboratories,EQ,INE540L01014,2364.95,2364.95,2250.45,2270.05,2268.95,2325.85,43849,101314066.4,12200,LEGACY
2020-04-01,APLLTD,Alembic Pharmaceuticals,EQ,INE901L01018,543.0,545.0,519.0,533.45,531.0,534.25,142618,76645531.1,4793,LEGACY
2020-04-01,AUROPHARMA,Aurobindo Pharma,EQ,INE406A01037,415.0,416.15,384.45,392.3,392.35,413.15,3433906,1356873790.65,58915,LEGACY
2020-04-01,BIOCON,Biocon,EQ,INE376G01013,277.95,285.7,274.4,278.4,278.15,270.55,4724998,1319213754.9,65743,LEGACY
2020-04-01,CADILAHC,Cadila Healthcare,EQ,INE010B01027,270.0,273.3,261.15,263.85,262.0,267.25,3044512,817975824.95,45627,LEGACY
2020-04-01,CIPLA,Cipla,EQ,INE059A01026,424.9,430.9,410.4,413.75,413.55,422.85,6329718,2657544430.4,114574,LEGACY
2020-04-01,DIVISLAB,Divi's Laboratories,EQ,INE361B01024,2000.0,2000.4,1844.25,1877.0,1890.0,1989.05,1165088,2214540088.25,68807,LEGACY
2020-04-01,DRREDDY,Dr. Reddy's Laboratories,EQ,INE089A01023,3119.95,3144.0,3066.0,3095.0,3102.0,3120.75,711048,2202279586.8,67620,LEGACY
2020-04-01,GLAXO,GlaxoSmithKline Pharmaceuticals,EQ,INE159A01016,1255.0,1269.35,1150.0,1210.25,1211.9,1257.4,54266,64464482.9,5684,LEGACY
2020-04-01,GLENMARK,Glenmark Pharmaceuticals,EQ,INE935A01035,206.1,213.7,200.5,203.85,203.9,205.85,2367599,489805729.45,32327,LEGACY
2020-04-01,GRANULES,Granules India,EQ,INE101D01020,143.0,143.6,139.6,141.75,142.05,143.65,534372,75451844.85,8500,LEGACY
2020-04-01,IPCALAB,IPCA Laboratories,EQ,INE571A01020,1380.0,1456.15,1367.0,1397.75,1385.0,1392.25,835497,1185260860.05,62628,LEGACY
2020-04-01,JBCHEPHARM,JB Chemicals & Pharmaceuticals,EQ,INE572A01028,524.0,524.0,492.25,505.6,503.0,509.0,106011,53314955.15,4816,LEGACY
2020-04-01,LAURUSLABS,Laurus Labs,EQ,INE947Q01010,328.0,330.0,321.0,323.7,321.6,324.8,49103,16011748.85,2904,LEGACY
2020-04-01,LUPIN,Lupin,EQ,INE326A01037,589.85,590.8,575.45,579.05,580.6,589.65,1298954,755417918.35,62596,LEGACY
2020-04-01,NATCOPHARM,Natco Pharma,EQ,INE987B01026,509.5,509.5,491.0,496.25,496.0,505.55,46100,22886595.0,3675,LEGACY
2020-04-01,PEL,Piramal Enterprises,EQ,INE140A01024,938.0,950.0,910.2,936.5,935.0,939.5,2100980,1952690527.05,90851,LEGACY
2020-04-01,PFIZER,Pfizer,EQ,INE182A01018,4020.0,4020.0,3827.05,3966.35,3990.0,4023.0,53613,210023366.85,9803,LEGACY
2020-04-01,SANOFI,Sanofi India,EQ,INE058A01010,6279.0,6496.0,6240.0,6460.1,6460.0,6253.35,20096,128296018.65,6735,LEGACY
2020-04-01,STAR,Strides Pharma Science,EQ,INE939A01011,324.9,351.7,318.0,326.45,322.05,322.15,609564,202396179.0,16374,LEGACY
2020-04-01,SUNPHARMA,Sun Pharmaceutical Industries,EQ,INE044A01036,353.0,355.25,338.4,343.55,344.35,352.3,6702259,2309378542.3,94680,LEGACY
2020-04-01,TORNTPHARM,Torrent Pharmaceuticals,EQ,INE685A01028,1978.0,1983.15,1932.0,1959.0,1955.5,1971.8,96972,189872171.65,11378,LEGACY
2020-04-01,WOCKPHARMA,Wockhardt,EQ,INE049B01025,173.95,183.0,173.05,177.85,177.5,172.65,433360,77291958.5,9225,LEGACY
2020-04-03,ABBOTINDIA,Abbott India,EQ,INE358A01014,15775.0,16000.0,15210.0,15810.5,15809.0,15613.6,28827,451028181.4,8802,LEGACY
2020-04-03,AJANTPHARM,Ajanta Pharma,EQ,INE031B01049,1340.0,1414.0,1295.0,1312.55,1329.9,1366.05,166315,227737175.2,13843,LEGACY
2020-04-03,ALKEM,Alkem Laboratories,EQ,INE540L01014,2279.0,2299.75,2250.0,2267.05,2272.0,2270.05,196222,445966110.65,18773,LEGACY
2020-04-03,APLLTD,Alembic Pharmaceuticals,EQ,INE901L01018,540.3,549.8,522.35,536.05,533.0,533.45,171739,93243354.4,10508,LEGACY
2020-04-03,AUROPHARMA,Aurobindo Pharma,EQ,INE406A01037,353.1,411.95,333.5,382.4,381.0,392.3,17168599,6643467188.7,272142,LEGACY
2020-04-03,BIOCON,Biocon,EQ,INE376G01013,278.1,295.85,277.9,290.95,289.7,278.4,6293405,1815609687.9,118393,LEGACY
2020-04-03,CADILAHC,Cadila Healthcare,EQ,INE010B01027,263.85,279.5,258.3,274.6,274.0,263.85,4367888,1186536045.95,59914,LEGACY
2020-04-03,CIPLA,Cipla,EQ,INE059A01026,425.0,454.7,416.25,449.2,448.0,413.75,17906777,7932340266.2,276736,LEGACY
2020-04-03,DIVISLAB,Divi's Laboratories,EQ,INE361B01024,1910.0,1940.0,1822.95,1901.05,1902.0,1877.0,1219731,2308993482.15,79829,LEGACY
2020-04-03,DRREDDY,Dr. Reddy's Laboratories,EQ,INE089A01023,3085.0,3218.85,3025.1,3146.8,3146.85,3095.0,1173674,3689904631.75,95189,LEGACY
2020-04-03,GLAXO,GlaxoSmithKline Pharmaceuticals,EQ,INE159A01016,1230.0,1248.0,1155.0,1224.2,1246.8,1210.25,64230,76300927.5,5710,LEGACY
2020-04-03,GLENMARK,Glenmark Pharmaceuticals,EQ,INE935A01035,201.55,219.5,195.8,213.05,213.0,203.85,4511917,962515939.05,60791,LEGACY
2020-04-03,GRANULES,Granules India,EQ,INE101D01020,142.0,147.95,138.2,140.9,141.0,141.75,2331595,334598183.7,28375,LEGACY
2020-04-03,IPCALAB,IPCA Laboratories,EQ,INE571A01020,1413.45,1429.95,1380.0,1385.55,1383.0,1397.75,290862,408325611.55,25015,LEGACY
2020-04-03,JBCHEPHARM,JB Chemicals & Pharmaceuticals,EQ,INE572A01028,489.0,489.0,440.45,447.3,456.9,505.6,339700,156681433.4,22446,LEGACY
2020-04-03,LAURUSLABS,Laurus Labs,EQ,INE947Q01010,328.4,352.95,316.05,342.15,345.75,323.7,175186,59409019.95,7662,LEGACY
2020-04-03,LUPIN,Lupin,EQ,INE326A01037,582.45,665.9,578.0,655.85,662.0,579.05,6492876,4111300581.1,146154,LEGACY
2020-04-03,NATCOPHARM,Natco Pharma,EQ,INE987B01026,508.0,545.0,495.0,516.5,515.0,496.25,453810,239382832.8,19363,LEGACY
2020-04-03,PEL,Piramal Enterprises,EQ,INE140A01024,935.0,936.0,871.25,912.1,915.0,936.5,2422575,2184811827.2,106428,LEGACY
2020-04-03,PFIZER,Pfizer,EQ,INE182A01018,3990.0,4119.0,3860.45,4020.0,4012.95,3966.35,26647,106933051.25,5945,LEGACY
2020-04-03,SANOFI,Sanofi India,EQ,INE058A01010,6425.0,7281.0,6400.0,6655.65,6660.0,6460.1,84181,565210546.35,23172,LEGACY
2020-04-03,STAR,Strides Pharma Science,EQ,INE939A01011,310.05,320.0,303.2,306.95,306.5,326.45,454175,141114794.1,16551,LEGACY
2020-04-03,SUNPHARMA,Sun Pharmaceutical Industries,EQ,INE044A01036,343.95,389.8,340.0,375.95,376.45,343.55,28550650,10554231364.55,338973,LEGACY
2020-04-03,TORNTPHARM,Torrent Pharmaceuticals,EQ,INE685A01028,1979.0,2113.0,1950.0,2077.0,2090.0,1959.0,1013029,2088740795.55,86009,LEGACY
2020-04-03,WOCKPHARMA,Wockhardt,EQ,INE049B01025,178.0,194.25,173.4,185.2,184.1,177.85,1158126,217120190.0,20782,LEGACY
2020-04-07,ABBOTINDIA,Abbott India,EQ,INE358A01014,16200.0,16899.0,15901.0,16699.7,16689.0,15810.5,33513,552702184.55,12492,LEGACY
2020-04-07,AJANTPHARM,Ajanta Pharma,EQ,INE031B01049,1342.2,1375.0,1319.95,1340.2,1330.0,1312.55,96221,130487513.1,7088,LEGACY
2020-04-07,ALKEM,Alkem Laboratories,EQ,INE540L01014,2360.0,2367.0,2292.0,2324.05,2325.0,2267.05,604146,1404665441.6,28966,LEGACY
2020-04-07,APLLTD,Alembic Pharmaceuticals,EQ,INE901L01018,574.7,625.0,549.75,610.2,610.0,536.05,390281,235059512.05,17964,LEGACY
2020-04-07,AUROPHARMA,Aurobindo Pharma,EQ,INE406A01037,400.0,455.35,393.45,445.7,448.0,382.4,10290834,4357175263.8,147128,LEGACY
2020-04-07,BIOCON,Biocon,EQ,INE376G01013,300.0,320.0,297.3,318.3,318.95,290.95,9742331,3039564699.5,130794,LEGACY
2020-04-07,CADILAHC,Cadila Healthcare,EQ,INE010B01027,302.05,318.9,290.0,312.35,314.05,274.6,12849762,3977917832.85,162115,LEGACY
2020-04-07,CIPLA,Cipla,EQ,INE059A01026,479.0,513.4,452.0,492.25,492.0,449.2,20843854,10155335956.7,340593,LEGACY
2020-04-07,DIVISLAB,Divi's Laboratories,EQ,INE361B01024,1960.0,2150.0,1921.25,2067.85,2067.95,1901.05,2241715,4576774989.9,111108,LEGACY
2020-04-07,DRREDDY,Dr. Reddy's Laboratories,EQ,INE089A01023,3250.0,3615.6,3210.0,3583.2,3599.95,3146.8,2367583,8231477428.4,141819,LEGACY
2020-04-07,GLAXO,GlaxoSmithKline Pharmaceuticals,EQ,INE159A01016,1260.0,1265.0,1175.0,1248.5,1250.0,1224.2,162388,197125911.75,10358,LEGACY
2020-04-07,GLENMARK,Glenmark Pharmaceuticals,EQ,INE935A01035,233.0,233.75,217.0,227.95,228.0,213.05,4749554,1086759872.85,61114,LEGACY
2020-04-07,GRANULES,Granules India,EQ,INE101D01020,148.5,158.6,145.5,155.85,155.75,140.9,3744760,573524657.25,41338,LEGACY
2020-04-07,IPCALAB,IPCA Laboratories,EQ,INE571A01020,1599.9,1599.9,1440.1,1526.15,1549.85,1385.55,2379565,3570380958.35,180909,LEGACY
2020-04-07,JBCHEPHARM,JB Chemicals & Pharmaceuticals,EQ,INE572A01028,470.1,490.9,462.0,470.65,468.0,447.3,276739,131051235.1,21682,LEGACY
2020-04-07,LAURUSLABS,Laurus Labs,EQ,INE947Q01010,375.0,410.55,359.25,392.35,385.0,342.15,585631,229089110.6,17433,LEGACY
2020-04-07,LUPIN,Lupin,EQ,INE326A01037,690.0,738.65,670.25,700.05,699.0,655.85,8165523,5735903208.3,191706,LEGACY
2020-04-07,NATCOPHARM,Natco Pharma,EQ,INE987B01026,553.8,572.45,535.0,566.75,567.0,516.5,607741,337866707.9,21267,LEGACY
2020-04-07,PEL,Piramal Enterprises,EQ,INE140A01024,970.0,982.7,880.3,912.05,912.0,912.1,3004235,2749699240.7,122901,LEGACY
2020-04-07,PFIZER,Pfizer,EQ,INE182A01018,4041.0,4340.0,4030.0,4263.95,4259.0,4020.0,70751,301614928.4,14118,LEGACY
2020-04-07,SANOFI,Sanofi India,EQ,INE058A01010,6800.0,7110.0,6750.0,7018.45,6998.0,6655.65,66937,468908734.85,13997,LEGACY
2020-04-07,STAR,Strides Pharma Science,EQ,INE939A01011,316.0,326.25,313.0,317.8,318.45,306.95,935578,298227228.1,35905,LEGACY
2020-04-07,SUNPHARMA,Sun Pharmaceutical Industries,EQ,INE044A01036,398.0,422.85,388.3,417.35,415.55,375.95,29675452,12082876093.15,343700,LEGACY
2020-04-07,TORNTPHARM,Torrent Pharmaceuticals,EQ,INE685A01028,2159.75,2388.55,2112.3,2354.35,2388.55,2077.0,1104575,2533315623.45,82157,LEGACY
2020-04-07,WOCKPHARMA,Wockhardt,EQ,INE049B01025,189.95,203.7,185.85,202.6,200.0,185.2,880586,173870731.45,16967,LEGACY
2020-04-08,ABBOTINDIA,Abbott India,EQ,INE358A01014,16799.45,18250.0,16750.0,17481.1,17488.0,16699.7,57991,1023745502.15,21022,LEGACY
2020-04-08,AJANTPHARM,Ajanta Pharma,EQ,INE031B01049,1325.75,1450.0,1325.0,1367.5,1363.0,1340.2,166582,233126032.5,8748,LEGACY
2020-04-08,ALKEM,Alkem Laboratories,EQ,INE540L01014,2360.0,2736.5,2326.2,2671.15,2639.0,2324.05,371259,967330461.65,44106,LEGACY
2020-04-08,APLLTD,Alembic Pharmaceuticals,EQ,INE901L01018,630.0,702.65,615.5,640.85,626.0,610.2,540272,353935242.05,30323,LEGACY
2020-04-08,AUROPHARMA,Aurobindo Pharma,EQ,INE406A01037,432.5,476.3,426.3,438.15,438.9,445.7,13186213,5925576014.9,205238,LEGACY
2020-04-08,BIOCON,Biocon,EQ,INE376G01013,322.4,345.0,315.0,327.4,325.9,318.3,14303728,4688085054.1,173213,LEGACY
2020-04-08,CADILAHC,Cadila Healthcare,EQ,INE010B01027,334.0,366.7,330.0,349.85,353.0,312.35,34940619,12232386593.0,452811,LEGACY
2020-04-08,CIPLA,Cipla,EQ,INE059A01026,496.95,530.0,490.0,512.75,514.95,492.25,19456194,10058531580.45,295878,LEGACY
2020-04-08,DIVISLAB,Divi's Laboratories,EQ,INE361B01024,2065.0,2214.6,2040.1,2168.95,2168.0,2067.85,1228905,2658254240.2,63827,LEGACY
2020-04-08,DRREDDY,Dr. Reddy's Laboratories,EQ,INE089A01023,3525.0,3765.0,3471.0,3683.0,3697.8,3583.2,2522297,9268483049.65,178903,LEGACY
2020-04-08,GLAXO,GlaxoSmithKline Pharmaceuticals,EQ,INE159A01016,1265.0,1291.0,1214.0,1246.25,1270.0,1248.5,191915,239573399.15,14484,LEGACY
2020-04-08,GLENMARK,Glenmark Pharmaceuticals,EQ,INE935A01035,229.3,244.2,225.05,233.6,234.25,227.95,4713905,1110835690.65,70688,LEGACY
2020-04-08,GRANULES,Granules India,EQ,INE101D01020,155.0,175.0,154.1,172.5,172.7,155.85,3800730,640889137.9,48731,LEGACY
2020-04-08,IPCALAB,IPCA Laboratories,EQ,INE571A01020,1609.5,1825.0,1580.0,1616.4,1615.0,1526.15,2802525,4648757316.4,217802,LEGACY
2020-04-08,JBCHEPHARM,JB Chemicals & Pharmaceuticals,EQ,INE572A01028,476.5,549.0,462.0,509.85,509.0,470.65,641059,326975551.95,38199,LEGACY
2020-04-08,LAURUSLABS,Laurus Labs,EQ,INE947Q01010,406.0,424.45,386.0,391.9,391.0,392.35,319928,130492235.1,14987,LEGACY
2020-04-08,LUPIN,Lupin,EQ,INE326A01037,701.0,734.45,698.55,705.6,710.6,700.05,6927854,4952279150.3,178529,LEGACY
2020-04-08,NATCOPHARM,Natco Pharma,EQ,INE987B01026,579.9,619.0,542.0,575.2,573.95,566.75,288096,169596975.5,15875,LEGACY
2020-04-08,PEL,Piramal Enterprises,EQ,INE140A01024,901.0,975.0,890.05,935.05,937.0,912.05,2216470,2079497803.45,74543,LEGACY
2020-04-08,PFIZER,Pfizer,EQ,INE182A01018,4295.0,4421.55,4221.0,4250.0,4241.9,4263.95,33248,143543820.6,10502,LEGACY
2020-04-08,SANOFI,Sanofi India,EQ,INE058A01010,7144.9,7482.0,7050.0,7266.8,7286.0,7018.45,63024,455783675.95,15511,LEGACY
2020-04-08,STAR,Strides Pharma Science,EQ,INE939A01011,320.0,342.6,319.15,324.1,323.55,317.8,636892,210171135.6,25159,LEGACY
2020-04-08,SUNPHARMA,Sun Pharmaceutical Industries,EQ,INE044A01036,419.0,448.75,413.15,436.7,437.5,417.35,27810987,12126523142.55,433126,LEGACY
2020-04-08,TORNTPHARM,Torrent Pharmaceuticals,EQ,INE685A01028,2380.0,2644.9,2360.0,2537.35,2550.0,2354.35,2038810,5209237703.75,128237,LEGACY
2020-04-08,WOCKPHARMA,Wockhardt,EQ,INE049B01025,204.0,222.85,203.0,221.3,222.85,202.6,1093448,238007440.5,18370,LEGACY
2020-04-09,ABBOTINDIA,Abbott India,EQ,INE358A01014,17929.95,18500.0,17500.0,17884.6,17840.0,17481.1,30100,543814125.65,11206,LEGACY
2020-04-09,AJANTPHARM,Ajanta Pharma,EQ,INE031B01049,1449.95,1540.0,1235.2,1408.1,1402.0,1367.5,220040,317206130.5,26476,LEGACY
2020-04-09,ALKEM,Alkem Laboratories,EQ,INE540L01014,2700.0,2879.0,2675.0,2709.0,2704.0,2671.15,238145,661631861.1,36623,LEGACY
2020-04-09,APLLTD,Alembic Pharmaceuticals,EQ,INE901L01018,637.7,709.0,637.65,663.1,662.0,640.85,437090,295457502.3,24056,LEGACY
2020-04-09,AUROPHARMA,Aurobindo Pharma,EQ,INE406A01037,455.0,475.95,446.0,460.2,461.9,438.15,10726722,4954451351.05,161809,LEGACY
2020-04-09,BIOCON,Biocon,EQ,INE376G01013,334.0,342.95,330.3,333.75,333.0,327.4,6297479,2108195809.1,98691,LEGACY
2020-04-09,CADILAHC,Cadila Healthcare,EQ,INE010B01027,373.0,374.0,348.0,351.1,352.05,349.85,21198837,7592931161.5,297234,LEGACY
2020-04-09,CIPLA,Cipla,EQ,INE059A01026,564.0,610.0,564.0,579.6,580.0,512.75,27207928,15854975819.05,389706,LEGACY
2020-04-09,DIVISLAB,Divi's Laboratories,EQ,INE361B01024,2225.0,2467.6,2200.25,2310.9,2315.95,2168.95,2527934,5890731443.45,98602,LEGACY
2020-04-09,DRREDDY,Dr. Reddy's Laboratories,EQ,INE089A01023,3740.0,3810.0,3593.2,3621.55,3603.5,3683.0,1960953,7278550454.1,124240,LEGACY
2020-04-09,GLAXO,GlaxoSmithKline Pharmaceuticals,EQ,INE159A01016,1270.0,1415.0,1264.0,1396.35,1386.0,1246.25,199995,271399464.35,18679,LEGACY
2020-04-09,GLENMARK,Glenmark Pharmaceuticals,EQ,INE935A01035,242.9,250.75,238.25,247.65,249.35,233.6,5003936,1226109894.05,74659,LEGACY
2020-04-09,GRANULES,Granules India,EQ,INE101D01020,175.95,180.0,166.65,169.45,169.0,172.5,3090995,539740082.35,33555,LEGACY
2020-04-09,IPCALAB,IPCA Laboratories,EQ,INE571A01020,1724.0,1724.0,1550.0,1602.75,1601.95,1616.4,1862314,3023076163.95,147412,LEGACY
2020-04-09,JBCHEPHARM,JB Chemicals & Pharmaceuticals,EQ,INE572A01028,533.4,534.0,505.0,513.1,511.0,509.85,611439,316243686.7,26729,LEGACY
2020-04-09,LAURUSLABS,Laurus Labs,EQ,INE947Q01010,410.0,421.0,402.15,411.65,410.0,391.9,272660,112231055.35,12838,LEGACY
2020-04-09,LUPIN,Lupin,EQ,INE326A01037,733.4,798.0,733.4,790.15,790.0,705.6,13732508,10586781782.1,262373,LEGACY
2020-04-09,NATCOPHARM,Natco Pharma,EQ,INE987B01026,605.5,605.5,573.0,585.25,585.95,575.2,408401,238935803.85,31787,LEGACY
2020-04-09,PEL,Piramal Enterprises,EQ,INE140A01024,951.7,970.0,936.0,958.4,957.0,935.05,1422887,1357279084.3,45159,LEGACY
2020-04-09,PFIZER,Pfizer,EQ,INE182A01018,4319.95,4458.0,4302.3,4406.55,4412.0,4250.0,67262,296244661.2,9707,LEGACY
2020-04-09,SANOFI,Sanofi India,EQ,INE058A01010,7394.0,7512.15,7301.05,7380.3,7409.95,7266.8,42132,312911567.55,8891,LEGACY
2020-04-09,STAR,Strides Pharma Science,EQ,INE939A01011,330.0,340.0,324.5,328.4,326.0,324.1,828898,275185104.35,23796,LEGACY
2020-04-09,SUNPHARMA,Sun Pharmaceutical Industries,EQ,INE044A01036,454.4,473.9,443.4,454.45,452.45,436.7,31863686,14686105866.8,408412,LEGACY
2020-04-09,TORNTPHARM,Torrent Pharmaceuticals,EQ,INE685A01028,2699.0,2699.0,2425.0,2550.35,2543.0,2537.35,1337620,3385612322.75,130432,LEGACY
2020-04-09,WOCKPHARMA,Wockhardt,EQ,INE049B01025,232.0,232.35,228.0,232.35,232.35,221.3,456757,105783422.2,5112,LEGACY
2020-04-13,ABBOTINDIA,Abbott India,EQ,INE358A01014,18240.0,18400.0,16800.0,17232.3,17190.0,17884.6,35123,606538707.25,11680,LEGACY
2020-04-13,AJANTPHARM,Ajanta Pharma,EQ,INE031B01049,1447.75,1447.75,1325.0,1370.35,1384.0,1408.1,123075,172517318.8,11878,LEGACY
2020-04-13,ALKEM,Alkem Laboratories,EQ,INE540L01014,2768.0,2824.0,2680.1,2693.8,2700.0,2709.0,164501,453998361.1,28441,LEGACY
2020-04-13,APLLTD,Alembic Pharmaceuticals,EQ,INE901L01018,683.1,709.0,662.5,680.45,674.95,663.1,943189,651556288.9,25594,LEGACY
2020-04-13,AUROPHARMA,Aurobindo Pharma,EQ,INE406A01037,466.0,529.05,463.5,503.2,507.25,460.2,13848180,6831370789.45,205368,LEGACY
2020-04-13,BIOCON,Biocon,EQ,INE376G01013,335.95,355.5,331.6,340.55,341.95,333.75,13175876,4551693460.5,148518,LEGACY
2020-04-13,CADILAHC,Cadila Healthcare,EQ,INE010B01027,364.9,364.9,351.75,353.75,354.0,351.1,14945001,5336870797.8,174691,LEGACY
2020-04-13,CIPLA,Cipla,EQ,INE059A01026,605.0,605.0,583.0,592.85,593.2,579.6,15483866,9165439971.8,245354,LEGACY
2020-04-13,DIVISLAB,Divi's Laboratories,EQ,INE361B01024,2385.0,2421.0,2285.0,2341.2,2351.9,2310.9,1782628,4229603746.2,79301,LEGACY
2020-04-13,DRREDDY,Dr. Reddy's Laboratories,EQ,INE089A01023,3694.0,3856.0,3607.2,3746.6,3759.9,3621.55,2322394,8773977776.7,151314,LEGACY
2020-04-13,GLAXO,GlaxoSmithKline Pharmaceuticals,EQ,INE159A01016,1414.0,1483.3,1336.05,1451.3,1449.95,1396.35,144109,207301277.15,11718,LEGACY
2020-04-13,GLENMARK,Glenmark Pharmaceuticals,EQ,INE935A01035,258.9,308.0,253.0,299.1,307.55,247.65,18480604,5289724851.6,237619,LEGACY
2020-04-13,GRANULES,Granules India,EQ,INE101D01020,171.8,181.0,167.6,171.9,172.35,169.45,4339725,762198293.1,49184,LEGACY
2020-04-13,IPCALAB,IPCA Laboratories,EQ,INE571A01020,1623.1,1624.0,1545.0,1552.25,1549.0,1602.75,894330,1408797581.5,70679,LEGACY
2020-04-13,JBCHEPHARM,JB Chemicals & Pharmaceuticals,EQ,INE572A01028,517.9,528.0,499.0,517.05,516.95,513.1,273162,141458040.95,11155,LEGACY
2020-04-13,LAURUSLABS,Laurus Labs,EQ,INE947Q01010,428.0,434.0,400.15,405.35,408.5,411.65,594515,247362688.4,12056,LEGACY
2020-04-13,LUPIN,Lupin,EQ,INE326A01037,804.0,848.8,799.0,826.05,825.0,790.15,10064806,8343169004.75,232357,LEGACY
2020-04-13,NATCOPHARM,Natco Pharma,EQ,INE987B01026,596.0,640.0,592.95,607.85,605.0,585.25,1230450,766023530.55,44644,LEGACY
2020-04-13,PEL,Piramal Enterprises,EQ,INE140A01024,951.0,962.75,904.2,919.4,919.0,958.4,1035270,958981305.5,34541,LEGACY
2020-04-13,PFIZER,Pfizer,EQ,INE182A01018,4510.0,4550.0,4370.05,4448.6,4444.95,4406.55,47448,212019244.95,9434,LEGACY
2020-04-13,SANOFI,Sanofi India,EQ,INE058A01010,7420.0,7444.0,7159.0,7211.5,7259.9,7380.3,39987,293210420.7,6585,LEGACY
2020-04-13,STAR,Strides Pharma Science,EQ,INE939A01011,330.0,363.55,326.3,343.1,342.8,328.4,1466593,512434972.65,31041,LEGACY
2020-04-13,SUNPHARMA,Sun Pharmaceutical Industries,EQ,INE044A01036,462.95,477.9,443.1,462.35,463.0,454.45,30510404,14178666669.75,361403,LEGACY
2020-04-13,TORNTPHARM,Torrent Pharmaceuticals,EQ,INE685A01028,2551.0,2584.0,2336.0,2375.3,2373.0,2550.35,1226493,3024343788.25,128175,LEGACY
2020-04-13,WOCKPHARMA,Wockhardt,EQ,INE049B01025,243.95,243.95,226.4,243.95,243.95,232.35,680965,162699718.85,7532,LEGACY
2020-04-15,ABBOTINDIA,Abbott India,EQ,INE358A01014,17532.3,17600.0,16900.0,17107.15,17098.5,17232.3,35796,618302317.6,11655,LEGACY
2020-04-15,AJANTPHARM,Ajanta Pharma,EQ,INE031B01049,1425.0,1460.0,1400.0,1409.4,1412.9,1370.35,173664,248520179.3,19179,LEGACY
2020-04-15,ALKEM,Alkem Laboratories,EQ,INE540L01014,2748.0,2809.95,2674.0,2686.85,2700.0,2693.8,152184,417514140.1,32582,LEGACY
2020-04-15,APLLTD,Alembic Pharmaceuticals,EQ,INE901L01018,684.4,700.0,633.0,640.5,641.0,680.45,325017,222479155.7,15571,LEGACY
2020-04-15,AUROPHARMA,Aurobindo Pharma,EQ,INE406A01037,522.0,537.5,496.75,514.7,519.45,503.2,12644934,6601364230.8,216438,LEGACY
2020-04-15,BIOCON,Biocon,EQ,INE376G01013,353.0,353.0,330.15,336.85,337.0,340.55,8436365,2893898398.8,179313,LEGACY
2020-04-15,CADILAHC,Cadila Healthcare,EQ,INE010B01027,354.5,358.0,330.85,339.1,339.95,353.75,11480952,3985431562.25,167173,LEGACY
2020-04-15,CIPLA,Cipla,EQ,INE059A01026,604.45,614.0,578.6,592.35,595.85,592.85,16213849,9751835989.8,315659,LEGACY
2020-04-15,DIVISLAB,Divi's Laboratories,EQ,INE361B01024,2371.0,2418.0,2330.0,2395.45,2385.9,2341.2,1136727,2714580633.6,74504,LEGACY
2020-04-15,DRREDDY,Dr. Reddy's Laboratories,EQ,INE089A01023,3825.0,3893.6,3776.0,3807.6,3805.4,3746.6,1725113,6630697143.1,123319,LEGACY
2020-04-15,GLAXO,GlaxoSmithKline Pharmaceuticals,EQ,INE159A01016,1544.0,1544.0,1463.75,1476.85,1478.9,1451.3,165735,249264181.65,12992,LEGACY
2020-04-15,GLENMARK,Glenmark Pharmaceuticals,EQ,INE935A01035,329.0,342.5,309.2,319.75,324.0,299.1,21789838,7146940496.35,293001,LEGACY
2020-04-15,GRANULES,Granules India,EQ,INE101D01020,174.95,177.9,165.0,167.85,167.0,171.9,1987990,342435684.15,30180,LEGACY
2020-04-15,IPCALAB,IPCA Laboratories,EQ,INE571A01020,1554.0,1586.9,1500.0,1518.55,1519.45,1552.25,881932,1361843952.3,75878,LEGACY
2020-04-15,JBCHEPHARM,JB Chemicals & Pharmaceuticals,EQ,INE572A01028,522.1,548.0,511.4,516.4,516.6,517.05,507339,270873928.1,33428,LEGACY
2020-04-15,LAURUSLABS,Laurus Labs,EQ,INE947Q01010,416.0,419.0,399.05,401.2,399.25,405.35,312671,128122306.25,20335,LEGACY
2020-04-15,LUPIN,Lupin,EQ,INE326A01037,847.95,854.0,791.35,810.4,815.0,826.05,7000858,5827324752.2,166209,LEGACY
2020-04-15,NATCOPHARM,Natco Pharma,EQ,INE987B01026,620.9,642.5,588.0,597.1,596.0,607.85,1251999,781677965.4,27452,LEGACY
2020-04-15,PEL,Piramal Enterprises,EQ,INE140A01024,940.0,1000.0,920.3,932.5,931.0,919.4,2320567,2235907316.25,83779,LEGACY
2020-04-15,PFIZER,Pfizer,EQ,INE182A01018,4547.0,4669.0,4408.25,4428.0,4423.0,4448.6,79737,361927551.85,18022,LEGACY
2020-04-15,SANOFI,Sanofi India,EQ,INE058A01010,7650.0,7999.0,7400.0,7519.35,7550.0,7211.5,222178,1703048173.85,31848,LEGACY
2020-04-15,STAR,Strides Pharma Science,EQ,INE939A01011,361.0,363.85,330.55,337.2,338.0,343.1,734997,257317838.05,25176,LEGACY
2020-04-15,SUNPHARMA,Sun Pharmaceutical Industries,EQ,INE044A01036,474.9,488.5,444.1,449.2,450.0,462.35,32508977,15259261040.1,427523,LEGACY
2020-04-15,TORNTPHARM,Torrent Pharmaceuticals,EQ,INE685A01028,2376.0,2468.95,2250.15,2296.45,2306.6,2375.3,1034987,2456342579.55,88767,LEGACY
2020-04-15,WOCKPHARMA,Wockhardt,EQ,INE049B01025,256.1,256.1,238.0,255.8,256.1,243.95,624006,157810195.75,8883,LEGACY
2020-04-20,ABBOTINDIA,Abbott India,EQ,INE358A01014,17118.0,17260.05,16500.0,16880.85,16900.0,16918.5,14847,250268663.45,6407,LEGACY
2020-04-20,AJANTPHARM,Ajanta Pharma,EQ,INE031B01049,1353.65,1369.0,1305.3,1315.15,1313.9,1353.65,124185,166100817.8,13626,LEGACY
2020-04-20,ALKEM,Alkem Laboratories,EQ,INE540L01014,2670.0,2719.4,2585.05,2603.65,2590.0,2678.55,82229,219419238.4,19128,LEGACY
2020-04-20,APLLTD,Alembic Pharmaceuticals,EQ,INE901L01018,627.7,642.0,612.5,618.6,617.5,617.25,183621,114228465.1,11576,LEGACY
2020-04-20,AUROPHARMA,Aurobindo Pharma,EQ,INE406A01037,544.25,553.5,526.75,540.95,542.4,542.7,7893459,4255221874.3,92085,LEGACY
2020-04-20,BIOCON,Biocon,EQ,INE376G01013,359.9,367.8,351.6,357.95,357.0,355.25,9125641,3281968279.9,136463,LEGACY
2020-04-20,CADILAHC,Cadila Healthcare,EQ,INE010B01027,340.0,340.9,330.2,333.2,332.25,333.8,9732675,3265141391.1,117779,LEGACY
2020-04-20,CIPLA,Cipla,EQ,INE059A01026,598.0,599.4,580.0,585.4,584.6,598.0,5856240,3440508754.45,120517,LEGACY
2020-04-20,DIVISLAB,Divi's Laboratories,EQ,INE361B01024,2335.0,2375.0,2296.05,2342.55,2330.0,2332.2,817776,1917040262.85,53150,LEGACY
2020-04-20,DRREDDY,Dr. Reddy's Laboratories,EQ,INE089A01023,3923.55,3924.95,3810.3,3844.75,3840.0,3929.55,1498802,5791507867.7,127048,LEGACY
2020-04-20,GLAXO,GlaxoSmithKline Pharmaceuticals,EQ,INE159A01016,1463.0,1474.0,1428.45,1455.6,1465.0,1455.3,28753,41791082.05,2921,LEGACY
2020-04-20,GLENMARK,Glenmark Pharmaceuticals,EQ,INE935A01035,315.15,325.5,306.0,314.05,312.95,314.45,4512316,1428885829.45,65255,LEGACY
2020-04-20,GRANULES,Granules India,EQ,INE101D01020,169.7,169.75,163.5,164.7,164.0,166.55,947634,157365708.4,10060,LEGACY
2020-04-20,IPCALAB,IPCA Laboratories,EQ,INE571A01020,1510.0,1544.0,1491.0,1504.15,1500.0,1498.05,409373,621863698.95,33947,LEGACY
2020-04-20,JBCHEPHARM,JB Chemicals & Pharmaceuticals,EQ,INE572A01028,564.0,588.0,555.0,566.35,563.5,536.85,335197,190743278.05,29701,LEGACY
2020-04-20,LAURUSLABS,Laurus Labs,EQ,INE947Q01010,406.15,413.8,406.15,408.35,407.0,404.35,239492,98030305.75,7969,LEGACY
2020-04-20,LUPIN,Lupin,EQ,INE326A01037,822.0,822.0,795.35,809.75,811.0,822.25,2294963,1858263603.3,54259,LEGACY
2020-04-20,NATCOPHARM,Natco Pharma,EQ,INE987B01026,623.4,627.4,603.05,616.3,615.05,616.0,138318,85247084.25,6388,LEGACY
2020-04-20,PEL,Piramal Enterprises,EQ,INE140A01024,899.0,918.55,871.0,876.85,874.3,892.65,2281967,2044161528.4,70022,LEGACY
2020-04-20,PFIZER,Pfizer,EQ,INE182A01018,4350.0,4374.05,4250.0,4263.3,4268.95,4305.95,29617,127068164.85,5878,LEGACY
2020-04-20,SANOFI,Sanofi India,EQ,INE058A01010,7934.0,8080.0,7601.0,7644.6,7650.0,7933.65,56085,433308895.95,16786,LEGACY
2020-04-20,STAR,Strides Pharma Science,EQ,INE939A01011,347.8,349.4,337.0,339.3,338.3,344.8,471330,160628320.5,19554,LEGACY
2020-04-20,SUNPHARMA,Sun Pharmaceutical Industries,EQ,INE044A01036,457.35,475.0,450.55,473.4,474.85,457.1,17894276,8343567565.0,198808,LEGACY
2020-04-20,TORNTPHARM,Torrent Pharmaceuticals,EQ,INE685A01028,2266.0,2395.7,2256.6,2331.25,2309.0,2246.8,811360,1898385364.5,68592,LEGACY
2020-04-20,WOCKPHARMA,Wockhardt,EQ,INE049B01025,274.0,275.0,260.0,263.9,263.0,270.9,370068,99050484.75,7603,LEGACY
2020-04-21,ABBOTINDIA,Abbott India,EQ,INE358A01014,16800.0,17250.9,16506.3,16545.1,16589.0,16880.85,25184,423961782.75,9557,LEGACY
2020-04-21,AJANTPHARM,Ajanta Pharma,EQ,INE031B01049,1300.0,1359.7,1290.0,1306.5,1303.0,1315.15,183080,243584884.1,21268,LEGACY
2020-04-21,ALKEM,Alkem Laboratories,EQ,INE540L01014,2603.0,2669.95,2535.55,2581.7,2551.0,2603.65,162343,422835023.05,37395,LEGACY
2020-04-21,APLLTD,Alembic Pharmaceuticals,EQ,INE901L01018,610.0,643.0,599.15,617.95,618.95,618.6,349031,219420162.75,19908,LEGACY
2020-04-21,AUROPHARMA,Aurobindo Pharma,EQ,INE406A01037,531.0,649.1,525.5,644.4,649.1,540.95,37163180,23105388234.6,521791,LEGACY
2020-04-21,BIOCON,Biocon,EQ,INE376G01013,349.7,366.2,347.0,357.0,355.6,357.95,10212965,3673895295.0,141985,LEGACY
2020-04-21,CADILAHC,Cadila Healthcare,EQ,INE010B01027,329.75,349.9,326.35,344.2,344.35,333.2,12650701,4350618002.85,155613,LEGACY
2020-04-21,CIPLA,Cipla,EQ,INE059A01026,578.0,609.8,570.0,592.1,587.85,585.4,14471886,8647157437.05,234920,LEGACY
2020-04-21,DIVISLAB,Divi's Laboratories,EQ,INE361B01024,2295.0,2474.45,2295.0,2406.6,2408.0,2342.55,1365316,3294723454.1,68394,LEGACY
2020-04-21,DRREDDY,Dr. Reddy's Laboratories,EQ,INE089A01023,3835.0,4047.8,3822.05,4016.4,4013.0,3844.75,2847875,11347608695.3,181920,LEGACY
2020-04-21,GLAXO,GlaxoSmithKline Pharmaceuticals,EQ,INE159A01016,1428.0,1484.0,1416.0,1459.5,1458.9,1455.6,44520,65165572.75,4148,LEGACY
2020-04-21,GLENMARK,Glenmark Pharmaceuticals,EQ,INE935A01035,307.8,329.55,304.5,315.4,314.45,314.05,9106077,2917010570.45,117788,LEGACY
2020-04-21,GRANULES,Granules India,EQ,INE101D01020,160.0,170.7,153.65,159.1,157.55,164.7,4496122,736906976.25,49854,LEGACY
2020-04-21,IPCALAB,IPCA Laboratories,EQ,INE571A01020,1480.0,1611.0,1462.65,1599.4,1601.8,1504.15,1482946,2328340978.4,93783,LEGACY
2020-04-21,JBCHEPHARM,JB Chemicals & Pharmaceuticals,EQ,INE572A01028,565.0,589.4,546.05,560.75,557.05,566.35,351590,199197859.7,31604,LEGACY
2020-04-21,LAURUSLABS,Laurus Labs,EQ,INE947Q01010,404.0,474.0,401.0,455.8,453.0,408.35,1795126,796495379.25,46966,LEGACY
2020-04-21,LUPIN,Lupin,EQ,INE326A01037,795.5,845.5,792.0,812.5,810.0,809.75,5837277,4827029092.6,110622,LEGACY
2020-04-21,NATCOPHARM,Natco Pharma,EQ,INE987B01026,605.0,644.0,597.0,616.65,614.6,616.3,806490,507536045.8,21758,LEGACY
2020-04-21,PEL,Piramal Enterprises,EQ,INE140A01024,868.35,868.35,823.5,829.7,827.75,876.85,1843249,1545079453.65,63300,LEGACY
2020-04-21,PFIZER,Pfizer,EQ,INE182A01018,4259.0,4335.1,4190.0,4227.1,4210.0,4263.3,65536,279666837.5,12777,LEGACY
2020-04-21,SANOFI,Sanofi India,EQ,INE058A01010,7600.0,7745.0,7405.05,7635.1,7621.0,7644.6,69044,527368807.15,16041,LEGACY
2020-04-21,STAR,Strides Pharma Science,EQ,INE939A01011,338.0,344.0,322.0,324.65,322.25,339.3,1200283,399369493.65,36033,LEGACY
2020-04-21,SUNPHARMA,Sun Pharmaceutical Industries,EQ,INE044A01036,467.85,490.7,464.25,473.15,470.35,473.4,30022318,14408188549.05,354530,LEGACY
2020-04-21,TORNTPHARM,Torrent Pharmaceuticals,EQ,INE685A01028,2268.95,2460.0,2260.0,2350.55,2353.55,2331.25,1093085,2624102471.55,81266,LEGACY
2020-04-21,WOCKPHARMA,Wockhardt,EQ,INE049B01025,261.0,275.0,250.75,264.6,264.65,263.9,572838,153262672.25,13212,LEGACY
2020-04-23,ABBOTINDIA,Abbott India,EQ,INE358A01014,16440.0,16662.0,16273.25,16391.1,16400.0,16467.0,13179,217655764.1,5346,LEGACY
2020-04-23,AJANTPHARM,Ajanta Pharma,EQ,INE031B01049,1302.0,1334.0,1302.0,1327.95,1327.85,1298.4,98834,130907281.25,8129,LEGACY
2020-04-23,ALKEM,Alkem Laboratories,EQ,INE540L01014,2570.6,2595.0,2502.0,2517.95,2512.0,2534.5,58942,151220618.25,14776,LEGACY
2020-04-23,APLLTD,Alembic Pharmaceuticals,EQ,INE901L01018,643.8,710.1,640.75,698.65,690.0,637.6,1738405,1189323362.3,43888,LEGACY
2020-04-23,AUROPHARMA,Aurobindo Pharma,EQ,INE406A01037,645.35,664.45,623.7,629.05,629.05,642.25,14403671,9246005487.0,227112,LEGACY
2020-04-23,BIOCON,Biocon,EQ,INE376G01013,360.5,365.5,344.55,347.7,346.6,360.6,7383981,2631586512.1,80717,LEGACY
2020-04-23,CADILAHC,Cadila Healthcare,EQ,INE010B01027,332.2,342.6,330.05,331.45,333.25,331.4,7291158,2457364750.95,89631,LEGACY
2020-04-23,CIPLA,Cipla,EQ,INE059A01026,590.0,603.9,579.05,586.7,589.0,587.2,6277909,3721988288.1,120788,LEGACY
2020-04-23,DIVISLAB,Divi's Laboratories,EQ,INE361B01024,2388.0,2454.3,2376.0,2417.3,2412.0,2384.5,993530,2408365557.95,56136,LEGACY
2020-04-23,DRREDDY,Dr. Reddy's Laboratories,EQ,INE089A01023,4031.0,4086.0,4009.25,4027.1,4030.0,4056.8,1025657,4157617240.0,63488,LEGACY
2020-04-23,GLAXO,GlaxoSmithKline Pharmaceuticals,EQ,INE159A01016,1426.0,1465.5,1426.0,1448.5,1452.0,1436.25,38191,55358612.65,3840,LEGACY
2020-04-23,GLENMARK,Glenmark Pharmaceuticals,EQ,INE935A01035,321.0,350.0,320.85,340.2,341.2,318.2,19683317,6726199985.4,241460,LEGACY
2020-04-23,GRANULES,Granules India,EQ,INE101D01020,162.0,165.5,160.0,160.6,160.6,160.45,1410536,228969957.7,29302,LEGACY
2020-04-23,IPCALAB,IPCA Laboratories,EQ,INE571A01020,1567.4,1580.55,1511.8,1533.75,1538.9,1561.55,561484,864331767.8,46828,LEGACY
2020-04-23,JBCHEPHARM,JB Chemicals & Pharmaceuticals,EQ,INE572A01028,564.95,568.15,556.0,560.7,557.5,559.65,228529,128128340.1,31200,LEGACY
2020-04-23,LAURUSLABS,Laurus Labs,EQ,INE947Q01010,478.0,479.75,465.0,468.15,468.0,468.8,361625,170322265.75,12539,LEGACY
2020-04-23,LUPIN,Lupin,EQ,INE326A01037,811.0,837.3,811.0,822.35,824.0,806.6,3411980,2823096268.45,68355,LEGACY
2020-04-23,NATCOPHARM,Natco Pharma,EQ,INE987B01026,609.05,627.5,609.05,616.8,615.0,608.5,275330,171004286.8,9084,LEGACY
2020-04-23,PEL,Piramal Enterprises,EQ,INE140A01024,855.0,886.6,847.5,854.05,851.7,839.85,1765052,1529756077.45,53616,LEGACY
2020-04-23,PFIZER,Pfizer,EQ,INE182A01018,4260.0,4542.0,4211.0,4419.4,4412.85,4177.95,131186,579698655.5,17587,LEGACY
2020-04-23,SANOFI,Sanofi India,EQ,INE058A01010,7511.55,7655.0,7440.0,7480.3,7475.0,7505.2,57396,434730654.75,15293,LEGACY
2020-04-23,STAR,Strides Pharma Science,EQ,INE939A01011,337.0,356.95,336.15,347.65,347.5,334.35,736480,257189231.5,21075,LEGACY
2020-04-23,SUNPHARMA,Sun Pharmaceutical Industries,EQ,INE044A01036,476.95,487.85,474.35,477.45,478.5,474.35,13748836,6614369526.0,179350,LEGACY
2020-04-23,TORNTPHARM,Torrent Pharmaceuticals,EQ,INE685A01028,2479.85,2549.0,2403.0,2422.65,2435.0,2444.25,855019,2118373839.15,59114,LEGACY
2020-04-23,WOCKPHARMA,Wockhardt,EQ,INE049B01025,263.1,269.3,262.0,264.45,264.0,263.35,155138,41297872.25,4401,LEGACY
2020-04-24,ABBOTINDIA,Abbott India,EQ,INE358A01014,16358.3,16598.75,16220.0,16439.95,16474.0,16391.1,14092,231605399.3,4535,LEGACY
2020-04-24,AJANTPHARM,Ajanta Pharma,EQ,INE031B01049,1327.85,1458.9,1308.9,1444.0,1440.0,1327.95,529799,746904722.15,26762,LEGACY
2020-04-24,ALKEM,Alkem Laboratories,EQ,INE540L01014,2500.0,2764.0,2500.0,2734.45,2734.5,2517.95,410823,1108956323.95,64992,LEGACY
2020-04-24,APLLTD,Alembic Pharmaceuticals,EQ,INE901L01018,705.8,801.9,705.0,760.2,760.0,698.65,4758686,3623241274.45,149585,LEGACY
2020-04-24,AUROPHARMA,Aurobindo Pharma,EQ,INE406A01037,629.05,654.5,618.5,624.45,627.5,629.05,12438408,7910644503.25,222905,LEGACY
2020-04-24,BIOCON,Biocon,EQ,INE376G01013,346.0,360.0,339.0,357.4,357.0,347.7,11732992,4142536896.7,95487,LEGACY
2020-04-24,CADILAHC,Cadila Healthcare,EQ,INE010B01027,333.25,344.0,330.9,336.95,336.05,331.45,8615838,2907577059.2,89718,LEGACY
2020-04-24,CIPLA,Cipla,EQ,INE059A01026,586.4,606.0,583.6,599.3,595.55,586.7,11127892,6664525196.9,185533,LEGACY
2020-04-24,DIVISLAB,Divi's Laboratories,EQ,INE361B01024,2410.0,2460.0,2390.6,2425.4,2424.0,2417.3,894214,2176693546.3,42671,LEGACY
2020-04-24,DRREDDY,Dr. Reddy's Laboratories,EQ,INE089A01023,4010.0,4049.6,3970.1,4002.8,4000.0,4027.1,1266284,5071564567.6,79023,LEGACY
2020-04-24,GLAXO,GlaxoSmithKline Pharmaceuticals,EQ,INE159A01016,1445.6,1472.0,1440.1,1455.05,1458.0,1448.5,33465,48857431.0,4333,LEGACY
2020-04-24,GLENMARK,Glenmark Pharmaceuticals,EQ,INE935A01035,342.7,360.95,342.0,344.85,346.0,340.2,17702680,6233483038.75,223781,LEGACY
2020-04-24,GRANULES,Granules India,EQ,INE101D01020,160.0,169.9,159.2,167.35,167.25,160.6,5453159,912472996.45,48437,LEGACY
2020-04-24,IPCALAB,IPCA Laboratories,EQ,INE571A01020,1533.0,1629.9,1520.0,1614.6,1616.0,1533.75,1122300,1793254410.85,60104,LEGACY
2020-04-24,JBCHEPHARM,JB Chemicals & Pharmaceuticals,EQ,INE572A01028,561.0,567.0,546.55,552.5,551.7,560.7,117944,65256049.75,6560,LEGACY
2020-04-24,LAURUSLABS,Laurus Labs,EQ,INE947Q01010,466.0,513.2,458.0,494.8,496.0,468.15,1575439,779470969.05,40746,LEGACY
2020-04-24,LUPIN,Lupin,EQ,INE326A01037,824.7,891.0,820.7,877.35,880.0,822.35,14719870,12799562818.9,285223,LEGACY
2020-04-24,NATCOPHARM,Natco Pharma,EQ,INE987B01026,609.9,642.0,607.0,624.8,628.0,616.8,454248,286972409.45,20620,LEGACY
2020-04-24,PEL,Piramal Enterprises,EQ,INE140A01024,815.0,877.45,808.1,864.45,866.9,854.05,2517127,2134010120.75,72376,LEGACY
2020-04-24,PFIZER,Pfizer,EQ,INE182A01018,4444.0,4485.0,4375.05,4398.95,4380.0,4419.4,52704,233459310.0,8902,LEGACY
2020-04-24,SANOFI,Sanofi India,EQ,INE058A01010,7460.0,7659.95,7460.0,7565.85,7560.0,7480.3,52446,398716864.05,12941,LEGACY
2020-04-24,STAR,Strides Pharma Science,EQ,INE939A01011,344.75,396.9,340.4,377.2,376.2,347.65,2473366,937786919.85,48911,LEGACY
2020-04-24,SUNPHARMA,Sun Pharmaceutical Industries,EQ,INE044A01036,476.95,497.0,473.55,485.55,485.5,477.45,23394286,11419353958.1,270856,LEGACY
2020-04-24,TORNTPHARM,Torrent Pharmaceuticals,EQ,INE685A01028,2430.0,2488.0,2361.65,2430.5,2440.0,2422.65,676697,1646283812.9,43176,LEGACY
2020-04-24,WOCKPHARMA,Wockhardt,EQ,INE049B01025,264.0,277.65,259.7,267.25,266.5,264.45,773105,210274430.85,13103,LEGACY
2020-04-27,ABBOTINDIA,Abbott India,EQ,INE358A01014,16599.0,17140.0,16402.0,16981.05,16971.0,16439.95,22738,383103382.4,7854,LEGACY
2020-04-27,AJANTPHARM,Ajanta Pharma,EQ,INE031B01049,1448.0,1520.0,1444.6,1506.1,1518.0,1444.0,334317,499383421.6,21262,LEGACY
2020-04-27,ALKEM,Alkem Laboratories,EQ,INE540L01014,2730.0,2870.0,2713.25,2777.5,2771.0,2734.45,285585,794431809.8,36271,LEGACY
2020-04-27,APLLTD,Alembic Pharmaceuticals,EQ,INE901L01018,779.0,839.0,765.0,817.3,816.0,760.2,2271528,1840175396.15,65431,LEGACY
2020-04-27,AUROPHARMA,Aurobindo Pharma,EQ,INE406A01037,630.0,642.95,622.0,633.8,631.0,624.45,7395523,4683043467.65,119999,LEGACY
2020-04-27,BIOCON,Biocon,EQ,INE376G01013,361.85,367.65,355.2,363.15,363.4,357.4,7967136,2882466219.4,119216,LEGACY
2020-04-27,CADILAHC,Cadila Healthcare,EQ,INE010B01027,330.3,342.55,325.65,333.85,334.0,336.95,9372941,3142603908.1,131002,LEGACY
2020-04-27,CIPLA,Cipla,EQ,INE059A01026,600.0,632.65,600.0,608.7,610.0,599.3,14089884,8704616726.7,210013,LEGACY
2020-04-27,DIVISLAB,Divi's Laboratories,EQ,INE361B01024,2450.0,2472.4,2394.2,2425.85,2424.6,2425.4,924358,2252065000.55,69375,LEGACY
2020-04-27,DRREDDY,Dr. Reddy's Laboratories,EQ,INE089A01023,4002.8,4065.1,3955.05,3980.3,3979.0,4002.8,1124910,4493361969.55,86091,LEGACY
2020-04-27,GLAXO,GlaxoSmithKline Pharmaceuticals,EQ,INE159A01016,1480.0,1480.0,1440.0,1443.55,1445.0,1455.05,33040,48003700.4,3316,LEGACY
2020-04-27,GLENMARK,Glenmark Pharmaceuticals,EQ,INE935A01035,352.0,355.45,340.5,342.1,342.85,344.85,6288958,2178081909.35,80586,LEGACY
2020-04-27,GRANULES,Granules India,EQ,INE101D01020,173.7,175.4,171.05,172.1,172.55,167.35,3031011,524487360.4,29447,LEGACY
2020-04-27,IPCALAB,IPCA Laboratories,EQ,INE571A01020,1559.0,1680.0,1531.05,1669.9,1665.0,1614.6,1170728,1901532894.35,71653,LEGACY
2020-04-27,JBCHEPHARM,JB Chemicals & Pharmaceuticals,EQ,INE572A01028,555.0,567.5,549.0,553.45,549.9,552.5,420743,235805570.8,13653,LEGACY
2020-04-27,LAURUSLABS,Laurus Labs,EQ,INE947Q01010,509.8,525.0,507.0,517.95,523.0,494.8,906087,468912492.55,22605,LEGACY
2020-04-27,LUPIN,Lupin,EQ,INE326A01037,899.95,906.0,875.7,896.8,897.0,877.35,6448984,5760760422.9,126255,LEGACY
2020-04-27,NATCOPHARM,Natco Pharma,EQ,INE987B01026,655.0,665.0,627.3,630.7,630.0,624.8,890378,570209227.2,38191,LEGACY
2020-04-27,PEL,Piramal Enterprises,EQ,INE140A01024,869.0,930.6,868.0,912.25,912.25,864.45,2863988,2603291255.45,88025,LEGACY
2020-04-27,PFIZER,Pfizer,EQ,INE182A01018,4498.6,4921.0,4454.95,4854.05,4916.0,4398.95,305203,1436201803.45,38499,LEGACY
2020-04-27,SANOFI,Sanofi India,EQ,INE058A01010,7610.0,7679.0,7600.0,7633.65,7649.0,7565.85,35909,274315340.65,7267,LEGACY
2020-04-27,STAR,Strides Pharma Science,EQ,INE939A01011,382.0,395.0,378.25,382.15,382.9,377.2,599446,231473275.25,15551,LEGACY
2020-04-27,SUNPHARMA,Sun Pharmaceutical Industries,EQ,INE044A01036,491.0,504.8,487.0,489.9,489.75,485.55,19311559,9573882063.25,256613,LEGACY
2020-04-27,TORNTPHARM,Torrent Pharmaceuticals,EQ,INE685A01028,2475.0,2524.9,2422.55,2509.1,2523.3,2430.5,886661,2190827796.9,37164,LEGACY
2020-04-27,WOCKPHARMA,Wockhardt,EQ,INE049B01025,269.9,274.4,265.0,267.0,266.95,267.25,321283,86484550.4,8069,LEGACY
2020-04-28,ABBOTINDIA,Abbott India,EQ,INE358A01014,17125.0,17535.0,16935.0,16975.05,17047.0,16981.05,28443,489878183.15,8291,LEGACY
2020-04-28,AJANTPHARM,Ajanta Pharma,EQ,INE031B01049,1530.0,1549.8,1482.0,1494.6,1494.0,1506.1,207852,315389537.45,16526,LEGACY
2020-04-28,ALKEM,Alkem Laboratories,EQ,INE540L01014,2801.0,2801.0,2664.9,2699.8,2700.0,2777.5,155012,419275940.35,16816,LEGACY
2020-04-28,APLLTD,Alembic Pharmaceuticals,EQ,INE901L01018,835.0,835.0,758.2,761.85,764.0,817.3,810661,634950705.95,41541,LEGACY
2020-04-28,AUROPHARMA,Aurobindo Pharma,EQ,INE406A01037,638.9,642.95,616.15,619.95,619.4,633.8,5778269,3603609718.85,97558,LEGACY
2020-04-28,BIOCON,Biocon,EQ,INE376G01013,365.95,365.95,348.4,352.0,351.9,363.15,6311044,2256497494.8,89445,LEGACY
2020-04-28,CADILAHC,Cadila Healthcare,EQ,INE010B01027,335.1,339.55,324.0,325.95,326.0,333.85,4882363,1612346758.95,58248,LEGACY
2020-04-28,CIPLA,Cipla,EQ,INE059A01026,616.8,621.25,593.25,598.6,600.5,608.7,8193432,4924678826.0,136856,LEGACY
2020-04-28,DIVISLAB,Divi's Laboratories,EQ,INE361B01024,2445.0,2445.0,2349.0,2363.35,2358.5,2425.85,855507,2037766355.4,65207,LEGACY
2020-04-28,DRREDDY,Dr. Reddy's Laboratories,EQ,INE089A01023,4030.0,4036.2,3892.05,3949.75,3943.6,3980.3,861168,3393497740.7,63912,LEGACY
2020-04-28,GLAXO,GlaxoSmithKline Pharmaceuticals,EQ,INE159A01016,1450.0,1461.75,1429.15,1453.0,1450.0,1443.55,34705,50225612.1,3162,LEGACY
2020-04-28,GLENMARK,Glenmark Pharmaceuticals,EQ,INE935A01035,347.1,347.1,326.0,327.75,328.4,342.1,5188040,1717390848.8,77095,LEGACY
2020-04-28,GRANULES,Granules India,EQ,INE101D01020,174.95,176.1,170.35,170.8,170.75,172.1,1569830,270999485.45,19517,LEGACY
2020-04-28,IPCALAB,IPCA Laboratories,EQ,INE571A01020,1673.0,1690.0,1628.0,1644.95,1633.0,1669.9,573556,947030235.85,49375,LEGACY
2020-04-28,JBCHEPHARM,JB Chemicals & Pharmaceuticals,EQ,INE572A01028,562.0,575.0,548.55,556.05,559.4,553.45,279018,155515702.8,18351,LEGACY
2020-04-28,LAURUSLABS,Laurus Labs,EQ,INE947Q01010,529.9,536.0,510.15,526.3,524.0,517.95,650341,340749730.85,19100,LEGACY
2020-04-28,LUPIN,Lupin,EQ,INE326A01037,900.0,901.0,848.25,854.35,857.4,896.8,4121437,3577108689.8,84507,LEGACY
2020-04-28,NATCOPHARM,Natco Pharma,EQ,INE987B01026,632.5,641.0,621.0,623.6,625.0,630.7,500780,316104749.55,15551,LEGACY
2020-04-28,PEL,Piramal Enterprises,EQ,INE140A01024,929.0,939.5,890.0,933.95,934.0,912.25,2447231,2245838888.1,74529,LEGACY
2020-04-28,PFIZER,Pfizer,EQ,INE182A01018,4999.0,5170.0,4800.0,4818.25,4815.0,4854.05,262511,1305950509.75,41610,LEGACY
2020-04-28,SANOFI,Sanofi India,EQ,INE058A01010,7728.95,7751.0,7601.0,7632.75,7602.0,7633.65,43661,334789956.25,9417,LEGACY
2020-04-28,STAR,Strides Pharma Science,EQ,INE939A01011,388.7,388.7,372.55,374.7,374.5,382.15,407794,153641331.9,17615,LEGACY
2020-04-28,SUNPHARMA,Sun Pharmaceutical Industries,EQ,INE044A01036,495.0,495.4,470.3,473.95,475.1,489.9,12847952,6154904852.0,168690,LEGACY
2020-04-28,TORNTPHARM,Torrent Pharmaceuticals,EQ,INE685A01028,2539.0,2575.0,2460.0,2480.65,2489.0,2509.1,693564,1730802915.95,41532,LEGACY
2020-04-28,WOCKPHARMA,Wockhardt,EQ,INE049B01025,272.9,273.4,261.0,262.0,261.0,267.0,232963,61635043.35,7959,LEGACY
2020-04-30,ABBOTINDIA,Abbott India,EQ,INE358A01014,18050.0,18200.0,17520.05,17730.75,17599.0,17992.1,44054,787867861.3,13795,LEGACY
2020-04-30,AJANTPHARM,Ajanta Pharma,EQ,INE031B01049,1534.9,1534.9,1465.6,1487.2,1487.75,1512.85,124296,185559967.9,10000,LEGACY
2020-04-30,ALKEM,Alkem Laboratories,EQ,INE540L01014,2675.1,2745.9,2575.55,2599.4,2625.0,2653.1,200131,528651406.6,23449,LEGACY
2020-04-30,APLLTD,Alembic Pharmaceuticals,EQ,INE901L01018,774.0,795.0,733.0,743.5,748.9,762.35,407025,307738231.9,18693,LEGACY
2020-04-30,AUROPHARMA,Aurobindo Pharma,EQ,INE406A01037,633.05,641.0,609.05,625.85,625.8,625.35,6391548,3981679727.45,101468,LEGACY
2020-04-30,BIOCON,Biocon,EQ,INE376G01013,360.0,360.0,347.25,353.95,354.1,352.15,5869794,2074250123.3,63328,LEGACY
2020-04-30,CADILAHC,Cadila Healthcare,EQ,INE010B01027,330.5,332.0,321.3,323.95,323.95,326.7,5084577,1656966772.75,62848,LEGACY
2020-04-30,CIPLA,Cipla,EQ,INE059A01026,607.9,611.45,586.1,589.6,590.0,596.25,9100084,5427778522.7,162055,LEGACY
2020-04-30,DIVISLAB,Divi's Laboratories,EQ,INE361B01024,2365.0,2372.7,2300.7,2332.9,2333.0,2369.85,843164,1968400697.25,103742,LEGACY
2020-04-30,DRREDDY,Dr. Reddy's Laboratories,EQ,INE089A01023,3933.1,4093.75,3895.05,3936.3,3931.0,3880.7,2178034,8649527322.85,155606,LEGACY
2020-04-30,GLAXO,GlaxoSmithKline Pharmaceuticals,EQ,INE159A01016,1459.9,1490.0,1432.5,1444.25,1436.0,1440.55,170424,247507587.15,4883,LEGACY
2020-04-30,GLENMARK,Glenmark Pharmaceuticals,EQ,INE935A01035,354.0,359.0,335.8,337.05,337.5,329.7,11120364,3845741485.3,160824,LEGACY
2020-04-30,GRANULES,Granules India,EQ,INE101D01020,170.6,171.4,162.0,162.5,163.15,168.85,1485830,245934121.05,18288,LEGACY
2020-04-30,IPCALAB,IPCA Laboratories,EQ,INE571A01020,1600.0,1629.2,1565.6,1618.7,1620.0,1592.6,859361,1379514346.6,47153,LEGACY
2020-04-30,JBCHEPHARM,JB Chemicals & Pharmaceuticals,EQ,INE572A01028,584.0,584.0,552.6,557.9,562.0,571.35,233142,132386683.3,11220,LEGACY
2020-04-30,LAURUSLABS,Laurus Labs,EQ,INE947Q01010,521.0,522.15,500.1,512.5,511.0,515.15,1691027,865285069.9,34662,LEGACY
2020-04-30,LUPIN,Lupin,EQ,INE326A01037,874.9,878.2,811.55,835.3,833.8,854.4,7643331,6422205826.0,155467,LEGACY
2020-04-30,NATCOPHARM,Natco Pharma,EQ,INE987B01026,629.0,630.0,597.0,610.7,611.0,619.1,353942,217514316.0,17929,LEGACY
2020-04-30,PEL,Piramal Enterprises,EQ,INE140A01024,963.1,997.5,960.6,988.75,982.15,954.6,1938021,1901525815.6,57065,LEGACY
2020-04-30,PFIZER,Pfizer,EQ,INE182A01018,5000.0,5040.0,4885.5,4901.95,4920.0,4926.1,106059,523520436.0,17466,LEGACY
2020-04-30,SANOFI,Sanofi India,EQ,INE058A01010,7848.0,7996.0,7751.0,7778.3,7779.0,7724.55,51868,407490331.3,12762,LEGACY
2020-04-30,STAR,Strides Pharma Science,EQ,INE939A01011,489.9,506.3,435.0,442.45,437.0,449.6,5154052,2427124841.5,101807,LEGACY
2020-04-30,SUNPHARMA,Sun Pharmaceutical Industries,EQ,INE044A01036,484.0,485.0,458.4,464.45,466.0,477.65,18471937,8651674740.95,248711,LEGACY
2020-04-30,TORNTPHARM,Torrent Pharmaceuticals,EQ,INE685A01028,2460.1,2472.0,2320.45,2345.4,2347.0,2420.35,711473,1677791166.75,68066,LEGACY
2020-04-30,WOCKPHARMA,Wockhardt,EQ,INE049B01025,265.25,269.0,255.0,255.75,257.0,262.9,366901,95969327.45,9823,LEGACY
2020-05-04,ABBOTINDIA,Abbott India,EQ,INE358A01014,17500.0,18600.0,17212.35,18195.35,18250.0,17730.75,40295,724595929.95,12376,LEGACY
2020-05-04,AJANTPHARM,Ajanta Pharma,EQ,INE031B01049,1450.0,1520.0,1442.6,1469.35,1464.05,1487.2,167515,248667878.85,11024,LEGACY
2020-05-04,ALKEM,Alkem Laboratories,EQ,INE540L01014,2599.4,2723.0,2480.0,2663.55,2646.95,2599.4,259890,677288823.3,39739,LEGACY
2020-05-04,APLLTD,Alembic Pharmaceuticals,EQ,INE901L01018,741.0,774.4,731.0,752.85,753.0,743.5,915896,696829757.1,22487,LEGACY
2020-05-04,AUROPHARMA,Aurobindo Pharma,EQ,INE406A01037,611.0,681.6,603.0,653.3,653.6,625.85,16904893,11034578210.85,293645,LEGACY
2020-05-04,BIOCON,Biocon,EQ,INE376G01013,352.0,366.0,349.15,357.95,359.0,353.95,9023425,3256641104.45,130926,LEGACY
2020-05-04,CADILAHC,Cadila Healthcare,EQ,INE010B01027,323.95,337.25,320.2,330.2,330.9,323.95,10069776,3343480808.7,132030,LEGACY
2020-05-04,CIPLA,Cipla,EQ,INE059A01026,589.0,616.95,580.6,611.85,611.5,589.6,16816196,10226896214.25,300922,LEGACY
2020-05-04,DIVISLAB,Divi's Laboratories,EQ,INE361B01024,2226.0,2343.95,2226.0,2287.15,2275.65,2332.9,936799,2152478070.75,79720,LEGACY
2020-05-04,DRREDDY,Dr. Reddy's Laboratories,EQ,INE089A01023,3850.0,4006.0,3848.2,3939.0,3920.0,3936.3,1415492,5600206981.7,108637,LEGACY
2020-05-04,GLAXO,GlaxoSmithKline Pharmaceuticals,EQ,INE159A01016,1435.0,1485.0,1419.05,1480.45,1483.3,1444.25,76569,112161536.3,7650,LEGACY
2020-05-04,GLENMARK,Glenmark Pharmaceuticals,EQ,INE935A01035,337.5,347.3,330.0,337.35,339.0,337.05,8534892,2908655606.4,139999,LEGACY
2020-05-04,GRANULES,Granules India,EQ,INE101D01020,160.0,166.0,156.05,161.9,162.15,162.5,1650800,268562019.8,19062,LEGACY
2020-05-04,IPCALAB,IPCA Laboratories,EQ,INE571A01020,1580.0,1639.85,1564.45,1614.55,1614.0,1618.7,682290,1096047932.45,41565,LEGACY
2020-05-04,JBCHEPHARM,JB Chemicals & Pharmaceuticals,EQ,INE572A01028,553.9,567.9,541.65,550.3,550.5,557.9,130979,72510206.35,6753,LEGACY
2020-05-04,LAURUSLABS,Laurus Labs,EQ,INE947Q01010,512.0,525.0,482.4,489.7,494.25,512.5,2769429,1400538040.55,65038,LEGACY
2020-05-04,LUPIN,Lupin,EQ,INE326A01037,826.0,865.8,815.0,841.65,841.6,835.3,5482347,4672705870.15,130867,LEGACY
2020-05-04,NATCOPHARM,Natco Pharma,EQ,INE987B01026,611.0,629.8,603.05,612.3,611.8,610.7,331007,204338506.8,12206,LEGACY
2020-05-04,PEL,Piramal Enterprises,EQ,INE140A01024,945.0,945.0,897.0,904.65,914.05,988.75,1826563,1662103255.9,58943,LEGACY
2020-05-04,PFIZER,Pfizer,EQ,INE182A01018,4899.0,5040.1,4871.0,5001.3,5000.0,4901.95,134758,669484352.9,22885,LEGACY
2020-05-04,SANOFI,Sanofi India,EQ,INE058A01010,7632.35,8150.0,7565.0,8052.75,8100.0,7778.3,50401,397208336.95,16471,LEGACY
2020-05-04,STAR,Strides Pharma Science,EQ,INE939A01011,429.7,469.0,416.4,437.7,439.3,442.45,2696657,1210148581.4,59531,LEGACY
2020-05-04,SUNPHARMA,Sun Pharmaceutical Industries,EQ,INE044A01036,464.45,474.5,458.0,465.45,466.0,464.45,16097081,7558168770.75,218018,LEGACY
2020-05-04,TORNTPHARM,Torrent Pharmaceuticals,EQ,INE685A01028,2340.0,2425.0,2322.0,2375.85,2371.9,2345.4,1005595,2405235916.0,56636,LEGACY
2020-05-04,WOCKPHARMA,Wockhardt,EQ,INE049B01025,250.0,268.5,250.0,261.9,262.8,255.75,648728,170376013.45,12092,LEGACY
2020-05-05,ABBOTINDIA,Abbott India,EQ,INE358A01014,18399.0,18580.0,18050.0,18301.7,18310.0,18195.35,34246,627172880.5,12703,LEGACY
2020-05-05,AJANTPHARM,Ajanta Pharma,EQ,INE031B01049,1476.0,1506.6,1462.0,1480.9,1482.0,1469.35,84039,124977580.1,10745,LEGACY
2020-05-05,ALKEM,Alkem Laboratories,EQ,INE540L01014,2696.0,2730.0,2646.0,2674.15,2676.05,2663.55,205986,555092482.4,29582,LEGACY
2020-05-05,APLLTD,Alembic Pharmaceuticals,EQ,INE901L01018,762.95,783.0,741.0,750.8,757.0,752.85,480970,368549211.2,12864,LEGACY
2020-05-05,AUROPHARMA,Aurobindo Pharma,EQ,INE406A01037,663.95,668.45,627.55,631.6,635.0,653.3,6453306,4196900858.65,111062,LEGACY
2020-05-05,BIOCON,Biocon,EQ,INE376G01013,366.9,366.9,347.0,349.2,348.8,357.95,8533655,3035941277.45,98721,LEGACY
2020-05-05,CADILAHC,Cadila Healthcare,EQ,INE010B01027,336.0,342.5,324.3,326.1,327.15,330.2,8082678,2710018653.05,106651,LEGACY
2020-05-05,CIPLA,Cipla,EQ,INE059A01026,623.05,623.05,595.0,596.9,597.4,611.85,9257197,5623333826.35,141932,LEGACY
2020-05-05,DIVISLAB,Divi's Laboratories,EQ,INE361B01024,2273.2,2326.0,2273.2,2284.25,2283.9,2287.15,609756,1403160265.5,62805,LEGACY
2020-05-05,DRREDDY,Dr. Reddy's Laboratories,EQ,INE089A01023,3980.0,3986.35,3806.0,3833.9,3837.0,3939.0,795735,3090381348.4,54333,LEGACY
2020-05-05,GLAXO,GlaxoSmithKline Pharmaceuticals,EQ,INE159A01016,1500.0,1522.0,1442.5,1448.35,1448.0,1480.45,72813,108263350.25,8045,LEGACY
2020-05-05,GLENMARK,Glenmark Pharmaceuticals,EQ,INE935A01035,346.0,346.0,322.9,324.8,325.0,337.35,4686125,1564827927.5,64317,LEGACY
2020-05-05,GRANULES,Granules India,EQ,INE101D01020,162.0,164.35,157.6,158.75,159.35,161.9,808179,130375884.9,9379,LEGACY
2020-05-05,IPCALAB,IPCA Laboratories,EQ,INE571A01020,1625.0,1638.95,1566.0,1576.1,1570.15,1614.55,252694,404318231.15,25047,LEGACY
2020-05-05,JBCHEPHARM,JB Chemicals & Pharmaceuticals,EQ,INE572A01028,559.0,581.6,554.5,559.25,560.5,550.3,283311,161320514.0,9066,LEGACY
2020-05-05,LAURUSLABS,Laurus Labs,EQ,INE947Q01010,500.8,511.7,486.75,493.7,493.3,489.7,1083664,541615343.7,24833,LEGACY
2020-05-05,LUPIN,Lupin,EQ,INE326A01037,867.95,867.95,821.0,826.8,826.0,841.65,3485068,2936851193.45,83187,LEGACY
2020-05-05,NATCOPHARM,Natco Pharma,EQ,INE987B01026,615.5,628.0,594.1,598.95,605.05,612.3,217642,132681926.25,7355,LEGACY
2020-05-05,PEL,Piramal Enterprises,EQ,INE140A01024,930.0,952.4,900.1,910.7,916.0,904.65,2266754,2094880950.95,60192,LEGACY
2020-05-05,PFIZER,Pfizer,EQ,INE182A01018,5080.0,5088.0,4940.0,4968.5,4989.0,5001.3,123480,617731637.85,21428,LEGACY
2020-05-05,SANOFI,Sanofi India,EQ,INE058A01010,8100.0,8180.0,7800.0,7849.85,7860.0,8052.75,79146,633812027.7,10447,LEGACY
2020-05-05,STAR,Strides Pharma Science,EQ,INE939A01011,447.7,454.2,418.0,420.75,421.0,437.7,878801,380945681.05,23954,LEGACY
2020-05-05,SUNPHARMA,Sun Pharmaceutical Industries,EQ,INE044A01036,469.8,472.5,454.0,456.3,457.3,465.45,7852607,3630346217.6,105821,LEGACY
2020-05-05,TORNTPHARM,Torrent Pharmaceuticals,EQ,INE685A01028,2406.6,2440.0,2352.7,2365.85,2364.05,2375.85,571452,1369672711.85,35210,LEGACY
2020-05-05,WOCKPHARMA,Wockhardt,EQ,INE049B01025,265.0,265.7,254.15,257.0,257.25,261.9,320836,83186703.1,7423,LEGACY
2020-05-06,ABBOTINDIA,Abbott India,EQ,INE358A01014,18301.7,18399.0,18117.0,18162.15,18180.0,18301.7,8889,162209805.7,3716,LEGACY
2020-05-06,AJANTPHARM,Ajanta Pharma,EQ,INE031B01049,1492.6,1494.0,1431.2,1448.95,1468.0,1480.9,74992,110389647.55,5706,LEGACY
2020-05-06,ALKEM,Alkem Laboratories,EQ,INE540L01014,2694.0,2713.95,2580.0,2614.65,2610.05,2674.15,207689,556547473.65,20251,LEGACY
2020-05-06,APLLTD,Alembic Pharmaceuticals,EQ,INE901L01018,759.9,784.7,751.8,777.9,780.0,750.8,753265,582715517.85,27589,LEGACY
2020-05-06,AUROPHARMA,Aurobindo Pharma,EQ,INE406A01037,633.7,667.8,626.55,661.85,658.35,631.6,9906148,6391425846.1,169067,LEGACY
2020-05-06,BIOCON,Biocon,EQ,INE376G01013,350.95,355.5,345.35,353.25,354.0,349.2,6743672,2373060618.8,76158,LEGACY
2020-05-06,CADILAHC,Cadila Healthcare,EQ,INE010B01027,328.95,330.7,323.6,326.9,326.8,326.1,3448128,1127757864.85,42136,LEGACY
2020-05-06,CIPLA,Cipla,EQ,INE059A01026,597.5,606.0,590.0,591.75,591.45,596.9,6979140,4156487024.5,132415,LEGACY
2020-05-06,DIVISLAB,Divi's Laboratories,EQ,INE361B01024,2310.0,2313.85,2241.7,2291.35,2290.0,2284.25,762810,1738634376.15,64800,LEGACY
2020-05-06,DRREDDY,Dr. Reddy's Laboratories,EQ,INE089A01023,3851.0,3880.0,3805.05,3852.5,3835.0,3833.9,955938,3674144340.1,80211,LEGACY
2020-05-06,GLAXO,GlaxoSmithKline Pharmaceuticals,EQ,INE159A01016,1450.0,1485.0,1441.0,1464.45,1465.0,1448.35,33562,49221836.7,4402,LEGACY
2020-05-06,GLENMARK,Glenmark Pharmaceuticals,EQ,INE935A01035,326.4,339.55,325.1,334.7,336.0,324.8,4634569,1540366768.05,57039,LEGACY
2020-05-06,GRANULES,Granules India,EQ,INE101D01020,158.75,160.45,156.25,158.4,159.0,158.75,840151,132624011.5,9495,LEGACY
2020-05-06,IPCALAB,IPCA Laboratories,EQ,INE571A01020,1588.0,1606.45,1542.1,1549.9,1550.0,1576.1,379056,593872434.05,51833,LEGACY
2020-05-06,JBCHEPHARM,JB Chemicals & Pharmaceuticals,EQ,INE572A01028,580.0,621.75,563.8,597.65,602.7,559.25,1222444,732511222.3,41273,LEGACY
2020-05-06,LAURUSLABS,Laurus Labs,EQ,INE947Q01010,499.0,514.5,481.05,506.4,504.5,493.7,1477058,735480828.45,48103,LEGACY
2020-05-06,LUPIN,Lupin,EQ,INE326A01037,834.95,840.65,817.05,827.2,828.6,826.8,2243112,1852533013.65,50724,LEGACY
2020-05-06,NATCOPHARM,Natco Pharma,EQ,INE987B01026,600.0,608.0,591.65,597.1,598.0,598.95,135580,81303550.85,7020,LEGACY
2020-05-06,PEL,Piramal Enterprises,EQ,INE140A01024,900.0,940.0,857.3,918.8,928.0,910.7,3663506,3281873691.85,105657,LEGACY
2020-05-06,PFIZER,Pfizer,EQ,INE182A01018,4800.0,4835.95,4666.6,4767.95,4772.65,4968.5,83510,398800153.1,16383,LEGACY
2020-05-06,SANOFI,Sanofi India,EQ,INE058A01010,7925.0,8100.0,7876.05,8046.25,8070.0,7849.85,38321,306357074.15,7164,LEGACY
2020-05-06,STAR,Strides Pharma Science,EQ,INE939A01011,424.0,426.75,407.0,412.55,411.0,420.75,773144,320516128.1,21782,LEGACY
2020-05-06,SUNPHARMA,Sun Pharmaceutical Industries,EQ,INE044A01036,459.6,463.0,448.0,454.4,456.5,456.3,10829910,4927088357.45,181109,LEGACY
2020-05-06,TORNTPHARM,Torrent Pharmaceuticals,EQ,INE685A01028,2360.0,2397.9,2296.45,2320.7,2322.1,2365.85,414431,975468783.9,29342,LEGACY
2020-05-06,WOCKPHARMA,Wockhardt,EQ,INE049B01025,260.0,261.5,254.0,256.2,256.0,257.0,238197,61130067.7,6315,LEGACY
2020-05-07,ABBOTINDIA,Abbott India,EQ,INE358A01014,18150.0,18288.8,17728.1,17818.95,17848.0,18162.15,10824,194180413.6,4279,LEGACY
2020-05-07,AJANTPHARM,Ajanta Pharma,EQ,INE031B01049,1467.9,1490.0,1441.1,1462.45,1456.0,1448.95,121802,179709519.8,5817,LEGACY
2020-05-07,ALKEM,Alkem Laboratories,EQ,INE540L01014,2617.0,2653.95,2521.0,2557.6,2546.0,2614.65,104896,270077244.7,13674,LEGACY
2020-05-07,APLLTD,Alembic Pharmaceuticals,EQ,INE901L01018,778.85,811.0,771.0,802.05,797.9,777.9,503310,401343871.3,20587,LEGACY
2020-05-07,AUROPHARMA,Aurobindo Pharma,EQ,INE406A01037,657.95,671.9,646.0,648.55,649.0,661.85,6622327,4368145801.1,120410,LEGACY
2020-05-07,BIOCON,Biocon,EQ,INE376G01013,353.95,361.0,348.1,349.75,349.95,353.25,6104708,2162445856.0,93814,LEGACY
2020-05-07,CADILAHC,Cadila Healthcare,EQ,INE010B01027,328.15,332.55,320.3,321.2,320.95,326.9,4523263,1468374626.25,54511,LEGACY
2020-05-07,CIPLA,Cipla,EQ,INE059A01026,598.0,601.8,587.5,589.55,591.0,591.75,4620871,2749062636.6,99690,LEGACY
2020-05-07,DIVISLAB,Divi's Laboratories,EQ,INE361B01024,2280.35,2310.0,2227.0,2258.85,2275.0,2291.35,498540,1129988490.35,45532,LEGACY
2020-05-07,DRREDDY,Dr. Reddy's Laboratories,EQ,INE089A01023,3908.9,3936.55,3818.55,3837.65,3825.0,3852.5,916303,3564110292.25,55074,LEGACY
2020-05-07,GLAXO,GlaxoSmithKline Pharmaceuticals,EQ,INE159A01016,1490.0,1492.0,1442.0,1451.6,1442.0,1464.45,29568,43384920.05,2953,LEGACY
2020-05-07,GLENMARK,Glenmark Pharmaceuticals,EQ,INE935A01035,336.0,344.0,333.05,336.2,336.45,334.7,3739422,1268480273.35,45964,LEGACY
2020-05-07,GRANULES,Granules India,EQ,INE101D01020,158.35,162.8,158.0,159.25,159.95,158.4,662107,106191219.15,7522,LEGACY
2020-05-07,IPCALAB,IPCA Laboratories,EQ,INE571A01020,1556.35,1589.0,1511.0,1547.05,1524.0,1549.9,242548,378734876.1,21526,LEGACY
2020-05-07,JBCHEPHARM,JB Chemicals & Pharmaceuticals,EQ,INE572A01028,600.0,615.6,592.0,610.4,613.1,597.65,367422,223395088.8,14183,LEGACY
2020-05-07,LAURUSLABS,Laurus Labs,EQ,INE947Q01010,504.0,518.0,484.0,488.8,484.5,506.4,1117513,562273772.6,28863,LEGACY
2020-05-07,LUPIN,Lupin,EQ,INE326A01037,820.0,836.6,808.75,813.3,815.8,827.2,2230824,1833171682.05,82103,LEGACY
2020-05-07,NATCOPHARM,Natco Pharma,EQ,INE987B01026,597.1,621.0,597.1,617.05,618.35,597.1,188528,115086917.9,7827,LEGACY
2020-05-07,PEL,Piramal Enterprises,EQ,INE140A01024,913.55,952.95,906.0,912.95,915.45,918.8,1532572,1425467797.9,41341,LEGACY
2020-05-07,PFIZER,Pfizer,EQ,INE182A01018,4770.0,4800.0,4601.0,4624.2,4632.0,4767.95,67097,312243077.75,13762,LEGACY
2020-05-07,SANOFI,Sanofi India,EQ,INE058A01010,7981.05,8150.0,7853.0,7922.9,7910.05,8046.25,17715,141325513.95,6738,LEGACY
2020-05-07,STAR,Strides Pharma Science,EQ,INE939A01011,410.0,445.0,410.0,425.4,427.25,412.55,2465140,1070311117.85,54801,LEGACY
2020-05-07,SUNPHARMA,Sun Pharmaceutical Industries,EQ,INE044A01036,462.0,465.7,450.2,452.2,453.55,454.4,11216370,5145132335.45,155891,LEGACY
2020-05-07,TORNTPHARM,Torrent Pharmaceuticals,EQ,INE685A01028,2338.0,2430.0,2331.65,2354.6,2365.0,2320.7,516753,1223486094.85,36972,LEGACY
2020-05-07,WOCKPHARMA,Wockhardt,EQ,INE049B01025,255.9,259.25,253.0,254.55,254.9,256.2,220017,56251167.05,5152,LEGACY
2020-05-08,ABBOTINDIA,Abbott India,EQ,INE358A01014,18000.0,18044.0,17610.0,17704.75,17800.0,17818.95,12631,224501914.25,4848,LEGACY
2020-05-08,AJANTPHARM,Ajanta Pharma,EQ,INE031B01049,1469.55,1518.0,1449.05,1454.0,1455.6,1462.45,163312,242959418.6,10134,LEGACY
2020-05-08,ALKEM,Alkem Laboratories,EQ,INE540L01014,2579.9,2600.0,2551.0,2587.95,2590.0,2557.6,185260,479722566.25,19353,LEGACY
2020-05-08,APLLTD,Alembic Pharmaceuticals,EQ,INE901L01018,814.4,814.4,761.0,767.3,768.3,802.05,312537,245371977.05,17546,LEGACY
2020-05-08,AUROPHARMA,Aurobindo Pharma,EQ,INE406A01037,658.95,664.4,639.6,652.65,652.5,648.55,4931319,3220237770.85,83571,LEGACY
2020-05-08,BIOCON,Biocon,EQ,INE376G01013,355.0,361.0,349.2,359.25,358.5,349.75,5545612,1976078060.75,65154,LEGACY
2020-05-08,CADILAHC,Cadila Healthcare,EQ,INE010B01027,323.5,327.45,318.0,321.25,321.05,321.2,5409424,1739871588.8,55765,LEGACY
2020-05-08,CIPLA,Cipla,EQ,INE059A01026,598.0,601.2,589.5,591.9,592.55,589.55,5051381,2999819151.0,90641,LEGACY
2020-05-08,DIVISLAB,Divi's Laboratories,EQ,INE361B01024,2271.0,2314.85,2253.1,2300.8,2300.0,2258.85,641799,1473304808.65,52656,LEGACY
2020-05-08,DRREDDY,Dr. Reddy's Laboratories,EQ,INE089A01023,3900.1,4132.2,3900.1,3984.0,3978.0,3837.65,2003475,8004916891.45,126008,LEGACY
2020-05-08,GLAXO,GlaxoSmithKline Pharmaceuticals,EQ,INE159A01016,1454.0,1468.45,1431.35,1437.45,1438.0,1451.6,21380,30964042.6,2247,LEGACY
2020-05-08,GLENMARK,Glenmark Pharmaceuticals,EQ,INE935A01035,339.0,343.7,332.8,333.75,335.0,336.2,2748715,930256163.6,33256,LEGACY
2020-05-08,GRANULES,Granules India,EQ,INE101D01020,160.15,162.4,157.05,157.85,158.5,159.25,615011,98237680.95,9376,LEGACY
2020-05-08,IPCALAB,IPCA Laboratories,EQ,INE571A01020,1544.25,1587.0,1533.3,1552.3,1556.0,1547.05,367697,573902213.1,36332,LEGACY
2020-05-08,JBCHEPHARM,JB Chemicals & Pharmaceuticals,EQ,INE572A01028,621.0,650.0,612.5,645.3,648.0,610.4,1030588,658298097.35,37213,LEGACY
2020-05-08,LAURUSLABS,Laurus Labs,EQ,INE947Q01010,468.0,488.55,435.0,440.75,440.75,488.8,23138588,10418707832.9,200016,LEGACY
2020-05-08,LUPIN,Lupin,EQ,INE326A01037,820.0,839.65,817.3,835.0,835.0,813.3,2635472,2185315037.55,62889,LEGACY
2020-05-08,NATCOPHARM,Natco Pharma,EQ,INE987B01026,621.0,633.0,609.0,614.6,613.75,617.05,315426,196347567.55,11531,LEGACY
2020-05-08,PEL,Piramal Enterprises,EQ,INE140A01024,935.0,935.0,883.0,885.8,888.8,912.95,1591872,1438617319.6,43646,LEGACY
2020-05-08,PFIZER,Pfizer,EQ,INE182A01018,4632.0,4674.95,4581.1,4604.75,4600.0,4624.2,44409,205161668.75,8202,LEGACY
2020-05-08,SANOFI,Sanofi India,EQ,INE058A01010,8060.0,8060.0,7910.05,7945.45,7945.0,7922.9,22577,180692028.5,9474,LEGACY
2020-05-08,STAR,Strides Pharma Science,EQ,INE939A01011,435.0,438.15,419.3,421.0,421.5,425.4,736032,314766199.15,17187,LEGACY
2020-05-08,SUNPHARMA,Sun Pharmaceutical Industries,EQ,INE044A01036,460.0,471.4,454.05,469.0,470.0,452.2,13693935,6357178311.0,201306,LEGACY
2020-05-08,TORNTPHARM,Torrent Pharmaceuticals,EQ,INE685A01028,2390.0,2450.0,2346.2,2438.6,2444.2,2354.6,606554,1462943967.7,33508,LEGACY
2020-05-08,WOCKPHARMA,Wockhardt,EQ,INE049B01025,257.0,259.6,251.0,253.4,254.2,254.55,223261,56806449.15,4839,LEGACY
2020-05-11,ABBOTINDIA,Abbott India,EQ,INE358A01014,17900.0,18025.0,17751.0,17907.8,17900.0,17704.75,10374,185404907.4,3595,LEGACY
2020-05-11,AJANTPHARM,Ajanta Pharma,EQ,INE031B01049,1470.0,1487.75,1460.0,1480.45,1480.0,1454.0,72596,107008371.4,5431,LEGACY
2020-05-11,ALKEM,Alkem Laboratories,EQ,INE540L01014,2612.1,2625.5,2563.0,2599.6,2605.0,2587.95,139331,361409749.5,15500,LEGACY
2020-05-11,APLLTD,Alembic Pharmaceuticals,EQ,INE901L01018,774.7,790.0,769.0,777.3,782.0,767.3,254885,199329832.4,7488,LEGACY
2020-05-11,AUROPHARMA,Aurobindo Pharma,EQ,INE406A01037,651.0,673.5,647.25,664.5,664.5,652.65,6407293,4251570865.2,120236,LEGACY
2020-05-11,BIOCON,Biocon,EQ,INE376G01013,359.45,363.8,350.05,351.6,352.45,359.25,8182348,2893978978.25,120163,LEGACY
2020-05-11,CADILAHC,Cadila Healthcare,EQ,INE010B01027,332.8,333.0,325.2,328.4,328.9,321.25,5369042,1763703900.35,70831,LEGACY
2020-05-11,CIPLA,Cipla,EQ,INE059A01026,600.95,600.95,583.45,586.05,587.75,591.9,5853898,3457665384.1,126091,LEGACY
2020-05-11,DIVISLAB,Divi's Laboratories,EQ,INE361B01024,2319.0,2356.0,2310.05,2326.9,2330.0,2300.8,654101,1529505730.15,44365,LEGACY
2020-05-11,DRREDDY,Dr. Reddy's Laboratories,EQ,INE089A01023,3977.8,3977.8,3848.05,3862.0,3866.0,3984.0,1194988,4646239571.65,82622,LEGACY
2020-05-11,GLAXO,GlaxoSmithKline Pharmaceuticals,EQ,INE159A01016,1448.55,1454.0,1415.1,1421.2,1420.0,1437.45,27570,39557289.2,2618,LEGACY
2020-05-11,GLENMARK,Glenmark Pharmaceuticals,EQ,INE935A01035,338.0,339.65,329.05,335.2,336.5,333.75,2928897,980969370.85,44594,LEGACY
2020-05-11,GRANULES,Granules India,EQ,INE101D01020,158.8,161.6,154.5,155.7,154.9,157.85,954218,150460757.9,12093,LEGACY
2020-05-11,IPCALAB,IPCA Laboratories,EQ,INE571A01020,1550.0,1579.0,1544.0,1554.75,1565.0,1552.3,206418,322289431.45,14843,LEGACY
2020-05-11,JBCHEPHARM,JB Chemicals & Pharmaceuticals,EQ,INE572A01028,657.35,660.0,635.2,645.5,648.95,645.3,493173,318477504.8,17922,LEGACY
2020-05-11,LAURUSLABS,Laurus Labs,EQ,INE947Q01010,443.0,447.9,426.0,429.3,426.95,440.75,2232126,979125764.15,49692,LEGACY
2020-05-11,LUPIN,Lupin,EQ,INE326A01037,843.95,857.7,832.05,849.3,852.8,835.0,3945910,3343916716.2,94044,LEGACY
2020-05-11,NATCOPHARM,Natco Pharma,EQ,INE987B01026,616.75,624.9,612.05,614.15,614.0,614.6,116500,72125314.35,7452,LEGACY
2020-05-11,PEL,Piramal Enterprises,EQ,INE140A01024,895.0,942.0,895.0,931.6,924.3,885.8,2458581,2279511539.0,66771,LEGACY
2020-05-11,PFIZER,Pfizer,EQ,INE182A01018,4600.0,4624.9,4500.0,4512.2,4505.0,4604.75,49921,227300498.5,7592,LEGACY
2020-05-11,SANOFI,Sanofi India,EQ,INE058A01010,7945.45,8020.65,7910.0,7939.6,7933.5,7945.45,17948,142836455.35,4181,LEGACY
2020-05-11,STAR,Strides Pharma Science,EQ,INE939A01011,430.0,434.9,412.6,416.05,419.0,421.0,683227,287783769.0,16816,LEGACY
2020-05-11,SUNPHARMA,Sun Pharmaceutical Industries,EQ,INE044A01036,473.7,475.55,461.3,463.85,465.5,469.0,10294818,4817683071.65,182170,LEGACY
2020-05-11,TORNTPHARM,Torrent Pharmaceuticals,EQ,INE685A01028,2455.0,2509.4,2442.95,2495.9,2506.0,2438.6,813951,2017848111.8,48946,LEGACY
2020-05-11,WOCKPHARMA,Wockhardt,EQ,INE049B01025,257.0,266.05,249.05,257.2,255.2,253.4,2391721,621401758.8,28656,LEGACY
2020-05-12,ABBOTINDIA,Abbott India,EQ,INE358A01014,18170.0,18679.75,17825.55,18081.9,18097.0,17907.8,23041,416979359.65,8127,LEGACY
2020-05-12,AJANTPHARM,Ajanta Pharma,EQ,INE031B01049,1480.45,1480.45,1430.0,1440.65,1445.0,1480.45,86024,124404894.15,5713,LEGACY
2020-05-12,ALKEM,Alkem Laboratories,EQ,INE540L01014,2608.0,2608.0,2522.55,2577.7,2579.0,2599.6,134787,345989282.8,14494,LEGACY
2020-05-12,APLLTD,Alembic Pharmaceuticals,EQ,INE901L01018,780.4,810.0,779.0,803.35,801.0,777.3,471230,374563055.75,23083,LEGACY
2020-05-12,AUROPHARMA,Aurobindo Pharma,EQ,INE406A01037,663.95,695.0,659.0,690.9,690.55,664.5,10921194,7419678738.05,181981,LEGACY
2020-05-12,BIOCON,Biocon,EQ,INE376G01013,354.0,356.8,337.65,343.45,343.5,351.6,7690803,2656298502.8,101733,LEGACY
2020-05-12,CADILAHC,Cadila Healthcare,EQ,INE010B01027,325.95,330.2,322.3,323.7,324.25,328.4,2547712,828233547.35,27739,LEGACY
2020-05-12,CIPLA,Cipla,EQ,INE059A01026,587.0,593.8,566.2,570.15,570.5,586.05,8868988,5103089279.3,176690,LEGACY
2020-05-12,DIVISLAB,Divi's Laboratories,EQ,INE361B01024,2330.0,2374.35,2303.05,2363.55,2363.6,2326.9,676618,1588358193.25,43952,LEGACY
2020-05-12,DRREDDY,Dr. Reddy's Laboratories,EQ,INE089A01023,3863.2,3909.6,3759.15,3773.4,3785.0,3862.0,1078501,4102450731.65,75735,LEGACY
2020-05-12,GLAXO,GlaxoSmithKline Pharmaceuticals,EQ,INE159A01016,1421.5,1429.6,1373.0,1378.85,1373.8,1421.2,34270,47660875.8,3982,LEGACY
2020-05-12,GLENMARK,Glenmark Pharmaceuticals,EQ,INE935A01035,336.4,342.95,329.55,332.15,333.1,335.2,3147540,1052763888.45,41928,LEGACY
2020-05-12,GRANULES,Granules India,EQ,INE101D01020,154.9,158.7,154.1,156.3,156.5,155.7,1008280,157559292.3,9710,LEGACY
2020-05-12,IPCALAB,IPCA Laboratories,EQ,INE571A01020,1560.5,1569.9,1537.6,1545.55,1548.1,1554.75,184667,286487398.95,15303,LEGACY
2020-05-12,JBCHEPHARM,JB Chemicals & Pharmaceuticals,EQ,INE572A01028,636.05,647.65,611.25,641.75,645.0,645.5,446480,283312337.25,19361,LEGACY
2020-05-12,LAURUSLABS,Laurus Labs,EQ,INE947Q01010,426.0,447.4,423.3,443.5,444.9,429.3,2488634,1095727740.05,56006,LEGACY
2020-05-12,LUPIN,Lupin,EQ,INE326A01037,850.0,860.6,845.0,851.85,851.9,849.3,2001947,1705725781.85,62546,LEGACY
2020-05-12,NATCOPHARM,Natco Pharma,EQ,INE987B01026,616.0,619.0,602.5,611.15,612.0,614.15,105955,64701899.05,6019,LEGACY
2020-05-12,PEL,Piramal Enterprises,EQ,INE140A01024,873.0,913.6,802.3,897.95,906.5,931.6,8409962,7269233820.85,264880,LEGACY
2020-05-12,PFIZER,Pfizer,EQ,INE182A01018,4498.5,4498.85,4337.0,4362.2,4363.55,4512.2,67512,295855943.05,12327,LEGACY
2020-05-12,SANOFI,Sanofi India,EQ,INE058A01010,7933.5,8044.0,7823.0,7979.9,7960.25,7939.6,14127,112102939.35,5193,LEGACY
2020-05-12,STAR,Strides Pharma Science,EQ,INE939A01011,418.95,427.0,405.05,409.5,410.0,416.05,795398,329058226.4,20836,LEGACY
2020-05-12,SUNPHARMA,Sun Pharmaceutical Industries,EQ,INE044A01036,465.0,468.8,455.3,463.9,464.3,463.85,9507982,4390084052.9,127499,LEGACY
2020-05-12,TORNTPHARM,Torrent Pharmaceuticals,EQ,INE685A01028,2518.0,2525.0,2398.55,2445.3,2440.35,2495.9,657312,1619890293.7,49285,LEGACY
2020-05-12,WOCKPHARMA,Wockhardt,EQ,INE049B01025,256.85,256.85,244.35,244.5,244.35,257.2,685650,170035798.75,9631,LEGACY
2020-05-13,ABBOTINDIA,Abbott India,EQ,INE358A01014,18199.95,18298.65,17800.0,17876.45,17871.65,18081.9,9998,180112382.1,3691,LEGACY
2020-05-13,AJANTPHARM,Ajanta Pharma,EQ,INE031B01049,1461.0,1467.0,1419.7,1436.85,1438.0,1440.65,64804,93584395.35,4570,LEGACY
2020-05-13,ALKEM,Alkem Laboratories,EQ,INE540L01014,2605.0,2610.0,2455.05,2487.05,2490.5,2577.7,247466,630788969.15,34354,LEGACY
2020-05-13,APLLTD,Alembic Pharmaceuticals,EQ,INE901L01018,812.0,824.0,785.0,799.95,798.75,803.35,211613,170865459.35,10089,LEGACY
2020-05-13,AUROPHARMA,Aurobindo Pharma,EQ,INE406A01037,700.0,701.0,668.45,675.9,676.0,690.9,6084261,4130717855.7,110916,LEGACY
2020-05-13,BIOCON,Biocon,EQ,INE376G01013,352.85,352.85,334.1,337.25,336.9,343.45,8732455,2957091126.75,134819,LEGACY
2020-05-13,CADILAHC,Cadila Healthcare,EQ,INE010B01027,326.75,328.75,321.1,324.95,325.5,323.7,2799973,909528165.3,58599,LEGACY
2020-05-13,CIPLA,Cipla,EQ,INE059A01026,600.0,605.0,568.9,570.2,571.5,570.15,10438684,6013921178.75,174508,LEGACY
2020-05-13,DIVISLAB,Divi's Laboratories,EQ,INE361B01024,2388.0,2396.9,2314.0,2339.5,2330.05,2363.55,538170,1255845950.25,35086,LEGACY
2020-05-13,DRREDDY,Dr. Reddy's Laboratories,EQ,INE089A01023,3849.0,3849.0,3735.1,3779.6,3785.55,3773.4,878436,3319967777.3,58314,LEGACY
2020-05-13,GLAXO,GlaxoSmithKline Pharmaceuticals,EQ,INE159A01016,1394.0,1412.9,1385.0,1400.1,1405.5,1378.85,48678,68118231.05,2614,LEGACY
2020-05-13,GLENMARK,Glenmark Pharmaceuticals,EQ,INE935A01035,342.0,342.0,334.55,336.85,337.5,332.15,2759040,931421070.85,35397,LEGACY
2020-05-13,GRANULES,Granules India,EQ,INE101D01020,160.4,162.0,156.0,156.25,156.8,156.3,740320,116710059.75,15181,LEGACY
2020-05-13,IPCALAB,IPCA Laboratories,EQ,INE571A01020,1560.0,1560.0,1530.15,1534.9,1536.0,1545.55,154892,239494788.4,12859,LEGACY
2020-05-13,JBCHEPHARM,JB Chemicals & Pharmaceuticals,EQ,INE572A01028,656.0,658.0,586.1,624.35,618.0,641.75,198698,126585279.9,9293,LEGACY
2020-05-13,LAURUSLABS,Laurus Labs,EQ,INE947Q01010,450.0,452.0,432.05,438.95,439.0,443.5,850520,375639278.35,35024,LEGACY
2020-05-13,LUPIN,Lupin,EQ,INE326A01037,861.0,863.0,835.2,839.25,840.65,851.85,2253402,1904839422.6,44073,LEGACY
2020-05-13,NATCOPHARM,Natco Pharma,EQ,INE987B01026,618.0,618.0,597.4,606.55,606.0,611.15,159655,96561815.45,6872,LEGACY
2020-05-13,PEL,Piramal Enterprises,EQ,INE140A01024,955.0,955.8,881.2,887.05,887.1,897.95,2265206,2054182401.35,64676,LEGACY
2020-05-13,PFIZER,Pfizer,EQ,INE182A01018,4429.0,4429.0,4290.05,4384.95,4375.0,4362.2,51870,225960190.75,8938,LEGACY
2020-05-13,SANOFI,Sanofi India,EQ,INE058A01010,8040.0,8040.0,7852.25,7888.3,7890.0,7979.9,15672,123777598.35,5094,LEGACY
2020-05-13,STAR,Strides Pharma Science,EQ,INE939A01011,416.0,422.7,408.0,413.35,415.2,409.5,580263,239941593.35,13541,LEGACY
2020-05-13,SUNPHARMA,Sun Pharmaceutical Industries,EQ,INE044A01036,469.0,469.45,450.2,452.35,453.9,463.9,10010346,4562712128.25,163482,LEGACY
2020-05-13,TORNTPHARM,Torrent Pharmaceuticals,EQ,INE685A01028,2490.0,2501.0,2358.0,2404.15,2397.15,2445.3,738126,1770081861.75,74150,LEGACY
2020-05-13,WOCKPHARMA,Wockhardt,EQ,INE049B01025,250.0,251.0,235.8,238.5,238.5,244.5,573802,137766035.15,10424,LEGACY
2020-05-14,ABBOTINDIA,Abbott India,EQ,INE358A01014,17600.0,17991.0,17580.0,17907.05,17870.0,17876.45,9337,166936946.4,3009,LEGACY
2020-05-14,AJANTPHARM,Ajanta Pharma,EQ,INE031B01049,1428.0,1508.0,1427.95,1494.45,1500.0,1436.85,192840,286601278.85,13257,LEGACY
2020-05-14,ALKEM,Alkem Laboratories,EQ,INE540L01014,2487.05,2546.4,2471.0,2527.1,2531.0,2487.05,121072,304085366.3,16215,LEGACY
2020-05-14,APLLTD,Alembic Pharmaceuticals,EQ,INE901L01018,799.95,855.75,791.95,845.95,850.0,799.95,697327,581047626.7,27847,LEGACY
2020-05-14,AUROPHARMA,Aurobindo Pharma,EQ,INE406A01037,675.0,681.9,655.35,665.6,664.15,675.9,6900202,4632672630.85,111374,LEGACY
2020-05-14,BIOCON,Biocon,EQ,INE376G01013,337.25,343.5,333.0,335.15,334.5,337.25,8706259,2947351570.5,123965,LEGACY
2020-05-14,CADILAHC,Cadila Healthcare,EQ,INE010B01027,323.1,341.75,322.6,336.85,338.85,324.95,10950024,3689675200.8,122204,LEGACY
2020-05-14,CIPLA,Cipla,EQ,INE059A01026,571.0,577.9,566.1,569.75,570.0,570.2,8546052,4881773765.4,159643,LEGACY
2020-05-14,DIVISLAB,Divi's Laboratories,EQ,INE361B01024,2329.0,2377.9,2302.0,2366.6,2370.0,2339.5,413755,976938144.9,20255,LEGACY
2020-05-14,DRREDDY,Dr. Reddy's Laboratories,EQ,INE089A01023,3790.0,3819.95,3718.6,3732.0,3732.05,3779.6,897141,3377599247.95,59431,LEGACY
2020-05-14,GLAXO,GlaxoSmithKline Pharmaceuticals,EQ,INE159A01016,1389.95,1430.0,1380.1,1420.2,1425.0,1400.1,26400,37389875.0,2820,LEGACY
2020-05-14,GLENMARK,Glenmark Pharmaceuticals,EQ,INE935A01035,336.5,351.9,333.1,346.45,346.75,336.85,6787422,2353121569.5,89648,LEGACY
2020-05-14,GRANULES,Granules India,EQ,INE101D01020,154.95,159.75,154.75,156.5,157.0,156.25,904503,142530411.1,20226,LEGACY
2020-05-14,IPCALAB,IPCA Laboratories,EQ,INE571A01020,1519.9,1618.8,1519.85,1594.35,1596.3,1534.9,490142,782007429.2,49506,LEGACY
2020-05-14,JBCHEPHARM,JB Chemicals & Pharmaceuticals,EQ,INE572A01028,619.0,637.25,611.7,632.15,634.25,624.35,284762,179080854.5,13467,LEGACY
2020-05-14,LAURUSLABS,Laurus Labs,EQ,INE947Q01010,436.9,445.0,434.8,439.05,438.6,438.95,907328,401042962.5,28378,LEGACY
2020-05-14,LUPIN,Lupin,EQ,INE326A01037,840.0,866.4,828.7,863.05,863.35,839.25,3474054,2963693729.95,72347,LEGACY
2020-05-14,NATCOPHARM,Natco Pharma,EQ,INE987B01026,602.0,609.1,595.1,597.45,600.45,606.55,104615,63030512.2,7491,LEGACY
2020-05-14,PEL,Piramal Enterprises,EQ,INE140A01024,880.0,908.85,866.5,874.4,877.0,887.05,1796590,1601335329.0,48870,LEGACY
2020-05-14,PFIZER,Pfizer,EQ,INE182A01018,4350.0,4516.85,4329.5,4413.45,4415.0,4384.95,66666,296267162.75,11633,LEGACY
2020-05-14,SANOFI,Sanofi India,EQ,INE058A01010,7940.0,8050.0,7800.0,7821.6,7810.0,7888.3,32239,255580507.7,13016,LEGACY
2020-05-14,STAR,Strides Pharma Science,EQ,INE939A01011,407.9,431.7,407.35,423.05,424.8,413.35,1141025,483547232.3,26669,LEGACY
2020-05-14,SUNPHARMA,Sun Pharmaceutical Industries,EQ,INE044A01036,453.0,462.95,448.8,455.95,456.5,452.35,11764891,5382257481.35,164996,LEGACY
2020-05-14,TORNTPHARM,Torrent Pharmaceuticals,EQ,INE685A01028,2398.75,2448.95,2374.2,2408.5,2418.6,2404.15,563271,1360653044.65,60987,LEGACY
2020-05-14,WOCKPHARMA,Wockhardt,EQ,INE049B01025,238.1,243.25,232.55,235.1,235.8,238.5,569819,134925587.8,9021,LEGACY
2020-05-15,ABBOTINDIA,Abbott India,EQ,INE358A01014,17847.0,17847.0,17470.2,17619.55,17545.0,17907.05,14274,251276416.8,6190,LEGACY
2020-05-15,AJANTPHARM,Ajanta Pharma,EQ,INE031B01049,1500.0,1580.0,1475.0,1497.0,1489.0,1494.45,784850,1210741581.7,37799,LEGACY
2020-05-15,ALKEM,Alkem Laboratories,EQ,INE540L01014,2545.0,2547.95,2461.3,2473.35,2477.0,2527.1,78644,195721339.35,9789,LEGACY
2020-05-15,APLLTD,Alembic Pharmaceuticals,EQ,INE901L01018,850.0,887.35,850.0,873.15,874.95,845.95,751350,654995778.35,42116,LEGACY
2020-05-15,AUROPHARMA,Aurobindo Pharma,EQ,INE406A01037,664.8,675.3,657.3,664.95,664.55,665.6,4186937,2787129665.9,67872,LEGACY
2020-05-15,BIOCON,Biocon,EQ,INE376G01013,325.0,338.65,320.7,328.5,329.75,335.15,26971956,8879092019.4,281006,LEGACY
2020-05-15,CADILAHC,Cadila Healthcare,EQ,INE010B01027,340.0,343.0,330.0,332.2,331.8,336.85,5091000,1712462523.35,55642,LEGACY
2020-05-15,CIPLA,Cipla,EQ,INE059A01026,572.0,585.0,565.6,570.3,566.8,569.75,14388640,8255822496.65,184285,LEGACY
2020-05-15,DIVISLAB,Divi's Laboratories,EQ,INE361B01024,2376.0,2413.0,2327.35,2335.2,2336.8,2366.6,600190,1419775431.35,38986,LEGACY
2020-05-15,DRREDDY,Dr. Reddy's Laboratories,EQ,INE089A01023,3746.0,3778.9,3717.05,3735.1,3730.0,3732.0,899387,3374905078.2,72346,LEGACY
2020-05-15,GLAXO,GlaxoSmithKline Pharmaceuticals,EQ,INE159A01016,1420.15,1420.15,1388.1,1392.95,1393.6,1420.2,20461,28608007.95,2181,LEGACY
2020-05-15,GLENMARK,Glenmark Pharmaceuticals,EQ,INE935A01035,350.0,353.75,336.0,339.65,338.75,346.45,6867586,2361854773.55,84981,LEGACY
2020-05-15,GRANULES,Granules India,EQ,INE101D01020,156.5,157.4,155.2,155.5,155.4,156.5,624707,97384548.45,21699,LEGACY
2020-05-15,IPCALAB,IPCA Laboratories,EQ,INE571A01020,1601.0,1610.0,1539.05,1591.6,1596.0,1594.35,352913,552793434.45,43400,LEGACY
2020-05-15,JBCHEPHARM,JB Chemicals & Pharmaceuticals,EQ,INE572A01028,635.35,639.25,621.05,634.25,629.55,632.15,180781,113819693.3,9781,LEGACY
2020-05-15,LAURUSLABS,Laurus Labs,EQ,INE947Q01010,440.0,443.0,435.55,437.75,436.0,439.05,669872,294883688.2,14808,LEGACY
2020-05-15,LUPIN,Lupin,EQ,INE326A01037,863.05,863.05,836.1,841.8,839.8,863.05,1984618,1679612920.0,38387,LEGACY
2020-05-15,NATCOPHARM,Natco Pharma,EQ,INE987B01026,600.7,600.7,555.1,583.25,583.0,597.45,623794,356818143.0,19605,LEGACY
2020-05-15,PEL,Piramal Enterprises,EQ,INE140A01024,880.0,905.5,864.55,888.5,887.0,874.4,1790677,1588392530.45,54794,LEGACY
2020-05-15,PFIZER,Pfizer,EQ,INE182A01018,4401.0,4437.8,4333.0,4352.15,4347.95,4413.45,31590,137946602.85,6133,LEGACY
2020-05-15,SANOFI,Sanofi India,EQ,INE058A01010,7880.0,7927.65,7680.0,7707.15,7725.0,7821.6,125793,972626643.25,8173,LEGACY
2020-05-15,STAR,Strides Pharma Science,EQ,INE939A01011,425.0,429.45,414.0,416.35,416.3,423.05,523010,219131239.25,12831,LEGACY
2020-05-15,SUNPHARMA,Sun Pharmaceutical Industries,EQ,INE044A01036,455.95,458.9,445.55,448.6,446.8,455.95,7863397,3557838994.75,96594,LEGACY
2020-05-15,TORNTPHARM,Torrent Pharmaceuticals,EQ,INE685A01028,2430.0,2470.0,2416.0,2461.45,2460.0,2408.5,929318,2280860662.1,91198,LEGACY
2020-05-15,WOCKPHARMA,Wockhardt,EQ,INE049B01025,236.8,237.75,227.05,229.9,229.05,235.1,271601,62594151.85,5802,LEGACY
2020-05-19,ABBOTINDIA,Abbott India,EQ,INE358A01014,17269.75,17299.5,16450.0,16506.15,16539.95,17036.15,15296,256153429.15,5696,LEGACY
2020-05-19,AJANTPHARM,Ajanta Pharma,EQ,INE031B01049,1410.6,1436.0,1355.4,1394.45,1395.0,1403.35,172409,241373143.35,9476,LEGACY
2020-05-19,ALKEM,Alkem Laboratories,EQ,INE540L01014,2370.6,2421.75,2346.85,2372.85,2380.1,2360.15,74442,176992397.85,15425,LEGACY
2020-05-19,APLLTD,Alembic Pharmaceuticals,EQ,INE901L01018,887.0,888.4,850.0,862.0,867.0,881.5,249611,217964470.85,14363,LEGACY
2020-05-19,AUROPHARMA,Aurobindo Pharma,EQ,INE406A01037,673.95,679.8,655.7,662.4,662.1,669.8,4452884,2967420795.05,76972,LEGACY
2020-05-19,BIOCON,Biocon,EQ,INE376G01013,334.0,338.5,329.3,336.6,337.2,331.75,8104299,2710499662.65,87975,LEGACY
2020-05-19,CADILAHC,Cadila Healthcare,EQ,INE010B01027,326.05,330.95,321.35,325.9,327.0,323.95,2773188,906275073.9,41728,LEGACY
2020-05-19,CIPLA,Cipla,EQ,INE059A01026,600.0,608.8,590.2,594.95,593.55,600.45,10952723,6564908742.2,156026,LEGACY
2020-05-19,DIVISLAB,Divi's Laboratories,EQ,INE361B01024,2350.0,2358.0,2307.8,2321.75,2321.5,2330.2,322942,753926462.15,17822,LEGACY
2020-05-19,DRREDDY,Dr. Reddy's Laboratories,EQ,INE089A01023,3700.15,3722.0,3660.1,3699.6,3707.8,3679.15,935404,3464609542.2,72084,LEGACY
2020-05-19,GLAXO,GlaxoSmithKline Pharmaceuticals,EQ,INE159A01016,1395.0,1430.0,1373.1,1386.0,1386.0,1363.05,48216,67189052.95,4212,LEGACY
2020-05-19,GLENMARK,Glenmark Pharmaceuticals,EQ,INE935A01035,331.5,338.4,328.6,332.35,333.1,327.2,2926620,977294174.85,47786,LEGACY
2020-05-19,GRANULES,Granules India,EQ,INE101D01020,156.8,168.65,155.8,165.25,165.0,155.3,4952276,812351522.9,50537,LEGACY
2020-05-19,IPCALAB,IPCA Laboratories,EQ,INE571A01020,1610.0,1619.0,1542.0,1568.1,1558.0,1597.15,173817,277338602.3,18923,LEGACY
2020-05-19,JBCHEPHARM,JB Chemicals & Pharmaceuticals,EQ,INE572A01028,622.0,625.0,606.05,612.65,616.3,610.0,140682,86575704.15,6657,LEGACY
2020-05-19,LAURUSLABS,Laurus Labs,EQ,INE947Q01010,432.0,457.2,430.05,441.55,444.8,425.7,2088016,930319755.2,60554,LEGACY
2020-05-19,LUPIN,Lupin,EQ,INE326A01037,863.5,870.0,833.35,840.35,846.0,856.85,3414398,2910642840.5,78098,LEGACY
2020-05-19,NATCOPHARM,Natco Pharma,EQ,INE987B01026,589.85,619.0,589.8,602.0,603.95,588.15,623147,376507696.0,25988,LEGACY
2020-05-19,PEL,Piramal Enterprises,EQ,INE140A01024,883.0,893.0,865.2,880.1,878.0,872.6,1396603,1229758073.5,41654,LEGACY
2020-05-19,PFIZER,Pfizer,EQ,INE182A01018,4276.0,4320.0,4212.1,4304.55,4311.0,4201.2,30524,130847159.45,5300,LEGACY
2020-05-19,SANOFI,Sanofi India,EQ,INE058A01010,7510.0,7611.0,7306.0,7465.15,7486.0,7468.8,61973,463162439.55,12758,LEGACY
2020-05-19,STAR,Strides Pharma Science,EQ,INE939A01011,405.55,425.8,398.05,414.4,416.5,401.25,982986,407065789.45,28163,LEGACY
2020-05-19,SUNPHARMA,Sun Pharmaceutical Industries,EQ,INE044A01036,443.8,456.0,438.6,441.7,443.1,440.7,10126406,4524675093.7,160458,LEGACY
2020-05-19,TORNTPHARM,Torrent Pharmaceuticals,EQ,INE685A01028,2510.0,2532.7,2468.0,2499.05,2497.7,2497.25,559421,1396498416.75,41436,LEGACY
2020-05-19,WOCKPHARMA,Wockhardt,EQ,INE049B01025,223.6,223.6,210.6,213.4,214.6,218.8,318281,68581514.45,6654,LEGACY
2020-05-20,ABBOTINDIA,Abbott India,EQ,INE358A01014,16580.0,16777.0,16225.0,16635.2,16770.0,16506.15,14389,236409297.35,4976,LEGACY
2020-05-20,AJANTPHARM,Ajanta Pharma,EQ,INE031B01049,1395.0,1459.8,1380.0,1439.05,1457.9,1394.45,228104,322370883.7,12518,LEGACY
2020-05-20,ALKEM,Alkem Laboratories,EQ,INE540L01014,2384.0,2445.0,2361.05,2433.65,2440.0,2372.85,53335,128287777.2,7050,LEGACY
2020-05-20,APLLTD,Alembic Pharmaceuticals,EQ,INE901L01018,867.8,882.0,856.65,870.3,871.75,862.0,112008,97696160.55,5090,LEGACY
2020-05-20,AUROPHARMA,Aurobindo Pharma,EQ,INE406A01037,663.0,712.0,658.1,707.6,707.2,662.4,8783424,6047898077.2,156606,LEGACY
2020-05-20,BIOCON,Biocon,EQ,INE376G01013,335.95,349.75,334.0,346.85,347.5,336.6,7499821,2564799533.25,103598,LEGACY
2020-05-20,CADILAHC,Cadila Healthcare,EQ,INE010B01027,326.8,339.0,325.1,337.8,337.05,325.9,3302453,1099509422.75,39341,LEGACY
2020-05-20,CIPLA,Cipla,EQ,INE059A01026,597.0,624.35,595.4,620.65,621.0,594.95,13441070,8228127113.25,194557,LEGACY
2020-05-20,DIVISLAB,Divi's Laboratories,EQ,INE361B01024,2325.0,2376.7,2311.1,2372.7,2375.0,2321.75,601003,1409754616.8,39340,LEGACY
2020-05-20,DRREDDY,Dr. Reddy's Laboratories,EQ,INE089A01023,3720.9,3930.0,3693.15,3910.2,3915.05,3699.6,4216736,16056134189.2,235377,LEGACY
2020-05-20,GLAXO,GlaxoSmithKline Pharmaceuticals,EQ,INE159A01016,1387.0,1398.7,1363.45,1373.7,1378.0,1386.0,37627,51704657.15,3531,LEGACY
2020-05-20,GLENMARK,Glenmark Pharmaceuticals,EQ,INE935A01035,333.1,350.0,331.45,343.7,349.7,332.35,2539368,860132586.9,33265,LEGACY
2020-05-20,GRANULES,Granules India,EQ,INE101D01020,166.9,174.5,166.5,171.75,171.85,165.25,4678236,801811898.4,48549,LEGACY
2020-05-20,IPCALAB,IPCA Laboratories,EQ,INE571A01020,1561.55,1604.5,1553.1,1599.9,1600.0,1568.1,183786,291622543.05,18180,LEGACY
2020-05-20,JBCHEPHARM,JB Chemicals & Pharmaceuticals,EQ,INE572A01028,612.65,655.0,612.65,649.65,655.0,612.65,378496,242729269.5,16632,LEGACY
2020-05-20,LAURUSLABS,Laurus Labs,EQ,INE947Q01010,443.85,462.0,443.85,458.9,461.0,441.55,1454475,660239087.4,28327,LEGACY
2020-05-20,LUPIN,Lupin,EQ,INE326A01037,844.6,878.0,841.0,873.2,868.0,840.35,3952859,3421900394.85,69611,LEGACY
2020-05-20,NATCOPHARM,Natco Pharma,EQ,INE987B01026,598.0,612.0,595.0,602.0,601.25,602.0,638564,384440166.25,12244,LEGACY
2020-05-20,PEL,Piramal Enterprises,EQ,INE140A01024,882.0,919.0,872.6,914.05,914.4,880.1,2142616,1933864377.15,59202,LEGACY
2020-05-20,PFIZER,Pfizer,EQ,INE182A01018,4285.2,4344.95,4253.05,4326.05,4323.05,4304.55,36377,156431223.45,7081,LEGACY
2020-05-20,SANOFI,Sanofi India,EQ,INE058A01010,7508.0,7650.0,7480.1,7544.15,7540.0,7465.15,41130,310955511.55,15090,LEGACY
2020-05-20,STAR,Strides Pharma Science,EQ,INE939A01011,416.5,432.35,414.45,421.15,422.45,414.4,1634011,694294754.55,31752,LEGACY
2020-05-20,SUNPHARMA,Sun Pharmaceutical Industries,EQ,INE044A01036,439.9,458.45,437.25,455.75,456.9,441.7,7967090,3573094726.55,111119,LEGACY
2020-05-20,TORNTPHARM,Torrent Pharmaceuticals,EQ,INE685A01028,2500.0,2594.1,2489.8,2569.55,2585.0,2499.05,716061,1822518768.5,73740,LEGACY
2020-05-20,WOCKPHARMA,Wockhardt,EQ,INE049B01025,213.4,224.05,212.1,224.05,224.05,213.4,485727,107098009.75,8563,LEGACY
2020-05-21,ABBOTINDIA,Abbott India,EQ,INE358A01014,16750.0,17100.0,16706.0,16798.35,16795.0,16635.2,8883,150048264.75,3780,LEGACY
2020-05-21,AJANTPHARM,Ajanta Pharma,EQ,INE031B01049,1504.0,1572.0,1467.0,1487.4,1490.0,1439.05,1153674,1754664695.6,53294,LEGACY
2020-05-21,ALKEM,Alkem Laboratories,EQ,INE540L01014,2443.0,2493.0,2441.9,2474.95,2477.75,2433.65,40994,101340040.1,7155,LEGACY
2020-05-21,APLLTD,Alembic Pharmaceuticals,EQ,INE901L01018,875.0,915.0,860.0,897.0,894.0,870.3,329099,291643271.9,16212,LEGACY
2020-05-21,AUROPHARMA,Aurobindo Pharma,EQ,INE406A01037,705.8,727.45,700.6,724.35,724.0,707.6,8264221,5900582704.3,142565,LEGACY
2020-05-21,BIOCON,Biocon,EQ,INE376G01013,346.5,357.7,344.75,354.85,354.0,346.85,9872658,3492271318.35,125834,LEGACY
2020-05-21,CADILAHC,Cadila Healthcare,EQ,INE010B01027,339.5,353.0,339.4,344.35,343.6,337.8,10198978,3546806525.6,112959,LEGACY
2020-05-21,CIPLA,Cipla,EQ,INE059A01026,620.65,626.85,612.3,616.6,617.0,620.65,7916847,4901908425.95,115197,LEGACY
2020-05-21,DIVISLAB,Divi's Laboratories,EQ,INE361B01024,2375.0,2390.5,2333.3,2357.35,2346.8,2372.7,317110,747416161.75,25829,LEGACY
2020-05-21,DRREDDY,Dr. Reddy's Laboratories,EQ,INE089A01023,3950.0,3954.15,3825.5,3847.5,3839.0,3910.2,1734433,6715626809.25,101877,LEGACY
2020-05-21,GLAXO,GlaxoSmithKline Pharmaceuticals,EQ,INE159A01016,1375.0,1386.05,1365.0,1369.85,1369.5,1373.7,12717,17516966.7,1682,LEGACY
2020-05-21,GLENMARK,Glenmark Pharmaceuticals,EQ,INE935A01035,347.9,354.45,345.05,350.15,348.85,343.7,4531260,1583623110.3,60618,LEGACY
2020-05-21,GRANULES,Granules India,EQ,INE101D01020,172.6,173.6,167.6,168.5,168.5,171.75,1293199,220138746.7,19656,LEGACY
2020-05-21,IPCALAB,IPCA Laboratories,EQ,INE571A01020,1590.1,1657.7,1576.2,1604.7,1605.0,1599.9,548881,895436471.7,36378,LEGACY
2020-05-21,JBCHEPHARM,JB Chemicals & Pharmaceuticals,EQ,INE572A01028,668.0,686.0,661.1,669.45,671.0,649.65,434821,293240994.65,18463,LEGACY
2020-05-21,LAURUSLABS,Laurus Labs,EQ,INE947Q01010,462.5,469.85,450.55,457.0,457.8,458.9,828372,382453775.9,21737,LEGACY
2020-05-21,LUPIN,Lupin,EQ,INE326A01037,870.0,889.95,863.15,885.75,884.4,873.2,2666661,2343359713.6,56174,LEGACY
2020-05-21,NATCOPHARM,Natco Pharma,EQ,INE987B01026,600.95,603.0,580.0,594.35,593.0,602.0,1284790,763759654.4,8328,LEGACY
2020-05-21,PEL,Piramal Enterprises,EQ,INE140A01024,915.5,960.0,915.5,933.1,932.6,914.05,2331040,2192655054.2,69667,LEGACY
2020-05-21,PFIZER,Pfizer,EQ,INE182A01018,4327.0,4344.95,4210.0,4219.2,4225.9,4326.05,39287,167932088.1,6855,LEGACY
2020-05-21,SANOFI,Sanofi India,EQ,INE058A01010,7540.0,7596.95,7430.05,7453.25,7460.0,7544.15,34683,259537335.5,9474,LEGACY
2020-05-21,STAR,Strides Pharma Science,EQ,INE939A01011,403.9,443.45,401.15,421.85,419.4,421.15,3587297,1533552983.6,69560,LEGACY
2020-05-21,SUNPHARMA,Sun Pharmaceutical Industries,EQ,INE044A01036,455.5,469.0,453.0,466.45,467.0,455.75,8988288,4149865269.6,161179,LEGACY
2020-05-21,TORNTPHARM,Torrent Pharmaceuticals,EQ,INE685A01028,2582.0,2633.35,2560.0,2618.75,2617.35,2569.55,663661,1725077228.9,62412,LEGACY
2020-05-21,WOCKPHARMA,Wockhardt,EQ,INE049B01025,223.9,230.85,221.7,224.75,223.15,224.05,414241,93673516.25,8567,LEGACY
2020-05-22,ABBOTINDIA,Abbott India,EQ,INE358A01014,16818.0,17000.0,16325.0,16423.9,16480.0,16798.35,9692,160263719.4,4169,LEGACY
2020-05-22,AJANTPHARM,Ajanta Pharma,EQ,INE031B01049,1491.0,1523.0,1475.95,1512.25,1507.1,1487.4,225860,338722970.4,13101,LEGACY
2020-05-22,ALKEM,Alkem Laboratories,EQ,INE540L01014,2475.0,2524.0,2463.6,2497.9,2497.7,2474.95,94050,234976609.75,16639,LEGACY
2020-05-22,APLLTD,Alembic Pharmaceuticals,EQ,INE901L01018,900.0,914.4,861.1,898.05,896.9,897.0,808034,724113652.85,42290,LEGACY
2020-05-22,AUROPHARMA,Aurobindo Pharma,EQ,INE406A01037,720.0,733.7,710.05,730.9,727.95,724.35,5086125,3682517722.55,90874,LEGACY
2020-05-22,BIOCON,Biocon,EQ,INE376G01013,355.0,356.85,347.6,350.3,350.0,354.85,4965522,1750158552.4,64665,LEGACY
2020-05-22,CADILAHC,Cadila Healthcare,EQ,INE010B01027,346.0,350.5,343.0,346.7,346.5,344.35,4851553,1682128438.05,71841,LEGACY
2020-05-22,CIPLA,Cipla,EQ,INE059A01026,616.7,641.85,610.1,639.35,637.0,616.6,10875625,6828715774.85,147573,LEGACY
2020-05-22,DIVISLAB,Divi's Laboratories,EQ,INE361B01024,2351.0,2375.15,2305.0,2320.0,2322.0,2357.35,479501,1120716756.2,36251,LEGACY
2020-05-22,DRREDDY,Dr. Reddy's Laboratories,EQ,INE089A01023,3840.6,3910.0,3811.0,3892.85,3886.0,3847.5,1010561,3904158735.5,64836,LEGACY
2020-05-22,GLAXO,GlaxoSmithKline Pharmaceuticals,EQ,INE159A01016,1375.0,1385.05,1360.0,1378.5,1380.0,1369.85,15251,20957177.6,1934,LEGACY
2020-05-22,GLENMARK,Glenmark Pharmaceuticals,EQ,INE935A01035,347.0,363.6,345.0,352.0,351.3,350.15,7839018,2795883185.9,95604,LEGACY
2020-05-22,GRANULES,Granules India,EQ,INE101D01020,168.0,171.35,164.2,165.75,166.0,168.5,1303052,218352213.9,18990,LEGACY
2020-05-22,IPCALAB,IPCA Laboratories,EQ,INE571A01020,1602.0,1612.0,1575.05,1594.15,1593.25,1604.7,198253,315162577.2,19537,LEGACY
2020-05-22,JBCHEPHARM,JB Chemicals & Pharmaceuticals,EQ,INE572A01028,671.95,672.55,645.1,657.25,660.65,669.45,172092,113173191.55,12113,LEGACY
2020-05-22,LAURUSLABS,Laurus Labs,EQ,INE947Q01010,456.5,463.4,451.0,457.55,456.05,457.0,496089,226682366.65,15236,LEGACY
2020-05-22,LUPIN,Lupin,EQ,INE326A01037,881.0,898.0,875.35,892.75,892.75,885.75,2372917,2108139951.1,48260,LEGACY
2020-05-22,NATCOPHARM,Natco Pharma,EQ,INE987B01026,596.95,604.0,590.1,595.3,593.0,594.35,493679,295556995.55,14799,LEGACY
2020-05-22,PEL,Piramal Enterprises,EQ,INE140A01024,922.5,963.55,915.25,953.3,950.8,933.1,2289178,2151991084.1,64897,LEGACY
2020-05-22,PFIZER,Pfizer,EQ,INE182A01018,4234.0,4238.95,4156.55,4178.85,4182.0,4219.2,41404,173257744.95,7790,LEGACY
2020-05-22,SANOFI,Sanofi India,EQ,INE058A01010,7481.1,7570.55,7445.0,7539.15,7550.0,7453.25,11238,84525369.8,2899,LEGACY
2020-05-22,STAR,Strides Pharma Science,EQ,INE939A01011,423.35,428.5,415.0,416.5,417.1,421.85,788675,332014872.55,18102,LEGACY
2020-05-22,SUNPHARMA,Sun Pharmaceutical Industries,EQ,INE044A01036,467.0,471.9,458.05,469.4,469.6,466.45,10194360,4759202348.0,133789,LEGACY
2020-05-22,TORNTPHARM,Torrent Pharmaceuticals,EQ,INE685A01028,2614.95,2630.0,2589.3,2601.0,2599.4,2618.75,648403,1690838988.15,56570,LEGACY
2020-05-22,WOCKPHARMA,Wockhardt,EQ,INE049B01025,224.9,227.9,215.2,225.7,224.5,224.75,355430,78999906.25,8743,LEGACY
2020-05-26,ABBOTINDIA,Abbott India,EQ,INE358A01014,16699.0,16895.75,16420.0,16802.0,16825.0,16423.9,17637,295851794.75,3086,LEGACY
2020-05-26,AJANTPHARM,Ajanta Pharma,EQ,INE031B01049,1520.0,1525.0,1482.0,1498.3,1502.0,1512.25,125713,188605907.7,10127,LEGACY
2020-05-26,ALKEM,Alkem Laboratories,EQ,INE540L01014,2502.0,2514.0,2403.0,2411.85,2408.0,2497.9,81091,197729278.5,13739,LEGACY
2020-05-26,APLLTD,Alembic Pharmaceuticals,EQ,INE901L01018,908.8,911.0,852.2,865.75,871.95,898.05,536031,468867124.65,42185,LEGACY
2020-05-26,AUROPHARMA,Aurobindo Pharma,EQ,INE406A01037,725.0,734.8,709.15,714.95,717.0,730.9,3723219,2695459999.15,69766,LEGACY
2020-05-26,BIOCON,Biocon,EQ,INE376G01013,352.5,361.0,351.2,358.3,357.85,350.3,8874192,3168739242.35,123135,LEGACY
2020-05-26,CADILAHC,Cadila Healthcare,EQ,INE010B01027,348.0,351.85,334.25,338.3,336.5,346.7,4063780,1395296229.45,50012,LEGACY
2020-05-26,CIPLA,Cipla,EQ,INE059A01026,640.0,646.9,624.05,627.7,628.8,639.35,8859499,5626360826.4,122726,LEGACY
2020-05-26,DIVISLAB,Divi's Laboratories,EQ,INE361B01024,2339.95,2344.9,2287.4,2295.7,2294.5,2320.0,404978,934017747.3,34890,LEGACY
2020-05-26,DRREDDY,Dr. Reddy's Laboratories,EQ,INE089A01023,3899.0,3939.0,3853.45,3864.3,3867.0,3892.85,827396,3226193429.6,55708,LEGACY
2020-05-26,GLAXO,GlaxoSmithKline Pharmaceuticals,EQ,INE159A01016,1383.0,1402.0,1365.4,1372.45,1374.25,1378.5,23014,31805824.45,2912,LEGACY
2020-05-26,GLENMARK,Glenmark Pharmaceuticals,EQ,INE935A01035,356.9,360.5,345.0,348.2,347.35,352.0,5183869,1827875171.8,94763,LEGACY
2020-05-26,GRANULES,Granules India,EQ,INE101D01020,168.0,170.6,166.0,167.45,168.3,165.75,913505,153265097.5,12552,LEGACY
2020-05-26,IPCALAB,IPCA Laboratories,EQ,INE571A01020,1595.15,1639.0,1576.85,1618.95,1626.0,1594.15,316401,507423705.9,23809,LEGACY
2020-05-26,JBCHEPHARM,JB Chemicals & Pharmaceuticals,EQ,INE572A01028,657.25,666.0,657.25,663.95,662.65,657.25,166578,110341972.8,10082,LEGACY
2020-05-26,LAURUSLABS,Laurus Labs,EQ,INE947Q01010,459.0,463.0,451.55,456.55,455.0,457.55,537850,245955039.3,14724,LEGACY
2020-05-26,LUPIN,Lupin,EQ,INE326A01037,893.0,919.2,893.0,905.95,903.15,892.75,5437214,4930445288.15,137740,LEGACY
2020-05-26,NATCOPHARM,Natco Pharma,EQ,INE987B01026,599.9,599.9,588.15,590.6,591.0,595.3,360921,214274412.1,7114,LEGACY
2020-05-26,PEL,Piramal Enterprises,EQ,INE140A01024,955.0,962.4,900.05,906.25,907.85,953.3,1503188,1396220984.05,46026,LEGACY
2020-05-26,PFIZER,Pfizer,EQ,INE182A01018,4200.0,4269.1,4156.55,4208.9,4200.1,4178.85,68619,289928611.85,9037,LEGACY
2020-05-26,SANOFI,Sanofi India,EQ,INE058A01010,7590.0,8045.0,7550.0,7976.95,8020.0,7539.15,66891,520454805.65,8744,LEGACY
2020-05-26,STAR,Strides Pharma Science,EQ,INE939A01011,418.0,421.0,408.0,410.0,410.05,416.5,556691,230081466.3,13301,LEGACY
2020-05-26,SUNPHARMA,Sun Pharmaceutical Industries,EQ,INE044A01036,471.0,475.5,457.0,459.15,460.0,469.4,9801065,4584906415.5,143117,LEGACY
2020-05-26,TORNTPHARM,Torrent Pharmaceuticals,EQ,INE685A01028,2620.0,2631.0,2555.05,2581.55,2579.55,2601.0,1016734,2630482033.45,107664,LEGACY
2020-05-26,WOCKPHARMA,Wockhardt,EQ,INE049B01025,226.7,227.9,220.0,223.3,222.9,225.7,260492,58342428.3,7548,LEGACY
2020-05-27,ABBOTINDIA,Abbott India,EQ,INE358A01014,16825.0,16900.0,16550.0,16631.2,16680.0,16802.0,12274,204962289.25,4304,LEGACY
2020-05-27,AJANTPHARM,Ajanta Pharma,EQ,INE031B01049,1507.95,1517.5,1433.0,1447.75,1453.0,1498.3,279924,413661975.3,18557,LEGACY
2020-05-27,ALKEM,Alkem Laboratories,EQ,INE540L01014,2425.0,2425.0,2222.0,2299.15,2300.0,2411.85,351576,802495740.7,32605,LEGACY
2020-05-27,APLLTD,Alembic Pharmaceuticals,EQ,INE901L01018,871.9,871.9,826.7,834.7,832.9,865.75,485836,409773235.8,29788,LEGACY
2020-05-27,AUROPHARMA,Aurobindo Pharma,EQ,INE406A01037,719.8,722.4,703.1,713.4,714.0,714.95,3656794,2605518533.05,72595,LEGACY
2020-05-27,BIOCON,Biocon,EQ,INE376G01013,358.0,363.3,347.3,350.85,351.0,358.3,7297080,2589007045.95,89931,LEGACY
2020-05-27,CADILAHC,Cadila Healthcare,EQ,INE010B01027,339.8,340.7,333.0,337.6,336.55,338.3,2899592,977756935.8,31806,LEGACY
2020-05-27,CIPLA,Cipla,EQ,INE059A01026,630.0,637.8,625.8,633.05,634.0,627.7,7710110,4874284889.95,121875,LEGACY
2020-05-27,DIVISLAB,Divi's Laboratories,EQ,INE361B01024,2305.0,2320.0,2260.0,2290.4,2285.0,2295.7,720221,1648349501.5,45448,LEGACY
2020-05-27,DRREDDY,Dr. Reddy's Laboratories,EQ,INE089A01023,3864.75,3900.0,3814.0,3883.0,3890.95,3864.3,861668,3320592984.6,69021,LEGACY
2020-05-27,GLAXO,GlaxoSmithKline Pharmaceuticals,EQ,INE159A01016,1385.0,1385.0,1352.7,1356.35,1355.0,1372.45,23755,32350979.6,2915,LEGACY
2020-05-27,GLENMARK,Glenmark Pharmaceuticals,EQ,INE935A01035,350.9,353.0,344.05,349.0,349.0,348.2,3046925,1063173270.9,48787,LEGACY
2020-05-27,GRANULES,Granules India,EQ,INE101D01020,168.9,179.4,166.15,173.9,174.35,167.45,4913450,857821474.95,51057,LEGACY
2020-05-27,IPCALAB,IPCA Laboratories,EQ,INE571A01020,1618.95,1620.0,1543.0,1548.1,1550.0,1618.95,656088,1025126900.55,58590,LEGACY
2020-05-27,JBCHEPHARM,JB Chemicals & Pharmaceuticals,EQ,INE572A01028,665.95,667.3,635.0,655.2,657.0,663.95,102479,66697706.65,7386,LEGACY
2020-05-27,LAURUSLABS,Laurus Labs,EQ,INE947Q01010,457.0,459.4,446.75,449.65,448.75,456.55,438349,198177793.55,9811,LEGACY
2020-05-27,LUPIN,Lupin,EQ,INE326A01037,906.0,909.95,888.0,894.55,889.6,905.95,2493383,2240063032.25,52749,LEGACY
2020-05-27,NATCOPHARM,Natco Pharma,EQ,INE987B01026,587.0,596.05,575.35,581.35,584.15,590.6,519917,304090345.05,29988,LEGACY
2020-05-27,PEL,Piramal Enterprises,EQ,INE140A01024,913.0,963.0,910.3,957.5,956.8,906.25,1940711,1818379076.35,52933,LEGACY
2020-05-27,PFIZER,Pfizer,EQ,INE182A01018,4205.25,4229.0,4181.25,4209.95,4226.8,4208.9,30148,126614038.3,5792,LEGACY
2020-05-27,SANOFI,Sanofi India,EQ,INE058A01010,8044.0,8080.0,7717.0,7750.7,7736.1,7976.95,35955,284037750.6,8114,LEGACY
2020-05-27,STAR,Strides Pharma Science,EQ,INE939A01011,412.0,412.0,395.1,401.05,400.95,410.0,764350,306519800.95,17354,LEGACY
2020-05-27,SUNPHARMA,Sun Pharmaceutical Industries,EQ,INE044A01036,464.9,464.9,443.4,450.9,450.2,459.15,13253945,6036293521.45,198745,LEGACY
2020-05-27,TORNTPHARM,Torrent Pharmaceuticals,EQ,INE685A01028,2598.95,2614.0,2372.3,2402.55,2405.0,2581.55,2379212,5876828523.0,159712,LEGACY
2020-05-27,WOCKPHARMA,Wockhardt,EQ,INE049B01025,224.95,227.5,219.05,224.7,224.9,223.3,237943,53228216.4,5675,LEGACY
2020-05-28,ABBOTINDIA,Abbott India,EQ,INE358A01014,16710.0,16775.0,16550.0,16594.2,16689.95,16631.2,6476,108018562.85,2618,LEGACY
2020-05-28,AJANTPHARM,Ajanta Pharma,EQ,INE031B01049,1453.0,1508.0,1448.6,1486.5,1482.05,1447.75,239110,354257055.95,13473,LEGACY
2020-05-28,ALKEM,Alkem Laboratories,EQ,INE540L01014,2320.0,2360.0,2295.05,2324.3,2299.0,2299.15,129793,302367480.35,20830,LEGACY
2020-05-28,APLLTD,Alembic Pharmaceuticals,EQ,INE901L01018,837.5,868.0,827.0,861.2,860.8,834.7,395030,333877193.95,17560,LEGACY
2020-05-28,AUROPHARMA,Aurobindo Pharma,EQ,INE406A01037,715.0,722.35,706.3,713.95,714.0,713.4,3148389,2249556517.65,54710,LEGACY
2020-05-28,BIOCON,Biocon,EQ,INE376G01013,354.8,354.8,342.55,345.45,346.15,350.85,6473586,2240694111.35,91307,LEGACY
2020-05-28,CADILAHC,Cadila Healthcare,EQ,INE010B01027,336.6,342.9,333.35,338.1,338.25,337.6,2383250,806485972.85,29590,LEGACY
2020-05-28,CIPLA,Cipla,EQ,INE059A01026,634.0,637.65,626.05,628.35,629.75,633.05,5488725,3465586321.6,86659,LEGACY
2020-05-28,DIVISLAB,Divi's Laboratories,EQ,INE361B01024,2295.5,2300.0,2255.35,2285.1,2288.3,2290.4,392876,893161854.85,21451,LEGACY
2020-05-28,DRREDDY,Dr. Reddy's Laboratories,EQ,INE089A01023,3895.0,3910.8,3842.5,3887.75,3877.45,3883.0,792562,3069936779.1,53015,LEGACY
2020-05-28,GLAXO,GlaxoSmithKline Pharmaceuticals,EQ,INE159A01016,1367.0,1370.0,1336.0,1340.7,1340.75,1356.35,73364,98827475.25,3401,LEGACY
2020-05-28,GLENMARK,Glenmark Pharmaceuticals,EQ,INE935A01035,349.05,351.65,341.5,343.2,343.7,349.0,2584786,892330992.0,42471,LEGACY
2020-05-28,GRANULES,Granules India,EQ,INE101D01020,175.2,179.9,170.2,171.6,171.7,173.9,2853618,500111899.95,29102,LEGACY
2020-05-28,IPCALAB,IPCA Laboratories,EQ,INE571A01020,1540.0,1567.95,1540.0,1550.4,1550.7,1548.1,228798,355387796.3,17624,LEGACY
2020-05-28,JBCHEPHARM,JB Chemicals & Pharmaceuticals,EQ,INE572A01028,660.0,660.0,631.55,645.0,646.75,655.2,225261,144715561.3,7940,LEGACY
2020-05-28,LAURUSLABS,Laurus Labs,EQ,INE947Q01010,454.5,461.6,450.05,459.3,457.9,449.65,420057,191482183.3,11243,LEGACY
2020-05-28,LUPIN,Lupin,EQ,INE326A01037,887.5,890.8,868.25,881.15,886.6,894.55,3226587,2833419476.85,73589,LEGACY
2020-05-28,NATCOPHARM,Natco Pharma,EQ,INE987B01026,580.05,584.3,572.4,575.2,575.0,581.35,347495,199881483.3,8540,LEGACY
2020-05-28,PEL,Piramal Enterprises,EQ,INE140A01024,960.0,974.75,938.3,957.8,953.0,957.5,2190701,2093088421.8,62679,LEGACY
2020-05-28,PFIZER,Pfizer,EQ,INE182A01018,4221.3,4241.9,4161.55,4183.1,4180.0,4209.95,30578,128225687.55,7220,LEGACY
2020-05-28,SANOFI,Sanofi India,EQ,INE058A01010,7788.0,7820.0,7658.6,7680.0,7708.0,7750.7,18398,142250712.1,6029,LEGACY
2020-05-28,STAR,Strides Pharma Science,EQ,INE939A01011,403.3,408.8,395.0,396.0,396.0,401.05,804284,321681890.05,21126,LEGACY
2020-05-28,SUNPHARMA,Sun Pharmaceutical Industries,EQ,INE044A01036,453.9,461.65,444.7,459.1,459.7,450.9,12633089,5760144532.2,156736,LEGACY
2020-05-28,TORNTPHARM,Torrent Pharmaceuticals,EQ,INE685A01028,2412.9,2422.5,2331.05,2357.95,2357.95,2402.55,1371024,3238332026.95,107185,LEGACY
2020-05-28,WOCKPHARMA,Wockhardt,EQ,INE049B01025,226.0,228.0,224.2,226.1,226.0,224.7,186198,42110176.95,4732,LEGACY
2020-05-29,ABBOTINDIA,Abbott India,EQ,INE358A01014,16700.0,16900.0,16594.05,16723.4,16790.0,16594.2,14746,246817531.25,5996,LEGACY
2020-05-29,AJANTPHARM,Ajanta Pharma,EQ,INE031B01049,1491.25,1535.0,1478.45,1523.95,1527.55,1486.5,256124,387669905.4,14223,LEGACY
2020-05-29,ALKEM,Alkem Laboratories,EQ,INE540L01014,2305.0,2330.0,2238.0,2262.9,2270.0,2324.3,200741,455640917.7,21937,LEGACY
2020-05-29,APLLTD,Alembic Pharmaceuticals,EQ,INE901L01018,858.25,879.95,849.1,871.15,865.55,861.2,295355,256111190.25,12525,LEGACY
2020-05-29,AUROPHARMA,Aurobindo Pharma,EQ,INE406A01037,715.9,750.35,711.2,745.65,735.0,713.95,8501395,6269839428.7,144166,LEGACY
2020-05-29,BIOCON,Biocon,EQ,INE376G01013,346.15,359.15,345.0,354.7,355.1,345.45,46798867,16583052869.05,259530,LEGACY
2020-05-29,CADILAHC,Cadila Healthcare,EQ,INE010B01027,341.95,352.5,341.3,344.6,343.6,338.1,6498111,2257433184.05,81737,LEGACY
2020-05-29,CIPLA,Cipla,EQ,INE059A01026,633.0,650.95,631.0,648.15,648.05,628.35,10580213,6822505065.4,148409,LEGACY
2020-05-29,DIVISLAB,Divi's Laboratories,EQ,INE361B01024,2285.0,2408.1,2262.3,2390.1,2393.0,2285.1,1000266,2360719517.6,57338,LEGACY
2020-05-29,DRREDDY,Dr. Reddy's Laboratories,EQ,INE089A01023,3880.0,4090.7,3869.3,4071.25,4060.0,3887.75,1926274,7741224408.35,119501,LEGACY
2020-05-29,GLAXO,GlaxoSmithKline Pharmaceuticals,EQ,INE159A01016,1350.0,1393.95,1335.0,1369.35,1390.0,1340.7,92092,124452870.4,7750,LEGACY
2020-05-29,GLENMARK,Glenmark Pharmaceuticals,EQ,INE935A01035,344.4,358.45,343.45,355.05,354.4,343.2,6281360,2226979239.35,76849,LEGACY
2020-05-29,GRANULES,Granules India,EQ,INE101D01020,175.8,177.8,169.8,171.25,171.8,171.6,2894624,502713482.85,22143,LEGACY
2020-05-29,IPCALAB,IPCA Laboratories,EQ,INE571A01020,1556.2,1573.1,1471.7,1494.6,1473.0,1550.4,1407645,2131040463.1,52882,LEGACY
2020-05-29,JBCHEPHARM,JB Chemicals & Pharmaceuticals,EQ,INE572A01028,650.05,696.9,647.0,682.15,689.45,645.0,499198,337952559.15,17096,LEGACY
2020-05-29,LAURUSLABS,Laurus Labs,EQ,INE947Q01010,455.0,474.0,453.3,468.45,470.0,459.3,945514,440032920.85,13666,LEGACY
2020-05-29,LUPIN,Lupin,EQ,INE326A01037,870.0,881.8,840.5,869.8,866.0,881.15,9473916,8173280241.7,158937,LEGACY
2020-05-29,NATCOPHARM,Natco Pharma,EQ,INE987B01026,577.35,591.5,571.8,579.75,579.0,575.2,307263,178789409.1,8924,LEGACY
2020-05-29,PEL,Piramal Enterprises,EQ,INE140A01024,932.2,985.0,932.2,967.7,974.05,957.8,2238234,2156517767.75,49514,LEGACY
2020-05-29,PFIZER,Pfizer,EQ,INE182A01018,4189.0,4280.9,3990.0,4038.6,4002.25,4183.1,393296,1622386646.35,34491,LEGACY
2020-05-29,SANOFI,Sanofi India,EQ,INE058A01010,7680.0,7847.0,7669.9,7732.6,7732.6,7680.0,37725,291854802.35,10989,LEGACY
2020-05-29,STAR,Strides Pharma Science,EQ,INE939A01011,397.0,408.5,396.0,398.45,399.45,396.0,787919,317348009.75,15239,LEGACY
2020-05-29,SUNPHARMA,Sun Pharmaceutical Industries,EQ,INE044A01036,460.0,481.6,458.0,474.25,476.9,459.1,12663543,5935464135.35,170013,LEGACY
2020-05-29,TORNTPHARM,Torrent Pharmaceuticals,EQ,INE685A01028,2362.0,2442.1,2281.2,2362.55,2298.35,2357.95,8623799,20482719498.05,359546,LEGACY
2020-05-29,WOCKPHARMA,Wockhardt,EQ,INE049B01025,226.0,227.8,214.8,216.05,214.8,226.1,583947,128485797.65,8965,LEGACY
2020-06-01,ABBOTINDIA,Abbott India,EQ,INE358A01014,16950.0,16960.0,16723.45,16825.6,16877.5,16723.4,12105,203648480.05,5686,LEGACY
2020-06-01,AJANTPHARM,Ajanta Pharma,EQ,INE031B01049,1533.0,1540.0,1445.0,1449.0,1450.0,1523.95,383031,561538773.7,21655,LEGACY
2020-06-01,ALKEM,Alkem Laboratories,EQ,INE540L01014,2290.0,2312.35,2260.0,2282.05,2288.0,2262.9,135019,307672896.85,17095,LEGACY
2020-06-01,APLLTD,Alembic Pharmaceuticals,EQ,INE901L01018,875.1,877.0,845.85,851.6,849.0,871.15,317586,272282026.05,21649,LEGACY
2020-06-01,AUROPHARMA,Aurobindo Pharma,EQ,INE406A01037,744.0,746.45,722.0,725.65,726.95,745.65,4429287,3238201626.5,90588,LEGACY
2020-06-01,BIOCON,Biocon,EQ,INE376G01013,360.0,389.9,357.45,385.5,386.15,354.7,20555189,7685245410.85,172991,LEGACY
2020-06-01,CADILAHC,Cadila Healthcare,EQ,INE010B01027,345.9,352.85,342.65,349.55,349.2,344.6,4746218,1655332898.15,65463,LEGACY
2020-06-01,CIPLA,Cipla,EQ,INE059A01026,649.0,652.6,634.55,642.5,640.6,648.15,7439126,4776515732.35,165405,LEGACY
2020-06-01,DIVISLAB,Divi's Laboratories,EQ,INE361B01024,2402.1,2492.9,2360.0,2480.05,2486.95,2390.1,1128386,2742967446.1,55462,LEGACY
2020-06-01,DRREDDY,Dr. Reddy's Laboratories,EQ,INE089A01023,4077.6,4092.35,3941.05,3953.55,3951.5,4071.25,1369831,5477535755.0,94689,LEGACY
2020-06-01,GLAXO,GlaxoSmithKline Pharmaceuticals,EQ,INE159A01016,1390.0,1396.6,1366.0,1372.2,1372.0,1369.35,28591,39309029.95,3150,LEGACY
2020-06-01,GLENMARK,Glenmark Pharmaceuticals,EQ,INE935A01035,358.0,374.0,356.25,368.75,368.55,355.05,7892141,2889127633.8,124040,LEGACY
2020-06-01,GRANULES,Granules India,EQ,INE101D01020,173.0,176.2,170.5,171.3,172.25,171.25,2200163,381185505.05,15973,LEGACY
2020-06-01,IPCALAB,IPCA Laboratories,EQ,INE571A01020,1496.0,1532.35,1466.0,1526.95,1525.1,1494.6,568099,859673182.3,51173,LEGACY
2020-06-01,JBCHEPHARM,JB Chemicals & Pharmaceuticals,EQ,INE572A01028,692.0,700.0,674.0,687.55,684.3,682.15,244823,167869896.35,10266,LEGACY
2020-06-01,LAURUSLABS,Laurus Labs,EQ,INE947Q01010,470.95,474.0,461.1,464.8,465.0,468.45,615530,288412870.3,13335,LEGACY
2020-06-01,LUPIN,Lupin,EQ,INE326A01037,875.0,876.0,846.1,849.7,850.0,869.8,5214034,4463624795.3,115366,LEGACY
2020-06-01,NATCOPHARM,Natco Pharma,EQ,INE987B01026,580.0,588.25,578.1,585.15,585.9,579.75,354425,206762051.4,34282,LEGACY
2020-06-01,PEL,Piramal Enterprises,EQ,INE140A01024,988.7,1150.7,985.1,1111.45,1118.0,967.7,3736049,3994399703.65,113130,LEGACY
2020-06-01,PFIZER,Pfizer,EQ,INE182A01018,4073.95,4088.0,4000.15,4017.8,4015.0,4038.6,144277,582269727.05,26309,LEGACY
2020-06-01,SANOFI,Sanofi India,EQ,INE058A01010,7825.0,7868.7,7700.05,7773.6,7790.0,7732.6,25919,201631084.9,7987,LEGACY
2020-06-01,STAR,Strides Pharma Science,EQ,INE939A01011,403.0,405.65,397.0,399.75,399.05,398.45,781661,313047614.65,13247,LEGACY
2020-06-01,SUNPHARMA,Sun Pharmaceutical Industries,EQ,INE044A01036,483.5,483.7,458.3,465.4,465.9,474.25,18563845,8740206995.55,213739,LEGACY
2020-06-01,TORNTPHARM,Torrent Pharmaceuticals,EQ,INE685A01028,2318.9,2347.0,2296.25,2327.0,2324.5,2362.55,1171021,2717384673.35,58254,LEGACY
2020-06-01,WOCKPHARMA,Wockhardt,EQ,INE049B01025,216.05,222.25,214.75,216.2,215.9,216.05,506958,110882089.0,8851,LEGACY
2020-06-02,ABBOTINDIA,Abbott India,EQ,INE358A01014,16910.0,17000.0,16751.15,16883.7,16870.0,16825.6,10071,170293735.15,3408,LEGACY
2020-06-02,AJANTPHARM,Ajanta Pharma,EQ,INE031B01049,1458.0,1475.0,1430.7,1444.2,1446.0,1449.0,401359,582062823.7,13985,LEGACY
2020-06-02,ALKEM,Alkem Laboratories,EQ,INE540L01014,2298.0,2413.0,2286.6,2401.0,2405.85,2282.05,220218,523132206.75,26034,LEGACY
2020-06-02,APLLTD,Alembic Pharmaceuticals,EQ,INE901L01018,855.5,859.4,848.0,850.4,851.25,851.6,206772,176974492.0,9683,LEGACY
2020-06-02,AUROPHARMA,Aurobindo Pharma,EQ,INE406A01037,729.0,757.7,725.35,733.2,735.0,725.65,6278600,4636346033.15,116678,LEGACY
2020-06-02,BIOCON,Biocon,EQ,INE376G01013,389.0,396.0,381.2,382.7,383.9,385.5,11915870,4628787595.65,126082,LEGACY
2020-06-02,CADILAHC,Cadila Healthcare,EQ,INE010B01027,350.9,364.5,350.45,353.05,353.25,349.55,8214215,2947865191.8,89969,LEGACY
2020-06-02,CIPLA,Cipla,EQ,INE059A01026,644.9,658.65,636.0,637.6,640.0,642.5,6883613,4450820309.7,106666,LEGACY
2020-06-02,DIVISLAB,Divi's Laboratories,EQ,INE361B01024,2500.0,2537.95,2400.0,2411.0,2411.95,2480.05,1305088,3221792598.1,73028,LEGACY
2020-06-02,DRREDDY,Dr. Reddy's Laboratories,EQ,INE089A01023,3985.0,4007.3,3886.0,3895.3,3906.0,3953.55,1490210,5881558115.45,71230,LEGACY
2020-06-02,GLAXO,GlaxoSmithKline Pharmaceuticals,EQ,INE159A01016,1372.3,1389.0,1349.2,1356.0,1354.95,1372.2,42826,58506764.5,4242,LEGACY
2020-06-02,GLENMARK,Glenmark Pharmaceuticals,EQ,INE935A01035,373.0,393.45,372.1,388.7,389.0,368.75,10222172,3958735500.7,131990,LEGACY
2020-06-02,GRANULES,Granules India,EQ,INE101D01020,174.4,182.9,172.5,181.1,182.9,171.3,4967992,887036401.0,41235,LEGACY
2020-06-02,IPCALAB,IPCA Laboratories,EQ,INE571A01020,1527.2,1558.0,1516.1,1555.7,1553.2,1526.95,365224,563764499.05,18778,LEGACY
2020-06-02,JBCHEPHARM,JB Chemicals & Pharmaceuticals,EQ,INE572A01028,691.65,738.8,682.55,699.85,699.55,687.55,472039,335596586.45,18543,LEGACY
2020-06-02,LAURUSLABS,Laurus Labs,EQ,INE947Q01010,465.0,477.5,462.0,466.95,465.0,464.8,628923,295826926.65,15253,LEGACY
2020-06-02,LUPIN,Lupin,EQ,INE326A01037,853.9,873.95,851.55,871.25,871.9,849.7,4740265,4108909862.35,98234,LEGACY
2020-06-02,NATCOPHARM,Natco Pharma,EQ,INE987B01026,588.1,602.0,585.9,594.95,596.25,585.15,345105,206206253.55,10575,LEGACY
2020-06-02,PEL,Piramal Enterprises,EQ,INE140A01024,1112.0,1194.0,1103.1,1179.0,1173.95,1111.45,3186992,3651752524.8,104250,LEGACY
2020-06-02,PFIZER,Pfizer,EQ,INE182A01018,4014.95,4053.0,3930.85,4021.55,4025.5,4017.8,166964,666839241.05,20696,LEGACY
2020-06-02,SANOFI,Sanofi India,EQ,INE058A01010,7750.0,7977.0,7750.0,7900.05,7903.0,7773.6,18290,144366903.5,3774,LEGACY
2020-06-02,STAR,Strides Pharma Science,EQ,INE939A01011,401.8,420.8,399.0,409.4,409.15,399.75,2265710,935931549.15,37375,LEGACY
2020-06-02,SUNPHARMA,Sun Pharmaceutical Industries,EQ,INE044A01036,470.0,481.0,468.15,473.1,473.0,465.4,10978082,5224660445.15,148186,LEGACY
2020-06-02,TORNTPHARM,Torrent Pharmaceuticals,EQ,INE685A01028,2327.0,2393.35,2310.1,2369.45,2371.55,2327.0,749262,1776183050.75,51917,LEGACY
2020-06-02,WOCKPHARMA,Wockhardt,EQ,INE049B01025,217.75,227.0,216.35,223.1,224.0,216.2,950741,212479908.4,12894,LEGACY
2020-06-03,ABBOTINDIA,Abbott India,EQ,INE358A01014,16825.0,16978.0,16676.3,16717.3,16749.0,16883.7,16446,276439305.6,5045,LEGACY
2020-06-03,AJANTPHARM,Ajanta Pharma,EQ,INE031B01049,1457.25,1464.85,1430.9,1435.25,1436.0,1444.2,176463,255341581.9,9535,LEGACY
2020-06-03,ALKEM,Alkem Laboratories,EQ,INE540L01014,2424.4,2483.1,2378.45,2424.05,2423.65,2401.0,177273,432082855.75,28793,LEGACY
2020-06-03,APLLTD,Alembic Pharmaceuticals,EQ,INE901L01018,857.9,862.45,838.85,853.35,856.5,850.4,393980,335564065.6,22544,LEGACY
2020-06-03,AUROPHARMA,Aurobindo Pharma,EQ,INE406A01037,736.0,758.7,735.15,750.4,754.9,733.2,5746017,4299204577.85,108032,LEGACY
2020-06-03,BIOCON,Biocon,EQ,INE376G01013,387.0,390.0,381.35,382.5,383.45,382.7,4094227,1577863860.5,59623,LEGACY
2020-06-03,CADILAHC,Cadila Healthcare,EQ,INE010B01027,355.55,359.4,351.75,353.8,355.25,353.05,3505026,1246084093.5,55907,LEGACY
2020-06-03,CIPLA,Cipla,EQ,INE059A01026,646.85,649.5,635.3,641.2,642.35,637.6,5044705,3246526883.65,99708,LEGACY
2020-06-03,DIVISLAB,Divi's Laboratories,EQ,INE361B01024,2420.0,2442.0,2367.2,2382.2,2380.0,2411.0,888450,2130974529.0,59754,LEGACY
2020-06-03,DRREDDY,Dr. Reddy's Laboratories,EQ,INE089A01023,3928.8,3990.0,3911.25,3962.4,3966.0,3895.3,738828,2928039687.45,50038,LEGACY
2020-06-03,GLAXO,GlaxoSmithKline Pharmaceuticals,EQ,INE159A01016,1364.0,1385.9,1355.1,1370.7,1385.9,1356.0,24013,32851225.1,2783,LEGACY
2020-06-03,GLENMARK,Glenmark Pharmaceuticals,EQ,INE935A01035,395.0,398.25,388.0,390.15,390.0,388.7,3661751,1439951576.65,51231,LEGACY
2020-06-03,GRANULES,Granules India,EQ,INE101D01020,186.0,188.5,179.5,181.45,182.95,181.1,4885301,900910713.8,42475,LEGACY
2020-06-03,IPCALAB,IPCA Laboratories,EQ,INE571A01020,1560.0,1563.5,1522.05,1529.35,1526.95,1555.7,465668,714234397.95,34369,LEGACY
2020-06-03,JBCHEPHARM,JB Chemicals & Pharmaceuticals,EQ,INE572A01028,710.0,710.0,678.35,685.0,685.8,699.85,280989,193239363.25,14283,LEGACY
2020-06-03,LAURUSLABS,Laurus Labs,EQ,INE947Q01010,468.0,482.9,464.9,470.7,471.95,466.95,1141080,541974191.4,23480,LEGACY
2020-06-03,LUPIN,Lupin,EQ,INE326A01037,880.0,885.85,861.15,867.45,869.2,871.25,3867031,3394250356.4,80540,LEGACY
2020-06-03,NATCOPHARM,Natco Pharma,EQ,INE987B01026,599.0,602.5,582.0,585.3,586.0,594.95,205901,121843071.95,7594,LEGACY
2020-06-03,PEL,Piramal Enterprises,EQ,INE140A01024,1198.0,1205.0,1120.6,1127.7,1131.0,1179.0,2241835,2574754256.95,65660,LEGACY
2020-06-03,PFIZER,Pfizer,EQ,INE182A01018,4032.0,4090.0,4016.0,4060.5,4064.9,4021.55,97463,395782137.1,12741,LEGACY
2020-06-03,SANOFI,Sanofi India,EQ,INE058A01010,7925.0,8224.0,7925.0,8164.45,8180.0,7900.05,30394,246203380.65,6984,LEGACY
2020-06-03,STAR,Strides Pharma Science,EQ,INE939A01011,412.35,419.6,405.0,409.9,410.0,409.4,1224127,507287175.55,21159,LEGACY
2020-06-03,SUNPHARMA,Sun Pharmaceutical Industries,EQ,INE044A01036,474.95,481.6,473.0,476.15,474.8,473.1,7768553,3711583243.95,106980,LEGACY
2020-06-03,TORNTPHARM,Torrent Pharmaceuticals,EQ,INE685A01028,2382.2,2407.5,2280.0,2307.75,2308.05,2369.45,1609832,3731007103.5,64524,LEGACY
2020-06-03,WOCKPHARMA,Wockhardt,EQ,INE049B01025,226.95,234.25,225.4,233.75,232.0,223.1,806384,187347123.25,10992,LEGACY
2020-06-04,ABBOTINDIA,Abbott India,EQ,INE358A01014,16650.0,16808.0,16551.05,16683.15,16680.0,16717.3,22626,377429458.3,5181,LEGACY
2020-06-04,AJANTPHARM,Ajanta Pharma,EQ,INE031B01049,1445.0,1453.0,1430.0,1446.3,1446.3,1435.25,100815,145538400.9,5164,LEGACY
2020-06-04,ALKEM,Alkem Laboratories,EQ,INE540L01014,2430.15,2455.0,2401.0,2445.0,2449.7,2424.05,83280,202788334.9,13160,LEGACY
2020-06-04,APLLTD,Alembic Pharmaceuticals,EQ,INE901L01018,850.1,868.0,828.05,837.65,838.15,853.35,309462,261227749.0,11291,LEGACY
2020-06-04,AUROPHARMA,Aurobindo Pharma,EQ,INE406A01037,774.0,791.0,753.55,759.45,761.75,750.4,18788170,14470465503.3,291079,LEGACY
2020-06-04,BIOCON,Biocon,EQ,INE376G01013,382.5,395.75,382.0,393.65,393.85,382.5,7533702,2940043592.95,102767,LEGACY
2020-06-04,CADILAHC,Cadila Healthcare,EQ,INE010B01027,358.0,364.05,353.35,362.7,363.1,353.8,5910999,2124235442.4,76588,LEGACY
2020-06-04,CIPLA,Cipla,EQ,INE059A01026,643.0,664.8,642.5,660.55,663.25,641.2,10452588,6849586989.65,185798,LEGACY
2020-06-04,DIVISLAB,Divi's Laboratories,EQ,INE361B01024,2392.0,2439.0,2385.0,2421.15,2420.95,2382.2,704299,1703740649.9,44439,LEGACY
2020-06-04,DRREDDY,Dr. Reddy's Laboratories,EQ,INE089A01023,3959.9,4057.0,3956.65,3998.9,3995.35,3962.4,1199450,4812180363.1,83021,LEGACY
2020-06-04,GLAXO,GlaxoSmithKline Pharmaceuticals,EQ,INE159A01016,1383.95,1390.0,1361.2,1372.95,1366.0,1370.7,24528,33714302.55,3145,LEGACY
2020-06-04,GLENMARK,Glenmark Pharmaceuticals,EQ,INE935A01035,391.4,403.9,388.5,395.65,397.0,390.15,4296944,1705805123.75,71369,LEGACY
2020-06-04,GRANULES,Granules India,EQ,INE101D01020,182.95,189.0,181.25,184.7,183.85,181.45,3309710,613324270.75,29033,LEGACY
2020-06-04,IPCALAB,IPCA Laboratories,EQ,INE571A01020,1547.0,1547.0,1500.0,1516.2,1516.0,1529.35,379277,577904238.9,31619,LEGACY
2020-06-04,JBCHEPHARM,JB Chemicals & Pharmaceuticals,EQ,INE572A01028,687.4,711.85,680.4,697.9,699.6,685.0,277331,193872799.45,14805,LEGACY
2020-06-04,LAURUSLABS,Laurus Labs,EQ,INE947Q01010,473.5,478.0,465.3,469.95,470.0,470.7,343809,162093328.75,9209,LEGACY
2020-06-04,LUPIN,Lupin,EQ,INE326A01037,870.0,913.0,868.85,907.6,910.15,867.45,6242195,5589274028.35,119862,LEGACY
2020-06-04,NATCOPHARM,Natco Pharma,EQ,INE987B01026,588.5,593.65,583.05,590.65,590.15,585.3,150316,88680252.75,7492,LEGACY
2020-06-04,PEL,Piramal Enterprises,EQ,INE140A01024,1105.0,1143.0,1064.05,1081.55,1081.7,1127.7,2108211,2297279272.5,72512,LEGACY
2020-06-04,PFIZER,Pfizer,EQ,INE182A01018,4076.0,4160.0,4050.0,4122.75,4119.85,4060.5,108973,448330814.6,14240,LEGACY
2020-06-04,SANOFI,Sanofi India,EQ,INE058A01010,8250.0,8343.0,8050.0,8129.4,8120.0,8164.45,32390,266081236.1,7897,LEGACY
2020-06-04,STAR,Strides Pharma Science,EQ,INE939A01011,412.6,427.45,410.0,419.7,419.0,409.9,1704772,717139703.3,27276,LEGACY
2020-06-04,SUNPHARMA,Sun Pharmaceutical Industries,EQ,INE044A01036,473.0,498.0,472.1,494.85,496.0,476.15,19100370,9348456565.55,240611,LEGACY
2020-06-04,TORNTPHARM,Torrent Pharmaceuticals,EQ,INE685A01028,2310.0,2379.5,2302.2,2365.85,2367.25,2307.75,872170,2055626781.1,46535,LEGACY
2020-06-04,WOCKPHARMA,Wockhardt,EQ,INE049B01025,233.8,245.4,228.8,245.4,245.4,233.75,894596,215754962.45,14866,LEGACY
2020-06-05,ABBOTINDIA,Abbott India,EQ,INE358A01014,16753.0,17399.0,16650.65,17163.55,17300.0,16683.15,16190,274004580.6,5431,LEGACY
2020-06-05,AJANTPHARM,Ajanta Pharma,EQ,INE031B01049,1453.0,1468.5,1445.2,1464.7,1465.6,1446.3,111191,162227974.95,6334,LEGACY
2020-06-05,ALKEM,Alkem Laboratories,EQ,INE540L01014,2459.9,2510.15,2375.0,2394.55,2381.0,2445.0,209490,512451064.95,26608,LEGACY
2020-06-05,APLLTD,Alembic Pharmaceuticals,EQ,INE901L01018,843.85,858.75,840.0,853.25,853.4,837.65,157987,134457703.65,9192,LEGACY
2020-06-05,AUROPHARMA,Aurobindo Pharma,EQ,INE406A01037,765.0,775.6,740.05,744.0,744.8,759.45,5602900,4244914522.4,106546,LEGACY
2020-06-05,BIOCON,Biocon,EQ,INE376G01013,397.0,400.5,388.6,389.6,390.7,393.65,5323724,2098891085.05,56511,LEGACY
2020-06-05,CADILAHC,Cadila Healthcare,EQ,INE010B01027,364.85,367.55,357.7,359.7,359.25,362.7,4170571,1508872588.95,42352,LEGACY
2020-06-05,CIPLA,Cipla,EQ,INE059A01026,665.0,669.75,649.0,650.9,654.45,660.55,6481383,4262776167.65,98170,LEGACY
2020-06-05,DIVISLAB,Divi's Laboratories,EQ,INE361B01024,2429.45,2476.0,2415.75,2460.05,2476.0,2421.15,770517,1888117465.8,42148,LEGACY
2020-06-05,DRREDDY,Dr. Reddy's Laboratories,EQ,INE089A01023,4019.45,4050.0,3992.3,4024.9,4025.0,3998.9,771006,3107625603.35,65450,LEGACY
2020-06-05,GLAXO,GlaxoSmithKline Pharmaceuticals,EQ,INE159A01016,1378.0,1385.05,1370.0,1382.3,1385.0,1372.95,23401,32257491.9,2787,LEGACY
2020-06-05,GLENMARK,Glenmark Pharmaceuticals,EQ,INE935A01035,400.0,413.95,398.8,402.55,402.5,395.65,5645040,2290049031.0,98422,LEGACY
2020-06-05,GRANULES,Granules India,EQ,INE101D01020,185.95,187.8,183.0,184.2,184.0,184.7,1368280,253088767.65,17062,LEGACY
2020-06-05,IPCALAB,IPCA Laboratories,EQ,INE571A01020,1526.0,1526.0,1494.2,1501.0,1500.05,1516.2,426982,641939697.1,58185,LEGACY
2020-06-05,JBCHEPHARM,JB Chemicals & Pharmaceuticals,EQ,INE572A01028,703.95,717.0,697.0,707.65,709.15,697.9,154360,108894204.2,14038,LEGACY
2020-06-05,LAURUSLABS,Laurus Labs,EQ,INE947Q01010,471.2,477.9,468.2,471.05,472.5,469.95,299040,141467459.9,8744,LEGACY
2020-06-05,LUPIN,Lupin,EQ,INE326A01037,919.9,923.9,898.1,902.35,904.0,907.6,3694058,3372536737.2,70056,LEGACY
2020-06-05,NATCOPHARM,Natco Pharma,EQ,INE987B01026,595.0,601.9,591.2,592.95,593.0,590.65,187373,111492562.85,7129,LEGACY
2020-06-05,PEL,Piramal Enterprises,EQ,INE140A01024,1094.0,1144.45,1090.1,1127.1,1131.0,1081.55,1958981,2201333456.5,61434,LEGACY
2020-06-05,PFIZER,Pfizer,EQ,INE182A01018,4140.0,4154.0,4086.0,4102.25,4099.0,4122.75,71821,296052000.15,11519,LEGACY
2020-06-05,SANOFI,Sanofi India,EQ,INE058A01010,8135.0,8239.9,8101.05,8124.35,8150.7,8129.4,17647,144200050.05,3524,LEGACY
2020-06-05,STAR,Strides Pharma Science,EQ,INE939A01011,423.4,425.9,415.05,416.55,415.8,419.7,569780,239224216.15,12798,LEGACY
2020-06-05,SUNPHARMA,Sun Pharmaceutical Industries,EQ,INE044A01036,501.0,511.0,492.2,494.25,494.4,494.85,22798422,11481901490.0,250282,LEGACY
2020-06-05,TORNTPHARM,Torrent Pharmaceuticals,EQ,INE685A01028,2385.0,2406.4,2354.35,2367.75,2369.65,2365.85,447885,1066067157.7,22526,LEGACY
2020-06-05,WOCKPHARMA,Wockhardt,EQ,INE049B01025,249.0,266.0,248.7,256.55,256.0,245.4,1427350,368737870.7,19086,LEGACY
2020-06-08,ABBOTINDIA,Abbott India,EQ,INE358A01014,17400.0,17799.0,16501.0,16605.1,16538.0,17163.55,70490,1203481811.9,19289,LEGACY
2020-06-08,AJANTPHARM,Ajanta Pharma,EQ,INE031B01049,1474.0,1481.6,1450.2,1477.9,1480.0,1464.7,167115,246115151.25,13936,LEGACY
2020-06-08,ALKEM,Alkem Laboratories,EQ,INE540L01014,2430.0,2434.0,2365.0,2375.45,2374.0,2394.55,241433,575417967.35,25112,LEGACY
2020-06-08,APLLTD,Alembic Pharmaceuticals,EQ,INE901L01018,860.95,860.95,831.0,833.9,834.0,853.25,245569,206223366.45,16308,LEGACY
2020-06-08,AUROPHARMA,Aurobindo Pharma,EQ,INE406A01037,754.75,757.2,728.8,750.85,751.0,744.0,5306306,3968626629.0,140202,LEGACY
2020-06-08,BIOCON,Biocon,EQ,INE376G01013,393.0,393.9,378.35,381.25,381.05,389.6,5661410,2176653444.4,70967,LEGACY
2020-06-08,CADILAHC,Cadila Healthcare,EQ,INE010B01027,360.0,360.5,351.2,353.2,353.2,359.7,2963704,1054068958.95,37877,LEGACY
2020-06-08,CIPLA,Cipla,EQ,INE059A01026,656.7,657.8,633.05,635.1,636.1,650.9,6263354,4009624744.8,123250,LEGACY
2020-06-08,DIVISLAB,Divi's Laboratories,EQ,INE361B01024,2472.0,2472.0,2337.0,2413.05,2405.0,2460.05,1943121,4626960493.2,99452,LEGACY
2020-06-08,DRREDDY,Dr. Reddy's Laboratories,EQ,INE089A01023,4034.9,4034.9,3942.0,3967.6,3970.0,4024.9,712014,2837005574.35,71698,LEGACY
2020-06-08,GLAXO,GlaxoSmithKline Pharmaceuticals,EQ,INE159A01016,1380.2,1393.2,1206.0,1352.15,1354.0,1382.3,37996,51414244.2,4423,LEGACY
2020-06-08,GLENMARK,Glenmark Pharmaceuticals,EQ,INE935A01035,405.95,407.25,394.0,399.75,400.6,402.55,3186873,1281159575.8,45932,LEGACY
2020-06-08,GRANULES,Granules India,EQ,INE101D01020,186.0,187.0,179.3,181.5,182.25,184.2,1419435,259161850.0,21378,LEGACY
2020-06-08,IPCALAB,IPCA Laboratories,EQ,INE571A01020,1506.0,1533.0,1495.0,1513.65,1512.2,1501.0,548621,831394483.75,23939,LEGACY
2020-06-08,JBCHEPHARM,JB Chemicals & Pharmaceuticals,EQ,INE572A01028,715.0,717.25,703.55,711.9,715.0,707.65,104956,74459326.05,10625,LEGACY
2020-06-08,LAURUSLABS,Laurus Labs,EQ,INE947Q01010,475.7,477.0,464.05,468.05,467.0,471.05,271106,127575111.95,6383,LEGACY
2020-06-08,LUPIN,Lupin,EQ,INE326A01037,905.0,911.9,880.75,900.3,896.9,902.35,2880744,2586427306.35,76537,LEGACY
2020-06-08,NATCOPHARM,Natco Pharma,EQ,INE987B01026,597.95,636.0,594.0,629.7,630.25,592.95,1184084,737278081.8,26434,LEGACY
2020-06-08,PEL,Piramal Enterprises,EQ,INE140A01024,1155.0,1167.95,1074.5,1085.25,1088.2,1127.1,1720987,1927133482.3,60641,LEGACY
2020-06-08,PFIZER,Pfizer,EQ,INE182A01018,4150.0,4160.0,4092.0,4127.4,4128.0,4102.25,101619,419191856.05,15393,LEGACY
2020-06-08,SANOFI,Sanofi India,EQ,INE058A01010,8135.0,8255.0,7990.0,8052.3,8056.0,8124.35,30948,249751517.1,9357,LEGACY
2020-06-08,STAR,Strides Pharma Science,EQ,INE939A01011,419.9,420.6,409.1,411.9,412.5,416.55,660148,274025714.85,12515,LEGACY
2020-06-08,SUNPHARMA,Sun Pharmaceutical Industries,EQ,INE044A01036,498.75,498.75,485.05,489.0,488.7,494.25,9182445,4507324287.9,146148,LEGACY
2020-06-08,TORNTPHARM,Torrent Pharmaceuticals,EQ,INE685A01028,2389.0,2389.0,2330.0,2366.25,2360.05,2367.75,480185,1136115498.75,37039,LEGACY
2020-06-08,WOCKPHARMA,Wockhardt,EQ,INE049B01025,259.9,261.95,250.55,253.1,252.2,256.55,716716,183275846.3,12286,LEGACY
2020-06-09,ABBOTINDIA,Abbott India,EQ,INE358A01014,16390.0,16495.0,16000.0,16314.55,16334.3,16605.1,31499,512871570.9,9906,LEGACY
2020-06-09,AJANTPHARM,Ajanta Pharma,EQ,INE031B01049,1489.4,1525.0,1482.05,1491.95,1494.0,1477.9,311282,469843559.15,11774,LEGACY
2020-06-09,ALKEM,Alkem Laboratories,EQ,INE540L01014,2380.0,2415.0,2368.05,2399.1,2395.5,2375.45,240768,576737117.55,21543,LEGACY
2020-06-09,APLLTD,Alembic Pharmaceuticals,EQ,INE901L01018,839.0,849.0,791.25,800.6,802.0,833.9,574819,472461045.65,34028,LEGACY
2020-06-09,AUROPHARMA,Aurobindo Pharma,EQ,INE406A01037,755.0,784.0,754.0,774.95,772.3,750.85,8618231,6675195902.1,147255,LEGACY
2020-06-09,BIOCON,Biocon,EQ,INE376G01013,383.0,390.0,378.0,381.65,382.0,381.25,5427669,2088635756.4,54010,LEGACY
2020-06-09,CADILAHC,Cadila Healthcare,EQ,INE010B01027,354.0,369.0,352.0,360.2,360.5,353.2,5530198,2008524023.8,64584,LEGACY
2020-06-09,CIPLA,Cipla,EQ,INE059A01026,638.9,654.3,637.05,640.05,639.7,635.1,8968473,5794493919.5,133946,LEGACY
2020-06-09,DIVISLAB,Divi's Laboratories,EQ,INE361B01024,2400.0,2456.9,2400.0,2421.8,2412.0,2413.05,1215393,2953689541.3,61299,LEGACY
2020-06-09,DRREDDY,Dr. Reddy's Laboratories,EQ,INE089A01023,3930.0,4142.0,3930.0,4123.8,4120.0,3967.6,2275180,9339409283.8,136438,LEGACY
2020-06-09,GLAXO,GlaxoSmithKline Pharmaceuticals,EQ,INE159A01016,1354.0,1372.0,1352.0,1355.4,1352.5,1352.15,19187,26115155.95,2830,LEGACY
2020-06-09,GLENMARK,Glenmark Pharmaceuticals,EQ,INE935A01035,400.6,412.8,396.95,401.8,402.5,399.75,5100486,2073925882.2,66330,LEGACY
2020-06-09,GRANULES,Granules India,EQ,INE101D01020,182.95,185.6,180.0,181.0,181.1,181.5,1258048,230189976.1,21153,LEGACY
2020-06-09,IPCALAB,IPCA Laboratories,EQ,INE571A01020,1515.0,1548.8,1514.7,1543.35,1545.0,1513.65,335514,515890935.85,26892,LEGACY
2020-06-09,JBCHEPHARM,JB Chemicals & Pharmaceuticals,EQ,INE572A01028,715.0,715.0,670.8,680.7,678.4,711.9,217511,151370883.0,7546,LEGACY
2020-06-09,LAURUSLABS,Laurus Labs,EQ,INE947Q01010,470.0,480.0,465.5,474.95,473.5,468.05,859260,407962693.65,17103,LEGACY
2020-06-09,LUPIN,Lupin,EQ,INE326A01037,899.9,930.8,895.5,919.4,916.1,900.3,4737707,4367149327.3,104688,LEGACY
2020-06-09,NATCOPHARM,Natco Pharma,EQ,INE987B01026,633.6,645.95,632.05,635.1,633.0,629.7,594440,379694641.0,20214,LEGACY
2020-06-09,PEL,Piramal Enterprises,EQ,INE140A01024,1100.0,1104.0,1049.25,1063.55,1061.55,1085.25,1783019,1913625576.0,67052,LEGACY
2020-06-09,PFIZER,Pfizer,EQ,INE182A01018,4160.0,4210.0,4121.0,4141.45,4126.05,4127.4,126876,528624449.4,14265,LEGACY
2020-06-09,SANOFI,Sanofi India,EQ,INE058A01010,8110.0,8110.0,7911.05,7975.65,7984.95,8052.3,27294,217905226.25,4944,LEGACY
2020-06-09,STAR,Strides Pharma Science,EQ,INE939A01011,412.1,422.4,410.05,412.65,412.3,411.9,835842,348061266.65,15745,LEGACY
2020-06-09,SUNPHARMA,Sun Pharmaceutical Industries,EQ,INE044A01036,492.0,512.7,492.0,500.75,498.45,489.0,25884208,13084013547.8,297673,LEGACY
2020-06-09,TORNTPHARM,Torrent Pharmaceuticals,EQ,INE685A01028,2377.9,2444.95,2366.25,2376.95,2384.0,2366.25,947363,2288695606.3,44328,LEGACY
2020-06-09,WOCKPHARMA,Wockhardt,EQ,INE049B01025,254.8,277.0,250.1,264.7,262.0,253.1,2226127,595066893.85,29967,LEGACY
2020-06-10,ABBOTINDIA,Abbott India,EQ,INE358A01014,16350.0,16480.0,16120.05,16325.35,16310.0,16314.55,10387,169596458.5,3658,LEGACY
2020-06-10,AJANTPHARM,Ajanta Pharma,EQ,INE031B01049,1505.0,1529.0,1490.0,1497.2,1494.0,1491.95,139818,211171596.9,8604,LEGACY
2020-06-10,ALKEM,Alkem Laboratories,EQ,INE540L01014,2420.0,2452.95,2355.5,2378.65,2385.0,2399.1,367846,887098296.1,35239,LEGACY
2020-06-10,APLLTD,Alembic Pharmaceuticals,EQ,INE901L01018,804.5,863.5,802.15,856.9,858.5,800.6,647061,542547652.35,25226,LEGACY
2020-06-10,AUROPHARMA,Aurobindo Pharma,EQ,INE406A01037,774.2,799.6,772.35,796.95,796.05,774.95,6605407,5207302276.05,136581,LEGACY
2020-06-10,BIOCON,Biocon,EQ,INE376G01013,384.0,393.5,382.5,389.95,390.9,381.65,5871242,2284089224.45,70582,LEGACY
2020-06-10,CADILAHC,Cadila Healthcare,EQ,INE010B01027,360.5,371.3,358.65,369.2,369.0,360.2,5019676,1845881279.4,76397,LEGACY
2020-06-10,CIPLA,Cipla,EQ,INE059A01026,646.8,650.75,639.8,642.95,645.65,640.05,5426109,3504538812.35,84838,LEGACY
2020-06-10,DIVISLAB,Divi's Laboratories,EQ,INE361B01024,2412.0,2444.0,2376.0,2394.65,2398.0,2421.8,702973,1691261959.35,35141,LEGACY
2020-06-10,DRREDDY,Dr. Reddy's Laboratories,EQ,INE089A01023,4145.0,4190.0,4087.7,4112.5,4120.0,4123.8,1553988,6444325258.55,104262,LEGACY
2020-06-10,GLAXO,GlaxoSmithKline Pharmaceuticals,EQ,INE159A01016,1362.0,1395.0,1352.9,1386.85,1386.95,1355.4,36365,50107078.95,3745,LEGACY
2020-06-10,GLENMARK,Glenmark Pharmaceuticals,EQ,INE935A01035,404.85,407.4,399.45,401.45,402.5,401.8,2837517,1144760472.55,36330,LEGACY
2020-06-10,GRANULES,Granules India,EQ,INE101D01020,181.85,206.9,181.75,203.8,201.65,181.0,14301038,2825505369.2,116290,LEGACY
2020-06-10,IPCALAB,IPCA Laboratories,EQ,INE571A01020,1550.25,1602.95,1545.0,1596.9,1595.45,1543.35,557049,881306425.4,37898,LEGACY
2020-06-10,JBCHEPHARM,JB Chemicals & Pharmaceuticals,EQ,INE572A01028,689.7,704.0,685.95,693.15,692.0,680.7,111778,77509584.85,8970,LEGACY
2020-06-10,LAURUSLABS,Laurus Labs,EQ,INE947Q01010,475.05,489.7,473.0,482.2,484.8,474.95,782397,377436105.0,14980,LEGACY
2020-06-10,LUPIN,Lupin,EQ,INE326A01037,924.4,936.95,918.0,928.35,929.1,919.4,3077038,2859769309.05,80679,LEGACY
2020-06-10,NATCOPHARM,Natco Pharma,EQ,INE987B01026,640.0,644.0,622.25,629.7,630.0,635.1,238818,151172226.1,7799,LEGACY
2020-06-10,PEL,Piramal Enterprises,EQ,INE140A01024,1065.0,1066.1,1015.15,1044.3,1056.4,1063.55,2517085,2599628511.55,74479,LEGACY
2020-06-10,PFIZER,Pfizer,EQ,INE182A01018,4160.0,4194.0,4091.3,4105.45,4101.5,4141.45,64020,264425187.05,8914,LEGACY
2020-06-10,SANOFI,Sanofi India,EQ,INE058A01010,8036.85,8149.8,7975.0,7995.6,7999.0,7975.65,24193,194692837.95,5455,LEGACY
2020-06-10,STAR,Strides Pharma Science,EQ,INE939A01011,415.75,416.8,409.35,411.9,412.2,412.65,499228,206326232.95,9091,LEGACY
2020-06-10,SUNPHARMA,Sun Pharmaceutical Industries,EQ,INE044A01036,502.5,507.0,493.55,499.15,499.75,500.75,10636665,5325950821.75,135548,LEGACY
2020-06-10,TORNTPHARM,Torrent Pharmaceuticals,EQ,INE685A01028,2394.85,2473.0,2390.05,2458.9,2473.0,2376.95,1142090,2793287848.9,50220,LEGACY
2020-06-10,WOCKPHARMA,Wockhardt,EQ,INE049B01025,266.5,272.3,257.9,259.95,261.0,264.7,1132867,299749793.95,18161,LEGACY
2020-06-11,ABBOTINDIA,Abbott India,EQ,INE358A01014,16300.0,16500.0,15911.0,16035.5,16050.0,16325.35,19232,311483836.45,6986,LEGACY
2020-06-11,AJANTPHARM,Ajanta Pharma,EQ,INE031B01049,1503.0,1504.9,1475.0,1480.8,1485.0,1497.2,98670,147096339.75,6429,LEGACY
2020-06-11,ALKEM,Alkem Laboratories,EQ,INE540L01014,2390.55,2394.0,2340.0,2357.8,2358.0,2378.65,179804,424167501.2,15405,LEGACY
2020-06-11,APLLTD,Alembic Pharmaceuticals,EQ,INE901L01018,859.85,876.85,837.85,844.5,845.0,856.9,441090,379233206.15,21168,LEGACY
2020-06-11,AUROPHARMA,Aurobindo Pharma,EQ,INE406A01037,789.0,805.45,775.35,785.85,783.45,796.95,6175415,4876136681.0,160378,LEGACY
2020-06-11,BIOCON,Biocon,EQ,INE376G01013,389.95,393.9,384.5,386.95,386.25,389.95,3729429,1452898402.1,42878,LEGACY
2020-06-11,CADILAHC,Cadila Healthcare,EQ,INE010B01027,369.8,378.25,366.15,369.5,369.55,369.2,6624240,2467800795.55,126870,LEGACY
2020-06-11,CIPLA,Cipla,EQ,INE059A01026,645.65,646.95,632.8,635.0,635.95,642.95,3172467,2031959200.1,56954,LEGACY
2020-06-11,DIVISLAB,Divi's Laboratories,EQ,INE361B01024,2394.65,2417.35,2347.0,2356.3,2358.0,2394.65,470945,1121937273.25,27820,LEGACY
2020-06-11,DRREDDY,Dr. Reddy's Laboratories,EQ,INE089A01023,4113.0,4127.95,4037.0,4057.6,4056.25,4112.5,827516,3383282905.8,73379,LEGACY
2020-06-11,GLAXO,GlaxoSmithKline Pharmaceuticals,EQ,INE159A01016,1397.95,1435.05,1385.0,1408.6,1409.95,1386.85,70166,98879076.3,5988,LEGACY
2020-06-11,GLENMARK,Glenmark Pharmaceuticals,EQ,INE935A01035,395.25,406.95,381.55,384.45,387.9,401.45,3709098,1468014935.75,62892,LEGACY
2020-06-11,GRANULES,Granules India,EQ,INE101D01020,201.5,208.8,198.0,199.55,199.4,203.8,4607902,940071877.1,42075,LEGACY
2020-06-11,IPCALAB,IPCA Laboratories,EQ,INE571A01020,1605.0,1605.4,1550.05,1560.0,1556.25,1596.9,170279,268170058.0,26556,LEGACY
2020-06-11,JBCHEPHARM,JB Chemicals & Pharmaceuticals,EQ,INE572A01028,718.0,718.0,685.25,693.25,695.0,693.15,195731,137685096.45,7406,LEGACY
2020-06-11,LAURUSLABS,Laurus Labs,EQ,INE947Q01010,484.65,496.35,478.7,488.3,492.1,482.2,1010344,495493498.15,18741,LEGACY
2020-06-11,LUPIN,Lupin,EQ,INE326A01037,924.0,931.8,912.05,918.3,919.1,928.35,1944883,1791285062.45,57370,LEGACY
2020-06-11,NATCOPHARM,Natco Pharma,EQ,INE987B01026,632.75,632.75,612.05,615.6,622.0,629.7,183266,114144106.6,7426,LEGACY
2020-06-11,PEL,Piramal Enterprises,EQ,INE140A01024,1040.0,1078.15,1020.0,1026.05,1030.0,1044.3,1370114,1432829183.65,44502,LEGACY
2020-06-11,PFIZER,Pfizer,EQ,INE182A01018,4098.05,4106.85,4050.0,4060.7,4061.0,4105.45,55977,227804772.3,8345,LEGACY
2020-06-11,SANOFI,Sanofi India,EQ,INE058A01010,8012.5,8050.0,7870.0,7920.65,7938.0,7995.6,24139,192162775.7,4215,LEGACY
2020-06-11,STAR,Strides Pharma Science,EQ,INE939A01011,411.9,412.75,397.0,399.25,401.75,411.9,443625,179944160.45,10892,LEGACY
2020-06-11,SUNPHARMA,Sun Pharmaceutical Industries,EQ,INE044A01036,490.0,493.8,469.1,473.65,475.0,499.15,18547537,8924143671.1,251481,LEGACY
2020-06-11,TORNTPHARM,Torrent Pharmaceuticals,EQ,INE685A01028,2480.0,2494.0,2421.05,2447.6,2460.0,2458.9,752817,1857654437.3,37347,LEGACY
2020-06-11,WOCKPHARMA,Wockhardt,EQ,INE049B01025,262.0,266.0,244.05,248.7,249.25,259.95,836951,213049602.6,15697,LEGACY
2020-06-12,ABBOTINDIA,Abbott India,EQ,INE358A01014,15845.0,16200.0,15570.0,16083.6,16071.05,16035.5,16194,256603391.4,6286,LEGACY
2020-06-12,AJANTPHARM,Ajanta Pharma,EQ,INE031B01049,1440.0,1470.0,1437.5,1458.0,1460.0,1480.8,80109,116530874.85,5536,LEGACY
2020-06-12,ALKEM,Alkem Laboratories,EQ,INE540L01014,2300.0,2397.9,2300.0,2355.95,2358.0,2357.8,219005,516403257.55,22690,LEGACY
2020-06-12,APLLTD,Alembic Pharmaceuticals,EQ,INE901L01018,816.25,859.0,813.0,853.9,848.65,844.5,300437,252469095.25,13623,LEGACY
2020-06-12,AUROPHARMA,Aurobindo Pharma,EQ,INE406A01037,765.0,784.5,763.7,771.7,773.5,785.85,4466352,3451934673.85,84517,LEGACY
2020-06-12,BIOCON,Biocon,EQ,INE376G01013,386.0,396.25,381.2,384.8,384.6,386.95,7259146,2805625944.35,79273,LEGACY
2020-06-12,CADILAHC,Cadila Healthcare,EQ,INE010B01027,361.95,376.4,359.7,374.3,375.5,369.5,4644285,1710746731.95,50435,LEGACY
2020-06-12,CIPLA,Cipla,EQ,INE059A01026,616.3,645.0,616.3,643.6,643.1,635.0,5579264,3540642950.7,90026,LEGACY
2020-06-12,DIVISLAB,Divi's Laboratories,EQ,INE361B01024,2310.0,2400.3,2302.9,2395.1,2390.9,2356.3,589371,1390991109.4,37165,LEGACY
2020-06-12,DRREDDY,Dr. Reddy's Laboratories,EQ,INE089A01023,3992.0,4036.6,3981.0,4007.95,4006.0,4057.6,782308,3135290978.3,57567,LEGACY
2020-06-12,GLAXO,GlaxoSmithKline Pharmaceuticals,EQ,INE159A01016,1391.0,1409.95,1377.0,1394.45,1390.0,1408.6,34995,48837830.55,4071,LEGACY
2020-06-12,GLENMARK,Glenmark Pharmaceuticals,EQ,INE935A01035,371.0,406.0,371.0,403.85,404.0,384.45,5516157,2168739679.55,65197,LEGACY
2020-06-12,GRANULES,Granules India,EQ,INE101D01020,195.1,217.4,195.0,214.35,215.0,199.55,11919365,2519155503.9,110623,LEGACY
2020-06-12,IPCALAB,IPCA Laboratories,EQ,INE571A01020,1529.25,1584.0,1512.3,1579.9,1573.25,1560.0,236102,367878473.8,16693,LEGACY
2020-06-12,JBCHEPHARM,JB Chemicals & Pharmaceuticals,EQ,INE572A01028,666.7,699.0,661.25,693.7,697.0,693.25,115322,79469599.85,6966,LEGACY
2020-06-12,LAURUSLABS,Laurus Labs,EQ,INE947Q01010,465.05,494.5,465.05,492.55,491.05,488.3,601399,290632136.35,16039,LEGACY
2020-06-12,LUPIN,Lupin,EQ,INE326A01037,904.3,920.5,901.05,911.9,911.0,918.3,2106002,1920216389.35,56210,LEGACY
2020-06-12,NATCOPHARM,Natco Pharma,EQ,INE987B01026,590.05,604.9,590.05,602.6,603.0,615.6,190049,113433619.95,7439,LEGACY
2020-06-12,PEL,Piramal Enterprises,EQ,INE140A01024,990.0,1071.95,990.0,1064.4,1057.0,1026.05,1842505,1910117295.5,57131,LEGACY
2020-06-12,PFIZER,Pfizer,EQ,INE182A01018,3966.0,4089.55,3966.0,4064.15,4060.0,4060.7,49070,198353264.9,9131,LEGACY
2020-06-12,SANOFI,Sanofi India,EQ,INE058A01010,7800.0,8000.0,7800.0,7956.95,7955.0,7920.65,30094,238665681.4,5784,LEGACY
2020-06-12,STAR,Strides Pharma Science,EQ,INE939A01011,382.5,397.8,382.5,395.8,396.3,399.25,403103,158711384.95,9083,LEGACY
2020-06-12,SUNPHARMA,Sun Pharmaceutical Industries,EQ,INE044A01036,455.0,481.9,455.0,480.1,478.8,473.65,11499860,5471942972.0,145048,LEGACY
2020-06-12,TORNTPHARM,Torrent Pharmaceuticals,EQ,INE685A01028,2415.0,2498.0,2404.5,2485.95,2484.0,2447.6,627093,1546560069.0,32461,LEGACY
2020-06-12,WOCKPHARMA,Wockhardt,EQ,INE049B01025,232.0,259.9,232.0,254.05,254.5,248.7,848748,212258862.75,16167,LEGACY
2020-06-16,ABBOTINDIA,Abbott India,EQ,INE358A01014,16275.0,16275.0,15900.0,16010.5,16030.0,16093.1,8680,139322066.05,3732,LEGACY
2020-06-16,AJANTPHARM,Ajanta Pharma,EQ,INE031B01049,1437.0,1494.0,1413.25,1476.6,1480.0,1420.45,276396,402490503.85,16534,LEGACY
2020-06-16,ALKEM,Alkem Laboratories,EQ,INE540L01014,2380.0,2415.5,2361.45,2393.2,2387.85,2369.85,168904,402681381.8,11995,LEGACY
2020-06-16,APLLTD,Alembic Pharmaceuticals,EQ,INE901L01018,900.9,943.8,895.25,908.05,907.5,889.95,1376446,1268497762.6,53751,LEGACY
2020-06-16,AUROPHARMA,Aurobindo Pharma,EQ,INE406A01037,779.7,785.1,756.1,768.4,767.95,768.7,3116379,2410603457.05,65348,LEGACY
2020-06-16,BIOCON,Biocon,EQ,INE376G01013,389.9,393.0,378.05,385.1,386.0,387.55,4888349,1896330740.85,63266,LEGACY
2020-06-16,CADILAHC,Cadila Healthcare,EQ,INE010B01027,366.0,374.75,356.35,360.8,360.5,370.85,7050529,2583216186.7,76999,LEGACY
2020-06-16,CIPLA,Cipla,EQ,INE059A01026,644.5,650.0,632.45,637.8,640.0,643.65,2927072,1880193284.15,46067,LEGACY
2020-06-16,DIVISLAB,Divi's Laboratories,EQ,INE361B01024,2352.0,2365.0,2285.0,2320.35,2320.0,2335.05,660665,1536529215.55,33260,LEGACY
2020-06-16,DRREDDY,Dr. Reddy's Laboratories,EQ,INE089A01023,4065.0,4080.0,3952.75,4005.45,4013.95,4012.3,780026,3127154870.45,46910,LEGACY
2020-06-16,GLAXO,GlaxoSmithKline Pharmaceuticals,EQ,INE159A01016,1400.0,1414.0,1371.0,1375.4,1375.0,1388.4,28288,39197567.45,3032,LEGACY
2020-06-16,GLENMARK,Glenmark Pharmaceuticals,EQ,INE935A01035,398.0,404.5,387.05,393.1,393.9,395.35,2683743,1066529786.0,35355,LEGACY
2020-06-16,GRANULES,Granules India,EQ,INE101D01020,210.1,224.45,208.5,216.45,216.05,207.55,8424121,1832779968.7,85458,LEGACY
2020-06-16,IPCALAB,IPCA Laboratories,EQ,INE571A01020,1599.0,1624.0,1511.1,1594.75,1590.0,1599.55,953531,1507905566.95,47261,LEGACY
2020-06-16,JBCHEPHARM,JB Chemicals & Pharmaceuticals,EQ,INE572A01028,710.05,730.0,700.95,718.7,714.0,701.15,234666,168090178.1,12129,LEGACY
2020-06-16,LAURUSLABS,Laurus Labs,EQ,INE947Q01010,512.5,513.95,485.0,501.95,502.0,508.35,700320,351927052.25,14558,LEGACY
2020-06-16,LUPIN,Lupin,EQ,INE326A01037,943.6,948.1,918.05,925.75,925.0,943.95,2459099,2297838111.85,49582,LEGACY
2020-06-16,NATCOPHARM,Natco Pharma,EQ,INE987B01026,611.9,644.0,611.9,639.75,640.9,605.95,742437,468068559.9,21070,LEGACY
2020-06-16,PEL,Piramal Enterprises,EQ,INE140A01024,1058.7,1070.0,1015.2,1043.25,1042.95,1036.05,1070086,1119236881.45,31146,LEGACY
2020-06-16,PFIZER,Pfizer,EQ,INE182A01018,4080.0,4101.85,4001.5,4056.95,4070.0,4081.5,74696,301318350.5,12237,LEGACY
2020-06-16,SANOFI,Sanofi India,EQ,INE058A01010,7965.0,8044.6,7840.25,7871.05,7886.85,7952.15,29383,232386613.85,5877,LEGACY
2020-06-16,STAR,Strides Pharma Science,EQ,INE939A01011,404.0,412.6,388.0,395.25,394.8,400.2,698738,280782042.7,14166,LEGACY
2020-06-16,SUNPHARMA,Sun Pharmaceutical Industries,EQ,INE044A01036,489.4,493.5,476.5,483.4,483.4,485.8,11249453,5467934255.3,147533,LEGACY
2020-06-16,TORNTPHARM,Torrent Pharmaceuticals,EQ,INE685A01028,2492.0,2507.0,2457.05,2499.0,2500.0,2463.15,437721,1091050162.95,19965,LEGACY
2020-06-16,WOCKPHARMA,Wockhardt,EQ,INE049B01025,260.0,265.6,245.25,254.1,254.3,255.6,1024913,263564444.35,17469,LEGACY
2020-06-17,ABBOTINDIA,Abbott India,EQ,INE358A01014,15989.3,16230.0,15862.2,16088.7,16093.0,16010.5,7858,126274574.2,3175,LEGACY
2020-06-17,AJANTPHARM,Ajanta Pharma,EQ,INE031B01049,1476.0,1496.0,1450.0,1463.7,1465.0,1476.6,120737,177750116.4,9358,LEGACY
2020-06-17,ALKEM,Alkem Laboratories,EQ,INE540L01014,2393.2,2396.0,2311.0,2336.1,2332.0,2393.2,259949,613676199.5,17959,LEGACY
2020-06-17,APLLTD,Alembic Pharmaceuticals,EQ,INE901L01018,908.0,932.8,905.05,918.35,920.0,908.05,330953,305067917.05,14332,LEGACY
2020-06-17,AUROPHARMA,Aurobindo Pharma,EQ,INE406A01037,773.4,793.7,769.45,788.95,787.35,768.4,5389524,4237597714.9,106897,LEGACY
2020-06-17,BIOCON,Biocon,EQ,INE376G01013,384.9,399.8,383.0,396.1,395.5,385.1,5810761,2284604348.25,58133,LEGACY
2020-06-17,CADILAHC,Cadila Healthcare,EQ,INE010B01027,370.0,371.8,362.65,364.5,364.5,360.8,6062637,2221169793.6,62306,LEGACY
2020-06-17,CIPLA,Cipla,EQ,INE059A01026,640.0,643.8,635.0,640.35,641.0,637.8,2648049,1692579541.85,46713,LEGACY
2020-06-17,DIVISLAB,Divi's Laboratories,EQ,INE361B01024,2329.05,2337.85,2292.3,2300.1,2303.0,2320.35,699526,1614382877.8,51653,LEGACY
2020-06-17,DRREDDY,Dr. Reddy's Laboratories,EQ,INE089A01023,4005.45,4042.75,3972.0,3985.2,3981.05,4005.45,637364,2548827037.55,47282,LEGACY
2020-06-17,GLAXO,GlaxoSmithKline Pharmaceuticals,EQ,INE159A01016,1384.0,1405.0,1369.55,1390.05,1384.0,1375.4,24090,33442324.3,4360,LEGACY
2020-06-17,GLENMARK,Glenmark Pharmaceuticals,EQ,INE935A01035,395.0,402.85,393.1,398.6,399.85,393.1,3331439,1322397359.7,63952,LEGACY
2020-06-17,GRANULES,Granules India,EQ,INE101D01020,216.45,220.4,212.15,214.8,214.35,216.45,3083201,668767082.45,35135,LEGACY
2020-06-17,IPCALAB,IPCA Laboratories,EQ,INE571A01020,1554.0,1579.0,1540.0,1563.45,1558.0,1594.75,459435,715490812.3,52589,LEGACY
2020-06-17,JBCHEPHARM,JB Chemicals & Pharmaceuticals,EQ,INE572A01028,718.7,729.0,702.0,707.4,703.0,718.7,139976,100081505.45,8738,LEGACY
2020-06-17,LAURUSLABS,Laurus Labs,EQ,INE947Q01010,505.0,510.0,497.2,504.6,504.9,501.95,396152,199719469.2,9819,LEGACY
2020-06-17,LUPIN,Lupin,EQ,INE326A01037,929.2,938.95,917.2,928.95,931.8,925.75,1903489,1766327410.3,36737,LEGACY
2020-06-17,NATCOPHARM,Natco Pharma,EQ,INE987B01026,644.0,648.0,608.75,614.0,614.0,639.75,689280,431927275.2,19975,LEGACY
2020-06-17,PEL,Piramal Enterprises,EQ,INE140A01024,1042.0,1065.0,1024.25,1051.3,1052.1,1043.25,1282903,1340110898.9,35363,LEGACY
2020-06-17,PFIZER,Pfizer,EQ,INE182A01018,4060.0,4080.0,4010.0,4016.55,4013.0,4056.95,57018,229529071.1,9140,LEGACY
2020-06-17,SANOFI,Sanofi India,EQ,INE058A01010,7900.55,7975.0,7806.0,7820.35,7830.05,7871.05,21077,166198597.1,4341,LEGACY
2020-06-17,STAR,Strides Pharma Science,EQ,INE939A01011,396.0,399.1,390.3,391.65,392.7,395.25,329382,130186336.2,8275,LEGACY
2020-06-17,SUNPHARMA,Sun Pharmaceutical Industries,EQ,INE044A01036,484.15,489.75,479.1,485.65,484.8,483.4,8222224,3988143942.55,100228,LEGACY
2020-06-17,TORNTPHARM,Torrent Pharmaceuticals,EQ,INE685A01028,2498.85,2558.8,2490.05,2545.55,2545.0,2499.0,644947,1634649820.75,27137,LEGACY
2020-06-17,WOCKPHARMA,Wockhardt,EQ,INE049B01025,266.9,272.0,263.0,268.3,268.1,254.1,2667695,713626124.85,36451,LEGACY
2020-06-18,ABBOTINDIA,Abbott India,EQ,INE358A01014,16200.0,16200.0,15800.0,15850.8,15868.0,16088.7,16241,258778951.95,5486,LEGACY
2020-06-18,AJANTPHARM,Ajanta Pharma,EQ,INE031B01049,1470.0,1471.05,1443.0,1459.3,1459.0,1463.7,80392,116987839.75,5617,LEGACY
2020-06-18,ALKEM,Alkem Laboratories,EQ,INE540L01014,2310.0,2355.05,2289.75,2302.5,2304.75,2336.1,110846,257234829.7,14147,LEGACY
2020-06-18,APLLTD,Alembic Pharmaceuticals,EQ,INE901L01018,919.0,925.0,901.5,908.2,908.15,918.35,237778,217508127.35,15131,LEGACY
2020-06-18,AUROPHARMA,Aurobindo Pharma,EQ,INE406A01037,788.95,798.1,783.0,787.3,788.4,788.95,2846172,2246702729.95,59569,LEGACY
2020-06-18,BIOCON,Biocon,EQ,INE376G01013,395.95,404.6,391.2,393.85,393.2,396.1,7878288,3137127983.55,107405,LEGACY
2020-06-18,CADILAHC,Cadila Healthcare,EQ,INE010B01027,366.0,369.0,362.25,365.65,366.0,364.5,2283494,835696195.5,30457,LEGACY
2020-06-18,CIPLA,Cipla,EQ,INE059A01026,641.65,644.8,636.4,642.05,641.6,640.35,2161531,1385574424.5,44114,LEGACY
2020-06-18,DIVISLAB,Divi's Laboratories,EQ,INE361B01024,2305.9,2332.0,2296.55,2310.45,2313.3,2300.1,304466,704252429.9,15619,LEGACY
2020-06-18,DRREDDY,Dr. Reddy's Laboratories,EQ,INE089A01023,4010.0,4052.45,3992.0,4007.0,4010.0,3985.2,722877,2908600881.25,58005,LEGACY
2020-06-18,GLAXO,GlaxoSmithKline Pharmaceuticals,EQ,INE159A01016,1381.0,1397.35,1360.1,1371.6,1374.8,1390.05,25720,35362544.25,5946,LEGACY
2020-06-18,GLENMARK,Glenmark Pharmaceuticals,EQ,INE935A01035,400.0,410.0,398.0,405.65,406.2,398.6,5132690,2087569199.0,87723,LEGACY
2020-06-18,GRANULES,Granules India,EQ,INE101D01020,215.0,215.75,206.0,207.45,208.3,214.8,1556866,327326970.95,19358,LEGACY
2020-06-18,IPCALAB,IPCA Laboratories,EQ,INE571A01020,1550.0,1605.0,1539.5,1599.35,1599.0,1563.45,359031,566826993.95,35190,LEGACY
2020-06-18,JBCHEPHARM,JB Chemicals & Pharmaceuticals,EQ,INE572A01028,709.8,713.95,696.1,706.1,705.95,707.4,63839,44957666.8,5455,LEGACY
2020-06-18,LAURUSLABS,Laurus Labs,EQ,INE947Q01010,505.6,514.4,502.5,508.45,506.3,504.6,320501,163185081.8,9038,LEGACY
2020-06-18,LUPIN,Lupin,EQ,INE326A01037,931.9,937.0,915.1,919.35,919.4,928.95,1745881,1612088201.8,43650,LEGACY
2020-06-18,NATCOPHARM,Natco Pharma,EQ,INE987B01026,613.5,622.0,595.05,620.05,621.0,614.0,349048,212864712.0,10872,LEGACY
2020-06-18,PEL,Piramal Enterprises,EQ,INE140A01024,1035.0,1044.95,1015.05,1039.85,1037.75,1051.3,1461988,1505838150.8,38479,LEGACY
2020-06-18,PFIZER,Pfizer,EQ,INE182A01018,4001.0,4025.0,3985.0,3991.6,3993.0,4016.55,39802,159189173.25,8327,LEGACY
2020-06-18,SANOFI,Sanofi India,EQ,INE058A01010,7810.0,7980.0,7810.0,7939.2,7939.0,7820.35,11721,92636762.7,2636,LEGACY
2020-06-18,STAR,Strides Pharma Science,EQ,INE939A01011,393.2,408.0,391.1,403.2,406.0,391.65,629439,250818379.55,14535,LEGACY
2020-06-18,SUNPHARMA,Sun Pharmaceutical Industries,EQ,INE044A01036,485.65,488.5,483.0,484.25,484.45,485.65,4077225,1978265556.0,53105,LEGACY
2020-06-18,TORNTPHARM,Torrent Pharmaceuticals,EQ,INE685A01028,2542.55,2557.0,2508.0,2521.65,2520.6,2545.55,227743,575380862.5,12668,LEGACY
2020-06-18,WOCKPHARMA,Wockhardt,EQ,INE049B01025,270.0,273.8,265.65,267.35,266.25,268.3,782336,210782566.25,11758,LEGACY
2020-06-23,ABBOTINDIA,Abbott India,EQ,INE358A01014,16000.0,16000.0,15696.0,15732.65,15750.05,15755.25,12769,201949766.35,4522,LEGACY
2020-06-23,AJANTPHARM,Ajanta Pharma,EQ,INE031B01049,1479.0,1479.0,1453.75,1462.7,1464.0,1453.75,76852,112641585.9,5066,LEGACY
2020-06-23,ALKEM,Alkem Laboratories,EQ,INE540L01014,2320.0,2390.05,2302.4,2384.25,2384.0,2307.3,167237,395581824.1,18412,LEGACY
2020-06-23,APLLTD,Alembic Pharmaceuticals,EQ,INE901L01018,945.85,946.8,921.0,924.9,924.5,937.6,268686,249605103.5,15012,LEGACY
2020-06-23,AUROPHARMA,Aurobindo Pharma,EQ,INE406A01037,790.5,816.75,788.25,804.3,803.25,786.65,5478324,4423371173.9,104927,LEGACY
2020-06-23,BIOCON,Biocon,EQ,INE376G01013,391.0,398.7,388.0,396.5,396.6,387.55,5777685,2279733719.75,82188,LEGACY
2020-06-23,CADILAHC,Cadila Healthcare,EQ,INE010B01027,362.0,368.85,361.0,367.05,366.8,360.65,2420026,886225996.85,29901,LEGACY
2020-06-23,CIPLA,Cipla,EQ,INE059A01026,674.0,674.0,655.4,659.8,660.9,655.95,8287942,5483610488.5,132417,LEGACY
2020-06-23,DIVISLAB,Divi's Laboratories,EQ,INE361B01024,2360.0,2401.05,2322.0,2380.05,2399.0,2349.25,838036,1981573209.8,52063,LEGACY
2020-06-23,DRREDDY,Dr. Reddy's Laboratories,EQ,INE089A01023,4047.9,4130.0,4040.1,4108.85,4102.05,4032.85,960083,3934192873.9,59249,LEGACY
2020-06-23,GLAXO,GlaxoSmithKline Pharmaceuticals,EQ,INE159A01016,1459.0,1525.0,1450.05,1511.0,1498.0,1437.6,156652,234123308.75,15453,LEGACY
2020-06-23,GLENMARK,Glenmark Pharmaceuticals,EQ,INE935A01035,550.0,550.0,475.25,485.0,485.25,519.75,65123688,32354511837.4,775164,LEGACY
2020-06-23,GRANULES,Granules India,EQ,INE101D01020,207.9,216.0,206.1,211.1,211.2,206.4,3178932,673744507.85,29129,LEGACY
2020-06-23,IPCALAB,IPCA Laboratories,EQ,INE571A01020,1647.95,1675.0,1640.15,1672.15,1669.0,1638.5,247932,412670928.75,26221,LEGACY
2020-06-23,JBCHEPHARM,JB Chemicals & Pharmaceuticals,EQ,INE572A01028,725.0,733.0,720.0,723.35,724.0,719.1,135883,98652764.4,9319,LEGACY
2020-06-23,LAURUSLABS,Laurus Labs,EQ,INE947Q01010,585.0,587.8,546.7,559.3,560.0,575.2,1000364,567477700.8,37608,LEGACY
2020-06-23,LUPIN,Lupin,EQ,INE326A01037,935.25,943.55,924.05,937.9,937.5,935.25,1869950,1746093666.15,49036,LEGACY
2020-06-23,NATCOPHARM,Natco Pharma,EQ,INE987B01026,657.9,665.0,642.2,645.65,646.9,652.15,258293,168281734.8,8228,LEGACY
2020-06-23,PEL,Piramal Enterprises,EQ,INE140A01024,1215.0,1317.6,1209.0,1267.5,1268.7,1207.95,5027823,6409362663.05,155361,LEGACY
2020-06-23,PFIZER,Pfizer,EQ,INE182A01018,3981.0,4011.0,3975.0,3991.85,3995.0,3977.25,40660,162266039.85,8024,LEGACY
2020-06-23,SANOFI,Sanofi India,EQ,INE058A01010,8292.0,8477.0,8292.0,8407.85,8391.8,8291.95,41256,346464959.25,7589,LEGACY
2020-06-23,STAR,Strides Pharma Science,EQ,INE939A01011,462.95,499.0,438.0,445.6,445.0,459.5,3781006,1701754562.75,36381,LEGACY
2020-06-23,SUNPHARMA,Sun Pharmaceutical Industries,EQ,INE044A01036,493.2,503.0,489.5,500.45,500.0,493.2,10732868,5348064460.1,127180,LEGACY
2020-06-23,TORNTPHARM,Torrent Pharmaceuticals,EQ,INE685A01028,2590.0,2613.45,2552.15,2579.9,2582.0,2589.85,356937,920253079.9,19204,LEGACY
2020-06-23,WOCKPHARMA,Wockhardt,EQ,INE049B01025,294.95,309.45,288.3,293.4,291.4,288.35,2158667,645751388.05,31058,LEGACY
2020-06-24,ABBOTINDIA,Abbott India,EQ,INE358A01014,15740.0,15898.8,15650.0,15687.0,15697.4,15732.65,12949,203581245.05,5042,LEGACY
2020-06-24,AJANTPHARM,Ajanta Pharma,EQ,INE031B01049,1467.95,1477.7,1440.65,1457.35,1458.0,1462.7,65987,96385526.15,5787,LEGACY
2020-06-24,ALKEM,Alkem Laboratories,EQ,INE540L01014,2384.4,2418.7,2320.05,2333.1,2330.0,2384.25,187936,442557362.35,17436,LEGACY
2020-06-24,APLLTD,Alembic Pharmaceuticals,EQ,INE901L01018,929.55,934.0,880.0,899.05,897.05,924.9,275743,251663460.35,13099,LEGACY
2020-06-24,AUROPHARMA,Aurobindo Pharma,EQ,INE406A01037,812.0,819.75,785.1,791.95,793.5,804.3,3909407,3137142300.4,81840,LEGACY
2020-06-24,BIOCON,Biocon,EQ,INE376G01013,399.0,403.7,387.6,389.9,392.0,396.5,4999774,1980407143.85,72425,LEGACY
2020-06-24,CADILAHC,Cadila Healthcare,EQ,INE010B01027,368.2,373.3,361.55,362.8,363.55,367.05,3090543,1136366517.55,36453,LEGACY
2020-06-24,CIPLA,Cipla,EQ,INE059A01026,660.0,662.25,628.3,631.2,633.1,659.8,6955964,4477515359.35,131675,LEGACY
2020-06-24,DIVISLAB,Divi's Laboratories,EQ,INE361B01024,2395.0,2412.0,2331.5,2341.35,2347.0,2380.05,501602,1191218077.35,41102,LEGACY
2020-06-24,DRREDDY,Dr. Reddy's Laboratories,EQ,INE089A01023,4112.45,4136.7,4028.3,4042.65,4049.8,4108.85,535565,2184057321.05,39572,LEGACY
2020-06-24,GLAXO,GlaxoSmithKline Pharmaceuticals,EQ,INE159A01016,1515.0,1524.0,1460.0,1464.0,1473.0,1511.0,43426,64658815.8,6849,LEGACY
2020-06-24,GLENMARK,Glenmark Pharmaceuticals,EQ,INE935A01035,475.25,477.3,453.3,459.2,457.75,485.0,24559370,11430627015.0,297198,LEGACY
2020-06-24,GRANULES,Granules India,EQ,INE101D01020,211.0,214.2,205.2,206.6,207.45,211.1,1397499,292127321.4,13729,LEGACY
2020-06-24,IPCALAB,IPCA Laboratories,EQ,INE571A01020,1670.0,1670.0,1625.15,1651.55,1655.0,1672.15,422750,696441763.9,34762,LEGACY
2020-06-24,JBCHEPHARM,JB Chemicals & Pharmaceuticals,EQ,INE572A01028,731.25,734.95,685.0,689.25,690.0,723.35,288857,205207770.85,14192,LEGACY
2020-06-24,LAURUSLABS,Laurus Labs,EQ,INE947Q01010,558.0,563.65,530.1,536.25,539.0,559.3,671326,365177174.75,16317,LEGACY
2020-06-24,LUPIN,Lupin,EQ,INE326A01037,940.0,944.7,916.3,921.4,925.0,937.9,1642424,1529183887.05,36320,LEGACY
2020-06-24,NATCOPHARM,Natco Pharma,EQ,INE987B01026,648.0,651.4,620.0,628.35,625.7,645.65,337240,212791785.4,14910,LEGACY
2020-06-24,PEL,Piramal Enterprises,EQ,INE140A01024,1280.0,1295.0,1225.0,1240.4,1241.95,1267.5,2305230,2922669114.6,62228,LEGACY
2020-06-24,PFIZER,Pfizer,EQ,INE182A01018,4004.0,4033.55,3980.45,3990.8,3985.0,3991.85,47822,191634644.1,6950,LEGACY
2020-06-24,SANOFI,Sanofi India,EQ,INE058A01010,8410.0,8500.0,8232.0,8299.1,8303.05,8407.85,39903,332926509.05,5729,LEGACY
2020-06-24,STAR,Strides Pharma Science,EQ,INE939A01011,445.9,448.9,419.3,424.1,425.0,445.6,1261583,543155837.25,22192,LEGACY
2020-06-24,SUNPHARMA,Sun Pharmaceutical Industries,EQ,INE044A01036,502.0,503.4,481.0,484.4,483.95,500.45,8567595,4218935083.8,111662,LEGACY
2020-06-24,TORNTPHARM,Torrent Pharmaceuticals,EQ,INE685A01028,2589.9,2604.0,2448.95,2462.05,2475.1,2579.9,399295,1002798300.45,20369,LEGACY
2020-06-24,WOCKPHARMA,Wockhardt,EQ,INE049B01025,297.0,298.1,280.25,282.6,282.0,293.4,835647,241211699.45,14808,LEGACY
2020-06-25,ABBOTINDIA,Abbott India,EQ,INE358A01014,15687.0,16500.0,15528.75,16326.5,16469.85,15687.0,48808,787378092.15,13102,LEGACY
2020-06-25,AJANTPHARM,Ajanta Pharma,EQ,INE031B01049,1455.0,1464.65,1435.0,1443.85,1438.25,1457.35,50913,73749388.65,3997,LEGACY
2020-06-25,ALKEM,Alkem Laboratories,EQ,INE540L01014,2329.0,2357.0,2317.25,2350.7,2351.0,2333.1,150285,351849472.4,13619,LEGACY
2020-06-25,APLLTD,Alembic Pharmaceuticals,EQ,INE901L01018,890.0,919.9,883.5,914.25,918.0,899.05,156828,142634480.95,8176,LEGACY
2020-06-25,AUROPHARMA,Aurobindo Pharma,EQ,INE406A01037,790.95,808.0,786.5,789.85,790.95,791.95,3499110,2781572127.4,78458,LEGACY
2020-06-25,BIOCON,Biocon,EQ,INE376G01013,389.0,406.4,388.45,404.3,403.95,389.9,6439906,2579495428.55,83422,LEGACY
2020-06-25,CADILAHC,Cadila Healthcare,EQ,INE010B01027,362.8,367.2,360.0,363.35,363.0,362.8,1701434,619395400.75,19187,LEGACY
2020-06-25,CIPLA,Cipla,EQ,INE059A01026,632.0,642.0,629.15,634.9,637.95,631.2,5816412,3690547076.1,109040,LEGACY
2020-06-25,DIVISLAB,Divi's Laboratories,EQ,INE361B01024,2340.55,2378.0,2325.35,2330.45,2337.0,2341.35,316335,742108162.2,39300,LEGACY
2020-06-25,DRREDDY,Dr. Reddy's Laboratories,EQ,INE089A01023,4030.0,4041.0,3976.55,4006.6,4004.45,4042.65,753882,3022362832.75,49914,LEGACY
2020-06-25,GLAXO,GlaxoSmithKline Pharmaceuticals,EQ,INE159A01016,1459.0,1522.7,1445.0,1500.7,1500.0,1464.0,51147,76659617.2,4726,LEGACY
2020-06-25,GLENMARK,Glenmark Pharmaceuticals,EQ,INE935A01035,450.0,469.9,434.0,458.1,460.0,459.2,17248254,7883319742.15,224821,LEGACY
2020-06-25,GRANULES,Granules India,EQ,INE101D01020,205.45,210.2,204.5,206.8,207.0,206.6,1234708,256150310.9,15562,LEGACY
2020-06-25,IPCALAB,IPCA Laboratories,EQ,INE571A01020,1627.0,1686.0,1627.0,1666.9,1666.0,1651.55,242191,404574003.4,35162,LEGACY
2020-06-25,JBCHEPHARM,JB Chemicals & Pharmaceuticals,EQ,INE572A01028,690.0,718.0,656.85,692.85,683.0,689.25,517653,354481220.5,16631,LEGACY
2020-06-25,LAURUSLABS,Laurus Labs,EQ,INE947Q01010,531.6,550.5,531.0,539.5,538.15,536.25,379752,205412855.0,12613,LEGACY
2020-06-25,LUPIN,Lupin,EQ,INE326A01037,924.85,946.3,921.4,935.25,934.2,921.4,2393857,2243903483.75,49408,LEGACY
2020-06-25,NATCOPHARM,Natco Pharma,EQ,INE987B01026,621.5,639.7,615.0,636.65,635.4,628.35,276006,174226423.6,7559,LEGACY
2020-06-25,PEL,Piramal Enterprises,EQ,INE140A01024,1224.0,1362.0,1200.0,1342.45,1344.45,1240.4,5071927,6635290110.5,147107,LEGACY
2020-06-25,PFIZER,Pfizer,EQ,INE182A01018,3991.1,4112.0,3974.05,4094.3,4095.0,3990.8,91415,371319379.35,11416,LEGACY
2020-06-25,SANOFI,Sanofi India,EQ,INE058A01010,8260.0,8347.0,8235.05,8316.85,8280.0,8299.1,15052,125026173.4,3399,LEGACY
2020-06-25,STAR,Strides Pharma Science,EQ,INE939A01011,423.0,435.0,420.0,422.65,422.9,424.1,760359,325463071.65,14138,LEGACY
2020-06-25,SUNPHARMA,Sun Pharmaceutical Industries,EQ,INE044A01036,480.3,492.5,477.0,487.65,487.2,484.4,6954202,3383700283.85,82799,LEGACY
2020-06-25,TORNTPHARM,Torrent Pharmaceuticals,EQ,INE685A01028,2474.8,2529.0,2460.0,2500.1,2492.0,2462.05,794132,1980538626.55,30202,LEGACY
2020-06-25,WOCKPHARMA,Wockhardt,EQ,INE049B01025,280.0,287.5,275.5,282.45,282.0,282.6,594709,167658490.75,11674,LEGACY
2020-06-26,ABBOTINDIA,Abbott India,EQ,INE358A01014,16326.5,16394.9,15900.0,15956.35,15924.0,16326.5,23131,371769209.55,12086,LEGACY
2020-06-26,AJANTPHARM,Ajanta Pharma,EQ,INE031B01049,1475.0,1475.0,1441.85,1446.75,1445.0,1443.85,71087,103458594.1,8534,LEGACY
2020-06-26,ALKEM,Alkem Laboratories,EQ,INE540L01014,2364.6,2380.0,2320.1,2349.35,2351.0,2350.7,141519,333731196.9,9041,LEGACY
2020-06-26,APLLTD,Alembic Pharmaceuticals,EQ,INE901L01018,918.85,920.0,897.25,902.1,902.0,914.25,112792,102431515.9,7130,LEGACY
2020-06-26,AUROPHARMA,Aurobindo Pharma,EQ,INE406A01037,794.95,797.0,775.1,780.1,781.6,789.85,2720261,2134593784.5,60173,LEGACY
2020-06-26,BIOCON,Biocon,EQ,INE376G01013,406.0,410.45,399.3,401.8,401.7,404.3,6825060,2762851951.2,80825,LEGACY
2020-06-26,CADILAHC,Cadila Healthcare,EQ,INE010B01027,364.9,372.7,363.05,363.85,364.0,363.35,4312446,1583416635.85,42676,LEGACY
2020-06-26,CIPLA,Cipla,EQ,INE059A01026,639.0,643.65,631.6,634.9,635.0,634.9,3847867,2448516665.75,72417,LEGACY
2020-06-26,DIVISLAB,Divi's Laboratories,EQ,INE361B01024,2344.0,2381.9,2332.55,2350.75,2352.15,2330.45,497120,1170619384.25,56011,LEGACY
2020-06-26,DRREDDY,Dr. Reddy's Laboratories,EQ,INE089A01023,4015.0,4065.0,3965.0,3998.6,4004.0,4006.6,743912,2980866435.4,54415,LEGACY
2020-06-26,GLAXO,GlaxoSmithKline Pharmaceuticals,EQ,INE159A01016,1502.5,1521.0,1479.0,1481.1,1484.0,1500.7,28565,42685296.75,5013,LEGACY
2020-06-26,GLENMARK,Glenmark Pharmaceuticals,EQ,INE935A01035,465.0,477.75,461.55,466.7,466.25,458.1,11105234,5214390068.0,154177,LEGACY
2020-06-26,GRANULES,Granules India,EQ,INE101D01020,208.5,209.0,204.55,205.4,205.05,206.8,924511,190820442.4,9721,LEGACY
2020-06-26,IPCALAB,IPCA Laboratories,EQ,INE571A01020,1670.2,1708.45,1670.2,1700.35,1703.0,1666.9,281347,477058722.65,23908,LEGACY
2020-06-26,JBCHEPHARM,JB Chemicals & Pharmaceuticals,EQ,INE572A01028,689.9,693.8,658.1,677.85,680.0,692.85,419681,283371487.65,23260,LEGACY
2020-06-26,LAURUSLABS,Laurus Labs,EQ,INE947Q01010,542.2,549.65,531.0,541.65,539.55,539.5,473995,256433810.5,12191,LEGACY
2020-06-26,LUPIN,Lupin,EQ,INE326A01037,936.0,943.7,922.0,926.75,926.0,935.25,1226090,1143770741.0,25239,LEGACY
2020-06-26,NATCOPHARM,Natco Pharma,EQ,INE987B01026,642.4,642.4,626.0,634.1,632.0,636.65,174929,110812877.85,7309,LEGACY
2020-06-26,PEL,Piramal Enterprises,EQ,INE140A01024,1350.0,1370.0,1316.85,1343.1,1344.05,1342.45,3101553,4161059422.6,93912,LEGACY
2020-06-26,PFIZER,Pfizer,EQ,INE182A01018,4121.0,4167.0,4080.0,4101.7,4085.0,4094.3,112276,463804132.9,9040,LEGACY
2020-06-26,SANOFI,Sanofi India,EQ,INE058A01010,8316.85,8347.0,8150.0,8182.5,8172.0,8316.85,41272,338221586.15,6298,LEGACY
2020-06-26,STAR,Strides Pharma Science,EQ,INE939A01011,426.1,434.8,421.1,426.65,428.75,422.65,738186,316179312.8,16298,LEGACY
2020-06-26,SUNPHARMA,Sun Pharmaceutical Industries,EQ,INE044A01036,490.25,491.0,472.2,479.95,480.1,487.65,7492508,3605005592.15,100114,LEGACY
2020-06-26,TORNTPHARM,Torrent Pharmaceuticals,EQ,INE685A01028,2512.65,2521.15,2450.0,2471.15,2471.0,2500.1,264943,656811126.05,15581,LEGACY
2020-06-26,WOCKPHARMA,Wockhardt,EQ,INE049B01025,283.9,293.7,281.5,285.45,285.25,282.45,883067,253853249.7,14452,LEGACY
2020-06-29,ABBOTINDIA,Abbott India,EQ,INE358A01014,15835.0,15973.95,15651.2,15727.0,15810.0,15956.35,8758,138130218.6,4183,LEGACY
2020-06-29,AJANTPHARM,Ajanta Pharma,EQ,INE031B01049,1446.0,1454.0,1399.4,1436.2,1432.0,1446.75,134630,191577003.6,8588,LEGACY
2020-06-29,ALKEM,Alkem Laboratories,EQ,INE540L01014,2339.35,2389.0,2335.0,2353.7,2350.0,2349.35,148999,351384084.8,18636,LEGACY
2020-06-29,APLLTD,Alembic Pharmaceuticals,EQ,INE901L01018,902.0,909.0,874.0,896.0,892.0,902.1,226106,202374733.55,10054,LEGACY
2020-06-29,AUROPHARMA,Aurobindo Pharma,EQ,INE406A01037,784.0,797.95,779.0,789.4,789.5,780.1,4794436,3789941953.65,101092,LEGACY
2020-06-29,BIOCON,Biocon,EQ,INE376G01013,401.6,408.35,394.6,397.75,397.5,401.8,4004002,1603793615.2,52858,LEGACY
2020-06-29,CADILAHC,Cadila Healthcare,EQ,INE010B01027,365.2,370.95,364.1,366.7,367.2,363.85,2246321,824388004.85,25430,LEGACY
2020-06-29,CIPLA,Cipla,EQ,INE059A01026,637.0,648.0,635.4,644.9,643.95,634.9,6772345,4357304298.95,113451,LEGACY
2020-06-29,DIVISLAB,Divi's Laboratories,EQ,INE361B01024,2359.55,2368.0,2308.1,2316.6,2320.0,2350.75,519075,1208489685.0,33091,LEGACY
2020-06-29,DRREDDY,Dr. Reddy's Laboratories,EQ,INE089A01023,3998.0,4044.0,3958.75,3973.85,3967.25,3998.6,538493,2151048884.55,32304,LEGACY
2020-06-29,GLAXO,GlaxoSmithKline Pharmaceuticals,EQ,INE159A01016,1484.05,1505.5,1471.5,1490.25,1481.75,1481.1,25759,38360307.45,4255,LEGACY
2020-06-29,GLENMARK,Glenmark Pharmaceuticals,EQ,INE935A01035,474.9,484.7,465.1,467.8,468.5,466.7,14878964,7061787542.4,174405,LEGACY
2020-06-29,GRANULES,Granules India,EQ,INE101D01020,205.0,205.0,194.1,195.05,195.0,205.4,1620508,319535482.95,25620,LEGACY
2020-06-29,IPCALAB,IPCA Laboratories,EQ,INE571A01020,1708.5,1709.0,1645.0,1682.2,1690.0,1700.35,269455,449707688.8,19880,LEGACY
2020-06-29,JBCHEPHARM,JB Chemicals & Pharmaceuticals,EQ,INE572A01028,668.0,705.0,668.0,702.7,704.05,677.85,292346,203038673.55,14306,LEGACY
2020-06-29,LAURUSLABS,Laurus Labs,EQ,INE947Q01010,530.0,535.0,505.1,517.5,522.0,541.65,14689206,7540870251.1,108253,LEGACY
2020-06-29,LUPIN,Lupin,EQ,INE326A01037,926.75,935.95,919.0,924.6,925.9,926.75,1254936,1160870787.2,49708,LEGACY
2020-06-29,NATCOPHARM,Natco Pharma,EQ,INE987B01026,627.1,631.95,620.05,625.2,620.3,634.1,160662,100485298.8,9144,LEGACY
2020-06-29,PEL,Piramal Enterprises,EQ,INE140A01024,1345.9,1399.6,1302.9,1387.0,1376.0,1343.1,5524770,7481754849.5,171453,LEGACY
2020-06-29,PFIZER,Pfizer,EQ,INE182A01018,4100.0,4139.25,4016.0,4034.85,4025.0,4101.7,40707,164834454.85,6198,LEGACY
2020-06-29,SANOFI,Sanofi India,EQ,INE058A01010,7822.0,7963.0,7751.0,7916.75,7925.0,8182.5,24359,192498006.8,5262,LEGACY
2020-06-29,STAR,Strides Pharma Science,EQ,INE939A01011,427.7,429.5,415.5,422.25,420.2,426.65,513747,216485405.6,14864,LEGACY
2020-06-29,SUNPHARMA,Sun Pharmaceutical Industries,EQ,INE044A01036,475.5,487.35,475.0,482.0,482.0,479.95,5727890,2758413132.4,76444,LEGACY
2020-06-29,TORNTPHARM,Torrent Pharmaceuticals,EQ,INE685A01028,2480.4,2510.0,2426.25,2437.75,2433.05,2471.15,412723,1013069625.05,29575,LEGACY
2020-06-29,WOCKPHARMA,Wockhardt,EQ,INE049B01025,287.0,296.4,286.5,291.7,291.5,285.45,1034408,302109411.75,20627,LEGACY
2020-06-30,ABBOTINDIA,Abbott India,EQ,INE358A01014,15898.0,15898.0,15705.0,15736.5,15750.0,15727.0,7398,116636805.5,3010,LEGACY
2020-06-30,AJANTPHARM,Ajanta Pharma,EQ,INE031B01049,1425.3,1448.0,1408.0,1417.15,1417.0,1436.2,96379,136976738.3,7173,LEGACY
2020-06-30,ALKEM,Alkem Laboratories,EQ,INE540L01014,2359.9,2388.0,2343.05,2368.3,2363.0,2353.7,130516,309908867.65,19310,LEGACY
2020-06-30,APLLTD,Alembic Pharmaceuticals,EQ,INE901L01018,900.5,924.0,885.05,912.8,910.9,896.0,255772,233825793.4,12158,LEGACY
2020-06-30,AUROPHARMA,Aurobindo Pharma,EQ,INE406A01037,790.0,793.9,763.1,771.7,770.7,789.4,3496753,2708136180.95,69183,LEGACY
2020-06-30,BIOCON,Biocon,EQ,INE376G01013,400.0,401.2,388.35,390.1,390.2,397.75,3211018,1263340227.95,53953,LEGACY
2020-06-30,CADILAHC,Cadila Healthcare,EQ,INE010B01027,367.75,369.6,351.85,353.1,353.5,366.7,2533187,909932784.0,37611,LEGACY
2020-06-30,CIPLA,Cipla,EQ,INE059A01026,647.95,649.9,638.0,640.25,640.7,644.9,4319890,2779279865.45,73014,LEGACY
2020-06-30,DIVISLAB,Divi's Laboratories,EQ,INE361B01024,2334.95,2334.95,2267.0,2278.9,2277.0,2316.6,684514,1572687705.9,50056,LEGACY
2020-06-30,DRREDDY,Dr. Reddy's Laboratories,EQ,INE089A01023,4000.0,4010.9,3925.5,3944.95,3950.25,3973.85,680942,2694330721.6,57525,LEGACY
2020-06-30,GLAXO,GlaxoSmithKline Pharmaceuticals,EQ,INE159A01016,1500.0,1508.95,1475.0,1481.6,1481.8,1490.25,19325,28814952.05,3375,LEGACY
2020-06-30,GLENMARK,Glenmark Pharmaceuticals,EQ,INE935A01035,462.0,464.8,446.1,450.3,448.95,467.8,10571534,4781451134.85,162366,LEGACY
2020-06-30,GRANULES,Granules India,EQ,INE101D01020,196.5,207.5,195.9,202.6,203.25,195.05,3019085,613664690.55,31315,LEGACY
2020-06-30,IPCALAB,IPCA Laboratories,EQ,INE571A01020,1682.0,1718.95,1650.0,1674.4,1672.0,1682.2,286268,483228179.05,27131,LEGACY
2020-06-30,JBCHEPHARM,JB Chemicals & Pharmaceuticals,EQ,INE572A01028,703.9,714.9,701.0,707.45,708.0,702.7,266721,189045244.5,7228,LEGACY
2020-06-30,LAURUSLABS,Laurus Labs,EQ,INE947Q01010,525.0,529.8,514.25,519.45,520.9,517.5,2118045,1105799038.4,32103,LEGACY
2020-06-30,LUPIN,Lupin,EQ,INE326A01037,935.0,935.0,907.3,911.8,910.0,924.6,1890889,1727638215.65,41588,LEGACY
2020-06-30,NATCOPHARM,Natco Pharma,EQ,INE987B01026,625.0,636.5,622.3,631.15,630.0,625.2,159809,100750903.85,6893,LEGACY
2020-06-30,PEL,Piramal Enterprises,EQ,INE140A01024,1388.7,1403.9,1358.0,1363.8,1362.0,1387.0,2714401,3742403406.6,87418,LEGACY
2020-06-30,PFIZER,Pfizer,EQ,INE182A01018,4050.0,4053.95,3955.0,3963.8,3965.0,4034.85,54376,216990414.05,7491,LEGACY
2020-06-30,SANOFI,Sanofi India,EQ,INE058A01010,7999.0,7999.0,7832.25,7877.25,7860.0,7916.75,21859,172201038.0,3614,LEGACY
2020-06-30,STAR,Strides Pharma Science,EQ,INE939A01011,424.35,424.4,407.5,409.6,409.9,422.25,505411,209350602.55,13966,LEGACY
2020-06-30,SUNPHARMA,Sun Pharmaceutical Industries,EQ,INE044A01036,483.4,483.95,469.8,472.95,472.9,482.0,8339627,3958738427.45,112660,LEGACY
2020-06-30,TORNTPHARM,Torrent Pharmaceuticals,EQ,INE685A01028,2452.8,2459.65,2366.0,2372.1,2370.0,2437.75,594539,1427068521.25,45022,LEGACY
2020-06-30,WOCKPHARMA,Wockhardt,EQ,INE049B01025,293.2,294.25,278.5,280.9,280.25,291.7,747874,212795234.55,14896,LEGACY
2020-07-01,ABBOTINDIA,Abbott India,EQ,INE358A01014,15799.85,15890.5,15732.1,15755.95,15750.0,15736.5,4858,76629267.0,2378,LEGACY
2020-07-01,AJANTPHARM,Ajanta Pharma,EQ,INE031B01049,1421.0,1436.0,1412.7,1430.1,1430.0,1417.15,90205,128674552.0,8668,LEGACY
2020-07-01,ALKEM,Alkem Laboratories,EQ,INE540L01014,2366.0,2377.85,2343.65,2352.15,2360.0,2368.3,72516,170626447.9,7575,LEGACY
2020-07-01,APLLTD,Alembic Pharmaceuticals,EQ,INE901L01018,916.9,928.95,888.0,906.2,906.0,912.8,410457,375370433.45,17435,LEGACY
2020-07-01,AUROPHARMA,Aurobindo Pharma,EQ,INE406A01037,773.0,781.95,766.55,775.75,780.0,771.7,2932066,2271571987.95,59880,LEGACY
2020-07-01,BIOCON,Biocon,EQ,INE376G01013,390.4,393.75,384.5,388.45,388.4,390.1,2727818,1058739920.6,38773,LEGACY
2020-07-01,CADILAHC,Cadila Healthcare,EQ,INE010B01027,351.5,353.85,347.05,348.7,348.75,353.1,2538312,888201662.2,31099,LEGACY
2020-07-01,CIPLA,Cipla,EQ,INE059A01026,642.6,642.6,621.05,627.1,628.2,640.25,4809654,3024951238.75,89059,LEGACY
2020-07-01,DIVISLAB,Divi's Laboratories,EQ,INE361B01024,2284.0,2284.0,2233.0,2241.25,2239.5,2278.9,788451,1773202290.8,55047,LEGACY
2020-07-01,DRREDDY,Dr. Reddy's Laboratories,EQ,INE089A01023,3965.2,3966.0,3885.85,3911.45,3915.0,3944.95,623565,2439644985.75,46598,LEGACY
2020-07-01,GLAXO,GlaxoSmithKline Pharmaceuticals,EQ,INE159A01016,1490.0,1490.0,1466.0,1472.35,1476.0,1481.6,15679,23115919.25,3345,LEGACY
2020-07-01,GLENMARK,Glenmark Pharmaceuticals,EQ,INE935A01035,445.0,445.0,423.9,435.2,434.0,450.3,21051292,9105584740.45,257821,LEGACY
2020-07-01,GRANULES,Granules India,EQ,INE101D01020,205.7,213.45,204.45,212.0,212.8,202.6,3752789,786801475.55,39142,LEGACY
2020-07-01,IPCALAB,IPCA Laboratories,EQ,INE571A01020,1674.0,1682.5,1615.0,1649.05,1655.0,1674.4,262229,434415813.55,16355,LEGACY
2020-07-01,JBCHEPHARM,JB Chemicals & Pharmaceuticals,EQ,INE572A01028,710.0,711.05,697.1,706.1,706.05,707.45,78945,55657308.65,3121,LEGACY
2020-07-01,LAURUSLABS,Laurus Labs,EQ,INE947Q01010,524.4,530.4,516.35,527.2,528.0,519.45,667749,349752132.8,9483,LEGACY
2020-07-01,LUPIN,Lupin,EQ,INE326A01037,910.05,910.95,891.55,903.4,905.65,911.8,2184248,1964667186.2,56972,LEGACY
2020-07-01,NATCOPHARM,Natco Pharma,EQ,INE987B01026,636.0,643.6,625.1,637.2,636.0,631.15,191294,121976482.5,6879,LEGACY
2020-07-01,PEL,Piramal Enterprises,EQ,INE140A01024,1362.0,1387.85,1352.0,1377.95,1376.35,1363.8,1367878,1881354450.7,46640,LEGACY
2020-07-01,PFIZER,Pfizer,EQ,INE182A01018,3988.8,4000.0,3960.0,3973.75,3975.0,3963.8,18370,73072506.6,3119,LEGACY
2020-07-01,SANOFI,Sanofi India,EQ,INE058A01010,7855.0,7926.95,7765.65,7894.0,7887.0,7877.25,24300,191800866.25,4049,LEGACY
2020-07-01,STAR,Strides Pharma Science,EQ,INE939A01011,410.2,417.6,404.2,409.5,407.5,409.6,553247,226284432.8,11866,LEGACY
2020-07-01,SUNPHARMA,Sun Pharmaceutical Industries,EQ,INE044A01036,473.5,475.8,466.15,468.15,467.95,472.95,5984010,2811164661.85,65841,LEGACY
2020-07-01,TORNTPHARM,Torrent Pharmaceuticals,EQ,INE685A01028,2381.0,2394.0,2326.0,2338.1,2341.0,2372.1,427437,1002067603.45,23577,LEGACY
2020-07-01,WOCKPHARMA,Wockhardt,EQ,INE049B01025,280.9,283.7,272.0,280.05,280.9,280.9,483750,134722941.7,9567,LEGACY
2020-07-03,ABBOTINDIA,Abbott India,EQ,INE358A01014,15790.0,15884.0,15593.0,15657.45,15694.0,15798.7,9165,144474392.85,3191,LEGACY
2020-07-03,AJANTPHARM,Ajanta Pharma,EQ,INE031B01049,1435.6,1435.6,1408.0,1409.95,1409.5,1428.95,108962,154419274.3,8693,LEGACY
2020-07-03,ALKEM,Alkem Laboratories,EQ,INE540L01014,2365.0,2365.0,2340.0,2350.8,2350.0,2350.8,133180,313357457.15,13408,LEGACY
2020-07-03,APLLTD,Alembic Pharmaceuticals,EQ,INE901L01018,907.0,907.0,895.0,897.2,896.05,900.1,115782,104103211.75,9324,LEGACY
2020-07-03,AUROPHARMA,Aurobindo Pharma,EQ,INE406A01037,784.05,790.3,775.7,777.85,778.05,779.85,1415552,1106585539.4,23858,LEGACY
2020-07-03,BIOCON,Biocon,EQ,INE376G01013,392.0,397.9,390.3,395.6,396.9,391.95,3047932,1201656048.6,34641,LEGACY
2020-07-03,CADILAHC,Cadila Healthcare,EQ,INE010B01027,380.0,380.0,362.5,366.35,364.9,363.15,8834396,3247550376.1,92045,LEGACY
2020-07-03,CIPLA,Cipla,EQ,INE059A01026,652.95,652.95,635.5,638.8,638.5,646.2,5380124,3449968807.15,80858,LEGACY
2020-07-03,DIVISLAB,Divi's Laboratories,EQ,INE361B01024,2206.0,2248.5,2181.1,2190.45,2188.0,2196.65,1516429,3341860384.0,66888,LEGACY
2020-07-03,DRREDDY,Dr. Reddy's Laboratories,EQ,INE089A01023,3940.0,3967.95,3910.0,3921.45,3919.8,3920.55,456078,1792350856.3,29150,LEGACY
2020-07-03,GLAXO,GlaxoSmithKline Pharmaceuticals,EQ,INE159A01016,1479.85,1486.15,1460.5,1466.1,1465.0,1466.25,19597,28903110.6,3159,LEGACY
2020-07-03,GLENMARK,Glenmark Pharmaceuticals,EQ,INE935A01035,436.1,439.5,430.5,432.7,431.3,435.25,3320448,1438739404.9,56862,LEGACY
2020-07-03,GRANULES,Granules India,EQ,INE101D01020,209.3,214.0,207.5,209.0,208.7,207.8,2434422,510432124.3,21640,LEGACY
2020-07-03,IPCALAB,IPCA Laboratories,EQ,INE571A01020,1661.0,1689.0,1650.0,1662.7,1660.05,1657.6,130171,217305268.95,14907,LEGACY
2020-07-03,JBCHEPHARM,JB Chemicals & Pharmaceuticals,EQ,INE572A01028,734.0,742.0,701.2,718.65,715.0,714.2,1250696,900560363.2,24034,LEGACY
2020-07-03,LAURUSLABS,Laurus Labs,EQ,INE947Q01010,527.5,533.0,521.55,530.05,530.0,525.3,717593,379687268.7,14333,LEGACY
2020-07-03,LUPIN,Lupin,EQ,INE326A01037,898.8,904.2,890.0,900.05,899.05,895.0,2103099,1887963353.2,35077,LEGACY
2020-07-03,NATCOPHARM,Natco Pharma,EQ,INE987B01026,646.0,670.0,633.2,663.1,669.0,640.05,369766,241866112.55,10028,LEGACY
2020-07-03,PEL,Piramal Enterprises,EQ,INE140A01024,1403.0,1431.3,1388.1,1411.05,1405.65,1390.05,1660477,2337845315.75,47278,LEGACY
2020-07-03,PFIZER,Pfizer,EQ,INE182A01018,4199.0,4214.0,4117.45,4122.85,4123.0,4181.8,49958,207012757.15,6866,LEGACY
2020-07-03,SANOFI,Sanofi India,EQ,INE058A01010,7851.9,7884.0,7777.0,7796.15,7790.0,7866.7,12892,100892749.95,3744,LEGACY
2020-07-03,STAR,Strides Pharma Science,EQ,INE939A01011,416.65,425.25,410.0,413.45,413.0,412.9,482554,200698002.0,10200,LEGACY
2020-07-03,SUNPHARMA,Sun Pharmaceutical Industries,EQ,INE044A01036,477.0,479.35,472.0,476.85,476.0,473.0,4666366,2221482563.2,54675,LEGACY
2020-07-03,TORNTPHARM,Torrent Pharmaceuticals,EQ,INE685A01028,2370.0,2400.65,2353.25,2395.2,2398.0,2350.95,314301,746997353.9,20110,LEGACY
2020-07-03,WOCKPHARMA,Wockhardt,EQ,INE049B01025,275.25,277.85,272.75,275.75,275.5,274.75,292041,80586507.0,5354,LEGACY
2020-07-06,ABBOTINDIA,Abbott India,EQ,INE358A01014,15780.0,15850.0,15670.0,15723.4,15752.15,15657.45,11795,185819088.7,3260,LEGACY
2020-07-06,AJANTPHARM,Ajanta Pharma,EQ,INE031B01049,1417.0,1417.0,1400.0,1408.15,1404.65,1409.95,256336,360200416.55,9783,LEGACY
2020-07-06,ALKEM,Alkem Laboratories,EQ,INE540L01014,2359.9,2363.0,2325.0,2333.6,2339.9,2350.8,138448,322723001.7,10808,LEGACY
2020-07-06,APLLTD,Alembic Pharmaceuticals,EQ,INE901L01018,896.0,907.95,880.0,887.5,889.75,897.2,223195,199958833.35,12092,LEGACY
2020-07-06,AUROPHARMA,Aurobindo Pharma,EQ,INE406A01037,777.85,786.6,764.5,767.9,768.5,777.85,2204399,1695960503.1,36134,LEGACY
2020-07-06,BIOCON,Biocon,EQ,INE376G01013,399.05,406.35,392.65,401.85,401.55,395.6,4992143,1995541241.0,64385,LEGACY
2020-07-06,CADILAHC,Cadila Healthcare,EQ,INE010B01027,374.0,374.0,360.1,362.9,363.25,366.35,3390790,1233132646.7,37832,LEGACY
2020-07-06,CIPLA,Cipla,EQ,INE059A01026,640.0,644.25,629.2,634.6,634.95,638.8,5604898,3560688039.4,97822,LEGACY
2020-07-06,DIVISLAB,Divi's Laboratories,EQ,INE361B01024,2219.9,2219.9,2157.0,2161.1,2162.0,2190.45,932523,2024057067.8,80358,LEGACY
2020-07-06,DRREDDY,Dr. Reddy's Laboratories,EQ,INE089A01023,3925.0,3940.0,3877.0,3892.0,3892.0,3921.45,569619,2218213075.15,47113,LEGACY
2020-07-06,GLAXO,GlaxoSmithKline Pharmaceuticals,EQ,INE159A01016,1498.0,1499.0,1480.0,1482.8,1489.9,1466.1,23868,35549696.1,2363,LEGACY
2020-07-06,GLENMARK,Glenmark Pharmaceuticals,EQ,INE935A01035,433.0,436.0,426.6,428.0,427.9,432.7,2823105,1211494362.15,54439,LEGACY
2020-07-06,GRANULES,Granules India,EQ,INE101D01020,210.7,212.8,208.0,209.0,209.2,209.0,1295471,271883621.95,14923,LEGACY
2020-07-06,IPCALAB,IPCA Laboratories,EQ,INE571A01020,1660.0,1710.0,1655.0,1678.15,1672.0,1662.7,225935,379346816.65,19810,LEGACY
2020-07-06,JBCHEPHARM,JB Chemicals & Pharmaceuticals,EQ,INE572A01028,718.75,733.8,717.0,719.35,720.0,718.65,415602,301281730.55,18963,LEGACY
2020-07-06,LAURUSLABS,Laurus Labs,EQ,INE947Q01010,535.0,550.0,530.6,547.1,546.0,530.05,1175060,638317591.2,32072,LEGACY
2020-07-06,LUPIN,Lupin,EQ,INE326A01037,896.0,899.45,873.0,875.55,874.9,900.05,2750678,2430782367.6,54278,LEGACY
2020-07-06,NATCOPHARM,Natco Pharma,EQ,INE987B01026,667.0,698.4,667.0,690.55,692.0,663.1,831259,567986871.65,22690,LEGACY
2020-07-06,PEL,Piramal Enterprises,EQ,INE140A01024,1420.0,1429.35,1402.45,1413.25,1413.7,1411.05,1014734,1434765210.1,29803,LEGACY
2020-07-06,PFIZER,Pfizer,EQ,INE182A01018,4150.0,4159.7,4085.0,4106.85,4106.6,4122.85,54992,226657233.6,4968,LEGACY
2020-07-06,SANOFI,Sanofi India,EQ,INE058A01010,7805.0,7889.0,7576.0,7597.15,7599.9,7796.15,46059,354665965.2,9314,LEGACY
2020-07-06,STAR,Strides Pharma Science,EQ,INE939A01011,415.95,415.95,410.0,412.4,412.05,413.45,349607,144127265.95,7003,LEGACY
2020-07-06,SUNPHARMA,Sun Pharmaceutical Industries,EQ,INE044A01036,478.0,481.25,471.4,480.2,480.4,476.85,5995308,2856353118.6,78316,LEGACY
2020-07-06,TORNTPHARM,Torrent Pharmaceuticals,EQ,INE685A01028,2413.0,2415.0,2337.05,2347.25,2345.0,2395.2,445775,1050644043.7,26101,LEGACY
2020-07-06,WOCKPHARMA,Wockhardt,EQ,INE049B01025,278.25,282.0,274.3,276.0,275.75,275.75,465193,128824433.75,6572,LEGACY
2020-07-08,ABBOTINDIA,Abbott India,EQ,INE358A01014,15790.0,15790.0,15610.0,15634.5,15635.0,15811.7,8802,138108041.5,2842,LEGACY
2020-07-08,AJANTPHARM,Ajanta Pharma,EQ,INE031B01049,1411.0,1434.5,1410.7,1425.55,1425.0,1403.95,92292,131478463.6,10026,LEGACY
2020-07-08,ALKEM,Alkem Laboratories,EQ,INE540L01014,2345.0,2439.95,2332.45,2427.7,2428.9,2335.35,271887,652718011.65,16250,LEGACY
2020-07-08,APLLTD,Alembic Pharmaceuticals,EQ,INE901L01018,921.0,943.9,915.5,931.1,933.7,914.6,420737,392554208.85,20005,LEGACY
2020-07-08,AUROPHARMA,Aurobindo Pharma,EQ,INE406A01037,783.0,807.45,777.7,801.9,803.0,776.2,4308398,3434226789.0,82298,LEGACY
2020-07-08,BIOCON,Biocon,EQ,INE376G01013,401.0,410.35,400.4,401.75,401.0,400.2,4745612,1925565276.5,61106,LEGACY
2020-07-08,CADILAHC,Cadila Healthcare,EQ,INE010B01027,362.2,366.35,357.7,359.7,359.75,361.85,2606845,945141901.05,28370,LEGACY
2020-07-08,CIPLA,Cipla,EQ,INE059A01026,643.45,648.0,632.5,634.4,634.0,636.55,6953560,4446544732.65,135866,LEGACY
2020-07-08,DIVISLAB,Divi's Laboratories,EQ,INE361B01024,2174.0,2213.0,2141.05,2163.5,2163.0,2184.5,1586377,3443549064.25,82528,LEGACY
2020-07-08,DRREDDY,Dr. Reddy's Laboratories,EQ,INE089A01023,3831.0,3944.7,3831.0,3886.7,3888.15,3823.5,1362258,5318236443.85,96969,LEGACY
2020-07-08,GLAXO,GlaxoSmithKline Pharmaceuticals,EQ,INE159A01016,1480.0,1495.05,1458.5,1462.45,1459.5,1478.7,21658,31829895.4,2179,LEGACY
2020-07-08,GLENMARK,Glenmark Pharmaceuticals,EQ,INE935A01035,415.5,425.0,415.15,419.35,421.2,416.5,3660105,1542623396.6,72047,LEGACY
2020-07-08,GRANULES,Granules India,EQ,INE101D01020,207.1,213.9,207.1,209.7,210.25,206.95,1651058,347262206.65,18875,LEGACY
2020-07-08,IPCALAB,IPCA Laboratories,EQ,INE571A01020,1640.0,1655.1,1630.2,1636.25,1645.0,1643.75,254348,416311066.9,41951,LEGACY
2020-07-08,JBCHEPHARM,JB Chemicals & Pharmaceuticals,EQ,INE572A01028,712.0,719.0,710.0,712.6,713.0,711.55,373896,267021456.65,6390,LEGACY
2020-07-08,LAURUSLABS,Laurus Labs,EQ,INE947Q01010,549.0,567.0,546.0,554.55,552.2,549.0,799813,445550719.4,15881,LEGACY
2020-07-08,LUPIN,Lupin,EQ,INE326A01037,874.0,889.65,862.0,865.4,863.0,870.5,3517420,3070360743.6,65268,LEGACY
2020-07-08,NATCOPHARM,Natco Pharma,EQ,INE987B01026,681.0,699.3,672.4,684.55,680.85,681.3,294046,202041642.6,10004,LEGACY
2020-07-08,PEL,Piramal Enterprises,EQ,INE140A01024,1419.0,1472.95,1418.05,1433.65,1431.0,1417.75,1675620,2418634922.45,51822,LEGACY
2020-07-08,PFIZER,Pfizer,EQ,INE182A01018,4110.0,4125.0,4082.0,4091.5,4089.0,4113.85,28668,117536590.45,4333,LEGACY
2020-07-08,SANOFI,Sanofi India,EQ,INE058A01010,7550.0,7596.95,7481.95,7515.85,7525.0,7543.2,19763,148889586.9,5288,LEGACY
2020-07-08,STAR,Strides Pharma Science,EQ,INE939A01011,411.0,421.9,407.4,411.55,411.85,410.35,725596,301115501.75,17581,LEGACY
2020-07-08,SUNPHARMA,Sun Pharmaceutical Industries,EQ,INE044A01036,482.55,488.0,479.95,482.5,481.75,479.25,6279478,3040260473.6,97492,LEGACY
2020-07-08,TORNTPHARM,Torrent Pharmaceuticals,EQ,INE685A01028,2345.0,2375.0,2338.3,2342.8,2346.0,2333.15,272354,641662743.7,18657,LEGACY
2020-07-08,WOCKPHARMA,Wockhardt,EQ,INE049B01025,272.5,275.4,262.55,263.9,262.7,271.1,562532,150745502.7,11876,LEGACY
2020-07-09,ABBOTINDIA,Abbott India,EQ,INE358A01014,15690.0,15732.65,15531.15,15548.7,15550.0,15634.5,10453,163265681.75,3612,LEGACY
2020-07-09,AJANTPHARM,Ajanta Pharma,EQ,INE031B01049,1427.0,1457.0,1415.35,1443.75,1438.0,1425.55,116364,167779083.55,10280,LEGACY
2020-07-09,ALKEM,Alkem Laboratories,EQ,INE540L01014,2450.0,2465.8,2393.0,2423.05,2418.0,2427.7,191260,465030573.65,15839,LEGACY
2020-07-09,APLLTD,Alembic Pharmaceuticals,EQ,INE901L01018,933.0,959.0,928.85,933.65,935.0,931.1,334954,315784132.1,14750,LEGACY
2020-07-09,AUROPHARMA,Aurobindo Pharma,EQ,INE406A01037,809.0,822.0,801.05,812.9,815.2,801.9,5298020,4302387218.0,111751,LEGACY
2020-07-09,BIOCON,Biocon,EQ,INE376G01013,395.95,407.8,395.3,405.95,406.5,401.75,4085452,1645471656.9,50293,LEGACY
2020-07-09,CADILAHC,Cadila Healthcare,EQ,INE010B01027,361.1,362.95,355.3,356.05,356.0,359.7,2714917,971714649.8,33969,LEGACY
2020-07-09,CIPLA,Cipla,EQ,INE059A01026,643.95,643.95,636.25,639.05,639.0,634.4,4354463,2783866871.6,77246,LEGACY
2020-07-09,DIVISLAB,Divi's Laboratories,EQ,INE361B01024,2171.0,2193.85,2153.0,2176.35,2176.0,2163.5,819363,1780700665.5,41448,LEGACY
2020-07-09,DRREDDY,Dr. Reddy's Laboratories,EQ,INE089A01023,3905.0,3917.0,3854.05,3896.6,3899.0,3886.7,491243,1908189454.35,41014,LEGACY
2020-07-09,GLAXO,GlaxoSmithKline Pharmaceuticals,EQ,INE159A01016,1465.25,1488.0,1465.25,1474.4,1477.0,1462.45,16212,23983615.7,1767,LEGACY
2020-07-09,GLENMARK,Glenmark Pharmaceuticals,EQ,INE935A01035,423.0,434.45,420.45,431.95,432.4,419.35,5093454,2189645810.8,82906,LEGACY
2020-07-09,GRANULES,Granules India,EQ,INE101D01020,211.0,229.0,209.25,226.45,228.95,209.7,8896169,1968145085.85,79484,LEGACY
2020-07-09,IPCALAB,IPCA Laboratories,EQ,INE571A01020,1645.0,1650.0,1622.0,1647.0,1649.0,1636.25,177179,290314274.45,17573,LEGACY
2020-07-09,JBCHEPHARM,JB Chemicals & Pharmaceuticals,EQ,INE572A01028,714.95,718.5,712.05,713.7,713.1,712.6,277057,198058163.7,4404,LEGACY
2020-07-09,LAURUSLABS,Laurus Labs,EQ,INE947Q01010,562.5,574.9,556.3,571.9,572.0,554.55,892830,505892272.35,17531,LEGACY
2020-07-09,LUPIN,Lupin,EQ,INE326A01037,871.4,882.0,862.5,867.05,867.0,865.4,2106003,1835199370.35,43419,LEGACY
2020-07-09,NATCOPHARM,Natco Pharma,EQ,INE987B01026,691.2,691.2,671.15,677.25,677.5,684.55,558398,378718368.75,10676,LEGACY
2020-07-09,PEL,Piramal Enterprises,EQ,INE140A01024,1440.7,1467.8,1440.25,1446.4,1449.7,1433.65,868728,1261834588.25,25124,LEGACY
2020-07-09,PFIZER,Pfizer,EQ,INE182A01018,4091.0,4149.0,4070.0,4119.6,4115.0,4091.5,31617,129946590.35,4117,LEGACY
2020-07-09,SANOFI,Sanofi India,EQ,INE058A01010,7560.0,7678.95,7485.05,7596.95,7599.0,7515.85,18447,139948467.4,5447,LEGACY
2020-07-09,STAR,Strides Pharma Science,EQ,INE939A01011,414.9,432.0,413.0,420.8,420.95,411.55,1597384,676384111.4,27152,LEGACY
2020-07-09,SUNPHARMA,Sun Pharmaceutical Industries,EQ,INE044A01036,484.55,487.2,480.35,481.95,483.25,482.5,3184423,1540345537.4,50321,LEGACY
2020-07-09,TORNTPHARM,Torrent Pharmaceuticals,EQ,INE685A01028,2360.0,2404.0,2350.0,2363.3,2362.0,2342.8,435776,1037299836.85,24717,LEGACY
2020-07-09,WOCKPHARMA,Wockhardt,EQ,INE049B01025,266.0,275.4,263.0,265.35,264.1,263.9,913837,244411600.75,16625,LEGACY
2020-07-13,ABBOTINDIA,Abbott India,EQ,INE358A01014,15512.0,15650.0,15450.0,15493.0,15500.0,15512.6,8464,131529666.4,3341,LEGACY
2020-07-13,AJANTPHARM,Ajanta Pharma,EQ,INE031B01049,1423.5,1426.0,1382.0,1388.2,1393.0,1420.35,144362,201769977.3,13922,LEGACY
2020-07-13,ALKEM,Alkem Laboratories,EQ,INE540L01014,2425.85,2444.95,2351.0,2407.0,2406.0,2422.35,86902,208836900.5,7842,LEGACY
2020-07-13,APLLTD,Alembic Pharmaceuticals,EQ,INE901L01018,951.0,970.0,935.5,943.55,945.0,941.4,264209,251207980.5,14180,LEGACY
2020-07-13,AUROPHARMA,Aurobindo Pharma,EQ,INE406A01037,827.1,827.7,806.6,809.5,810.55,820.75,3076468,2506770300.0,65736,LEGACY
2020-07-13,BIOCON,Biocon,EQ,INE376G01013,446.95,446.95,412.75,414.85,415.0,414.3,20181221,8529492496.0,229508,LEGACY
2020-07-13,CADILAHC,Cadila Healthcare,EQ,INE010B01027,357.9,360.15,356.0,358.1,357.95,356.4,1869088,669425485.5,32273,LEGACY
2020-07-13,CIPLA,Cipla,EQ,INE059A01026,641.0,646.0,636.6,638.35,638.85,638.9,3450074,2210350646.0,67930,LEGACY
2020-07-13,DIVISLAB,Divi's Laboratories,EQ,INE361B01024,2220.0,2240.0,2197.2,2235.15,2240.0,2203.1,600585,1334749269.0,28595,LEGACY
2020-07-13,DRREDDY,Dr. Reddy's Laboratories,EQ,INE089A01023,3915.3,3928.95,3874.0,3899.55,3904.0,3905.45,535690,2089891037.0,42363,LEGACY
2020-07-13,GLAXO,GlaxoSmithKline Pharmaceuticals,EQ,INE159A01016,1492.6,1515.0,1489.15,1504.65,1502.0,1488.25,44848,67406978.3,3434,LEGACY
2020-07-13,GLENMARK,Glenmark Pharmaceuticals,EQ,INE935A01035,428.9,432.0,413.5,415.5,414.0,426.65,3109961,1307084788.0,68253,LEGACY
2020-07-13,GRANULES,Granules India,EQ,INE101D01020,236.2,244.9,235.0,242.5,243.8,234.15,4991607,1204359092.0,50050,LEGACY
2020-07-13,IPCALAB,IPCA Laboratories,EQ,INE571A01020,1660.1,1677.6,1635.05,1643.05,1647.0,1664.35,118279,195973842.9,17224,LEGACY
2020-07-13,JBCHEPHARM,JB Chemicals & Pharmaceuticals,EQ,INE572A01028,719.0,723.95,714.05,715.55,715.0,718.65,315312,225796536.8,7007,LEGACY
2020-07-13,LAURUSLABS,Laurus Labs,EQ,INE947Q01010,607.45,627.9,599.0,623.9,624.0,597.9,2622341,1614914838.0,51716,LEGACY
2020-07-13,LUPIN,Lupin,EQ,INE326A01037,868.85,877.0,858.35,869.8,871.95,861.1,1910103,1660018250.0,41701,LEGACY
2020-07-13,NATCOPHARM,Natco Pharma,EQ,INE987B01026,681.9,685.0,673.1,679.05,675.35,679.8,241228,163710319.5,14174,LEGACY
2020-07-13,PEL,Piramal Enterprises,EQ,INE140A01024,1464.0,1481.9,1420.0,1431.35,1434.95,1448.85,1420063,2057995746.0,40224,LEGACY
2020-07-13,PFIZER,Pfizer,EQ,INE182A01018,4099.95,4149.0,4080.1,4126.6,4120.0,4090.35,63782,262695905.5,5801,LEGACY
2020-07-13,SANOFI,Sanofi India,EQ,INE058A01010,7640.0,7674.95,7595.0,7613.55,7600.0,7631.5,20058,152982970.3,5290,LEGACY
2020-07-13,STAR,Strides Pharma Science,EQ,INE939A01011,423.7,424.25,414.15,418.15,418.8,420.2,417252,174379444.7,13809,LEGACY
2020-07-13,SUNPHARMA,Sun Pharmaceutical Industries,EQ,INE044A01036,495.0,501.7,492.3,499.7,498.35,493.9,7504401,3740427379.0,95923,LEGACY
2020-07-13,TORNTPHARM,Torrent Pharmaceuticals,EQ,INE685A01028,2370.0,2384.0,2340.5,2359.6,2360.0,2353.0,178875,421926326.2,9251,LEGACY
2020-07-13,WOCKPHARMA,Wockhardt,EQ,INE049B01025,266.0,266.0,253.65,255.85,255.5,263.75,676530,174652124.3,11291,LEGACY
2020-07-14,ABBOTINDIA,Abbott India,EQ,INE358A01014,15452.0,15560.0,15201.0,15248.35,15275.0,15493.0,12806,196717354.1,4160,LEGACY
2020-07-14,AJANTPHARM,Ajanta Pharma,EQ,INE031B01049,1394.05,1396.0,1331.0,1353.75,1358.1,1388.2,259902,352099463.4,17542,LEGACY
2020-07-14,ALKEM,Alkem Laboratories,EQ,INE540L01014,2416.0,2500.0,2382.25,2474.9,2498.3,2407.0,220432,539563886.0,17362,LEGACY
2020-07-14,APLLTD,Alembic Pharmaceuticals,EQ,INE901L01018,947.9,969.95,942.1,949.5,949.85,943.55,262735,250719200.4,12535,LEGACY
2020-07-14,AUROPHARMA,Aurobindo Pharma,EQ,INE406A01037,813.0,823.6,803.5,809.35,810.0,809.5,3395425,2759611077.8,85696,LEGACY
2020-07-14,BIOCON,Biocon,EQ,INE376G01013,419.8,441.25,417.0,437.6,436.85,414.85,26086415,11261713907.8,288704,LEGACY
2020-07-14,CADILAHC,Cadila Healthcare,EQ,INE010B01027,357.95,362.0,352.75,353.8,353.5,358.1,2596036,928482550.85,36393,LEGACY
2020-07-14,CIPLA,Cipla,EQ,INE059A01026,639.95,644.0,631.25,632.3,632.55,638.35,5432821,3471847472.25,109157,LEGACY
2020-07-14,DIVISLAB,Divi's Laboratories,EQ,INE361B01024,2243.5,2256.6,2211.3,2218.15,2211.3,2235.15,811092,1808669792.2,27602,LEGACY
2020-07-14,DRREDDY,Dr. Reddy's Laboratories,EQ,INE089A01023,3904.0,3996.05,3874.0,3983.15,3975.05,3899.55,1208945,4768493473.3,89304,LEGACY
2020-07-14,GLAXO,GlaxoSmithKline Pharmaceuticals,EQ,INE159A01016,1513.4,1513.4,1490.25,1502.75,1503.9,1504.65,22676,34054704.2,2153,LEGACY
2020-07-14,GLENMARK,Glenmark Pharmaceuticals,EQ,INE935A01035,416.95,420.25,405.0,407.1,409.3,415.5,4463336,1836771735.3,107093,LEGACY
2020-07-14,GRANULES,Granules India,EQ,INE101D01020,243.8,244.45,231.7,235.2,237.0,242.5,2674461,633043921.65,27612,LEGACY
2020-07-14,IPCALAB,IPCA Laboratories,EQ,INE571A01020,1647.0,1663.95,1640.1,1657.5,1656.0,1643.05,166320,273915409.25,6797,LEGACY
2020-07-14,JBCHEPHARM,JB Chemicals & Pharmaceuticals,EQ,INE572A01028,713.0,720.0,707.2,714.05,712.95,715.55,88425,63053902.2,5852,LEGACY
2020-07-14,LAURUSLABS,Laurus Labs,EQ,INE947Q01010,621.0,631.3,597.3,615.85,615.8,623.9,1370275,843779496.9,26918,LEGACY
2020-07-14,LUPIN,Lupin,EQ,INE326A01037,871.0,883.3,868.55,873.0,871.9,869.8,2542417,2226512356.05,98034,LEGACY
2020-07-14,NATCOPHARM,Natco Pharma,EQ,INE987B01026,684.0,684.0,665.15,673.35,671.95,679.05,124126,83716232.2,4238,LEGACY
2020-07-14,PEL,Piramal Enterprises,EQ,INE140A01024,1436.0,1436.7,1366.65,1390.2,1387.1,1431.35,1508050,2098363967.25,47531,LEGACY
2020-07-14,PFIZER,Pfizer,EQ,INE182A01018,4190.0,4236.0,4171.05,4179.9,4183.0,4126.6,126941,533100754.7,15950,LEGACY
2020-07-14,SANOFI,Sanofi India,EQ,INE058A01010,7610.0,7710.0,7575.0,7673.45,7710.0,7613.55,36072,274410176.0,3609,LEGACY
2020-07-14,STAR,Strides Pharma Science,EQ,INE939A01011,418.15,418.95,407.7,411.1,413.0,418.15,435103,179939860.4,11101,LEGACY
2020-07-14,SUNPHARMA,Sun Pharmaceutical Industries,EQ,INE044A01036,500.0,503.9,490.1,492.1,491.0,499.7,6997303,3473046068.0,92819,LEGACY
2020-07-14,TORNTPHARM,Torrent Pharmaceuticals,EQ,INE685A01028,2360.0,2429.95,2352.0,2421.3,2429.0,2359.6,568166,1366220519.65,37077,LEGACY
2020-07-14,WOCKPHARMA,Wockhardt,EQ,INE049B01025,255.3,256.85,247.0,248.7,248.95,255.85,499904,125330577.4,9621,LEGACY
2020-07-15,ABBOTINDIA,Abbott India,EQ,INE358A01014,15339.0,15420.0,15175.0,15212.25,15200.0,15248.35,10240,156335943.15,4633,LEGACY
2020-07-15,AJANTPHARM,Ajanta Pharma,EQ,INE031B01049,1360.0,1375.35,1335.3,1350.55,1352.0,1353.75,95450,129377669.0,7458,LEGACY
2020-07-15,ALKEM,Alkem Laboratories,EQ,INE540L01014,2500.0,2543.0,2476.45,2536.25,2539.0,2474.9,344270,865079528.6,16417,LEGACY
2020-07-15,APLLTD,Alembic Pharmaceuticals,EQ,INE901L01018,957.0,965.0,940.1,945.9,944.0,949.5,223229,213406200.9,10275,LEGACY
2020-07-15,AUROPHARMA,Aurobindo Pharma,EQ,INE406A01037,811.0,845.95,810.25,840.05,837.8,809.35,4661394,3873316822.1,85483,LEGACY
2020-07-15,BIOCON,Biocon,EQ,INE376G01013,441.0,441.0,422.45,424.8,427.0,437.6,6557756,2809475856.6,82479,LEGACY
2020-07-15,CADILAHC,Cadila Healthcare,EQ,INE010B01027,357.05,358.15,353.35,354.55,355.0,353.8,2721855,968792387.05,31215,LEGACY
2020-07-15,CIPLA,Cipla,EQ,INE059A01026,634.4,643.5,633.1,638.2,639.4,632.3,4253994,2715419937.15,68888,LEGACY
2020-07-15,DIVISLAB,Divi's Laboratories,EQ,INE361B01024,2219.0,2245.0,2214.15,2225.3,2220.45,2218.15,1234453,2749879544.7,46565,LEGACY
2020-07-15,DRREDDY,Dr. Reddy's Laboratories,EQ,INE089A01023,3989.0,4047.8,3961.0,4036.45,4030.5,3983.15,1059395,4251784427.45,56958,LEGACY
2020-07-15,GLAXO,GlaxoSmithKline Pharmaceuticals,EQ,INE159A01016,1506.0,1574.0,1503.15,1527.25,1530.0,1502.75,112796,174190087.75,8415,LEGACY
2020-07-15,GLENMARK,Glenmark Pharmaceuticals,EQ,INE935A01035,415.0,423.0,411.0,415.8,416.1,407.1,6415482,2685296418.9,77093,LEGACY
2020-07-15,GRANULES,Granules India,EQ,INE101D01020,237.1,249.0,237.1,241.4,244.9,235.2,4433322,1084948850.45,41606,LEGACY
2020-07-15,IPCALAB,IPCA Laboratories,EQ,INE571A01020,1660.0,1666.5,1631.95,1648.75,1659.95,1657.5,133291,219537082.6,14973,LEGACY
2020-07-15,JBCHEPHARM,JB Chemicals & Pharmaceuticals,EQ,INE572A01028,719.75,719.75,711.8,714.85,715.0,714.05,64788,46326461.55,5134,LEGACY
2020-07-15,LAURUSLABS,Laurus Labs,EQ,INE947Q01010,622.45,637.45,615.8,624.4,627.0,615.85,1010669,634798382.9,23328,LEGACY
2020-07-15,LUPIN,Lupin,EQ,INE326A01037,875.1,878.9,855.1,857.15,859.55,873.0,1623972,1407904678.0,56711,LEGACY
2020-07-15,NATCOPHARM,Natco Pharma,EQ,INE987B01026,675.0,675.0,663.3,666.8,668.8,673.35,113719,76012035.85,4923,LEGACY
2020-07-15,PEL,Piramal Enterprises,EQ,INE140A01024,1405.0,1443.0,1380.25,1390.2,1390.0,1390.2,1236341,1754449582.8,32413,LEGACY
2020-07-15,PFIZER,Pfizer,EQ,INE182A01018,4179.9,4218.15,4121.15,4137.35,4140.0,4179.9,33538,140158122.95,5000,LEGACY
2020-07-15,SANOFI,Sanofi India,EQ,INE058A01010,7730.0,7800.0,7686.4,7720.8,7728.0,7673.45,42677,330762098.9,4099,LEGACY
2020-07-15,STAR,Strides Pharma Science,EQ,INE939A01011,413.0,426.5,411.4,421.85,421.55,411.1,623305,262182129.3,13143,LEGACY
2020-07-15,SUNPHARMA,Sun Pharmaceutical Industries,EQ,INE044A01036,494.2,499.4,492.2,495.1,494.75,492.1,4710293,2333750178.15,54919,LEGACY
2020-07-15,TORNTPHARM,Torrent Pharmaceuticals,EQ,INE685A01028,2440.0,2451.3,2380.25,2392.7,2392.95,2421.3,448134,1084327302.4,21949,LEGACY
2020-07-15,WOCKPHARMA,Wockhardt,EQ,INE049B01025,250.7,250.95,239.0,243.3,243.5,248.7,516645,127094553.55,13325,LEGACY
2020-07-16,ABBOTINDIA,Abbott India,EQ,INE358A01014,15250.0,15599.0,15177.55,15536.55,15500.0,15212.25,9717,149233492.8,3509,LEGACY
2020-07-16,AJANTPHARM,Ajanta Pharma,EQ,INE031B01049,1360.1,1420.0,1354.0,1409.15,1420.0,1350.55,152590,211891196.75,10712,LEGACY
2020-07-16,ALKEM,Alkem Laboratories,EQ,INE540L01014,2550.0,2575.0,2512.4,2560.85,2557.0,2536.25,149742,381247874.25,11625,LEGACY
2020-07-16,APLLTD,Alembic Pharmaceuticals,EQ,INE901L01018,951.95,988.0,946.0,969.6,973.9,945.9,451820,437475534.55,19797,LEGACY
2020-07-16,AUROPHARMA,Aurobindo Pharma,EQ,INE406A01037,840.0,842.35,821.25,836.95,837.4,840.05,3481475,2898728631.7,62428,LEGACY
2020-07-16,BIOCON,Biocon,EQ,INE376G01013,425.0,432.5,416.2,426.45,426.5,424.8,5033817,2133693183.9,68281,LEGACY
2020-07-16,CADILAHC,Cadila Healthcare,EQ,INE010B01027,356.2,362.65,352.1,360.9,361.5,354.55,4026049,1442728292.1,62289,LEGACY
2020-07-16,CIPLA,Cipla,EQ,INE059A01026,639.95,677.4,635.9,674.5,673.6,638.2,16098367,10630272505.25,215847,LEGACY
2020-07-16,DIVISLAB,Divi's Laboratories,EQ,INE361B01024,2239.0,2242.0,2193.25,2204.5,2205.05,2225.3,833702,1840278825.9,39225,LEGACY
2020-07-16,DRREDDY,Dr. Reddy's Laboratories,EQ,INE089A01023,4031.1,4162.95,4011.1,4152.15,4148.25,4036.45,1561868,6418024128.75,80833,LEGACY
2020-07-16,GLAXO,GlaxoSmithKline Pharmaceuticals,EQ,INE159A01016,1535.0,1557.95,1516.0,1548.1,1548.8,1527.25,59057,91384459.75,5794,LEGACY
2020-07-16,GLENMARK,Glenmark Pharmaceuticals,EQ,INE935A01035,416.9,424.8,412.2,422.55,424.7,415.8,4249014,1780847092.8,59512,LEGACY
2020-07-16,GRANULES,Granules India,EQ,INE101D01020,244.45,247.35,240.6,245.8,246.5,241.4,2958481,723487425.15,25465,LEGACY
2020-07-16,IPCALAB,IPCA Laboratories,EQ,INE571A01020,1670.0,1797.0,1637.15,1778.55,1773.0,1648.75,759453,1330191272.15,76169,LEGACY
2020-07-16,JBCHEPHARM,JB Chemicals & Pharmaceuticals,EQ,INE572A01028,714.05,716.0,710.05,715.05,715.45,714.85,78702,56110694.35,4827,LEGACY
2020-07-16,LAURUSLABS,Laurus Labs,EQ,INE947Q01010,627.55,635.0,605.5,625.8,632.0,624.4,816118,504064509.3,22194,LEGACY
2020-07-16,LUPIN,Lupin,EQ,INE326A01037,861.8,881.0,856.05,879.55,880.5,857.15,1862974,1626252131.6,37048,LEGACY
2020-07-16,NATCOPHARM,Natco Pharma,EQ,INE987B01026,670.0,691.95,651.0,686.6,686.0,666.8,285965,193790827.45,9211,LEGACY
2020-07-16,PEL,Piramal Enterprises,EQ,INE140A01024,1399.8,1399.8,1354.2,1372.95,1372.0,1390.2,800227,1099732621.35,22138,LEGACY
2020-07-16,PFIZER,Pfizer,EQ,INE182A01018,4134.0,4135.0,4082.5,4104.35,4113.7,4137.35,22705,93153317.35,3585,LEGACY
2020-07-16,SANOFI,Sanofi India,EQ,INE058A01010,7795.0,7815.0,7704.0,7776.75,7780.0,7720.8,12524,97262677.65,4610,LEGACY
2020-07-16,STAR,Strides Pharma Science,EQ,INE939A01011,423.8,423.8,412.0,418.05,418.1,421.85,297640,124024000.35,8906,LEGACY
2020-07-16,SUNPHARMA,Sun Pharmaceutical Industries,EQ,INE044A01036,496.0,505.95,490.6,499.7,498.4,495.1,11263599,5618871073.7,144169,LEGACY
2020-07-16,TORNTPHARM,Torrent Pharmaceuticals,EQ,INE685A01028,2412.0,2425.0,2366.8,2404.7,2405.0,2392.7,216978,520129543.5,11424,LEGACY
2020-07-16,WOCKPHARMA,Wockhardt,EQ,INE049B01025,243.6,245.25,237.65,241.85,241.95,243.3,358764,86737577.6,7385,LEGACY
2020-07-20,ABBOTINDIA,Abbott India,EQ,INE358A01014,15398.8,15398.8,15201.25,15231.8,15235.0,15262.75,11764,179973281.15,4530,LEGACY
2020-07-20,AJANTPHARM,Ajanta Pharma,EQ,INE031B01049,1461.0,1467.35,1441.0,1452.0,1453.0,1460.85,90696,131559851.1,7085,LEGACY
2020-07-20,ALKEM,Alkem Laboratories,EQ,INE540L01014,2517.9,2517.9,2480.0,2507.35,2510.0,2497.5,132681,331425339.55,5228,LEGACY
2020-07-20,APLLTD,Alembic Pharmaceuticals,EQ,INE901L01018,985.7,1040.0,985.0,1011.45,1019.0,976.9,942698,960236000.6,40105,LEGACY
2020-07-20,AUROPHARMA,Aurobindo Pharma,EQ,INE406A01037,835.0,841.95,817.6,823.6,824.4,836.55,2279207,1884737663.75,78505,LEGACY
2020-07-20,BIOCON,Biocon,EQ,INE376G01013,433.0,434.9,424.35,428.0,429.0,431.6,3442969,1474791886.25,42987,LEGACY
2020-07-20,CADILAHC,Cadila Healthcare,EQ,INE010B01027,381.0,384.5,372.55,374.3,372.9,377.4,5951419,2246959158.65,70040,LEGACY
2020-07-20,CIPLA,Cipla,EQ,INE059A01026,689.0,690.85,672.35,674.35,674.3,689.1,5469496,3711333902.7,85785,LEGACY
2020-07-20,DIVISLAB,Divi's Laboratories,EQ,INE361B01024,2280.0,2314.0,2241.55,2298.75,2292.0,2263.4,1650814,3781188725.55,67512,LEGACY
2020-07-20,DRREDDY,Dr. Reddy's Laboratories,EQ,INE089A01023,4139.35,4154.0,4072.4,4092.1,4094.0,4118.75,628902,2580460526.6,39314,LEGACY
2020-07-20,GLAXO,GlaxoSmithKline Pharmaceuticals,EQ,INE159A01016,1522.6,1542.05,1485.0,1505.5,1499.95,1519.2,25712,39029568.15,2590,LEGACY
2020-07-20,GLENMARK,Glenmark Pharmaceuticals,EQ,INE935A01035,411.0,421.55,405.0,418.65,420.6,429.75,4749123,1974392200.4,77278,LEGACY
2020-07-20,GRANULES,Granules India,EQ,INE101D01020,266.6,274.0,263.0,265.15,265.3,264.05,6462565,1733690550.05,65335,LEGACY
2020-07-20,IPCALAB,IPCA Laboratories,EQ,INE571A01020,1800.05,1830.9,1780.0,1789.7,1790.0,1806.95,273565,492064378.2,30075,LEGACY
2020-07-20,JBCHEPHARM,JB Chemicals & Pharmaceuticals,EQ,INE572A01028,715.85,719.95,712.05,713.4,713.8,713.5,80985,57871259.45,6375,LEGACY
2020-07-20,LAURUSLABS,Laurus Labs,EQ,INE947Q01010,645.8,658.0,635.0,652.05,651.25,641.5,975356,634846855.3,19943,LEGACY
2020-07-20,LUPIN,Lupin,EQ,INE326A01037,897.4,900.7,862.25,864.25,867.0,897.4,2390319,2088568409.65,60707,LEGACY
2020-07-20,NATCOPHARM,Natco Pharma,EQ,INE987B01026,686.05,691.2,670.1,677.65,679.0,685.15,258640,175067487.35,12666,LEGACY
2020-07-20,PEL,Piramal Enterprises,EQ,INE140A01024,1385.0,1428.75,1384.1,1406.35,1408.1,1377.95,1205258,1703109732.85,33218,LEGACY
2020-07-20,PFIZER,Pfizer,EQ,INE182A01018,4149.0,4185.0,4130.0,4160.05,4160.0,4132.6,41655,173194089.65,4391,LEGACY
2020-07-20,SANOFI,Sanofi India,EQ,INE058A01010,7794.0,7850.0,7761.0,7818.85,7841.0,7761.75,39857,311168184.15,2576,LEGACY
2020-07-20,STAR,Strides Pharma Science,EQ,INE939A01011,430.55,431.0,422.0,427.55,426.65,426.75,519607,221573561.75,11922,LEGACY
2020-07-20,SUNPHARMA,Sun Pharmaceutical Industries,EQ,INE044A01036,501.9,501.9,481.6,483.8,483.95,503.6,16111403,7846688266.6,200477,LEGACY
2020-07-20,TORNTPHARM,Torrent Pharmaceuticals,EQ,INE685A01028,2416.8,2416.8,2358.25,2372.5,2375.0,2393.7,422407,1001981861.4,26445,LEGACY
2020-07-20,WOCKPHARMA,Wockhardt,EQ,INE049B01025,259.3,261.95,252.6,255.0,253.6,256.5,693579,178390907.85,10583,LEGACY
2020-07-22,ABBOTINDIA,Abbott India,EQ,INE358A01014,15051.0,15199.0,14900.0,14937.45,15029.0,15014.8,13733,206408490.9,4537,LEGACY
2020-07-22,AJANTPHARM,Ajanta Pharma,EQ,INE031B01049,1440.0,1472.85,1423.55,1460.85,1466.0,1426.2,189076,275806238.45,10628,LEGACY
2020-07-22,ALKEM,Alkem Laboratories,EQ,INE540L01014,2468.0,2500.15,2420.05,2453.65,2460.0,2450.15,115810,284501191.7,7660,LEGACY
2020-07-22,APLLTD,Alembic Pharmaceuticals,EQ,INE901L01018,1005.0,1045.0,988.0,1000.15,999.0,995.3,2595484,2631902417.75,75494,LEGACY
2020-07-22,AUROPHARMA,Aurobindo Pharma,EQ,INE406A01037,804.0,842.55,803.75,824.9,827.0,800.2,5991707,4968977462.8,115619,LEGACY
2020-07-22,BIOCON,Biocon,EQ,INE376G01013,428.0,441.0,425.7,430.7,432.0,426.3,9092887,3949872551.3,109367,LEGACY
2020-07-22,CADILAHC,Cadila Healthcare,EQ,INE010B01027,366.25,373.6,361.5,366.65,366.55,364.85,3470022,1279918993.0,37536,LEGACY
2020-07-22,CIPLA,Cipla,EQ,INE059A01026,666.15,677.8,657.5,661.7,661.45,662.3,5918154,3944333455.05,79136,LEGACY
2020-07-22,DIVISLAB,Divi's Laboratories,EQ,INE361B01024,2293.0,2307.0,2245.75,2261.75,2264.0,2282.25,314826,715004122.55,21495,LEGACY
2020-07-22,DRREDDY,Dr. Reddy's Laboratories,EQ,INE089A01023,4053.55,4130.0,4025.05,4061.6,4068.05,4033.55,818821,3345711516.75,55807,LEGACY
2020-07-22,GLAXO,GlaxoSmithKline Pharmaceuticals,EQ,INE159A01016,1485.0,1493.95,1464.0,1468.55,1468.0,1481.6,16243,23999209.9,2118,LEGACY
2020-07-22,GLENMARK,Glenmark Pharmaceuticals,EQ,INE935A01035,416.0,419.95,411.4,413.7,413.8,414.15,1787801,742384147.75,29545,LEGACY
2020-07-22,GRANULES,Granules India,EQ,INE101D01020,265.6,276.4,263.05,270.05,270.7,263.25,6424292,1739749554.0,61158,LEGACY
2020-07-22,IPCALAB,IPCA Laboratories,EQ,INE571A01020,1756.9,1789.0,1731.05,1746.65,1739.4,1759.6,152794,267846385.0,16236,LEGACY
2020-07-22,JBCHEPHARM,JB Chemicals & Pharmaceuticals,EQ,INE572A01028,718.0,718.95,713.6,716.2,717.05,715.25,164243,117498759.55,8410,LEGACY
2020-07-22,LAURUSLABS,Laurus Labs,EQ,INE947Q01010,650.2,679.75,649.0,676.35,675.25,649.75,1421644,946408119.55,32683,LEGACY
2020-07-22,LUPIN,Lupin,EQ,INE326A01037,852.05,869.8,846.0,850.75,853.0,851.7,1982870,1699949623.7,45856,LEGACY
2020-07-22,NATCOPHARM,Natco Pharma,EQ,INE987B01026,670.2,684.75,668.1,673.65,670.95,675.0,180217,121817302.1,10050,LEGACY
2020-07-22,PEL,Piramal Enterprises,EQ,INE140A01024,1545.0,1553.45,1477.0,1490.25,1489.7,1558.4,1872853,2838615693.75,61786,LEGACY
2020-07-22,PFIZER,Pfizer,EQ,INE182A01018,4166.0,4190.95,4115.0,4150.75,4175.0,4182.5,32213,133818403.5,4984,LEGACY
2020-07-22,SANOFI,Sanofi India,EQ,INE058A01010,7832.0,7900.0,7804.0,7843.5,7837.25,7831.4,17335,136078678.9,1936,LEGACY
2020-07-22,STAR,Strides Pharma Science,EQ,INE939A01011,411.0,415.0,407.5,409.9,410.0,409.6,568626,234255334.05,13136,LEGACY
2020-07-22,SUNPHARMA,Sun Pharmaceutical Industries,EQ,INE044A01036,479.65,488.0,471.6,474.3,474.9,477.25,9848012,4723338064.35,106305,LEGACY
2020-07-22,TORNTPHARM,Torrent Pharmaceuticals,EQ,INE685A01028,2366.85,2402.9,2330.0,2337.9,2344.7,2361.85,334339,789322088.8,18673,LEGACY
2020-07-22,WOCKPHARMA,Wockhardt,EQ,INE049B01025,262.0,264.85,256.55,260.2,260.2,260.8,543538,141802800.3,9421,LEGACY
2020-07-23,ABBOTINDIA,Abbott India,EQ,INE358A01014,14975.0,15622.5,14975.0,15528.85,15499.0,14937.45,29176,450047524.55,7163,LEGACY
2020-07-23,AJANTPHARM,Ajanta Pharma,EQ,INE031B01049,1466.0,1521.0,1460.0,1512.85,1513.5,1460.85,379232,569524159.95,18165,LEGACY
2020-07-23,ALKEM,Alkem Laboratories,EQ,INE540L01014,2468.75,2509.95,2442.0,2494.95,2492.0,2453.65,128625,320085034.2,6415,LEGACY
2020-07-23,APLLTD,Alembic Pharmaceuticals,EQ,INE901L01018,1016.95,1028.85,951.0,960.8,963.0,1000.15,1648148,1626229730.05,80793,LEGACY
2020-07-23,AUROPHARMA,Aurobindo Pharma,EQ,INE406A01037,829.95,834.3,809.1,820.4,820.0,824.9,2258570,1854275066.85,45693,LEGACY
2020-07-23,BIOCON,Biocon,EQ,INE376G01013,433.25,438.5,423.05,430.3,431.9,430.7,7095324,3063998168.6,83071,LEGACY
2020-07-23,CADILAHC,Cadila Healthcare,EQ,INE010B01027,367.1,371.85,365.3,369.95,369.85,366.65,2370928,875908337.0,22990,LEGACY
2020-07-23,CIPLA,Cipla,EQ,INE059A01026,663.95,674.0,662.2,671.45,672.55,661.7,4620517,3095911606.35,56977,LEGACY
2020-07-23,DIVISLAB,Divi's Laboratories,EQ,INE361B01024,2285.0,2408.85,2274.65,2397.45,2398.0,2261.75,2533983,6014096050.25,113913,LEGACY
2020-07-23,DRREDDY,Dr. Reddy's Laboratories,EQ,INE089A01023,4090.9,4140.0,4062.0,4130.0,4127.3,4061.6,711960,2920437029.25,37157,LEGACY
2020-07-23,GLAXO,GlaxoSmithKline Pharmaceuticals,EQ,INE159A01016,1474.0,1488.35,1459.0,1466.15,1469.0,1468.55,18492,27247394.0,2579,LEGACY
2020-07-23,GLENMARK,Glenmark Pharmaceuticals,EQ,INE935A01035,424.0,430.7,420.5,421.45,421.2,413.7,4635069,1967116830.4,69140,LEGACY
2020-07-23,GRANULES,Granules India,EQ,INE101D01020,270.35,281.95,268.95,280.65,281.6,270.05,6544499,1812186479.95,58980,LEGACY
2020-07-23,IPCALAB,IPCA Laboratories,EQ,INE571A01020,1747.0,1800.0,1747.0,1788.65,1790.0,1746.65,267326,476990155.0,15381,LEGACY
2020-07-23,JBCHEPHARM,JB Chemicals & Pharmaceuticals,EQ,INE572A01028,717.05,738.85,716.7,718.3,718.15,716.2,133340,96589646.8,7836,LEGACY
2020-07-23,LAURUSLABS,Laurus Labs,EQ,INE947Q01010,679.75,724.0,677.5,718.25,720.0,676.35,2166721,1525531658.05,42963,LEGACY
2020-07-23,LUPIN,Lupin,EQ,INE326A01037,852.15,864.9,851.3,863.0,861.95,850.75,1590020,1365660769.6,27480,LEGACY
2020-07-23,NATCOPHARM,Natco Pharma,EQ,INE987B01026,670.0,738.8,670.0,728.95,725.35,673.65,2155029,1552878024.4,48849,LEGACY
2020-07-23,PEL,Piramal Enterprises,EQ,INE140A01024,1491.2,1514.85,1475.0,1498.7,1494.1,1490.25,1292593,1934875118.6,37162,LEGACY
2020-07-23,PFIZER,Pfizer,EQ,INE182A01018,4298.0,4340.0,4252.0,4277.6,4277.0,4150.75,139917,601255613.6,18555,LEGACY
2020-07-23,SANOFI,Sanofi India,EQ,INE058A01010,7851.0,7895.0,7799.85,7827.1,7825.0,7843.5,49312,387629063.1,2440,LEGACY
2020-07-23,STAR,Strides Pharma Science,EQ,INE939A01011,411.5,422.0,410.55,417.45,417.85,409.9,776588,323391903.0,14214,LEGACY
2020-07-23,SUNPHARMA,Sun Pharmaceutical Industries,EQ,INE044A01036,477.95,481.85,474.05,476.0,476.25,474.3,5416318,2585602467.3,70750,LEGACY
2020-07-23,TORNTPHARM,Torrent Pharmaceuticals,EQ,INE685A01028,2350.0,2368.45,2336.05,2350.95,2354.0,2337.9,284775,669483963.05,13066,LEGACY
2020-07-23,WOCKPHARMA,Wockhardt,EQ,INE049B01025,260.1,275.0,259.0,272.9,273.5,260.2,1788244,480608657.75,23793,LEGACY
2020-07-24,ABBOTINDIA,Abbott India,EQ,INE358A01014,15498.0,15524.3,15100.0,15136.65,15157.6,15528.85,11824,180090681.15,4560,LEGACY
2020-07-24,AJANTPHARM,Ajanta Pharma,EQ,INE031B01049,1513.0,1529.0,1494.0,1516.75,1515.05,1512.85,133813,202389405.85,9584,LEGACY
2020-07-24,ALKEM,Alkem Laboratories,EQ,INE540L01014,2508.0,2508.0,2455.3,2489.5,2491.0,2494.95,148254,367700018.45,4381,LEGACY
2020-07-24,APLLTD,Alembic Pharmaceuticals,EQ,INE901L01018,965.95,989.95,965.0,980.2,981.0,960.8,710783,697434231.75,33431,LEGACY
2020-07-24,AUROPHARMA,Aurobindo Pharma,EQ,INE406A01037,817.9,829.0,806.65,810.65,811.5,820.4,1845094,1505988843.9,39786,LEGACY
2020-07-24,BIOCON,Biocon,EQ,INE376G01013,428.0,435.6,413.55,415.15,414.4,430.3,10177556,4303780232.8,114742,LEGACY
2020-07-24,CADILAHC,Cadila Healthcare,EQ,INE010B01027,370.0,374.9,361.5,363.1,363.15,369.95,4897964,1801920613.05,52179,LEGACY
2020-07-24,CIPLA,Cipla,EQ,INE059A01026,673.0,681.0,658.2,666.05,664.95,671.45,4962946,3317186837.9,78732,LEGACY
2020-07-24,DIVISLAB,Divi's Laboratories,EQ,INE361B01024,2390.0,2433.2,2328.0,2349.1,2347.0,2397.45,1234342,2926025128.15,65662,LEGACY
2020-07-24,DRREDDY,Dr. Reddy's Laboratories,EQ,INE089A01023,4130.0,4179.9,4051.65,4065.95,4065.0,4130.0,1096018,4512217094.0,61260,LEGACY
2020-07-24,GLAXO,GlaxoSmithKline Pharmaceuticals,EQ,INE159A01016,1466.0,1496.0,1461.0,1476.1,1479.0,1466.15,49623,73277990.8,3233,LEGACY
2020-07-24,GLENMARK,Glenmark Pharmaceuticals,EQ,INE935A01035,422.0,430.0,418.2,425.2,424.6,421.45,3690542,1562075133.7,65099,LEGACY
2020-07-24,GRANULES,Granules India,EQ,INE101D01020,278.85,310.95,278.0,303.4,302.0,280.65,11861322,3493229545.3,114568,LEGACY
2020-07-24,IPCALAB,IPCA Laboratories,EQ,INE571A01020,1771.0,1797.9,1753.25,1782.75,1783.85,1788.65,113462,202109477.5,12697,LEGACY
2020-07-24,JBCHEPHARM,JB Chemicals & Pharmaceuticals,EQ,INE572A01028,717.0,750.0,715.0,729.5,728.4,718.3,511994,375187552.55,15035,LEGACY
2020-07-24,LAURUSLABS,Laurus Labs,EQ,INE947Q01010,721.0,741.75,704.4,729.25,726.5,718.25,1820200,1322338836.65,42536,LEGACY
2020-07-24,LUPIN,Lupin,EQ,INE326A01037,867.0,873.4,848.2,853.8,853.8,863.0,2150244,1847010259.85,41383,LEGACY
2020-07-24,NATCOPHARM,Natco Pharma,EQ,INE987B01026,724.0,739.3,704.1,729.85,730.0,728.95,605605,435070904.7,17059,LEGACY
2020-07-24,PEL,Piramal Enterprises,EQ,INE140A01024,1481.0,1523.55,1468.4,1492.0,1484.55,1498.7,1376739,2055233210.3,38964,LEGACY
2020-07-24,PFIZER,Pfizer,EQ,INE182A01018,4270.0,4378.75,4220.0,4342.85,4345.0,4277.6,74418,320847147.35,11701,LEGACY
2020-07-24,SANOFI,Sanofi India,EQ,INE058A01010,7827.1,7867.35,7675.0,7715.0,7707.95,7827.1,19100,148163809.6,6533,LEGACY
2020-07-24,STAR,Strides Pharma Science,EQ,INE939A01011,418.0,429.9,411.4,420.85,421.0,417.45,1019183,430242317.25,18342,LEGACY
2020-07-24,SUNPHARMA,Sun Pharmaceutical Industries,EQ,INE044A01036,490.0,497.8,481.25,485.6,486.0,476.0,19812565,9684954181.1,220337,LEGACY
2020-07-24,TORNTPHARM,Torrent Pharmaceuticals,EQ,INE685A01028,2360.0,2372.15,2316.0,2325.3,2325.0,2350.95,315421,737423064.85,22213,LEGACY
2020-07-24,WOCKPHARMA,Wockhardt,EQ,INE049B01025,269.8,274.0,262.55,266.25,266.6,272.9,743932,199624215.85,13692,LEGACY
2020-07-27,ABBOTINDIA,Abbott India,EQ,INE358A01014,15224.3,15224.3,14933.0,14947.8,14950.0,15136.65,11891,178263254.45,5078,LEGACY
2020-07-27,AJANTPHARM,Ajanta Pharma,EQ,INE031B01049,1524.6,1524.8,1465.1,1483.55,1475.0,1516.75,89894,133803680.45,7948,LEGACY
2020-07-27,ALKEM,Alkem Laboratories,EQ,INE540L01014,2485.0,2499.2,2423.35,2449.95,2460.0,2489.5,141444,346548333.55,8171,LEGACY
2020-07-27,APLLTD,Alembic Pharmaceuticals,EQ,INE901L01018,984.0,989.05,955.0,964.25,964.2,980.2,442878,427815847.85,16125,LEGACY
2020-07-27,AUROPHARMA,Aurobindo Pharma,EQ,INE406A01037,801.0,809.95,776.4,779.25,778.5,810.65,2714502,2125762267.15,96028,LEGACY
2020-07-27,BIOCON,Biocon,EQ,INE376G01013,413.5,416.5,397.45,399.6,400.0,415.15,5594057,2257252576.45,93329,LEGACY
2020-07-27,CADILAHC,Cadila Healthcare,EQ,INE010B01027,363.75,364.25,350.5,356.6,355.05,363.1,2844884,1008956765.2,29015,LEGACY
2020-07-27,CIPLA,Cipla,EQ,INE059A01026,673.95,673.95,650.4,652.9,651.7,666.05,4465120,2930175973.65,86167,LEGACY
2020-07-27,DIVISLAB,Divi's Laboratories,EQ,INE361B01024,2350.0,2395.0,2320.2,2361.9,2361.9,2349.1,915036,2166537847.05,49385,LEGACY
2020-07-27,DRREDDY,Dr. Reddy's Laboratories,EQ,INE089A01023,4085.0,4085.65,3962.95,4015.7,4008.75,4065.95,581848,2333699525.2,39786,LEGACY
2020-07-27,GLAXO,GlaxoSmithKline Pharmaceuticals,EQ,INE159A01016,1477.05,1483.0,1451.0,1455.75,1454.1,1476.1,23138,33994506.25,3218,LEGACY
2020-07-27,GLENMARK,Glenmark Pharmaceuticals,EQ,INE935A01035,425.2,427.55,414.0,425.45,425.25,425.2,2485441,1046149410.55,51050,LEGACY
2020-07-27,GRANULES,Granules India,EQ,INE101D01020,301.5,308.8,282.25,294.1,293.7,303.4,9928338,2951469627.75,106825,LEGACY
2020-07-27,IPCALAB,IPCA Laboratories,EQ,INE571A01020,1784.0,1790.0,1730.0,1738.25,1738.0,1782.75,166497,290776453.1,15284,LEGACY
2020-07-27,JBCHEPHARM,JB Chemicals & Pharmaceuticals,EQ,INE572A01028,733.9,740.4,719.05,720.95,720.05,729.5,123750,89886409.0,7353,LEGACY
2020-07-27,LAURUSLABS,Laurus Labs,EQ,INE947Q01010,733.95,734.6,712.2,724.4,724.1,729.25,1154531,835484673.75,18936,LEGACY
2020-07-27,LUPIN,Lupin,EQ,INE326A01037,851.0,853.45,828.4,845.4,843.0,853.8,1904631,1600007498.75,38300,LEGACY
2020-07-27,NATCOPHARM,Natco Pharma,EQ,INE987B01026,738.75,753.6,712.0,720.45,716.0,729.85,964785,702634060.25,32997,LEGACY
2020-07-27,PEL,Piramal Enterprises,EQ,INE140A01024,1480.0,1492.6,1446.0,1454.4,1453.0,1492.0,827582,1211461452.5,27077,LEGACY
2020-07-27,PFIZER,Pfizer,EQ,INE182A01018,4415.0,4445.0,4345.0,4367.25,4388.8,4342.85,126116,555222822.15,14317,LEGACY
2020-07-27,SANOFI,Sanofi India,EQ,INE058A01010,7671.7,7771.55,7575.0,7700.05,7700.0,7715.0,18036,138506323.9,2273,LEGACY
2020-07-27,STAR,Strides Pharma Science,EQ,INE939A01011,421.0,421.95,409.15,412.7,412.95,420.85,400868,165684256.45,11335,LEGACY
2020-07-27,SUNPHARMA,Sun Pharmaceutical Industries,EQ,INE044A01036,484.85,487.6,469.0,475.5,473.25,485.6,6112630,2902188102.0,84097,LEGACY
2020-07-27,TORNTPHARM,Torrent Pharmaceuticals,EQ,INE685A01028,2343.3,2343.3,2231.85,2299.35,2300.0,2325.3,590153,1341721047.25,29791,LEGACY
2020-07-27,WOCKPHARMA,Wockhardt,EQ,INE049B01025,266.4,266.75,252.9,256.55,256.0,266.25,507251,130130960.65,11040,LEGACY
2020-07-28,ABBOTINDIA,Abbott India,EQ,INE358A01014,14975.0,15172.0,14871.8,14895.15,14899.0,14947.8,13602,203638882.4,4684,LEGACY
2020-07-28,AJANTPHARM,Ajanta Pharma,EQ,INE031B01049,1476.0,1486.75,1435.0,1443.2,1449.1,1483.55,88749,128773483.85,8999,LEGACY
2020-07-28,ALKEM,Alkem Laboratories,EQ,INE540L01014,2449.95,2489.95,2415.1,2462.45,2471.0,2449.95,72459,177366400.75,6797,LEGACY
2020-07-28,APLLTD,Alembic Pharmaceuticals,EQ,INE901L01018,970.0,982.0,963.0,977.85,975.0,964.25,424039,412732889.85,16203,LEGACY
2020-07-28,AUROPHARMA,Aurobindo Pharma,EQ,INE406A01037,780.0,795.5,770.4,791.2,794.55,779.25,2587625,2026286402.05,74517,LEGACY
2020-07-28,BIOCON,Biocon,EQ,INE376G01013,401.0,407.5,396.5,399.0,399.8,399.6,4421520,1773600388.8,57970,LEGACY
2020-07-28,CADILAHC,Cadila Healthcare,EQ,INE010B01027,356.0,362.0,354.1,357.05,358.3,356.6,2929086,1048483482.3,29145,LEGACY
2020-07-28,CIPLA,Cipla,EQ,INE059A01026,651.0,665.75,644.25,662.6,662.0,652.9,4583122,3016125553.25,70239,LEGACY
2020-07-28,DIVISLAB,Divi's Laboratories,EQ,INE361B01024,2363.0,2391.15,2332.0,2341.55,2348.0,2361.9,1049978,2475263624.1,37939,LEGACY
2020-07-28,DRREDDY,Dr. Reddy's Laboratories,EQ,INE089A01023,4019.0,4092.0,4007.35,4051.35,4062.5,4015.7,518594,2106372346.2,26741,LEGACY
2020-07-28,GLAXO,GlaxoSmithKline Pharmaceuticals,EQ,INE159A01016,1457.95,1472.45,1455.0,1464.3,1467.0,1455.75,12878,18828159.4,2183,LEGACY
2020-07-28,GLENMARK,Glenmark Pharmaceuticals,EQ,INE935A01035,426.0,429.5,419.0,420.85,421.8,425.45,2203632,933516763.6,38479,LEGACY
2020-07-28,GRANULES,Granules India,EQ,INE101D01020,294.15,299.7,290.0,291.9,291.0,294.1,4012265,1182090187.7,49991,LEGACY
2020-07-28,IPCALAB,IPCA Laboratories,EQ,INE571A01020,1740.0,1760.0,1715.0,1733.15,1735.0,1738.25,115804,200824850.2,11059,LEGACY
2020-07-28,JBCHEPHARM,JB Chemicals & Pharmaceuticals,EQ,INE572A01028,722.0,733.0,720.0,720.1,720.05,720.95,127954,92516109.05,4846,LEGACY
2020-07-28,LAURUSLABS,Laurus Labs,EQ,INE947Q01010,725.9,765.5,722.55,759.95,758.0,724.4,1866342,1406340219.45,39348,LEGACY
2020-07-28,LUPIN,Lupin,EQ,INE326A01037,848.0,854.45,839.0,841.2,840.0,845.4,1232321,1043632375.05,25280,LEGACY
2020-07-28,NATCOPHARM,Natco Pharma,EQ,INE987B01026,721.0,738.0,710.3,718.2,716.7,720.45,284055,205655094.45,13796,LEGACY
2020-07-28,PEL,Piramal Enterprises,EQ,INE140A01024,1464.95,1502.9,1458.0,1469.15,1468.05,1454.4,1449665,2141539647.75,42329,LEGACY
2020-07-28,PFIZER,Pfizer,EQ,INE182A01018,4425.0,4450.0,4301.0,4314.75,4325.0,4367.25,96746,422201514.25,13341,LEGACY
2020-07-28,SANOFI,Sanofi India,EQ,INE058A01010,7748.0,7748.0,7570.0,7580.9,7590.0,7700.05,12660,96543484.25,3576,LEGACY
2020-07-28,STAR,Strides Pharma Science,EQ,INE939A01011,414.75,417.0,408.1,412.55,412.0,412.7,491814,202841147.55,15006,LEGACY
2020-07-28,SUNPHARMA,Sun Pharmaceutical Industries,EQ,INE044A01036,475.5,483.75,473.25,482.6,483.0,475.5,5917310,2842747216.15,67417,LEGACY
2020-07-28,TORNTPHARM,Torrent Pharmaceuticals,EQ,INE685A01028,2298.9,2329.85,2282.3,2291.2,2291.25,2299.35,253492,583959736.35,11311,LEGACY
2020-07-28,WOCKPHARMA,Wockhardt,EQ,INE049B01025,257.85,261.25,254.5,257.35,256.9,256.55,360861,92912595.1,11396,LEGACY
2020-07-29,ABBOTINDIA,Abbott India,EQ,INE358A01014,14950.0,15032.7,14840.0,14853.6,14850.0,14895.15,11869,176976918.3,4474,LEGACY
2020-07-29,AJANTPHARM,Ajanta Pharma,EQ,INE031B01049,1450.0,1509.9,1445.1,1489.3,1492.0,1443.2,132448,196831474.7,7839,LEGACY
2020-07-29,ALKEM,Alkem Laboratories,EQ,INE540L01014,2465.0,2558.0,2430.65,2539.2,2555.0,2462.45,105572,263546972.75,10183,LEGACY
2020-07-29,APLLTD,Alembic Pharmaceuticals,EQ,INE901L01018,972.0,989.95,969.0,980.4,980.1,977.85,360716,353699687.7,13104,LEGACY
2020-07-29,AUROPHARMA,Aurobindo Pharma,EQ,INE406A01037,794.95,817.2,791.2,811.95,811.9,791.2,3895112,3146649321.95,75600,LEGACY
2020-07-29,BIOCON,Biocon,EQ,INE376G01013,400.0,403.45,393.0,395.8,396.0,399.0,4788604,1898291171.3,61711,LEGACY
2020-07-29,CADILAHC,Cadila Healthcare,EQ,INE010B01027,357.6,362.4,356.0,360.75,361.25,357.05,1863961,671036784.65,31182,LEGACY
2020-07-29,CIPLA,Cipla,EQ,INE059A01026,662.6,685.55,662.6,681.25,680.5,662.6,7288841,4930391212.5,80980,LEGACY
2020-07-29,DIVISLAB,Divi's Laboratories,EQ,INE361B01024,2356.1,2435.0,2342.3,2423.65,2420.1,2341.55,937796,2247465456.65,44093,LEGACY
2020-07-29,DRREDDY,Dr. Reddy's Laboratories,EQ,INE089A01023,4082.45,4336.0,4075.4,4302.2,4305.7,4051.35,4953494,20963163795.0,228770,LEGACY
2020-07-29,GLAXO,GlaxoSmithKline Pharmaceuticals,EQ,INE159A01016,1476.0,1497.0,1467.15,1480.65,1490.0,1464.3,23789,35280723.95,2531,LEGACY
2020-07-29,GLENMARK,Glenmark Pharmaceuticals,EQ,INE935A01035,425.0,428.0,421.1,424.2,424.65,420.85,2161104,917934801.4,35333,LEGACY
2020-07-29,GRANULES,Granules India,EQ,INE101D01020,293.0,294.8,281.3,282.75,282.05,291.9,3822139,1091260188.1,43145,LEGACY
2020-07-29,IPCALAB,IPCA Laboratories,EQ,INE571A01020,1738.0,1786.05,1722.15,1776.4,1765.0,1733.15,305869,539584179.4,24117,LEGACY
2020-07-29,JBCHEPHARM,JB Chemicals & Pharmaceuticals,EQ,INE572A01028,721.0,729.0,720.1,721.0,721.65,720.1,60190,43492431.7,3324,LEGACY
2020-07-29,LAURUSLABS,Laurus Labs,EQ,INE947Q01010,765.5,794.0,757.95,763.85,764.05,759.95,2102816,1627495960.9,53629,LEGACY
2020-07-29,LUPIN,Lupin,EQ,INE326A01037,845.0,862.75,843.15,859.3,860.0,841.2,2037690,1737543727.35,39713,LEGACY
2020-07-29,NATCOPHARM,Natco Pharma,EQ,INE987B01026,721.7,742.0,711.0,720.85,719.35,718.2,497055,361325449.25,19226,LEGACY
2020-07-29,PEL,Piramal Enterprises,EQ,INE140A01024,1476.95,1476.95,1411.1,1423.55,1418.0,1469.15,1496386,2149439308.15,47498,LEGACY
2020-07-29,PFIZER,Pfizer,EQ,INE182A01018,4349.0,4368.0,4287.5,4296.75,4290.0,4314.75,45154,195986082.3,8110,LEGACY
2020-07-29,SANOFI,Sanofi India,EQ,INE058A01010,7735.0,7930.65,7701.0,7879.95,7827.0,7580.9,78305,614504905.5,11905,LEGACY
2020-07-29,STAR,Strides Pharma Science,EQ,INE939A01011,414.3,433.0,413.1,430.4,426.05,412.55,1220202,520264740.65,20403,LEGACY
2020-07-29,SUNPHARMA,Sun Pharmaceutical Industries,EQ,INE044A01036,485.7,496.3,484.15,493.0,492.9,482.6,8531989,4191068703.6,102102,LEGACY
2020-07-29,TORNTPHARM,Torrent Pharmaceuticals,EQ,INE685A01028,2302.7,2402.2,2292.2,2383.05,2392.0,2291.2,669012,1580389635.3,32170,LEGACY
2020-07-29,WOCKPHARMA,Wockhardt,EQ,INE049B01025,258.0,266.5,258.0,261.55,260.05,257.35,468531,122693158.25,11322,LEGACY
2020-07-30,ABBOTINDIA,Abbott India,EQ,INE358A01014,14965.0,15025.0,14811.0,14905.8,15000.0,14853.6,17781,264603934.65,6914,LEGACY
2020-07-30,AJANTPHARM,Ajanta Pharma,EQ,INE031B01049,1509.0,1538.0,1455.0,1512.4,1508.15,1489.3,884737,1338104230.8,39091,LEGACY
2020-07-30,ALKEM,Alkem Laboratories,EQ,INE540L01014,2545.0,2575.0,2503.0,2545.5,2553.0,2539.2,113443,289254303.5,8598,LEGACY
2020-07-30,APLLTD,Alembic Pharmaceuticals,EQ,INE901L01018,984.95,1013.0,981.0,986.5,994.0,980.4,660962,659381855.9,22986,LEGACY
2020-07-30,AUROPHARMA,Aurobindo Pharma,EQ,INE406A01037,814.0,830.8,807.75,820.75,822.6,811.95,3911071,3212787754.25,79168,LEGACY
2020-07-30,BIOCON,Biocon,EQ,INE376G01013,396.0,404.9,395.1,403.45,403.5,395.8,6207478,2488431109.1,72089,LEGACY
2020-07-30,CADILAHC,Cadila Healthcare,EQ,INE010B01027,361.5,368.5,361.3,365.65,366.1,360.75,3384412,1236106460.85,39999,LEGACY
2020-07-30,CIPLA,Cipla,EQ,INE059A01026,681.2,698.95,681.0,685.95,686.7,681.25,7171188,4953962689.35,114618,LEGACY
2020-07-30,DIVISLAB,Divi's Laboratories,EQ,INE361B01024,2434.95,2577.15,2430.5,2562.35,2561.0,2423.65,3392980,8548268023.5,124388,LEGACY
2020-07-30,DRREDDY,Dr. Reddy's Laboratories,EQ,INE089A01023,4393.9,4560.0,4340.0,4516.6,4500.0,4302.2,6294420,28234490720.8,303126,LEGACY
2020-07-30,GLAXO,GlaxoSmithKline Pharmaceuticals,EQ,INE159A01016,1480.65,1484.95,1436.55,1442.45,1441.0,1480.65,54716,79341987.85,5251,LEGACY
2020-07-30,GLENMARK,Glenmark Pharmaceuticals,EQ,INE935A01035,423.0,449.9,419.5,441.4,441.5,424.2,14081785,6215441904.95,188407,LEGACY
2020-07-30,GRANULES,Granules India,EQ,INE101D01020,282.75,292.0,276.15,278.6,278.0,282.75,5274628,1504148905.4,56145,LEGACY
2020-07-30,IPCALAB,IPCA Laboratories,EQ,INE571A01020,1776.4,1843.5,1740.0,1745.5,1743.0,1776.4,283356,506842123.9,21537,LEGACY
2020-07-30,JBCHEPHARM,JB Chemicals & Pharmaceuticals,EQ,INE572A01028,724.75,739.0,720.0,726.85,727.55,721.0,515355,376633752.0,12325,LEGACY
2020-07-30,LAURUSLABS,Laurus Labs,EQ,INE947Q01010,770.0,799.9,760.65,790.25,799.0,763.85,4892393,3832505706.25,82986,LEGACY
2020-07-30,LUPIN,Lupin,EQ,INE326A01037,864.3,894.45,863.05,890.4,888.4,859.3,4113394,3629218642.55,118231,LEGACY
2020-07-30,NATCOPHARM,Natco Pharma,EQ,INE987B01026,724.5,754.9,719.0,748.35,749.0,720.85,579630,429448089.15,17605,LEGACY
2020-07-30,PEL,Piramal Enterprises,EQ,INE140A01024,1423.0,1442.0,1355.0,1370.15,1364.25,1423.55,2048200,2878021232.85,81002,LEGACY
2020-07-30,PFIZER,Pfizer,EQ,INE182A01018,4322.0,4322.0,4223.0,4230.0,4234.9,4296.75,30927,131985759.8,5305,LEGACY
2020-07-30,SANOFI,Sanofi India,EQ,INE058A01010,7920.0,7960.0,7625.0,7754.9,7851.0,7879.95,23829,186664556.05,5543,LEGACY
2020-07-30,STAR,Strides Pharma Science,EQ,INE939A01011,430.4,441.0,418.0,421.1,420.2,430.4,1384929,598652953.6,26296,LEGACY
2020-07-30,SUNPHARMA,Sun Pharmaceutical Industries,EQ,INE044A01036,493.2,513.2,487.3,509.95,511.2,493.0,17535910,8791105327.25,202780,LEGACY
2020-07-30,TORNTPHARM,Torrent Pharmaceuticals,EQ,INE685A01028,2405.9,2473.95,2392.6,2437.6,2425.05,2383.05,1022031,2497785506.5,49547,LEGACY
2020-07-30,WOCKPHARMA,Wockhardt,EQ,INE049B01025,262.3,269.9,260.5,263.2,263.9,261.55,724649,192089902.75,13331,LEGACY
2020-07-31,ABBOTINDIA,Abbott India,EQ,INE358A01014,14905.0,15661.65,14905.0,15536.35,15550.0,14905.8,46384,707614255.55,9778,LEGACY
2020-07-31,AJANTPHARM,Ajanta Pharma,EQ,INE031B01049,1517.0,1648.0,1490.05,1629.2,1638.0,1512.4,1125175,1779102913.45,46027,LEGACY
2020-07-31,ALKEM,Alkem Laboratories,EQ,INE540L01014,2559.6,2718.35,2545.0,2662.1,2656.6,2545.5,450832,1189496363.1,27149,LEGACY
2020-07-31,APLLTD,Alembic Pharmaceuticals,EQ,INE901L01018,992.0,1004.95,977.5,985.05,981.0,986.5,665168,658763127.75,19187,LEGACY
2020-07-31,AUROPHARMA,Aurobindo Pharma,EQ,INE406A01037,821.0,881.0,820.0,874.6,875.5,820.75,7948319,6822154909.15,147389,LEGACY
2020-07-31,BIOCON,Biocon,EQ,INE376G01013,408.0,412.8,400.8,409.6,410.45,403.45,7274624,2968680992.6,82890,LEGACY
2020-07-31,CADILAHC,Cadila Healthcare,EQ,INE010B01027,367.45,396.45,367.3,388.4,390.0,365.65,15280658,5867390231.95,150028,LEGACY
2020-07-31,CIPLA,Cipla,EQ,INE059A01026,687.0,724.0,687.0,720.15,721.0,685.95,18897332,13446763108.25,242751,LEGACY
2020-07-31,DIVISLAB,Divi's Laboratories,EQ,INE361B01024,2570.0,2645.6,2557.0,2616.55,2613.85,2562.35,2699006,7048721951.35,119645,LEGACY
2020-07-31,DRREDDY,Dr. Reddy's Laboratories,EQ,INE089A01023,4479.0,4550.85,4455.4,4521.05,4523.75,4516.6,1582134,7140170816.5,91846,LEGACY
2020-07-31,GLAXO,GlaxoSmithKline Pharmaceuticals,EQ,INE159A01016,1441.0,1449.4,1435.0,1437.3,1436.5,1442.45,25932,37303518.05,4138,LEGACY
2020-07-31,GLENMARK,Glenmark Pharmaceuticals,EQ,INE935A01035,444.1,458.5,437.0,452.35,450.55,441.4,9865112,4444533153.95,143925,LEGACY
2020-07-31,GRANULES,Granules India,EQ,INE101D01020,280.0,282.15,271.2,273.3,273.0,278.6,3518968,972316639.5,40669,LEGACY
2020-07-31,IPCALAB,IPCA Laboratories,EQ,INE571A01020,1749.9,1902.0,1749.9,1874.6,1880.1,1745.5,703369,1313111032.85,56417,LEGACY
2020-07-31,JBCHEPHARM,JB Chemicals & Pharmaceuticals,EQ,INE572A01028,729.5,745.0,725.85,734.2,732.15,726.85,695574,512320920.95,18115,LEGACY
2020-07-31,LAURUSLABS,Laurus Labs,EQ,INE947Q01010,825.0,945.0,815.0,933.25,942.0,790.25,10629191,9395558458.65,274673,LEGACY
2020-07-31,LUPIN,Lupin,EQ,INE326A01037,894.75,931.0,878.7,926.55,923.6,890.4,5233520,4760460489.15,113944,LEGACY
2020-07-31,NATCOPHARM,Natco Pharma,EQ,INE987B01026,750.1,789.75,745.1,782.65,788.0,748.35,1029123,789177415.75,38022,LEGACY
2020-07-31,PEL,Piramal Enterprises,EQ,INE140A01024,1384.3,1556.75,1364.8,1473.4,1478.0,1370.15,5275640,7766553344.75,167294,LEGACY
2020-07-31,PFIZER,Pfizer,EQ,INE182A01018,4230.0,4323.0,4179.9,4277.75,4270.0,4230.0,66631,282563473.1,11003,LEGACY
2020-07-31,SANOFI,Sanofi India,EQ,INE058A01010,7825.0,7850.05,7740.0,7767.75,7771.0,7754.9,11030,86163908.2,2929,LEGACY
2020-07-31,STAR,Strides Pharma Science,EQ,INE939A01011,424.0,438.95,421.0,436.2,437.05,421.1,1268943,549907408.3,20386,LEGACY
2020-07-31,SUNPHARMA,Sun Pharmaceutical Industries,EQ,INE044A01036,514.25,541.0,507.5,531.7,537.8,509.95,41253779,21560239683.8,469087,LEGACY
2020-07-31,TORNTPHARM,Torrent Pharmaceuticals,EQ,INE685A01028,2500.15,2755.4,2500.0,2663.6,2661.4,2437.6,6618558,17694391158.15,315639,LEGACY
2020-07-31,WOCKPHARMA,Wockhardt,EQ,INE049B01025,264.8,281.7,261.2,276.0,276.5,263.2,2947659,813236829.9,41220,LEGACY
2020-08-03,ABBOTINDIA,Abbott India,EQ,INE358A01014,15600.0,16265.0,15500.0,16009.1,15998.0,15536.35,41738,668729222.65,12531,LEGACY
2020-08-03,AJANTPHARM,Ajanta Pharma,EQ,INE031B01049,1670.0,1725.0,1630.0,1647.4,1650.0,1629.2,1229327,2066481643.95,58750,LEGACY
2020-08-03,ALKEM,Alkem Laboratories,EQ,INE540L01014,2700.0,2848.0,2680.35,2790.7,2808.0,2662.1,679549,1887405357.4,39111,LEGACY
2020-08-03,APLLTD,Alembic Pharmaceuticals,EQ,INE901L01018,985.0,997.75,975.05,985.05,982.5,985.05,577126,571177286.75,16415,LEGACY
2020-08-03,AUROPHARMA,Aurobindo Pharma,EQ,INE406A01037,874.7,887.1,860.25,866.8,868.5,874.6,4010750,3496774881.95,81534,LEGACY
2020-08-03,BIOCON,Biocon,EQ,INE376G01013,411.8,416.75,407.7,411.9,411.9,409.6,5226709,2156832662.95,63824,LEGACY
2020-08-03,CADILAHC,Cadila Healthcare,EQ,INE010B01027,396.0,400.7,387.05,394.65,399.5,388.4,12197366,4806557160.75,114967,LEGACY
2020-08-03,CIPLA,Cipla,EQ,INE059A01026,724.0,734.2,701.0,710.4,711.15,720.15,12500684,8969138527.05,199917,LEGACY
2020-08-03,DIVISLAB,Divi's Laboratories,EQ,INE361B01024,2621.6,2731.0,2605.65,2641.75,2648.9,2616.55,2802784,7514175963.15,140703,LEGACY
2020-08-03,DRREDDY,Dr. Reddy's Laboratories,EQ,INE089A01023,4521.05,4670.0,4500.0,4527.45,4530.7,4521.05,2436651,11162410266.7,128754,LEGACY
2020-08-03,GLAXO,GlaxoSmithKline Pharmaceuticals,EQ,INE159A01016,1441.6,1509.0,1423.1,1477.95,1491.0,1437.3,141024,205313172.65,9442,LEGACY
2020-08-03,GLENMARK,Glenmark Pharmaceuticals,EQ,INE935A01035,455.4,461.9,448.0,449.8,448.95,452.35,4669013,2128106377.1,73274,LEGACY
2020-08-03,GRANULES,Granules India,EQ,INE101D01020,274.95,304.3,274.4,299.2,297.5,273.3,11571977,3417743527.6,104140,LEGACY
2020-08-03,IPCALAB,IPCA Laboratories,EQ,INE571A01020,1899.0,2034.9,1875.2,1888.35,1890.0,1874.6,682165,1335590975.25,49904,LEGACY
2020-08-03,JBCHEPHARM,JB Chemicals & Pharmaceuticals,EQ,INE572A01028,742.0,743.75,726.1,729.7,731.85,734.2,331583,243463812.45,20305,LEGACY
2020-08-03,LAURUSLABS,Laurus Labs,EQ,INE947Q01010,955.25,1075.15,955.0,1006.65,1009.5,933.25,13444156,13596148107.1,362687,LEGACY
2020-08-03,LUPIN,Lupin,EQ,INE326A01037,915.0,946.5,913.05,927.65,925.0,926.55,3944375,3676010337.85,79398,LEGACY
2020-08-03,NATCOPHARM,Natco Pharma,EQ,INE987B01026,794.0,824.8,792.1,805.85,802.9,782.65,1341023,1089538616.2,51917,LEGACY
2020-08-03,PEL,Piramal Enterprises,EQ,INE140A01024,1475.0,1517.35,1448.45,1460.75,1461.0,1473.4,2054881,3045967055.5,62848,LEGACY
2020-08-03,PFIZER,Pfizer,EQ,INE182A01018,4295.0,4430.0,4277.0,4398.25,4380.0,4277.75,101950,446727658.45,12793,LEGACY
2020-08-03,SANOFI,Sanofi India,EQ,INE058A01010,7868.0,8425.0,7849.0,8298.35,8333.95,7767.75,93488,768050700.25,15961,LEGACY
2020-08-03,STAR,Strides Pharma Science,EQ,INE939A01011,438.0,464.4,437.0,455.8,456.05,436.2,2150634,974727712.6,35614,LEGACY
2020-08-03,SUNPHARMA,Sun Pharmaceutical Industries,EQ,INE044A01036,534.1,540.2,516.8,519.4,520.8,531.7,25348260,13372480935.6,235677,LEGACY
2020-08-03,TORNTPHARM,Torrent Pharmaceuticals,EQ,INE685A01028,2663.6,2773.95,2650.0,2727.95,2739.95,2663.6,2139365,5826374232.1,104552,LEGACY
2020-08-03,WOCKPHARMA,Wockhardt,EQ,INE049B01025,278.0,303.6,276.0,303.6,303.6,276.0,4016457,1176824088.75,50592,LEGACY
2020-08-04,ABBOTINDIA,Abbott India,EQ,INE358A01014,16212.55,16449.95,16000.0,16376.45,16401.7,16009.1,21761,353170900.1,6467,LEGACY
2020-08-04,AJANTPHARM,Ajanta Pharma,EQ,INE031B01049,1664.0,1685.0,1621.6,1661.05,1660.0,1647.4,300024,496265561.3,15314,LEGACY
2020-08-04,ALKEM,Alkem Laboratories,EQ,INE540L01014,2825.0,2974.0,2790.75,2931.3,2894.7,2790.7,904544,2615222158.75,41093,LEGACY
2020-08-04,APLLTD,Alembic Pharmaceuticals,EQ,INE901L01018,982.5,1036.15,982.1,1017.9,1020.0,985.05,920517,936516891.1,31221,LEGACY
2020-08-04,AUROPHARMA,Aurobindo Pharma,EQ,INE406A01037,868.5,874.65,850.5,864.1,867.0,866.8,2668420,2297704443.35,56366,LEGACY
2020-08-04,BIOCON,Biocon,EQ,INE376G01013,414.45,416.65,404.0,413.8,413.9,411.9,4147575,1711182908.25,57997,LEGACY
2020-08-04,CADILAHC,Cadila Healthcare,EQ,INE010B01027,398.0,405.55,390.45,403.7,404.9,394.65,9406025,3748002984.05,85774,LEGACY
2020-08-04,CIPLA,Cipla,EQ,INE059A01026,708.0,718.9,703.2,713.85,714.8,710.4,6971075,4958144709.75,95036,LEGACY
2020-08-04,DIVISLAB,Divi's Laboratories,EQ,INE361B01024,2675.0,2706.7,2602.05,2690.55,2687.85,2641.75,1260407,3348120448.45,56959,LEGACY
2020-08-04,DRREDDY,Dr. Reddy's Laboratories,EQ,INE089A01023,4530.7,4654.35,4490.15,4634.85,4646.0,4527.45,1666543,7623931186.95,87806,LEGACY
2020-08-04,GLAXO,GlaxoSmithKline Pharmaceuticals,EQ,INE159A01016,1497.0,1530.0,1481.65,1507.45,1499.0,1477.95,136597,207027790.2,13262,LEGACY
2020-08-04,GLENMARK,Glenmark Pharmaceuticals,EQ,INE935A01035,453.95,456.6,442.55,445.4,445.5,449.8,3813439,1706034057.6,68480,LEGACY
2020-08-04,GRANULES,Granules India,EQ,INE101D01020,301.0,309.45,296.85,302.6,302.7,299.2,5707076,1731809114.8,55308,LEGACY
2020-08-04,IPCALAB,IPCA Laboratories,EQ,INE571A01020,1892.0,1998.0,1855.05,1986.15,1995.0,1888.35,427797,837012511.75,34591,LEGACY
2020-08-04,JBCHEPHARM,JB Chemicals & Pharmaceuticals,EQ,INE572A01028,735.4,735.85,730.0,734.85,734.9,729.7,329765,242116845.75,8457,LEGACY
2020-08-04,LAURUSLABS,Laurus Labs,EQ,INE947Q01010,1011.0,1023.85,952.0,1010.0,1014.1,1006.65,4886098,4830025716.95,160593,LEGACY
2020-08-04,LUPIN,Lupin,EQ,INE326A01037,932.95,947.5,912.0,940.8,940.0,927.65,2871139,2677825900.45,57268,LEGACY
2020-08-04,NATCOPHARM,Natco Pharma,EQ,INE987B01026,810.0,815.75,770.0,786.1,788.0,805.85,451992,356551045.6,20793,LEGACY
2020-08-04,PEL,Piramal Enterprises,EQ,INE140A01024,1475.0,1481.3,1433.5,1466.1,1463.5,1460.75,1398320,2032652203.05,42730,LEGACY
2020-08-04,PFIZER,Pfizer,EQ,INE182A01018,4420.0,4442.75,4366.05,4375.6,4380.55,4398.25,44407,195603719.9,9714,LEGACY
2020-08-04,SANOFI,Sanofi India,EQ,INE058A01010,8384.9,8446.95,8190.0,8210.5,8210.0,8298.35,28646,238414697.5,7234,LEGACY
2020-08-04,STAR,Strides Pharma Science,EQ,INE939A01011,460.0,472.0,448.2,468.55,468.1,455.8,1693992,782485554.65,27016,LEGACY
2020-08-04,SUNPHARMA,Sun Pharmaceutical Industries,EQ,INE044A01036,522.0,532.4,517.25,528.95,529.25,519.4,11950188,6274448713.55,152594,LEGACY
2020-08-04,TORNTPHARM,Torrent Pharmaceuticals,EQ,INE685A01028,2759.0,2848.8,2720.0,2828.7,2838.05,2727.95,1760004,4890045657.85,80137,LEGACY
2020-08-04,WOCKPHARMA,Wockhardt,EQ,INE049B01025,317.0,333.95,312.6,333.95,333.95,303.6,8528394,2816517726.25,75820,LEGACY
2020-08-05,ABBOTINDIA,Abbott India,EQ,INE358A01014,16414.45,16786.0,16100.0,16247.2,16215.0,16376.45,20826,343092071.1,7242,LEGACY
2020-08-05,AJANTPHARM,Ajanta Pharma,EQ,INE031B01049,1662.0,1717.0,1662.0,1693.5,1690.7,1661.05,334303,566981141.5,17291,LEGACY
2020-08-05,ALKEM,Alkem Laboratories,EQ,INE540L01014,2920.0,2950.0,2825.0,2847.45,2849.05,2931.3,275247,794527083.65,29929,LEGACY
2020-08-05,APLLTD,Alembic Pharmaceuticals,EQ,INE901L01018,1025.35,1032.0,1001.55,1004.65,1010.0,1017.9,469593,477051519.15,18581,LEGACY
2020-08-05,AUROPHARMA,Aurobindo Pharma,EQ,INE406A01037,869.0,882.65,853.1,860.65,863.85,864.1,3623396,3142985073.15,70760,LEGACY
2020-08-05,BIOCON,Biocon,EQ,INE376G01013,415.0,418.8,407.2,408.2,409.9,413.8,4342571,1790192661.8,56192,LEGACY
2020-08-05,CADILAHC,Cadila Healthcare,EQ,INE010B01027,409.0,411.5,392.45,396.05,396.0,403.7,19562702,7880202066.7,196075,LEGACY
2020-08-05,CIPLA,Cipla,EQ,INE059A01026,720.8,729.95,716.0,722.15,723.5,713.85,5263247,3801624840.95,96837,LEGACY
2020-08-05,DIVISLAB,Divi's Laboratories,EQ,INE361B01024,2700.0,2716.6,2641.0,2667.75,2671.65,2690.55,1237767,3313599644.9,68458,LEGACY
2020-08-05,DRREDDY,Dr. Reddy's Laboratories,EQ,INE089A01023,4655.05,4665.7,4581.7,4600.95,4609.3,4634.85,1012014,4672820565.1,55654,LEGACY
2020-08-05,GLAXO,GlaxoSmithKline Pharmaceuticals,EQ,INE159A01016,1518.0,1524.0,1470.0,1480.5,1480.0,1507.45,85405,128270669.95,4552,LEGACY
2020-08-05,GLENMARK,Glenmark Pharmaceuticals,EQ,INE935A01035,446.0,452.7,442.3,447.55,448.85,445.4,2508401,1122080581.5,39703,LEGACY
2020-08-05,GRANULES,Granules India,EQ,INE101D01020,304.95,319.9,304.95,316.85,317.5,302.6,9125048,2874695305.65,87050,LEGACY
2020-08-05,IPCALAB,IPCA Laboratories,EQ,INE571A01020,2004.05,2004.05,1953.1,1960.65,1965.05,1986.15,264853,524373054.95,43545,LEGACY
2020-08-05,JBCHEPHARM,JB Chemicals & Pharmaceuticals,EQ,INE572A01028,734.95,738.95,728.1,730.55,729.9,734.85,446828,327118515.95,8938,LEGACY
2020-08-05,LAURUSLABS,Laurus Labs,EQ,INE947Q01010,1014.8,1053.0,995.1,1028.55,1025.35,1010.0,4188329,4305936180.9,115834,LEGACY
2020-08-05,LUPIN,Lupin,EQ,INE326A01037,941.0,954.6,924.0,928.0,928.0,940.8,3672601,3443773818.45,83772,LEGACY
2020-08-05,NATCOPHARM,Natco Pharma,EQ,INE987B01026,815.0,815.0,775.0,785.45,784.05,786.1,331185,260934496.15,13383,LEGACY
2020-08-05,PEL,Piramal Enterprises,EQ,INE140A01024,1471.0,1517.6,1420.1,1432.85,1443.65,1466.1,2201051,3214679262.05,68404,LEGACY
2020-08-05,PFIZER,Pfizer,EQ,INE182A01018,4415.0,4474.45,4400.0,4424.85,4432.45,4375.6,50856,225445622.7,6780,LEGACY
2020-08-05,SANOFI,Sanofi India,EQ,INE058A01010,8274.0,8399.0,8110.0,8275.95,8285.0,8210.5,18735,154987184.45,4929,LEGACY
2020-08-05,STAR,Strides Pharma Science,EQ,INE939A01011,470.25,547.0,463.0,534.1,535.0,468.55,10212377,5187865740.2,167650,LEGACY
2020-08-05,SUNPHARMA,Sun Pharmaceutical Industries,EQ,INE044A01036,537.9,538.0,527.05,528.85,529.75,528.95,10928710,5823144347.55,113267,LEGACY
2020-08-05,TORNTPHARM,Torrent Pharmaceuticals,EQ,INE685A01028,2842.0,2881.5,2812.0,2857.2,2864.0,2828.7,1237999,3532601295.0,67091,LEGACY
2020-08-05,WOCKPHARMA,Wockhardt,EQ,INE049B01025,339.35,343.0,320.05,324.0,324.05,333.95,2413612,792253749.5,41898,LEGACY
2020-08-06,ABBOTINDIA,Abbott India,EQ,INE358A01014,16265.0,16400.0,16055.55,16154.5,16162.0,16247.2,12023,194483617.3,3879,LEGACY
2020-08-06,AJANTPHARM,Ajanta Pharma,EQ,INE031B01049,1706.0,1720.0,1662.6,1675.8,1687.0,1693.5,178422,300017848.05,12724,LEGACY
2020-08-06,ALKEM,Alkem Laboratories,EQ,INE540L01014,2901.0,2969.0,2853.0,2866.9,2866.4,2847.45,435995,1264267223.0,28586,LEGACY
2020-08-06,APLLTD,Alembic Pharmaceuticals,EQ,INE901L01018,1005.0,1103.0,989.0,1081.7,1103.0,1004.65,1319511,1386954553.55,44952,LEGACY
2020-08-06,AUROPHARMA,Aurobindo Pharma,EQ,INE406A01037,863.0,915.0,861.85,909.75,914.4,860.65,7979086,7131690119.3,139989,LEGACY
2020-08-06,BIOCON,Biocon,EQ,INE376G01013,410.95,413.95,405.95,407.45,407.8,408.2,3597943,1472497639.7,50458,LEGACY
2020-08-06,CADILAHC,Cadila Healthcare,EQ,INE010B01027,396.0,401.8,384.2,388.85,390.4,396.05,9631375,3774716758.85,86014,LEGACY
2020-08-06,CIPLA,Cipla,EQ,INE059A01026,724.95,739.7,720.1,731.1,734.0,722.15,9663912,7079412130.4,125796,LEGACY
2020-08-06,DIVISLAB,Divi's Laboratories,EQ,INE361B01024,2682.0,2753.0,2662.7,2738.05,2751.0,2667.75,1340405,3648367491.25,54899,LEGACY
2020-08-06,DRREDDY,Dr. Reddy's Laboratories,EQ,INE089A01023,4610.05,4658.0,4567.55,4583.05,4576.0,4600.95,917421,4225339736.2,52307,LEGACY
2020-08-06,GLAXO,GlaxoSmithKline Pharmaceuticals,EQ,INE159A01016,1482.0,1515.1,1475.0,1478.05,1480.0,1480.5,29096,43292665.8,3505,LEGACY
2020-08-06,GLENMARK,Glenmark Pharmaceuticals,EQ,INE935A01035,449.95,464.4,448.0,461.2,462.5,447.55,5681910,2605539007.65,80847,LEGACY
2020-08-06,GRANULES,Granules India,EQ,INE101D01020,319.3,328.0,315.1,324.8,326.0,316.85,7023667,2269313363.2,68060,LEGACY
2020-08-06,IPCALAB,IPCA Laboratories,EQ,INE571A01020,1962.0,1978.0,1942.35,1970.3,1970.0,1960.65,81768,160658858.85,10627,LEGACY
2020-08-06,JBCHEPHARM,JB Chemicals & Pharmaceuticals,EQ,INE572A01028,732.0,739.0,728.55,735.2,735.05,730.55,201932,148393686.95,8740,LEGACY
2020-08-06,LAURUSLABS,Laurus Labs,EQ,INE947Q01010,1032.7,1046.7,1009.2,1033.25,1036.7,1028.55,2023188,2089615451.75,58058,LEGACY
2020-08-06,LUPIN,Lupin,EQ,INE326A01037,932.8,945.8,925.5,936.25,935.5,928.0,3300887,3095887396.25,76419,LEGACY
2020-08-06,NATCOPHARM,Natco Pharma,EQ,INE987B01026,785.45,789.0,755.0,758.25,763.9,785.45,578461,443932427.45,33874,LEGACY
2020-08-06,PEL,Piramal Enterprises,EQ,INE140A01024,1450.0,1484.0,1440.15,1463.95,1465.0,1432.85,1339910,1962631399.7,43779,LEGACY
2020-08-06,PFIZER,Pfizer,EQ,INE182A01018,4450.0,4453.0,4380.0,4389.95,4389.95,4424.85,24374,107429424.2,3722,LEGACY
2020-08-06,SANOFI,Sanofi India,EQ,INE058A01010,8335.0,8335.0,8131.05,8174.9,8136.25,8275.95,10927,89703599.6,2746,LEGACY
2020-08-06,STAR,Strides Pharma Science,EQ,INE939A01011,538.0,552.9,520.25,525.3,522.0,534.1,4347176,2325375538.0,83252,LEGACY
2020-08-06,SUNPHARMA,Sun Pharmaceutical Industries,EQ,INE044A01036,533.9,541.45,526.15,532.25,532.75,528.85,10920296,5837958092.85,117487,LEGACY
2020-08-06,TORNTPHARM,Torrent Pharmaceuticals,EQ,INE685A01028,2871.0,3001.5,2853.6,2976.45,2987.4,2857.2,1925257,5644501084.55,71881,LEGACY
2020-08-06,WOCKPHARMA,Wockhardt,EQ,INE049B01025,327.0,329.7,316.25,318.65,317.3,324.0,1200234,386137447.25,22299,LEGACY
2020-08-07,ABBOTINDIA,Abbott India,EQ,INE358A01014,16248.55,16298.7,16079.05,16199.0,16254.0,16154.5,15324,248067353.5,3939,LEGACY
2020-08-07,AJANTPHARM,Ajanta Pharma,EQ,INE031B01049,1688.0,1717.95,1676.0,1693.1,1689.0,1675.8,229507,388714366.85,14507,LEGACY
2020-08-07,ALKEM,Alkem Laboratories,EQ,INE540L01014,2889.0,3090.0,2885.0,2981.95,3000.0,2866.9,2337098,7021296829.2,90170,LEGACY
2020-08-07,APLLTD,Alembic Pharmaceuticals,EQ,INE901L01018,1103.0,1128.9,1045.0,1051.15,1050.5,1081.7,1323116,1442813835.75,62960,LEGACY
2020-08-07,AUROPHARMA,Aurobindo Pharma,EQ,INE406A01037,914.0,923.0,898.0,906.45,905.9,909.75,7555414,6880816861.35,125683,LEGACY
2020-08-07,BIOCON,Biocon,EQ,INE376G01013,409.0,411.85,396.05,399.45,400.0,407.45,5634992,2262193055.15,71724,LEGACY
2020-08-07,CADILAHC,Cadila Healthcare,EQ,INE010B01027,390.3,395.3,387.55,390.9,390.9,388.85,4604458,1802754126.0,40369,LEGACY
2020-08-07,CIPLA,Cipla,EQ,INE059A01026,738.0,739.65,724.5,728.65,732.8,731.1,6159882,4503680438.7,81746,LEGACY
2020-08-07,DIVISLAB,Divi's Laboratories,EQ,INE361B01024,2748.0,2820.0,2722.4,2784.85,2799.8,2738.05,1448742,4003705601.15,74928,LEGACY
2020-08-07,DRREDDY,Dr. Reddy's Laboratories,EQ,INE089A01023,4590.0,4707.0,4560.55,4573.5,4579.65,4583.05,1665377,7702708528.5,78527,LEGACY
2020-08-07,GLAXO,GlaxoSmithKline Pharmaceuticals,EQ,INE159A01016,1486.0,1500.0,1482.65,1488.7,1490.0,1478.05,120079,179034500.6,4570,LEGACY
2020-08-07,GLENMARK,Glenmark Pharmaceuticals,EQ,INE935A01035,463.45,466.9,451.0,453.45,453.6,461.2,4652819,2133034090.25,75634,LEGACY
2020-08-07,GRANULES,Granules India,EQ,INE101D01020,326.5,328.4,309.25,315.75,315.95,324.8,4106710,1307363125.15,43331,LEGACY
2020-08-07,IPCALAB,IPCA Laboratories,EQ,INE571A01020,1980.0,1995.0,1950.0,1956.7,1960.0,1970.3,145153,285043247.0,12830,LEGACY
2020-08-07,JBCHEPHARM,JB Chemicals & Pharmaceuticals,EQ,INE572A01028,738.8,738.8,730.0,732.95,730.95,735.2,284247,208649441.55,9032,LEGACY
2020-08-07,LAURUSLABS,Laurus Labs,EQ,INE947Q01010,1038.85,1042.0,1013.6,1022.7,1021.0,1033.25,1092813,1123920234.05,34506,LEGACY
2020-08-07,LUPIN,Lupin,EQ,INE326A01037,906.65,918.4,874.1,879.85,881.95,936.25,12143358,10768774124.35,223176,LEGACY
2020-08-07,NATCOPHARM,Natco Pharma,EQ,INE987B01026,762.7,794.8,760.0,781.75,783.0,758.25,696088,544441915.1,23809,LEGACY
2020-08-07,PEL,Piramal Enterprises,EQ,INE140A01024,1464.0,1519.95,1454.95,1464.2,1467.2,1463.95,1764897,2618442443.45,62806,LEGACY
2020-08-07,PFIZER,Pfizer,EQ,INE182A01018,4394.95,4422.15,4350.0,4383.5,4375.1,4389.95,21132,92699368.55,3708,LEGACY
2020-08-07,SANOFI,Sanofi India,EQ,INE058A01010,8137.0,8279.9,8105.1,8170.95,8160.0,8174.9,15593,127133866.05,3697,LEGACY
2020-08-07,STAR,Strides Pharma Science,EQ,INE939A01011,527.45,537.65,514.1,523.8,525.5,525.3,1935313,1018423956.7,32572,LEGACY
2020-08-07,SUNPHARMA,Sun Pharmaceutical Industries,EQ,INE044A01036,532.3,535.45,522.6,525.95,526.0,532.25,7275659,3834958352.65,86632,LEGACY
2020-08-07,TORNTPHARM,Torrent Pharmaceuticals,EQ,INE685A01028,2974.95,2991.25,2927.0,2941.05,2937.0,2976.45,1037725,3068900218.5,52467,LEGACY
2020-08-07,WOCKPHARMA,Wockhardt,EQ,INE049B01025,318.65,322.25,308.15,309.3,309.0,318.65,898659,283295936.8,17007,LEGACY
2020-08-10,ABBOTINDIA,Abbott India,EQ,INE358A01014,17198.0,17350.0,16900.0,16973.3,16995.0,16199.0,52762,901016631.75,14578,LEGACY
2020-08-10,AJANTPHARM,Ajanta Pharma,EQ,INE031B01049,1710.9,1759.95,1705.0,1722.75,1713.0,1693.1,361295,628226099.6,28102,LEGACY
2020-08-10,ALKEM,Alkem Laboratories,EQ,INE540L01014,3033.85,3069.0,2940.0,2978.0,2981.0,2981.95,517068,1553497618.85,42184,LEGACY
2020-08-10,APLLTD,Alembic Pharmaceuticals,EQ,INE901L01018,1059.0,1098.15,1056.0,1086.75,1085.0,1051.15,535565,577699477.85,27950,LEGACY
2020-08-10,AUROPHARMA,Aurobindo Pharma,EQ,INE406A01037,913.0,967.5,913.0,948.85,953.6,906.45,9691249,9152924358.0,147886,LEGACY
2020-08-10,BIOCON,Biocon,EQ,INE376G01013,402.2,414.5,400.7,412.45,413.75,399.45,7028465,2876275631.5,85747,LEGACY
2020-08-10,CADILAHC,Cadila Healthcare,EQ,INE010B01027,393.2,409.8,392.15,405.15,405.15,390.9,7942401,3202919950.2,76300,LEGACY
2020-08-10,CIPLA,Cipla,EQ,INE059A01026,760.0,814.5,751.35,795.6,797.7,728.65,56895564,44989022123.0,603361,LEGACY
2020-08-10,DIVISLAB,Divi's Laboratories,EQ,INE361B01024,3063.3,3293.0,3063.3,3117.8,3120.75,2784.85,6015327,18910268106.15,224315,LEGACY
2020-08-10,DRREDDY,Dr. Reddy's Laboratories,EQ,INE089A01023,4605.0,4758.6,4605.0,4690.9,4691.65,4573.5,1739577,8165909111.6,83696,LEGACY
2020-08-10,GLAXO,GlaxoSmithKline Pharmaceuticals,EQ,INE159A01016,1490.0,1509.95,1458.2,1468.75,1469.0,1488.7,67712,100171219.7,7268,LEGACY
2020-08-10,GLENMARK,Glenmark Pharmaceuticals,EQ,INE935A01035,454.0,476.65,454.0,471.3,473.4,453.45,7605771,3571375626.15,102233,LEGACY
2020-08-10,GRANULES,Granules India,EQ,INE101D01020,319.0,335.75,318.2,329.45,328.6,315.75,6866208,2262012201.0,70808,LEGACY
2020-08-10,IPCALAB,IPCA Laboratories,EQ,INE571A01020,1982.2,2174.9,1982.2,2099.5,2098.55,1956.7,2459029,5161600289.15,153700,LEGACY
2020-08-10,JBCHEPHARM,JB Chemicals & Pharmaceuticals,EQ,INE572A01028,733.75,739.0,731.1,735.15,735.0,732.95,998254,734110661.0,25669,LEGACY
2020-08-10,LAURUSLABS,Laurus Labs,EQ,INE947Q01010,1034.0,1124.95,1034.0,1124.95,1124.95,1022.7,3741219,4142627178.45,90100,LEGACY
2020-08-10,LUPIN,Lupin,EQ,INE326A01037,886.9,999.4,886.05,957.95,953.1,879.85,14698542,13862086850.0,227285,LEGACY
2020-08-10,NATCOPHARM,Natco Pharma,EQ,INE987B01026,785.7,859.0,783.05,847.9,854.95,781.75,1703035,1401238419.55,50555,LEGACY
2020-08-10,PEL,Piramal Enterprises,EQ,INE140A01024,1483.0,1512.35,1467.6,1473.95,1476.15,1464.2,1497209,2226774204.5,54200,LEGACY
2020-08-10,PFIZER,Pfizer,EQ,INE182A01018,4400.0,4787.7,4393.5,4599.45,4615.0,4383.5,235019,1073943442.9,22064,LEGACY
2020-08-10,SANOFI,Sanofi India,EQ,INE058A01010,8178.0,8525.0,8178.0,8446.8,8447.0,8170.95,73969,623962747.1,11865,LEGACY
2020-08-10,STAR,Strides Pharma Science,EQ,INE939A01011,527.0,616.0,527.0,609.05,603.5,523.8,6172234,3585125909.75,106041,LEGACY
2020-08-10,SUNPHARMA,Sun Pharmaceutical Industries,EQ,INE044A01036,526.0,550.8,526.0,543.85,544.1,525.95,16271351,8825962336.05,189551,LEGACY
2020-08-10,TORNTPHARM,Torrent Pharmaceuticals,EQ,INE685A01028,2949.8,3030.0,2945.0,3010.8,3009.9,2941.05,1296485,3888116038.2,56754,LEGACY
2020-08-10,WOCKPHARMA,Wockhardt,EQ,INE049B01025,311.3,324.7,310.0,318.25,317.9,309.3,1301769,416424672.45,19753,LEGACY
2020-08-13,ABBOTINDIA,Abbott India,EQ,INE358A01014,16800.0,16872.5,16600.0,16672.85,16700.0,16683.05,9794,163691259.2,4359,LEGACY
2020-08-13,AJANTPHARM,Ajanta Pharma,EQ,INE031B01049,1639.3,1663.2,1600.0,1616.65,1625.0,1629.9,114336,186796722.0,9834,LEGACY
2020-08-13,ALKEM,Alkem Laboratories,EQ,INE540L01014,2812.15,2930.0,2802.85,2909.7,2918.0,2787.85,372603,1073084291.65,33957,LEGACY
2020-08-13,APLLTD,Alembic Pharmaceuticals,EQ,INE901L01018,1084.95,1107.0,1071.6,1077.95,1078.0,1074.1,414168,450733371.25,16178,LEGACY
2020-08-13,AUROPHARMA,Aurobindo Pharma,EQ,INE406A01037,927.0,927.0,875.0,881.3,881.6,934.2,11655107,10465661872.95,262107,LEGACY
2020-08-13,BIOCON,Biocon,EQ,INE376G01013,399.0,401.1,391.7,393.25,394.5,396.6,4016926,1589288662.45,53040,LEGACY
2020-08-13,CADILAHC,Cadila Healthcare,EQ,INE010B01027,393.5,394.55,385.25,386.4,386.0,385.2,5405124,2101542044.6,51660,LEGACY
2020-08-13,CIPLA,Cipla,EQ,INE059A01026,765.95,782.9,754.1,760.25,761.0,762.1,13741283,10552568522.9,161067,LEGACY
2020-08-13,DIVISLAB,Divi's Laboratories,EQ,INE361B01024,3110.0,3180.0,3093.65,3125.5,3120.0,3117.0,1916602,6018102264.15,104090,LEGACY
2020-08-13,DRREDDY,Dr. Reddy's Laboratories,EQ,INE089A01023,4550.15,4590.45,4491.75,4502.25,4508.0,4518.15,910042,4127829788.65,58179,LEGACY
2020-08-13,GLAXO,GlaxoSmithKline Pharmaceuticals,EQ,INE159A01016,1475.0,1540.0,1461.65,1524.1,1532.0,1456.5,267310,402858389.65,10743,LEGACY
2020-08-13,GLENMARK,Glenmark Pharmaceuticals,EQ,INE935A01035,466.0,470.3,461.3,464.65,465.65,466.6,2103733,979119267.75,36753,LEGACY
2020-08-13,GRANULES,Granules India,EQ,INE101D01020,319.9,326.0,316.0,318.15,318.2,318.6,2658219,851958756.1,31585,LEGACY
2020-08-13,IPCALAB,IPCA Laboratories,EQ,INE571A01020,2020.0,2039.0,1985.0,1988.9,1992.0,2005.95,256329,514837540.45,28111,LEGACY
2020-08-13,JBCHEPHARM,JB Chemicals & Pharmaceuticals,EQ,INE572A01028,782.8,782.8,770.0,776.85,778.3,778.4,251353,195320484.1,9073,LEGACY
2020-08-13,LAURUSLABS,Laurus Labs,EQ,INE947Q01010,1030.05,1082.85,1020.0,1030.45,1029.5,1028.4,1629300,1713616160.9,75863,LEGACY
2020-08-13,LUPIN,Lupin,EQ,INE326A01037,940.2,946.0,926.9,930.5,929.9,940.2,2432963,2275468735.45,52031,LEGACY
2020-08-13,NATCOPHARM,Natco Pharma,EQ,INE987B01026,832.0,842.6,808.0,813.4,811.6,848.8,600915,495850673.1,19248,LEGACY
2020-08-13,PEL,Piramal Enterprises,EQ,INE140A01024,1462.0,1483.3,1455.65,1467.35,1464.0,1462.35,677287,995347401.65,21203,LEGACY
2020-08-13,PFIZER,Pfizer,EQ,INE182A01018,4552.0,4624.65,4519.7,4535.8,4530.0,4551.5,24804,113119891.6,4122,LEGACY
2020-08-13,SANOFI,Sanofi India,EQ,INE058A01010,8350.0,8350.0,8165.0,8187.5,8180.0,8297.75,24732,203225521.7,4125,LEGACY
2020-08-13,STAR,Strides Pharma Science,EQ,INE939A01011,584.0,592.65,556.0,561.3,559.0,579.55,1563770,901984611.3,38146,LEGACY
2020-08-13,SUNPHARMA,Sun Pharmaceutical Industries,EQ,INE044A01036,532.15,535.95,519.05,520.8,521.0,532.15,8730794,4599027377.8,95066,LEGACY
2020-08-13,TORNTPHARM,Torrent Pharmaceuticals,EQ,INE685A01028,2832.0,2859.85,2778.05,2798.95,2796.5,2816.0,856428,2410658193.5,36641,LEGACY
2020-08-13,WOCKPHARMA,Wockhardt,EQ,INE049B01025,312.5,319.2,311.0,312.9,312.85,311.95,430598,135419658.45,9291,LEGACY
2020-08-14,ABBOTINDIA,Abbott India,EQ,INE358A01014,16674.0,16750.0,16257.45,16468.9,16460.05,16672.85,9765,161962205.5,3758,LEGACY
2020-08-14,AJANTPHARM,Ajanta Pharma,EQ,INE031B01049,1625.0,1665.0,1601.1,1629.9,1636.0,1616.65,256668,419526534.15,18489,LEGACY
2020-08-14,ALKEM,Alkem Laboratories,EQ,INE540L01014,2918.0,2961.9,2866.2,2925.15,2951.0,2909.7,352258,1034061643.8,33120,LEGACY
2020-08-14,APLLTD,Alembic Pharmaceuticals,EQ,INE901L01018,1083.7,1086.9,1025.0,1038.1,1040.0,1077.95,476596,501661419.55,22067,LEGACY
2020-08-14,AUROPHARMA,Aurobindo Pharma,EQ,INE406A01037,888.95,900.0,863.3,879.1,881.5,881.3,5657643,5028578660.4,141589,LEGACY
2020-08-14,BIOCON,Biocon,EQ,INE376G01013,394.5,402.3,391.5,395.1,394.85,393.25,5377067,2136712302.8,60872,LEGACY
2020-08-14,CADILAHC,Cadila Healthcare,EQ,INE010B01027,390.0,400.35,386.05,395.45,396.7,386.4,7430560,2931343937.25,78878,LEGACY
2020-08-14,CIPLA,Cipla,EQ,INE059A01026,762.0,787.75,752.55,771.8,773.6,760.25,16276397,12605568092.3,214750,LEGACY
2020-08-14,DIVISLAB,Divi's Laboratories,EQ,INE361B01024,3135.0,3185.0,3060.1,3089.8,3090.75,3125.5,1959969,6134530015.3,118241,LEGACY
2020-08-14,DRREDDY,Dr. Reddy's Laboratories,EQ,INE089A01023,4526.15,4586.0,4470.0,4519.4,4516.2,4502.25,1150830,5219854354.6,61781,LEGACY
2020-08-14,GLAXO,GlaxoSmithKline Pharmaceuticals,EQ,INE159A01016,1535.0,1548.8,1505.0,1518.1,1510.1,1524.1,93612,143224919.9,7262,LEGACY
2020-08-14,GLENMARK,Glenmark Pharmaceuticals,EQ,INE935A01035,467.0,485.0,467.0,475.7,478.1,464.65,8861261,4241665985.35,119149,LEGACY
2020-08-14,GRANULES,Granules India,EQ,INE101D01020,319.7,320.5,302.15,306.9,306.7,318.15,2549574,795887402.2,36118,LEGACY
2020-08-14,IPCALAB,IPCA Laboratories,EQ,INE571A01020,1993.0,2029.3,1990.15,2013.2,2016.0,1988.9,402266,809165978.95,25296,LEGACY
2020-08-14,JBCHEPHARM,JB Chemicals & Pharmaceuticals,EQ,INE572A01028,779.9,780.75,756.8,768.05,767.8,776.85,282629,218288846.5,11081,LEGACY
2020-08-14,LAURUSLABS,Laurus Labs,EQ,INE947Q01010,1044.9,1053.95,993.0,1009.95,1015.4,1030.45,1331678,1362216061.0,67985,LEGACY
2020-08-14,LUPIN,Lupin,EQ,INE326A01037,932.2,1023.55,932.2,1018.2,1014.0,930.5,26834216,26870350612.35,424740,LEGACY
2020-08-14,NATCOPHARM,Natco Pharma,EQ,INE987B01026,815.0,840.0,813.45,829.6,830.45,813.4,602349,499169021.25,23010,LEGACY
2020-08-14,PEL,Piramal Enterprises,EQ,INE140A01024,1468.0,1485.0,1417.05,1432.1,1434.0,1467.35,1033306,1493715766.1,35451,LEGACY
2020-08-14,PFIZER,Pfizer,EQ,INE182A01018,4535.8,4587.95,4450.05,4484.95,4468.05,4535.8,25840,117062309.6,5279,LEGACY
2020-08-14,SANOFI,Sanofi India,EQ,INE058A01010,8263.2,8350.0,8130.0,8321.35,8329.85,8187.5,22403,184694000.5,3682,LEGACY
2020-08-14,STAR,Strides Pharma Science,EQ,INE939A01011,563.95,579.95,551.1,556.8,555.3,561.3,1467734,832426022.3,28609,LEGACY
2020-08-14,SUNPHARMA,Sun Pharmaceutical Industries,EQ,INE044A01036,523.5,536.0,522.0,531.35,531.05,520.8,11787371,6262529033.95,135506,LEGACY
2020-08-14,TORNTPHARM,Torrent Pharmaceuticals,EQ,INE685A01028,2812.95,2886.5,2790.0,2838.95,2831.25,2798.95,835097,2372299950.3,45329,LEGACY
2020-08-14,WOCKPHARMA,Wockhardt,EQ,INE049B01025,313.95,328.5,313.1,322.45,321.7,312.9,2294097,746127019.25,27792,LEGACY
2020-08-17,ABBOTINDIA,Abbott India,EQ,INE358A01014,16570.0,16830.0,16475.0,16675.05,16685.05,16468.9,10045,167482438.25,3979,LEGACY
2020-08-17,AJANTPHARM,Ajanta Pharma,EQ,INE031B01049,1641.0,1688.0,1613.0,1657.65,1653.0,1629.9,213484,354024769.15,14901,LEGACY
2020-08-17,ALKEM,Alkem Laboratories,EQ,INE540L01014,2951.0,2954.95,2871.05,2886.45,2884.3,2925.15,89529,259224244.15,9056,LEGACY
2020-08-17,APLLTD,Alembic Pharmaceuticals,EQ,INE901L01018,1040.0,1049.0,996.0,1000.75,1004.95,1038.1,505433,510824654.4,32874,LEGACY
2020-08-17,AUROPHARMA,Aurobindo Pharma,EQ,INE406A01037,888.9,889.4,856.25,863.0,862.45,879.1,2598198,2253861089.8,57623,LEGACY
2020-08-17,BIOCON,Biocon,EQ,INE376G01013,398.8,399.65,389.35,391.25,392.3,395.1,3371658,1324067992.05,37485,LEGACY
2020-08-17,CADILAHC,Cadila Healthcare,EQ,INE010B01027,399.15,402.55,390.85,397.5,397.4,395.45,4306535,1705892516.15,39086,LEGACY
2020-08-17,CIPLA,Cipla,EQ,INE059A01026,779.0,781.0,765.5,771.65,771.75,771.8,6145819,4745382571.0,92178,LEGACY
2020-08-17,DIVISLAB,Divi's Laboratories,EQ,INE361B01024,3120.0,3139.0,3071.35,3129.55,3134.2,3089.8,1194516,3719111521.25,84305,LEGACY
2020-08-17,DRREDDY,Dr. Reddy's Laboratories,EQ,INE089A01023,4519.45,4570.0,4500.2,4519.15,4519.0,4519.4,677666,3069052192.5,43377,LEGACY
2020-08-17,GLAXO,GlaxoSmithKline Pharmaceuticals,EQ,INE159A01016,1522.05,1540.0,1488.35,1513.1,1508.0,1518.1,35030,53049225.05,4155,LEGACY
2020-08-17,GLENMARK,Glenmark Pharmaceuticals,EQ,INE935A01035,495.0,509.0,476.6,480.65,482.75,475.7,12602071,6156270380.0,182583,LEGACY
2020-08-17,GRANULES,Granules India,EQ,INE101D01020,309.7,313.9,306.0,309.4,309.5,306.9,1641894,508744750.15,22515,LEGACY
2020-08-17,IPCALAB,IPCA Laboratories,EQ,INE571A01020,2025.0,2026.0,1980.05,2001.65,2002.8,2013.2,209449,419818507.95,27738,LEGACY
2020-08-17,JBCHEPHARM,JB Chemicals & Pharmaceuticals,EQ,INE572A01028,778.0,779.8,761.0,776.95,777.8,768.05,172970,134022480.0,12080,LEGACY
2020-08-17,LAURUSLABS,Laurus Labs,EQ,INE947Q01010,1024.5,1049.5,1017.05,1044.3,1046.8,1009.95,870576,903169034.7,34146,LEGACY
2020-08-17,LUPIN,Lupin,EQ,INE326A01037,1028.4,1035.0,994.5,1003.65,1003.2,1018.2,7593652,7646656319.0,140528,LEGACY
2020-08-17,NATCOPHARM,Natco Pharma,EQ,INE987B01026,830.0,834.0,811.0,817.8,813.0,829.6,308439,252871585.65,14636,LEGACY
2020-08-17,PEL,Piramal Enterprises,EQ,INE140A01024,1445.0,1461.45,1421.55,1446.45,1446.5,1432.1,828635,1196731163.35,24906,LEGACY
2020-08-17,PFIZER,Pfizer,EQ,INE182A01018,4499.0,4598.0,4484.95,4544.4,4554.5,4484.95,31041,140925511.3,6840,LEGACY
2020-08-17,SANOFI,Sanofi India,EQ,INE058A01010,8350.0,8400.0,8225.05,8376.8,8350.0,8321.35,9722,81058280.6,2811,LEGACY
2020-08-17,STAR,Strides Pharma Science,EQ,INE939A01011,561.0,564.25,551.3,555.05,555.9,556.8,767698,428008948.25,21405,LEGACY
2020-08-17,SUNPHARMA,Sun Pharmaceutical Industries,EQ,INE044A01036,536.1,537.5,527.0,528.35,529.0,531.35,6657885,3533699854.15,77222,LEGACY
2020-08-17,TORNTPHARM,Torrent Pharmaceuticals,EQ,INE685A01028,2869.0,2869.0,2770.55,2792.1,2797.35,2838.95,598459,1679318389.35,31664,LEGACY
2020-08-17,WOCKPHARMA,Wockhardt,EQ,INE049B01025,325.0,328.45,317.5,320.3,319.4,322.45,555147,178784593.85,12179,LEGACY
2020-08-18,ABBOTINDIA,Abbott India,EQ,INE358A01014,16800.0,16825.0,16560.0,16590.8,16570.0,16675.05,10920,182233077.8,3805,LEGACY
2020-08-18,AJANTPHARM,Ajanta Pharma,EQ,INE031B01049,1670.0,1722.0,1670.0,1682.65,1685.05,1657.65,422502,718802423.8,21085,LEGACY
2020-08-18,ALKEM,Alkem Laboratories,EQ,INE540L01014,2906.5,2928.75,2880.0,2893.25,2895.95,2886.45,107694,313347719.3,11341,LEGACY
2020-08-18,APLLTD,Alembic Pharmaceuticals,EQ,INE901L01018,1006.25,1019.0,1000.75,1009.35,1013.5,1000.75,315208,318705248.75,22738,LEGACY
2020-08-18,AUROPHARMA,Aurobindo Pharma,EQ,INE406A01037,863.0,882.9,855.0,872.1,872.0,863.0,3122929,2714065650.5,61728,LEGACY
2020-08-18,BIOCON,Biocon,EQ,INE376G01013,392.5,397.0,388.0,394.85,396.65,391.25,3100512,1218260204.85,35076,LEGACY
2020-08-18,CADILAHC,Cadila Healthcare,EQ,INE010B01027,398.0,401.0,395.1,397.0,397.7,397.5,2023214,803471131.45,27407,LEGACY
2020-08-18,CIPLA,Cipla,EQ,INE059A01026,772.0,779.65,763.0,764.85,765.5,771.65,5520727,4245551775.3,98727,LEGACY
2020-08-18,DIVISLAB,Divi's Laboratories,EQ,INE361B01024,3129.85,3160.0,3095.0,3150.85,3144.95,3129.55,1416546,4437543041.8,75074,LEGACY
2020-08-18,DRREDDY,Dr. Reddy's Laboratories,EQ,INE089A01023,4538.0,4559.7,4492.35,4520.4,4531.0,4519.15,650432,2940659705.75,37057,LEGACY
2020-08-18,GLAXO,GlaxoSmithKline Pharmaceuticals,EQ,INE159A01016,1519.6,1519.6,1500.4,1503.15,1503.0,1513.1,96626,145498379.15,2807,LEGACY
2020-08-18,GLENMARK,Glenmark Pharmaceuticals,EQ,INE935A01035,481.5,481.5,471.0,474.8,475.4,480.65,2510184,1190050650.95,46176,LEGACY
2020-08-18,GRANULES,Granules India,EQ,INE101D01020,311.0,312.2,302.7,306.35,306.4,309.4,1492980,459281186.25,20485,LEGACY
2020-08-18,IPCALAB,IPCA Laboratories,EQ,INE571A01020,2011.05,2070.0,1995.0,2004.25,2007.25,2001.65,311965,632793651.95,23768,LEGACY
2020-08-18,JBCHEPHARM,JB Chemicals & Pharmaceuticals,EQ,INE572A01028,778.95,804.4,774.05,779.0,777.5,776.95,564741,444470527.0,31753,LEGACY
2020-08-18,LAURUSLABS,Laurus Labs,EQ,INE947Q01010,1051.0,1070.0,1039.0,1055.15,1058.05,1044.3,694418,734648197.7,34664,LEGACY
2020-08-18,LUPIN,Lupin,EQ,INE326A01037,998.0,1022.9,978.3,981.7,981.0,1003.65,6244582,6220666198.0,127003,LEGACY
2020-08-18,NATCOPHARM,Natco Pharma,EQ,INE987B01026,818.05,821.9,811.0,813.35,815.0,817.8,207305,168946476.1,7661,LEGACY
2020-08-18,PEL,Piramal Enterprises,EQ,INE140A01024,1445.5,1451.9,1412.0,1434.5,1432.95,1446.45,1014440,1451492576.35,29467,LEGACY
2020-08-18,PFIZER,Pfizer,EQ,INE182A01018,4550.0,4580.0,4550.0,4571.7,4557.1,4544.4,25306,115615462.7,8651,LEGACY
2020-08-18,SANOFI,Sanofi India,EQ,INE058A01010,8390.0,8450.0,8320.0,8433.35,8444.0,8376.8,14163,119015967.1,4436,LEGACY
2020-08-18,STAR,Strides Pharma Science,EQ,INE939A01011,556.45,582.9,556.25,569.05,572.0,555.05,1817514,1042067114.95,39323,LEGACY
2020-08-18,SUNPHARMA,Sun Pharmaceutical Industries,EQ,INE044A01036,531.7,533.9,524.15,526.0,526.65,528.35,5556024,2932275041.1,58282,LEGACY
2020-08-18,TORNTPHARM,Torrent Pharmaceuticals,EQ,INE685A01028,2794.9,2833.5,2779.0,2805.25,2815.1,2792.1,570783,1599271343.7,25550,LEGACY
2020-08-18,WOCKPHARMA,Wockhardt,EQ,INE049B01025,321.75,321.75,313.5,315.15,314.45,320.3,370567,117326282.95,8671,LEGACY
2020-08-19,ABBOTINDIA,Abbott India,EQ,INE358A01014,16800.0,17060.0,16600.0,16866.5,16901.2,16590.8,32228,545870848.5,8676,LEGACY
2020-08-19,AJANTPHARM,Ajanta Pharma,EQ,INE031B01049,1699.55,1714.0,1655.0,1671.9,1667.2,1682.65,169562,286140204.0,13209,LEGACY
2020-08-19,ALKEM,Alkem Laboratories,EQ,INE540L01014,2905.0,2950.0,2840.05,2846.4,2849.9,2893.25,163205,472709869.3,14714,LEGACY
2020-08-19,APLLTD,Alembic Pharmaceuticals,EQ,INE901L01018,1016.0,1024.9,992.2,994.55,995.9,1009.35,393085,395625294.65,22462,LEGACY
2020-08-19,AUROPHARMA,Aurobindo Pharma,EQ,INE406A01037,875.7,889.6,862.1,864.35,864.0,872.1,2489329,2180467400.15,54781,LEGACY
2020-08-19,BIOCON,Biocon,EQ,INE376G01013,397.4,402.2,394.5,396.35,396.7,394.85,3750578,1495322556.3,40138,LEGACY
2020-08-19,CADILAHC,Cadila Healthcare,EQ,INE010B01027,398.9,406.0,394.6,395.8,397.0,397.0,4960714,1988806045.3,46549,LEGACY
2020-08-19,CIPLA,Cipla,EQ,INE059A01026,770.0,772.7,756.65,758.35,760.0,764.85,6296081,4806078351.2,79079,LEGACY
2020-08-19,DIVISLAB,Divi's Laboratories,EQ,INE361B01024,3166.65,3190.0,3140.45,3159.6,3169.85,3150.85,1002936,3176117659.0,44542,LEGACY
2020-08-19,DRREDDY,Dr. Reddy's Laboratories,EQ,INE089A01023,4540.0,4558.95,4476.1,4489.25,4497.0,4520.4,807214,3640654822.35,43048,LEGACY
2020-08-19,GLAXO,GlaxoSmithKline Pharmaceuticals,EQ,INE159A01016,1515.0,1527.8,1490.0,1514.45,1518.0,1503.15,126900,191290275.45,4193,LEGACY
2020-08-19,GLENMARK,Glenmark Pharmaceuticals,EQ,INE935A01035,478.0,488.95,476.3,480.75,482.0,474.8,4840843,2342595287.45,61000,LEGACY
2020-08-19,GRANULES,Granules India,EQ,INE101D01020,306.7,311.0,302.05,303.5,303.15,306.35,2444727,748086932.55,28179,LEGACY
2020-08-19,IPCALAB,IPCA Laboratories,EQ,INE571A01020,2020.0,2035.0,1989.25,1995.65,1994.85,2004.25,327950,656975638.7,24932,LEGACY
2020-08-19,JBCHEPHARM,JB Chemicals & Pharmaceuticals,EQ,INE572A01028,786.5,800.0,781.35,797.6,799.9,779.0,239378,189355046.95,10351,LEGACY
2020-08-19,LAURUSLABS,Laurus Labs,EQ,INE947Q01010,1062.3,1084.2,1050.5,1063.15,1065.05,1055.15,709204,755221802.65,22349,LEGACY
2020-08-19,LUPIN,Lupin,EQ,INE326A01037,985.0,1008.8,975.2,980.95,984.5,981.7,6124085,6079445249.05,116190,LEGACY
2020-08-19,NATCOPHARM,Natco Pharma,EQ,INE987B01026,814.8,820.0,796.0,799.1,799.2,813.35,354404,286222333.45,10435,LEGACY
2020-08-19,PEL,Piramal Enterprises,EQ,INE140A01024,1440.0,1513.0,1430.0,1436.3,1439.8,1434.5,2375763,3485237524.7,82790,LEGACY
2020-08-19,PFIZER,Pfizer,EQ,INE182A01018,4571.7,4600.0,4540.0,4578.0,4570.0,4571.7,24578,112335439.2,3733,LEGACY
2020-08-19,SANOFI,Sanofi India,EQ,INE058A01010,8433.0,8448.45,8301.3,8385.0,8380.0,8433.35,21682,181760875.35,2994,LEGACY
2020-08-19,STAR,Strides Pharma Science,EQ,INE939A01011,574.3,587.5,570.0,576.1,577.0,569.05,1260803,728911378.1,29134,LEGACY
2020-08-19,SUNPHARMA,Sun Pharmaceutical Industries,EQ,INE044A01036,530.0,532.9,524.35,525.4,526.3,526.0,5415554,2862696481.65,60017,LEGACY
2020-08-19,TORNTPHARM,Torrent Pharmaceuticals,EQ,INE685A01028,2834.0,2837.9,2785.05,2794.6,2800.0,2805.25,370453,1039318429.65,19695,LEGACY
2020-08-19,WOCKPHARMA,Wockhardt,EQ,INE049B01025,316.4,323.55,313.5,314.95,315.0,315.15,462703,147191144.65,8861,LEGACY
2020-08-20,ABBOTINDIA,Abbott India,EQ,INE358A01014,16901.9,17099.0,16850.0,16867.9,16900.0,16866.5,13122,222738150.6,4107,LEGACY
2020-08-20,AJANTPHARM,Ajanta Pharma,EQ,INE031B01049,1664.8,1664.8,1618.2,1623.9,1629.95,1671.9,193620,316296860.85,12406,LEGACY
2020-08-20,ALKEM,Alkem Laboratories,EQ,INE540L01014,2857.0,2872.95,2832.55,2862.55,2845.0,2846.4,231702,662326635.7,16809,LEGACY
2020-08-20,APLLTD,Alembic Pharmaceuticals,EQ,INE901L01018,995.0,1014.0,977.5,981.3,984.0,994.55,750495,741698672.0,32058,LEGACY
2020-08-20,AUROPHARMA,Aurobindo Pharma,EQ,INE406A01037,861.9,874.95,855.55,857.5,856.5,864.35,2132282,1840617927.4,51487,LEGACY
2020-08-20,BIOCON,Biocon,EQ,INE376G01013,396.0,397.9,391.35,394.15,394.7,396.35,2563762,1010273982.85,38711,LEGACY
2020-08-20,CADILAHC,Cadila Healthcare,EQ,INE010B01027,397.0,400.8,395.05,398.45,399.0,395.8,2403030,956370010.35,25239,LEGACY
2020-08-20,CIPLA,Cipla,EQ,INE059A01026,758.35,771.75,758.35,762.7,763.25,758.35,8167571,6243129239.15,113634,LEGACY
2020-08-20,DIVISLAB,Divi's Laboratories,EQ,INE361B01024,3130.1,3207.0,3121.1,3189.3,3185.9,3159.6,1019096,3247394164.4,52983,LEGACY
2020-08-20,DRREDDY,Dr. Reddy's Laboratories,EQ,INE089A01023,4485.0,4526.6,4461.1,4476.0,4485.0,4489.25,806767,3621843588.8,48590,LEGACY
2020-08-20,GLAXO,GlaxoSmithKline Pharmaceuticals,EQ,INE159A01016,1510.0,1515.45,1482.65,1490.05,1499.8,1514.45,99206,148205581.95,5766,LEGACY
2020-08-20,GLENMARK,Glenmark Pharmaceuticals,EQ,INE935A01035,480.0,494.45,476.6,490.05,490.5,480.75,5294067,2592481354.45,80980,LEGACY
2020-08-20,GRANULES,Granules India,EQ,INE101D01020,303.5,323.45,303.2,316.6,316.0,303.5,5749824,1826646533.6,56349,LEGACY
2020-08-20,IPCALAB,IPCA Laboratories,EQ,INE571A01020,1989.85,2045.0,1985.85,2030.65,2029.0,1995.65,370565,749775805.8,28329,LEGACY
2020-08-20,JBCHEPHARM,JB Chemicals & Pharmaceuticals,EQ,INE572A01028,808.0,814.0,782.15,785.9,787.1,797.6,425108,339382978.0,17775,LEGACY
2020-08-20,LAURUSLABS,Laurus Labs,EQ,INE947Q01010,1056.8,1094.9,1055.0,1073.35,1070.15,1063.15,989656,1066770008.7,36998,LEGACY
2020-08-20,LUPIN,Lupin,EQ,INE326A01037,984.0,999.9,978.3,982.25,983.65,980.95,4884459,4822422958.85,92086,LEGACY
2020-08-20,NATCOPHARM,Natco Pharma,EQ,INE987B01026,799.95,848.3,799.1,839.0,839.9,799.1,859504,712790506.2,21952,LEGACY
2020-08-20,PEL,Piramal Enterprises,EQ,INE140A01024,1435.0,1449.75,1416.05,1425.0,1425.4,1436.3,1008476,1439213196.4,33852,LEGACY
2020-08-20,PFIZER,Pfizer,EQ,INE182A01018,4570.0,4570.0,4514.25,4523.5,4525.0,4578.0,18909,85809992.2,3328,LEGACY
2020-08-20,SANOFI,Sanofi India,EQ,INE058A01010,8379.85,8448.0,8300.5,8411.6,8410.0,8385.0,14606,122727539.75,3125,LEGACY
2020-08-20,STAR,Strides Pharma Science,EQ,INE939A01011,566.0,576.7,566.0,568.05,567.0,576.1,561758,320367982.9,15728,LEGACY
2020-08-20,SUNPHARMA,Sun Pharmaceutical Industries,EQ,INE044A01036,524.5,529.9,521.05,522.3,522.5,525.4,4886692,2559625741.5,67870,LEGACY
2020-08-20,TORNTPHARM,Torrent Pharmaceuticals,EQ,INE685A01028,2801.2,2824.9,2780.1,2814.65,2815.5,2794.6,385612,1081203316.8,22181,LEGACY
2020-08-20,WOCKPHARMA,Wockhardt,EQ,INE049B01025,314.0,320.9,313.2,315.65,315.5,314.95,414903,131711056.3,7454,LEGACY
2020-08-21,ABBOTINDIA,Abbott India,EQ,INE358A01014,16930.0,17064.0,16774.3,16840.25,16819.0,16867.9,10502,177910119.0,4270,LEGACY
2020-08-21,AJANTPHARM,Ajanta Pharma,EQ,INE031B01049,1639.95,1647.0,1612.15,1622.25,1622.0,1623.9,128956,209621879.6,9518,LEGACY
2020-08-21,ALKEM,Alkem Laboratories,EQ,INE540L01014,2874.7,2888.7,2826.0,2844.3,2837.95,2862.55,303759,865386347.85,29572,LEGACY
2020-08-21,APLLTD,Alembic Pharmaceuticals,EQ,INE901L01018,992.1,1020.0,992.1,999.4,1001.9,981.3,579746,583501634.1,24460,LEGACY
2020-08-21,AUROPHARMA,Aurobindo Pharma,EQ,INE406A01037,863.05,870.0,851.1,856.15,857.8,857.5,2292116,1970291694.75,50968,LEGACY
2020-08-21,BIOCON,Biocon,EQ,INE376G01013,397.0,398.15,392.55,394.05,395.35,394.15,2233107,882193750.7,27461,LEGACY
2020-08-21,CADILAHC,Cadila Healthcare,EQ,INE010B01027,400.3,404.0,396.35,400.65,401.4,398.45,3722556,1489805241.7,38731,LEGACY
2020-08-21,CIPLA,Cipla,EQ,INE059A01026,768.85,770.6,759.05,760.75,761.3,762.7,4700989,3594798546.45,68422,LEGACY
2020-08-21,DIVISLAB,Divi's Laboratories,EQ,INE361B01024,3256.0,3335.0,3222.65,3247.35,3260.0,3189.3,3851481,12612223674.2,157590,LEGACY
2020-08-21,DRREDDY,Dr. Reddy's Laboratories,EQ,INE089A01023,4520.0,4520.0,4473.6,4489.75,4485.55,4476.0,487702,2191091875.85,26147,LEGACY
2020-08-21,GLAXO,GlaxoSmithKline Pharmaceuticals,EQ,INE159A01016,1510.2,1510.85,1482.05,1485.55,1485.0,1490.05,59032,87949156.3,4954,LEGACY
2020-08-21,GLENMARK,Glenmark Pharmaceuticals,EQ,INE935A01035,493.0,497.7,489.25,492.05,491.5,490.05,3147724,1555350937.75,44958,LEGACY
2020-08-21,GRANULES,Granules India,EQ,INE101D01020,318.7,321.25,311.0,314.9,315.3,316.6,3951331,1249942444.4,45995,LEGACY
2020-08-21,IPCALAB,IPCA Laboratories,EQ,INE571A01020,2030.05,2048.45,2000.05,2004.65,2008.2,2030.65,209226,421163583.2,16327,LEGACY
2020-08-21,JBCHEPHARM,JB Chemicals & Pharmaceuticals,EQ,INE572A01028,789.85,798.9,780.4,784.1,785.3,785.9,146299,115330058.65,8680,LEGACY
2020-08-21,LAURUSLABS,Laurus Labs,EQ,INE947Q01010,1077.8,1174.8,1076.65,1140.85,1145.0,1073.35,2876580,3251765471.2,92009,LEGACY
2020-08-21,LUPIN,Lupin,EQ,INE326A01037,998.7,1004.0,978.0,981.4,983.25,982.25,4143875,4105738927.7,71517,LEGACY
2020-08-21,NATCOPHARM,Natco Pharma,EQ,INE987B01026,840.5,858.0,840.5,847.5,850.0,839.0,483899,410935302.25,14212,LEGACY
2020-08-21,PEL,Piramal Enterprises,EQ,INE140A01024,1440.4,1452.0,1416.9,1423.6,1425.0,1425.0,895793,1280282247.1,29881,LEGACY
2020-08-21,PFIZER,Pfizer,EQ,INE182A01018,4558.0,4618.5,4511.3,4603.8,4600.0,4523.5,75841,346162720.3,7735,LEGACY
2020-08-21,SANOFI,Sanofi India,EQ,INE058A01010,8420.25,8948.0,8420.25,8807.25,8805.0,8411.6,79445,696108130.0,17325,LEGACY
2020-08-21,STAR,Strides Pharma Science,EQ,INE939A01011,571.0,634.7,568.2,612.3,614.9,568.05,6677700,4079783521.55,115335,LEGACY
2020-08-21,SUNPHARMA,Sun Pharmaceutical Industries,EQ,INE044A01036,526.55,538.7,524.3,532.35,533.9,522.3,9833584,5248891984.9,120490,LEGACY
2020-08-21,TORNTPHARM,Torrent Pharmaceuticals,EQ,INE685A01028,2828.0,2878.5,2815.0,2825.45,2825.0,2814.65,799553,2273179947.8,35133,LEGACY
2020-08-21,WOCKPHARMA,Wockhardt,EQ,INE049B01025,317.25,330.0,317.0,322.25,323.7,315.65,1230924,399536335.85,19043,LEGACY
2020-08-24,ABBOTINDIA,Abbott India,EQ,INE358A01014,17000.0,17049.0,16851.0,16974.45,16970.05,16840.25,8949,151995793.2,3898,LEGACY
2020-08-24,AJANTPHARM,Ajanta Pharma,EQ,INE031B01049,1625.25,1634.95,1605.0,1611.1,1609.0,1622.25,101255,163387788.8,7581,LEGACY
2020-08-24,ALKEM,Alkem Laboratories,EQ,INE540L01014,2873.0,2873.0,2781.0,2800.15,2800.0,2844.3,155100,435240845.6,13605,LEGACY
2020-08-24,APLLTD,Alembic Pharmaceuticals,EQ,INE901L01018,1010.1,1033.8,1001.35,1008.25,1013.0,999.4,449800,456740416.25,25531,LEGACY
2020-08-24,AUROPHARMA,Aurobindo Pharma,EQ,INE406A01037,860.5,878.8,850.25,869.4,876.4,856.15,3720774,3225211685.1,75487,LEGACY
2020-08-24,BIOCON,Biocon,EQ,INE376G01013,395.95,396.45,390.5,392.2,393.1,394.05,2093401,821261759.55,31839,LEGACY
2020-08-24,CADILAHC,Cadila Healthcare,EQ,INE010B01027,403.1,403.85,392.6,395.1,396.0,400.65,3077174,1216394130.7,31221,LEGACY
2020-08-24,CIPLA,Cipla,EQ,INE059A01026,763.0,767.0,750.25,751.75,753.7,760.75,4942354,3732137608.6,78125,LEGACY
2020-08-24,DIVISLAB,Divi's Laboratories,EQ,INE361B01024,3269.5,3280.0,3211.85,3240.2,3243.0,3247.35,842907,2731560668.1,49568,LEGACY
2020-08-24,DRREDDY,Dr. Reddy's Laboratories,EQ,INE089A01023,4489.75,4507.1,4425.0,4472.55,4477.7,4489.75,735238,3276574368.6,54608,LEGACY
2020-08-24,GLAXO,GlaxoSmithKline Pharmaceuticals,EQ,INE159A01016,1500.0,1529.0,1491.0,1522.85,1522.9,1485.55,207679,314925095.7,15960,LEGACY
2020-08-24,GLENMARK,Glenmark Pharmaceuticals,EQ,INE935A01035,492.05,493.95,483.5,488.25,486.8,492.05,1947767,952180094.0,32967,LEGACY
2020-08-24,GRANULES,Granules India,EQ,INE101D01020,320.0,324.35,316.2,317.8,318.25,314.9,2465320,788781950.3,29824,LEGACY
2020-08-24,IPCALAB,IPCA Laboratories,EQ,INE571A01020,2001.05,2024.0,1990.1,2010.95,2012.0,2004.65,235359,472749248.8,27096,LEGACY
2020-08-24,JBCHEPHARM,JB Chemicals & Pharmaceuticals,EQ,INE572A01028,790.0,820.0,786.0,810.65,816.0,784.1,398563,322893464.5,17387,LEGACY
2020-08-24,LAURUSLABS,Laurus Labs,EQ,INE947Q01010,1160.0,1246.0,1156.0,1189.6,1192.0,1140.85,3308589,3982989363.3,111566,LEGACY
2020-08-24,LUPIN,Lupin,EQ,INE326A01037,987.0,992.5,960.5,970.1,969.8,981.4,4373243,4236788015.9,69437,LEGACY
2020-08-24,NATCOPHARM,Natco Pharma,EQ,INE987B01026,857.6,864.8,833.0,851.3,850.15,847.5,433015,369043036.15,15419,LEGACY
2020-08-24,PEL,Piramal Enterprises,EQ,INE140A01024,1427.0,1440.0,1406.0,1416.75,1420.0,1423.6,813720,1153982560.7,25365,LEGACY
2020-08-24,PFIZER,Pfizer,EQ,INE182A01018,4625.0,4869.9,4617.25,4823.9,4818.0,4603.8,129291,615193633.95,14808,LEGACY
2020-08-24,SANOFI,Sanofi India,EQ,INE058A01010,8988.0,8989.0,8625.0,8734.9,8675.0,8807.25,27119,239998354.35,7471,LEGACY
2020-08-24,STAR,Strides Pharma Science,EQ,INE939A01011,617.0,620.0,595.6,600.7,602.0,612.3,1023306,622235874.65,21271,LEGACY
2020-08-24,SUNPHARMA,Sun Pharmaceutical Industries,EQ,INE044A01036,538.65,538.65,528.05,533.45,533.35,532.35,5675869,3019123249.85,69504,LEGACY
2020-08-24,TORNTPHARM,Torrent Pharmaceuticals,EQ,INE685A01028,2844.4,2855.0,2781.6,2798.1,2803.95,2825.45,324559,909694047.25,19806,LEGACY
2020-08-24,WOCKPHARMA,Wockhardt,EQ,INE049B01025,325.35,332.5,322.2,327.6,328.9,322.25,914617,300477066.65,14245,LEGACY
2020-08-25,ABBOTINDIA,Abbott India,EQ,INE358A01014,17100.0,17100.0,16895.0,16898.65,16900.0,16974.45,10095,171568848.5,4214,LEGACY
2020-08-25,AJANTPHARM,Ajanta Pharma,EQ,INE031B01049,1618.0,1626.9,1605.0,1612.5,1612.0,1611.1,76401,123363726.95,6771,LEGACY
2020-08-25,ALKEM,Alkem Laboratories,EQ,INE540L01014,2824.0,2840.0,2776.75,2798.7,2803.0,2800.15,131591,368216978.25,11007,LEGACY
2020-08-25,APLLTD,Alembic Pharmaceuticals,EQ,INE901L01018,1016.15,1017.35,990.0,997.25,997.95,1008.25,279679,280006715.15,20991,LEGACY
2020-08-25,AUROPHARMA,Aurobindo Pharma,EQ,INE406A01037,880.05,895.95,864.0,871.9,870.0,869.4,5807182,5093790542.8,103889,LEGACY
2020-08-25,BIOCON,Biocon,EQ,INE376G01013,394.0,394.6,385.5,387.4,388.2,392.2,3293330,1279681102.65,39593,LEGACY
2020-08-25,CADILAHC,Cadila Healthcare,EQ,INE010B01027,397.0,398.5,387.05,388.2,388.9,395.1,2248906,879707086.95,26191,LEGACY
2020-08-25,CIPLA,Cipla,EQ,INE059A01026,756.25,758.0,745.25,747.75,749.0,751.75,3424068,2568062988.5,53107,LEGACY
2020-08-25,DIVISLAB,Divi's Laboratories,EQ,INE361B01024,3254.75,3268.95,3220.65,3245.9,3239.15,3240.2,887404,2876479450.05,48794,LEGACY
2020-08-25,DRREDDY,Dr. Reddy's Laboratories,EQ,INE089A01023,4490.0,4492.4,4420.0,4427.7,4420.0,4472.55,602257,2680369237.5,36982,LEGACY
2020-08-25,GLAXO,GlaxoSmithKline Pharmaceuticals,EQ,INE159A01016,1530.0,1628.95,1525.0,1570.65,1573.5,1522.85,408913,649045198.5,31320,LEGACY
2020-08-25,GLENMARK,Glenmark Pharmaceuticals,EQ,INE935A01035,491.1,494.0,481.65,483.85,485.0,488.25,2173249,1056866248.35,29371,LEGACY
2020-08-25,GRANULES,Granules India,EQ,INE101D01020,320.35,321.3,310.0,311.65,311.25,317.8,1839219,579951286.65,23122,LEGACY
2020-08-25,IPCALAB,IPCA Laboratories,EQ,INE571A01020,2022.0,2095.0,2022.0,2042.3,2043.0,2010.95,541511,1114128248.8,45269,LEGACY
2020-08-25,JBCHEPHARM,JB Chemicals & Pharmaceuticals,EQ,INE572A01028,818.7,828.85,800.0,806.25,806.0,810.65,209911,171044714.4,12851,LEGACY
2020-08-25,LAURUSLABS,Laurus Labs,EQ,INE947Q01010,1204.0,1216.0,1147.0,1155.6,1158.0,1189.6,1334968,1565574031.15,52003,LEGACY
2020-08-25,LUPIN,Lupin,EQ,INE326A01037,1000.0,1017.15,968.7,972.15,973.55,970.1,7286600,7174207874.55,117483,LEGACY
2020-08-25,NATCOPHARM,Natco Pharma,EQ,INE987B01026,852.0,857.55,832.95,839.0,835.0,851.3,262357,221215378.5,13008,LEGACY
2020-08-25,PEL,Piramal Enterprises,EQ,INE140A01024,1431.85,1440.0,1400.0,1416.6,1419.65,1416.75,1130164,1603923714.8,26579,LEGACY
2020-08-25,PFIZER,Pfizer,EQ,INE182A01018,4868.0,4918.0,4761.35,4803.5,4803.0,4823.9,97313,470341470.35,17620,LEGACY
2020-08-25,SANOFI,Sanofi India,EQ,INE058A01010,8745.0,8845.5,8640.0,8681.3,8650.0,8734.9,22874,199981463.45,9548,LEGACY
2020-08-25,STAR,Strides Pharma Science,EQ,INE939A01011,604.9,620.0,585.0,606.5,607.7,600.7,1199252,721471858.0,22061,LEGACY
2020-08-25,SUNPHARMA,Sun Pharmaceutical Industries,EQ,INE044A01036,533.6,535.15,523.45,525.1,526.0,533.45,4414408,2334743969.35,57069,LEGACY
2020-08-25,TORNTPHARM,Torrent Pharmaceuticals,EQ,INE685A01028,2812.1,2832.0,2784.15,2804.35,2802.6,2798.1,364204,1022687927.55,18560,LEGACY
2020-08-25,WOCKPHARMA,Wockhardt,EQ,INE049B01025,329.0,331.9,319.15,321.55,321.5,327.6,441256,143016431.3,7914,LEGACY
2020-08-26,ABBOTINDIA,Abbott India,EQ,INE358A01014,16902.0,17200.0,16800.1,16944.0,16980.0,16898.65,13488,229741686.55,5008,LEGACY
2020-08-26,AJANTPHARM,Ajanta Pharma,EQ,INE031B01049,1618.0,1634.85,1606.0,1609.75,1610.25,1612.5,79599,128717629.4,6002,LEGACY
2020-08-26,ALKEM,Alkem Laboratories,EQ,INE540L01014,2823.6,2839.9,2790.8,2822.45,2821.0,2798.7,153199,432764180.1,8377,LEGACY
2020-08-26,APLLTD,Alembic Pharmaceuticals,EQ,INE901L01018,1005.0,1005.75,988.0,991.05,992.0,997.25,254757,252808621.4,22253,LEGACY
2020-08-26,AUROPHARMA,Aurobindo Pharma,EQ,INE406A01037,874.45,874.45,858.0,867.9,867.75,871.9,2118054,1834579234.05,51258,LEGACY
2020-08-26,BIOCON,Biocon,EQ,INE376G01013,388.2,394.45,386.55,392.35,392.8,387.4,3691062,1443595017.8,43323,LEGACY
2020-08-26,CADILAHC,Cadila Healthcare,EQ,INE010B01027,390.0,391.15,385.1,388.65,388.85,388.2,2189843,850836453.9,28360,LEGACY
2020-08-26,CIPLA,Cipla,EQ,INE059A01026,751.5,754.0,744.2,748.0,749.0,747.75,3730761,2794148299.7,56995,LEGACY
2020-08-26,DIVISLAB,Divi's Laboratories,EQ,INE361B01024,3248.9,3262.15,3182.75,3196.8,3195.0,3245.9,700169,2251612874.9,42774,LEGACY
2020-08-26,DRREDDY,Dr. Reddy's Laboratories,EQ,INE089A01023,4431.0,4452.9,4400.0,4434.75,4444.0,4427.7,692020,3057619112.45,36353,LEGACY
2020-08-26,GLAXO,GlaxoSmithKline Pharmaceuticals,EQ,INE159A01016,1585.05,1613.0,1576.05,1589.5,1589.95,1570.65,107040,170802865.55,8859,LEGACY
2020-08-26,GLENMARK,Glenmark Pharmaceuticals,EQ,INE935A01035,483.85,491.0,475.0,489.9,489.0,483.85,1733046,841099901.35,27578,LEGACY
2020-08-26,GRANULES,Granules India,EQ,INE101D01020,314.0,314.45,308.05,309.75,310.5,311.65,1493251,463912574.7,26278,LEGACY
2020-08-26,IPCALAB,IPCA Laboratories,EQ,INE571A01020,2053.0,2054.5,2001.0,2010.5,2021.0,2042.3,198990,401767505.35,17416,LEGACY
2020-08-26,JBCHEPHARM,JB Chemicals & Pharmaceuticals,EQ,INE572A01028,808.7,808.7,784.4,791.05,796.8,806.25,192801,154212222.5,8429,LEGACY
2020-08-26,LAURUSLABS,Laurus Labs,EQ,INE947Q01010,1158.0,1165.7,1106.1,1149.75,1155.0,1155.6,757283,865500855.75,31650,LEGACY
2020-08-26,LUPIN,Lupin,EQ,INE326A01037,979.1,986.2,964.0,978.75,977.05,972.15,3859420,3765086449.5,60037,LEGACY
2020-08-26,NATCOPHARM,Natco Pharma,EQ,INE987B01026,845.0,845.0,821.25,823.9,822.0,839.0,210880,175255492.9,14377,LEGACY
2020-08-26,PEL,Piramal Enterprises,EQ,INE140A01024,1429.0,1442.0,1392.0,1433.0,1430.5,1416.6,1350176,1909949800.0,41003,LEGACY
2020-08-26,PFIZER,Pfizer,EQ,INE182A01018,4850.0,4905.0,4755.0,4852.0,4830.0,4803.5,51567,249483308.65,7585,LEGACY
2020-08-26,SANOFI,Sanofi India,EQ,INE058A01010,8700.0,8707.65,8590.05,8680.1,8700.0,8681.3,13003,112451253.95,4283,LEGACY
2020-08-26,STAR,Strides Pharma Science,EQ,INE939A01011,608.0,617.0,596.1,610.95,611.0,606.5,1241563,753743807.85,19462,LEGACY
2020-08-26,SUNPHARMA,Sun Pharmaceutical Industries,EQ,INE044A01036,526.05,530.0,522.25,525.15,526.2,525.1,5206246,2735819362.55,52981,LEGACY
2020-08-26,TORNTPHARM,Torrent Pharmaceuticals,EQ,INE685A01028,2810.0,2818.15,2747.7,2755.2,2757.0,2804.35,454731,1257052373.9,21590,LEGACY
2020-08-26,WOCKPHARMA,Wockhardt,EQ,INE049B01025,321.55,327.3,321.55,324.05,324.5,321.55,401550,130391431.75,6656,LEGACY
2020-08-27,ABBOTINDIA,Abbott India,EQ,INE358A01014,17250.0,17332.0,17006.0,17065.1,17045.0,16944.0,18991,325181732.0,5319,LEGACY
2020-08-27,AJANTPHARM,Ajanta Pharma,EQ,INE031B01049,1613.0,1617.25,1580.1,1584.15,1580.15,1609.75,122218,194302448.6,10029,LEGACY
2020-08-27,ALKEM,Alkem Laboratories,EQ,INE540L01014,2821.1,2894.0,2821.1,2873.45,2870.0,2822.45,233719,669807471.65,16752,LEGACY
2020-08-27,APLLTD,Alembic Pharmaceuticals,EQ,INE901L01018,995.8,1025.0,993.0,999.1,1000.0,991.05,496574,500411300.5,28007,LEGACY
2020-08-27,AUROPHARMA,Aurobindo Pharma,EQ,INE406A01037,868.95,886.0,866.0,876.6,879.0,867.9,3767697,3302751214.6,68660,LEGACY
2020-08-27,BIOCON,Biocon,EQ,INE376G01013,394.7,397.0,390.6,391.35,391.85,392.35,3531298,1391552986.25,42641,LEGACY
2020-08-27,CADILAHC,Cadila Healthcare,EQ,INE010B01027,389.0,396.0,388.0,389.1,390.5,388.65,2673972,1048223057.45,29471,LEGACY
2020-08-27,CIPLA,Cipla,EQ,INE059A01026,750.8,764.0,749.95,756.2,759.75,748.0,6989244,5292658053.5,98142,LEGACY
2020-08-27,DIVISLAB,Divi's Laboratories,EQ,INE361B01024,3200.0,3278.0,3185.0,3268.45,3271.95,3196.8,1013525,3294368805.55,68101,LEGACY
2020-08-27,DRREDDY,Dr. Reddy's Laboratories,EQ,INE089A01023,4442.4,4468.3,4417.0,4437.0,4429.0,4434.75,903664,4016527483.9,42811,LEGACY
2020-08-27,GLAXO,GlaxoSmithKline Pharmaceuticals,EQ,INE159A01016,1600.0,1629.5,1581.25,1598.45,1595.0,1589.5,140193,226095685.25,8490,LEGACY
2020-08-27,GLENMARK,Glenmark Pharmaceuticals,EQ,INE935A01035,489.95,506.5,487.15,497.75,499.6,489.9,5350911,2678165463.2,84306,LEGACY
2020-08-27,GRANULES,Granules India,EQ,INE101D01020,311.0,319.0,308.0,309.7,310.45,309.75,2759380,866192904.15,30060,LEGACY
2020-08-27,IPCALAB,IPCA Laboratories,EQ,INE571A01020,2022.0,2035.0,2007.75,2015.1,2014.75,2010.5,157893,318488493.85,19188,LEGACY
2020-08-27,JBCHEPHARM,JB Chemicals & Pharmaceuticals,EQ,INE572A01028,797.0,803.3,791.4,796.1,793.05,791.05,276156,220440011.7,10931,LEGACY
2020-08-27,LAURUSLABS,Laurus Labs,EQ,INE947Q01010,1155.25,1219.0,1145.1,1191.15,1191.0,1149.75,1392077,1656798697.05,57155,LEGACY
2020-08-27,LUPIN,Lupin,EQ,INE326A01037,978.75,994.5,975.25,983.2,984.1,978.75,3902552,3847496707.05,61623,LEGACY
2020-08-27,NATCOPHARM,Natco Pharma,EQ,INE987B01026,828.0,836.6,807.0,811.95,810.55,823.9,275125,225542125.15,13997,LEGACY
2020-08-27,PEL,Piramal Enterprises,EQ,INE140A01024,1464.0,1535.45,1440.0,1521.6,1527.1,1433.0,4805866,7171132294.85,130220,LEGACY
2020-08-27,PFIZER,Pfizer,EQ,INE182A01018,4848.0,4930.0,4810.65,4828.75,4821.0,4852.0,59977,291534314.9,9801,LEGACY
2020-08-27,SANOFI,Sanofi India,EQ,INE058A01010,8750.0,8860.0,8665.55,8688.45,8681.05,8680.1,14970,130958593.45,4098,LEGACY
2020-08-27,STAR,Strides Pharma Science,EQ,INE939A01011,612.7,653.0,609.0,640.85,637.3,610.95,4067368,2584013759.9,74792,LEGACY
2020-08-27,SUNPHARMA,Sun Pharmaceutical Industries,EQ,INE044A01036,528.95,537.0,524.4,532.25,537.0,525.15,8564631,4542765432.45,96600,LEGACY
2020-08-27,TORNTPHARM,Torrent Pharmaceuticals,EQ,INE685A01028,2751.0,2779.8,2728.5,2747.05,2752.0,2755.2,613152,1689896968.6,25381,LEGACY
2020-08-27,WOCKPHARMA,Wockhardt,EQ,INE049B01025,325.7,334.95,324.05,326.9,329.0,324.05,805592,265271045.05,12880,LEGACY
2020-09-01,ABBOTINDIA,Abbott India,EQ,INE358A01014,16375.0,16500.0,16116.05,16402.75,16460.0,16377.1,7899,128472537.7,3848,LEGACY
2020-09-01,AJANTPHARM,Ajanta Pharma,EQ,INE031B01049,1494.0,1506.55,1424.5,1454.8,1460.0,1484.6,179238,260898253.9,13940,LEGACY
2020-09-01,ALKEM,Alkem Laboratories,EQ,INE540L01014,2729.0,2835.0,2688.1,2805.95,2800.0,2722.7,184789,511723389.3,15824,LEGACY
2020-09-01,APLLTD,Alembic Pharmaceuticals,EQ,INE901L01018,940.0,940.0,905.6,918.45,919.0,942.1,554591,511035213.9,38829,LEGACY
2020-09-01,AUROPHARMA,Aurobindo Pharma,EQ,INE406A01037,809.0,827.8,776.25,816.95,827.8,808.9,5142299,4122898241.55,106645,LEGACY
2020-09-01,BIOCON,Biocon,EQ,INE376G01013,382.45,408.0,379.0,405.35,405.45,376.15,17386465,6905576824.75,177278,LEGACY
2020-09-01,CADILAHC,Cadila Healthcare,EQ,INE010B01027,373.1,379.9,366.5,378.1,379.7,371.25,3299059,1230131694.2,29699,LEGACY
2020-09-01,CIPLA,Cipla,EQ,INE059A01026,713.55,741.0,710.0,736.55,740.15,713.55,6260042,4539660769.8,87572,LEGACY
2020-09-01,DIVISLAB,Divi's Laboratories,EQ,INE361B01024,3114.0,3260.4,3101.3,3231.1,3251.9,3122.8,981942,3132119890.4,43519,LEGACY
2020-09-01,DRREDDY,Dr. Reddy's Laboratories,EQ,INE089A01023,4271.1,4375.9,4232.0,4351.95,4365.05,4264.7,812641,3491046068.75,40432,LEGACY
2020-09-01,GLAXO,GlaxoSmithKline Pharmaceuticals,EQ,INE159A01016,1566.3,1593.95,1540.05,1569.7,1569.0,1566.3,67293,105961959.8,5994,LEGACY
2020-09-01,GLENMARK,Glenmark Pharmaceuticals,EQ,INE935A01035,469.0,487.0,464.5,483.3,486.0,469.6,2837645,1352387316.9,40685,LEGACY
2020-09-01,GRANULES,Granules India,EQ,INE101D01020,316.8,326.45,310.0,324.05,322.8,313.75,4204564,1341543420.5,46320,LEGACY
2020-09-01,IPCALAB,IPCA Laboratories,EQ,INE571A01020,1887.55,2054.45,1860.35,2014.9,2015.0,1887.6,520824,1034697595.65,45076,LEGACY
2020-09-01,JBCHEPHARM,JB Chemicals & Pharmaceuticals,EQ,INE572A01028,760.0,787.8,753.0,762.1,758.65,770.25,284740,218199601.35,20185,LEGACY
2020-09-01,LAURUSLABS,Laurus Labs,EQ,INE947Q01010,1125.0,1138.9,1053.3,1122.9,1124.95,1133.3,1073166,1180081651.05,45786,LEGACY
2020-09-01,LUPIN,Lupin,EQ,INE326A01037,932.2,954.9,918.1,949.9,951.7,927.55,3982916,3731357614.5,57762,LEGACY
2020-09-01,NATCOPHARM,Natco Pharma,EQ,INE987B01026,752.0,782.45,740.4,766.5,779.85,751.7,331749,250951716.65,16249,LEGACY
2020-09-01,PEL,Piramal Enterprises,EQ,INE140A01024,1380.0,1407.1,1303.55,1355.9,1363.0,1367.3,3405989,4607075340.0,100291,LEGACY
2020-09-01,PFIZER,Pfizer,EQ,INE182A01018,4596.2,4660.0,4530.7,4649.2,4658.0,4596.2,37290,171512595.4,7121,LEGACY
2020-09-01,SANOFI,Sanofi India,EQ,INE058A01010,8316.75,8316.75,7970.0,8083.8,8095.0,8218.55,37405,301803586.7,7353,LEGACY
2020-09-01,STAR,Strides Pharma Science,EQ,INE939A01011,606.0,610.0,585.0,589.75,589.8,604.15,754504,453407010.4,25604,LEGACY
2020-09-01,SUNPHARMA,Sun Pharmaceutical Industries,EQ,INE044A01036,521.2,527.65,506.2,521.45,524.5,520.25,13861215,7168476538.15,147374,LEGACY
2020-09-01,TORNTPHARM,Torrent Pharmaceuticals,EQ,INE685A01028,2674.95,2733.35,2635.85,2709.85,2722.8,2661.6,563194,1508993096.45,41910,LEGACY
2020-09-01,WOCKPHARMA,Wockhardt,EQ,INE049B01025,306.9,309.0,297.2,297.5,297.2,312.8,422869,126641697.6,9196,LEGACY
2020-09-02,ABBOTINDIA,Abbott India,EQ,INE358A01014,16400.0,16460.0,16205.0,16390.0,16387.1,16402.75,6368,104156341.45,2435,LEGACY
2020-09-02,AJANTPHARM,Ajanta Pharma,EQ,INE031B01049,1469.8,1510.0,1460.0,1474.1,1475.0,1454.8,106622,158262352.4,8906,LEGACY
2020-09-02,ALKEM,Alkem Laboratories,EQ,INE540L01014,2810.0,2858.8,2785.0,2843.35,2845.0,2805.95,173703,492944900.65,15985,LEGACY
2020-09-02,APLLTD,Alembic Pharmaceuticals,EQ,INE901L01018,915.0,938.55,908.25,930.3,934.0,918.45,408812,376807001.4,22575,LEGACY
2020-09-02,AUROPHARMA,Aurobindo Pharma,EQ,INE406A01037,821.0,833.0,802.3,815.45,815.1,816.95,2760736,2252274949.9,67362,LEGACY
2020-09-02,BIOCON,Biocon,EQ,INE376G01013,405.5,413.4,402.05,411.25,412.0,405.35,9366591,3821795119.25,106009,LEGACY
2020-09-02,CADILAHC,Cadila Healthcare,EQ,INE010B01027,380.1,384.4,372.7,382.0,382.75,378.1,3414195,1294489118.95,33509,LEGACY
2020-09-02,CIPLA,Cipla,EQ,INE059A01026,739.95,748.5,729.2,738.25,742.7,736.55,5583378,4125368210.65,105830,LEGACY
2020-09-02,DIVISLAB,Divi's Laboratories,EQ,INE361B01024,3247.3,3340.0,3240.0,3330.7,3330.0,3231.1,992629,3269572280.65,58232,LEGACY
2020-09-02,DRREDDY,Dr. Reddy's Laboratories,EQ,INE089A01023,4351.25,4397.4,4316.7,4352.75,4360.0,4351.95,603697,2633307750.1,39168,LEGACY
2020-09-02,GLAXO,GlaxoSmithKline Pharmaceuticals,EQ,INE159A01016,1565.65,1597.8,1561.05,1574.6,1571.0,1569.7,85711,135104375.75,4900,LEGACY
2020-09-02,GLENMARK,Glenmark Pharmaceuticals,EQ,INE935A01035,485.8,490.2,475.3,482.15,482.05,483.3,1430576,690341667.7,27656,LEGACY
2020-09-02,GRANULES,Granules India,EQ,INE101D01020,325.35,332.7,322.05,327.1,327.05,324.05,3169439,1037318053.5,41544,LEGACY
2020-09-02,IPCALAB,IPCA Laboratories,EQ,INE571A01020,2023.8,2068.0,1986.25,2055.65,2052.0,2014.9,365554,746072220.7,26265,LEGACY
2020-09-02,JBCHEPHARM,JB Chemicals & Pharmaceuticals,EQ,INE572A01028,755.0,780.0,754.0,766.95,762.1,762.1,365672,282064088.65,10453,LEGACY
2020-09-02,LAURUSLABS,Laurus Labs,EQ,INE947Q01010,1134.7,1170.0,1115.0,1160.2,1157.0,1122.9,691624,796723509.35,33823,LEGACY
2020-09-02,LUPIN,Lupin,EQ,INE326A01037,950.35,970.0,940.35,962.0,966.0,949.9,3758082,3583610993.95,56501,LEGACY
2020-09-02,NATCOPHARM,Natco Pharma,EQ,INE987B01026,772.9,798.0,755.0,789.75,788.0,766.5,405897,315568271.7,18978,LEGACY
2020-09-02,PEL,Piramal Enterprises,EQ,INE140A01024,1365.0,1377.4,1321.2,1354.6,1358.0,1355.9,1429113,1921774038.05,47358,LEGACY
2020-09-02,PFIZER,Pfizer,EQ,INE182A01018,4650.0,4696.0,4615.0,4649.15,4657.0,4649.2,16611,77353166.1,3321,LEGACY
2020-09-02,SANOFI,Sanofi India,EQ,INE058A01010,8140.0,8360.0,8100.0,8288.1,8350.0,8083.8,6388,52656752.85,2097,LEGACY
2020-09-02,STAR,Strides Pharma Science,EQ,INE939A01011,594.95,627.0,593.75,611.75,611.0,589.75,1581623,971352853.3,38375,LEGACY
2020-09-02,SUNPHARMA,Sun Pharmaceutical Industries,EQ,INE044A01036,523.5,525.6,509.2,514.5,515.3,521.45,9636649,4969584206.35,125668,LEGACY
2020-09-02,TORNTPHARM,Torrent Pharmaceuticals,EQ,INE685A01028,2709.25,2792.45,2695.0,2761.8,2764.0,2709.85,1338343,3700928952.15,56668,LEGACY
2020-09-02,WOCKPHARMA,Wockhardt,EQ,INE049B01025,300.0,306.5,296.0,299.15,298.2,297.5,336186,101119704.15,7701,LEGACY
2020-09-03,ABBOTINDIA,Abbott India,EQ,INE358A01014,16499.0,16650.0,16280.75,16444.5,16440.0,16390.0,8111,133629029.05,2934,LEGACY
2020-09-03,AJANTPHARM,Ajanta Pharma,EQ,INE031B01049,1510.0,1558.9,1480.0,1546.5,1545.0,1474.1,219797,335716982.5,14762,LEGACY
2020-09-03,ALKEM,Alkem Laboratories,EQ,INE540L01014,2856.0,2900.0,2840.0,2875.45,2876.35,2843.35,124212,357740695.15,12229,LEGACY
2020-09-03,APLLTD,Alembic Pharmaceuticals,EQ,INE901L01018,937.95,985.75,935.25,962.1,958.15,930.3,630720,607807465.9,31383,LEGACY
2020-09-03,AUROPHARMA,Aurobindo Pharma,EQ,INE406A01037,816.0,837.0,812.05,826.6,828.0,815.45,2619589,2161281155.15,61650,LEGACY
2020-09-03,BIOCON,Biocon,EQ,INE376G01013,412.0,426.5,410.55,425.35,426.05,411.25,10173157,4280231189.7,120217,LEGACY
2020-09-03,CADILAHC,Cadila Healthcare,EQ,INE010B01027,383.0,389.35,379.85,387.05,387.05,382.0,2425534,935188156.1,27000,LEGACY
2020-09-03,CIPLA,Cipla,EQ,INE059A01026,742.7,745.95,735.0,738.6,738.75,738.25,3560610,2632648436.6,51176,LEGACY
2020-09-03,DIVISLAB,Divi's Laboratories,EQ,INE361B01024,3330.0,3349.4,3272.35,3282.5,3273.05,3330.7,829880,2742787695.7,42239,LEGACY
2020-09-03,DRREDDY,Dr. Reddy's Laboratories,EQ,INE089A01023,4374.55,4466.0,4340.15,4433.15,4436.45,4352.75,938400,4150622324.5,58145,LEGACY
2020-09-03,GLAXO,GlaxoSmithKline Pharmaceuticals,EQ,INE159A01016,1574.0,1604.35,1556.9,1560.55,1560.0,1574.6,85491,134541080.05,6680,LEGACY
2020-09-03,GLENMARK,Glenmark Pharmaceuticals,EQ,INE935A01035,482.5,492.5,480.35,489.55,488.5,482.15,1558536,759698817.45,23525,LEGACY
2020-09-03,GRANULES,Granules India,EQ,INE101D01020,328.75,330.8,321.05,325.15,326.0,327.1,1739134,567713854.65,27532,LEGACY
2020-09-03,IPCALAB,IPCA Laboratories,EQ,INE571A01020,2063.9,2063.9,2002.1,2011.65,2008.0,2055.65,125686,255399243.25,15411,LEGACY
2020-09-03,JBCHEPHARM,JB Chemicals & Pharmaceuticals,EQ,INE572A01028,769.9,790.0,763.15,776.2,766.0,766.95,187709,146799276.45,10484,LEGACY
2020-09-03,LAURUSLABS,Laurus Labs,EQ,INE947Q01010,1169.9,1211.7,1148.25,1189.55,1190.95,1160.2,832392,985384919.25,35902,LEGACY
2020-09-03,LUPIN,Lupin,EQ,INE326A01037,969.85,972.5,954.0,961.7,964.0,962.0,2224287,2141889278.35,36980,LEGACY
2020-09-03,NATCOPHARM,Natco Pharma,EQ,INE987B01026,789.95,798.0,774.1,775.6,776.95,789.75,183542,143819120.95,8473,LEGACY
2020-09-03,PEL,Piramal Enterprises,EQ,INE140A01024,1354.6,1374.95,1337.0,1349.7,1349.45,1354.6,1378852,1865563734.1,38902,LEGACY
2020-09-03,PFIZER,Pfizer,EQ,INE182A01018,4651.0,4780.0,4651.0,4757.35,4770.0,4649.15,29853,141340648.8,4711,LEGACY
2020-09-03,SANOFI,Sanofi India,EQ,INE058A01010,8370.0,8447.95,8275.05,8351.9,8355.05,8288.1,17755,148482900.4,4677,LEGACY
2020-09-03,STAR,Strides Pharma Science,EQ,INE939A01011,615.0,618.45,600.3,607.8,604.75,611.75,624416,380790918.15,19382,LEGACY
2020-09-03,SUNPHARMA,Sun Pharmaceutical Industries,EQ,INE044A01036,518.55,526.85,512.55,523.45,523.5,514.5,10052115,5226998297.45,95089,LEGACY
2020-09-03,TORNTPHARM,Torrent Pharmaceuticals,EQ,INE685A01028,2762.9,2833.5,2734.35,2797.45,2798.0,2761.8,1076800,2994210490.15,47639,LEGACY
2020-09-03,WOCKPHARMA,Wockhardt,EQ,INE049B01025,300.7,308.8,300.7,302.5,303.0,299.15,375451,114252046.95,7616,LEGACY
2020-09-04,ABBOTINDIA,Abbott India,EQ,INE358A01014,16200.0,16700.0,16200.0,16541.95,16516.0,16444.5,10275,170326979.8,4308,LEGACY
2020-09-04,AJANTPHARM,Ajanta Pharma,EQ,INE031B01049,1536.0,1550.25,1480.0,1488.75,1490.0,1546.5,147294,222892344.3,11602,LEGACY
2020-09-04,ALKEM,Alkem Laboratories,EQ,INE540L01014,2818.0,2866.95,2790.0,2804.95,2810.0,2875.45,61916,175347922.1,9770,LEGACY
2020-09-04,APLLTD,Alembic Pharmaceuticals,EQ,INE901L01018,940.0,952.1,916.85,927.65,930.85,962.1,336332,314920900.0,15575,LEGACY
2020-09-04,AUROPHARMA,Aurobindo Pharma,EQ,INE406A01037,814.0,837.6,802.5,807.55,807.95,826.6,3145943,2574813410.25,72529,LEGACY
2020-09-04,BIOCON,Biocon,EQ,INE376G01013,421.7,434.4,418.45,420.95,420.35,425.35,12330441,5265093273.7,128515,LEGACY
2020-09-04,CADILAHC,Cadila Healthcare,EQ,INE010B01027,381.05,390.5,374.3,377.15,378.05,387.05,3463442,1328973803.45,46995,LEGACY
2020-09-04,CIPLA,Cipla,EQ,INE059A01026,733.75,750.0,717.1,724.6,725.45,738.6,7473320,5517484471.25,106206,LEGACY
2020-09-04,DIVISLAB,Divi's Laboratories,EQ,INE361B01024,3241.0,3320.95,3209.0,3223.15,3230.1,3282.5,867270,2833556435.1,53237,LEGACY
2020-09-04,DRREDDY,Dr. Reddy's Laboratories,EQ,INE089A01023,4400.0,4483.45,4291.95,4322.5,4322.0,4433.15,1354800,5964415629.75,74130,LEGACY
2020-09-04,GLAXO,GlaxoSmithKline Pharmaceuticals,EQ,INE159A01016,1554.0,1599.95,1545.35,1574.65,1575.0,1560.55,85092,134242214.65,7240,LEGACY
2020-09-04,GLENMARK,Glenmark Pharmaceuticals,EQ,INE935A01035,482.0,493.7,474.0,476.65,477.25,489.55,1610095,778197820.55,26531,LEGACY
2020-09-04,GRANULES,Granules India,EQ,INE101D01020,320.0,350.0,315.5,346.65,347.7,325.15,10036008,3426207804.55,119360,LEGACY
2020-09-04,IPCALAB,IPCA Laboratories,EQ,INE571A01020,1997.9,2034.0,1982.2,2022.75,2015.0,2011.65,117055,236221803.75,13733,LEGACY
2020-09-04,JBCHEPHARM,JB Chemicals & Pharmaceuticals,EQ,INE572A01028,757.6,788.0,757.6,784.45,781.2,776.2,575033,450941811.4,8937,LEGACY
2020-09-04,LAURUSLABS,Laurus Labs,EQ,INE947Q01010,1160.0,1237.6,1150.0,1182.45,1175.0,1189.55,1545884,1852655097.3,55618,LEGACY
2020-09-04,LUPIN,Lupin,EQ,INE326A01037,957.0,966.6,935.55,945.0,945.8,961.7,2972431,2836490043.7,52030,LEGACY
2020-09-04,NATCOPHARM,Natco Pharma,EQ,INE987B01026,772.6,790.0,763.05,766.45,766.8,775.6,163299,127171707.2,8511,LEGACY
2020-09-04,PEL,Piramal Enterprises,EQ,INE140A01024,1327.3,1333.1,1274.05,1292.4,1297.0,1349.7,2194308,2876157853.45,73463,LEGACY
2020-09-04,PFIZER,Pfizer,EQ,INE182A01018,4740.0,4849.9,4650.0,4774.5,4772.05,4757.35,43045,206084748.2,5975,LEGACY
2020-09-04,SANOFI,Sanofi India,EQ,INE058A01010,8256.0,8494.9,8201.1,8406.8,8415.0,8351.9,13672,113919431.25,4329,LEGACY
2020-09-04,STAR,Strides Pharma Science,EQ,INE939A01011,600.0,610.45,592.5,598.25,594.0,607.8,514836,309436996.2,14023,LEGACY
2020-09-04,SUNPHARMA,Sun Pharmaceutical Industries,EQ,INE044A01036,518.0,530.4,508.25,512.45,511.15,523.45,12380218,6441970405.8,137820,LEGACY
2020-09-04,TORNTPHARM,Torrent Pharmaceuticals,EQ,INE685A01028,2775.95,2832.0,2747.0,2769.2,2777.6,2797.45,885235,2473573246.45,41759,LEGACY
2020-09-04,WOCKPHARMA,Wockhardt,EQ,INE049B01025,299.95,308.0,292.3,299.5,300.0,302.5,333222,100572266.05,11499,LEGACY
2020-09-07,ABBOTINDIA,Abbott India,EQ,INE358A01014,16555.0,16720.0,16300.0,16486.0,16459.65,16541.95,5594,92346218.4,2636,LEGACY
2020-09-07,AJANTPHARM,Ajanta Pharma,EQ,INE031B01049,1501.6,1531.0,1460.0,1526.1,1531.0,1488.75,160011,239488910.4,12782,LEGACY
2020-09-07,ALKEM,Alkem Laboratories,EQ,INE540L01014,2814.95,2863.0,2790.0,2819.75,2820.0,2804.95,98099,276165102.45,11699,LEGACY
2020-09-07,APLLTD,Alembic Pharmaceuticals,EQ,INE901L01018,935.0,935.5,907.8,918.6,917.0,927.65,457183,419861363.65,17668,LEGACY
2020-09-07,AUROPHARMA,Aurobindo Pharma,EQ,INE406A01037,812.0,816.75,782.3,794.05,796.0,807.55,2557919,2031580556.0,63035,LEGACY
2020-09-07,BIOCON,Biocon,EQ,INE376G01013,420.95,424.3,415.4,422.0,421.2,420.95,3966218,1667240605.65,48105,LEGACY
2020-09-07,CADILAHC,Cadila Healthcare,EQ,INE010B01027,382.9,382.9,366.85,370.4,370.15,377.15,3179672,1180849396.45,27491,LEGACY
2020-09-07,CIPLA,Cipla,EQ,INE059A01026,728.0,733.8,707.0,716.75,718.0,724.6,4688730,3353789585.15,66979,LEGACY
2020-09-07,DIVISLAB,Divi's Laboratories,EQ,INE361B01024,3243.3,3248.6,3170.0,3199.1,3190.0,3223.15,582359,1866423164.95,44940,LEGACY
2020-09-07,DRREDDY,Dr. Reddy's Laboratories,EQ,INE089A01023,4344.15,4436.0,4295.25,4419.85,4431.5,4322.5,1230797,5387018681.05,60821,LEGACY
2020-09-07,GLAXO,GlaxoSmithKline Pharmaceuticals,EQ,INE159A01016,1588.25,1669.95,1580.55,1625.95,1628.0,1574.65,272134,444163859.6,27693,LEGACY
2020-09-07,GLENMARK,Glenmark Pharmaceuticals,EQ,INE935A01035,476.75,483.0,461.55,466.4,466.4,476.65,2324422,1089443885.55,35095,LEGACY
2020-09-07,GRANULES,Granules India,EQ,INE101D01020,350.7,382.95,346.65,375.9,375.55,346.65,19975291,7363136602.8,224640,LEGACY
2020-09-07,IPCALAB,IPCA Laboratories,EQ,INE571A01020,2022.9,2084.0,1995.0,2044.15,2030.55,2022.75,349994,716658296.85,25181,LEGACY
2020-09-07,JBCHEPHARM,JB Chemicals & Pharmaceuticals,EQ,INE572A01028,781.45,784.45,764.3,773.3,772.0,784.45,196352,151517929.8,9180,LEGACY
2020-09-07,LAURUSLABS,Laurus Labs,EQ,INE947Q01010,1187.0,1220.0,1175.8,1199.35,1203.15,1182.45,1068442,1282532622.45,40643,LEGACY
2020-09-07,LUPIN,Lupin,EQ,INE326A01037,949.0,953.3,921.75,925.3,924.85,945.0,2220516,2066269586.7,47442,LEGACY
2020-09-07,NATCOPHARM,Natco Pharma,EQ,INE987B01026,772.6,783.05,751.0,761.3,761.0,766.45,174594,133217791.8,9320,LEGACY
2020-09-07,PEL,Piramal Enterprises,EQ,INE140A01024,1293.4,1308.95,1246.9,1268.45,1272.0,1292.4,2174310,2774481920.55,67345,LEGACY
2020-09-07,PFIZER,Pfizer,EQ,INE182A01018,4800.0,5150.0,4750.0,5035.45,5004.0,4774.5,194529,967485163.7,22903,LEGACY
2020-09-07,SANOFI,Sanofi India,EQ,INE058A01010,8400.0,8459.7,8260.0,8368.3,8423.75,8406.8,26443,219864707.15,3275,LEGACY
2020-09-07,STAR,Strides Pharma Science,EQ,INE939A01011,599.5,620.7,586.95,614.35,618.7,598.25,938894,568915954.25,25919,LEGACY
2020-09-07,SUNPHARMA,Sun Pharmaceutical Industries,EQ,INE044A01036,516.0,518.2,504.25,513.25,513.3,512.45,6320017,3230918669.7,72703,LEGACY
2020-09-07,TORNTPHARM,Torrent Pharmaceuticals,EQ,INE685A01028,2783.4,2808.7,2732.0,2782.5,2793.25,2769.2,452556,1251507941.75,23603,LEGACY
2020-09-07,WOCKPHARMA,Wockhardt,EQ,INE049B01025,301.9,303.0,294.3,297.35,296.5,299.5,189135,56237878.6,5208,LEGACY
2020-09-08,ABBOTINDIA,Abbott India,EQ,INE358A01014,16500.0,16799.0,16355.2,16723.0,16720.0,16486.0,9927,165514378.8,4029,LEGACY
2020-09-08,AJANTPHARM,Ajanta Pharma,EQ,INE031B01049,1536.0,1549.5,1490.0,1505.05,1498.0,1526.1,126771,192633438.6,11043,LEGACY
2020-09-08,ALKEM,Alkem Laboratories,EQ,INE540L01014,2829.0,2871.0,2820.25,2841.9,2839.85,2819.75,228951,651809703.65,11730,LEGACY
2020-09-08,APLLTD,Alembic Pharmaceuticals,EQ,INE901L01018,925.4,941.0,916.6,922.7,916.6,918.6,389145,360875395.35,12811,LEGACY
2020-09-08,AUROPHARMA,Aurobindo Pharma,EQ,INE406A01037,799.2,812.0,779.15,786.35,784.05,794.05,3345296,2672630417.35,67543,LEGACY
2020-09-08,BIOCON,Biocon,EQ,INE376G01013,421.25,424.55,413.9,415.8,414.75,422.0,2994233,1256492466.75,39630,LEGACY
2020-09-08,CADILAHC,Cadila Healthcare,EQ,INE010B01027,371.0,374.2,362.3,364.6,363.05,370.4,2082467,767420303.5,21283,LEGACY
2020-09-08,CIPLA,Cipla,EQ,INE059A01026,716.75,726.45,704.4,708.2,709.15,716.75,4818231,3446542725.5,75046,LEGACY
2020-09-08,DIVISLAB,Divi's Laboratories,EQ,INE361B01024,3209.0,3216.0,3095.0,3112.6,3103.6,3199.1,687872,2167997589.95,49654,LEGACY
2020-09-08,DRREDDY,Dr. Reddy's Laboratories,EQ,INE089A01023,4465.0,4481.5,4328.8,4348.8,4330.0,4419.85,1471551,6484242703.6,76222,LEGACY
2020-09-08,GLAXO,GlaxoSmithKline Pharmaceuticals,EQ,INE159A01016,1636.5,1684.0,1610.0,1635.25,1639.0,1625.95,156923,260383265.55,13435,LEGACY
2020-09-08,GLENMARK,Glenmark Pharmaceuticals,EQ,INE935A01035,469.0,478.5,456.35,461.15,458.5,466.4,2167528,1014135934.25,33846,LEGACY
2020-09-08,GRANULES,Granules India,EQ,INE101D01020,374.5,382.0,355.35,359.1,356.65,375.9,7571726,2816761533.15,101097,LEGACY
2020-09-08,IPCALAB,IPCA Laboratories,EQ,INE571A01020,2040.0,2046.9,1933.8,1971.95,1980.0,2044.15,336934,676617253.65,25718,LEGACY
2020-09-08,JBCHEPHARM,JB Chemicals & Pharmaceuticals,EQ,INE572A01028,775.0,796.0,775.0,788.2,785.0,773.3,378890,299520669.35,15869,LEGACY
2020-09-08,LAURUSLABS,Laurus Labs,EQ,INE947Q01010,1206.0,1230.0,1194.05,1201.5,1195.1,1199.35,969082,1176127047.9,41861,LEGACY
2020-09-08,LUPIN,Lupin,EQ,INE326A01037,930.3,937.75,911.8,919.55,913.0,925.3,1923231,1783058034.5,30396,LEGACY
2020-09-08,NATCOPHARM,Natco Pharma,EQ,INE987B01026,764.8,780.0,755.0,756.9,755.0,761.3,160524,123204856.55,7062,LEGACY
2020-09-08,PEL,Piramal Enterprises,EQ,INE140A01024,1268.45,1347.0,1261.8,1301.4,1301.05,1268.45,4613188,6069041871.0,139718,LEGACY
2020-09-08,PFIZER,Pfizer,EQ,INE182A01018,5065.0,5239.0,4870.0,4955.05,4937.0,5035.45,284255,1444358598.2,41496,LEGACY
2020-09-08,SANOFI,Sanofi India,EQ,INE058A01010,8412.0,8850.0,8159.9,8398.45,8380.05,8368.3,26859,230142255.3,7117,LEGACY
2020-09-08,STAR,Strides Pharma Science,EQ,INE939A01011,618.8,625.0,606.05,611.25,608.85,614.35,1480895,908786068.7,20561,LEGACY
2020-09-08,SUNPHARMA,Sun Pharmaceutical Industries,EQ,INE044A01036,512.0,517.65,498.65,501.9,501.9,513.25,8519591,4333101459.2,108121,LEGACY
2020-09-08,TORNTPHARM,Torrent Pharmaceuticals,EQ,INE685A01028,2782.5,2818.0,2740.0,2753.65,2740.0,2782.5,775833,2161595878.7,28995,LEGACY
2020-09-08,WOCKPHARMA,Wockhardt,EQ,INE049B01025,297.0,298.95,286.0,288.1,287.0,297.35,216702,63445385.35,6169,LEGACY
2020-09-09,ABBOTINDIA,Abbott India,EQ,INE358A01014,16500.0,16720.0,16303.0,16631.45,16525.0,16723.0,6526,107711065.35,2613,LEGACY
2020-09-09,AJANTPHARM,Ajanta Pharma,EQ,INE031B01049,1480.0,1509.8,1441.4,1498.7,1499.0,1505.05,200140,294262313.3,16084,LEGACY
2020-09-09,ALKEM,Alkem Laboratories,EQ,INE540L01014,2800.0,2880.0,2799.05,2861.55,2863.0,2841.9,285581,815438857.45,23190,LEGACY
2020-09-09,APLLTD,Alembic Pharmaceuticals,EQ,INE901L01018,910.0,923.95,892.85,919.0,916.75,922.7,431542,392560766.1,26726,LEGACY
2020-09-09,AUROPHARMA,Aurobindo Pharma,EQ,INE406A01037,783.85,806.5,771.9,801.85,804.95,786.35,3669098,2892665517.9,86874,LEGACY
2020-09-09,BIOCON,Biocon,EQ,INE376G01013,410.0,432.0,409.7,427.9,428.4,415.8,9364809,3964519800.05,99733,LEGACY
2020-09-09,CADILAHC,Cadila Healthcare,EQ,INE010B01027,363.0,371.8,360.0,370.6,371.4,364.6,3592446,1315874672.65,45888,LEGACY
2020-09-09,CIPLA,Cipla,EQ,INE059A01026,709.15,734.95,705.2,727.55,727.5,708.2,9082720,6543720063.05,108754,LEGACY
2020-09-09,DIVISLAB,Divi's Laboratories,EQ,INE361B01024,3090.0,3169.45,3080.0,3157.1,3155.55,3112.6,904333,2835532062.95,61638,LEGACY
2020-09-09,DRREDDY,Dr. Reddy's Laboratories,EQ,INE089A01023,4349.9,4444.0,4335.6,4429.45,4421.5,4348.8,1235112,5425839335.75,60701,LEGACY
2020-09-09,GLAXO,GlaxoSmithKline Pharmaceuticals,EQ,INE159A01016,1617.0,1660.0,1617.0,1639.8,1640.0,1635.25,145126,238136788.45,10318,LEGACY
2020-09-09,GLENMARK,Glenmark Pharmaceuticals,EQ,INE935A01035,455.0,473.35,450.1,469.6,472.5,461.15,2158186,994017569.0,33912,LEGACY
2020-09-09,GRANULES,Granules India,EQ,INE101D01020,348.05,370.0,343.95,364.95,364.5,359.1,8249328,2937051615.05,95786,LEGACY
2020-09-09,IPCALAB,IPCA Laboratories,EQ,INE571A01020,1981.0,2065.0,1967.1,2043.05,2041.0,1971.95,376168,760191913.95,32457,LEGACY
2020-09-09,JBCHEPHARM,JB Chemicals & Pharmaceuticals,EQ,INE572A01028,784.25,794.95,774.0,787.9,788.05,788.2,213892,168409910.15,13771,LEGACY
2020-09-09,LAURUSLABS,Laurus Labs,EQ,INE947Q01010,1191.7,1219.0,1188.15,1210.35,1216.0,1201.5,856046,1030600975.1,33820,LEGACY
2020-09-09,LUPIN,Lupin,EQ,INE326A01037,918.95,947.4,915.25,941.1,942.0,919.55,3719750,3464793525.9,66080,LEGACY
2020-09-09,NATCOPHARM,Natco Pharma,EQ,INE987B01026,751.15,771.75,731.0,762.5,765.0,756.9,237367,178364599.35,9811,LEGACY
2020-09-09,PEL,Piramal Enterprises,EQ,INE140A01024,1294.0,1311.45,1265.1,1295.85,1297.3,1301.4,1886391,2425959198.45,57901,LEGACY
2020-09-09,PFIZER,Pfizer,EQ,INE182A01018,4835.05,5040.0,4810.0,4996.25,5000.0,4955.05,121797,602229441.35,20526,LEGACY
2020-09-09,SANOFI,Sanofi India,EQ,INE058A01010,8398.0,8494.95,8164.0,8283.35,8299.9,8398.45,42594,354536393.5,8534,LEGACY
2020-09-09,STAR,Strides Pharma Science,EQ,INE939A01011,609.9,612.45,596.0,609.65,610.0,611.25,676941,409826653.9,16676,LEGACY
2020-09-09,SUNPHARMA,Sun Pharmaceutical Industries,EQ,INE044A01036,497.0,512.8,493.6,509.3,508.4,501.9,10532178,5320477402.1,132990,LEGACY
2020-09-09,TORNTPHARM,Torrent Pharmaceuticals,EQ,INE685A01028,2740.0,2820.0,2720.05,2807.8,2813.05,2753.65,588941,1639673767.2,36263,LEGACY
2020-09-09,WOCKPHARMA,Wockhardt,EQ,INE049B01025,286.6,286.6,276.1,281.25,280.5,288.1,353906,99010464.95,9288,LEGACY
2020-09-10,ABBOTINDIA,Abbott India,EQ,INE358A01014,16584.75,16781.45,16480.0,16526.1,16500.0,16631.45,5676,94402611.1,2199,LEGACY
2020-09-10,AJANTPHARM,Ajanta Pharma,EQ,INE031B01049,1500.0,1538.0,1500.0,1509.0,1508.9,1498.7,97624,148181588.1,9347,LEGACY
2020-09-10,ALKEM,Alkem Laboratories,EQ,INE540L01014,2875.0,2947.35,2852.4,2923.6,2925.0,2861.55,212996,620572376.2,20562,LEGACY
2020-09-10,APLLTD,Alembic Pharmaceuticals,EQ,INE901L01018,924.0,939.0,902.5,914.5,915.7,919.0,328898,302338382.9,17453,LEGACY
2020-09-10,AUROPHARMA,Aurobindo Pharma,EQ,INE406A01037,809.9,818.95,794.65,802.75,800.65,801.85,3481936,2805052195.35,73627,LEGACY
2020-09-10,BIOCON,Biocon,EQ,INE376G01013,430.6,433.9,425.0,430.65,429.85,427.9,3975287,1707020939.8,42764,LEGACY
2020-09-10,CADILAHC,Cadila Healthcare,EQ,INE010B01027,373.4,374.95,360.4,363.75,363.0,370.6,5232616,1914579722.0,62145,LEGACY
2020-09-10,CIPLA,Cipla,EQ,INE059A01026,729.0,735.9,719.25,726.8,726.3,727.55,4571167,3321352841.75,84921,LEGACY
2020-09-10,DIVISLAB,Divi's Laboratories,EQ,INE361B01024,3160.0,3185.0,3125.05,3156.55,3165.0,3157.1,503343,1589450268.5,36716,LEGACY
2020-09-10,DRREDDY,Dr. Reddy's Laboratories,EQ,INE089A01023,4460.0,4462.0,4340.55,4380.15,4379.0,4429.45,871169,3820422898.7,50631,LEGACY
2020-09-10,GLAXO,GlaxoSmithKline Pharmaceuticals,EQ,INE159A01016,1665.0,1694.85,1645.05,1669.45,1669.95,1639.8,134563,225609732.9,11348,LEGACY
2020-09-10,GLENMARK,Glenmark Pharmaceuticals,EQ,INE935A01035,473.7,478.35,464.6,470.8,469.5,469.6,1645421,776575798.1,27238,LEGACY
2020-09-10,GRANULES,Granules India,EQ,INE101D01020,367.95,383.9,358.0,361.25,361.0,364.95,7640376,2849325902.0,87042,LEGACY
2020-09-10,IPCALAB,IPCA Laboratories,EQ,INE571A01020,2050.0,2069.0,2017.3,2049.05,2060.0,2043.05,360788,740538351.8,28372,LEGACY
2020-09-10,JBCHEPHARM,JB Chemicals & Pharmaceuticals,EQ,INE572A01028,794.0,796.7,787.05,788.0,787.95,787.9,185100,146773601.1,14713,LEGACY
2020-09-10,LAURUSLABS,Laurus Labs,EQ,INE947Q01010,1225.0,1264.95,1223.1,1236.25,1240.0,1210.35,1517747,1883116698.8,44995,LEGACY
2020-09-10,LUPIN,Lupin,EQ,INE326A01037,942.5,966.0,935.55,962.5,957.3,941.1,3696882,3520238705.0,56359,LEGACY
2020-09-10,NATCOPHARM,Natco Pharma,EQ,INE987B01026,773.0,785.0,763.1,779.25,777.95,762.5,176488,137270407.6,8457,LEGACY
2020-09-10,PEL,Piramal Enterprises,EQ,INE140A01024,1299.0,1340.0,1290.1,1314.5,1315.0,1295.85,2206651,2905654824.9,71737,LEGACY
2020-09-10,PFIZER,Pfizer,EQ,INE182A01018,5025.0,5025.0,4900.0,4938.8,4943.0,4996.25,96101,478724921.1,7046,LEGACY
2020-09-10,SANOFI,Sanofi India,EQ,INE058A01010,8349.0,8420.0,8200.0,8234.2,8200.0,8283.35,18387,152926358.2,5226,LEGACY
2020-09-10,STAR,Strides Pharma Science,EQ,INE939A01011,615.8,621.75,605.0,608.1,608.0,609.65,655856,402397117.75,15488,LEGACY
2020-09-10,SUNPHARMA,Sun Pharmaceutical Industries,EQ,INE044A01036,512.7,516.7,503.65,507.95,506.95,509.3,8572923,4373576131.15,107445,LEGACY
2020-09-10,TORNTPHARM,Torrent Pharmaceuticals,EQ,INE685A01028,2850.0,2852.95,2796.05,2814.55,2814.5,2807.8,774126,2183639024.35,43596,LEGACY
2020-09-10,WOCKPHARMA,Wockhardt,EQ,INE049B01025,282.7,289.9,282.1,287.9,288.0,281.25,360309,103176987.1,14953,LEGACY
2020-09-11,ABBOTINDIA,Abbott India,EQ,INE358A01014,16734.95,16898.0,16450.1,16819.25,16829.75,16526.1,11023,183835900.4,3844,LEGACY
2020-09-11,AJANTPHARM,Ajanta Pharma,EQ,INE031B01049,1510.0,1524.35,1494.0,1504.6,1504.9,1509.0,70727,106793650.55,5031,LEGACY
2020-09-11,ALKEM,Alkem Laboratories,EQ,INE540L01014,2943.0,2967.0,2857.0,2900.9,2906.0,2923.6,238569,694856959.35,24450,LEGACY
2020-09-11,APLLTD,Alembic Pharmaceuticals,EQ,INE901L01018,909.75,923.85,908.0,911.25,909.0,914.5,208705,190876286.15,9299,LEGACY
2020-09-11,AUROPHARMA,Aurobindo Pharma,EQ,INE406A01037,802.0,809.2,790.35,802.95,801.55,802.75,2239995,1790843256.2,46798,LEGACY
2020-09-11,BIOCON,Biocon,EQ,INE376G01013,430.45,439.65,427.35,433.1,431.9,430.65,5770700,2501450823.4,65474,LEGACY
2020-09-11,CADILAHC,Cadila Healthcare,EQ,INE010B01027,365.0,372.65,358.0,370.0,370.9,363.75,4408064,1605249282.9,46926,LEGACY
2020-09-11,CIPLA,Cipla,EQ,INE059A01026,725.8,731.5,720.25,725.95,724.9,726.8,2465472,1786801307.5,40848,LEGACY
2020-09-11,DIVISLAB,Divi's Laboratories,EQ,INE361B01024,3157.6,3172.35,3118.0,3146.65,3143.95,3156.55,464651,1460535202.15,47327,LEGACY
2020-09-11,DRREDDY,Dr. Reddy's Laboratories,EQ,INE089A01023,4400.0,4447.0,4375.0,4401.6,4404.0,4380.15,886945,3909211689.35,43118,LEGACY
2020-09-11,GLAXO,GlaxoSmithKline Pharmaceuticals,EQ,INE159A01016,1676.0,1700.0,1647.0,1674.95,1663.0,1669.45,145594,243214146.6,14298,LEGACY
2020-09-11,GLENMARK,Glenmark Pharmaceuticals,EQ,INE935A01035,470.8,487.7,468.25,485.15,483.9,470.8,3099927,1490841423.35,43512,LEGACY
2020-09-11,GRANULES,Granules India,EQ,INE101D01020,365.0,372.85,341.35,344.3,347.45,361.25,8487899,2996844734.45,110982,LEGACY
2020-09-11,IPCALAB,IPCA Laboratories,EQ,INE571A01020,2053.0,2059.0,2006.0,2013.4,2017.0,2049.05,135196,274497111.0,19436,LEGACY
2020-09-11,JBCHEPHARM,JB Chemicals & Pharmaceuticals,EQ,INE572A01028,800.0,804.5,786.05,799.65,797.9,788.0,340805,271129299.85,12657,LEGACY
2020-09-11,LAURUSLABS,Laurus Labs,EQ,INE947Q01010,1242.5,1269.0,1238.0,1257.75,1260.0,1236.25,866864,1087322580.0,34439,LEGACY
2020-09-11,LUPIN,Lupin,EQ,INE326A01037,959.95,973.0,952.4,967.65,964.45,962.5,2154611,2079493837.5,37341,LEGACY
2020-09-11,NATCOPHARM,Natco Pharma,EQ,INE987B01026,783.85,791.0,765.0,777.05,790.0,779.25,163273,126774630.8,7460,LEGACY
2020-09-11,PEL,Piramal Enterprises,EQ,INE140A01024,1319.95,1353.75,1308.3,1333.4,1331.1,1314.5,2076025,2768811552.25,69405,LEGACY
2020-09-11,PFIZER,Pfizer,EQ,INE182A01018,4905.0,5019.0,4860.0,4872.6,4878.0,4938.8,43196,212324717.3,9317,LEGACY
2020-09-11,SANOFI,Sanofi India,EQ,INE058A01010,8281.2,8290.0,8178.3,8255.85,8262.7,8234.2,5114,42125805.05,1899,LEGACY
2020-09-11,STAR,Strides Pharma Science,BL,INE939A01011,665.4,665.4,665.4,665.4,665.4,493.0,600000,399240000.0,1,LEGACY
2020-09-11,STAR,Strides Pharma Science,EQ,INE939A01011,609.95,692.9,609.1,684.65,688.2,608.1,7949620,5305193286.25,166920,LEGACY
2020-09-11,SUNPHARMA,Sun Pharmaceutical Industries,EQ,INE044A01036,507.0,512.35,502.6,505.55,504.05,507.95,5190138,2629849837.9,61920,LEGACY
2020-09-11,TORNTPHARM,Torrent Pharmaceuticals,EQ,INE685A01028,2815.0,2841.95,2811.0,2837.2,2834.1,2814.55,206889,584883816.25,15723,LEGACY
2020-09-11,WOCKPHARMA,Wockhardt,EQ,INE049B01025,289.0,295.0,286.6,291.15,290.9,287.9,306971,89077848.6,10622,LEGACY
2020-09-14,ABBOTINDIA,Abbott India,EQ,INE358A01014,16898.0,16898.0,16475.0,16516.15,16489.0,16819.25,11509,191439932.05,4051,LEGACY
2020-09-14,AJANTPHARM,Ajanta Pharma,EQ,INE031B01049,1530.0,1564.0,1507.25,1524.9,1520.2,1504.6,155275,239383618.35,11983,LEGACY
2020-09-14,ALKEM,Alkem Laboratories,EQ,INE540L01014,2922.0,2940.0,2891.25,2909.2,2905.0,2900.9,185810,540954417.25,11156,LEGACY
2020-09-14,APLLTD,Alembic Pharmaceuticals,EQ,INE901L01018,922.5,926.6,905.05,911.8,912.0,911.25,425085,388535364.1,45394,LEGACY
2020-09-14,AUROPHARMA,Aurobindo Pharma,EQ,INE406A01037,806.5,815.0,791.25,796.15,794.85,802.95,2438228,1956652652.75,52422,LEGACY
2020-09-14,BIOCON,Biocon,EQ,INE376G01013,435.3,440.0,426.35,430.0,428.65,433.1,2912856,1257944709.7,33546,LEGACY
2020-09-14,CADILAHC,Cadila Healthcare,EQ,INE010B01027,371.8,373.2,365.5,368.55,368.0,370.0,2843408,1048101261.35,36166,LEGACY
2020-09-14,CIPLA,Cipla,EQ,INE059A01026,729.0,730.25,717.75,721.6,720.6,725.95,3104687,2244552578.1,69513,LEGACY
2020-09-14,DIVISLAB,Divi's Laboratories,EQ,INE361B01024,3169.6,3227.65,3133.7,3164.8,3170.0,3146.65,773894,2461657636.7,48731,LEGACY
2020-09-14,DRREDDY,Dr. Reddy's Laboratories,EQ,INE089A01023,4423.65,4423.65,4336.0,4364.1,4371.8,4401.6,584911,2560602052.4,33908,LEGACY
2020-09-14,GLAXO,GlaxoSmithKline Pharmaceuticals,EQ,INE159A01016,1675.0,1767.0,1675.0,1728.0,1727.5,1674.95,347359,601683012.75,31581,LEGACY
2020-09-14,GLENMARK,Glenmark Pharmaceuticals,EQ,INE935A01035,487.0,492.2,476.0,482.85,482.0,485.15,1751893,849664076.95,30547,LEGACY
2020-09-14,GRANULES,Granules India,EQ,INE101D01020,353.0,375.0,351.6,371.4,374.0,344.3,5598120,2027342864.0,106425,LEGACY
2020-09-14,IPCALAB,IPCA Laboratories,EQ,INE571A01020,2050.0,2169.95,2050.0,2146.2,2144.1,2013.4,527744,1112070357.25,48596,LEGACY
2020-09-14,JBCHEPHARM,JB Chemicals & Pharmaceuticals,EQ,INE572A01028,807.0,849.9,805.5,828.45,839.0,799.65,843993,706390662.6,36835,LEGACY
2020-09-14,LAURUSLABS,Laurus Labs,EQ,INE947Q01010,1282.0,1353.5,1281.0,1330.1,1340.0,1257.75,1948692,2574753521.1,72758,LEGACY
2020-09-14,LUPIN,Lupin,EQ,INE326A01037,972.95,972.95,958.0,968.0,969.3,967.65,1836318,1773588415.75,27286,LEGACY
2020-09-14,NATCOPHARM,Natco Pharma,EQ,INE987B01026,795.0,802.45,781.25,782.6,782.0,777.05,188818,148918849.15,8159,LEGACY
2020-09-14,PEL,Piramal Enterprises,EQ,INE140A01024,1348.0,1349.0,1314.0,1322.8,1317.0,1333.4,1280191,1703761447.9,41761,LEGACY
2020-09-14,PFIZER,Pfizer,EQ,INE182A01018,4999.95,5045.75,4886.0,4919.5,4899.0,4872.6,66699,329848052.4,12100,LEGACY
2020-09-14,SANOFI,Sanofi India,EQ,INE058A01010,8389.85,8525.0,8274.75,8504.2,8507.8,8255.85,11673,98579466.35,3904,LEGACY
2020-09-14,STAR,Strides Pharma Science,EQ,INE939A01011,686.0,702.7,655.25,674.2,677.0,684.65,3204150,2193121388.75,88742,LEGACY
2020-09-14,SUNPHARMA,Sun Pharmaceutical Industries,EQ,INE044A01036,505.55,509.0,494.0,495.8,494.4,505.55,8041445,4019313027.1,117542,LEGACY
2020-09-14,TORNTPHARM,Torrent Pharmaceuticals,EQ,INE685A01028,2846.0,2858.85,2781.15,2797.55,2795.0,2837.2,288536,814182284.55,19528,LEGACY
2020-09-14,WOCKPHARMA,Wockhardt,EQ,INE049B01025,292.65,296.35,289.25,291.25,291.2,291.15,249013,72941236.75,8721,LEGACY
2020-09-15,ABBOTINDIA,Abbott India,EQ,INE358A01014,16620.0,17050.0,16466.15,16895.6,16873.0,16516.15,18599,313698781.0,6366,LEGACY
2020-09-15,AJANTPHARM,Ajanta Pharma,EQ,INE031B01049,1525.0,1578.0,1501.0,1511.75,1509.3,1524.9,230527,356451082.6,17006,LEGACY
2020-09-15,ALKEM,Alkem Laboratories,EQ,INE540L01014,2922.0,2932.0,2833.75,2851.7,2853.0,2909.2,173773,499188671.6,14781,LEGACY
2020-09-15,APLLTD,Alembic Pharmaceuticals,EQ,INE901L01018,915.0,952.0,912.2,926.75,926.0,911.8,678772,634777391.7,30918,LEGACY
2020-09-15,AUROPHARMA,Aurobindo Pharma,EQ,INE406A01037,800.0,840.95,798.1,818.8,821.05,796.15,8183286,6752321560.2,162559,LEGACY
2020-09-15,BIOCON,Biocon,EQ,INE376G01013,430.0,445.0,429.0,440.05,439.85,430.0,6044433,2657460778.2,70202,LEGACY
2020-09-15,CADILAHC,Cadila Healthcare,EQ,INE010B01027,370.65,378.5,367.25,375.05,374.5,368.55,4154655,1559092087.7,41494,LEGACY
2020-09-15,CIPLA,Cipla,EQ,INE059A01026,723.0,754.0,722.65,742.45,742.35,721.6,14548327,10844859754.3,180815,LEGACY
2020-09-15,DIVISLAB,Divi's Laboratories,EQ,INE361B01024,3175.0,3250.0,3166.25,3184.95,3188.35,3164.8,1365374,4377572160.5,56151,LEGACY
2020-09-15,DRREDDY,Dr. Reddy's Laboratories,EQ,INE089A01023,4374.95,4549.0,4372.55,4442.35,4439.8,4364.1,2504467,11255379905.15,106829,LEGACY
2020-09-15,GLAXO,GlaxoSmithKline Pharmaceuticals,EQ,INE159A01016,1726.0,1807.5,1726.0,1778.6,1775.6,1728.0,300393,536992680.05,22680,LEGACY
2020-09-15,GLENMARK,Glenmark Pharmaceuticals,EQ,INE935A01035,485.1,499.75,483.0,493.6,493.45,482.85,3742620,1851242070.4,56418,LEGACY
2020-09-15,GRANULES,Granules India,EQ,INE101D01020,377.7,379.0,361.65,369.3,369.1,371.4,4079046,1511649086.2,70344,LEGACY
2020-09-15,IPCALAB,IPCA Laboratories,EQ,INE571A01020,2152.25,2186.0,2116.25,2157.5,2156.0,2146.2,350500,755327463.55,34493,LEGACY
2020-09-15,JBCHEPHARM,JB Chemicals & Pharmaceuticals,EQ,INE572A01028,904.0,965.0,890.2,897.45,891.05,828.45,2607734,2390939244.05,86448,LEGACY
2020-09-15,LAURUSLABS,Laurus Labs,EQ,INE947Q01010,1349.0,1370.0,1323.45,1340.0,1345.4,1330.1,990858,1327776899.0,43007,LEGACY
2020-09-15,LUPIN,Lupin,EQ,INE326A01037,972.85,1005.0,967.0,1000.85,1004.0,968.0,6025029,6001626644.45,98703,LEGACY
2020-09-15,NATCOPHARM,Natco Pharma,EQ,INE987B01026,790.0,805.0,785.55,794.65,790.05,782.6,235292,187341708.3,16429,LEGACY
2020-09-15,PEL,Piramal Enterprises,EQ,INE140A01024,1326.0,1359.85,1318.55,1347.45,1348.0,1322.8,1792742,2405864487.0,57215,LEGACY
2020-09-15,PFIZER,Pfizer,EQ,INE182A01018,4970.0,5120.0,4929.95,4940.9,4944.0,4919.5,138942,696881733.5,16081,LEGACY
2020-09-15,SANOFI,Sanofi India,EQ,INE058A01010,8531.0,8649.95,8480.0,8636.75,8644.0,8504.2,16960,145945474.1,4602,LEGACY
2020-09-15,STAR,Strides Pharma Science,EQ,INE939A01011,680.2,696.0,668.65,683.1,680.3,674.2,1115464,763888564.4,25092,LEGACY
2020-09-15,SUNPHARMA,Sun Pharmaceutical Industries,EQ,INE044A01036,498.0,512.4,496.0,506.4,506.5,495.8,11686776,5924724941.5,118806,LEGACY
2020-09-15,TORNTPHARM,Torrent Pharmaceuticals,EQ,INE685A01028,2800.0,2887.9,2800.0,2850.5,2857.95,2797.55,689871,1971343706.6,34638,LEGACY
2020-09-15,WOCKPHARMA,Wockhardt,EQ,INE049B01025,292.75,304.0,291.25,296.95,299.6,291.25,538802,160515625.3,13838,LEGACY
2020-09-17,ABBOTINDIA,Abbott India,EQ,INE358A01014,16587.1,16770.0,16344.05,16441.3,16403.0,16525.1,11463,189990579.9,3422,LEGACY
2020-09-17,AJANTPHARM,Ajanta Pharma,EQ,INE031B01049,1532.0,1559.0,1510.0,1544.85,1552.0,1526.1,169251,259441491.95,12431,LEGACY
2020-09-17,ALKEM,Alkem Laboratories,EQ,INE540L01014,2832.0,2854.95,2821.0,2840.95,2840.0,2823.8,77609,220152383.6,8734,LEGACY
2020-09-17,APLLTD,Alembic Pharmaceuticals,EQ,INE901L01018,964.9,986.0,960.0,973.1,975.05,966.1,528836,515249153.35,38449,LEGACY
2020-09-17,AUROPHARMA,Aurobindo Pharma,EQ,INE406A01037,826.95,827.0,807.0,810.8,810.0,832.1,2941750,2406027387.75,73627,LEGACY
2020-09-17,BIOCON,Biocon,EQ,INE376G01013,439.0,444.85,432.55,442.2,442.5,438.65,4431118,1948477769.85,50697,LEGACY
2020-09-17,CADILAHC,Cadila Healthcare,EQ,INE010B01027,389.0,396.6,384.4,393.7,394.45,388.4,6323433,2468220132.55,55441,LEGACY
2020-09-17,CIPLA,Cipla,EQ,INE059A01026,751.0,762.0,746.7,751.5,751.15,752.6,7105873,5356528974.1,104746,LEGACY
2020-09-17,DIVISLAB,Divi's Laboratories,EQ,INE361B01024,3244.05,3264.2,3200.0,3211.15,3216.0,3244.35,688789,2223197132.6,36963,LEGACY
2020-09-17,DRREDDY,Dr. Reddy's Laboratories,EQ,INE089A01023,4704.0,4845.55,4654.95,4827.25,4825.0,4627.9,8429919,40118492796.05,358155,LEGACY
2020-09-17,GLAXO,GlaxoSmithKline Pharmaceuticals,EQ,INE159A01016,1770.0,1800.0,1750.0,1763.5,1765.0,1772.4,88815,156998373.15,12172,LEGACY
2020-09-17,GLENMARK,Glenmark Pharmaceuticals,EQ,INE935A01035,498.35,503.0,485.45,492.7,492.4,499.8,1865676,923007300.0,27221,LEGACY
2020-09-17,GRANULES,Granules India,EQ,INE101D01020,366.7,373.9,362.0,364.35,363.6,367.55,2208732,810946830.85,43235,LEGACY
2020-09-17,IPCALAB,IPCA Laboratories,EQ,INE571A01020,2200.0,2236.1,2128.2,2151.2,2134.1,2205.5,322150,704039540.25,32795,LEGACY
2020-09-17,JBCHEPHARM,JB Chemicals & Pharmaceuticals,EQ,INE572A01028,971.0,1144.4,967.2,1069.7,1059.8,970.85,4572424,4846895767.35,187127,LEGACY
2020-09-17,LAURUSLABS,Laurus Labs,EQ,INE947Q01010,1349.4,1425.0,1341.05,1401.7,1423.25,1345.6,1671413,2311400020.25,54830,LEGACY
2020-09-17,LUPIN,Lupin,EQ,INE326A01037,1018.85,1045.9,1010.1,1037.1,1040.0,1028.65,3069437,3151724241.05,52552,LEGACY
2020-09-17,NATCOPHARM,Natco Pharma,EQ,INE987B01026,777.0,792.55,765.0,773.25,773.9,774.45,197476,153406814.05,17241,LEGACY
2020-09-17,PEL,Piramal Enterprises,EQ,INE140A01024,1350.0,1389.0,1341.1,1377.2,1377.0,1360.5,1367728,1872853037.6,44345,LEGACY
2020-09-17,PFIZER,Pfizer,EQ,INE182A01018,4991.0,5020.0,4940.1,4954.8,4947.1,5000.45,30563,152132037.85,6396,LEGACY
2020-09-17,SANOFI,Sanofi India,EQ,INE058A01010,8829.0,8890.0,8650.0,8717.95,8725.05,8833.9,14779,129571681.55,4687,LEGACY
2020-09-17,STAR,Strides Pharma Science,EQ,INE939A01011,696.4,731.65,686.0,725.75,726.0,700.85,2262549,1624830316.1,49279,LEGACY
2020-09-17,SUNPHARMA,Sun Pharmaceutical Industries,EQ,INE044A01036,516.8,521.9,510.5,512.0,511.35,518.5,9959284,5139398549.0,98313,LEGACY
2020-09-17,TORNTPHARM,Torrent Pharmaceuticals,EQ,INE685A01028,2838.0,2878.0,2824.5,2841.25,2830.0,2843.05,719337,2050171692.1,36821,LEGACY
2020-09-17,WOCKPHARMA,Wockhardt,EQ,INE049B01025,296.6,301.05,295.0,296.15,295.4,299.05,220004,65417754.2,5810,LEGACY
2020-09-18,ABBOTINDIA,Abbott India,EQ,INE358A01014,16480.0,16690.9,16441.3,16506.15,16518.15,16441.3,9254,153378749.95,4021,LEGACY
2020-09-18,AJANTPHARM,Ajanta Pharma,EQ,INE031B01049,1559.0,1634.0,1559.0,1613.1,1618.0,1544.85,699933,1123882072.2,42024,LEGACY
2020-09-18,ALKEM,Alkem Laboratories,EQ,INE540L01014,2855.0,2930.0,2826.25,2874.85,2855.0,2840.95,253381,734784326.1,21589,LEGACY
2020-09-18,APLLTD,Alembic Pharmaceuticals,EQ,INE901L01018,978.75,984.0,952.25,963.55,954.35,973.1,1064148,1032847069.7,46330,LEGACY
2020-09-18,AUROPHARMA,Aurobindo Pharma,EQ,INE406A01037,815.65,840.0,815.65,828.1,833.4,810.8,6249036,5187107786.6,120666,LEGACY
2020-09-18,BIOCON,Biocon,EQ,INE376G01013,442.75,463.9,442.75,454.0,453.5,442.2,11410425,5186529505.25,122141,LEGACY
2020-09-18,CADILAHC,Cadila Healthcare,EQ,INE010B01027,395.05,423.0,395.05,409.7,409.0,393.7,19640911,8084122852.9,214157,LEGACY
2020-09-18,CIPLA,Cipla,EQ,INE059A01026,780.0,819.3,776.15,806.25,804.9,751.5,35527345,28424054194.0,449206,LEGACY
2020-09-18,DIVISLAB,Divi's Laboratories,EQ,INE361B01024,3230.0,3389.0,3228.0,3344.4,3346.0,3211.15,3362845,11241585123.7,144794,LEGACY
2020-09-18,DRREDDY,Dr. Reddy's Laboratories,EQ,INE089A01023,5000.0,5496.95,4950.25,5333.35,5306.0,4827.25,21987146,115785288081.7,929801,LEGACY
2020-09-18,GLAXO,GlaxoSmithKline Pharmaceuticals,EQ,INE159A01016,1777.0,1790.0,1661.0,1697.9,1700.85,1763.5,859170,1464993323.8,49242,LEGACY
2020-09-18,GLENMARK,Glenmark Pharmaceuticals,EQ,INE935A01035,495.05,518.45,495.05,508.9,507.95,492.7,9398103,4804126400.45,134458,LEGACY
2020-09-18,GRANULES,Granules India,EQ,INE101D01020,366.2,385.0,356.1,365.15,365.15,364.35,11238327,4208387918.2,109677,LEGACY
2020-09-18,IPCALAB,IPCA Laboratories,EQ,INE571A01020,2157.9,2199.0,2082.65,2167.15,2160.0,2151.2,889743,1916708934.75,61050,LEGACY
2020-09-18,JBCHEPHARM,JB Chemicals & Pharmaceuticals,EQ,INE572A01028,1080.0,1149.9,1080.0,1125.85,1125.05,1069.7,3582175,4011476737.7,127208,LEGACY
2020-09-18,LAURUSLABS,Laurus Labs,EQ,INE947Q01010,1448.0,1520.0,1440.0,1493.5,1491.1,1401.7,3317058,4918072773.65,118747,LEGACY
2020-09-18,LUPIN,Lupin,EQ,INE326A01037,1075.0,1122.3,1070.4,1085.9,1083.95,1037.1,15274627,16802301520.3,296006,LEGACY
2020-09-18,NATCOPHARM,Natco Pharma,EQ,INE987B01026,791.2,927.9,791.2,890.8,879.9,773.25,7395084,6621072817.35,256471,LEGACY
2020-09-18,PEL,Piramal Enterprises,EQ,INE140A01024,1380.0,1403.0,1338.6,1351.9,1342.95,1377.2,2374687,3270867518.8,75273,LEGACY
2020-09-18,PFIZER,Pfizer,EQ,INE182A01018,4995.0,5047.05,4940.0,4988.1,5009.0,4954.8,108876,544777558.95,15670,LEGACY
2020-09-18,SANOFI,Sanofi India,EQ,INE058A01010,8773.5,8918.95,8380.0,8478.95,8413.8,8717.95,42014,364162857.8,9863,LEGACY
2020-09-18,STAR,Strides Pharma Science,EQ,INE939A01011,728.0,745.0,702.1,712.65,708.0,725.75,1773261,1293233866.5,45941,LEGACY
2020-09-18,SUNPHARMA,Sun Pharmaceutical Industries,EQ,INE044A01036,517.45,535.0,515.0,523.35,523.85,512.0,25685408,13522472626.55,253998,LEGACY
2020-09-18,TORNTPHARM,Torrent Pharmaceuticals,EQ,INE685A01028,2855.0,2944.5,2851.65,2876.3,2867.45,2841.25,1152251,3344035574.8,59327,LEGACY
2020-09-18,WOCKPHARMA,Wockhardt,EQ,INE049B01025,297.65,310.95,297.6,305.7,306.0,296.15,1112799,341533520.95,20262,LEGACY
2020-09-21,ABBOTINDIA,Abbott India,EQ,INE358A01014,16511.05,16800.0,15660.0,15890.15,15898.9,16506.15,23230,376170077.65,6555,LEGACY
2020-09-21,AJANTPHARM,Ajanta Pharma,EQ,INE031B01049,1635.0,1655.8,1525.0,1590.65,1570.0,1613.1,346626,554079151.2,26416,LEGACY
2020-09-21,ALKEM,Alkem Laboratories,EQ,INE540L01014,2888.0,2900.1,2829.8,2863.4,2866.0,2874.85,145194,415926533.35,10567,LEGACY
2020-09-21,APLLTD,Alembic Pharmaceuticals,EQ,INE901L01018,970.0,976.0,905.65,920.45,925.0,963.55,482877,457223760.45,22551,LEGACY
2020-09-21,AUROPHARMA,Aurobindo Pharma,EQ,INE406A01037,835.0,857.9,785.8,792.35,789.55,828.1,7597196,6267343703.7,156493,LEGACY
2020-09-21,BIOCON,Biocon,EQ,INE376G01013,453.95,453.95,425.35,429.35,425.35,454.0,4258326,1868059852.4,57251,LEGACY
2020-09-21,CADILAHC,Cadila Healthcare,EQ,INE010B01027,412.9,416.95,390.55,396.1,394.05,409.7,8893943,3620304246.4,92741,LEGACY
2020-09-21,CIPLA,Cipla,EQ,INE059A01026,806.25,811.95,762.0,768.1,765.15,806.25,12576401,9902184576.45,164720,LEGACY
2020-09-21,DIVISLAB,Divi's Laboratories,EQ,INE361B01024,3350.95,3374.25,3120.05,3158.8,3151.35,3344.4,1585479,5150538802.55,78548,LEGACY
2020-09-21,DRREDDY,Dr. Reddy's Laboratories,EQ,INE089A01023,5333.35,5512.65,5111.25,5142.0,5130.0,5333.35,12743499,67378505177.7,621191,LEGACY
2020-09-21,GLAXO,GlaxoSmithKline Pharmaceuticals,EQ,INE159A01016,1730.0,1742.7,1639.0,1694.65,1671.0,1697.9,214883,362104977.6,17860,LEGACY
2020-09-21,GLENMARK,Glenmark Pharmaceuticals,EQ,INE935A01035,508.0,514.0,461.5,473.45,476.0,508.9,4136908,2032061515.95,68852,LEGACY
2020-09-21,GRANULES,Granules India,EQ,INE101D01020,368.4,373.25,355.05,360.55,359.5,365.15,3376804,1233293202.35,44036,LEGACY
2020-09-21,IPCALAB,IPCA Laboratories,EQ,INE571A01020,2170.0,2183.4,2041.7,2082.2,2082.0,2167.15,163329,343786031.0,24009,LEGACY
2020-09-21,JBCHEPHARM,JB Chemicals & Pharmaceuticals,EQ,INE572A01028,1139.0,1149.0,1065.1,1079.1,1075.0,1125.85,776962,860010595.0,37789,LEGACY
2020-09-21,LAURUSLABS,Laurus Labs,EQ,INE947Q01010,1504.0,1550.0,1405.0,1424.85,1422.0,1493.5,2536029,3769094324.55,114235,LEGACY
2020-09-21,LUPIN,Lupin,EQ,INE326A01037,1085.85,1097.85,1030.3,1040.55,1040.55,1085.9,4118958,4376392572.75,78016,LEGACY
2020-09-21,NATCOPHARM,Natco Pharma,EQ,INE987B01026,892.4,929.8,875.0,892.15,893.9,890.8,2481209,2244908655.65,69570,LEGACY
2020-09-21,PEL,Piramal Enterprises,EQ,INE140A01024,1352.5,1354.95,1260.0,1274.3,1261.0,1351.9,1201730,1572411667.75,40179,LEGACY
2020-09-21,PFIZER,Pfizer,EQ,INE182A01018,5031.05,5088.0,4792.7,4865.55,4819.0,4988.1,104867,522191634.4,11857,LEGACY
2020-09-21,SANOFI,Sanofi India,EQ,INE058A01010,8539.0,8549.95,8400.0,8418.65,8400.0,8478.95,9812,83070710.8,2666,LEGACY
2020-09-21,STAR,Strides Pharma Science,EQ,INE939A01011,715.0,719.9,651.5,659.35,658.0,712.65,1136676,778862750.3,36778,LEGACY
2020-09-21,SUNPHARMA,Sun Pharmaceutical Industries,EQ,INE044A01036,523.8,528.25,499.0,503.65,504.05,523.35,9983045,5131248453.9,117255,LEGACY
2020-09-21,TORNTPHARM,Torrent Pharmaceuticals,EQ,INE685A01028,2890.0,2890.5,2685.35,2711.6,2700.9,2876.3,668959,1868026283.6,35449,LEGACY
2020-09-21,WOCKPHARMA,Wockhardt,EQ,INE049B01025,306.0,308.25,290.45,291.55,290.95,305.7,398368,118864441.15,9976,LEGACY
2020-09-22,ABBOTINDIA,Abbott India,EQ,INE358A01014,15900.0,16132.0,15539.95,15943.1,16098.0,15890.15,18111,284090602.8,4842,LEGACY
2020-09-22,AJANTPHARM,Ajanta Pharma,EQ,INE031B01049,1590.65,1625.0,1509.0,1560.3,1576.85,1590.65,251332,396232872.6,24387,LEGACY
2020-09-22,ALKEM,Alkem Laboratories,EQ,INE540L01014,2870.0,2875.0,2745.35,2802.5,2800.0,2863.4,213484,597781011.4,26311,LEGACY
2020-09-22,APLLTD,Alembic Pharmaceuticals,EQ,INE901L01018,929.0,940.0,865.85,917.55,923.0,920.45,547686,497866053.85,31933,LEGACY
2020-09-22,AUROPHARMA,Aurobindo Pharma,EQ,INE406A01037,798.25,812.0,768.0,799.1,802.6,792.35,5714064,4540959909.15,137170,LEGACY
2020-09-22,BIOCON,Biocon,EQ,INE376G01013,429.15,431.65,413.5,422.05,424.45,429.35,4813418,2028981551.35,57524,LEGACY
2020-09-22,CADILAHC,Cadila Healthcare,EQ,INE010B01027,397.9,398.5,381.25,393.1,392.9,396.1,4930269,1926093697.0,57364,LEGACY
2020-09-22,CIPLA,Cipla,EQ,INE059A01026,777.05,787.95,755.15,777.65,778.0,768.1,14483986,11240039129.05,197252,LEGACY
2020-09-22,DIVISLAB,Divi's Laboratories,EQ,INE361B01024,3160.0,3273.8,3042.55,3236.6,3253.75,3158.8,1855842,5892552324.05,85546,LEGACY
2020-09-22,DRREDDY,Dr. Reddy's Laboratories,EQ,INE089A01023,5214.0,5260.0,5055.0,5167.95,5198.7,5142.0,7703358,39730017599.4,359851,LEGACY
2020-09-22,GLAXO,GlaxoSmithKline Pharmaceuticals,EQ,INE159A01016,1680.25,1699.0,1592.0,1606.15,1603.0,1694.65,134117,218280243.0,10932,LEGACY
2020-09-22,GLENMARK,Glenmark Pharmaceuticals,EQ,INE935A01035,475.25,476.45,441.7,459.3,459.95,473.45,3878375,1788932677.7,56780,LEGACY
2020-09-22,GRANULES,Granules India,EQ,INE101D01020,363.0,363.7,330.75,352.7,354.9,360.55,4657364,1617595193.65,68578,LEGACY
2020-09-22,IPCALAB,IPCA Laboratories,EQ,INE571A01020,2097.8,2121.8,1988.0,2113.9,2119.0,2082.2,218105,449766260.35,28042,LEGACY
2020-09-22,JBCHEPHARM,JB Chemicals & Pharmaceuticals,EQ,INE572A01028,1086.0,1100.0,980.0,999.0,1000.0,1079.1,563656,572263486.5,31611,LEGACY
2020-09-22,LAURUSLABS,Laurus Labs,EQ,INE947Q01010,1428.0,1435.9,1301.25,1420.95,1423.0,1424.85,2385994,3305543970.45,104986,LEGACY
2020-09-22,LUPIN,Lupin,EQ,INE326A01037,1040.55,1053.55,1017.8,1039.75,1039.55,1040.55,5220254,5423459540.25,79535,LEGACY
2020-09-22,NATCOPHARM,Natco Pharma,EQ,INE987B01026,908.2,912.0,837.65,885.75,890.0,892.15,922323,809791267.7,32494,LEGACY
2020-09-22,PEL,Piramal Enterprises,EQ,INE140A01024,1278.95,1283.0,1194.0,1245.85,1246.3,1274.3,1700180,2096011821.2,62847,LEGACY
2020-09-22,PFIZER,Pfizer,EQ,INE182A01018,4899.0,4930.0,4679.05,4774.75,4776.0,4865.55,67063,319686615.25,13678,LEGACY
2020-09-22,SANOFI,Sanofi India,EQ,INE058A01010,8400.0,8450.0,8170.0,8342.35,8368.0,8418.65,11713,97469150.2,3278,LEGACY
2020-09-22,STAR,Strides Pharma Science,EQ,INE939A01011,663.85,687.5,614.0,658.25,663.9,659.35,2479111,1632582552.4,65334,LEGACY
2020-09-22,SUNPHARMA,Sun Pharmaceutical Industries,EQ,INE044A01036,509.5,515.0,493.6,508.85,513.8,503.65,9862296,4987194901.6,116891,LEGACY
2020-09-22,TORNTPHARM,Torrent Pharmaceuticals,EQ,INE685A01028,2722.35,2749.0,2640.0,2726.65,2739.5,2711.6,605767,1631699207.6,30022,LEGACY
2020-09-22,WOCKPHARMA,Wockhardt,EQ,INE049B01025,293.75,293.75,277.15,279.65,280.9,291.55,434548,122441210.95,14203,LEGACY
2020-09-23,ABBOTINDIA,Abbott India,EQ,INE358A01014,16181.0,16290.0,15755.0,15988.35,16000.0,15943.1,4112,66045846.5,2281,LEGACY
2020-09-23,AJANTPHARM,Ajanta Pharma,EQ,INE031B01049,1575.0,1591.0,1533.6,1565.25,1566.95,1560.3,187395,293873905.8,13221,LEGACY
2020-09-23,ALKEM,Alkem Laboratories,EQ,INE540L01014,2825.0,2848.0,2724.15,2748.35,2745.25,2802.5,181077,498019454.8,14160,LEGACY
2020-09-23,APLLTD,Alembic Pharmaceuticals,EQ,INE901L01018,923.0,932.75,894.0,914.8,918.5,917.55,285430,261202620.5,26235,LEGACY
2020-09-23,AUROPHARMA,Aurobindo Pharma,EQ,INE406A01037,810.0,813.65,771.3,780.2,779.75,799.1,3832372,3028674526.1,84513,LEGACY
2020-09-23,BIOCON,Biocon,EQ,INE376G01013,424.6,429.0,418.2,423.9,424.7,422.05,2537774,1075922252.85,32852,LEGACY
2020-09-23,CADILAHC,Cadila Healthcare,EQ,INE010B01027,395.0,396.0,379.3,383.9,383.85,393.1,3731153,1442556659.15,42140,LEGACY
2020-09-23,CIPLA,Cipla,EQ,INE059A01026,783.95,784.0,761.8,767.4,765.9,777.65,6236596,4817878011.45,88045,LEGACY
2020-09-23,DIVISLAB,Divi's Laboratories,EQ,INE361B01024,3253.75,3290.4,3129.0,3147.55,3165.0,3236.6,1499856,4788772381.45,77519,LEGACY
2020-09-23,DRREDDY,Dr. Reddy's Laboratories,EQ,INE089A01023,5256.0,5280.0,5059.4,5107.75,5080.0,5167.95,5013438,25891743409.65,240318,LEGACY
2020-09-23,GLAXO,GlaxoSmithKline Pharmaceuticals,EQ,INE159A01016,1616.65,1650.0,1580.0,1588.1,1589.0,1606.15,64893,103678009.3,9050,LEGACY
2020-09-23,GLENMARK,Glenmark Pharmaceuticals,EQ,INE935A01035,463.05,473.8,462.2,470.75,471.5,459.3,2598397,1217042868.65,41717,LEGACY
2020-09-23,GRANULES,Granules India,EQ,INE101D01020,358.7,369.5,353.0,363.2,363.9,352.7,4124749,1494870093.9,61636,LEGACY
2020-09-23,IPCALAB,IPCA Laboratories,EQ,INE571A01020,2115.5,2148.5,2043.05,2135.7,2135.0,2113.9,228276,478475615.05,25382,LEGACY
2020-09-23,JBCHEPHARM,JB Chemicals & Pharmaceuticals,EQ,INE572A01028,1011.0,1030.0,906.15,923.1,921.0,999.0,642462,612779464.6,52555,LEGACY
2020-09-23,LAURUSLABS,Laurus Labs,EQ,INE947Q01010,1444.95,1495.0,1350.1,1365.4,1363.9,1420.95,1599480,2272186669.05,78425,LEGACY
2020-09-23,LUPIN,Lupin,EQ,INE326A01037,1053.7,1053.7,1002.0,1016.55,1013.45,1039.75,3211055,3285404395.35,53308,LEGACY
2020-09-23,NATCOPHARM,Natco Pharma,EQ,INE987B01026,887.0,888.0,842.0,851.45,851.15,885.75,694514,595885518.25,26943,LEGACY
2020-09-23,PEL,Piramal Enterprises,EQ,INE140A01024,1252.0,1266.25,1205.0,1237.5,1238.0,1245.85,1195074,1477000748.65,38736,LEGACY
2020-09-23,PFIZER,Pfizer,EQ,INE182A01018,4840.0,4948.5,4800.0,4912.0,4915.0,4774.75,58901,287830795.55,12465,LEGACY
2020-09-23,SANOFI,Sanofi India,EQ,INE058A01010,8449.0,8500.0,8392.1,8483.2,8485.0,8342.35,18928,160476932.5,3663,LEGACY
2020-09-23,STAR,Strides Pharma Science,EQ,INE939A01011,668.15,684.0,641.25,658.0,655.0,658.25,1211879,800068739.95,38421,LEGACY
2020-09-23,SUNPHARMA,Sun Pharmaceutical Industries,EQ,INE044A01036,520.5,521.0,498.25,502.9,502.2,508.85,10846053,5514872961.7,120698,LEGACY
2020-09-23,TORNTPHARM,Torrent Pharmaceuticals,EQ,INE685A01028,2760.0,2775.0,2646.15,2660.95,2653.0,2726.65,491174,1327925192.4,25292,LEGACY
2020-09-23,WOCKPHARMA,Wockhardt,EQ,INE049B01025,283.55,285.0,270.95,278.45,278.85,279.65,279403,77862635.0,8944,LEGACY
2020-09-24,ABBOTINDIA,Abbott India,EQ,INE358A01014,15899.0,16194.95,15720.1,15982.9,15994.9,15988.35,7319,116828644.5,3504,LEGACY
2020-09-24,AJANTPHARM,Ajanta Pharma,EQ,INE031B01049,1545.05,1584.45,1530.05,1563.05,1560.0,1565.25,111064,173652992.65,11923,LEGACY
2020-09-24,ALKEM,Alkem Laboratories,EQ,INE540L01014,2738.9,2987.9,2682.0,2788.45,2724.0,2748.35,485671,1342027668.35,29606,LEGACY
2020-09-24,APLLTD,Alembic Pharmaceuticals,EQ,INE901L01018,908.0,948.0,881.0,930.25,941.0,914.8,596529,543096783.6,25837,LEGACY
2020-09-24,AUROPHARMA,Aurobindo Pharma,EQ,INE406A01037,775.0,777.5,738.05,743.75,747.35,780.2,4339275,3289073903.9,97704,LEGACY
2020-09-24,BIOCON,Biocon,EQ,INE376G01013,421.6,423.4,406.1,408.25,408.0,423.9,2881986,1196999538.4,39083,LEGACY
2020-09-24,CADILAHC,Cadila Healthcare,EQ,INE010B01027,381.75,383.8,374.15,376.3,375.25,383.9,3631829,1376493842.7,40444,LEGACY
2020-09-24,CIPLA,Cipla,EQ,INE059A01026,764.45,766.65,730.0,733.45,738.0,767.4,7123765,5329794600.25,119048,LEGACY
2020-09-24,DIVISLAB,Divi's Laboratories,EQ,INE361B01024,3090.0,3151.8,2985.0,3020.45,3022.0,3147.55,6257683,18985420907.8,185340,LEGACY
2020-09-24,DRREDDY,Dr. Reddy's Laboratories,EQ,INE089A01023,5060.0,5202.9,5002.5,5027.4,5058.0,5107.75,5197979,26522425751.4,244466,LEGACY
2020-09-24,GLAXO,GlaxoSmithKline Pharmaceuticals,EQ,INE159A01016,1575.0,1613.45,1526.0,1545.8,1529.3,1588.1,47820,74888302.5,6289,LEGACY
2020-09-24,GLENMARK,Glenmark Pharmaceuticals,EQ,INE935A01035,465.8,466.75,446.95,454.35,457.2,470.75,3167500,1450398146.25,46714,LEGACY
2020-09-24,GRANULES,Granules India,EQ,INE101D01020,357.95,368.4,353.0,360.6,359.4,363.2,3831423,1388996388.2,51680,LEGACY
2020-09-24,IPCALAB,IPCA Laboratories,EQ,INE571A01020,2125.0,2125.0,2047.65,2070.2,2100.0,2135.7,199866,413754656.55,29138,LEGACY
2020-09-24,JBCHEPHARM,JB Chemicals & Pharmaceuticals,EQ,INE572A01028,910.0,952.8,873.2,920.6,923.0,923.1,829333,762623016.85,52436,LEGACY
2020-09-24,LAURUSLABS,Laurus Labs,EQ,INE947Q01010,1330.0,1347.0,1256.4,1291.8,1290.05,1365.4,2134481,2763809097.0,91618,LEGACY
2020-09-24,LUPIN,Lupin,EQ,INE326A01037,1009.0,1019.0,971.25,979.6,979.0,1016.55,2899900,2893885300.75,62181,LEGACY
2020-09-24,NATCOPHARM,Natco Pharma,EQ,INE987B01026,840.15,873.25,823.9,851.95,862.0,851.45,525024,442811010.7,19383,LEGACY
2020-09-24,PEL,Piramal Enterprises,EQ,INE140A01024,1220.0,1238.6,1178.55,1193.75,1191.5,1237.5,1272757,1551928191.35,41453,LEGACY
2020-09-24,PFIZER,Pfizer,EQ,INE182A01018,4890.0,4960.0,4817.3,4881.0,4890.0,4912.0,49508,243106699.1,9037,LEGACY
2020-09-24,SANOFI,Sanofi India,EQ,INE058A01010,8460.0,8460.0,8300.0,8387.0,8381.0,8483.2,10774,90207626.15,2690,LEGACY
2020-09-24,STAR,Strides Pharma Science,EQ,INE939A01011,630.0,661.0,629.9,641.35,646.2,658.0,803625,520154669.85,24192,LEGACY
2020-09-24,SUNPHARMA,Sun Pharmaceutical Industries,EQ,INE044A01036,497.5,501.25,483.0,485.8,488.3,502.9,8769524,4325342487.45,109632,LEGACY
2020-09-24,TORNTPHARM,Torrent Pharmaceuticals,EQ,INE685A01028,2646.0,2678.35,2455.0,2650.25,2652.0,2660.95,500856,1327823155.05,25187,LEGACY
2020-09-24,WOCKPHARMA,Wockhardt,EQ,INE049B01025,276.6,276.6,266.0,267.9,267.8,278.45,287801,77636733.8,8366,LEGACY
2020-09-25,ABBOTINDIA,Abbott India,EQ,INE358A01014,15950.0,16441.0,15950.0,16237.75,16180.0,15982.9,6765,109451294.5,2717,LEGACY
2020-09-25,AJANTPHARM,Ajanta Pharma,EQ,INE031B01049,1575.1,1598.8,1535.0,1550.55,1550.8,1563.05,175626,274287717.85,12683,LEGACY
2020-09-25,ALKEM,Alkem Laboratories,EQ,INE540L01014,2762.0,2825.0,2762.0,2802.35,2800.0,2788.45,135837,379993638.65,11997,LEGACY
2020-09-25,APLLTD,Alembic Pharmaceuticals,EQ,INE901L01018,959.75,959.75,930.1,955.1,956.75,930.25,307458,291316139.4,16945,LEGACY
2020-09-25,AUROPHARMA,Aurobindo Pharma,EQ,INE406A01037,754.0,783.7,746.25,772.1,771.9,743.75,4844749,3715075887.35,115098,LEGACY
2020-09-25,BIOCON,Biocon,EQ,INE376G01013,414.65,430.55,410.5,428.0,428.05,408.25,4535634,1920043872.1,62324,LEGACY
2020-09-25,CADILAHC,Cadila Healthcare,EQ,INE010B01027,379.0,389.1,375.5,385.5,385.5,376.3,3902803,1494259417.05,45375,LEGACY
2020-09-25,CIPLA,Cipla,EQ,INE059A01026,752.0,777.0,740.4,770.1,771.0,733.45,13365213,10164947967.65,187738,LEGACY
2020-09-25,DIVISLAB,Divi's Laboratories,EQ,INE361B01024,3060.0,3108.0,3004.65,3060.75,3051.0,3020.45,1595002,4878766748.75,78140,LEGACY
2020-09-25,DRREDDY,Dr. Reddy's Laboratories,EQ,INE089A01023,5120.0,5153.0,5044.0,5112.2,5118.0,5027.4,3514249,17930565248.3,176437,LEGACY
2020-09-25,GLAXO,GlaxoSmithKline Pharmaceuticals,EQ,INE159A01016,1550.1,1573.2,1540.0,1543.6,1542.0,1545.8,57963,89952437.9,3697,LEGACY
2020-09-25,GLENMARK,Glenmark Pharmaceuticals,EQ,INE935A01035,459.2,485.0,458.05,482.55,481.85,454.35,2923805,1386691380.45,42529,LEGACY
2020-09-25,GRANULES,Granules India,EQ,INE101D01020,395.0,395.0,370.05,375.95,378.0,360.6,7822294,2960475382.9,119231,LEGACY
2020-09-25,IPCALAB,IPCA Laboratories,EQ,INE571A01020,2081.3,2129.0,2046.05,2067.25,2062.0,2070.2,281298,584437835.7,53510,LEGACY
2020-09-25,JBCHEPHARM,JB Chemicals & Pharmaceuticals,EQ,INE572A01028,940.0,967.5,932.0,957.75,958.5,920.6,362029,344285837.95,22748,LEGACY
2020-09-25,LAURUSLABS,Laurus Labs,EQ,INE947Q01010,1320.0,1358.95,1278.1,1328.05,1334.0,1291.8,1638003,2169165199.45,69416,LEGACY
2020-09-25,LUPIN,Lupin,EQ,INE326A01037,987.0,1022.85,978.0,998.9,996.3,979.6,3803273,3813401670.85,65211,LEGACY
2020-09-25,NATCOPHARM,Natco Pharma,EQ,INE987B01026,869.9,905.5,851.25,886.7,882.0,851.95,746329,656098011.5,22423,LEGACY
2020-09-25,PEL,Piramal Enterprises,EQ,INE140A01024,1200.0,1253.85,1183.25,1246.35,1248.0,1193.75,1157602,1410338701.7,41264,LEGACY
2020-09-25,PFIZER,Pfizer,EQ,INE182A01018,4905.05,4948.95,4867.05,4919.5,4940.0,4881.0,22065,108331131.15,3769,LEGACY
2020-09-25,SANOFI,Sanofi India,EQ,INE058A01010,8400.0,8631.65,8301.3,8510.45,8480.0,8387.0,16657,140010039.7,4683,LEGACY
2020-09-25,STAR,Strides Pharma Science,EQ,INE939A01011,650.0,666.9,647.0,661.45,657.0,641.35,784438,516237387.55,27351,LEGACY
2020-09-25,SUNPHARMA,Sun Pharmaceutical Industries,EQ,INE044A01036,496.0,496.0,483.85,489.65,489.3,485.8,9665296,4736415110.1,101341,LEGACY
2020-09-25,TORNTPHARM,Torrent Pharmaceuticals,EQ,INE685A01028,2673.9,2729.0,2630.0,2719.25,2721.05,2650.25,615197,1648634307.25,33595,LEGACY
2020-09-25,WOCKPHARMA,Wockhardt,EQ,INE049B01025,270.35,276.4,266.15,275.1,276.0,267.9,259779,70774338.65,7799,LEGACY
2020-09-28,ABBOTINDIA,Abbott India,EQ,INE358A01014,16315.15,16499.95,16168.0,16318.2,16350.0,16237.75,6713,109959201.6,2237,LEGACY
2020-09-28,AJANTPHARM,Ajanta Pharma,EQ,INE031B01049,1565.0,1616.0,1555.2,1589.6,1586.7,1550.55,148032,233844627.35,8099,LEGACY
2020-09-28,ALKEM,Alkem Laboratories,EQ,INE540L01014,2881.0,2898.0,2749.2,2775.45,2750.0,2802.35,278899,784580609.3,21203,LEGACY
2020-09-28,APLLTD,Alembic Pharmaceuticals,EQ,INE901L01018,956.75,989.0,956.0,985.6,984.1,955.1,463411,453619223.85,25677,LEGACY
2020-09-28,AUROPHARMA,Aurobindo Pharma,EQ,INE406A01037,779.8,803.9,768.0,800.7,803.0,772.1,3315484,2609208943.85,68220,LEGACY
2020-09-28,BIOCON,Biocon,EQ,INE376G01013,430.0,452.2,428.1,450.4,450.0,428.0,7268448,3214721626.45,78466,LEGACY
2020-09-28,CADILAHC,Cadila Healthcare,EQ,INE010B01027,389.1,392.55,381.35,390.6,390.05,385.5,3623432,1403752964.05,33344,LEGACY
2020-09-28,CIPLA,Cipla,EQ,INE059A01026,772.1,778.0,755.6,774.8,773.0,770.1,9291117,7140372438.35,137578,LEGACY
2020-09-28,DIVISLAB,Divi's Laboratories,EQ,INE361B01024,3100.0,3130.0,3021.65,3097.15,3089.0,3060.75,1269287,3908439953.15,59254,LEGACY
2020-09-28,DRREDDY,Dr. Reddy's Laboratories,EQ,INE089A01023,5199.95,5200.0,5090.8,5129.85,5125.0,5112.2,2497630,12836192639.6,117300,LEGACY
2020-09-28,GLAXO,GlaxoSmithKline Pharmaceuticals,EQ,INE159A01016,1560.0,1590.55,1535.0,1576.85,1573.85,1543.6,109121,170800269.3,8187,LEGACY
2020-09-28,GLENMARK,Glenmark Pharmaceuticals,EQ,INE935A01035,483.0,498.6,471.25,495.6,494.9,482.55,3585876,1749971882.15,51597,LEGACY
2020-09-28,GRANULES,Granules India,EQ,INE101D01020,383.0,405.0,382.0,399.9,399.1,375.95,9872084,3920100556.15,132552,LEGACY
2020-09-28,IPCALAB,IPCA Laboratories,EQ,INE571A01020,2101.9,2110.0,2070.0,2078.25,2075.0,2067.25,115283,240703580.75,14411,LEGACY
2020-09-28,JBCHEPHARM,JB Chemicals & Pharmaceuticals,EQ,INE572A01028,977.0,1026.95,957.95,1018.0,1022.0,957.75,600625,596967945.55,25036,LEGACY
2020-09-28,LAURUSLABS,Laurus Labs,EQ,INE947Q01010,1355.0,1460.85,1355.0,1460.85,1460.85,1328.05,2140676,3054574287.9,65173,LEGACY
2020-09-28,LUPIN,Lupin,EQ,INE326A01037,1008.6,1014.9,981.0,1008.95,1004.75,998.9,4089267,4085085460.65,84559,LEGACY
2020-09-28,NATCOPHARM,Natco Pharma,EQ,INE987B01026,893.8,996.0,878.05,938.55,939.2,886.7,2462649,2340085615.65,84595,LEGACY
2020-09-28,PEL,Piramal Enterprises,EQ,INE140A01024,1260.0,1296.0,1244.35,1283.3,1280.0,1246.35,1074244,1367529828.2,32301,LEGACY
2020-09-28,PFIZER,Pfizer,EQ,INE182A01018,5100.0,5150.0,4990.05,5017.05,5019.0,4919.5,94821,478659221.3,13421,LEGACY
2020-09-28,SANOFI,Sanofi India,EQ,INE058A01010,8510.0,8644.0,8431.1,8480.9,8489.9,8510.45,33532,285326315.3,4529,LEGACY
2020-09-28,STAR,Strides Pharma Science,EQ,INE939A01011,667.45,718.0,661.5,707.45,704.0,661.45,2053154,1419867795.8,54689,LEGACY
2020-09-28,SUNPHARMA,Sun Pharmaceutical Industries,EQ,INE044A01036,495.0,512.0,488.5,510.1,509.9,489.65,12222648,6117889476.95,120034,LEGACY
2020-09-28,TORNTPHARM,Torrent Pharmaceuticals,EQ,INE685A01028,2730.0,2746.15,2647.25,2693.45,2698.5,2719.25,656293,1768479660.0,31693,LEGACY
2020-09-28,WOCKPHARMA,Wockhardt,EQ,INE049B01025,277.45,286.0,275.5,280.8,280.95,275.1,298504,83581619.8,8124,LEGACY
2020-09-29,ABBOTINDIA,Abbott India,EQ,INE358A01014,16443.65,16510.1,16111.6,16402.0,16315.25,16318.2,7072,115648626.45,2674,LEGACY
2020-09-29,AJANTPHARM,Ajanta Pharma,EQ,INE031B01049,1604.6,1621.9,1581.0,1592.25,1582.05,1589.6,129351,207239300.45,8665,LEGACY
2020-09-29,ALKEM,Alkem Laboratories,EQ,INE540L01014,2806.95,2830.0,2765.0,2775.45,2772.6,2775.45,172734,482647596.4,17449,LEGACY
2020-09-29,APLLTD,Alembic Pharmaceuticals,EQ,INE901L01018,989.0,996.0,945.0,950.15,949.0,985.6,368134,355011866.2,16888,LEGACY
2020-09-29,AUROPHARMA,Aurobindo Pharma,EQ,INE406A01037,805.0,809.9,790.35,796.55,796.6,800.7,3107037,2482153211.9,63625,LEGACY
2020-09-29,BIOCON,Biocon,EQ,INE376G01013,452.0,462.8,449.15,455.5,453.6,450.4,8425414,3842978720.3,101633,LEGACY
2020-09-29,CADILAHC,Cadila Healthcare,EQ,INE010B01027,388.1,394.8,385.35,387.8,386.75,390.6,3888455,1513701635.1,32021,LEGACY
2020-09-29,CIPLA,Cipla,EQ,INE059A01026,777.6,786.0,759.05,762.35,760.45,774.8,6583112,5060771624.0,92404,LEGACY
2020-09-29,DIVISLAB,Divi's Laboratories,EQ,INE361B01024,3100.0,3139.0,3048.65,3061.9,3061.9,3097.15,1187340,3662173665.2,51837,LEGACY
2020-09-29,DRREDDY,Dr. Reddy's Laboratories,EQ,INE089A01023,5130.0,5154.95,5066.4,5084.2,5071.95,5129.85,1429998,7301700449.25,68848,LEGACY
2020-09-29,GLAXO,GlaxoSmithKline Pharmaceuticals,EQ,INE159A01016,1584.0,1595.0,1562.55,1574.2,1574.95,1576.85,57096,89962319.8,3821,LEGACY
2020-09-29,GLENMARK,Glenmark Pharmaceuticals,EQ,INE935A01035,496.0,501.0,482.4,485.7,486.0,495.6,2332249,1142570294.6,35358,LEGACY
2020-09-29,GRANULES,Granules India,EQ,INE101D01020,403.7,406.9,385.1,389.95,388.8,399.9,4680643,1858453137.25,57390,LEGACY
2020-09-29,IPCALAB,IPCA Laboratories,EQ,INE571A01020,2098.0,2174.95,2038.0,2110.85,2172.0,2078.25,294892,613270093.2,19799,LEGACY
2020-09-29,JBCHEPHARM,JB Chemicals & Pharmaceuticals,EQ,INE572A01028,1031.15,1035.0,975.0,992.7,994.0,1018.0,284486,283191557.2,16108,LEGACY
2020-09-29,LAURUSLABS,Laurus Labs,EQ,INE947Q01010,299.0,306.95,283.5,289.2,289.35,1460.85,7421623,2180154983.55,130820,LEGACY
2020-09-29,LUPIN,Lupin,EQ,INE326A01037,1014.0,1014.0,994.0,998.15,994.05,1008.95,2642148,2644690560.0,42551,LEGACY
2020-09-29,NATCOPHARM,Natco Pharma,EQ,INE987B01026,945.95,988.7,924.05,955.35,963.1,938.55,2969994,2854769768.65,104548,LEGACY
2020-09-29,PEL,Piramal Enterprises,EQ,INE140A01024,1295.8,1313.45,1239.0,1252.5,1248.65,1283.3,1467786,1868552157.45,44042,LEGACY
2020-09-29,PFIZER,Pfizer,EQ,INE182A01018,5047.4,5050.0,4915.0,4948.1,4965.0,5017.05,39588,196458940.3,5858,LEGACY
2020-09-29,SANOFI,Sanofi India,EQ,INE058A01010,8576.0,8576.0,8401.0,8468.95,8490.0,8480.9,31331,265565975.65,4466,LEGACY
2020-09-29,STAR,Strides Pharma Science,EQ,INE939A01011,710.0,755.0,690.2,727.05,723.0,707.45,3711695,2707527704.4,92934,LEGACY
2020-09-29,SUNPHARMA,Sun Pharmaceutical Industries,EQ,INE044A01036,517.85,517.85,504.5,506.15,505.2,510.1,8592549,4379668352.7,89418,LEGACY
2020-09-29,TORNTPHARM,Torrent Pharmaceuticals,EQ,INE685A01028,2719.5,2779.95,2679.05,2711.2,2706.95,2693.45,1031824,2815848834.35,42874,LEGACY
2020-09-29,WOCKPHARMA,Wockhardt,EQ,INE049B01025,281.9,292.9,276.3,290.5,291.5,280.8,475486,136106117.7,13957,LEGACY
2020-09-30,ABBOTINDIA,Abbott India,EQ,INE358A01014,16365.0,16500.0,16235.35,16486.95,16498.0,16402.0,6371,104766670.0,3660,LEGACY
2020-09-30,AJANTPHARM,Ajanta Pharma,EQ,INE031B01049,1593.45,1622.95,1565.1,1613.6,1600.0,1592.25,146276,233724910.2,12880,LEGACY
2020-09-30,ALKEM,Alkem Laboratories,EQ,INE540L01014,2780.0,2814.35,2766.0,2777.95,2768.75,2775.45,166078,464368721.9,15330,LEGACY
2020-09-30,APLLTD,Alembic Pharmaceuticals,EQ,INE901L01018,955.0,964.0,933.25,938.05,936.0,950.15,214515,203704509.65,14300,LEGACY
2020-09-30,AUROPHARMA,Aurobindo Pharma,EQ,INE406A01037,796.55,820.0,791.25,796.5,794.4,796.55,4224666,3408126874.1,90368,LEGACY
2020-09-30,BIOCON,Biocon,EQ,INE376G01013,455.5,463.5,444.6,447.7,445.0,455.5,4767307,2167230369.3,60461,LEGACY
2020-09-30,CADILAHC,Cadila Healthcare,EQ,INE010B01027,388.05,406.5,386.0,395.05,395.8,387.8,7587170,3028291269.45,79722,LEGACY
2020-09-30,CIPLA,Cipla,EQ,INE059A01026,762.35,794.9,761.05,774.7,775.5,762.35,14333238,11205591551.35,200888,LEGACY
2020-09-30,DIVISLAB,Divi's Laboratories,EQ,INE361B01024,3089.0,3135.0,3040.0,3047.95,3052.0,3061.9,1416089,4364990038.1,80539,LEGACY
2020-09-30,DRREDDY,Dr. Reddy's Laboratories,EQ,INE089A01023,5100.0,5318.0,5085.0,5187.8,5182.0,5084.2,5395622,28277266870.4,256991,LEGACY
2020-09-30,GLAXO,GlaxoSmithKline Pharmaceuticals,EQ,INE159A01016,1581.9,1597.45,1565.0,1575.15,1576.7,1574.2,22669,35856440.2,2572,LEGACY
2020-09-30,GLENMARK,Glenmark Pharmaceuticals,EQ,INE935A01035,489.0,499.5,480.55,482.65,482.1,485.7,2870740,1406229753.15,40566,LEGACY
2020-09-30,GRANULES,Granules India,EQ,INE101D01020,391.7,392.95,380.75,383.8,384.0,389.95,3039337,1172713475.75,45800,LEGACY
2020-09-30,IPCALAB,IPCA Laboratories,EQ,INE571A01020,2150.0,2200.0,2130.0,2166.45,2174.0,2110.85,240072,517809310.35,27553,LEGACY
2020-09-30,JBCHEPHARM,JB Chemicals & Pharmaceuticals,EQ,INE572A01028,993.0,1000.0,975.5,988.3,982.2,992.7,196764,194545451.35,10907,LEGACY
2020-09-30,LAURUSLABS,Laurus Labs,EQ,INE947Q01028,290.0,294.9,285.1,287.15,286.5,289.2,2291483,663013708.7,56298,LEGACY
2020-09-30,LUPIN,Lupin,EQ,INE326A01037,1000.0,1025.0,992.25,1007.4,1006.15,998.15,5227238,5283864658.85,82559,LEGACY
2020-09-30,NATCOPHARM,Natco Pharma,EQ,INE987B01026,956.0,976.9,936.0,949.9,945.0,955.35,1358490,1310173494.75,53167,LEGACY
2020-09-30,PEL,Piramal Enterprises,EQ,INE140A01024,1265.0,1279.5,1245.0,1253.5,1248.6,1252.5,1284043,1624373109.7,35803,LEGACY
2020-09-30,PFIZER,Pfizer,EQ,INE182A01018,4985.7,5000.0,4890.05,4899.65,4905.0,4948.1,28258,139425044.35,6468,LEGACY
2020-09-30,SANOFI,Sanofi India,EQ,INE058A01010,8480.05,8695.2,8427.75,8640.65,8588.0,8468.95,16490,140992051.75,4099,LEGACY
2020-09-30,STAR,Strides Pharma Science,EQ,INE939A01011,720.0,754.0,711.05,719.55,720.0,727.05,2393229,1763723609.6,67366,LEGACY
2020-09-30,SUNPHARMA,Sun Pharmaceutical Industries,EQ,INE044A01036,508.0,516.2,498.3,500.45,500.6,506.15,12981977,6583974065.4,129764,LEGACY
2020-09-30,TORNTPHARM,Torrent Pharmaceuticals,EQ,INE685A01028,2729.45,2842.95,2707.6,2799.95,2800.0,2711.2,1462824,4104930135.45,71237,LEGACY
2020-09-30,WOCKPHARMA,Wockhardt,EQ,INE049B01025,292.0,302.3,291.0,294.6,294.5,290.5,578669,171273499.2,17938,LEGACY
2020-10-01,ABBOTINDIA,Abbott India,EQ,INE358A01014,16470.0,16595.0,16325.0,16384.9,16395.05,16486.95,6133,100705456.1,3114,LEGACY
2020-10-01,AJANTPHARM,Ajanta Pharma,EQ,INE031B01049,1615.9,1627.45,1560.05,1588.55,1604.0,1613.6,175572,278857186.75,13122,LEGACY
2020-10-01,ALKEM,Alkem Laboratories,EQ,INE540L01014,2784.0,2800.0,2727.25,2742.1,2745.0,2777.95,110657,304323602.85,14230,LEGACY
2020-10-01,APLLTD,Alembic Pharmaceuticals,EQ,INE901L01018,947.0,958.4,918.1,926.7,931.0,938.05,260059,244654289.7,12532,LEGACY
2020-10-01,AUROPHARMA,Aurobindo Pharma,EQ,INE406A01037,801.0,822.5,792.0,818.65,821.95,796.5,3752972,3039264514.6,73344,LEGACY
2020-10-01,BIOCON,Biocon,EQ,INE376G01013,450.55,456.95,444.3,452.65,454.0,447.7,2796965,1262029398.05,32872,LEGACY
2020-10-01,CADILAHC,Cadila Healthcare,EQ,INE010B01027,398.65,402.2,390.75,398.25,398.7,395.05,4531721,1799774416.35,40912,LEGACY
2020-10-01,CIPLA,Cipla,EQ,INE059A01026,779.8,781.0,765.75,773.0,775.8,774.7,5852563,4525251271.8,74871,LEGACY
2020-10-01,DIVISLAB,Divi's Laboratories,EQ,INE361B01024,3060.0,3097.7,3052.15,3064.9,3068.05,3047.95,740847,2276834445.15,36365,LEGACY
2020-10-01,DRREDDY,Dr. Reddy's Laboratories,EQ,INE089A01023,5225.0,5256.0,5088.4,5112.05,5120.0,5187.8,2277137,11723345882.7,110187,LEGACY
2020-10-01,GLAXO,GlaxoSmithKline Pharmaceuticals,EQ,INE159A01016,1580.0,1595.95,1561.3,1569.05,1565.0,1575.15,55333,86939355.05,3541,LEGACY
2020-10-01,GLENMARK,Glenmark Pharmaceuticals,EQ,INE935A01035,487.0,493.6,482.05,491.05,490.0,482.65,1755464,858333291.95,24484,LEGACY
2020-10-01,GRANULES,Granules India,EQ,INE101D01020,389.2,391.25,381.1,386.35,386.0,383.8,1991771,767437220.9,24204,LEGACY
2020-10-01,IPCALAB,IPCA Laboratories,EQ,INE571A01020,2189.9,2267.95,2168.0,2253.7,2264.9,2166.45,304845,679776356.05,41380,LEGACY
2020-10-01,JBCHEPHARM,JB Chemicals & Pharmaceuticals,EQ,INE572A01028,989.0,999.0,978.05,991.05,991.0,988.3,136376,134928557.6,11922,LEGACY
2020-10-01,LAURUSLABS,Laurus Labs,EQ,INE947Q01028,292.0,292.9,277.0,280.35,280.85,287.15,2261275,640118523.95,40613,LEGACY
2020-10-01,LUPIN,Lupin,EQ,INE326A01037,1031.0,1032.0,1007.0,1027.85,1028.15,1007.4,4893813,4993158472.45,61144,LEGACY
2020-10-01,NATCOPHARM,Natco Pharma,EQ,INE987B01026,973.0,973.5,921.6,937.85,932.05,949.9,631201,600505429.8,23308,LEGACY
2020-10-01,PEL,Piramal Enterprises,EQ,INE140A01024,1260.1,1315.9,1256.0,1297.2,1293.5,1253.5,2048511,2652957378.2,58549,LEGACY
2020-10-01,PFIZER,Pfizer,EQ,INE182A01018,4910.0,4932.0,4860.0,4901.75,4919.25,4899.65,33231,162395860.35,9939,LEGACY
2020-10-01,SANOFI,Sanofi India,EQ,INE058A01010,8740.0,8740.0,8505.3,8702.25,8679.95,8640.65,14173,122162702.9,4502,LEGACY
2020-10-01,STAR,Strides Pharma Science,EQ,INE939A01011,724.8,737.0,718.35,725.15,726.95,719.55,883497,643079495.0,30214,LEGACY
2020-10-01,SUNPHARMA,Sun Pharmaceutical Industries,EQ,INE044A01036,505.1,510.5,501.3,506.9,507.55,500.45,6733155,3406733561.15,72021,LEGACY
2020-10-01,TORNTPHARM,Torrent Pharmaceuticals,EQ,INE685A01028,2825.15,2849.0,2787.1,2817.2,2829.75,2799.95,571104,1611490333.25,23357,LEGACY
2020-10-01,WOCKPHARMA,Wockhardt,EQ,INE049B01025,296.0,304.55,296.0,302.85,302.5,294.6,497699,149901187.15,14431,LEGACY
2020-10-05,ABBOTINDIA,Abbott India,EQ,INE358A01014,16406.0,16575.0,15970.1,15991.6,16007.0,16384.9,13278,214680016.05,5499,LEGACY
2020-10-05,AJANTPHARM,Ajanta Pharma,EQ,INE031B01049,1605.05,1610.0,1581.1,1601.4,1600.0,1588.55,98397,157493227.1,6280,LEGACY
2020-10-05,ALKEM,Alkem Laboratories,EQ,INE540L01014,2769.0,2769.0,2714.1,2755.05,2755.0,2742.1,48450,133095093.55,5700,LEGACY
2020-10-05,APLLTD,Alembic Pharmaceuticals,EQ,INE901L01018,935.0,978.95,935.0,972.7,974.0,926.7,312789,299583999.4,12142,LEGACY
2020-10-05,AUROPHARMA,Aurobindo Pharma,EQ,INE406A01037,825.0,848.0,811.5,843.25,847.0,818.65,4185277,3479530442.6,84025,LEGACY
2020-10-05,BIOCON,Biocon,EQ,INE376G01013,453.6,460.0,448.0,458.35,458.7,452.65,2454225,1118277829.45,33679,LEGACY
2020-10-05,CADILAHC,Cadila Healthcare,EQ,INE010B01027,401.0,417.4,395.8,414.05,417.0,398.25,6566686,2680401751.75,64365,LEGACY
2020-10-05,CIPLA,Cipla,EQ,INE059A01026,776.0,784.05,762.05,778.65,781.95,773.0,6798053,5254043170.3,96798,LEGACY
2020-10-05,DIVISLAB,Divi's Laboratories,EQ,INE361B01024,3080.0,3145.0,3049.05,3126.2,3143.0,3064.9,1059435,3273834918.6,54331,LEGACY
2020-10-05,DRREDDY,Dr. Reddy's Laboratories,EQ,INE089A01023,5170.0,5190.0,5103.0,5159.5,5181.95,5112.05,1837683,9445526930.5,85213,LEGACY
2020-10-05,GLAXO,GlaxoSmithKline Pharmaceuticals,EQ,INE159A01016,1570.0,1585.0,1556.0,1567.45,1568.0,1569.05,52809,83139193.65,3438,LEGACY
2020-10-05,GLENMARK,Glenmark Pharmaceuticals,EQ,INE935A01035,491.0,499.0,483.4,497.2,498.75,491.05,2249378,1105166514.35,32514,LEGACY
2020-10-05,GRANULES,Granules India,EQ,INE101D01020,386.85,388.9,375.0,379.8,379.8,386.35,2766251,1053055638.0,45566,LEGACY
2020-10-05,IPCALAB,IPCA Laboratories,EQ,INE571A01020,2248.4,2250.0,2133.0,2151.15,2149.75,2253.7,270272,588144926.4,37679,LEGACY
2020-10-05,JBCHEPHARM,JB Chemicals & Pharmaceuticals,EQ,INE572A01028,999.8,1006.0,973.0,979.05,978.55,991.05,138842,137043362.2,10047,LEGACY
2020-10-05,LAURUSLABS,Laurus Labs,EQ,INE947Q01028,277.0,298.7,268.4,295.5,296.5,280.35,6090168,1737581480.55,94266,LEGACY
2020-10-05,LUPIN,Lupin,EQ,INE326A01037,1028.35,1048.0,1012.65,1038.2,1042.95,1027.85,2928370,3020283896.25,47070,LEGACY
2020-10-05,NATCOPHARM,Natco Pharma,EQ,INE987B01026,945.0,963.0,918.2,950.75,947.0,937.85,574599,541203245.85,23193,LEGACY
2020-10-05,PEL,Piramal Enterprises,EQ,INE140A01024,1304.75,1333.0,1296.05,1320.5,1319.2,1297.2,1091880,1437405639.3,35553,LEGACY
2020-10-05,PFIZER,Pfizer,EQ,INE182A01018,4929.0,4945.0,4863.05,4922.15,4930.0,4901.75,36935,181252918.85,4205,LEGACY
2020-10-05,SANOFI,Sanofi India,EQ,INE058A01010,8702.25,8752.2,8612.3,8664.2,8661.0,8702.25,16253,141070055.2,4731,LEGACY
2020-10-05,STAR,Strides Pharma Science,EQ,INE939A01011,728.8,736.8,716.05,725.45,728.55,725.15,708816,514064323.55,22687,LEGACY
2020-10-05,SUNPHARMA,Sun Pharmaceutical Industries,EQ,INE044A01036,507.0,525.1,503.8,523.1,524.1,506.9,8831632,4550209871.2,107993,LEGACY
2020-10-05,TORNTPHARM,Torrent Pharmaceuticals,EQ,INE685A01028,2817.2,2840.0,2761.2,2822.55,2830.5,2817.2,829804,2318347675.05,36561,LEGACY
2020-10-05,WOCKPHARMA,Wockhardt,EQ,INE049B01025,304.25,317.95,297.0,317.95,317.95,302.85,1224495,382782604.0,27098,LEGACY
2020-10-06,ABBOTINDIA,Abbott India,EQ,INE358A01014,16173.45,16173.45,15900.0,15975.35,15972.05,15991.6,7377,118119163.1,4102,LEGACY
2020-10-06,AJANTPHARM,Ajanta Pharma,EQ,INE031B01049,1616.0,1619.95,1580.0,1592.7,1588.75,1601.4,53645,85927981.3,3918,LEGACY
2020-10-06,ALKEM,Alkem Laboratories,EQ,INE540L01014,2777.0,2795.0,2743.0,2774.1,2775.0,2755.05,121541,337338957.45,9500,LEGACY
2020-10-06,APLLTD,Alembic Pharmaceuticals,EQ,INE901L01018,981.0,1002.8,962.65,997.25,990.0,972.7,428365,422681644.85,16756,LEGACY
2020-10-06,AUROPHARMA,Aurobindo Pharma,EQ,INE406A01037,846.9,849.9,833.8,836.8,836.4,843.25,2040016,1712440620.75,49910,LEGACY
2020-10-06,BIOCON,Biocon,EQ,INE376G01013,461.1,469.25,455.5,457.8,456.95,458.35,4423127,2040321690.1,57502,LEGACY
2020-10-06,CADILAHC,Cadila Healthcare,EQ,INE010B01027,417.55,423.45,412.4,415.35,415.8,414.05,6757564,2820548015.9,77119,LEGACY
2020-10-06,CIPLA,Cipla,EQ,INE059A01026,782.0,788.0,777.0,780.35,779.1,778.65,4789613,3743091548.9,74498,LEGACY
2020-10-06,DIVISLAB,Divi's Laboratories,EQ,INE361B01024,3160.0,3184.8,3141.45,3162.6,3160.9,3126.2,1403318,4437781687.0,50800,LEGACY
2020-10-06,DRREDDY,Dr. Reddy's Laboratories,EQ,INE089A01023,5159.5,5226.75,5112.2,5136.5,5136.0,5159.5,1690007,8731311398.85,89306,LEGACY
2020-10-06,GLAXO,GlaxoSmithKline Pharmaceuticals,EQ,INE159A01016,1577.25,1594.9,1571.05,1578.95,1578.0,1567.45,60446,95832279.2,7877,LEGACY
2020-10-06,GLENMARK,Glenmark Pharmaceuticals,EQ,INE935A01035,502.9,505.0,488.7,490.6,489.6,497.2,3124734,1548062461.05,47398,LEGACY
2020-10-06,GRANULES,Granules India,EQ,INE101D01020,382.4,388.7,376.55,382.6,382.0,379.8,2423750,927454126.75,31199,LEGACY
2020-10-06,IPCALAB,IPCA Laboratories,EQ,INE571A01020,2158.5,2171.8,2117.35,2138.8,2139.8,2151.15,190576,409103123.65,40182,LEGACY
2020-10-06,JBCHEPHARM,JB Chemicals & Pharmaceuticals,EQ,INE572A01028,987.9,989.8,967.35,970.15,970.0,979.05,165742,161249044.45,11372,LEGACY
2020-10-06,LAURUSLABS,Laurus Labs,EQ,INE947Q01028,300.6,317.85,298.2,311.2,311.7,295.5,8893952,2764100832.5,131650,LEGACY
2020-10-06,LUPIN,Lupin,EQ,INE326A01037,1045.6,1053.85,1021.7,1026.35,1026.9,1038.2,2631469,2729379577.15,44181,LEGACY
2020-10-06,NATCOPHARM,Natco Pharma,EQ,INE987B01026,958.0,964.45,941.25,949.25,944.15,950.75,361075,343471614.5,16815,LEGACY
2020-10-06,PEL,Piramal Enterprises,EQ,INE140A01024,1330.0,1359.0,1320.0,1349.55,1350.25,1320.5,999954,1336355948.8,34300,LEGACY
2020-10-06,PFIZER,Pfizer,EQ,INE182A01018,4940.0,4940.0,4885.0,4915.75,4923.95,4922.15,17483,85884281.0,3985,LEGACY
2020-10-06,SANOFI,Sanofi India,EQ,INE058A01010,8661.55,8786.85,8659.8,8748.4,8720.0,8664.2,10691,93487103.4,2792,LEGACY
2020-10-06,STAR,Strides Pharma Science,EQ,INE939A01011,731.6,741.0,722.1,727.75,726.95,725.45,729740,534030951.0,22351,LEGACY
2020-10-06,SUNPHARMA,Sun Pharmaceutical Industries,EQ,INE044A01036,526.0,527.6,519.0,521.05,521.0,523.1,8537289,4468254910.05,86735,LEGACY
2020-10-06,TORNTPHARM,Torrent Pharmaceuticals,EQ,INE685A01028,2830.35,2846.3,2806.55,2815.1,2811.9,2822.55,292185,824634977.2,12046,LEGACY
2020-10-06,WOCKPHARMA,Wockhardt,EQ,INE049B01025,320.95,330.7,315.65,323.8,323.5,317.95,1412075,457875828.1,30670,LEGACY
2020-10-07,ABBOTINDIA,Abbott India,EQ,INE358A01014,15972.0,16200.0,15955.0,16004.5,15991.45,15975.35,6556,105073571.3,2755,LEGACY
2020-10-07,AJANTPHARM,Ajanta Pharma,EQ,INE031B01049,1615.0,1646.45,1601.05,1630.6,1631.0,1592.7,300939,490714648.15,16404,LEGACY
2020-10-07,ALKEM,Alkem Laboratories,EQ,INE540L01014,2770.0,2823.0,2720.0,2731.55,2734.95,2774.1,239838,663189357.95,15849,LEGACY
2020-10-07,APLLTD,Alembic Pharmaceuticals,EQ,INE901L01018,1003.8,1016.45,975.0,980.8,978.1,997.25,552475,551760566.5,24114,LEGACY
2020-10-07,AUROPHARMA,Aurobindo Pharma,EQ,INE406A01037,836.7,848.9,818.05,823.2,825.0,836.8,3184092,2647583171.95,65937,LEGACY
2020-10-07,BIOCON,Biocon,EQ,INE376G01013,457.75,463.1,448.5,452.15,453.4,457.8,2382861,1082996846.55,32054,LEGACY
2020-10-07,CADILAHC,Cadila Healthcare,EQ,INE010B01027,416.75,420.35,405.3,412.85,414.6,415.35,4547165,1878017071.05,46286,LEGACY
2020-10-07,CIPLA,Cipla,EQ,INE059A01026,780.0,790.65,771.0,773.6,774.9,780.35,6086372,4734504778.3,89053,LEGACY
2020-10-07,DIVISLAB,Divi's Laboratories,EQ,INE361B01024,3190.0,3217.9,3151.15,3181.9,3172.65,3162.6,1304054,4151652237.85,69006,LEGACY
2020-10-07,DRREDDY,Dr. Reddy's Laboratories,EQ,INE089A01023,5145.0,5195.0,5093.2,5104.95,5110.0,5136.5,1582414,8124091721.8,77702,LEGACY
2020-10-07,GLAXO,GlaxoSmithKline Pharmaceuticals,EQ,INE159A01016,1587.0,1612.0,1575.0,1589.5,1588.25,1578.95,48981,78093880.45,3835,LEGACY
2020-10-07,GLENMARK,Glenmark Pharmaceuticals,EQ,INE935A01035,493.45,498.45,485.7,490.65,491.1,490.6,2319766,1140372741.65,34784,LEGACY
2020-10-07,GRANULES,Granules India,EQ,INE101D01020,382.3,383.6,374.05,375.35,374.8,382.6,2046024,774290147.95,29733,LEGACY
2020-10-07,IPCALAB,IPCA Laboratories,EQ,INE571A01020,2144.0,2188.0,2102.0,2123.65,2122.4,2138.8,227255,489979895.7,26701,LEGACY
2020-10-07,JBCHEPHARM,JB Chemicals & Pharmaceuticals,EQ,INE572A01028,976.8,1020.0,971.0,1000.45,999.0,970.15,436284,436978833.5,26899,LEGACY
2020-10-07,LAURUSLABS,Laurus Labs,EQ,INE947Q01028,312.0,328.0,312.0,326.0,327.8,311.2,8340710,2676675812.6,104586,LEGACY
2020-10-07,LUPIN,Lupin,EQ,INE326A01037,1031.6,1038.95,1018.4,1025.9,1029.0,1026.35,1833860,1885385991.25,30360,LEGACY
2020-10-07,NATCOPHARM,Natco Pharma,EQ,INE987B01026,940.0,946.0,928.7,930.45,930.4,949.25,415981,388752577.65,27599,LEGACY
2020-10-07,PEL,Piramal Enterprises,EQ,INE140A01024,1349.55,1360.45,1305.55,1319.4,1317.0,1349.55,1021214,1355316430.2,33859,LEGACY
2020-10-07,PFIZER,Pfizer,EQ,INE182A01018,4940.7,5000.0,4911.25,4957.7,4968.0,4915.75,48546,240555579.75,4691,LEGACY
2020-10-07,SANOFI,Sanofi India,EQ,INE058A01010,8778.0,8778.0,8574.3,8663.25,8660.0,8748.4,25726,222086200.6,5907,LEGACY
2020-10-07,STAR,Strides Pharma Science,EQ,INE939A01011,727.0,736.4,700.0,729.05,728.0,727.75,812921,592685573.55,26993,LEGACY
2020-10-07,SUNPHARMA,Sun Pharmaceutical Industries,EQ,INE044A01036,516.1,522.9,509.2,511.75,512.0,521.05,8346537,4296049954.15,86493,LEGACY
2020-10-07,TORNTPHARM,Torrent Pharmaceuticals,EQ,INE685A01028,2805.0,2855.0,2775.0,2811.75,2812.0,2815.1,509475,1435495016.9,32767,LEGACY
2020-10-07,WOCKPHARMA,Wockhardt,EQ,INE049B01025,323.95,326.95,311.8,315.25,311.8,323.8,764337,243624445.45,27206,LEGACY
2020-10-08,ABBOTINDIA,Abbott India,EQ,INE358A01014,16022.0,16100.0,15900.0,16058.8,16034.2,16004.5,5715,91451398.85,2231,LEGACY
2020-10-08,AJANTPHARM,Ajanta Pharma,EQ,INE031B01049,1638.8,1642.0,1590.25,1595.0,1599.9,1630.6,103842,167070327.9,8486,LEGACY
2020-10-08,ALKEM,Alkem Laboratories,EQ,INE540L01014,2746.95,2759.0,2725.0,2731.55,2735.0,2731.55,90367,247422361.95,10969,LEGACY
2020-10-08,APLLTD,Alembic Pharmaceuticals,EQ,INE901L01018,980.8,984.9,952.0,958.35,955.0,980.8,576324,554363364.55,20698,LEGACY
2020-10-08,AUROPHARMA,Aurobindo Pharma,EQ,INE406A01037,828.0,841.8,820.3,837.75,839.9,823.2,2810216,2338822251.75,62563,LEGACY
2020-10-08,BIOCON,Biocon,EQ,INE376G01013,453.0,473.75,451.15,469.15,472.0,452.15,4296616,1981893606.05,49218,LEGACY
2020-10-08,CADILAHC,Cadila Healthcare,EQ,INE010B01027,415.0,438.7,414.2,436.1,435.35,412.85,11801209,5068162835.8,122169,LEGACY
2020-10-08,CIPLA,Cipla,EQ,INE059A01026,775.0,815.6,774.9,811.45,812.1,773.6,12019994,9585982185.65,167524,LEGACY
2020-10-08,DIVISLAB,Divi's Laboratories,EQ,INE361B01024,3188.0,3255.0,3172.3,3231.45,3255.0,3181.9,1003283,3213015767.3,59033,LEGACY
2020-10-08,DRREDDY,Dr. Reddy's Laboratories,EQ,INE089A01023,5144.0,5214.8,5056.0,5194.4,5211.0,5104.95,2220562,11413053878.6,109282,LEGACY
2020-10-08,GLAXO,GlaxoSmithKline Pharmaceuticals,EQ,INE159A01016,1590.0,1598.95,1560.1,1563.1,1565.0,1589.5,56941,89459190.45,6769,LEGACY
2020-10-08,GLENMARK,Glenmark Pharmaceuticals,EQ,INE935A01035,495.4,502.7,490.65,499.95,501.6,490.65,3879880,1928119598.65,51629,LEGACY
2020-10-08,GRANULES,Granules India,EQ,INE101D01020,376.7,378.8,369.55,370.6,370.8,375.35,1795977,669233490.9,25447,LEGACY
2020-10-08,IPCALAB,IPCA Laboratories,EQ,INE571A01020,2136.6,2144.7,2103.0,2133.0,2130.5,2123.65,180116,383065027.0,21969,LEGACY
2020-10-08,JBCHEPHARM,JB Chemicals & Pharmaceuticals,EQ,INE572A01028,1011.0,1015.0,981.0,989.95,989.05,1000.45,215217,213347273.6,14543,LEGACY
2020-10-08,LAURUSLABS,Laurus Labs,EQ,INE947Q01028,331.4,343.3,327.4,338.3,339.65,326.0,9815898,3304013966.4,139376,LEGACY
2020-10-08,LUPIN,Lupin,EQ,INE326A01037,1030.9,1050.0,1013.3,1043.25,1048.0,1025.9,2859013,2951445346.05,57081,LEGACY
2020-10-08,NATCOPHARM,Natco Pharma,EQ,INE987B01026,920.45,948.7,917.9,940.3,942.0,930.45,432870,405054818.0,20891,LEGACY
2020-10-08,PEL,Piramal Enterprises,EQ,INE140A01024,1327.0,1340.1,1304.1,1317.8,1310.0,1319.4,808935,1069643427.15,28586,LEGACY
2020-10-08,PFIZER,Pfizer,EQ,INE182A01018,4970.0,5020.0,4930.0,5003.2,5004.0,4957.7,50391,250496511.4,6138,LEGACY
2020-10-08,SANOFI,Sanofi India,EQ,INE058A01010,8621.0,8713.7,8611.15,8640.5,8640.0,8663.25,16375,141649297.45,2470,LEGACY
2020-10-08,STAR,Strides Pharma Science,EQ,INE939A01011,724.0,731.75,686.3,695.3,691.0,729.05,846298,603354260.3,23572,LEGACY
2020-10-08,SUNPHARMA,Sun Pharmaceutical Industries,EQ,INE044A01036,514.6,526.0,511.75,524.1,523.25,511.75,9392759,4886382816.7,103338,LEGACY
2020-10-08,TORNTPHARM,Torrent Pharmaceuticals,EQ,INE685A01028,2815.0,2888.0,2811.6,2866.45,2872.0,2811.75,530955,1516285998.7,24399,LEGACY
2020-10-08,WOCKPHARMA,Wockhardt,EQ,INE049B01025,325.0,332.4,313.65,317.3,316.0,315.25,1809071,582413308.3,40848,LEGACY
2020-10-09,ABBOTINDIA,Abbott India,EQ,INE358A01014,16138.0,16300.0,16000.0,16036.05,16075.0,16058.8,5092,81873620.1,2309,LEGACY
2020-10-09,AJANTPHARM,Ajanta Pharma,EQ,INE031B01049,1608.0,1608.0,1564.05,1574.15,1568.0,1595.0,76561,121256679.25,7011,LEGACY
2020-10-09,ALKEM,Alkem Laboratories,EQ,INE540L01014,2741.0,2753.0,2705.55,2723.8,2720.25,2731.55,92636,252258322.95,6245,LEGACY
2020-10-09,APLLTD,Alembic Pharmaceuticals,EQ,INE901L01018,961.0,976.0,943.0,958.3,952.0,958.35,406664,390164088.65,27209,LEGACY
2020-10-09,AUROPHARMA,Aurobindo Pharma,EQ,INE406A01037,840.95,851.4,828.6,834.55,834.25,837.75,3332443,2797577660.3,73743,LEGACY
2020-10-09,BIOCON,Biocon,EQ,INE376G01013,473.5,478.0,449.5,451.9,451.5,469.15,8233144,3817591854.1,97429,LEGACY
2020-10-09,CADILAHC,Cadila Healthcare,EQ,INE010B01027,436.0,447.9,435.0,438.0,435.5,436.1,9872616,4353311579.95,110481,LEGACY
2020-10-09,CIPLA,Cipla,EQ,INE059A01026,813.0,825.0,800.35,803.15,804.65,811.45,11673228,9491307203.9,162961,LEGACY
2020-10-09,DIVISLAB,Divi's Laboratories,EQ,INE361B01024,3255.0,3269.9,3180.1,3190.0,3191.7,3231.45,952510,3065113186.25,66038,LEGACY
2020-10-09,DRREDDY,Dr. Reddy's Laboratories,EQ,INE089A01023,5151.0,5258.0,5136.0,5153.0,5158.0,5194.4,2333975,12107566976.35,116807,LEGACY
2020-10-09,GLAXO,GlaxoSmithKline Pharmaceuticals,EQ,INE159A01016,1570.85,1583.6,1545.0,1557.8,1572.0,1563.1,776156,1210777622.2,5272,LEGACY
2020-10-09,GLENMARK,Glenmark Pharmaceuticals,EQ,INE935A01035,504.0,506.15,489.05,492.3,493.0,499.95,2813791,1397515414.3,39387,LEGACY
2020-10-09,GRANULES,Granules India,EQ,INE101D01020,372.0,384.0,370.0,378.2,378.1,370.6,3441210,1303068306.0,37151,LEGACY
2020-10-09,IPCALAB,IPCA Laboratories,EQ,INE571A01020,2139.9,2148.6,2096.0,2105.85,2105.0,2133.0,164549,348459465.3,29047,LEGACY
2020-10-09,JBCHEPHARM,JB Chemicals & Pharmaceuticals,EQ,INE572A01028,991.0,1000.0,970.0,979.95,984.1,989.95,179373,176202303.95,15710,LEGACY
2020-10-09,LAURUSLABS,Laurus Labs,EQ,INE947Q01028,340.0,342.0,325.25,326.55,326.15,338.3,5047594,1668712982.4,83933,LEGACY
2020-10-09,LUPIN,Lupin,EQ,INE326A01037,1048.65,1055.85,1025.0,1029.2,1028.0,1043.25,2443002,2538554568.6,42342,LEGACY
2020-10-09,NATCOPHARM,Natco Pharma,EQ,INE987B01026,942.25,947.9,931.25,940.5,940.0,940.3,205549,193168928.45,10588,LEGACY
2020-10-09,PEL,Piramal Enterprises,EQ,INE140A01024,1325.95,1336.85,1292.4,1319.8,1320.1,1317.8,1969367,2591111440.6,59973,LEGACY
2020-10-09,PFIZER,Pfizer,EQ,INE182A01018,5008.8,5027.15,4966.0,5021.9,5016.0,5003.2,33462,167651109.3,4752,LEGACY
2020-10-09,SANOFI,Sanofi India,EQ,INE058A01010,8650.0,8677.0,8551.1,8629.15,8641.0,8640.5,11179,96258359.9,1583,LEGACY
2020-10-09,STAR,Strides Pharma Science,EQ,INE939A01011,697.0,716.4,695.0,709.65,709.2,695.3,727863,515988242.5,20764,LEGACY
2020-10-09,SUNPHARMA,Sun Pharmaceutical Industries,EQ,INE044A01036,525.0,529.3,511.05,512.9,513.0,524.1,11469442,5940235393.55,111871,LEGACY
2020-10-09,TORNTPHARM,Torrent Pharmaceuticals,EQ,INE685A01028,2893.0,2934.0,2790.0,2799.7,2799.95,2866.45,1139546,3258941512.5,48611,LEGACY
2020-10-09,WOCKPHARMA,Wockhardt,EQ,INE049B01025,318.45,324.15,312.0,317.0,317.0,317.3,696441,221430793.1,14373,LEGACY
2020-10-13,ABBOTINDIA,Abbott India,EQ,INE358A01014,16171.15,16300.0,16080.0,16253.2,16282.0,16110.3,5300,85846462.4,2073,LEGACY
2020-10-13,AJANTPHARM,Ajanta Pharma,EQ,INE031B01049,1547.05,1595.0,1545.0,1565.2,1569.9,1556.1,86444,136047803.55,5709,LEGACY
2020-10-13,ALKEM,Alkem Laboratories,EQ,INE540L01014,2706.0,2730.0,2662.0,2685.4,2690.0,2707.8,116579,313332590.3,13957,LEGACY
2020-10-13,APLLTD,Alembic Pharmaceuticals,EQ,INE901L01018,948.0,968.0,941.2,962.65,962.45,941.15,242488,232330464.5,10974,LEGACY
2020-10-13,AUROPHARMA,Aurobindo Pharma,EQ,INE406A01037,830.0,844.0,805.6,810.05,807.5,834.15,2734003,2261223651.55,57259,LEGACY
2020-10-13,BIOCON,Biocon,EQ,INE376G01013,461.9,464.45,450.5,451.5,452.0,462.65,3674721,1680659160.05,46135,LEGACY
2020-10-13,CADILAHC,Cadila Healthcare,EQ,INE010B01027,438.5,446.3,427.2,430.1,428.9,441.5,5013352,2196681466.75,49904,LEGACY
2020-10-13,CIPLA,Cipla,EQ,INE059A01026,810.0,829.05,778.5,787.15,784.5,813.65,13964627,11306793695.9,166539,LEGACY
2020-10-13,DIVISLAB,Divi's Laboratories,EQ,INE361B01024,3214.0,3248.0,3121.1,3139.15,3135.45,3207.25,1080397,3447054872.35,45989,LEGACY
2020-10-13,DRREDDY,Dr. Reddy's Laboratories,EQ,INE089A01023,5230.0,5322.8,5157.85,5168.75,5165.0,5220.5,3363975,17675202940.95,154790,LEGACY
2020-10-13,GLAXO,GlaxoSmithKline Pharmaceuticals,EQ,INE159A01016,1590.0,1611.75,1560.0,1563.75,1564.0,1588.6,50835,80495775.15,4998,LEGACY
2020-10-13,GLENMARK,Glenmark Pharmaceuticals,EQ,INE935A01035,494.8,509.55,490.0,490.85,490.4,495.55,3901091,1950481070.3,51737,LEGACY
2020-10-13,GRANULES,Granules India,EQ,INE101D01020,396.0,405.95,390.5,393.45,392.5,393.0,4627602,1845015872.3,53806,LEGACY
2020-10-13,IPCALAB,IPCA Laboratories,EQ,INE571A01020,2124.9,2139.0,2102.0,2124.6,2126.15,2117.55,109040,230989732.9,16101,LEGACY
2020-10-13,JBCHEPHARM,JB Chemicals & Pharmaceuticals,EQ,INE572A01028,959.35,1015.0,945.2,1005.85,1005.1,954.2,367787,367862725.15,30091,LEGACY
2020-10-13,LAURUSLABS,Laurus Labs,EQ,INE947Q01028,333.5,337.0,324.05,327.4,325.9,332.1,3559887,1177086506.95,46549,LEGACY
2020-10-13,LUPIN,Lupin,EQ,INE326A01037,1050.0,1087.8,1045.3,1055.2,1050.9,1046.5,9418825,10103721166.85,142531,LEGACY
2020-10-13,NATCOPHARM,Natco Pharma,EQ,INE987B01026,926.0,948.0,921.1,941.7,942.95,924.1,405180,380971003.8,13284,LEGACY
2020-10-13,PEL,Piramal Enterprises,EQ,INE140A01024,1314.4,1315.0,1268.35,1277.9,1278.9,1314.4,1305705,1685224296.6,41910,LEGACY
2020-10-13,PFIZER,Pfizer,EQ,INE182A01018,4999.9,5020.0,4957.9,4997.05,5000.05,5002.8,21044,104992795.3,2756,LEGACY
2020-10-13,SANOFI,Sanofi India,EQ,INE058A01010,8484.0,8590.35,8484.0,8539.2,8590.35,8548.2,6388,54471672.65,1531,LEGACY
2020-10-13,STAR,Strides Pharma Science,EQ,INE939A01011,718.9,743.0,717.0,738.15,735.0,716.3,1209941,887041978.2,35724,LEGACY
2020-10-13,SUNPHARMA,Sun Pharmaceutical Industries,EQ,INE044A01036,514.0,519.95,501.6,503.15,503.5,513.9,8851581,4521746291.35,83678,LEGACY
2020-10-13,TORNTPHARM,Torrent Pharmaceuticals,EQ,INE685A01028,2840.8,2896.0,2807.0,2813.8,2819.8,2840.8,446646,1274599905.5,20574,LEGACY
2020-10-13,WOCKPHARMA,Wockhardt,EQ,INE049B01025,309.2,315.55,306.1,311.2,311.5,307.65,496137,154400638.1,10255,LEGACY
2020-10-14,ABBOTINDIA,Abbott India,EQ,INE358A01014,16160.0,16230.1,15950.0,16004.2,16020.7,16253.2,4072,65584183.65,1978,LEGACY
2020-10-14,AJANTPHARM,Ajanta Pharma,EQ,INE031B01049,1569.9,1584.0,1549.95,1564.9,1561.0,1565.2,128066,199379218.3,11188,LEGACY
2020-10-14,ALKEM,Alkem Laboratories,EQ,INE540L01014,2685.4,2715.35,2655.9,2675.95,2700.15,2685.4,127997,344000682.8,12295,LEGACY
2020-10-14,APLLTD,Alembic Pharmaceuticals,EQ,INE901L01018,964.9,972.0,945.1,957.75,960.35,962.65,235345,225987725.2,12826,LEGACY
2020-10-14,AUROPHARMA,Aurobindo Pharma,EQ,INE406A01037,808.0,816.0,793.25,810.4,809.25,810.05,3299681,2658890995.4,64775,LEGACY
2020-10-14,BIOCON,Biocon,EQ,INE376G01013,452.0,453.45,444.65,446.7,446.1,451.5,3073379,1377150243.15,40237,LEGACY
2020-10-14,CADILAHC,Cadila Healthcare,EQ,INE010B01027,428.5,433.6,422.35,430.55,428.45,430.1,3974124,1703993155.15,36027,LEGACY
2020-10-14,CIPLA,Cipla,EQ,INE059A01026,788.8,794.55,766.8,781.5,780.15,787.15,8675723,6773882697.9,111479,LEGACY
2020-10-14,DIVISLAB,Divi's Laboratories,EQ,INE361B01024,3156.0,3162.0,3103.0,3130.45,3131.8,3139.15,792943,2485333731.7,34025,LEGACY
2020-10-14,DRREDDY,Dr. Reddy's Laboratories,EQ,INE089A01023,5175.0,5219.75,5090.85,5123.0,5120.2,5168.75,1864628,9590419210.45,95324,LEGACY
2020-10-14,GLAXO,GlaxoSmithKline Pharmaceuticals,EQ,INE159A01016,1563.75,1580.6,1541.0,1544.9,1542.0,1563.75,57925,89755226.65,4816,LEGACY
2020-10-14,GLENMARK,Glenmark Pharmaceuticals,EQ,INE935A01035,493.0,496.8,471.6,486.4,485.05,490.85,3727822,1807017656.2,50998,LEGACY
2020-10-14,GRANULES,Granules India,EQ,INE101D01020,391.95,392.25,381.2,384.3,383.75,393.45,1303620,501419331.7,19108,LEGACY
2020-10-14,IPCALAB,IPCA Laboratories,EQ,INE571A01020,2129.0,2134.05,2093.65,2108.2,2099.8,2124.6,136563,287875602.1,18833,LEGACY
2020-10-14,JBCHEPHARM,JB Chemicals & Pharmaceuticals,EQ,INE572A01028,1000.0,1056.0,992.0,1041.0,1043.0,1005.85,374917,388572612.95,28124,LEGACY
2020-10-14,LAURUSLABS,Laurus Labs,EQ,INE947Q01028,326.45,327.8,317.0,325.45,323.9,327.4,3521267,1138144709.2,44932,LEGACY
2020-10-14,LUPIN,Lupin,EQ,INE326A01037,1061.0,1061.45,1022.55,1036.2,1037.25,1055.2,3491057,3621491483.95,56119,LEGACY
2020-10-14,NATCOPHARM,Natco Pharma,EQ,INE987B01026,944.9,944.9,892.35,901.2,901.95,941.7,817563,743496839.75,26031,LEGACY
2020-10-14,PEL,Piramal Enterprises,EQ,INE140A01024,1265.0,1307.85,1254.25,1299.65,1300.0,1277.9,1087323,1388396522.35,35352,LEGACY
2020-10-14,PFIZER,Pfizer,EQ,INE182A01018,5010.0,5020.0,4951.1,5004.1,5006.0,4997.05,28700,143415602.1,2958,LEGACY
2020-10-14,SANOFI,Sanofi India,EQ,INE058A01010,8539.0,8580.5,8412.3,8524.8,8490.0,8539.2,20283,173226708.65,3698,LEGACY
2020-10-14,STAR,Strides Pharma Science,EQ,INE939A01011,740.0,764.4,730.1,742.25,740.15,738.15,1471712,1098970952.0,38848,LEGACY
2020-10-14,SUNPHARMA,Sun Pharmaceutical Industries,EQ,INE044A01036,503.15,507.5,493.3,502.2,501.7,503.15,7640410,3816444630.4,104395,LEGACY
2020-10-14,TORNTPHARM,Torrent Pharmaceuticals,EQ,INE685A01028,2824.4,2827.55,2746.05,2758.45,2760.45,2813.8,437622,1213411547.7,20925,LEGACY
2020-10-14,WOCKPHARMA,Wockhardt,EQ,INE049B01025,310.7,312.8,304.4,308.35,307.75,311.2,273232,84132403.1,7853,LEGACY
2020-10-15,ABBOTINDIA,Abbott India,EQ,INE358A01014,16065.0,16230.05,15901.0,15957.45,15970.0,16004.2,7127,114570201.95,2922,LEGACY
2020-10-15,AJANTPHARM,Ajanta Pharma,EQ,INE031B01049,1569.0,1591.0,1537.85,1546.85,1543.0,1564.9,84277,131882749.75,8206,LEGACY
2020-10-15,ALKEM,Alkem Laboratories,EQ,INE540L01014,2695.2,2700.0,2651.0,2659.35,2664.75,2675.95,34323,91531683.6,5520,LEGACY
2020-10-15,APLLTD,Alembic Pharmaceuticals,EQ,INE901L01018,960.0,961.0,941.0,949.1,948.1,957.75,194887,185490974.95,6592,LEGACY
2020-10-15,AUROPHARMA,Aurobindo Pharma,EQ,INE406A01037,811.0,819.0,786.95,791.75,791.95,810.4,2430315,1956906873.55,52494,LEGACY
2020-10-15,BIOCON,Biocon,EQ,INE376G01013,448.05,451.0,431.4,433.45,433.45,446.7,3403035,1508623641.95,43134,LEGACY
2020-10-15,CADILAHC,Cadila Healthcare,EQ,INE010B01027,430.6,433.0,414.8,415.9,415.5,430.55,3828064,1621833116.25,36434,LEGACY
2020-10-15,CIPLA,Cipla,EQ,INE059A01026,780.65,788.0,762.9,768.3,769.8,781.5,6291197,4883306221.3,86109,LEGACY
2020-10-15,DIVISLAB,Divi's Laboratories,EQ,INE361B01024,3140.0,3150.0,3045.0,3111.4,3112.2,3130.45,992781,3083297454.9,45786,LEGACY
2020-10-15,DRREDDY,Dr. Reddy's Laboratories,EQ,INE089A01023,5148.65,5165.0,5020.1,5056.25,5070.0,5123.0,1768628,9007941524.05,82352,LEGACY
2020-10-15,GLAXO,GlaxoSmithKline Pharmaceuticals,EQ,INE159A01016,1552.6,1555.05,1511.35,1518.0,1517.1,1544.9,30867,47287848.3,5500,LEGACY
2020-10-15,GLENMARK,Glenmark Pharmaceuticals,EQ,INE935A01035,488.8,491.5,472.05,474.35,472.5,486.4,2644780,1271234598.3,35429,LEGACY
2020-10-15,GRANULES,Granules India,EQ,INE101D01020,384.0,394.25,375.3,380.2,380.0,384.3,1878382,721434160.7,30364,LEGACY
2020-10-15,IPCALAB,IPCA Laboratories,EQ,INE571A01020,2115.0,2115.0,2061.85,2079.55,2095.0,2108.2,196848,409985291.25,21238,LEGACY
2020-10-15,JBCHEPHARM,JB Chemicals & Pharmaceuticals,EQ,INE572A01028,1050.0,1073.9,1031.05,1045.65,1047.0,1041.0,237344,249127949.05,20434,LEGACY
2020-10-15,LAURUSLABS,Laurus Labs,EQ,INE947Q01028,326.0,331.0,313.0,315.8,316.15,325.45,3464729,1116119334.25,49500,LEGACY
2020-10-15,LUPIN,Lupin,EQ,INE326A01037,1036.2,1042.0,996.15,1003.55,1005.0,1036.2,2854331,2918400808.7,42807,LEGACY
2020-10-15,NATCOPHARM,Natco Pharma,EQ,INE987B01026,906.95,918.0,865.8,876.6,882.0,901.2,446135,397323895.8,18693,LEGACY
2020-10-15,PEL,Piramal Enterprises,EQ,INE140A01024,1304.95,1313.0,1245.0,1251.45,1248.7,1299.65,1020424,1307937662.15,34069,LEGACY
2020-10-15,PFIZER,Pfizer,EQ,INE182A01018,5002.15,5010.0,4930.0,4967.9,4961.0,5004.1,39269,195295733.8,5935,LEGACY
2020-10-15,SANOFI,Sanofi India,EQ,INE058A01010,8524.0,8642.4,8473.5,8605.05,8600.0,8524.8,14509,124791205.65,3664,LEGACY
2020-10-15,STAR,Strides Pharma Science,EQ,INE939A01011,739.6,749.0,725.0,729.45,727.55,742.25,766620,563947907.85,24157,LEGACY
2020-10-15,SUNPHARMA,Sun Pharmaceutical Industries,EQ,INE044A01036,504.7,504.7,489.0,490.3,490.0,502.2,6605327,3276465582.05,73034,LEGACY
2020-10-15,TORNTPHARM,Torrent Pharmaceuticals,EQ,INE685A01028,2770.0,2790.1,2710.0,2721.2,2720.0,2758.45,401028,1102857471.35,17926,LEGACY
2020-10-15,WOCKPHARMA,Wockhardt,EQ,INE049B01025,308.0,313.2,293.5,295.9,296.0,308.35,369234,111791089.15,10382,LEGACY
2020-10-16,ABBOTINDIA,Abbott India,EQ,INE358A01014,15970.0,16180.8,15902.1,16031.45,15965.05,15957.45,4671,75071700.2,1860,LEGACY
2020-10-16,AJANTPHARM,Ajanta Pharma,EQ,INE031B01049,1532.0,1561.45,1526.1,1541.05,1545.0,1546.85,69060,106751416.7,6153,LEGACY
2020-10-16,ALKEM,Alkem Laboratories,EQ,INE540L01014,2682.65,2682.65,2630.0,2650.55,2651.9,2659.35,62747,166163929.9,9594,LEGACY
2020-10-16,APLLTD,Alembic Pharmaceuticals,EQ,INE901L01018,958.8,969.0,932.0,961.25,960.25,949.1,157938,150161096.25,9538,LEGACY
2020-10-16,AUROPHARMA,Aurobindo Pharma,EQ,INE406A01037,793.0,815.5,785.5,806.25,807.0,791.75,2608735,2094005735.15,58267,LEGACY
2020-10-16,BIOCON,Biocon,EQ,INE376G01013,435.0,449.5,434.05,447.9,447.85,433.45,4502795,2000236286.75,62187,LEGACY
2020-10-16,CADILAHC,Cadila Healthcare,EQ,INE010B01027,413.6,432.2,411.3,430.4,429.9,415.9,6973034,2968281416.15,70835,LEGACY
2020-10-16,CIPLA,Cipla,EQ,INE059A01026,766.95,787.5,758.4,782.35,780.6,768.3,9099048,7061888798.2,136886,LEGACY
2020-10-16,DIVISLAB,Divi's Laboratories,EQ,INE361B01024,3114.9,3232.9,3114.9,3222.7,3224.4,3111.4,1664500,5311072729.55,83823,LEGACY
2020-10-16,DRREDDY,Dr. Reddy's Laboratories,EQ,INE089A01023,5036.0,5125.0,5020.0,5080.55,5098.6,5056.25,2023115,10276759243.55,95508,LEGACY
2020-10-16,GLAXO,GlaxoSmithKline Pharmaceuticals,EQ,INE159A01016,1511.0,1569.05,1511.0,1517.25,1518.7,1518.0,77576,119389284.6,8010,LEGACY
2020-10-16,GLENMARK,Glenmark Pharmaceuticals,EQ,INE935A01035,475.7,500.45,469.0,490.9,491.05,474.35,5110313,2487004981.5,72045,LEGACY
2020-10-16,GRANULES,Granules India,EQ,INE101D01020,381.9,390.5,361.5,387.65,389.5,380.2,1889176,721330891.4,33210,LEGACY
2020-10-16,IPCALAB,IPCA Laboratories,EQ,INE571A01020,2083.95,2133.65,2071.0,2111.25,2100.65,2079.55,139109,291385592.05,16700,LEGACY
2020-10-16,JBCHEPHARM,JB Chemicals & Pharmaceuticals,EQ,INE572A01028,1051.0,1054.8,1010.05,1048.1,1052.0,1045.65,148741,154421040.1,11723,LEGACY
2020-10-16,LAURUSLABS,Laurus Labs,EQ,INE947Q01028,318.0,327.9,308.0,326.1,327.35,315.8,3519291,1128680695.6,46446,LEGACY
2020-10-16,LUPIN,Lupin,EQ,INE326A01037,1003.55,1045.9,998.0,1040.4,1036.8,1003.55,4437149,4554713042.95,75564,LEGACY
2020-10-16,NATCOPHARM,Natco Pharma,EQ,INE987B01026,884.5,895.9,872.0,890.65,891.3,876.6,355052,313772029.4,19558,LEGACY
2020-10-16,PEL,Piramal Enterprises,EQ,INE140A01024,1260.0,1294.95,1258.0,1291.35,1290.25,1251.45,1036302,1325158505.15,33460,LEGACY
2020-10-16,PFIZER,Pfizer,EQ,INE182A01018,4960.0,4984.0,4910.0,4974.05,4975.0,4967.9,17182,85086518.55,3214,LEGACY
2020-10-16,SANOFI,Sanofi India,EQ,INE058A01010,8630.0,8689.0,8591.0,8657.35,8642.0,8605.05,10270,88688343.6,2810,LEGACY
2020-10-16,STAR,Strides Pharma Science,EQ,INE939A01011,733.1,750.0,728.55,744.55,745.5,729.45,705608,522967908.7,22501,LEGACY
2020-10-16,SUNPHARMA,Sun Pharmaceutical Industries,EQ,INE044A01036,491.0,494.75,485.25,486.9,486.5,490.3,9086863,4444706991.6,87965,LEGACY
2020-10-16,TORNTPHARM,Torrent Pharmaceuticals,EQ,INE685A01028,2730.0,2775.0,2682.5,2744.2,2740.0,2721.2,477714,1301667311.3,25140,LEGACY
2020-10-16,WOCKPHARMA,Wockhardt,EQ,INE049B01025,296.9,302.4,293.0,296.45,296.4,295.9,250747,74573882.15,8354,LEGACY
2020-10-19,ABBOTINDIA,Abbott India,EQ,INE358A01014,16000.0,16167.75,15759.95,15808.35,15800.0,16031.45,8056,128243742.4,3401,LEGACY
2020-10-19,AJANTPHARM,Ajanta Pharma,EQ,INE031B01049,1544.0,1557.0,1516.0,1542.8,1545.0,1541.05,58603,90085382.9,5958,LEGACY
2020-10-19,ALKEM,Alkem Laboratories,EQ,INE540L01014,2650.1,2674.95,2633.5,2651.4,2635.0,2650.55,101717,269322205.6,7180,LEGACY
2020-10-19,APLLTD,Alembic Pharmaceuticals,EQ,INE901L01018,962.8,976.5,952.55,972.6,975.0,961.25,335557,324280206.55,9551,LEGACY
2020-10-19,AUROPHARMA,Aurobindo Pharma,EQ,INE406A01037,810.0,812.2,795.15,800.6,798.75,806.25,1740951,1395388459.0,36297,LEGACY
2020-10-19,BIOCON,Biocon,EQ,INE376G01013,448.5,448.5,434.3,437.9,438.0,447.9,3027835,1332833201.2,49437,LEGACY
2020-10-19,CADILAHC,Cadila Healthcare,EQ,INE010B01027,435.9,435.9,419.8,422.7,422.0,430.4,3621498,1539395710.0,36229,LEGACY
2020-10-19,CIPLA,Cipla,EQ,INE059A01026,783.0,784.1,762.15,764.0,763.9,782.35,4351957,3345500022.65,79257,LEGACY
2020-10-19,DIVISLAB,Divi's Laboratories,EQ,INE361B01024,3235.0,3246.9,3085.0,3093.4,3102.0,3222.7,1329702,4163157619.3,71704,LEGACY
2020-10-19,DRREDDY,Dr. Reddy's Laboratories,EQ,INE089A01023,5211.0,5215.0,5042.05,5058.15,5049.65,5080.55,2150734,10958263192.05,112496,LEGACY
2020-10-19,GLAXO,GlaxoSmithKline Pharmaceuticals,EQ,INE159A01016,1530.0,1546.9,1512.5,1518.2,1516.7,1517.25,54411,83338821.15,4868,LEGACY
2020-10-19,GLENMARK,Glenmark Pharmaceuticals,EQ,INE935A01035,493.4,494.95,474.0,476.7,478.5,490.9,3806531,1835412871.9,44181,LEGACY
2020-10-19,GRANULES,Granules India,EQ,INE101D01020,392.0,394.4,386.0,391.7,392.25,387.65,1329529,518829125.9,18159,LEGACY
2020-10-19,IPCALAB,IPCA Laboratories,EQ,INE571A01020,2122.0,2129.0,2073.25,2095.45,2095.1,2111.25,90252,188946571.8,13968,LEGACY
2020-10-19,JBCHEPHARM,JB Chemicals & Pharmaceuticals,EQ,INE572A01028,1048.1,1076.0,1026.15,1063.6,1064.5,1048.1,156199,164594257.2,17306,LEGACY
2020-10-19,LAURUSLABS,Laurus Labs,EQ,INE947Q01028,331.0,337.4,328.9,332.0,331.9,326.1,3612266,1204719415.1,51442,LEGACY
2020-10-19,LUPIN,Lupin,EQ,INE326A01037,1044.9,1046.0,1010.0,1014.2,1014.45,1040.4,2712791,2781933361.0,41020,LEGACY
2020-10-19,NATCOPHARM,Natco Pharma,EQ,INE987B01026,887.35,924.8,869.0,917.2,920.0,890.65,428867,383876405.0,17378,LEGACY
2020-10-19,PEL,Piramal Enterprises,EQ,INE140A01024,1302.8,1331.0,1300.2,1324.1,1323.85,1291.35,1315184,1734728879.15,37115,LEGACY
2020-10-19,PFIZER,Pfizer,EQ,INE182A01018,5001.0,5049.0,4976.1,4996.15,4985.0,4974.05,46808,234704105.05,5807,LEGACY
2020-10-19,SANOFI,Sanofi India,EQ,INE058A01010,8657.0,8730.0,8585.1,8655.7,8700.0,8657.35,16807,145359336.4,2443,LEGACY
2020-10-19,STAR,Strides Pharma Science,EQ,INE939A01011,749.0,757.0,736.1,747.7,750.1,744.55,836979,623366920.0,25202,LEGACY
2020-10-19,SUNPHARMA,Sun Pharmaceutical Industries,EQ,INE044A01036,489.95,490.9,480.9,483.65,484.5,486.9,5158876,2499651096.55,77427,LEGACY
2020-10-19,TORNTPHARM,Torrent Pharmaceuticals,EQ,INE685A01028,2739.8,2744.0,2662.2,2673.1,2676.0,2744.2,387302,1039087442.0,23606,LEGACY
2020-10-19,WOCKPHARMA,Wockhardt,EQ,INE049B01025,299.8,302.4,293.0,300.05,298.35,296.45,276545,82558647.8,7336,LEGACY
2020-10-20,ABBOTINDIA,Abbott India,EQ,INE358A01014,15890.0,15890.1,15731.0,15796.05,15800.0,15808.35,18997,300006783.85,3217,LEGACY
2020-10-20,AJANTPHARM,Ajanta Pharma,EQ,INE031B01049,1532.0,1584.95,1528.9,1574.9,1580.0,1542.8,69019,107689991.65,7088,LEGACY
2020-10-20,ALKEM,Alkem Laboratories,EQ,INE540L01014,2651.4,2704.95,2630.0,2665.7,2652.55,2651.4,89441,239339903.25,17078,LEGACY
2020-10-20,APLLTD,Alembic Pharmaceuticals,EQ,INE901L01018,975.5,989.4,961.0,981.6,977.6,972.6,267861,262059008.35,11205,LEGACY
2020-10-20,AUROPHARMA,Aurobindo Pharma,EQ,INE406A01037,799.5,812.6,795.5,800.3,799.0,800.6,2048537,1645318233.25,50401,LEGACY
2020-10-20,BIOCON,Biocon,EQ,INE376G01013,438.9,444.15,437.1,439.8,439.65,437.9,2325637,1023903609.65,28123,LEGACY
2020-10-20,CADILAHC,Cadila Healthcare,EQ,INE010B01027,420.0,430.95,417.35,428.2,428.0,422.7,4544341,1932256047.2,42732,LEGACY
2020-10-20,CIPLA,Cipla,EQ,INE059A01026,765.0,774.7,756.3,764.3,763.25,764.0,6029721,4616604211.55,91340,LEGACY
2020-10-20,DIVISLAB,Divi's Laboratories,EQ,INE361B01024,3102.0,3128.75,3071.0,3085.75,3090.0,3093.4,1348612,4181980272.2,70772,LEGACY
2020-10-20,DRREDDY,Dr. Reddy's Laboratories,EQ,INE089A01023,5056.95,5110.0,5030.95,5071.15,5071.75,5058.15,1380290,7006155398.35,72938,LEGACY
2020-10-20,GLAXO,GlaxoSmithKline Pharmaceuticals,EQ,INE159A01016,1528.0,1547.95,1518.0,1538.1,1544.0,1518.2,97454,150123175.3,3195,LEGACY
2020-10-20,GLENMARK,Glenmark Pharmaceuticals,EQ,INE935A01035,478.4,485.5,472.5,482.5,482.9,476.7,2510216,1206899313.9,34313,LEGACY
2020-10-20,GRANULES,Granules India,EQ,INE101D01020,392.0,404.0,382.5,391.95,391.0,391.7,6392865,2522603471.35,91332,LEGACY
2020-10-20,IPCALAB,IPCA Laboratories,EQ,INE571A01020,2093.0,2103.55,2065.0,2074.5,2065.0,2095.45,218616,454123705.05,20696,LEGACY
2020-10-20,JBCHEPHARM,JB Chemicals & Pharmaceuticals,EQ,INE572A01028,1065.6,1065.85,1028.0,1040.0,1036.2,1063.6,109884,114627662.15,14933,LEGACY
2020-10-20,LAURUSLABS,Laurus Labs,EQ,INE947Q01028,333.5,341.25,333.0,336.85,336.5,332.0,3719152,1254587258.65,48898,LEGACY
2020-10-20,LUPIN,Lupin,EQ,INE326A01037,1015.0,1029.75,1003.2,1008.7,1009.0,1014.2,2666057,2707517190.45,45181,LEGACY
2020-10-20,NATCOPHARM,Natco Pharma,EQ,INE987B01026,914.1,937.9,910.1,924.4,925.0,917.2,492226,456044300.15,14208,LEGACY
2020-10-20,PEL,Piramal Enterprises,EQ,INE140A01024,1319.1,1353.8,1310.35,1318.0,1315.5,1324.1,1468023,1961821261.35,45895,LEGACY
2020-10-20,PFIZER,Pfizer,EQ,INE182A01018,4996.15,5020.0,4960.0,5000.85,5002.75,4996.15,53834,269232689.1,6402,LEGACY
2020-10-20,SANOFI,Sanofi India,EQ,INE058A01010,8650.0,8650.0,8529.8,8558.45,8555.0,8655.7,21788,187151367.05,3864,LEGACY
2020-10-20,STAR,Strides Pharma Science,EQ,INE939A01011,747.7,759.0,741.15,752.8,750.25,747.7,667622,502162163.45,17873,LEGACY
2020-10-20,SUNPHARMA,Sun Pharmaceutical Industries,EQ,INE044A01036,484.95,488.55,480.4,486.35,486.65,483.65,5551108,2695307131.8,83453,LEGACY
2020-10-20,TORNTPHARM,Torrent Pharmaceuticals,EQ,INE685A01028,2673.1,2728.5,2649.0,2711.65,2704.05,2673.1,586593,1585343476.3,26015,LEGACY
2020-10-20,WOCKPHARMA,Wockhardt,EQ,INE049B01025,297.0,304.0,295.25,297.3,295.95,300.05,283409,84711797.85,7891,LEGACY
2020-10-21,ABBOTINDIA,Abbott India,EQ,INE358A01014,15843.5,16020.1,15715.75,15885.15,15940.0,15796.05,4699,74402896.2,2168,LEGACY
2020-10-21,AJANTPHARM,Ajanta Pharma,EQ,INE031B01049,1588.0,1610.0,1575.0,1603.35,1609.45,1574.9,175032,278891392.1,14026,LEGACY
2020-10-21,ALKEM,Alkem Laboratories,EQ,INE540L01014,2670.0,2678.9,2637.0,2650.8,2652.95,2665.7,72479,192035526.8,11788,LEGACY
2020-10-21,APLLTD,Alembic Pharmaceuticals,EQ,INE901L01018,982.05,1002.0,975.0,995.4,998.0,981.6,490843,483026105.35,26905,LEGACY
2020-10-21,AUROPHARMA,Aurobindo Pharma,EQ,INE406A01037,803.0,808.95,792.0,806.2,806.0,800.3,2788840,2237289989.75,64098,LEGACY
2020-10-21,BIOCON,Biocon,EQ,INE376G01013,439.05,443.5,432.5,439.6,440.0,439.8,2393158,1052129486.9,29782,LEGACY
2020-10-21,CADILAHC,Cadila Healthcare,EQ,INE010B01027,428.2,432.45,418.1,426.35,425.0,428.2,3562497,1522654314.7,41082,LEGACY
2020-10-21,CIPLA,Cipla,EQ,INE059A01026,771.8,771.8,756.5,767.1,768.45,764.3,6932538,5303959271.65,108621,LEGACY
2020-10-21,DIVISLAB,Divi's Laboratories,EQ,INE361B01024,3098.0,3125.0,3015.0,3078.95,3073.9,3085.75,1234215,3795214399.85,57357,LEGACY
2020-10-21,DRREDDY,Dr. Reddy's Laboratories,EQ,INE089A01023,5096.55,5096.55,4906.55,5046.75,5030.3,5071.15,1601491,8061702749.45,94124,LEGACY
2020-10-21,GLAXO,GlaxoSmithKline Pharmaceuticals,EQ,INE159A01016,1538.15,1549.55,1507.6,1515.5,1516.0,1538.1,27938,42513857.3,3017,LEGACY
2020-10-21,GLENMARK,Glenmark Pharmaceuticals,EQ,INE935A01035,485.0,494.0,479.0,489.5,489.5,482.5,2329659,1135137401.6,31325,LEGACY
2020-10-21,GRANULES,Granules India,EQ,INE101D01020,397.1,403.8,382.0,386.35,385.7,391.95,2382583,935441609.25,36206,LEGACY
2020-10-21,IPCALAB,IPCA Laboratories,EQ,INE571A01020,2072.0,2079.35,2053.0,2075.75,2075.0,2074.5,106250,219621123.95,16249,LEGACY
2020-10-21,JBCHEPHARM,JB Chemicals & Pharmaceuticals,EQ,INE572A01028,1050.0,1054.7,1003.05,1022.0,1023.0,1040.0,115668,118425701.25,14911,LEGACY
2020-10-21,LAURUSLABS,Laurus Labs,EQ,INE947Q01028,340.0,341.9,326.0,333.85,332.7,336.85,2923490,982122023.6,34975,LEGACY
2020-10-21,LUPIN,Lupin,EQ,INE326A01037,1012.0,1014.9,988.0,1002.55,1001.3,1008.7,3132940,3147338046.85,51047,LEGACY
2020-10-21,NATCOPHARM,Natco Pharma,EQ,INE987B01026,929.0,936.45,917.9,929.9,928.2,924.4,273460,253752177.7,13419,LEGACY
2020-10-21,PEL,Piramal Enterprises,EQ,INE140A01024,1320.0,1344.65,1298.3,1316.75,1314.25,1318.0,1268464,1677993289.25,34471,LEGACY
2020-10-21,PFIZER,Pfizer,EQ,INE182A01018,5025.0,5048.95,4980.0,5010.7,4996.1,5000.85,36136,181132740.35,3095,LEGACY
2020-10-21,SANOFI,Sanofi India,EQ,INE058A01010,8558.0,8588.8,8320.0,8341.6,8339.0,8558.45,36689,310971804.65,3603,LEGACY
2020-10-21,STAR,Strides Pharma Science,EQ,INE939A01011,756.6,756.6,721.0,729.75,723.0,752.8,442633,327647857.8,13073,LEGACY
2020-10-21,SUNPHARMA,Sun Pharmaceutical Industries,EQ,INE044A01036,489.0,492.2,481.5,490.2,491.2,486.35,7270052,3542030018.2,80122,LEGACY
2020-10-21,TORNTPHARM,Torrent Pharmaceuticals,EQ,INE685A01028,2719.25,2731.95,2681.5,2702.9,2700.0,2711.65,326698,884359873.15,17289,LEGACY
2020-10-21,WOCKPHARMA,Wockhardt,EQ,INE049B01025,298.0,299.5,290.0,295.65,295.35,297.3,248441,73457153.7,7010,LEGACY
2020-10-22,ABBOTINDIA,Abbott India,EQ,INE358A01014,15990.0,15990.0,15750.0,15799.35,15782.0,15885.15,3081,48807428.5,1757,LEGACY
2020-10-22,AJANTPHARM,Ajanta Pharma,EQ,INE031B01049,1609.4,1645.25,1592.35,1627.8,1642.0,1603.35,217078,351841557.4,14644,LEGACY
2020-10-22,ALKEM,Alkem Laboratories,EQ,INE540L01014,2650.75,2658.5,2615.0,2618.55,2623.3,2650.8,79216,207887636.8,8975,LEGACY
2020-10-22,APLLTD,Alembic Pharmaceuticals,EQ,INE901L01018,999.5,1015.6,990.0,1012.1,1010.0,995.4,536640,538816627.6,25145,LEGACY
2020-10-22,AUROPHARMA,Aurobindo Pharma,EQ,INE406A01037,807.0,807.0,749.2,782.2,779.0,806.2,12465607,9627386785.7,247262,LEGACY
2020-10-22,BIOCON,Biocon,EQ,INE376G01013,441.25,441.8,427.35,429.65,429.5,439.6,3242065,1400384619.2,49373,LEGACY
2020-10-22,CADILAHC,Cadila Healthcare,EQ,INE010B01027,425.0,427.15,415.6,425.65,425.45,426.35,2951109,1246904710.25,38979,LEGACY
2020-10-22,CIPLA,Cipla,EQ,INE059A01026,765.0,769.85,744.0,757.5,758.95,767.1,8429302,6368223480.65,121941,LEGACY
2020-10-22,DIVISLAB,Divi's Laboratories,EQ,INE361B01024,3078.95,3106.05,3031.0,3093.5,3097.0,3078.95,899754,2759363660.5,47233,LEGACY
2020-10-22,DRREDDY,Dr. Reddy's Laboratories,EQ,INE089A01023,5036.7,5044.7,4831.0,5022.0,5029.15,5046.75,4918148,24348493959.15,235753,LEGACY
2020-10-22,GLAXO,GlaxoSmithKline Pharmaceuticals,EQ,INE159A01016,1523.0,1525.9,1505.0,1509.8,1515.0,1515.5,127770,193543848.85,4420,LEGACY
2020-10-22,GLENMARK,Glenmark Pharmaceuticals,EQ,INE935A01035,487.8,493.8,477.7,487.15,485.8,489.5,2317260,1125291809.95,33995,LEGACY
2020-10-22,GRANULES,Granules India,EQ,INE101D01020,384.0,391.0,381.05,388.9,389.0,386.35,1357896,525066278.85,24958,LEGACY
2020-10-22,IPCALAB,IPCA Laboratories,EQ,INE571A01020,2060.0,2172.1,2033.0,2155.65,2160.0,2075.75,333371,699769493.45,64346,LEGACY
2020-10-22,JBCHEPHARM,JB Chemicals & Pharmaceuticals,EQ,INE572A01028,1029.0,1045.0,1008.0,1027.85,1037.0,1022.0,120891,123842422.0,9921,LEGACY
2020-10-22,LAURUSLABS,Laurus Labs,EQ,INE947Q01028,333.0,339.1,325.05,335.85,338.0,333.85,2855312,945276722.65,49574,LEGACY
2020-10-22,LUPIN,Lupin,EQ,INE326A01037,1007.6,1007.6,977.6,993.35,994.5,1002.55,2891840,2866719689.4,47700,LEGACY
2020-10-22,NATCOPHARM,Natco Pharma,EQ,INE987B01026,923.0,932.8,907.75,912.05,914.0,929.9,243994,224467841.95,8372,LEGACY
2020-10-22,PEL,Piramal Enterprises,EQ,INE140A01024,1313.95,1325.0,1295.5,1320.7,1322.0,1316.75,755788,992228058.8,23607,LEGACY
2020-10-22,PFIZER,Pfizer,EQ,INE182A01018,5019.0,5078.3,4971.55,5062.35,5058.95,5010.7,32131,161941856.0,4357,LEGACY
2020-10-22,SANOFI,Sanofi India,EQ,INE058A01010,8379.75,8500.5,8342.0,8495.05,8490.0,8341.6,13648,115787993.3,2093,LEGACY
2020-10-22,STAR,Strides Pharma Science,EQ,INE939A01011,724.65,739.9,706.85,729.1,730.3,729.75,1012896,733468730.0,25158,LEGACY
2020-10-22,SUNPHARMA,Sun Pharmaceutical Industries,EQ,INE044A01036,491.2,491.4,481.7,485.55,485.0,490.2,6428938,3117945107.35,81421,LEGACY
2020-10-22,TORNTPHARM,Torrent Pharmaceuticals,EQ,INE685A01028,2690.9,2730.35,2650.0,2715.15,2719.9,2702.9,436467,1178128039.4,19709,LEGACY
2020-10-22,WOCKPHARMA,Wockhardt,EQ,INE049B01025,295.0,297.0,291.4,293.5,294.2,295.65,232726,68281020.2,5676,LEGACY
2020-10-23,ABBOTINDIA,Abbott India,EQ,INE358A01014,15790.0,15961.05,15588.05,15624.6,15600.0,15799.35,6950,109161796.85,3230,LEGACY
2020-10-23,AJANTPHARM,Ajanta Pharma,EQ,INE031B01049,1640.0,1649.5,1575.0,1605.95,1590.5,1627.8,184354,300746467.25,10681,LEGACY
2020-10-23,ALKEM,Alkem Laboratories,EQ,INE540L01014,2629.0,2641.45,2591.0,2601.1,2598.8,2618.55,69721,182731236.4,10182,LEGACY
2020-10-23,APLLTD,Alembic Pharmaceuticals,EQ,INE901L01018,1025.0,1032.0,965.1,973.75,977.0,1012.1,891483,883777705.1,41975,LEGACY
2020-10-23,AUROPHARMA,Aurobindo Pharma,EQ,INE406A01037,780.0,788.8,773.0,782.8,781.2,782.2,2221295,1738252862.65,41090,LEGACY
2020-10-23,BIOCON,Biocon,EQ,INE376G01013,420.05,430.5,415.7,417.2,417.95,429.65,7474787,3155176983.6,95097,LEGACY
2020-10-23,CADILAHC,Cadila Healthcare,EQ,INE010B01027,428.0,434.65,423.05,424.3,423.4,425.65,4441774,1906105942.9,48731,LEGACY
2020-10-23,CIPLA,Cipla,EQ,INE059A01026,761.25,774.65,755.0,757.55,757.85,757.5,8515910,6517438100.45,106443,LEGACY
2020-10-23,DIVISLAB,Divi's Laboratories,EQ,INE361B01024,3109.0,3144.0,3062.65,3068.85,3067.0,3093.5,1214607,3765401446.35,65157,LEGACY
2020-10-23,DRREDDY,Dr. Reddy's Laboratories,EQ,INE089A01023,5051.0,5091.0,4996.0,5018.25,5008.0,5022.0,1817481,9155853816.15,93793,LEGACY
2020-10-23,GLAXO,GlaxoSmithKline Pharmaceuticals,EQ,INE159A01016,1519.95,1523.9,1501.0,1504.15,1501.0,1509.8,20604,31156303.3,2374,LEGACY
2020-10-23,GLENMARK,Glenmark Pharmaceuticals,EQ,INE935A01035,489.0,496.0,483.3,485.45,484.25,487.15,1778167,868095170.25,24771,LEGACY
2020-10-23,GRANULES,Granules India,EQ,INE101D01020,390.95,392.7,385.0,386.95,387.0,388.9,793379,308350903.75,13442,LEGACY
2020-10-23,IPCALAB,IPCA Laboratories,EQ,INE571A01020,2155.65,2198.0,2141.45,2175.4,2164.75,2155.65,218720,475617622.4,41966,LEGACY
2020-10-23,JBCHEPHARM,JB Chemicals & Pharmaceuticals,EQ,INE572A01028,1016.0,1050.0,993.1,999.35,999.0,1027.85,60270,61038863.85,6499,LEGACY
2020-10-23,LAURUSLABS,Laurus Labs,EQ,INE947Q01028,339.75,341.0,334.15,335.55,334.55,335.85,1920554,647244854.7,25131,LEGACY
2020-10-23,LUPIN,Lupin,EQ,INE326A01037,994.0,1010.0,986.4,991.45,989.8,993.35,2799678,2800570473.9,44481,LEGACY
2020-10-23,NATCOPHARM,Natco Pharma,EQ,INE987B01026,916.05,925.95,910.9,920.05,921.0,912.05,126425,116233694.95,5123,LEGACY
2020-10-23,PEL,Piramal Enterprises,EQ,INE140A01024,1327.0,1338.0,1315.35,1327.15,1322.0,1320.7,564758,749260772.2,15430,LEGACY
2020-10-23,PFIZER,Pfizer,EQ,INE182A01018,5150.0,5179.0,5075.55,5119.85,5110.1,5062.35,43695,224030166.5,7305,LEGACY
2020-10-23,SANOFI,Sanofi India,EQ,INE058A01010,8490.0,8500.0,8400.0,8427.6,8410.0,8495.05,10770,91027139.6,1932,LEGACY
2020-10-23,STAR,Strides Pharma Science,EQ,INE939A01011,734.9,746.4,729.35,743.1,744.3,729.1,417618,308027652.65,11348,LEGACY
2020-10-23,SUNPHARMA,Sun Pharmaceutical Industries,EQ,INE044A01036,488.0,494.5,482.9,484.5,484.0,485.55,6579267,3214571804.45,77249,LEGACY
2020-10-23,TORNTPHARM,Torrent Pharmaceuticals,EQ,INE685A01028,2728.8,2814.5,2716.0,2733.75,2730.0,2715.15,1017162,2818270892.55,45756,LEGACY
2020-10-23,WOCKPHARMA,Wockhardt,EQ,INE049B01025,293.65,299.3,293.0,294.6,294.15,293.5,231115,68289540.35,5595,LEGACY
2020-10-28,ABBOTINDIA,Abbott India,EQ,INE358A01014,15550.0,15605.1,15235.0,15327.05,15250.0,15552.4,13579,208972790.9,4454,LEGACY
2020-10-28,AJANTPHARM,Ajanta Pharma,EQ,INE031B01049,1578.05,1600.0,1565.95,1591.65,1586.0,1569.6,54865,86891608.75,4803,LEGACY
2020-10-28,ALKEM,Alkem Laboratories,EQ,INE540L01014,2694.95,2694.95,2652.0,2685.35,2685.0,2679.3,38820,103891215.55,5600,LEGACY
2020-10-28,APLLTD,Alembic Pharmaceuticals,EQ,INE901L01018,960.85,965.75,951.0,963.2,963.0,960.85,244507,234775720.75,10753,LEGACY
2020-10-28,AUROPHARMA,Aurobindo Pharma,EQ,INE406A01037,794.3,799.9,771.6,776.3,778.1,794.1,2219402,1741263939.3,45395,LEGACY
2020-10-28,BIOCON,Biocon,EQ,INE376G01013,411.25,416.5,405.0,406.45,405.1,413.6,3214903,1321139532.9,38856,LEGACY
2020-10-28,CADILAHC,Cadila Healthcare,EQ,INE010B01027,425.0,427.8,416.9,418.5,417.8,423.5,2577321,1087447850.4,39594,LEGACY
2020-10-28,CIPLA,Cipla,EQ,INE059A01026,771.4,780.0,762.15,765.25,766.0,770.25,7050213,5440322799.45,103682,LEGACY
2020-10-28,DIVISLAB,Divi's Laboratories,EQ,INE361B01024,3159.75,3210.9,3110.0,3131.45,3138.7,3156.85,1412166,4475610135.75,80955,LEGACY
2020-10-28,DRREDDY,Dr. Reddy's Laboratories,EQ,INE089A01023,5110.0,5150.0,4920.0,4951.0,4935.0,5099.4,3628334,18350550784.35,174264,LEGACY
2020-10-28,GLAXO,GlaxoSmithKline Pharmaceuticals,EQ,INE159A01016,1496.0,1515.05,1496.0,1498.75,1500.0,1495.65,11523,17321652.1,1534,LEGACY
2020-10-28,GLENMARK,Glenmark Pharmaceuticals,EQ,INE935A01035,484.5,489.3,475.35,478.85,478.85,485.2,1487983,716815483.7,20514,LEGACY
2020-10-28,GRANULES,Granules India,EQ,INE101D01020,385.5,386.85,376.2,378.25,378.5,384.65,729606,278387492.15,16134,LEGACY
2020-10-28,IPCALAB,IPCA Laboratories,EQ,INE571A01020,2362.0,2460.0,2312.0,2337.5,2325.0,2362.1,652653,1544648113.6,80479,LEGACY
2020-10-28,JBCHEPHARM,JB Chemicals & Pharmaceuticals,EQ,INE572A01028,1040.0,1040.0,1000.0,1012.65,1012.3,1033.5,56216,57268251.4,12344,LEGACY
2020-10-28,LAURUSLABS,Laurus Labs,EQ,INE947Q01028,325.25,329.9,320.05,322.55,324.1,323.6,4033071,1309856163.55,49346,LEGACY
2020-10-28,LUPIN,Lupin,EQ,INE326A01037,958.0,972.6,935.15,941.85,936.55,957.25,2746508,2619769852.5,47487,LEGACY
2020-10-28,NATCOPHARM,Natco Pharma,EQ,INE987B01026,917.9,932.7,908.0,928.7,927.5,915.0,271203,251093652.8,11523,LEGACY
2020-10-28,PEL,Piramal Enterprises,EQ,INE140A01024,1311.0,1311.95,1268.0,1283.95,1278.25,1298.8,1152744,1487800769.15,40905,LEGACY
2020-10-28,PFIZER,Pfizer,EQ,INE182A01018,5124.6,5137.15,4986.45,5083.7,5099.0,5140.95,36171,183237323.1,5407,LEGACY
2020-10-28,SANOFI,Sanofi India,EQ,INE058A01010,8330.0,8450.0,8225.0,8253.25,8269.0,8390.8,13721,113960658.4,4278,LEGACY
2020-10-28,STAR,Strides Pharma Science,EQ,INE939A01011,738.95,762.0,736.5,749.05,745.5,735.65,505478,377948159.3,19562,LEGACY
2020-10-28,SUNPHARMA,Sun Pharmaceutical Industries,EQ,INE044A01036,473.0,475.75,461.4,463.4,462.2,470.45,7724076,3617051412.1,104163,LEGACY
2020-10-28,TORNTPHARM,Torrent Pharmaceuticals,EQ,INE685A01028,2598.0,2648.0,2525.0,2545.8,2530.0,2600.35,682883,1769785207.6,27878,LEGACY
2020-10-28,WOCKPHARMA,Wockhardt,EQ,INE049B01025,291.8,296.0,288.35,293.05,294.35,293.85,188215,55079716.55,5885,LEGACY
2020-10-29,ABBOTINDIA,Abbott India,EQ,INE358A01014,15320.0,15320.0,15125.0,15159.9,15200.0,15327.05,10799,164183019.6,4765,LEGACY
2020-10-29,AJANTPHARM,Ajanta Pharma,EQ,INE031B01049,1603.0,1680.0,1602.05,1636.95,1640.0,1591.65,564480,927757357.6,30492,LEGACY
2020-10-29,ALKEM,Alkem Laboratories,EQ,INE540L01014,2660.7,2717.95,2638.0,2670.8,2672.0,2685.35,76169,204636090.1,10619,LEGACY
2020-10-29,APLLTD,Alembic Pharmaceuticals,EQ,INE901L01018,950.0,982.35,942.2,970.1,970.0,963.2,244510,237165912.05,23567,LEGACY
2020-10-29,AUROPHARMA,Aurobindo Pharma,EQ,INE406A01037,775.0,781.35,756.1,767.65,768.0,776.3,2297196,1764476560.05,57867,LEGACY
2020-10-29,BIOCON,Biocon,EQ,INE376G01013,402.55,408.85,399.0,403.2,404.3,406.45,2353631,951276830.15,39170,LEGACY
2020-10-29,CADILAHC,Cadila Healthcare,EQ,INE010B01027,417.0,420.0,407.5,411.15,412.8,418.5,2429592,1005173003.75,28290,LEGACY
2020-10-29,CIPLA,Cipla,EQ,INE059A01026,766.1,774.65,757.0,762.3,762.55,765.25,6084021,4653701605.7,131277,LEGACY
2020-10-29,DIVISLAB,Divi's Laboratories,EQ,INE361B01024,3121.45,3159.65,3091.6,3107.6,3108.8,3131.45,729761,2280695815.7,54674,LEGACY
2020-10-29,DRREDDY,Dr. Reddy's Laboratories,EQ,INE089A01023,4920.0,5040.0,4894.95,4941.95,4922.0,4951.0,2310287,11493515153.95,126440,LEGACY
2020-10-29,GLAXO,GlaxoSmithKline Pharmaceuticals,EQ,INE159A01016,1480.0,1489.95,1468.05,1480.35,1485.0,1498.75,26168,38710840.4,2583,LEGACY
2020-10-29,GLENMARK,Glenmark Pharmaceuticals,EQ,INE935A01035,475.0,476.45,467.05,469.8,470.95,478.85,2228907,1049057025.5,35407,LEGACY
2020-10-29,GRANULES,Granules India,EQ,INE101D01020,374.5,386.0,371.2,381.85,385.0,378.25,1006009,380657444.85,23919,LEGACY
2020-10-29,IPCALAB,IPCA Laboratories,EQ,INE571A01020,2300.0,2369.95,2267.45,2349.3,2350.0,2337.5,359506,833935569.2,70799,LEGACY
2020-10-29,JBCHEPHARM,JB Chemicals & Pharmaceuticals,EQ,INE572A01028,991.9,1006.3,982.0,992.55,992.0,1012.65,228419,227055267.65,17130,LEGACY
2020-10-29,LAURUSLABS,Laurus Labs,EQ,INE947Q01028,319.0,337.5,309.0,329.95,333.25,322.55,11368875,3706731935.0,152874,LEGACY
2020-10-29,LUPIN,Lupin,EQ,INE326A01037,937.5,946.55,921.0,924.75,923.95,941.85,2504089,2333995550.85,38652,LEGACY
2020-10-29,NATCOPHARM,Natco Pharma,EQ,INE987B01026,920.0,928.65,903.0,914.6,915.0,928.7,187356,171876430.85,7575,LEGACY
2020-10-29,PEL,Piramal Enterprises,EQ,INE140A01024,1285.0,1285.0,1197.9,1215.35,1216.0,1283.95,2352541,2894214379.4,79611,LEGACY
2020-10-29,PFIZER,Pfizer,EQ,INE182A01018,5040.0,5050.0,4956.95,5035.75,5046.25,5083.7,24794,124315229.5,4379,LEGACY
2020-10-29,SANOFI,Sanofi India,EQ,INE058A01010,8250.0,8250.0,7880.0,8011.6,8010.9,8253.25,25777,207305351.75,7380,LEGACY
2020-10-29,STAR,Strides Pharma Science,EQ,INE939A01011,740.5,748.85,646.1,674.15,685.35,749.05,2741466,1909185697.4,60545,LEGACY
2020-10-29,SUNPHARMA,Sun Pharmaceutical Industries,EQ,INE044A01036,463.0,464.0,452.25,456.35,457.5,463.4,8297097,3800365828.95,97201,LEGACY
2020-10-29,TORNTPHARM,Torrent Pharmaceuticals,EQ,INE685A01028,2529.85,2563.4,2499.05,2519.55,2520.0,2545.8,442895,1120788689.4,19455,LEGACY
2020-10-29,WOCKPHARMA,Wockhardt,EQ,INE049B01025,290.8,293.05,287.3,290.65,290.1,293.05,150069,43520756.35,4428,LEGACY
2020-10-30,ABBOTINDIA,Abbott India,EQ,INE358A01014,15250.0,15435.0,15197.6,15298.15,15300.0,15159.9,9232,141223897.15,3708,LEGACY
2020-10-30,AJANTPHARM,Ajanta Pharma,EQ,INE031B01049,1644.0,1647.6,1555.1,1573.15,1575.0,1636.95,175869,279484816.65,15598,LEGACY
2020-10-30,ALKEM,Alkem Laboratories,EQ,INE540L01014,2688.2,2697.7,2620.0,2634.3,2624.5,2670.8,25733,68291929.6,4919,LEGACY
2020-10-30,APLLTD,Alembic Pharmaceuticals,EQ,INE901L01018,976.5,987.0,960.05,964.6,961.9,970.1,127359,123954091.1,7901,LEGACY
2020-10-30,AUROPHARMA,Aurobindo Pharma,EQ,INE406A01037,768.35,778.4,761.1,772.65,773.5,767.65,2036809,1569233616.2,48764,LEGACY
2020-10-30,BIOCON,Biocon,EQ,INE376G01013,404.3,408.6,398.1,403.6,404.5,403.2,3090935,1250247579.1,37935,LEGACY
2020-10-30,CADILAHC,Cadila Healthcare,EQ,INE010B01027,413.1,419.0,408.4,417.7,418.0,411.15,2527504,1048810388.35,24220,LEGACY
2020-10-30,CIPLA,Cipla,EQ,INE059A01026,765.7,767.5,746.0,754.5,756.0,762.3,4126277,3125610833.2,77078,LEGACY
2020-10-30,DIVISLAB,Divi's Laboratories,EQ,INE361B01024,3111.0,3160.0,3053.7,3142.05,3144.0,3107.6,1330322,4145956405.4,74009,LEGACY
2020-10-30,DRREDDY,Dr. Reddy's Laboratories,EQ,INE089A01023,4974.0,4978.05,4870.15,4888.65,4886.0,4941.95,1263391,6215222995.05,69373,LEGACY
2020-10-30,GLAXO,GlaxoSmithKline Pharmaceuticals,EQ,INE159A01016,1485.05,1490.0,1461.0,1464.75,1468.0,1480.35,18208,26820232.25,2393,LEGACY
2020-10-30,GLENMARK,Glenmark Pharmaceuticals,EQ,INE935A01035,468.3,477.0,464.25,474.8,475.7,469.8,2088101,983600142.95,29150,LEGACY
2020-10-30,GRANULES,Granules India,EQ,INE101D01020,382.0,385.85,380.35,383.75,382.15,381.85,812041,311118951.05,20124,LEGACY
2020-10-30,IPCALAB,IPCA Laboratories,EQ,INE571A01020,2344.0,2377.0,2251.15,2313.1,2335.0,2349.3,409806,949351586.55,79429,LEGACY
2020-10-30,JBCHEPHARM,JB Chemicals & Pharmaceuticals,EQ,INE572A01028,1003.0,1024.75,993.35,1008.7,1007.0,992.55,63257,63914366.8,6824,LEGACY
2020-10-30,LAURUSLABS,Laurus Labs,EQ,INE947Q01028,335.0,344.9,316.5,319.4,317.05,329.95,12111836,3982746694.65,195089,LEGACY
2020-10-30,LUPIN,Lupin,EQ,INE326A01037,925.0,929.0,905.4,909.25,908.0,924.75,3532156,3237399540.85,58688,LEGACY
2020-10-30,NATCOPHARM,Natco Pharma,EQ,INE987B01026,915.1,921.55,892.75,900.4,896.0,914.6,119215,107832049.3,7497,LEGACY
2020-10-30,PEL,Piramal Enterprises,EQ,INE140A01024,1220.0,1271.85,1218.0,1262.25,1259.95,1215.35,1765390,2204929022.05,56230,LEGACY
2020-10-30,PFIZER,Pfizer,EQ,INE182A01018,5019.0,5080.0,4975.0,4984.95,4990.0,5035.75,15141,75834639.05,3154,LEGACY
2020-10-30,SANOFI,Sanofi India,EQ,INE058A01010,8063.7,8088.0,7982.05,8000.25,8005.0,8011.6,13189,105843455.75,4804,LEGACY
2020-10-30,STAR,Strides Pharma Science,EQ,INE939A01011,688.0,703.0,658.3,690.3,688.05,674.15,1352447,924294855.25,34569,LEGACY
2020-10-30,SUNPHARMA,Sun Pharmaceutical Industries,EQ,INE044A01036,458.65,469.0,455.85,465.75,466.1,456.35,8680726,4013516738.25,85190,LEGACY
2020-10-30,TORNTPHARM,Torrent Pharmaceuticals,EQ,INE685A01028,2520.0,2582.75,2520.0,2566.85,2562.0,2519.55,649735,1658366176.2,29480,LEGACY
2020-10-30,WOCKPHARMA,Wockhardt,EQ,INE049B01025,289.7,294.7,285.15,291.3,290.8,290.65,216213,62624252.4,6248,LEGACY
2020-11-02,ABBOTINDIA,Abbott India,EQ,INE358A01014,15300.0,15550.0,15150.0,15512.0,15540.0,15298.15,6686,102627399.25,3303,LEGACY
2020-11-02,AJANTPHARM,Ajanta Pharma,EQ,INE031B01049,1585.75,1589.4,1570.25,1575.85,1572.1,1573.15,99590,157505766.9,7367,LEGACY
2020-11-02,ALKEM,Alkem Laboratories,EQ,INE540L01014,2634.3,2666.0,2616.0,2659.35,2666.0,2634.3,51178,135543321.7,6438,LEGACY
2020-11-02,APLLTD,Alembic Pharmaceuticals,EQ,INE901L01018,956.0,970.0,943.85,967.0,966.15,964.6,214200,204779844.65,15461,LEGACY
2020-11-02,AUROPHARMA,Aurobindo Pharma,EQ,INE406A01037,774.0,775.85,753.0,760.9,757.0,772.65,1772969,1348487066.15,37869,LEGACY
2020-11-02,BIOCON,Biocon,EQ,INE376G01013,403.6,407.0,395.6,404.15,402.85,403.6,2582524,1036263017.9,39551,LEGACY
2020-11-02,CADILAHC,Cadila Healthcare,EQ,INE010B01027,418.0,423.45,404.0,410.65,406.0,417.7,2958688,1225761466.4,24645,LEGACY
2020-11-02,CIPLA,Cipla,EQ,INE059A01026,757.5,762.35,744.4,751.25,749.25,754.5,3265890,2453490162.4,48730,LEGACY
2020-11-02,DIVISLAB,Divi's Laboratories,EQ,INE361B01024,3121.15,3134.9,3040.3,3048.65,3055.0,3142.05,977309,3000379189.15,56536,LEGACY
2020-11-02,DRREDDY,Dr. Reddy's Laboratories,EQ,INE089A01023,4896.0,4920.0,4820.8,4858.65,4851.0,4888.65,1170993,5692976863.4,68749,LEGACY
2020-11-02,GLAXO,GlaxoSmithKline Pharmaceuticals,EQ,INE159A01016,1470.0,1472.05,1402.65,1409.05,1407.0,1464.75,42165,60383811.6,6521,LEGACY
2020-11-02,GLENMARK,Glenmark Pharmaceuticals,EQ,INE935A01035,474.0,476.35,467.8,473.3,472.55,474.8,1531712,723363245.05,19490,LEGACY
2020-11-02,GRANULES,Granules India,EQ,INE101D01020,374.15,383.0,367.8,369.7,368.75,383.75,911126,339922527.1,22425,LEGACY
2020-11-02,IPCALAB,IPCA Laboratories,EQ,INE571A01020,2272.05,2439.0,2265.0,2302.3,2286.1,2313.1,493197,1153344527.45,70650,LEGACY
2020-11-02,JBCHEPHARM,JB Chemicals & Pharmaceuticals,EQ,INE572A01028,933.25,1036.0,933.25,995.0,992.5,1008.7,83988,83408379.25,8661,LEGACY
2020-11-02,LAURUSLABS,Laurus Labs,EQ,INE947Q01028,319.5,319.7,298.45,300.85,300.6,319.4,10620524,3243167734.7,168168,LEGACY
2020-11-02,LUPIN,Lupin,EQ,INE326A01037,912.0,917.9,900.05,912.5,909.7,909.25,3207153,2918492037.8,55131,LEGACY
2020-11-02,NATCOPHARM,Natco Pharma,EQ,INE987B01026,891.0,912.0,889.5,897.3,900.0,900.4,195716,176400696.1,10853,LEGACY
2020-11-02,PEL,Piramal Enterprises,EQ,INE140A01024,1263.0,1304.0,1252.55,1296.8,1293.05,1262.25,1170019,1499309370.65,36627,LEGACY
2020-11-02,PFIZER,Pfizer,EQ,INE182A01018,5039.9,5056.9,4946.15,4984.4,4956.0,4984.95,53782,268229782.35,8160,LEGACY
2020-11-02,SANOFI,Sanofi India,EQ,INE058A01010,8070.65,8410.4,7915.25,8350.0,8350.0,8000.25,23059,189266869.4,6848,LEGACY
2020-11-02,STAR,Strides Pharma Science,EQ,INE939A01011,688.05,704.0,679.9,684.85,685.5,690.3,588964,405912941.65,18984,LEGACY
2020-11-02,SUNPHARMA,Sun Pharmaceutical Industries,EQ,INE044A01036,467.9,471.0,459.05,469.4,468.65,465.75,7737909,3602163221.55,90643,LEGACY
2020-11-02,TORNTPHARM,Torrent Pharmaceuticals,EQ,INE685A01028,2566.0,2574.85,2508.35,2547.55,2540.0,2566.85,253011,642626062.6,15438,LEGACY
2020-11-02,WOCKPHARMA,Wockhardt,EQ,INE049B01025,292.65,309.85,285.5,295.65,294.05,291.3,1461205,438572042.3,33559,LEGACY
2020-11-04,ABBOTINDIA,Abbott India,EQ,INE358A01014,15844.0,15900.0,15750.2,15864.75,15870.0,15811.55,3640,57727633.85,1809,LEGACY
2020-11-04,AJANTPHARM,Ajanta Pharma,EQ,INE031B01049,1628.95,1665.0,1588.05,1613.55,1608.0,1609.05,674857,1098424023.4,31008,LEGACY
2020-11-04,ALKEM,Alkem Laboratories,EQ,INE540L01014,2668.0,2732.35,2656.05,2696.9,2695.2,2652.45,213135,573626216.35,19515,LEGACY
2020-11-04,APLLTD,Alembic Pharmaceuticals,EQ,INE901L01018,999.9,1008.0,982.15,1001.45,1005.5,997.5,248499,247815612.6,8941,LEGACY
2020-11-04,AUROPHARMA,Aurobindo Pharma,EQ,INE406A01037,770.0,795.7,770.0,781.75,782.3,769.65,2786158,2182249566.55,56743,LEGACY
2020-11-04,BIOCON,Biocon,EQ,INE376G01013,406.95,411.9,402.35,410.5,409.05,406.9,2700433,1103367498.6,36680,LEGACY
2020-11-04,CADILAHC,Cadila Healthcare,EQ,INE010B01027,436.95,444.4,432.6,439.3,440.0,437.65,6349693,2790418754.35,53757,LEGACY
2020-11-04,CIPLA,Cipla,EQ,INE059A01026,757.8,783.8,757.2,781.15,782.9,759.3,9035451,7010150895.55,140579,LEGACY
2020-11-04,DIVISLAB,Divi's Laboratories,EQ,INE361B01024,3120.75,3210.1,3105.15,3196.2,3200.0,3089.9,1479510,4679909869.25,66721,LEGACY
2020-11-04,DRREDDY,Dr. Reddy's Laboratories,EQ,INE089A01023,4901.75,4964.8,4877.4,4935.6,4939.0,4877.35,1521480,7500110171.65,75699,LEGACY
2020-11-04,GLAXO,GlaxoSmithKline Pharmaceuticals,EQ,INE159A01016,1409.0,1426.5,1391.0,1395.4,1400.0,1404.15,42381,59556605.15,4434,LEGACY
2020-11-04,GLENMARK,Glenmark Pharmaceuticals,EQ,INE935A01035,484.9,502.65,481.85,497.7,498.0,482.45,5118375,2525080566.3,64206,LEGACY
2020-11-04,GRANULES,Granules India,EQ,INE101D01020,374.95,378.0,370.0,376.05,377.5,373.55,560180,209842127.8,12471,LEGACY
2020-11-04,IPCALAB,IPCA Laboratories,EQ,INE571A01020,2327.15,2396.0,2319.95,2364.95,2355.0,2315.65,354504,837702858.0,36031,LEGACY
2020-11-04,JBCHEPHARM,JB Chemicals & Pharmaceuticals,EQ,INE572A01028,979.9,992.7,971.0,981.6,978.1,982.85,89804,88491724.25,6163,LEGACY
2020-11-04,LAURUSLABS,Laurus Labs,EQ,INE947Q01028,292.0,296.3,270.05,277.2,277.0,291.35,9354697,2656703488.3,130370,LEGACY
2020-11-04,LUPIN,Lupin,EQ,INE326A01037,945.0,962.7,939.8,944.65,944.05,937.3,4826211,4587289948.85,64645,LEGACY
2020-11-04,NATCOPHARM,Natco Pharma,EQ,INE987B01026,901.3,912.6,887.85,898.85,899.9,896.0,191822,172498993.35,6495,LEGACY
2020-11-04,PEL,Piramal Enterprises,EQ,INE140A01024,1299.0,1311.5,1285.2,1303.0,1302.0,1299.55,681446,884761508.45,21037,LEGACY
2020-11-04,PFIZER,Pfizer,EQ,INE182A01018,4916.0,4970.0,4900.0,4930.95,4932.0,4916.4,34154,168314608.1,5412,LEGACY
2020-11-04,SANOFI,Sanofi India,EQ,INE058A01010,8279.4,8338.85,8221.3,8295.95,8316.9,8238.7,7125,58916540.45,2388,LEGACY
2020-11-04,STAR,Strides Pharma Science,BL,INE939A01011,653.55,653.55,653.55,653.55,653.55,665.4,411060,268648263.0,1,LEGACY
2020-11-04,STAR,Strides Pharma Science,EQ,INE939A01011,660.0,674.95,636.0,645.4,643.15,654.4,577862,377820287.0,16758,LEGACY
2020-11-04,SUNPHARMA,Sun Pharmaceutical Industries,EQ,INE044A01036,499.9,518.25,495.15,504.65,503.5,485.6,48182254,24490948136.5,491314,LEGACY
2020-11-04,TORNTPHARM,Torrent Pharmaceuticals,EQ,INE685A01028,2579.9,2612.85,2558.35,2600.7,2598.0,2576.95,298699,774357011.7,17613,LEGACY
2020-11-04,WOCKPHARMA,Wockhardt,EQ,INE049B01025,292.0,296.3,287.1,289.6,288.5,290.9,338885,98863424.45,7760,LEGACY
2020-11-05,ABBOTINDIA,Abbott India,EQ,INE358A01014,15860.0,15979.95,15750.0,15775.05,15786.0,15864.75,5085,80715971.5,2009,LEGACY
2020-11-05,AJANTPHARM,Ajanta Pharma,EQ,INE031B01049,1626.95,1626.95,1596.3,1611.45,1608.0,1613.55,142609,229581820.75,15771,LEGACY
2020-11-05,ALKEM,Alkem Laboratories,EQ,INE540L01014,2709.7,2765.0,2706.0,2750.6,2756.6,2696.9,134350,368686381.7,10678,LEGACY
2020-11-05,APLLTD,Alembic Pharmaceuticals,EQ,INE901L01018,1008.75,1009.0,978.15,994.5,987.1,1001.45,284152,282142172.85,10015,LEGACY
2020-11-05,AUROPHARMA,Aurobindo Pharma,EQ,INE406A01037,790.0,793.0,780.2,791.25,791.0,781.75,1473471,1161542424.1,31289,LEGACY
2020-11-05,BIOCON,Biocon,EQ,INE376G01013,413.0,415.0,406.4,413.3,412.3,410.5,3442421,1415701903.1,46023,LEGACY
2020-11-05,CADILAHC,Cadila Healthcare,EQ,INE010B01027,446.0,449.8,437.25,442.9,441.95,439.3,5283605,2341976930.7,52373,LEGACY
2020-11-05,CIPLA,Cipla,EQ,INE059A01026,786.0,796.1,778.3,793.5,795.05,781.15,6656549,5241823500.8,85763,LEGACY
2020-11-05,DIVISLAB,Divi's Laboratories,EQ,INE361B01024,3210.9,3242.0,3168.1,3209.0,3206.0,3196.2,1169897,3751366146.2,69741,LEGACY
2020-11-05,DRREDDY,Dr. Reddy's Laboratories,EQ,INE089A01023,4972.75,4999.3,4922.1,4958.5,4959.3,4935.6,1034046,5126891021.85,60167,LEGACY
2020-11-05,GLAXO,GlaxoSmithKline Pharmaceuticals,EQ,INE159A01016,1410.0,1430.0,1398.0,1410.1,1415.0,1395.4,50264,70621217.5,7558,LEGACY
2020-11-05,GLENMARK,Glenmark Pharmaceuticals,EQ,INE935A01035,500.0,514.0,495.25,509.5,514.0,497.7,4267286,2148967340.15,53107,LEGACY
2020-11-05,GRANULES,Granules India,EQ,INE101D01020,378.85,380.25,372.1,373.8,374.9,376.05,498444,187130658.55,11425,LEGACY
2020-11-05,IPCALAB,IPCA Laboratories,EQ,INE571A01020,2396.9,2450.0,2351.5,2368.1,2365.0,2364.95,424879,1015782543.6,51417,LEGACY
2020-11-05,JBCHEPHARM,JB Chemicals & Pharmaceuticals,EQ,INE572A01028,992.0,1014.0,985.25,1000.15,1001.75,981.6,49880,49883531.15,6762,LEGACY
2020-11-05,LAURUSLABS,Laurus Labs,EQ,INE947Q01028,281.15,290.0,279.5,282.05,281.8,277.2,6327541,1800375435.4,72838,LEGACY
2020-11-05,LUPIN,Lupin,EQ,INE326A01037,939.0,953.8,921.8,936.0,935.95,944.65,5867246,5472674553.9,95728,LEGACY
2020-11-05,NATCOPHARM,Natco Pharma,EQ,INE987B01026,903.35,927.1,899.55,918.1,915.15,898.85,175932,161005874.25,9747,LEGACY
2020-11-05,PEL,Piramal Enterprises,EQ,INE140A01024,1312.0,1344.4,1305.0,1335.05,1342.0,1303.0,1025004,1358388034.35,30294,LEGACY
2020-11-05,PFIZER,Pfizer,EQ,INE182A01018,4940.0,4998.0,4920.2,4934.1,4932.0,4930.95,12083,59858220.05,2668,LEGACY
2020-11-05,SANOFI,Sanofi India,EQ,INE058A01010,8350.0,8370.0,8221.0,8346.25,8282.0,8295.95,15068,125614643.65,2706,LEGACY
2020-11-05,STAR,Strides Pharma Science,EQ,INE939A01011,651.0,665.0,646.0,663.8,664.9,645.4,374643,246346105.55,10927,LEGACY
2020-11-05,SUNPHARMA,Sun Pharmaceutical Industries,EQ,INE044A01036,508.0,514.0,502.5,512.5,511.65,504.65,14095319,7180928461.1,147345,LEGACY
2020-11-05,TORNTPHARM,Torrent Pharmaceuticals,EQ,INE685A01028,2612.0,2634.5,2591.65,2604.3,2598.0,2600.7,326500,852003085.4,16060,LEGACY
2020-11-05,WOCKPHARMA,Wockhardt,EQ,INE049B01025,293.0,293.25,287.55,290.75,289.5,289.6,270134,78388777.65,4960,LEGACY
2020-11-06,ABBOTINDIA,Abbott India,EQ,INE358A01014,15800.0,15998.5,15780.0,15897.8,15860.0,15775.05,4116,65507367.65,1728,LEGACY
2020-11-06,AJANTPHARM,Ajanta Pharma,EQ,INE031B01049,1615.0,1619.55,1580.2,1586.3,1586.0,1611.45,92850,148395071.95,7958,LEGACY
2020-11-06,ALKEM,Alkem Laboratories,EQ,INE540L01014,2750.0,2780.0,2707.65,2752.75,2753.0,2750.6,267458,735664654.3,18125,LEGACY
2020-11-06,APLLTD,Alembic Pharmaceuticals,EQ,INE901L01018,994.95,995.7,976.1,979.05,978.0,994.5,115818,113964042.8,10052,LEGACY
2020-11-06,AUROPHARMA,Aurobindo Pharma,EQ,INE406A01037,793.65,797.9,777.55,780.15,778.8,791.25,2098082,1644102023.3,56546,LEGACY
2020-11-06,BIOCON,Biocon,EQ,INE376G01013,415.0,416.9,409.8,414.8,414.0,413.3,2844165,1176746828.45,37815,LEGACY
2020-11-06,CADILAHC,Cadila Healthcare,EQ,INE010B01027,442.9,444.35,430.4,432.3,431.3,442.9,4204221,1833745162.2,39032,LEGACY
2020-11-06,CIPLA,Cipla,EQ,INE059A01026,797.4,802.0,786.55,789.95,788.6,793.5,7765316,6152332118.75,107285,LEGACY
2020-11-06,DIVISLAB,Divi's Laboratories,EQ,INE361B01024,3210.0,3264.8,3186.5,3237.25,3221.95,3209.0,1234138,3983284346.35,55531,LEGACY
2020-11-06,DRREDDY,Dr. Reddy's Laboratories,EQ,INE089A01023,4962.9,4962.9,4890.85,4902.95,4904.0,4958.5,1090442,5357861028.45,66822,LEGACY
2020-11-06,GLAXO,GlaxoSmithKline Pharmaceuticals,EQ,INE159A01016,1418.0,1423.4,1395.45,1400.55,1404.0,1410.1,56387,79185541.5,5569,LEGACY
2020-11-06,GLENMARK,Glenmark Pharmaceuticals,EQ,INE935A01035,515.65,515.65,506.05,511.8,509.0,509.5,3496751,1787697433.15,39046,LEGACY
2020-11-06,GRANULES,Granules India,EQ,INE101D01020,376.85,377.0,370.0,371.25,371.75,373.8,479868,179015485.15,10917,LEGACY
2020-11-06,IPCALAB,IPCA Laboratories,EQ,INE571A01020,2380.5,2417.4,2312.0,2336.8,2340.0,2368.1,335972,788982374.9,52962,LEGACY
2020-11-06,JBCHEPHARM,JB Chemicals & Pharmaceuticals,EQ,INE572A01028,1013.35,1025.0,1007.95,1020.75,1020.0,1000.15,61957,63183609.1,6961,LEGACY
2020-11-06,LAURUSLABS,Laurus Labs,EQ,INE947Q01028,281.8,285.6,275.6,276.8,276.95,282.05,4213405,1182339713.8,52974,LEGACY
2020-11-06,LUPIN,Lupin,EQ,INE326A01037,940.0,944.45,913.15,916.9,914.9,936.0,3841154,3557579581.0,72144,LEGACY
2020-11-06,NATCOPHARM,Natco Pharma,EQ,INE987B01026,922.95,936.95,917.45,928.3,927.0,918.1,258561,240180860.8,8751,LEGACY
2020-11-06,PEL,Piramal Enterprises,EQ,INE140A01024,1334.1,1373.45,1324.0,1346.25,1339.05,1335.05,1232119,1664574055.1,37769,LEGACY
2020-11-06,PFIZER,Pfizer,EQ,INE182A01018,4938.4,4969.0,4906.5,4930.6,4934.0,4934.1,26341,129698508.05,3964,LEGACY
2020-11-06,SANOFI,Sanofi India,EQ,INE058A01010,8346.0,8350.05,8267.2,8317.85,8320.25,8346.25,13572,112888438.8,1759,LEGACY
2020-11-06,STAR,Strides Pharma Science,EQ,INE939A01011,667.0,673.45,654.4,661.15,663.0,663.8,460024,304389151.55,11521,LEGACY
2020-11-06,SUNPHARMA,Sun Pharmaceutical Industries,EQ,INE044A01036,515.0,515.75,506.75,509.15,507.45,512.5,9251548,4733573123.5,87990,LEGACY
2020-11-06,TORNTPHARM,Torrent Pharmaceuticals,EQ,INE685A01028,2604.0,2616.3,2544.0,2556.5,2550.0,2604.3,499688,1288745815.45,36169,LEGACY
2020-11-06,WOCKPHARMA,Wockhardt,EQ,INE049B01025,291.95,295.95,289.5,293.8,293.0,290.75,655749,192343139.7,10394,LEGACY
2020-11-09,ABBOTINDIA,Abbott India,EQ,INE358A01014,16000.0,16050.0,15450.0,15530.25,15530.0,15897.8,13401,209724975.65,4203,LEGACY
2020-11-09,AJANTPHARM,Ajanta Pharma,EQ,INE031B01049,1610.0,1620.0,1563.0,1573.25,1575.0,1586.3,192497,305053991.25,13375,LEGACY
2020-11-09,ALKEM,Alkem Laboratories,EQ,INE540L01014,2786.05,2796.6,2707.0,2769.8,2766.0,2752.75,204001,560772749.25,12973,LEGACY
2020-11-09,APLLTD,Alembic Pharmaceuticals,EQ,INE901L01018,996.0,996.0,970.6,973.25,973.9,979.05,276760,271663308.15,17514,LEGACY
2020-11-09,AUROPHARMA,Aurobindo Pharma,EQ,INE406A01037,787.95,790.0,774.5,786.6,788.5,780.15,2105450,1646907334.9,44111,LEGACY
2020-11-09,BIOCON,Biocon,EQ,INE376G01013,430.0,430.0,413.3,416.0,414.85,414.8,6594973,2758319382.95,83160,LEGACY
2020-11-09,CADILAHC,Cadila Healthcare,EQ,INE010B01027,436.1,438.9,429.0,437.6,437.65,432.3,4111210,1785056441.8,34524,LEGACY
2020-11-09,CIPLA,Cipla,EQ,INE059A01026,795.1,804.0,752.3,763.2,767.0,789.95,21178707,16382141405.45,294176,LEGACY
2020-11-09,DIVISLAB,Divi's Laboratories,EQ,INE361B01024,3415.05,3463.4,3345.65,3423.75,3412.05,3237.25,7053871,23995666420.65,325560,LEGACY
2020-11-09,DRREDDY,Dr. Reddy's Laboratories,EQ,INE089A01023,4925.0,4954.0,4870.0,4879.65,4888.9,4902.95,1205651,5908033165.15,66578,LEGACY
2020-11-09,GLAXO,GlaxoSmithKline Pharmaceuticals,EQ,INE159A01016,1407.0,1425.0,1405.0,1409.75,1410.0,1400.55,79166,111919570.8,6587,LEGACY
2020-11-09,GLENMARK,Glenmark Pharmaceuticals,EQ,INE935A01035,494.0,498.8,474.4,481.7,481.25,511.8,8905070,4297153856.95,124459,LEGACY
2020-11-09,GRANULES,Granules India,EQ,INE101D01020,372.1,387.35,366.0,385.15,387.0,371.25,1389747,525662452.5,25512,LEGACY
2020-11-09,IPCALAB,IPCA Laboratories,EQ,INE571A01020,2310.0,2368.0,2196.1,2262.45,2278.0,2336.8,1093258,2463249542.65,142490,LEGACY
2020-11-09,JBCHEPHARM,JB Chemicals & Pharmaceuticals,EQ,INE572A01028,1022.0,1053.0,987.0,1002.8,1011.0,1020.75,154897,159742102.7,12593,LEGACY
2020-11-09,LAURUSLABS,Laurus Labs,EQ,INE947Q01028,280.0,283.95,260.35,264.2,264.5,276.8,9138703,2466446598.75,156620,LEGACY
2020-11-09,LUPIN,Lupin,EQ,INE326A01037,924.8,926.95,905.7,917.95,918.4,916.9,4269584,3916299494.9,67510,LEGACY
2020-11-09,NATCOPHARM,Natco Pharma,EQ,INE987B01026,931.0,946.0,915.0,923.5,930.0,928.3,409577,383503144.65,15023,LEGACY
2020-11-09,PEL,Piramal Enterprises,EQ,INE140A01024,1358.0,1388.0,1334.55,1382.45,1377.0,1346.25,1116835,1523091748.55,32489,LEGACY
2020-11-09,PFIZER,Pfizer,EQ,INE182A01018,4910.0,4950.0,4887.0,4923.25,4940.0,4930.6,31673,155536581.05,5153,LEGACY
2020-11-09,SANOFI,Sanofi India,EQ,INE058A01010,8300.0,8368.0,8181.05,8201.85,8200.0,8317.85,27726,229846192.05,2970,LEGACY
2020-11-09,STAR,Strides Pharma Science,EQ,INE939A01011,668.0,668.0,635.0,638.95,642.0,661.15,811750,526178435.95,21089,LEGACY
2020-11-09,SUNPHARMA,Sun Pharmaceutical Industries,EQ,INE044A01036,512.5,518.0,504.45,510.15,510.8,509.15,9718357,4967384263.25,92923,LEGACY
2020-11-09,TORNTPHARM,Torrent Pharmaceuticals,EQ,INE685A01028,2570.8,2581.5,2533.05,2552.1,2551.0,2556.5,610442,1563754336.95,31305,LEGACY
2020-11-09,WOCKPHARMA,Wockhardt,EQ,INE049B01025,296.5,296.7,290.2,291.25,291.25,293.8,246510,72213368.1,4986,LEGACY
2020-11-10,ABBOTINDIA,Abbott India,EQ,INE358A01014,15688.0,15688.0,15400.0,15504.55,15579.0,15530.25,7282,113160669.75,2908,LEGACY
2020-11-10,AJANTPHARM,Ajanta Pharma,EQ,INE031B01049,1586.0,1586.0,1520.05,1530.1,1530.0,1573.25,252820,388913590.55,17416,LEGACY
2020-11-10,ALKEM,Alkem Laboratories,EQ,INE540L01014,2730.0,2760.0,2680.0,2722.2,2710.0,2769.8,215032,582397010.0,12879,LEGACY
2020-11-10,APLLTD,Alembic Pharmaceuticals,EQ,INE901L01018,975.0,979.95,937.0,938.3,939.0,973.25,356461,340207127.7,17934,LEGACY
2020-11-10,AUROPHARMA,Aurobindo Pharma,EQ,INE406A01037,789.0,790.4,754.0,761.05,762.15,786.6,3301896,2525310988.85,64261,LEGACY
2020-11-10,BIOCON,Biocon,EQ,INE376G01013,417.55,417.8,398.05,406.15,406.5,416.0,6221362,2527930073.35,67341,LEGACY
2020-11-10,CADILAHC,Cadila Healthcare,EQ,INE010B01027,440.0,440.0,406.25,409.4,410.95,437.6,7148283,2973623571.05,86138,LEGACY
2020-11-10,CIPLA,Cipla,EQ,INE059A01026,769.8,769.8,706.5,717.3,722.25,763.2,22558440,16400907579.65,389062,LEGACY
2020-11-10,DIVISLAB,Divi's Laboratories,EQ,INE361B01024,3423.6,3423.6,3239.15,3263.4,3270.0,3423.75,2531351,8407769994.2,128144,LEGACY
2020-11-10,DRREDDY,Dr. Reddy's Laboratories,EQ,INE089A01023,4824.0,4868.0,4679.4,4698.0,4715.0,4879.65,1966030,9362419572.6,136925,LEGACY
2020-11-10,GLAXO,GlaxoSmithKline Pharmaceuticals,EQ,INE159A01016,1423.0,1429.5,1405.0,1413.55,1407.95,1409.75,48301,68258188.2,7082,LEGACY
2020-11-10,GLENMARK,Glenmark Pharmaceuticals,EQ,INE935A01035,479.9,481.7,467.5,474.7,474.6,481.7,4605365,2185249113.1,61068,LEGACY
2020-11-10,GRANULES,Granules India,EQ,INE101D01020,387.1,388.4,369.0,371.55,373.75,385.15,1065161,401014951.0,25504,LEGACY
2020-11-10,IPCALAB,IPCA Laboratories,EQ,INE571A01020,2275.0,2285.0,1962.1,2061.35,2068.0,2262.45,1751067,3638418895.5,150977,LEGACY
2020-11-10,JBCHEPHARM,JB Chemicals & Pharmaceuticals,EQ,INE572A01028,1002.8,1011.95,965.0,970.5,968.0,1002.8,159593,155948506.5,12253,LEGACY
2020-11-10,LAURUSLABS,Laurus Labs,EQ,INE947Q01028,263.1,275.4,254.2,259.5,260.0,264.2,9112272,2416051179.6,130011,LEGACY
2020-11-10,LUPIN,Lupin,EQ,INE326A01037,920.0,920.0,855.35,858.7,862.45,917.95,7111012,6240009267.3,138270,LEGACY
2020-11-10,NATCOPHARM,Natco Pharma,EQ,INE987B01026,931.0,935.0,875.0,888.85,890.0,923.5,404870,363453705.9,16183,LEGACY
2020-11-10,PEL,Piramal Enterprises,EQ,INE140A01024,1383.9,1436.75,1370.0,1381.75,1379.8,1382.45,1767347,2478392956.8,57158,LEGACY
2020-11-10,PFIZER,Pfizer,EQ,INE182A01018,5900.0,5900.0,5000.0,5057.9,5051.0,4923.25,1713180,9122125520.4,247886,LEGACY
2020-11-10,SANOFI,Sanofi India,EQ,INE058A01010,8279.0,8279.0,7955.0,8050.8,8045.0,8201.85,25700,206926296.0,5353,LEGACY
2020-11-10,STAR,Strides Pharma Science,EQ,INE939A01011,640.0,642.15,594.0,597.5,601.5,638.95,888999,543709188.3,31215,LEGACY
2020-11-10,SUNPHARMA,Sun Pharmaceutical Industries,EQ,INE044A01036,511.0,514.25,489.0,490.9,493.0,510.15,12767338,6393690352.45,155331,LEGACY
2020-11-10,TORNTPHARM,Torrent Pharmaceuticals,EQ,INE685A01028,2564.55,2569.7,2418.75,2431.7,2438.6,2552.1,781494,1931581835.5,46044,LEGACY
2020-11-10,WOCKPHARMA,Wockhardt,EQ,INE049B01025,293.15,293.15,287.15,289.45,289.05,291.25,252697,73189397.95,5332,LEGACY
2020-11-11,ABBOTINDIA,Abbott India,EQ,INE358A01014,15555.0,15648.9,15365.0,15420.75,15409.95,15504.55,12430,192368761.25,5343,LEGACY
2020-11-11,AJANTPHARM,Ajanta Pharma,EQ,INE031B01049,1530.0,1557.8,1530.0,1550.85,1555.0,1530.1,225984,347875631.0,13962,LEGACY
2020-11-11,ALKEM,Alkem Laboratories,EQ,INE540L01014,2730.0,2739.2,2641.05,2688.55,2686.15,2722.2,158307,421675091.45,19938,LEGACY
2020-11-11,APLLTD,Alembic Pharmaceuticals,EQ,INE901L01018,939.0,964.0,939.0,957.2,956.0,938.3,273973,261111363.25,10624,LEGACY
2020-11-11,AUROPHARMA,Aurobindo Pharma,EQ,INE406A01037,768.0,815.0,766.15,810.8,814.45,761.05,7123691,5697823444.2,143560,LEGACY
2020-11-11,BIOCON,Biocon,EQ,INE376G01013,410.0,420.5,406.25,417.9,416.25,406.15,4289470,1781190045.1,65248,LEGACY
2020-11-11,CADILAHC,Cadila Healthcare,EQ,INE010B01027,414.9,419.0,411.1,416.45,415.95,409.4,5861723,2433949819.9,56445,LEGACY
2020-11-11,CIPLA,Cipla,EQ,INE059A01026,727.0,745.5,718.6,742.35,741.5,717.3,18892977,13886659396.4,273553,LEGACY
2020-11-11,DIVISLAB,Divi's Laboratories,EQ,INE361B01024,3300.0,3372.2,3282.05,3353.15,3353.0,3263.4,2007813,6694427145.75,93027,LEGACY
2020-11-11,DRREDDY,Dr. Reddy's Laboratories,EQ,INE089A01023,4730.0,4919.9,4691.1,4882.15,4898.0,4698.0,2707044,13047695247.85,137669,LEGACY
2020-11-11,GLAXO,GlaxoSmithKline Pharmaceuticals,EQ,INE159A01016,1418.1,1448.0,1405.1,1442.2,1437.95,1413.55,47147,67292051.9,5403,LEGACY
2020-11-11,GLENMARK,Glenmark Pharmaceuticals,EQ,INE935A01035,475.25,484.5,472.5,480.8,479.8,474.7,3881257,1861179162.3,54626,LEGACY
2020-11-11,GRANULES,Granules India,EQ,INE101D01020,372.0,380.0,371.0,374.8,375.5,371.55,718075,269348884.1,18313,LEGACY
2020-11-11,IPCALAB,IPCA Laboratories,EQ,INE571A01020,2120.0,2145.0,2007.0,2041.0,2030.0,2061.35,1702955,3514459934.65,120076,LEGACY
2020-11-11,JBCHEPHARM,JB Chemicals & Pharmaceuticals,EQ,INE572A01028,900.0,974.0,883.3,959.6,974.0,970.5,344220,324277162.9,20297,LEGACY
2020-11-11,LAURUSLABS,Laurus Labs,EQ,INE947Q01028,252.0,285.0,252.0,282.25,284.8,259.5,8813715,2399561702.85,109132,LEGACY
2020-11-11,LUPIN,Lupin,EQ,INE326A01037,870.0,913.4,865.0,911.1,907.0,858.7,7548412,6737977104.65,131612,LEGACY
2020-11-11,NATCOPHARM,Natco Pharma,EQ,INE987B01026,880.2,904.75,872.0,899.95,895.4,888.85,358023,318640072.9,11855,LEGACY
2020-11-11,PEL,Piramal Enterprises,EQ,INE140A01024,1392.7,1414.55,1381.3,1395.4,1394.0,1381.75,925673,1294987751.9,29332,LEGACY
2020-11-11,PFIZER,Pfizer,EQ,INE182A01018,5119.95,5249.0,5100.0,5201.7,5205.0,5057.9,349780,1815861116.6,40464,LEGACY
2020-11-11,SANOFI,Sanofi India,EQ,INE058A01010,8055.0,8181.9,7990.0,8005.6,8000.0,8050.8,12423,100018839.95,4810,LEGACY
2020-11-11,STAR,Strides Pharma Science,EQ,INE939A01011,602.05,636.8,601.65,625.55,624.9,597.5,872207,544546665.2,22512,LEGACY
2020-11-11,SUNPHARMA,Sun Pharmaceutical Industries,EQ,INE044A01036,495.0,508.35,492.0,506.05,506.25,490.9,11754997,5895829748.2,130972,LEGACY
2020-11-11,TORNTPHARM,Torrent Pharmaceuticals,EQ,INE685A01028,2442.0,2575.0,2435.75,2556.05,2536.15,2431.7,912503,2306432473.7,46237,LEGACY
2020-11-11,WOCKPHARMA,Wockhardt,EQ,INE049B01025,290.0,293.0,287.45,290.05,290.05,289.45,319302,92754560.05,8201,LEGACY
2020-11-12,ABBOTINDIA,Abbott India,EQ,INE358A01014,15420.0,15509.75,15275.1,15303.7,15334.0,15420.75,12910,198246145.6,5141,LEGACY
2020-11-12,AJANTPHARM,Ajanta Pharma,EQ,INE031B01049,1538.0,1551.0,1525.3,1529.85,1528.0,1550.85,151391,232019766.8,16263,LEGACY
2020-11-12,ALKEM,Alkem Laboratories,EQ,INE540L01014,2701.75,2710.0,2645.0,2655.65,2648.0,2688.55,114849,307577465.7,8545,LEGACY
2020-11-12,APLLTD,Alembic Pharmaceuticals,EQ,INE901L01018,960.0,970.5,952.0,965.35,968.95,957.2,193303,186306689.55,11311,LEGACY
2020-11-12,AUROPHARMA,Aurobindo Pharma,EQ,INE406A01037,814.5,864.0,800.0,839.0,840.0,810.8,17169196,14498987679.0,329324,LEGACY
2020-11-12,BIOCON,Biocon,EQ,INE376G01013,415.0,427.7,413.1,422.7,424.1,417.9,4545563,1924129922.75,50268,LEGACY
2020-11-12,CADILAHC,Cadila Healthcare,EQ,INE010B01027,418.4,435.4,413.85,426.05,427.0,416.45,9036176,3864037814.45,96608,LEGACY
2020-11-12,CIPLA,Cipla,EQ,INE059A01026,742.4,758.85,733.5,739.7,741.0,742.35,10422659,7785039235.15,149683,LEGACY
2020-11-12,DIVISLAB,Divi's Laboratories,EQ,INE361B01024,3336.0,3408.75,3303.15,3367.05,3363.7,3353.15,1258544,4249252916.05,65042,LEGACY
2020-11-12,DRREDDY,Dr. Reddy's Laboratories,EQ,INE089A01023,4875.0,4925.0,4805.0,4826.85,4835.0,4882.15,1316470,6413084264.65,65347,LEGACY
2020-11-12,GLAXO,GlaxoSmithKline Pharmaceuticals,EQ,INE159A01016,1442.0,1468.75,1413.0,1430.25,1417.1,1442.2,90183,129989167.5,6612,LEGACY
2020-11-12,GLENMARK,Glenmark Pharmaceuticals,EQ,INE935A01035,482.15,489.6,480.0,483.35,483.05,480.8,2337844,1134616882.95,27488,LEGACY
2020-11-12,GRANULES,Granules India,EQ,INE101D01020,377.5,384.55,375.25,379.65,379.9,374.8,858868,326878682.95,16980,LEGACY
2020-11-12,IPCALAB,IPCA Laboratories,EQ,INE571A01020,2048.0,2097.0,2043.6,2091.75,2095.0,2041.0,709015,1466546171.9,54404,LEGACY
2020-11-12,JBCHEPHARM,JB Chemicals & Pharmaceuticals,EQ,INE572A01028,963.0,980.65,951.0,953.6,951.05,959.6,136779,131553429.5,12270,LEGACY
2020-11-12,LAURUSLABS,Laurus Labs,EQ,INE947Q01028,284.95,294.9,284.0,289.1,288.75,282.25,6252604,1815980674.2,76892,LEGACY
2020-11-12,LUPIN,Lupin,EQ,INE326A01037,908.0,937.2,888.55,895.5,897.4,911.1,7637696,6984169595.1,119108,LEGACY
2020-11-12,NATCOPHARM,Natco Pharma,EQ,INE987B01026,899.95,933.3,892.2,906.6,902.9,899.95,905974,824603480.2,21609,LEGACY
2020-11-12,PEL,Piramal Enterprises,EQ,INE140A01024,1398.0,1421.95,1385.05,1403.55,1401.0,1395.4,913769,1281629316.75,26415,LEGACY
2020-11-12,PFIZER,Pfizer,EQ,INE182A01018,5202.0,5209.0,5090.0,5144.15,5159.0,5201.7,134025,689700711.35,17584,LEGACY
2020-11-12,SANOFI,Sanofi India,EQ,INE058A01010,8005.0,8099.7,8005.0,8029.3,8028.0,8005.6,20909,167984726.35,3931,LEGACY
2020-11-12,STAR,Strides Pharma Science,EQ,INE939A01011,625.0,669.6,620.6,665.0,666.55,625.55,1015143,661109487.25,27055,LEGACY
2020-11-12,SUNPHARMA,Sun Pharmaceutical Industries,EQ,INE044A01036,503.95,517.7,502.2,509.25,509.85,506.05,10911897,5593384810.95,119952,LEGACY
2020-11-12,TORNTPHARM,Torrent Pharmaceuticals,EQ,INE685A01028,2552.0,2644.8,2510.0,2618.8,2623.0,2556.05,817285,2131400493.85,34574,LEGACY
2020-11-12,WOCKPHARMA,Wockhardt,EQ,INE049B01025,290.4,297.45,290.0,292.55,291.65,290.05,458829,134624077.65,7819,LEGACY
2020-11-13,ABBOTINDIA,Abbott India,EQ,INE358A01014,15390.0,15450.0,15315.0,15367.0,15350.0,15303.7,7685,118281869.8,2918,LEGACY
2020-11-13,AJANTPHARM,Ajanta Pharma,EQ,INE031B01049,1521.65,1555.0,1501.05,1548.5,1547.0,1529.85,153550,235518609.35,11707,LEGACY
2020-11-13,ALKEM,Alkem Laboratories,EQ,INE540L01014,2666.3,2699.8,2655.85,2683.35,2674.05,2655.65,83966,225439713.1,3877,LEGACY
2020-11-13,APLLTD,Alembic Pharmaceuticals,EQ,INE901L01018,968.25,979.85,964.05,978.35,978.1,965.35,154505,150607188.25,9097,LEGACY
2020-11-13,AUROPHARMA,Aurobindo Pharma,EQ,INE406A01037,838.95,860.65,833.0,858.1,858.0,839.0,4778643,4053874256.95,90811,LEGACY
2020-11-13,BIOCON,Biocon,EQ,INE376G01013,423.9,435.4,423.35,433.45,435.2,422.7,4922210,2124054176.6,85184,LEGACY
2020-11-13,CADILAHC,Cadila Healthcare,EQ,INE010B01027,427.95,432.75,424.1,425.6,426.25,426.05,5443702,2332138570.9,48605,LEGACY
2020-11-13,CIPLA,Cipla,EQ,INE059A01026,742.5,751.0,740.15,744.65,745.5,739.7,6955531,5187026071.3,92386,LEGACY
2020-11-13,DIVISLAB,Divi's Laboratories,EQ,INE361B01024,3370.0,3450.0,3368.2,3432.95,3429.0,3367.05,1346031,4600385927.5,62985,LEGACY
2020-11-13,DRREDDY,Dr. Reddy's Laboratories,EQ,INE089A01023,4850.0,4884.85,4830.05,4856.9,4869.95,4826.85,1091870,5299537017.15,55502,LEGACY
2020-11-13,GLAXO,GlaxoSmithKline Pharmaceuticals,EQ,INE159A01016,1427.0,1435.0,1410.0,1428.35,1432.1,1430.25,47680,67724756.9,5001,LEGACY
2020-11-13,GLENMARK,Glenmark Pharmaceuticals,EQ,INE935A01035,483.45,488.4,481.0,486.55,486.4,483.35,1740209,843732491.9,20512,LEGACY
2020-11-13,GRANULES,Granules India,EQ,INE101D01020,379.4,381.65,374.1,376.65,376.3,379.65,703700,265805994.0,19968,LEGACY
2020-11-13,IPCALAB,IPCA Laboratories,EQ,INE571A01020,2099.9,2113.9,2055.0,2079.55,2079.0,2091.75,516430,1072668870.1,42425,LEGACY
2020-11-13,JBCHEPHARM,JB Chemicals & Pharmaceuticals,EQ,INE572A01028,954.0,968.85,950.0,954.5,954.25,953.6,67832,64951873.05,6550,LEGACY
2020-11-13,LAURUSLABS,Laurus Labs,EQ,INE947Q01028,288.4,292.5,282.1,284.0,283.65,289.1,2731588,782736430.8,51300,LEGACY
2020-11-13,LUPIN,Lupin,EQ,INE326A01037,900.0,907.15,890.65,901.35,901.75,895.5,3823102,3439546031.5,64453,LEGACY
2020-11-13,NATCOPHARM,Natco Pharma,EQ,INE987B01026,915.1,932.1,896.0,900.9,897.9,906.6,801117,729223783.3,29788,LEGACY
2020-11-13,PEL,Piramal Enterprises,EQ,INE140A01024,1400.0,1478.75,1389.75,1469.7,1467.25,1403.55,2019438,2913423033.8,67030,LEGACY
2020-11-13,PFIZER,Pfizer,EQ,INE182A01018,5155.0,5165.05,5100.0,5118.2,5109.75,5144.15,52345,268257247.2,6416,LEGACY
2020-11-13,SANOFI,Sanofi India,EQ,INE058A01010,8061.4,8100.0,8014.95,8075.4,8075.0,8029.3,20757,167420326.55,5691,LEGACY
2020-11-13,STAR,Strides Pharma Science,EQ,INE939A01011,657.0,682.65,655.0,678.1,675.85,665.0,820405,552659757.05,22852,LEGACY
2020-11-13,SUNPHARMA,Sun Pharmaceutical Industries,EQ,INE044A01036,511.95,515.8,504.55,508.45,508.0,509.25,9501329,4839638586.6,86051,LEGACY
2020-11-13,TORNTPHARM,Torrent Pharmaceuticals,EQ,INE685A01028,2618.0,2747.8,2595.0,2729.35,2728.0,2618.8,1298177,3496451240.4,46879,LEGACY
2020-11-13,WOCKPHARMA,Wockhardt,EQ,INE049B01025,292.0,294.0,290.6,291.9,292.05,292.55,170188,49726545.45,3548,LEGACY
2020-11-17,ABBOTINDIA,Abbott India,EQ,INE358A01014,15550.0,15550.0,15250.0,15280.15,15270.0,15595.55,15913,244453082.15,5603,LEGACY
2020-11-17,AJANTPHARM,Ajanta Pharma,EQ,INE031B01049,1550.0,1565.8,1536.0,1552.15,1549.5,1548.9,135842,210419550.2,9953,LEGACY
2020-11-17,ALKEM,Alkem Laboratories,EQ,INE540L01014,2710.0,2712.0,2667.0,2677.8,2678.0,2705.6,203422,545475406.85,7303,LEGACY
2020-11-17,APLLTD,Alembic Pharmaceuticals,EQ,INE901L01018,992.8,992.8,960.0,962.35,963.0,986.2,322892,312704707.2,19136,LEGACY
2020-11-17,AUROPHARMA,Aurobindo Pharma,EQ,INE406A01037,858.6,875.9,848.45,855.6,854.0,852.15,5585491,4811052378.85,165356,LEGACY
2020-11-17,BIOCON,Biocon,EQ,INE376G01013,435.05,436.35,422.9,428.15,428.5,434.35,3459673,1479987864.1,44018,LEGACY
2020-11-17,CADILAHC,Cadila Healthcare,EQ,INE010B01027,432.0,433.95,426.0,429.85,430.4,429.25,3849920,1655347665.05,37033,LEGACY
2020-11-17,CIPLA,Cipla,EQ,INE059A01026,747.4,751.9,734.0,742.55,742.95,745.75,7313289,5432688475.6,133432,LEGACY
2020-11-17,DIVISLAB,Divi's Laboratories,EQ,INE361B01024,3460.0,3490.0,3395.0,3427.0,3433.0,3444.95,1652851,5670300926.45,66420,LEGACY
2020-11-17,DRREDDY,Dr. Reddy's Laboratories,EQ,INE089A01023,4875.0,4879.85,4770.0,4784.15,4785.0,4872.05,1283213,6168311618.5,74467,LEGACY
2020-11-17,GLAXO,GlaxoSmithKline Pharmaceuticals,EQ,INE159A01016,1450.0,1454.35,1432.5,1444.05,1442.0,1442.1,37928,54758055.65,2832,LEGACY
2020-11-17,GLENMARK,Glenmark Pharmaceuticals,EQ,INE935A01035,488.0,491.9,480.75,487.2,487.0,485.45,1822612,887851034.25,23834,LEGACY
2020-11-17,GRANULES,Granules India,EQ,INE101D01020,381.35,388.0,375.0,386.35,386.0,379.7,968897,371315883.05,22690,LEGACY
2020-11-17,IPCALAB,IPCA Laboratories,EQ,INE571A01020,2097.0,2124.0,2069.2,2102.35,2109.0,2095.0,859225,1800602477.6,66106,LEGACY
2020-11-17,JBCHEPHARM,JB Chemicals & Pharmaceuticals,EQ,INE572A01028,965.0,968.5,950.0,956.0,957.4,968.05,103008,98475502.55,8456,LEGACY
2020-11-17,LAURUSLABS,Laurus Labs,EQ,INE947Q01028,291.5,291.85,279.0,279.45,279.45,289.65,3711155,1046266645.7,55676,LEGACY
2020-11-17,LUPIN,Lupin,EQ,INE326A01037,915.25,915.3,885.5,887.6,886.9,906.25,2899346,2589560723.45,84510,LEGACY
2020-11-17,NATCOPHARM,Natco Pharma,EQ,INE987B01026,910.0,914.7,900.2,911.4,904.6,905.15,257286,234310503.1,7362,LEGACY
2020-11-17,PEL,Piramal Enterprises,EQ,INE140A01024,1470.05,1470.1,1385.2,1411.0,1408.7,1455.5,1199249,1692941454.25,46360,LEGACY
2020-11-17,PFIZER,Pfizer,EQ,INE182A01018,5137.85,5148.8,4931.9,4950.35,4949.95,5137.85,207931,1039401763.5,28061,LEGACY
2020-11-17,SANOFI,Sanofi India,EQ,INE058A01010,8187.5,8187.5,8033.0,8067.25,8081.0,8157.4,29140,234702292.45,3680,LEGACY
2020-11-17,STAR,Strides Pharma Science,EQ,INE939A01011,696.95,696.95,665.15,676.95,677.9,694.0,884792,600826359.25,23662,LEGACY
2020-11-17,SUNPHARMA,Sun Pharmaceutical Industries,EQ,INE044A01036,517.0,523.4,514.05,518.4,517.5,514.0,12411197,6447059443.55,121081,LEGACY
2020-11-17,TORNTPHARM,Torrent Pharmaceuticals,EQ,INE685A01028,2720.05,2740.0,2639.05,2656.2,2653.5,2728.05,997314,2674192335.15,44372,LEGACY
2020-11-17,WOCKPHARMA,Wockhardt,EQ,INE049B01025,294.75,306.5,293.3,303.35,303.75,293.2,929976,280702305.05,20706,LEGACY
2020-11-19,ABBOTINDIA,Abbott India,EQ,INE358A01014,15100.0,15299.0,15100.0,15238.65,15284.0,15096.2,9473,144229632.7,4127,LEGACY
2020-11-19,AJANTPHARM,Ajanta Pharma,EQ,INE031B01049,1545.05,1564.9,1530.0,1535.2,1537.0,1548.9,71737,110901979.2,9308,LEGACY
2020-11-19,ALKEM,Alkem Laboratories,EQ,INE540L01014,2697.0,2699.0,2661.55,2684.6,2678.0,2695.3,175695,471880231.4,7538,LEGACY
2020-11-19,APLLTD,Alembic Pharmaceuticals,EQ,INE901L01018,960.0,975.9,960.0,973.4,973.0,969.6,111093,107518192.1,10463,LEGACY
2020-11-19,AUROPHARMA,Aurobindo Pharma,EQ,INE406A01037,837.0,862.0,821.95,830.15,826.9,835.0,3507869,2965454253.6,96301,LEGACY
2020-11-19,BIOCON,Biocon,EQ,INE376G01013,422.15,426.8,420.35,422.75,422.65,423.0,2835931,1200490640.7,39160,LEGACY
2020-11-19,CADILAHC,Cadila Healthcare,EQ,INE010B01027,430.55,438.85,427.1,430.7,430.0,428.9,3614608,1565511778.75,34665,LEGACY
2020-11-19,CIPLA,Cipla,EQ,INE059A01026,742.55,751.9,737.95,742.1,742.0,742.95,5804230,4319594117.25,93763,LEGACY
2020-11-19,DIVISLAB,Divi's Laboratories,EQ,INE361B01024,3436.0,3499.0,3406.3,3435.05,3421.1,3451.8,1130621,3909197781.55,50799,LEGACY
2020-11-19,DRREDDY,Dr. Reddy's Laboratories,EQ,INE089A01023,4675.0,4811.8,4657.0,4707.7,4725.0,4703.8,1767289,8377766888.65,94538,LEGACY
2020-11-19,GLAXO,GlaxoSmithKline Pharmaceuticals,EQ,INE159A01016,1430.0,1497.9,1430.0,1484.6,1480.0,1429.0,98686,144959135.65,7231,LEGACY
2020-11-19,GLENMARK,Glenmark Pharmaceuticals,EQ,INE935A01035,478.0,488.3,478.0,482.7,482.9,482.8,1127134,545871625.2,17860,LEGACY
2020-11-19,GRANULES,Granules India,EQ,INE101D01020,389.9,389.9,374.0,377.95,377.7,391.45,972801,371338055.85,20488,LEGACY
2020-11-19,IPCALAB,IPCA Laboratories,EQ,INE571A01020,2080.0,2117.95,2047.1,2060.15,2056.0,2078.0,712075,1484420121.3,39995,LEGACY
2020-11-19,JBCHEPHARM,JB Chemicals & Pharmaceuticals,EQ,INE572A01028,946.0,961.45,924.2,931.0,928.0,942.7,124621,118167249.35,12335,LEGACY
2020-11-19,LAURUSLABS,Laurus Labs,EQ,INE947Q01028,271.3,275.25,267.55,268.5,268.75,271.3,3578574,970166490.85,56223,LEGACY
2020-11-19,LUPIN,Lupin,EQ,INE326A01037,876.1,891.45,876.1,884.4,883.0,884.3,2173512,1923541924.05,46377,LEGACY
2020-11-19,NATCOPHARM,Natco Pharma,EQ,INE987B01026,896.0,913.6,896.0,909.05,910.2,899.25,217020,196495593.8,6372,LEGACY
2020-11-19,PEL,Piramal Enterprises,EQ,INE140A01024,1425.1,1452.0,1385.05,1393.05,1394.0,1436.3,1267472,1798834019.5,49481,LEGACY
2020-11-19,PFIZER,Pfizer,EQ,INE182A01018,5215.0,5218.0,5042.0,5058.9,5059.0,4907.3,428094,2185274539.7,62936,LEGACY
2020-11-19,SANOFI,Sanofi India,EQ,INE058A01010,8013.9,8165.0,8005.0,8116.6,8102.05,8011.4,10859,88124041.35,3014,LEGACY
2020-11-19,STAR,Strides Pharma Science,EQ,INE939A01011,673.6,701.0,673.6,697.2,696.2,680.35,870751,602814930.15,22871,LEGACY
2020-11-19,SUNPHARMA,Sun Pharmaceutical Industries,EQ,INE044A01036,512.0,516.15,505.0,507.35,506.0,513.0,6843207,3501030019.8,65949,LEGACY
2020-11-19,TORNTPHARM,Torrent Pharmaceuticals,EQ,INE685A01028,2680.0,2708.6,2621.6,2634.6,2622.0,2676.55,676028,1804762780.05,33950,LEGACY
2020-11-19,WOCKPHARMA,Wockhardt,EQ,INE049B01025,319.0,337.0,318.2,327.75,327.15,321.65,1580688,520000887.2,32300,LEGACY
2020-11-20,ABBOTINDIA,Abbott India,EQ,INE358A01014,15298.65,15360.0,15200.0,15344.55,15345.0,15238.65,8136,124349015.5,2756,LEGACY
2020-11-20,AJANTPHARM,Ajanta Pharma,EQ,INE031B01049,1545.0,1546.7,1525.0,1528.6,1530.0,1535.2,60425,92588520.25,5934,LEGACY
2020-11-20,ALKEM,Alkem Laboratories,EQ,INE540L01014,2698.9,2718.25,2656.0,2679.15,2680.0,2684.6,123118,329803583.85,15448,LEGACY
2020-11-20,APLLTD,Alembic Pharmaceuticals,EQ,INE901L01018,977.95,981.5,962.2,970.9,970.0,973.4,134261,130649034.2,9930,LEGACY
2020-11-20,AUROPHARMA,Aurobindo Pharma,EQ,INE406A01037,830.15,849.35,825.0,833.4,833.05,830.15,3348290,2798851818.75,77486,LEGACY
2020-11-20,BIOCON,Biocon,EQ,INE376G01013,423.1,425.95,415.0,419.95,419.55,422.75,3344749,1404083107.3,38399,LEGACY
2020-11-20,CADILAHC,Cadila Healthcare,EQ,INE010B01027,434.0,434.4,423.7,425.8,425.55,430.7,2797173,1197153523.85,25330,LEGACY
2020-11-20,CIPLA,Cipla,EQ,INE059A01026,742.0,748.45,732.25,739.9,740.4,742.1,5394676,3988431647.85,92352,LEGACY
2020-11-20,DIVISLAB,Divi's Laboratories,EQ,INE361B01024,3442.0,3490.0,3425.0,3469.1,3472.95,3435.05,1058905,3666696287.95,68515,LEGACY
2020-11-20,DRREDDY,Dr. Reddy's Laboratories,EQ,INE089A01023,4730.0,4752.3,4656.3,4670.95,4677.0,4707.7,954936,4480197435.4,61525,LEGACY
2020-11-20,GLAND,Gland Pharma,EQ,INE068V01023,1710.0,1850.0,1700.0,1819.55,1828.0,1500.0,11310647,19969802967.65,405609,LEGACY
2020-11-20,GLAXO,GlaxoSmithKline Pharmaceuticals,EQ,INE159A01016,1492.15,1529.95,1471.2,1524.2,1520.7,1484.6,93833,141620427.75,11594,LEGACY
2020-11-20,GLENMARK,Glenmark Pharmaceuticals,EQ,INE935A01035,485.25,486.65,478.0,481.85,480.5,482.7,1362355,655986192.8,19880,LEGACY
2020-11-20,GRANULES,Granules India,EQ,INE101D01020,376.0,378.0,372.0,373.85,374.0,377.95,740891,276922579.35,22555,LEGACY
2020-11-20,IPCALAB,IPCA Laboratories,EQ,INE571A01020,2074.9,2159.7,2068.05,2138.7,2122.8,2060.15,1013382,2148797498.35,113014,LEGACY
2020-11-20,JBCHEPHARM,JB Chemicals & Pharmaceuticals,EQ,INE572A01028,931.0,940.0,919.6,937.75,937.0,931.0,82384,77026297.25,6675,LEGACY
2020-11-20,LAURUSLABS,Laurus Labs,EQ,INE947Q01028,269.95,284.0,269.05,282.85,282.9,268.5,4130498,1150551126.2,46748,LEGACY
2020-11-20,LUPIN,Lupin,EQ,INE326A01037,887.0,891.8,873.55,878.7,878.5,884.4,1879772,1656442709.15,41225,LEGACY
2020-11-20,NATCOPHARM,Natco Pharma,EQ,INE987B01026,913.85,919.9,894.5,912.3,909.35,909.05,243477,221183706.55,7916,LEGACY
2020-11-20,PEL,Piramal Enterprises,EQ,INE140A01024,1403.8,1417.55,1371.25,1395.45,1390.5,1393.05,956220,1331375375.55,30197,LEGACY
2020-11-20,PFIZER,Pfizer,EQ,INE182A01018,5070.0,5123.7,5010.0,5060.5,5064.9,5058.9,137124,694397180.3,18906,LEGACY
2020-11-20,SANOFI,Sanofi India,EQ,INE058A01010,8123.0,8240.0,8123.0,8210.0,8225.0,8116.6,19669,160694760.65,6270,LEGACY
2020-11-20,STAR,Strides Pharma Science,EQ,INE939A01011,699.0,716.85,686.15,710.4,710.0,697.2,786633,554090288.55,23419,LEGACY
2020-11-20,SUNPHARMA,Sun Pharmaceutical Industries,EQ,INE044A01036,510.0,512.5,496.0,503.25,502.45,507.35,7594535,3822559716.95,99225,LEGACY
2020-11-20,TORNTPHARM,Torrent Pharmaceuticals,EQ,INE685A01028,2634.95,2643.2,2601.0,2609.9,2608.0,2634.6,422239,1103295663.75,20988,LEGACY
2020-11-20,WOCKPHARMA,Wockhardt,EQ,INE049B01025,330.75,393.3,329.1,393.3,393.3,327.75,5992860,2203815729.7,76271,LEGACY
2020-11-23,ABBOTINDIA,Abbott India,EQ,INE358A01014,15400.0,15450.0,15169.65,15197.6,15200.0,15344.55,19703,300605713.55,5799,LEGACY
2020-11-23,AJANTPHARM,Ajanta Pharma,EQ,INE031B01049,1535.0,1543.3,1525.0,1527.25,1525.0,1528.6,136907,209440180.85,6897,LEGACY
2020-11-23,ALKEM,Alkem Laboratories,EQ,INE540L01014,2688.0,2775.0,2680.1,2760.5,2760.0,2679.15,199727,550618891.55,14178,LEGACY
2020-11-23,APLLTD,Alembic Pharmaceuticals,EQ,INE901L01018,977.0,1000.0,968.5,993.2,997.0,970.9,271531,268936852.0,15220,LEGACY
2020-11-23,AUROPHARMA,Aurobindo Pharma,EQ,INE406A01037,839.3,863.8,835.1,848.5,848.0,833.4,3455734,2946391757.95,97571,LEGACY
2020-11-23,BIOCON,Biocon,EQ,INE376G01013,421.0,425.3,417.6,420.25,419.7,419.95,7777720,3283139763.45,63785,LEGACY
2020-11-23,CADILAHC,Cadila Healthcare,EQ,INE010B01027,429.65,437.85,425.1,432.85,432.3,425.8,3744377,1621742456.25,33528,LEGACY
2020-11-23,CIPLA,Cipla,EQ,INE059A01026,741.65,758.05,739.4,746.3,746.3,739.9,8690680,6523626753.55,133146,LEGACY
2020-11-23,DIVISLAB,Divi's Laboratories,EQ,INE361B01024,3486.4,3637.8,3470.5,3546.3,3538.2,3469.1,2306539,8227009236.85,114587,LEGACY
2020-11-23,DRREDDY,Dr. Reddy's Laboratories,EQ,INE089A01023,4685.0,4870.0,4671.1,4828.75,4835.0,4670.95,2152603,10342410871.55,129714,LEGACY
2020-11-23,GLAND,Gland Pharma,EQ,INE068V01023,1844.0,2183.45,1840.0,2089.05,2094.95,1819.55,3893237,8060529202.3,192919,LEGACY
2020-11-23,GLAXO,GlaxoSmithKline Pharmaceuticals,EQ,INE159A01016,1530.0,1537.85,1521.0,1525.7,1525.0,1524.2,57494,87870542.45,4182,LEGACY
2020-11-23,GLENMARK,Glenmark Pharmaceuticals,EQ,INE935A01035,482.0,489.4,475.2,479.85,480.25,481.85,2998394,1446862705.3,46060,LEGACY
2020-11-23,GRANULES,Granules India,EQ,INE101D01020,374.35,401.0,374.35,398.6,400.55,373.85,2541169,996748012.9,42865,LEGACY
2020-11-23,IPCALAB,IPCA Laboratories,EQ,INE571A01020,2149.0,2280.0,2130.05,2197.65,2187.75,2138.7,1174042,2605345447.5,117246,LEGACY
2020-11-23,JBCHEPHARM,JB Chemicals & Pharmaceuticals,EQ,INE572A01028,951.4,964.0,939.85,958.6,961.0,937.75,155586,148036082.6,12036,LEGACY
2020-11-23,LAURUSLABS,Laurus Labs,EQ,INE947Q01028,284.9,292.0,284.7,290.4,289.9,282.85,4321845,1248610621.75,42746,LEGACY
2020-11-23,LUPIN,Lupin,EQ,INE326A01037,886.0,900.85,877.5,884.3,884.6,878.7,3600764,3205214884.7,106343,LEGACY
2020-11-23,NATCOPHARM,Natco Pharma,EQ,INE987B01026,906.05,933.0,904.0,911.45,907.0,912.3,785225,723856320.45,31099,LEGACY
2020-11-23,PEL,Piramal Enterprises,EQ,INE140A01024,1413.25,1438.95,1380.1,1392.9,1386.9,1395.45,917976,1298515703.1,31757,LEGACY
2020-11-23,PFIZER,Pfizer,EQ,INE182A01018,5120.0,5164.0,5091.75,5147.0,5147.95,5060.5,116729,598803121.1,15046,LEGACY
2020-11-23,SANOFI,Sanofi India,EQ,INE058A01010,8210.05,8258.0,8102.0,8219.35,8186.75,8210.0,14519,118679303.45,6265,LEGACY
2020-11-23,STAR,Strides Pharma Science,EQ,INE939A01011,714.9,714.9,690.0,697.15,697.0,710.4,1060822,741197398.5,34934,LEGACY
2020-11-23,SUNPHARMA,Sun Pharmaceutical Industries,EQ,INE044A01036,504.0,516.4,501.0,512.85,513.5,503.25,8931512,4565091957.75,98315,LEGACY
2020-11-23,TORNTPHARM,Torrent Pharmaceuticals,EQ,INE685A01028,2609.9,2628.75,2565.0,2601.95,2611.0,2609.9,660679,1718175028.6,24224,LEGACY
2020-11-23,WOCKPHARMA,Wockhardt,EQ,INE049B01025,410.3,451.9,405.0,434.75,428.0,393.3,7399858,3192436489.25,165885,LEGACY
2020-11-24,ABBOTINDIA,Abbott India,EQ,INE358A01014,15205.0,15475.0,15205.0,15297.65,15311.9,15197.6,17108,262873858.4,4316,LEGACY
2020-11-24,AJANTPHARM,Ajanta Pharma,EQ,INE031B01049,1527.25,1537.5,1517.65,1527.75,1526.0,1527.25,81370,124268369.15,6086,LEGACY
2020-11-24,ALKEM,Alkem Laboratories,EQ,INE540L01014,2794.1,2810.0,2763.0,2775.65,2779.0,2760.5,62614,174201792.15,8049,LEGACY
2020-11-24,APLLTD,Alembic Pharmaceuticals,EQ,INE901L01018,1000.0,1005.0,990.0,995.55,993.0,993.2,242263,241585656.35,10837,LEGACY
2020-11-24,AUROPHARMA,Aurobindo Pharma,EQ,INE406A01037,853.95,884.35,845.1,879.25,882.0,848.5,5774755,5015540162.5,135583,LEGACY
2020-11-24,BIOCON,Biocon,EQ,INE376G01013,422.35,436.0,418.1,433.55,435.0,420.25,6936794,2969686928.85,89861,LEGACY
2020-11-24,CADILAHC,Cadila Healthcare,EQ,INE010B01027,432.0,434.2,425.5,429.1,429.5,432.85,3001559,1289029480.9,24322,LEGACY
2020-11-24,CIPLA,Cipla,EQ,INE059A01026,748.3,752.0,741.6,748.45,749.2,746.3,5471533,4090847612.9,84640,LEGACY
2020-11-24,DIVISLAB,Divi's Laboratories,EQ,INE361B01024,3609.95,3609.95,3493.0,3537.05,3540.0,3546.3,1608159,5696215074.5,110303,LEGACY
2020-11-24,DRREDDY,Dr. Reddy's Laboratories,EQ,INE089A01023,4850.0,4940.0,4785.8,4915.5,4934.1,4828.75,1922298,9364490471.7,115067,LEGACY
2020-11-24,GLAND,Gland Pharma,EQ,INE068V01023,2110.0,2174.8,1960.2,2048.5,2059.0,2089.05,1961368,4025533043.9,137870,LEGACY
2020-11-24,GLAXO,GlaxoSmithKline Pharmaceuticals,EQ,INE159A01016,1529.8,1537.9,1520.1,1525.45,1525.05,1525.7,27413,41836358.15,2154,LEGACY
2020-11-24,GLENMARK,Glenmark Pharmaceuticals,EQ,INE935A01035,482.65,483.6,476.7,480.5,481.0,479.85,1824248,876703697.15,20772,LEGACY
2020-11-24,GRANULES,Granules India,EQ,INE101D01020,405.0,420.0,403.7,418.65,418.5,398.6,4223168,1753074112.9,73105,LEGACY
2020-11-24,IPCALAB,IPCA Laboratories,EQ,INE571A01020,2210.0,2287.0,2135.0,2210.45,2209.6,2197.65,1234290,2742752697.05,106536,LEGACY
2020-11-24,JBCHEPHARM,JB Chemicals & Pharmaceuticals,EQ,INE572A01028,970.0,984.0,961.0,979.9,976.0,958.6,130780,127157973.15,10817,LEGACY
2020-11-24,LAURUSLABS,Laurus Labs,EQ,INE947Q01028,292.9,294.9,286.0,289.7,289.9,290.4,2873638,835415298.4,41296,LEGACY
2020-11-24,LUPIN,Lupin,EQ,INE326A01037,887.75,899.0,879.0,895.35,898.1,884.3,3064711,2729970500.1,48102,LEGACY
2020-11-24,NATCOPHARM,Natco Pharma,EQ,INE987B01026,911.45,920.9,905.0,913.15,915.0,911.45,183531,167653357.05,8365,LEGACY
2020-11-24,PEL,Piramal Enterprises,EQ,INE140A01024,1395.5,1443.0,1390.05,1425.45,1442.0,1392.9,1438521,2041071067.7,48751,LEGACY
2020-11-24,PFIZER,Pfizer,EQ,INE182A01018,5174.0,5177.0,5102.3,5123.7,5124.0,5147.0,64729,332851376.5,10371,LEGACY
2020-11-24,SANOFI,Sanofi India,EQ,INE058A01010,8239.0,8340.0,8170.95,8332.65,8326.0,8219.35,15440,127818704.3,4779,LEGACY
2020-11-24,STAR,Strides Pharma Science,EQ,INE939A01011,703.0,728.0,692.1,722.3,725.05,697.15,1285486,918535848.05,39096,LEGACY
2020-11-24,SUNPHARMA,Sun Pharmaceutical Industries,EQ,INE044A01036,513.5,522.75,508.2,520.15,519.8,512.85,9096230,4695583150.75,98953,LEGACY
2020-11-24,TORNTPHARM,Torrent Pharmaceuticals,EQ,INE685A01028,2627.0,2652.7,2581.95,2622.65,2619.9,2601.95,452864,1188901403.15,26642,LEGACY
2020-11-24,WOCKPHARMA,Wockhardt,EQ,INE049B01025,434.4,434.85,407.15,417.4,415.0,434.75,1706360,718280855.55,39622,LEGACY
2020-11-25,ABBOTINDIA,Abbott India,EQ,INE358A01014,15386.25,15424.0,15300.0,15395.0,15400.05,15297.65,6300,96864967.25,2462,LEGACY
2020-11-25,AJANTPHARM,Ajanta Pharma,EQ,INE031B01049,1530.0,1535.95,1515.0,1523.6,1521.0,1527.75,63835,97400937.1,5496,LEGACY
2020-11-25,ALKEM,Alkem Laboratories,EQ,INE540L01014,2800.0,2815.0,2781.0,2798.1,2809.0,2775.65,76330,213625992.95,11181,LEGACY
2020-11-25,APLLTD,Alembic Pharmaceuticals,EQ,INE901L01018,995.4,999.95,974.2,978.9,979.55,995.55,163643,160568202.4,9067,LEGACY
2020-11-25,AUROPHARMA,Aurobindo Pharma,EQ,INE406A01037,885.0,889.85,850.3,852.85,853.75,879.25,3990415,3453250571.55,94768,LEGACY
2020-11-25,BIOCON,Biocon,EQ,INE376G01013,440.0,444.0,418.65,420.15,419.9,433.55,6156478,2640419864.2,73543,LEGACY
2020-11-25,CADILAHC,Cadila Healthcare,EQ,INE010B01027,431.5,432.35,419.55,421.5,421.0,429.1,2533722,1078204110.1,23169,LEGACY
2020-11-25,CIPLA,Cipla,EQ,INE059A01026,750.1,754.55,728.2,731.65,732.75,748.45,6060158,4489164613.25,100222,LEGACY
2020-11-25,DIVISLAB,Divi's Laboratories,EQ,INE361B01024,3567.95,3568.9,3450.0,3469.45,3464.85,3537.05,736967,2581590147.95,43856,LEGACY
2020-11-25,DRREDDY,Dr. Reddy's Laboratories,EQ,INE089A01023,4998.0,5017.0,4781.0,4806.3,4803.0,4915.5,2659116,13039024672.65,156963,LEGACY
2020-11-25,GLAND,Gland Pharma,EQ,INE068V01023,2077.0,2222.0,2036.1,2053.0,2050.0,2048.5,2771893,5966578906.6,179346,LEGACY
2020-11-25,GLAXO,GlaxoSmithKline Pharmaceuticals,EQ,INE159A01016,1521.25,1548.0,1521.25,1526.25,1525.0,1525.45,40266,61741233.25,3857,LEGACY
2020-11-25,GLENMARK,Glenmark Pharmaceuticals,EQ,INE935A01035,484.0,484.8,465.0,466.3,467.5,480.5,2611985,1238638760.2,35928,LEGACY
2020-11-25,GRANULES,Granules India,EQ,INE101D01020,422.0,425.0,408.0,414.25,414.7,418.65,1842622,767003336.8,42820,LEGACY
2020-11-25,IPCALAB,IPCA Laboratories,EQ,INE571A01020,2226.25,2228.2,2081.0,2124.15,2137.95,2210.45,888952,1878929692.65,106675,LEGACY
2020-11-25,JBCHEPHARM,JB Chemicals & Pharmaceuticals,EQ,INE572A01028,980.0,986.0,950.0,953.6,952.05,979.9,162594,158012832.85,14704,LEGACY
2020-11-25,LAURUSLABS,Laurus Labs,EQ,INE947Q01028,292.0,292.15,282.55,285.45,284.95,289.7,2187334,627286005.8,29145,LEGACY
2020-11-25,LUPIN,Lupin,EQ,INE326A01037,903.0,907.3,888.3,894.55,894.8,895.35,4855946,4360211811.25,85321,LEGACY
2020-11-25,NATCOPHARM,Natco Pharma,EQ,INE987B01026,919.0,919.0,894.0,897.05,896.4,913.15,238618,215208138.25,10164,LEGACY
2020-11-25,PEL,Piramal Enterprises,EQ,INE140A01024,1449.65,1451.25,1384.5,1388.55,1390.0,1425.45,1338089,1899688120.6,43959,LEGACY
2020-11-25,PFIZER,Pfizer,EQ,INE182A01018,5144.05,5145.0,5071.0,5100.8,5093.0,5123.7,59918,305961261.45,8417,LEGACY
2020-11-25,SANOFI,Sanofi India,EQ,INE058A01010,8335.0,8365.05,8132.0,8282.0,8300.0,8332.65,28541,237108640.3,3558,LEGACY
2020-11-25,STAR,Strides Pharma Science,EQ,INE939A01011,727.05,744.95,725.0,736.5,734.35,722.3,939350,690272450.55,21917,LEGACY
2020-11-25,SUNPHARMA,Sun Pharmaceutical Industries,EQ,INE044A01036,521.2,526.0,504.15,506.2,507.0,520.15,10673809,5476412935.55,114916,LEGACY
2020-11-25,TORNTPHARM,Torrent Pharmaceuticals,EQ,INE685A01028,2635.0,2639.05,2575.2,2584.8,2577.25,2622.65,322296,838726167.2,18459,LEGACY
2020-11-25,WOCKPHARMA,Wockhardt,EQ,INE049B01025,418.9,420.5,390.0,395.15,393.5,417.4,890784,359126327.15,20144,LEGACY
2020-11-26,ABBOTINDIA,Abbott India,EQ,INE358A01014,15450.0,15450.0,15306.0,15354.15,15379.9,15395.0,15162,233173836.6,2718,LEGACY
2020-11-26,AJANTPHARM,Ajanta Pharma,EQ,INE031B01049,1526.0,1533.5,1510.1,1524.0,1523.25,1523.6,160464,244710274.7,13270,LEGACY
2020-11-26,ALKEM,Alkem Laboratories,EQ,INE540L01014,2815.0,2846.95,2790.0,2818.85,2822.0,2798.1,160999,454594107.75,12331,LEGACY
2020-11-26,APLLTD,Alembic Pharmaceuticals,EQ,INE901L01018,981.65,997.5,975.1,988.1,989.0,978.9,169870,168031067.75,5157,LEGACY
2020-11-26,AUROPHARMA,Aurobindo Pharma,EQ,INE406A01037,856.5,873.25,850.0,870.7,868.5,852.85,3653486,3149421210.55,77344,LEGACY
2020-11-26,BIOCON,Biocon,EQ,INE376G01013,422.45,427.9,418.25,425.75,427.0,420.15,3912570,1657407165.45,41573,LEGACY
2020-11-26,CADILAHC,Cadila Healthcare,EQ,INE010B01027,422.0,426.8,418.1,422.3,426.8,421.5,2587875,1091589919.85,24624,LEGACY
2020-11-26,CIPLA,Cipla,EQ,INE059A01026,734.0,741.0,726.5,738.7,740.75,731.65,6088729,4466317521.9,92652,LEGACY
2020-11-26,DIVISLAB,Divi's Laboratories,EQ,INE361B01024,3485.5,3565.0,3465.0,3544.3,3540.0,3469.45,963570,3378626734.25,52604,LEGACY
2020-11-26,DRREDDY,Dr. Reddy's Laboratories,EQ,INE089A01023,4810.0,4929.3,4773.8,4901.35,4905.0,4806.3,1667235,8074000301.55,88306,LEGACY
2020-11-26,GLAND,Gland Pharma,EQ,INE068V01023,2074.4,2155.9,2070.0,2106.7,2116.85,2053.0,1211725,2553252552.8,80912,LEGACY
2020-11-26,GLAXO,GlaxoSmithKline Pharmaceuticals,EQ,INE159A01016,1530.0,1545.0,1524.0,1540.1,1541.35,1526.25,25633,39315318.95,2361,LEGACY
2020-11-26,GLENMARK,Glenmark Pharmaceuticals,EQ,INE935A01035,470.0,474.0,460.4,468.9,469.3,466.3,2161218,1010809852.65,34464,LEGACY
2020-11-26,GRANULES,Granules India,EQ,INE101D01020,415.1,419.0,408.3,412.9,410.4,414.25,1001461,413800816.6,17403,LEGACY
2020-11-26,IPCALAB,IPCA Laboratories,EQ,INE571A01020,2126.0,2158.9,2083.0,2136.7,2135.5,2124.15,524256,1111749642.8,50297,LEGACY
2020-11-26,JBCHEPHARM,JB Chemicals & Pharmaceuticals,EQ,INE572A01028,962.1,962.5,940.0,954.85,950.65,953.6,47849,45557708.95,4487,LEGACY
2020-11-26,LAURUSLABS,Laurus Labs,EQ,INE947Q01028,295.0,298.8,289.3,292.35,291.95,285.45,4631170,1358459062.4,71295,LEGACY
2020-11-26,LUPIN,Lupin,EQ,INE326A01037,897.0,906.95,893.3,899.55,899.6,894.55,2330965,2098437500.3,37432,LEGACY
2020-11-26,NATCOPHARM,Natco Pharma,EQ,INE987B01026,890.6,912.0,878.0,899.8,905.0,897.05,405164,359966687.85,14917,LEGACY
2020-11-26,PEL,Piramal Enterprises,EQ,INE140A01024,1395.0,1428.05,1376.05,1423.75,1420.65,1388.55,928415,1303125087.65,32102,LEGACY
2020-11-26,PFIZER,Pfizer,EQ,INE182A01018,5089.0,5129.7,5052.0,5119.9,5121.0,5100.8,46861,238350078.25,6460,LEGACY
2020-11-26,SANOFI,Sanofi India,EQ,INE058A01010,8323.0,8323.0,8200.0,8256.85,8250.0,8282.0,37468,310077925.2,2161,LEGACY
2020-11-26,STAR,Strides Pharma Science,EQ,INE939A01011,734.8,754.5,731.95,750.35,748.55,736.5,565080,421264632.55,18539,LEGACY
2020-11-26,SUNPHARMA,Sun Pharmaceutical Industries,EQ,INE044A01036,506.0,513.0,502.3,511.7,512.75,506.2,7494355,3809628916.0,84589,LEGACY
2020-11-26,TORNTPHARM,Torrent Pharmaceuticals,EQ,INE685A01028,2597.75,2624.0,2587.5,2615.7,2610.15,2584.8,410020,1069143776.55,16221,LEGACY
2020-11-26,WOCKPHARMA,Wockhardt,EQ,INE049B01025,394.45,434.65,393.0,434.65,434.65,395.15,1608846,681054849.15,24375,LEGACY
2020-11-27,ABBOTINDIA,Abbott India,EQ,INE358A01014,15419.45,15439.95,15320.0,15399.05,15399.0,15354.15,5110,78710181.1,1972,LEGACY
2020-11-27,AJANTPHARM,Ajanta Pharma,EQ,INE031B01049,1530.0,1543.0,1516.05,1536.1,1538.0,1524.0,207754,318639198.8,16283,LEGACY
2020-11-27,ALKEM,Alkem Laboratories,EQ,INE540L01014,2828.0,2865.0,2821.0,2841.65,2831.9,2818.85,88957,253431645.05,14002,LEGACY
2020-11-27,APLLTD,Alembic Pharmaceuticals,EQ,INE901L01018,988.1,1019.5,988.1,998.1,999.0,988.1,726571,728255919.7,32322,LEGACY
2020-11-27,AUROPHARMA,Aurobindo Pharma,EQ,INE406A01037,871.0,893.5,862.8,868.55,868.0,870.7,5342367,4692529345.9,107518,LEGACY
2020-11-27,BIOCON,Biocon,EQ,INE376G01013,426.1,435.1,422.3,429.35,426.7,425.75,14778896,6341539146.1,128386,LEGACY
2020-11-27,CADILAHC,Cadila Healthcare,EQ,INE010B01027,439.0,459.0,432.2,450.1,448.25,422.3,19534886,8735683102.35,193477,LEGACY
2020-11-27,CIPLA,Cipla,EQ,INE059A01026,741.0,749.0,735.0,745.6,742.0,738.7,12777697,9516941317.75,124338,LEGACY
2020-11-27,DIVISLAB,Divi's Laboratories,EQ,INE361B01024,3547.0,3659.9,3509.75,3605.1,3608.0,3544.3,5745633,20653839010.3,171388,LEGACY
2020-11-27,DRREDDY,Dr. Reddy's Laboratories,EQ,INE089A01023,4901.0,4935.55,4809.2,4828.95,4826.0,4901.35,2003738,9750489075.25,99080,LEGACY
2020-11-27,GLAND,Gland Pharma,EQ,INE068V01023,2125.0,2151.0,2092.0,2113.0,2120.0,2106.7,780377,1646188980.7,61462,LEGACY
2020-11-27,GLAXO,GlaxoSmithKline Pharmaceuticals,EQ,INE159A01016,1547.75,1570.0,1540.0,1553.45,1560.0,1540.1,29798,46427900.25,4245,LEGACY
2020-11-27,GLENMARK,Glenmark Pharmaceuticals,EQ,INE935A01035,471.0,478.8,470.0,471.4,471.1,468.9,2060073,976779694.35,30985,LEGACY
2020-11-27,GRANULES,Granules India,EQ,INE101D01020,413.25,417.9,410.0,412.55,412.0,412.9,1303918,539186978.3,27961,LEGACY
2020-11-27,IPCALAB,IPCA Laboratories,EQ,INE571A01020,2139.8,2280.0,2086.5,2166.75,2225.0,2136.7,8560495,18484426459.55,264585,LEGACY
2020-11-27,JBCHEPHARM,JB Chemicals & Pharmaceuticals,EQ,INE572A01028,964.5,1013.9,952.05,994.7,1000.0,954.85,452211,447797114.7,18607,LEGACY
2020-11-27,LAURUSLABS,Laurus Labs,EQ,INE947Q01028,292.65,321.0,291.0,316.85,316.0,292.35,10692160,3293264456.55,122573,LEGACY
2020-11-27,LUPIN,Lupin,EQ,INE326A01037,903.0,914.3,889.5,891.8,891.85,899.55,5128752,4625308432.2,86639,LEGACY
2020-11-27,NATCOPHARM,Natco Pharma,EQ,INE987B01026,905.2,926.55,901.1,922.05,922.0,899.8,413755,380763606.1,21929,LEGACY
2020-11-27,PEL,Piramal Enterprises,EQ,INE140A01024,1420.0,1442.0,1374.15,1388.1,1382.0,1423.75,1734495,2437508236.15,53164,LEGACY
2020-11-27,PFIZER,Pfizer,EQ,INE182A01018,5099.95,5124.85,5060.0,5104.5,5105.0,5119.9,44344,226148161.2,6217,LEGACY
2020-11-27,SANOFI,Sanofi India,EQ,INE058A01010,8256.85,8348.0,8022.05,8267.35,8060.0,8256.85,75318,623349983.65,8775,LEGACY
2020-11-27,STAR,Strides Pharma Science,EQ,INE939A01011,754.0,773.9,733.2,764.1,760.0,750.35,1480398,1122348185.55,30433,LEGACY
2020-11-27,SUNPHARMA,Sun Pharmaceutical Industries,EQ,INE044A01036,514.0,520.8,509.2,511.65,511.5,511.7,12954065,6666080117.25,129064,LEGACY
2020-11-27,TORNTPHARM,Torrent Pharmaceuticals,EQ,INE685A01028,2620.0,2679.5,2596.0,2615.1,2618.0,2615.7,661988,1743382141.0,26691,LEGACY
2020-11-27,WOCKPHARMA,Wockhardt,EQ,INE049B01025,443.8,472.45,442.35,452.85,451.0,434.65,2252140,1034677447.0,49855,LEGACY
2020-12-01,ABBOTINDIA,Abbott India,EQ,INE358A01014,15425.0,15504.95,15350.0,15398.6,15399.95,15399.05,11889,183298917.45,4233,LEGACY
2020-12-01,AJANTPHARM,Ajanta Pharma,EQ,INE031B01049,1545.6,1559.5,1530.0,1534.75,1537.0,1536.1,156043,241120822.6,9547,LEGACY
2020-12-01,ALKEM,Alkem Laboratories,EQ,INE540L01014,2845.0,2867.0,2777.45,2789.05,2790.0,2841.65,98367,277631391.9,12229,LEGACY
2020-12-01,APLLTD,Alembic Pharmaceuticals,EQ,INE901L01018,998.0,998.0,971.1,983.75,984.6,998.1,232479,227941100.0,12372,LEGACY
2020-12-01,AUROPHARMA,Aurobindo Pharma,EQ,INE406A01037,876.25,899.1,869.2,897.15,896.75,868.55,3353447,2982166962.45,84502,LEGACY
2020-12-01,BIOCON,Biocon,EQ,INE376G01013,436.95,438.35,429.55,433.3,434.0,429.35,3028740,1315206041.15,55615,LEGACY
2020-12-01,CADILAHC,Cadila Healthcare,EQ,INE010B01027,459.1,459.4,442.3,453.65,454.0,450.1,6867503,3096323370.2,74093,LEGACY
2020-12-01,CIPLA,Cipla,EQ,INE059A01026,753.0,760.0,746.15,755.6,756.5,745.6,6241872,4706032015.3,146074,LEGACY
2020-12-01,DIVISLAB,Divi's Laboratories,EQ,INE361B01024,3770.0,3770.0,3596.6,3620.75,3616.0,3605.1,2077864,7576121171.05,109912,LEGACY
2020-12-01,DRREDDY,Dr. Reddy's Laboratories,EQ,INE089A01023,4870.0,4870.0,4806.0,4830.4,4835.1,4828.95,1117190,5402426138.2,80383,LEGACY
2020-12-01,GLAND,Gland Pharma,EQ,INE068V01023,2120.0,2220.0,2110.0,2191.05,2201.75,2113.0,990336,2159775018.05,85724,LEGACY
2020-12-01,GLAXO,GlaxoSmithKline Pharmaceuticals,EQ,INE159A01016,1555.0,1573.5,1542.55,1550.95,1550.0,1553.45,22096,34310908.45,2587,LEGACY
2020-12-01,GLENMARK,Glenmark Pharmaceuticals,EQ,INE935A01035,474.6,480.9,473.1,477.1,477.05,471.4,2185660,1042508564.6,35068,LEGACY
2020-12-01,GRANULES,Granules India,EQ,INE101D01020,426.0,437.95,425.0,428.0,427.0,412.55,2860548,1230046840.2,52396,LEGACY
2020-12-01,IPCALAB,IPCA Laboratories,EQ,INE571A01020,2220.5,2299.0,2210.2,2273.8,2270.0,2166.75,942717,2128029301.3,84296,LEGACY
2020-12-01,JBCHEPHARM,JB Chemicals & Pharmaceuticals,EQ,INE572A01028,1010.0,1011.25,997.3,1005.55,1003.05,994.7,243979,245191879.45,9999,LEGACY
2020-12-01,LAURUSLABS,Laurus Labs,EQ,INE947Q01028,320.05,326.6,311.0,322.9,322.45,316.85,4957145,1597962843.0,62454,LEGACY
2020-12-01,LUPIN,Lupin,EQ,INE326A01037,894.0,914.35,892.15,909.8,912.0,891.8,2915660,2644456939.6,47873,LEGACY
2020-12-01,NATCOPHARM,Natco Pharma,EQ,INE987B01026,927.0,938.95,907.6,914.0,913.0,922.05,316391,291883123.55,17505,LEGACY
2020-12-01,PEL,Piramal Enterprises,EQ,INE140A01024,1405.85,1435.0,1390.25,1414.45,1414.1,1388.1,1029260,1461725110.15,36094,LEGACY
2020-12-01,PFIZER,Pfizer,EQ,INE182A01018,5145.0,5154.05,5085.0,5107.65,5104.0,5104.5,40414,206931480.0,6032,LEGACY
2020-12-01,SANOFI,Sanofi India,EQ,INE058A01010,8266.5,8266.5,7963.0,7990.3,7986.0,8267.35,44928,360856870.8,13611,LEGACY
2020-12-01,STAR,Strides Pharma Science,EQ,INE939A01011,761.8,802.35,755.0,796.85,794.5,764.1,1029397,811473240.75,32445,LEGACY
2020-12-01,SUNPHARMA,Sun Pharmaceutical Industries,EQ,INE044A01036,518.0,542.75,512.65,539.35,541.0,511.65,25388623,13560327148.6,264848,LEGACY
2020-12-01,TORNTPHARM,Torrent Pharmaceuticals,EQ,INE685A01028,2630.0,2670.5,2609.7,2653.6,2651.7,2615.1,279813,740244138.15,19922,LEGACY
2020-12-01,WOCKPHARMA,Wockhardt,EQ,INE049B01025,460.0,473.0,450.35,462.75,460.25,452.85,1222622,566948371.35,24838,LEGACY
2020-12-02,ABBOTINDIA,Abbott India,EQ,INE358A01014,15450.0,15450.0,15133.05,15215.2,15200.0,15398.6,14017,214065802.85,5323,LEGACY
2020-12-02,AJANTPHARM,Ajanta Pharma,EQ,INE031B01049,1539.0,1552.6,1527.1,1545.1,1543.0,1534.75,85012,131170098.75,7963,LEGACY
2020-12-02,ALKEM,Alkem Laboratories,EQ,INE540L01014,2805.05,2819.9,2778.0,2795.0,2798.0,2789.05,57523,161020021.15,5163,LEGACY
2020-12-02,APLLTD,Alembic Pharmaceuticals,EQ,INE901L01018,985.0,1007.0,982.0,993.45,990.0,983.75,263060,261658185.5,11585,LEGACY
2020-12-02,AUROPHARMA,Aurobindo Pharma,EQ,INE406A01037,895.0,905.85,880.5,889.95,888.8,897.15,2979597,2659879078.35,63544,LEGACY
2020-12-02,BIOCON,Biocon,EQ,INE376G01013,435.0,436.0,427.3,430.3,430.45,433.3,2346320,1012676605.0,28663,LEGACY
2020-12-02,CADILAHC,Cadila Healthcare,EQ,INE010B01027,453.0,455.85,445.1,450.8,450.1,453.65,2976254,1340019250.85,31081,LEGACY
2020-12-02,CIPLA,Cipla,EQ,INE059A01026,758.0,761.0,751.15,758.35,757.5,755.6,3983393,3012690459.65,60438,LEGACY
2020-12-02,DIVISLAB,Divi's Laboratories,EQ,INE361B01024,3622.0,3654.85,3615.0,3639.55,3643.7,3620.75,755137,2745087741.15,46140,LEGACY
2020-12-02,DRREDDY,Dr. Reddy's Laboratories,EQ,INE089A01023,4852.1,4889.0,4811.0,4850.25,4848.35,4830.4,1223452,5930422510.15,76193,LEGACY
2020-12-02,GLAND,Gland Pharma,EQ,INE068V01023,2205.0,2212.9,2141.1,2184.75,2183.0,2191.05,649329,1414652398.35,28826,LEGACY
2020-12-02,GLAXO,GlaxoSmithKline Pharmaceuticals,EQ,INE159A01016,1574.9,1574.9,1546.75,1551.05,1550.05,1550.95,43707,67812873.0,2621,LEGACY
2020-12-02,GLENMARK,Glenmark Pharmaceuticals,EQ,INE935A01035,479.15,482.05,475.5,479.7,479.35,477.1,1668367,799741835.5,20565,LEGACY
2020-12-02,GRANULES,Granules India,EQ,INE101D01020,428.0,428.0,415.15,422.05,422.8,428.0,1106617,464646883.75,23657,LEGACY
2020-12-02,IPCALAB,IPCA Laboratories,EQ,INE571A01020,2272.0,2276.0,2205.0,2265.75,2266.5,2273.8,512558,1145446256.2,69039,LEGACY
2020-12-02,JBCHEPHARM,JB Chemicals & Pharmaceuticals,EQ,INE572A01028,1007.0,1009.8,988.25,1000.95,1000.0,1005.55,234056,234457322.6,12641,LEGACY
2020-12-02,LAURUSLABS,Laurus Labs,EQ,INE947Q01028,324.4,325.0,317.0,321.15,320.0,322.9,3155485,1012961898.45,55743,LEGACY
2020-12-02,LUPIN,Lupin,EQ,INE326A01037,912.0,920.9,902.6,914.3,914.0,909.8,3054564,2792399729.75,45208,LEGACY
2020-12-02,NATCOPHARM,Natco Pharma,EQ,INE987B01026,922.5,922.5,904.0,908.7,907.5,914.0,177061,160853531.75,7195,LEGACY
2020-12-02,PEL,Piramal Enterprises,EQ,INE140A01024,1424.8,1459.0,1404.05,1422.25,1421.4,1414.45,1914803,2746759657.2,64601,LEGACY
2020-12-02,PFIZER,Pfizer,EQ,INE182A01018,5140.0,5385.0,5090.0,5227.25,5225.0,5107.65,1029719,5440406057.1,114059,LEGACY
2020-12-02,SANOFI,Sanofi India,EQ,INE058A01010,8064.6,8064.6,7811.75,7890.7,7885.0,7990.3,31332,247341311.35,10304,LEGACY
2020-12-02,STAR,Strides Pharma Science,EQ,INE939A01011,789.8,797.0,765.2,779.1,778.3,796.85,465060,363051287.75,15309,LEGACY
2020-12-02,SUNPHARMA,Sun Pharmaceutical Industries,EQ,INE044A01036,540.9,547.0,536.0,544.65,543.85,539.35,14234038,7714595896.3,133942,LEGACY
2020-12-02,TORNTPHARM,Torrent Pharmaceuticals,EQ,INE685A01028,2659.0,2700.0,2644.6,2690.05,2691.0,2653.6,358201,958497647.15,24482,LEGACY
2020-12-02,WOCKPHARMA,Wockhardt,EQ,INE049B01025,470.95,470.95,453.0,457.35,455.5,462.75,507198,233641947.7,12616,LEGACY
2020-12-03,ABBOTINDIA,Abbott India,EQ,INE358A01014,15215.25,15380.0,15215.0,15291.1,15290.95,15215.2,7908,121026477.35,3338,LEGACY
2020-12-03,AJANTPHARM,Ajanta Pharma,EQ,INE031B01049,1550.5,1565.0,1546.65,1557.8,1559.0,1545.1,93160,145065274.0,8984,LEGACY
2020-12-03,ALKEM,Alkem Laboratories,EQ,INE540L01014,2819.85,2870.0,2797.8,2847.85,2844.0,2795.0,125177,354249071.65,10311,LEGACY
2020-12-03,APLLTD,Alembic Pharmaceuticals,EQ,INE901L01018,1000.0,1018.0,995.0,1015.3,1015.0,993.45,282195,285183721.8,12078,LEGACY
2020-12-03,AUROPHARMA,Aurobindo Pharma,EQ,INE406A01037,894.95,902.75,887.8,898.15,900.0,889.95,1893968,1696227215.0,48740,LEGACY
2020-12-03,BIOCON,Biocon,EQ,INE376G01013,430.0,439.5,429.35,433.9,434.0,430.3,2909161,1263156538.3,38083,LEGACY
2020-12-03,CADILAHC,Cadila Healthcare,EQ,INE010B01027,450.8,463.8,450.8,462.95,463.25,450.8,4514941,2067675000.5,44459,LEGACY
2020-12-03,CIPLA,Cipla,EQ,INE059A01026,760.0,764.8,756.05,762.15,761.5,758.35,3765555,2865336641.9,65501,LEGACY
2020-12-03,DIVISLAB,Divi's Laboratories,EQ,INE361B01024,3655.0,3724.9,3636.1,3692.35,3715.6,3639.55,940122,3451474099.55,68716,LEGACY
2020-12-03,DRREDDY,Dr. Reddy's Laboratories,EQ,INE089A01023,4870.0,4939.0,4842.6,4923.05,4939.0,4850.25,1034893,5057525032.25,66504,LEGACY
2020-12-03,GLAND,Gland Pharma,EQ,INE068V01023,2198.0,2239.0,2174.0,2202.4,2205.0,2184.75,399313,877584035.75,18334,LEGACY
2020-12-03,GLAXO,GlaxoSmithKline Pharmaceuticals,EQ,INE159A01016,1553.0,1560.0,1548.7,1552.05,1554.1,1551.05,27207,42196082.1,1899,LEGACY
2020-12-03,GLENMARK,Glenmark Pharmaceuticals,EQ,INE935A01035,480.0,489.5,479.1,487.75,489.1,479.7,2253675,1092376021.25,27882,LEGACY
2020-12-03,GRANULES,Granules India,EQ,INE101D01020,422.9,425.45,418.0,419.45,418.95,422.05,506863,213107077.75,10274,LEGACY
2020-12-03,IPCALAB,IPCA Laboratories,EQ,INE571A01020,2266.5,2292.25,2230.0,2243.75,2239.9,2265.75,307866,693847029.15,33770,LEGACY
2020-12-03,JBCHEPHARM,JB Chemicals & Pharmaceuticals,EQ,INE572A01028,1001.0,1006.0,981.0,992.7,995.3,1000.95,39870,39652350.9,4934,LEGACY
2020-12-03,LAURUSLABS,Laurus Labs,EQ,INE947Q01028,322.5,322.8,318.0,319.85,319.8,321.15,1982085,633942073.8,34195,LEGACY
2020-12-03,LUPIN,Lupin,EQ,INE326A01037,921.9,922.3,910.0,915.45,915.0,914.3,1692094,1549044319.8,27799,LEGACY
2020-12-03,NATCOPHARM,Natco Pharma,EQ,INE987B01026,910.1,936.95,908.0,918.7,915.8,908.7,370750,343124206.35,18838,LEGACY
2020-12-03,PEL,Piramal Enterprises,EQ,INE140A01024,1430.0,1500.0,1426.0,1492.65,1492.0,1422.25,3040688,4465695670.2,100219,LEGACY
2020-12-03,PFIZER,Pfizer,EQ,INE182A01018,5350.0,5436.6,5275.0,5318.65,5320.0,5227.25,522316,2798731051.6,64691,LEGACY
2020-12-03,SANOFI,Sanofi India,EQ,INE058A01010,7948.7,7964.0,7870.85,7899.6,7885.05,7890.7,29425,233098057.85,6219,LEGACY
2020-12-03,STAR,Strides Pharma Science,EQ,INE939A01011,780.0,787.8,762.0,768.5,769.9,779.1,391532,304086705.6,13237,LEGACY
2020-12-03,SUNPHARMA,Sun Pharmaceutical Industries,EQ,INE044A01036,550.0,551.45,541.0,548.25,549.2,544.65,9345458,5108268791.35,100251,LEGACY
2020-12-03,TORNTPHARM,Torrent Pharmaceuticals,EQ,INE685A01028,2706.0,2718.0,2660.6,2670.15,2666.05,2690.05,305669,819112169.2,16250,LEGACY
2020-12-03,WOCKPHARMA,Wockhardt,EQ,INE049B01025,459.65,463.9,432.2,443.45,440.0,457.35,508982,229265601.95,14557,LEGACY
2020-12-04,ABBOTINDIA,Abbott India,EQ,INE358A01014,15398.5,15399.0,15235.0,15247.05,15250.0,15291.1,14739,225344792.9,4308,LEGACY
2020-12-04,AJANTPHARM,Ajanta Pharma,EQ,INE031B01049,1561.0,1599.6,1561.0,1595.3,1594.0,1557.8,159989,252868040.6,16704,LEGACY
2020-12-04,ALKEM,Alkem Laboratories,EQ,INE540L01014,2865.0,2897.35,2834.0,2863.4,2862.0,2847.85,152023,436162661.8,21819,LEGACY
2020-12-04,APLLTD,Alembic Pharmaceuticals,EQ,INE901L01018,1019.9,1024.85,995.0,1012.35,1007.0,1015.3,258740,261247048.7,13164,LEGACY
2020-12-04,AUROPHARMA,Aurobindo Pharma,EQ,INE406A01037,902.0,909.4,892.55,900.65,901.4,898.15,2997638,2701186061.4,68171,LEGACY
2020-12-04,BIOCON,Biocon,EQ,INE376G01013,435.05,444.0,431.45,442.65,442.2,433.9,6358494,2795349934.75,70975,LEGACY
2020-12-04,CADILAHC,Cadila Healthcare,EQ,INE010B01027,464.0,475.8,458.05,471.05,471.55,462.95,7398943,3465921425.4,73395,LEGACY
2020-12-04,CIPLA,Cipla,EQ,INE059A01026,763.0,770.6,757.0,766.95,766.65,762.15,5423289,4146787257.1,84635,LEGACY
2020-12-04,DIVISLAB,Divi's Laboratories,EQ,INE361B01024,3710.85,3739.0,3665.0,3711.95,3709.9,3692.35,1043566,3862335664.2,58147,LEGACY
2020-12-04,DRREDDY,Dr. Reddy's Laboratories,EQ,INE089A01023,4940.0,4960.55,4862.1,4908.55,4914.0,4923.05,1399682,6870781384.25,74301,LEGACY
2020-12-04,GLAND,Gland Pharma,EQ,INE068V01023,2212.0,2220.0,2169.0,2178.45,2174.0,2202.4,409649,899778337.4,13502,LEGACY
2020-12-04,GLAXO,GlaxoSmithKline Pharmaceuticals,EQ,INE159A01016,1555.0,1568.0,1549.25,1552.05,1553.0,1552.05,68320,106247366.35,2500,LEGACY
2020-12-04,GLENMARK,Glenmark Pharmaceuticals,EQ,INE935A01035,490.0,504.7,485.5,503.25,503.0,487.75,3943699,1956330979.15,53492,LEGACY
2020-12-04,GRANULES,Granules India,EQ,INE101D01020,426.25,429.9,420.0,422.05,421.45,419.45,1162705,494530697.6,28355,LEGACY
2020-12-04,IPCALAB,IPCA Laboratories,EQ,INE571A01020,2259.0,2270.0,2232.0,2251.25,2242.0,2243.75,320084,719324302.3,41571,LEGACY
2020-12-04,JBCHEPHARM,JB Chemicals & Pharmaceuticals,EQ,INE572A01028,981.05,1002.3,981.05,994.25,990.1,992.7,72685,72125332.7,10556,LEGACY
2020-12-04,LAURUSLABS,Laurus Labs,EQ,INE947Q01028,320.0,334.5,317.0,331.65,331.45,319.85,5409655,1769820765.6,62235,LEGACY
2020-12-04,LUPIN,Lupin,EQ,INE326A01037,918.0,936.55,914.1,933.3,936.0,915.45,4166124,3855957379.0,62706,LEGACY
2020-12-04,NATCOPHARM,Natco Pharma,EQ,INE987B01026,920.0,926.8,908.25,920.0,922.0,918.7,218554,200155513.1,17516,LEGACY
2020-12-04,PEL,Piramal Enterprises,EQ,INE140A01024,1504.95,1517.4,1440.95,1468.35,1465.0,1492.65,2174009,3214612902.4,79610,LEGACY
2020-12-04,PFIZER,Pfizer,EQ,INE182A01018,5335.0,5335.05,5235.0,5255.4,5259.0,5318.65,182754,962185900.8,22790,LEGACY
2020-12-04,SANOFI,Sanofi India,EQ,INE058A01010,7948.45,7948.45,7860.55,7899.9,7905.0,7899.6,21758,171944346.9,6522,LEGACY
2020-12-04,STAR,Strides Pharma Science,EQ,INE939A01011,770.0,807.0,761.0,799.25,800.0,768.5,797360,627722407.85,25992,LEGACY
2020-12-04,SUNPHARMA,Sun Pharmaceutical Industries,EQ,INE044A01036,550.0,572.9,545.2,569.05,568.45,548.25,16177536,9060354080.0,188482,LEGACY
2020-12-04,TORNTPHARM,Torrent Pharmaceuticals,EQ,INE685A01028,2681.9,2687.35,2630.5,2665.25,2666.25,2670.15,412147,1092580929.4,27433,LEGACY
2020-12-04,WOCKPHARMA,Wockhardt,EQ,INE049B01025,443.5,458.0,439.1,442.1,440.0,443.45,665492,298049191.9,17473,LEGACY
2020-12-07,ABBOTINDIA,Abbott India,EQ,INE358A01014,15250.0,15330.0,15230.0,15293.05,15290.3,15247.05,16214,247894576.7,4097,LEGACY
2020-12-07,AJANTPHARM,Ajanta Pharma,EQ,INE031B01049,1588.0,1691.9,1585.05,1679.75,1679.95,1595.3,598397,980734978.75,25078,LEGACY
2020-12-07,ALKEM,Alkem Laboratories,EQ,INE540L01014,2865.0,2940.0,2858.0,2921.1,2920.0,2863.4,120540,349418154.1,15048,LEGACY
2020-12-07,APLLTD,Alembic Pharmaceuticals,EQ,INE901L01018,1012.0,1056.2,1008.6,1029.95,1025.45,1012.35,695683,722977027.25,36201,LEGACY
2020-12-07,AUROPHARMA,Aurobindo Pharma,EQ,INE406A01037,902.0,923.4,897.1,910.0,907.75,900.65,3301813,3010240156.75,83268,LEGACY
2020-12-07,BIOCON,Biocon,EQ,INE376G01013,444.85,453.3,437.0,450.6,450.0,442.65,5920675,2652111015.3,90069,LEGACY
2020-12-07,CADILAHC,Cadila Healthcare,EQ,INE010B01027,471.9,480.95,466.85,472.0,472.0,471.05,5147587,2440426395.45,53046,LEGACY
2020-12-07,CIPLA,Cipla,EQ,INE059A01026,766.95,782.5,766.0,773.15,773.3,766.95,6779545,5253255591.8,106743,LEGACY
2020-12-07,DIVISLAB,Divi's Laboratories,EQ,INE361B01024,3704.0,3741.95,3663.45,3717.55,3714.95,3711.95,1086712,4029708429.6,57136,LEGACY
2020-12-07,DRREDDY,Dr. Reddy's Laboratories,EQ,INE089A01023,4930.0,5074.0,4905.1,5029.1,5028.45,4908.55,2405904,12070078324.2,126157,LEGACY
2020-12-07,GLAND,Gland Pharma,EQ,INE068V01023,2179.0,2438.85,2164.0,2352.8,2358.0,2178.45,967392,2211599255.75,50551,LEGACY
2020-12-07,GLAXO,GlaxoSmithKline Pharmaceuticals,EQ,INE159A01016,1558.0,1562.7,1546.1,1551.3,1549.6,1552.05,82845,128479487.65,3585,LEGACY
2020-12-07,GLENMARK,Glenmark Pharmaceuticals,EQ,INE935A01035,505.75,541.55,502.0,532.1,531.25,503.25,10132999,5368197031.1,144666,LEGACY
2020-12-07,GRANULES,Granules India,EQ,INE101D01020,423.8,424.6,391.5,393.5,394.45,422.05,4801674,1936860444.5,66411,LEGACY
2020-12-07,IPCALAB,IPCA Laboratories,EQ,INE571A01020,2248.05,2258.8,2205.1,2219.85,2214.0,2251.25,335803,746331614.85,45209,LEGACY
2020-12-07,JBCHEPHARM,JB Chemicals & Pharmaceuticals,EQ,INE572A01028,1008.8,1009.0,994.3,1004.15,1006.4,994.25,87412,87512273.8,8287,LEGACY
2020-12-07,LAURUSLABS,Laurus Labs,EQ,INE947Q01028,334.3,335.75,330.0,332.05,331.8,331.65,3543516,1179942361.6,47635,LEGACY
2020-12-07,LUPIN,Lupin,EQ,INE326A01037,939.0,969.3,933.0,967.45,966.1,933.3,5629129,5371555380.75,86518,LEGACY
2020-12-07,NATCOPHARM,Natco Pharma,EQ,INE987B01026,924.8,996.0,920.75,971.4,972.0,920.0,2143481,2076690576.55,62406,LEGACY
2020-12-07,PEL,Piramal Enterprises,EQ,INE140A01024,1474.8,1507.0,1461.4,1500.25,1498.6,1468.35,1228551,1825015705.55,42127,LEGACY
2020-12-07,PFIZER,Pfizer,EQ,INE182A01018,5386.95,5386.95,5311.8,5337.5,5347.25,5255.4,261712,1401259750.1,28789,LEGACY
2020-12-07,SANOFI,Sanofi India,EQ,INE058A01010,7948.95,8050.0,7818.55,8020.55,8029.95,7899.9,53684,428112068.45,10598,LEGACY
2020-12-07,STAR,Strides Pharma Science,EQ,INE939A01011,800.0,844.0,788.25,825.15,826.0,799.25,1748036,1433638541.0,45281,LEGACY
2020-12-07,SUNPHARMA,Sun Pharmaceutical Industries,EQ,INE044A01036,570.35,591.5,567.05,582.3,580.6,569.05,21232768,12363786659.0,233861,LEGACY
2020-12-07,TORNTPHARM,Torrent Pharmaceuticals,EQ,INE685A01028,2660.25,2705.0,2611.95,2690.9,2693.3,2665.25,548965,1462685321.4,27433,LEGACY
2020-12-07,WOCKPHARMA,Wockhardt,EQ,INE049B01025,440.8,461.3,439.5,442.3,442.0,442.1,762618,343358854.0,20408,LEGACY
2020-12-08,ABBOTINDIA,Abbott India,EQ,INE358A01014,15300.0,15500.0,15280.1,15389.85,15300.0,15293.05,27356,421671920.85,6171,LEGACY
2020-12-08,AJANTPHARM,Ajanta Pharma,EQ,INE031B01049,1690.0,1711.7,1669.8,1683.05,1680.0,1679.75,250983,423642977.9,21713,LEGACY
2020-12-08,ALKEM,Alkem Laboratories,EQ,INE540L01014,2948.0,2966.0,2884.4,2910.4,2911.75,2921.1,136226,396474286.05,13432,LEGACY
2020-12-08,APLLTD,Alembic Pharmaceuticals,EQ,INE901L01018,1037.9,1044.0,1010.0,1030.8,1030.45,1029.95,261755,269836601.15,15296,LEGACY
2020-12-08,AUROPHARMA,Aurobindo Pharma,EQ,INE406A01037,914.8,917.7,888.6,896.15,897.0,910.0,2539626,2290394246.5,51212,LEGACY
2020-12-08,BIOCON,Biocon,EQ,INE376G01013,451.0,459.0,440.55,445.45,445.8,450.6,6249683,2815229050.7,71128,LEGACY
2020-12-08,CADILAHC,Cadila Healthcare,EQ,INE010B01027,472.0,475.7,463.0,465.05,466.0,472.0,3064923,1435548012.95,37011,LEGACY
2020-12-08,CIPLA,Cipla,EQ,INE059A01026,777.0,779.45,757.8,766.0,766.7,773.15,4166424,3200009732.95,72627,LEGACY
2020-12-08,DIVISLAB,Divi's Laboratories,EQ,INE361B01024,3717.55,3749.0,3676.6,3690.0,3700.0,3717.55,750038,2781800174.0,51258,LEGACY
2020-12-08,DRREDDY,Dr. Reddy's Laboratories,EQ,INE089A01023,5050.0,5080.0,4955.9,5015.2,5011.0,5029.1,1327701,6675738681.8,83715,LEGACY
2020-12-08,GLAND,Gland Pharma,EQ,INE068V01023,2368.0,2396.85,2292.0,2305.5,2306.05,2352.8,317512,745448904.75,23533,LEGACY
2020-12-08,GLAXO,GlaxoSmithKline Pharmaceuticals,EQ,INE159A01016,1574.0,1575.0,1546.0,1550.05,1551.75,1551.3,68681,106488799.25,4188,LEGACY
2020-12-08,GLENMARK,Glenmark Pharmaceuticals,EQ,INE935A01035,534.95,549.0,525.6,530.7,529.7,532.1,4440903,2383672853.3,67103,LEGACY
2020-12-08,GRANULES,Granules India,EQ,INE101D01020,395.5,398.0,381.0,386.35,387.0,393.5,2144442,831811382.1,41700,LEGACY
2020-12-08,IPCALAB,IPCA Laboratories,EQ,INE571A01020,2215.0,2276.95,2212.0,2255.45,2262.15,2219.85,369275,824175474.15,74252,LEGACY
2020-12-08,JBCHEPHARM,JB Chemicals & Pharmaceuticals,EQ,INE572A01028,1007.0,1010.0,990.0,1002.65,1004.0,1004.15,89630,89660848.8,8689,LEGACY
2020-12-08,LAURUSLABS,Laurus Labs,EQ,INE947Q01028,335.0,339.25,322.1,332.65,333.0,332.05,3616025,1201151942.75,51617,LEGACY
2020-12-08,LUPIN,Lupin,EQ,INE326A01037,971.0,975.45,940.0,948.25,947.1,967.45,4416314,4201805641.65,83523,LEGACY
2020-12-08,NATCOPHARM,Natco Pharma,EQ,INE987B01026,979.0,989.0,955.6,970.4,969.4,971.4,401126,390249415.65,21589,LEGACY
2020-12-08,PEL,Piramal Enterprises,EQ,INE140A01024,1510.0,1522.6,1460.0,1483.45,1479.9,1500.25,1187429,1768306032.45,41513,LEGACY
2020-12-08,PFIZER,Pfizer,EQ,INE182A01018,5376.0,5399.0,5300.05,5314.15,5320.0,5337.5,125293,669627935.95,16434,LEGACY
2020-12-08,SANOFI,Sanofi India,EQ,INE058A01010,8055.0,8099.95,7968.15,8041.0,8030.0,8020.55,34663,279078149.75,4935,LEGACY
2020-12-08,STAR,Strides Pharma Science,EQ,INE939A01011,833.0,898.7,812.25,858.1,858.0,825.15,2247054,1938814306.35,73781,LEGACY
2020-12-08,SUNPHARMA,Sun Pharmaceutical Industries,EQ,INE044A01036,582.0,582.0,565.8,568.7,569.3,582.3,10673103,6099014855.9,154084,LEGACY
2020-12-08,TORNTPHARM,Torrent Pharmaceuticals,EQ,INE685A01028,2704.0,2727.95,2662.2,2671.55,2670.0,2690.9,427553,1151327308.65,26310,LEGACY
2020-12-08,WOCKPHARMA,Wockhardt,EQ,INE049B01025,445.0,486.5,444.25,486.5,486.5,442.3,2464125,1168572249.25,47602,LEGACY
2020-12-10,ABBOTINDIA,Abbott India,EQ,INE358A01014,15399.0,15699.95,15250.0,15568.3,15689.0,15399.35,18274,282666925.8,5564,LEGACY
2020-12-10,AJANTPHARM,Ajanta Pharma,EQ,INE031B01049,1682.0,1724.3,1676.2,1683.5,1680.0,1680.45,232382,394941585.25,18570,LEGACY
2020-12-10,ALKEM,Alkem Laboratories,EQ,INE540L01014,2914.85,2929.0,2855.8,2918.3,2920.0,2906.55,167641,486478851.25,13506,LEGACY
2020-12-10,APLLTD,Alembic Pharmaceuticals,EQ,INE901L01018,1052.25,1070.0,1026.05,1060.9,1060.0,1054.15,332580,350616102.75,13030,LEGACY
2020-12-10,AUROPHARMA,Aurobindo Pharma,EQ,INE406A01037,889.0,907.95,888.8,899.0,896.45,888.2,3428679,3078105100.3,72624,LEGACY
2020-12-10,BIOCON,Biocon,EQ,INE376G01013,452.45,457.5,446.85,453.95,453.75,450.95,2511207,1135935112.4,36940,LEGACY
2020-12-10,CADILAHC,Cadila Healthcare,EQ,INE010B01027,468.6,475.45,464.0,469.55,468.6,467.95,2907247,1366457049.55,32416,LEGACY
2020-12-10,CIPLA,Cipla,EQ,INE059A01026,763.0,767.7,755.1,762.75,762.1,762.4,3679209,2804162419.4,90764,LEGACY
2020-12-10,DIVISLAB,Divi's Laboratories,EQ,INE361B01024,3724.9,3763.0,3706.75,3732.25,3730.0,3725.4,638946,2384598978.35,40401,LEGACY
2020-12-10,DRREDDY,Dr. Reddy's Laboratories,EQ,INE089A01023,5058.0,5086.4,5015.0,5053.1,5050.0,5056.9,948294,4793423023.0,59720,LEGACY
2020-12-10,GLAND,Gland Pharma,EQ,INE068V01023,2278.0,2278.45,2205.0,2250.05,2251.2,2279.5,255923,572409231.5,13100,LEGACY
2020-12-10,GLAXO,GlaxoSmithKline Pharmaceuticals,EQ,INE159A01016,1564.0,1565.0,1548.1,1550.25,1550.0,1550.1,20094,31178313.8,2029,LEGACY
2020-12-10,GLENMARK,Glenmark Pharmaceuticals,EQ,INE935A01035,535.9,539.8,520.95,532.2,531.15,535.5,1804111,956137430.75,22762,LEGACY
2020-12-10,GRANULES,Granules India,EQ,INE101D01020,392.0,394.25,375.5,390.45,389.8,391.5,1279353,493184432.45,32364,LEGACY
2020-12-10,IPCALAB,IPCA Laboratories,EQ,INE571A01020,2254.0,2254.0,2207.2,2222.1,2222.0,2255.05,220100,488642910.85,27721,LEGACY
2020-12-10,JBCHEPHARM,JB Chemicals & Pharmaceuticals,EQ,INE572A01028,1003.25,1008.0,991.05,1002.15,1000.0,1003.25,77627,77611496.0,6959,LEGACY
2020-12-10,LAURUSLABS,Laurus Labs,EQ,INE947Q01028,328.0,334.45,320.35,330.4,329.1,328.45,2279373,745784390.6,32136,LEGACY
2020-12-10,LUPIN,Lupin,EQ,INE326A01037,954.0,959.05,935.55,943.1,943.7,950.6,1931940,1826457882.2,28957,LEGACY
2020-12-10,NATCOPHARM,Natco Pharma,EQ,INE987B01026,971.2,971.2,886.65,959.15,955.1,971.25,272227,259116247.9,14390,LEGACY
2020-12-10,PEL,Piramal Enterprises,EQ,INE140A01024,1473.95,1473.95,1421.0,1454.0,1450.0,1466.2,1145429,1654347613.0,53616,LEGACY
2020-12-10,PFIZER,Pfizer,EQ,INE182A01018,5289.0,5289.0,5100.2,5202.1,5219.0,5314.85,172594,899219270.25,21076,LEGACY
2020-12-10,SANOFI,Sanofi India,EQ,INE058A01010,8025.9,8025.9,7937.25,7984.25,7980.0,7983.4,20698,165016037.0,3947,LEGACY
2020-12-10,STAR,Strides Pharma Science,EQ,INE939A01011,845.4,859.35,805.0,813.45,813.0,850.85,764477,633573420.7,27701,LEGACY
2020-12-10,SUNPHARMA,Sun Pharmaceutical Industries,EQ,INE044A01036,570.0,574.75,560.1,565.2,565.0,569.55,6755693,3820018052.85,90074,LEGACY
2020-12-10,TORNTPHARM,Torrent Pharmaceuticals,EQ,INE685A01028,2640.0,2693.65,2625.05,2651.7,2649.5,2655.4,535280,1423865539.85,25369,LEGACY
2020-12-10,WOCKPHARMA,Wockhardt,EQ,INE049B01025,508.0,538.9,502.45,529.45,531.0,505.55,2387327,1262163687.85,55303,LEGACY
2020-12-11,ABBOTINDIA,Abbott India,EQ,INE358A01014,15739.9,16255.5,15700.0,16087.55,16080.0,15568.3,58533,940968752.8,15300,LEGACY
2020-12-11,AJANTPHARM,Ajanta Pharma,EQ,INE031B01049,1679.8,1703.2,1679.4,1682.65,1680.0,1683.5,65414,110465356.55,5155,LEGACY
2020-12-11,ALKEM,Alkem Laboratories,EQ,INE540L01014,2918.4,2930.0,2885.5,2896.15,2896.0,2918.3,111075,321383669.4,7267,LEGACY
2020-12-11,APLLTD,Alembic Pharmaceuticals,EQ,INE901L01018,1065.0,1095.5,1065.0,1085.75,1089.1,1060.9,680043,736194657.95,28067,LEGACY
2020-12-11,AUROPHARMA,Aurobindo Pharma,EQ,INE406A01037,900.0,903.5,887.2,897.35,894.0,899.0,2103128,1888063690.5,44797,LEGACY
2020-12-11,BIOCON,Biocon,EQ,INE376G01013,455.0,456.9,450.0,455.5,454.5,453.95,2521883,1144211085.85,37541,LEGACY
2020-12-11,CADILAHC,Cadila Healthcare,EQ,INE010B01027,470.95,472.95,461.0,466.65,466.0,469.55,1634404,764224252.85,20242,LEGACY
2020-12-11,CIPLA,Cipla,EQ,INE059A01026,764.0,766.1,753.0,755.85,756.0,762.75,3178041,2412966661.85,58203,LEGACY
2020-12-11,DIVISLAB,Divi's Laboratories,EQ,INE361B01024,3730.0,3740.0,3622.4,3642.1,3649.85,3732.25,1322763,4844920016.4,73109,LEGACY
2020-12-11,DRREDDY,Dr. Reddy's Laboratories,EQ,INE089A01023,5055.1,5084.05,4984.8,5016.95,5013.0,5053.1,767963,3865098016.2,43289,LEGACY
2020-12-11,GLAND,Gland Pharma,EQ,INE068V01023,2258.0,2274.6,2227.85,2241.6,2241.5,2250.05,177900,399928892.3,11311,LEGACY
2020-12-11,GLAXO,GlaxoSmithKline Pharmaceuticals,EQ,INE159A01016,1557.95,1564.0,1547.1,1551.15,1552.1,1550.25,16371,25404682.25,1773,LEGACY
2020-12-11,GLENMARK,Glenmark Pharmaceuticals,EQ,INE935A01035,530.0,535.75,522.65,527.35,526.25,532.2,1024147,541823260.0,15204,LEGACY
2020-12-11,GRANULES,Granules India,EQ,INE101D01020,391.7,397.4,386.0,387.6,387.85,390.45,1186396,463177060.0,19112,LEGACY
2020-12-11,IPCALAB,IPCA Laboratories,EQ,INE571A01020,2233.7,2260.0,2205.0,2211.2,2216.5,2222.1,272006,604773288.9,43980,LEGACY
2020-12-11,JBCHEPHARM,JB Chemicals & Pharmaceuticals,EQ,INE572A01028,1005.0,1007.8,993.9,999.2,999.0,1002.15,54225,54173713.4,7835,LEGACY
2020-12-11,LAURUSLABS,Laurus Labs,EQ,INE947Q01028,333.0,333.0,324.0,328.95,328.0,330.4,1646067,540487277.3,25240,LEGACY
2020-12-11,LUPIN,Lupin,EQ,INE326A01037,945.0,950.0,928.55,939.4,940.0,943.1,1775654,1670070359.8,34027,LEGACY
2020-12-11,NATCOPHARM,Natco Pharma,EQ,INE987B01026,970.0,979.0,947.0,953.1,950.0,959.15,360554,345142222.5,15211,LEGACY
2020-12-11,PEL,Piramal Enterprises,EQ,INE140A01024,1474.0,1474.0,1426.2,1433.85,1430.1,1454.0,953425,1377623490.95,37119,LEGACY
2020-12-11,PFIZER,Pfizer,EQ,INE182A01018,5231.15,5320.0,5227.0,5281.15,5272.05,5202.1,144394,760156654.8,17096,LEGACY
2020-12-11,SANOFI,Sanofi India,EQ,INE058A01010,8000.0,8049.55,7870.0,7924.4,7925.0,7984.25,32486,257693755.6,7158,LEGACY
2020-12-11,STAR,Strides Pharma Science,EQ,INE939A01011,810.0,821.55,775.1,784.6,782.7,813.45,886121,703257127.25,25693,LEGACY
2020-12-11,SUNPHARMA,Sun Pharmaceutical Industries,EQ,INE044A01036,567.9,572.95,562.0,568.1,567.05,565.2,6968494,3960456869.7,72802,LEGACY
2020-12-11,TORNTPHARM,Torrent Pharmaceuticals,EQ,INE685A01028,2648.0,2655.0,2620.0,2646.7,2641.1,2651.7,356343,939263721.95,18994,LEGACY
2020-12-11,WOCKPHARMA,Wockhardt,EQ,INE049B01025,540.0,549.0,510.1,517.75,518.0,529.45,1431485,759761931.05,39837,LEGACY
2020-12-14,ABBOTINDIA,Abbott India,EQ,INE358A01014,16250.0,16699.9,16201.0,16504.9,16500.0,16087.55,44723,737676243.2,11209,LEGACY
2020-12-14,AJANTPHARM,Ajanta Pharma,EQ,INE031B01049,1699.9,1705.0,1670.0,1680.85,1670.0,1682.65,51944,87575396.5,4540,LEGACY
2020-12-14,ALKEM,Alkem Laboratories,EQ,INE540L01014,2897.0,2940.0,2896.25,2929.25,2936.0,2896.15,75247,219991933.2,8749,LEGACY
2020-12-14,APLLTD,Alembic Pharmaceuticals,EQ,INE901L01018,1096.0,1097.0,1061.25,1087.45,1087.0,1085.75,258038,278943391.2,11364,LEGACY
2020-12-14,AUROPHARMA,Aurobindo Pharma,EQ,INE406A01037,898.5,905.95,887.9,889.4,890.5,897.35,1526583,1364244091.85,51343,LEGACY
2020-12-14,BIOCON,Biocon,EQ,INE376G01013,459.0,461.2,450.55,454.0,454.8,455.5,3253116,1478167192.6,47614,LEGACY
2020-12-14,CADILAHC,Cadila Healthcare,EQ,INE010B01027,469.0,473.7,466.55,469.85,470.5,466.65,2084100,979921576.25,19585,LEGACY
2020-12-14,CIPLA,Cipla,EQ,INE059A01026,778.3,793.3,776.35,789.3,786.9,755.85,19785595,15552565167.6,309241,LEGACY
2020-12-14,DIVISLAB,Divi's Laboratories,EQ,INE361B01024,3650.0,3669.75,3584.6,3599.8,3606.0,3642.1,858167,3104814598.95,57289,LEGACY
2020-12-14,DRREDDY,Dr. Reddy's Laboratories,EQ,INE089A01023,4952.0,5054.0,4952.0,5022.8,5024.0,5016.95,1183625,5941239317.55,78817,LEGACY
2020-12-14,GLAND,Gland Pharma,EQ,INE068V01023,2245.0,2273.0,2221.0,2224.4,2228.0,2241.6,167368,374583861.3,11201,LEGACY
2020-12-14,GLAXO,GlaxoSmithKline Pharmaceuticals,EQ,INE159A01016,1551.35,1560.0,1545.0,1549.85,1547.05,1551.15,21307,33049590.35,2123,LEGACY
2020-12-14,GLENMARK,Glenmark Pharmaceuticals,EQ,INE935A01035,531.0,534.45,524.6,526.25,525.8,527.35,1022166,540180588.55,14901,LEGACY
2020-12-14,GRANULES,Granules India,EQ,INE101D01020,388.1,390.75,379.5,380.25,380.1,387.6,1097035,419738536.85,23662,LEGACY
2020-12-14,IPCALAB,IPCA Laboratories,EQ,INE571A01020,2229.9,2257.9,2211.0,2228.1,2221.0,2211.2,335234,750808421.45,54677,LEGACY
2020-12-14,JBCHEPHARM,JB Chemicals & Pharmaceuticals,EQ,INE572A01028,1007.8,1069.0,995.3,1022.2,1025.75,999.2,144642,150237813.5,15370,LEGACY
2020-12-14,LAURUSLABS,Laurus Labs,EQ,INE947Q01028,329.0,331.8,326.5,328.4,328.0,328.95,1532748,503591652.2,26179,LEGACY
2020-12-14,LUPIN,Lupin,EQ,INE326A01037,945.0,949.7,937.1,941.45,942.95,939.4,1434903,1352331986.15,23851,LEGACY
2020-12-14,NATCOPHARM,Natco Pharma,EQ,INE987B01026,953.1,968.0,938.1,956.45,955.5,953.1,451560,430939938.2,17818,LEGACY
2020-12-14,PEL,Piramal Enterprises,EQ,INE140A01024,1444.0,1444.0,1415.3,1422.55,1421.0,1433.85,747538,1064891653.6,26267,LEGACY
2020-12-14,PFIZER,Pfizer,EQ,INE182A01018,5398.0,5398.0,5250.0,5310.3,5300.0,5281.15,196059,1048732628.25,21091,LEGACY
2020-12-14,SANOFI,Sanofi India,EQ,INE058A01010,7900.05,8036.0,7786.25,8002.35,8000.0,7924.4,18451,147399482.35,3935,LEGACY
2020-12-14,STAR,Strides Pharma Science,EQ,INE939A01011,790.85,812.0,790.0,794.75,791.35,784.6,539313,431610528.65,18297,LEGACY
2020-12-14,SUNPHARMA,Sun Pharmaceutical Industries,EQ,INE044A01036,568.35,578.65,568.35,576.25,576.4,568.1,8582193,4933379916.95,102415,LEGACY
2020-12-14,TORNTPHARM,Torrent Pharmaceuticals,EQ,INE685A01028,2643.7,2710.95,2641.35,2703.8,2704.5,2646.7,465356,1246842928.45,24646,LEGACY
2020-12-14,WOCKPHARMA,Wockhardt,EQ,INE049B01025,523.0,523.5,503.35,507.1,507.7,517.75,571153,291382494.05,16853,LEGACY
2020-12-15,ABBOTINDIA,Abbott India,EQ,INE358A01014,16600.0,16695.0,16300.0,16379.2,16340.45,16504.9,18840,309371361.6,6400,LEGACY
2020-12-15,AJANTPHARM,Ajanta Pharma,EQ,INE031B01049,1678.0,1706.0,1678.0,1687.0,1679.8,1680.85,76148,128752771.75,7317,LEGACY
2020-12-15,ALKEM,Alkem Laboratories,EQ,INE540L01014,2942.0,2949.0,2890.0,2898.5,2910.0,2929.25,123179,357266811.05,7627,LEGACY
2020-12-15,APLLTD,Alembic Pharmaceuticals,EQ,INE901L01018,1091.0,1091.05,1066.0,1075.75,1071.1,1087.45,193393,208231146.95,9304,LEGACY
2020-12-15,AUROPHARMA,Aurobindo Pharma,EQ,INE406A01037,893.0,893.95,871.2,874.45,874.0,889.4,2072389,1821366126.55,67758,LEGACY
2020-12-15,BIOCON,Biocon,EQ,INE376G01013,454.95,459.9,450.0,455.3,455.0,454.0,3057712,1395035484.95,43964,LEGACY
2020-12-15,CADILAHC,Cadila Healthcare,EQ,INE010B01027,473.0,475.45,465.0,466.85,466.0,469.85,2936032,1379274749.0,35575,LEGACY
2020-12-15,CIPLA,Cipla,EQ,INE059A01026,789.3,798.0,779.25,781.65,780.75,789.3,8249684,6506727911.05,120051,LEGACY
2020-12-15,DIVISLAB,Divi's Laboratories,EQ,INE361B01024,3620.0,3652.1,3606.45,3628.4,3625.1,3599.8,678172,2460520658.2,45238,LEGACY
2020-12-15,DRREDDY,Dr. Reddy's Laboratories,EQ,INE089A01023,5046.95,5076.0,5010.2,5031.35,5026.0,5022.8,1005104,5066672700.95,61344,LEGACY
2020-12-15,GLAND,Gland Pharma,EQ,INE068V01023,2228.0,2230.0,2178.0,2197.15,2199.0,2224.4,246370,540665380.25,23590,LEGACY
2020-12-15,GLAXO,GlaxoSmithKline Pharmaceuticals,EQ,INE159A01016,1547.5,1555.85,1543.35,1550.3,1550.0,1549.85,23076,35768932.8,2284,LEGACY
2020-12-15,GLENMARK,Glenmark Pharmaceuticals,EQ,INE935A01035,526.0,527.15,511.75,515.6,515.35,526.25,1840170,952989674.85,30603,LEGACY
2020-12-15,GRANULES,Granules India,EQ,INE101D01020,381.2,388.0,380.5,385.35,384.0,380.25,1057505,406903546.95,20660,LEGACY
2020-12-15,IPCALAB,IPCA Laboratories,EQ,INE571A01020,2221.05,2285.75,2208.1,2242.55,2243.0,2228.1,438933,985691471.2,60287,LEGACY
2020-12-15,JBCHEPHARM,JB Chemicals & Pharmaceuticals,EQ,INE572A01028,1053.0,1080.0,1027.05,1069.35,1078.5,1022.2,286290,303324364.3,17946,LEGACY
2020-12-15,LAURUSLABS,Laurus Labs,EQ,INE947Q01028,327.85,331.5,324.0,328.4,328.3,328.4,2056817,674485858.3,25070,LEGACY
2020-12-15,LUPIN,Lupin,EQ,INE326A01037,949.5,966.0,941.25,944.4,945.0,941.45,6027383,5752238112.5,95237,LEGACY
2020-12-15,NATCOPHARM,Natco Pharma,EQ,INE987B01026,961.1,961.25,943.05,947.8,947.0,956.45,259102,245493308.85,13292,LEGACY
2020-12-15,PEL,Piramal Enterprises,EQ,INE140A01024,1421.95,1458.9,1388.0,1448.65,1458.0,1422.55,1625460,2307021104.2,54702,LEGACY
2020-12-15,PFIZER,Pfizer,EQ,INE182A01018,5300.5,5310.0,5126.0,5256.5,5255.0,5310.3,106788,559866323.05,12231,LEGACY
2020-12-15,SANOFI,Sanofi India,EQ,INE058A01010,8020.0,8026.7,7831.05,7981.0,7990.0,8002.35,50442,398634198.0,9195,LEGACY
2020-12-15,STAR,Strides Pharma Science,EQ,INE939A01011,794.0,797.0,782.0,784.65,782.05,794.75,269502,212702800.45,12187,LEGACY
2020-12-15,SUNPHARMA,Sun Pharmaceutical Industries,EQ,INE044A01036,575.0,580.0,569.0,571.65,570.75,576.25,5896090,3383416430.7,77824,LEGACY
2020-12-15,TORNTPHARM,Torrent Pharmaceuticals,EQ,INE685A01028,2721.0,2766.15,2705.0,2749.2,2749.0,2703.8,1187738,3252200062.9,50373,LEGACY
2020-12-15,WOCKPHARMA,Wockhardt,EQ,INE049B01025,511.45,522.4,506.0,510.95,511.25,507.1,690819,354563512.9,18586,LEGACY
2020-12-16,ABBOTINDIA,Abbott India,EQ,INE358A01014,16451.0,16599.0,16202.0,16276.6,16290.0,16379.2,19505,319043466.05,7380,LEGACY
2020-12-16,AJANTPHARM,Ajanta Pharma,EQ,INE031B01049,1687.0,1704.85,1680.05,1689.3,1683.0,1687.0,57795,97966664.6,4820,LEGACY
2020-12-16,ALKEM,Alkem Laboratories,EQ,INE540L01014,2905.0,2910.0,2881.0,2896.1,2893.1,2898.5,94352,273028311.45,6083,LEGACY
2020-12-16,APLLTD,Alembic Pharmaceuticals,EQ,INE901L01018,1075.0,1117.9,1066.05,1104.35,1107.0,1075.75,317579,346559366.55,13935,LEGACY
2020-12-16,AUROPHARMA,Aurobindo Pharma,EQ,INE406A01037,878.0,884.5,870.2,875.7,876.5,874.45,2264825,1985367326.55,56746,LEGACY
2020-12-16,BIOCON,Biocon,EQ,INE376G01013,459.0,462.5,455.4,460.0,459.9,455.3,3074459,1413801483.4,37941,LEGACY
2020-12-16,CADILAHC,Cadila Healthcare,EQ,INE010B01027,471.0,472.85,465.9,469.0,469.05,466.85,2630386,1235650854.05,25480,LEGACY
2020-12-16,CIPLA,Cipla,EQ,INE059A01026,790.35,790.35,782.3,786.8,787.7,781.65,3817724,3000720156.5,63525,LEGACY
2020-12-16,DIVISLAB,Divi's Laboratories,EQ,INE361B01024,3652.2,3727.0,3636.0,3717.9,3722.45,3628.4,1097589,4057232218.65,56891,LEGACY
2020-12-16,DRREDDY,Dr. Reddy's Laboratories,EQ,INE089A01023,5050.0,5051.75,5006.0,5038.95,5045.0,5031.35,832456,4186409015.45,53788,LEGACY
2020-12-16,GLAND,Gland Pharma,EQ,INE068V01023,2199.0,2252.2,2190.0,2196.2,2200.0,2197.15,411542,907289418.6,15061,LEGACY
2020-12-16,GLAXO,GlaxoSmithKline Pharmaceuticals,EQ,INE159A01016,1554.85,1557.6,1540.0,1550.55,1551.05,1550.3,37192,57655805.25,2024,LEGACY
2020-12-16,GLENMARK,Glenmark Pharmaceuticals,EQ,INE935A01035,516.4,529.3,516.0,524.75,525.5,515.6,1563932,819817587.1,28019,LEGACY
2020-12-16,GRANULES,Granules India,EQ,INE101D01020,385.7,387.3,379.95,380.15,380.9,385.35,1175186,448568057.65,40194,LEGACY
2020-12-16,IPCALAB,IPCA Laboratories,EQ,INE571A01020,2263.5,2274.5,2215.0,2250.2,2249.8,2242.55,417287,936938515.15,51536,LEGACY
2020-12-16,JBCHEPHARM,JB Chemicals & Pharmaceuticals,EQ,INE572A01028,1086.9,1095.0,1056.0,1082.45,1080.0,1069.35,123150,131886734.85,14660,LEGACY
2020-12-16,LAURUSLABS,Laurus Labs,EQ,INE947Q01028,329.4,344.9,327.65,338.95,338.5,328.4,6296660,2134364324.0,66814,LEGACY
2020-12-16,LUPIN,Lupin,EQ,INE326A01037,953.25,963.9,942.3,960.35,962.0,944.4,3019484,2885110865.8,63159,LEGACY
2020-12-16,NATCOPHARM,Natco Pharma,EQ,INE987B01026,950.1,956.95,945.05,949.55,948.1,947.8,221377,210374510.75,5944,LEGACY
2020-12-16,PEL,Piramal Enterprises,EQ,INE140A01024,1463.0,1466.75,1430.0,1457.6,1451.0,1448.65,1727084,2502787742.7,61379,LEGACY
2020-12-16,PFIZER,Pfizer,EQ,INE182A01018,5210.5,5279.0,5210.1,5256.7,5257.5,5256.5,73188,383880161.85,10546,LEGACY
2020-12-16,SANOFI,Sanofi India,EQ,INE058A01010,8020.0,8020.0,7886.25,7930.7,7932.0,7981.0,65037,515208347.0,8240,LEGACY
2020-12-16,STAR,Strides Pharma Science,EQ,INE939A01011,790.0,812.95,775.3,782.05,779.0,784.65,510127,404962369.1,17705,LEGACY
2020-12-16,SUNPHARMA,Sun Pharmaceutical Industries,EQ,INE044A01036,571.0,578.5,571.0,576.6,576.9,571.65,5135499,2955141671.2,67943,LEGACY
2020-12-16,TORNTPHARM,Torrent Pharmaceuticals,EQ,INE685A01028,2751.0,2802.0,2725.5,2788.95,2788.0,2749.2,569546,1579688337.65,25283,LEGACY
2020-12-16,WOCKPHARMA,Wockhardt,EQ,INE049B01025,514.7,518.6,507.05,508.7,510.25,510.95,410072,210143291.6,12935,LEGACY
2020-12-21,ABBOTINDIA,Abbott India,EQ,INE358A01014,16170.0,16270.0,15700.0,15848.25,15800.0,16178.1,21030,337616556.1,7116,LEGACY
2020-12-21,AJANTPHARM,Ajanta Pharma,EQ,INE031B01049,1643.0,1653.0,1560.15,1593.5,1610.0,1648.8,78019,126215765.7,8891,LEGACY
2020-12-21,ALKEM,Alkem Laboratories,EQ,INE540L01014,2953.8,2988.0,2860.0,2876.15,2865.0,2953.8,172936,503415339.45,10902,LEGACY
2020-12-21,APLLTD,Alembic Pharmaceuticals,EQ,INE901L01018,1102.1,1133.0,981.0,1028.7,1034.0,1108.05,303194,325311071.4,22068,LEGACY
2020-12-21,AUROPHARMA,Aurobindo Pharma,EQ,INE406A01037,889.85,905.2,801.1,845.75,841.7,886.0,4891263,4285234351.35,117006,LEGACY
2020-12-21,BIOCON,Biocon,EQ,INE376G01013,470.0,473.4,439.6,450.0,446.15,471.95,3273294,1514166637.35,50303,LEGACY
2020-12-21,CADILAHC,Cadila Healthcare,EQ,INE010B01027,476.6,485.75,428.95,452.8,451.0,476.6,7647410,3591310207.9,87210,LEGACY
2020-12-21,CIPLA,Cipla,EQ,INE059A01026,793.0,816.9,760.0,778.5,778.0,793.45,14465355,11567698357.95,204383,LEGACY
2020-12-21,DIVISLAB,Divi's Laboratories,EQ,INE361B01024,3789.0,3803.95,3543.8,3634.15,3640.0,3832.9,1845053,6825405537.7,111052,LEGACY
2020-12-21,DRREDDY,Dr. Reddy's Laboratories,EQ,INE089A01023,5243.0,5274.2,4962.05,5068.55,5061.0,5228.75,1812257,9373040723.65,127585,LEGACY
2020-12-21,GLAND,Gland Pharma,EQ,INE068V01023,2244.95,2440.0,2152.15,2319.75,2325.0,2226.5,1464484,3423095101.25,81965,LEGACY
2020-12-21,GLAXO,GlaxoSmithKline Pharmaceuticals,EQ,INE159A01016,1620.35,1645.0,1511.25,1551.0,1550.0,1612.4,207011,329770870.1,13818,LEGACY
2020-12-21,GLENMARK,Glenmark Pharmaceuticals,EQ,INE935A01035,516.5,531.75,464.65,488.55,486.0,516.25,5349658,2738424653.65,81362,LEGACY
2020-12-21,GRANULES,Granules India,EQ,INE101D01020,369.9,370.25,321.4,343.25,342.0,369.8,2943909,1038134798.75,73524,LEGACY
2020-12-21,IPCALAB,IPCA Laboratories,EQ,INE571A01020,2232.2,2238.5,2176.8,2218.85,2213.1,2234.25,337901,748832997.9,36285,LEGACY
2020-12-21,JBCHEPHARM,JB Chemicals & Pharmaceuticals,EQ,INE572A01028,1055.0,1077.65,1035.55,1050.7,1062.0,1065.1,143062,151315157.5,13464,LEGACY
2020-12-21,LAURUSLABS,Laurus Labs,EQ,INE947Q01028,356.0,365.75,311.0,331.55,332.0,353.75,8015171,2795362957.95,110469,LEGACY
2020-12-21,LUPIN,Lupin,EQ,INE326A01037,983.0,991.8,875.0,931.7,931.0,972.1,7855180,7496964203.15,117018,LEGACY
2020-12-21,NATCOPHARM,Natco Pharma,EQ,INE987B01026,948.45,949.9,884.1,921.9,920.15,947.5,383557,358258071.95,10470,LEGACY
2020-12-21,PEL,Piramal Enterprises,EQ,INE140A01024,1440.0,1445.9,1302.3,1345.4,1330.0,1445.15,1270586,1761678190.5,49709,LEGACY
2020-12-21,PFIZER,Pfizer,EQ,INE182A01018,5215.15,5245.0,5010.0,5169.95,5182.0,5198.9,147936,766995315.0,18635,LEGACY
2020-12-21,SANOFI,Sanofi India,EQ,INE058A01010,8005.0,8039.85,7925.05,7969.0,7952.0,7990.85,31158,248660998.15,3997,LEGACY
2020-12-21,STAR,Strides Pharma Science,EQ,INE939A01011,774.95,801.45,715.65,756.45,754.05,778.55,758609,588074240.85,23528,LEGACY
2020-12-21,SUNPHARMA,Sun Pharmaceutical Industries,EQ,INE044A01036,573.8,585.9,539.7,552.55,550.0,575.0,12715463,7259055407.35,209162,LEGACY
2020-12-21,TORNTPHARM,Torrent Pharmaceuticals,EQ,INE685A01028,2778.0,2809.6,2583.4,2668.05,2658.0,2779.1,512738,1404110432.75,31058,LEGACY
2020-12-21,WOCKPHARMA,Wockhardt,EQ,INE049B01025,506.8,518.4,458.3,464.15,459.0,509.2,995969,487747986.15,27382,LEGACY
2020-12-22,ABBOTINDIA,Abbott India,EQ,INE358A01014,15726.0,15938.1,15351.0,15510.1,15505.0,15848.25,29551,456852203.85,8805,LEGACY
2020-12-22,AJANTPHARM,Ajanta Pharma,EQ,INE031B01049,1593.5,1655.0,1531.95,1646.6,1635.5,1593.5,92700,148927248.15,13541,LEGACY
2020-12-22,ALKEM,Alkem Laboratories,EQ,INE540L01014,2864.0,2886.95,2761.1,2853.6,2840.5,2876.15,45849,129503517.4,7644,LEGACY
2020-12-22,APLLTD,Alembic Pharmaceuticals,EQ,INE901L01018,1030.0,1063.9,998.75,1052.6,1054.4,1028.7,210491,217626104.35,17156,LEGACY
2020-12-22,AUROPHARMA,Aurobindo Pharma,EQ,INE406A01037,847.0,859.8,821.4,857.05,856.0,845.75,2380265,2007841904.3,62192,LEGACY
2020-12-22,BIOCON,Biocon,EQ,INE376G01013,447.35,464.15,437.0,462.15,462.0,450.0,2403391,1084529554.95,32304,LEGACY
2020-12-22,CADILAHC,Cadila Healthcare,EQ,INE010B01027,455.0,470.85,438.8,469.05,468.7,452.8,4489020,2054522940.5,58596,LEGACY
2020-12-22,CIPLA,Cipla,EQ,INE059A01026,782.0,798.0,761.1,795.0,796.2,778.5,6139589,4793005985.55,119233,LEGACY
2020-12-22,DIVISLAB,Divi's Laboratories,EQ,INE361B01024,3658.95,3739.1,3601.9,3720.95,3712.95,3634.15,1501765,5529053828.8,74421,LEGACY
2020-12-22,DRREDDY,Dr. Reddy's Laboratories,EQ,INE089A01023,5107.7,5175.0,4936.35,5161.8,5150.0,5068.55,1552824,7895713795.6,113483,LEGACY
2020-12-22,GLAND,Gland Pharma,EQ,INE068V01023,2341.2,2395.0,2240.0,2328.25,2348.9,2319.75,435493,1002953163.85,37915,LEGACY
2020-12-22,GLAXO,GlaxoSmithKline Pharmaceuticals,EQ,INE159A01016,1551.0,1597.0,1485.15,1532.25,1533.0,1551.0,46131,70379127.2,5347,LEGACY
2020-12-22,GLENMARK,Glenmark Pharmaceuticals,EQ,INE935A01035,488.55,496.2,467.15,484.05,485.45,488.55,2641936,1266982118.2,44630,LEGACY
2020-12-22,GRANULES,Granules India,EQ,INE101D01020,343.25,365.5,336.25,361.8,365.0,343.25,2020599,711280852.85,54783,LEGACY
2020-12-22,IPCALAB,IPCA Laboratories,EQ,INE571A01020,2215.0,2231.0,2165.45,2204.25,2200.0,2218.85,259092,567847093.35,28163,LEGACY
2020-12-22,JBCHEPHARM,JB Chemicals & Pharmaceuticals,EQ,INE572A01028,1052.1,1057.95,987.95,1042.8,1053.0,1050.7,123721,127497081.35,9953,LEGACY
2020-12-22,LAURUSLABS,Laurus Labs,EQ,INE947Q01028,334.0,347.7,322.0,337.45,337.95,331.55,5255957,1758848974.25,71691,LEGACY
2020-12-22,LUPIN,Lupin,EQ,INE326A01037,945.0,962.05,913.9,954.55,955.0,931.7,4802339,4512822742.95,88358,LEGACY
2020-12-22,NATCOPHARM,Natco Pharma,EQ,INE987B01026,928.0,940.0,885.35,907.05,906.0,921.9,353873,320233457.95,15390,LEGACY
2020-12-22,PEL,Piramal Enterprises,EQ,INE140A01024,1356.0,1359.75,1282.95,1335.45,1335.9,1345.4,1551978,2045420638.65,59513,LEGACY
2020-12-22,PFIZER,Pfizer,EQ,INE182A01018,5183.0,5280.0,5100.0,5180.2,5190.0,5169.95,82606,426734910.45,10404,LEGACY
2020-12-22,SANOFI,Sanofi India,EQ,INE058A01010,7921.0,7998.45,7840.0,7964.7,7965.0,7969.0,18902,150120620.7,3326,LEGACY
2020-12-22,STAR,Strides Pharma Science,EQ,INE939A01011,760.95,782.45,750.0,768.55,769.0,756.45,602194,462783152.8,19875,LEGACY
2020-12-22,SUNPHARMA,Sun Pharmaceutical Industries,EQ,INE044A01036,553.0,571.1,540.4,568.3,566.9,552.55,8012096,4468422485.35,117949,LEGACY
2020-12-22,TORNTPHARM,Torrent Pharmaceuticals,EQ,INE685A01028,2669.95,2755.9,2600.0,2743.6,2743.95,2668.05,353342,951248641.25,18536,LEGACY
2020-12-22,WOCKPHARMA,Wockhardt,EQ,INE049B01025,468.0,482.25,424.85,463.45,464.65,464.15,947274,432199857.7,31772,LEGACY
2020-12-23,ABBOTINDIA,Abbott India,EQ,INE358A01014,15643.5,15900.0,15526.0,15777.35,15790.0,15510.1,17990,284494452.4,4447,LEGACY
2020-12-23,AJANTPHARM,Ajanta Pharma,EQ,INE031B01049,1646.95,1669.45,1601.7,1626.95,1625.0,1646.6,63132,103596044.65,7072,LEGACY
2020-12-23,ALKEM,Alkem Laboratories,EQ,INE540L01014,2852.0,2880.0,2829.4,2871.15,2877.0,2853.6,37599,107447278.8,6745,LEGACY
2020-12-23,APLLTD,Alembic Pharmaceuticals,EQ,INE901L01018,1057.0,1080.0,1050.8,1062.8,1069.0,1052.6,139160,148814581.55,12272,LEGACY
2020-12-23,AUROPHARMA,Aurobindo Pharma,EQ,INE406A01037,859.0,892.0,851.0,889.3,887.3,857.05,2011957,1767099450.8,56187,LEGACY
2020-12-23,BIOCON,Biocon,EQ,INE376G01013,462.2,487.75,459.1,483.6,482.25,462.15,4958976,2369431369.0,74797,LEGACY
2020-12-23,CADILAHC,Cadila Healthcare,EQ,INE010B01027,467.25,479.25,465.05,475.0,474.0,469.05,3377709,1605136408.55,47804,LEGACY
2020-12-23,CIPLA,Cipla,EQ,INE059A01026,796.35,827.0,792.25,824.65,824.9,795.0,8520251,6934873099.95,129663,LEGACY
2020-12-23,DIVISLAB,Divi's Laboratories,EQ,INE361B01024,3709.6,3715.0,3660.0,3688.6,3695.0,3720.95,915202,3370457318.3,54884,LEGACY
2020-12-23,DRREDDY,Dr. Reddy's Laboratories,EQ,INE089A01023,5161.45,5238.7,5131.25,5224.1,5217.9,5161.8,812470,4218475764.25,52903,LEGACY
2020-12-23,GLAND,Gland Pharma,EQ,INE068V01023,2350.0,2396.8,2330.0,2353.05,2350.05,2328.25,512028,1204521089.6,38426,LEGACY
2020-12-23,GLAXO,GlaxoSmithKline Pharmaceuticals,EQ,INE159A01016,1532.25,1548.85,1513.1,1527.7,1530.0,1532.25,28162,43283461.9,3685,LEGACY
2020-12-23,GLENMARK,Glenmark Pharmaceuticals,EQ,INE935A01035,488.45,497.5,487.2,495.2,496.15,484.05,2055730,1013578422.25,30698,LEGACY
2020-12-23,GRANULES,Granules India,EQ,INE101D01020,367.15,369.95,364.55,366.45,366.5,361.8,978498,359709073.35,21428,LEGACY
2020-12-23,IPCALAB,IPCA Laboratories,EQ,INE571A01020,2200.0,2209.0,2145.05,2157.15,2159.0,2204.25,331781,717950342.1,33628,LEGACY
2020-12-23,JBCHEPHARM,JB Chemicals & Pharmaceuticals,EQ,INE572A01028,1060.0,1063.0,1041.0,1046.1,1047.0,1042.8,80220,83993164.05,5885,LEGACY
2020-12-23,LAURUSLABS,Laurus Labs,EQ,INE947Q01028,339.35,346.9,337.7,344.3,343.1,337.45,2634202,900653127.3,31931,LEGACY
2020-12-23,LUPIN,Lupin,EQ,INE326A01037,957.4,969.7,948.0,963.35,963.2,954.55,2054965,1975931455.5,30820,LEGACY
2020-12-23,NATCOPHARM,Natco Pharma,EQ,INE987B01026,907.05,923.7,907.0,920.0,920.55,907.05,256088,234968583.7,6839,LEGACY
2020-12-23,PEL,Piramal Enterprises,EQ,INE140A01024,1354.0,1432.95,1341.4,1424.4,1424.0,1335.45,3324559,4669545020.65,127996,LEGACY
2020-12-23,PFIZER,Pfizer,EQ,INE182A01018,5185.0,5250.0,5180.0,5203.0,5190.0,5180.2,88394,460556104.5,8491,LEGACY
2020-12-23,SANOFI,Sanofi India,EQ,INE058A01010,7965.0,8098.0,7960.0,8052.8,8050.0,7964.7,14473,116405675.15,3172,LEGACY
2020-12-23,STAR,Strides Pharma Science,EQ,INE939A01011,770.0,798.0,769.0,792.1,790.1,768.55,413152,325268194.95,12847,LEGACY
2020-12-23,SUNPHARMA,Sun Pharmaceutical Industries,EQ,INE044A01036,570.0,576.55,566.1,574.6,574.5,568.3,4958783,2840257928.1,73624,LEGACY
2020-12-23,TORNTPHARM,Torrent Pharmaceuticals,EQ,INE685A01028,2743.95,2805.0,2735.0,2799.65,2800.0,2743.6,253149,704443334.8,13788,LEGACY
2020-12-23,WOCKPHARMA,Wockhardt,EQ,INE049B01025,467.0,494.0,465.0,490.9,491.5,463.45,995838,483783059.85,28696,LEGACY
2020-12-24,ABBOTINDIA,Abbott India,EQ,INE358A01014,15940.0,15940.0,15600.0,15727.4,15750.0,15777.35,13290,209959165.85,6418,LEGACY
2020-12-24,AJANTPHARM,Ajanta Pharma,EQ,INE031B01049,1635.0,1675.0,1620.0,1672.05,1671.45,1626.95,97673,161549960.45,9209,LEGACY
2020-12-24,ALKEM,Alkem Laboratories,EQ,INE540L01014,2899.95,2929.0,2850.1,2916.0,2928.0,2871.15,40675,117873254.6,5127,LEGACY
2020-12-24,APLLTD,Alembic Pharmaceuticals,EQ,INE901L01018,1075.0,1084.5,1066.15,1072.25,1074.5,1062.8,129829,139476750.55,11545,LEGACY
2020-12-24,AUROPHARMA,Aurobindo Pharma,EQ,INE406A01037,902.5,912.0,878.25,909.0,910.3,889.3,4176663,3753143061.85,90819,LEGACY
2020-12-24,BIOCON,Biocon,EQ,INE376G01013,486.25,486.25,472.9,481.95,481.25,483.6,2511169,1208883150.7,32861,LEGACY
2020-12-24,CADILAHC,Cadila Healthcare,EQ,INE010B01027,477.8,491.7,470.0,489.5,490.0,475.0,5254900,2523180083.7,55590,LEGACY
2020-12-24,CIPLA,Cipla,EQ,INE059A01026,828.8,834.9,815.3,833.2,834.65,824.65,7294578,6022224914.0,111654,LEGACY
2020-12-24,DIVISLAB,Divi's Laboratories,EQ,INE361B01024,3705.0,3757.0,3692.05,3749.6,3755.0,3688.6,656706,2450246626.0,41728,LEGACY
2020-12-24,DRREDDY,Dr. Reddy's Laboratories,EQ,INE089A01023,5247.0,5247.0,5165.0,5201.8,5203.95,5224.1,675636,3511984134.45,51937,LEGACY
2020-12-24,GLAND,Gland Pharma,EQ,INE068V01023,2360.0,2429.0,2339.0,2408.35,2425.0,2353.05,575779,1372995531.8,37157,LEGACY
2020-12-24,GLAXO,GlaxoSmithKline Pharmaceuticals,EQ,INE159A01016,1540.0,1549.85,1526.0,1532.5,1532.05,1527.7,22344,34396350.6,2562,LEGACY
2020-12-24,GLENMARK,Glenmark Pharmaceuticals,EQ,INE935A01035,497.5,504.9,489.6,496.2,498.0,495.2,1940686,964673274.6,29362,LEGACY
2020-12-24,GRANULES,Granules India,EQ,INE101D01020,368.0,375.9,364.0,372.8,374.9,366.45,1548124,572560312.75,41840,LEGACY
2020-12-24,IPCALAB,IPCA Laboratories,EQ,INE571A01020,2160.1,2189.4,2155.0,2164.2,2160.0,2157.15,209013,453342664.8,17476,LEGACY
2020-12-24,JBCHEPHARM,JB Chemicals & Pharmaceuticals,EQ,INE572A01028,1054.85,1059.7,1021.0,1031.95,1027.85,1046.1,102176,106225656.6,6319,LEGACY
2020-12-24,LAURUSLABS,Laurus Labs,EQ,INE947Q01028,347.0,354.4,346.0,348.3,348.2,344.3,2543680,889233426.9,33855,LEGACY
2020-12-24,LUPIN,Lupin,EQ,INE326A01037,969.0,981.5,961.85,976.2,978.0,963.35,2227518,2166723205.35,43242,LEGACY
2020-12-24,NATCOPHARM,Natco Pharma,EQ,INE987B01026,926.0,943.4,922.4,932.0,933.5,920.0,249362,232254228.35,11963,LEGACY
2020-12-24,PEL,Piramal Enterprises,EQ,INE140A01024,1430.5,1440.95,1395.0,1406.6,1405.0,1424.4,1137404,1611239465.9,39142,LEGACY
2020-12-24,PFIZER,Pfizer,EQ,INE182A01018,5223.1,5237.95,5190.2,5225.3,5229.0,5203.0,39513,206164853.95,5918,LEGACY
2020-12-24,SANOFI,Sanofi India,EQ,INE058A01010,8089.9,8169.35,8036.3,8155.65,8156.0,8052.8,14453,117427990.3,3805,LEGACY
2020-12-24,STAR,Strides Pharma Science,EQ,INE939A01011,796.0,865.0,796.0,853.3,858.95,792.1,1626589,1358344829.1,49265,LEGACY
2020-12-24,SUNPHARMA,Sun Pharmaceutical Industries,EQ,INE044A01036,574.6,595.0,572.15,590.45,592.9,574.6,7486583,4356392198.8,107906,LEGACY
2020-12-24,TORNTPHARM,Torrent Pharmaceuticals,EQ,INE685A01028,2813.6,2835.05,2766.45,2785.35,2790.0,2799.65,225747,631720958.4,13164,LEGACY
2020-12-24,WOCKPHARMA,Wockhardt,EQ,INE049B01025,494.0,496.2,483.0,490.4,485.0,490.9,455149,222987929.9,14115,LEGACY
2020-12-28,ABBOTINDIA,Abbott India,EQ,INE358A01014,15843.65,15940.0,15657.95,15697.7,15700.0,15727.4,16355,257500634.4,5182,LEGACY
2020-12-28,AJANTPHARM,Ajanta Pharma,EQ,INE031B01049,1686.75,1697.0,1675.0,1689.1,1690.0,1672.05,135467,228732658.55,11646,LEGACY
2020-12-28,ALKEM,Alkem Laboratories,EQ,INE540L01014,2948.0,2958.95,2886.1,2916.9,2920.0,2916.0,43945,128458529.35,5078,LEGACY
2020-12-28,APLLTD,Alembic Pharmaceuticals,EQ,INE901L01018,1078.0,1090.0,1062.5,1067.15,1064.2,1072.25,101026,108510337.35,6962,LEGACY
2020-12-28,AUROPHARMA,Aurobindo Pharma,EQ,INE406A01037,919.8,921.0,904.0,908.35,908.65,909.0,3136265,2855703896.2,67561,LEGACY
2020-12-28,BIOCON,Biocon,EQ,INE376G01013,468.9,477.5,463.0,465.8,465.2,481.95,8802460,4129197043.75,107271,LEGACY
2020-12-28,CADILAHC,Cadila Healthcare,EQ,INE010B01027,496.45,499.25,484.0,487.7,484.85,489.5,6453108,3163776939.85,70233,LEGACY
2020-12-28,CIPLA,Cipla,EQ,INE059A01026,837.6,839.0,825.2,830.15,829.95,833.2,4810932,4008260788.65,81422,LEGACY
2020-12-28,DIVISLAB,Divi's Laboratories,EQ,INE361B01024,3760.0,3783.35,3738.0,3766.0,3761.6,3749.6,387691,1457853895.25,24672,LEGACY
2020-12-28,DRREDDY,Dr. Reddy's Laboratories,EQ,INE089A01023,5228.15,5235.0,5187.0,5201.8,5198.0,5201.8,411173,2144076747.9,27717,LEGACY
2020-12-28,GLAND,Gland Pharma,EQ,INE068V01023,2439.0,2508.55,2380.0,2393.65,2395.0,2408.35,448777,1105225949.5,30270,LEGACY
2020-12-28,GLAXO,GlaxoSmithKline Pharmaceuticals,EQ,INE159A01016,1544.95,1634.0,1540.0,1619.0,1623.0,1532.5,172099,273478983.6,10855,LEGACY
2020-12-28,GLENMARK,Glenmark Pharmaceuticals,EQ,INE935A01035,500.0,502.75,495.25,498.9,498.45,496.2,1102762,549913764.45,14736,LEGACY
2020-12-28,GRANULES,Granules India,EQ,INE101D01020,374.65,375.9,369.05,372.6,372.05,372.8,846168,315320237.55,21268,LEGACY
2020-12-28,IPCALAB,IPCA Laboratories,EQ,INE571A01020,2164.0,2184.0,2150.0,2165.45,2170.0,2164.2,238911,516282065.8,25060,LEGACY
2020-12-28,JBCHEPHARM,JB Chemicals & Pharmaceuticals,EQ,INE572A01028,1048.0,1048.9,1021.0,1030.15,1030.0,1031.95,67045,69337325.65,4454,LEGACY
2020-12-28,LAURUSLABS,Laurus Labs,EQ,INE947Q01028,352.1,354.0,346.7,347.85,347.5,348.3,1875128,657788967.75,24197,LEGACY
2020-12-28,LUPIN,Lupin,EQ,INE326A01037,990.0,990.0,975.2,983.75,981.9,976.2,2513101,2467268228.75,42682,LEGACY
2020-12-28,NATCOPHARM,Natco Pharma,EQ,INE987B01026,939.95,955.0,933.85,951.4,950.0,932.0,253493,240400416.4,7538,LEGACY
2020-12-28,PEL,Piramal Enterprises,EQ,INE140A01024,1415.0,1478.75,1410.15,1445.6,1439.85,1406.6,2254204,3282412929.05,69672,LEGACY
2020-12-28,PFIZER,Pfizer,EQ,INE182A01018,5230.0,5250.0,5175.45,5212.0,5187.0,5225.3,52629,274407009.4,5880,LEGACY
2020-12-28,SANOFI,Sanofi India,EQ,INE058A01010,8214.0,8339.1,8102.0,8261.7,8300.0,8155.65,16605,136700073.1,3374,LEGACY
2020-12-28,STAR,Strides Pharma Science,EQ,INE939A01011,861.0,918.0,858.15,900.9,893.8,853.3,2229673,1996871455.15,61962,LEGACY
2020-12-28,SUNPHARMA,Sun Pharmaceutical Industries,EQ,INE044A01036,599.0,599.45,584.55,586.95,587.9,590.45,12299793,7259374964.75,121283,LEGACY
2020-12-28,TORNTPHARM,Torrent Pharmaceuticals,EQ,INE685A01028,2798.85,2856.55,2777.95,2795.2,2788.0,2785.35,339863,958739237.35,21658,LEGACY
2020-12-28,WOCKPHARMA,Wockhardt,EQ,INE049B01025,493.65,495.8,486.4,489.75,488.05,490.4,354285,173981097.9,9565,LEGACY
2020-12-29,ABBOTINDIA,Abbott India,EQ,INE358A01014,15777.7,15899.9,15600.0,15701.9,15750.0,15697.7,9933,156360281.0,3198,LEGACY
2020-12-29,AJANTPHARM,Ajanta Pharma,EQ,INE031B01049,1695.0,1695.0,1661.0,1673.3,1670.0,1689.1,112926,189840238.2,9353,LEGACY
2020-12-29,ALKEM,Alkem Laboratories,EQ,INE540L01014,2925.0,2937.3,2898.9,2925.3,2929.0,2916.9,62104,180856407.65,11564,LEGACY
2020-12-29,APLLTD,Alembic Pharmaceuticals,EQ,INE901L01018,1072.5,1072.95,1045.0,1048.45,1051.0,1067.15,144917,152569356.45,9060,LEGACY
2020-12-29,AUROPHARMA,Aurobindo Pharma,EQ,INE406A01037,912.9,919.35,896.25,905.05,899.85,908.35,1920734,1745880044.05,58659,LEGACY
2020-12-29,BIOCON,Biocon,EQ,INE376G01013,476.5,476.5,457.35,460.5,459.75,465.8,7433306,3457805332.75,82002,LEGACY
2020-12-29,CADILAHC,Cadila Healthcare,EQ,INE010B01027,488.0,490.5,477.1,479.35,479.0,487.7,3004757,1450404613.9,37398,LEGACY
2020-12-29,CIPLA,Cipla,EQ,INE059A01026,830.15,835.75,817.5,827.95,825.15,830.15,3311293,2737184583.2,65253,LEGACY
2020-12-29,DIVISLAB,Divi's Laboratories,EQ,INE361B01024,3783.0,3829.7,3765.0,3784.2,3775.0,3766.0,834002,3167181066.45,53956,LEGACY
2020-12-29,DRREDDY,Dr. Reddy's Laboratories,EQ,INE089A01023,5225.0,5269.0,5145.6,5165.6,5155.0,5201.8,882433,4587418828.5,69669,LEGACY
2020-12-29,GLAND,Gland Pharma,EQ,INE068V01023,2409.0,2425.0,2335.0,2348.6,2340.1,2393.65,400122,943767953.85,39607,LEGACY
2020-12-29,GLAXO,GlaxoSmithKline Pharmaceuticals,EQ,INE159A01016,1638.9,1640.0,1572.0,1586.7,1582.3,1619.0,67668,109152269.95,5790,LEGACY
2020-12-29,GLENMARK,Glenmark Pharmaceuticals,EQ,INE935A01035,501.4,504.8,491.3,497.9,496.05,498.9,1409683,702714055.35,23220,LEGACY
2020-12-29,GRANULES,Granules India,EQ,INE101D01020,365.0,379.4,365.0,370.65,369.75,372.6,1738585,647673874.55,34189,LEGACY
2020-12-29,IPCALAB,IPCA Laboratories,EQ,INE571A01020,2179.0,2181.0,2155.0,2168.7,2167.5,2165.45,131181,284190385.55,12007,LEGACY
2020-12-29,JBCHEPHARM,JB Chemicals & Pharmaceuticals,EQ,INE572A01028,1035.0,1044.95,1004.8,1015.85,1012.0,1030.15,127029,129816299.0,14436,LEGACY
2020-12-29,LAURUSLABS,Laurus Labs,EQ,INE947Q01028,349.0,351.8,340.0,346.05,346.4,347.85,1618548,561027977.65,27249,LEGACY
2020-12-29,LUPIN,Lupin,EQ,INE326A01037,984.0,992.8,970.5,977.25,975.45,983.75,2122259,2079476559.3,34897,LEGACY
2020-12-29,NATCOPHARM,Natco Pharma,EQ,INE987B01026,962.0,972.85,951.8,958.15,957.5,951.4,284512,273452340.95,10180,LEGACY
2020-12-29,PEL,Piramal Enterprises,EQ,INE140A01024,1449.0,1452.65,1416.75,1426.2,1423.5,1445.6,886216,1268290900.75,27231,LEGACY
2020-12-29,PFIZER,Pfizer,EQ,INE182A01018,5202.0,5224.5,5103.0,5153.2,5123.0,5212.0,58749,304399160.3,7862,LEGACY
2020-12-29,SANOFI,Sanofi India,EQ,INE058A01010,8300.0,8300.0,8216.0,8252.65,8229.05,8261.7,27236,225130501.45,3868,LEGACY
2020-12-29,STAR,Strides Pharma Science,EQ,INE939A01011,902.0,928.0,895.0,910.1,912.0,900.9,1402637,1283375846.85,38406,LEGACY
2020-12-29,SUNPHARMA,Sun Pharmaceutical Industries,EQ,INE044A01036,589.8,596.0,583.15,590.6,589.5,586.95,7430043,4387149813.3,94752,LEGACY
2020-12-29,TORNTPHARM,Torrent Pharmaceuticals,EQ,INE685A01028,2796.2,2805.7,2745.0,2758.8,2754.3,2795.2,308077,852199564.7,18031,LEGACY
2020-12-29,WOCKPHARMA,Wockhardt,EQ,INE049B01025,490.9,514.0,489.75,509.7,511.2,489.75,1352154,685294645.35,31822,LEGACY
2020-12-30,ABBOTINDIA,Abbott India,EQ,INE358A01014,15800.0,15840.05,15600.0,15628.4,15644.0,15701.9,11997,187966507.05,4117,LEGACY
2020-12-30,AJANTPHARM,Ajanta Pharma,EQ,INE031B01049,1675.0,1685.0,1665.0,1669.35,1670.0,1673.3,43738,73073037.0,4547,LEGACY
2020-12-30,ALKEM,Alkem Laboratories,EQ,INE540L01014,2952.0,2958.0,2905.05,2928.45,2930.0,2925.3,42969,125666965.3,4030,LEGACY
2020-12-30,APLLTD,Alembic Pharmaceuticals,EQ,INE901L01018,1050.8,1056.9,1021.0,1033.15,1033.6,1048.45,184497,190436812.5,11507,LEGACY
2020-12-30,AUROPHARMA,Aurobindo Pharma,EQ,INE406A01037,906.0,909.0,892.15,906.75,907.85,905.05,1667050,1500218470.7,35390,LEGACY
2020-12-30,BIOCON,Biocon,EQ,INE376G01013,462.0,463.65,453.25,458.7,456.6,460.5,3511633,1610540488.75,38458,LEGACY
2020-12-30,CADILAHC,Cadila Healthcare,EQ,INE010B01027,482.9,482.9,475.8,479.35,479.8,479.35,1839434,880551730.15,21566,LEGACY
2020-12-30,CIPLA,Cipla,EQ,INE059A01026,830.0,830.0,816.05,823.8,823.4,827.95,2715404,2230021015.35,49155,LEGACY
2020-12-30,DIVISLAB,Divi's Laboratories,EQ,INE361B01024,3790.0,3820.0,3760.85,3799.7,3795.1,3784.2,407940,1546750235.6,26196,LEGACY
2020-12-30,DRREDDY,Dr. Reddy's Laboratories,EQ,INE089A01023,5191.45,5191.45,5142.5,5170.95,5165.0,5165.6,475269,2453587389.2,32851,LEGACY
2020-12-30,GLAND,Gland Pharma,EQ,INE068V01023,2355.8,2363.7,2296.0,2351.0,2351.0,2348.6,243725,565515977.15,21389,LEGACY
2020-12-30,GLAXO,GlaxoSmithKline Pharmaceuticals,EQ,INE159A01016,1587.0,1610.0,1577.95,1601.45,1600.0,1586.7,25274,40325690.35,3328,LEGACY
2020-12-30,GLENMARK,Glenmark Pharmaceuticals,EQ,INE935A01035,500.0,500.35,492.75,499.25,496.5,497.9,1490678,740873837.2,25466,LEGACY
2020-12-30,GRANULES,Granules India,EQ,INE101D01020,370.9,370.9,361.3,363.35,363.0,370.65,928292,338878048.75,21329,LEGACY
2020-12-30,IPCALAB,IPCA Laboratories,EQ,INE571A01020,2167.5,2194.0,2147.1,2175.5,2175.0,2168.7,198361,430370933.3,25259,LEGACY
2020-12-30,JBCHEPHARM,JB Chemicals & Pharmaceuticals,EQ,INE572A01028,1016.0,1034.0,1000.05,1006.85,1012.0,1015.85,56758,57379601.85,5213,LEGACY
2020-12-30,LAURUSLABS,Laurus Labs,EQ,INE947Q01028,348.1,353.4,341.1,350.05,353.0,346.05,1537979,533624407.9,21619,LEGACY
2020-12-30,LUPIN,Lupin,EQ,INE326A01037,982.0,982.0,964.5,977.6,976.0,977.25,1911823,1862174400.0,30835,LEGACY
2020-12-30,NATCOPHARM,Natco Pharma,EQ,INE987B01026,963.0,972.0,945.65,968.5,962.0,958.15,326215,314362735.5,9151,LEGACY
2020-12-30,PEL,Piramal Enterprises,EQ,INE140A01024,1426.2,1440.0,1402.9,1435.8,1434.0,1426.2,848528,1204298828.55,31695,LEGACY
2020-12-30,PFIZER,Pfizer,EQ,INE182A01018,5159.95,5159.95,5105.0,5112.5,5112.1,5153.2,45279,231921807.65,7042,LEGACY
2020-12-30,SANOFI,Sanofi India,EQ,INE058A01010,8252.65,8371.0,8180.0,8329.75,8339.95,8252.65,13640,112762900.3,3060,LEGACY
2020-12-30,STAR,Strides Pharma Science,EQ,INE939A01011,917.5,917.5,875.1,891.1,895.0,910.1,625402,558366763.6,18985,LEGACY
2020-12-30,SUNPHARMA,Sun Pharmaceutical Industries,EQ,INE044A01036,595.0,595.0,581.5,584.0,584.1,590.6,5589703,3269403535.05,67592,LEGACY
2020-12-30,TORNTPHARM,Torrent Pharmaceuticals,EQ,INE685A01028,2759.8,2800.0,2736.0,2793.0,2759.0,2758.8,308553,853637045.75,18531,LEGACY
2020-12-30,WOCKPHARMA,Wockhardt,EQ,INE049B01025,513.0,558.0,501.8,550.5,549.5,509.7,5970291,3190103232.1,128619,LEGACY
2020-12-31,ABBOTINDIA,Abbott India,EQ,INE358A01014,15650.0,15899.0,15635.05,15769.1,15760.0,15628.4,11865,187169104.55,5165,LEGACY
2020-12-31,AJANTPHARM,Ajanta Pharma,EQ,INE031B01049,1669.3,1689.4,1630.0,1633.2,1634.0,1669.35,168602,279938881.35,9292,LEGACY
2020-12-31,ALKEM,Alkem Laboratories,EQ,INE540L01014,2928.45,2954.9,2916.95,2926.2,2925.0,2928.45,60122,176254085.55,9157,LEGACY
2020-12-31,APLLTD,Alembic Pharmaceuticals,EQ,INE901L01018,1033.9,1054.0,1030.0,1033.75,1035.0,1033.15,97273,101321478.8,6634,LEGACY
2020-12-31,AUROPHARMA,Aurobindo Pharma,EQ,INE406A01037,907.85,943.5,904.15,921.3,920.0,906.75,8627443,8009303426.85,148249,LEGACY
2020-12-31,BIOCON,Biocon,EQ,INE376G01013,459.0,466.95,456.6,465.4,465.0,458.7,3582436,1661502536.9,42231,LEGACY
2020-12-31,CADILAHC,Cadila Healthcare,EQ,INE010B01027,480.0,487.0,474.45,476.75,476.9,479.35,3322247,1595444024.95,40894,LEGACY
2020-12-31,CIPLA,Cipla,EQ,INE059A01026,824.0,833.35,816.4,819.95,818.9,823.8,4842886,3991520661.45,72167,LEGACY
2020-12-31,DIVISLAB,Divi's Laboratories,EQ,INE361B01024,3787.0,3850.0,3786.85,3841.9,3838.0,3799.7,646191,2469066052.2,38852,LEGACY
2020-12-31,DRREDDY,Dr. Reddy's Laboratories,EQ,INE089A01023,5190.0,5253.75,5161.0,5205.1,5214.0,5170.95,1207238,6287792726.95,67624,LEGACY
2020-12-31,GLAND,Gland Pharma,EQ,INE068V01023,2356.0,2404.0,2326.0,2339.75,2338.0,2351.0,362391,861382589.1,26374,LEGACY
2020-12-31,GLAXO,GlaxoSmithKline Pharmaceuticals,EQ,INE159A01016,1601.05,1635.0,1589.3,1623.95,1621.4,1601.45,51183,82554437.95,6839,LEGACY
2020-12-31,GLENMARK,Glenmark Pharmaceuticals,EQ,INE935A01035,501.5,507.5,492.0,493.5,492.55,499.25,3118976,1557096884.6,40285,LEGACY
2020-12-31,GRANULES,Granules India,EQ,INE101D01020,365.0,365.2,350.55,352.15,353.0,363.35,1738121,618835003.15,31985,LEGACY
2020-12-31,IPCALAB,IPCA Laboratories,EQ,INE571A01020,2175.5,2197.0,2165.05,2188.8,2195.0,2175.5,162875,355545916.25,17973,LEGACY
2020-12-31,JBCHEPHARM,JB Chemicals & Pharmaceuticals,EQ,INE572A01028,1011.0,1048.4,1010.35,1017.1,1018.0,1006.85,186312,192689937.45,17921,LEGACY
2020-12-31,LAURUSLABS,Laurus Labs,EQ,INE947Q01028,352.2,359.0,347.7,353.15,353.35,350.05,2446342,867595829.8,31832,LEGACY
2020-12-31,LUPIN,Lupin,EQ,INE326A01037,976.2,994.7,973.5,976.85,977.9,977.6,3463094,3407661659.1,56440,LEGACY
2020-12-31,NATCOPHARM,Natco Pharma,EQ,INE987B01026,974.0,986.1,955.1,961.95,961.0,968.5,883762,859895794.05,25469,LEGACY
2020-12-31,PEL,Piramal Enterprises,EQ,INE140A01024,1430.0,1447.55,1417.0,1428.65,1423.5,1435.8,831274,1187304958.4,29157,LEGACY
2020-12-31,PFIZER,Pfizer,EQ,INE182A01018,5120.0,5175.0,5100.0,5106.8,5107.0,5112.5,43908,225205578.05,7348,LEGACY
2020-12-31,SANOFI,Sanofi India,EQ,INE058A01010,8345.0,8397.95,8230.05,8326.95,8340.0,8329.75,20500,170712468.75,3264,LEGACY
2020-12-31,STAR,Strides Pharma Science,EQ,INE939A01011,888.0,908.0,871.75,878.2,876.0,891.1,670342,597300185.3,21374,LEGACY
2020-12-31,SUNPHARMA,Sun Pharmaceutical Industries,EQ,INE044A01036,584.65,594.9,582.05,592.35,590.45,584.0,8835267,5195130378.55,99363,LEGACY
2020-12-31,TORNTPHARM,Torrent Pharmaceuticals,EQ,INE685A01028,2787.0,2828.0,2765.65,2802.7,2800.0,2793.0,429094,1203608623.0,24009,LEGACY
2020-12-31,WOCKPHARMA,Wockhardt,EQ,INE049B01025,553.75,569.8,537.0,546.55,540.0,550.5,4455448,2484866711.35,104137,LEGACY
