DATE,SYMBOL,COMPANY,SERIES,ISIN,OPEN,HIGH,LOW,CLOSE,LAST,PREV_CLOSE,TOTAL_TRADED_QTY,TOTAL_TRADED_VALUE,TOTAL_TRADES,SOURCE_FORMAT
2018-01-02,ABBOTINDIA,Abbott India,EQ,INE358A01014,5450.0,5533.95,5421.2,5443.55,5455.0,5497.75,1578,8600389.4,310,LEGACY
2018-01-02,AJANTPHARM,Ajanta Pharma,EQ,INE031B01049,1501.8,1505.5,1466.05,1472.5,1478.55,1493.75,191270,282708996.75,9623,LEGACY
2018-01-02,ALKEM,Alkem Laboratories,EQ,INE540L01014,2220.3,2225.0,2181.0,2200.1,2198.0,2225.95,11674,25754579.75,2811,LEGACY
2018-01-02,APLLTD,Alembic Pharmaceuticals,EQ,INE901L01018,531.2,531.65,522.0,526.45,528.5,531.2,9263,4882812.1,547,LEGACY
2018-01-02,AUROPHARMA,Aurobindo Pharma,EQ,INE406A01037,685.35,688.3,668.65,671.4,672.5,683.95,1856956,1254946994.1,63505,LEGACY
2018-01-02,BIOCON,Biocon,EQ,INE376G01013,540.4,547.3,534.45,541.7,540.1,538.0,1485518,802859271.8,18370,LEGACY
2018-01-02,CADILAHC,Cadila Healthcare,EQ,INE010B01027,434.0,436.0,427.0,428.3,428.8,432.55,348082,149789274.0,6437,LEGACY
2018-01-02,CIPLA,Cipla,EQ,INE059A01026,614.2,619.0,605.5,607.8,610.0,611.5,1038258,635863120.15,18286,LEGACY
2018-01-02,DIVISLAB,Divi's Laboratories,EQ,INE361B01024,1100.0,1109.45,1073.45,1080.9,1079.0,1099.05,413942,448936311.0,10725,LEGACY
2018-01-02,DRREDDY,Dr. Reddy's Laboratories,EQ,INE089A01023,2427.0,2439.0,2395.6,2409.2,2405.0,2404.15,251537,607883952.0,15019,LEGACY
2018-01-02,GLAXO,GlaxoSmithKline Pharmaceuticals,EQ,INE159A01016,2470.0,2498.0,2442.0,2466.0,2498.0,2463.0,13299,32733434.05,1505,LEGACY
2018-01-02,GLENMARK,Glenmark Pharmaceuticals,EQ,INE935A01035,593.1,602.6,588.5,592.8,591.8,596.1,570711,339371179.45,12158,LEGACY
2018-01-02,GRANULES,Granules India,EQ,INE101D01020,137.5,138.2,133.0,134.15,134.1,137.45,1971621,265077508.65,8168,LEGACY
2018-01-02,IPCALAB,IPCA Laboratories,EQ,INE571A01020,600.0,600.0,585.0,587.55,586.0,599.8,122806,72502907.9,8945,LEGACY
2018-01-02,JBCHEPHARM,JB Chemicals & Pharmaceuticals,EQ,INE572A01028,339.9,339.9,327.05,328.75,328.05,336.85,67352,22350503.55,1740,LEGACY
2018-01-02,LAURUSLABS,Laurus Labs,EQ,INE947Q01010,544.4,544.4,535.0,535.95,535.2,539.6,90514,48622102.0,1585,LEGACY
2018-01-02,LUPIN,Lupin,EQ,INE326A01037,887.9,888.0,871.25,875.15,875.0,883.25,1199522,1052887753.9,50007,LEGACY
2018-01-02,NATCOPHARM,Natco Pharma,EQ,INE987B01026,989.95,992.9,962.0,966.95,965.15,986.3,189278,184114867.7,9746,LEGACY
2018-01-02,PEL,Piramal Enterprises,EQ,INE140A01024,2860.0,2879.95,2820.5,2848.45,2840.1,2844.5,121204,345244945.05,8623,LEGACY
2018-01-02,PFIZER,Pfizer,EQ,INE182A01018,2045.0,2060.0,2027.6,2049.5,2060.0,2046.65,12333,25252498.45,1196,LEGACY
2018-01-02,SANOFI,Sanofi India,EQ,INE058A01010,4749.9,4749.9,4666.0,4676.15,4689.0,4699.2,1922,9005702.5,595,LEGACY
2018-01-02,STAR,Strides Pharma Science,EQ,INE939A01011,823.9,826.95,810.0,816.8,817.5,821.3,187290,152941880.85,6921,LEGACY
2018-01-02,SUNPHARMA,Sun Pharmaceutical Industries,EQ,INE044A01036,577.0,582.0,567.2,572.15,574.0,574.05,3839130,2201239576.4,45481,LEGACY
2018-01-02,TORNTPHARM,Torrent Pharmaceuticals,EQ,INE685A01028,1384.0,1412.75,1375.0,1395.1,1396.95,1390.45,75533,104919360.7,3928,LEGACY
2018-01-02,WOCKPHARMA,Wockhardt,EQ,INE049B01025,931.8,936.3,897.0,903.3,901.1,924.6,1623865,1478370771.95,35265,LEGACY
2018-01-03,ABBOTINDIA,Abbott India,EQ,INE358A01014,5497.95,5497.95,5425.0,5436.25,5425.0,5443.55,694,3787996.45,167,LEGACY
2018-01-03,AJANTPHARM,Ajanta Pharma,EQ,INE031B01049,1478.75,1481.95,1453.45,1461.95,1464.0,1472.5,163928,240983328.65,9447,LEGACY
2018-01-03,ALKEM,Alkem Laboratories,EQ,INE540L01014,2210.0,2224.1,2187.1,2213.05,2199.0,2200.1,17756,39133447.9,2718,LEGACY
2018-01-03,APLLTD,Alembic Pharmaceuticals,EQ,INE901L01018,529.0,533.95,521.75,524.05,522.55,526.45,14042,7390423.35,663,LEGACY
2018-01-03,AUROPHARMA,Aurobindo Pharma,EQ,INE406A01037,671.0,674.3,663.8,665.55,666.7,671.4,1716552,1146234325.2,71643,LEGACY
2018-01-03,BIOCON,Biocon,EQ,INE376G01013,541.0,546.0,538.8,541.85,541.9,541.7,1038802,562467471.75,13841,LEGACY
2018-01-03,CADILAHC,Cadila Healthcare,EQ,INE010B01027,429.95,431.45,426.4,428.5,428.5,428.3,472672,202793719.7,13835,LEGACY
2018-01-03,CIPLA,Cipla,EQ,INE059A01026,611.0,613.9,604.55,606.8,605.0,607.8,771828,470411398.15,15587,LEGACY
2018-01-03,DIVISLAB,Divi's Laboratories,EQ,INE361B01024,1080.5,1115.95,1080.1,1099.4,1097.0,1080.9,768114,846456923.2,23559,LEGACY
2018-01-03,DRREDDY,Dr. Reddy's Laboratories,EQ,INE089A01023,2386.5,2386.5,2292.1,2339.0,2340.55,2409.2,886002,2074006998.0,42505,LEGACY
2018-01-03,GLAXO,GlaxoSmithKline Pharmaceuticals,EQ,INE159A01016,2475.0,2498.0,2442.5,2459.3,2489.0,2466.0,16057,39636933.45,1328,LEGACY
2018-01-03,GLENMARK,Glenmark Pharmaceuticals,EQ,INE935A01035,592.1,595.0,588.1,591.85,590.85,592.8,349314,206520722.8,21353,LEGACY
2018-01-03,GRANULES,Granules India,EQ,INE101D01020,135.0,135.85,133.1,134.95,135.0,134.15,1318176,177802446.05,7399,LEGACY
2018-01-03,IPCALAB,IPCA Laboratories,EQ,INE571A01020,584.35,597.95,576.95,584.7,580.0,587.55,421258,246752471.55,3026,LEGACY
2018-01-03,JBCHEPHARM,JB Chemicals & Pharmaceuticals,EQ,INE572A01028,326.1,332.0,322.4,329.75,330.95,328.75,44354,14598960.4,1693,LEGACY
2018-01-03,LAURUSLABS,Laurus Labs,EQ,INE947Q01010,540.0,540.0,535.0,536.85,537.0,535.95,69607,37357417.75,1250,LEGACY
2018-01-03,LUPIN,Lupin,EQ,INE326A01037,878.7,884.85,872.85,878.95,878.7,875.15,3960088,3483741954.8,55567,LEGACY
2018-01-03,NATCOPHARM,Natco Pharma,EQ,INE987B01026,971.9,985.95,966.05,974.15,975.0,966.95,130867,127541699.15,4429,LEGACY
2018-01-03,PEL,Piramal Enterprises,D1,INE140A08SX5,116000.0,116000.0,116000.0,116000.0,116000.0,119000.0,12,1392000.0,2,LEGACY
2018-01-03,PEL,Piramal Enterprises,EQ,INE140A01024,2866.0,2869.0,2845.0,2850.05,2854.0,2848.45,75514,215377023.2,6652,LEGACY
2018-01-03,PFIZER,Pfizer,EQ,INE182A01018,2055.0,2055.0,2010.0,2017.15,2020.0,2049.5,45745,92845064.0,2101,LEGACY
2018-01-03,SANOFI,Sanofi India,EQ,INE058A01010,4710.0,4710.0,4640.0,4661.85,4679.0,4676.15,1748,8151763.75,861,LEGACY
2018-01-03,STAR,Strides Pharma Science,EQ,INE939A01011,815.95,822.8,811.2,818.5,819.45,816.8,283354,231731257.75,12561,LEGACY
2018-01-03,SUNPHARMA,Sun Pharmaceutical Industries,EQ,INE044A01036,575.0,578.95,567.0,569.05,569.5,572.15,2182632,1250089119.6,37531,LEGACY
2018-01-03,TORNTPHARM,Torrent Pharmaceuticals,EQ,INE685A01028,1394.9,1407.9,1360.55,1378.55,1375.05,1395.1,120264,166383375.55,8495,LEGACY
2018-01-03,WOCKPHARMA,Wockhardt,EQ,INE049B01025,908.7,940.0,903.5,933.75,935.0,903.3,1755488,1621551745.65,36078,LEGACY
2018-01-04,ABBOTINDIA,Abbott India,EQ,INE358A01014,5489.0,5489.0,5420.0,5430.85,5440.0,5436.25,887,4827779.4,216,LEGACY
2018-01-04,AJANTPHARM,Ajanta Pharma,EQ,INE031B01049,1463.7,1488.45,1454.05,1483.35,1471.05,1461.95,190914,280933661.35,9995,LEGACY
2018-01-04,ALKEM,Alkem Laboratories,EQ,INE540L01014,2215.0,2221.65,2190.0,2217.05,2206.0,2213.05,189021,415937136.85,2453,LEGACY
2018-01-04,APLLTD,Alembic Pharmaceuticals,EQ,INE901L01018,528.0,532.0,521.85,524.95,524.0,524.05,97894,51325773.85,1561,LEGACY
2018-01-04,AUROPHARMA,Aurobindo Pharma,EQ,INE406A01037,667.0,670.5,661.6,668.3,669.0,665.55,1785334,1189257592.2,36723,LEGACY
2018-01-04,BIOCON,Biocon,EQ,INE376G01013,542.5,545.5,538.85,541.65,541.5,541.85,863927,467847787.4,11197,LEGACY
2018-01-04,CADILAHC,Cadila Healthcare,EQ,INE010B01027,429.1,433.0,428.6,431.5,431.55,428.5,523367,225724891.85,7625,LEGACY
2018-01-04,CIPLA,Cipla,EQ,INE059A01026,609.45,618.4,603.45,616.75,615.5,606.8,990602,603402889.75,17080,LEGACY
2018-01-04,DIVISLAB,Divi's Laboratories,EQ,INE361B01024,1106.9,1112.25,1092.0,1106.55,1108.65,1099.4,450896,497245028.25,23767,LEGACY
2018-01-04,DRREDDY,Dr. Reddy's Laboratories,EQ,INE089A01023,2343.0,2420.0,2343.0,2410.8,2414.8,2339.0,558617,1333484925.65,23669,LEGACY
2018-01-04,GLAXO,GlaxoSmithKline Pharmaceuticals,EQ,INE159A01016,2451.0,2488.0,2451.0,2477.55,2474.0,2459.3,9471,23411330.45,1159,LEGACY
2018-01-04,GLENMARK,Glenmark Pharmaceuticals,EQ,INE935A01035,592.0,593.55,583.05,589.4,589.0,591.85,557391,327924647.05,26305,LEGACY
2018-01-04,GRANULES,Granules India,EQ,INE101D01020,135.0,135.9,132.8,135.15,135.2,134.95,1212662,162697978.5,6680,LEGACY
2018-01-04,IPCALAB,IPCA Laboratories,EQ,INE571A01020,584.7,587.0,571.5,580.15,580.0,584.7,160668,92837847.8,4036,LEGACY
2018-01-04,JBCHEPHARM,JB Chemicals & Pharmaceuticals,EQ,INE572A01028,330.0,333.0,327.1,331.75,332.0,329.75,87231,28843420.5,1932,LEGACY
2018-01-04,LAURUSLABS,Laurus Labs,EQ,INE947Q01010,538.0,545.0,535.0,544.15,544.0,536.85,105207,56901318.1,2289,LEGACY
2018-01-04,LUPIN,Lupin,EQ,INE326A01037,880.25,882.7,870.05,878.15,878.7,878.95,1924978,1687444189.75,45242,LEGACY
2018-01-04,NATCOPHARM,Natco Pharma,EQ,INE987B01026,980.0,985.0,970.0,975.7,979.0,974.15,280518,274237377.35,12951,LEGACY
2018-01-04,PEL,Piramal Enterprises,EQ,INE140A01024,2815.0,2847.05,2796.0,2819.3,2820.0,2850.05,167634,472825936.5,17885,LEGACY
2018-01-04,PFIZER,Pfizer,EQ,INE182A01018,2086.0,2086.0,2020.0,2040.75,2030.0,2017.15,22267,45385273.9,1582,LEGACY
2018-01-04,SANOFI,Sanofi India,EQ,INE058A01010,4801.7,4801.7,4652.1,4671.55,4670.0,4661.85,1693,7917669.3,520,LEGACY
2018-01-04,STAR,Strides Pharma Science,EQ,INE939A01011,818.5,828.4,818.05,822.05,822.0,818.5,204521,168435833.8,5861,LEGACY
2018-01-04,SUNPHARMA,Sun Pharmaceutical Industries,EQ,INE044A01036,572.0,583.95,560.1,581.2,583.7,569.05,6246746,3571356386.1,82943,LEGACY
2018-01-04,TORNTPHARM,Torrent Pharmaceuticals,EQ,INE685A01028,1387.0,1398.75,1371.45,1393.9,1397.05,1378.55,62641,86878232.25,4012,LEGACY
2018-01-04,WOCKPHARMA,Wockhardt,EQ,INE049B01025,940.0,941.65,921.5,926.7,926.0,933.75,1271804,1180580891.8,17977,LEGACY
2018-01-08,ABBOTINDIA,Abbott India,EQ,INE358A01014,5400.0,5400.0,5334.05,5340.55,5335.0,5383.15,6513,34913055.5,605,LEGACY
2018-01-08,AJANTPHARM,Ajanta Pharma,EQ,INE031B01049,1534.8,1537.9,1505.0,1512.35,1511.95,1523.15,120700,184024622.8,5886,LEGACY
2018-01-08,ALKEM,Alkem Laboratories,EQ,INE540L01014,2250.0,2253.0,2199.0,2218.0,2217.95,2220.3,36617,80939686.95,1997,LEGACY
2018-01-08,APLLTD,Alembic Pharmaceuticals,EQ,INE901L01018,527.95,541.75,523.1,539.55,540.75,526.85,71856,38299019.95,1996,LEGACY
2018-01-08,AUROPHARMA,Aurobindo Pharma,EQ,INE406A01037,670.0,684.0,670.0,677.35,676.2,671.15,2104715,1427921343.4,42352,LEGACY
2018-01-08,BIOCON,Biocon,EQ,INE376G01013,544.2,564.0,542.25,555.35,554.55,540.95,2156482,1200516720.3,31919,LEGACY
2018-01-08,CADILAHC,Cadila Healthcare,EQ,INE010B01027,444.0,456.75,440.25,452.0,451.85,440.2,1665935,752288341.6,34868,LEGACY
2018-01-08,CIPLA,Cipla,EQ,INE059A01026,618.5,627.5,612.2,615.05,614.15,615.15,1061612,656855962.35,29645,LEGACY
2018-01-08,DIVISLAB,Divi's Laboratories,EQ,INE361B01024,1107.65,1135.4,1107.65,1116.2,1112.65,1107.65,468360,526137015.0,22829,LEGACY
2018-01-08,DRREDDY,Dr. Reddy's Laboratories,EQ,INE089A01023,2470.0,2512.0,2470.0,2476.6,2479.0,2473.4,585871,1459801666.15,33251,LEGACY
2018-01-08,GLAXO,GlaxoSmithKline Pharmaceuticals,EQ,INE159A01016,2488.2,2533.95,2474.1,2509.55,2513.25,2488.2,14079,35313478.95,1630,LEGACY
2018-01-08,GLENMARK,Glenmark Pharmaceuticals,EQ,INE935A01035,594.9,612.0,592.5,600.4,600.85,591.6,2203458,1330764063.35,55018,LEGACY
2018-01-08,GRANULES,Granules India,EQ,INE101D01020,138.05,142.45,138.05,140.05,139.9,139.45,2112691,297205543.05,12536,LEGACY
2018-01-08,IPCALAB,IPCA Laboratories,EQ,INE571A01020,581.0,601.3,581.0,586.35,585.0,583.55,122742,72724167.5,5146,LEGACY
2018-01-08,JBCHEPHARM,JB Chemicals & Pharmaceuticals,EQ,INE572A01028,326.55,334.75,325.8,332.2,332.0,329.1,44291,14716788.7,1500,LEGACY
2018-01-08,LAURUSLABS,Laurus Labs,EQ,INE947Q01010,556.4,565.0,555.3,561.0,561.0,551.45,129540,72724411.8,3510,LEGACY
2018-01-08,LUPIN,Lupin,EQ,INE326A01037,906.4,927.0,905.0,923.3,922.5,900.15,3798830,3498511536.8,73889,LEGACY
2018-01-08,NATCOPHARM,Natco Pharma,EQ,INE987B01026,998.8,1025.0,998.0,1005.0,1005.05,998.8,410121,414945427.95,20820,LEGACY
2018-01-08,PEL,Piramal Enterprises,EQ,INE140A01024,2850.0,2925.0,2847.1,2909.55,2913.0,2853.5,211623,612352714.9,18825,LEGACY
2018-01-08,PFIZER,Pfizer,EQ,INE182A01018,2050.0,2059.2,2025.0,2045.9,2050.0,2049.5,17320,35295434.65,2048,LEGACY
2018-01-08,SANOFI,Sanofi India,EQ,INE058A01010,4630.0,4798.0,4630.0,4695.8,4680.0,4648.35,68671,319747990.35,1662,LEGACY
2018-01-08,STAR,Strides Pharma Science,EQ,INE939A01011,821.7,835.5,817.5,828.1,827.8,819.35,286870,237841377.6,11870,LEGACY
2018-01-08,SUNPHARMA,Sun Pharmaceutical Industries,EQ,INE044A01036,588.0,604.6,586.15,591.6,591.5,578.75,10475190,6255354562.4,132423,LEGACY
2018-01-08,TORNTPHARM,Torrent Pharmaceuticals,EQ,INE685A01028,1412.0,1442.55,1412.0,1433.85,1430.0,1420.75,209934,300516047.85,13599,LEGACY
2018-01-08,WOCKPHARMA,Wockhardt,EQ,INE049B01025,930.0,1012.0,930.0,992.85,989.7,937.0,5392335,5375530020.5,87912,LEGACY
2018-01-09,ABBOTINDIA,Abbott India,EQ,INE358A01014,5340.0,5352.7,5285.0,5296.8,5290.0,5340.55,2497,13267866.45,455,LEGACY
2018-01-09,AJANTPHARM,Ajanta Pharma,EQ,INE031B01049,1518.8,1527.35,1493.35,1508.85,1510.0,1512.35,123060,186042887.35,7158,LEGACY
2018-01-09,ALKEM,Alkem Laboratories,EQ,INE540L01014,2210.0,2229.0,2204.5,2222.1,2215.0,2218.0,8799,19520230.0,1338,LEGACY
2018-01-09,APLLTD,Alembic Pharmaceuticals,EQ,INE901L01018,540.15,563.0,532.0,559.85,560.25,539.55,120598,66710503.6,4391,LEGACY
2018-01-09,AUROPHARMA,Aurobindo Pharma,EQ,INE406A01037,677.9,680.4,668.2,673.15,673.5,677.35,1377494,928762402.95,28455,LEGACY
2018-01-09,BIOCON,Biocon,EQ,INE376G01013,553.55,558.25,543.75,545.5,545.3,555.35,716294,392971181.15,11185,LEGACY
2018-01-09,CADILAHC,Cadila Healthcare,EQ,INE010B01027,454.0,454.0,443.05,444.25,444.0,452.0,376650,168033608.7,10006,LEGACY
2018-01-09,CIPLA,Cipla,EQ,INE059A01026,617.0,618.65,610.65,615.6,614.3,615.05,846158,520839834.05,26011,LEGACY
2018-01-09,DIVISLAB,Divi's Laboratories,EQ,INE361B01024,1116.2,1127.9,1083.6,1089.3,1088.55,1116.2,639168,700973292.2,27172,LEGACY
2018-01-09,DRREDDY,Dr. Reddy's Laboratories,EQ,INE089A01023,2474.5,2475.75,2450.0,2457.8,2455.0,2476.6,243824,600285672.75,14709,LEGACY
2018-01-09,GLAXO,GlaxoSmithKline Pharmaceuticals,EQ,INE159A01016,2497.0,2507.6,2461.0,2487.55,2497.7,2509.55,16572,41165610.95,1313,LEGACY
2018-01-09,GLENMARK,Glenmark Pharmaceuticals,EQ,INE935A01035,601.0,607.35,599.75,600.65,600.7,600.4,738487,445144782.65,24670,LEGACY
2018-01-09,GRANULES,Granules India,EQ,INE101D01020,140.55,140.55,138.0,139.4,139.25,140.05,1271740,177088996.1,6492,LEGACY
2018-01-09,IPCALAB,IPCA Laboratories,EQ,INE571A01020,586.5,593.0,576.2,579.5,580.0,586.35,73479,42905063.7,2780,LEGACY
2018-01-09,JBCHEPHARM,JB Chemicals & Pharmaceuticals,EQ,INE572A01028,334.9,337.6,329.0,335.45,337.0,332.2,70792,23579309.05,2257,LEGACY
2018-01-09,LAURUSLABS,Laurus Labs,EQ,INE947Q01010,564.0,564.0,550.0,553.5,552.1,561.0,48690,27048596.9,1336,LEGACY
2018-01-09,LUPIN,Lupin,EQ,INE326A01037,924.45,932.5,915.15,923.25,922.0,923.3,1729594,1599933395.45,32944,LEGACY
2018-01-09,NATCOPHARM,Natco Pharma,EQ,INE987B01026,1011.95,1014.75,977.7,984.85,984.0,1005.0,288288,285281015.2,12082,LEGACY
2018-01-09,PEL,Piramal Enterprises,EQ,INE140A01024,2900.0,2917.9,2866.6,2892.95,2883.3,2909.55,170945,493775775.0,15091,LEGACY
2018-01-09,PFIZER,Pfizer,EQ,INE182A01018,2030.95,2049.0,2014.3,2027.8,2049.0,2045.9,15027,30459258.2,1325,LEGACY
2018-01-09,SANOFI,Sanofi India,EQ,INE058A01010,4800.0,4839.9,4620.05,4801.8,4780.0,4695.8,11322,54007570.05,2236,LEGACY
2018-01-09,STAR,Strides Pharma Science,EQ,INE939A01011,827.8,838.1,824.0,828.0,829.95,828.1,260681,216853471.65,7486,LEGACY
2018-01-09,SUNPHARMA,Sun Pharmaceutical Industries,EQ,INE044A01036,597.0,598.0,584.35,586.5,587.2,591.6,4025566,2378721788.55,62456,LEGACY
2018-01-09,TORNTPHARM,Torrent Pharmaceuticals,EQ,INE685A01028,1435.05,1438.0,1401.5,1410.0,1409.75,1433.85,28202,39926636.45,2322,LEGACY
2018-01-09,WOCKPHARMA,Wockhardt,EQ,INE049B01025,988.1,988.1,956.0,960.95,960.9,992.85,1930695,1865579977.15,31689,LEGACY
2018-01-10,ABBOTINDIA,Abbott India,EQ,INE358A01014,5325.0,5334.0,5247.8,5263.35,5247.8,5296.8,3585,18946175.35,1017,LEGACY
2018-01-10,AJANTPHARM,Ajanta Pharma,EQ,INE031B01049,1515.0,1523.6,1490.0,1493.65,1490.0,1508.85,128954,193561714.05,7928,LEGACY
2018-01-10,ALKEM,Alkem Laboratories,EQ,INE540L01014,2215.0,2469.0,2208.0,2323.6,2296.0,2222.1,253512,588516628.9,12389,LEGACY
2018-01-10,APLLTD,Alembic Pharmaceuticals,EQ,INE901L01018,563.95,578.85,560.55,567.1,573.9,559.85,106606,61005791.25,4025,LEGACY
2018-01-10,AUROPHARMA,Aurobindo Pharma,EQ,INE406A01037,673.4,679.15,669.7,672.7,672.5,673.15,1014264,683210175.4,22388,LEGACY
2018-01-10,BIOCON,Biocon,EQ,INE376G01013,545.0,549.6,532.3,541.85,544.0,545.5,869408,470563619.05,13503,LEGACY
2018-01-10,CADILAHC,Cadila Healthcare,EQ,INE010B01027,444.3,452.3,439.35,443.7,441.9,444.25,919324,409059526.85,16515,LEGACY
2018-01-10,CIPLA,Cipla,EQ,INE059A01026,616.0,624.15,612.85,619.75,617.05,615.6,1207313,747600809.05,20215,LEGACY
2018-01-10,DIVISLAB,Divi's Laboratories,EQ,INE361B01024,1085.0,1115.0,1074.65,1079.3,1076.8,1089.3,807750,880365677.1,36321,LEGACY
2018-01-10,DRREDDY,Dr. Reddy's Laboratories,EQ,INE089A01023,2459.95,2472.0,2420.0,2425.8,2427.1,2457.8,344328,839104989.1,20822,LEGACY
2018-01-10,GLAXO,GlaxoSmithKline Pharmaceuticals,EQ,INE159A01016,2475.1,2485.55,2458.5,2470.05,2480.0,2487.55,17843,44102123.75,1531,LEGACY
2018-01-10,GLENMARK,Glenmark Pharmaceuticals,EQ,INE935A01035,602.05,624.0,602.05,617.25,616.4,600.65,4259613,2632634642.4,63587,LEGACY
2018-01-10,GRANULES,Granules India,EQ,INE101D01020,139.9,141.5,138.1,140.5,140.7,139.4,2204921,308496619.55,9680,LEGACY
2018-01-10,IPCALAB,IPCA Laboratories,EQ,INE571A01020,580.0,589.0,574.5,579.6,580.0,579.5,56010,32482678.9,1982,LEGACY
2018-01-10,JBCHEPHARM,JB Chemicals & Pharmaceuticals,EQ,INE572A01028,332.0,339.7,332.0,335.45,337.0,335.45,45075,15122734.1,1232,LEGACY
2018-01-10,LAURUSLABS,Laurus Labs,EQ,INE947Q01010,553.0,556.75,540.0,543.2,544.0,553.5,70076,38259227.0,1830,LEGACY
2018-01-10,LUPIN,Lupin,EQ,INE326A01037,923.25,933.0,915.05,925.8,926.8,923.25,1583387,1464186649.35,37551,LEGACY
2018-01-10,NATCOPHARM,Natco Pharma,EQ,INE987B01026,984.0,1015.6,983.95,991.45,993.0,984.85,334226,334625270.4,10937,LEGACY
2018-01-10,PEL,Piramal Enterprises,EQ,INE140A01024,2892.0,2900.0,2838.0,2857.35,2850.5,2892.95,101747,291525295.3,13737,LEGACY
2018-01-10,PFIZER,Pfizer,EQ,INE182A01018,2030.0,2050.0,2007.0,2047.3,2050.0,2027.8,30341,61821784.85,2969,LEGACY
2018-01-10,SANOFI,Sanofi India,EQ,INE058A01010,4835.0,4835.0,4675.0,4697.7,4694.0,4801.8,6673,31527634.8,1264,LEGACY
2018-01-10,STAR,Strides Pharma Science,EQ,INE939A01011,830.0,838.65,820.0,823.65,822.1,828.0,397801,329350176.1,10665,LEGACY
2018-01-10,SUNPHARMA,Sun Pharmaceutical Industries,EQ,INE044A01036,590.8,594.0,581.4,585.1,585.05,586.5,2929462,1720305515.85,50648,LEGACY
2018-01-10,TORNTPHARM,Torrent Pharmaceuticals,EQ,INE685A01028,1399.7,1430.7,1395.0,1401.25,1399.2,1410.0,115831,163305349.4,8032,LEGACY
2018-01-10,WOCKPHARMA,Wockhardt,EQ,INE049B01025,961.0,987.7,956.65,963.95,965.0,960.95,1741681,1693916470.5,28585,LEGACY
2018-01-11,ABBOTINDIA,Abbott India,EQ,INE358A01014,5275.0,5493.5,5238.85,5397.4,5400.0,5263.35,26582,140632536.45,1482,LEGACY
2018-01-11,AJANTPHARM,Ajanta Pharma,EQ,INE031B01049,1498.95,1517.9,1493.75,1511.7,1515.0,1493.65,87106,131254241.65,4077,LEGACY
2018-01-11,ALKEM,Alkem Laboratories,EQ,INE540L01014,2290.05,2315.0,2264.0,2287.25,2283.0,2323.6,35720,81927994.75,4500,LEGACY
2018-01-11,APLLTD,Alembic Pharmaceuticals,EQ,INE901L01018,574.0,577.45,561.0,565.45,566.0,567.1,69700,39189322.35,1263,LEGACY
2018-01-11,AUROPHARMA,Aurobindo Pharma,EQ,INE406A01037,670.0,681.3,668.5,674.55,674.9,672.7,1449478,979842606.45,29832,LEGACY
2018-01-11,BIOCON,Biocon,BL,INE376G01013,542.0,542.0,542.0,542.0,542.0,1150.0,200000,108400000.0,1,LEGACY
2018-01-11,BIOCON,Biocon,EQ,INE376G01013,542.8,551.7,538.0,546.25,545.25,541.85,754266,411932882.75,11309,LEGACY
2018-01-11,CADILAHC,Cadila Healthcare,EQ,INE010B01027,443.75,450.0,441.0,444.9,444.0,443.7,622725,277722692.2,13053,LEGACY
2018-01-11,CIPLA,Cipla,EQ,INE059A01026,619.0,619.0,609.1,612.35,612.05,619.75,1092457,668464356.5,27909,LEGACY
2018-01-11,DIVISLAB,Divi's Laboratories,EQ,INE361B01024,1085.0,1107.0,1075.05,1101.55,1106.0,1079.3,459962,503182103.45,16274,LEGACY
2018-01-11,DRREDDY,Dr. Reddy's Laboratories,EQ,INE089A01023,2427.0,2451.0,2418.0,2425.35,2424.8,2425.8,185159,450471546.1,15411,LEGACY
2018-01-11,GLAXO,GlaxoSmithKline Pharmaceuticals,EQ,INE159A01016,2484.75,2530.0,2470.0,2480.3,2475.0,2470.05,13513,33601524.55,1176,LEGACY
2018-01-11,GLENMARK,Glenmark Pharmaceuticals,EQ,INE935A01035,616.0,629.75,614.0,627.0,627.5,617.25,1913396,1194463698.1,44680,LEGACY
2018-01-11,GRANULES,Granules India,EQ,INE101D01020,141.0,147.2,140.75,146.75,147.2,140.5,9563136,1394184234.3,44998,LEGACY
2018-01-11,IPCALAB,IPCA Laboratories,EQ,INE571A01020,577.15,584.95,570.0,572.35,570.0,579.6,59478,34253392.35,2350,LEGACY
2018-01-11,JBCHEPHARM,JB Chemicals & Pharmaceuticals,EQ,INE572A01028,335.0,338.0,331.7,336.1,337.6,335.45,49294,16559631.15,1092,LEGACY
2018-01-11,LAURUSLABS,Laurus Labs,EQ,INE947Q01010,541.0,553.4,541.0,550.25,549.0,543.2,44390,24396048.7,1330,LEGACY
2018-01-11,LUPIN,Lupin,EQ,INE326A01037,929.65,934.95,925.65,929.2,928.7,925.8,915764,851713865.8,26750,LEGACY
2018-01-11,NATCOPHARM,Natco Pharma,EQ,INE987B01026,992.9,1025.0,992.0,1021.95,1022.0,991.45,506342,513488039.1,29195,LEGACY
2018-01-11,PEL,Piramal Enterprises,EQ,INE140A01024,2850.5,2872.2,2840.45,2860.1,2856.85,2857.35,97632,279105428.0,8876,LEGACY
2018-01-11,PFIZER,Pfizer,EQ,INE182A01018,2025.0,2050.0,2005.0,2013.5,2009.0,2047.3,40125,80997783.4,3936,LEGACY
2018-01-11,SANOFI,Sanofi India,EQ,INE058A01010,4699.0,4734.8,4660.0,4681.8,4661.0,4697.7,2930,13728649.3,511,LEGACY
2018-01-11,STAR,Strides Pharma Science,EQ,INE939A01011,823.4,833.9,823.4,827.05,827.5,823.65,147890,122445385.65,6989,LEGACY
2018-01-11,SUNPHARMA,Sun Pharmaceutical Industries,EQ,INE044A01036,585.75,598.5,580.5,587.95,587.45,585.1,5930449,3492244961.55,82696,LEGACY
2018-01-11,TORNTPHARM,Torrent Pharmaceuticals,EQ,INE685A01028,1400.1,1409.0,1379.95,1381.85,1384.05,1401.25,63742,88814198.5,3753,LEGACY
2018-01-11,WOCKPHARMA,Wockhardt,EQ,INE049B01025,968.0,979.0,950.0,955.5,959.0,963.95,1216472,1173182334.2,20808,LEGACY
2018-01-12,ABBOTINDIA,Abbott India,EQ,INE358A01014,5411.0,5543.95,5411.0,5451.15,5457.0,5397.4,5456,29866471.95,1637,LEGACY
2018-01-12,AJANTPHARM,Ajanta Pharma,EQ,INE031B01049,1515.0,1525.15,1484.15,1502.4,1509.25,1511.7,107100,161521444.8,8298,LEGACY
2018-01-12,ALKEM,Alkem Laboratories,EQ,INE540L01014,2275.0,2288.0,2230.6,2258.85,2245.0,2287.25,20768,46951376.55,3384,LEGACY
2018-01-12,APLLTD,Alembic Pharmaceuticals,EQ,INE901L01018,574.0,574.0,551.0,552.9,552.0,565.45,80619,45089505.95,1605,LEGACY
2018-01-12,AUROPHARMA,Aurobindo Pharma,EQ,INE406A01037,675.0,679.0,665.3,667.05,667.9,674.55,1487183,997416053.4,34677,LEGACY
2018-01-12,BIOCON,Biocon,EQ,INE376G01013,547.0,547.45,535.0,540.4,540.75,546.25,852638,460543584.1,15402,LEGACY
2018-01-12,CADILAHC,Cadila Healthcare,EQ,INE010B01027,445.8,450.0,441.6,448.55,449.0,444.9,529949,236579261.45,14275,LEGACY
2018-01-12,CIPLA,Cipla,EQ,INE059A01026,614.0,618.4,603.1,612.1,612.0,612.35,891848,544712636.8,17088,LEGACY
2018-01-12,DIVISLAB,Divi's Laboratories,EQ,INE361B01024,1106.9,1110.0,1083.5,1093.8,1090.0,1101.55,276559,303131027.35,8488,LEGACY
2018-01-12,DRREDDY,Dr. Reddy's Laboratories,EQ,INE089A01023,2433.0,2453.85,2413.65,2447.65,2449.0,2425.35,355780,866619682.15,21392,LEGACY
2018-01-12,GLAXO,GlaxoSmithKline Pharmaceuticals,EQ,INE159A01016,2494.8,2495.05,2459.75,2469.95,2460.0,2480.3,14791,36550567.3,1271,LEGACY
2018-01-12,GLENMARK,Glenmark Pharmaceuticals,EQ,INE935A01035,630.0,631.5,618.45,625.85,625.65,627.0,988132,618195898.2,22933,LEGACY
2018-01-12,GRANULES,Granules India,EQ,INE101D01020,148.65,149.05,141.9,144.1,144.15,146.75,4269501,620640746.75,23039,LEGACY
2018-01-12,IPCALAB,IPCA Laboratories,EQ,INE571A01020,574.95,577.6,557.1,560.95,557.7,572.35,58414,33029717.75,3128,LEGACY
2018-01-12,JBCHEPHARM,JB Chemicals & Pharmaceuticals,EQ,INE572A01028,337.55,339.5,331.1,336.0,334.5,336.1,77161,25964327.8,1625,LEGACY
2018-01-12,LAURUSLABS,Laurus Labs,EQ,INE947Q01010,552.25,553.0,542.1,546.15,544.0,550.25,44552,24438414.45,1896,LEGACY
2018-01-12,LUPIN,Lupin,EQ,INE326A01037,931.0,937.0,908.25,919.1,916.4,929.2,1291426,1192174610.1,31877,LEGACY
2018-01-12,NATCOPHARM,Natco Pharma,EQ,INE987B01026,1025.0,1046.95,1025.0,1034.3,1030.0,1021.95,588451,610816610.0,30396,LEGACY
2018-01-12,PEL,Piramal Enterprises,EQ,INE140A01024,2850.0,2885.1,2822.25,2860.7,2860.7,2860.1,179509,512662277.0,16407,LEGACY
2018-01-12,PFIZER,Pfizer,EQ,INE182A01018,2015.0,2033.8,2001.0,2020.25,2017.0,2013.5,15011,30282263.0,1926,LEGACY
2018-01-12,SANOFI,Sanofi India,EQ,INE058A01010,4683.05,4743.95,4650.0,4695.85,4718.9,4681.8,1725,8094751.7,403,LEGACY
2018-01-12,STAR,Strides Pharma Science,EQ,INE939A01011,829.0,831.0,816.15,823.45,823.85,827.05,237278,196158592.0,4828,LEGACY
2018-01-12,SUNPHARMA,Sun Pharmaceutical Industries,EQ,INE044A01036,590.0,591.45,579.6,583.45,582.4,587.95,2842683,1661333845.8,50936,LEGACY
2018-01-12,TORNTPHARM,Torrent Pharmaceuticals,EQ,INE685A01028,1394.0,1404.3,1375.0,1380.55,1380.0,1381.85,141745,197019928.45,10470,LEGACY
2018-01-12,WOCKPHARMA,Wockhardt,EQ,INE049B01025,963.9,970.9,940.0,949.05,951.0,955.5,1095188,1047197742.9,20514,LEGACY
2018-01-15,ABBOTINDIA,Abbott India,EQ,INE358A01014,5451.2,5521.95,5335.65,5382.95,5370.0,5451.15,2493,13562930.5,842,LEGACY
2018-01-15,AJANTPHARM,Ajanta Pharma,EQ,INE031B01049,1500.25,1517.95,1495.0,1501.7,1502.4,1502.4,68165,102687787.1,2942,LEGACY
2018-01-15,ALKEM,Alkem Laboratories,EQ,INE540L01014,2269.0,2319.0,2235.1,2299.85,2281.0,2258.85,20876,47685246.9,2985,LEGACY
2018-01-15,APLLTD,Alembic Pharmaceuticals,EQ,INE901L01018,555.0,555.0,541.95,545.6,543.0,552.9,16164,8834353.5,1056,LEGACY
2018-01-15,AUROPHARMA,Aurobindo Pharma,EQ,INE406A01037,668.25,671.6,655.6,658.0,660.0,667.05,1447629,960652162.2,37903,LEGACY
2018-01-15,BIOCON,Biocon,EQ,INE376G01013,540.95,546.4,534.0,539.0,538.1,540.4,735977,397128992.9,8998,LEGACY
2018-01-15,CADILAHC,Cadila Healthcare,EQ,INE010B01027,450.25,451.3,439.4,440.2,441.0,448.55,499752,221471291.6,6252,LEGACY
2018-01-15,CIPLA,Cipla,EQ,INE059A01026,612.5,615.5,608.2,610.25,611.3,612.1,470386,287731067.35,14983,LEGACY
2018-01-15,DIVISLAB,Divi's Laboratories,EQ,INE361B01024,1093.8,1093.8,1020.0,1078.35,1082.0,1093.8,279071,300819398.0,11162,LEGACY
2018-01-15,DRREDDY,Dr. Reddy's Laboratories,EQ,INE089A01023,2447.0,2461.25,2425.05,2431.75,2435.0,2447.65,156821,383152622.55,11089,LEGACY
2018-01-15,GLAXO,GlaxoSmithKline Pharmaceuticals,EQ,INE159A01016,2469.95,2490.4,2465.0,2475.05,2474.0,2469.95,14803,36643040.65,1149,LEGACY
2018-01-15,GLENMARK,Glenmark Pharmaceuticals,EQ,INE935A01035,628.8,631.5,621.6,624.4,622.5,625.85,543699,341359864.75,14847,LEGACY
2018-01-15,GRANULES,Granules India,EQ,INE101D01020,150.0,150.0,144.5,144.9,145.2,144.1,3762722,550287120.45,26802,LEGACY
2018-01-15,IPCALAB,IPCA Laboratories,EQ,INE571A01020,564.9,575.0,562.3,568.9,569.0,560.95,58949,33509393.0,2028,LEGACY
2018-01-15,JBCHEPHARM,JB Chemicals & Pharmaceuticals,EQ,INE572A01028,334.0,339.45,329.3,332.15,330.45,336.0,41691,13970720.05,1259,LEGACY
2018-01-15,LAURUSLABS,Laurus Labs,EQ,INE947Q01010,549.0,551.4,542.1,544.9,544.2,546.15,72706,39737487.8,1824,LEGACY
2018-01-15,LUPIN,Lupin,EQ,INE326A01037,919.9,924.7,914.0,916.55,914.95,919.1,614597,564971982.15,22090,LEGACY
2018-01-15,NATCOPHARM,Natco Pharma,EQ,INE987B01026,1042.05,1045.0,1028.0,1035.7,1031.55,1034.3,218856,227405113.85,5255,LEGACY
2018-01-15,PEL,Piramal Enterprises,EQ,INE140A01024,2860.7,2876.25,2832.5,2844.0,2844.0,2860.7,98703,281606278.8,5643,LEGACY
2018-01-15,PFIZER,Pfizer,EQ,INE182A01018,2014.5,2045.0,2007.65,2032.25,2029.95,2020.25,36542,74097262.45,2444,LEGACY
2018-01-15,SANOFI,Sanofi India,EQ,INE058A01010,4740.0,4740.0,4675.0,4713.3,4715.0,4695.85,21828,102389850.15,1010,LEGACY
2018-01-15,STAR,Strides Pharma Science,EQ,INE939A01011,827.95,829.75,812.9,815.4,815.45,823.45,146302,120196881.5,3351,LEGACY
2018-01-15,SUNPHARMA,Sun Pharmaceutical Industries,EQ,INE044A01036,586.8,586.8,574.5,576.45,574.55,583.45,4456611,2582032170.7,59955,LEGACY
2018-01-15,TORNTPHARM,Torrent Pharmaceuticals,EQ,INE685A01028,1385.0,1422.95,1385.0,1416.3,1405.9,1380.55,108509,153038714.95,7157,LEGACY
2018-01-15,WOCKPHARMA,Wockhardt,EQ,INE049B01025,957.6,957.6,933.5,938.85,939.0,949.05,907549,856549245.95,15558,LEGACY
2018-01-16,ABBOTINDIA,Abbott India,EQ,INE358A01014,5383.1,5439.4,5370.0,5400.05,5414.0,5382.95,18851,101805551.85,552,LEGACY
2018-01-16,AJANTPHARM,Ajanta Pharma,EQ,INE031B01049,1509.6,1549.0,1501.0,1521.5,1522.0,1501.7,506902,776687174.35,19867,LEGACY
2018-01-16,ALKEM,Alkem Laboratories,EQ,INE540L01014,2292.0,2305.0,2248.3,2276.5,2270.0,2299.85,19693,44746156.35,3352,LEGACY
2018-01-16,APLLTD,Alembic Pharmaceuticals,EQ,INE901L01018,542.0,575.0,536.5,539.3,538.95,545.6,73574,40990854.1,5055,LEGACY
2018-01-16,AUROPHARMA,Aurobindo Pharma,EQ,INE406A01037,658.6,662.0,638.6,641.1,642.6,658.0,2167758,1408217202.55,50075,LEGACY
2018-01-16,BIOCON,Biocon,EQ,INE376G01013,539.9,543.65,529.05,534.8,534.7,539.0,854040,457226087.6,11479,LEGACY
2018-01-16,CADILAHC,Cadila Healthcare,EQ,INE010B01027,442.85,443.0,435.0,436.1,436.0,440.2,347544,152346761.35,10266,LEGACY
2018-01-16,CIPLA,Cipla,EQ,INE059A01026,610.15,613.5,599.0,601.4,600.6,610.25,1088762,658194427.0,25526,LEGACY
2018-01-16,DIVISLAB,Divi's Laboratories,EQ,INE361B01024,1079.0,1102.8,1075.0,1092.75,1091.0,1078.35,804279,876833555.95,27355,LEGACY
2018-01-16,DRREDDY,Dr. Reddy's Laboratories,EQ,INE089A01023,2436.0,2484.0,2431.75,2468.7,2468.05,2431.75,372133,917672478.85,25621,LEGACY
2018-01-16,GLAXO,GlaxoSmithKline Pharmaceuticals,EQ,INE159A01016,2474.85,2485.0,2455.05,2469.75,2476.0,2475.05,15130,37367090.4,1095,LEGACY
2018-01-16,GLENMARK,Glenmark Pharmaceuticals,EQ,INE935A01035,626.0,633.8,623.15,625.85,624.0,624.4,1200060,753526216.7,29531,LEGACY
2018-01-16,GRANULES,Granules India,EQ,INE101D01020,145.2,145.9,138.85,139.6,139.8,144.9,2110281,298949437.3,14874,LEGACY
2018-01-16,IPCALAB,IPCA Laboratories,EQ,INE571A01020,571.5,585.0,567.0,574.15,573.05,568.9,143947,82900925.8,6338,LEGACY
2018-01-16,JBCHEPHARM,JB Chemicals & Pharmaceuticals,EQ,INE572A01028,332.0,335.35,316.25,318.35,318.0,332.15,65113,21026797.3,1887,LEGACY
2018-01-16,LAURUSLABS,Laurus Labs,EQ,INE947Q01010,545.0,550.0,530.3,533.1,532.7,544.9,79794,42966489.9,2775,LEGACY
2018-01-16,LUPIN,Lupin,EQ,INE326A01037,920.0,924.1,905.0,906.75,908.0,916.55,963028,879782061.2,30849,LEGACY
2018-01-16,NATCOPHARM,Natco Pharma,EQ,INE987B01026,1042.7,1042.7,1009.0,1024.6,1031.9,1035.7,331002,336681611.95,5458,LEGACY
2018-01-16,PEL,Piramal Enterprises,EQ,INE140A01024,2847.5,2859.0,2785.0,2799.25,2800.0,2844.0,150242,425064899.35,14026,LEGACY
2018-01-16,PFIZER,Pfizer,EQ,INE182A01018,2032.3,2049.0,2005.35,2028.5,2047.2,2032.25,40413,81985245.1,2856,LEGACY
2018-01-16,SANOFI,Sanofi India,EQ,INE058A01010,4703.55,4749.15,4703.55,4710.25,4717.95,4713.3,2381,11225996.85,1004,LEGACY
2018-01-16,STAR,Strides Pharma Science,EQ,INE939A01011,815.6,820.65,801.0,806.9,806.0,815.4,227412,184153411.4,7876,LEGACY
2018-01-16,SUNPHARMA,Sun Pharmaceutical Industries,EQ,INE044A01036,577.35,583.95,572.15,577.7,578.4,576.45,4868363,2813336183.4,71177,LEGACY
2018-01-16,TORNTPHARM,Torrent Pharmaceuticals,EQ,INE685A01028,1411.0,1418.95,1391.55,1400.8,1400.0,1416.3,70705,99134502.25,5670,LEGACY
2018-01-16,WOCKPHARMA,Wockhardt,EQ,INE049B01025,940.0,944.05,896.0,903.85,898.0,938.85,1072968,985676709.55,20527,LEGACY
2018-01-17,ABBOTINDIA,Abbott India,EQ,INE358A01014,5420.0,5550.0,5360.0,5463.85,5452.0,5400.05,2018,10995877.35,711,LEGACY
2018-01-17,AJANTPHARM,Ajanta Pharma,EQ,INE031B01049,1522.0,1535.0,1480.2,1530.7,1523.65,1521.5,170156,258667448.95,7924,LEGACY
2018-01-17,ALKEM,Alkem Laboratories,EQ,INE540L01014,2245.0,2276.5,2241.0,2255.75,2242.0,2276.5,9667,21814482.45,1567,LEGACY
2018-01-17,APLLTD,Alembic Pharmaceuticals,EQ,INE901L01018,537.1,551.45,530.0,549.25,551.05,539.3,50383,27334477.85,2232,LEGACY
2018-01-17,AUROPHARMA,Aurobindo Pharma,EQ,INE406A01037,642.0,661.35,634.05,657.25,657.0,641.1,2653386,1731168695.95,71526,LEGACY
2018-01-17,BIOCON,Biocon,EQ,INE376G01013,534.5,554.0,525.25,551.3,553.0,534.8,1362333,740892829.2,20259,LEGACY
2018-01-17,CADILAHC,Cadila Healthcare,EQ,INE010B01027,436.3,442.9,425.6,440.25,440.0,436.1,552311,241087041.7,17640,LEGACY
2018-01-17,CIPLA,Cipla,EQ,INE059A01026,601.05,610.6,597.05,607.15,610.0,601.4,883340,533392696.05,18520,LEGACY
2018-01-17,DIVISLAB,Divi's Laboratories,EQ,INE361B01024,1091.0,1111.9,1078.2,1107.55,1106.05,1092.75,840913,920765069.45,28561,LEGACY
2018-01-17,DRREDDY,Dr. Reddy's Laboratories,EQ,INE089A01023,2467.0,2506.0,2462.85,2491.85,2491.95,2468.7,381788,951176554.7,24482,LEGACY
2018-01-17,GLAXO,GlaxoSmithKline Pharmaceuticals,EQ,INE159A01016,2461.35,2514.0,2453.0,2486.35,2513.85,2469.75,16956,41979432.15,1737,LEGACY
2018-01-17,GLENMARK,Glenmark Pharmaceuticals,EQ,INE935A01035,625.7,633.0,615.75,630.9,633.0,625.85,819868,513282020.4,20273,LEGACY
2018-01-17,GRANULES,Granules India,EQ,INE101D01020,139.6,141.0,131.6,140.35,140.15,139.6,2814920,387410366.4,16600,LEGACY
2018-01-17,IPCALAB,IPCA Laboratories,EQ,INE571A01020,579.9,595.0,578.05,584.0,582.0,574.15,244605,142871927.85,8071,LEGACY
2018-01-17,JBCHEPHARM,JB Chemicals & Pharmaceuticals,EQ,INE572A01028,331.0,332.5,321.15,328.55,328.85,318.35,201834,66191531.55,4769,LEGACY
2018-01-17,LAURUSLABS,Laurus Labs,EQ,INE947Q01010,548.3,558.95,542.05,548.0,546.75,533.1,301526,165356036.25,8235,LEGACY
2018-01-17,LUPIN,Lupin,EQ,INE326A01037,908.0,920.5,894.45,919.35,918.15,906.75,1479797,1349541098.75,39525,LEGACY
2018-01-17,NATCOPHARM,Natco Pharma,EQ,INE987B01026,1031.9,1031.9,1001.05,1023.05,1024.6,1024.6,251629,255348201.45,6427,LEGACY
2018-01-17,PEL,Piramal Enterprises,D1,INE140A08SX5,117000.0,117000.0,117000.0,117000.0,117000.0,116000.0,1,117000.0,1,LEGACY
2018-01-17,PEL,Piramal Enterprises,EQ,INE140A01024,2800.0,2872.65,2783.05,2853.15,2843.0,2799.25,512611,1440709820.85,16584,LEGACY
2018-01-17,PFIZER,Pfizer,EQ,INE182A01018,2030.0,2115.0,2005.05,2096.25,2105.0,2028.5,40891,84534249.15,4632,LEGACY
2018-01-17,SANOFI,Sanofi India,EQ,INE058A01010,4651.05,4771.95,4650.0,4682.7,4685.0,4710.25,2341,10952560.85,624,LEGACY
2018-01-17,STAR,Strides Pharma Science,EQ,INE939A01011,810.8,810.8,792.4,802.4,806.0,806.9,269089,215249372.4,6559,LEGACY
2018-01-17,SUNPHARMA,Sun Pharmaceutical Industries,EQ,INE044A01036,583.0,585.9,576.7,583.75,583.45,577.7,4812606,2801799806.55,86762,LEGACY
2018-01-17,TORNTPHARM,Torrent Pharmaceuticals,EQ,INE685A01028,1400.05,1418.45,1389.3,1404.65,1404.85,1400.8,41655,58500404.8,3207,LEGACY
2018-01-17,WOCKPHARMA,Wockhardt,EQ,INE049B01025,900.0,940.0,850.8,931.55,940.0,903.85,2733610,2469021190.75,49455,LEGACY
2018-01-19,ABBOTINDIA,Abbott India,EQ,INE358A01014,5401.05,5498.75,5401.05,5488.1,5498.75,5435.7,1699,9290240.0,602,LEGACY
2018-01-19,AJANTPHARM,Ajanta Pharma,EQ,INE031B01049,1533.25,1567.0,1533.25,1560.05,1558.35,1533.2,158597,246160375.7,6331,LEGACY
2018-01-19,ALKEM,Alkem Laboratories,EQ,INE540L01014,2225.0,2261.05,2180.05,2218.95,2210.0,2249.1,19924,44483149.85,4090,LEGACY
2018-01-19,APLLTD,Alembic Pharmaceuticals,EQ,INE901L01018,556.0,556.0,541.05,547.05,546.25,540.85,24822,13586291.8,2431,LEGACY
2018-01-19,AUROPHARMA,Aurobindo Pharma,EQ,INE406A01037,640.2,647.5,633.0,643.2,644.15,645.85,3438426,2197626849.15,52462,LEGACY
2018-01-19,BIOCON,Biocon,EQ,INE376G01013,549.0,575.0,545.1,569.35,568.8,539.6,8746829,4939724812.75,106482,LEGACY
2018-01-19,CADILAHC,Cadila Healthcare,EQ,INE010B01027,437.75,451.0,433.15,441.55,441.2,437.6,1331752,591747874.95,23553,LEGACY
2018-01-19,CIPLA,Cipla,EQ,INE059A01026,603.65,605.1,600.15,602.75,605.0,603.65,818518,493036458.7,15150,LEGACY
2018-01-19,DIVISLAB,Divi's Laboratories,EQ,INE361B01024,1090.0,1103.6,1082.6,1098.3,1098.0,1090.4,322347,352893995.15,16882,LEGACY
2018-01-19,DRREDDY,Dr. Reddy's Laboratories,EQ,INE089A01023,2467.0,2505.0,2452.0,2490.35,2486.1,2461.5,240896,598060841.5,16316,LEGACY
2018-01-19,GLAXO,GlaxoSmithKline Pharmaceuticals,EQ,INE159A01016,2477.9,2489.0,2455.0,2473.6,2461.35,2473.25,15802,39035352.9,1124,LEGACY
2018-01-19,GLENMARK,Glenmark Pharmaceuticals,EQ,INE935A01035,630.0,631.1,618.5,624.3,623.95,625.75,320742,200259721.7,8478,LEGACY
2018-01-19,GRANULES,Granules India,EQ,INE101D01020,135.7,137.45,133.75,135.6,135.7,135.85,1191952,161629464.35,7814,LEGACY
2018-01-19,IPCALAB,IPCA Laboratories,EQ,INE571A01020,580.0,585.25,575.1,579.8,576.5,584.75,115956,67222412.85,4883,LEGACY
2018-01-19,JBCHEPHARM,JB Chemicals & Pharmaceuticals,EQ,INE572A01028,318.05,329.0,315.2,326.15,326.0,320.05,81055,26233135.3,2348,LEGACY
2018-01-19,LAURUSLABS,Laurus Labs,EQ,INE947Q01010,540.8,546.0,535.0,543.65,544.9,537.15,60431,32661940.05,2253,LEGACY
2018-01-19,LUPIN,Lupin,EQ,INE326A01037,925.0,926.0,906.4,924.1,923.0,921.05,1343268,1234469499.45,30115,LEGACY
2018-01-19,NATCOPHARM,Natco Pharma,EQ,INE987B01026,1004.0,1030.0,1004.0,1022.4,1030.0,1010.25,290092,294355067.2,11451,LEGACY
2018-01-19,PEL,Piramal Enterprises,EQ,INE140A01024,2770.0,2810.0,2742.35,2793.95,2788.25,2758.7,113371,315414290.45,15647,LEGACY
2018-01-19,PFIZER,Pfizer,EQ,INE182A01018,2099.75,2138.9,2080.2,2123.0,2124.85,2100.3,33049,70117701.05,2895,LEGACY
2018-01-19,SANOFI,Sanofi India,EQ,INE058A01010,4651.0,4751.0,4651.0,4743.15,4731.65,4677.9,16888,79880712.3,726,LEGACY
2018-01-19,STAR,Strides Pharma Science,EQ,INE939A01011,805.8,808.85,794.0,805.75,802.45,802.0,157592,126200638.35,4540,LEGACY
2018-01-19,SUNPHARMA,Sun Pharmaceutical Industries,EQ,INE044A01036,580.0,580.65,567.6,572.1,572.25,576.7,4693971,2687470084.8,49614,LEGACY
2018-01-19,TORNTPHARM,Torrent Pharmaceuticals,EQ,INE685A01028,1441.9,1444.95,1405.3,1430.5,1430.0,1430.9,84651,120996008.6,5918,LEGACY
2018-01-19,WOCKPHARMA,Wockhardt,EQ,INE049B01025,910.0,929.4,886.2,904.45,906.0,913.25,2030511,1837879389.05,34404,LEGACY
2018-01-22,ABBOTINDIA,Abbott India,EQ,INE358A01014,5380.0,5550.0,5380.0,5536.9,5540.0,5488.1,1660,9165313.3,878,LEGACY
2018-01-22,AJANTPHARM,Ajanta Pharma,EQ,INE031B01049,1561.0,1595.0,1558.35,1588.65,1593.0,1560.05,190383,300356311.15,9009,LEGACY
2018-01-22,ALKEM,Alkem Laboratories,EQ,INE540L01014,2279.9,2279.9,2224.75,2242.95,2230.1,2218.95,45452,101807275.85,3526,LEGACY
2018-01-22,APLLTD,Alembic Pharmaceuticals,EQ,INE901L01018,550.0,554.0,542.3,550.25,549.85,547.05,30293,16665686.1,2616,LEGACY
2018-01-22,AUROPHARMA,Aurobindo Pharma,EQ,INE406A01037,639.0,644.15,636.2,640.8,642.0,643.2,1236464,791570981.15,21364,LEGACY
2018-01-22,BIOCON,Biocon,EQ,INE376G01013,568.9,614.4,559.1,603.85,602.05,569.35,8470009,4966180950.45,98497,LEGACY
2018-01-22,CADILAHC,Cadila Healthcare,EQ,INE010B01027,441.25,445.0,435.3,438.75,437.8,441.55,491150,215599710.0,10167,LEGACY
2018-01-22,CIPLA,Cipla,EQ,INE059A01026,604.4,605.0,593.1,601.15,601.0,602.75,933769,558853448.4,19162,LEGACY
2018-01-22,DIVISLAB,Divi's Laboratories,EQ,INE361B01024,1095.95,1103.7,1067.25,1077.85,1077.55,1098.3,690857,749819502.0,13625,LEGACY
2018-01-22,DRREDDY,Dr. Reddy's Laboratories,EQ,INE089A01023,2440.0,2519.0,2440.0,2496.55,2506.3,2490.35,692415,1719840605.95,41966,LEGACY
2018-01-22,GLAXO,GlaxoSmithKline Pharmaceuticals,EQ,INE159A01016,2450.75,2473.25,2413.0,2463.05,2455.05,2473.6,12715,31214421.7,1448,LEGACY
2018-01-22,GLENMARK,Glenmark Pharmaceuticals,EQ,INE935A01035,627.45,627.45,618.25,620.2,619.6,624.3,497055,308723204.6,10461,LEGACY
2018-01-22,GRANULES,Granules India,EQ,INE101D01020,136.9,139.4,135.75,138.8,139.0,135.6,1647941,227072615.8,9599,LEGACY
2018-01-22,IPCALAB,IPCA Laboratories,EQ,INE571A01020,583.0,593.25,570.25,588.35,590.2,579.8,192878,111773957.85,7130,LEGACY
2018-01-22,JBCHEPHARM,JB Chemicals & Pharmaceuticals,EQ,INE572A01028,327.0,329.95,321.25,324.0,323.15,326.15,47006,15321824.5,1626,LEGACY
2018-01-22,LAURUSLABS,Laurus Labs,EQ,INE947Q01010,548.2,550.8,539.0,549.7,549.0,543.65,81175,44336690.0,2793,LEGACY
2018-01-22,LUPIN,Lupin,EQ,INE326A01037,925.0,933.0,918.55,930.05,930.0,924.1,1132432,1051742126.65,28304,LEGACY
2018-01-22,NATCOPHARM,Natco Pharma,EQ,INE987B01026,1031.0,1040.5,995.3,1013.45,1020.0,1022.4,426450,431919330.8,12469,LEGACY
2018-01-22,PEL,Piramal Enterprises,EQ,INE140A01024,2815.0,2835.85,2785.0,2830.2,2826.2,2793.95,166916,470875329.55,11735,LEGACY
2018-01-22,PFIZER,Pfizer,EQ,INE182A01018,2123.0,2178.0,2110.05,2145.55,2141.5,2123.0,24908,53607661.65,3182,LEGACY
2018-01-22,SANOFI,Sanofi India,EQ,INE058A01010,4743.15,4791.0,4670.0,4712.4,4715.0,4743.15,8045,37804700.45,879,LEGACY
2018-01-22,STAR,Strides Pharma Science,EQ,INE939A01011,803.05,812.4,795.0,800.2,798.0,805.75,170280,136395974.85,5838,LEGACY
2018-01-22,SUNPHARMA,Sun Pharmaceutical Industries,EQ,INE044A01036,573.0,578.9,568.85,576.15,577.0,572.1,3072409,1761355396.4,40275,LEGACY
2018-01-22,TORNTPHARM,Torrent Pharmaceuticals,EQ,INE685A01028,1438.0,1474.8,1422.1,1451.35,1450.0,1430.5,170417,246448153.95,10234,LEGACY
2018-01-22,WOCKPHARMA,Wockhardt,EQ,INE049B01025,908.05,921.9,893.2,917.1,917.0,904.45,1227735,1118502084.95,22159,LEGACY
2018-01-23,ABBOTINDIA,Abbott India,EQ,INE358A01014,5530.0,5550.0,5470.0,5504.35,5520.0,5536.9,2000,10997003.45,602,LEGACY
2018-01-23,AJANTPHARM,Ajanta Pharma,EQ,INE031B01049,1580.0,1590.0,1554.55,1566.8,1564.1,1588.65,117102,184138689.9,4923,LEGACY
2018-01-23,ALKEM,Alkem Laboratories,EQ,INE540L01014,2230.5,2250.05,2200.0,2225.25,2221.05,2242.95,9831,21918538.25,1400,LEGACY
2018-01-23,APLLTD,Alembic Pharmaceuticals,EQ,INE901L01018,551.0,555.95,545.15,547.9,546.5,550.25,466217,255972691.85,1101,LEGACY
2018-01-23,AUROPHARMA,Aurobindo Pharma,EQ,INE406A01037,641.15,659.45,640.95,653.75,653.4,640.8,1872601,1222040195.85,39086,LEGACY
2018-01-23,BIOCON,Biocon,EQ,INE376G01013,604.0,652.8,604.0,643.7,642.6,603.85,11193528,7120467110.55,138838,LEGACY
2018-01-23,CADILAHC,Cadila Healthcare,EQ,INE010B01027,439.95,442.0,426.1,430.95,431.2,438.75,1006539,435540797.3,25785,LEGACY
2018-01-23,CIPLA,Cipla,EQ,INE059A01026,602.5,625.0,600.3,622.35,622.65,601.15,2105060,1300798389.9,41993,LEGACY
2018-01-23,DIVISLAB,Divi's Laboratories,EQ,INE361B01024,1079.0,1107.65,1079.0,1101.35,1095.0,1077.85,1019038,1118361132.8,38327,LEGACY
2018-01-23,DRREDDY,Dr. Reddy's Laboratories,EQ,INE089A01023,2510.0,2549.95,2501.0,2520.4,2520.15,2496.55,730091,1846088385.2,44706,LEGACY
2018-01-23,GLAXO,GlaxoSmithKline Pharmaceuticals,EQ,INE159A01016,2473.0,2478.0,2442.25,2458.9,2465.0,2463.05,15567,38226445.3,1310,LEGACY
2018-01-23,GLENMARK,Glenmark Pharmaceuticals,EQ,INE935A01035,620.95,634.5,619.95,632.5,632.5,620.2,792356,499537702.2,27557,LEGACY
2018-01-23,GRANULES,Granules India,EQ,INE101D01020,139.05,141.75,138.3,138.95,138.95,138.8,2413406,337767918.1,14813,LEGACY
2018-01-23,IPCALAB,IPCA Laboratories,EQ,INE571A01020,587.95,599.0,573.55,581.5,578.05,588.35,414057,245201407.95,7433,LEGACY
2018-01-23,JBCHEPHARM,JB Chemicals & Pharmaceuticals,EQ,INE572A01028,325.25,329.0,324.1,326.1,326.05,324.0,40613,13257275.9,1017,LEGACY
2018-01-23,LAURUSLABS,Laurus Labs,EQ,INE947Q01010,549.0,560.0,548.95,556.3,558.0,549.7,128370,71413802.85,3955,LEGACY
2018-01-23,LUPIN,Lupin,EQ,INE326A01037,930.1,941.4,926.1,937.35,937.0,930.05,1507345,1409703497.0,40377,LEGACY
2018-01-23,NATCOPHARM,Natco Pharma,EQ,INE987B01026,1014.0,1033.8,1013.45,1019.5,1016.1,1013.45,328395,336207950.2,8328,LEGACY
2018-01-23,PEL,Piramal Enterprises,EQ,INE140A01024,2848.0,2863.0,2824.6,2844.65,2840.0,2830.2,246357,701286608.35,7804,LEGACY
2018-01-23,PFIZER,Pfizer,EQ,INE182A01018,2150.0,2175.0,2085.05,2113.05,2115.55,2145.55,69232,147665596.75,3668,LEGACY
2018-01-23,SANOFI,Sanofi India,EQ,INE058A01010,4711.75,4758.0,4700.0,4714.35,4710.0,4712.4,2348,11071999.4,578,LEGACY
2018-01-23,STAR,Strides Pharma Science,EQ,INE939A01011,801.65,807.9,795.05,798.0,801.0,800.2,369286,295200171.15,17586,LEGACY
2018-01-23,SUNPHARMA,Sun Pharmaceutical Industries,EQ,INE044A01036,579.0,585.85,575.5,579.35,577.0,576.15,4790590,2774975467.35,68922,LEGACY
2018-01-23,TORNTPHARM,Torrent Pharmaceuticals,EQ,INE685A01028,1456.0,1465.0,1435.55,1443.0,1440.0,1451.35,155033,224757359.1,14005,LEGACY
2018-01-23,WOCKPHARMA,Wockhardt,EQ,INE049B01025,921.65,955.0,913.3,937.2,936.0,917.1,1799625,1689518821.3,32803,LEGACY
2018-01-24,ABBOTINDIA,Abbott India,EQ,INE358A01014,5548.0,5548.0,5470.0,5528.55,5545.0,5504.35,2035,11226198.2,1080,LEGACY
2018-01-24,AJANTPHARM,Ajanta Pharma,EQ,INE031B01049,1562.4,1590.0,1553.35,1570.25,1563.0,1566.8,168773,265974528.65,7046,LEGACY
2018-01-24,ALKEM,Alkem Laboratories,EQ,INE540L01014,2220.0,2237.6,2175.05,2199.1,2199.35,2225.25,75760,166036131.25,3717,LEGACY
2018-01-24,APLLTD,Alembic Pharmaceuticals,EQ,INE901L01018,554.0,554.5,535.0,550.7,544.0,547.9,38389,21102457.0,2118,LEGACY
2018-01-24,AUROPHARMA,Aurobindo Pharma,EQ,INE406A01037,647.6,663.0,647.6,658.45,657.0,653.75,2214640,1455163347.3,39903,LEGACY
2018-01-24,BIOCON,Biocon,EQ,INE376G01013,642.0,657.5,627.35,634.55,630.45,643.7,6779224,4362704602.4,86662,LEGACY
2018-01-24,CADILAHC,Cadila Healthcare,EQ,INE010B01027,430.95,434.5,421.5,424.75,424.0,430.95,1212613,517526696.3,14063,LEGACY
2018-01-24,CIPLA,Cipla,EQ,INE059A01026,621.95,623.75,612.9,618.3,618.15,622.35,1089562,673541999.85,25501,LEGACY
2018-01-24,DIVISLAB,Divi's Laboratories,EQ,INE361B01024,1104.95,1126.1,1086.5,1102.9,1097.4,1101.35,821655,909221511.1,22414,LEGACY
2018-01-24,DRREDDY,Dr. Reddy's Laboratories,EQ,INE089A01023,2523.0,2615.0,2523.0,2559.4,2561.5,2520.4,1126277,2900454809.25,54410,LEGACY
2018-01-24,GLAXO,GlaxoSmithKline Pharmaceuticals,EQ,INE159A01016,2475.0,2475.0,2441.8,2450.15,2444.0,2458.9,16173,39651575.35,839,LEGACY
2018-01-24,GLENMARK,Glenmark Pharmaceuticals,EQ,INE935A01035,632.5,645.45,625.0,640.1,638.5,632.5,1140364,728903799.2,26817,LEGACY
2018-01-24,GRANULES,Granules India,EQ,INE101D01020,139.7,141.0,136.0,140.0,139.75,138.95,1878596,261244422.95,10136,LEGACY
2018-01-24,IPCALAB,IPCA Laboratories,EQ,INE571A01020,583.0,588.5,575.25,579.7,575.25,581.5,75945,44139693.35,2697,LEGACY
2018-01-24,JBCHEPHARM,JB Chemicals & Pharmaceuticals,EQ,INE572A01028,326.1,329.6,322.1,326.65,328.5,326.1,61091,19918502.5,2817,LEGACY
2018-01-24,LAURUSLABS,Laurus Labs,EQ,INE947Q01010,550.5,559.5,546.0,553.45,552.0,556.3,64801,35753063.2,2055,LEGACY
2018-01-24,LUPIN,Lupin,EQ,INE326A01037,937.0,962.0,933.35,959.05,961.0,937.35,1976531,1880225663.3,56285,LEGACY
2018-01-24,NATCOPHARM,Natco Pharma,EQ,INE987B01026,1016.1,1019.0,982.6,997.0,993.0,1019.5,442212,440489402.35,30172,LEGACY
2018-01-24,PEL,Piramal Enterprises,EQ,INE140A01024,2844.0,2853.85,2787.3,2811.25,2809.3,2844.65,661730,1875558349.55,10519,LEGACY
2018-01-24,PFIZER,Pfizer,EQ,INE182A01018,2129.0,2230.0,2065.0,2204.95,2210.0,2113.05,194525,420181232.6,14871,LEGACY
2018-01-24,SANOFI,Sanofi India,EQ,INE058A01010,4774.95,4809.55,4700.0,4767.55,4798.85,4714.35,3028,14378257.4,531,LEGACY
2018-01-24,STAR,Strides Pharma Science,EQ,INE939A01011,803.0,817.4,797.0,802.6,801.5,798.0,442634,356675678.05,13289,LEGACY
2018-01-24,SUNPHARMA,Sun Pharmaceutical Industries,EQ,INE044A01036,577.0,596.5,575.1,586.55,587.1,579.35,7168397,4213145351.1,96061,LEGACY
2018-01-24,TORNTPHARM,Torrent Pharmaceuticals,EQ,INE685A01028,1434.0,1467.3,1433.6,1452.7,1451.0,1443.0,182622,265062158.6,12745,LEGACY
2018-01-24,WOCKPHARMA,Wockhardt,EQ,INE049B01025,929.0,952.45,915.6,924.95,925.95,937.2,1947333,1817622856.85,33308,LEGACY
2018-01-25,ABBOTINDIA,Abbott India,EQ,INE358A01014,5520.0,5550.0,5455.0,5541.05,5539.9,5528.55,1623,8936121.3,519,LEGACY
2018-01-25,AJANTPHARM,Ajanta Pharma,EQ,INE031B01049,1572.0,1583.0,1469.15,1493.3,1499.0,1570.25,466530,712273464.0,17968,LEGACY
2018-01-25,ALKEM,Alkem Laboratories,EQ,INE540L01014,2200.0,2240.0,2168.85,2202.25,2219.9,2199.1,64212,140746747.0,2305,LEGACY
2018-01-25,APLLTD,Alembic Pharmaceuticals,EQ,INE901L01018,549.6,556.0,542.3,553.0,553.9,550.7,467450,258893036.35,2552,LEGACY
2018-01-25,AUROPHARMA,Aurobindo Pharma,EQ,INE406A01037,658.5,660.0,637.35,639.7,639.9,658.45,1723328,1117344236.75,30836,LEGACY
2018-01-25,BIOCON,Biocon,EQ,INE376G01013,601.0,617.5,600.2,607.45,606.75,634.55,7737568,4695990026.6,107650,LEGACY
2018-01-25,CADILAHC,Cadila Healthcare,EQ,INE010B01027,426.95,429.6,415.55,418.15,419.8,424.75,643671,271885981.7,12289,LEGACY
2018-01-25,CIPLA,Cipla,EQ,INE059A01026,618.15,631.0,613.7,621.4,620.15,618.3,2973765,1848966980.95,56525,LEGACY
2018-01-25,DIVISLAB,Divi's Laboratories,EQ,INE361B01024,1100.0,1126.0,1095.1,1120.3,1125.0,1102.9,2015896,2256064862.85,41950,LEGACY
2018-01-25,DRREDDY,Dr. Reddy's Laboratories,EQ,INE089A01023,2554.0,2597.1,2453.2,2507.75,2501.05,2559.4,2652030,6680352004.85,110207,LEGACY
2018-01-25,GLAXO,GlaxoSmithKline Pharmaceuticals,EQ,INE159A01016,2445.0,2478.0,2440.0,2466.7,2472.05,2450.15,13345,32781976.3,1199,LEGACY
2018-01-25,GLENMARK,Glenmark Pharmaceuticals,EQ,INE935A01035,641.95,647.0,630.15,634.25,632.0,640.1,1822288,1165924833.55,27122,LEGACY
2018-01-25,GRANULES,Granules India,EQ,INE101D01020,140.8,140.85,135.75,136.85,136.5,140.0,1818376,250471808.75,8560,LEGACY
2018-01-25,IPCALAB,IPCA Laboratories,EQ,INE571A01020,583.2,585.15,562.35,570.6,569.4,579.7,61473,35205082.5,2172,LEGACY
2018-01-25,JBCHEPHARM,JB Chemicals & Pharmaceuticals,EQ,INE572A01028,329.0,329.0,315.05,316.2,316.1,326.65,58304,18629413.9,2241,LEGACY
2018-01-25,LAURUSLABS,Laurus Labs,EQ,INE947Q01010,547.1,556.4,539.05,545.1,544.0,553.45,33396,18282184.05,1294,LEGACY
2018-01-25,LUPIN,Lupin,EQ,INE326A01037,966.0,970.0,945.15,949.65,950.1,959.05,2611485,2494757185.1,65089,LEGACY
2018-01-25,NATCOPHARM,Natco Pharma,EQ,INE987B01026,993.0,999.75,989.0,998.5,997.9,997.0,175383,174832119.3,8429,LEGACY
2018-01-25,PEL,Piramal Enterprises,EQ,INE140A01024,2825.0,2825.0,2759.2,2771.2,2762.25,2811.25,175075,488290803.25,9812,LEGACY
2018-01-25,PFIZER,Pfizer,EQ,INE182A01018,2213.0,2298.65,2148.95,2252.5,2258.0,2204.95,81346,182917889.45,6151,LEGACY
2018-01-25,SANOFI,Sanofi India,EQ,INE058A01010,4725.2,4943.0,4723.0,4903.55,4845.0,4767.55,10034,48761429.8,1712,LEGACY
2018-01-25,STAR,Strides Pharma Science,EQ,INE939A01011,803.2,812.7,785.15,788.65,786.35,802.6,331271,265062603.7,9744,LEGACY
2018-01-25,SUNPHARMA,Sun Pharmaceutical Industries,EQ,INE044A01036,591.0,596.0,578.0,579.85,581.05,586.55,4213982,2469089084.9,57686,LEGACY
2018-01-25,TORNTPHARM,Torrent Pharmaceuticals,EQ,INE685A01028,1437.0,1461.0,1405.5,1421.4,1414.05,1452.7,248728,354902999.05,13244,LEGACY
2018-01-25,WOCKPHARMA,Wockhardt,EQ,INE049B01025,925.9,937.65,908.0,911.0,916.0,924.95,1090932,1004045215.85,20681,LEGACY
2018-01-29,ABBOTINDIA,Abbott India,EQ,INE358A01014,5487.15,5537.95,5487.15,5524.95,5523.0,5541.05,1869,10318751.05,399,LEGACY
2018-01-29,AJANTPHARM,Ajanta Pharma,EQ,INE031B01049,1494.05,1508.5,1438.05,1446.75,1446.75,1493.3,174168,255764491.15,8300,LEGACY
2018-01-29,ALKEM,Alkem Laboratories,EQ,INE540L01014,2176.6,2250.0,2175.0,2241.1,2240.0,2202.25,12400,27592360.25,2209,LEGACY
2018-01-29,APLLTD,Alembic Pharmaceuticals,EQ,INE901L01018,555.0,564.95,555.0,560.45,562.0,553.0,51001,28595034.95,1704,LEGACY
2018-01-29,AUROPHARMA,Aurobindo Pharma,EQ,INE406A01037,643.0,645.0,633.85,635.25,634.85,639.7,1317269,841748199.35,28884,LEGACY
2018-01-29,BIOCON,Biocon,EQ,INE376G01013,613.0,641.9,609.0,615.45,617.0,607.45,5943390,3718991614.35,92549,LEGACY
2018-01-29,CADILAHC,Cadila Healthcare,EQ,INE010B01027,419.8,427.5,418.0,419.8,419.8,418.15,455894,192308194.35,8612,LEGACY
2018-01-29,CIPLA,Cipla,EQ,INE059A01026,624.95,628.4,611.1,615.0,612.05,621.4,1564268,967813094.6,26376,LEGACY
2018-01-29,DIVISLAB,Divi's Laboratories,EQ,INE361B01024,1115.0,1115.0,1082.0,1100.4,1100.45,1120.3,909205,995933393.15,35174,LEGACY
2018-01-29,DRREDDY,Dr. Reddy's Laboratories,EQ,INE089A01023,2448.95,2452.0,2342.0,2357.1,2360.0,2507.75,1154567,2761006086.9,59113,LEGACY
2018-01-29,GLAXO,GlaxoSmithKline Pharmaceuticals,EQ,INE159A01016,2480.0,2480.0,2437.2,2449.55,2437.2,2466.7,12073,29576416.3,1176,LEGACY
2018-01-29,GLENMARK,Glenmark Pharmaceuticals,EQ,INE935A01035,634.3,641.85,616.0,622.1,616.9,634.25,670198,423653188.4,21960,LEGACY
2018-01-29,GRANULES,Granules India,EQ,INE101D01020,138.7,138.7,134.45,134.95,135.0,136.85,1093941,149021856.7,7151,LEGACY
2018-01-29,IPCALAB,IPCA Laboratories,EQ,INE571A01020,567.0,577.0,552.05,563.7,565.0,570.6,95545,53865533.65,2411,LEGACY
2018-01-29,JBCHEPHARM,JB Chemicals & Pharmaceuticals,EQ,INE572A01028,315.0,327.4,309.05,321.35,320.7,316.2,76208,24306930.95,3501,LEGACY
2018-01-29,LAURUSLABS,Laurus Labs,EQ,INE947Q01010,546.0,553.95,536.05,539.15,537.0,545.1,62835,34269967.25,2229,LEGACY
2018-01-29,LUPIN,Lupin,EQ,INE326A01037,949.65,954.0,908.0,912.2,909.7,949.65,1520775,1407907695.7,47390,LEGACY
2018-01-29,NATCOPHARM,Natco Pharma,EQ,INE987B01026,999.0,1018.0,978.0,984.3,988.0,998.5,267312,265855359.0,7915,LEGACY
2018-01-29,PEL,Piramal Enterprises,EQ,INE140A01024,2771.0,2832.0,2770.5,2794.05,2794.05,2771.2,100328,280851659.2,11193,LEGACY
2018-01-29,PFIZER,Pfizer,EQ,INE182A01018,2286.6,2299.0,2262.0,2286.05,2290.0,2252.5,37195,84807411.15,5920,LEGACY
2018-01-29,SANOFI,Sanofi India,EQ,INE058A01010,4830.05,5147.9,4830.05,5051.15,5030.0,4903.55,12670,63669902.6,2961,LEGACY
2018-01-29,STAR,Strides Pharma Science,EQ,INE939A01011,795.0,828.3,792.9,798.3,800.05,788.65,397589,321076781.4,12333,LEGACY
2018-01-29,SUNPHARMA,Sun Pharmaceutical Industries,EQ,INE044A01036,581.05,594.2,578.35,587.95,585.85,579.85,6006564,3530504065.55,79334,LEGACY
2018-01-29,TORNTPHARM,Torrent Pharmaceuticals,EQ,INE685A01028,1420.05,1427.35,1367.1,1378.35,1375.0,1421.4,311847,433473906.85,15967,LEGACY
2018-01-29,WOCKPHARMA,Wockhardt,EQ,INE049B01025,919.65,929.0,900.0,909.1,904.5,911.0,1488768,1364416413.4,23540,LEGACY
2018-01-30,ABBOTINDIA,Abbott India,EQ,INE358A01014,5503.85,5535.0,5456.15,5512.1,5514.0,5524.95,1314,7232403.95,394,LEGACY
2018-01-30,AJANTPHARM,Ajanta Pharma,EQ,INE031B01049,1442.0,1456.0,1410.0,1447.95,1451.0,1446.75,178400,256107146.5,11009,LEGACY
2018-01-30,ALKEM,Alkem Laboratories,EQ,INE540L01014,2241.0,2250.0,2200.0,2233.0,2239.8,2241.1,29875,65945285.7,1644,LEGACY
2018-01-30,APLLTD,Alembic Pharmaceuticals,EQ,INE901L01018,560.45,560.45,549.1,555.25,555.0,560.45,175468,97266058.15,2855,LEGACY
2018-01-30,AUROPHARMA,Aurobindo Pharma,EQ,INE406A01037,634.0,637.7,623.0,631.7,633.1,635.25,1996711,1257896464.45,42905,LEGACY
2018-01-30,BIOCON,Biocon,EQ,INE376G01013,617.95,635.0,607.65,629.95,631.1,615.45,5078317,3172572837.6,72597,LEGACY
2018-01-30,CADILAHC,Cadila Healthcare,EQ,INE010B01027,418.0,427.5,414.05,425.3,425.0,419.8,810714,341267269.0,11532,LEGACY
2018-01-30,CIPLA,Cipla,EQ,INE059A01026,613.0,613.1,603.2,605.95,605.85,615.0,596682,362471240.8,18491,LEGACY
2018-01-30,DIVISLAB,Divi's Laboratories,EQ,INE361B01024,1100.0,1108.25,1068.25,1079.9,1075.0,1100.4,662548,718820191.75,23887,LEGACY
2018-01-30,DRREDDY,Dr. Reddy's Laboratories,EQ,INE089A01023,2356.0,2356.0,2285.2,2306.15,2307.0,2357.1,858002,1983093953.7,46421,LEGACY
2018-01-30,GLAXO,GlaxoSmithKline Pharmaceuticals,EQ,INE159A01016,2437.3,2474.85,2430.1,2456.3,2455.0,2449.55,9505,23284102.8,854,LEGACY
2018-01-30,GLENMARK,Glenmark Pharmaceuticals,EQ,INE935A01035,616.9,619.05,607.5,615.8,616.95,622.1,411149,252557526.4,13002,LEGACY
2018-01-30,GRANULES,Granules India,EQ,INE101D01020,134.7,135.0,131.7,132.7,132.2,134.95,1376997,183494717.9,6298,LEGACY
2018-01-30,IPCALAB,IPCA Laboratories,EQ,INE571A01020,566.1,569.45,556.35,562.7,562.55,563.7,70317,39486327.85,2555,LEGACY
2018-01-30,JBCHEPHARM,JB Chemicals & Pharmaceuticals,EQ,INE572A01028,320.0,320.0,305.75,311.75,313.75,321.35,67827,21064745.65,1712,LEGACY
2018-01-30,LAURUSLABS,Laurus Labs,EQ,INE947Q01010,516.0,525.0,508.0,517.35,518.0,539.15,226161,116430409.5,4971,LEGACY
2018-01-30,LUPIN,Lupin,EQ,INE326A01037,911.4,913.55,897.65,902.75,903.0,912.2,941196,851655511.25,27206,LEGACY
2018-01-30,NATCOPHARM,Natco Pharma,EQ,INE987B01026,987.95,989.7,960.1,965.65,972.0,984.3,205701,200061675.75,9806,LEGACY
2018-01-30,PEL,Piramal Enterprises,EQ,INE140A01024,2807.95,2829.7,2752.6,2766.95,2778.0,2794.05,296055,825248479.8,25896,LEGACY
2018-01-30,PFIZER,Pfizer,EQ,INE182A01018,2255.0,2298.0,2251.35,2290.0,2295.5,2286.05,23686,54181099.4,1805,LEGACY
2018-01-30,SANOFI,Sanofi India,EQ,INE058A01010,5030.0,5151.0,4885.05,4960.05,4990.0,5051.15,13150,65583978.85,1755,LEGACY
2018-01-30,STAR,Strides Pharma Science,EQ,INE939A01011,803.0,803.0,782.0,784.4,785.0,798.3,203331,160144848.7,8617,LEGACY
2018-01-30,SUNPHARMA,Sun Pharmaceutical Industries,EQ,INE044A01036,585.7,594.75,580.05,591.95,591.5,587.95,3542190,2088032760.75,62031,LEGACY
2018-01-30,TORNTPHARM,Torrent Pharmaceuticals,EQ,INE685A01028,1374.0,1374.0,1347.0,1356.6,1360.0,1378.35,174008,235714916.5,10996,LEGACY
2018-01-30,WOCKPHARMA,Wockhardt,EQ,INE049B01025,898.5,898.8,818.2,825.2,827.0,909.1,4608948,3922791938.0,80903,LEGACY
2018-02-01,ABBOTINDIA,Abbott India,EQ,INE358A01014,5570.1,5625.0,5510.0,5554.5,5550.0,5625.05,4145,23001766.5,738,LEGACY
2018-02-01,AJANTPHARM,Ajanta Pharma,EQ,INE031B01049,1460.0,1465.0,1351.55,1403.4,1403.45,1451.55,282193,396990547.9,15381,LEGACY
2018-02-01,ALKEM,Alkem Laboratories,EQ,INE540L01014,2200.0,2239.0,2165.0,2229.85,2232.0,2198.75,11453,25398204.7,1991,LEGACY
2018-02-01,APLLTD,Alembic Pharmaceuticals,EQ,INE901L01018,574.0,574.0,545.6,551.45,551.0,567.1,43746,24195424.25,4529,LEGACY
2018-02-01,AUROPHARMA,Aurobindo Pharma,EQ,INE406A01037,628.6,631.35,605.0,611.2,611.2,629.55,2665368,1642019702.7,64850,LEGACY
2018-02-01,BIOCON,Biocon,EQ,INE376G01013,616.0,626.95,603.5,619.1,622.0,614.9,1899153,1175106202.55,29320,LEGACY
2018-02-01,CADILAHC,Cadila Healthcare,EQ,INE010B01027,428.55,428.55,415.0,417.65,417.7,425.8,1318106,554768057.7,14046,LEGACY
2018-02-01,CIPLA,Cipla,EQ,INE059A01026,591.9,597.0,580.2,587.05,590.25,592.15,1050098,618808220.0,30800,LEGACY
2018-02-01,DIVISLAB,Divi's Laboratories,EQ,INE361B01024,1050.0,1058.6,1022.5,1043.8,1047.95,1039.4,763908,795998777.55,25293,LEGACY
2018-02-01,DRREDDY,Dr. Reddy's Laboratories,EQ,INE089A01023,2225.0,2225.0,2153.1,2157.95,2160.0,2225.35,968321,2111711948.05,56522,LEGACY
2018-02-01,GLAXO,GlaxoSmithKline Pharmaceuticals,EQ,INE159A01016,2447.85,2465.0,2435.1,2459.15,2450.0,2460.6,8351,20480104.6,950,LEGACY
2018-02-01,GLENMARK,Glenmark Pharmaceuticals,EQ,INE935A01035,605.0,609.0,581.05,588.15,588.0,606.2,780428,463029024.9,23534,LEGACY
2018-02-01,GRANULES,Granules India,EQ,INE101D01020,132.0,132.2,125.8,127.55,126.9,132.25,2495024,322897291.25,13152,LEGACY
2018-02-01,IPCALAB,IPCA Laboratories,EQ,INE571A01020,575.0,579.05,557.75,562.35,569.8,574.5,128721,73573802.2,2266,LEGACY
2018-02-01,JBCHEPHARM,JB Chemicals & Pharmaceuticals,EQ,INE572A01028,305.15,312.9,299.0,311.55,312.85,307.3,50413,15414701.55,2237,LEGACY
2018-02-01,LAURUSLABS,Laurus Labs,EQ,INE947Q01010,517.05,521.35,511.0,517.8,516.0,516.6,60231,31032259.45,1645,LEGACY
2018-02-01,LUPIN,Lupin,EQ,INE326A01037,883.95,886.25,852.2,860.4,860.8,883.75,1834018,1588927024.6,70120,LEGACY
2018-02-01,NATCOPHARM,Natco Pharma,EQ,INE987B01026,948.0,974.0,935.0,944.15,944.1,946.9,142812,136114401.35,8672,LEGACY
2018-02-01,PEL,Piramal Enterprises,EQ,INE140A01024,2743.05,2780.0,2699.55,2749.15,2780.0,2743.0,248875,683291175.2,17121,LEGACY
2018-02-01,PFIZER,Pfizer,EQ,INE182A01018,2314.5,2367.95,2250.0,2314.9,2310.0,2320.85,28025,64635105.0,4630,LEGACY
2018-02-01,SANOFI,Sanofi India,EQ,INE058A01010,4971.4,5030.0,4932.05,4977.8,4990.0,4971.45,3324,16565537.25,1191,LEGACY
2018-02-01,STAR,Strides Pharma Science,EQ,INE939A01011,768.0,768.0,735.0,746.65,750.0,763.0,494974,370469613.55,24871,LEGACY
2018-02-01,SUNPHARMA,Sun Pharmaceutical Industries,EQ,INE044A01036,580.0,580.0,549.55,554.3,555.4,579.9,8789899,4974357325.15,104430,LEGACY
2018-02-01,TORNTPHARM,Torrent Pharmaceuticals,EQ,INE685A01028,1369.95,1374.9,1345.0,1354.9,1355.0,1362.4,288717,390948274.7,10186,LEGACY
2018-02-01,WOCKPHARMA,Wockhardt,EQ,INE049B01025,814.5,814.5,770.05,780.3,782.95,804.85,2171166,1720695199.45,34552,LEGACY
2018-02-02,ABBOTINDIA,Abbott India,EQ,INE358A01014,5499.05,5599.0,5464.0,5534.95,5520.0,5554.5,2491,13752836.85,393,LEGACY
2018-02-02,AJANTPHARM,Ajanta Pharma,EQ,INE031B01049,1395.0,1420.95,1362.0,1390.0,1382.35,1403.4,247965,345159641.15,14561,LEGACY
2018-02-02,ALKEM,Alkem Laboratories,EQ,INE540L01014,2185.25,2206.65,2168.0,2195.0,2190.0,2229.85,13765,30106515.9,2672,LEGACY
2018-02-02,APLLTD,Alembic Pharmaceuticals,EQ,INE901L01018,549.1,557.9,510.0,535.2,535.0,551.45,91798,49325170.25,6684,LEGACY
2018-02-02,AUROPHARMA,Aurobindo Pharma,EQ,INE406A01037,606.0,624.0,603.0,605.45,605.1,611.2,2253413,1380168267.4,47908,LEGACY
2018-02-02,BIOCON,Biocon,EQ,INE376G01013,615.7,621.0,593.75,598.2,594.35,619.1,2013345,1224560626.7,32200,LEGACY
2018-02-02,CADILAHC,Cadila Healthcare,EQ,INE010B01027,412.0,423.35,407.45,410.85,409.0,417.65,751620,310856871.35,14110,LEGACY
2018-02-02,CIPLA,Cipla,EQ,INE059A01026,586.0,593.9,575.1,581.15,579.0,587.05,998752,585668646.25,19312,LEGACY
2018-02-02,DIVISLAB,Divi's Laboratories,EQ,INE361B01024,1025.0,1051.25,1006.8,1028.25,1020.0,1043.8,1850108,1901156367.2,22645,LEGACY
2018-02-02,DRREDDY,Dr. Reddy's Laboratories,EQ,INE089A01023,2150.0,2211.05,2110.05,2123.55,2112.05,2157.95,959646,2070535029.75,59003,LEGACY
2018-02-02,GLAXO,GlaxoSmithKline Pharmaceuticals,EQ,INE159A01016,2462.65,2494.0,2414.0,2467.85,2465.0,2459.15,11220,27558824.15,1436,LEGACY
2018-02-02,GLENMARK,Glenmark Pharmaceuticals,EQ,INE935A01035,584.0,602.3,582.05,589.55,589.4,588.15,1308916,778394277.1,27470,LEGACY
2018-02-02,GRANULES,Granules India,EQ,INE101D01020,126.9,128.6,120.3,121.3,120.9,127.55,2495854,310128197.3,14332,LEGACY
2018-02-02,IPCALAB,IPCA Laboratories,EQ,INE571A01020,569.5,570.95,540.0,561.9,564.9,562.35,161057,89651433.4,7089,LEGACY
2018-02-02,JBCHEPHARM,JB Chemicals & Pharmaceuticals,EQ,INE572A01028,305.05,312.25,300.05,304.05,303.0,311.55,138200,42058718.2,4160,LEGACY
2018-02-02,LAURUSLABS,Laurus Labs,EQ,INE947Q01010,512.0,517.5,505.0,510.0,510.0,517.8,83552,42671345.75,2332,LEGACY
2018-02-02,LUPIN,Lupin,EQ,INE326A01037,860.8,878.5,845.0,847.0,846.0,860.4,2532888,2180421603.85,73198,LEGACY
2018-02-02,NATCOPHARM,Natco Pharma,EQ,INE987B01026,940.0,964.75,917.35,922.2,922.0,944.15,282076,264820861.45,10081,LEGACY
2018-02-02,PEL,Piramal Enterprises,EQ,INE140A01024,2740.0,2768.3,2623.2,2648.65,2643.0,2749.15,244101,657965075.2,20385,LEGACY
2018-02-02,PFIZER,Pfizer,EQ,INE182A01018,2280.25,2324.0,2214.05,2230.35,2215.0,2314.9,13738,30970994.35,2045,LEGACY
2018-02-02,SANOFI,Sanofi India,EQ,INE058A01010,4903.15,5080.0,4802.0,4989.15,5000.0,4977.8,15670,78586226.4,931,LEGACY
2018-02-02,STAR,Strides Pharma Science,EQ,INE939A01011,742.0,757.0,709.0,711.2,711.95,746.65,636928,467961035.3,26956,LEGACY
2018-02-02,SUNPHARMA,Sun Pharmaceutical Industries,EQ,INE044A01036,552.0,567.35,544.65,551.2,552.0,554.3,10873325,6047325114.65,104283,LEGACY
2018-02-02,TORNTPHARM,Torrent Pharmaceuticals,EQ,INE685A01028,1352.9,1385.0,1330.0,1358.35,1360.0,1354.9,89079,121138731.15,8465,LEGACY
2018-02-02,WOCKPHARMA,Wockhardt,EQ,INE049B01025,771.5,791.45,727.5,734.35,732.0,780.3,3696882,2808590785.9,46064,LEGACY
2018-02-06,ABBOTINDIA,Abbott India,EQ,INE358A01014,5342.0,5363.0,5239.25,5250.75,5261.0,5394.3,3827,20141765.3,526,LEGACY
2018-02-06,AJANTPHARM,Ajanta Pharma,EQ,INE031B01049,1278.85,1299.95,1236.1,1294.3,1293.4,1309.55,248640,316644708.55,12288,LEGACY
2018-02-06,ALKEM,Alkem Laboratories,EQ,INE540L01014,2022.0,2168.0,2022.0,2144.95,2167.0,2166.8,10556,22326669.7,2585,LEGACY
2018-02-06,APLLTD,Alembic Pharmaceuticals,EQ,INE901L01018,495.0,526.95,495.0,518.65,520.0,523.65,127794,66015765.55,3787,LEGACY
2018-02-06,AUROPHARMA,Aurobindo Pharma,EQ,INE406A01037,592.9,605.4,583.55,596.85,596.0,614.0,2247282,1341198245.15,37529,LEGACY
2018-02-06,BIOCON,Biocon,EQ,INE376G01013,560.2,596.3,560.2,584.95,583.6,605.2,2001630,1171458250.05,30340,LEGACY
2018-02-06,CADILAHC,Cadila Healthcare,EQ,INE010B01027,400.1,411.2,378.55,404.5,404.25,408.15,1402738,557377024.45,23263,LEGACY
2018-02-06,CIPLA,Cipla,EQ,INE059A01026,561.0,572.0,558.05,564.25,561.95,580.1,1284112,723724433.85,41667,LEGACY
2018-02-06,DIVISLAB,Divi's Laboratories,EQ,INE361B01024,982.4,1016.0,978.35,1003.2,1004.05,1034.65,659453,658883796.45,19318,LEGACY
2018-02-06,DRREDDY,Dr. Reddy's Laboratories,EQ,INE089A01023,2050.0,2124.0,2005.55,2095.7,2084.0,2116.5,763234,1589592159.6,45557,LEGACY
2018-02-06,GLAXO,GlaxoSmithKline Pharmaceuticals,EQ,INE159A01016,2450.0,2479.0,2421.4,2464.6,2462.0,2479.0,14494,35465208.5,1521,LEGACY
2018-02-06,GLENMARK,Glenmark Pharmaceuticals,EQ,INE935A01035,566.0,582.5,566.0,571.3,570.0,591.55,745778,428361366.25,20026,LEGACY
2018-02-06,GRANULES,Granules India,EQ,INE101D01020,115.0,117.25,110.15,114.85,115.25,119.45,2920956,332460995.25,19560,LEGACY
2018-02-06,IPCALAB,IPCA Laboratories,EQ,INE571A01020,518.05,570.0,518.05,555.1,556.0,557.4,122207,67210990.8,5879,LEGACY
2018-02-06,JBCHEPHARM,JB Chemicals & Pharmaceuticals,EQ,INE572A01028,285.0,299.5,281.1,291.15,289.55,298.2,69360,20222655.35,2380,LEGACY
2018-02-06,LAURUSLABS,Laurus Labs,EQ,INE947Q01010,499.9,508.0,491.2,503.3,503.6,506.05,61153,30564025.95,1573,LEGACY
2018-02-06,LUPIN,Lupin,EQ,INE326A01037,824.0,834.9,789.4,800.9,790.05,849.1,4675402,3800913822.8,106666,LEGACY
2018-02-06,NATCOPHARM,Natco Pharma,EQ,INE987B01026,876.0,930.0,862.4,901.25,897.4,909.2,1004212,901141911.15,23900,LEGACY
2018-02-06,PEL,Piramal Enterprises,EQ,INE140A01024,2562.5,2593.2,2482.55,2553.8,2545.0,2617.0,224647,567386964.15,15692,LEGACY
2018-02-06,PFIZER,Pfizer,EQ,INE182A01018,2159.95,2245.0,2075.0,2181.9,2225.0,2208.85,19684,42070857.35,2223,LEGACY
2018-02-06,SANOFI,Sanofi India,EQ,INE058A01010,4857.2,4877.95,4701.0,4776.55,4731.0,4931.05,4827,23104290.8,1149,LEGACY
2018-02-06,STAR,Strides Pharma Science,EQ,INE939A01011,663.0,681.45,641.95,671.35,665.65,686.4,471683,315515683.4,15081,LEGACY
2018-02-06,SUNPHARMA,Sun Pharmaceutical Industries,EQ,INE044A01036,537.0,554.5,531.2,551.8,550.1,557.45,6325143,3471497017.25,71164,LEGACY
2018-02-06,TORNTPHARM,Torrent Pharmaceuticals,EQ,INE685A01028,1290.0,1340.0,1271.55,1333.75,1330.0,1342.35,99878,131102545.75,4481,LEGACY
2018-02-06,WOCKPHARMA,Wockhardt,EQ,INE049B01025,700.0,748.05,693.0,736.05,743.4,745.2,2711607,1957568813.1,40676,LEGACY
2018-02-07,ABBOTINDIA,Abbott India,EQ,INE358A01014,5298.0,5378.05,5261.0,5355.15,5349.0,5250.75,2606,13873970.9,406,LEGACY
2018-02-07,AJANTPHARM,Ajanta Pharma,EQ,INE031B01049,1305.0,1348.0,1305.0,1331.85,1315.0,1294.3,227194,301547743.3,13342,LEGACY
2018-02-07,ALKEM,Alkem Laboratories,EQ,INE540L01014,2115.15,2179.75,2115.15,2160.25,2147.6,2144.95,8254,17804215.25,2069,LEGACY
2018-02-07,APLLTD,Alembic Pharmaceuticals,EQ,INE901L01018,522.55,539.5,522.55,535.2,535.0,518.65,23156,12379744.8,1088,LEGACY
2018-02-07,AUROPHARMA,Aurobindo Pharma,EQ,INE406A01037,605.0,621.5,602.8,616.1,613.4,596.85,2704170,1660523196.65,48701,LEGACY
2018-02-07,BIOCON,Biocon,EQ,INE376G01013,595.05,606.3,586.6,590.6,592.95,584.95,1691090,1008480588.5,26004,LEGACY
2018-02-07,CADILAHC,Cadila Healthcare,EQ,INE010B01027,406.0,408.0,390.85,396.35,396.55,404.5,1125800,446278320.0,28851,LEGACY
2018-02-07,CIPLA,Cipla,EQ,INE059A01026,578.5,579.9,554.2,569.25,570.0,564.25,3161498,1786896466.25,47020,LEGACY
2018-02-07,DIVISLAB,Divi's Laboratories,EQ,INE361B01024,1010.0,1023.75,1005.7,1013.25,1015.2,1003.2,382513,388466149.95,13911,LEGACY
2018-02-07,DRREDDY,Dr. Reddy's Laboratories,EQ,INE089A01023,2125.15,2147.0,2096.25,2111.4,2103.0,2095.7,398161,846219387.15,28809,LEGACY
2018-02-07,GLAXO,GlaxoSmithKline Pharmaceuticals,EQ,INE159A01016,2460.15,2475.5,2415.0,2440.0,2420.0,2464.6,8597,21035057.8,2401,LEGACY
2018-02-07,GLENMARK,Glenmark Pharmaceuticals,EQ,INE935A01035,578.5,581.6,566.1,569.1,569.85,571.3,724192,414972870.05,25435,LEGACY
2018-02-07,GRANULES,Granules India,EQ,INE101D01020,118.1,120.35,116.9,119.15,119.05,114.85,1966801,233283230.7,12569,LEGACY
2018-02-07,IPCALAB,IPCA Laboratories,EQ,INE571A01020,565.95,609.8,558.0,573.1,571.95,555.1,1108873,652388141.85,29796,LEGACY
2018-02-07,JBCHEPHARM,JB Chemicals & Pharmaceuticals,EQ,INE572A01028,302.0,302.95,294.45,299.55,299.5,291.15,31492,9400056.2,1541,LEGACY
2018-02-07,LAURUSLABS,Laurus Labs,EQ,INE947Q01010,503.6,510.0,498.0,502.2,500.0,503.3,84772,42584418.65,1258,LEGACY
2018-02-07,LUPIN,Lupin,EQ,INE326A01037,796.0,813.5,781.8,806.05,804.4,800.9,5037897,4026697372.4,107906,LEGACY
2018-02-07,NATCOPHARM,Natco Pharma,EQ,INE987B01026,917.85,917.85,815.0,828.6,828.65,901.25,1264430,1073281052.65,48078,LEGACY
2018-02-07,PEL,Piramal Enterprises,EQ,INE140A01024,2600.0,2674.0,2562.25,2650.7,2626.1,2553.8,240345,630322212.7,19218,LEGACY
2018-02-07,PFIZER,Pfizer,EQ,INE182A01018,2186.0,2326.45,2186.0,2272.85,2270.0,2181.9,45829,104518974.8,4766,LEGACY
2018-02-07,SANOFI,Sanofi India,EQ,INE058A01010,4840.0,4840.0,4751.05,4787.2,4800.0,4776.55,2915,13960175.95,1001,LEGACY
2018-02-07,STAR,Strides Pharma Science,EQ,INE939A01011,688.0,697.85,678.5,693.15,689.85,671.35,532251,366500388.35,22741,LEGACY
2018-02-07,SUNPHARMA,Sun Pharmaceutical Industries,EQ,INE044A01036,556.0,557.45,542.6,549.5,548.95,551.8,5110233,2813952132.75,67662,LEGACY
2018-02-07,TORNTPHARM,Torrent Pharmaceuticals,EQ,INE685A01028,1330.5,1394.0,1316.8,1375.75,1370.0,1333.75,108269,147585304.3,6048,LEGACY
2018-02-07,WOCKPHARMA,Wockhardt,EQ,INE049B01025,760.0,781.9,750.0,768.8,760.4,736.05,2076540,1586697162.5,32499,LEGACY
2018-02-08,ABBOTINDIA,Abbott India,EQ,INE358A01014,5349.8,5507.35,5349.8,5463.25,5475.05,5355.15,1650,9023961.9,539,LEGACY
2018-02-08,AJANTPHARM,Ajanta Pharma,EQ,INE031B01049,1339.0,1413.0,1339.0,1397.8,1397.35,1331.85,245114,337827128.1,15841,LEGACY
2018-02-08,ALKEM,Alkem Laboratories,EQ,INE540L01014,2160.0,2190.0,2145.0,2175.2,2172.0,2160.25,8006,17368414.55,1653,LEGACY
2018-02-08,APLLTD,Alembic Pharmaceuticals,EQ,INE901L01018,526.05,548.0,526.05,541.75,543.0,535.2,401775,218451056.35,3602,LEGACY
2018-02-08,AUROPHARMA,Aurobindo Pharma,EQ,INE406A01037,615.75,620.65,599.9,601.85,601.0,616.1,4415403,2682521471.8,66606,LEGACY
2018-02-08,BIOCON,Biocon,EQ,INE376G01013,596.4,620.95,592.65,614.9,614.9,590.6,3077890,1881103219.35,47590,LEGACY
2018-02-08,CADILAHC,Cadila Healthcare,EQ,INE010B01027,399.85,418.0,398.55,405.2,402.5,396.35,3105912,1273429805.8,47720,LEGACY
2018-02-08,CIPLA,Cipla,EQ,INE059A01026,584.0,617.15,580.15,612.65,616.0,569.25,8349913,5054434530.0,128224,LEGACY
2018-02-08,DIVISLAB,Divi's Laboratories,EQ,INE361B01024,1016.0,1049.9,1016.0,1029.9,1030.0,1013.25,424810,439130964.3,12564,LEGACY
2018-02-08,DRREDDY,Dr. Reddy's Laboratories,EQ,INE089A01023,2125.0,2196.0,2125.0,2180.45,2180.0,2111.4,889623,1930574998.5,48617,LEGACY
2018-02-08,GLAXO,GlaxoSmithKline Pharmaceuticals,EQ,INE159A01016,2456.95,2474.0,2432.05,2461.65,2455.0,2440.0,9975,24469009.55,1271,LEGACY
2018-02-08,GLENMARK,Glenmark Pharmaceuticals,EQ,INE935A01035,569.5,581.0,559.55,579.6,581.0,569.1,2067700,1189234279.05,22523,LEGACY
2018-02-08,GRANULES,Granules India,EQ,INE101D01020,121.85,123.6,117.75,118.45,118.7,119.15,2952768,355864505.35,16447,LEGACY
2018-02-08,IPCALAB,IPCA Laboratories,EQ,INE571A01020,579.5,604.0,579.0,593.35,589.0,573.1,1080714,641093457.65,17873,LEGACY
2018-02-08,JBCHEPHARM,JB Chemicals & Pharmaceuticals,EQ,INE572A01028,302.9,309.5,293.0,302.8,304.0,299.55,53180,16190053.9,2597,LEGACY
2018-02-08,LAURUSLABS,Laurus Labs,EQ,INE947Q01010,503.55,514.45,502.35,508.7,509.95,502.2,164323,83660285.15,1255,LEGACY
2018-02-08,LUPIN,Lupin,EQ,INE326A01037,809.9,816.0,800.0,812.45,814.0,806.05,2057573,1667554010.2,46556,LEGACY
2018-02-08,NATCOPHARM,Natco Pharma,EQ,INE987B01026,840.0,846.0,824.0,829.6,827.95,828.6,396188,330650109.95,20044,LEGACY
2018-02-08,PEL,Piramal Enterprises,EQ,INE140A01024,2673.0,2726.45,2653.0,2705.8,2705.8,2650.7,180086,485827301.35,10997,LEGACY
2018-02-08,PFIZER,Pfizer,EQ,INE182A01018,2306.85,2334.0,2250.0,2267.95,2265.0,2272.85,32773,74968841.1,3473,LEGACY
2018-02-08,SANOFI,Sanofi India,EQ,INE058A01010,4795.85,4823.85,4705.5,4720.45,4712.0,4787.2,5402,25689051.85,1052,LEGACY
2018-02-08,STAR,Strides Pharma Science,EQ,INE939A01011,702.0,722.05,697.6,712.05,710.6,693.15,372840,264678740.85,11502,LEGACY
2018-02-08,SUNPHARMA,Sun Pharmaceutical Industries,EQ,INE044A01036,540.05,587.0,533.8,584.1,584.9,549.5,13707589,7751034043.8,160012,LEGACY
2018-02-08,TORNTPHARM,Torrent Pharmaceuticals,EQ,INE685A01028,1375.75,1404.3,1356.05,1380.85,1387.0,1375.75,156061,215002833.7,9166,LEGACY
2018-02-08,WOCKPHARMA,Wockhardt,EQ,INE049B01025,768.7,795.95,762.3,791.55,791.0,768.8,1718459,1347734334.15,28814,LEGACY
2018-02-09,ABBOTINDIA,Abbott India,EQ,INE358A01014,5730.0,5730.0,5310.0,5604.55,5575.0,5463.25,3393,18830876.45,961,LEGACY
2018-02-09,AJANTPHARM,Ajanta Pharma,EQ,INE031B01049,1351.0,1424.95,1350.0,1416.5,1405.95,1397.8,281479,395351735.2,15178,LEGACY
2018-02-09,ALKEM,Alkem Laboratories,EQ,INE540L01014,2178.2,2205.9,2080.65,2179.2,2176.0,2175.2,43117,93340821.7,6403,LEGACY
2018-02-09,APLLTD,Alembic Pharmaceuticals,EQ,INE901L01018,554.8,554.8,532.6,545.25,550.0,541.75,19361,10532873.4,857,LEGACY
2018-02-09,AUROPHARMA,Aurobindo Pharma,EQ,INE406A01037,591.0,596.75,580.0,589.5,587.85,601.85,5001450,2945330337.65,64252,LEGACY
2018-02-09,BIOCON,Biocon,EQ,INE376G01013,609.8,613.75,600.7,606.95,606.0,614.9,1527841,927873769.15,29031,LEGACY
2018-02-09,CADILAHC,Cadila Healthcare,EQ,INE010B01027,396.5,423.0,390.1,411.75,418.0,405.2,1645064,658651091.75,30714,LEGACY
2018-02-09,CIPLA,Cipla,EQ,INE059A01026,595.0,626.0,595.0,621.4,626.0,612.65,2373799,1454947096.25,39085,LEGACY
2018-02-09,DIVISLAB,Divi's Laboratories,EQ,INE361B01024,1005.0,1028.0,1005.0,1016.55,1013.95,1029.9,472189,479476456.55,14617,LEGACY
2018-02-09,DRREDDY,Dr. Reddy's Laboratories,EQ,INE089A01023,2150.0,2208.0,2133.6,2193.8,2193.8,2180.45,479123,1044349639.15,32142,LEGACY
2018-02-09,GLAXO,GlaxoSmithKline Pharmaceuticals,EQ,INE159A01016,2432.0,2474.0,2432.0,2466.25,2458.05,2461.65,8985,22063597.65,1211,LEGACY
2018-02-09,GLENMARK,Glenmark Pharmaceuticals,EQ,INE935A01035,540.0,544.5,524.0,535.2,536.05,579.6,6588431,3522672691.55,114808,LEGACY
2018-02-09,GRANULES,Granules India,EQ,INE101D01020,115.05,119.3,114.05,118.75,118.6,118.45,1502108,177334867.45,9450,LEGACY
2018-02-09,IPCALAB,IPCA Laboratories,EQ,INE571A01020,579.0,627.5,577.1,620.05,619.5,593.35,1893767,1173845121.75,23401,LEGACY
2018-02-09,JBCHEPHARM,JB Chemicals & Pharmaceuticals,EQ,INE572A01028,302.0,310.0,295.15,300.5,300.1,302.8,171665,51717277.2,3878,LEGACY
2018-02-09,LAURUSLABS,Laurus Labs,EQ,INE947Q01010,500.2,517.0,500.0,514.65,515.0,508.7,57973,29603082.25,1279,LEGACY
2018-02-09,LUPIN,Lupin,EQ,INE326A01037,804.0,829.3,799.0,822.15,821.5,812.45,2767071,2269496381.3,70950,LEGACY
2018-02-09,NATCOPHARM,Natco Pharma,EQ,INE987B01026,810.0,818.9,801.8,813.5,811.0,829.6,375203,304670758.0,14619,LEGACY
2018-02-09,PEL,Piramal Enterprises,EQ,INE140A01024,2654.0,2678.25,2620.15,2633.75,2628.0,2705.8,113681,300590997.6,11682,LEGACY
2018-02-09,PFIZER,Pfizer,EQ,INE182A01018,2220.05,2320.95,2219.25,2309.3,2302.0,2267.95,23293,53319996.25,3708,LEGACY
2018-02-09,SANOFI,Sanofi India,EQ,INE058A01010,4766.95,4766.95,4694.85,4724.9,4724.0,4720.45,7476,35367911.2,1404,LEGACY
2018-02-09,STAR,Strides Pharma Science,EQ,INE939A01011,698.0,746.55,690.55,739.75,740.0,712.05,633985,458702567.2,18621,LEGACY
2018-02-09,SUNPHARMA,Sun Pharmaceutical Industries,EQ,INE044A01036,570.1,586.0,570.1,582.7,583.5,584.1,3796079,2196312796.9,57390,LEGACY
2018-02-09,TORNTPHARM,Torrent Pharmaceuticals,EQ,INE685A01028,1351.0,1450.0,1332.6,1434.35,1427.0,1380.85,228837,319530179.1,11625,LEGACY
2018-02-09,WOCKPHARMA,Wockhardt,EQ,INE049B01025,770.35,814.45,768.2,808.25,810.05,791.55,1998726,1593510944.75,31961,LEGACY
2018-02-12,ABBOTINDIA,Abbott India,EQ,INE358A01014,5650.0,6159.0,5520.1,5886.25,5855.0,5604.55,14611,85995909.15,2625,LEGACY
2018-02-12,AJANTPHARM,Ajanta Pharma,EQ,INE031B01049,1431.0,1446.95,1421.9,1425.6,1424.55,1416.5,134427,192992052.3,6428,LEGACY
2018-02-12,ALKEM,Alkem Laboratories,EQ,INE540L01014,2160.0,2200.0,2145.0,2181.55,2180.0,2179.2,51852,112748562.5,5818,LEGACY
2018-02-12,APLLTD,Alembic Pharmaceuticals,EQ,INE901L01018,554.0,561.35,546.55,558.6,560.0,545.25,29069,16173667.5,1097,LEGACY
2018-02-12,AUROPHARMA,Aurobindo Pharma,EQ,INE406A01037,594.05,610.4,593.0,607.3,607.0,589.5,3059695,1848832352.75,60284,LEGACY
2018-02-12,BIOCON,Biocon,EQ,INE376G01013,610.95,619.85,609.0,612.05,610.0,606.95,1115591,685362110.5,19481,LEGACY
2018-02-12,CADILAHC,Cadila Healthcare,EQ,INE010B01027,427.3,434.05,419.5,423.65,422.0,411.75,2335436,991311000.9,42993,LEGACY
2018-02-12,CIPLA,Cipla,EQ,INE059A01026,629.35,635.0,618.85,621.65,621.0,621.4,1957424,1226965228.2,38989,LEGACY
2018-02-12,DIVISLAB,Divi's Laboratories,EQ,INE361B01024,1022.0,1043.0,1017.5,1036.5,1038.8,1016.55,488773,503379160.7,16454,LEGACY
2018-02-12,DRREDDY,Dr. Reddy's Laboratories,EQ,INE089A01023,2194.7,2229.75,2179.0,2204.25,2199.85,2193.8,482626,1067734473.0,23467,LEGACY
2018-02-12,GLAXO,GlaxoSmithKline Pharmaceuticals,EQ,INE159A01016,2445.0,2479.0,2432.95,2449.05,2437.0,2466.25,11599,28412935.1,1052,LEGACY
2018-02-12,GLENMARK,Glenmark Pharmaceuticals,EQ,INE935A01035,540.0,542.9,534.0,535.35,535.2,535.2,1626940,875402060.1,35641,LEGACY
2018-02-12,GRANULES,Granules India,EQ,INE101D01020,119.9,124.0,119.6,122.45,122.4,118.75,2394952,292466979.7,10683,LEGACY
2018-02-12,IPCALAB,IPCA Laboratories,EQ,INE571A01020,630.0,653.95,615.2,639.55,637.0,620.05,670024,428348228.75,19747,LEGACY
2018-02-12,JBCHEPHARM,JB Chemicals & Pharmaceuticals,EQ,INE572A01028,299.0,340.0,296.2,318.3,318.9,300.5,199414,64282378.4,4790,LEGACY
2018-02-12,LAURUSLABS,Laurus Labs,EQ,INE947Q01010,520.0,524.0,515.85,518.4,518.0,514.65,30911,16037629.2,903,LEGACY
2018-02-12,LUPIN,Lupin,EQ,INE326A01037,828.8,847.0,825.5,840.45,841.0,822.15,1781070,1493640121.2,39071,LEGACY
2018-02-12,NATCOPHARM,Natco Pharma,EQ,INE987B01026,821.0,837.25,817.0,819.65,821.0,813.5,295019,243432988.1,11040,LEGACY
2018-02-12,PEL,Piramal Enterprises,EQ,INE140A01024,2660.0,2709.4,2645.05,2687.3,2679.9,2633.75,120120,323008630.0,12835,LEGACY
2018-02-12,PFIZER,Pfizer,EQ,INE182A01018,2327.05,2349.0,2300.05,2321.4,2320.0,2309.3,69424,161194133.95,1872,LEGACY
2018-02-12,SANOFI,Sanofi India,EQ,INE058A01010,4712.1,4943.95,4712.1,4818.05,4815.0,4724.9,8742,42096269.1,1859,LEGACY
2018-02-12,STAR,Strides Pharma Science,EQ,INE939A01011,738.0,750.3,729.0,738.9,739.95,739.75,749668,557113218.85,9614,LEGACY
2018-02-12,SUNPHARMA,Sun Pharmaceutical Industries,EQ,INE044A01036,586.0,608.95,585.0,589.15,587.55,582.7,10261511,6109774754.6,124721,LEGACY
2018-02-12,TORNTPHARM,Torrent Pharmaceuticals,EQ,INE685A01028,1434.35,1443.8,1408.55,1430.8,1436.9,1434.35,86563,123626859.15,5350,LEGACY
2018-02-12,WOCKPHARMA,Wockhardt,EQ,INE049B01025,813.5,832.5,810.0,814.7,815.4,808.25,1776471,1459644569.95,29921,LEGACY
2018-02-15,ABBOTINDIA,Abbott India,EQ,INE358A01014,5790.0,5888.0,5621.0,5652.6,5655.0,5739.15,3722,21459415.5,1118,LEGACY
2018-02-15,AJANTPHARM,Ajanta Pharma,EQ,INE031B01049,1427.85,1427.85,1387.05,1408.0,1405.0,1421.25,119696,168303137.75,6400,LEGACY
2018-02-15,ALKEM,Alkem Laboratories,EQ,INE540L01014,2153.85,2175.0,2117.95,2132.4,2129.7,2153.8,13062,27922849.25,3114,LEGACY
2018-02-15,APLLTD,Alembic Pharmaceuticals,EQ,INE901L01018,560.0,589.4,557.8,577.15,572.0,561.3,241719,139654960.0,5065,LEGACY
2018-02-15,AUROPHARMA,Aurobindo Pharma,EQ,INE406A01037,603.0,608.4,590.15,592.55,592.0,602.1,2192642,1308190444.7,32438,LEGACY
2018-02-15,BIOCON,Biocon,EQ,INE376G01013,610.0,615.0,600.05,601.55,601.65,606.85,916547,555493360.75,17944,LEGACY
2018-02-15,CADILAHC,Cadila Healthcare,EQ,INE010B01027,419.9,422.1,414.4,417.1,416.5,419.6,630169,263616080.15,14032,LEGACY
2018-02-15,CIPLA,Cipla,EQ,INE059A01026,613.25,621.45,602.95,605.85,606.05,616.15,1391858,852958651.4,35104,LEGACY
2018-02-15,DIVISLAB,Divi's Laboratories,EQ,INE361B01024,1055.0,1059.9,1037.05,1048.1,1052.55,1050.7,260354,272225145.4,8611,LEGACY
2018-02-15,DRREDDY,Dr. Reddy's Laboratories,EQ,INE089A01023,2204.0,2219.0,2177.3,2195.8,2198.0,2183.3,345185,758792420.85,15786,LEGACY
2018-02-15,GLAXO,GlaxoSmithKline Pharmaceuticals,EQ,INE159A01016,2442.15,2458.0,2430.05,2448.6,2440.0,2459.05,10015,24522048.45,1371,LEGACY
2018-02-15,GLENMARK,Glenmark Pharmaceuticals,EQ,INE935A01035,531.0,533.95,526.7,529.65,528.5,530.45,1012891,536597795.0,32381,LEGACY
2018-02-15,GRANULES,Granules India,EQ,INE101D01020,122.95,123.0,117.15,117.9,118.2,122.05,1789010,214367352.5,8708,LEGACY
2018-02-15,IPCALAB,IPCA Laboratories,EQ,INE571A01020,642.0,656.7,595.0,601.05,605.0,639.55,538498,333900362.8,17298,LEGACY
2018-02-15,JBCHEPHARM,JB Chemicals & Pharmaceuticals,EQ,INE572A01028,316.05,320.65,313.9,318.7,319.0,318.75,176190,55950752.0,1468,LEGACY
2018-02-15,LAURUSLABS,Laurus Labs,EQ,INE947Q01010,535.35,541.9,525.1,527.25,527.0,535.7,155547,83707346.8,5079,LEGACY
2018-02-15,LUPIN,Lupin,EQ,INE326A01037,830.0,832.3,819.0,822.3,822.2,827.6,872676,718445477.65,23599,LEGACY
2018-02-15,NATCOPHARM,Natco Pharma,EQ,INE987B01026,796.0,800.0,783.0,788.15,789.1,783.85,463632,365933540.6,15638,LEGACY
2018-02-15,PEL,Piramal Enterprises,EQ,INE140A01024,2736.0,2766.3,2703.05,2711.0,2714.8,2733.3,87098,238571594.25,8089,LEGACY
2018-02-15,PFIZER,Pfizer,EQ,INE182A01018,2306.65,2369.8,2304.95,2315.5,2319.0,2328.7,6264,14586349.55,1232,LEGACY
2018-02-15,SANOFI,Sanofi India,EQ,INE058A01010,4911.95,4911.95,4847.35,4872.65,4850.0,4866.7,9046,44303419.5,877,LEGACY
2018-02-15,STAR,Strides Pharma Science,EQ,INE939A01011,736.9,736.9,707.15,717.05,714.5,723.4,344345,248075445.5,11166,LEGACY
2018-02-15,SUNPHARMA,Sun Pharmaceutical Industries,EQ,INE044A01036,565.4,584.95,565.4,575.75,575.4,574.8,10715444,6158523976.25,132667,LEGACY
2018-02-15,TORNTPHARM,Torrent Pharmaceuticals,EQ,INE685A01028,1432.0,1435.05,1412.0,1420.95,1417.3,1429.25,68486,97510877.7,6561,LEGACY
2018-02-15,WOCKPHARMA,Wockhardt,EQ,INE049B01025,831.05,837.55,782.55,790.2,794.7,824.85,1702266,1378637815.3,28210,LEGACY
2018-02-19,ABBOTINDIA,Abbott India,EQ,INE358A01014,5525.05,6125.0,5523.0,5686.15,5665.0,5518.15,5863,33495903.7,1854,LEGACY
2018-02-19,AJANTPHARM,Ajanta Pharma,EQ,INE031B01049,1390.0,1406.0,1321.5,1350.35,1359.0,1391.75,196395,265974097.25,9273,LEGACY
2018-02-19,ALKEM,Alkem Laboratories,EQ,INE540L01014,2135.0,2177.95,2125.0,2158.65,2175.0,2164.4,5012,10732354.35,1634,LEGACY
2018-02-19,APLLTD,Alembic Pharmaceuticals,EQ,INE901L01018,570.6,580.0,546.8,554.8,553.95,576.45,21968,12222504.7,1151,LEGACY
2018-02-19,AUROPHARMA,Aurobindo Pharma,EQ,INE406A01037,590.0,596.7,571.05,582.95,583.5,589.3,1794557,1047309068.0,38974,LEGACY
2018-02-19,BIOCON,Biocon,EQ,INE376G01013,609.2,609.95,582.05,590.95,589.5,606.9,1302244,771233360.05,26669,LEGACY
2018-02-19,CADILAHC,Cadila Healthcare,EQ,INE010B01027,415.0,415.9,405.4,408.95,408.7,414.3,465831,190774524.0,10660,LEGACY
2018-02-19,CIPLA,Cipla,EQ,INE059A01026,612.0,612.15,594.35,600.4,600.95,611.1,1216005,730333179.55,26068,LEGACY
2018-02-19,DIVISLAB,Divi's Laboratories,EQ,INE361B01024,1042.0,1045.0,1007.25,1016.8,1015.15,1045.65,502939,512615797.05,22978,LEGACY
2018-02-19,DRREDDY,Dr. Reddy's Laboratories,EQ,INE089A01023,2223.0,2233.95,2105.05,2152.0,2155.0,2213.55,562310,1219133973.8,37182,LEGACY
2018-02-19,GLAXO,GlaxoSmithKline Pharmaceuticals,EQ,INE159A01016,2444.0,2445.0,2414.15,2433.55,2433.65,2438.45,9187,22313302.25,1318,LEGACY
2018-02-19,GLENMARK,Glenmark Pharmaceuticals,EQ,INE935A01035,523.0,526.0,517.05,523.5,523.1,521.0,1042610,542709525.05,23199,LEGACY
2018-02-19,GRANULES,Granules India,EQ,INE101D01020,118.15,118.7,114.0,115.3,115.2,117.8,1354792,156852016.4,7338,LEGACY
2018-02-19,IPCALAB,IPCA Laboratories,EQ,INE571A01020,632.0,636.8,621.75,628.7,630.0,626.5,203152,127925393.0,13063,LEGACY
2018-02-19,JBCHEPHARM,JB Chemicals & Pharmaceuticals,EQ,INE572A01028,305.1,311.5,297.05,299.7,299.0,307.8,46368,13977454.95,1464,LEGACY
2018-02-19,LAURUSLABS,Laurus Labs,EQ,INE947Q01010,520.3,532.0,513.2,518.95,518.0,525.3,27581,14293143.2,1249,LEGACY
2018-02-19,LUPIN,Lupin,EQ,INE326A01037,825.9,835.0,807.0,814.4,813.3,825.1,1260233,1033995198.25,29210,LEGACY
2018-02-19,NATCOPHARM,Natco Pharma,EQ,INE987B01026,838.0,845.0,800.05,803.9,805.0,796.1,845395,687938501.8,25571,LEGACY
2018-02-19,PEL,Piramal Enterprises,EQ,INE140A01024,2620.0,2659.6,2587.05,2633.85,2620.15,2621.1,108357,284327032.65,8483,LEGACY
2018-02-19,PFIZER,Pfizer,EQ,INE182A01018,2316.0,2328.95,2268.0,2292.65,2290.0,2315.15,26600,61007203.6,2077,LEGACY
2018-02-19,SANOFI,Sanofi India,EQ,INE058A01010,4982.55,4982.6,4743.5,4799.15,4780.0,4938.4,7167,34771358.5,962,LEGACY
2018-02-19,STAR,Strides Pharma Science,EQ,INE939A01011,725.8,741.5,719.0,733.3,732.05,725.8,532717,391093196.05,13272,LEGACY
2018-02-19,SUNPHARMA,Sun Pharmaceutical Industries,EQ,INE044A01036,575.0,577.25,553.55,561.4,562.35,575.25,3518880,1987726092.0,64741,LEGACY
2018-02-19,TORNTPHARM,Torrent Pharmaceuticals,EQ,INE685A01028,1409.75,1419.65,1377.0,1393.2,1395.0,1423.15,79859,111365522.8,4860,LEGACY
2018-02-19,WOCKPHARMA,Wockhardt,EQ,INE049B01025,793.8,798.25,763.25,775.2,775.2,790.15,1196962,932806456.85,18814,LEGACY
2018-02-20,ABBOTINDIA,Abbott India,EQ,INE358A01014,5740.0,5740.0,5601.7,5611.35,5620.0,5686.15,1823,10288551.55,716,LEGACY
2018-02-20,AJANTPHARM,Ajanta Pharma,EQ,INE031B01049,1340.0,1354.05,1321.0,1323.85,1323.15,1350.35,178649,238216500.6,7891,LEGACY
2018-02-20,ALKEM,Alkem Laboratories,EQ,INE540L01014,2158.65,2184.0,2140.75,2171.0,2178.0,2158.65,53779,117161486.0,1797,LEGACY
2018-02-20,APLLTD,Alembic Pharmaceuticals,EQ,INE901L01018,558.9,575.0,550.55,571.05,572.3,554.8,136644,76633506.55,1669,LEGACY
2018-02-20,AUROPHARMA,Aurobindo Pharma,EQ,INE406A01037,584.0,584.45,571.5,574.8,574.0,582.95,2126266,1224576927.05,45099,LEGACY
2018-02-20,BIOCON,Biocon,EQ,INE376G01013,592.0,592.3,570.3,572.45,571.5,590.95,1473471,850927094.45,27475,LEGACY
2018-02-20,CADILAHC,Cadila Healthcare,EQ,INE010B01027,409.0,413.75,405.95,409.05,411.5,408.95,640764,262127945.4,11700,LEGACY
2018-02-20,CIPLA,Cipla,EQ,INE059A01026,603.45,606.1,592.0,603.45,603.5,600.4,1599249,957469220.35,28717,LEGACY
2018-02-20,DIVISLAB,Divi's Laboratories,EQ,INE361B01024,1016.8,1029.75,1002.4,1013.9,1012.0,1016.8,396055,403312754.8,14750,LEGACY
2018-02-20,DRREDDY,Dr. Reddy's Laboratories,EQ,INE089A01023,2155.0,2196.5,2144.2,2163.65,2169.0,2152.0,669025,1449200348.95,27568,LEGACY
2018-02-20,GLAXO,GlaxoSmithKline Pharmaceuticals,EQ,INE159A01016,2417.55,2435.85,2409.0,2419.05,2409.0,2433.55,10457,25318352.6,1130,LEGACY
2018-02-20,GLENMARK,Glenmark Pharmaceuticals,EQ,INE935A01035,524.0,527.95,522.9,523.95,523.65,523.5,419804,220318776.15,11643,LEGACY
2018-02-20,GRANULES,Granules India,EQ,INE101D01020,115.3,117.05,114.2,116.05,116.4,115.3,1018683,117635471.8,5580,LEGACY
2018-02-20,IPCALAB,IPCA Laboratories,EQ,INE571A01020,630.1,637.7,622.2,629.4,630.0,628.7,174516,110092897.85,8650,LEGACY
2018-02-20,JBCHEPHARM,JB Chemicals & Pharmaceuticals,EQ,INE572A01028,299.6,306.55,299.0,304.55,306.0,299.7,18923,5715331.0,841,LEGACY
2018-02-20,LAURUSLABS,Laurus Labs,EQ,INE947Q01010,527.0,527.0,513.95,519.0,521.6,518.95,28925,14982640.2,1467,LEGACY
2018-02-20,LUPIN,Lupin,EQ,INE326A01037,812.0,822.4,810.0,815.8,815.85,814.4,740252,605145723.05,17920,LEGACY
2018-02-20,NATCOPHARM,Natco Pharma,EQ,INE987B01026,805.0,811.95,777.65,783.6,782.0,803.9,254352,201837541.15,9702,LEGACY
2018-02-20,PEL,Piramal Enterprises,D1,INE140A08SX5,110000.0,110000.0,105400.0,105400.0,105400.0,117000.0,79,8368000.0,2,LEGACY
2018-02-20,PEL,Piramal Enterprises,EQ,INE140A01024,2649.0,2675.0,2622.95,2633.6,2636.05,2633.85,83407,220285696.9,8152,LEGACY
2018-02-20,PFIZER,Pfizer,EQ,INE182A01018,2280.0,2309.0,2272.5,2297.05,2300.0,2292.65,11572,26510188.05,1402,LEGACY
2018-02-20,SANOFI,Sanofi India,EQ,INE058A01010,4728.0,4895.0,4728.0,4855.6,4850.0,4799.15,6077,29386887.75,1112,LEGACY
2018-02-20,STAR,Strides Pharma Science,EQ,INE939A01011,732.95,739.7,718.0,722.85,720.05,733.3,288179,210348813.65,8894,LEGACY
2018-02-20,SUNPHARMA,Sun Pharmaceutical Industries,EQ,INE044A01036,564.65,566.65,557.0,559.5,558.95,561.4,2481944,1391163466.25,55025,LEGACY
2018-02-20,TORNTPHARM,Torrent Pharmaceuticals,EQ,INE685A01028,1395.0,1399.95,1373.05,1383.95,1377.0,1393.2,63716,88353821.4,5131,LEGACY
2018-02-20,WOCKPHARMA,Wockhardt,EQ,INE049B01025,774.0,780.8,750.0,762.1,762.1,775.2,1429038,1091110660.9,24455,LEGACY
2018-02-21,ABBOTINDIA,Abbott India,EQ,INE358A01014,5667.45,5798.0,5621.65,5640.3,5655.0,5611.35,4550,25954209.95,998,LEGACY
2018-02-21,AJANTPHARM,Ajanta Pharma,EQ,INE031B01049,1330.0,1365.0,1311.3,1356.45,1356.45,1323.85,237837,316981399.45,8552,LEGACY
2018-02-21,ALKEM,Alkem Laboratories,EQ,INE540L01014,2149.0,2168.95,2140.0,2152.95,2147.1,2171.0,6108,13165053.3,1554,LEGACY
2018-02-21,APLLTD,Alembic Pharmaceuticals,EQ,INE901L01018,575.0,576.0,556.3,560.85,557.4,571.05,28100,15772414.05,1192,LEGACY
2018-02-21,AUROPHARMA,Aurobindo Pharma,EQ,INE406A01037,581.0,581.0,560.7,571.0,571.0,574.8,4040988,2302885038.85,95125,LEGACY
2018-02-21,BIOCON,Biocon,EQ,INE376G01013,558.0,584.8,553.2,579.65,582.8,572.45,5859856,3336099501.35,85951,LEGACY
2018-02-21,CADILAHC,Cadila Healthcare,EQ,INE010B01027,411.0,413.4,404.3,411.15,410.75,409.05,812011,331824307.9,12029,LEGACY
2018-02-21,CIPLA,Cipla,EQ,INE059A01026,607.0,607.75,589.25,597.25,595.0,603.45,1409752,841941842.6,21356,LEGACY
2018-02-21,DIVISLAB,Divi's Laboratories,EQ,INE361B01024,1018.0,1024.7,997.3,1006.75,1009.0,1013.9,628446,633255190.25,15125,LEGACY
2018-02-21,DRREDDY,Dr. Reddy's Laboratories,EQ,INE089A01023,2180.2,2202.0,2140.75,2165.9,2174.95,2163.65,498005,1083989059.15,23149,LEGACY
2018-02-21,GLAXO,GlaxoSmithKline Pharmaceuticals,EQ,INE159A01016,2417.05,2417.05,2376.25,2388.9,2386.05,2419.05,11251,26896947.5,1284,LEGACY
2018-02-21,GLENMARK,Glenmark Pharmaceuticals,EQ,INE935A01035,524.0,528.0,521.5,524.95,524.0,523.95,559394,293476327.25,15008,LEGACY
2018-02-21,GRANULES,Granules India,EQ,INE101D01020,116.75,117.25,114.4,115.05,114.9,116.05,870779,100348999.4,4516,LEGACY
2018-02-21,IPCALAB,IPCA Laboratories,EQ,INE571A01020,631.3,645.0,627.3,640.05,640.0,629.4,426141,271058124.45,6926,LEGACY
2018-02-21,JBCHEPHARM,JB Chemicals & Pharmaceuticals,EQ,INE572A01028,308.95,308.95,300.05,302.5,302.5,304.55,21377,6461224.45,781,LEGACY
2018-02-21,LAURUSLABS,Laurus Labs,EQ,INE947Q01010,511.5,521.9,511.5,516.95,516.0,519.0,31273,16162758.2,1302,LEGACY
2018-02-21,LUPIN,Lupin,EQ,INE326A01037,816.8,827.95,811.5,813.95,814.0,815.8,1184810,967657788.1,31260,LEGACY
2018-02-21,NATCOPHARM,Natco Pharma,EQ,INE987B01026,790.0,790.0,774.2,780.1,778.5,783.6,582511,454998815.7,42562,LEGACY
2018-02-21,PEL,Piramal Enterprises,EQ,INE140A01024,2640.1,2656.9,2605.0,2639.95,2653.85,2633.6,100388,264225970.9,12118,LEGACY
2018-02-21,PFIZER,Pfizer,EQ,INE182A01018,2298.0,2304.95,2263.95,2282.0,2290.7,2297.05,10572,24113980.4,1834,LEGACY
2018-02-21,SANOFI,Sanofi India,EQ,INE058A01010,4854.0,4944.0,4805.0,4842.55,4806.7,4855.6,4408,21486015.45,1089,LEGACY
2018-02-21,STAR,Strides Pharma Science,EQ,INE939A01011,730.0,730.0,693.2,698.4,695.15,722.85,507469,358771027.65,14687,LEGACY
2018-02-21,SUNPHARMA,Sun Pharmaceutical Industries,EQ,INE044A01036,560.05,563.0,511.3,525.75,523.9,559.5,21898950,11604015114.75,286290,LEGACY
2018-02-21,TORNTPHARM,Torrent Pharmaceuticals,EQ,INE685A01028,1377.0,1383.0,1344.65,1354.0,1358.0,1383.95,94520,127909129.25,4398,LEGACY
2018-02-21,WOCKPHARMA,Wockhardt,EQ,INE049B01025,769.0,774.2,747.0,758.2,758.55,762.1,1107420,838962553.55,18375,LEGACY
2018-02-22,ABBOTINDIA,Abbott India,EQ,INE358A01014,5690.0,5780.0,5649.6,5754.4,5702.5,5640.3,5612,32130330.3,1222,LEGACY
2018-02-22,AJANTPHARM,Ajanta Pharma,EQ,INE031B01049,1356.0,1373.7,1331.05,1350.3,1343.45,1356.45,156521,212231006.1,8816,LEGACY
2018-02-22,ALKEM,Alkem Laboratories,EQ,INE540L01014,2158.65,2180.0,2148.05,2174.8,2176.0,2152.95,7202,15583610.95,1704,LEGACY
2018-02-22,APLLTD,Alembic Pharmaceuticals,EQ,INE901L01018,564.9,569.35,552.0,563.7,564.9,560.85,14234,7975487.4,1000,LEGACY
2018-02-22,AUROPHARMA,Aurobindo Pharma,EQ,INE406A01037,565.05,596.65,561.0,586.85,588.6,571.0,6761246,3946073091.8,95891,LEGACY
2018-02-22,BIOCON,Biocon,EQ,INE376G01013,581.0,629.0,576.0,619.75,625.0,579.65,14562000,8869276796.1,186963,LEGACY
2018-02-22,CADILAHC,Cadila Healthcare,EQ,INE010B01027,410.0,410.0,399.1,400.65,399.9,411.15,4166528,1677583024.7,21876,LEGACY
2018-02-22,CIPLA,Cipla,EQ,INE059A01026,595.0,597.25,586.6,589.65,588.0,597.25,1859008,1098451899.2,23547,LEGACY
2018-02-22,DIVISLAB,Divi's Laboratories,EQ,INE361B01024,997.05,1025.65,997.05,1019.25,1017.0,1006.75,775993,787285278.8,23609,LEGACY
2018-02-22,DRREDDY,Dr. Reddy's Laboratories,EQ,INE089A01023,2167.0,2172.6,2086.55,2123.45,2124.1,2165.9,1665309,3528916142.95,68634,LEGACY
2018-02-22,GLAXO,GlaxoSmithKline Pharmaceuticals,EQ,INE159A01016,2380.0,2440.0,2365.1,2411.95,2428.8,2388.9,9903,23763192.7,1600,LEGACY
2018-02-22,GLENMARK,Glenmark Pharmaceuticals,EQ,INE935A01035,526.0,531.85,522.0,523.55,523.4,524.95,1591455,837884727.0,33050,LEGACY
2018-02-22,GRANULES,Granules India,EQ,INE101D01020,115.0,115.05,111.9,112.35,112.5,115.05,3324412,375610038.45,16362,LEGACY
2018-02-22,IPCALAB,IPCA Laboratories,EQ,INE571A01020,642.0,676.9,638.05,661.45,662.0,640.05,764399,508041721.8,33648,LEGACY
2018-02-22,JBCHEPHARM,JB Chemicals & Pharmaceuticals,EQ,INE572A01028,304.85,306.0,298.05,303.9,304.0,302.5,23532,7120449.7,984,LEGACY
2018-02-22,LAURUSLABS,Laurus Labs,EQ,INE947Q01010,511.55,520.0,511.0,514.6,514.0,516.95,118341,60946795.05,863,LEGACY
2018-02-22,LUPIN,Lupin,EQ,INE326A01037,813.0,815.5,796.25,800.05,801.1,813.95,1669008,1348058219.25,50862,LEGACY
2018-02-22,NATCOPHARM,Natco Pharma,EQ,INE987B01026,777.9,780.9,765.0,766.6,766.65,780.1,181009,139959585.05,22752,LEGACY
2018-02-22,PEL,Piramal Enterprises,EQ,INE140A01024,2640.0,2640.0,2580.65,2590.1,2582.6,2639.95,146347,380026611.45,17229,LEGACY
2018-02-22,PFIZER,Pfizer,EQ,INE182A01018,2274.3,2285.0,2247.0,2268.85,2285.0,2282.0,20314,45985866.45,4680,LEGACY
2018-02-22,SANOFI,Sanofi India,EQ,INE058A01010,4847.8,4847.95,4778.4,4835.65,4825.0,4842.55,2101,10136374.25,544,LEGACY
2018-02-22,STAR,Strides Pharma Science,EQ,INE939A01011,704.0,704.0,677.4,681.2,680.9,698.4,811336,557183922.1,14945,LEGACY
2018-02-22,SUNPHARMA,Sun Pharmaceutical Industries,EQ,INE044A01036,527.5,547.0,524.0,541.45,545.5,525.75,12473655,6697735061.35,137037,LEGACY
2018-02-22,TORNTPHARM,Torrent Pharmaceuticals,EQ,INE685A01028,1350.1,1359.95,1306.4,1322.2,1323.0,1354.0,197307,262444099.2,10123,LEGACY
2018-02-22,WOCKPHARMA,Wockhardt,EQ,INE049B01025,757.75,771.3,749.65,762.2,765.15,758.2,1443111,1097365854.7,20545,LEGACY
2018-02-23,ABBOTINDIA,Abbott India,EQ,INE358A01014,5760.0,5834.95,5700.15,5811.3,5834.0,5754.4,2505,14457302.85,523,LEGACY
2018-02-23,AJANTPHARM,Ajanta Pharma,EQ,INE031B01049,1368.0,1378.45,1359.05,1374.45,1374.0,1350.3,149023,204141619.05,7211,LEGACY
2018-02-23,ALKEM,Alkem Laboratories,EQ,INE540L01014,2174.7,2202.1,2151.1,2181.3,2181.65,2174.8,28548,62250673.55,3250,LEGACY
2018-02-23,APLLTD,Alembic Pharmaceuticals,EQ,INE901L01018,568.0,568.9,555.15,561.9,563.45,563.7,19400,10898511.5,1200,LEGACY
2018-02-23,AUROPHARMA,Aurobindo Pharma,EQ,INE406A01037,589.0,612.0,588.05,601.9,602.45,586.85,5799249,3497720621.55,88871,LEGACY
2018-02-23,BIOCON,Biocon,EQ,INE376G01013,625.0,639.85,624.3,628.25,627.65,619.75,7309244,4623146892.75,105830,LEGACY
2018-02-23,CADILAHC,Cadila Healthcare,EQ,INE010B01027,400.95,408.95,399.9,406.55,405.5,400.65,618503,251259738.8,11028,LEGACY
2018-02-23,CIPLA,Cipla,EQ,INE059A01026,591.8,605.0,590.0,595.65,594.0,589.65,1576584,942521102.55,41664,LEGACY
2018-02-23,DIVISLAB,Divi's Laboratories,EQ,INE361B01024,1017.0,1052.45,1016.9,1050.1,1049.0,1019.25,806228,843167065.65,21738,LEGACY
2018-02-23,DRREDDY,Dr. Reddy's Laboratories,EQ,INE089A01023,2142.4,2185.0,2135.05,2167.05,2159.0,2123.45,743506,1611231856.85,31045,LEGACY
2018-02-23,GLAXO,GlaxoSmithKline Pharmaceuticals,EQ,INE159A01016,2410.0,2425.0,2382.0,2404.7,2395.0,2411.95,17257,41452189.95,1892,LEGACY
2018-02-23,GLENMARK,Glenmark Pharmaceuticals,EQ,INE935A01035,525.0,536.65,524.95,534.3,534.85,523.55,929934,493927519.3,22736,LEGACY
2018-02-23,GRANULES,Granules India,EQ,INE101D01020,112.75,118.0,112.75,117.35,117.25,112.35,2578335,298107796.75,17036,LEGACY
2018-02-23,IPCALAB,IPCA Laboratories,EQ,INE571A01020,668.5,689.4,663.75,672.75,676.0,661.45,759359,515539731.05,33897,LEGACY
2018-02-23,JBCHEPHARM,JB Chemicals & Pharmaceuticals,EQ,INE572A01028,300.1,307.8,300.1,305.65,305.7,303.9,18640,5664077.95,699,LEGACY
2018-02-23,LAURUSLABS,Laurus Labs,EQ,INE947Q01010,514.9,521.0,514.05,515.7,516.2,514.6,35272,18261810.35,1263,LEGACY
2018-02-23,LUPIN,Lupin,EQ,INE326A01037,803.1,814.8,803.1,807.5,809.35,800.05,1754473,1420140133.85,42701,LEGACY
2018-02-23,NATCOPHARM,Natco Pharma,EQ,INE987B01026,772.5,783.5,770.0,778.15,777.0,766.6,341187,265699495.95,31980,LEGACY
2018-02-23,PEL,Piramal Enterprises,EQ,INE140A01024,2598.0,2644.4,2595.0,2623.9,2622.5,2590.1,122361,321001201.6,10081,LEGACY
2018-02-23,PFIZER,Pfizer,EQ,INE182A01018,2275.0,2325.0,2264.05,2306.8,2305.3,2268.85,17256,39721178.55,2422,LEGACY
2018-02-23,SANOFI,Sanofi India,EQ,INE058A01010,4870.0,4870.0,4790.0,4825.95,4850.0,4835.65,51739,249192559.55,3488,LEGACY
2018-02-23,STAR,Strides Pharma Science,EQ,INE939A01011,686.0,701.65,683.0,693.5,693.0,681.2,348931,242166861.95,10758,LEGACY
2018-02-23,SUNPHARMA,Sun Pharmaceutical Industries,EQ,INE044A01036,550.0,575.25,546.0,569.65,574.0,541.45,30844893,17325227823.7,320454,LEGACY
2018-02-23,TORNTPHARM,Torrent Pharmaceuticals,EQ,INE685A01028,1323.0,1355.25,1320.0,1336.55,1348.0,1322.2,103815,138436564.7,5349,LEGACY
2018-02-23,WOCKPHARMA,Wockhardt,EQ,INE049B01025,767.15,794.4,767.15,785.3,786.1,762.2,1918253,1504677376.1,34429,LEGACY
2018-02-26,ABBOTINDIA,Abbott India,EQ,INE358A01014,5812.0,5846.0,5726.35,5799.55,5756.0,5811.3,1997,11568020.8,537,LEGACY
2018-02-26,AJANTPHARM,Ajanta Pharma,EQ,INE031B01049,1386.0,1439.0,1376.75,1425.1,1436.0,1374.45,236600,332525481.8,11298,LEGACY
2018-02-26,ALKEM,Alkem Laboratories,EQ,INE540L01014,2200.0,2225.0,2184.05,2202.3,2211.5,2181.3,21834,48073568.05,8180,LEGACY
2018-02-26,APLLTD,Alembic Pharmaceuticals,EQ,INE901L01018,562.0,571.95,562.0,570.35,570.0,561.9,20387,11601499.0,725,LEGACY
2018-02-26,AUROPHARMA,Aurobindo Pharma,EQ,INE406A01037,601.9,616.75,596.0,615.05,614.0,601.9,2658613,1621875884.45,43959,LEGACY
2018-02-26,BIOCON,Biocon,EQ,INE376G01013,630.0,633.75,619.8,628.8,627.0,628.25,2473373,1550937105.6,38786,LEGACY
2018-02-26,CADILAHC,Cadila Healthcare,EQ,INE010B01027,408.85,410.8,405.35,406.9,408.8,406.55,1225265,499278425.5,9315,LEGACY
2018-02-26,CIPLA,Cipla,EQ,INE059A01026,596.25,598.3,588.75,590.1,589.5,595.65,1417465,840072974.65,30252,LEGACY
2018-02-26,DIVISLAB,Divi's Laboratories,EQ,INE361B01024,1060.0,1063.0,1032.25,1035.35,1040.0,1050.1,240854,251244126.95,7001,LEGACY
2018-02-26,DRREDDY,Dr. Reddy's Laboratories,EQ,INE089A01023,2120.0,2207.2,2090.0,2193.8,2193.0,2167.05,1184749,2550252299.9,59634,LEGACY
2018-02-26,GLAXO,GlaxoSmithKline Pharmaceuticals,EQ,INE159A01016,2404.7,2430.05,2392.25,2408.4,2399.0,2404.7,14978,36084404.7,3691,LEGACY
2018-02-26,GLENMARK,Glenmark Pharmaceuticals,EQ,INE935A01035,534.4,542.5,534.0,537.55,537.0,534.3,548560,295571139.2,20059,LEGACY
2018-02-26,GRANULES,Granules India,EQ,INE101D01020,118.65,120.1,116.4,119.7,119.8,117.35,1400606,165724299.35,12390,LEGACY
2018-02-26,IPCALAB,IPCA Laboratories,EQ,INE571A01020,672.0,684.0,657.25,676.35,672.75,672.75,434575,293245682.35,25950,LEGACY
2018-02-26,JBCHEPHARM,JB Chemicals & Pharmaceuticals,EQ,INE572A01028,305.8,317.7,304.85,315.8,315.0,305.65,86653,27114800.85,1580,LEGACY
2018-02-26,LAURUSLABS,Laurus Labs,EQ,INE947Q01010,515.7,524.6,515.25,520.8,519.1,515.7,44831,23317675.95,1708,LEGACY
2018-02-26,LUPIN,Lupin,EQ,INE326A01037,813.0,824.5,810.15,821.3,822.0,807.5,1034951,846313623.35,26087,LEGACY
2018-02-26,NATCOPHARM,Natco Pharma,EQ,INE987B01026,783.95,786.0,768.0,772.85,775.0,778.15,256663,198607242.95,7864,LEGACY
2018-02-26,PEL,Piramal Enterprises,EQ,INE140A01024,2634.9,2663.1,2620.35,2644.0,2643.0,2623.9,107655,284737335.5,9555,LEGACY
2018-02-26,PFIZER,Pfizer,EQ,INE182A01018,2298.0,2312.0,2270.0,2290.45,2270.5,2306.8,21243,48626687.05,3848,LEGACY
2018-02-26,SANOFI,Sanofi India,EQ,INE058A01010,4859.0,4950.0,4844.85,4916.9,4924.0,4825.95,33664,164235513.5,1340,LEGACY
2018-02-26,STAR,Strides Pharma Science,EQ,INE939A01011,693.5,715.0,693.5,710.3,710.0,693.5,255481,181190452.0,11060,LEGACY
2018-02-26,SUNPHARMA,Sun Pharmaceutical Industries,EQ,INE044A01036,570.0,571.9,553.35,555.95,555.4,569.65,8083731,4527948076.1,118565,LEGACY
2018-02-26,TORNTPHARM,Torrent Pharmaceuticals,EQ,INE685A01028,1345.0,1357.35,1316.05,1344.55,1357.35,1336.55,115540,154076456.35,8636,LEGACY
2018-02-26,WOCKPHARMA,Wockhardt,EQ,INE049B01025,789.25,795.95,783.05,786.2,786.1,785.3,796060,627517943.35,12167,LEGACY
2018-02-28,ABBOTINDIA,Abbott India,EQ,INE358A01014,5849.0,5850.0,5684.0,5743.1,5720.0,5857.0,2040,11777229.6,545,LEGACY
2018-02-28,AJANTPHARM,Ajanta Pharma,EQ,INE031B01049,1399.95,1405.0,1376.55,1397.75,1397.75,1403.75,196512,273963424.2,11338,LEGACY
2018-02-28,ALKEM,Alkem Laboratories,EQ,INE540L01014,2228.7,2230.95,2211.0,2226.3,2221.0,2230.35,13065,28965453.85,2883,LEGACY
2018-02-28,APLLTD,Alembic Pharmaceuticals,EQ,INE901L01018,563.95,563.95,550.05,552.75,551.8,561.7,28789,16008377.4,1513,LEGACY
2018-02-28,AUROPHARMA,Aurobindo Pharma,EQ,INE406A01037,603.25,618.9,603.25,613.9,614.45,614.4,1572536,964384574.35,44877,LEGACY
2018-02-28,BIOCON,Biocon,EQ,INE376G01013,619.0,645.0,619.0,630.05,627.35,622.9,6497436,4140253834.05,86356,LEGACY
2018-02-28,CADILAHC,Cadila Healthcare,EQ,INE010B01027,403.9,407.05,401.5,405.1,405.0,407.9,653753,264720109.1,17891,LEGACY
2018-02-28,CIPLA,Cipla,EQ,INE059A01026,590.0,596.6,587.1,589.65,591.0,586.5,2255189,1335695161.7,48667,LEGACY
2018-02-28,DIVISLAB,Divi's Laboratories,EQ,INE361B01024,1030.0,1034.45,1016.5,1025.9,1028.95,1035.55,362857,371848697.9,9664,LEGACY
2018-02-28,DRREDDY,Dr. Reddy's Laboratories,EQ,INE089A01023,2223.05,2266.95,2218.2,2237.25,2234.0,2236.0,992777,2234953233.15,53878,LEGACY
2018-02-28,GLAXO,GlaxoSmithKline Pharmaceuticals,EQ,INE159A01016,2384.0,2415.0,2371.35,2384.15,2375.15,2393.4,13950,33312147.85,1573,LEGACY
2018-02-28,GLENMARK,Glenmark Pharmaceuticals,EQ,INE935A01035,538.75,546.75,538.0,544.55,545.0,540.4,915406,498244417.8,34852,LEGACY
2018-02-28,GRANULES,Granules India,EQ,INE101D01020,115.25,119.5,114.75,118.4,118.55,117.3,3130502,368994754.25,23392,LEGACY
2018-02-28,IPCALAB,IPCA Laboratories,EQ,INE571A01020,673.0,674.85,665.55,672.85,672.25,672.9,158209,106335529.8,7277,LEGACY
2018-02-28,JBCHEPHARM,JB Chemicals & Pharmaceuticals,EQ,INE572A01028,317.0,318.9,307.55,315.15,318.0,319.2,99614,31031712.7,4629,LEGACY
2018-02-28,LAURUSLABS,Laurus Labs,EQ,INE947Q01010,525.5,548.0,525.0,543.55,542.2,537.4,76894,41556024.75,2954,LEGACY
2018-02-28,LUPIN,Lupin,EQ,INE326A01037,823.9,828.9,815.1,819.95,822.0,826.3,882036,724427835.95,39525,LEGACY
2018-02-28,NATCOPHARM,Natco Pharma,EQ,INE987B01026,769.95,812.4,756.45,798.7,792.0,770.05,549387,431650116.45,32046,LEGACY
2018-02-28,PEL,Piramal Enterprises,D1,INE140A08SX5,106000.0,106000.0,106000.0,106000.0,106000.0,105400.0,5,530000.0,1,LEGACY
2018-02-28,PEL,Piramal Enterprises,EQ,INE140A01024,2629.05,2629.05,2575.0,2582.55,2578.0,2618.25,205790,533111885.65,24678,LEGACY
2018-02-28,PFIZER,Pfizer,EQ,INE182A01018,2270.0,2285.0,2253.0,2272.2,2267.0,2270.05,10331,23417072.4,3031,LEGACY
2018-02-28,SANOFI,Sanofi India,EQ,INE058A01010,4999.85,5145.0,4956.6,5096.25,5025.0,4969.95,16813,85163660.55,5148,LEGACY
2018-02-28,STAR,Strides Pharma Science,EQ,INE939A01011,706.0,720.75,698.2,717.5,716.0,704.3,352640,251470262.05,10321,LEGACY
2018-02-28,SUNPHARMA,Sun Pharmaceutical Industries,EQ,INE044A01036,543.0,552.35,532.65,535.35,534.5,544.8,8366660,4527095669.65,102791,LEGACY
2018-02-28,TORNTPHARM,Torrent Pharmaceuticals,EQ,INE685A01028,1348.0,1386.0,1329.55,1368.65,1366.0,1348.35,424288,581682246.15,18738,LEGACY
2018-02-28,WOCKPHARMA,Wockhardt,EQ,INE049B01025,794.5,827.4,785.15,820.1,823.0,797.5,2411628,1964396351.0,42723,LEGACY
2018-03-01,ABBOTINDIA,Abbott India,EQ,INE358A01014,5767.15,5772.2,5700.0,5744.25,5750.0,5743.1,1954,11214380.15,796,LEGACY
2018-03-01,AJANTPHARM,Ajanta Pharma,EQ,INE031B01049,1395.0,1431.95,1390.0,1398.05,1394.9,1397.75,299284,422717010.8,14310,LEGACY
2018-03-01,ALKEM,Alkem Laboratories,EQ,INE540L01014,2230.95,2230.95,2215.05,2224.95,2225.0,2226.3,4706,10463992.0,1126,LEGACY
2018-03-01,APLLTD,Alembic Pharmaceuticals,EQ,INE901L01018,550.0,556.0,543.65,553.4,553.25,552.75,369787,203524143.9,1557,LEGACY
2018-03-01,AUROPHARMA,Aurobindo Pharma,EQ,INE406A01037,615.0,628.0,615.0,624.1,622.5,613.9,3649095,2279446575.2,52633,LEGACY
2018-03-01,BIOCON,Biocon,EQ,INE376G01013,631.0,640.0,625.1,626.85,625.55,630.05,1682637,1062218866.55,26219,LEGACY
2018-03-01,CADILAHC,Cadila Healthcare,EQ,INE010B01027,405.1,409.5,403.45,404.05,403.85,405.1,577581,233767108.25,7212,LEGACY
2018-03-01,CIPLA,Cipla,EQ,INE059A01026,593.9,593.9,580.4,581.7,585.0,589.65,1343806,786663635.35,23762,LEGACY
2018-03-01,DIVISLAB,Divi's Laboratories,EQ,INE361B01024,1026.9,1032.45,1017.25,1018.45,1018.55,1025.9,272425,278403374.05,10316,LEGACY
2018-03-01,DRREDDY,Dr. Reddy's Laboratories,EQ,INE089A01023,2200.05,2239.75,2193.55,2231.5,2229.0,2237.25,430777,959652250.65,29121,LEGACY
2018-03-01,GLAXO,GlaxoSmithKline Pharmaceuticals,EQ,INE159A01016,2397.7,2397.7,2372.2,2378.9,2372.85,2384.15,5259,12520910.4,741,LEGACY
2018-03-01,GLENMARK,Glenmark Pharmaceuticals,EQ,INE935A01035,546.75,550.9,541.0,544.5,542.2,544.55,973598,532861906.55,30339,LEGACY
2018-03-01,GRANULES,Granules India,EQ,INE101D01020,118.0,118.7,115.35,115.75,115.8,118.4,1265195,147692047.9,9632,LEGACY
2018-03-01,IPCALAB,IPCA Laboratories,EQ,INE571A01020,672.5,695.9,672.5,686.2,685.8,672.85,454538,313275860.75,15742,LEGACY
2018-03-01,JBCHEPHARM,JB Chemicals & Pharmaceuticals,EQ,INE572A01028,315.0,320.95,313.1,319.65,320.0,315.15,63592,20130062.25,2384,LEGACY
2018-03-01,LAURUSLABS,Laurus Labs,EQ,INE947Q01010,543.55,543.95,528.15,531.75,528.2,543.55,26186,14022434.8,1224,LEGACY
2018-03-01,LUPIN,Lupin,EQ,INE326A01037,820.0,824.25,802.3,803.9,804.0,819.95,1311644,1062146301.9,45135,LEGACY
2018-03-01,NATCOPHARM,Natco Pharma,EQ,INE987B01026,792.0,794.5,778.15,780.4,782.0,798.7,360818,283451123.95,34587,LEGACY
2018-03-01,PEL,Piramal Enterprises,EQ,INE140A01024,2581.0,2582.5,2535.0,2547.05,2541.85,2582.55,149181,381446191.8,14901,LEGACY
2018-03-01,PFIZER,Pfizer,EQ,INE182A01018,2278.0,2319.05,2264.6,2282.9,2270.0,2272.2,18332,41959731.25,2198,LEGACY
2018-03-01,SANOFI,Sanofi India,EQ,INE058A01010,5076.95,5150.0,5023.0,5123.0,5150.0,5096.25,3320,16936820.05,749,LEGACY
2018-03-01,STAR,Strides Pharma Science,EQ,INE939A01011,712.0,719.5,704.0,710.25,710.05,717.5,203912,144749777.75,5293,LEGACY
2018-03-01,SUNPHARMA,Sun Pharmaceutical Industries,EQ,INE044A01036,537.95,541.5,533.25,535.4,535.25,535.35,4264631,2290107548.55,59197,LEGACY
2018-03-01,TORNTPHARM,Torrent Pharmaceuticals,EQ,INE685A01028,1360.0,1363.0,1317.1,1338.1,1341.45,1368.65,442347,589845736.3,14408,LEGACY
2018-03-01,WOCKPHARMA,Wockhardt,EQ,INE049B01025,822.0,833.8,810.1,815.3,816.15,820.1,1508864,1243403074.65,29056,LEGACY
2018-03-05,ABBOTINDIA,Abbott India,EQ,INE358A01014,5729.1,5750.0,5700.0,5737.2,5721.95,5744.25,2338,13421350.95,1023,LEGACY
2018-03-05,AJANTPHARM,Ajanta Pharma,EQ,INE031B01049,1404.0,1404.0,1352.0,1364.15,1356.1,1398.05,205261,281075912.8,10780,LEGACY
2018-03-05,ALKEM,Alkem Laboratories,EQ,INE540L01014,2208.55,2229.95,2200.15,2221.55,2225.0,2224.95,33358,73893679.05,3736,LEGACY
2018-03-05,APLLTD,Alembic Pharmaceuticals,EQ,INE901L01018,559.95,559.95,547.55,548.65,548.95,553.4,128934,70736664.4,1471,LEGACY
2018-03-05,AUROPHARMA,Aurobindo Pharma,EQ,INE406A01037,603.1,613.0,590.0,600.75,599.7,624.1,8672423,5200140059.75,98695,LEGACY
2018-03-05,BIOCON,Biocon,EQ,INE376G01013,625.35,632.55,618.45,623.3,624.25,626.85,1603339,1002473038.8,25384,LEGACY
2018-03-05,CADILAHC,Cadila Healthcare,EQ,INE010B01027,404.25,405.0,388.5,391.9,391.7,404.05,952536,373954614.3,14303,LEGACY
2018-03-05,CIPLA,Cipla,EQ,INE059A01026,582.1,585.0,578.05,579.25,580.5,581.7,1179725,685205241.6,27175,LEGACY
2018-03-05,DIVISLAB,Divi's Laboratories,EQ,INE361B01024,1018.0,1019.9,1008.0,1012.1,1012.0,1018.45,472011,477903155.25,24607,LEGACY
2018-03-05,DRREDDY,Dr. Reddy's Laboratories,EQ,INE089A01023,2229.8,2239.9,2175.8,2180.8,2182.15,2231.5,598344,1314430749.65,23294,LEGACY
2018-03-05,GLAXO,GlaxoSmithKline Pharmaceuticals,EQ,INE159A01016,2396.8,2430.0,2351.0,2386.1,2361.15,2378.9,20725,49398792.05,2023,LEGACY
2018-03-05,GLENMARK,Glenmark Pharmaceuticals,EQ,INE935A01035,542.0,552.8,539.25,551.4,552.0,544.5,1360938,740391586.9,28821,LEGACY
2018-03-05,GRANULES,Granules India,EQ,INE101D01020,116.0,116.35,112.3,113.75,113.8,115.75,1581713,179561228.65,13584,LEGACY
2018-03-05,IPCALAB,IPCA Laboratories,EQ,INE571A01020,682.5,691.7,675.0,685.25,688.0,686.2,229316,157065255.0,16453,LEGACY
2018-03-05,JBCHEPHARM,JB Chemicals & Pharmaceuticals,EQ,INE572A01028,315.05,319.85,311.65,317.25,318.5,319.65,44129,13960740.8,1586,LEGACY
2018-03-05,LAURUSLABS,Laurus Labs,EQ,INE947Q01010,545.0,545.0,527.1,530.7,528.2,531.75,107659,57731299.25,4695,LEGACY
2018-03-05,LUPIN,Lupin,EQ,INE326A01037,804.0,806.0,789.0,790.15,790.0,803.9,1944252,1541331062.2,51990,LEGACY
2018-03-05,NATCOPHARM,Natco Pharma,EQ,INE987B01026,781.0,782.9,753.0,756.3,755.1,780.4,296062,225681559.2,23668,LEGACY
2018-03-05,PEL,Piramal Enterprises,EQ,INE140A01024,2540.0,2540.05,2430.0,2440.9,2451.0,2547.05,235361,580769972.9,17362,LEGACY
2018-03-05,PFIZER,Pfizer,EQ,INE182A01018,2266.85,2279.95,2210.2,2221.7,2217.65,2282.9,16782,37461267.65,3969,LEGACY
2018-03-05,SANOFI,Sanofi India,EQ,INE058A01010,5110.0,5110.05,5025.1,5071.9,5060.0,5123.0,4027,20385552.25,1150,LEGACY
2018-03-05,STAR,Strides Pharma Science,EQ,INE939A01011,710.0,710.0,690.0,704.65,703.15,710.25,180818,126458102.8,6343,LEGACY
2018-03-05,SUNPHARMA,Sun Pharmaceutical Industries,EQ,INE044A01036,535.1,552.7,527.05,548.55,547.35,535.4,7343286,3980485799.8,111214,LEGACY
2018-03-05,TORNTPHARM,Torrent Pharmaceuticals,EQ,INE685A01028,1338.0,1375.95,1310.45,1366.6,1375.8,1338.1,469594,632643104.95,14199,LEGACY
2018-03-05,WOCKPHARMA,Wockhardt,EQ,INE049B01025,813.5,829.0,800.5,803.9,807.0,815.3,1448043,1178696851.5,25633,LEGACY
2018-03-06,ABBOTINDIA,Abbott India,EQ,INE358A01014,5717.0,5769.95,5677.0,5712.1,5727.0,5737.2,54038,308593186.4,1026,LEGACY
2018-03-06,AJANTPHARM,Ajanta Pharma,EQ,INE031B01049,1366.9,1381.55,1325.0,1338.05,1332.0,1364.15,471601,641326591.45,5199,LEGACY
2018-03-06,ALKEM,Alkem Laboratories,EQ,INE540L01014,2225.0,2272.5,2215.0,2260.15,2262.9,2221.55,26947,60702758.15,3399,LEGACY
2018-03-06,APLLTD,Alembic Pharmaceuticals,EQ,INE901L01018,545.0,555.4,545.0,550.85,554.5,548.65,195796,107737471.55,1403,LEGACY
2018-03-06,AUROPHARMA,Aurobindo Pharma,EQ,INE406A01037,602.0,619.9,601.4,606.2,605.0,600.75,4505696,2755267757.55,70922,LEGACY
2018-03-06,BIOCON,Biocon,EQ,INE376G01013,628.75,643.7,626.0,632.4,630.3,623.3,3343002,2127327277.05,52581,LEGACY
2018-03-06,CADILAHC,Cadila Healthcare,EQ,INE010B01027,393.8,396.9,386.15,389.6,389.25,391.9,681762,267114046.35,15220,LEGACY
2018-03-06,CIPLA,Cipla,EQ,INE059A01026,581.6,589.4,580.05,584.1,585.0,579.25,1891302,1107025403.5,50801,LEGACY
2018-03-06,DIVISLAB,Divi's Laboratories,EQ,INE361B01024,1012.0,1023.7,1009.5,1013.7,1013.35,1012.1,409750,417204789.4,10935,LEGACY
2018-03-06,DRREDDY,Dr. Reddy's Laboratories,EQ,INE089A01023,2201.45,2223.8,2166.85,2176.45,2176.5,2180.8,415000,914863770.05,23272,LEGACY
2018-03-06,GLAXO,GlaxoSmithKline Pharmaceuticals,EQ,INE159A01016,2365.05,2385.0,2320.05,2344.0,2332.35,2386.1,12564,29523480.7,1778,LEGACY
2018-03-06,GLENMARK,Glenmark Pharmaceuticals,EQ,INE935A01035,555.0,568.45,553.6,560.8,558.5,551.4,1641322,923184101.0,37822,LEGACY
2018-03-06,GRANULES,Granules India,EQ,INE101D01020,114.75,115.15,107.1,110.3,110.2,113.75,2198443,246069338.3,7385,LEGACY
2018-03-06,IPCALAB,IPCA Laboratories,EQ,INE571A01020,683.0,687.65,651.4,663.75,665.0,685.25,164048,110854153.2,3645,LEGACY
2018-03-06,JBCHEPHARM,JB Chemicals & Pharmaceuticals,EQ,INE572A01028,318.0,318.75,305.0,307.85,305.95,317.25,44925,13988556.55,1539,LEGACY
2018-03-06,LAURUSLABS,Laurus Labs,EQ,INE947Q01010,533.0,545.0,530.0,536.15,534.95,530.7,157030,84761788.6,3696,LEGACY
2018-03-06,LUPIN,Lupin,EQ,INE326A01037,792.0,795.0,768.4,773.4,770.55,790.15,2526715,1972683226.55,76323,LEGACY
2018-03-06,NATCOPHARM,Natco Pharma,EQ,INE987B01026,762.9,767.5,722.0,729.35,722.1,756.3,458009,340895302.0,44741,LEGACY
2018-03-06,PEL,Piramal Enterprises,D1,INE140A08SX5,100000.0,100000.0,100000.0,100000.0,100000.0,106000.0,40,4000000.0,9,LEGACY
2018-03-06,PEL,Piramal Enterprises,EQ,INE140A01024,2469.9,2469.9,2360.1,2369.5,2364.5,2440.9,274977,661199757.55,24134,LEGACY
2018-03-06,PFIZER,Pfizer,EQ,INE182A01018,2238.95,2239.0,2170.0,2182.3,2171.0,2221.7,10981,24026990.1,1387,LEGACY
2018-03-06,SANOFI,Sanofi India,EQ,INE058A01010,5088.0,5145.0,4933.05,5026.1,5025.05,5071.9,11509,57406702.4,2187,LEGACY
2018-03-06,STAR,Strides Pharma Science,EQ,INE939A01011,706.15,709.8,675.0,677.85,675.05,704.65,300175,206774234.9,7870,LEGACY
2018-03-06,SUNPHARMA,Sun Pharmaceutical Industries,EQ,INE044A01036,561.0,563.0,530.0,531.75,530.45,548.55,9825945,5347798766.2,115197,LEGACY
2018-03-06,TORNTPHARM,Torrent Pharmaceuticals,EQ,INE685A01028,1370.0,1375.0,1339.2,1345.95,1360.0,1366.6,541245,732885899.7,15944,LEGACY
2018-03-06,WOCKPHARMA,Wockhardt,EQ,INE049B01025,811.15,821.9,758.05,778.8,774.0,803.9,1078379,864879707.95,18614,LEGACY
2018-03-07,ABBOTINDIA,Abbott India,EQ,INE358A01014,5670.05,5785.0,5650.5,5739.35,5750.0,5712.1,3074,17634413.0,1398,LEGACY
2018-03-07,AJANTPHARM,Ajanta Pharma,EQ,INE031B01049,1334.0,1350.55,1317.5,1327.4,1336.0,1338.05,141168,187985280.05,5711,LEGACY
2018-03-07,ALKEM,Alkem Laboratories,EQ,INE540L01014,2231.0,2260.0,2170.05,2214.85,2226.0,2260.15,13057,28959265.8,2505,LEGACY
2018-03-07,APLLTD,Alembic Pharmaceuticals,EQ,INE901L01018,550.85,552.05,532.35,542.1,545.0,550.85,21375,11556215.25,1148,LEGACY
2018-03-07,AUROPHARMA,Aurobindo Pharma,EQ,INE406A01037,606.5,610.0,588.3,593.45,595.0,606.2,2955133,1773978271.2,41949,LEGACY
2018-03-07,BIOCON,Biocon,EQ,INE376G01013,635.9,635.9,602.3,604.25,607.0,632.4,2631553,1615307845.35,45030,LEGACY
2018-03-07,CADILAHC,Cadila Healthcare,EQ,INE010B01027,388.0,388.3,375.75,381.3,380.5,389.6,574978,218911768.7,12004,LEGACY
2018-03-07,CIPLA,Cipla,EQ,INE059A01026,587.45,589.1,578.2,580.2,580.0,584.1,1849650,1079256441.7,31700,LEGACY
2018-03-07,DIVISLAB,Divi's Laboratories,EQ,INE361B01024,1011.7,1016.2,985.0,990.8,988.8,1013.7,571021,571064212.75,33633,LEGACY
2018-03-07,DRREDDY,Dr. Reddy's Laboratories,EQ,INE089A01023,2176.5,2204.3,2143.0,2149.6,2150.1,2176.45,492494,1068175248.8,29114,LEGACY
2018-03-07,GLAXO,GlaxoSmithKline Pharmaceuticals,EQ,INE159A01016,2332.5,2332.5,2278.0,2291.95,2285.6,2344.0,11354,26070107.25,1841,LEGACY
2018-03-07,GLENMARK,Glenmark Pharmaceuticals,EQ,INE935A01035,562.0,567.0,557.3,559.3,559.05,560.8,1090191,611399696.9,19536,LEGACY
2018-03-07,GRANULES,Granules India,EQ,INE101D01020,110.85,110.9,106.8,107.8,107.75,110.3,1527455,165519583.65,8183,LEGACY
2018-03-07,IPCALAB,IPCA Laboratories,EQ,INE571A01020,658.0,688.0,653.4,672.65,675.0,663.75,368399,248822895.9,12279,LEGACY
2018-03-07,JBCHEPHARM,JB Chemicals & Pharmaceuticals,EQ,INE572A01028,308.0,308.0,303.0,306.6,305.25,307.85,41316,12606609.55,1632,LEGACY
2018-03-07,LAURUSLABS,Laurus Labs,EQ,INE947Q01010,526.05,536.15,515.1,520.15,524.05,536.15,66624,34910926.05,2248,LEGACY
2018-03-07,LUPIN,Lupin,EQ,INE326A01037,772.0,773.4,756.0,761.75,762.7,773.4,1288034,982845235.95,36490,LEGACY
2018-03-07,NATCOPHARM,Natco Pharma,EQ,INE987B01026,731.5,731.5,697.6,722.55,719.0,729.35,844035,604701823.85,56443,LEGACY
2018-03-07,PEL,Piramal Enterprises,D1,INE140A08SX5,99000.0,99000.0,98500.0,98500.0,98500.0,100000.0,40,3952500.0,3,LEGACY
2018-03-07,PEL,Piramal Enterprises,EQ,INE140A01024,2369.0,2372.7,2275.0,2297.45,2284.0,2369.5,286487,663025847.8,20600,LEGACY
2018-03-07,PFIZER,Pfizer,EQ,INE182A01018,2175.0,2220.8,2168.0,2195.55,2199.95,2182.3,16579,36377313.75,3908,LEGACY
2018-03-07,SANOFI,Sanofi India,EQ,INE058A01010,5026.0,5098.0,4994.0,5047.4,5098.0,5026.1,6339,31940013.25,1190,LEGACY
2018-03-07,STAR,Strides Pharma Science,EQ,INE939A01011,675.1,679.95,660.0,666.95,665.1,677.85,180461,120446729.3,5050,LEGACY
2018-03-07,SUNPHARMA,Sun Pharmaceutical Industries,EQ,INE044A01036,532.0,534.15,520.1,524.85,523.35,531.75,6282066,3305557741.0,67981,LEGACY
2018-03-07,TORNTPHARM,Torrent Pharmaceuticals,EQ,INE685A01028,1347.1,1351.9,1301.35,1329.4,1335.0,1345.95,383547,507560578.1,18930,LEGACY
2018-03-07,WOCKPHARMA,Wockhardt,EQ,INE049B01025,773.4,784.0,756.0,764.75,769.0,778.8,1295924,996614063.3,20536,LEGACY
2018-03-08,ABBOTINDIA,Abbott India,EQ,INE358A01014,5692.0,5758.95,5600.0,5619.2,5610.0,5739.35,1994,11258932.9,522,LEGACY
2018-03-08,AJANTPHARM,Ajanta Pharma,EQ,INE031B01049,1350.0,1357.0,1315.05,1352.8,1352.75,1327.4,152746,204845038.95,9480,LEGACY
2018-03-08,ALKEM,Alkem Laboratories,EQ,INE540L01014,2219.0,2250.0,2216.0,2236.8,2226.7,2214.85,7855,17548876.95,2066,LEGACY
2018-03-08,APLLTD,Alembic Pharmaceuticals,EQ,INE901L01018,546.0,556.0,533.2,544.45,548.0,542.1,22387,12125769.45,1121,LEGACY
2018-03-08,AUROPHARMA,Aurobindo Pharma,EQ,INE406A01037,597.0,601.95,584.05,589.2,589.0,593.45,1925079,1137481966.45,34503,LEGACY
2018-03-08,BIOCON,Biocon,EQ,INE376G01013,608.0,615.55,591.0,600.2,602.5,604.25,2739044,1639963159.9,40649,LEGACY
2018-03-08,CADILAHC,Cadila Healthcare,EQ,INE010B01027,382.4,390.85,381.0,388.9,390.3,381.3,859579,331488528.4,18989,LEGACY
2018-03-08,CIPLA,Cipla,EQ,INE059A01026,584.0,584.0,574.0,578.0,576.0,580.2,1084582,627977637.4,27340,LEGACY
2018-03-08,DIVISLAB,Divi's Laboratories,EQ,INE361B01024,992.15,1007.0,980.5,1002.7,1002.85,990.8,405968,403081753.1,12641,LEGACY
2018-03-08,DRREDDY,Dr. Reddy's Laboratories,EQ,INE089A01023,2172.9,2182.0,2128.1,2143.4,2156.0,2149.6,476763,1023927018.5,27116,LEGACY
2018-03-08,GLAXO,GlaxoSmithKline Pharmaceuticals,EQ,INE159A01016,2285.6,2297.0,2261.6,2286.25,2277.0,2291.95,13588,30950406.25,2099,LEGACY
2018-03-08,GLENMARK,Glenmark Pharmaceuticals,EQ,INE935A01035,560.5,564.45,548.65,552.95,551.95,559.3,1125455,625911268.8,24662,LEGACY
2018-03-08,GRANULES,Granules India,EQ,INE101D01020,108.8,110.4,104.85,108.5,108.4,107.8,1427508,153213763.9,7420,LEGACY
2018-03-08,IPCALAB,IPCA Laboratories,EQ,INE571A01020,677.0,679.95,658.55,667.3,669.0,672.65,106392,70918336.7,6659,LEGACY
2018-03-08,JBCHEPHARM,JB Chemicals & Pharmaceuticals,EQ,INE572A01028,303.2,309.8,302.5,306.95,306.6,306.6,30277,9244006.35,1392,LEGACY
2018-03-08,LAURUSLABS,Laurus Labs,EQ,INE947Q01010,521.1,527.0,512.0,521.3,521.0,520.15,98577,51459550.6,2376,LEGACY
2018-03-08,LUPIN,Lupin,EQ,INE326A01037,765.0,774.4,750.15,771.15,770.9,761.75,1345222,1026690681.35,36767,LEGACY
2018-03-08,NATCOPHARM,Natco Pharma,EQ,INE987B01026,722.6,726.55,703.0,715.55,714.0,722.55,638239,453513721.05,23304,LEGACY
2018-03-08,PEL,Piramal Enterprises,D1,INE140A08SX5,95600.0,96000.0,95600.0,96000.0,96000.0,98500.0,25,2398000.0,4,LEGACY
2018-03-08,PEL,Piramal Enterprises,EQ,INE140A01024,2312.0,2344.25,2278.05,2331.5,2320.85,2297.45,284062,657741291.9,22024,LEGACY
2018-03-08,PFIZER,Pfizer,EQ,INE182A01018,2190.05,2209.0,2152.1,2197.35,2209.0,2195.55,16080,35213413.1,2201,LEGACY
2018-03-08,SANOFI,Sanofi India,EQ,INE058A01010,5078.35,5150.0,5016.65,5100.45,5150.0,5047.4,3757,19113194.95,885,LEGACY
2018-03-08,STAR,Strides Pharma Science,EQ,INE939A01011,670.05,675.7,652.0,659.45,656.0,666.95,187559,124245937.7,6241,LEGACY
2018-03-08,SUNPHARMA,Sun Pharmaceutical Industries,EQ,INE044A01036,529.7,530.5,509.5,514.6,510.0,524.85,9316674,4817580004.9,89212,LEGACY
2018-03-08,TORNTPHARM,Torrent Pharmaceuticals,EQ,INE685A01028,1338.0,1345.95,1310.0,1317.8,1317.0,1329.4,289502,381580006.75,13244,LEGACY
2018-03-08,WOCKPHARMA,Wockhardt,EQ,INE049B01025,774.0,780.0,752.5,762.7,766.0,764.75,1065562,812767723.45,15447,LEGACY
2018-03-12,ABBOTINDIA,Abbott India,EQ,INE358A01014,5665.0,5700.0,5622.0,5651.45,5636.0,5616.9,1685,9546028.15,1078,LEGACY
2018-03-12,AJANTPHARM,Ajanta Pharma,EQ,INE031B01049,1334.9,1369.0,1323.0,1353.2,1360.0,1321.65,119908,160544307.9,8300,LEGACY
2018-03-12,ALKEM,Alkem Laboratories,EQ,INE540L01014,2240.0,2240.0,2190.0,2204.2,2192.2,2216.85,33852,74959532.45,3149,LEGACY
2018-03-12,APLLTD,Alembic Pharmaceuticals,EQ,INE901L01018,537.85,545.0,534.25,543.25,545.0,532.55,13738,7418347.85,756,LEGACY
2018-03-12,AUROPHARMA,Aurobindo Pharma,EQ,INE406A01037,593.0,598.0,574.0,582.85,582.15,592.45,2692769,1573784126.2,37954,LEGACY
2018-03-12,BIOCON,Biocon,EQ,INE376G01013,604.0,604.0,583.4,595.25,594.95,595.15,2071157,1228234788.95,35230,LEGACY
2018-03-12,CADILAHC,Cadila Healthcare,EQ,INE010B01027,389.0,392.0,378.9,389.3,389.05,384.2,574306,220969071.95,12219,LEGACY
2018-03-12,CIPLA,Cipla,EQ,INE059A01026,575.05,582.2,563.55,580.65,578.7,571.05,919792,527827403.15,29567,LEGACY
2018-03-12,DIVISLAB,Divi's Laboratories,EQ,INE361B01024,1005.0,1018.2,997.05,1013.8,1012.05,998.7,244331,245829545.9,10265,LEGACY
2018-03-12,DRREDDY,Dr. Reddy's Laboratories,EQ,INE089A01023,2160.0,2163.7,2122.0,2148.4,2155.55,2129.9,530428,1135228307.0,18319,LEGACY
2018-03-12,GLAXO,GlaxoSmithKline Pharmaceuticals,EQ,INE159A01016,2269.0,2282.95,2242.2,2256.15,2254.3,2272.8,8479,19129322.95,1298,LEGACY
2018-03-12,GLENMARK,Glenmark Pharmaceuticals,EQ,INE935A01035,534.8,542.0,533.75,536.65,536.95,533.15,723438,388942699.45,24069,LEGACY
2018-03-12,GRANULES,Granules India,EQ,INE101D01020,108.1,109.4,106.5,108.5,109.4,107.2,1043838,112425761.7,5831,LEGACY
2018-03-12,IPCALAB,IPCA Laboratories,EQ,INE571A01020,686.4,687.0,677.7,683.8,681.0,679.8,125212,85556716.9,12478,LEGACY
2018-03-12,JBCHEPHARM,JB Chemicals & Pharmaceuticals,EQ,INE572A01028,301.05,305.9,301.0,301.55,301.1,300.6,47978,14501817.75,812,LEGACY
2018-03-12,LAURUSLABS,Laurus Labs,EQ,INE947Q01010,520.25,524.45,518.05,521.4,521.45,519.4,55848,29111855.05,1246,LEGACY
2018-03-12,LUPIN,Lupin,EQ,INE326A01037,768.0,773.7,761.2,769.8,772.0,764.5,1174238,902416439.2,20560,LEGACY
2018-03-12,NATCOPHARM,Natco Pharma,EQ,INE987B01026,723.95,734.4,718.5,730.05,733.95,719.4,219426,159462400.9,8163,LEGACY
2018-03-12,PEL,Piramal Enterprises,EQ,INE140A01024,2390.35,2420.0,2360.1,2415.55,2410.0,2362.6,120392,288771640.6,13417,LEGACY
2018-03-12,PFIZER,Pfizer,EQ,INE182A01018,2199.0,2208.8,2176.05,2200.05,2200.0,2196.9,13957,30657466.95,2625,LEGACY
2018-03-12,SANOFI,Sanofi India,EQ,INE058A01010,5089.05,5124.75,5033.0,5079.4,5052.6,5089.05,2526,12829291.05,528,LEGACY
2018-03-12,STAR,Strides Pharma Science,EQ,INE939A01011,672.0,672.0,654.15,667.95,669.1,661.15,153682,101775749.9,7394,LEGACY
2018-03-12,SUNPHARMA,Sun Pharmaceutical Industries,EQ,INE044A01036,511.0,516.0,506.55,512.65,514.35,506.8,4632925,2371066717.75,51740,LEGACY
2018-03-12,TORNTPHARM,Torrent Pharmaceuticals,EQ,INE685A01028,1335.0,1348.0,1281.0,1311.85,1314.0,1329.8,487366,638747890.8,31430,LEGACY
2018-03-12,WOCKPHARMA,Wockhardt,EQ,INE049B01025,762.7,774.65,732.1,766.6,772.0,749.05,1329066,997060973.4,22524,LEGACY
2018-03-13,ABBOTINDIA,Abbott India,EQ,INE358A01014,5630.1,5699.65,5552.3,5611.3,5619.5,5651.45,2163,12129963.2,694,LEGACY
2018-03-13,AJANTPHARM,Ajanta Pharma,EQ,INE031B01049,1355.5,1394.95,1348.65,1384.95,1374.35,1353.2,132665,182157160.9,6690,LEGACY
2018-03-13,ALKEM,Alkem Laboratories,EQ,INE540L01014,2200.2,2213.95,2194.95,2197.1,2195.0,2204.2,20999,46162446.7,2532,LEGACY
2018-03-13,APLLTD,Alembic Pharmaceuticals,EQ,INE901L01018,545.0,545.0,540.0,542.2,540.05,543.25,7861,4264815.55,606,LEGACY
2018-03-13,AUROPHARMA,Aurobindo Pharma,EQ,INE406A01037,581.9,588.35,577.55,581.65,581.35,582.85,2285767,1331280609.05,43985,LEGACY
2018-03-13,BIOCON,Biocon,EQ,INE376G01013,588.2,610.35,582.3,603.8,603.5,595.25,3084553,1845447239.05,42864,LEGACY
2018-03-13,CADILAHC,Cadila Healthcare,EQ,INE010B01027,388.8,396.7,384.0,390.45,390.0,389.3,899152,352683208.9,19774,LEGACY
2018-03-13,CIPLA,Cipla,EQ,INE059A01026,579.0,582.9,575.15,578.75,580.35,580.65,801792,464496250.95,34299,LEGACY
2018-03-13,DIVISLAB,Divi's Laboratories,EQ,INE361B01024,1014.0,1050.0,1008.0,1035.45,1047.05,1013.8,839762,864974688.5,20175,LEGACY
2018-03-13,DRREDDY,Dr. Reddy's Laboratories,EQ,INE089A01023,2142.0,2194.15,2141.25,2181.5,2185.0,2148.4,519269,1128327592.55,20817,LEGACY
2018-03-13,GLAXO,GlaxoSmithKline Pharmaceuticals,EQ,INE159A01016,2258.0,2290.0,2250.0,2269.3,2282.5,2256.15,9145,20704435.45,1674,LEGACY
2018-03-13,GLENMARK,Glenmark Pharmaceuticals,EQ,INE935A01035,536.95,540.95,533.0,538.15,537.45,536.65,501265,269091839.7,16194,LEGACY
2018-03-13,GRANULES,Granules India,EQ,INE101D01020,108.2,111.85,108.0,109.9,109.8,108.5,1648683,181880064.35,7979,LEGACY
2018-03-13,IPCALAB,IPCA Laboratories,EQ,INE571A01020,675.0,690.05,670.1,676.85,674.0,683.8,299501,203814243.5,4583,LEGACY
2018-03-13,JBCHEPHARM,JB Chemicals & Pharmaceuticals,EQ,INE572A01028,301.15,311.0,301.0,302.75,302.5,301.55,34789,10620461.85,1116,LEGACY
2018-03-13,LAURUSLABS,Laurus Labs,EQ,INE947Q01010,520.15,547.65,519.5,544.3,543.1,521.4,101536,54770433.2,2883,LEGACY
2018-03-13,LUPIN,Lupin,EQ,INE326A01037,770.0,784.9,768.6,780.6,780.9,769.8,881387,687026001.7,21920,LEGACY
2018-03-13,NATCOPHARM,Natco Pharma,EQ,INE987B01026,728.95,746.0,725.5,744.7,745.1,730.05,371696,274331511.65,21442,LEGACY
2018-03-13,PEL,Piramal Enterprises,D1,INE140A08SX5,103000.0,104000.0,103000.0,103500.0,104000.0,100000.0,22,2276500.0,7,LEGACY
2018-03-13,PEL,Piramal Enterprises,EQ,INE140A01024,2419.7,2489.85,2401.6,2481.9,2485.0,2415.55,220810,542983116.25,18960,LEGACY
2018-03-13,PFIZER,Pfizer,EQ,INE182A01018,2191.2,2221.0,2175.0,2185.45,2180.0,2200.05,9613,21020188.8,1969,LEGACY
2018-03-13,SANOFI,Sanofi India,EQ,INE058A01010,5025.3,5348.95,5025.3,5229.25,5200.0,5079.4,6375,33216706.6,1205,LEGACY
2018-03-13,STAR,Strides Pharma Science,EQ,INE939A01011,665.0,679.5,665.0,676.5,675.65,667.95,234061,157665429.5,6810,LEGACY
2018-03-13,SUNPHARMA,Sun Pharmaceutical Industries,EQ,INE044A01036,512.65,525.5,512.65,523.3,524.5,512.65,4795084,2495180479.0,69568,LEGACY
2018-03-13,TORNTPHARM,Torrent Pharmaceuticals,EQ,INE685A01028,1310.0,1321.35,1296.05,1305.5,1304.0,1311.85,110900,144737668.85,6421,LEGACY
2018-03-13,WOCKPHARMA,Wockhardt,EQ,INE049B01025,766.0,781.35,762.35,773.35,775.05,766.6,1105911,853440727.75,17834,LEGACY
2018-03-14,ABBOTINDIA,Abbott India,EQ,INE358A01014,5610.0,5685.0,5591.9,5593.15,5592.0,5611.3,3285,18493730.9,626,LEGACY
2018-03-14,AJANTPHARM,Ajanta Pharma,EQ,INE031B01049,1376.0,1392.95,1360.0,1378.0,1380.0,1384.95,131144,180397369.3,5642,LEGACY
2018-03-14,ALKEM,Alkem Laboratories,EQ,INE540L01014,2200.0,2225.0,2178.0,2196.7,2178.35,2197.1,16194,35621627.25,1068,LEGACY
2018-03-14,APLLTD,Alembic Pharmaceuticals,EQ,INE901L01018,549.9,549.9,539.9,540.1,540.95,542.2,20090,10866490.7,654,LEGACY
2018-03-14,AUROPHARMA,Aurobindo Pharma,EQ,INE406A01037,582.5,586.45,572.65,577.8,577.8,581.65,1915029,1109533064.0,32547,LEGACY
2018-03-14,BIOCON,Biocon,EQ,INE376G01013,603.7,617.0,601.3,605.75,605.55,603.8,3153213,1921244242.9,45574,LEGACY
2018-03-14,CADILAHC,Cadila Healthcare,EQ,INE010B01027,389.85,392.45,388.0,388.7,388.0,390.45,238018,92637177.6,4375,LEGACY
2018-03-14,CIPLA,Cipla,EQ,INE059A01026,578.35,583.8,571.65,577.9,577.6,578.75,811747,467504896.65,20853,LEGACY
2018-03-14,DIVISLAB,Divi's Laboratories,EQ,INE361B01024,1029.0,1061.95,1028.8,1054.85,1057.9,1035.45,411421,430732275.5,12456,LEGACY
2018-03-14,DRREDDY,Dr. Reddy's Laboratories,EQ,INE089A01023,2185.0,2196.0,2166.8,2181.45,2184.55,2181.5,266769,581907660.55,12420,LEGACY
2018-03-14,GLAXO,GlaxoSmithKline Pharmaceuticals,EQ,INE159A01016,2260.0,2299.0,2260.0,2289.35,2288.4,2269.3,7823,17855678.35,1519,LEGACY
2018-03-14,GLENMARK,Glenmark Pharmaceuticals,EQ,INE935A01035,539.0,557.5,537.25,552.3,555.5,538.15,561512,306627411.0,20656,LEGACY
2018-03-14,GRANULES,Granules India,EQ,INE101D01020,110.0,111.15,109.05,110.25,110.7,109.9,859987,94692223.25,5854,LEGACY
2018-03-14,IPCALAB,IPCA Laboratories,EQ,INE571A01020,671.3,675.95,661.85,667.75,667.75,676.85,184408,123335671.35,3912,LEGACY
2018-03-14,JBCHEPHARM,JB Chemicals & Pharmaceuticals,EQ,INE572A01028,302.75,304.95,300.1,301.65,300.9,302.75,38904,11733098.95,879,LEGACY
2018-03-14,LAURUSLABS,Laurus Labs,EQ,INE947Q01010,543.0,543.0,529.05,536.2,532.0,544.3,53798,29013332.8,1653,LEGACY
2018-03-14,LUPIN,Lupin,EQ,INE326A01037,779.9,786.8,777.55,781.55,781.5,780.6,698211,546084347.35,23696,LEGACY
2018-03-14,NATCOPHARM,Natco Pharma,EQ,INE987B01026,741.95,775.0,740.0,774.35,774.75,744.7,466538,359073865.65,18688,LEGACY
2018-03-14,PEL,Piramal Enterprises,EQ,INE140A01024,2484.0,2484.0,2442.0,2456.15,2455.0,2481.9,148400,366129757.75,9872,LEGACY
2018-03-14,PFIZER,Pfizer,EQ,INE182A01018,2188.0,2214.0,2171.0,2197.15,2200.0,2185.45,6875,15064783.7,1193,LEGACY
2018-03-14,SANOFI,Sanofi India,EQ,INE058A01010,5229.0,5269.0,5185.55,5224.25,5210.0,5229.25,2292,11978971.3,679,LEGACY
2018-03-14,STAR,Strides Pharma Science,EQ,INE939A01011,685.0,695.35,678.0,691.9,693.0,676.5,534676,368484277.25,20015,LEGACY
2018-03-14,SUNPHARMA,Sun Pharmaceutical Industries,EQ,INE044A01036,523.3,523.3,516.1,520.1,520.3,523.3,2469628,1281818825.6,32970,LEGACY
2018-03-14,TORNTPHARM,Torrent Pharmaceuticals,EQ,INE685A01028,1299.0,1316.45,1290.0,1296.55,1299.85,1305.5,129669,168238152.8,8031,LEGACY
2018-03-14,WOCKPHARMA,Wockhardt,EQ,INE049B01025,769.9,797.95,764.8,793.7,794.55,773.35,1596265,1254589833.35,23899,LEGACY
2018-03-15,ABBOTINDIA,Abbott India,EQ,INE358A01014,5590.0,5650.0,5535.0,5560.3,5550.15,5593.15,1867,10465338.15,470,LEGACY
2018-03-15,AJANTPHARM,Ajanta Pharma,EQ,INE031B01049,1378.0,1398.85,1368.0,1379.8,1377.2,1378.0,201455,277921799.7,10045,LEGACY
2018-03-15,ALKEM,Alkem Laboratories,EQ,INE540L01014,2198.95,2230.0,2180.0,2206.2,2211.0,2196.7,27746,60852147.6,1776,LEGACY
2018-03-15,APLLTD,Alembic Pharmaceuticals,EQ,INE901L01018,541.95,545.0,538.75,540.1,540.0,540.1,22579,12202070.45,626,LEGACY
2018-03-15,AUROPHARMA,Aurobindo Pharma,EQ,INE406A01037,581.0,582.2,570.2,572.3,571.8,577.8,1683255,970693836.95,41257,LEGACY
2018-03-15,BIOCON,Biocon,EQ,INE376G01013,606.0,612.9,595.8,600.5,600.0,605.75,1512731,913944754.1,27086,LEGACY
2018-03-15,CADILAHC,Cadila Healthcare,EQ,INE010B01027,389.0,392.8,382.75,385.1,383.3,388.7,512230,198037894.25,10550,LEGACY
2018-03-15,CIPLA,Cipla,EQ,INE059A01026,578.0,579.6,569.0,571.15,570.75,577.9,849222,487105092.75,20337,LEGACY
2018-03-15,DIVISLAB,Divi's Laboratories,EQ,INE361B01024,1058.0,1106.05,1056.0,1084.55,1083.1,1054.85,1000506,1088258223.75,25785,LEGACY
2018-03-15,DRREDDY,Dr. Reddy's Laboratories,EQ,INE089A01023,2182.45,2218.4,2177.0,2182.75,2178.65,2181.45,335767,738094838.55,14644,LEGACY
2018-03-15,GLAXO,GlaxoSmithKline Pharmaceuticals,EQ,INE159A01016,2280.6,2382.0,2268.05,2291.55,2287.0,2289.35,9241,21173094.35,2023,LEGACY
2018-03-15,GLENMARK,Glenmark Pharmaceuticals,EQ,INE935A01035,554.5,561.3,550.65,553.8,553.2,552.3,407472,227086622.95,10826,LEGACY
2018-03-15,GRANULES,Granules India,EQ,INE101D01020,110.1,113.95,110.1,112.7,112.7,110.25,1474670,166459380.75,6998,LEGACY
2018-03-15,IPCALAB,IPCA Laboratories,EQ,INE571A01020,667.85,683.0,660.0,671.1,683.0,667.75,102001,68392442.05,4305,LEGACY
2018-03-15,JBCHEPHARM,JB Chemicals & Pharmaceuticals,EQ,INE572A01028,301.9,302.8,295.0,298.05,299.0,301.65,204639,60915986.35,2107,LEGACY
2018-03-15,LAURUSLABS,Laurus Labs,EQ,INE947Q01010,532.1,540.0,532.0,534.3,535.0,536.2,28496,15276364.6,1727,LEGACY
2018-03-15,LUPIN,Lupin,EQ,INE326A01037,781.0,792.0,773.8,776.65,774.2,781.55,834688,655201340.0,25384,LEGACY
2018-03-15,NATCOPHARM,Natco Pharma,EQ,INE987B01026,775.0,793.9,769.0,789.15,788.0,774.35,318339,249891587.1,10306,LEGACY
2018-03-15,PEL,Piramal Enterprises,D1,INE140A08SX5,104500.0,104500.0,102800.0,104000.0,104000.0,103500.0,47,4876100.0,5,LEGACY
2018-03-15,PEL,Piramal Enterprises,EQ,INE140A01024,2455.5,2478.35,2434.65,2450.85,2449.0,2456.15,197015,484135519.4,12084,LEGACY
2018-03-15,PFIZER,Pfizer,EQ,INE182A01018,2204.8,2209.9,2158.5,2176.75,2172.95,2197.15,8143,17768482.75,2367,LEGACY
2018-03-15,SANOFI,Sanofi India,EQ,INE058A01010,5298.0,5298.0,5080.0,5174.1,5235.0,5224.25,3684,19084327.6,861,LEGACY
2018-03-15,STAR,Strides Pharma Science,EQ,INE939A01011,697.0,723.25,696.6,711.55,712.9,691.9,694501,496535401.3,19818,LEGACY
2018-03-15,SUNPHARMA,Sun Pharmaceutical Industries,EQ,INE044A01036,520.0,529.0,514.75,516.45,515.8,520.1,3013808,1574227073.25,41586,LEGACY
2018-03-15,TORNTPHARM,Torrent Pharmaceuticals,EQ,INE685A01028,1291.0,1297.8,1270.65,1279.8,1280.0,1296.55,188495,241675179.45,9367,LEGACY
2018-03-15,WOCKPHARMA,Wockhardt,EQ,INE049B01025,795.0,812.0,768.05,777.65,777.0,793.7,1984376,1576061323.8,32257,LEGACY
2018-03-16,ABBOTINDIA,Abbott India,EQ,INE358A01014,5560.0,5635.0,5501.0,5518.2,5515.0,5560.3,2503,13901146.65,412,LEGACY
2018-03-16,AJANTPHARM,Ajanta Pharma,EQ,INE031B01049,1386.0,1421.9,1370.0,1410.45,1418.0,1379.8,255671,356653431.7,9813,LEGACY
2018-03-16,ALKEM,Alkem Laboratories,EQ,INE540L01014,2214.95,2221.45,2101.45,2158.2,2180.0,2206.2,59178,127894218.5,5242,LEGACY
2018-03-16,APLLTD,Alembic Pharmaceuticals,EQ,INE901L01018,540.0,547.0,531.15,536.4,538.05,540.1,43245,23289717.6,2215,LEGACY
2018-03-16,AUROPHARMA,Aurobindo Pharma,EQ,INE406A01037,576.0,585.0,568.8,572.55,573.7,572.3,3887454,2248420338.5,63400,LEGACY
2018-03-16,BIOCON,Biocon,EQ,INE376G01013,601.0,605.05,583.3,586.3,584.4,600.5,2941070,1736246649.7,50025,LEGACY
2018-03-16,CADILAHC,Cadila Healthcare,EQ,INE010B01027,385.0,387.15,377.9,379.1,379.2,385.1,837492,318766198.4,18630,LEGACY
2018-03-16,CIPLA,Cipla,EQ,INE059A01026,570.1,574.0,557.05,559.4,561.85,571.15,1867538,1048914215.8,41846,LEGACY
2018-03-16,DIVISLAB,Divi's Laboratories,EQ,INE361B01024,1084.55,1099.0,1064.0,1087.15,1099.0,1084.55,629875,681319559.25,16006,LEGACY
2018-03-16,DRREDDY,Dr. Reddy's Laboratories,EQ,INE089A01023,2180.0,2209.0,2118.3,2142.15,2154.0,2182.75,594361,1283266698.75,34130,LEGACY
2018-03-16,GLAXO,GlaxoSmithKline Pharmaceuticals,EQ,INE159A01016,2294.0,2294.0,2210.1,2228.25,2220.0,2291.55,21053,47145435.65,1970,LEGACY
2018-03-16,GLENMARK,Glenmark Pharmaceuticals,EQ,INE935A01035,554.2,560.9,544.0,546.2,546.2,553.8,809649,446329990.95,25991,LEGACY
2018-03-16,GRANULES,Granules India,EQ,INE101D01020,112.0,114.7,110.0,110.55,110.5,112.7,1704187,191884967.3,9359,LEGACY
2018-03-16,IPCALAB,IPCA Laboratories,EQ,INE571A01020,678.7,678.7,661.95,667.55,665.55,671.1,157954,105778697.1,10680,LEGACY
2018-03-16,JBCHEPHARM,JB Chemicals & Pharmaceuticals,EQ,INE572A01028,297.9,301.3,290.5,295.15,295.0,298.05,51988,15472526.25,2037,LEGACY
2018-03-16,LAURUSLABS,Laurus Labs,EQ,INE947Q01010,535.1,539.9,516.55,521.3,524.0,534.3,77312,40693205.05,4292,LEGACY
2018-03-16,LUPIN,Lupin,EQ,INE326A01037,776.5,783.9,760.0,761.85,761.9,776.65,1419793,1089398349.9,49154,LEGACY
2018-03-16,NATCOPHARM,Natco Pharma,EQ,INE987B01026,789.15,798.8,770.15,794.3,786.0,789.15,469443,371583652.95,21072,LEGACY
2018-03-16,PEL,Piramal Enterprises,EQ,INE140A01024,2420.25,2503.3,2419.5,2491.75,2494.3,2450.85,439822,1090053725.0,47638,LEGACY
2018-03-16,PFIZER,Pfizer,EQ,INE182A01018,2175.05,2188.95,2113.65,2139.7,2176.0,2176.75,17090,36724719.15,3740,LEGACY
2018-03-16,SANOFI,Sanofi India,EQ,INE058A01010,5105.5,5198.95,5005.55,5092.05,5072.0,5174.1,11121,56566129.85,3986,LEGACY
2018-03-16,STAR,Strides Pharma Science,EQ,INE939A01011,712.9,728.0,688.5,691.9,693.7,711.55,493723,349744124.7,14604,LEGACY
2018-03-16,SUNPHARMA,Sun Pharmaceutical Industries,EQ,INE044A01036,512.05,522.0,501.3,503.05,503.25,516.45,8924919,4534309618.1,102841,LEGACY
2018-03-16,TORNTPHARM,Torrent Pharmaceuticals,EQ,INE685A01028,1289.0,1290.0,1259.35,1268.45,1265.0,1279.8,187781,239051979.35,10989,LEGACY
2018-03-16,WOCKPHARMA,Wockhardt,EQ,INE049B01025,775.0,789.5,754.3,759.8,762.0,777.65,1541909,1188072659.45,28168,LEGACY
2018-03-19,ABBOTINDIA,Abbott India,EQ,INE358A01014,5597.0,5597.0,5432.5,5454.1,5450.0,5518.2,1979,10842369.25,484,LEGACY
2018-03-19,AJANTPHARM,Ajanta Pharma,EQ,INE031B01049,1424.0,1437.3,1383.1,1391.15,1385.0,1410.45,276778,389010710.8,11727,LEGACY
2018-03-19,ALKEM,Alkem Laboratories,EQ,INE540L01014,2170.0,2179.9,2115.0,2141.35,2121.2,2158.2,28017,59952614.2,1875,LEGACY
2018-03-19,APLLTD,Alembic Pharmaceuticals,EQ,INE901L01018,544.35,544.35,527.15,540.95,542.9,536.4,27972,15103395.3,1294,LEGACY
2018-03-19,AUROPHARMA,Aurobindo Pharma,EQ,INE406A01037,577.0,578.65,568.6,572.9,572.05,572.55,1558962,892899955.15,29454,LEGACY
2018-03-19,BIOCON,Biocon,EQ,INE376G01013,587.0,590.5,575.25,579.1,579.1,586.3,1346682,781896699.55,22444,LEGACY
2018-03-19,CADILAHC,Cadila Healthcare,EQ,INE010B01027,384.0,385.0,373.5,376.95,377.0,379.1,617450,233589090.3,10020,LEGACY
2018-03-19,CIPLA,Cipla,EQ,INE059A01026,563.65,566.9,555.4,559.75,556.4,559.4,1447941,812007561.75,35857,LEGACY
2018-03-19,DIVISLAB,Divi's Laboratories,EQ,INE361B01024,1090.0,1111.9,1071.55,1088.0,1085.75,1087.15,614731,671459620.55,15570,LEGACY
2018-03-19,DRREDDY,Dr. Reddy's Laboratories,EQ,INE089A01023,2155.0,2170.0,2112.15,2119.85,2120.2,2142.15,292149,623621025.85,12919,LEGACY
2018-03-19,GLAXO,GlaxoSmithKline Pharmaceuticals,EQ,INE159A01016,2239.8,2239.8,2210.0,2227.65,2218.35,2228.25,8689,19311769.2,1950,LEGACY
2018-03-19,GLENMARK,Glenmark Pharmaceuticals,EQ,INE935A01035,546.2,548.25,540.5,543.85,543.5,546.2,246463,133922704.65,6614,LEGACY
2018-03-19,GRANULES,Granules India,EQ,INE101D01020,110.6,111.3,106.8,108.1,108.0,110.55,1162186,125480013.75,9122,LEGACY
2018-03-19,IPCALAB,IPCA Laboratories,EQ,INE571A01020,671.95,672.5,632.5,657.9,657.3,667.55,303033,196967204.7,7095,LEGACY
2018-03-19,JBCHEPHARM,JB Chemicals & Pharmaceuticals,EQ,INE572A01028,295.0,299.0,287.85,289.35,289.0,295.15,44132,12866210.8,642,LEGACY
2018-03-19,LAURUSLABS,Laurus Labs,EQ,INE947Q01010,534.8,534.8,518.0,521.65,521.4,521.3,26535,13844501.15,1195,LEGACY
2018-03-19,LUPIN,Lupin,EQ,INE326A01037,766.4,772.6,759.3,766.6,765.3,761.85,1196025,917503612.45,27250,LEGACY
2018-03-19,NATCOPHARM,Natco Pharma,EQ,INE987B01026,783.0,788.8,760.0,763.15,761.35,794.3,231511,178228176.95,6226,LEGACY
2018-03-19,PEL,Piramal Enterprises,EQ,INE140A01024,2515.0,2516.7,2470.55,2492.25,2492.25,2491.75,414772,1037715396.25,20882,LEGACY
2018-03-19,PFIZER,Pfizer,EQ,INE182A01018,2145.0,2174.0,2122.05,2144.55,2170.0,2139.7,8980,19207427.6,1617,LEGACY
2018-03-19,SANOFI,Sanofi India,EQ,INE058A01010,5099.9,5100.0,5000.0,5063.55,5000.0,5092.05,5933,30012881.95,1888,LEGACY
2018-03-19,STAR,Strides Pharma Science,EQ,INE939A01011,707.9,707.9,689.75,695.6,696.7,691.9,429023,300276611.95,12878,LEGACY
2018-03-19,SUNPHARMA,Sun Pharmaceutical Industries,EQ,INE044A01036,506.8,508.55,496.0,497.65,497.0,503.05,5580228,2794467947.8,69069,LEGACY
2018-03-19,TORNTPHARM,Torrent Pharmaceuticals,EQ,INE685A01028,1265.0,1280.15,1244.35,1261.65,1270.0,1268.45,115788,145357449.7,5497,LEGACY
2018-03-19,WOCKPHARMA,Wockhardt,EQ,INE049B01025,764.7,768.65,746.25,750.4,750.4,759.8,902069,679873672.3,16070,LEGACY
2018-03-20,ABBOTINDIA,Abbott India,EQ,INE358A01014,5430.0,5494.95,5430.0,5446.5,5452.0,5454.1,1358,7410189.75,281,LEGACY
2018-03-20,AJANTPHARM,Ajanta Pharma,EQ,INE031B01049,1380.0,1388.5,1365.0,1384.15,1379.9,1391.15,228763,314828042.0,12035,LEGACY
2018-03-20,ALKEM,Alkem Laboratories,EQ,INE540L01014,2134.95,2144.95,2090.1,2104.1,2095.0,2141.35,8004,16896815.45,1576,LEGACY
2018-03-20,APLLTD,Alembic Pharmaceuticals,EQ,INE901L01018,539.0,547.0,524.7,535.25,536.0,540.95,42405,22795663.9,3280,LEGACY
2018-03-20,AUROPHARMA,Aurobindo Pharma,EQ,INE406A01037,568.5,573.8,564.15,571.6,572.2,572.9,2432442,1383533115.15,47857,LEGACY
2018-03-20,BIOCON,Biocon,EQ,INE376G01013,576.0,583.7,567.1,576.3,577.3,579.1,2434797,1404501941.85,25887,LEGACY
2018-03-20,CADILAHC,Cadila Healthcare,EQ,INE010B01027,376.0,388.0,373.45,385.45,384.0,376.95,554872,211788862.3,11358,LEGACY
2018-03-20,CIPLA,Cipla,EQ,INE059A01026,555.1,561.85,522.9,552.9,555.25,559.75,9119209,4985721539.6,107504,LEGACY
2018-03-20,DIVISLAB,Divi's Laboratories,EQ,INE361B01024,1080.1,1105.0,1070.0,1094.4,1099.0,1088.0,545426,595635907.75,22516,LEGACY
2018-03-20,DRREDDY,Dr. Reddy's Laboratories,EQ,INE089A01023,2114.95,2162.9,2101.95,2157.15,2156.6,2119.85,387372,827381244.45,17437,LEGACY
2018-03-20,GLAXO,GlaxoSmithKline Pharmaceuticals,EQ,INE159A01016,2225.95,2234.25,2202.2,2226.05,2220.0,2227.65,12635,28040928.55,2329,LEGACY
2018-03-20,GLENMARK,Glenmark Pharmaceuticals,EQ,INE935A01035,540.0,548.6,539.1,546.4,546.4,543.85,377843,206042132.85,9708,LEGACY
2018-03-20,GRANULES,Granules India,EQ,INE101D01020,108.95,109.5,107.5,108.55,108.65,108.1,1397458,151810276.6,10412,LEGACY
2018-03-20,IPCALAB,IPCA Laboratories,EQ,INE571A01020,658.0,670.0,639.0,661.2,664.8,657.9,100021,66043366.0,4951,LEGACY
2018-03-20,JBCHEPHARM,JB Chemicals & Pharmaceuticals,EQ,INE572A01028,287.4,290.5,284.0,285.3,286.5,289.35,27081,7765438.35,825,LEGACY
2018-03-20,LAURUSLABS,Laurus Labs,EQ,INE947Q01010,521.65,521.65,510.95,512.85,511.4,521.65,33267,17140735.7,1462,LEGACY
2018-03-20,LUPIN,Lupin,EQ,INE326A01037,760.0,774.0,757.25,771.75,772.25,766.6,975082,749114654.05,21657,LEGACY
2018-03-20,NATCOPHARM,Natco Pharma,EQ,INE987B01026,755.0,784.0,740.0,780.35,781.65,763.15,316538,244878824.6,6765,LEGACY
2018-03-20,PEL,Piramal Enterprises,EQ,INE140A01024,2479.7,2485.0,2454.05,2469.8,2465.0,2492.25,185570,458647148.7,6966,LEGACY
2018-03-20,PFIZER,Pfizer,EQ,INE182A01018,2159.35,2160.0,2120.0,2130.35,2120.0,2144.55,9036,19306371.4,1270,LEGACY
2018-03-20,SANOFI,Sanofi India,EQ,INE058A01010,5049.0,5070.0,4921.0,5026.15,5015.0,5063.55,5199,26076819.3,1404,LEGACY
2018-03-20,STAR,Strides Pharma Science,EQ,INE939A01011,694.1,709.9,690.25,701.9,701.15,695.6,557924,392132578.0,14075,LEGACY
2018-03-20,SUNPHARMA,Sun Pharmaceutical Industries,EQ,INE044A01036,496.75,511.0,493.75,508.75,509.9,497.65,4615574,2324592727.55,67540,LEGACY
2018-03-20,TORNTPHARM,Torrent Pharmaceuticals,EQ,INE685A01028,1256.0,1265.0,1248.8,1254.8,1255.0,1261.65,101598,127284470.25,7274,LEGACY
2018-03-20,WOCKPHARMA,Wockhardt,EQ,INE049B01025,746.0,760.9,737.5,748.8,748.55,750.4,1203798,901475063.05,19597,LEGACY
2018-03-21,ABBOTINDIA,Abbott India,EQ,INE358A01014,5498.95,5499.05,5435.0,5449.55,5445.9,5446.5,3485,18992065.65,434,LEGACY
2018-03-21,AJANTPHARM,Ajanta Pharma,EQ,INE031B01049,1392.9,1405.0,1371.05,1377.05,1383.9,1384.15,107899,150022313.05,7688,LEGACY
2018-03-21,ALKEM,Alkem Laboratories,EQ,INE540L01014,2124.0,2150.0,2102.3,2124.65,2110.0,2104.1,10609,22502503.25,4097,LEGACY
2018-03-21,APLLTD,Alembic Pharmaceuticals,EQ,INE901L01018,531.65,557.85,513.8,542.35,540.0,535.25,309618,168614705.0,9463,LEGACY
2018-03-21,AUROPHARMA,Aurobindo Pharma,EQ,INE406A01037,573.5,576.75,560.0,564.2,564.55,571.6,1924040,1092353163.55,45667,LEGACY
2018-03-21,BIOCON,Biocon,EQ,INE376G01013,583.0,589.45,577.75,580.15,581.5,576.3,1629463,951623816.7,23440,LEGACY
2018-03-21,CADILAHC,Cadila Healthcare,EQ,INE010B01027,386.0,387.95,377.7,379.75,378.7,385.45,455866,174520648.45,11726,LEGACY
2018-03-21,CIPLA,Cipla,EQ,INE059A01026,558.5,567.45,546.4,551.05,551.0,552.9,3091963,1729908902.7,49598,LEGACY
2018-03-21,DIVISLAB,Divi's Laboratories,EQ,INE361B01024,1105.0,1109.95,1081.15,1085.95,1087.0,1094.4,498066,544457961.3,25851,LEGACY
2018-03-21,DRREDDY,Dr. Reddy's Laboratories,EQ,INE089A01023,2168.8,2179.85,2130.4,2141.7,2145.0,2157.15,369060,794288712.3,23129,LEGACY
2018-03-21,GLAXO,GlaxoSmithKline Pharmaceuticals,EQ,INE159A01016,2236.7,2236.7,2210.0,2224.5,2226.6,2226.05,10632,23610268.55,1335,LEGACY
2018-03-21,GLENMARK,Glenmark Pharmaceuticals,EQ,INE935A01035,546.35,549.75,543.0,545.1,545.5,546.4,316384,172792840.55,9832,LEGACY
2018-03-21,GRANULES,Granules India,EQ,INE101D01020,109.05,110.9,106.25,107.05,106.75,108.55,1276603,138342683.55,14039,LEGACY
2018-03-21,IPCALAB,IPCA Laboratories,EQ,INE571A01020,661.55,669.25,661.55,664.85,665.0,661.2,70011,46616234.2,6740,LEGACY
2018-03-21,JBCHEPHARM,JB Chemicals & Pharmaceuticals,EQ,INE572A01028,288.0,295.0,287.0,292.95,292.0,285.3,34459,10004861.1,977,LEGACY
2018-03-21,LAURUSLABS,Laurus Labs,EQ,INE947Q01010,514.0,519.1,509.0,510.65,509.0,512.85,61678,31776186.2,2339,LEGACY
2018-03-21,LUPIN,Lupin,EQ,INE326A01037,771.7,780.0,765.0,767.85,768.8,771.75,758910,587249073.4,25619,LEGACY
2018-03-21,NATCOPHARM,Natco Pharma,EQ,INE987B01026,781.65,792.0,776.25,782.05,783.0,780.35,158222,123521168.6,3093,LEGACY
2018-03-21,PEL,Piramal Enterprises,EQ,INE140A01024,2494.0,2537.8,2463.4,2477.75,2479.95,2469.8,194075,484194930.0,15644,LEGACY
2018-03-21,PFIZER,Pfizer,EQ,INE182A01018,2122.0,2141.85,2100.05,2109.95,2108.0,2130.35,12231,25883611.0,1412,LEGACY
2018-03-21,SANOFI,Sanofi India,EQ,INE058A01010,5018.25,5090.0,5001.2,5074.85,5075.0,5026.15,26114,132458106.2,1543,LEGACY
2018-03-21,STAR,Strides Pharma Science,EQ,INE939A01011,702.0,711.0,692.1,696.15,692.15,701.9,361409,254671599.65,11226,LEGACY
2018-03-21,SUNPHARMA,Sun Pharmaceutical Industries,EQ,INE044A01036,513.95,515.6,502.55,504.5,504.85,508.75,3986735,2031370609.5,71257,LEGACY
2018-03-21,TORNTPHARM,Torrent Pharmaceuticals,EQ,INE685A01028,1267.55,1268.0,1234.75,1238.7,1239.0,1254.8,208408,258720028.4,11163,LEGACY
2018-03-21,WOCKPHARMA,Wockhardt,EQ,INE049B01025,752.65,764.6,738.0,741.85,741.3,748.8,871988,655111769.8,18414,LEGACY
2018-03-22,ABBOTINDIA,Abbott India,EQ,INE358A01014,5450.0,5453.85,5351.1,5405.6,5401.0,5449.55,2294,12419630.85,398,LEGACY
2018-03-22,AJANTPHARM,Ajanta Pharma,EQ,INE031B01049,1376.25,1387.85,1336.85,1345.35,1349.5,1377.05,184488,251027348.2,8471,LEGACY
2018-03-22,ALKEM,Alkem Laboratories,EQ,INE540L01014,2129.0,2149.0,2107.05,2115.05,2119.65,2124.65,15701,33276535.4,3822,LEGACY
2018-03-22,APLLTD,Alembic Pharmaceuticals,EQ,INE901L01018,542.35,546.9,535.0,541.7,541.0,542.35,266811,144098644.35,1851,LEGACY
2018-03-22,AUROPHARMA,Aurobindo Pharma,EQ,INE406A01037,564.55,568.8,555.5,557.4,556.85,564.2,1897302,1062945764.7,34361,LEGACY
2018-03-22,BIOCON,Biocon,EQ,INE376G01013,582.5,586.5,574.8,579.9,579.9,580.15,1430906,830147956.95,25013,LEGACY
2018-03-22,CADILAHC,Cadila Healthcare,EQ,INE010B01027,379.85,383.65,375.75,377.3,376.6,379.75,432037,164278656.85,25790,LEGACY
2018-03-22,CIPLA,Cipla,EQ,INE059A01026,551.9,555.0,538.15,540.75,540.5,551.05,1506405,821921006.35,26789,LEGACY
2018-03-22,DIVISLAB,Divi's Laboratories,EQ,INE361B01024,1083.0,1096.9,1066.1,1068.8,1069.0,1085.95,422829,455154587.1,19312,LEGACY
2018-03-22,DRREDDY,Dr. Reddy's Laboratories,EQ,INE089A01023,2139.0,2150.75,2097.1,2108.3,2110.0,2141.7,410402,871960953.05,28329,LEGACY
2018-03-22,GLAXO,GlaxoSmithKline Pharmaceuticals,EQ,INE159A01016,2230.0,2230.0,2201.0,2215.05,2205.05,2224.5,9254,20469644.55,1206,LEGACY
2018-03-22,GLENMARK,Glenmark Pharmaceuticals,EQ,INE935A01035,541.1,549.8,541.1,544.85,543.8,545.1,676044,369699018.6,48808,LEGACY
2018-03-22,GRANULES,Granules India,EQ,INE101D01020,107.1,107.65,104.4,104.75,104.5,107.05,1598787,169167091.15,13387,LEGACY
2018-03-22,IPCALAB,IPCA Laboratories,EQ,INE571A01020,669.4,670.0,660.15,665.7,665.0,664.85,68675,45721204.1,3553,LEGACY
2018-03-22,JBCHEPHARM,JB Chemicals & Pharmaceuticals,EQ,INE572A01028,294.0,297.0,286.85,289.2,289.9,292.95,26795,7763826.7,800,LEGACY
2018-03-22,LAURUSLABS,Laurus Labs,EQ,INE947Q01010,517.3,518.0,506.1,507.65,506.1,510.65,26504,13550658.45,1521,LEGACY
2018-03-22,LUPIN,Lupin,EQ,INE326A01037,769.0,775.0,757.0,758.5,757.0,767.85,729009,558067779.7,24483,LEGACY
2018-03-22,NATCOPHARM,Natco Pharma,EQ,INE987B01026,784.0,790.0,777.0,785.6,782.45,782.05,138831,108974247.6,4053,LEGACY
2018-03-22,PEL,Piramal Enterprises,EQ,INE140A01024,2461.05,2503.35,2461.05,2477.7,2469.25,2477.75,121666,302094199.85,11074,LEGACY
2018-03-22,PFIZER,Pfizer,EQ,INE182A01018,2137.0,2137.0,2075.2,2113.15,2129.0,2109.95,8623,18145784.9,1413,LEGACY
2018-03-22,SANOFI,Sanofi India,EQ,INE058A01010,5075.05,5198.0,4999.95,5119.0,5030.05,5074.85,12013,61421631.6,1614,LEGACY
2018-03-22,STAR,Strides Pharma Science,EQ,INE939A01011,700.0,702.7,682.1,684.05,686.15,696.15,379754,261987460.5,9370,LEGACY
2018-03-22,SUNPHARMA,Sun Pharmaceutical Industries,EQ,INE044A01036,520.0,521.0,505.1,508.4,508.8,504.5,8691889,4439551844.4,114923,LEGACY
2018-03-22,TORNTPHARM,Torrent Pharmaceuticals,EQ,INE685A01028,1241.2,1255.0,1221.2,1247.8,1255.0,1238.7,302298,373798721.8,14405,LEGACY
2018-03-22,WOCKPHARMA,Wockhardt,EQ,INE049B01025,747.4,749.3,723.2,731.05,731.0,741.85,1102863,807589916.35,23701,LEGACY
2018-03-23,ABBOTINDIA,Abbott India,EQ,INE358A01014,5406.0,5414.95,5252.15,5365.55,5350.0,5405.6,2795,14974548.6,763,LEGACY
2018-03-23,AJANTPHARM,Ajanta Pharma,EQ,INE031B01049,1330.0,1380.0,1300.0,1363.15,1359.0,1345.35,165684,221642856.05,6680,LEGACY
2018-03-23,ALKEM,Alkem Laboratories,EQ,INE540L01014,2085.0,2115.0,2055.45,2087.35,2086.85,2115.05,8529,17820420.35,4053,LEGACY
2018-03-23,APLLTD,Alembic Pharmaceuticals,EQ,INE901L01018,532.1,538.45,529.55,532.8,535.0,541.7,39230,20959072.15,1846,LEGACY
2018-03-23,AUROPHARMA,Aurobindo Pharma,EQ,INE406A01037,547.5,553.95,544.1,551.65,552.95,557.4,2207278,1212723982.4,29690,LEGACY
2018-03-23,BIOCON,Biocon,EQ,INE376G01013,570.0,573.65,561.1,571.2,572.75,579.9,1240877,704208619.2,19305,LEGACY
2018-03-23,CADILAHC,Cadila Healthcare,EQ,INE010B01027,370.0,376.4,362.0,370.35,369.9,377.3,917584,339221616.05,16789,LEGACY
2018-03-23,CIPLA,Cipla,EQ,INE059A01026,539.0,540.7,534.0,538.4,536.2,540.75,1203262,646784724.2,24811,LEGACY
2018-03-23,DIVISLAB,Divi's Laboratories,EQ,INE361B01024,1059.9,1061.95,1024.65,1037.7,1037.0,1068.8,710829,741077197.7,22562,LEGACY
2018-03-23,DRREDDY,Dr. Reddy's Laboratories,EQ,INE089A01023,2091.0,2101.9,2060.2,2072.3,2068.15,2108.3,474396,986394182.6,22313,LEGACY
2018-03-23,GLAXO,GlaxoSmithKline Pharmaceuticals,EQ,INE159A01016,2200.0,2201.2,2166.1,2174.3,2166.1,2215.05,11330,24698180.25,1940,LEGACY
2018-03-23,GLENMARK,Glenmark Pharmaceuticals,EQ,INE935A01035,532.5,540.2,531.15,535.4,534.0,544.85,572092,306311396.4,26232,LEGACY
2018-03-23,GRANULES,Granules India,EQ,INE101D01020,103.0,104.0,101.25,103.25,103.2,104.75,1156973,118882040.0,6748,LEGACY
2018-03-23,IPCALAB,IPCA Laboratories,EQ,INE571A01020,652.65,666.0,652.65,662.65,652.65,665.7,69711,46195730.35,4957,LEGACY
2018-03-23,JBCHEPHARM,JB Chemicals & Pharmaceuticals,EQ,INE572A01028,286.0,289.5,281.0,288.05,288.0,289.2,29406,8332449.25,864,LEGACY
2018-03-23,LAURUSLABS,Laurus Labs,EQ,INE947Q01010,495.8,515.0,495.8,512.75,511.35,507.65,43388,21910646.5,1763,LEGACY
2018-03-23,LUPIN,Lupin,EQ,INE326A01037,751.0,752.95,731.45,734.5,734.0,758.5,1701513,1257019886.3,67569,LEGACY
2018-03-23,NATCOPHARM,Natco Pharma,EQ,INE987B01026,763.0,790.0,750.1,783.75,783.3,785.6,242479,186017297.6,7768,LEGACY
2018-03-23,PEL,Piramal Enterprises,EQ,INE140A01024,2447.05,2458.55,2356.9,2395.4,2400.0,2477.7,241320,577660647.4,26628,LEGACY
2018-03-23,PFIZER,Pfizer,EQ,INE182A01018,2082.1,2095.0,2050.05,2083.0,2067.0,2113.15,18606,38625932.2,1868,LEGACY
2018-03-23,SANOFI,Sanofi India,EQ,INE058A01010,5000.0,5144.0,4955.05,5080.6,5100.0,5119.0,11138,56268691.6,2517,LEGACY
2018-03-23,STAR,Strides Pharma Science,EQ,INE939A01011,672.0,690.95,666.1,687.5,685.95,684.05,314658,213878548.7,8610,LEGACY
2018-03-23,SUNPHARMA,Sun Pharmaceutical Industries,EQ,INE044A01036,501.8,506.75,497.55,502.4,501.55,508.4,5098042,2560414529.4,62454,LEGACY
2018-03-23,TORNTPHARM,Torrent Pharmaceuticals,EQ,INE685A01028,1247.0,1257.9,1223.8,1250.8,1254.0,1247.8,406035,506770456.25,7445,LEGACY
2018-03-23,WOCKPHARMA,Wockhardt,EQ,INE049B01025,720.0,724.0,705.0,709.8,709.0,731.05,854407,608273989.1,16638,LEGACY
2018-03-26,ABBOTINDIA,Abbott India,EQ,INE358A01014,5380.0,5400.0,5275.1,5369.35,5399.95,5365.55,2862,15353631.9,476,LEGACY
2018-03-26,AJANTPHARM,Ajanta Pharma,EQ,INE031B01049,1350.1,1417.0,1340.05,1406.7,1410.0,1363.15,149122,204502154.65,6586,LEGACY
2018-03-26,ALKEM,Alkem Laboratories,EQ,INE540L01014,2088.0,2093.65,2036.0,2063.5,2076.9,2087.35,12575,25988059.7,4150,LEGACY
2018-03-26,APLLTD,Alembic Pharmaceuticals,EQ,INE901L01018,531.35,539.4,530.1,533.85,535.05,532.8,37687,20142183.9,1502,LEGACY
2018-03-26,AUROPHARMA,Aurobindo Pharma,EQ,INE406A01037,552.0,554.95,547.0,550.35,549.0,551.65,2696325,1485239735.35,32061,LEGACY
2018-03-26,BIOCON,Biocon,EQ,INE376G01013,573.75,579.4,567.8,573.75,573.3,571.2,1176516,674613828.55,24252,LEGACY
2018-03-26,CADILAHC,Cadila Healthcare,EQ,INE010B01027,376.95,389.9,375.5,387.1,386.6,370.35,4548091,1753023536.8,49620,LEGACY
2018-03-26,CIPLA,Cipla,EQ,INE059A01026,538.15,544.6,532.95,541.8,541.5,538.4,1105319,598055510.4,19782,LEGACY
2018-03-26,DIVISLAB,Divi's Laboratories,EQ,INE361B01024,1026.05,1061.4,1026.05,1055.2,1057.55,1037.7,341662,356559160.3,8241,LEGACY
2018-03-26,DRREDDY,Dr. Reddy's Laboratories,EQ,INE089A01023,2072.0,2109.75,2050.3,2104.0,2095.05,2072.3,500280,1037473444.2,39312,LEGACY
2018-03-26,GLAXO,GlaxoSmithKline Pharmaceuticals,EQ,INE159A01016,2187.95,2187.95,2133.0,2147.8,2147.0,2174.3,15770,33876944.6,2039,LEGACY
2018-03-26,GLENMARK,Glenmark Pharmaceuticals,EQ,INE935A01035,533.0,555.55,524.05,539.05,540.0,535.4,653765,348368787.8,19458,LEGACY
2018-03-26,GRANULES,Granules India,EQ,INE101D01020,101.95,105.2,101.65,104.35,104.3,103.25,1511269,156805649.55,8359,LEGACY
2018-03-26,IPCALAB,IPCA Laboratories,EQ,INE571A01020,665.0,667.6,651.3,659.55,656.1,662.65,53162,34994218.25,3215,LEGACY
2018-03-26,JBCHEPHARM,JB Chemicals & Pharmaceuticals,EQ,INE572A01028,283.0,291.0,281.05,289.55,290.2,288.05,75501,21535029.3,1262,LEGACY
2018-03-26,LAURUSLABS,Laurus Labs,EQ,INE947Q01010,509.9,515.0,498.85,508.1,504.0,512.75,77540,39324298.05,1870,LEGACY
2018-03-26,LUPIN,Lupin,EQ,INE326A01037,734.5,744.0,727.1,740.15,740.1,734.5,1276440,940201294.85,26380,LEGACY
2018-03-26,NATCOPHARM,Natco Pharma,EQ,INE987B01026,783.3,793.0,763.15,790.0,790.5,783.75,217858,170347057.8,9081,LEGACY
2018-03-26,PEL,Piramal Enterprises,EQ,INE140A01024,2383.15,2415.4,2378.0,2406.85,2414.0,2395.4,192772,463268839.9,17898,LEGACY
2018-03-26,PFIZER,Pfizer,EQ,INE182A01018,2084.0,2129.0,2055.5,2114.55,2124.0,2083.0,15728,32943557.65,2593,LEGACY
2018-03-26,SANOFI,Sanofi India,EQ,INE058A01010,5020.05,5180.0,5002.95,5117.9,5110.0,5080.6,9303,47434196.2,2042,LEGACY
2018-03-26,STAR,Strides Pharma Science,EQ,INE939A01011,688.0,693.55,675.0,682.0,682.0,687.5,369433,252076748.35,13805,LEGACY
2018-03-26,SUNPHARMA,Sun Pharmaceutical Industries,EQ,INE044A01036,502.4,506.9,496.1,503.2,504.0,502.4,4203954,2108388311.75,65421,LEGACY
2018-03-26,TORNTPHARM,Torrent Pharmaceuticals,EQ,INE685A01028,1243.0,1264.5,1243.0,1254.1,1259.0,1250.8,79438,99554061.7,5274,LEGACY
2018-03-26,WOCKPHARMA,Wockhardt,EQ,INE049B01025,711.5,721.8,704.0,716.8,718.05,709.8,807146,574158188.45,14004,LEGACY
2018-04-03,ABBOTINDIA,Abbott India,EQ,INE358A01014,5525.0,5629.95,5480.0,5617.9,5629.95,5490.8,1553,8668275.85,426,LEGACY
2018-04-03,AJANTPHARM,Ajanta Pharma,EQ,INE031B01049,1403.5,1420.0,1395.0,1400.35,1398.15,1401.9,172876,242631241.5,6989,LEGACY
2018-04-03,ALKEM,Alkem Laboratories,EQ,INE540L01014,1919.0,1920.0,1890.05,1906.9,1905.05,1919.45,35471,67672094.35,8936,LEGACY
2018-04-03,APLLTD,Alembic Pharmaceuticals,EQ,INE901L01018,536.0,551.5,536.0,540.6,538.25,544.05,7993,4349799.5,1197,LEGACY
2018-04-03,AUROPHARMA,Aurobindo Pharma,EQ,INE406A01037,592.0,608.55,583.55,593.35,593.35,592.55,2869825,1715259397.25,48954,LEGACY
2018-04-03,BIOCON,Biocon,EQ,INE376G01013,596.5,610.7,596.1,608.65,607.1,598.5,2441661,1481275218.45,32676,LEGACY
2018-04-03,CADILAHC,Cadila Healthcare,EQ,INE010B01027,384.0,396.0,382.5,394.0,393.45,385.05,2116787,827547232.75,25284,LEGACY
2018-04-03,CIPLA,Cipla,EQ,INE059A01026,572.0,578.35,568.8,570.3,571.0,576.25,2493190,1427080985.55,60178,LEGACY
2018-04-03,DIVISLAB,Divi's Laboratories,EQ,INE361B01024,1085.1,1116.25,1085.1,1109.2,1113.4,1090.35,405008,447233220.05,10803,LEGACY
2018-04-03,DRREDDY,Dr. Reddy's Laboratories,EQ,INE089A01023,2111.0,2149.85,2111.0,2124.9,2122.3,2132.1,279023,593884901.55,22764,LEGACY
2018-04-03,GLAXO,GlaxoSmithKline Pharmaceuticals,EQ,INE159A01016,2098.4,2174.8,2091.25,2157.6,2167.0,2103.8,9461,20243005.75,1858,LEGACY
2018-04-03,GLENMARK,Glenmark Pharmaceuticals,EQ,INE935A01035,550.0,554.4,541.0,549.6,551.0,547.45,634809,347091610.3,21349,LEGACY
2018-04-03,GRANULES,Granules India,EQ,INE101D01020,106.0,109.0,105.65,108.55,108.6,106.15,1085934,116679296.0,8115,LEGACY
2018-04-03,IPCALAB,IPCA Laboratories,EQ,INE571A01020,660.65,685.0,660.65,676.75,675.05,665.05,133446,90485611.05,5271,LEGACY
2018-04-03,JBCHEPHARM,JB Chemicals & Pharmaceuticals,EQ,INE572A01028,310.55,320.6,310.55,315.75,316.9,312.4,50306,15944808.65,1549,LEGACY
2018-04-03,LAURUSLABS,Laurus Labs,EQ,INE947Q01010,510.0,520.0,504.15,513.1,512.3,508.55,37549,19280598.9,2033,LEGACY
2018-04-03,LUPIN,Lupin,EQ,INE326A01037,773.0,799.0,766.35,788.5,787.8,777.1,2357152,1859338024.4,51068,LEGACY
2018-04-03,NATCOPHARM,Natco Pharma,EQ,INE987B01026,766.6,777.0,764.1,774.75,772.0,771.4,262232,201219105.9,4646,LEGACY
2018-04-03,PEL,Piramal Enterprises,EQ,INE140A01024,2466.0,2522.15,2445.0,2495.6,2495.1,2471.1,165933,412744378.3,13017,LEGACY
2018-04-03,PFIZER,Pfizer,EQ,INE182A01018,2189.25,2215.95,2170.15,2189.45,2190.0,2204.05,9276,20320203.6,1684,LEGACY
2018-04-03,SANOFI,Sanofi India,EQ,INE058A01010,5114.95,5173.5,5099.15,5167.15,5160.0,5116.05,4372,22538302.05,948,LEGACY
2018-04-03,STAR,Strides Pharma Science,EQ,INE939A01011,684.0,707.45,678.65,704.45,704.8,684.9,883122,613791684.7,19439,LEGACY
2018-04-03,SUNPHARMA,Sun Pharmaceutical Industries,EQ,INE044A01036,506.0,512.2,504.5,510.0,509.55,507.85,2709038,1378065912.5,36261,LEGACY
2018-04-03,TORNTPHARM,Torrent Pharmaceuticals,EQ,INE685A01028,1258.0,1295.0,1258.0,1290.4,1293.0,1266.35,71862,92339837.9,5377,LEGACY
2018-04-03,WOCKPHARMA,Wockhardt,EQ,INE049B01025,747.45,780.0,742.05,778.35,778.35,749.45,1587618,1221499581.75,29787,LEGACY
2018-04-04,ABBOTINDIA,Abbott India,EQ,INE358A01014,5674.0,5884.0,5600.0,5624.5,5601.0,5617.9,12475,72064803.0,1394,LEGACY
2018-04-04,AJANTPHARM,Ajanta Pharma,EQ,INE031B01049,1401.0,1417.45,1369.45,1379.85,1382.0,1400.35,136281,190176117.55,7805,LEGACY
2018-04-04,ALKEM,Alkem Laboratories,EQ,INE540L01014,1924.8,1926.9,1885.0,1892.6,1892.0,1906.9,16191,30799759.7,2782,LEGACY
2018-04-04,APLLTD,Alembic Pharmaceuticals,EQ,INE901L01018,547.0,555.0,539.85,549.8,552.0,540.6,23518,12801820.4,1311,LEGACY
2018-04-04,AUROPHARMA,Aurobindo Pharma,EQ,INE406A01037,597.5,597.5,587.0,590.45,591.25,593.35,1451755,858074632.45,21780,LEGACY
2018-04-04,BIOCON,Biocon,EQ,INE376G01013,612.4,614.0,595.75,598.3,597.0,608.65,1563949,945367834.4,28122,LEGACY
2018-04-04,CADILAHC,Cadila Healthcare,EQ,INE010B01027,397.5,399.8,390.0,394.7,393.1,394.0,2480827,977785858.8,31694,LEGACY
2018-04-04,CIPLA,Cipla,EQ,INE059A01026,572.35,575.45,564.5,569.8,571.5,570.3,1852997,1055012101.05,36414,LEGACY
2018-04-04,DIVISLAB,Divi's Laboratories,EQ,INE361B01024,1125.0,1141.8,1087.95,1096.75,1096.0,1109.2,619642,692237293.3,15459,LEGACY
2018-04-04,DRREDDY,Dr. Reddy's Laboratories,EQ,INE089A01023,2124.0,2125.25,2079.95,2091.4,2086.15,2124.9,353719,742970641.85,32917,LEGACY
2018-04-04,GLAXO,GlaxoSmithKline Pharmaceuticals,EQ,INE159A01016,2172.8,2202.25,2158.1,2191.85,2181.5,2157.6,6501,14205084.45,1414,LEGACY
2018-04-04,GLENMARK,Glenmark Pharmaceuticals,EQ,INE935A01035,550.05,557.95,545.1,548.4,546.75,549.6,569495,314233170.15,19963,LEGACY
2018-04-04,GRANULES,Granules India,EQ,INE101D01020,109.8,110.55,105.1,105.8,105.6,108.55,2178083,233363820.9,11561,LEGACY
2018-04-04,IPCALAB,IPCA Laboratories,EQ,INE571A01020,685.0,692.95,666.6,671.95,666.6,676.75,257577,174822856.1,5357,LEGACY
2018-04-04,JBCHEPHARM,JB Chemicals & Pharmaceuticals,EQ,INE572A01028,319.85,319.85,309.5,311.5,312.0,315.75,18044,5633071.5,654,LEGACY
2018-04-04,LAURUSLABS,Laurus Labs,EQ,INE947Q01010,512.0,517.95,509.5,510.25,509.5,513.1,40702,20942194.45,1412,LEGACY
2018-04-04,LUPIN,Lupin,EQ,INE326A01037,792.0,796.3,771.1,775.2,777.0,788.5,1480947,1162993229.6,34050,LEGACY
2018-04-04,NATCOPHARM,Natco Pharma,EQ,INE987B01026,771.15,785.0,755.45,763.9,761.05,774.75,177170,136443033.6,10087,LEGACY
2018-04-04,PEL,Piramal Enterprises,D1,INE140A08SX5,106000.0,106000.0,106000.0,106000.0,106000.0,104000.0,170,18020000.0,1,LEGACY
2018-04-04,PEL,Piramal Enterprises,EQ,INE140A01024,2502.0,2537.6,2448.0,2463.7,2470.0,2495.6,192484,480951478.4,20273,LEGACY
2018-04-04,PFIZER,Pfizer,EQ,INE182A01018,2195.85,2211.0,2164.5,2181.3,2175.0,2189.45,8335,18178942.05,1406,LEGACY
2018-04-04,SANOFI,Sanofi India,EQ,INE058A01010,5199.9,5199.9,5092.15,5119.8,5148.0,5167.15,60635,311933927.75,980,LEGACY
2018-04-04,STAR,Strides Pharma Science,EQ,INE939A01011,714.0,718.5,688.15,692.85,688.9,704.45,848620,600385999.7,15569,LEGACY
2018-04-04,SUNPHARMA,Sun Pharmaceutical Industries,EQ,INE044A01036,514.95,514.95,501.0,502.25,501.95,510.0,3120925,1585931607.1,43355,LEGACY
2018-04-04,TORNTPHARM,Torrent Pharmaceuticals,EQ,INE685A01028,1292.9,1307.45,1268.0,1283.65,1290.0,1290.4,106054,136198476.6,9521,LEGACY
2018-04-04,WOCKPHARMA,Wockhardt,EQ,INE049B01025,775.0,783.9,749.55,755.8,754.4,778.35,1109736,847250272.0,18984,LEGACY
2018-04-05,ABBOTINDIA,Abbott India,EQ,INE358A01014,5600.0,5748.0,5600.0,5712.85,5721.0,5624.5,813,4643955.05,288,LEGACY
2018-04-05,AJANTPHARM,Ajanta Pharma,EQ,INE031B01049,1385.6,1408.3,1383.6,1395.4,1398.0,1379.85,163826,228881752.55,7930,LEGACY
2018-04-05,ALKEM,Alkem Laboratories,EQ,INE540L01014,1913.95,1913.95,1850.1,1854.1,1850.5,1892.6,50574,94451522.25,9814,LEGACY
2018-04-05,APLLTD,Alembic Pharmaceuticals,EQ,INE901L01018,553.0,555.9,547.3,550.55,550.0,549.8,208710,114799215.25,610,LEGACY
2018-04-05,AUROPHARMA,Aurobindo Pharma,EQ,INE406A01037,595.0,600.95,589.75,599.15,600.05,590.45,1482861,883739208.35,26782,LEGACY
2018-04-05,BIOCON,Biocon,EQ,INE376G01013,603.5,609.9,601.55,607.65,606.6,598.3,1016285,615869177.55,15170,LEGACY
2018-04-05,CADILAHC,Cadila Healthcare,EQ,INE010B01027,397.0,403.45,393.0,394.35,393.6,394.7,1133101,450454520.95,13387,LEGACY
2018-04-05,CIPLA,Cipla,EQ,INE059A01026,574.0,578.55,558.35,560.35,560.0,569.8,2396864,1351681592.1,28863,LEGACY
2018-04-05,DIVISLAB,Divi's Laboratories,EQ,INE361B01024,1110.45,1126.7,1101.2,1118.7,1117.0,1096.75,783319,875182302.7,25995,LEGACY
2018-04-05,DRREDDY,Dr. Reddy's Laboratories,EQ,INE089A01023,2115.0,2135.6,2097.0,2111.1,2112.0,2091.4,375110,794923490.65,22798,LEGACY
2018-04-05,GLAXO,GlaxoSmithKline Pharmaceuticals,EQ,INE159A01016,2192.15,2273.95,2176.15,2234.5,2265.0,2191.85,15097,33475162.4,1876,LEGACY
2018-04-05,GLENMARK,Glenmark Pharmaceuticals,EQ,INE935A01035,551.3,567.6,550.25,556.55,558.0,548.4,784364,439162328.95,15533,LEGACY
2018-04-05,GRANULES,Granules India,EQ,INE101D01020,107.05,108.0,106.25,106.9,107.15,105.8,795841,85114324.4,5951,LEGACY
2018-04-05,IPCALAB,IPCA Laboratories,EQ,INE571A01020,676.0,679.5,663.5,669.55,670.0,671.95,82551,55337122.55,3284,LEGACY
2018-04-05,JBCHEPHARM,JB Chemicals & Pharmaceuticals,EQ,INE572A01028,313.0,314.1,306.05,308.35,310.4,311.5,27545,8518690.6,737,LEGACY
2018-04-05,LAURUSLABS,Laurus Labs,EQ,INE947Q01010,515.0,515.0,505.0,506.9,506.4,510.25,32313,16462495.0,1790,LEGACY
2018-04-05,LUPIN,Lupin,EQ,INE326A01037,783.0,790.0,779.55,786.7,787.4,775.2,660905,519367925.4,16435,LEGACY
2018-04-05,NATCOPHARM,Natco Pharma,EQ,INE987B01026,779.0,790.0,767.1,770.8,768.15,763.9,219219,170055023.75,8673,LEGACY
2018-04-05,PEL,Piramal Enterprises,EQ,INE140A01024,2470.7,2557.95,2470.7,2540.4,2541.0,2463.7,163302,413430155.75,25854,LEGACY
2018-04-05,PFIZER,Pfizer,EQ,INE182A01018,2198.0,2199.0,2163.15,2182.7,2185.0,2181.3,8721,19004564.8,1168,LEGACY
2018-04-05,SANOFI,Sanofi India,EQ,INE058A01010,5122.05,5143.75,5060.0,5088.1,5070.0,5119.8,2421,12358778.8,598,LEGACY
2018-04-05,STAR,Strides Pharma Science,EQ,INE939A01011,697.0,707.95,642.3,653.55,663.0,692.85,4541029,3024463261.5,52297,LEGACY
2018-04-05,SUNPHARMA,Sun Pharmaceutical Industries,EQ,INE044A01036,506.0,513.0,505.1,507.55,507.65,502.25,2409577,1225822344.05,37510,LEGACY
2018-04-05,TORNTPHARM,Torrent Pharmaceuticals,EQ,INE685A01028,1299.45,1334.0,1292.45,1327.2,1333.0,1283.65,134037,176488083.35,8950,LEGACY
2018-04-05,WOCKPHARMA,Wockhardt,EQ,INE049B01025,764.1,775.75,758.0,766.15,768.0,755.8,763700,585092525.0,15223,LEGACY
2018-04-06,ABBOTINDIA,Abbott India,EQ,INE358A01014,5710.95,5740.0,5658.0,5712.1,5700.0,5712.85,601,3432264.9,234,LEGACY
2018-04-06,AJANTPHARM,Ajanta Pharma,EQ,INE031B01049,1404.9,1409.9,1388.0,1395.15,1390.0,1395.4,155187,217078021.5,8465,LEGACY
2018-04-06,ALKEM,Alkem Laboratories,EQ,INE540L01014,1870.0,1881.85,1826.1,1835.9,1830.0,1854.1,36865,67989306.25,8015,LEGACY
2018-04-06,APLLTD,Alembic Pharmaceuticals,EQ,INE901L01018,550.0,561.7,536.9,540.8,540.25,550.55,86993,47343850.9,4070,LEGACY
2018-04-06,AUROPHARMA,Aurobindo Pharma,EQ,INE406A01037,596.1,622.0,596.1,619.4,617.45,599.15,3503642,2151470311.4,54266,LEGACY
2018-04-06,BIOCON,Biocon,EQ,INE376G01013,608.5,613.55,604.5,608.75,608.75,607.65,1186650,722510181.95,19207,LEGACY
2018-04-06,CADILAHC,Cadila Healthcare,EQ,INE010B01027,394.0,398.0,390.6,393.75,393.0,394.35,726101,286262190.1,23593,LEGACY
2018-04-06,CIPLA,Cipla,EQ,INE059A01026,560.3,571.0,557.25,558.95,559.8,560.35,2420324,1361154204.45,54774,LEGACY
2018-04-06,DIVISLAB,Divi's Laboratories,EQ,INE361B01024,1119.05,1123.8,1102.5,1114.25,1114.1,1118.7,225924,251394167.0,7487,LEGACY
2018-04-06,DRREDDY,Dr. Reddy's Laboratories,EQ,INE089A01023,2112.0,2133.6,2105.05,2124.8,2122.0,2111.1,264845,562749321.1,20389,LEGACY
2018-04-06,GLAXO,GlaxoSmithKline Pharmaceuticals,EQ,INE159A01016,2245.0,2298.0,2225.0,2276.55,2288.1,2234.5,8916,20191077.85,1412,LEGACY
2018-04-06,GLENMARK,Glenmark Pharmaceuticals,EQ,INE935A01035,553.0,565.8,547.0,563.6,562.55,556.55,591903,330860678.9,10737,LEGACY
2018-04-06,GRANULES,Granules India,EQ,INE101D01020,106.35,109.35,106.35,108.75,108.75,106.9,1135573,123049352.8,8513,LEGACY
2018-04-06,IPCALAB,IPCA Laboratories,EQ,INE571A01020,672.0,680.8,666.6,673.2,671.5,669.55,94809,63927839.35,3839,LEGACY
2018-04-06,JBCHEPHARM,JB Chemicals & Pharmaceuticals,EQ,INE572A01028,310.3,310.9,307.0,308.85,308.2,308.35,13327,4117511.7,536,LEGACY
2018-04-06,LAURUSLABS,Laurus Labs,EQ,INE947Q01010,503.35,511.1,502.5,506.85,507.0,506.9,25605,12986734.75,2053,LEGACY
2018-04-06,LUPIN,Lupin,EQ,INE326A01037,788.0,842.8,785.3,809.05,808.95,786.7,5616503,4581844068.8,105417,LEGACY
2018-04-06,NATCOPHARM,Natco Pharma,EQ,INE987B01026,772.0,784.0,770.0,780.55,780.05,770.8,113170,88092690.05,2892,LEGACY
2018-04-06,PEL,Piramal Enterprises,D1,INE140A08SX5,107500.0,109000.0,107500.0,109000.0,109000.0,106000.0,407,43763000.0,2,LEGACY
2018-04-06,PEL,Piramal Enterprises,EQ,INE140A01024,2551.0,2679.8,2537.0,2663.9,2642.35,2540.4,325906,858188765.7,20194,LEGACY
2018-04-06,PFIZER,Pfizer,EQ,INE182A01018,2184.95,2189.45,2125.0,2146.0,2130.15,2182.7,22950,49369959.05,2221,LEGACY
2018-04-06,SANOFI,Sanofi India,EQ,INE058A01010,5119.8,5120.0,5090.05,5099.85,5091.0,5088.1,745,3800665.0,248,LEGACY
2018-04-06,STAR,Strides Pharma Science,EQ,INE939A01011,632.5,675.25,627.1,663.8,663.75,653.55,1800664,1197842834.35,30247,LEGACY
2018-04-06,SUNPHARMA,Sun Pharmaceutical Industries,EQ,INE044A01036,508.0,515.3,507.0,512.6,512.05,507.55,2772128,1420963738.05,44810,LEGACY
2018-04-06,TORNTPHARM,Torrent Pharmaceuticals,EQ,INE685A01028,1310.15,1344.5,1298.0,1325.2,1320.25,1327.2,186277,246220205.9,11227,LEGACY
2018-04-06,WOCKPHARMA,Wockhardt,EQ,INE049B01025,770.0,782.8,765.2,772.1,772.1,766.15,1219142,944604236.3,19952,LEGACY
2018-04-10,ABBOTINDIA,Abbott India,EQ,INE358A01014,5731.05,5798.0,5730.0,5750.45,5750.0,5749.2,1285,7395439.05,185,LEGACY
2018-04-10,AJANTPHARM,Ajanta Pharma,EQ,INE031B01049,1393.0,1393.0,1367.0,1380.95,1381.0,1380.7,81574,112574367.2,4687,LEGACY
2018-04-10,ALKEM,Alkem Laboratories,EQ,INE540L01014,1871.9,1871.9,1810.1,1815.55,1815.1,1854.95,29669,54345131.6,6157,LEGACY
2018-04-10,APLLTD,Alembic Pharmaceuticals,EQ,INE901L01018,540.0,549.0,526.0,527.4,526.55,536.7,47957,25621622.4,2671,LEGACY
2018-04-10,AUROPHARMA,Aurobindo Pharma,EQ,INE406A01037,612.0,616.7,601.1,607.85,608.7,611.9,1773269,1076522046.65,47075,LEGACY
2018-04-10,BIOCON,Biocon,EQ,INE376G01013,624.0,627.4,617.05,618.1,619.0,619.55,1503198,934528270.55,22785,LEGACY
2018-04-10,CADILAHC,Cadila Healthcare,EQ,INE010B01027,394.9,394.9,386.1,388.65,389.0,391.15,430001,167227763.3,10379,LEGACY
2018-04-10,CIPLA,Cipla,EQ,INE059A01026,558.0,567.0,556.6,558.15,557.7,556.75,1591682,893938904.25,43864,LEGACY
2018-04-10,DIVISLAB,Divi's Laboratories,EQ,INE361B01024,1131.85,1168.0,1131.5,1143.65,1142.35,1129.85,1402585,1621858773.25,30443,LEGACY
2018-04-10,DRREDDY,Dr. Reddy's Laboratories,EQ,INE089A01023,2123.0,2135.0,2082.75,2112.1,2114.9,2121.25,515981,1088486528.35,28697,LEGACY
2018-04-10,GLAXO,GlaxoSmithKline Pharmaceuticals,EQ,INE159A01016,2289.85,2308.0,2262.5,2297.25,2307.05,2298.45,9957,22801265.05,1439,LEGACY
2018-04-10,GLENMARK,Glenmark Pharmaceuticals,EQ,INE935A01035,564.5,569.4,561.6,568.2,568.9,565.1,549344,310831379.25,13192,LEGACY
2018-04-10,GRANULES,Granules India,EQ,INE101D01020,107.7,109.15,107.1,108.1,109.0,107.65,643627,69511830.5,4261,LEGACY
2018-04-10,IPCALAB,IPCA Laboratories,EQ,INE571A01020,684.7,689.8,675.95,681.8,680.0,671.95,232929,158241735.05,7247,LEGACY
2018-04-10,JBCHEPHARM,JB Chemicals & Pharmaceuticals,EQ,INE572A01028,311.05,317.0,309.0,312.65,312.0,310.8,50531,15769028.85,986,LEGACY
2018-04-10,LAURUSLABS,Laurus Labs,EQ,INE947Q01010,504.5,507.75,502.0,506.8,507.0,500.1,89118,45075811.75,3299,LEGACY
2018-04-10,LUPIN,Lupin,EQ,INE326A01037,799.0,805.0,785.65,789.7,790.6,793.85,1135605,900567290.35,32550,LEGACY
2018-04-10,NATCOPHARM,Natco Pharma,EQ,INE987B01026,779.5,785.75,777.1,781.85,782.6,779.5,108542,84949312.5,6559,LEGACY
2018-04-10,PEL,Piramal Enterprises,EQ,INE140A01024,2630.25,2639.65,2597.75,2622.05,2612.9,2627.15,109714,287579093.5,12682,LEGACY
2018-04-10,PFIZER,Pfizer,EQ,INE182A01018,2140.0,2140.0,2110.6,2122.85,2117.0,2135.2,13348,28345814.15,1632,LEGACY
2018-04-10,SANOFI,Sanofi India,EQ,INE058A01010,5051.05,5115.0,5001.0,5023.35,5025.0,5076.75,5615,28322262.0,2137,LEGACY
2018-04-10,STAR,Strides Pharma Science,EQ,INE939A01011,660.0,660.0,649.95,650.95,652.0,653.75,233273,152338897.9,5583,LEGACY
2018-04-10,SUNPHARMA,Sun Pharmaceutical Industries,EQ,INE044A01036,512.4,515.9,507.5,508.25,508.5,510.85,2645876,1350620637.25,52902,LEGACY
2018-04-10,TORNTPHARM,Torrent Pharmaceuticals,EQ,INE685A01028,1309.75,1317.0,1296.45,1305.05,1303.0,1300.3,237184,309000974.15,8044,LEGACY
2018-04-10,WOCKPHARMA,Wockhardt,EQ,INE049B01025,777.6,781.45,767.0,769.35,770.8,769.9,626889,483770884.5,11549,LEGACY
2018-04-11,ABBOTINDIA,Abbott India,EQ,INE358A01014,5751.0,5827.95,5745.0,5813.2,5800.0,5750.45,2311,13391741.45,415,LEGACY
2018-04-11,AJANTPHARM,Ajanta Pharma,EQ,INE031B01049,1392.9,1392.9,1373.45,1380.35,1380.95,1380.95,87125,120296265.35,6521,LEGACY
2018-04-11,ALKEM,Alkem Laboratories,EQ,INE540L01014,1825.0,1832.5,1766.0,1770.95,1768.0,1815.55,150799,268051152.05,10232,LEGACY
2018-04-11,APLLTD,Alembic Pharmaceuticals,EQ,INE901L01018,525.0,537.45,523.3,533.15,532.3,527.4,44617,23847806.7,8488,LEGACY
2018-04-11,AUROPHARMA,Aurobindo Pharma,EQ,INE406A01037,607.0,618.95,604.05,617.65,618.55,607.85,1845242,1128822748.15,26253,LEGACY
2018-04-11,BIOCON,Biocon,EQ,INE376G01013,618.0,622.8,610.05,613.0,612.0,618.1,812582,499147845.6,16949,LEGACY
2018-04-11,CADILAHC,Cadila Healthcare,EQ,INE010B01027,390.0,393.7,388.1,389.35,389.7,388.65,369780,144319187.65,8615,LEGACY
2018-04-11,CIPLA,Cipla,EQ,INE059A01026,560.7,564.0,558.5,561.5,560.0,558.15,1789789,1003733353.15,23652,LEGACY
2018-04-11,DIVISLAB,Divi's Laboratories,EQ,INE361B01024,1150.0,1150.0,1110.0,1122.65,1121.0,1143.65,385766,432718452.6,19970,LEGACY
2018-04-11,DRREDDY,Dr. Reddy's Laboratories,EQ,INE089A01023,2130.0,2133.05,2090.0,2100.7,2100.7,2112.1,306020,644297289.8,21575,LEGACY
2018-04-11,GLAXO,GlaxoSmithKline Pharmaceuticals,EQ,INE159A01016,2287.55,2319.0,2269.9,2305.85,2311.05,2297.25,8280,19031659.6,1380,LEGACY
2018-04-11,GLENMARK,Glenmark Pharmaceuticals,EQ,INE935A01035,570.0,575.2,556.45,559.55,562.0,568.2,588646,331893811.05,16520,LEGACY
2018-04-11,GRANULES,Granules India,EQ,INE101D01020,108.8,109.65,107.75,108.85,108.65,108.1,792212,86000545.7,4701,LEGACY
2018-04-11,IPCALAB,IPCA Laboratories,EQ,INE571A01020,685.0,703.65,666.1,693.45,693.45,681.8,241894,167554001.05,9051,LEGACY
2018-04-11,JBCHEPHARM,JB Chemicals & Pharmaceuticals,EQ,INE572A01028,309.05,315.1,309.05,313.55,314.0,312.65,28663,8958533.4,835,LEGACY
2018-04-11,LAURUSLABS,Laurus Labs,EQ,INE947Q01010,508.75,508.75,501.1,503.25,502.3,506.8,28590,14425587.45,1717,LEGACY
2018-04-11,LUPIN,Lupin,EQ,INE326A01037,792.0,798.9,781.1,789.65,788.0,789.7,1208659,954621964.05,29992,LEGACY
2018-04-11,NATCOPHARM,Natco Pharma,EQ,INE987B01026,788.0,788.0,771.55,773.6,774.0,781.85,86164,66929524.6,5940,LEGACY
2018-04-11,PEL,Piramal Enterprises,EQ,INE140A01024,2622.4,2623.85,2585.0,2595.7,2588.15,2622.05,135799,352916614.1,8870,LEGACY
2018-04-11,PFIZER,Pfizer,EQ,INE182A01018,2128.9,2128.9,2090.9,2104.35,2100.0,2122.85,13009,27385990.4,1863,LEGACY
2018-04-11,SANOFI,Sanofi India,EQ,INE058A01010,5050.0,5140.0,5024.0,5100.4,5080.0,5023.35,4225,21458300.95,1051,LEGACY
2018-04-11,STAR,Strides Pharma Science,EQ,INE939A01011,650.0,654.8,639.3,641.75,642.55,650.95,314578,203134390.05,7937,LEGACY
2018-04-11,SUNPHARMA,Sun Pharmaceutical Industries,EQ,INE044A01036,511.0,522.9,510.3,521.45,520.0,508.25,5693850,2946070527.95,66951,LEGACY
2018-04-11,TORNTPHARM,Torrent Pharmaceuticals,EQ,INE685A01028,1305.15,1330.0,1305.15,1325.8,1325.0,1305.05,237399,314348830.8,6567,LEGACY
2018-04-11,WOCKPHARMA,Wockhardt,EQ,INE049B01025,770.0,778.7,754.05,762.2,761.35,769.35,629971,483901349.45,12923,LEGACY
2018-04-12,ABBOTINDIA,Abbott India,EQ,INE358A01014,5819.0,6144.95,5773.0,6071.45,6100.0,5813.2,10453,62821132.35,2093,LEGACY
2018-04-12,AJANTPHARM,Ajanta Pharma,EQ,INE031B01049,1377.0,1389.0,1373.05,1380.3,1379.0,1380.35,47851,65969710.4,2133,LEGACY
2018-04-12,ALKEM,Alkem Laboratories,EQ,INE540L01014,1766.0,1769.0,1746.1,1758.4,1760.0,1770.95,126405,221810850.05,4168,LEGACY
2018-04-12,APLLTD,Alembic Pharmaceuticals,EQ,INE901L01018,533.45,534.15,495.55,499.05,499.5,533.15,92469,46979765.9,4063,LEGACY
2018-04-12,AUROPHARMA,Aurobindo Pharma,EQ,INE406A01037,616.75,616.9,607.45,611.8,611.45,617.65,1372935,840176029.85,28223,LEGACY
2018-04-12,BIOCON,Biocon,EQ,INE376G01013,625.25,632.2,616.2,620.15,620.15,613.0,4539302,2841190461.55,63165,LEGACY
2018-04-12,CADILAHC,Cadila Healthcare,EQ,INE010B01027,391.1,395.15,388.0,390.2,389.0,389.35,571541,223735875.05,12110,LEGACY
2018-04-12,CIPLA,Cipla,EQ,INE059A01026,562.9,562.95,554.8,556.15,556.0,561.5,1309557,730112683.2,29140,LEGACY
2018-04-12,DIVISLAB,Divi's Laboratories,EQ,INE361B01024,1115.05,1136.65,1111.5,1120.8,1119.3,1122.65,320269,360329491.7,13307,LEGACY
2018-04-12,DRREDDY,Dr. Reddy's Laboratories,EQ,INE089A01023,2078.0,2078.0,2054.3,2060.5,2060.0,2100.7,679256,1400472127.65,32393,LEGACY
2018-04-12,GLAXO,GlaxoSmithKline Pharmaceuticals,EQ,INE159A01016,2298.8,2340.0,2283.0,2323.95,2337.0,2305.85,7083,16396059.25,1402,LEGACY
2018-04-12,GLENMARK,Glenmark Pharmaceuticals,EQ,INE935A01035,559.0,563.0,555.2,558.3,558.5,559.55,222336,124137947.05,5285,LEGACY
2018-04-12,GRANULES,Granules India,EQ,INE101D01020,108.5,109.15,107.0,107.45,107.4,108.85,684709,73798017.55,4206,LEGACY
2018-04-12,IPCALAB,IPCA Laboratories,EQ,INE571A01020,697.8,719.0,692.85,710.9,709.7,693.45,604482,426920257.8,16281,LEGACY
2018-04-12,JBCHEPHARM,JB Chemicals & Pharmaceuticals,EQ,INE572A01028,314.0,314.1,311.65,312.4,312.05,313.55,36874,11511491.05,558,LEGACY
2018-04-12,LAURUSLABS,Laurus Labs,EQ,INE947Q01010,506.9,506.9,502.55,504.45,505.0,503.25,38181,19259871.5,1481,LEGACY
2018-04-12,LUPIN,Lupin,EQ,INE326A01037,785.35,788.75,772.0,773.35,773.0,789.65,1138426,884528727.85,46575,LEGACY
2018-04-12,NATCOPHARM,Natco Pharma,EQ,INE987B01026,772.0,783.4,771.1,776.4,772.0,773.6,77463,60251788.2,5124,LEGACY
2018-04-12,PEL,Piramal Enterprises,D1,INE140A08SX5,105000.0,105000.0,105000.0,105000.0,105000.0,109000.0,9,945000.0,4,LEGACY
2018-04-12,PEL,Piramal Enterprises,EQ,INE140A01024,2582.8,2602.05,2576.55,2583.2,2580.2,2595.7,127650,330641401.65,9306,LEGACY
2018-04-12,PFIZER,Pfizer,EQ,INE182A01018,2118.85,2118.85,2085.3,2100.0,2101.8,2104.35,7364,15452210.55,1327,LEGACY
2018-04-12,SANOFI,Sanofi India,EQ,INE058A01010,5059.85,5084.95,5016.0,5067.7,5074.95,5100.4,4264,21563427.55,902,LEGACY
2018-04-12,STAR,Strides Pharma Science,EQ,INE939A01011,644.5,646.85,632.1,639.45,640.6,641.75,406088,259871535.8,10715,LEGACY
2018-04-12,SUNPHARMA,Sun Pharmaceutical Industries,EQ,INE044A01036,521.5,521.5,509.6,515.9,513.3,521.45,3619891,1864996537.15,50895,LEGACY
2018-04-12,TORNTPHARM,Torrent Pharmaceuticals,EQ,INE685A01028,1330.5,1332.65,1305.15,1320.3,1315.0,1325.8,149339,196988804.1,10477,LEGACY
2018-04-12,WOCKPHARMA,Wockhardt,EQ,INE049B01025,762.0,766.0,747.45,754.55,755.65,762.2,729156,550950225.75,15276,LEGACY
2018-04-16,ABBOTINDIA,Abbott India,EQ,INE358A01014,6361.0,6690.0,6351.0,6444.1,6413.2,6484.15,11506,75107109.45,2681,LEGACY
2018-04-16,AJANTPHARM,Ajanta Pharma,EQ,INE031B01049,1363.0,1399.35,1357.0,1388.9,1385.0,1365.0,177235,245779065.25,5750,LEGACY
2018-04-16,ALKEM,Alkem Laboratories,EQ,INE540L01014,1784.0,1793.25,1754.0,1763.25,1754.05,1784.15,26212,46296446.5,9149,LEGACY
2018-04-16,APLLTD,Alembic Pharmaceuticals,EQ,INE901L01018,505.0,512.95,501.15,505.4,505.05,508.1,16131,8181297.75,1395,LEGACY
2018-04-16,AUROPHARMA,Aurobindo Pharma,EQ,INE406A01037,621.0,631.0,618.0,624.6,623.75,621.75,1663447,1041747180.55,31434,LEGACY
2018-04-16,BIOCON,Biocon,EQ,INE376G01013,624.5,636.5,618.65,628.25,628.0,625.4,2543094,1603842021.25,39599,LEGACY
2018-04-16,CADILAHC,Cadila Healthcare,EQ,INE010B01027,388.35,394.0,388.15,390.75,390.7,391.15,562961,220412772.1,11426,LEGACY
2018-04-16,CIPLA,Cipla,EQ,INE059A01026,553.05,587.8,553.05,584.95,585.05,555.5,6741354,3891675302.1,73379,LEGACY
2018-04-16,DIVISLAB,Divi's Laboratories,EQ,INE361B01024,1147.5,1177.0,1133.35,1173.25,1175.0,1145.5,798396,926461068.85,29875,LEGACY
2018-04-16,DRREDDY,Dr. Reddy's Laboratories,EQ,INE089A01023,2081.2,2110.0,2075.0,2102.45,2102.5,2089.95,289585,607862393.5,16651,LEGACY
2018-04-16,GLAXO,GlaxoSmithKline Pharmaceuticals,EQ,INE159A01016,2305.75,2356.0,2305.75,2349.6,2349.75,2341.8,7652,17914483.35,1295,LEGACY
2018-04-16,GLENMARK,Glenmark Pharmaceuticals,EQ,INE935A01035,580.95,585.4,573.35,576.2,577.55,582.05,922118,533391341.15,24463,LEGACY
2018-04-16,GRANULES,Granules India,EQ,INE101D01020,107.0,108.8,106.8,108.25,108.25,107.45,735059,79166580.9,4606,LEGACY
2018-04-16,IPCALAB,IPCA Laboratories,EQ,INE571A01020,733.7,737.85,701.7,709.05,707.0,736.3,257305,184661477.6,12827,LEGACY
2018-04-16,JBCHEPHARM,JB Chemicals & Pharmaceuticals,EQ,INE572A01028,314.0,315.0,310.0,310.95,310.45,313.9,22720,7086035.1,726,LEGACY
2018-04-16,LAURUSLABS,Laurus Labs,EQ,INE947Q01010,500.0,502.85,496.9,501.25,502.8,500.9,34509,17265280.7,2167,LEGACY
2018-04-16,LUPIN,Lupin,EQ,INE326A01037,771.0,797.5,770.8,794.4,794.0,779.85,1703440,1348956703.2,43355,LEGACY
2018-04-16,NATCOPHARM,Natco Pharma,EQ,INE987B01026,777.95,803.0,775.15,787.05,784.0,779.2,233766,185132118.8,6793,LEGACY
2018-04-16,PEL,Piramal Enterprises,D1,INE140A08SX5,105500.0,105500.0,105500.0,105500.0,105500.0,105000.0,1,105500.0,1,LEGACY
2018-04-16,PEL,Piramal Enterprises,EQ,INE140A01024,2567.0,2614.0,2557.0,2600.6,2600.0,2568.75,236202,613326730.05,7283,LEGACY
2018-04-16,PFIZER,Pfizer,EQ,INE182A01018,2091.5,2175.0,2086.05,2142.5,2145.15,2093.45,12166,25873767.55,2378,LEGACY
2018-04-16,SANOFI,Sanofi India,EQ,INE058A01010,5070.0,5099.95,5010.0,5069.8,5073.0,5069.5,1335,6769721.2,424,LEGACY
2018-04-16,STAR,Strides Pharma Science,EQ,INE939A01011,644.9,655.3,640.4,653.6,652.1,642.9,301698,195387643.2,7634,LEGACY
2018-04-16,SUNPHARMA,Sun Pharmaceutical Industries,EQ,INE044A01036,513.0,521.0,511.5,519.4,520.05,513.0,2687330,1389681471.5,64571,LEGACY
2018-04-16,TORNTPHARM,Torrent Pharmaceuticals,EQ,INE685A01028,1310.0,1356.55,1310.0,1347.5,1347.0,1327.05,75549,101645408.05,7048,LEGACY
2018-04-16,WOCKPHARMA,Wockhardt,EQ,INE049B01025,738.8,761.0,733.3,757.15,757.95,741.4,991168,743462938.0,18690,LEGACY
2018-04-18,ABBOTINDIA,Abbott India,EQ,INE358A01014,6375.0,6385.0,6140.05,6171.75,6170.0,6293.1,3860,24039375.95,870,LEGACY
2018-04-18,AJANTPHARM,Ajanta Pharma,EQ,INE031B01049,1381.65,1387.5,1371.15,1378.7,1372.05,1374.95,47383,65354733.7,2989,LEGACY
2018-04-18,ALKEM,Alkem Laboratories,EQ,INE540L01014,1750.0,1800.0,1735.05,1779.25,1790.0,1745.45,33063,58286789.35,6402,LEGACY
2018-04-18,APLLTD,Alembic Pharmaceuticals,EQ,INE901L01018,510.8,510.8,497.3,499.05,498.15,507.7,11870,5976108.25,1063,LEGACY
2018-04-18,AUROPHARMA,Aurobindo Pharma,EQ,INE406A01037,622.0,624.9,607.0,609.5,610.75,620.45,804866,495468071.05,19834,LEGACY
2018-04-18,BIOCON,Biocon,EQ,INE376G01013,627.0,629.4,620.2,623.7,623.75,626.25,853008,532803231.7,14264,LEGACY
2018-04-18,CADILAHC,Cadila Healthcare,EQ,INE010B01027,388.65,390.95,383.35,385.1,384.9,387.7,479171,185147482.5,9352,LEGACY
2018-04-18,CIPLA,Cipla,EQ,INE059A01026,582.0,597.0,582.0,584.6,586.05,579.95,3853951,2273651438.55,64548,LEGACY
2018-04-18,DIVISLAB,Divi's Laboratories,EQ,INE361B01024,1182.0,1203.4,1171.0,1174.9,1171.0,1180.55,879419,1041892663.4,25309,LEGACY
2018-04-18,DRREDDY,Dr. Reddy's Laboratories,EQ,INE089A01023,2114.7,2117.25,2091.05,2101.65,2100.0,2105.55,227808,479499322.9,15073,LEGACY
2018-04-18,GLAXO,GlaxoSmithKline Pharmaceuticals,EQ,INE159A01016,2392.0,2402.0,2342.3,2360.2,2362.5,2381.65,9895,23511345.9,1495,LEGACY
2018-04-18,GLENMARK,Glenmark Pharmaceuticals,EQ,INE935A01035,579.0,584.9,564.25,566.85,567.45,573.45,907017,521432701.8,25195,LEGACY
2018-04-18,GRANULES,Granules India,EQ,INE101D01020,109.0,109.4,106.7,107.15,107.45,108.95,592512,63994901.45,3586,LEGACY
2018-04-18,IPCALAB,IPCA Laboratories,EQ,INE571A01020,717.0,717.0,700.3,709.7,710.0,717.75,170637,121094616.6,14073,LEGACY
2018-04-18,JBCHEPHARM,JB Chemicals & Pharmaceuticals,EQ,INE572A01028,315.8,321.0,315.8,319.85,319.0,315.2,32298,10303529.75,859,LEGACY
2018-04-18,LAURUSLABS,Laurus Labs,EQ,INE947Q01010,505.0,505.9,499.0,500.4,499.0,502.45,33559,16857809.9,1150,LEGACY
2018-04-18,LUPIN,Lupin,EQ,INE326A01037,810.0,813.05,787.5,790.55,790.95,805.05,1273598,1019492057.15,29756,LEGACY
2018-04-18,NATCOPHARM,Natco Pharma,EQ,INE987B01026,810.0,827.0,797.0,801.0,801.0,802.05,413944,336890530.75,16318,LEGACY
2018-04-18,PEL,Piramal Enterprises,EQ,INE140A01024,2598.0,2608.8,2570.0,2579.65,2585.05,2597.55,72279,186856434.75,6105,LEGACY
2018-04-18,PFIZER,Pfizer,EQ,INE182A01018,2192.0,2194.85,2151.55,2161.6,2163.0,2184.25,180800,393871252.4,2894,LEGACY
2018-04-18,SANOFI,Sanofi India,EQ,INE058A01010,5057.2,5118.0,5010.0,5021.2,5025.0,5078.6,66467,336737387.9,1969,LEGACY
2018-04-18,STAR,Strides Pharma Science,EQ,INE939A01011,650.0,652.75,640.0,641.65,641.2,650.95,203465,131211332.2,7410,LEGACY
2018-04-18,SUNPHARMA,Sun Pharmaceutical Industries,EQ,INE044A01036,514.35,517.4,510.65,512.0,512.4,512.15,2412444,1239766627.8,52868,LEGACY
2018-04-18,TORNTPHARM,Torrent Pharmaceuticals,EQ,INE685A01028,1334.05,1361.55,1332.05,1353.55,1352.2,1338.75,98305,132872413.55,10184,LEGACY
2018-04-18,WOCKPHARMA,Wockhardt,EQ,INE049B01025,757.9,759.45,738.8,741.45,741.45,754.15,540259,404872749.3,11398,LEGACY
2018-04-19,ABBOTINDIA,Abbott India,EQ,INE358A01014,6176.0,6300.0,6138.95,6184.05,6200.0,6171.75,7800,48382648.7,1120,LEGACY
2018-04-19,AJANTPHARM,Ajanta Pharma,EQ,INE031B01049,1380.0,1389.05,1371.0,1385.2,1382.8,1378.7,55508,76731137.95,3693,LEGACY
2018-04-19,ALKEM,Alkem Laboratories,EQ,INE540L01014,1758.0,1800.0,1758.0,1797.5,1799.0,1779.25,42299,75526115.1,7216,LEGACY
2018-04-19,APLLTD,Alembic Pharmaceuticals,EQ,INE901L01018,501.0,504.95,499.0,500.7,503.4,499.05,12921,6469658.8,822,LEGACY
2018-04-19,AUROPHARMA,Aurobindo Pharma,EQ,INE406A01037,611.0,619.95,603.1,617.8,616.2,609.5,1241598,759088552.35,25322,LEGACY
2018-04-19,BIOCON,Biocon,EQ,INE376G01013,625.0,641.0,622.5,639.6,639.0,623.7,3086991,1957939200.65,37609,LEGACY
2018-04-19,CADILAHC,Cadila Healthcare,EQ,INE010B01027,385.0,389.6,382.4,387.65,386.25,385.1,763706,294782509.3,17690,LEGACY
2018-04-19,CIPLA,Cipla,EQ,INE059A01026,584.25,592.0,583.05,584.4,584.0,584.6,1525419,894034469.5,32205,LEGACY
2018-04-19,DIVISLAB,Divi's Laboratories,EQ,INE361B01024,1172.0,1189.9,1163.25,1179.75,1177.0,1174.9,561972,662105452.15,19340,LEGACY
2018-04-19,DRREDDY,Dr. Reddy's Laboratories,EQ,INE089A01023,2111.0,2140.0,2107.0,2136.3,2135.0,2101.65,322550,684354427.4,17298,LEGACY
2018-04-19,GLAXO,GlaxoSmithKline Pharmaceuticals,EQ,INE159A01016,2356.4,2394.0,2356.4,2385.95,2380.0,2360.2,6594,15684230.4,1188,LEGACY
2018-04-19,GLENMARK,Glenmark Pharmaceuticals,EQ,INE935A01035,570.0,571.2,561.45,565.25,563.25,566.85,665442,377525260.6,14457,LEGACY
2018-04-19,GRANULES,Granules India,EQ,INE101D01020,107.5,108.55,106.65,108.05,108.55,107.15,535320,57524967.35,3110,LEGACY
2018-04-19,IPCALAB,IPCA Laboratories,EQ,INE571A01020,713.0,713.0,691.6,697.45,696.85,709.7,60754,42517387.2,3025,LEGACY
2018-04-19,JBCHEPHARM,JB Chemicals & Pharmaceuticals,EQ,INE572A01028,320.0,327.95,318.7,321.4,321.5,319.85,242556,77961877.5,916,LEGACY
2018-04-19,LAURUSLABS,Laurus Labs,EQ,INE947Q01010,500.0,503.7,497.4,502.0,499.85,500.4,56910,28496182.65,2181,LEGACY
2018-04-19,LUPIN,Lupin,EQ,INE326A01037,792.15,795.0,783.0,790.35,791.95,790.55,892965,704192373.0,19355,LEGACY
2018-04-19,NATCOPHARM,Natco Pharma,EQ,INE987B01026,808.95,809.75,792.8,802.6,803.0,801.0,508051,406374920.5,4314,LEGACY
2018-04-19,PEL,Piramal Enterprises,D1,INE140A08SX5,106000.0,106000.0,106000.0,106000.0,106000.0,105500.0,14,1484000.0,3,LEGACY
2018-04-19,PEL,Piramal Enterprises,EQ,INE140A01024,2640.0,2640.0,2564.3,2602.4,2598.1,2579.65,84189,218558018.3,5591,LEGACY
2018-04-19,PFIZER,Pfizer,EQ,INE182A01018,2163.0,2187.9,2141.0,2164.9,2163.0,2161.6,9062,19599102.1,2304,LEGACY
2018-04-19,SANOFI,Sanofi India,EQ,INE058A01010,5021.0,5080.0,5000.0,5012.2,5000.0,5021.2,9148,45975032.0,1063,LEGACY
2018-04-19,STAR,Strides Pharma Science,EQ,INE939A01011,641.65,642.65,630.0,636.5,637.55,641.65,291036,184831630.8,10593,LEGACY
2018-04-19,SUNPHARMA,Sun Pharmaceutical Industries,EQ,INE044A01036,515.0,515.0,506.35,509.2,509.75,512.0,1936774,986763266.65,50189,LEGACY
2018-04-19,TORNTPHARM,Torrent Pharmaceuticals,EQ,INE685A01028,1359.95,1400.75,1347.7,1398.15,1396.0,1353.55,215973,298232423.05,14124,LEGACY
2018-04-19,WOCKPHARMA,Wockhardt,EQ,INE049B01025,743.0,766.25,737.05,762.95,763.6,741.45,806439,606214336.4,15604,LEGACY
2018-04-20,ABBOTINDIA,Abbott India,EQ,INE358A01014,6201.1,6201.1,6125.0,6150.0,6146.0,6184.05,6057,37273800.7,1063,LEGACY
2018-04-20,AJANTPHARM,Ajanta Pharma,EQ,INE031B01049,1383.95,1383.95,1361.0,1365.0,1369.15,1385.2,71587,98000132.35,4037,LEGACY
2018-04-20,ALKEM,Alkem Laboratories,EQ,INE540L01014,1803.6,1810.0,1762.1,1783.35,1776.1,1797.5,64941,115510395.05,7561,LEGACY
2018-04-20,APLLTD,Alembic Pharmaceuticals,EQ,INE901L01018,502.0,504.95,498.3,500.45,504.4,500.7,26149,13099974.25,1778,LEGACY
2018-04-20,AUROPHARMA,Aurobindo Pharma,EQ,INE406A01037,617.0,623.5,608.4,618.6,617.9,617.8,1470307,907709568.8,23880,LEGACY
2018-04-20,BIOCON,Biocon,EQ,INE376G01013,640.0,645.35,631.0,637.55,637.9,639.6,2249783,1434384294.1,34121,LEGACY
2018-04-20,CADILAHC,Cadila Healthcare,EQ,INE010B01027,386.6,388.5,382.4,385.15,384.6,387.65,420244,161982608.9,8197,LEGACY
2018-04-20,CIPLA,Cipla,EQ,INE059A01026,582.35,593.4,581.5,589.05,590.0,584.4,1641179,965603063.0,24515,LEGACY
2018-04-20,DIVISLAB,Divi's Laboratories,EQ,INE361B01024,1175.7,1199.0,1167.6,1194.25,1192.9,1179.75,258462,305813134.05,8204,LEGACY
2018-04-20,DRREDDY,Dr. Reddy's Laboratories,EQ,INE089A01023,2130.0,2145.95,2106.05,2121.9,2118.0,2136.3,267337,567702928.4,20541,LEGACY
2018-04-20,GLAXO,GlaxoSmithKline Pharmaceuticals,EQ,INE159A01016,2380.5,2450.0,2367.85,2431.1,2417.95,2385.95,13770,33411633.25,2331,LEGACY
2018-04-20,GLENMARK,Glenmark Pharmaceuticals,EQ,INE935A01035,564.5,576.0,561.0,571.2,572.95,565.25,632481,358422566.55,13245,LEGACY
2018-04-20,GRANULES,Granules India,EQ,INE101D01020,107.15,107.8,106.8,107.2,107.15,108.05,419908,45034891.75,2746,LEGACY
2018-04-20,IPCALAB,IPCA Laboratories,EQ,INE571A01020,696.0,702.0,683.0,699.85,702.0,697.45,128281,89407779.9,10294,LEGACY
2018-04-20,JBCHEPHARM,JB Chemicals & Pharmaceuticals,EQ,INE572A01028,303.0,318.35,298.65,315.65,316.0,321.4,313875,97351243.4,7131,LEGACY
2018-04-20,LAURUSLABS,Laurus Labs,EQ,INE947Q01010,502.0,510.8,498.2,508.7,508.0,502.0,106514,53947884.05,3504,LEGACY
2018-04-20,LUPIN,Lupin,EQ,INE326A01037,790.0,801.6,785.1,799.9,800.0,790.35,1414151,1125530712.95,53926,LEGACY
2018-04-20,NATCOPHARM,Natco Pharma,EQ,INE987B01026,809.95,820.0,797.8,802.7,803.0,802.6,133107,106969564.7,3531,LEGACY
2018-04-20,PEL,Piramal Enterprises,EQ,INE140A01024,2592.0,2615.0,2560.1,2568.5,2568.0,2602.4,80579,208031934.45,11868,LEGACY
2018-04-20,PFIZER,Pfizer,EQ,INE182A01018,2166.85,2249.0,2159.75,2234.2,2237.95,2164.9,16463,36398601.3,1865,LEGACY
2018-04-20,SANOFI,Sanofi India,EQ,INE058A01010,5015.05,5089.4,4989.95,4998.05,5000.0,5012.2,6600,33171090.05,2179,LEGACY
2018-04-20,STAR,Strides Pharma Science,EQ,INE939A01011,640.0,640.0,628.0,633.95,635.05,636.5,276649,174912971.95,8384,LEGACY
2018-04-20,SUNPHARMA,Sun Pharmaceutical Industries,EQ,INE044A01036,509.0,509.0,502.0,505.3,505.45,509.2,4431085,2233703409.05,49200,LEGACY
2018-04-20,TORNTPHARM,Torrent Pharmaceuticals,EQ,INE685A01028,1380.05,1418.0,1369.95,1400.25,1404.9,1398.15,391639,548244984.3,16807,LEGACY
2018-04-20,WOCKPHARMA,Wockhardt,EQ,INE049B01025,762.0,801.0,752.5,797.25,800.5,762.95,2231727,1742759165.15,36699,LEGACY
2018-04-23,ABBOTINDIA,Abbott India,EQ,INE358A01014,6100.05,6209.0,6100.05,6158.15,6130.0,6150.0,19291,119477592.05,891,LEGACY
2018-04-23,AJANTPHARM,Ajanta Pharma,EQ,INE031B01049,1364.0,1392.65,1338.0,1383.2,1377.0,1365.0,175230,239922277.85,7473,LEGACY
2018-04-23,ALKEM,Alkem Laboratories,EQ,INE540L01014,1775.0,1850.0,1775.0,1831.7,1840.05,1783.35,39257,71216141.2,4838,LEGACY
2018-04-23,APLLTD,Alembic Pharmaceuticals,EQ,INE901L01018,505.9,508.1,502.0,505.3,505.0,500.45,18727,9467597.05,906,LEGACY
2018-04-23,AUROPHARMA,Aurobindo Pharma,EQ,INE406A01037,611.8,645.0,611.8,642.55,643.7,618.6,3138957,1996308693.95,59798,LEGACY
2018-04-23,BIOCON,Biocon,EQ,INE376G01013,636.0,640.55,627.0,636.0,637.85,637.55,1530050,969024382.6,23648,LEGACY
2018-04-23,CADILAHC,Cadila Healthcare,EQ,INE010B01027,387.0,401.95,386.1,398.95,398.5,385.15,2019759,802175573.35,29753,LEGACY
2018-04-23,CIPLA,Cipla,EQ,INE059A01026,576.0,601.75,576.0,600.15,601.0,589.05,3016500,1789296636.2,51069,LEGACY
2018-04-23,DIVISLAB,Divi's Laboratories,EQ,INE361B01024,1199.95,1199.95,1175.05,1178.45,1176.5,1194.25,335330,396361389.9,11668,LEGACY
2018-04-23,DRREDDY,Dr. Reddy's Laboratories,EQ,INE089A01023,2123.4,2142.0,2095.0,2135.55,2138.9,2121.9,545145,1157598529.4,17961,LEGACY
2018-04-23,GLAXO,GlaxoSmithKline Pharmaceuticals,EQ,INE159A01016,2435.75,2440.05,2405.0,2418.55,2405.0,2431.1,7848,19017082.65,1534,LEGACY
2018-04-23,GLENMARK,Glenmark Pharmaceuticals,EQ,INE935A01035,570.0,583.4,568.85,579.65,580.5,571.2,551306,318450570.85,14041,LEGACY
2018-04-23,GRANULES,Granules India,EQ,INE101D01020,107.5,111.25,106.55,110.6,110.35,107.2,2414937,264670284.65,11978,LEGACY
2018-04-23,IPCALAB,IPCA Laboratories,EQ,INE571A01020,700.0,720.7,697.25,718.85,719.0,699.85,181556,129025816.75,28749,LEGACY
2018-04-23,JBCHEPHARM,JB Chemicals & Pharmaceuticals,EQ,INE572A01028,312.3,317.0,309.5,310.6,309.5,315.65,42808,13416606.75,1950,LEGACY
2018-04-23,LAURUSLABS,Laurus Labs,EQ,INE947Q01010,507.2,514.75,500.0,503.9,504.0,508.7,115807,58642272.2,3936,LEGACY
2018-04-23,LUPIN,Lupin,EQ,INE326A01037,799.0,817.9,797.4,811.85,812.9,799.9,2168704,1756715136.2,43169,LEGACY
2018-04-23,NATCOPHARM,Natco Pharma,EQ,INE987B01026,807.0,817.9,798.75,812.05,812.0,802.7,148072,119639650.6,4922,LEGACY
2018-04-23,PEL,Piramal Enterprises,EQ,INE140A01024,2553.0,2638.85,2553.0,2602.65,2607.0,2568.5,112226,293199307.35,9775,LEGACY
2018-04-23,PFIZER,Pfizer,EQ,INE182A01018,2234.2,2274.4,2220.0,2238.25,2220.0,2234.2,13507,30302638.65,1957,LEGACY
2018-04-23,SANOFI,Sanofi India,EQ,INE058A01010,5006.05,5035.9,4905.6,4920.8,4925.0,4998.05,6512,32354420.05,1606,LEGACY
2018-04-23,STAR,Strides Pharma Science,EQ,INE939A01011,637.95,653.0,634.1,648.25,647.1,633.95,469464,303172239.15,15014,LEGACY
2018-04-23,SUNPHARMA,Sun Pharmaceutical Industries,EQ,INE044A01036,505.0,515.5,505.0,514.25,515.3,505.3,2424057,1241411855.95,35519,LEGACY
2018-04-23,TORNTPHARM,Torrent Pharmaceuticals,EQ,INE685A01028,1399.6,1414.45,1392.85,1401.0,1401.8,1400.25,144998,203403992.5,12749,LEGACY
2018-04-23,WOCKPHARMA,Wockhardt,EQ,INE049B01025,796.05,819.7,787.35,792.25,790.35,797.25,2313519,1864068258.7,40064,LEGACY
2018-04-24,ABBOTINDIA,Abbott India,EQ,INE358A01014,6130.0,6280.0,6130.0,6224.2,6172.0,6158.15,3964,24698686.8,1003,LEGACY
2018-04-24,AJANTPHARM,Ajanta Pharma,EQ,INE031B01049,1383.0,1417.45,1372.45,1377.4,1380.0,1383.2,195061,272504451.45,8113,LEGACY
2018-04-24,ALKEM,Alkem Laboratories,EQ,INE540L01014,1840.0,1945.0,1840.0,1924.6,1924.9,1831.7,175410,336505826.1,12014,LEGACY
2018-04-24,APLLTD,Alembic Pharmaceuticals,EQ,INE901L01018,517.0,532.0,514.05,518.9,520.0,505.3,91152,47518610.15,3388,LEGACY
2018-04-24,AUROPHARMA,Aurobindo Pharma,EQ,INE406A01037,646.95,653.0,632.7,636.0,636.9,642.55,2857131,1836940132.85,65150,LEGACY
2018-04-24,BIOCON,Biocon,EQ,INE376G01013,640.0,663.75,640.0,650.65,651.5,636.0,6757880,4422603657.6,90340,LEGACY
2018-04-24,CADILAHC,Cadila Healthcare,EQ,INE010B01027,402.9,408.7,398.05,404.9,404.0,398.95,1935854,782968521.6,35354,LEGACY
2018-04-24,CIPLA,Cipla,EQ,INE059A01026,601.0,604.9,595.1,601.9,601.6,600.15,2782988,1672269254.65,46386,LEGACY
2018-04-24,DIVISLAB,Divi's Laboratories,EQ,INE361B01024,1189.7,1208.75,1171.9,1178.25,1181.0,1178.45,729547,866206818.45,19797,LEGACY
2018-04-24,DRREDDY,Dr. Reddy's Laboratories,EQ,INE089A01023,2131.9,2180.0,2127.05,2150.15,2151.45,2135.55,886215,1916039077.05,34010,LEGACY
2018-04-24,GLAXO,GlaxoSmithKline Pharmaceuticals,EQ,INE159A01016,2414.2,2419.0,2371.0,2385.45,2378.0,2418.55,8291,19809912.25,1641,LEGACY
2018-04-24,GLENMARK,Glenmark Pharmaceuticals,EQ,INE935A01035,584.0,589.4,575.25,580.1,580.15,579.65,789903,460184075.7,21612,LEGACY
2018-04-24,GRANULES,Granules India,EQ,INE101D01020,110.95,113.55,110.0,111.4,111.4,110.6,3872587,433895865.4,23504,LEGACY
2018-04-24,IPCALAB,IPCA Laboratories,EQ,INE571A01020,719.9,741.0,719.9,734.7,738.7,718.85,337121,247629958.3,28002,LEGACY
2018-04-24,JBCHEPHARM,JB Chemicals & Pharmaceuticals,EQ,INE572A01028,313.85,314.3,304.65,308.45,311.0,310.6,69297,21489563.75,3235,LEGACY
2018-04-24,LAURUSLABS,Laurus Labs,EQ,INE947Q01010,507.8,511.95,502.2,503.1,503.5,503.9,47781,24215623.4,3197,LEGACY
2018-04-24,LUPIN,Lupin,EQ,INE326A01037,815.85,832.95,814.0,819.75,819.4,811.85,2164708,1786287887.25,49101,LEGACY
2018-04-24,NATCOPHARM,Natco Pharma,EQ,INE987B01026,815.0,828.95,810.15,818.7,815.05,812.05,302422,248520938.45,12004,LEGACY
2018-04-24,PEL,Piramal Enterprises,EQ,INE140A01024,2621.05,2631.05,2560.0,2568.15,2571.0,2602.65,111542,288573211.75,11783,LEGACY
2018-04-24,PFIZER,Pfizer,EQ,INE182A01018,2247.0,2247.0,2205.15,2215.95,2215.05,2238.25,11655,25877990.1,2020,LEGACY
2018-04-24,SANOFI,Sanofi India,EQ,INE058A01010,4980.0,5021.25,4920.0,4948.35,4939.3,4920.8,3494,17316991.6,982,LEGACY
2018-04-24,STAR,Strides Pharma Science,EQ,INE939A01011,651.9,658.9,641.45,647.15,649.8,648.25,503443,327458163.95,16088,LEGACY
2018-04-24,SUNPHARMA,Sun Pharmaceutical Industries,EQ,INE044A01036,515.9,523.5,512.5,517.8,517.0,514.25,3432552,1783640599.6,47462,LEGACY
2018-04-24,TORNTPHARM,Torrent Pharmaceuticals,EQ,INE685A01028,1410.05,1447.95,1406.9,1418.4,1408.1,1401.0,682708,974809232.85,23450,LEGACY
2018-04-24,WOCKPHARMA,Wockhardt,EQ,INE049B01025,793.4,835.9,785.6,803.95,802.1,792.25,4495606,3681179611.8,81789,LEGACY
2018-04-25,ABBOTINDIA,Abbott India,EQ,INE358A01014,6194.0,6271.95,6136.4,6158.95,6142.8,6224.2,5327,33101312.5,1140,LEGACY
2018-04-25,AJANTPHARM,Ajanta Pharma,EQ,INE031B01049,1377.4,1383.4,1355.0,1359.75,1360.0,1377.4,99062,135269279.4,4893,LEGACY
2018-04-25,ALKEM,Alkem Laboratories,EQ,INE540L01014,1918.5,1978.05,1900.0,1934.7,1922.0,1924.6,48624,94392098.8,7969,LEGACY
2018-04-25,APLLTD,Alembic Pharmaceuticals,EQ,INE901L01018,524.5,525.0,513.55,520.0,520.0,518.9,54217,28198346.1,6027,LEGACY
2018-04-25,AUROPHARMA,Aurobindo Pharma,EQ,INE406A01037,631.95,635.9,620.6,624.1,624.95,636.0,1322805,828505016.65,26733,LEGACY
2018-04-25,BIOCON,Biocon,EQ,INE376G01013,650.65,659.8,645.1,652.65,652.55,650.65,1980273,1292401007.05,40489,LEGACY
2018-04-25,CADILAHC,Cadila Healthcare,EQ,INE010B01027,405.0,407.4,399.1,402.85,402.85,404.9,490169,197421373.45,11351,LEGACY
2018-04-25,CIPLA,Cipla,EQ,INE059A01026,600.5,600.5,586.2,593.05,592.5,601.9,1125208,665987834.35,19286,LEGACY
2018-04-25,DIVISLAB,Divi's Laboratories,EQ,INE361B01024,1178.25,1186.7,1156.95,1160.85,1159.05,1178.25,435624,509617631.05,26610,LEGACY
2018-04-25,DRREDDY,Dr. Reddy's Laboratories,EQ,INE089A01023,2151.45,2155.95,2113.0,2118.0,2116.45,2150.15,288899,614075056.1,13388,LEGACY
2018-04-25,GLAXO,GlaxoSmithKline Pharmaceuticals,EQ,INE159A01016,2379.65,2379.65,2335.75,2350.65,2348.0,2385.45,6403,15096214.4,887,LEGACY
2018-04-25,GLENMARK,Glenmark Pharmaceuticals,EQ,INE935A01035,584.95,584.95,563.5,566.75,568.6,580.1,334858,191959910.15,9037,LEGACY
2018-04-25,GRANULES,Granules India,EQ,INE101D01020,111.65,113.0,108.0,109.25,109.0,111.4,1720503,190079153.7,12502,LEGACY
2018-04-25,IPCALAB,IPCA Laboratories,EQ,INE571A01020,734.75,734.75,690.0,695.3,695.1,734.7,179721,126921267.25,9538,LEGACY
2018-04-25,JBCHEPHARM,JB Chemicals & Pharmaceuticals,EQ,INE572A01028,314.45,326.0,310.05,323.75,322.35,308.45,218332,69613596.3,7911,LEGACY
2018-04-25,LAURUSLABS,Laurus Labs,EQ,INE947Q01010,505.5,510.0,500.5,502.15,501.95,503.1,101634,51514902.45,4015,LEGACY
2018-04-25,LUPIN,Lupin,EQ,INE326A01037,814.2,825.0,811.5,814.7,813.05,819.75,739684,604580761.15,19906,LEGACY
2018-04-25,NATCOPHARM,Natco Pharma,EQ,INE987B01026,815.9,830.0,808.1,823.2,822.75,818.7,164991,135073691.35,9515,LEGACY
2018-04-25,PEL,Piramal Enterprises,EQ,INE140A01024,2579.5,2595.0,2552.4,2578.1,2573.2,2568.15,63420,163392070.4,5549,LEGACY
2018-04-25,PFIZER,Pfizer,EQ,INE182A01018,2217.15,2246.55,2189.95,2214.85,2215.0,2215.95,13040,28877887.05,2349,LEGACY
2018-04-25,SANOFI,Sanofi India,EQ,INE058A01010,4930.15,4965.0,4930.15,4934.6,4935.0,4948.35,7182,35481699.75,1283,LEGACY
2018-04-25,STAR,Strides Pharma Science,EQ,INE939A01011,648.0,653.05,634.85,637.9,637.5,647.15,378608,243389370.05,13308,LEGACY
2018-04-25,SUNPHARMA,Sun Pharmaceutical Industries,EQ,INE044A01036,514.5,521.45,511.2,514.05,514.4,517.8,2112975,1091884206.7,29258,LEGACY
2018-04-25,TORNTPHARM,Torrent Pharmaceuticals,EQ,INE685A01028,1408.15,1419.1,1381.55,1401.25,1399.8,1418.4,186767,261798558.3,16115,LEGACY
2018-04-25,WOCKPHARMA,Wockhardt,EQ,INE049B01025,799.0,808.0,772.0,779.7,780.7,803.95,1804236,1424641397.25,34859,LEGACY
2018-04-26,ABBOTINDIA,Abbott India,EQ,INE358A01014,6230.0,6230.0,6098.15,6100.4,6099.0,6158.95,2020,12419362.4,532,LEGACY
2018-04-26,AJANTPHARM,Ajanta Pharma,EQ,INE031B01049,1365.0,1376.65,1351.5,1358.25,1357.95,1359.75,195337,266188789.5,9764,LEGACY
2018-04-26,ALKEM,Alkem Laboratories,EQ,INE540L01014,1934.0,1949.9,1905.1,1919.95,1917.0,1934.7,12581,24257777.85,2832,LEGACY
2018-04-26,APLLTD,Alembic Pharmaceuticals,EQ,INE901L01018,514.0,521.9,514.0,520.0,520.55,520.0,419112,217922416.75,16654,LEGACY
2018-04-26,AUROPHARMA,Aurobindo Pharma,EQ,INE406A01037,625.0,636.9,625.0,629.3,627.65,624.1,1731784,1093326255.7,33814,LEGACY
2018-04-26,BIOCON,Biocon,EQ,INE376G01013,655.0,666.25,654.8,663.5,664.3,652.65,2820936,1866029539.45,37714,LEGACY
2018-04-26,CADILAHC,Cadila Healthcare,EQ,INE010B01027,406.6,414.75,402.85,409.2,409.8,402.85,2314175,945653985.85,28463,LEGACY
2018-04-26,CIPLA,Cipla,EQ,INE059A01026,591.0,602.9,590.55,599.95,598.9,593.05,1503008,899380161.25,24913,LEGACY
2018-04-26,DIVISLAB,Divi's Laboratories,EQ,INE361B01024,1158.05,1176.0,1147.35,1171.25,1170.7,1160.85,502965,584860607.8,24744,LEGACY
2018-04-26,DRREDDY,Dr. Reddy's Laboratories,EQ,INE089A01023,2128.0,2147.2,2064.1,2076.85,2089.8,2118.0,1355549,2833659841.8,32556,LEGACY
2018-04-26,GLAXO,GlaxoSmithKline Pharmaceuticals,EQ,INE159A01016,2345.0,2345.0,2310.1,2333.35,2344.0,2350.65,8078,18813901.05,1617,LEGACY
2018-04-26,GLENMARK,Glenmark Pharmaceuticals,EQ,INE935A01035,568.7,571.2,563.7,566.55,567.5,566.75,513126,290887467.0,11782,LEGACY
2018-04-26,GRANULES,Granules India,EQ,INE101D01020,109.2,109.95,107.2,107.6,107.65,109.25,984059,106455045.1,5643,LEGACY
2018-04-26,IPCALAB,IPCA Laboratories,EQ,INE571A01020,696.65,724.0,696.65,719.45,722.9,695.3,124216,88649723.7,6720,LEGACY
2018-04-26,JBCHEPHARM,JB Chemicals & Pharmaceuticals,EQ,INE572A01028,323.75,324.0,313.0,316.65,316.0,323.75,105277,33236046.5,1873,LEGACY
2018-04-26,LAURUSLABS,Laurus Labs,EQ,INE947Q01010,502.95,507.7,501.6,505.1,502.5,502.15,32203,16259196.05,2315,LEGACY
2018-04-26,LUPIN,Lupin,EQ,INE326A01037,813.0,819.95,789.7,792.7,793.0,814.7,2498590,1998421156.05,53934,LEGACY
2018-04-26,NATCOPHARM,Natco Pharma,EQ,INE987B01026,819.2,825.0,815.0,817.55,817.9,823.2,83510,68355226.15,5174,LEGACY
2018-04-26,PEL,Piramal Enterprises,EQ,INE140A01024,2600.0,2607.0,2563.0,2583.3,2600.0,2578.1,162437,419919398.6,10670,LEGACY
2018-04-26,PFIZER,Pfizer,EQ,INE182A01018,2215.3,2225.0,2175.0,2197.4,2185.4,2214.85,11126,24468032.5,1673,LEGACY
2018-04-26,SANOFI,Sanofi India,EQ,INE058A01010,4931.0,4931.0,4831.0,4839.65,4850.0,4934.6,3234,15736089.05,1111,LEGACY
2018-04-26,STAR,Strides Pharma Science,EQ,INE939A01011,642.3,645.0,631.0,640.8,644.3,637.9,426497,271790416.75,8180,LEGACY
2018-04-26,SUNPHARMA,Sun Pharmaceutical Industries,EQ,INE044A01036,514.0,522.7,511.3,512.6,515.0,514.05,3304748,1704429569.35,58203,LEGACY
2018-04-26,TORNTPHARM,Torrent Pharmaceuticals,EQ,INE685A01028,1391.0,1412.45,1381.5,1395.7,1395.0,1401.25,173701,242633763.8,16035,LEGACY
2018-04-26,WOCKPHARMA,Wockhardt,EQ,INE049B01025,783.6,804.8,766.6,794.75,803.6,779.7,1430668,1117787303.45,23521,LEGACY
2018-04-27,ABBOTINDIA,Abbott India,EQ,INE358A01014,6148.6,6187.95,6091.85,6157.75,6187.0,6100.4,22049,134987726.2,661,LEGACY
2018-04-27,AJANTPHARM,Ajanta Pharma,EQ,INE031B01049,1366.9,1370.45,1342.0,1353.45,1352.0,1358.25,140661,190457470.5,4940,LEGACY
2018-04-27,ALKEM,Alkem Laboratories,EQ,INE540L01014,1920.25,1977.0,1901.0,1969.05,1972.0,1919.95,22494,43945570.8,3827,LEGACY
2018-04-27,APLLTD,Alembic Pharmaceuticals,EQ,INE901L01018,521.0,531.0,521.0,529.7,530.5,520.0,26427,13947094.4,1387,LEGACY
2018-04-27,AUROPHARMA,Aurobindo Pharma,EQ,INE406A01037,630.1,634.4,624.25,630.65,632.0,629.3,1048917,660713219.0,23069,LEGACY
2018-04-27,BIOCON,Biocon,EQ,INE376G01013,669.0,674.0,648.0,653.2,661.0,663.5,3756962,2475557977.1,52470,LEGACY
2018-04-27,CADILAHC,Cadila Healthcare,EQ,INE010B01027,412.0,415.7,405.1,406.6,406.65,409.2,777849,319525268.7,13765,LEGACY
2018-04-27,CIPLA,Cipla,EQ,INE059A01026,602.0,607.0,593.0,599.85,601.0,599.95,1031376,619327441.2,23188,LEGACY
2018-04-27,DIVISLAB,Divi's Laboratories,EQ,INE361B01024,1179.9,1195.0,1165.0,1188.7,1190.55,1171.25,480121,566701534.15,18341,LEGACY
2018-04-27,DRREDDY,Dr. Reddy's Laboratories,EQ,INE089A01023,2098.0,2112.2,2082.0,2097.75,2100.65,2076.85,319344,670216675.7,19182,LEGACY
2018-04-27,GLAXO,GlaxoSmithKline Pharmaceuticals,EQ,INE159A01016,2335.05,2351.0,2310.25,2337.95,2316.0,2333.35,7623,17774440.2,1442,LEGACY
2018-04-27,GLENMARK,Glenmark Pharmaceuticals,EQ,INE935A01035,567.5,575.8,564.25,572.65,573.0,566.55,473739,270313136.45,11756,LEGACY
2018-04-27,GRANULES,Granules India,EQ,INE101D01020,108.3,109.65,107.6,108.25,108.25,107.6,635490,69159886.45,3842,LEGACY
2018-04-27,IPCALAB,IPCA Laboratories,EQ,INE571A01020,715.0,740.0,715.0,735.95,735.0,719.45,172342,126731302.6,10573,LEGACY
2018-04-27,JBCHEPHARM,JB Chemicals & Pharmaceuticals,EQ,INE572A01028,318.75,323.0,316.0,320.95,320.15,316.65,56375,18071999.75,863,LEGACY
2018-04-27,LAURUSLABS,Laurus Labs,EQ,INE947Q01010,507.95,507.95,502.5,504.0,504.2,505.1,17796,8980476.75,1750,LEGACY
2018-04-27,LUPIN,Lupin,EQ,INE326A01037,794.0,805.8,787.1,801.45,801.1,792.7,1357939,1084949357.0,33743,LEGACY
2018-04-27,NATCOPHARM,Natco Pharma,EQ,INE987B01026,828.0,828.2,818.0,823.05,821.0,817.55,114360,94054254.4,3541,LEGACY
2018-04-27,PEL,Piramal Enterprises,EQ,INE140A01024,2605.0,2650.0,2595.0,2635.8,2635.0,2583.3,202898,535186984.9,11813,LEGACY
2018-04-27,PFIZER,Pfizer,EQ,INE182A01018,2209.45,2244.0,2190.0,2202.5,2200.0,2197.4,7464,16434071.6,915,LEGACY
2018-04-27,SANOFI,Sanofi India,EQ,INE058A01010,4842.5,4858.55,4817.2,4846.85,4844.0,4839.65,3172,15356849.85,933,LEGACY
2018-04-27,STAR,Strides Pharma Science,EQ,INE939A01011,640.8,645.0,633.25,636.35,634.05,640.8,253970,161982801.85,7762,LEGACY
2018-04-27,SUNPHARMA,Sun Pharmaceutical Industries,EQ,INE044A01036,517.5,526.4,515.25,524.15,525.0,512.6,3998704,2084773517.65,75434,LEGACY
2018-04-27,TORNTPHARM,Torrent Pharmaceuticals,EQ,INE685A01028,1406.9,1409.0,1365.8,1384.25,1385.0,1395.7,78863,109349345.3,5431,LEGACY
2018-04-27,WOCKPHARMA,Wockhardt,EQ,INE049B01025,799.0,821.9,795.6,817.8,819.65,794.75,1836179,1489990273.6,36191,LEGACY
2018-04-30,ABBOTINDIA,Abbott India,EQ,INE358A01014,6140.0,6259.4,6140.0,6179.65,6199.0,6157.75,4816,29862102.9,993,LEGACY
2018-04-30,AJANTPHARM,Ajanta Pharma,EQ,INE031B01049,1361.0,1367.9,1340.0,1355.25,1355.0,1353.45,84039,113965899.25,3220,LEGACY
2018-04-30,ALKEM,Alkem Laboratories,EQ,INE540L01014,1975.0,1994.0,1952.15,1976.35,1971.4,1969.05,12293,24292826.35,2875,LEGACY
2018-04-30,APLLTD,Alembic Pharmaceuticals,EQ,INE901L01018,530.0,536.35,525.8,534.05,535.05,529.7,19797,10524144.2,959,LEGACY
2018-04-30,AUROPHARMA,Aurobindo Pharma,EQ,INE406A01037,636.35,644.35,633.1,642.0,641.45,630.65,1111425,710069982.25,24603,LEGACY
2018-04-30,BIOCON,Biocon,EQ,INE376G01013,660.0,677.9,656.3,667.6,665.95,653.2,2467770,1649856415.65,37036,LEGACY
2018-04-30,CADILAHC,Cadila Healthcare,EQ,INE010B01027,408.0,414.85,407.0,412.35,413.0,406.6,434665,178803898.45,10623,LEGACY
2018-04-30,CIPLA,Cipla,EQ,INE059A01026,602.2,609.0,602.0,607.4,605.95,599.85,687828,416686921.7,19608,LEGACY
2018-04-30,DIVISLAB,Divi's Laboratories,EQ,INE361B01024,1195.0,1201.4,1184.05,1197.5,1200.0,1188.7,174054,207628069.75,5846,LEGACY
2018-04-30,DRREDDY,Dr. Reddy's Laboratories,EQ,INE089A01023,2110.8,2126.9,2098.05,2109.85,2111.95,2097.75,222664,470553207.1,15059,LEGACY
2018-04-30,GLAXO,GlaxoSmithKline Pharmaceuticals,EQ,INE159A01016,2334.0,2350.0,2324.1,2343.7,2338.9,2337.95,5697,13328049.5,1063,LEGACY
2018-04-30,GLENMARK,Glenmark Pharmaceuticals,EQ,INE935A01035,574.0,578.0,567.5,571.7,571.1,572.65,350867,200935702.0,14556,LEGACY
2018-04-30,GRANULES,Granules India,EQ,INE101D01020,108.6,109.8,107.65,108.65,108.95,108.25,743313,80816608.5,3604,LEGACY
2018-04-30,IPCALAB,IPCA Laboratories,EQ,INE571A01020,737.1,760.0,737.1,751.7,754.0,735.95,171951,128861210.95,7178,LEGACY
2018-04-30,JBCHEPHARM,JB Chemicals & Pharmaceuticals,EQ,INE572A01028,320.0,324.75,319.5,320.05,320.0,320.95,16434,5278291.6,568,LEGACY
2018-04-30,LAURUSLABS,Laurus Labs,EQ,INE947Q01010,514.0,515.75,502.3,511.3,507.5,504.0,49088,25029173.75,1705,LEGACY
2018-04-30,LUPIN,Lupin,EQ,INE326A01037,805.0,819.9,803.0,811.55,810.1,801.45,990926,805875203.4,23202,LEGACY
2018-04-30,NATCOPHARM,Natco Pharma,EQ,INE987B01026,827.9,828.05,805.0,807.85,809.3,823.05,103415,84132183.4,4783,LEGACY
2018-04-30,PEL,Piramal Enterprises,D1,INE140A08SX5,106000.0,106000.0,106000.0,106000.0,106000.0,106000.0,1,106000.0,1,LEGACY
2018-04-30,PEL,Piramal Enterprises,EQ,INE140A01024,2616.0,2630.0,2586.2,2599.6,2597.5,2635.8,109337,285114228.5,7867,LEGACY
2018-04-30,PFIZER,Pfizer,EQ,INE182A01018,2206.15,2311.45,2202.55,2278.85,2280.0,2202.5,18492,41917076.6,2462,LEGACY
2018-04-30,SANOFI,Sanofi India,EQ,INE058A01010,4850.0,4890.05,4796.9,4862.6,4845.0,4846.85,8072,39245613.05,786,LEGACY
2018-04-30,STAR,Strides Pharma Science,EQ,INE939A01011,643.95,643.95,628.55,637.5,639.0,636.35,277188,175936545.7,11784,LEGACY
2018-04-30,SUNPHARMA,Sun Pharmaceutical Industries,EQ,INE044A01036,528.0,530.95,525.1,528.4,528.0,524.15,1689385,891931942.8,30384,LEGACY
2018-04-30,TORNTPHARM,Torrent Pharmaceuticals,EQ,INE685A01028,1380.0,1424.95,1377.05,1418.5,1424.6,1384.25,94759,132864806.85,4684,LEGACY
2018-04-30,WOCKPHARMA,Wockhardt,EQ,INE049B01025,823.8,852.65,823.2,833.55,835.0,817.8,2099963,1761139091.65,36403,LEGACY
2018-05-02,ABBOTINDIA,Abbott India,EQ,INE358A01014,6170.0,6231.9,6140.0,6153.95,6150.0,6179.65,4625,28484907.0,2359,LEGACY
2018-05-02,AJANTPHARM,Ajanta Pharma,EQ,INE031B01049,1364.95,1365.0,1312.0,1341.6,1350.2,1355.25,373365,498348526.6,13129,LEGACY
2018-05-02,ALKEM,Alkem Laboratories,EQ,INE540L01014,1971.0,2050.0,1956.05,2023.4,2005.95,1976.35,47257,95531090.05,6777,LEGACY
2018-05-02,APLLTD,Alembic Pharmaceuticals,EQ,INE901L01018,529.2,536.5,529.2,534.7,536.0,534.05,16528,8835975.35,1481,LEGACY
2018-05-02,AUROPHARMA,Aurobindo Pharma,EQ,INE406A01037,641.45,644.75,630.0,633.25,634.5,642.0,841869,536020438.55,19454,LEGACY
2018-05-02,BIOCON,Biocon,EQ,INE376G01013,668.0,671.95,658.5,663.95,665.1,667.6,1318395,875821823.8,25814,LEGACY
2018-05-02,CADILAHC,Cadila Healthcare,EQ,INE010B01027,413.5,416.6,403.6,406.35,405.9,412.35,632026,258812236.7,12309,LEGACY
2018-05-02,CIPLA,Cipla,EQ,INE059A01026,610.0,621.9,608.95,612.0,611.5,607.4,1862999,1146600367.9,58809,LEGACY
2018-05-02,DIVISLAB,Divi's Laboratories,EQ,INE361B01024,1204.75,1204.75,1181.45,1188.8,1189.1,1197.5,509127,606999448.15,21403,LEGACY
2018-05-02,DRREDDY,Dr. Reddy's Laboratories,EQ,INE089A01023,2116.4,2127.8,2102.05,2118.2,2125.0,2109.85,198229,420136200.4,11741,LEGACY
2018-05-02,GLAXO,GlaxoSmithKline Pharmaceuticals,EQ,INE159A01016,2321.0,2350.0,2321.0,2340.4,2335.0,2343.7,6498,15187697.45,1281,LEGACY
2018-05-02,GLENMARK,Glenmark Pharmaceuticals,EQ,INE935A01035,572.0,572.95,547.0,549.7,549.7,571.7,689829,383534410.75,24836,LEGACY
2018-05-02,GRANULES,Granules India,EQ,INE101D01020,110.65,110.65,106.0,106.75,106.8,108.65,720598,77612251.05,4375,LEGACY
2018-05-02,IPCALAB,IPCA Laboratories,EQ,INE571A01020,753.0,755.15,726.05,732.1,729.75,751.7,85672,63043045.9,3869,LEGACY
2018-05-02,JBCHEPHARM,JB Chemicals & Pharmaceuticals,EQ,INE572A01028,320.05,321.5,317.0,320.1,320.0,320.05,11398,3647369.7,468,LEGACY
2018-05-02,LAURUSLABS,Laurus Labs,EQ,INE947Q01010,515.25,516.95,503.1,503.85,503.1,511.3,31199,15835659.75,1456,LEGACY
2018-05-02,LUPIN,Lupin,EQ,INE326A01037,814.0,819.45,796.0,800.55,800.5,811.55,685644,553235580.7,19169,LEGACY
2018-05-02,NATCOPHARM,Natco Pharma,EQ,INE987B01026,814.7,821.0,808.6,814.55,813.0,807.85,79510,64725009.05,4473,LEGACY
2018-05-02,PEL,Piramal Enterprises,EQ,INE140A01024,2609.0,2619.2,2566.1,2581.6,2590.0,2599.6,93913,243430215.5,11053,LEGACY
2018-05-02,PFIZER,Pfizer,EQ,INE182A01018,2280.0,2298.65,2238.0,2265.6,2261.1,2278.85,16623,37764786.7,2582,LEGACY
2018-05-02,SANOFI,Sanofi India,EQ,INE058A01010,4913.35,4955.95,4880.0,4895.2,4880.05,4862.6,2627,12891411.05,742,LEGACY
2018-05-02,STAR,Strides Pharma Science,EQ,INE939A01011,644.8,644.95,622.0,626.65,626.0,637.5,251993,159589624.05,7037,LEGACY
2018-05-02,SUNPHARMA,Sun Pharmaceutical Industries,EQ,INE044A01036,530.0,530.75,510.45,515.2,517.0,528.4,5805988,2995847725.9,43239,LEGACY
2018-05-02,TORNTPHARM,Torrent Pharmaceuticals,EQ,INE685A01028,1422.5,1430.0,1368.55,1378.8,1372.05,1418.5,151834,213272542.4,16959,LEGACY
2018-05-02,WOCKPHARMA,Wockhardt,EQ,INE049B01025,836.4,844.75,802.0,810.85,813.0,833.55,1281794,1055916112.6,21562,LEGACY
2018-05-03,ABBOTINDIA,Abbott India,EQ,INE358A01014,6061.0,6490.0,6061.0,6293.15,6275.0,6153.95,27064,168685533.1,3630,LEGACY
2018-05-03,AJANTPHARM,Ajanta Pharma,EQ,INE031B01049,1330.0,1330.0,1248.0,1268.15,1260.95,1341.6,428690,547861021.15,12405,LEGACY
2018-05-03,ALKEM,Alkem Laboratories,EQ,INE540L01014,2022.9,2049.9,1972.8,2030.45,2035.1,2023.4,24870,49841762.3,4818,LEGACY
2018-05-03,APLLTD,Alembic Pharmaceuticals,EQ,INE901L01018,533.25,535.0,516.05,520.0,519.0,534.7,10436,5486697.5,873,LEGACY
2018-05-03,AUROPHARMA,Aurobindo Pharma,EQ,INE406A01037,634.0,634.7,613.5,618.65,616.2,633.25,1244836,772434893.85,26994,LEGACY
2018-05-03,BIOCON,Biocon,EQ,INE376G01013,655.0,655.0,622.05,627.0,628.65,663.95,3079024,1943382671.8,49307,LEGACY
2018-05-03,CADILAHC,Cadila Healthcare,EQ,INE010B01027,406.95,408.35,391.5,393.8,393.45,406.35,956102,379353668.65,22637,LEGACY
2018-05-03,CIPLA,Cipla,EQ,INE059A01026,613.0,613.1,597.0,609.3,611.9,612.0,999887,603247518.65,22122,LEGACY
2018-05-03,DIVISLAB,Divi's Laboratories,EQ,INE361B01024,1189.0,1203.0,1177.4,1198.35,1199.95,1188.8,408993,486169865.35,14434,LEGACY
2018-05-03,DRREDDY,Dr. Reddy's Laboratories,EQ,INE089A01023,2122.2,2126.1,2087.65,2121.1,2125.0,2118.2,180076,379465118.75,12969,LEGACY
2018-05-03,GLAXO,GlaxoSmithKline Pharmaceuticals,EQ,INE159A01016,2336.55,2354.7,2307.95,2346.2,2348.1,2340.4,6441,15047449.3,1473,LEGACY
2018-05-03,GLENMARK,Glenmark Pharmaceuticals,EQ,INE935A01035,549.7,551.8,537.35,542.5,543.95,549.7,520883,283561788.7,21986,LEGACY
2018-05-03,GRANULES,Granules India,EQ,INE101D01020,106.5,106.6,104.1,104.9,104.75,106.75,1062278,111685462.6,5830,LEGACY
2018-05-03,IPCALAB,IPCA Laboratories,EQ,INE571A01020,731.95,736.65,718.0,728.6,730.1,732.1,60771,44314559.4,2561,LEGACY
2018-05-03,JBCHEPHARM,JB Chemicals & Pharmaceuticals,EQ,INE572A01028,316.9,323.1,315.1,318.4,316.1,320.1,31263,10007241.9,731,LEGACY
2018-05-03,LAURUSLABS,Laurus Labs,EQ,INE947Q01010,504.9,506.8,500.1,501.45,501.5,503.85,75769,38167337.6,713,LEGACY
2018-05-03,LUPIN,Lupin,EQ,INE326A01037,800.0,801.45,785.25,797.95,796.65,800.55,641614,509738918.65,21537,LEGACY
2018-05-03,NATCOPHARM,Natco Pharma,EQ,INE987B01026,810.0,814.0,797.0,799.95,797.15,814.55,99235,79704093.95,3875,LEGACY
2018-05-03,PEL,Piramal Enterprises,EQ,INE140A01024,2589.0,2592.0,2506.0,2527.95,2525.0,2581.6,98510,249917250.5,13847,LEGACY
2018-05-03,PFIZER,Pfizer,EQ,INE182A01018,2266.35,2297.0,2235.0,2281.95,2280.0,2265.6,22375,50801417.35,2474,LEGACY
2018-05-03,SANOFI,Sanofi India,EQ,INE058A01010,4889.7,4900.55,4810.1,4828.8,4820.0,4895.2,3323,16152098.95,751,LEGACY
2018-05-03,STAR,Strides Pharma Science,EQ,INE939A01011,628.65,628.65,602.5,604.9,604.0,626.65,261569,159438082.15,9654,LEGACY
2018-05-03,SUNPHARMA,Sun Pharmaceutical Industries,EQ,INE044A01036,517.0,539.3,511.65,536.0,533.75,515.2,7457111,3939772493.3,79693,LEGACY
2018-05-03,TORNTPHARM,Torrent Pharmaceuticals,EQ,INE685A01028,1376.5,1400.0,1364.95,1379.5,1381.0,1378.8,114042,157981473.05,10391,LEGACY
2018-05-03,WOCKPHARMA,Wockhardt,EQ,INE049B01025,813.0,823.0,790.1,816.55,815.0,810.85,1564399,1268931631.35,27874,LEGACY
2018-05-04,ABBOTINDIA,Abbott India,EQ,INE358A01014,6339.9,6400.0,6235.35,6269.65,6241.0,6293.15,4570,28813074.05,1428,LEGACY
2018-05-04,AJANTPHARM,Ajanta Pharma,EQ,INE031B01049,1259.0,1266.5,1195.0,1199.25,1200.0,1268.15,338594,412557071.3,12760,LEGACY
2018-05-04,ALKEM,Alkem Laboratories,EQ,INE540L01014,2040.0,2065.85,1992.0,2018.25,1992.9,2030.45,65020,132914199.05,4644,LEGACY
2018-05-04,APLLTD,Alembic Pharmaceuticals,EQ,INE901L01018,530.0,531.2,511.0,515.55,515.5,520.0,22710,11929051.7,1646,LEGACY
2018-05-04,AUROPHARMA,Aurobindo Pharma,EQ,INE406A01037,620.95,621.2,608.1,612.45,612.45,618.65,1415654,866937446.45,25029,LEGACY
2018-05-04,BIOCON,Biocon,EQ,INE376G01013,628.65,634.8,620.4,625.8,625.0,627.0,1343805,842759379.2,22596,LEGACY
2018-05-04,CADILAHC,Cadila Healthcare,EQ,INE010B01027,394.2,394.5,388.1,389.4,389.1,393.8,474198,184805011.4,10429,LEGACY
2018-05-04,CIPLA,Cipla,EQ,INE059A01026,612.1,612.45,595.5,597.0,597.3,609.3,925559,556296303.2,17301,LEGACY
2018-05-04,DIVISLAB,Divi's Laboratories,EQ,INE361B01024,1204.45,1204.45,1179.1,1191.95,1191.0,1198.35,284847,338607942.6,9480,LEGACY
2018-05-04,DRREDDY,Dr. Reddy's Laboratories,EQ,INE089A01023,2130.0,2145.0,2097.9,2106.6,2105.0,2121.1,364533,772623278.75,20037,LEGACY
2018-05-04,GLAXO,GlaxoSmithKline Pharmaceuticals,EQ,INE159A01016,2344.55,2390.0,2312.75,2357.25,2383.0,2346.2,10934,25614213.8,1717,LEGACY
2018-05-04,GLENMARK,Glenmark Pharmaceuticals,EQ,INE935A01035,537.05,547.4,534.0,535.3,535.35,542.5,547783,295537211.9,14650,LEGACY
2018-05-04,GRANULES,Granules India,EQ,INE101D01020,104.9,105.25,99.75,100.5,100.55,104.9,2439778,248319726.95,15019,LEGACY
2018-05-04,IPCALAB,IPCA Laboratories,EQ,INE571A01020,731.45,735.0,723.1,727.5,726.0,728.6,69516,50755457.95,3430,LEGACY
2018-05-04,JBCHEPHARM,JB Chemicals & Pharmaceuticals,EQ,INE572A01028,320.55,336.65,315.1,323.2,323.0,318.4,69435,22741795.3,2172,LEGACY
2018-05-04,LAURUSLABS,Laurus Labs,EQ,INE947Q01010,502.1,519.8,502.1,506.05,506.0,501.45,20404,10333913.55,877,LEGACY
2018-05-04,LUPIN,Lupin,EQ,INE326A01037,799.0,805.25,788.6,795.6,797.0,797.95,870956,692586245.3,28042,LEGACY
2018-05-04,NATCOPHARM,Natco Pharma,EQ,INE987B01026,807.8,807.8,788.25,796.05,795.6,799.95,65457,52132408.05,3822,LEGACY
2018-05-04,PEL,Piramal Enterprises,EQ,INE140A01024,2548.0,2552.0,2471.0,2490.2,2495.0,2527.95,128364,321701893.0,10428,LEGACY
2018-05-04,PFIZER,Pfizer,EQ,INE182A01018,2275.5,2333.0,2260.9,2322.3,2327.0,2281.95,27353,63248613.5,2275,LEGACY
2018-05-04,SANOFI,Sanofi India,EQ,INE058A01010,4830.0,4856.45,4825.0,4837.7,4825.0,4828.8,2855,13841157.0,424,LEGACY
2018-05-04,STAR,Strides Pharma Science,EQ,INE939A01011,604.0,606.75,584.0,586.25,585.0,604.9,348496,206044245.3,10045,LEGACY
2018-05-04,SUNPHARMA,Sun Pharmaceutical Industries,EQ,INE044A01036,530.0,533.0,516.4,517.95,517.25,536.0,5429919,2848274775.45,77042,LEGACY
2018-05-04,TORNTPHARM,Torrent Pharmaceuticals,EQ,INE685A01028,1376.4,1409.4,1365.0,1394.55,1391.5,1379.5,137080,189563269.75,13012,LEGACY
2018-05-04,WOCKPHARMA,Wockhardt,EQ,INE049B01025,814.0,814.0,794.05,802.7,794.15,816.55,1264590,1017283913.0,24252,LEGACY
2018-05-07,ABBOTINDIA,Abbott India,EQ,INE358A01014,6270.0,6315.0,6241.0,6272.9,6280.15,6269.65,3937,24769709.65,911,LEGACY
2018-05-07,AJANTPHARM,Ajanta Pharma,EQ,INE031B01049,1201.0,1211.0,1150.8,1157.15,1156.0,1199.25,271243,315544526.55,14842,LEGACY
2018-05-07,ALKEM,Alkem Laboratories,EQ,INE540L01014,2029.0,2029.0,1955.15,1990.85,1988.0,2018.25,35052,69085559.75,6596,LEGACY
2018-05-07,APLLTD,Alembic Pharmaceuticals,EQ,INE901L01018,511.35,515.5,503.0,504.75,503.0,515.55,9150,4643273.15,722,LEGACY
2018-05-07,AUROPHARMA,Aurobindo Pharma,EQ,INE406A01037,606.0,624.75,601.25,620.8,620.75,612.45,1688576,1034439332.55,33340,LEGACY
2018-05-07,BIOCON,Biocon,EQ,INE376G01013,629.0,632.4,612.65,625.6,626.65,625.8,1204227,749694765.2,24945,LEGACY
2018-05-07,CADILAHC,Cadila Healthcare,EQ,INE010B01027,394.8,407.0,386.05,391.25,391.0,389.4,828317,323781205.05,14043,LEGACY
2018-05-07,CIPLA,Cipla,EQ,INE059A01026,598.6,600.1,585.0,591.05,590.9,597.0,1046885,619416058.85,14665,LEGACY
2018-05-07,DIVISLAB,Divi's Laboratories,EQ,INE361B01024,1190.0,1213.8,1180.35,1208.5,1205.0,1191.95,373131,448723769.2,26806,LEGACY
2018-05-07,DRREDDY,Dr. Reddy's Laboratories,EQ,INE089A01023,2110.0,2110.75,2055.0,2069.5,2067.0,2106.6,344097,712172894.0,21834,LEGACY
2018-05-07,GLAXO,GlaxoSmithKline Pharmaceuticals,EQ,INE159A01016,2382.0,2382.0,2309.1,2332.6,2309.1,2357.25,11455,26705650.75,1657,LEGACY
2018-05-07,GLENMARK,Glenmark Pharmaceuticals,EQ,INE935A01035,536.9,537.55,522.3,525.1,524.75,535.3,586374,308976628.9,15020,LEGACY
2018-05-07,GRANULES,Granules India,EQ,INE101D01020,100.0,101.5,96.55,100.25,100.05,100.5,3294453,327469437.45,16173,LEGACY
2018-05-07,IPCALAB,IPCA Laboratories,EQ,INE571A01020,725.0,749.0,717.0,723.55,723.5,727.5,73987,53911502.25,3796,LEGACY
2018-05-07,JBCHEPHARM,JB Chemicals & Pharmaceuticals,EQ,INE572A01028,323.0,327.6,319.45,322.55,322.0,323.2,62475,20057697.9,823,LEGACY
2018-05-07,LAURUSLABS,Laurus Labs,EQ,INE947Q01010,507.05,510.35,500.9,501.7,501.0,506.05,25986,13100437.4,1274,LEGACY
2018-05-07,LUPIN,Lupin,EQ,INE326A01037,785.0,787.0,763.0,773.9,774.85,795.6,1945747,1504284310.4,44333,LEGACY
2018-05-07,NATCOPHARM,Natco Pharma,EQ,INE987B01026,804.0,808.0,791.0,794.35,793.9,796.05,66647,53258591.7,3356,LEGACY
2018-05-07,PEL,Piramal Enterprises,EQ,INE140A01024,2534.0,2549.95,2500.0,2529.5,2549.8,2490.2,142244,358451814.75,7535,LEGACY
2018-05-07,PFIZER,Pfizer,EQ,INE182A01018,2330.0,2532.0,2330.0,2500.35,2530.0,2322.3,108729,267516761.75,10530,LEGACY
2018-05-07,SANOFI,Sanofi India,EQ,INE058A01010,4840.0,4867.9,4795.0,4827.95,4795.0,4837.7,9585,46340556.95,908,LEGACY
2018-05-07,STAR,Strides Pharma Science,EQ,INE939A01011,585.0,591.4,535.5,554.6,557.0,586.25,1231025,681474782.85,24882,LEGACY
2018-05-07,SUNPHARMA,Sun Pharmaceutical Industries,EQ,INE044A01036,518.0,520.0,506.5,513.7,513.0,517.95,3837196,1966240131.75,59418,LEGACY
2018-05-07,TORNTPHARM,Torrent Pharmaceuticals,EQ,INE685A01028,1394.55,1414.0,1363.0,1384.9,1374.95,1394.55,165820,229361446.6,10015,LEGACY
2018-05-07,WOCKPHARMA,Wockhardt,EQ,INE049B01025,785.0,789.0,715.1,740.8,738.5,802.7,6353953,4708095603.1,116517,LEGACY
2018-05-08,ABBOTINDIA,Abbott India,EQ,INE358A01014,6344.0,6344.0,6230.0,6284.6,6314.6,6272.9,1295,8139103.9,344,LEGACY
2018-05-08,AJANTPHARM,Ajanta Pharma,EQ,INE031B01049,1165.85,1181.8,1150.65,1158.35,1160.0,1157.15,223507,260505137.6,9857,LEGACY
2018-05-08,ALKEM,Alkem Laboratories,EQ,INE540L01014,1993.1,2025.0,1961.05,2019.0,2000.0,1990.85,18793,37663003.75,4174,LEGACY
2018-05-08,APLLTD,Alembic Pharmaceuticals,EQ,INE901L01018,504.0,509.15,500.0,504.3,502.3,504.75,13384,6763136.9,815,LEGACY
2018-05-08,AUROPHARMA,Aurobindo Pharma,EQ,INE406A01037,622.25,630.6,615.05,617.0,617.35,620.8,1195502,744008049.85,23453,LEGACY
2018-05-08,BIOCON,Biocon,EQ,INE376G01013,626.65,635.0,620.35,622.65,622.5,625.6,843247,526939438.9,19537,LEGACY
2018-05-08,CADILAHC,Cadila Healthcare,EQ,INE010B01027,394.0,397.4,392.05,393.75,393.8,391.25,396090,156199496.4,13748,LEGACY
2018-05-08,CIPLA,Cipla,EQ,INE059A01026,592.4,601.95,586.55,590.65,591.35,591.05,1039491,616281459.55,20005,LEGACY
2018-05-08,DIVISLAB,Divi's Laboratories,EQ,INE361B01024,1215.0,1220.85,1202.75,1211.25,1207.3,1208.5,570345,691909455.45,16786,LEGACY
2018-05-08,DRREDDY,Dr. Reddy's Laboratories,EQ,INE089A01023,2090.0,2094.05,2065.0,2074.95,2075.75,2069.5,250444,520085340.25,16680,LEGACY
2018-05-08,GLAXO,GlaxoSmithKline Pharmaceuticals,EQ,INE159A01016,2329.7,2375.0,2313.5,2353.8,2354.0,2332.6,8580,20086955.65,1468,LEGACY
2018-05-08,GLENMARK,Glenmark Pharmaceuticals,EQ,INE935A01035,525.95,529.9,522.5,524.3,522.95,525.1,707702,371787809.4,25397,LEGACY
2018-05-08,GRANULES,Granules India,EQ,INE101D01020,100.9,102.6,98.55,99.5,99.65,100.25,1837397,184109559.7,12498,LEGACY
2018-05-08,IPCALAB,IPCA Laboratories,EQ,INE571A01020,727.25,731.95,705.6,729.5,729.85,723.55,100915,72943993.45,3368,LEGACY
2018-05-08,JBCHEPHARM,JB Chemicals & Pharmaceuticals,EQ,INE572A01028,322.6,325.0,319.2,321.1,320.15,322.55,12578,4054305.7,510,LEGACY
2018-05-08,LAURUSLABS,Laurus Labs,EQ,INE947Q01010,503.5,505.9,501.1,504.35,505.05,501.7,17473,8793704.45,949,LEGACY
2018-05-08,LUPIN,Lupin,EQ,INE326A01037,782.8,786.8,772.5,774.85,774.0,773.9,1360778,1058840291.3,32257,LEGACY
2018-05-08,NATCOPHARM,Natco Pharma,EQ,INE987B01026,799.2,807.2,791.05,803.45,803.0,794.35,56453,45196587.8,2437,LEGACY
2018-05-08,PEL,Piramal Enterprises,EQ,INE140A01024,2548.0,2557.65,2494.5,2499.85,2499.8,2529.5,132139,333778579.05,11728,LEGACY
2018-05-08,PFIZER,Pfizer,EQ,INE182A01018,2544.0,2549.75,2401.1,2430.1,2430.0,2500.35,99836,244904130.45,8815,LEGACY
2018-05-08,SANOFI,Sanofi India,EQ,INE058A01010,4849.45,4990.0,4766.15,4877.0,4890.0,4827.95,58260,283311288.9,9707,LEGACY
2018-05-08,STAR,Strides Pharma Science,EQ,INE939A01011,555.0,561.7,547.05,552.0,549.95,554.6,485005,267984271.6,9321,LEGACY
2018-05-08,SUNPHARMA,Sun Pharmaceutical Industries,EQ,INE044A01036,514.0,519.25,508.6,511.45,510.4,513.7,2519096,1291800650.2,55797,LEGACY
2018-05-08,TORNTPHARM,Torrent Pharmaceuticals,EQ,INE685A01028,1384.95,1394.55,1354.45,1357.45,1357.75,1384.9,167990,230557465.35,14185,LEGACY
2018-05-08,WOCKPHARMA,Wockhardt,EQ,INE049B01025,741.85,754.95,730.3,737.3,734.0,740.8,2022156,1497994127.6,32219,LEGACY
2018-05-09,ABBOTINDIA,Abbott India,EQ,INE358A01014,6250.1,6350.0,6227.6,6299.7,6250.0,6284.6,13919,87487016.35,1433,LEGACY
2018-05-09,AJANTPHARM,Ajanta Pharma,EQ,INE031B01049,1166.15,1177.0,1130.0,1135.95,1136.0,1158.35,190510,219536292.25,8862,LEGACY
2018-05-09,ALKEM,Alkem Laboratories,EQ,INE540L01014,2019.0,2035.0,1982.05,2024.5,2034.95,2019.0,62178,124489183.8,4119,LEGACY
2018-05-09,APLLTD,Alembic Pharmaceuticals,EQ,INE901L01018,504.05,507.0,498.0,501.5,501.0,504.3,7732,3886566.7,522,LEGACY
2018-05-09,AUROPHARMA,Aurobindo Pharma,EQ,INE406A01037,617.75,620.8,607.25,609.3,609.5,617.0,1160798,710648082.2,25799,LEGACY
2018-05-09,BIOCON,Biocon,EQ,INE376G01013,624.0,628.7,616.0,625.7,624.2,622.65,984177,612029530.7,19015,LEGACY
2018-05-09,CADILAHC,Cadila Healthcare,EQ,INE010B01027,393.8,402.4,390.5,400.35,401.4,393.75,1128741,450298981.6,12719,LEGACY
2018-05-09,CIPLA,Cipla,EQ,INE059A01026,591.4,596.0,585.55,588.0,589.6,590.65,652527,384781027.25,14140,LEGACY
2018-05-09,DIVISLAB,Divi's Laboratories,EQ,INE361B01024,1209.9,1209.9,1191.65,1195.3,1195.0,1211.25,167176,200164107.75,5493,LEGACY
2018-05-09,DRREDDY,Dr. Reddy's Laboratories,EQ,INE089A01023,2075.85,2085.0,2058.5,2064.35,2063.05,2074.95,254351,525961399.5,13837,LEGACY
2018-05-09,GLAXO,GlaxoSmithKline Pharmaceuticals,EQ,INE159A01016,2353.8,2395.0,2327.35,2379.25,2385.0,2353.8,7817,18505496.55,1508,LEGACY
2018-05-09,GLENMARK,Glenmark Pharmaceuticals,EQ,INE935A01035,524.3,528.5,521.0,526.25,526.0,524.3,364405,191231881.75,9383,LEGACY
2018-05-09,GRANULES,Granules India,EQ,INE101D01020,100.0,101.8,99.15,101.15,101.0,99.5,1146466,115557254.85,5327,LEGACY
2018-05-09,IPCALAB,IPCA Laboratories,EQ,INE571A01020,725.0,730.15,710.0,714.8,714.4,729.5,41115,29522123.3,2584,LEGACY
2018-05-09,JBCHEPHARM,JB Chemicals & Pharmaceuticals,EQ,INE572A01028,320.2,330.8,318.85,323.5,324.8,321.1,35672,11536264.2,1296,LEGACY
2018-05-09,LAURUSLABS,Laurus Labs,EQ,INE947Q01010,504.95,506.0,497.5,499.15,500.0,504.35,26771,13431273.8,769,LEGACY
2018-05-09,LUPIN,Lupin,EQ,INE326A01037,775.0,779.5,759.1,762.15,763.9,774.85,1058888,814791965.0,39359,LEGACY
2018-05-09,NATCOPHARM,Natco Pharma,EQ,INE987B01026,803.45,807.6,796.4,798.7,799.15,803.45,655102,524097531.55,1882,LEGACY
2018-05-09,PEL,Piramal Enterprises,EQ,INE140A01024,2492.0,2530.0,2465.0,2510.35,2517.55,2499.85,165337,414553334.2,16453,LEGACY
2018-05-09,PFIZER,Pfizer,EQ,INE182A01018,2414.0,2453.55,2397.65,2421.35,2403.0,2430.1,19958,48348833.5,4563,LEGACY
2018-05-09,SANOFI,Sanofi India,EQ,INE058A01010,4915.0,4918.75,4805.3,4897.4,4897.0,4877.0,12663,61746762.05,2874,LEGACY
2018-05-09,STAR,Strides Pharma Science,EQ,INE939A01011,546.2,578.0,544.6,572.95,571.0,552.0,1622713,914011135.4,32751,LEGACY
2018-05-09,SUNPHARMA,Sun Pharmaceutical Industries,EQ,INE044A01036,511.45,514.8,505.2,506.15,506.5,511.45,2477607,1260635538.6,55831,LEGACY
2018-05-09,TORNTPHARM,Torrent Pharmaceuticals,EQ,INE685A01028,1357.75,1380.0,1349.55,1366.05,1366.15,1357.45,133046,181628225.55,8281,LEGACY
2018-05-09,WOCKPHARMA,Wockhardt,EQ,INE049B01025,737.0,747.0,725.0,727.5,725.05,737.3,1340335,987739624.95,23142,LEGACY
2018-05-10,ABBOTINDIA,Abbott India,EQ,INE358A01014,6338.95,6384.0,6200.0,6254.1,6232.8,6299.7,8278,52157738.65,1263,LEGACY
2018-05-10,AJANTPHARM,Ajanta Pharma,EQ,INE031B01049,1140.0,1145.4,1095.8,1102.95,1102.35,1135.95,186267,208243871.75,8126,LEGACY
2018-05-10,ALKEM,Alkem Laboratories,EQ,INE540L01014,2024.55,2039.95,2004.0,2024.55,2017.0,2024.5,13410,27167514.85,2284,LEGACY
2018-05-10,APLLTD,Alembic Pharmaceuticals,EQ,INE901L01018,515.0,515.0,495.55,497.6,497.3,501.5,12601,6302697.1,863,LEGACY
2018-05-10,AUROPHARMA,Aurobindo Pharma,EQ,INE406A01037,602.0,612.45,588.05,594.3,595.15,609.3,1528181,919330827.1,29730,LEGACY
2018-05-10,BIOCON,Biocon,EQ,INE376G01013,629.9,633.7,615.7,625.6,626.95,625.7,1523428,950743202.6,25374,LEGACY
2018-05-10,CADILAHC,Cadila Healthcare,EQ,INE010B01027,403.0,405.8,391.5,398.7,393.0,400.35,1233147,492192851.55,18907,LEGACY
2018-05-10,CIPLA,Cipla,EQ,INE059A01026,594.0,594.6,572.5,575.5,574.1,588.0,2163326,1259006482.95,40811,LEGACY
2018-05-10,DIVISLAB,Divi's Laboratories,EQ,INE361B01024,1194.0,1204.7,1184.0,1190.3,1187.8,1195.3,260948,311456403.4,9837,LEGACY
2018-05-10,DRREDDY,Dr. Reddy's Laboratories,EQ,INE089A01023,2055.0,2059.0,1982.0,1989.6,1992.7,2064.35,660318,1331080405.75,34231,LEGACY
2018-05-10,GLAXO,GlaxoSmithKline Pharmaceuticals,EQ,INE159A01016,2385.0,2416.0,2355.0,2403.7,2404.0,2379.25,10942,26180786.35,2323,LEGACY
2018-05-10,GLENMARK,Glenmark Pharmaceuticals,EQ,INE935A01035,529.8,530.0,511.1,515.5,512.5,526.25,640057,333745658.15,18411,LEGACY
2018-05-10,GRANULES,Granules India,EQ,INE101D01020,101.4,101.45,95.7,96.1,96.0,101.15,2062610,201101428.95,10727,LEGACY
2018-05-10,IPCALAB,IPCA Laboratories,EQ,INE571A01020,720.0,737.75,717.45,727.55,724.0,714.8,464747,335980366.85,5294,LEGACY
2018-05-10,JBCHEPHARM,JB Chemicals & Pharmaceuticals,EQ,INE572A01028,323.25,330.0,320.0,324.0,323.2,323.5,36507,11825788.85,958,LEGACY
2018-05-10,LAURUSLABS,Laurus Labs,EQ,INE947Q01010,501.05,505.0,483.2,495.2,492.7,499.15,39690,19680309.1,1672,LEGACY
2018-05-10,LUPIN,Lupin,EQ,INE326A01037,765.6,773.5,751.15,755.55,754.5,762.15,1388309,1061681028.25,47316,LEGACY
2018-05-10,NATCOPHARM,Natco Pharma,EQ,INE987B01026,801.5,818.0,799.05,800.35,800.0,798.7,516173,414064332.15,5013,LEGACY
2018-05-10,PEL,Piramal Enterprises,D1,INE140A08SX5,105000.0,105000.0,105000.0,105000.0,105000.0,106000.0,3,315000.0,2,LEGACY
2018-05-10,PEL,Piramal Enterprises,EQ,INE140A01024,2513.25,2520.5,2429.75,2446.1,2439.5,2510.35,137571,340555803.8,13928,LEGACY
2018-05-10,PFIZER,Pfizer,EQ,INE182A01018,2411.2,2455.05,2310.6,2342.3,2348.9,2421.35,31827,75735183.65,4647,LEGACY
2018-05-10,SANOFI,Sanofi India,EQ,INE058A01010,4830.05,4939.95,4830.05,4858.6,4835.05,4897.4,4668,22856945.85,1439,LEGACY
2018-05-10,STAR,Strides Pharma Science,EQ,INE939A01011,577.0,577.9,516.0,527.65,525.95,572.95,1625981,877696535.05,35805,LEGACY
2018-05-10,SUNPHARMA,Sun Pharmaceutical Industries,EQ,INE044A01036,508.0,509.25,495.3,497.2,497.1,506.15,4218689,2111363269.35,77969,LEGACY
2018-05-10,TORNTPHARM,Torrent Pharmaceuticals,EQ,INE685A01028,1390.0,1390.0,1332.9,1347.5,1355.0,1366.05,114156,155150089.0,5510,LEGACY
2018-05-10,WOCKPHARMA,Wockhardt,EQ,INE049B01025,731.0,736.0,714.9,720.0,720.0,727.5,1040616,753913341.65,20233,LEGACY
2018-05-11,ABBOTINDIA,Abbott India,EQ,INE358A01014,6175.1,6379.0,6175.1,6341.2,6320.0,6254.1,8898,56198295.65,3759,LEGACY
2018-05-11,AJANTPHARM,Ajanta Pharma,EQ,INE031B01049,1104.0,1105.0,1052.5,1059.7,1054.0,1102.95,417145,444930847.55,12811,LEGACY
2018-05-11,ALKEM,Alkem Laboratories,EQ,INE540L01014,2032.95,2032.95,1960.0,2005.85,1995.1,2024.55,21707,43224121.45,3597,LEGACY
2018-05-11,APLLTD,Alembic Pharmaceuticals,EQ,INE901L01018,495.0,499.05,487.1,488.55,487.9,497.6,14952,7340682.15,1129,LEGACY
2018-05-11,AUROPHARMA,Aurobindo Pharma,EQ,INE406A01037,596.0,616.5,584.8,611.35,609.45,594.3,2123672,1284770390.6,44663,LEGACY
2018-05-11,BIOCON,Biocon,EQ,INE376G01013,628.9,640.0,619.1,630.35,630.0,625.6,1494800,942921597.9,24197,LEGACY
2018-05-11,CADILAHC,Cadila Healthcare,EQ,INE010B01027,394.7,398.35,390.05,393.4,393.35,398.7,324055,127341123.1,7685,LEGACY
2018-05-11,CIPLA,Cipla,EQ,INE059A01026,577.05,580.75,565.1,573.7,574.75,575.5,921890,528305650.25,26870,LEGACY
2018-05-11,DIVISLAB,Divi's Laboratories,EQ,INE361B01024,1194.0,1223.0,1183.15,1200.7,1194.4,1190.3,608254,733845976.0,24563,LEGACY
2018-05-11,DRREDDY,Dr. Reddy's Laboratories,EQ,INE089A01023,2003.5,2017.9,1960.0,1990.5,1990.0,1989.6,604488,1201681274.55,26469,LEGACY
2018-05-11,GLAXO,GlaxoSmithKline Pharmaceuticals,EQ,INE159A01016,2378.0,2433.9,2378.0,2418.3,2404.1,2403.7,8711,20995398.1,1716,LEGACY
2018-05-11,GLENMARK,Glenmark Pharmaceuticals,EQ,INE935A01035,518.0,518.4,505.5,515.7,514.6,515.5,674290,345403333.35,11836,LEGACY
2018-05-11,GRANULES,Granules India,EQ,INE101D01020,96.5,97.3,92.95,93.8,93.7,96.1,2616809,247023663.75,15202,LEGACY
2018-05-11,IPCALAB,IPCA Laboratories,EQ,INE571A01020,727.55,729.55,717.1,722.65,722.15,727.55,43987,31833384.35,3855,LEGACY
2018-05-11,JBCHEPHARM,JB Chemicals & Pharmaceuticals,EQ,INE572A01028,326.35,326.5,319.0,320.0,320.0,324.0,26100,8391447.5,871,LEGACY
2018-05-11,LAURUSLABS,Laurus Labs,EQ,INE947Q01010,486.0,491.9,478.0,487.5,489.0,495.2,51634,25048373.65,2431,LEGACY
2018-05-11,LUPIN,Lupin,EQ,INE326A01037,761.5,761.5,743.55,752.45,752.4,755.55,1188722,892160206.95,56928,LEGACY
2018-05-11,NATCOPHARM,Natco Pharma,EQ,INE987B01026,807.8,807.8,796.0,800.7,800.25,800.35,184810,147874670.15,4882,LEGACY
2018-05-11,PEL,Piramal Enterprises,EQ,INE140A01024,2459.9,2477.45,2422.1,2433.85,2440.0,2446.1,168581,413552764.25,11019,LEGACY
2018-05-11,PFIZER,Pfizer,EQ,INE182A01018,2365.0,2448.85,2330.0,2408.85,2410.0,2342.3,44127,105539487.2,6121,LEGACY
2018-05-11,SANOFI,Sanofi India,EQ,INE058A01010,4899.0,4954.0,4836.0,4927.35,4890.5,4858.6,9669,47577954.0,2888,LEGACY
2018-05-11,STAR,Strides Pharma Science,EQ,INE939A01011,528.8,536.0,514.1,532.55,532.0,527.65,880921,465844645.95,20760,LEGACY
2018-05-11,SUNPHARMA,Sun Pharmaceutical Industries,EQ,INE044A01036,494.0,496.15,467.75,472.05,470.7,497.2,9906203,4745733189.1,139141,LEGACY
2018-05-11,TORNTPHARM,Torrent Pharmaceuticals,EQ,INE685A01028,1355.0,1380.0,1344.0,1365.05,1363.0,1347.5,159121,217220913.75,15038,LEGACY
2018-05-11,WOCKPHARMA,Wockhardt,EQ,INE049B01025,721.15,726.75,708.25,715.25,714.5,720.0,775524,555854333.1,16577,LEGACY
2018-05-14,ABBOTINDIA,Abbott India,EQ,INE358A01014,6383.95,6564.0,6350.0,6533.2,6536.0,6341.2,7334,47730694.25,1792,LEGACY
2018-05-14,AJANTPHARM,Ajanta Pharma,EQ,INE031B01049,1055.0,1096.55,1047.55,1063.2,1064.7,1059.7,493358,527054580.8,15581,LEGACY
2018-05-14,ALKEM,Alkem Laboratories,EQ,INE540L01014,2000.0,2010.0,1965.1,1978.35,1968.05,2005.85,14706,29255367.2,3034,LEGACY
2018-05-14,APLLTD,Alembic Pharmaceuticals,EQ,INE901L01018,488.0,493.15,481.7,484.55,484.0,488.55,10824,5268848.3,660,LEGACY
2018-05-14,AUROPHARMA,Aurobindo Pharma,EQ,INE406A01037,603.0,621.0,603.0,613.0,611.55,611.35,1483040,912035631.15,26918,LEGACY
2018-05-14,BIOCON,Biocon,EQ,INE376G01013,632.7,645.0,624.45,636.7,632.65,630.35,1826798,1167671750.65,40787,LEGACY
2018-05-14,CADILAHC,Cadila Healthcare,EQ,INE010B01027,394.0,398.0,391.0,392.4,392.25,393.4,498737,196594130.9,8875,LEGACY
2018-05-14,CIPLA,Cipla,EQ,INE059A01026,575.0,580.5,570.85,578.5,578.8,573.7,888370,512074947.45,23357,LEGACY
2018-05-14,DIVISLAB,Divi's Laboratories,EQ,INE361B01024,1196.0,1202.0,1160.0,1172.65,1160.15,1200.7,541698,640444738.05,8949,LEGACY
2018-05-14,DRREDDY,Dr. Reddy's Laboratories,EQ,INE089A01023,2012.0,2043.0,2012.0,2017.75,2015.0,1990.5,581715,1180349881.3,31273,LEGACY
2018-05-14,GLAXO,GlaxoSmithKline Pharmaceuticals,EQ,INE159A01016,2430.0,2454.4,2410.0,2442.5,2450.0,2418.3,12095,29449015.35,1829,LEGACY
2018-05-14,GLENMARK,Glenmark Pharmaceuticals,EQ,INE935A01035,516.5,522.0,500.3,503.4,502.15,515.7,565467,288654683.9,23387,LEGACY
2018-05-14,GRANULES,Granules India,EQ,INE101D01020,94.0,96.8,91.2,92.35,92.5,93.8,2000793,187137382.2,10162,LEGACY
2018-05-14,IPCALAB,IPCA Laboratories,EQ,INE571A01020,722.0,729.85,700.9,714.8,705.35,722.65,79389,57049448.05,5690,LEGACY
2018-05-14,JBCHEPHARM,JB Chemicals & Pharmaceuticals,EQ,INE572A01028,320.0,335.4,307.5,316.05,317.0,320.0,117717,37263329.35,3820,LEGACY
2018-05-14,LAURUSLABS,Laurus Labs,EQ,INE947Q01010,487.0,487.0,473.15,477.6,479.8,487.5,22634,10876694.95,874,LEGACY
2018-05-14,LUPIN,Lupin,EQ,INE326A01037,752.5,777.0,750.0,754.2,753.0,752.45,1709787,1303749105.2,37654,LEGACY
2018-05-14,NATCOPHARM,Natco Pharma,EQ,INE987B01026,805.0,806.6,796.15,800.4,800.0,800.7,53469,42832904.9,3139,LEGACY
2018-05-14,PEL,Piramal Enterprises,EQ,INE140A01024,2444.95,2467.0,2418.5,2431.0,2428.95,2433.85,94628,230479411.9,10560,LEGACY
2018-05-14,PFIZER,Pfizer,EQ,INE182A01018,2420.0,2434.65,2350.0,2368.85,2362.0,2408.85,19447,46327062.2,2260,LEGACY
2018-05-14,SANOFI,Sanofi India,EQ,INE058A01010,4945.95,4945.95,4873.85,4883.25,4880.0,4927.35,1853,9082449.6,529,LEGACY
2018-05-14,STAR,Strides Pharma Science,EQ,INE939A01011,536.0,538.0,506.5,513.65,512.0,532.55,592559,306458369.25,15548,LEGACY
2018-05-14,SUNPHARMA,Sun Pharmaceutical Industries,EQ,INE044A01036,473.0,487.8,472.0,473.8,473.0,472.05,6746471,3240875518.7,82066,LEGACY
2018-05-14,TORNTPHARM,Torrent Pharmaceuticals,EQ,INE685A01028,1358.2,1383.8,1351.0,1366.45,1361.05,1365.05,71437,97647226.85,5851,LEGACY
2018-05-14,WOCKPHARMA,Wockhardt,EQ,INE049B01025,716.5,736.85,701.6,717.25,720.0,715.25,2187833,1579569245.4,35976,LEGACY
2018-05-15,ABBOTINDIA,Abbott India,EQ,INE358A01014,6468.0,7338.0,6399.0,6599.85,6623.95,6533.2,67966,462286287.0,18680,LEGACY
2018-05-15,AJANTPHARM,Ajanta Pharma,EQ,INE031B01049,1064.8,1087.7,1041.3,1050.65,1050.7,1063.2,256317,270938463.3,11964,LEGACY
2018-05-15,ALKEM,Alkem Laboratories,EQ,INE540L01014,1993.9,2018.0,1962.0,1997.95,1990.1,1978.35,14433,28662908.5,3520,LEGACY
2018-05-15,APLLTD,Alembic Pharmaceuticals,EQ,INE901L01018,484.55,491.35,480.1,481.25,480.6,484.55,10510,5099487.7,665,LEGACY
2018-05-15,AUROPHARMA,Aurobindo Pharma,EQ,INE406A01037,610.0,619.7,590.6,603.4,603.3,613.0,1147828,697081296.2,17732,LEGACY
2018-05-15,BIOCON,Biocon,EQ,INE376G01013,635.0,651.05,630.75,640.1,639.05,636.7,1379468,885443655.65,37139,LEGACY
2018-05-15,CADILAHC,Cadila Healthcare,EQ,INE010B01027,390.45,394.1,380.3,384.35,385.5,392.4,686987,265819440.7,14251,LEGACY
2018-05-15,CIPLA,Cipla,EQ,INE059A01026,579.8,593.0,573.1,575.8,575.0,578.5,2049528,1186159827.55,22163,LEGACY
2018-05-15,DIVISLAB,Divi's Laboratories,EQ,INE361B01024,1155.0,1180.0,1128.55,1149.85,1151.4,1172.65,358690,414400769.35,15199,LEGACY
2018-05-15,DRREDDY,Dr. Reddy's Laboratories,EQ,INE089A01023,2017.75,2030.0,1978.2,2008.5,2009.0,2017.75,404721,810260477.6,24265,LEGACY
2018-05-15,GLAXO,GlaxoSmithKline Pharmaceuticals,EQ,INE159A01016,2442.5,2539.0,2400.0,2431.9,2415.0,2442.5,16536,40378694.25,3029,LEGACY
2018-05-15,GLENMARK,Glenmark Pharmaceuticals,EQ,INE935A01035,502.0,516.5,498.8,506.4,508.6,503.4,959109,485300291.8,20612,LEGACY
2018-05-15,GRANULES,Granules India,EQ,INE101D01020,92.15,96.0,91.9,94.7,94.15,92.35,1524128,143750667.55,9504,LEGACY
2018-05-15,IPCALAB,IPCA Laboratories,EQ,INE571A01020,717.95,717.95,693.0,707.75,703.3,714.8,106883,75110422.35,4483,LEGACY
2018-05-15,JBCHEPHARM,JB Chemicals & Pharmaceuticals,EQ,INE572A01028,316.0,319.55,312.5,315.95,317.8,316.05,31083,9807405.4,422,LEGACY
2018-05-15,LAURUSLABS,Laurus Labs,EQ,INE947Q01010,482.9,487.5,470.35,474.1,473.0,477.6,16236,7742914.45,986,LEGACY
2018-05-15,LUPIN,Lupin,EQ,INE326A01037,755.0,773.0,723.65,750.8,763.5,754.2,5816366,4366350251.9,111691,LEGACY
2018-05-15,NATCOPHARM,Natco Pharma,EQ,INE987B01026,800.0,806.0,793.0,795.7,797.0,800.4,65273,52217654.6,2806,LEGACY
2018-05-15,PEL,Piramal Enterprises,EQ,INE140A01024,2431.0,2455.0,2408.2,2435.6,2439.05,2431.0,163726,398553491.75,11055,LEGACY
2018-05-15,PFIZER,Pfizer,EQ,INE182A01018,2370.0,2460.05,2370.0,2440.4,2440.0,2368.85,37803,92001555.4,3873,LEGACY
2018-05-15,SANOFI,Sanofi India,EQ,INE058A01010,4917.55,5124.85,4850.0,4864.05,4890.0,4883.25,104028,509753960.55,1379,LEGACY
2018-05-15,STAR,Strides Pharma Science,EQ,INE939A01011,510.0,520.0,500.05,505.5,505.0,513.65,418642,213580904.35,11835,LEGACY
2018-05-15,SUNPHARMA,Sun Pharmaceutical Industries,EQ,INE044A01036,474.0,480.0,459.0,468.65,470.5,473.8,5493167,2574653612.85,89264,LEGACY
2018-05-15,TORNTPHARM,Torrent Pharmaceuticals,EQ,INE685A01028,1370.0,1382.0,1326.15,1350.1,1347.0,1366.45,117645,159795137.25,11325,LEGACY
2018-05-15,WOCKPHARMA,Wockhardt,EQ,INE049B01025,720.0,729.8,703.0,708.4,707.0,717.25,1087545,778729354.45,21136,LEGACY
2018-05-16,ABBOTINDIA,Abbott India,EQ,INE358A01014,6665.85,6900.25,6654.45,6792.4,6745.0,6599.85,15963,108598779.85,3583,LEGACY
2018-05-16,AJANTPHARM,Ajanta Pharma,EQ,INE031B01049,1040.1,1065.0,1029.8,1059.15,1060.0,1050.65,190091,199780548.2,6919,LEGACY
2018-05-16,ALKEM,Alkem Laboratories,EQ,INE540L01014,1979.0,2050.0,1975.0,2036.6,2015.0,1997.95,14743,29633088.35,3056,LEGACY
2018-05-16,APLLTD,Alembic Pharmaceuticals,EQ,INE901L01018,481.3,494.0,468.1,482.25,482.4,481.25,136535,65755788.0,5851,LEGACY
2018-05-16,AUROPHARMA,Aurobindo Pharma,EQ,INE406A01037,601.3,615.0,596.45,601.55,600.55,603.4,1700896,1028186661.45,36619,LEGACY
2018-05-16,BIOCON,Biocon,EQ,INE376G01013,637.0,648.45,633.2,642.6,644.95,640.1,893208,572234497.0,18672,LEGACY
2018-05-16,CADILAHC,Cadila Healthcare,EQ,INE010B01027,385.0,385.0,378.3,384.0,383.45,384.35,576831,220468665.45,15449,LEGACY
2018-05-16,CIPLA,Cipla,EQ,INE059A01026,575.0,575.0,546.0,559.9,556.2,575.8,4071898,2271323302.35,46559,LEGACY
2018-05-16,DIVISLAB,Divi's Laboratories,EQ,INE361B01024,1148.0,1171.0,1139.05,1165.15,1162.75,1149.85,531175,616627885.95,20929,LEGACY
2018-05-16,DRREDDY,Dr. Reddy's Laboratories,EQ,INE089A01023,2006.0,2008.5,1985.0,1993.95,2000.0,2008.5,274437,547467853.0,16303,LEGACY
2018-05-16,GLAXO,GlaxoSmithKline Pharmaceuticals,EQ,INE159A01016,2429.0,2440.0,2400.0,2425.0,2412.3,2431.9,11824,28676868.35,1692,LEGACY
2018-05-16,GLENMARK,Glenmark Pharmaceuticals,EQ,INE935A01035,507.0,521.0,502.7,518.2,518.9,506.4,536796,276346246.05,13968,LEGACY
2018-05-16,GRANULES,Granules India,EQ,INE101D01020,94.1,97.8,92.8,96.7,96.7,94.7,3005649,288117312.9,15535,LEGACY
2018-05-16,IPCALAB,IPCA Laboratories,EQ,INE571A01020,707.0,710.0,698.0,706.7,704.0,707.75,67374,47363730.6,3798,LEGACY
2018-05-16,JBCHEPHARM,JB Chemicals & Pharmaceuticals,EQ,INE572A01028,315.65,316.85,310.05,315.25,316.15,315.95,22179,6992797.8,321,LEGACY
2018-05-16,LAURUSLABS,Laurus Labs,EQ,INE947Q01010,478.0,478.0,460.45,462.1,462.0,474.1,29931,13955366.25,1312,LEGACY
2018-05-16,LUPIN,Lupin,EQ,INE326A01037,751.5,772.0,750.1,766.5,767.75,750.8,3129549,2388580889.1,69185,LEGACY
2018-05-16,NATCOPHARM,Natco Pharma,EQ,INE987B01026,794.7,796.2,782.65,789.7,786.95,795.7,54875,43292535.5,5885,LEGACY
2018-05-16,PEL,Piramal Enterprises,D1,INE140A08SX5,103000.0,103000.0,103000.0,103000.0,103000.0,105000.0,60,6180000.0,11,LEGACY
2018-05-16,PEL,Piramal Enterprises,EQ,INE140A01024,2439.05,2442.2,2405.1,2418.75,2416.15,2435.6,89644,216955819.65,7994,LEGACY
2018-05-16,PFIZER,Pfizer,EQ,INE182A01018,2450.0,2468.0,2384.15,2448.6,2431.0,2440.4,22592,55158462.4,3084,LEGACY
2018-05-16,SANOFI,Sanofi India,EQ,INE058A01010,4856.8,4924.95,4856.8,4901.5,4917.95,4864.05,4319,21168763.4,1287,LEGACY
2018-05-16,STAR,Strides Pharma Science,EQ,INE939A01011,505.5,509.65,492.0,499.25,498.45,505.5,362379,180698020.95,8359,LEGACY
2018-05-16,SUNPHARMA,Sun Pharmaceutical Industries,EQ,INE044A01036,466.0,473.0,462.5,471.7,472.4,468.65,4675165,2190249130.9,63554,LEGACY
2018-05-16,TORNTPHARM,Torrent Pharmaceuticals,EQ,INE685A01028,1350.1,1375.0,1326.15,1359.3,1350.8,1350.1,90374,122495117.45,8814,LEGACY
2018-05-16,WOCKPHARMA,Wockhardt,EQ,INE049B01025,703.0,711.3,695.2,701.9,701.0,708.4,987329,694299219.95,20085,LEGACY
2018-05-17,ABBOTINDIA,Abbott India,EQ,INE358A01014,6790.0,6890.0,6701.0,6752.65,6799.9,6792.4,8941,60739642.05,1389,LEGACY
2018-05-17,AJANTPHARM,Ajanta Pharma,EQ,INE031B01049,1069.5,1074.5,1045.0,1052.05,1051.45,1059.15,136829,144664660.3,6484,LEGACY
2018-05-17,ALKEM,Alkem Laboratories,EQ,INE540L01014,2036.65,2036.65,1992.0,2005.75,1998.0,2036.6,19873,39864480.4,3853,LEGACY
2018-05-17,APLLTD,Alembic Pharmaceuticals,EQ,INE901L01018,491.2,491.2,475.0,475.9,475.05,482.25,19253,9228958.7,1084,LEGACY
2018-05-17,AUROPHARMA,Aurobindo Pharma,EQ,INE406A01037,602.1,605.9,592.95,594.9,594.15,601.55,1055274,631539464.2,18976,LEGACY
2018-05-17,BIOCON,Biocon,EQ,INE376G01013,643.0,648.0,635.25,641.3,640.95,642.6,1025053,656725452.25,26018,LEGACY
2018-05-17,CADILAHC,Cadila Healthcare,EQ,INE010B01027,385.0,388.8,382.0,386.95,386.4,384.0,335135,129160079.85,6454,LEGACY
2018-05-17,CIPLA,Cipla,EQ,INE059A01026,557.9,560.0,538.8,553.75,554.8,559.9,3719963,2044638130.25,76626,LEGACY
2018-05-17,DIVISLAB,Divi's Laboratories,EQ,INE361B01024,1186.9,1213.0,1161.0,1165.9,1166.0,1165.15,994750,1179027221.4,29725,LEGACY
2018-05-17,DRREDDY,Dr. Reddy's Laboratories,EQ,INE089A01023,1995.8,1995.8,1950.1,1977.15,1981.3,1993.95,466175,919382238.65,20561,LEGACY
2018-05-17,GLAXO,GlaxoSmithKline Pharmaceuticals,EQ,INE159A01016,2419.9,2428.0,2395.0,2407.15,2411.65,2425.0,8129,19582304.15,909,LEGACY
2018-05-17,GLENMARK,Glenmark Pharmaceuticals,EQ,INE935A01035,518.5,530.95,516.0,525.55,526.25,518.2,767537,403532280.45,30495,LEGACY
2018-05-17,GRANULES,Granules India,EQ,INE101D01020,97.15,106.7,97.15,103.15,103.0,96.7,11184279,1165425049.15,50642,LEGACY
2018-05-17,IPCALAB,IPCA Laboratories,EQ,INE571A01020,705.55,706.75,696.6,700.7,700.0,706.7,59267,41567319.9,3221,LEGACY
2018-05-17,JBCHEPHARM,JB Chemicals & Pharmaceuticals,EQ,INE572A01028,319.85,319.85,313.05,317.85,316.75,315.25,31957,10125894.5,700,LEGACY
2018-05-17,LAURUSLABS,Laurus Labs,EQ,INE947Q01010,462.5,479.9,455.0,459.75,460.0,462.1,85716,39708119.9,1920,LEGACY
2018-05-17,LUPIN,Lupin,EQ,INE326A01037,767.75,771.8,754.5,762.95,763.0,766.5,1404732,1071697085.8,33077,LEGACY
2018-05-17,NATCOPHARM,Natco Pharma,EQ,INE987B01026,794.0,801.95,790.05,796.6,798.5,789.7,63064,50155317.35,5424,LEGACY
2018-05-17,PEL,Piramal Enterprises,D1,INE140A08SX5,104000.0,104000.0,104000.0,104000.0,104000.0,103000.0,58,6032000.0,13,LEGACY
2018-05-17,PEL,Piramal Enterprises,EQ,INE140A01024,2420.5,2445.0,2390.0,2397.7,2392.5,2418.75,86293,208356501.45,8266,LEGACY
2018-05-17,PFIZER,Pfizer,EQ,INE182A01018,2467.0,2472.0,2431.05,2451.35,2450.0,2448.6,18886,46291808.4,1885,LEGACY
2018-05-17,SANOFI,Sanofi India,EQ,INE058A01010,4901.0,4968.05,4720.25,4923.85,4947.0,4901.5,2667,13038394.1,495,LEGACY
2018-05-17,STAR,Strides Pharma Science,EQ,INE939A01011,500.0,518.0,499.5,503.05,502.3,499.25,660654,336321920.4,15937,LEGACY
2018-05-17,SUNPHARMA,Sun Pharmaceutical Industries,EQ,INE044A01036,473.0,486.0,468.35,479.85,484.75,471.7,5939278,2837031545.9,82051,LEGACY
2018-05-17,TORNTPHARM,Torrent Pharmaceuticals,EQ,INE685A01028,1374.9,1378.45,1350.6,1368.0,1369.0,1359.3,79948,109007320.6,6155,LEGACY
2018-05-17,WOCKPHARMA,Wockhardt,EQ,INE049B01025,703.2,716.5,703.2,710.6,707.0,701.9,909168,646404950.8,15325,LEGACY
2018-05-18,ABBOTINDIA,Abbott India,EQ,INE358A01014,6813.45,6839.05,6650.0,6727.85,6700.0,6752.65,3959,26635817.8,890,LEGACY
2018-05-18,AJANTPHARM,Ajanta Pharma,EQ,INE031B01049,1060.7,1060.7,1018.4,1023.0,1025.35,1052.05,170149,176274615.75,6259,LEGACY
2018-05-18,ALKEM,Alkem Laboratories,EQ,INE540L01014,2005.0,2010.0,1955.0,1970.75,1962.0,2005.75,14783,29241967.75,4709,LEGACY
2018-05-18,APLLTD,Alembic Pharmaceuticals,EQ,INE901L01018,472.0,482.9,458.6,465.3,464.0,475.9,22824,10666059.9,1338,LEGACY
2018-05-18,AUROPHARMA,Aurobindo Pharma,EQ,INE406A01037,594.15,597.25,572.8,579.4,579.8,594.9,1775045,1033784454.5,23836,LEGACY
2018-05-18,BIOCON,Biocon,EQ,INE376G01013,631.25,658.1,630.5,649.65,651.5,641.3,3027877,1958852609.7,55941,LEGACY
2018-05-18,CADILAHC,Cadila Healthcare,EQ,INE010B01027,386.95,386.95,360.6,369.7,369.25,386.95,2287807,848269171.8,19896,LEGACY
2018-05-18,CIPLA,Cipla,EQ,INE059A01026,555.0,556.0,530.0,533.05,531.6,553.75,1708157,923506119.4,49589,LEGACY
2018-05-18,DIVISLAB,Divi's Laboratories,EQ,INE361B01024,1168.0,1173.95,1151.25,1156.55,1160.0,1165.9,165721,192352028.35,4961,LEGACY
2018-05-18,DRREDDY,Dr. Reddy's Laboratories,EQ,INE089A01023,1982.8,1992.0,1967.35,1982.0,1982.0,1977.15,507296,1004917908.65,18722,LEGACY
2018-05-18,GLAXO,GlaxoSmithKline Pharmaceuticals,EQ,INE159A01016,2399.95,2409.95,2377.4,2398.15,2389.9,2407.15,6860,16435460.1,989,LEGACY
2018-05-18,GLENMARK,Glenmark Pharmaceuticals,EQ,INE935A01035,524.0,528.4,500.0,500.6,500.3,525.55,773447,392784934.45,16464,LEGACY
2018-05-18,GRANULES,Granules India,EQ,INE101D01020,103.0,103.7,93.6,95.0,95.5,103.15,4650421,457026694.3,28799,LEGACY
2018-05-18,IPCALAB,IPCA Laboratories,EQ,INE571A01020,700.1,700.85,688.0,696.25,695.25,700.7,33834,23470593.4,2049,LEGACY
2018-05-18,JBCHEPHARM,JB Chemicals & Pharmaceuticals,EQ,INE572A01028,317.85,319.75,315.05,315.85,315.5,317.85,16908,5348625.15,437,LEGACY
2018-05-18,LAURUSLABS,Laurus Labs,EQ,INE947Q01010,460.4,465.7,455.15,459.4,459.0,459.75,16897,7766954.65,841,LEGACY
2018-05-18,LUPIN,Lupin,EQ,INE326A01037,764.0,768.05,741.8,743.7,743.4,762.95,1185047,890274152.05,34571,LEGACY
2018-05-18,NATCOPHARM,Natco Pharma,EQ,INE987B01026,797.8,802.35,778.6,782.85,782.8,796.6,996968,788293458.55,5873,LEGACY
2018-05-18,PEL,Piramal Enterprises,D1,INE140A08SX5,103000.0,103000.0,102001.0,102001.0,102001.0,104000.0,10,1029001.0,4,LEGACY
2018-05-18,PEL,Piramal Enterprises,EQ,INE140A01024,2401.8,2401.8,2331.95,2347.3,2339.0,2397.7,160270,377770312.65,10908,LEGACY
2018-05-18,PFIZER,Pfizer,EQ,INE182A01018,2470.0,2475.0,2409.75,2440.45,2445.0,2451.35,11156,27246149.7,1597,LEGACY
2018-05-18,SANOFI,Sanofi India,EQ,INE058A01010,4945.4,4950.0,4879.05,4914.6,4918.95,4923.85,16295,80083610.4,363,LEGACY
2018-05-18,STAR,Strides Pharma Science,EQ,INE939A01011,506.7,506.7,378.2,387.05,379.35,503.05,11020600,4584282115.8,198055,LEGACY
2018-05-18,SUNPHARMA,Sun Pharmaceutical Industries,EQ,INE044A01036,488.95,488.95,462.85,464.9,463.5,479.85,8722402,4129901436.0,117066,LEGACY
2018-05-18,TORNTPHARM,Torrent Pharmaceuticals,EQ,INE685A01028,1375.0,1375.0,1334.25,1343.55,1342.25,1368.0,69574,94012613.25,3173,LEGACY
2018-05-18,WOCKPHARMA,Wockhardt,EQ,INE049B01025,710.7,715.45,655.65,662.7,662.35,710.6,1581899,1083321736.85,27006,LEGACY
2018-05-21,ABBOTINDIA,Abbott India,EQ,INE358A01014,6847.0,6847.0,6555.25,6606.6,6581.0,6727.85,5243,34921033.45,2223,LEGACY
2018-05-21,AJANTPHARM,Ajanta Pharma,EQ,INE031B01049,1015.1,1015.15,978.45,986.5,981.0,1023.0,316232,313732586.85,11306,LEGACY
2018-05-21,ALKEM,Alkem Laboratories,EQ,INE540L01014,1970.95,1978.0,1926.55,1940.95,1928.0,1970.75,7630,14859535.15,2333,LEGACY
2018-05-21,APLLTD,Alembic Pharmaceuticals,EQ,INE901L01018,453.65,463.8,439.95,444.55,445.0,465.3,43554,19466881.85,8513,LEGACY
2018-05-21,AUROPHARMA,Aurobindo Pharma,EQ,INE406A01037,575.0,581.4,562.45,565.5,563.7,579.4,1032294,589769144.7,18288,LEGACY
2018-05-21,BIOCON,Biocon,EQ,INE376G01013,644.45,651.85,616.2,626.85,627.8,649.65,1710169,1081527268.6,32305,LEGACY
2018-05-21,CADILAHC,Cadila Healthcare,EQ,INE010B01027,370.35,372.3,350.1,353.15,355.0,369.7,909271,324506532.45,17124,LEGACY
2018-05-21,CIPLA,Cipla,EQ,INE059A01026,531.65,536.8,516.0,520.45,518.5,533.05,2013336,1057616194.1,45529,LEGACY
2018-05-21,DIVISLAB,Divi's Laboratories,EQ,INE361B01024,1160.0,1163.35,1125.9,1138.55,1133.3,1156.55,208137,236990170.55,12914,LEGACY
2018-05-21,DRREDDY,Dr. Reddy's Laboratories,EQ,INE089A01023,1991.0,1991.0,1887.0,1893.05,1890.0,1982.0,505736,968304130.65,32915,LEGACY
2018-05-21,GLAXO,GlaxoSmithKline Pharmaceuticals,EQ,INE159A01016,2360.5,2445.0,2340.3,2376.6,2425.0,2398.15,8325,19724636.45,1116,LEGACY
2018-05-21,GLENMARK,Glenmark Pharmaceuticals,EQ,INE935A01035,500.1,507.9,493.5,500.85,499.0,500.6,1314194,657084687.3,33366,LEGACY
2018-05-21,GRANULES,Granules India,EQ,INE101D01020,95.05,95.7,87.9,89.0,89.15,95.0,3947398,357593938.05,24165,LEGACY
2018-05-21,IPCALAB,IPCA Laboratories,EQ,INE571A01020,696.5,699.25,629.55,667.0,667.95,696.25,235589,154873537.95,18540,LEGACY
2018-05-21,JBCHEPHARM,JB Chemicals & Pharmaceuticals,EQ,INE572A01028,311.05,316.05,305.05,306.2,307.0,315.85,49525,15433376.0,1250,LEGACY
2018-05-21,LAURUSLABS,Laurus Labs,EQ,INE947Q01010,464.95,464.95,437.05,444.35,442.0,459.4,35499,16014640.3,1703,LEGACY
2018-05-21,LUPIN,Lupin,EQ,INE326A01037,744.4,745.3,735.0,736.25,735.9,743.7,984687,726830675.75,29483,LEGACY
2018-05-21,NATCOPHARM,Natco Pharma,EQ,INE987B01026,780.0,785.95,755.5,763.2,764.0,782.85,123758,94960613.75,7116,LEGACY
2018-05-21,PEL,Piramal Enterprises,EQ,INE140A01024,2370.0,2387.65,2326.45,2361.85,2354.0,2347.3,165666,392205708.8,10833,LEGACY
2018-05-21,PFIZER,Pfizer,EQ,INE182A01018,2441.1,2461.8,2375.0,2397.3,2408.9,2440.45,14824,35704847.55,1374,LEGACY
2018-05-21,SANOFI,Sanofi India,EQ,INE058A01010,4990.0,4990.0,4900.0,4934.55,4940.0,4914.6,2690,13290048.55,640,LEGACY
2018-05-21,STAR,Strides Pharma Science,EQ,INE939A01011,382.0,388.25,333.3,341.0,340.0,387.05,17142908,6051777884.4,241222,LEGACY
2018-05-21,SUNPHARMA,Sun Pharmaceutical Industries,EQ,INE044A01036,464.2,465.0,440.3,443.75,443.85,464.9,5809871,2616640851.45,132353,LEGACY
2018-05-21,TORNTPHARM,Torrent Pharmaceuticals,EQ,INE685A01028,1335.05,1353.15,1305.6,1335.05,1334.8,1343.55,182053,242461382.95,14775,LEGACY
2018-05-21,WOCKPHARMA,Wockhardt,EQ,INE049B01025,657.0,664.45,631.95,635.75,637.55,662.7,1392762,899363343.7,27333,LEGACY
2018-05-23,ABBOTINDIA,Abbott India,EQ,INE358A01014,6560.0,6674.85,6510.0,6587.45,6555.0,6563.6,3283,21559077.6,990,LEGACY
2018-05-23,AJANTPHARM,Ajanta Pharma,EQ,INE031B01049,998.9,1008.5,980.55,987.0,984.05,994.15,199302,198180753.25,8210,LEGACY
2018-05-23,ALKEM,Alkem Laboratories,EQ,INE540L01014,1921.0,1973.65,1904.55,1965.35,1935.0,1920.2,50284,97456039.45,6701,LEGACY
2018-05-23,APLLTD,Alembic Pharmaceuticals,EQ,INE901L01018,435.2,437.0,418.5,422.3,423.0,437.55,35018,14895863.75,1915,LEGACY
2018-05-23,AUROPHARMA,Aurobindo Pharma,EQ,INE406A01037,579.9,588.0,571.6,573.9,574.0,580.0,1093393,632425009.2,23072,LEGACY
2018-05-23,BIOCON,Biocon,EQ,INE376G01013,644.0,649.4,633.5,638.2,634.45,645.05,1113875,713444992.95,22109,LEGACY
2018-05-23,CADILAHC,Cadila Healthcare,EQ,INE010B01027,344.4,353.95,342.6,346.6,347.95,343.05,676727,234786830.35,13492,LEGACY
2018-05-23,CIPLA,Cipla,EQ,INE059A01026,515.0,564.9,515.0,532.4,534.0,524.0,7413823,4026910539.95,109221,LEGACY
2018-05-23,DIVISLAB,Divi's Laboratories,EQ,INE361B01024,1125.0,1125.0,1081.5,1093.35,1097.7,1121.6,513617,564703819.75,20598,LEGACY
2018-05-23,DRREDDY,Dr. Reddy's Laboratories,EQ,INE089A01023,1978.0,1993.9,1934.8,1954.35,1951.3,2009.6,734078,1441540515.3,35841,LEGACY
2018-05-23,GLAXO,GlaxoSmithKline Pharmaceuticals,EQ,INE159A01016,2437.0,2437.0,2380.05,2404.7,2400.0,2417.15,8317,20040812.35,915,LEGACY
2018-05-23,GLENMARK,Glenmark Pharmaceuticals,EQ,INE935A01035,517.0,524.0,512.0,517.9,518.0,511.85,926071,479390032.6,23781,LEGACY
2018-05-23,GRANULES,Granules India,EQ,INE101D01020,90.0,92.45,88.55,89.7,89.7,89.7,3414987,310243380.6,15826,LEGACY
2018-05-23,IPCALAB,IPCA Laboratories,EQ,INE571A01020,660.1,682.7,660.1,667.35,663.2,661.6,61848,41616253.3,4599,LEGACY
2018-05-23,JBCHEPHARM,JB Chemicals & Pharmaceuticals,EQ,INE572A01028,302.95,305.85,296.05,299.85,303.0,303.2,12701,3811973.8,798,LEGACY
2018-05-23,LAURUSLABS,Laurus Labs,EQ,INE947Q01010,448.8,454.95,446.0,451.2,449.7,448.75,280669,127103925.15,1237,LEGACY
2018-05-23,LUPIN,Lupin,EQ,INE326A01037,745.2,749.9,733.1,734.9,734.2,740.1,744439,551571148.75,24342,LEGACY
2018-05-23,NATCOPHARM,Natco Pharma,EQ,INE987B01026,754.0,798.8,753.2,790.2,794.15,754.05,303465,239471097.45,11851,LEGACY
2018-05-23,PEL,Piramal Enterprises,D1,INE140A08SX5,100000.0,100000.0,100000.0,100000.0,100000.0,101800.0,1,100000.0,1,LEGACY
2018-05-23,PEL,Piramal Enterprises,EQ,INE140A01024,2382.5,2408.8,2340.25,2348.35,2348.0,2378.8,92623,219445983.75,9465,LEGACY
2018-05-23,PFIZER,Pfizer,EQ,INE182A01018,2390.0,2408.0,2370.0,2379.6,2370.0,2378.2,71187,169601474.85,2634,LEGACY
2018-05-23,SANOFI,Sanofi India,EQ,INE058A01010,4958.0,4990.2,4903.0,4934.15,4959.0,4958.15,1647,8137232.0,589,LEGACY
2018-05-23,STAR,Strides Pharma Science,EQ,INE939A01011,396.0,440.5,396.0,403.2,405.85,392.05,24064339,10066452427.95,328533,LEGACY
2018-05-23,SUNPHARMA,Sun Pharmaceutical Industries,EQ,INE044A01036,454.0,461.5,449.45,452.25,453.0,453.0,4549341,2078564730.25,80241,LEGACY
2018-05-23,TORNTPHARM,Torrent Pharmaceuticals,EQ,INE685A01028,1324.85,1337.45,1306.05,1328.15,1330.0,1330.0,126494,167366932.85,10569,LEGACY
2018-05-23,WOCKPHARMA,Wockhardt,EQ,INE049B01025,658.0,668.15,635.9,640.45,642.0,657.8,1341804,879119880.05,24025,LEGACY
2018-05-24,ABBOTINDIA,Abbott India,EQ,INE358A01014,6587.0,6756.0,6523.4,6671.7,6675.0,6587.45,11235,75068224.5,4523,LEGACY
2018-05-24,AJANTPHARM,Ajanta Pharma,EQ,INE031B01049,994.2,994.2,963.2,977.6,982.0,987.0,540922,525568200.25,6908,LEGACY
2018-05-24,ALKEM,Alkem Laboratories,EQ,INE540L01014,1956.75,1971.45,1926.0,1957.55,1945.0,1965.35,13156,25578740.9,3846,LEGACY
2018-05-24,APLLTD,Alembic Pharmaceuticals,EQ,INE901L01018,416.2,426.0,416.2,420.7,426.0,422.3,37959,15959903.9,5247,LEGACY
2018-05-24,AUROPHARMA,Aurobindo Pharma,EQ,INE406A01037,577.0,586.7,572.55,584.65,585.95,573.9,907023,527888125.55,18672,LEGACY
2018-05-24,BIOCON,Biocon,EQ,INE376G01013,642.0,648.45,633.05,645.35,645.0,638.2,918811,589036955.15,19951,LEGACY
2018-05-24,CADILAHC,Cadila Healthcare,EQ,INE010B01027,348.35,359.8,348.35,357.25,359.1,346.6,737969,261834970.25,11701,LEGACY
2018-05-24,CIPLA,Cipla,EQ,INE059A01026,536.5,544.55,530.0,533.5,534.95,532.4,1925524,1032199520.1,38336,LEGACY
2018-05-24,DIVISLAB,Divi's Laboratories,EQ,INE361B01024,1093.1,1133.75,1089.2,1128.7,1128.75,1093.35,449315,500511850.15,11628,LEGACY
2018-05-24,DRREDDY,Dr. Reddy's Laboratories,EQ,INE089A01023,1962.7,1985.2,1942.95,1972.95,1975.9,1954.35,458454,901540931.85,19969,LEGACY
2018-05-24,GLAXO,GlaxoSmithKline Pharmaceuticals,EQ,INE159A01016,2400.0,2413.7,2362.0,2387.35,2365.0,2404.7,4697,11228626.7,938,LEGACY
2018-05-24,GLENMARK,Glenmark Pharmaceuticals,EQ,INE935A01035,518.0,533.35,511.8,531.3,527.65,517.9,795418,418952436.75,23509,LEGACY
2018-05-24,GRANULES,Granules India,EQ,INE101D01020,90.15,91.45,81.25,83.1,81.3,89.7,6350771,546415654.6,30066,LEGACY
2018-05-24,IPCALAB,IPCA Laboratories,EQ,INE571A01020,666.15,672.0,660.1,662.9,666.25,667.35,27339,18222991.8,1370,LEGACY
2018-05-24,JBCHEPHARM,JB Chemicals & Pharmaceuticals,EQ,INE572A01028,299.6,303.55,291.2,294.75,297.0,299.85,20201,6007492.85,1163,LEGACY
2018-05-24,LAURUSLABS,Laurus Labs,EQ,INE947Q01010,447.2,456.3,446.85,454.05,456.0,451.2,239810,108631328.65,815,LEGACY
2018-05-24,LUPIN,Lupin,EQ,INE326A01037,738.0,747.0,729.9,742.35,743.9,734.9,1013294,751069211.6,31434,LEGACY
2018-05-24,NATCOPHARM,Natco Pharma,EQ,INE987B01026,801.0,827.75,785.0,792.0,789.9,790.2,483405,388641746.3,21267,LEGACY
2018-05-24,PEL,Piramal Enterprises,EQ,INE140A01024,2375.0,2415.05,2318.75,2392.05,2414.7,2348.35,158895,375060000.8,18962,LEGACY
2018-05-24,PFIZER,Pfizer,EQ,INE182A01018,2399.05,2401.0,2351.55,2389.4,2380.7,2379.6,75701,180088128.05,2797,LEGACY
2018-05-24,SANOFI,Sanofi India,EQ,INE058A01010,4915.2,4970.05,4870.05,4926.75,4911.0,4934.15,3118,15407412.2,883,LEGACY
2018-05-24,STAR,Strides Pharma Science,EQ,INE939A01011,412.0,429.85,402.55,412.55,414.8,403.2,7314648,3017292037.35,119321,LEGACY
2018-05-24,SUNPHARMA,Sun Pharmaceutical Industries,EQ,INE044A01036,454.9,469.7,451.45,462.85,463.7,452.25,6237036,2895631836.45,62830,LEGACY
2018-05-24,TORNTPHARM,Torrent Pharmaceuticals,EQ,INE685A01028,1326.35,1332.95,1303.55,1320.05,1314.5,1328.15,233856,307221592.9,19996,LEGACY
2018-05-24,WOCKPHARMA,Wockhardt,EQ,INE049B01025,647.6,667.0,642.1,662.3,663.0,640.45,1547360,1016843790.2,28410,LEGACY
2018-05-28,ABBOTINDIA,Abbott India,EQ,INE358A01014,6650.0,6796.0,6600.05,6773.65,6750.0,6598.85,8071,54457203.55,4278,LEGACY
2018-05-28,AJANTPHARM,Ajanta Pharma,EQ,INE031B01049,1009.8,1056.75,1004.55,1049.3,1046.0,998.05,354859,365802150.45,11791,LEGACY
2018-05-28,ALKEM,Alkem Laboratories,EQ,INE540L01014,1962.8,2049.0,1957.0,2030.9,2025.0,1955.95,16264,32766201.35,5582,LEGACY
2018-05-28,APLLTD,Alembic Pharmaceuticals,EQ,INE901L01018,421.0,428.0,421.0,426.2,426.9,423.2,20467,8733226.25,668,LEGACY
2018-05-28,AUROPHARMA,Aurobindo Pharma,EQ,INE406A01037,597.0,614.6,596.45,605.25,606.6,594.15,2124675,1287917784.1,29293,LEGACY
2018-05-28,BIOCON,Biocon,EQ,INE376G01013,664.9,670.0,656.1,666.15,666.15,659.95,1814323,1206244890.75,41312,LEGACY
2018-05-28,CADILAHC,Cadila Healthcare,EQ,INE010B01027,388.7,388.7,361.3,369.45,370.6,382.2,5315262,1966474569.8,61715,LEGACY
2018-05-28,CIPLA,Cipla,EQ,INE059A01026,534.0,548.3,534.0,539.5,540.8,536.65,1460566,793141164.6,33488,LEGACY
2018-05-28,DIVISLAB,Divi's Laboratories,EQ,INE361B01024,1160.0,1167.65,1080.0,1092.15,1094.0,1148.85,918222,1019685051.05,27736,LEGACY
2018-05-28,DRREDDY,Dr. Reddy's Laboratories,EQ,INE089A01023,1966.75,2012.05,1960.0,1994.55,2000.0,1967.85,508364,1013600118.95,20566,LEGACY
2018-05-28,GLAXO,GlaxoSmithKline Pharmaceuticals,EQ,INE159A01016,2347.75,2420.0,2341.05,2401.9,2400.0,2360.9,8386,20035108.3,1635,LEGACY
2018-05-28,GLENMARK,Glenmark Pharmaceuticals,EQ,INE935A01035,537.0,542.75,531.15,538.8,538.0,535.4,922089,497507569.65,10500,LEGACY
2018-05-28,GRANULES,Granules India,EQ,INE101D01020,80.0,81.55,78.1,79.85,79.9,79.5,6060038,483091211.6,34886,LEGACY
2018-05-28,IPCALAB,IPCA Laboratories,EQ,INE571A01020,672.0,687.0,668.1,676.65,675.0,670.3,81940,55717027.4,7944,LEGACY
2018-05-28,JBCHEPHARM,JB Chemicals & Pharmaceuticals,EQ,INE572A01028,294.0,299.0,281.85,289.85,289.8,293.25,174128,50260985.3,4050,LEGACY
2018-05-28,LAURUSLABS,Laurus Labs,EQ,INE947Q01010,469.5,479.9,468.95,475.75,471.1,462.85,61378,29315558.85,1326,LEGACY
2018-05-28,LUPIN,Lupin,EQ,INE326A01037,747.5,785.95,747.5,782.5,782.5,745.6,2532534,1959812477.85,58932,LEGACY
2018-05-28,NATCOPHARM,Natco Pharma,EQ,INE987B01026,805.8,809.0,795.0,798.6,799.8,791.25,106456,85148790.45,7251,LEGACY
2018-05-28,PEL,Piramal Enterprises,EQ,INE140A01024,2425.0,2504.0,2424.1,2461.4,2450.0,2404.6,586031,1445010034.15,49435,LEGACY
2018-05-28,PFIZER,Pfizer,EQ,INE182A01018,2422.95,2460.0,2400.1,2445.05,2450.0,2411.7,16841,41178775.15,2056,LEGACY
2018-05-28,SANOFI,Sanofi India,EQ,INE058A01010,4950.0,4958.35,4912.0,4937.25,4955.0,4920.85,1581,7794984.35,466,LEGACY
2018-05-28,STAR,Strides Pharma Science,EQ,INE939A01011,418.95,429.9,414.9,423.35,423.6,416.3,1905416,804746397.8,35567,LEGACY
2018-05-28,SUNPHARMA,Sun Pharmaceutical Industries,EQ,INE044A01036,485.0,504.95,480.0,499.7,497.0,466.45,16007675,7957513936.45,180102,LEGACY
2018-05-28,TORNTPHARM,Torrent Pharmaceuticals,EQ,INE685A01028,1324.9,1380.0,1310.0,1372.7,1362.0,1318.05,129424,175474550.8,14058,LEGACY
2018-05-28,WOCKPHARMA,Wockhardt,EQ,INE049B01025,687.9,707.6,685.2,694.15,691.0,681.5,1009486,703967636.35,18206,LEGACY
2018-05-29,ABBOTINDIA,Abbott India,EQ,INE358A01014,6740.0,6767.0,6655.05,6686.1,6698.0,6773.65,2143,14378479.7,1136,LEGACY
2018-05-29,AJANTPHARM,Ajanta Pharma,EQ,INE031B01049,1040.0,1044.0,1010.0,1015.15,1010.75,1049.3,196172,201154275.5,8419,LEGACY
2018-05-29,ALKEM,Alkem Laboratories,EQ,INE540L01014,2021.85,2055.5,1994.0,2048.0,2024.0,2030.9,12811,26085363.25,3269,LEGACY
2018-05-29,APLLTD,Alembic Pharmaceuticals,EQ,INE901L01018,427.95,445.8,425.7,439.95,441.0,426.2,37487,16485380.95,1330,LEGACY
2018-05-29,AUROPHARMA,Aurobindo Pharma,EQ,INE406A01037,582.6,593.35,567.95,578.8,578.0,605.25,6524564,3799091839.25,92663,LEGACY
2018-05-29,BIOCON,Biocon,EQ,INE376G01013,666.05,682.0,659.8,676.45,676.4,666.15,1703895,1148191406.4,32757,LEGACY
2018-05-29,CADILAHC,Cadila Healthcare,EQ,INE010B01027,372.9,380.5,365.5,366.75,366.45,369.45,1839175,686592800.85,33887,LEGACY
2018-05-29,CIPLA,Cipla,EQ,INE059A01026,539.1,542.6,527.7,530.6,530.65,539.5,2656979,1416811582.05,59455,LEGACY
2018-05-29,DIVISLAB,Divi's Laboratories,EQ,INE361B01024,1090.1,1092.0,1056.35,1066.75,1063.15,1092.15,753542,804613816.35,20165,LEGACY
2018-05-29,DRREDDY,Dr. Reddy's Laboratories,EQ,INE089A01023,2000.0,2014.55,1972.6,1980.7,1977.0,1994.55,490670,980016417.15,22074,LEGACY
2018-05-29,GLAXO,GlaxoSmithKline Pharmaceuticals,EQ,INE159A01016,2398.0,2428.95,2380.0,2416.4,2400.0,2401.9,9028,21761559.65,1684,LEGACY
2018-05-29,GLENMARK,Glenmark Pharmaceuticals,EQ,INE935A01035,539.95,539.95,524.1,531.95,531.0,538.8,852809,453997624.2,17460,LEGACY
2018-05-29,GRANULES,Granules India,EQ,INE101D01020,80.0,83.45,79.15,82.0,81.7,79.85,7826402,640067325.25,30571,LEGACY
2018-05-29,IPCALAB,IPCA Laboratories,EQ,INE571A01020,679.0,696.7,666.4,689.3,690.0,676.65,781823,537004645.1,22088,LEGACY
2018-05-29,JBCHEPHARM,JB Chemicals & Pharmaceuticals,EQ,INE572A01028,289.0,291.5,285.45,287.6,286.5,289.85,33990,9815887.5,963,LEGACY
2018-05-29,LAURUSLABS,Laurus Labs,EQ,INE947Q01010,479.4,479.4,460.2,466.9,465.85,475.75,16802,7919295.55,734,LEGACY
2018-05-29,LUPIN,Lupin,EQ,INE326A01037,782.5,798.9,768.95,781.05,780.0,782.5,2602320,2045379984.85,83946,LEGACY
2018-05-29,NATCOPHARM,Natco Pharma,EQ,INE987B01026,801.85,802.5,792.5,796.7,797.0,798.6,54547,43527919.1,5009,LEGACY
2018-05-29,PEL,Piramal Enterprises,EQ,INE140A01024,2464.95,2475.0,2380.0,2405.75,2397.0,2461.4,191846,466791957.1,19064,LEGACY
2018-05-29,PFIZER,Pfizer,EQ,INE182A01018,2437.9,2495.0,2406.25,2484.85,2475.0,2445.05,18615,45923459.6,2811,LEGACY
2018-05-29,SANOFI,Sanofi India,EQ,INE058A01010,4910.25,5054.8,4881.0,5032.05,5005.0,4937.25,5733,28711636.9,1511,LEGACY
2018-05-29,STAR,Strides Pharma Science,EQ,INE939A01011,423.75,433.0,383.1,418.4,417.55,423.35,9074827,3750946093.9,154569,LEGACY
2018-05-29,SUNPHARMA,Sun Pharmaceutical Industries,EQ,INE044A01036,496.6,509.95,490.05,499.5,498.35,499.7,8258927,4145699345.9,122974,LEGACY
2018-05-29,TORNTPHARM,Torrent Pharmaceuticals,EQ,INE685A01028,1377.0,1377.0,1332.45,1346.5,1349.95,1372.7,91485,123369536.2,10499,LEGACY
2018-05-29,WOCKPHARMA,Wockhardt,EQ,INE049B01025,691.0,695.35,676.15,683.85,685.0,694.15,1032364,707894700.45,19768,LEGACY
2018-05-30,ABBOTINDIA,Abbott India,EQ,INE358A01014,6763.9,6763.9,6650.0,6736.85,6740.0,6686.1,8971,60216077.65,4415,LEGACY
2018-05-30,AJANTPHARM,Ajanta Pharma,EQ,INE031B01049,1000.2,1012.3,980.0,985.0,982.05,1015.15,455221,454242774.8,13191,LEGACY
2018-05-30,ALKEM,Alkem Laboratories,EQ,INE540L01014,2049.0,2069.2,1927.75,1983.2,1985.0,2048.0,113343,223614293.35,12300,LEGACY
2018-05-30,APLLTD,Alembic Pharmaceuticals,EQ,INE901L01018,430.1,437.9,425.05,430.65,430.0,439.95,22150,9553370.85,1155,LEGACY
2018-05-30,AUROPHARMA,Aurobindo Pharma,EQ,INE406A01037,576.0,583.0,562.0,565.65,564.5,578.8,3459945,1974009391.5,53192,LEGACY
2018-05-30,BIOCON,Biocon,EQ,INE376G01013,673.0,683.0,670.35,674.9,673.9,676.45,1647394,1115751978.65,34428,LEGACY
2018-05-30,CADILAHC,Cadila Healthcare,EQ,INE010B01027,361.0,371.7,361.0,367.5,367.15,366.75,876255,322127194.9,24229,LEGACY
2018-05-30,CIPLA,Cipla,EQ,INE059A01026,529.1,529.1,519.55,525.6,525.4,530.6,2156315,1131408459.2,72202,LEGACY
2018-05-30,DIVISLAB,Divi's Laboratories,EQ,INE361B01024,1060.05,1065.0,1042.2,1051.55,1045.0,1066.75,605331,635768241.4,25732,LEGACY
2018-05-30,DRREDDY,Dr. Reddy's Laboratories,EQ,INE089A01023,1975.0,1975.0,1952.0,1961.8,1957.5,1980.7,335848,659045052.2,25652,LEGACY
2018-05-30,GLAXO,GlaxoSmithKline Pharmaceuticals,EQ,INE159A01016,2414.0,2473.4,2388.45,2464.0,2472.25,2416.4,11204,27409810.6,1788,LEGACY
2018-05-30,GLENMARK,Glenmark Pharmaceuticals,EQ,INE935A01035,505.5,532.0,505.5,524.8,527.0,531.95,3551155,1835658528.6,67567,LEGACY
2018-05-30,GRANULES,Granules India,EQ,INE101D01020,81.7,81.7,79.2,79.85,79.55,82.0,3432737,274973382.75,13638,LEGACY
2018-05-30,IPCALAB,IPCA Laboratories,EQ,INE571A01020,688.0,695.0,671.3,673.6,674.8,689.3,175199,119132482.65,8412,LEGACY
2018-05-30,JBCHEPHARM,JB Chemicals & Pharmaceuticals,EQ,INE572A01028,285.15,291.0,282.1,284.15,283.1,287.6,17713,5072015.3,794,LEGACY
2018-05-30,LAURUSLABS,Laurus Labs,EQ,INE947Q01010,469.9,469.9,455.05,460.0,461.0,466.9,67533,31077174.35,985,LEGACY
2018-05-30,LUPIN,Lupin,EQ,INE326A01037,770.0,790.4,770.0,779.2,779.2,781.05,1236513,965906991.25,38218,LEGACY
2018-05-30,NATCOPHARM,Natco Pharma,EQ,INE987B01026,795.0,806.2,790.35,800.1,800.5,796.7,133610,107048281.7,6279,LEGACY
2018-05-30,PEL,Piramal Enterprises,EQ,INE140A01024,2405.0,2405.05,2345.0,2353.95,2353.95,2405.75,293589,692506495.15,35500,LEGACY
2018-05-30,PFIZER,Pfizer,EQ,INE182A01018,2465.05,2517.45,2465.05,2488.3,2485.0,2484.85,29464,73523194.2,5642,LEGACY
2018-05-30,SANOFI,Sanofi India,EQ,INE058A01010,5015.1,5049.0,4995.0,5024.05,4995.0,5032.05,4909,24682647.0,1402,LEGACY
2018-05-30,STAR,Strides Pharma Science,EQ,INE939A01011,411.8,423.3,406.35,413.4,412.5,418.4,1906882,791905444.75,44422,LEGACY
2018-05-30,SUNPHARMA,Sun Pharmaceutical Industries,EQ,INE044A01036,494.9,503.7,492.35,494.55,492.55,499.5,3851368,1916381577.25,81341,LEGACY
2018-05-30,TORNTPHARM,Torrent Pharmaceuticals,EQ,INE685A01028,1349.0,1362.95,1331.0,1339.2,1331.0,1346.5,153947,207171468.25,11006,LEGACY
2018-05-30,WOCKPHARMA,Wockhardt,EQ,INE049B01025,675.0,690.0,672.7,684.85,684.6,683.85,682153,465576491.5,16585,LEGACY
2018-05-31,ABBOTINDIA,Abbott India,EQ,INE358A01014,6760.0,6810.0,6651.0,6674.35,6651.0,6736.85,5992,40242845.55,3360,LEGACY
2018-05-31,AJANTPHARM,Ajanta Pharma,EQ,INE031B01049,982.0,989.9,953.0,962.35,966.45,985.0,442907,428714487.35,11451,LEGACY
2018-05-31,ALKEM,Alkem Laboratories,EQ,INE540L01014,1985.0,1985.0,1903.05,1916.85,1909.0,1983.2,32983,63988134.85,6376,LEGACY
2018-05-31,APLLTD,Alembic Pharmaceuticals,EQ,INE901L01018,430.65,434.85,426.65,427.5,427.0,430.65,30286,12966142.5,1554,LEGACY
2018-05-31,AUROPHARMA,Aurobindo Pharma,EQ,INE406A01037,567.9,570.0,551.95,556.3,555.0,565.65,4280622,2393569757.35,71997,LEGACY
2018-05-31,BIOCON,Biocon,EQ,INE376G01013,674.95,679.2,661.75,665.4,668.0,674.9,5114062,3410491658.8,48762,LEGACY
2018-05-31,CADILAHC,Cadila Healthcare,EQ,INE010B01027,370.95,370.95,359.2,361.3,360.8,367.5,3116812,1131501323.0,43395,LEGACY
2018-05-31,CIPLA,Cipla,EQ,INE059A01026,528.6,533.65,521.05,524.8,522.75,525.6,3539206,1860285406.6,70878,LEGACY
2018-05-31,DIVISLAB,Divi's Laboratories,EQ,INE361B01024,1053.0,1069.25,1044.3,1047.45,1049.25,1051.55,2300110,2413565698.4,40054,LEGACY
2018-05-31,DRREDDY,Dr. Reddy's Laboratories,EQ,INE089A01023,1971.8,1971.8,1925.95,1936.6,1927.85,1961.8,1860178,3607444954.0,65528,LEGACY
2018-05-31,GLAXO,GlaxoSmithKline Pharmaceuticals,EQ,INE159A01016,2498.0,2553.3,2470.05,2546.9,2550.0,2464.0,19902,50140555.5,2243,LEGACY
2018-05-31,GLENMARK,Glenmark Pharmaceuticals,EQ,INE935A01035,527.0,540.25,516.5,535.95,538.6,524.8,1466265,772848178.2,46752,LEGACY
2018-05-31,GRANULES,Granules India,EQ,INE101D01020,80.5,81.0,78.0,78.4,78.2,79.85,3879416,307855782.5,14441,LEGACY
2018-05-31,IPCALAB,IPCA Laboratories,EQ,INE571A01020,675.0,683.05,669.6,670.4,670.0,673.6,90442,61040326.6,3030,LEGACY
2018-05-31,JBCHEPHARM,JB Chemicals & Pharmaceuticals,EQ,INE572A01028,284.8,288.0,278.6,279.85,280.0,284.15,31502,8847833.15,713,LEGACY
2018-05-31,LAURUSLABS,Laurus Labs,EQ,INE947Q01010,465.5,475.0,462.15,471.95,474.8,460.0,17589,8256184.5,794,LEGACY
2018-05-31,LUPIN,Lupin,EQ,INE326A01037,784.95,784.95,765.65,770.35,775.0,779.2,1994980,1542471880.95,49571,LEGACY
2018-05-31,NATCOPHARM,Natco Pharma,EQ,INE987B01026,802.9,811.9,795.0,807.8,806.6,800.1,437323,350635471.1,4997,LEGACY
2018-05-31,PEL,Piramal Enterprises,D1,INE140A08SX5,98750.0,98750.0,98750.0,98750.0,98750.0,100500.0,6,592500.0,1,LEGACY
2018-05-31,PEL,Piramal Enterprises,EQ,INE140A01024,2363.8,2399.75,2342.35,2371.45,2388.0,2353.95,428181,1014429201.0,35325,LEGACY
2018-05-31,PFIZER,Pfizer,EQ,INE182A01018,2501.0,2520.05,2448.0,2491.05,2482.1,2488.3,43685,108132191.55,4402,LEGACY
2018-05-31,SANOFI,Sanofi India,EQ,INE058A01010,5050.0,5050.0,4975.0,5000.9,5015.0,5024.05,3937,19688663.05,770,LEGACY
2018-05-31,STAR,Strides Pharma Science,EQ,INE939A01011,417.0,418.0,397.75,401.8,401.7,413.4,2326112,944463492.2,32953,LEGACY
2018-05-31,SUNPHARMA,Sun Pharmaceutical Industries,EQ,INE044A01036,494.9,496.0,472.9,480.35,482.35,494.55,18790216,9062509847.8,142722,LEGACY
2018-05-31,TORNTPHARM,Torrent Pharmaceuticals,EQ,INE685A01028,1340.0,1429.4,1329.6,1411.5,1408.05,1339.2,594301,828881410.2,23673,LEGACY
2018-05-31,WOCKPHARMA,Wockhardt,EQ,INE049B01025,685.0,691.2,669.1,683.5,685.05,684.85,935482,636864331.05,16287,LEGACY
2018-06-01,ABBOTINDIA,Abbott India,EQ,INE358A01014,6749.0,6749.0,6490.0,6664.2,6641.0,6674.35,13176,86602592.1,1852,LEGACY
2018-06-01,AJANTPHARM,Ajanta Pharma,EQ,INE031B01049,956.0,965.9,932.0,940.65,939.0,962.35,230560,217884672.7,8466,LEGACY
2018-06-01,ALKEM,Alkem Laboratories,EQ,INE540L01014,1917.0,1947.85,1909.45,1931.8,1920.0,1916.85,24392,47311766.1,4068,LEGACY
2018-06-01,APLLTD,Alembic Pharmaceuticals,EQ,INE901L01018,428.0,428.2,418.0,420.0,421.05,427.5,98651,41462407.6,1890,LEGACY
2018-06-01,AUROPHARMA,Aurobindo Pharma,EQ,INE406A01037,556.2,564.95,530.5,535.3,535.5,556.3,3286212,1787063380.45,65721,LEGACY
2018-06-01,BIOCON,Biocon,EQ,INE376G01013,666.3,667.9,641.1,649.0,647.7,665.4,1605796,1045876498.85,33337,LEGACY
2018-06-01,CADILAHC,Cadila Healthcare,EQ,INE010B01027,361.3,366.9,351.75,353.0,354.0,361.3,862303,309425273.2,16837,LEGACY
2018-06-01,CIPLA,Cipla,EQ,INE059A01026,526.95,530.75,521.05,524.5,524.8,524.8,1625446,853986002.85,27716,LEGACY
2018-06-01,DIVISLAB,Divi's Laboratories,EQ,INE361B01024,1049.35,1061.0,1026.4,1053.25,1057.9,1047.45,543631,569290407.9,17775,LEGACY
2018-06-01,DRREDDY,Dr. Reddy's Laboratories,EQ,INE089A01023,1940.0,1963.45,1932.35,1941.4,1941.4,1936.6,441861,860778375.0,27698,LEGACY
2018-06-01,GLAXO,GlaxoSmithKline Pharmaceuticals,EQ,INE159A01016,2549.0,2593.3,2502.5,2523.6,2521.2,2546.9,12837,32675087.5,1788,LEGACY
2018-06-01,GLENMARK,Glenmark Pharmaceuticals,EQ,INE935A01035,529.35,544.35,529.35,535.85,535.0,535.95,909834,489052102.8,23015,LEGACY
2018-06-01,GRANULES,Granules India,EQ,INE101D01020,78.7,79.85,76.0,76.6,76.85,78.4,4005831,311688423.75,18292,LEGACY
2018-06-01,IPCALAB,IPCA Laboratories,EQ,INE571A01020,670.4,679.8,670.0,674.3,675.0,670.4,60570,40902381.65,6212,LEGACY
2018-06-01,JBCHEPHARM,JB Chemicals & Pharmaceuticals,EQ,INE572A01028,280.0,280.1,269.0,270.7,270.0,279.85,27594,7511824.6,1089,LEGACY
2018-06-01,LAURUSLABS,Laurus Labs,EQ,INE947Q01010,470.05,474.8,455.0,458.75,457.0,471.95,24278,11235896.7,1142,LEGACY
2018-06-01,LUPIN,Lupin,EQ,INE326A01037,770.75,781.9,761.6,764.45,764.45,770.35,1297715,999799016.95,38994,LEGACY
2018-06-01,NATCOPHARM,Natco Pharma,EQ,INE987B01026,802.2,808.7,785.65,800.05,800.0,807.8,367274,293561718.7,5221,LEGACY
2018-06-01,PEL,Piramal Enterprises,EQ,INE140A01024,2381.45,2445.0,2378.55,2438.1,2435.0,2371.45,221861,535945142.8,19616,LEGACY
2018-06-01,PFIZER,Pfizer,EQ,INE182A01018,2494.0,2614.95,2477.0,2565.0,2535.0,2491.05,43380,111339640.6,6146,LEGACY
2018-06-01,SANOFI,Sanofi India,EQ,INE058A01010,4952.9,5025.05,4952.9,4988.3,4995.0,5000.9,979,4894373.45,367,LEGACY
2018-06-01,STAR,Strides Pharma Science,EQ,INE939A01011,403.0,409.55,383.1,385.55,385.0,401.8,1807594,711454695.9,35623,LEGACY
2018-06-01,SUNPHARMA,Sun Pharmaceutical Industries,EQ,INE044A01036,485.0,489.55,479.1,484.35,486.0,480.35,3793797,1837201827.85,54573,LEGACY
2018-06-01,TORNTPHARM,Torrent Pharmaceuticals,EQ,INE685A01028,1401.5,1487.7,1401.5,1454.95,1438.0,1411.5,627994,915133037.2,31726,LEGACY
2018-06-01,WOCKPHARMA,Wockhardt,EQ,INE049B01025,687.7,691.2,665.1,668.5,668.0,683.5,716875,484124939.9,12866,LEGACY
2018-06-04,ABBOTINDIA,Abbott India,EQ,INE358A01014,6729.0,6799.0,6500.0,6521.7,6510.0,6664.2,2563,16858940.55,992,LEGACY
2018-06-04,AJANTPHARM,Ajanta Pharma,EQ,INE031B01049,941.0,949.7,924.0,930.0,928.45,940.65,157028,146254584.1,6601,LEGACY
2018-06-04,ALKEM,Alkem Laboratories,EQ,INE540L01014,1926.0,1960.0,1920.35,1934.05,1930.0,1931.8,18373,35658654.7,4235,LEGACY
2018-06-04,APLLTD,Alembic Pharmaceuticals,EQ,INE901L01018,421.4,433.6,417.95,421.25,425.0,420.0,13599,5738791.2,694,LEGACY
2018-06-04,AUROPHARMA,Aurobindo Pharma,EQ,INE406A01037,538.0,543.75,527.0,533.35,535.05,535.3,2613575,1399670421.25,47704,LEGACY
2018-06-04,BIOCON,Biocon,EQ,INE376G01013,650.0,663.85,641.2,654.55,655.2,649.0,2726642,1786855539.8,64686,LEGACY
2018-06-04,CADILAHC,Cadila Healthcare,EQ,INE010B01027,359.0,359.95,350.55,352.0,352.6,353.0,1306674,463596774.35,29668,LEGACY
2018-06-04,CIPLA,Cipla,EQ,INE059A01026,527.5,529.0,517.15,520.7,519.85,524.5,1247023,651879304.8,34129,LEGACY
2018-06-04,DIVISLAB,Divi's Laboratories,EQ,INE361B01024,1057.9,1064.65,1035.5,1047.15,1040.25,1053.25,400870,420538793.65,14250,LEGACY
2018-06-04,DRREDDY,Dr. Reddy's Laboratories,EQ,INE089A01023,1978.0,2027.9,1965.0,1996.0,1988.0,1941.4,1400421,2803650003.65,75109,LEGACY
2018-06-04,GLAXO,GlaxoSmithKline Pharmaceuticals,EQ,INE159A01016,2539.8,2539.8,2502.75,2520.5,2522.45,2523.6,7331,18490967.55,1783,LEGACY
2018-06-04,GLENMARK,Glenmark Pharmaceuticals,EQ,INE935A01035,536.0,548.4,531.45,539.95,541.0,535.85,756736,410490366.5,20890,LEGACY
2018-06-04,GRANULES,Granules India,EQ,INE101D01020,77.4,77.9,73.75,74.35,74.3,76.6,2782540,211029843.6,11270,LEGACY
2018-06-04,IPCALAB,IPCA Laboratories,EQ,INE571A01020,668.25,679.0,663.05,667.35,663.85,674.3,89893,60284729.55,3841,LEGACY
2018-06-04,JBCHEPHARM,JB Chemicals & Pharmaceuticals,EQ,INE572A01028,270.0,271.9,261.0,262.3,263.0,270.7,21058,5560159.6,850,LEGACY
2018-06-04,LAURUSLABS,Laurus Labs,EQ,INE947Q01010,459.4,464.65,455.65,460.7,462.0,458.75,173130,79630978.35,838,LEGACY
2018-06-04,LUPIN,Lupin,EQ,INE326A01037,766.7,780.0,753.4,773.95,774.95,764.45,1801475,1388288792.95,46511,LEGACY
2018-06-04,NATCOPHARM,Natco Pharma,EQ,INE987B01026,808.0,810.0,777.0,786.6,787.0,800.05,135618,106774878.65,8015,LEGACY
2018-06-04,PEL,Piramal Enterprises,D1,INE140A08SX5,98511.0,99000.0,97500.0,98000.0,98000.0,98750.0,30,2949031.0,15,LEGACY
2018-06-04,PEL,Piramal Enterprises,EQ,INE140A01024,2450.0,2466.9,2397.2,2406.85,2402.0,2438.1,224468,543393979.5,13609,LEGACY
2018-06-04,PFIZER,Pfizer,EQ,INE182A01018,2569.0,2650.0,2565.0,2605.95,2600.0,2565.0,49133,128213920.2,6180,LEGACY
2018-06-04,SANOFI,Sanofi India,EQ,INE058A01010,4985.0,5057.95,4985.0,5026.15,5000.0,4988.3,22256,111859424.05,1945,LEGACY
2018-06-04,STAR,Strides Pharma Science,EQ,INE939A01011,385.6,388.9,367.0,373.15,372.2,385.55,2626083,983511588.0,52352,LEGACY
2018-06-04,SUNPHARMA,Sun Pharmaceutical Industries,EQ,INE044A01036,486.0,490.8,476.8,478.6,478.8,484.35,2995860,1449454320.8,59659,LEGACY
2018-06-04,TORNTPHARM,Torrent Pharmaceuticals,EQ,INE685A01028,1454.95,1457.6,1415.05,1418.75,1416.0,1454.95,297145,427809171.25,13463,LEGACY
2018-06-04,WOCKPHARMA,Wockhardt,EQ,INE049B01025,672.95,677.9,647.25,653.15,651.8,668.5,891607,591132529.95,20739,LEGACY
2018-06-05,ABBOTINDIA,Abbott India,EQ,INE358A01014,6521.7,6598.6,6330.05,6357.25,6350.0,6521.7,2717,17391105.6,729,LEGACY
2018-06-05,AJANTPHARM,Ajanta Pharma,EQ,INE031B01049,920.0,926.0,895.85,914.75,915.0,930.0,352972,322782952.25,8944,LEGACY
2018-06-05,ALKEM,Alkem Laboratories,EQ,INE540L01014,1928.5,1940.0,1887.95,1908.4,1938.0,1934.05,40530,77350217.8,3765,LEGACY
2018-06-05,APLLTD,Alembic Pharmaceuticals,EQ,INE901L01018,422.05,425.0,416.05,418.15,419.0,421.25,7035,2955341.15,1259,LEGACY
2018-06-05,AUROPHARMA,Aurobindo Pharma,EQ,INE406A01037,534.6,543.0,529.0,536.9,538.65,533.35,2178940,1168164591.55,38112,LEGACY
2018-06-05,BIOCON,Biocon,EQ,INE376G01013,695.0,696.6,575.65,607.4,608.85,654.55,17474272,10983525616.85,269407,LEGACY
2018-06-05,CADILAHC,Cadila Healthcare,EQ,INE010B01027,352.0,354.3,344.0,348.5,350.0,352.0,666265,232804492.75,16347,LEGACY
2018-06-05,CIPLA,Cipla,EQ,INE059A01026,520.3,544.75,517.7,542.1,542.1,520.7,3398337,1812783111.65,81233,LEGACY
2018-06-05,DIVISLAB,Divi's Laboratories,EQ,INE361B01024,1052.0,1054.5,1015.25,1035.4,1039.0,1047.15,536791,553756789.4,15207,LEGACY
2018-06-05,DRREDDY,Dr. Reddy's Laboratories,EQ,INE089A01023,1980.0,1987.55,1954.0,1963.4,1963.0,1996.0,365344,719518795.0,23672,LEGACY
2018-06-05,GLAXO,GlaxoSmithKline Pharmaceuticals,EQ,INE159A01016,2501.25,2539.0,2501.25,2526.45,2525.0,2520.5,6271,15825851.85,1434,LEGACY
2018-06-05,GLENMARK,Glenmark Pharmaceuticals,EQ,INE935A01035,540.5,540.5,521.85,531.0,531.05,539.95,511527,272702995.75,12567,LEGACY
2018-06-05,GRANULES,Granules India,EQ,INE101D01020,74.5,74.95,71.55,72.8,72.9,74.35,3010049,220072320.65,11650,LEGACY
2018-06-05,IPCALAB,IPCA Laboratories,EQ,INE571A01020,663.95,664.0,642.35,649.75,648.45,667.35,47040,30677534.9,2420,LEGACY
2018-06-05,JBCHEPHARM,JB Chemicals & Pharmaceuticals,EQ,INE572A01028,264.9,264.95,252.55,254.5,253.0,262.3,57352,14782201.65,2633,LEGACY
2018-06-05,LAURUSLABS,Laurus Labs,EQ,INE947Q01010,456.4,469.4,452.2,453.3,452.7,460.7,25301,11550550.05,973,LEGACY
2018-06-05,LUPIN,Lupin,EQ,INE326A01037,775.45,778.4,745.1,760.25,763.0,773.95,1363084,1040629583.7,44102,LEGACY
2018-06-05,NATCOPHARM,Natco Pharma,EQ,INE987B01026,787.7,791.4,732.0,738.9,739.0,786.6,177518,133351592.9,14351,LEGACY
2018-06-05,PEL,Piramal Enterprises,D1,INE140A08SX5,93000.0,93000.0,93000.0,93000.0,93000.0,98000.0,17,1581000.0,1,LEGACY
2018-06-05,PEL,Piramal Enterprises,EQ,INE140A01024,2402.25,2403.45,2285.0,2331.25,2326.6,2406.85,230586,537426869.75,18300,LEGACY
2018-06-05,PFIZER,Pfizer,EQ,INE182A01018,2640.0,2650.0,2515.2,2533.1,2525.05,2605.95,30873,79950211.55,3501,LEGACY
2018-06-05,SANOFI,Sanofi India,EQ,INE058A01010,5047.85,5148.0,5039.5,5068.35,5072.0,5026.15,7585,38471890.55,2736,LEGACY
2018-06-05,STAR,Strides Pharma Science,EQ,INE939A01011,366.25,371.7,352.35,362.85,362.25,373.15,2160303,780659196.4,39182,LEGACY
2018-06-05,SUNPHARMA,Sun Pharmaceutical Industries,EQ,INE044A01036,476.15,483.25,470.15,473.5,474.9,478.6,3076737,1469178559.45,63244,LEGACY
2018-06-05,TORNTPHARM,Torrent Pharmaceuticals,EQ,INE685A01028,1418.0,1425.85,1371.15,1398.55,1397.5,1418.75,189893,264758466.65,10681,LEGACY
2018-06-05,WOCKPHARMA,Wockhardt,EQ,INE049B01025,653.3,658.8,626.6,639.65,639.3,653.15,886460,570549451.6,15002,LEGACY
2018-06-06,ABBOTINDIA,Abbott India,EQ,INE358A01014,6357.0,6485.85,6238.15,6441.5,6449.95,6357.25,4320,27349179.3,1217,LEGACY
2018-06-06,AJANTPHARM,Ajanta Pharma,EQ,INE031B01049,914.75,918.25,900.5,911.6,915.0,914.75,162854,148175014.0,7290,LEGACY
2018-06-06,ALKEM,Alkem Laboratories,EQ,INE540L01014,1915.0,1954.95,1902.0,1946.4,1941.0,1908.4,10912,21121879.65,3675,LEGACY
2018-06-06,APLLTD,Alembic Pharmaceuticals,EQ,INE901L01018,416.4,431.0,416.05,429.8,428.05,418.15,21395,9132937.05,969,LEGACY
2018-06-06,AUROPHARMA,Aurobindo Pharma,EQ,INE406A01037,530.0,543.5,530.0,540.85,541.9,536.9,1449260,780008504.9,38455,LEGACY
2018-06-06,BIOCON,Biocon,EQ,INE376G01013,618.0,618.0,591.0,608.35,608.0,607.4,8158782,4926011920.9,130468,LEGACY
2018-06-06,CADILAHC,Cadila Healthcare,EQ,INE010B01027,349.0,359.95,345.75,349.95,350.0,348.5,1367479,481303304.2,30026,LEGACY
2018-06-06,CIPLA,Cipla,EQ,INE059A01026,542.1,548.0,533.4,538.45,538.35,542.1,2909756,1571301491.05,51444,LEGACY
2018-06-06,DIVISLAB,Divi's Laboratories,EQ,INE361B01024,1039.6,1060.0,1029.5,1054.45,1059.0,1035.4,273602,285846488.85,15205,LEGACY
2018-06-06,DRREDDY,Dr. Reddy's Laboratories,EQ,INE089A01023,1963.0,1977.9,1948.0,1960.45,1961.0,1963.4,415605,816033797.95,13779,LEGACY
2018-06-06,GLAXO,GlaxoSmithKline Pharmaceuticals,EQ,INE159A01016,2519.8,2575.0,2510.0,2560.7,2560.0,2526.45,7471,19050250.55,1453,LEGACY
2018-06-06,GLENMARK,Glenmark Pharmaceuticals,EQ,INE935A01035,515.2,540.0,514.25,537.0,536.0,531.0,1586757,837192260.25,37362,LEGACY
2018-06-06,GRANULES,Granules India,EQ,INE101D01020,73.0,74.5,71.85,73.75,74.35,72.8,1956522,143011261.45,7504,LEGACY
2018-06-06,IPCALAB,IPCA Laboratories,EQ,INE571A01020,645.0,654.45,631.0,639.3,635.0,649.75,92631,59718297.45,5092,LEGACY
2018-06-06,JBCHEPHARM,JB Chemicals & Pharmaceuticals,EQ,INE572A01028,256.65,259.4,254.5,257.45,257.0,254.5,42598,10964646.8,4401,LEGACY
2018-06-06,LAURUSLABS,Laurus Labs,EQ,INE947Q01010,455.45,470.0,454.05,467.7,470.0,453.3,37789,17531827.7,1719,LEGACY
2018-06-06,LUPIN,Lupin,EQ,INE326A01037,760.0,776.85,756.25,770.05,769.95,760.25,1131792,872158732.65,41772,LEGACY
2018-06-06,NATCOPHARM,Natco Pharma,EQ,INE987B01026,741.8,755.95,738.05,741.45,743.05,738.9,112991,84367056.9,6495,LEGACY
2018-06-06,PEL,Piramal Enterprises,EQ,INE140A01024,2330.0,2415.0,2315.0,2394.0,2395.0,2331.25,200224,472422050.35,16937,LEGACY
2018-06-06,PFIZER,Pfizer,EQ,INE182A01018,2549.85,2572.0,2475.65,2556.4,2572.0,2533.1,27743,69948302.15,4225,LEGACY
2018-06-06,SANOFI,Sanofi India,EQ,INE058A01010,5070.0,5183.0,5068.35,5162.95,5183.0,5068.35,14889,76490808.9,2348,LEGACY
2018-06-06,STAR,Strides Pharma Science,EQ,INE939A01011,358.0,363.0,351.45,357.2,356.1,362.85,1599436,572362420.45,37546,LEGACY
2018-06-06,SUNPHARMA,Sun Pharmaceutical Industries,EQ,INE044A01036,476.9,492.2,473.1,489.85,489.85,473.5,4126448,1995827731.8,82025,LEGACY
2018-06-06,TORNTPHARM,Torrent Pharmaceuticals,EQ,INE685A01028,1390.15,1432.45,1374.05,1392.0,1391.05,1398.55,224803,315997264.45,13966,LEGACY
2018-06-06,WOCKPHARMA,Wockhardt,EQ,INE049B01025,640.8,656.0,632.8,649.6,648.5,639.65,763122,493198319.8,15430,LEGACY
2018-06-07,ABBOTINDIA,Abbott India,EQ,INE358A01014,6370.6,6449.0,6349.95,6394.35,6352.0,6441.5,2378,15227412.05,593,LEGACY
2018-06-07,AJANTPHARM,Ajanta Pharma,EQ,INE031B01049,915.15,934.8,912.25,926.95,922.1,911.6,345236,320065619.7,15347,LEGACY
2018-06-07,ALKEM,Alkem Laboratories,EQ,INE540L01014,1950.0,1973.7,1950.0,1962.9,1960.0,1946.4,27212,53506559.8,4941,LEGACY
2018-06-07,APLLTD,Alembic Pharmaceuticals,EQ,INE901L01018,430.0,436.9,419.0,420.65,420.0,429.8,21988,9346125.95,1077,LEGACY
2018-06-07,AUROPHARMA,Aurobindo Pharma,EQ,INE406A01037,544.0,551.6,541.05,547.75,547.05,540.85,1168484,638673708.85,26032,LEGACY
2018-06-07,BIOCON,Biocon,EQ,INE376G01013,608.0,612.0,601.0,606.0,605.65,608.35,2352438,1425850098.0,46709,LEGACY
2018-06-07,CADILAHC,Cadila Healthcare,EQ,INE010B01027,351.85,358.0,351.7,355.9,356.2,349.95,612624,217433365.1,13626,LEGACY
2018-06-07,CIPLA,Cipla,EQ,INE059A01026,541.95,542.55,537.2,540.7,540.5,538.45,1119973,604631434.05,28642,LEGACY
2018-06-07,DIVISLAB,Divi's Laboratories,EQ,INE361B01024,1055.8,1072.25,1053.05,1059.35,1059.35,1054.45,268495,285302533.75,12847,LEGACY
2018-06-07,DRREDDY,Dr. Reddy's Laboratories,EQ,INE089A01023,1965.0,1976.95,1961.2,1964.95,1962.0,1960.45,152700,300645119.1,9805,LEGACY
2018-06-07,GLAXO,GlaxoSmithKline Pharmaceuticals,EQ,INE159A01016,2570.7,2600.0,2545.9,2588.25,2562.65,2560.7,9862,25475911.45,2250,LEGACY
2018-06-07,GLENMARK,Glenmark Pharmaceuticals,EQ,INE935A01035,542.0,545.55,533.4,536.65,537.0,537.0,763713,411444611.1,25946,LEGACY
2018-06-07,GRANULES,Granules India,EQ,INE101D01020,75.15,79.0,74.55,78.3,78.2,73.75,4494140,346997073.2,16477,LEGACY
2018-06-07,IPCALAB,IPCA Laboratories,EQ,INE571A01020,639.3,684.95,638.4,669.45,676.2,639.3,114391,75429331.1,7509,LEGACY
2018-06-07,JBCHEPHARM,JB Chemicals & Pharmaceuticals,EQ,INE572A01028,257.25,270.0,257.25,264.85,265.0,257.45,29468,7805356.25,909,LEGACY
2018-06-07,LAURUSLABS,Laurus Labs,EQ,INE947Q01010,460.1,471.25,460.1,467.35,468.4,467.7,22165,10339316.45,1362,LEGACY
2018-06-07,LUPIN,Lupin,EQ,INE326A01037,771.6,776.0,761.6,767.35,766.6,770.05,957228,735735381.7,31035,LEGACY
2018-06-07,NATCOPHARM,Natco Pharma,EQ,INE987B01026,756.3,768.0,750.0,765.45,766.5,741.45,175471,133542635.5,6124,LEGACY
2018-06-07,PEL,Piramal Enterprises,EQ,INE140A01024,2400.0,2420.0,2366.0,2408.2,2408.0,2394.0,242771,582181508.95,13241,LEGACY
2018-06-07,PFIZER,Pfizer,EQ,INE182A01018,2535.0,2597.35,2530.25,2564.9,2552.0,2556.4,15762,40515942.5,3487,LEGACY
2018-06-07,SANOFI,Sanofi India,EQ,INE058A01010,5069.0,5268.8,5069.0,5189.5,5167.0,5162.95,8023,41783390.75,3329,LEGACY
2018-06-07,STAR,Strides Pharma Science,EQ,INE939A01011,357.0,361.5,341.2,347.3,342.35,357.2,2084004,736161371.55,43684,LEGACY
2018-06-07,SUNPHARMA,Sun Pharmaceutical Industries,EQ,INE044A01036,490.65,493.9,485.55,488.75,488.2,489.85,2197858,1076626512.3,46376,LEGACY
2018-06-07,TORNTPHARM,Torrent Pharmaceuticals,EQ,INE685A01028,1393.2,1405.8,1380.75,1395.2,1399.85,1392.0,137415,191476147.45,9735,LEGACY
2018-06-07,WOCKPHARMA,Wockhardt,EQ,INE049B01025,651.0,667.0,651.0,659.1,660.8,649.6,671007,442953526.35,13285,LEGACY
2018-06-08,ABBOTINDIA,Abbott India,EQ,INE358A01014,6420.0,6420.0,6322.0,6365.4,6375.0,6394.35,58340,372034456.05,1594,LEGACY
2018-06-08,AJANTPHARM,Ajanta Pharma,EQ,INE031B01049,928.0,989.0,920.3,976.35,971.0,926.95,1279477,1244636324.95,39418,LEGACY
2018-06-08,ALKEM,Alkem Laboratories,EQ,INE540L01014,1946.0,1963.0,1946.0,1953.35,1950.0,1962.9,11325,22152436.4,3674,LEGACY
2018-06-08,APLLTD,Alembic Pharmaceuticals,EQ,INE901L01018,419.95,437.3,414.4,435.25,435.0,420.65,73801,31794748.3,8974,LEGACY
2018-06-08,AUROPHARMA,Aurobindo Pharma,EQ,INE406A01037,545.0,577.8,543.0,572.35,571.0,547.75,3973856,2249863233.5,70230,LEGACY
2018-06-08,BIOCON,Biocon,EQ,INE376G01013,601.0,618.5,601.0,608.05,605.8,606.0,3608727,2203250213.25,68591,LEGACY
2018-06-08,CADILAHC,Cadila Healthcare,EQ,INE010B01027,357.0,370.0,354.5,364.35,364.15,355.9,2145021,782566145.55,52428,LEGACY
2018-06-08,CIPLA,Cipla,EQ,INE059A01026,541.8,562.0,538.75,559.65,557.0,540.7,4815940,2669543516.6,77460,LEGACY
2018-06-08,DIVISLAB,Divi's Laboratories,EQ,INE361B01024,1055.0,1079.9,1045.0,1052.1,1054.0,1059.35,547755,580170916.2,17165,LEGACY
2018-06-08,DRREDDY,Dr. Reddy's Laboratories,EQ,INE089A01023,1973.0,2072.6,1973.0,2062.9,2059.95,1964.95,1113559,2266089296.95,57955,LEGACY
2018-06-08,GLAXO,GlaxoSmithKline Pharmaceuticals,EQ,INE159A01016,2578.0,2640.0,2562.0,2629.9,2634.0,2588.25,12298,32177852.95,2201,LEGACY
2018-06-08,GLENMARK,Glenmark Pharmaceuticals,EQ,INE935A01035,538.4,560.0,536.25,556.75,559.0,536.65,1194037,659084818.65,28795,LEGACY
2018-06-08,GRANULES,Granules India,EQ,INE101D01020,78.0,79.6,76.55,78.8,78.6,78.3,4079395,320314168.45,14758,LEGACY
2018-06-08,IPCALAB,IPCA Laboratories,EQ,INE571A01020,670.15,702.0,669.8,688.5,687.0,669.45,272743,189437354.25,11834,LEGACY
2018-06-08,JBCHEPHARM,JB Chemicals & Pharmaceuticals,EQ,INE572A01028,264.5,272.7,264.5,269.45,268.0,264.85,46010,12420536.85,1054,LEGACY
2018-06-08,LAURUSLABS,Laurus Labs,EQ,INE947Q01010,469.0,489.9,465.2,483.45,482.0,467.35,42770,20611420.25,2192,LEGACY
2018-06-08,LUPIN,Lupin,EQ,INE326A01037,764.8,824.0,763.05,810.05,808.4,767.35,4904878,3931652757.0,99783,LEGACY
2018-06-08,NATCOPHARM,Natco Pharma,EQ,INE987B01026,764.0,793.0,756.05,787.05,785.95,765.45,178476,140005125.05,5992,LEGACY
2018-06-08,PEL,Piramal Enterprises,EQ,INE140A01024,2391.0,2435.95,2383.1,2408.2,2412.0,2408.2,243231,585055954.2,11345,LEGACY
2018-06-08,PFIZER,Pfizer,EQ,INE182A01018,2552.0,2638.7,2547.25,2628.45,2605.0,2564.9,26147,68417703.25,5507,LEGACY
2018-06-08,SANOFI,Sanofi India,EQ,INE058A01010,5188.85,5260.0,5169.9,5204.1,5194.55,5189.5,15175,78790790.85,1662,LEGACY
2018-06-08,STAR,Strides Pharma Science,EQ,INE939A01011,340.0,399.35,333.35,357.55,357.8,347.3,17344198,6393535254.9,307009,LEGACY
2018-06-08,SUNPHARMA,Sun Pharmaceutical Industries,EQ,INE044A01036,487.0,533.65,486.25,528.25,527.95,488.75,29224236,15224144700.65,338520,LEGACY
2018-06-08,TORNTPHARM,Torrent Pharmaceuticals,EQ,INE685A01028,1394.95,1442.9,1386.0,1413.05,1420.0,1395.2,319975,455944964.3,18548,LEGACY
2018-06-08,WOCKPHARMA,Wockhardt,EQ,INE049B01025,656.7,704.55,653.0,689.3,686.55,659.1,2627463,1800953718.65,50082,LEGACY
2018-06-11,ABBOTINDIA,Abbott India,EQ,INE358A01014,6420.0,6420.0,6326.95,6351.0,6350.0,6365.4,10523,66916153.9,1469,LEGACY
2018-06-11,AJANTPHARM,Ajanta Pharma,EQ,INE031B01049,980.0,1016.95,976.0,994.9,994.95,976.35,1231721,1233387170.6,31426,LEGACY
2018-06-11,ALKEM,Alkem Laboratories,EQ,INE540L01014,1957.2,1981.95,1955.0,1973.95,1970.05,1953.35,15204,29844160.45,3330,LEGACY
2018-06-11,APLLTD,Alembic Pharmaceuticals,EQ,INE901L01018,438.75,522.3,438.75,519.65,522.3,435.25,676569,336043306.75,14789,LEGACY
2018-06-11,AUROPHARMA,Aurobindo Pharma,EQ,INE406A01037,575.0,584.4,566.1,576.45,576.4,572.35,2705361,1561116805.1,41529,LEGACY
2018-06-11,BIOCON,Biocon,EQ,INE376G01013,610.0,615.4,602.15,604.25,602.65,608.05,1455764,887261572.45,35461,LEGACY
2018-06-11,CADILAHC,Cadila Healthcare,EQ,INE010B01027,365.1,374.0,365.1,368.45,368.45,364.35,1284875,475174691.8,20223,LEGACY
2018-06-11,CIPLA,Cipla,EQ,INE059A01026,560.0,570.0,559.0,560.8,559.75,559.65,3113604,1756473523.7,70388,LEGACY
2018-06-11,DIVISLAB,Divi's Laboratories,EQ,INE361B01024,1052.0,1057.35,1018.35,1024.6,1023.3,1052.1,458526,477171084.65,15718,LEGACY
2018-06-11,DRREDDY,Dr. Reddy's Laboratories,EQ,INE089A01023,2062.05,2125.0,2051.65,2083.2,2087.2,2062.9,1612295,3380487166.05,53151,LEGACY
2018-06-11,GLAXO,GlaxoSmithKline Pharmaceuticals,EQ,INE159A01016,2630.0,2675.0,2601.0,2661.1,2660.0,2629.9,12026,31757019.7,2043,LEGACY
2018-06-11,GLENMARK,Glenmark Pharmaceuticals,EQ,INE935A01035,559.0,574.75,556.55,564.4,561.25,556.75,1138961,647070072.65,30459,LEGACY
2018-06-11,GRANULES,Granules India,EQ,INE101D01020,78.6,81.4,78.55,79.75,79.6,78.8,3457223,277989562.2,14917,LEGACY
2018-06-11,IPCALAB,IPCA Laboratories,EQ,INE571A01020,689.95,698.2,685.85,689.05,689.0,688.5,81201,56103694.5,5041,LEGACY
2018-06-11,JBCHEPHARM,JB Chemicals & Pharmaceuticals,EQ,INE572A01028,266.4,272.1,264.1,264.9,264.15,269.45,38183,10174637.95,987,LEGACY
2018-06-11,LAURUSLABS,Laurus Labs,EQ,INE947Q01010,484.05,506.05,484.05,500.15,498.8,483.45,128368,64172696.85,2417,LEGACY
2018-06-11,LUPIN,Lupin,EQ,INE326A01037,811.0,829.9,804.3,809.5,809.0,810.05,3448600,2820946881.35,74155,LEGACY
2018-06-11,NATCOPHARM,Natco Pharma,EQ,INE987B01026,799.85,820.0,780.0,786.25,783.65,787.05,498248,398327033.85,22403,LEGACY
2018-06-11,PEL,Piramal Enterprises,EQ,INE140A01024,2422.0,2451.0,2400.1,2414.5,2415.0,2408.2,200515,485657461.25,9727,LEGACY
2018-06-11,PFIZER,Pfizer,EQ,INE182A01018,2640.0,2672.85,2610.0,2641.5,2625.05,2628.45,15506,40959156.75,2150,LEGACY
2018-06-11,SANOFI,Sanofi India,EQ,INE058A01010,5228.95,5274.95,5220.0,5240.8,5220.0,5204.1,2499,13118600.35,1290,LEGACY
2018-06-11,STAR,Strides Pharma Science,EQ,INE939A01011,362.35,370.0,346.4,349.8,347.45,357.55,6266309,2243115144.45,127723,LEGACY
2018-06-11,SUNPHARMA,Sun Pharmaceutical Industries,EQ,INE044A01036,530.0,544.0,526.15,535.7,534.05,528.25,16452353,8830791379.85,194318,LEGACY
2018-06-11,TORNTPHARM,Torrent Pharmaceuticals,EQ,INE685A01028,1420.0,1424.0,1380.8,1389.35,1395.0,1413.05,243523,340461806.5,15977,LEGACY
2018-06-11,WOCKPHARMA,Wockhardt,EQ,INE049B01025,692.0,707.6,682.55,688.45,687.0,689.3,1871394,1306393611.2,35394,LEGACY
2018-06-12,ABBOTINDIA,Abbott India,EQ,INE358A01014,6415.0,6415.0,6320.0,6360.1,6340.0,6351.0,3005,19146697.3,571,LEGACY
2018-06-12,AJANTPHARM,Ajanta Pharma,EQ,INE031B01049,999.0,1033.5,996.0,1017.5,1021.85,994.9,823557,841938295.8,25725,LEGACY
2018-06-12,ALKEM,Alkem Laboratories,EQ,INE540L01014,1980.0,2032.95,1961.0,1982.95,1968.95,1973.95,15392,30846054.4,4084,LEGACY
2018-06-12,APLLTD,Alembic Pharmaceuticals,EQ,INE901L01018,532.0,540.0,510.1,514.35,512.0,519.65,584230,306809346.55,15662,LEGACY
2018-06-12,AUROPHARMA,Aurobindo Pharma,EQ,INE406A01037,580.0,599.5,577.6,595.55,596.2,576.45,3827008,2267271404.65,80257,LEGACY
2018-06-12,BIOCON,Biocon,EQ,INE376G01013,606.5,622.4,602.05,616.8,616.45,604.25,3648604,2238713006.95,57462,LEGACY
2018-06-12,CADILAHC,Cadila Healthcare,EQ,INE010B01027,372.3,383.05,369.8,380.2,381.05,368.45,2425614,915308297.75,59408,LEGACY
2018-06-12,CIPLA,Cipla,EQ,INE059A01026,561.9,573.0,561.0,567.1,566.9,560.8,3234303,1839623001.35,90713,LEGACY
2018-06-12,DIVISLAB,Divi's Laboratories,EQ,INE361B01024,1023.3,1076.0,1020.0,1064.15,1065.95,1024.6,1371537,1452375010.45,44336,LEGACY
2018-06-12,DRREDDY,Dr. Reddy's Laboratories,EQ,INE089A01023,2097.0,2195.0,2097.0,2190.65,2195.0,2083.2,2097114,4541775813.25,102617,LEGACY
2018-06-12,GLAXO,GlaxoSmithKline Pharmaceuticals,EQ,INE159A01016,2664.0,2715.0,2640.7,2700.75,2705.0,2661.1,17113,45972478.65,3053,LEGACY
2018-06-12,GLENMARK,Glenmark Pharmaceuticals,EQ,INE935A01035,562.0,596.0,561.25,588.05,588.05,564.4,2139385,1253337304.7,46909,LEGACY
2018-06-12,GRANULES,Granules India,EQ,INE101D01020,79.7,84.95,79.6,84.5,84.2,79.75,7868940,652822300.8,34617,LEGACY
2018-06-12,IPCALAB,IPCA Laboratories,EQ,INE571A01020,685.1,717.1,670.0,679.0,678.5,689.05,687230,480823795.2,24585,LEGACY
2018-06-12,JBCHEPHARM,JB Chemicals & Pharmaceuticals,EQ,INE572A01028,268.0,277.7,264.75,273.1,274.6,264.9,68062,18576695.7,2936,LEGACY
2018-06-12,LAURUSLABS,Laurus Labs,EQ,INE947Q01010,501.0,509.9,498.0,498.85,500.0,500.15,26593,13369754.4,2319,LEGACY
2018-06-12,LUPIN,Lupin,EQ,INE326A01037,815.0,861.9,811.0,855.0,861.15,809.5,8989742,7578566045.1,198295,LEGACY
2018-06-12,NATCOPHARM,Natco Pharma,EQ,INE987B01026,786.2,807.5,781.65,797.1,795.0,786.25,241466,192962376.5,6869,LEGACY
2018-06-12,PEL,Piramal Enterprises,EQ,INE140A01024,2414.0,2460.0,2411.55,2450.05,2451.0,2414.5,184574,451315304.2,17399,LEGACY
2018-06-12,PFIZER,Pfizer,EQ,INE182A01018,2629.0,2641.0,2612.35,2623.4,2624.0,2641.5,19164,50356007.0,3953,LEGACY
2018-06-12,SANOFI,Sanofi India,EQ,INE058A01010,5249.0,5299.0,5140.0,5201.15,5221.0,5240.8,6147,32132427.25,2570,LEGACY
2018-06-12,STAR,Strides Pharma Science,EQ,INE939A01011,367.0,369.0,350.25,363.4,368.3,349.8,12470350,4485107094.45,191625,LEGACY
2018-06-12,SUNPHARMA,Sun Pharmaceutical Industries,EQ,INE044A01036,535.7,544.95,531.35,540.45,542.5,535.7,8140874,4402783172.65,132174,LEGACY
2018-06-12,TORNTPHARM,Torrent Pharmaceuticals,EQ,INE685A01028,1383.05,1411.25,1378.4,1404.4,1401.0,1389.35,358442,501335908.25,16591,LEGACY
2018-06-12,WOCKPHARMA,Wockhardt,EQ,INE049B01025,690.0,713.9,690.0,703.0,705.8,688.45,2055161,1447738386.4,42510,LEGACY
2018-06-13,ABBOTINDIA,Abbott India,EQ,INE358A01014,6379.95,6400.0,6322.0,6340.1,6360.0,6360.1,4170,26561859.75,624,LEGACY
2018-06-13,AJANTPHARM,Ajanta Pharma,EQ,INE031B01049,1024.75,1049.95,1020.0,1035.4,1035.5,1017.5,585270,606315113.55,14938,LEGACY
2018-06-13,ALKEM,Alkem Laboratories,EQ,INE540L01014,1972.0,2015.0,1969.85,2007.95,2000.0,1982.95,13184,26400836.85,3099,LEGACY
2018-06-13,APLLTD,Alembic Pharmaceuticals,EQ,INE901L01018,515.0,523.0,485.0,491.85,490.0,514.35,146813,73398001.85,6181,LEGACY
2018-06-13,AUROPHARMA,Aurobindo Pharma,EQ,INE406A01037,595.55,606.5,582.6,584.9,584.55,595.55,3225344,1926418103.75,48006,LEGACY
2018-06-13,BIOCON,Biocon,EQ,INE376G01013,618.0,625.8,609.3,612.15,611.9,616.8,1874574,1159618337.55,40275,LEGACY
2018-06-13,CADILAHC,Cadila Healthcare,EQ,INE010B01027,383.75,401.4,382.4,393.8,394.0,380.2,3551639,1403938683.25,53928,LEGACY
2018-06-13,CIPLA,Cipla,EQ,INE059A01026,569.95,593.5,569.95,582.1,581.95,567.1,4657712,2720956242.2,79827,LEGACY
2018-06-13,DIVISLAB,Divi's Laboratories,EQ,INE361B01024,1064.95,1072.1,1038.1,1040.3,1040.25,1064.15,499228,527045507.55,17007,LEGACY
2018-06-13,DRREDDY,Dr. Reddy's Laboratories,EQ,INE089A01023,2190.0,2304.0,2185.0,2256.3,2254.05,2190.65,2580254,5843618949.05,112157,LEGACY
2018-06-13,GLAXO,GlaxoSmithKline Pharmaceuticals,EQ,INE159A01016,2702.0,2827.0,2681.6,2803.5,2825.0,2700.75,59754,165917317.8,6547,LEGACY
2018-06-13,GLENMARK,Glenmark Pharmaceuticals,EQ,INE935A01035,588.0,599.9,568.0,571.4,569.5,588.05,1968055,1152515209.1,49597,LEGACY
2018-06-13,GRANULES,Granules India,EQ,INE101D01020,85.25,88.35,84.8,85.75,85.95,84.5,8349381,724747747.9,35814,LEGACY
2018-06-13,IPCALAB,IPCA Laboratories,EQ,INE571A01020,682.4,696.4,674.2,688.8,690.0,679.0,194027,133791272.7,5497,LEGACY
2018-06-13,JBCHEPHARM,JB Chemicals & Pharmaceuticals,EQ,INE572A01028,273.0,276.65,270.0,271.3,272.1,273.1,39175,10695683.8,997,LEGACY
2018-06-13,LAURUSLABS,Laurus Labs,EQ,INE947Q01010,496.15,509.8,492.15,493.35,493.95,498.85,95629,47734126.1,1570,LEGACY
2018-06-13,LUPIN,Lupin,EQ,INE326A01037,865.0,882.0,862.0,871.9,873.3,855.0,6576519,5748224350.55,132639,LEGACY
2018-06-13,NATCOPHARM,Natco Pharma,EQ,INE987B01026,799.0,809.0,793.8,797.4,794.95,797.1,229991,183747492.65,6317,LEGACY
2018-06-13,PEL,Piramal Enterprises,EQ,INE140A01024,2468.75,2468.75,2411.0,2443.05,2450.0,2450.05,175157,427392666.55,15185,LEGACY
2018-06-13,PFIZER,Pfizer,EQ,INE182A01018,2643.95,2643.95,2595.85,2617.0,2600.0,2623.4,13225,34645073.9,2514,LEGACY
2018-06-13,SANOFI,Sanofi India,EQ,INE058A01010,5272.0,5272.0,5065.1,5086.1,5075.0,5201.15,2794,14358085.95,904,LEGACY
2018-06-13,STAR,Strides Pharma Science,EQ,INE939A01011,368.5,373.5,356.2,358.4,358.4,363.4,4582870,1670896725.25,82961,LEGACY
2018-06-13,SUNPHARMA,Sun Pharmaceutical Industries,EQ,INE044A01036,552.2,560.95,542.35,546.3,546.1,540.45,20167822,11142912855.7,252497,LEGACY
2018-06-13,TORNTPHARM,Torrent Pharmaceuticals,EQ,INE685A01028,1420.0,1454.25,1398.4,1404.0,1406.0,1404.4,511048,730257161.7,18569,LEGACY
2018-06-13,WOCKPHARMA,Wockhardt,EQ,INE049B01025,711.8,725.65,702.0,704.8,706.5,703.0,2192908,1568693636.55,42653,LEGACY
2018-06-15,ABBOTINDIA,Abbott India,EQ,INE358A01014,6514.5,6550.0,6426.0,6519.65,6475.0,6452.65,5227,33840730.95,738,LEGACY
2018-06-15,AJANTPHARM,Ajanta Pharma,EQ,INE031B01049,1057.0,1126.7,1054.05,1100.35,1108.0,1055.65,1463509,1602022327.8,49876,LEGACY
2018-06-15,ALKEM,Alkem Laboratories,EQ,INE540L01014,2000.7,2008.3,1943.0,1955.5,1944.0,1990.8,73836,146798903.95,6941,LEGACY
2018-06-15,APLLTD,Alembic Pharmaceuticals,EQ,INE901L01018,507.3,540.0,504.85,517.2,519.0,504.85,1196065,627390544.55,24340,LEGACY
2018-06-15,AUROPHARMA,Aurobindo Pharma,EQ,INE406A01037,613.9,627.6,609.8,613.85,613.15,609.45,5963140,3683330308.75,101319,LEGACY
2018-06-15,BIOCON,Biocon,EQ,INE376G01013,622.0,627.55,613.85,623.65,622.1,614.35,3096138,1925898425.4,48197,LEGACY
2018-06-15,CADILAHC,Cadila Healthcare,EQ,INE010B01027,394.0,406.55,393.75,398.5,399.0,398.7,3087095,1237436915.25,76708,LEGACY
2018-06-15,CIPLA,Cipla,EQ,INE059A01026,590.0,614.55,589.8,611.6,610.05,588.05,7125922,4319039871.95,140989,LEGACY
2018-06-15,DIVISLAB,Divi's Laboratories,EQ,INE361B01024,1087.0,1111.25,1063.9,1100.95,1100.25,1084.75,1940627,2125131996.1,63735,LEGACY
2018-06-15,DRREDDY,Dr. Reddy's Laboratories,EQ,INE089A01023,2303.0,2385.8,2296.25,2349.85,2357.9,2269.4,4456911,10483994294.1,160015,LEGACY
2018-06-15,GLAXO,GlaxoSmithKline Pharmaceuticals,EQ,INE159A01016,2770.0,2809.2,2741.0,2748.3,2750.0,2770.85,25287,69842409.85,2428,LEGACY
2018-06-15,GLENMARK,Glenmark Pharmaceuticals,EQ,INE935A01035,583.95,603.4,580.5,586.75,586.25,584.2,3459504,2049693788.75,73581,LEGACY
2018-06-15,GRANULES,Granules India,EQ,INE101D01020,88.25,90.0,88.0,89.25,89.25,87.75,6237264,555577289.35,22881,LEGACY
2018-06-15,IPCALAB,IPCA Laboratories,EQ,INE571A01020,691.25,699.0,670.2,675.4,675.0,686.7,349176,240302081.3,7804,LEGACY
2018-06-15,JBCHEPHARM,JB Chemicals & Pharmaceuticals,EQ,INE572A01028,278.4,288.0,277.25,285.35,285.45,278.25,80595,22902858.7,1892,LEGACY
2018-06-15,LAURUSLABS,Laurus Labs,EQ,INE947Q01010,488.65,509.9,488.4,498.95,499.0,488.35,66543,33442153.65,6009,LEGACY
2018-06-15,LUPIN,Lupin,EQ,INE326A01037,910.0,924.5,901.25,913.2,909.1,899.6,8180351,7489122746.65,160372,LEGACY
2018-06-15,NATCOPHARM,Natco Pharma,EQ,INE987B01026,816.95,843.85,813.65,831.6,833.0,810.3,1053415,876436658.35,24270,LEGACY
2018-06-15,PEL,Piramal Enterprises,EQ,INE140A01024,2416.0,2516.5,2405.6,2501.45,2500.0,2427.4,770456,1914412392.3,34367,LEGACY
2018-06-15,PFIZER,Pfizer,EQ,INE182A01018,2592.5,2603.5,2566.0,2577.45,2571.0,2598.7,15188,39278096.1,2342,LEGACY
2018-06-15,SANOFI,Sanofi India,EQ,INE058A01010,5087.7,5237.0,5050.5,5092.7,5090.0,5086.05,7305,37562043.75,3022,LEGACY
2018-06-15,STAR,Strides Pharma Science,EQ,INE939A01011,370.95,397.6,367.25,392.25,391.35,368.2,14985358,5801539220.7,219098,LEGACY
2018-06-15,SUNPHARMA,Sun Pharmaceutical Industries,EQ,INE044A01036,562.0,573.85,561.0,571.3,572.0,559.25,15166730,8641874910.3,208026,LEGACY
2018-06-15,TORNTPHARM,Torrent Pharmaceuticals,EQ,INE685A01028,1449.5,1518.4,1449.5,1482.05,1482.0,1449.5,988999,1471241526.7,38083,LEGACY
2018-06-15,WOCKPHARMA,Wockhardt,EQ,INE049B01025,732.2,749.0,728.25,731.9,730.6,729.15,2826589,2087474238.6,54566,LEGACY
2018-06-18,ABBOTINDIA,Abbott India,EQ,INE358A01014,6525.0,6760.05,6472.05,6707.5,6725.0,6519.65,4793,31714786.0,939,LEGACY
2018-06-18,AJANTPHARM,Ajanta Pharma,EQ,INE031B01049,1103.8,1126.0,1076.6,1093.85,1092.9,1100.35,941021,1036466343.55,35609,LEGACY
2018-06-18,ALKEM,Alkem Laboratories,EQ,INE540L01014,1966.0,1985.0,1948.1,1951.45,1954.0,1955.5,11939,23397498.3,4394,LEGACY
2018-06-18,APLLTD,Alembic Pharmaceuticals,EQ,INE901L01018,517.0,520.3,502.3,509.55,510.0,517.2,260576,133506757.15,9859,LEGACY
2018-06-18,AUROPHARMA,Aurobindo Pharma,EQ,INE406A01037,614.0,618.55,603.2,613.85,613.9,613.85,2309757,1412448750.75,48609,LEGACY
2018-06-18,BIOCON,Biocon,EQ,INE376G01013,621.0,629.45,617.5,620.35,620.0,623.65,1472205,915984620.55,31913,LEGACY
2018-06-18,CADILAHC,Cadila Healthcare,EQ,INE010B01027,400.65,404.6,396.3,400.5,402.5,398.5,1020295,408506293.15,42170,LEGACY
2018-06-18,CIPLA,Cipla,EQ,INE059A01026,612.0,618.8,600.3,606.5,606.15,611.6,2518169,1532872479.6,45081,LEGACY
2018-06-18,DIVISLAB,Divi's Laboratories,EQ,INE361B01024,1100.65,1116.9,1082.15,1100.4,1098.55,1100.95,1278580,1401845468.3,44162,LEGACY
2018-06-18,DRREDDY,Dr. Reddy's Laboratories,EQ,INE089A01023,2339.0,2411.0,2292.4,2385.85,2403.2,2349.85,2310151,5417398981.3,96619,LEGACY
2018-06-18,GLAXO,GlaxoSmithKline Pharmaceuticals,EQ,INE159A01016,2750.0,2833.4,2741.15,2805.1,2800.0,2748.3,22532,62890959.4,2858,LEGACY
2018-06-18,GLENMARK,Glenmark Pharmaceuticals,EQ,INE935A01035,585.9,591.65,575.5,581.3,583.75,586.75,885140,514989219.45,20988,LEGACY
2018-06-18,GRANULES,Granules India,EQ,INE101D01020,89.25,90.15,87.2,88.6,88.75,89.25,3312862,293310075.7,13839,LEGACY
2018-06-18,IPCALAB,IPCA Laboratories,EQ,INE571A01020,679.25,684.0,670.0,672.75,673.0,675.4,36184,24484152.05,2715,LEGACY
2018-06-18,JBCHEPHARM,JB Chemicals & Pharmaceuticals,EQ,INE572A01028,285.0,289.3,281.95,283.95,282.5,285.35,32314,9171607.35,709,LEGACY
2018-06-18,LAURUSLABS,Laurus Labs,EQ,INE947Q01010,504.9,509.5,496.65,498.75,498.8,498.95,24010,12053252.9,1138,LEGACY
2018-06-18,LUPIN,Lupin,EQ,INE326A01037,910.8,917.0,887.2,902.2,905.65,913.2,3507092,3160982592.75,71195,LEGACY
2018-06-18,NATCOPHARM,Natco Pharma,EQ,INE987B01026,835.8,841.0,821.15,830.05,830.3,831.6,300710,250571757.3,8315,LEGACY
2018-06-18,PEL,Piramal Enterprises,EQ,INE140A01024,2509.95,2557.8,2489.1,2548.1,2550.95,2501.45,283912,719195004.35,13956,LEGACY
2018-06-18,PFIZER,Pfizer,EQ,INE182A01018,2600.0,2610.0,2581.1,2595.8,2600.0,2577.45,9621,24979364.3,1813,LEGACY
2018-06-18,SANOFI,Sanofi India,EQ,INE058A01010,5115.0,5199.0,5100.0,5116.95,5110.0,5092.7,2076,10684202.5,963,LEGACY
2018-06-18,STAR,Strides Pharma Science,EQ,INE939A01011,392.15,414.4,388.35,405.6,406.3,392.25,13330042,5400971456.3,195400,LEGACY
2018-06-18,SUNPHARMA,Sun Pharmaceutical Industries,EQ,INE044A01036,572.0,578.3,563.9,570.1,571.4,571.3,6090932,3478659389.5,85388,LEGACY
2018-06-18,TORNTPHARM,Torrent Pharmaceuticals,EQ,INE685A01028,1489.0,1501.5,1473.45,1483.95,1482.25,1482.05,350126,520702059.75,18535,LEGACY
2018-06-18,WOCKPHARMA,Wockhardt,EQ,INE049B01025,727.0,737.1,708.9,720.55,719.75,731.9,1342506,968514647.15,27825,LEGACY
2018-06-19,ABBOTINDIA,Abbott India,EQ,INE358A01014,6730.0,6974.4,6666.25,6943.0,6941.0,6707.5,10227,70535877.55,2027,LEGACY
2018-06-19,AJANTPHARM,Ajanta Pharma,EQ,INE031B01049,1089.9,1124.0,1055.45,1065.65,1067.0,1093.85,822214,892638478.2,31500,LEGACY
2018-06-19,ALKEM,Alkem Laboratories,EQ,INE540L01014,1974.25,1974.25,1945.0,1957.35,1957.0,1951.45,33874,66366670.65,2781,LEGACY
2018-06-19,APLLTD,Alembic Pharmaceuticals,EQ,INE901L01018,506.9,516.9,493.0,500.9,502.8,509.55,116292,58623815.45,6561,LEGACY
2018-06-19,AUROPHARMA,Aurobindo Pharma,EQ,INE406A01037,611.75,625.5,606.1,608.55,607.95,613.85,3328100,2045157889.1,62756,LEGACY
2018-06-19,BIOCON,Biocon,EQ,INE376G01013,619.2,622.0,606.95,608.8,608.0,620.35,1026679,630658825.65,17136,LEGACY
2018-06-19,CADILAHC,Cadila Healthcare,EQ,INE010B01027,402.4,411.4,396.0,408.95,410.7,400.5,2731032,1111006568.25,56006,LEGACY
2018-06-19,CIPLA,Cipla,EQ,INE059A01026,606.25,610.45,598.2,601.85,601.5,606.5,2992184,1806562737.25,65041,LEGACY
2018-06-19,DIVISLAB,Divi's Laboratories,EQ,INE361B01024,1090.0,1107.1,1080.2,1091.85,1090.0,1100.4,957879,1045563482.5,29651,LEGACY
2018-06-19,DRREDDY,Dr. Reddy's Laboratories,EQ,INE089A01023,2403.2,2429.6,2376.55,2393.0,2386.95,2385.85,2106466,5063205684.9,101654,LEGACY
2018-06-19,GLAXO,GlaxoSmithKline Pharmaceuticals,EQ,INE159A01016,2801.15,2830.0,2777.3,2801.7,2800.05,2805.1,14206,39838666.85,2369,LEGACY
2018-06-19,GLENMARK,Glenmark Pharmaceuticals,EQ,INE935A01035,585.0,603.3,582.05,586.45,587.05,581.3,2980275,1767592452.15,51729,LEGACY
2018-06-19,GRANULES,Granules India,EQ,INE101D01020,87.9,90.5,87.3,88.1,87.6,88.6,3229337,285736734.0,15566,LEGACY
2018-06-19,IPCALAB,IPCA Laboratories,EQ,INE571A01020,668.7,684.7,662.0,676.3,677.0,672.75,65356,44161068.55,2749,LEGACY
2018-06-19,JBCHEPHARM,JB Chemicals & Pharmaceuticals,EQ,INE572A01028,283.95,283.95,275.0,280.05,281.0,283.95,17862,4987190.55,540,LEGACY
2018-06-19,LAURUSLABS,Laurus Labs,EQ,INE947Q01010,498.8,499.9,486.15,489.8,491.35,498.75,388718,192384646.5,926,LEGACY
2018-06-19,LUPIN,Lupin,EQ,INE326A01037,902.0,921.0,894.05,897.85,901.1,902.2,4731384,4290718416.3,95358,LEGACY
2018-06-19,NATCOPHARM,Natco Pharma,EQ,INE987B01026,831.45,839.0,822.35,830.4,831.0,830.05,231255,192291617.1,5450,LEGACY
2018-06-19,PEL,Piramal Enterprises,EQ,INE140A01024,2552.0,2567.35,2505.05,2545.85,2544.9,2548.1,305358,774566556.7,15083,LEGACY
2018-06-19,PFIZER,Pfizer,EQ,INE182A01018,2600.0,2605.0,2587.85,2599.05,2599.0,2595.8,20290,52735335.6,1903,LEGACY
2018-06-19,SANOFI,Sanofi India,EQ,INE058A01010,5120.0,5249.0,5120.0,5177.15,5175.0,5116.95,3562,18532741.75,1004,LEGACY
2018-06-19,STAR,Strides Pharma Science,EQ,INE939A01011,406.6,419.75,406.5,411.6,410.7,405.6,8222218,3408711479.55,122115,LEGACY
2018-06-19,SUNPHARMA,Sun Pharmaceutical Industries,EQ,INE044A01036,570.0,576.5,558.35,559.95,559.0,570.1,6719183,3806514201.1,112883,LEGACY
2018-06-19,TORNTPHARM,Torrent Pharmaceuticals,EQ,INE685A01028,1482.95,1525.0,1476.0,1488.25,1485.05,1483.95,565306,851925340.55,22836,LEGACY
2018-06-19,WOCKPHARMA,Wockhardt,EQ,INE049B01025,715.9,731.0,701.1,703.9,704.1,720.55,1551769,1108300695.7,27877,LEGACY
2018-06-21,ABBOTINDIA,Abbott India,EQ,INE358A01014,7178.05,7359.0,7178.05,7303.2,7270.0,7178.05,9237,67340505.85,1574,LEGACY
2018-06-21,AJANTPHARM,Ajanta Pharma,EQ,INE031B01049,1067.0,1070.0,1034.45,1042.7,1042.0,1055.9,354435,370143925.6,10915,LEGACY
2018-06-21,ALKEM,Alkem Laboratories,EQ,INE540L01014,1968.8,1976.15,1945.05,1952.5,1954.4,1959.0,9075,17735528.7,3228,LEGACY
2018-06-21,APLLTD,Alembic Pharmaceuticals,EQ,INE901L01018,516.25,534.7,512.5,521.95,524.0,515.9,250831,131644471.2,7660,LEGACY
2018-06-21,AUROPHARMA,Aurobindo Pharma,EQ,INE406A01037,621.7,621.7,606.1,608.55,608.5,618.8,2093121,1279360349.35,41886,LEGACY
2018-06-21,BIOCON,Biocon,EQ,INE376G01013,625.0,626.7,613.5,620.35,620.15,623.75,1410408,874205350.55,31279,LEGACY
2018-06-21,CADILAHC,Cadila Healthcare,EQ,INE010B01027,413.0,415.0,409.05,412.3,411.95,411.8,1535823,633208969.5,40673,LEGACY
2018-06-21,CIPLA,Cipla,EQ,INE059A01026,608.8,609.7,602.0,603.5,604.0,602.85,3052143,1848921552.7,96172,LEGACY
2018-06-21,DIVISLAB,Divi's Laboratories,EQ,INE361B01024,1086.25,1090.0,1051.0,1056.25,1054.0,1083.05,463272,492949894.7,18628,LEGACY
2018-06-21,DRREDDY,Dr. Reddy's Laboratories,EQ,INE089A01023,2389.0,2389.0,2306.5,2316.4,2318.0,2367.75,1115131,2593482693.45,78158,LEGACY
2018-06-21,GLAXO,GlaxoSmithKline Pharmaceuticals,EQ,INE159A01016,2813.0,2819.95,2773.05,2785.85,2780.0,2812.7,7526,21077080.35,1790,LEGACY
2018-06-21,GLENMARK,Glenmark Pharmaceuticals,EQ,INE935A01035,596.95,607.25,585.2,602.05,600.9,591.35,2246704,1346342576.25,49075,LEGACY
2018-06-21,GRANULES,Granules India,EQ,INE101D01020,88.3,88.7,85.15,85.85,86.0,88.1,2150030,186100516.55,12260,LEGACY
2018-06-21,IPCALAB,IPCA Laboratories,EQ,INE571A01020,675.0,676.15,662.6,670.6,674.5,672.3,56910,38218087.05,4646,LEGACY
2018-06-21,JBCHEPHARM,JB Chemicals & Pharmaceuticals,EQ,INE572A01028,277.55,278.55,265.35,270.15,269.95,277.7,33154,9014795.75,1598,LEGACY
2018-06-21,LAURUSLABS,Laurus Labs,EQ,INE947Q01010,493.0,493.0,481.5,484.7,482.0,489.15,7656,3725807.95,509,LEGACY
2018-06-21,LUPIN,Lupin,EQ,INE326A01037,907.6,907.6,891.0,899.65,900.0,899.85,2196762,1972744953.0,53488,LEGACY
2018-06-21,NATCOPHARM,Natco Pharma,EQ,INE987B01026,822.0,826.9,805.0,806.95,807.95,821.8,113263,91931530.25,3778,LEGACY
2018-06-21,PEL,Piramal Enterprises,EQ,INE140A01024,2569.0,2584.95,2520.0,2536.4,2524.15,2548.1,158278,405112463.05,16599,LEGACY
2018-06-21,PFIZER,Pfizer,EQ,INE182A01018,2610.0,2613.75,2563.25,2583.55,2567.05,2614.95,16409,42488692.15,2581,LEGACY
2018-06-21,SANOFI,Sanofi India,EQ,INE058A01010,5191.0,5240.0,5189.95,5192.0,5190.0,5191.95,4155,21621981.1,794,LEGACY
2018-06-21,STAR,Strides Pharma Science,EQ,INE939A01011,412.0,415.15,388.05,392.95,389.6,411.4,4630969,1850779481.55,64886,LEGACY
2018-06-21,SUNPHARMA,Sun Pharmaceutical Industries,EQ,INE044A01036,565.0,567.45,552.6,554.5,553.4,564.1,3243433,1809825032.8,86649,LEGACY
2018-06-21,TORNTPHARM,Torrent Pharmaceuticals,EQ,INE685A01028,1495.0,1499.0,1472.15,1476.4,1475.0,1488.25,216219,319721594.7,16993,LEGACY
2018-06-21,WOCKPHARMA,Wockhardt,EQ,INE049B01025,710.0,710.0,677.7,680.4,679.5,704.4,1118373,772933626.75,22412,LEGACY
2018-06-22,ABBOTINDIA,Abbott India,EQ,INE358A01014,7300.0,7448.0,7275.95,7423.3,7400.0,7303.2,6583,48675644.65,1589,LEGACY
2018-06-22,AJANTPHARM,Ajanta Pharma,EQ,INE031B01049,1041.7,1046.6,1004.6,1038.3,1042.9,1042.7,772286,792063547.7,28578,LEGACY
2018-06-22,ALKEM,Alkem Laboratories,EQ,INE540L01014,1957.0,2022.0,1951.0,1960.4,1951.1,1952.5,19669,38958631.15,6413,LEGACY
2018-06-22,APLLTD,Alembic Pharmaceuticals,EQ,INE901L01018,516.85,532.0,510.15,515.6,517.9,521.95,189651,98852391.45,6102,LEGACY
2018-06-22,AUROPHARMA,Aurobindo Pharma,EQ,INE406A01037,609.4,614.5,596.3,611.1,610.2,608.55,2536137,1536530452.2,46875,LEGACY
2018-06-22,BIOCON,Biocon,EQ,INE376G01013,619.9,633.8,615.25,629.65,627.9,620.35,2051466,1285584223.85,41797,LEGACY
2018-06-22,CADILAHC,Cadila Healthcare,EQ,INE010B01027,411.05,414.7,405.6,409.2,408.3,412.3,1775883,728651330.55,45631,LEGACY
2018-06-22,CIPLA,Cipla,EQ,INE059A01026,604.0,618.05,595.25,615.75,614.85,603.5,3245849,1971411044.9,62344,LEGACY
2018-06-22,DIVISLAB,Divi's Laboratories,EQ,INE361B01024,1050.45,1055.25,1033.0,1044.25,1042.0,1056.25,493344,513865799.5,13623,LEGACY
2018-06-22,DRREDDY,Dr. Reddy's Laboratories,EQ,INE089A01023,2325.0,2347.5,2274.05,2336.25,2336.0,2316.4,1667277,3853171799.2,69277,LEGACY
2018-06-22,GLAXO,GlaxoSmithKline Pharmaceuticals,EQ,INE159A01016,2781.95,2834.0,2751.0,2808.9,2820.0,2785.85,16373,45567330.25,2675,LEGACY
2018-06-22,GLENMARK,Glenmark Pharmaceuticals,EQ,INE935A01035,600.95,605.6,594.5,599.85,599.45,602.05,1711170,1029045062.95,37335,LEGACY
2018-06-22,GRANULES,Granules India,EQ,INE101D01020,85.0,85.0,81.65,83.2,83.2,85.85,5268024,437430026.35,24202,LEGACY
2018-06-22,IPCALAB,IPCA Laboratories,EQ,INE571A01020,670.85,674.5,655.1,657.95,655.8,670.6,50628,33597484.45,5893,LEGACY
2018-06-22,JBCHEPHARM,JB Chemicals & Pharmaceuticals,EQ,INE572A01028,270.25,271.0,265.0,267.7,267.5,270.15,29464,7875729.15,3447,LEGACY
2018-06-22,LAURUSLABS,Laurus Labs,EQ,INE947Q01010,485.0,485.55,475.1,477.5,475.2,484.7,11623,5565706.8,654,LEGACY
2018-06-22,LUPIN,Lupin,EQ,INE326A01037,898.0,909.3,881.65,902.9,904.0,899.65,3661231,3286588718.15,78854,LEGACY
2018-06-22,NATCOPHARM,Natco Pharma,EQ,INE987B01026,806.0,824.0,793.55,818.9,822.0,806.95,184939,149914281.35,7574,LEGACY
2018-06-22,PEL,Piramal Enterprises,EQ,INE140A01024,2547.9,2617.95,2500.1,2599.0,2615.0,2536.4,371666,952880792.75,25495,LEGACY
2018-06-22,PFIZER,Pfizer,EQ,INE182A01018,2585.0,2608.9,2580.05,2596.35,2600.0,2583.55,23845,61940510.8,1986,LEGACY
2018-06-22,SANOFI,Sanofi India,EQ,INE058A01010,5218.0,5225.0,5170.0,5198.75,5192.0,5192.0,3891,20265861.1,1527,LEGACY
2018-06-22,STAR,Strides Pharma Science,EQ,INE939A01011,395.05,402.95,383.6,394.8,394.5,392.95,6779375,2659651630.6,95758,LEGACY
2018-06-22,SUNPHARMA,Sun Pharmaceutical Industries,EQ,INE044A01036,553.0,581.8,547.65,577.25,579.05,554.5,9935404,5636064544.55,139003,LEGACY
2018-06-22,TORNTPHARM,Torrent Pharmaceuticals,EQ,INE685A01028,1475.55,1476.0,1445.0,1470.55,1467.0,1476.4,197804,289519966.2,17355,LEGACY
2018-06-22,WOCKPHARMA,Wockhardt,EQ,INE049B01025,675.05,680.0,667.0,677.6,677.4,680.4,1421238,957748601.35,27555,LEGACY
2018-06-25,ABBOTINDIA,Abbott India,EQ,INE358A01014,7451.0,7760.0,7451.0,7643.25,7643.5,7423.3,24283,186058005.95,4040,LEGACY
2018-06-25,AJANTPHARM,Ajanta Pharma,EQ,INE031B01049,1031.0,1079.0,1022.65,1040.3,1042.0,1038.3,711636,752144954.05,25085,LEGACY
2018-06-25,ALKEM,Alkem Laboratories,EQ,INE540L01014,1967.0,1996.0,1949.7,1958.4,1949.95,1960.4,13245,26138912.05,3488,LEGACY
2018-06-25,APLLTD,Alembic Pharmaceuticals,EQ,INE901L01018,516.45,528.1,513.0,514.9,515.5,515.6,49741,25851000.65,2872,LEGACY
2018-06-25,AUROPHARMA,Aurobindo Pharma,EQ,INE406A01037,611.1,621.85,601.85,607.55,607.0,611.1,2568910,1572511157.3,47532,LEGACY
2018-06-25,BIOCON,Biocon,EQ,INE376G01013,636.75,645.0,632.0,634.5,632.1,629.65,4081851,2604605073.2,67041,LEGACY
2018-06-25,CADILAHC,Cadila Healthcare,EQ,INE010B01027,411.15,422.8,410.1,412.35,412.0,409.2,2310166,963829267.05,42218,LEGACY
2018-06-25,CIPLA,Cipla,EQ,INE059A01026,615.1,622.55,608.0,611.4,608.95,615.75,3253606,1995014480.6,63298,LEGACY
2018-06-25,DIVISLAB,Divi's Laboratories,EQ,INE361B01024,1048.0,1060.95,1029.05,1032.85,1032.0,1044.25,319767,334249971.0,9544,LEGACY
2018-06-25,DRREDDY,Dr. Reddy's Laboratories,EQ,INE089A01023,2305.0,2326.8,2281.0,2290.15,2292.8,2336.25,1142767,2629207654.15,66013,LEGACY
2018-06-25,GLAXO,GlaxoSmithKline Pharmaceuticals,EQ,INE159A01016,2808.0,2830.0,2770.0,2786.25,2770.0,2808.9,8799,24616270.55,3394,LEGACY
2018-06-25,GLENMARK,Glenmark Pharmaceuticals,EQ,INE935A01035,601.35,613.95,594.0,600.6,595.15,599.85,1687728,1026585426.5,39284,LEGACY
2018-06-25,GRANULES,Granules India,EQ,INE101D01020,82.75,85.45,82.0,82.6,82.4,83.2,3298196,276226813.0,15590,LEGACY
2018-06-25,IPCALAB,IPCA Laboratories,EQ,INE571A01020,658.0,661.2,645.0,646.5,646.5,657.95,129017,83756976.7,4655,LEGACY
2018-06-25,JBCHEPHARM,JB Chemicals & Pharmaceuticals,EQ,INE572A01028,267.3,269.35,263.0,263.95,264.5,267.7,20899,5564818.1,940,LEGACY
2018-06-25,LAURUSLABS,Laurus Labs,EQ,INE947Q01010,472.15,481.0,470.0,470.75,470.0,477.5,16508,7848979.15,1071,LEGACY
2018-06-25,LUPIN,Lupin,EQ,INE326A01037,904.6,920.0,904.15,913.45,915.0,902.9,3544163,3240990460.15,73505,LEGACY
2018-06-25,NATCOPHARM,Natco Pharma,EQ,INE987B01026,822.0,833.95,809.0,813.5,813.0,818.9,151925,125089120.7,6685,LEGACY
2018-06-25,PEL,Piramal Enterprises,EQ,INE140A01024,2613.75,2644.75,2506.25,2523.0,2526.0,2599.0,484732,1249458263.25,24461,LEGACY
2018-06-25,PFIZER,Pfizer,EQ,INE182A01018,2596.35,2649.0,2590.0,2598.6,2613.25,2596.35,21506,56092245.05,4639,LEGACY
2018-06-25,SANOFI,Sanofi India,EQ,INE058A01010,5226.95,5329.0,5210.0,5242.0,5230.0,5198.75,9880,52245615.7,2684,LEGACY
2018-06-25,STAR,Strides Pharma Science,EQ,INE939A01011,394.8,403.5,391.1,392.8,392.05,394.8,2993752,1188832820.5,50540,LEGACY
2018-06-25,SUNPHARMA,Sun Pharmaceutical Industries,EQ,INE044A01036,576.9,592.0,567.95,571.8,568.4,577.25,14303449,8331376282.4,192011,LEGACY
2018-06-25,TORNTPHARM,Torrent Pharmaceuticals,EQ,INE685A01028,1468.55,1488.0,1454.55,1462.95,1462.0,1470.55,216462,318965139.95,12040,LEGACY
2018-06-25,WOCKPHARMA,Wockhardt,EQ,INE049B01025,676.35,694.85,661.1,667.4,662.0,677.6,1578118,1075047099.0,31579,LEGACY
2018-06-26,ABBOTINDIA,Abbott India,EQ,INE358A01014,7680.0,7850.0,7450.0,7477.15,7470.2,7643.25,12496,94992504.5,2451,LEGACY
2018-06-26,AJANTPHARM,Ajanta Pharma,EQ,INE031B01049,1040.0,1040.0,1005.0,1011.5,1005.0,1040.3,455728,466413560.1,15625,LEGACY
2018-06-26,ALKEM,Alkem Laboratories,EQ,INE540L01014,1965.85,1968.1,1945.0,1953.85,1954.0,1958.4,6129,12002466.6,2112,LEGACY
2018-06-26,APLLTD,Alembic Pharmaceuticals,EQ,INE901L01018,525.0,525.0,510.0,514.85,515.0,514.9,146314,75739635.15,4016,LEGACY
2018-06-26,AUROPHARMA,Aurobindo Pharma,EQ,INE406A01037,613.0,621.5,605.65,607.65,609.0,607.55,3218627,1975934002.95,54769,LEGACY
2018-06-26,BIOCON,Biocon,EQ,INE376G01013,632.0,640.9,630.8,637.0,638.0,634.5,1371449,872517499.4,24119,LEGACY
2018-06-26,CADILAHC,Cadila Healthcare,EQ,INE010B01027,411.95,413.05,401.45,402.95,404.35,412.35,826083,336851290.35,34797,LEGACY
2018-06-26,CIPLA,Cipla,EQ,INE059A01026,606.0,608.7,597.25,599.5,600.1,611.4,2323337,1397249234.1,50205,LEGACY
2018-06-26,DIVISLAB,Divi's Laboratories,EQ,INE361B01024,1034.8,1053.4,1029.75,1043.0,1041.6,1032.85,518815,540745563.5,13080,LEGACY
2018-06-26,DRREDDY,Dr. Reddy's Laboratories,EQ,INE089A01023,2284.0,2285.0,2257.4,2267.15,2261.0,2290.15,628148,1427496737.9,36328,LEGACY
2018-06-26,GLAXO,GlaxoSmithKline Pharmaceuticals,EQ,INE159A01016,2785.0,2859.95,2770.0,2844.65,2840.0,2786.25,16236,45797951.35,2681,LEGACY
2018-06-26,GLENMARK,Glenmark Pharmaceuticals,EQ,INE935A01035,595.15,603.8,593.3,597.7,595.65,600.6,747143,447644731.75,19580,LEGACY
2018-06-26,GRANULES,Granules India,EQ,INE101D01020,82.2,84.15,81.4,83.65,83.45,82.6,2626955,218315612.3,9309,LEGACY
2018-06-26,IPCALAB,IPCA Laboratories,EQ,INE571A01020,646.1,673.85,634.0,668.45,668.1,646.5,106160,69680218.05,7190,LEGACY
2018-06-26,JBCHEPHARM,JB Chemicals & Pharmaceuticals,EQ,INE572A01028,263.65,264.15,257.55,260.0,259.95,263.95,25657,6683334.4,1103,LEGACY
2018-06-26,LAURUSLABS,Laurus Labs,EQ,INE947Q01010,470.75,471.1,460.05,465.55,464.5,470.75,128744,59692670.35,3047,LEGACY
2018-06-26,LUPIN,Lupin,EQ,INE326A01037,916.9,921.6,899.55,902.35,900.0,913.45,2312136,2103047293.0,66657,LEGACY
2018-06-26,NATCOPHARM,Natco Pharma,EQ,INE987B01026,810.0,813.4,801.0,806.0,805.25,813.5,462955,374746800.65,2787,LEGACY
2018-06-26,PEL,Piramal Enterprises,EQ,INE140A01024,2524.0,2569.85,2524.0,2540.6,2538.0,2523.0,236433,602100091.45,17071,LEGACY
2018-06-26,PFIZER,Pfizer,EQ,INE182A01018,2619.4,2619.4,2572.0,2599.75,2600.0,2598.6,20815,54005834.75,2809,LEGACY
2018-06-26,SANOFI,Sanofi India,EQ,INE058A01010,5212.05,5279.95,5191.95,5220.1,5220.0,5242.0,3444,17988338.65,1286,LEGACY
2018-06-26,STAR,Strides Pharma Science,EQ,INE939A01011,392.0,394.75,383.2,385.1,385.2,392.8,1878410,728559720.35,31191,LEGACY
2018-06-26,SUNPHARMA,Sun Pharmaceutical Industries,EQ,INE044A01036,571.35,576.5,565.8,572.95,572.8,571.8,4726890,2701419104.2,76478,LEGACY
2018-06-26,TORNTPHARM,Torrent Pharmaceuticals,EQ,INE685A01028,1462.0,1469.95,1450.5,1459.15,1463.05,1462.95,161094,235002593.5,15955,LEGACY
2018-06-26,WOCKPHARMA,Wockhardt,EQ,INE049B01025,664.8,665.95,648.25,654.35,653.7,667.4,1673617,1098727674.7,25558,LEGACY
2018-06-27,ABBOTINDIA,Abbott India,EQ,INE358A01014,7490.0,7537.0,7106.0,7174.0,7199.95,7477.15,9112,66180951.75,2214,LEGACY
2018-06-27,AJANTPHARM,Ajanta Pharma,EQ,INE031B01049,1012.0,1023.5,975.55,990.15,980.2,1011.5,658374,655565222.55,22345,LEGACY
2018-06-27,ALKEM,Alkem Laboratories,EQ,INE540L01014,1960.05,1974.0,1943.45,1948.85,1945.0,1953.85,7295,14249829.65,3054,LEGACY
2018-06-27,APLLTD,Alembic Pharmaceuticals,EQ,INE901L01018,515.0,519.45,503.5,514.55,514.0,514.85,50039,25662944.05,2453,LEGACY
2018-06-27,AUROPHARMA,Aurobindo Pharma,EQ,INE406A01037,611.9,619.5,601.1,616.4,613.95,607.65,3270243,1994449058.0,69538,LEGACY
2018-06-27,BIOCON,Biocon,EQ,INE376G01013,643.95,643.95,631.55,638.4,639.5,637.0,1948938,1242886142.85,27121,LEGACY
2018-06-27,CADILAHC,Cadila Healthcare,EQ,INE010B01027,404.0,404.65,382.6,388.85,388.5,402.95,1840808,724092714.2,57247,LEGACY
2018-06-27,CIPLA,Cipla,EQ,INE059A01026,602.5,606.95,593.0,602.3,605.5,599.5,2520918,1513771651.95,53352,LEGACY
2018-06-27,DIVISLAB,Divi's Laboratories,EQ,INE361B01024,1042.0,1052.2,1012.95,1019.7,1021.2,1043.0,722523,748182278.55,28835,LEGACY
2018-06-27,DRREDDY,Dr. Reddy's Laboratories,EQ,INE089A01023,2257.9,2306.8,2245.9,2293.8,2288.3,2267.15,1552070,3536322196.25,61856,LEGACY
2018-06-27,GLAXO,GlaxoSmithKline Pharmaceuticals,EQ,INE159A01016,2837.0,2845.0,2785.0,2801.75,2791.0,2844.65,16617,46589605.6,2716,LEGACY
2018-06-27,GLENMARK,Glenmark Pharmaceuticals,EQ,INE935A01035,596.5,601.1,590.15,593.75,590.2,597.7,1175547,700585666.3,35046,LEGACY
2018-06-27,GRANULES,Granules India,EQ,INE101D01020,83.0,83.55,79.9,82.45,82.45,83.65,3711675,302654765.0,12540,LEGACY
2018-06-27,IPCALAB,IPCA Laboratories,EQ,INE571A01020,668.3,677.25,666.2,674.9,675.0,668.45,186492,125429130.4,12178,LEGACY
2018-06-27,JBCHEPHARM,JB Chemicals & Pharmaceuticals,EQ,INE572A01028,259.95,262.5,250.1,257.0,257.35,260.0,20542,5277709.05,824,LEGACY
2018-06-27,LAURUSLABS,Laurus Labs,EQ,INE947Q01010,464.9,469.0,453.1,456.45,459.0,465.55,252063,116744628.75,5796,LEGACY
2018-06-27,LUPIN,Lupin,EQ,INE326A01037,902.6,907.4,877.6,893.6,891.05,902.35,2802734,2493408118.1,97154,LEGACY
2018-06-27,NATCOPHARM,Natco Pharma,EQ,INE987B01026,802.05,809.95,772.6,801.25,805.0,806.0,206883,164212135.55,7369,LEGACY
2018-06-27,PEL,Piramal Enterprises,EQ,INE140A01024,2537.85,2574.0,2533.45,2556.35,2551.1,2540.6,258345,661046971.25,16788,LEGACY
2018-06-27,PFIZER,Pfizer,EQ,INE182A01018,2624.0,2637.0,2580.05,2608.4,2610.0,2599.75,33338,86780139.1,5445,LEGACY
2018-06-27,SANOFI,Sanofi India,EQ,INE058A01010,5240.0,5270.0,5005.15,5123.5,5120.0,5220.1,9713,49766990.6,4508,LEGACY
2018-06-27,STAR,Strides Pharma Science,EQ,INE939A01011,388.2,389.0,368.0,372.45,372.25,385.1,2468773,929300921.9,44545,LEGACY
2018-06-27,SUNPHARMA,Sun Pharmaceutical Industries,EQ,INE044A01036,577.0,581.7,568.5,576.9,575.9,572.95,8539318,4905123451.95,103584,LEGACY
2018-06-27,TORNTPHARM,Torrent Pharmaceuticals,EQ,INE685A01028,1455.0,1464.45,1402.0,1435.85,1435.0,1459.15,132093,189208628.65,7750,LEGACY
2018-06-27,WOCKPHARMA,Wockhardt,EQ,INE049B01025,655.0,663.0,637.0,644.0,641.25,654.35,1447528,943202656.9,23480,LEGACY
2018-06-28,ABBOTINDIA,Abbott India,EQ,INE358A01014,7180.0,7379.0,7020.5,7305.9,7300.0,7174.0,13024,94208173.65,3185,LEGACY
2018-06-28,AJANTPHARM,Ajanta Pharma,EQ,INE031B01049,983.8,996.0,967.6,977.4,977.0,990.15,367024,359868352.7,11735,LEGACY
2018-06-28,ALKEM,Alkem Laboratories,EQ,INE540L01014,1935.0,1950.15,1905.0,1919.15,1905.1,1948.85,8291,16036898.4,2766,LEGACY
2018-06-28,APLLTD,Alembic Pharmaceuticals,EQ,INE901L01018,514.0,517.3,496.0,501.45,501.5,514.55,48819,24814556.4,2731,LEGACY
2018-06-28,AUROPHARMA,Aurobindo Pharma,EQ,INE406A01037,615.7,622.0,599.0,600.65,601.85,616.4,3371989,2059235086.45,56071,LEGACY
2018-06-28,BIOCON,Biocon,EQ,INE376G01013,638.7,640.0,612.65,616.6,619.2,638.4,2513990,1571926140.95,33490,LEGACY
2018-06-28,CADILAHC,Cadila Healthcare,EQ,INE010B01027,385.1,397.9,375.1,378.05,378.7,388.85,1740737,671777479.25,55740,LEGACY
2018-06-28,CIPLA,Cipla,EQ,INE059A01026,604.5,609.9,596.0,600.9,600.2,602.3,4173735,2510041079.7,66095,LEGACY
2018-06-28,DIVISLAB,Divi's Laboratories,EQ,INE361B01024,1022.0,1027.0,994.95,1000.15,1003.5,1019.7,1136478,1139196395.5,14832,LEGACY
2018-06-28,DRREDDY,Dr. Reddy's Laboratories,EQ,INE089A01023,2289.0,2325.95,2272.2,2295.75,2283.25,2293.8,1228463,2827524052.6,48858,LEGACY
2018-06-28,GLAXO,GlaxoSmithKline Pharmaceuticals,EQ,INE159A01016,2776.0,2804.0,2760.0,2772.25,2760.0,2801.75,8752,24399377.7,3278,LEGACY
2018-06-28,GLENMARK,Glenmark Pharmaceuticals,EQ,INE935A01035,592.5,599.0,570.0,572.7,575.05,593.75,1489229,870883217.2,25581,LEGACY
2018-06-28,GRANULES,Granules India,EQ,INE101D01020,82.6,82.6,77.05,78.0,78.5,82.45,3392339,270074274.8,12866,LEGACY
2018-06-28,IPCALAB,IPCA Laboratories,EQ,INE571A01020,675.05,692.9,669.95,685.7,684.0,674.9,212085,144365285.1,11154,LEGACY
2018-06-28,JBCHEPHARM,JB Chemicals & Pharmaceuticals,EQ,INE572A01028,264.8,264.8,252.6,256.6,257.8,257.0,60051,15414174.85,1534,LEGACY
2018-06-28,LAURUSLABS,Laurus Labs,EQ,INE947Q01010,454.05,456.4,448.6,452.0,455.0,456.45,116750,52773495.0,7133,LEGACY
2018-06-28,LUPIN,Lupin,EQ,INE326A01037,893.6,909.8,881.4,897.75,897.8,893.6,4162515,3743322669.3,71822,LEGACY
2018-06-28,NATCOPHARM,Natco Pharma,EQ,INE987B01026,791.15,808.4,782.0,788.45,789.0,801.25,145623,116050909.75,6571,LEGACY
2018-06-28,PEL,Piramal Enterprises,EQ,INE140A01024,2564.1,2574.0,2501.65,2551.4,2550.0,2556.35,624177,1584561577.35,31863,LEGACY
2018-06-28,PFIZER,Pfizer,EQ,INE182A01018,2620.0,2620.0,2560.65,2580.6,2575.9,2608.4,17551,45532847.5,3795,LEGACY
2018-06-28,SANOFI,Sanofi India,EQ,INE058A01010,5090.0,5168.0,5090.0,5138.45,5115.0,5123.5,4968,25513967.05,1299,LEGACY
2018-06-28,STAR,Strides Pharma Science,EQ,INE939A01011,372.8,396.9,365.65,391.05,390.45,372.45,5063528,1941962595.95,63913,LEGACY
2018-06-28,SUNPHARMA,Sun Pharmaceutical Industries,EQ,INE044A01036,577.75,583.2,564.2,567.3,567.45,576.9,5516028,3164238279.55,82909,LEGACY
2018-06-28,TORNTPHARM,Torrent Pharmaceuticals,EQ,INE685A01028,1450.0,1450.0,1393.55,1397.6,1397.15,1435.85,151793,214609976.45,8593,LEGACY
2018-06-28,WOCKPHARMA,Wockhardt,EQ,INE049B01025,639.7,645.9,616.1,625.5,631.0,644.0,1646765,1037618231.65,26819,LEGACY
2018-07-02,ABBOTINDIA,Abbott India,EQ,INE358A01014,7239.0,7296.15,7140.0,7156.65,7143.05,7238.2,2715,19495659.8,1125,LEGACY
2018-07-02,AJANTPHARM,Ajanta Pharma,EQ,INE031B01049,988.4,998.8,972.4,987.45,987.5,982.7,262131,257910056.65,10763,LEGACY
2018-07-02,ALKEM,Alkem Laboratories,EQ,INE540L01014,1897.0,1939.4,1830.0,1846.25,1847.85,1891.15,98738,184412076.65,7188,LEGACY
2018-07-02,APLLTD,Alembic Pharmaceuticals,EQ,INE901L01018,501.0,513.5,501.0,510.55,510.0,502.6,43222,21951481.25,2034,LEGACY
2018-07-02,AUROPHARMA,Aurobindo Pharma,EQ,INE406A01037,609.7,613.0,601.1,602.55,603.95,607.1,1693046,1024600327.65,28268,LEGACY
2018-07-02,BIOCON,Biocon,EQ,INE376G01013,619.0,622.0,610.5,615.95,613.85,619.55,861217,529933383.95,18567,LEGACY
2018-07-02,CADILAHC,Cadila Healthcare,EQ,INE010B01027,380.0,388.25,376.0,385.95,385.95,377.4,1260663,481578557.25,17347,LEGACY
2018-07-02,CIPLA,Cipla,EQ,INE059A01026,620.0,620.0,611.0,617.0,617.0,616.65,1502606,924009942.8,33164,LEGACY
2018-07-02,DIVISLAB,Divi's Laboratories,EQ,INE361B01024,1041.9,1057.0,1025.25,1050.4,1052.0,1038.6,559319,585777157.4,14651,LEGACY
2018-07-02,DRREDDY,Dr. Reddy's Laboratories,EQ,INE089A01023,2230.0,2260.55,2202.25,2240.35,2239.1,2235.05,774325,1735457207.55,30766,LEGACY
2018-07-02,GLAXO,GlaxoSmithKline Pharmaceuticals,EQ,INE159A01016,2820.0,2825.0,2765.0,2805.7,2820.0,2796.45,10541,29408675.15,1565,LEGACY
2018-07-02,GLENMARK,Glenmark Pharmaceuticals,EQ,INE935A01035,587.75,595.45,573.85,580.6,579.4,583.05,858490,499905050.8,16664,LEGACY
2018-07-02,GRANULES,Granules India,EQ,INE101D01020,80.0,81.15,77.05,77.55,77.55,80.55,1932528,151668174.4,7089,LEGACY
2018-07-02,IPCALAB,IPCA Laboratories,EQ,INE571A01020,698.9,700.0,681.75,691.5,690.05,699.6,60158,41699936.3,4950,LEGACY
2018-07-02,JBCHEPHARM,JB Chemicals & Pharmaceuticals,EQ,INE572A01028,257.95,259.65,252.05,253.4,252.55,257.85,13547,3453287.05,886,LEGACY
2018-07-02,LAURUSLABS,Laurus Labs,EQ,INE947Q01010,462.4,473.2,458.2,467.4,467.0,461.9,26680,12445797.15,1526,LEGACY
2018-07-02,LUPIN,Lupin,EQ,INE326A01037,904.5,906.0,884.0,889.45,887.0,903.8,1483033,1323246916.9,31989,LEGACY
2018-07-02,NATCOPHARM,Natco Pharma,EQ,INE987B01026,811.5,828.9,787.0,792.75,791.1,805.7,196970,158405895.85,7378,LEGACY
2018-07-02,PEL,Piramal Enterprises,D1,INE140A08SX5,100000.0,100000.0,100000.0,100000.0,100000.0,104999.99,5,500000.0,1,LEGACY
2018-07-02,PEL,Piramal Enterprises,EQ,INE140A01024,2538.1,2555.0,2430.05,2451.05,2445.0,2536.3,228328,565360671.6,13107,LEGACY
2018-07-02,PFIZER,Pfizer,EQ,INE182A01018,2594.0,2597.0,2491.1,2528.8,2522.0,2579.5,10558,26716694.4,1806,LEGACY
2018-07-02,SANOFI,Sanofi India,EQ,INE058A01010,5197.2,5197.2,5142.5,5168.65,5170.0,5187.35,1107,5719821.25,462,LEGACY
2018-07-02,STAR,Strides Pharma Science,EQ,INE939A01011,394.9,404.9,382.7,388.4,386.75,394.55,2708342,1067243835.25,44106,LEGACY
2018-07-02,SUNPHARMA,Sun Pharmaceutical Industries,EQ,INE044A01036,566.3,572.85,558.5,563.15,562.45,564.0,4132132,2334773564.6,62637,LEGACY
2018-07-02,TORNTPHARM,Torrent Pharmaceuticals,EQ,INE685A01028,1411.1,1428.6,1390.65,1417.65,1418.0,1401.15,124582,175691855.25,7009,LEGACY
2018-07-02,WOCKPHARMA,Wockhardt,EQ,INE049B01025,643.9,644.25,616.3,631.05,626.55,641.0,1019329,641181727.65,15751,LEGACY
2018-07-03,ABBOTINDIA,Abbott India,EQ,INE358A01014,7135.0,7198.95,7037.05,7091.6,7060.0,7156.65,3270,23179547.05,1050,LEGACY
2018-07-03,AJANTPHARM,Ajanta Pharma,EQ,INE031B01049,984.9,1034.85,976.0,1028.75,1033.5,987.45,545333,552144947.85,15335,LEGACY
2018-07-03,ALKEM,Alkem Laboratories,EQ,INE540L01014,1856.0,1918.5,1805.8,1894.9,1905.0,1846.25,21583,39833202.9,5521,LEGACY
2018-07-03,APLLTD,Alembic Pharmaceuticals,EQ,INE901L01018,504.1,539.4,504.1,532.3,533.45,510.55,157509,83415505.3,5721,LEGACY
2018-07-03,AUROPHARMA,Aurobindo Pharma,EQ,INE406A01037,604.0,629.75,602.0,626.8,628.75,602.55,4526156,2806728386.0,71848,LEGACY
2018-07-03,BIOCON,Biocon,EQ,INE376G01013,614.2,631.5,612.1,628.55,627.7,615.95,1654383,1031902586.75,35708,LEGACY
2018-07-03,CADILAHC,Cadila Healthcare,EQ,INE010B01027,386.0,390.0,380.9,386.75,386.45,385.95,1220377,472272808.2,15978,LEGACY
2018-07-03,CIPLA,Cipla,EQ,INE059A01026,617.0,644.65,608.05,640.4,643.0,617.0,5271600,3326784431.0,79168,LEGACY
2018-07-03,DIVISLAB,Divi's Laboratories,EQ,INE361B01024,1051.0,1096.95,1036.5,1085.8,1082.5,1050.4,1241172,1330789044.25,29509,LEGACY
2018-07-03,DRREDDY,Dr. Reddy's Laboratories,EQ,INE089A01023,2258.0,2284.0,2235.2,2273.75,2274.4,2240.35,756573,1711898156.75,36271,LEGACY
2018-07-03,GLAXO,GlaxoSmithKline Pharmaceuticals,EQ,INE159A01016,2795.0,2848.0,2781.9,2834.45,2830.0,2805.7,10964,30951711.25,1698,LEGACY
2018-07-03,GLENMARK,Glenmark Pharmaceuticals,EQ,INE935A01035,581.55,592.2,573.5,588.8,588.6,580.6,777737,454053378.7,18522,LEGACY
2018-07-03,GRANULES,Granules India,EQ,INE101D01020,77.55,80.55,76.45,79.65,80.5,77.55,2164675,170167479.85,8300,LEGACY
2018-07-03,IPCALAB,IPCA Laboratories,EQ,INE571A01020,682.4,692.0,675.1,679.2,679.2,691.5,74458,51090950.0,2627,LEGACY
2018-07-03,JBCHEPHARM,JB Chemicals & Pharmaceuticals,EQ,INE572A01028,254.0,255.95,250.5,251.85,252.9,253.4,19566,4932179.05,933,LEGACY
2018-07-03,LAURUSLABS,Laurus Labs,EQ,INE947Q01010,460.2,478.0,460.2,473.95,475.95,467.4,9668,4534984.35,1142,LEGACY
2018-07-03,LUPIN,Lupin,EQ,INE326A01037,890.0,907.0,881.0,903.1,906.1,889.45,2304392,2069262162.3,51110,LEGACY
2018-07-03,NATCOPHARM,Natco Pharma,EQ,INE987B01026,788.95,808.0,788.95,796.55,795.0,792.75,99870,79756236.1,3603,LEGACY
2018-07-03,PEL,Piramal Enterprises,EQ,INE140A01024,2467.0,2483.3,2421.95,2462.75,2469.0,2451.05,156467,385895355.45,11393,LEGACY
2018-07-03,PFIZER,Pfizer,EQ,INE182A01018,2548.0,2566.6,2500.0,2517.1,2504.45,2528.8,7104,17988383.45,1650,LEGACY
2018-07-03,SANOFI,Sanofi India,EQ,INE058A01010,5169.9,5181.0,5056.55,5125.45,5140.0,5168.65,2698,13883272.55,883,LEGACY
2018-07-03,STAR,Strides Pharma Science,EQ,INE939A01011,393.0,402.2,389.2,397.0,396.05,388.4,3163178,1251979942.1,54860,LEGACY
2018-07-03,SUNPHARMA,Sun Pharmaceutical Industries,EQ,INE044A01036,564.8,576.8,560.7,573.6,572.65,563.15,5950013,3394877818.0,85837,LEGACY
2018-07-03,TORNTPHARM,Torrent Pharmaceuticals,EQ,INE685A01028,1417.6,1460.05,1400.4,1446.4,1448.55,1417.65,262769,375515374.85,8600,LEGACY
2018-07-03,WOCKPHARMA,Wockhardt,EQ,INE049B01025,632.15,651.35,624.7,643.25,641.25,631.05,1580382,1014253415.45,26387,LEGACY
2018-07-04,ABBOTINDIA,Abbott India,EQ,INE358A01014,7147.75,7190.0,7104.8,7146.85,7150.0,7091.6,8039,57455318.8,1118,LEGACY
2018-07-04,AJANTPHARM,Ajanta Pharma,EQ,INE031B01049,1038.9,1049.45,1022.0,1030.8,1032.0,1028.75,597062,617390716.6,15226,LEGACY
2018-07-04,ALKEM,Alkem Laboratories,EQ,INE540L01014,1898.0,1902.95,1860.05,1868.15,1869.95,1894.9,11980,22471619.0,2842,LEGACY
2018-07-04,APLLTD,Alembic Pharmaceuticals,EQ,INE901L01018,536.55,554.0,533.45,539.35,537.5,532.3,216087,118083883.85,6145,LEGACY
2018-07-04,AUROPHARMA,Aurobindo Pharma,EQ,INE406A01037,629.0,633.4,620.3,625.45,626.1,626.8,2634480,1652835067.65,50859,LEGACY
2018-07-04,BIOCON,Biocon,EQ,INE376G01013,630.45,636.0,621.5,628.25,628.85,628.55,1587731,998707761.65,27049,LEGACY
2018-07-04,CADILAHC,Cadila Healthcare,EQ,INE010B01027,388.2,396.8,388.2,394.7,394.25,386.75,1230554,484745480.6,19079,LEGACY
2018-07-04,CIPLA,Cipla,EQ,INE059A01026,644.95,648.0,623.8,628.9,627.75,640.4,5043141,3208523097.15,76339,LEGACY
2018-07-04,DIVISLAB,Divi's Laboratories,EQ,INE361B01024,1086.0,1105.95,1072.0,1102.3,1100.0,1085.8,1347815,1471391760.65,35123,LEGACY
2018-07-04,DRREDDY,Dr. Reddy's Laboratories,EQ,INE089A01023,2273.8,2338.0,2273.8,2317.25,2318.2,2273.75,1065535,2470527239.45,70806,LEGACY
2018-07-04,GLAXO,GlaxoSmithKline Pharmaceuticals,EQ,INE159A01016,2857.8,2994.9,2834.0,2902.1,2900.0,2834.45,77516,226082952.35,8691,LEGACY
2018-07-04,GLENMARK,Glenmark Pharmaceuticals,EQ,INE935A01035,591.0,602.6,589.65,597.45,598.1,588.8,1041740,622755707.3,20470,LEGACY
2018-07-04,GRANULES,Granules India,EQ,INE101D01020,79.65,85.0,79.6,84.05,85.0,79.65,6504911,540682259.55,21825,LEGACY
2018-07-04,IPCALAB,IPCA Laboratories,EQ,INE571A01020,671.0,733.35,671.0,717.6,727.75,679.2,367986,254684635.6,5907,LEGACY
2018-07-04,JBCHEPHARM,JB Chemicals & Pharmaceuticals,EQ,INE572A01028,251.85,258.25,251.85,253.05,253.0,251.85,18110,4601359.35,528,LEGACY
2018-07-04,LAURUSLABS,Laurus Labs,EQ,INE947Q01010,478.9,503.1,475.8,485.2,486.0,473.95,56651,27799077.8,3291,LEGACY
2018-07-04,LUPIN,Lupin,EQ,INE326A01037,907.95,939.0,907.65,934.2,938.0,903.1,5674097,5257540686.05,116351,LEGACY
2018-07-04,NATCOPHARM,Natco Pharma,EQ,INE987B01026,799.7,813.4,796.0,803.85,803.0,796.55,162613,131335516.15,7823,LEGACY
2018-07-04,PEL,Piramal Enterprises,D1,INE140A08SX5,101400.0,101400.0,101400.0,101400.0,101400.0,100000.0,2,202800.0,1,LEGACY
2018-07-04,PEL,Piramal Enterprises,EQ,INE140A01024,2456.6,2482.95,2402.9,2464.3,2463.0,2462.75,227008,554440809.35,15535,LEGACY
2018-07-04,PFIZER,Pfizer,EQ,INE182A01018,2530.0,2569.0,2510.95,2558.8,2555.0,2517.1,9509,24247152.65,1772,LEGACY
2018-07-04,SANOFI,Sanofi India,EQ,INE058A01010,5140.0,5189.7,5107.15,5168.3,5152.7,5125.45,10173,52539946.45,2060,LEGACY
2018-07-04,STAR,Strides Pharma Science,EQ,INE939A01011,396.4,414.45,394.75,410.65,412.5,397.0,4611754,1877134632.1,71452,LEGACY
2018-07-04,SUNPHARMA,Sun Pharmaceutical Industries,EQ,INE044A01036,576.0,588.85,573.05,579.3,577.95,573.6,9406196,5472656016.85,194860,LEGACY
2018-07-04,TORNTPHARM,Torrent Pharmaceuticals,EQ,INE685A01028,1453.05,1459.0,1419.3,1425.15,1428.0,1446.4,169296,243419049.8,7838,LEGACY
2018-07-04,WOCKPHARMA,Wockhardt,EQ,INE049B01025,641.25,659.0,637.0,649.45,650.0,643.25,1479707,966449603.7,28837,LEGACY
2018-07-05,ABBOTINDIA,Abbott India,EQ,INE358A01014,7169.95,7189.0,7136.1,7169.3,7159.75,7146.85,2425,17381385.8,386,LEGACY
2018-07-05,AJANTPHARM,Ajanta Pharma,EQ,INE031B01049,985.0,1029.75,985.0,1001.35,1012.7,1030.8,358786,362831052.95,10362,LEGACY
2018-07-05,ALKEM,Alkem Laboratories,EQ,INE540L01014,1883.1,1902.0,1846.3,1885.2,1885.5,1868.15,47153,87713178.85,2658,LEGACY
2018-07-05,APLLTD,Alembic Pharmaceuticals,EQ,INE901L01018,543.65,543.65,528.05,530.4,530.0,539.35,41081,21911075.55,1828,LEGACY
2018-07-05,AUROPHARMA,Aurobindo Pharma,EQ,INE406A01037,626.5,636.0,613.85,616.0,617.5,625.45,2599084,1626840525.45,42006,LEGACY
2018-07-05,BIOCON,Biocon,EQ,INE376G01013,636.5,637.95,625.85,627.55,627.1,628.25,1969630,1244805708.7,35067,LEGACY
2018-07-05,CADILAHC,Cadila Healthcare,EQ,INE010B01027,394.65,399.95,386.15,387.35,388.0,394.7,764807,300973603.15,14219,LEGACY
2018-07-05,CIPLA,Cipla,EQ,INE059A01026,632.0,637.0,623.1,626.55,625.4,628.9,2127794,1344097470.65,43732,LEGACY
2018-07-05,DIVISLAB,Divi's Laboratories,EQ,INE361B01024,1095.0,1107.35,1073.95,1077.5,1079.9,1102.3,1060147,1160395405.5,19789,LEGACY
2018-07-05,DRREDDY,Dr. Reddy's Laboratories,EQ,INE089A01023,2329.95,2348.7,2287.75,2298.65,2298.65,2317.25,830939,1933756075.55,47922,LEGACY
2018-07-05,GLAXO,GlaxoSmithKline Pharmaceuticals,EQ,INE159A01016,2913.0,2925.0,2870.1,2880.75,2874.15,2902.1,15568,45113438.55,2658,LEGACY
2018-07-05,GLENMARK,Glenmark Pharmaceuticals,EQ,INE935A01035,599.95,601.85,579.1,582.85,583.1,597.45,680052,402390588.95,13079,LEGACY
2018-07-05,GRANULES,Granules India,EQ,INE101D01020,85.35,85.7,82.5,83.15,82.8,84.05,3765967,315986862.3,15400,LEGACY
2018-07-05,IPCALAB,IPCA Laboratories,EQ,INE571A01020,717.6,733.5,702.6,706.65,705.35,717.6,236821,171348217.55,6213,LEGACY
2018-07-05,JBCHEPHARM,JB Chemicals & Pharmaceuticals,EQ,INE572A01028,255.1,259.1,251.0,252.7,251.15,253.05,34241,8778803.5,543,LEGACY
2018-07-05,LAURUSLABS,Laurus Labs,EQ,INE947Q01010,483.75,486.55,480.05,482.2,482.0,485.2,6654,3209281.95,506,LEGACY
2018-07-05,LUPIN,Lupin,EQ,INE326A01037,940.0,946.2,920.0,922.65,921.3,934.2,3051351,2853531628.25,62438,LEGACY
2018-07-05,NATCOPHARM,Natco Pharma,EQ,INE987B01026,805.2,808.0,795.8,800.75,800.15,803.85,92080,73774986.35,4224,LEGACY
2018-07-05,PEL,Piramal Enterprises,D1,INE140A08SX5,99500.0,99500.0,99500.0,99500.0,99500.0,101400.0,5,497500.0,1,LEGACY
2018-07-05,PEL,Piramal Enterprises,EQ,INE140A01024,2460.0,2470.7,2422.55,2452.65,2456.0,2464.3,88874,217563837.65,7561,LEGACY
2018-07-05,PFIZER,Pfizer,EQ,INE182A01018,2569.9,2591.95,2554.05,2564.75,2557.0,2558.8,9555,24598274.8,887,LEGACY
2018-07-05,SANOFI,Sanofi India,EQ,INE058A01010,5115.05,5295.0,5115.0,5209.15,5170.0,5168.3,12280,63501140.45,1578,LEGACY
2018-07-05,STAR,Strides Pharma Science,EQ,INE939A01011,412.7,420.0,403.2,406.05,407.1,410.65,2998039,1241197346.95,53058,LEGACY
2018-07-05,SUNPHARMA,Sun Pharmaceutical Industries,EQ,INE044A01036,581.0,581.0,564.9,566.95,567.7,579.3,3833300,2197539029.1,94672,LEGACY
2018-07-05,TORNTPHARM,Torrent Pharmaceuticals,EQ,INE685A01028,1431.0,1447.85,1412.15,1419.95,1423.8,1425.15,129993,186029484.6,8308,LEGACY
2018-07-05,WOCKPHARMA,Wockhardt,EQ,INE049B01025,652.4,657.85,627.6,631.8,633.5,649.45,1243682,798752344.0,22417,LEGACY
2018-07-06,ABBOTINDIA,Abbott India,EQ,INE358A01014,7223.95,7223.95,7135.0,7172.45,7180.0,7169.3,6671,47756235.15,1515,LEGACY
2018-07-06,AJANTPHARM,Ajanta Pharma,EQ,INE031B01049,1008.0,1022.8,1002.2,1009.45,1009.45,1001.35,293080,295994942.65,9155,LEGACY
2018-07-06,ALKEM,Alkem Laboratories,EQ,INE540L01014,1860.05,1899.0,1860.05,1880.05,1868.5,1885.2,67455,126868646.25,4134,LEGACY
2018-07-06,APLLTD,Alembic Pharmaceuticals,EQ,INE901L01018,530.35,531.6,517.0,519.4,517.05,530.4,19292,10094135.0,1045,LEGACY
2018-07-06,AUROPHARMA,Aurobindo Pharma,EQ,INE406A01037,618.0,627.25,615.6,617.6,617.0,616.0,1886711,1172574258.35,39113,LEGACY
2018-07-06,BIOCON,Biocon,EQ,INE376G01013,629.0,633.8,625.85,631.1,631.0,627.55,1053895,664347071.45,21307,LEGACY
2018-07-06,CADILAHC,Cadila Healthcare,EQ,INE010B01027,387.35,390.9,380.15,381.65,381.6,387.35,571315,220526784.4,9503,LEGACY
2018-07-06,CIPLA,Cipla,EQ,INE059A01026,624.9,631.0,610.4,612.5,612.45,626.55,2514518,1561577598.15,53977,LEGACY
2018-07-06,DIVISLAB,Divi's Laboratories,EQ,INE361B01024,1080.0,1087.7,1070.1,1074.0,1072.5,1077.5,374934,404444875.8,15841,LEGACY
2018-07-06,DRREDDY,Dr. Reddy's Laboratories,EQ,INE089A01023,2300.0,2319.9,2255.85,2269.05,2267.0,2298.65,556218,1275175414.6,29072,LEGACY
2018-07-06,GLAXO,GlaxoSmithKline Pharmaceuticals,EQ,INE159A01016,2893.0,2898.9,2852.75,2864.95,2853.35,2880.75,10739,30908993.65,1488,LEGACY
2018-07-06,GLENMARK,Glenmark Pharmaceuticals,EQ,INE935A01035,582.9,591.85,579.5,582.85,579.5,582.85,859717,502798427.1,15510,LEGACY
2018-07-06,GRANULES,Granules India,EQ,INE101D01020,82.25,84.25,82.25,82.7,82.45,83.15,1823326,151553381.6,7631,LEGACY
2018-07-06,IPCALAB,IPCA Laboratories,EQ,INE571A01020,709.95,715.5,693.6,698.7,696.95,706.65,47609,33558486.5,3594,LEGACY
2018-07-06,JBCHEPHARM,JB Chemicals & Pharmaceuticals,EQ,INE572A01028,252.15,254.5,239.95,248.1,249.0,252.7,203468,50496600.25,2375,LEGACY
2018-07-06,LAURUSLABS,Laurus Labs,EQ,INE947Q01010,482.35,482.35,472.05,476.9,472.65,482.2,9910,4742975.85,399,LEGACY
2018-07-06,LUPIN,Lupin,EQ,INE326A01037,921.8,939.45,910.95,915.8,915.5,922.65,2783374,2583978184.6,59634,LEGACY
2018-07-06,NATCOPHARM,Natco Pharma,EQ,INE987B01026,792.5,803.9,786.35,800.0,798.05,800.75,147018,117245219.05,4091,LEGACY
2018-07-06,PEL,Piramal Enterprises,EQ,INE140A01024,2440.45,2501.95,2437.45,2476.35,2474.0,2452.65,119534,296299525.3,6203,LEGACY
2018-07-06,PFIZER,Pfizer,EQ,INE182A01018,2586.85,2589.9,2525.0,2538.6,2538.0,2564.75,7151,18308782.05,1730,LEGACY
2018-07-06,SANOFI,Sanofi India,EQ,INE058A01010,5199.0,5294.0,5199.0,5243.35,5244.0,5209.15,6655,35018762.1,3169,LEGACY
2018-07-06,STAR,Strides Pharma Science,EQ,INE939A01011,407.0,411.6,400.55,404.3,404.9,406.05,1703698,692501840.75,30481,LEGACY
2018-07-06,SUNPHARMA,Sun Pharmaceutical Industries,EQ,INE044A01036,567.4,573.25,555.0,558.1,559.0,566.95,5609846,3161755261.65,79012,LEGACY
2018-07-06,TORNTPHARM,Torrent Pharmaceuticals,EQ,INE685A01028,1419.95,1442.0,1409.25,1419.2,1415.95,1419.95,218849,311639590.25,8556,LEGACY
2018-07-06,WOCKPHARMA,Wockhardt,EQ,INE049B01025,634.0,642.25,625.05,632.4,632.05,631.8,1009142,640475449.05,17302,LEGACY
2018-07-09,ABBOTINDIA,Abbott India,EQ,INE358A01014,7280.0,7280.0,7140.05,7152.0,7166.65,7172.45,13036,93771600.4,1181,LEGACY
2018-07-09,AJANTPHARM,Ajanta Pharma,EQ,INE031B01049,1014.5,1037.0,1012.5,1027.4,1025.0,1009.45,271982,279368223.1,9035,LEGACY
2018-07-09,ALKEM,Alkem Laboratories,EQ,INE540L01014,1898.0,1918.0,1870.0,1909.35,1906.5,1880.05,7314,13862213.95,2617,LEGACY
2018-07-09,APLLTD,Alembic Pharmaceuticals,EQ,INE901L01018,519.95,528.0,513.0,514.15,514.95,519.4,28237,14650261.75,1092,LEGACY
2018-07-09,AUROPHARMA,Aurobindo Pharma,EQ,INE406A01037,619.95,626.0,619.55,623.4,624.5,617.6,984450,613630011.25,20834,LEGACY
2018-07-09,BIOCON,Biocon,EQ,INE376G01013,634.0,639.0,630.0,637.8,638.0,631.1,1349917,857200489.3,38446,LEGACY
2018-07-09,CADILAHC,Cadila Healthcare,EQ,INE010B01027,389.55,391.6,384.5,388.05,387.85,381.65,1028301,398642504.25,18205,LEGACY
2018-07-09,CIPLA,Cipla,EQ,INE059A01026,616.85,625.0,615.0,622.9,624.2,612.5,1462808,907958102.95,31773,LEGACY
2018-07-09,DIVISLAB,Divi's Laboratories,EQ,INE361B01024,1077.7,1104.8,1074.45,1095.6,1094.0,1074.0,1196862,1304888984.15,37050,LEGACY
2018-07-09,DRREDDY,Dr. Reddy's Laboratories,EQ,INE089A01023,2282.0,2335.0,2281.95,2330.05,2330.1,2269.05,729897,1695277034.6,36279,LEGACY
2018-07-09,GLAXO,GlaxoSmithKline Pharmaceuticals,EQ,INE159A01016,2875.0,2899.0,2852.3,2864.8,2857.4,2864.95,7273,20959504.45,1565,LEGACY
2018-07-09,GLENMARK,Glenmark Pharmaceuticals,EQ,INE935A01035,585.1,590.35,579.15,581.55,581.25,582.85,807669,471289254.95,15285,LEGACY
2018-07-09,GRANULES,Granules India,EQ,INE101D01020,83.05,87.85,83.05,86.25,87.5,82.7,3738817,320839531.4,15171,LEGACY
2018-07-09,IPCALAB,IPCA Laboratories,EQ,INE571A01020,700.0,714.75,696.0,709.95,710.0,698.7,100422,70986771.0,3587,LEGACY
2018-07-09,JBCHEPHARM,JB Chemicals & Pharmaceuticals,EQ,INE572A01028,248.0,253.65,245.1,250.1,250.0,248.1,81338,20333143.25,642,LEGACY
2018-07-09,LAURUSLABS,Laurus Labs,EQ,INE947Q01010,476.0,488.9,473.45,474.85,476.0,476.9,8109,3879250.75,509,LEGACY
2018-07-09,LUPIN,Lupin,EQ,INE326A01037,922.45,929.9,908.55,911.5,912.9,915.8,1890208,1737583342.0,46402,LEGACY
2018-07-09,NATCOPHARM,Natco Pharma,EQ,INE987B01026,800.3,806.95,796.1,803.75,805.0,800.0,110787,88828425.55,6553,LEGACY
2018-07-09,PEL,Piramal Enterprises,EQ,INE140A01024,2482.0,2518.0,2447.45,2457.0,2455.0,2476.35,82763,203789928.45,6211,LEGACY
2018-07-09,PFIZER,Pfizer,EQ,INE182A01018,2580.0,2580.0,2515.0,2542.2,2530.05,2538.6,5721,14533949.9,1322,LEGACY
2018-07-09,SANOFI,Sanofi India,EQ,INE058A01010,5240.0,5439.9,5201.4,5384.7,5380.0,5243.35,9655,52020298.5,3125,LEGACY
2018-07-09,STAR,Strides Pharma Science,EQ,INE939A01011,408.85,412.7,402.4,403.35,403.2,404.3,1470427,599270976.6,26021,LEGACY
2018-07-09,SUNPHARMA,Sun Pharmaceutical Industries,EQ,INE044A01036,560.6,572.6,560.6,568.8,568.5,558.1,4117856,2341868476.75,87117,LEGACY
2018-07-09,TORNTPHARM,Torrent Pharmaceuticals,EQ,INE685A01028,1420.5,1457.8,1406.0,1446.4,1455.0,1419.2,203801,290477356.1,9509,LEGACY
2018-07-09,WOCKPHARMA,Wockhardt,EQ,INE049B01025,637.85,648.8,632.8,638.4,641.95,632.4,1079776,692256027.1,17967,LEGACY
2018-07-10,ABBOTINDIA,Abbott India,EQ,INE358A01014,7171.95,7171.95,7065.1,7090.9,7090.0,7152.0,10200,72520873.8,1067,LEGACY
2018-07-10,AJANTPHARM,Ajanta Pharma,EQ,INE031B01049,1030.05,1059.0,1009.8,1042.2,1040.2,1027.4,448902,467180684.8,20444,LEGACY
2018-07-10,ALKEM,Alkem Laboratories,EQ,INE540L01014,1900.0,1965.9,1898.4,1925.2,1910.4,1909.35,13451,25958293.95,4749,LEGACY
2018-07-10,APLLTD,Alembic Pharmaceuticals,EQ,INE901L01018,515.0,525.15,515.0,518.65,520.0,514.15,25347,13146586.05,1099,LEGACY
2018-07-10,AUROPHARMA,Aurobindo Pharma,EQ,INE406A01037,628.0,628.3,614.0,617.25,618.0,623.4,1746786,1081200371.7,33630,LEGACY
2018-07-10,BIOCON,Biocon,EQ,INE376G01013,639.1,640.65,629.25,633.45,633.1,637.8,1040458,661196689.1,18958,LEGACY
2018-07-10,CADILAHC,Cadila Healthcare,EQ,INE010B01027,390.0,390.35,379.5,381.15,381.0,388.05,1364317,521527890.5,20516,LEGACY
2018-07-10,CIPLA,Cipla,EQ,INE059A01026,626.6,633.9,620.15,632.05,630.5,622.9,1872744,1175133292.3,40185,LEGACY
2018-07-10,DIVISLAB,Divi's Laboratories,EQ,INE361B01024,1100.0,1104.95,1078.2,1090.85,1090.2,1095.6,415562,453062929.85,12953,LEGACY
2018-07-10,DRREDDY,Dr. Reddy's Laboratories,EQ,INE089A01023,2345.6,2345.6,2303.0,2321.85,2318.95,2330.05,665940,1545030581.4,52577,LEGACY
2018-07-10,GLAXO,GlaxoSmithKline Pharmaceuticals,EQ,INE159A01016,2883.6,2883.6,2841.95,2864.65,2845.0,2864.8,10307,29502848.0,1592,LEGACY
2018-07-10,GLENMARK,Glenmark Pharmaceuticals,EQ,INE935A01035,584.5,585.7,577.75,583.0,583.3,581.55,637074,370737868.85,13955,LEGACY
2018-07-10,GRANULES,Granules India,EQ,INE101D01020,87.0,92.8,85.55,91.95,91.5,86.25,8048734,720271575.85,29031,LEGACY
2018-07-10,IPCALAB,IPCA Laboratories,EQ,INE571A01020,713.0,728.9,706.05,712.9,711.6,709.95,104497,75386592.3,6515,LEGACY
2018-07-10,JBCHEPHARM,JB Chemicals & Pharmaceuticals,EQ,INE572A01028,251.95,257.75,249.95,256.15,256.95,250.1,238512,60812026.35,2771,LEGACY
2018-07-10,LAURUSLABS,Laurus Labs,EQ,INE947Q01010,479.35,480.95,472.0,474.2,473.5,474.85,8589,4099480.8,640,LEGACY
2018-07-10,LUPIN,Lupin,EQ,INE326A01037,919.9,921.0,900.0,902.85,903.0,911.5,1846761,1676583959.3,49077,LEGACY
2018-07-10,NATCOPHARM,Natco Pharma,EQ,INE987B01026,806.8,819.0,802.55,814.55,815.05,803.75,168140,136501809.2,6331,LEGACY
2018-07-10,PEL,Piramal Enterprises,EQ,INE140A01024,2455.6,2475.4,2437.0,2466.3,2464.05,2457.0,85231,209358822.7,5342,LEGACY
2018-07-10,PFIZER,Pfizer,EQ,INE182A01018,2542.2,2557.2,2530.0,2549.25,2538.0,2542.2,13264,33770962.6,2187,LEGACY
2018-07-10,SANOFI,Sanofi India,EQ,INE058A01010,5450.0,5530.0,5404.4,5457.75,5445.0,5384.7,15863,87070821.9,3188,LEGACY
2018-07-10,STAR,Strides Pharma Science,EQ,INE939A01011,405.9,408.45,395.0,398.95,399.0,403.35,1334220,536237146.45,21472,LEGACY
2018-07-10,SUNPHARMA,Sun Pharmaceutical Industries,EQ,INE044A01036,569.0,572.0,558.0,563.95,565.0,568.8,4594276,2588178018.9,105818,LEGACY
2018-07-10,TORNTPHARM,Torrent Pharmaceuticals,EQ,INE685A01028,1453.3,1466.45,1430.9,1457.05,1465.0,1446.4,254814,369454421.85,13456,LEGACY
2018-07-10,WOCKPHARMA,Wockhardt,EQ,INE049B01025,643.5,648.55,632.5,642.4,643.0,638.4,1038761,665117406.1,17654,LEGACY
2018-07-11,ABBOTINDIA,Abbott India,EQ,INE358A01014,7090.0,7150.0,7030.0,7046.4,7040.0,7090.9,4949,34982871.25,784,LEGACY
2018-07-11,AJANTPHARM,Ajanta Pharma,EQ,INE031B01049,1032.0,1051.15,1018.65,1037.35,1042.0,1042.2,385991,399211423.6,13077,LEGACY
2018-07-11,ALKEM,Alkem Laboratories,EQ,INE540L01014,1922.95,1935.75,1891.35,1901.7,1904.0,1925.2,9110,17431625.75,2729,LEGACY
2018-07-11,APLLTD,Alembic Pharmaceuticals,EQ,INE901L01018,521.75,536.0,517.0,530.75,530.55,518.65,85168,44865027.0,3809,LEGACY
2018-07-11,AUROPHARMA,Aurobindo Pharma,EQ,INE406A01037,618.0,622.05,606.0,608.95,606.95,617.25,1295743,797457503.1,24966,LEGACY
2018-07-11,BIOCON,Biocon,EQ,INE376G01013,633.0,634.75,624.35,625.45,625.35,633.45,960233,603570870.6,17535,LEGACY
2018-07-11,CADILAHC,Cadila Healthcare,EQ,INE010B01027,381.0,383.95,369.35,371.0,369.65,381.15,1886667,709240632.25,29603,LEGACY
2018-07-11,CIPLA,Cipla,EQ,INE059A01026,626.3,630.5,621.3,625.3,622.5,632.05,1669583,1044807559.8,40564,LEGACY
2018-07-11,DIVISLAB,Divi's Laboratories,EQ,INE361B01024,1091.0,1127.0,1080.0,1122.2,1119.0,1090.85,1147280,1272389632.5,42253,LEGACY
2018-07-11,DRREDDY,Dr. Reddy's Laboratories,EQ,INE089A01023,2301.0,2333.0,2275.0,2301.35,2298.0,2321.85,820067,1890341621.55,42881,LEGACY
2018-07-11,GLAXO,GlaxoSmithKline Pharmaceuticals,EQ,INE159A01016,2850.05,2867.9,2815.0,2838.5,2849.6,2864.65,7891,22415393.55,1357,LEGACY
2018-07-11,GLENMARK,Glenmark Pharmaceuticals,EQ,INE935A01035,583.0,594.4,578.6,581.8,580.3,583.0,945635,555621847.8,13673,LEGACY
2018-07-11,GRANULES,Granules India,EQ,INE101D01020,91.3,93.15,89.4,91.3,91.05,91.95,6697836,610992464.4,23832,LEGACY
2018-07-11,IPCALAB,IPCA Laboratories,EQ,INE571A01020,715.5,729.5,708.5,726.35,729.5,712.9,96080,69474954.55,4555,LEGACY
2018-07-11,JBCHEPHARM,JB Chemicals & Pharmaceuticals,EQ,INE572A01028,254.95,259.0,252.5,256.95,258.0,256.15,41741,10713758.4,792,LEGACY
2018-07-11,LAURUSLABS,Laurus Labs,EQ,INE947Q01010,472.2,478.0,468.75,469.8,469.2,474.2,10076,4769052.2,959,LEGACY
2018-07-11,LUPIN,Lupin,EQ,INE326A01037,903.0,914.4,895.5,900.45,897.05,902.85,2598037,2352642985.55,50818,LEGACY
2018-07-11,NATCOPHARM,Natco Pharma,EQ,INE987B01026,810.4,816.0,803.15,805.35,805.95,814.55,82060,66248187.7,3721,LEGACY
2018-07-11,PEL,Piramal Enterprises,EQ,INE140A01024,2466.0,2487.9,2455.5,2479.5,2479.5,2466.3,94325,233312893.8,6346,LEGACY
2018-07-11,PFIZER,Pfizer,EQ,INE182A01018,2550.0,2573.7,2512.05,2534.0,2515.0,2549.25,42628,108293487.45,4791,LEGACY
2018-07-11,SANOFI,Sanofi India,EQ,INE058A01010,5420.0,5510.0,5338.0,5455.15,5444.75,5457.75,6648,36052298.65,1625,LEGACY
2018-07-11,STAR,Strides Pharma Science,EQ,INE939A01011,397.8,399.85,379.5,382.95,382.05,398.95,1943651,756907560.4,31348,LEGACY
2018-07-11,SUNPHARMA,Sun Pharmaceutical Industries,EQ,INE044A01036,564.95,569.7,559.6,560.75,561.1,563.95,3519985,1986209161.65,80816,LEGACY
2018-07-11,TORNTPHARM,Torrent Pharmaceuticals,EQ,INE685A01028,1455.95,1480.0,1449.0,1461.35,1470.0,1457.05,328801,483269306.3,12543,LEGACY
2018-07-11,WOCKPHARMA,Wockhardt,EQ,INE049B01025,641.9,644.95,628.65,631.6,630.45,642.4,1012783,643746450.15,18252,LEGACY
2018-07-13,ABBOTINDIA,Abbott India,EQ,INE358A01014,7130.0,7197.65,7090.05,7100.3,7108.0,7131.95,7461,53042284.2,744,LEGACY
2018-07-13,AJANTPHARM,Ajanta Pharma,EQ,INE031B01049,1019.0,1035.0,997.05,1027.1,1025.15,1018.65,334347,340094314.35,9949,LEGACY
2018-07-13,ALKEM,Alkem Laboratories,EQ,INE540L01014,1869.5,1930.0,1852.0,1901.4,1909.5,1860.2,27256,51824483.75,8209,LEGACY
2018-07-13,APLLTD,Alembic Pharmaceuticals,EQ,INE901L01018,534.0,540.0,529.0,532.4,537.0,534.9,31409,16795462.45,1360,LEGACY
2018-07-13,AUROPHARMA,Aurobindo Pharma,EQ,INE406A01037,609.4,611.25,593.2,602.15,602.0,606.2,1379012,832426029.3,26477,LEGACY
2018-07-13,BIOCON,Biocon,EQ,INE376G01013,611.5,617.6,594.8,599.25,600.0,611.5,2362799,1436562601.1,42611,LEGACY
2018-07-13,CADILAHC,Cadila Healthcare,EQ,INE010B01027,366.9,369.3,361.0,366.1,365.0,365.8,1103058,402929309.95,24525,LEGACY
2018-07-13,CIPLA,Cipla,EQ,INE059A01026,634.0,634.0,624.2,626.7,627.0,633.35,1475306,926384293.9,38880,LEGACY
2018-07-13,DIVISLAB,Divi's Laboratories,EQ,INE361B01024,1114.6,1129.9,1091.1,1108.3,1108.05,1106.35,660138,734199691.85,19578,LEGACY
2018-07-13,DRREDDY,Dr. Reddy's Laboratories,EQ,INE089A01023,2340.0,2366.4,2301.0,2319.85,2315.0,2357.25,466927,1087118157.0,22212,LEGACY
2018-07-13,GLAXO,GlaxoSmithKline Pharmaceuticals,EQ,INE159A01016,2830.2,2858.5,2800.25,2847.05,2833.35,2845.5,8933,25334050.8,1584,LEGACY
2018-07-13,GLENMARK,Glenmark Pharmaceuticals,EQ,INE935A01035,571.0,575.1,561.0,565.3,565.6,570.35,443857,251488425.6,12420,LEGACY
2018-07-13,GRANULES,Granules India,EQ,INE101D01020,92.8,92.9,87.4,88.9,89.05,92.15,3980393,356654248.4,17207,LEGACY
2018-07-13,IPCALAB,IPCA Laboratories,EQ,INE571A01020,748.55,766.5,731.3,746.75,747.0,744.65,408239,308375270.55,12759,LEGACY
2018-07-13,JBCHEPHARM,JB Chemicals & Pharmaceuticals,EQ,INE572A01028,257.0,260.45,252.35,254.4,254.0,257.5,14169,3634319.15,465,LEGACY
2018-07-13,LAURUSLABS,Laurus Labs,EQ,INE947Q01010,462.15,470.0,462.15,468.15,468.9,465.0,9574,4461613.85,555,LEGACY
2018-07-13,LUPIN,Lupin,EQ,INE326A01037,887.0,892.65,862.8,865.6,865.0,884.5,1884162,1644510765.55,50954,LEGACY
2018-07-13,NATCOPHARM,Natco Pharma,EQ,INE987B01026,800.0,806.0,789.0,798.55,797.85,804.1,109547,87048625.05,5643,LEGACY
2018-07-13,PEL,Piramal Enterprises,EQ,INE140A01024,2485.2,2532.0,2479.0,2519.45,2523.9,2496.1,177014,445267918.15,13095,LEGACY
2018-07-13,PFIZER,Pfizer,EQ,INE182A01018,2580.0,2615.0,2543.45,2564.7,2574.95,2574.15,108749,277641197.75,3961,LEGACY
2018-07-13,SANOFI,Sanofi India,EQ,INE058A01010,5500.0,5534.0,5391.0,5511.5,5511.85,5453.65,4519,24683882.1,1152,LEGACY
2018-07-13,STAR,Strides Pharma Science,EQ,INE939A01011,369.4,378.65,363.0,373.3,373.9,368.8,3028140,1127093903.7,68469,LEGACY
2018-07-13,SUNPHARMA,Sun Pharmaceutical Industries,EQ,INE044A01036,566.8,567.0,557.05,559.75,559.5,564.45,2012823,1130226702.6,37882,LEGACY
2018-07-13,TORNTPHARM,Torrent Pharmaceuticals,EQ,INE685A01028,1456.45,1461.35,1436.8,1441.95,1443.0,1454.45,248153,359317565.15,14686,LEGACY
2018-07-13,WOCKPHARMA,Wockhardt,EQ,INE049B01025,631.75,633.6,618.75,628.8,627.0,628.7,863372,540941384.65,16997,LEGACY
2018-07-16,ABBOTINDIA,Abbott India,EQ,INE358A01014,7153.8,7154.2,7030.05,7101.05,7100.0,7100.3,2572,18232413.9,584,LEGACY
2018-07-16,AJANTPHARM,Ajanta Pharma,EQ,INE031B01049,1025.35,1030.0,957.0,969.25,966.0,1027.1,403103,397275870.65,12778,LEGACY
2018-07-16,ALKEM,Alkem Laboratories,EQ,INE540L01014,1893.05,1920.0,1855.0,1884.9,1879.15,1901.4,11093,20963932.65,3791,LEGACY
2018-07-16,APLLTD,Alembic Pharmaceuticals,EQ,INE901L01018,532.0,535.7,522.75,525.15,524.4,532.4,53887,28370075.15,1981,LEGACY
2018-07-16,AUROPHARMA,Aurobindo Pharma,EQ,INE406A01037,611.95,611.95,567.45,571.65,574.95,602.15,3421686,2001550171.85,62317,LEGACY
2018-07-16,BIOCON,Biocon,EQ,INE376G01013,600.25,602.0,578.0,582.55,584.8,599.25,1717726,1011312157.7,41420,LEGACY
2018-07-16,CADILAHC,Cadila Healthcare,EQ,INE010B01027,365.35,365.35,348.0,349.75,350.0,366.1,1177909,419988941.5,24844,LEGACY
2018-07-16,CIPLA,Cipla,EQ,INE059A01026,629.4,636.0,611.15,620.95,618.1,626.7,2211200,1382541977.3,46896,LEGACY
2018-07-16,DIVISLAB,Divi's Laboratories,EQ,INE361B01024,1108.05,1108.05,1064.05,1070.05,1067.9,1108.3,513097,555304072.65,26394,LEGACY
2018-07-16,DRREDDY,Dr. Reddy's Laboratories,EQ,INE089A01023,2223.1,2223.1,2069.95,2093.95,2083.0,2319.85,3721516,7863930504.15,172401,LEGACY
2018-07-16,GLAXO,GlaxoSmithKline Pharmaceuticals,EQ,INE159A01016,2820.35,2843.6,2805.0,2820.6,2815.0,2847.05,8194,23115625.9,1273,LEGACY
2018-07-16,GLENMARK,Glenmark Pharmaceuticals,EQ,INE935A01035,561.05,565.3,548.4,551.95,552.3,565.3,595956,329947814.25,15136,LEGACY
2018-07-16,GRANULES,Granules India,EQ,INE101D01020,89.9,92.5,86.75,88.3,87.95,88.9,7186793,647119767.2,21275,LEGACY
2018-07-16,IPCALAB,IPCA Laboratories,EQ,INE571A01020,746.0,759.7,741.35,748.3,745.0,746.75,80990,60520574.7,5736,LEGACY
2018-07-16,JBCHEPHARM,JB Chemicals & Pharmaceuticals,EQ,INE572A01028,258.15,258.15,248.0,254.95,255.0,254.4,24222,6126127.05,601,LEGACY
2018-07-16,LAURUSLABS,Laurus Labs,EQ,INE947Q01010,468.15,470.0,460.0,462.1,460.0,468.15,11924,5529620.45,616,LEGACY
2018-07-16,LUPIN,Lupin,EQ,INE326A01037,867.0,867.0,814.3,818.15,816.0,865.6,2929578,2449680293.65,63714,LEGACY
2018-07-16,NATCOPHARM,Natco Pharma,EQ,INE987B01026,798.55,804.8,784.1,789.15,787.0,798.55,192383,153423846.05,4412,LEGACY
2018-07-16,PEL,Piramal Enterprises,EQ,INE140A01024,2523.9,2547.6,2508.65,2522.5,2525.0,2519.45,211463,534828741.2,12717,LEGACY
2018-07-16,PFIZER,Pfizer,EQ,INE182A01018,2583.9,2597.95,2557.85,2576.7,2578.95,2564.7,12100,31191675.05,1721,LEGACY
2018-07-16,SANOFI,Sanofi India,EQ,INE058A01010,5544.55,5619.95,5490.3,5511.45,5512.0,5511.5,61155,337327837.8,1040,LEGACY
2018-07-16,STAR,Strides Pharma Science,EQ,INE939A01011,373.9,373.9,351.5,353.5,353.9,373.3,1366031,493742009.3,23167,LEGACY
2018-07-16,SUNPHARMA,Sun Pharmaceutical Industries,EQ,INE044A01036,559.5,560.0,530.7,533.95,533.9,559.75,4267330,2310706255.45,81474,LEGACY
2018-07-16,TORNTPHARM,Torrent Pharmaceuticals,EQ,INE685A01028,1432.1,1468.0,1430.0,1434.55,1430.85,1441.95,315573,456880447.9,22975,LEGACY
2018-07-16,WOCKPHARMA,Wockhardt,EQ,INE049B01025,629.8,629.8,589.2,593.25,589.2,628.8,1529891,924759468.15,28376,LEGACY
2018-07-17,ABBOTINDIA,Abbott India,EQ,INE358A01014,7149.0,7149.0,7031.05,7058.25,7050.0,7101.05,3466,24472363.3,896,LEGACY
2018-07-17,AJANTPHARM,Ajanta Pharma,EQ,INE031B01049,952.0,1008.0,900.1,997.1,1007.0,969.25,912722,888554014.85,26154,LEGACY
2018-07-17,ALKEM,Alkem Laboratories,EQ,INE540L01014,1869.3,1920.15,1845.15,1853.9,1850.0,1884.9,20023,37779912.7,5406,LEGACY
2018-07-17,APLLTD,Alembic Pharmaceuticals,EQ,INE901L01018,527.7,527.7,517.5,520.35,517.6,525.15,18865,9874018.7,717,LEGACY
2018-07-17,AUROPHARMA,Aurobindo Pharma,EQ,INE406A01037,572.0,586.05,565.6,583.55,583.0,571.65,1827372,1059083321.1,42534,LEGACY
2018-07-17,BIOCON,Biocon,EQ,INE376G01013,582.65,599.95,577.45,591.6,592.0,582.55,1484421,876477614.4,27240,LEGACY
2018-07-17,CADILAHC,Cadila Healthcare,EQ,INE010B01027,351.0,365.0,346.9,360.15,361.8,349.75,1486654,532725200.85,29138,LEGACY
2018-07-17,CIPLA,Cipla,EQ,INE059A01026,621.9,639.6,620.1,637.45,636.3,620.95,2228377,1413519490.7,46866,LEGACY
2018-07-17,DIVISLAB,Divi's Laboratories,EQ,INE361B01024,1069.7,1080.0,1040.0,1074.65,1074.05,1070.05,951853,1008408906.65,37581,LEGACY
2018-07-17,DRREDDY,Dr. Reddy's Laboratories,EQ,INE089A01023,2060.0,2119.0,2057.05,2065.3,2070.0,2093.95,1422184,2964722652.3,64512,LEGACY
2018-07-17,GLAXO,GlaxoSmithKline Pharmaceuticals,EQ,INE159A01016,2820.1,2895.95,2799.85,2832.0,2850.0,2820.6,15246,43146578.7,1764,LEGACY
2018-07-17,GLENMARK,Glenmark Pharmaceuticals,EQ,INE935A01035,558.0,566.9,552.3,564.0,565.1,551.95,733176,411242336.1,16732,LEGACY
2018-07-17,GRANULES,Granules India,EQ,INE101D01020,88.3,92.5,86.65,91.1,90.95,88.3,5278537,472372775.1,22048,LEGACY
2018-07-17,IPCALAB,IPCA Laboratories,EQ,INE571A01020,753.9,756.85,736.0,743.75,743.8,748.3,66476,49436595.6,4305,LEGACY
2018-07-17,JBCHEPHARM,JB Chemicals & Pharmaceuticals,EQ,INE572A01028,253.95,267.0,253.0,260.55,267.0,254.95,22633,5841036.5,2314,LEGACY
2018-07-17,LAURUSLABS,Laurus Labs,EQ,INE947Q01010,457.0,469.0,457.0,460.15,460.0,462.1,18864,8692026.45,953,LEGACY
2018-07-17,LUPIN,Lupin,EQ,INE326A01037,821.0,831.5,810.35,827.4,828.0,818.15,2386757,1967745993.2,57861,LEGACY
2018-07-17,NATCOPHARM,Natco Pharma,EQ,INE987B01026,791.0,793.9,782.1,789.2,787.25,789.15,131021,103306264.3,8290,LEGACY
2018-07-17,PEL,Piramal Enterprises,EQ,INE140A01024,2525.0,2550.0,2483.3,2531.4,2539.9,2522.5,167788,421940755.7,12676,LEGACY
2018-07-17,PFIZER,Pfizer,EQ,INE182A01018,2599.0,2599.0,2545.5,2552.3,2550.0,2576.7,8012,20481587.85,1152,LEGACY
2018-07-17,SANOFI,Sanofi India,EQ,INE058A01010,5539.95,5596.65,5535.25,5551.55,5555.0,5511.45,7855,43633980.45,2660,LEGACY
2018-07-17,STAR,Strides Pharma Science,EQ,INE939A01011,356.4,363.95,348.95,360.0,359.7,353.5,1303701,468505241.15,22022,LEGACY
2018-07-17,SUNPHARMA,Sun Pharmaceutical Industries,EQ,INE044A01036,535.0,551.75,533.0,548.65,547.0,533.95,3699579,2016825004.0,60856,LEGACY
2018-07-17,TORNTPHARM,Torrent Pharmaceuticals,EQ,INE685A01028,1434.2,1455.95,1425.0,1449.6,1455.75,1434.55,155017,223833883.25,16754,LEGACY
2018-07-17,WOCKPHARMA,Wockhardt,EQ,INE049B01025,588.7,599.0,577.4,593.2,594.05,593.25,1524854,896852011.85,27479,LEGACY
2018-07-18,ABBOTINDIA,Abbott India,EQ,INE358A01014,7121.45,7347.95,7030.05,7209.3,7155.0,7058.25,7607,54524214.85,1942,LEGACY
2018-07-18,AJANTPHARM,Ajanta Pharma,EQ,INE031B01049,1011.7,1011.7,968.0,986.0,988.0,997.1,435179,427988665.85,12958,LEGACY
2018-07-18,ALKEM,Alkem Laboratories,EQ,INE540L01014,1867.8,1877.95,1822.05,1832.95,1830.8,1853.9,46401,85030934.25,2936,LEGACY
2018-07-18,APLLTD,Alembic Pharmaceuticals,EQ,INE901L01018,520.8,523.0,515.0,517.05,515.0,520.35,13108,6786245.65,541,LEGACY
2018-07-18,AUROPHARMA,Aurobindo Pharma,EQ,INE406A01037,585.95,587.95,571.65,576.3,576.0,583.55,1821900,1055707215.2,41839,LEGACY
2018-07-18,BIOCON,Biocon,EQ,INE376G01013,594.0,596.0,577.65,584.8,583.95,591.6,1129308,661232179.7,24986,LEGACY
2018-07-18,CADILAHC,Cadila Healthcare,EQ,INE010B01027,361.9,365.95,348.6,354.25,353.5,360.15,2124458,753785902.4,35796,LEGACY
2018-07-18,CIPLA,Cipla,EQ,INE059A01026,640.0,644.0,625.1,627.4,629.8,637.45,2348371,1486265102.1,59976,LEGACY
2018-07-18,DIVISLAB,Divi's Laboratories,EQ,INE361B01024,1076.0,1093.5,1065.0,1085.2,1087.2,1074.65,572307,617081150.05,16866,LEGACY
2018-07-18,DRREDDY,Dr. Reddy's Laboratories,EQ,INE089A01023,2080.0,2096.55,2040.5,2065.65,2060.0,2065.3,1219549,2515038437.7,57688,LEGACY
2018-07-18,GLAXO,GlaxoSmithKline Pharmaceuticals,EQ,INE159A01016,2822.0,2859.85,2765.0,2783.3,2779.1,2832.0,13931,39119445.0,1769,LEGACY
2018-07-18,GLENMARK,Glenmark Pharmaceuticals,EQ,INE935A01035,564.4,570.0,547.65,555.75,556.0,564.0,567533,314309167.2,15797,LEGACY
2018-07-18,GRANULES,Granules India,EQ,INE101D01020,90.7,92.4,87.75,90.2,89.9,91.1,4149430,375112863.05,15731,LEGACY
2018-07-18,IPCALAB,IPCA Laboratories,EQ,INE571A01020,745.0,747.4,738.1,742.0,739.0,743.75,35715,26503586.65,2797,LEGACY
2018-07-18,JBCHEPHARM,JB Chemicals & Pharmaceuticals,EQ,INE572A01028,261.0,262.95,257.0,260.05,262.0,260.55,25263,6566201.05,1994,LEGACY
2018-07-18,LAURUSLABS,Laurus Labs,EQ,INE947Q01010,458.1,464.8,450.0,450.95,452.55,460.15,12055,5504799.4,799,LEGACY
2018-07-18,LUPIN,Lupin,EQ,INE326A01037,820.0,827.0,800.0,811.0,810.75,827.4,5728347,4637693669.0,112702,LEGACY
2018-07-18,NATCOPHARM,Natco Pharma,EQ,INE987B01026,789.2,792.7,774.0,779.25,784.25,789.2,160849,126504589.5,3294,LEGACY
2018-07-18,PEL,Piramal Enterprises,EQ,INE140A01024,2539.9,2590.95,2532.6,2560.4,2553.9,2531.4,221721,568553298.0,18021,LEGACY
2018-07-18,PFIZER,Pfizer,EQ,INE182A01018,2577.85,2587.9,2551.0,2579.15,2579.95,2552.3,17034,43925611.65,3098,LEGACY
2018-07-18,SANOFI,Sanofi India,EQ,INE058A01010,5555.0,5598.85,5475.25,5504.15,5475.25,5551.55,3545,19664679.65,1847,LEGACY
2018-07-18,STAR,Strides Pharma Science,EQ,INE939A01011,363.0,364.35,345.0,352.55,351.7,360.0,1655079,585523681.5,25943,LEGACY
2018-07-18,SUNPHARMA,Sun Pharmaceutical Industries,EQ,INE044A01036,554.95,559.2,542.85,549.9,549.6,548.65,5720388,3158734125.0,71850,LEGACY
2018-07-18,TORNTPHARM,Torrent Pharmaceuticals,EQ,INE685A01028,1461.0,1491.95,1438.0,1441.65,1439.05,1449.6,227886,329966569.65,9200,LEGACY
2018-07-18,WOCKPHARMA,Wockhardt,EQ,INE049B01025,594.15,603.85,572.3,576.5,573.05,593.2,1403708,824122658.65,23740,LEGACY
2018-07-19,ABBOTINDIA,Abbott India,EQ,INE358A01014,7209.3,7316.0,7100.0,7266.2,7274.0,7209.3,4472,32387224.4,2007,LEGACY
2018-07-19,AJANTPHARM,Ajanta Pharma,EQ,INE031B01049,986.0,986.0,966.2,973.95,973.4,986.0,186541,181469952.25,6354,LEGACY
2018-07-19,ALKEM,Alkem Laboratories,EQ,INE540L01014,1846.65,1859.0,1802.05,1843.3,1829.65,1832.95,15130,27720230.2,3013,LEGACY
2018-07-19,APLLTD,Alembic Pharmaceuticals,EQ,INE901L01018,511.1,519.7,510.0,514.6,510.25,517.05,306555,158039165.4,1178,LEGACY
2018-07-19,AUROPHARMA,Aurobindo Pharma,EQ,INE406A01037,577.75,580.8,565.05,567.85,568.6,576.3,1085478,621646029.3,35291,LEGACY
2018-07-19,BIOCON,Biocon,EQ,INE376G01013,587.1,587.8,566.0,572.1,571.1,584.8,1557450,897249267.5,36658,LEGACY
2018-07-19,CADILAHC,Cadila Healthcare,EQ,INE010B01027,357.7,357.7,342.0,343.55,342.6,354.25,1718171,595540472.2,29989,LEGACY
2018-07-19,CIPLA,Cipla,EQ,INE059A01026,629.8,632.1,606.15,610.1,613.15,627.4,1424272,882216681.05,29146,LEGACY
2018-07-19,DIVISLAB,Divi's Laboratories,EQ,INE361B01024,1080.0,1092.0,1072.0,1078.2,1074.9,1085.2,197820,213743049.75,4704,LEGACY
2018-07-19,DRREDDY,Dr. Reddy's Laboratories,EQ,INE089A01023,2077.8,2077.8,2025.0,2029.2,2027.2,2065.65,762721,1562559079.1,39195,LEGACY
2018-07-19,GLAXO,GlaxoSmithKline Pharmaceuticals,EQ,INE159A01016,2784.0,2792.95,2750.0,2770.65,2765.05,2783.3,7878,21824178.9,1244,LEGACY
2018-07-19,GLENMARK,Glenmark Pharmaceuticals,EQ,INE935A01035,555.0,564.65,547.15,561.7,560.0,555.75,465986,259603421.85,15877,LEGACY
2018-07-19,GRANULES,Granules India,EQ,INE101D01020,90.0,90.0,85.35,86.85,86.25,90.2,2697825,236569069.5,10514,LEGACY
2018-07-19,IPCALAB,IPCA Laboratories,EQ,INE571A01020,744.75,747.05,738.1,742.7,742.0,742.0,28090,20860550.9,2143,LEGACY
2018-07-19,JBCHEPHARM,JB Chemicals & Pharmaceuticals,EQ,INE572A01028,261.0,266.4,260.15,265.0,265.95,260.05,63050,16698952.35,763,LEGACY
2018-07-19,LAURUSLABS,Laurus Labs,EQ,INE947Q01010,456.5,458.0,440.2,447.2,447.0,450.95,16958,7586802.55,1091,LEGACY
2018-07-19,LUPIN,Lupin,EQ,INE326A01037,813.75,814.7,787.15,794.55,799.0,811.0,2616898,2106041782.95,55078,LEGACY
2018-07-19,NATCOPHARM,Natco Pharma,EQ,INE987B01026,783.9,786.0,758.0,760.95,759.0,779.25,79172,60806173.75,5372,LEGACY
2018-07-19,PEL,Piramal Enterprises,EQ,INE140A01024,2549.9,2549.9,2500.0,2525.15,2519.3,2560.4,126939,320558196.0,11394,LEGACY
2018-07-19,PFIZER,Pfizer,EQ,INE182A01018,2579.0,2579.0,2542.0,2557.95,2560.0,2579.15,20294,51817120.0,2327,LEGACY
2018-07-19,SANOFI,Sanofi India,EQ,INE058A01010,5451.2,5560.0,5426.15,5508.85,5500.0,5504.15,21944,120532608.8,1879,LEGACY
2018-07-19,STAR,Strides Pharma Science,EQ,INE939A01011,352.85,356.7,340.1,342.2,342.4,352.55,1539795,535321078.7,26150,LEGACY
2018-07-19,SUNPHARMA,Sun Pharmaceutical Industries,EQ,INE044A01036,552.4,553.8,542.25,544.95,544.6,549.9,2767826,1518926109.4,42245,LEGACY
2018-07-19,TORNTPHARM,Torrent Pharmaceuticals,EQ,INE685A01028,1445.0,1448.0,1410.55,1423.65,1420.05,1441.65,134552,192788759.9,10418,LEGACY
2018-07-19,WOCKPHARMA,Wockhardt,EQ,INE049B01025,571.0,576.2,557.25,567.25,565.0,576.5,1406937,796349462.1,22390,LEGACY
2018-07-20,ABBOTINDIA,Abbott India,EQ,INE358A01014,7286.0,7348.75,7193.6,7311.95,7325.0,7266.2,3185,23211751.7,813,LEGACY
2018-07-20,AJANTPHARM,Ajanta Pharma,EQ,INE031B01049,965.0,1027.5,950.6,1019.25,1024.0,973.95,615992,618258034.95,17936,LEGACY
2018-07-20,ALKEM,Alkem Laboratories,EQ,INE540L01014,1851.4,1876.0,1816.1,1841.8,1876.0,1843.3,23756,43567583.65,4911,LEGACY
2018-07-20,APLLTD,Alembic Pharmaceuticals,EQ,INE901L01018,520.95,533.9,518.0,531.55,532.65,514.6,91094,47902900.9,3615,LEGACY
2018-07-20,AUROPHARMA,Aurobindo Pharma,EQ,INE406A01037,568.0,589.45,566.75,583.8,580.95,567.85,1676065,973278689.75,43760,LEGACY
2018-07-20,BIOCON,Biocon,EQ,INE376G01013,568.05,587.45,567.0,576.15,578.15,572.1,1789183,1031392392.9,35720,LEGACY
2018-07-20,CADILAHC,Cadila Healthcare,EQ,INE010B01027,342.45,350.8,332.75,347.95,348.7,343.55,3529076,1198615779.95,49404,LEGACY
2018-07-20,CIPLA,Cipla,EQ,INE059A01026,614.95,630.0,602.15,625.8,625.85,610.1,2832150,1737953961.8,62187,LEGACY
2018-07-20,DIVISLAB,Divi's Laboratories,EQ,INE361B01024,1081.0,1098.3,1073.05,1090.6,1088.0,1078.2,344871,374885646.85,14753,LEGACY
2018-07-20,DRREDDY,Dr. Reddy's Laboratories,EQ,INE089A01023,2026.0,2073.0,2020.0,2051.9,2058.6,2029.2,755783,1554125804.75,44760,LEGACY
2018-07-20,GLAXO,GlaxoSmithKline Pharmaceuticals,EQ,INE159A01016,2755.15,2775.0,2732.0,2769.15,2772.0,2770.65,6149,17013615.75,980,LEGACY
2018-07-20,GLENMARK,Glenmark Pharmaceuticals,EQ,INE935A01035,552.05,569.85,552.05,567.55,566.0,561.7,474758,268391977.5,11237,LEGACY
2018-07-20,GRANULES,Granules India,EQ,INE101D01020,86.45,92.0,85.8,91.5,91.5,86.85,6248550,561457209.25,21120,LEGACY
2018-07-20,IPCALAB,IPCA Laboratories,EQ,INE571A01020,738.5,746.0,732.4,741.6,741.05,742.7,61164,45380561.3,6368,LEGACY
2018-07-20,JBCHEPHARM,JB Chemicals & Pharmaceuticals,EQ,INE572A01028,267.0,269.85,263.95,265.5,265.0,265.0,31797,8456562.95,790,LEGACY
2018-07-20,LAURUSLABS,Laurus Labs,EQ,INE947Q01010,448.0,455.0,443.0,446.2,445.0,447.2,12089,5431664.5,836,LEGACY
2018-07-20,LUPIN,Lupin,EQ,INE326A01037,798.95,802.4,792.5,800.65,801.15,794.55,3233608,2587152408.7,38641,LEGACY
2018-07-20,NATCOPHARM,Natco Pharma,EQ,INE987B01026,761.8,777.0,761.8,767.2,766.0,760.95,92669,71468889.25,5313,LEGACY
2018-07-20,PEL,Piramal Enterprises,EQ,INE140A01024,2520.0,2530.0,2490.0,2501.95,2502.0,2525.15,110709,277148319.25,9348,LEGACY
2018-07-20,PFIZER,Pfizer,EQ,INE182A01018,2575.0,2575.0,2525.0,2537.7,2525.05,2557.95,6951,17675365.25,1636,LEGACY
2018-07-20,SANOFI,Sanofi India,EQ,INE058A01010,5520.0,5540.0,5465.2,5489.2,5480.0,5508.85,1294,7118701.4,488,LEGACY
2018-07-20,STAR,Strides Pharma Science,EQ,INE939A01011,342.2,349.45,340.2,346.1,346.1,342.2,1092782,377897723.4,16993,LEGACY
2018-07-20,SUNPHARMA,Sun Pharmaceutical Industries,EQ,INE044A01036,545.0,563.0,545.0,560.1,560.6,544.95,2702091,1497754110.1,49752,LEGACY
2018-07-20,TORNTPHARM,Torrent Pharmaceuticals,EQ,INE685A01028,1420.65,1435.5,1415.5,1420.95,1418.0,1423.65,89059,126910796.0,10399,LEGACY
2018-07-20,WOCKPHARMA,Wockhardt,EQ,INE049B01025,565.5,574.4,559.5,562.95,563.0,567.25,900633,509799504.4,16253,LEGACY
2018-07-23,ABBOTINDIA,Abbott India,EQ,INE358A01014,7350.0,7757.3,7350.0,7487.0,7427.0,7311.95,23515,179615952.5,2481,LEGACY
2018-07-23,AJANTPHARM,Ajanta Pharma,EQ,INE031B01049,1021.0,1053.95,998.0,1043.25,1045.1,1019.25,431914,444991072.4,12057,LEGACY
2018-07-23,ALKEM,Alkem Laboratories,EQ,INE540L01014,1842.0,1897.3,1835.05,1881.25,1875.0,1841.8,13162,24601289.55,3188,LEGACY
2018-07-23,APLLTD,Alembic Pharmaceuticals,EQ,INE901L01018,534.7,548.0,534.15,545.7,545.0,531.55,51477,28002660.2,3128,LEGACY
2018-07-23,AUROPHARMA,Aurobindo Pharma,EQ,INE406A01037,584.15,597.7,577.2,590.3,590.0,583.8,2173137,1282699609.4,46211,LEGACY
2018-07-23,BIOCON,Biocon,EQ,INE376G01013,578.15,578.15,559.55,568.5,568.15,576.15,1152106,653556734.8,30683,LEGACY
2018-07-23,CADILAHC,Cadila Healthcare,EQ,INE010B01027,350.0,360.9,348.8,359.45,360.9,347.95,1337506,475465124.65,22346,LEGACY
2018-07-23,CIPLA,Cipla,EQ,INE059A01026,623.15,637.3,617.25,634.1,634.0,625.8,1553101,976789250.9,50384,LEGACY
2018-07-23,DIVISLAB,Divi's Laboratories,EQ,INE361B01024,1090.6,1097.75,1074.95,1080.7,1080.0,1090.6,399079,431443948.55,7727,LEGACY
2018-07-23,DRREDDY,Dr. Reddy's Laboratories,EQ,INE089A01023,2073.0,2073.0,2032.5,2041.7,2043.0,2051.9,587029,1201793651.05,19798,LEGACY
2018-07-23,GLAXO,GlaxoSmithKline Pharmaceuticals,EQ,INE159A01016,2800.0,2800.0,2760.85,2780.65,2779.5,2769.15,7609,21167561.3,1016,LEGACY
2018-07-23,GLENMARK,Glenmark Pharmaceuticals,EQ,INE935A01035,566.0,572.5,560.05,564.2,563.85,567.55,290496,164223922.4,5786,LEGACY
2018-07-23,GRANULES,Granules India,EQ,INE101D01020,92.4,95.8,90.1,94.4,95.1,91.5,7062225,654724260.85,27480,LEGACY
2018-07-23,IPCALAB,IPCA Laboratories,EQ,INE571A01020,741.6,778.2,741.6,765.1,757.25,741.6,212077,162618280.6,7154,LEGACY
2018-07-23,JBCHEPHARM,JB Chemicals & Pharmaceuticals,EQ,INE572A01028,265.1,271.55,264.95,270.05,270.0,265.5,54899,14726219.25,2392,LEGACY
2018-07-23,LAURUSLABS,Laurus Labs,EQ,INE947Q01010,446.2,455.0,443.1,452.65,455.0,446.2,7207,3236325.5,620,LEGACY
2018-07-23,LUPIN,Lupin,EQ,INE326A01037,803.0,806.0,793.5,800.1,799.0,800.65,2280600,1825881725.5,33529,LEGACY
2018-07-23,NATCOPHARM,Natco Pharma,EQ,INE987B01026,766.0,781.0,766.0,778.25,777.8,767.2,133023,103293319.7,4116,LEGACY
2018-07-23,PEL,Piramal Enterprises,EQ,INE140A01024,2502.05,2570.0,2488.95,2551.75,2546.0,2501.95,116760,295213677.7,10484,LEGACY
2018-07-23,PFIZER,Pfizer,EQ,INE182A01018,2550.0,2597.35,2524.95,2552.55,2545.75,2537.7,184030,472495281.9,2058,LEGACY
2018-07-23,SANOFI,Sanofi India,EQ,INE058A01010,5554.9,5615.95,5447.1,5579.9,5579.0,5489.2,8207,45854983.75,2437,LEGACY
2018-07-23,STAR,Strides Pharma Science,EQ,INE939A01011,347.9,363.9,346.0,362.35,361.0,346.1,1542612,549369673.55,30751,LEGACY
2018-07-23,SUNPHARMA,Sun Pharmaceutical Industries,EQ,INE044A01036,562.7,567.0,557.5,561.75,561.75,560.1,2459719,1385447764.5,38669,LEGACY
2018-07-23,TORNTPHARM,Torrent Pharmaceuticals,EQ,INE685A01028,1421.0,1476.85,1404.55,1450.05,1445.0,1420.95,158986,227649590.2,11125,LEGACY
2018-07-23,WOCKPHARMA,Wockhardt,EQ,INE049B01025,563.0,569.9,549.3,555.75,557.95,562.95,983178,548271273.55,18302,LEGACY
2018-07-24,ABBOTINDIA,Abbott India,EQ,INE358A01014,7487.0,7550.0,7260.0,7303.05,7308.0,7487.0,8918,65525083.0,3757,LEGACY
2018-07-24,AJANTPHARM,Ajanta Pharma,EQ,INE031B01049,1045.1,1077.85,1021.5,1031.15,1034.0,1043.25,724179,762950391.5,21076,LEGACY
2018-07-24,ALKEM,Alkem Laboratories,EQ,INE540L01014,1889.0,2098.0,1865.1,2024.0,2070.0,1881.25,217244,435706071.55,11998,LEGACY
2018-07-24,APLLTD,Alembic Pharmaceuticals,EQ,INE901L01018,540.0,560.0,540.0,553.3,553.85,545.7,62826,34777748.55,3649,LEGACY
2018-07-24,AUROPHARMA,Aurobindo Pharma,EQ,INE406A01037,590.3,596.95,588.0,594.3,593.5,590.3,1123293,666100600.2,23153,LEGACY
2018-07-24,BIOCON,Biocon,EQ,INE376G01013,570.05,582.45,563.0,574.4,575.5,568.5,2164295,1244097951.55,29748,LEGACY
2018-07-24,CADILAHC,Cadila Healthcare,EQ,INE010B01027,359.8,374.65,359.6,372.45,371.9,359.45,1350661,499385277.75,18985,LEGACY
2018-07-24,CIPLA,Cipla,EQ,INE059A01026,633.95,633.95,624.5,627.35,625.65,634.1,1319369,828732583.15,28626,LEGACY
2018-07-24,DIVISLAB,Divi's Laboratories,EQ,INE361B01024,1081.0,1092.35,1075.0,1083.5,1080.0,1080.7,614412,665246840.55,11308,LEGACY
2018-07-24,DRREDDY,Dr. Reddy's Laboratories,EQ,INE089A01023,2043.0,2090.0,2043.0,2077.6,2077.6,2041.7,1289377,2669852332.8,31725,LEGACY
2018-07-24,GLAXO,GlaxoSmithKline Pharmaceuticals,EQ,INE159A01016,2818.7,3248.95,2775.0,3152.25,3158.0,2780.65,257696,807548242.95,25062,LEGACY
2018-07-24,GLENMARK,Glenmark Pharmaceuticals,EQ,INE935A01035,563.85,568.8,558.4,562.7,564.0,564.2,390732,220135086.1,8601,LEGACY
2018-07-24,GRANULES,Granules India,EQ,INE101D01020,96.25,96.45,88.8,91.55,91.1,94.4,10937896,1006340010.6,39469,LEGACY
2018-07-24,IPCALAB,IPCA Laboratories,EQ,INE571A01020,764.95,767.25,755.25,758.9,760.0,765.1,103566,78751077.2,3528,LEGACY
2018-07-24,JBCHEPHARM,JB Chemicals & Pharmaceuticals,EQ,INE572A01028,271.35,278.9,261.0,273.0,269.0,270.05,86964,23429077.75,3180,LEGACY
2018-07-24,LAURUSLABS,Laurus Labs,EQ,INE947Q01010,453.0,459.0,450.3,455.25,455.5,452.65,7809,3555918.4,498,LEGACY
2018-07-24,LUPIN,Lupin,EQ,INE326A01037,802.0,826.0,799.0,820.95,820.0,800.1,2200804,1797927873.8,74239,LEGACY
2018-07-24,NATCOPHARM,Natco Pharma,EQ,INE987B01026,781.3,786.4,778.2,782.95,781.0,778.25,112531,88183436.2,5273,LEGACY
2018-07-24,PEL,Piramal Enterprises,D1,INE140A08SX5,105000.0,107400.0,105000.0,107400.0,107400.0,99500.0,413,43369800.0,16,LEGACY
2018-07-24,PEL,Piramal Enterprises,EQ,INE140A01024,2555.0,2728.0,2555.0,2721.4,2716.0,2551.75,581308,1548374432.75,28979,LEGACY
2018-07-24,PFIZER,Pfizer,EQ,INE182A01018,2560.0,2584.9,2545.0,2570.2,2580.0,2552.55,35886,92113974.4,3623,LEGACY
2018-07-24,SANOFI,Sanofi India,EQ,INE058A01010,5641.95,5649.9,5524.15,5558.55,5594.5,5579.9,4360,24338092.1,1825,LEGACY
2018-07-24,STAR,Strides Pharma Science,EQ,INE939A01011,361.65,369.35,360.5,364.8,365.0,362.35,981258,358581343.95,21393,LEGACY
2018-07-24,SUNPHARMA,Sun Pharmaceutical Industries,EQ,INE044A01036,562.1,568.5,559.05,562.7,562.1,561.75,2480730,1398174759.1,67915,LEGACY
2018-07-24,TORNTPHARM,Torrent Pharmaceuticals,EQ,INE685A01028,1447.9,1480.2,1432.4,1465.45,1470.0,1450.05,201859,293528168.15,14399,LEGACY
2018-07-24,WOCKPHARMA,Wockhardt,EQ,INE049B01025,558.5,578.6,557.05,573.55,575.0,555.75,1283368,731559728.2,22075,LEGACY
2018-07-25,ABBOTINDIA,Abbott India,EQ,INE358A01014,7325.0,7414.0,7250.0,7374.65,7410.0,7303.05,4984,36566625.3,1340,LEGACY
2018-07-25,AJANTPHARM,Ajanta Pharma,EQ,INE031B01049,1038.85,1064.2,1027.3,1032.8,1028.05,1031.15,379334,396770559.85,11616,LEGACY
2018-07-25,ALKEM,Alkem Laboratories,EQ,INE540L01014,2090.0,2150.0,2090.0,2117.9,2116.0,2024.0,101798,215539117.15,8214,LEGACY
2018-07-25,APLLTD,Alembic Pharmaceuticals,EQ,INE901L01018,555.0,559.75,544.85,550.9,555.0,553.3,17666,9756841.3,1372,LEGACY
2018-07-25,AUROPHARMA,Aurobindo Pharma,EQ,INE406A01037,598.0,599.3,582.95,585.85,585.5,594.3,1304329,767893415.7,19511,LEGACY
2018-07-25,BIOCON,Biocon,EQ,INE376G01013,576.3,576.45,550.05,553.3,551.95,574.4,1926004,1081945238.5,51376,LEGACY
2018-07-25,CADILAHC,Cadila Healthcare,EQ,INE010B01027,375.8,377.65,363.0,364.95,363.65,372.45,826018,305226771.8,12451,LEGACY
2018-07-25,CIPLA,Cipla,EQ,INE059A01026,629.0,631.0,613.45,623.9,621.2,627.35,1413265,877033968.7,38346,LEGACY
2018-07-25,DIVISLAB,Divi's Laboratories,EQ,INE361B01024,1084.85,1105.0,1076.65,1096.95,1098.0,1083.5,696780,757840707.55,13095,LEGACY
2018-07-25,DRREDDY,Dr. Reddy's Laboratories,EQ,INE089A01023,2087.0,2097.5,2061.55,2088.2,2086.9,2077.6,538614,1121826114.9,21947,LEGACY
2018-07-25,GLAXO,GlaxoSmithKline Pharmaceuticals,EQ,INE159A01016,3152.4,3175.85,3088.55,3132.6,3138.0,3152.25,46554,145871051.8,5818,LEGACY
2018-07-25,GLENMARK,Glenmark Pharmaceuticals,EQ,INE935A01035,563.9,575.0,561.75,565.7,565.5,562.7,457171,259886419.4,11903,LEGACY
2018-07-25,GRANULES,Granules India,EQ,INE101D01020,92.1,94.15,91.3,93.55,93.1,91.55,4793255,445296870.1,17016,LEGACY
2018-07-25,IPCALAB,IPCA Laboratories,EQ,INE571A01020,758.0,766.65,745.15,757.05,757.0,758.9,117234,88591768.35,5221,LEGACY
2018-07-25,JBCHEPHARM,JB Chemicals & Pharmaceuticals,EQ,INE572A01028,270.0,274.0,263.0,269.9,270.0,273.0,32505,8777637.75,2188,LEGACY
2018-07-25,LAURUSLABS,Laurus Labs,EQ,INE947Q01010,459.75,459.75,450.0,450.55,450.1,455.25,16524,7478450.45,932,LEGACY
2018-07-25,LUPIN,Lupin,EQ,INE326A01037,822.9,823.05,790.0,796.95,797.0,820.95,1812670,1462767764.7,39407,LEGACY
2018-07-25,NATCOPHARM,Natco Pharma,EQ,INE987B01026,780.1,784.9,775.0,776.3,776.0,782.95,30378,23646407.95,1563,LEGACY
2018-07-25,PEL,Piramal Enterprises,EQ,INE140A01024,2729.0,2743.15,2694.2,2700.05,2696.3,2721.4,315133,854493587.7,11468,LEGACY
2018-07-25,PFIZER,Pfizer,EQ,INE182A01018,2595.0,2708.0,2570.0,2677.75,2675.0,2570.2,32588,86153053.0,4150,LEGACY
2018-07-25,SANOFI,Sanofi India,EQ,INE058A01010,5580.0,5650.0,5575.3,5620.3,5600.0,5558.55,5310,29858585.7,789,LEGACY
2018-07-25,STAR,Strides Pharma Science,EQ,INE939A01011,364.9,367.9,357.4,361.75,362.7,364.8,894379,323933545.2,23642,LEGACY
2018-07-25,SUNPHARMA,Sun Pharmaceutical Industries,EQ,INE044A01036,566.4,567.35,555.5,558.15,555.55,562.7,2161490,1211095170.25,43763,LEGACY
2018-07-25,TORNTPHARM,Torrent Pharmaceuticals,EQ,INE685A01028,1470.0,1486.25,1462.0,1480.1,1479.15,1465.45,149860,221201346.7,10706,LEGACY
2018-07-25,WOCKPHARMA,Wockhardt,EQ,INE049B01025,578.9,586.8,566.05,575.3,574.9,573.55,1201422,692425232.85,21115,LEGACY
2018-07-26,ABBOTINDIA,Abbott India,EQ,INE358A01014,7374.0,7698.0,7305.0,7638.3,7600.0,7374.65,7908,59772837.0,1532,LEGACY
2018-07-26,AJANTPHARM,Ajanta Pharma,EQ,INE031B01049,1040.5,1060.0,1029.0,1043.6,1052.65,1032.8,291263,302306929.5,9373,LEGACY
2018-07-26,ALKEM,Alkem Laboratories,EQ,INE540L01014,2077.9,2149.0,2038.05,2093.75,2118.65,2117.9,213234,443972221.15,11526,LEGACY
2018-07-26,APLLTD,Alembic Pharmaceuticals,EQ,INE901L01018,553.6,560.0,550.0,557.55,559.6,550.9,36488,20249699.6,1923,LEGACY
2018-07-26,AUROPHARMA,Aurobindo Pharma,EQ,INE406A01037,588.0,591.0,578.0,582.35,580.8,585.85,1380522,806092774.55,25851,LEGACY
2018-07-26,BIOCON,Biocon,EQ,INE376G01013,551.85,565.45,543.3,558.25,559.0,553.3,2261722,1263937580.15,37134,LEGACY
2018-07-26,CADILAHC,Cadila Healthcare,EQ,INE010B01027,364.0,373.95,362.05,371.1,372.0,364.95,918675,339956851.35,14415,LEGACY
2018-07-26,CIPLA,Cipla,EQ,INE059A01026,619.0,631.25,617.45,627.85,627.45,623.9,3163498,1984448082.25,46847,LEGACY
2018-07-26,DIVISLAB,Divi's Laboratories,EQ,INE361B01024,1105.0,1110.0,1067.35,1075.7,1073.0,1096.95,524569,570382548.0,11958,LEGACY
2018-07-26,DRREDDY,Dr. Reddy's Laboratories,EQ,INE089A01023,2075.7,2191.0,2074.9,2132.75,2110.0,2088.2,1913049,4071268493.95,82326,LEGACY
2018-07-26,GLAXO,GlaxoSmithKline Pharmaceuticals,EQ,INE159A01016,3132.6,3174.9,3125.0,3161.85,3163.0,3132.6,22313,70452813.45,2735,LEGACY
2018-07-26,GLENMARK,Glenmark Pharmaceuticals,EQ,INE935A01035,565.8,571.0,559.8,569.2,569.5,565.7,398587,225248497.0,10671,LEGACY
2018-07-26,GRANULES,Granules India,EQ,INE101D01020,92.5,100.75,92.5,98.6,98.8,93.55,13468513,1318084976.0,49608,LEGACY
2018-07-26,IPCALAB,IPCA Laboratories,EQ,INE571A01020,744.0,760.65,744.0,756.05,759.9,757.05,49402,37328671.05,5003,LEGACY
2018-07-26,JBCHEPHARM,JB Chemicals & Pharmaceuticals,EQ,INE572A01028,267.0,280.0,266.3,276.95,279.8,269.9,26358,7183578.1,1457,LEGACY
2018-07-26,LAURUSLABS,Laurus Labs,EQ,INE947Q01010,452.95,452.95,446.0,447.7,447.5,450.55,15124,6789150.1,432,LEGACY
2018-07-26,LUPIN,Lupin,EQ,INE326A01037,797.05,815.8,793.0,812.85,814.3,796.95,3883354,3148791988.15,106043,LEGACY
2018-07-26,NATCOPHARM,Natco Pharma,EQ,INE987B01026,776.15,781.7,776.15,780.0,780.0,776.3,122800,95768413.4,4248,LEGACY
2018-07-26,PEL,Piramal Enterprises,EQ,INE140A01024,2697.85,2728.45,2655.0,2684.25,2699.75,2700.05,188354,507546988.7,12630,LEGACY
2018-07-26,PFIZER,Pfizer,EQ,INE182A01018,2672.25,2747.3,2670.0,2688.2,2678.95,2677.75,42443,115183517.3,5364,LEGACY
2018-07-26,SANOFI,Sanofi India,EQ,INE058A01010,5800.0,5927.95,5650.0,5673.8,5713.6,5620.3,12545,72599523.1,2520,LEGACY
2018-07-26,STAR,Strides Pharma Science,EQ,INE939A01011,364.7,369.3,353.55,355.35,355.1,361.75,1612782,581633036.15,29999,LEGACY
2018-07-26,SUNPHARMA,Sun Pharmaceutical Industries,EQ,INE044A01036,553.95,563.8,551.5,555.4,553.75,558.15,3113443,1737262434.8,41278,LEGACY
2018-07-26,TORNTPHARM,Torrent Pharmaceuticals,EQ,INE685A01028,1479.15,1501.0,1475.0,1494.65,1495.05,1480.1,204650,304355184.5,8383,LEGACY
2018-07-26,WOCKPHARMA,Wockhardt,EQ,INE049B01025,569.2,574.7,559.45,570.25,574.0,575.3,871662,495334791.55,14121,LEGACY
2018-07-27,ABBOTINDIA,Abbott India,EQ,INE358A01014,7638.0,7729.9,7518.0,7612.55,7575.85,7638.3,16184,123154774.9,2417,LEGACY
2018-07-27,AJANTPHARM,Ajanta Pharma,EQ,INE031B01049,1047.8,1112.5,1045.0,1095.3,1100.0,1043.6,811267,878606202.55,25194,LEGACY
2018-07-27,ALKEM,Alkem Laboratories,EQ,INE540L01014,2103.95,2150.0,2078.25,2116.6,2115.0,2093.75,32146,67894775.95,3890,LEGACY
2018-07-27,APLLTD,Alembic Pharmaceuticals,EQ,INE901L01018,560.0,597.6,556.6,570.5,565.0,557.55,551398,318803489.85,18626,LEGACY
2018-07-27,AUROPHARMA,Aurobindo Pharma,EQ,INE406A01037,582.95,598.3,582.15,591.05,591.85,582.35,1334280,789133330.2,26063,LEGACY
2018-07-27,BIOCON,Biocon,EQ,INE376G01013,570.0,614.45,569.0,586.2,584.8,558.25,15507713,9273545807.95,201987,LEGACY
2018-07-27,CADILAHC,Cadila Healthcare,EQ,INE010B01027,373.9,377.0,371.55,373.55,373.6,371.1,460475,172360514.45,7438,LEGACY
2018-07-27,CIPLA,Cipla,EQ,INE059A01026,627.75,641.9,625.9,636.2,635.15,627.85,1508269,957124528.25,36107,LEGACY
2018-07-27,DIVISLAB,Divi's Laboratories,EQ,INE361B01024,1079.95,1106.75,1077.1,1103.0,1100.2,1075.7,343379,376464067.05,9325,LEGACY
2018-07-27,DRREDDY,Dr. Reddy's Laboratories,EQ,INE089A01023,2135.0,2135.0,2067.4,2083.2,2082.5,2132.75,896318,1872709345.7,44546,LEGACY
2018-07-27,GLAXO,GlaxoSmithKline Pharmaceuticals,EQ,INE159A01016,3170.0,3207.0,3125.0,3179.8,3176.0,3161.85,22368,71091150.65,2650,LEGACY
2018-07-27,GLENMARK,Glenmark Pharmaceuticals,EQ,INE935A01035,568.9,579.5,566.55,572.75,573.6,569.2,320860,184517352.3,10977,LEGACY
2018-07-27,GRANULES,Granules India,EQ,INE101D01020,99.1,104.9,99.1,101.15,101.0,98.6,10384886,1063322030.85,48329,LEGACY
2018-07-27,IPCALAB,IPCA Laboratories,EQ,INE571A01020,760.6,760.6,747.0,752.65,750.4,756.05,74241,56093858.75,7167,LEGACY
2018-07-27,JBCHEPHARM,JB Chemicals & Pharmaceuticals,EQ,INE572A01028,275.05,277.0,266.7,270.4,271.45,276.95,23137,6290718.8,2367,LEGACY
2018-07-27,LAURUSLABS,Laurus Labs,EQ,INE947Q01010,447.2,455.5,444.05,451.9,455.45,447.7,27676,12434096.5,1197,LEGACY
2018-07-27,LUPIN,Lupin,EQ,INE326A01037,818.0,825.7,810.5,815.25,817.2,812.85,1673216,1368517466.5,56446,LEGACY
2018-07-27,NATCOPHARM,Natco Pharma,EQ,INE987B01026,780.25,792.8,771.0,785.4,783.7,780.0,129436,101755792.7,3153,LEGACY
2018-07-27,PEL,Piramal Enterprises,EQ,INE140A01024,2693.55,2725.0,2633.4,2653.6,2638.0,2684.25,146462,390513995.0,8113,LEGACY
2018-07-27,PFIZER,Pfizer,EQ,INE182A01018,2700.0,2708.35,2664.0,2689.9,2694.0,2688.2,15151,40794764.35,2916,LEGACY
2018-07-27,SANOFI,Sanofi India,EQ,INE058A01010,5713.6,5865.0,5650.05,5829.4,5830.0,5673.8,15723,91440454.8,4055,LEGACY
2018-07-27,STAR,Strides Pharma Science,EQ,INE939A01011,351.0,365.0,351.0,359.6,360.9,355.35,952906,342661859.0,15552,LEGACY
2018-07-27,SUNPHARMA,Sun Pharmaceutical Industries,EQ,INE044A01036,555.9,561.0,553.25,557.05,556.6,555.4,2638153,1469912638.0,46438,LEGACY
2018-07-27,TORNTPHARM,Torrent Pharmaceuticals,EQ,INE685A01028,1498.0,1508.8,1477.75,1482.6,1488.0,1494.65,85641,127796971.7,6805,LEGACY
2018-07-27,WOCKPHARMA,Wockhardt,EQ,INE049B01025,574.1,583.1,573.05,577.9,579.0,570.25,735819,424957568.65,12094,LEGACY
2018-07-30,ABBOTINDIA,Abbott India,EQ,INE358A01014,7551.0,7723.95,7450.0,7686.25,7700.0,7612.55,5342,40417215.4,1518,LEGACY
2018-07-30,AJANTPHARM,Ajanta Pharma,EQ,INE031B01049,1100.1,1136.9,1100.0,1130.4,1135.15,1095.3,656439,737346605.9,19827,LEGACY
2018-07-30,ALKEM,Alkem Laboratories,EQ,INE540L01014,2122.0,2139.0,2098.05,2116.4,2129.0,2116.6,261985,554077415.55,7778,LEGACY
2018-07-30,APLLTD,Alembic Pharmaceuticals,EQ,INE901L01018,573.05,575.0,553.0,557.0,555.35,570.5,101185,56397306.6,4657,LEGACY
2018-07-30,AUROPHARMA,Aurobindo Pharma,EQ,INE406A01037,591.0,607.8,587.0,603.9,604.5,591.05,1739240,1045953596.3,32620,LEGACY
2018-07-30,BIOCON,Biocon,EQ,INE376G01013,590.55,590.55,577.2,582.75,583.0,586.2,2367546,1379406829.6,31867,LEGACY
2018-07-30,CADILAHC,Cadila Healthcare,EQ,INE010B01027,375.0,383.8,370.5,382.6,383.1,373.55,1361702,516688264.55,28176,LEGACY
2018-07-30,CIPLA,Cipla,EQ,INE059A01026,633.0,636.25,628.0,634.3,635.0,636.2,990056,626129443.05,25181,LEGACY
2018-07-30,DIVISLAB,Divi's Laboratories,EQ,INE361B01024,1102.0,1163.45,1091.25,1156.6,1146.2,1103.0,2177271,2490593531.95,84511,LEGACY
2018-07-30,DRREDDY,Dr. Reddy's Laboratories,EQ,INE089A01023,2080.05,2092.85,2058.3,2067.2,2066.95,2083.2,807995,1673345277.6,31267,LEGACY
2018-07-30,GLAXO,GlaxoSmithKline Pharmaceuticals,EQ,INE159A01016,3192.9,3209.0,3143.0,3165.5,3165.0,3179.8,14815,46952086.55,2338,LEGACY
2018-07-30,GLENMARK,Glenmark Pharmaceuticals,EQ,INE935A01035,573.85,587.0,566.5,579.6,579.65,572.75,679353,393820695.2,16937,LEGACY
2018-07-30,GRANULES,Granules India,EQ,INE101D01020,101.0,101.75,99.1,100.45,100.2,101.15,4337623,436214824.75,19811,LEGACY
2018-07-30,IPCALAB,IPCA Laboratories,EQ,INE571A01020,751.0,759.9,747.3,750.9,748.05,752.65,40112,30267314.6,6338,LEGACY
2018-07-30,JBCHEPHARM,JB Chemicals & Pharmaceuticals,EQ,INE572A01028,270.4,276.95,270.35,273.35,272.05,270.4,26653,7299835.25,1488,LEGACY
2018-07-30,LAURUSLABS,Laurus Labs,EQ,INE947Q01010,446.0,461.1,446.0,451.9,452.0,451.9,52582,24083494.85,2497,LEGACY
2018-07-30,LUPIN,Lupin,EQ,INE326A01037,815.4,836.0,810.0,820.1,820.65,815.25,2759758,2276571861.8,71058,LEGACY
2018-07-30,NATCOPHARM,Natco Pharma,EQ,INE987B01026,794.0,794.0,783.7,787.0,786.25,785.4,84207,66276626.45,2437,LEGACY
2018-07-30,PEL,Piramal Enterprises,D1,INE140A08SX5,109800.0,109800.0,109800.0,109800.0,109800.0,107400.0,1,109800.0,1,LEGACY
2018-07-30,PEL,Piramal Enterprises,EQ,INE140A01024,2635.0,2705.0,2630.2,2668.65,2673.0,2653.6,361741,963245312.4,23019,LEGACY
2018-07-30,PFIZER,Pfizer,EQ,INE182A01018,2689.0,2725.0,2630.0,2643.65,2640.0,2689.9,13324,35621453.2,3016,LEGACY
2018-07-30,SANOFI,Sanofi India,EQ,INE058A01010,5848.0,5966.0,5848.0,5895.85,5920.0,5829.4,59921,353772410.35,2672,LEGACY
2018-07-30,STAR,Strides Pharma Science,EQ,INE939A01011,359.95,394.35,358.65,391.5,393.0,359.6,4759238,1826518921.4,76069,LEGACY
2018-07-30,SUNPHARMA,Sun Pharmaceutical Industries,EQ,INE044A01036,555.3,566.75,551.95,562.7,562.4,557.05,3441224,1929149195.4,44002,LEGACY
2018-07-30,TORNTPHARM,Torrent Pharmaceuticals,EQ,INE685A01028,1494.6,1495.0,1475.0,1487.2,1486.0,1482.6,164315,244496972.45,7250,LEGACY
2018-07-30,WOCKPHARMA,Wockhardt,EQ,INE049B01025,581.0,598.95,579.5,593.05,594.0,577.9,1529628,905254546.9,26104,LEGACY
2018-08-01,ABBOTINDIA,Abbott India,EQ,INE358A01014,7666.8,7815.0,7615.05,7666.55,7625.5,7666.8,3826,29610252.2,951,LEGACY
2018-08-01,AJANTPHARM,Ajanta Pharma,EQ,INE031B01049,1146.95,1150.0,1125.6,1136.5,1136.5,1138.2,380963,432975263.6,11034,LEGACY
2018-08-01,ALKEM,Alkem Laboratories,EQ,INE540L01014,2119.55,2169.9,2110.0,2152.15,2168.0,2119.05,94860,201668616.55,6358,LEGACY
2018-08-01,APLLTD,Alembic Pharmaceuticals,EQ,INE901L01018,558.65,559.8,550.45,555.55,555.0,559.8,20975,11651198.0,1415,LEGACY
2018-08-01,AUROPHARMA,Aurobindo Pharma,EQ,INE406A01037,593.0,601.75,591.85,599.7,599.5,591.55,1516868,906313417.8,45426,LEGACY
2018-08-01,BIOCON,Biocon,EQ,INE376G01013,586.8,591.9,580.75,583.35,583.05,586.4,1380202,808981797.2,33251,LEGACY
2018-08-01,CADILAHC,Cadila Healthcare,EQ,INE010B01027,383.4,385.0,374.0,377.5,379.0,381.45,1438581,544045333.45,31963,LEGACY
2018-08-01,CIPLA,Cipla,EQ,INE059A01026,641.0,641.55,635.0,639.15,638.0,641.35,2411436,1537895015.4,62810,LEGACY
2018-08-01,DIVISLAB,Divi's Laboratories,EQ,INE361B01024,1149.45,1173.95,1145.1,1163.75,1161.15,1149.45,482301,561584383.75,11762,LEGACY
2018-08-01,DRREDDY,Dr. Reddy's Laboratories,EQ,INE089A01023,2130.0,2182.0,2130.0,2175.7,2175.0,2127.8,912903,1973353042.35,49353,LEGACY
2018-08-01,GLAXO,GlaxoSmithKline Pharmaceuticals,EQ,INE159A01016,3163.0,3193.95,3159.0,3184.9,3171.0,3188.9,10967,34854856.6,2073,LEGACY
2018-08-01,GLENMARK,Glenmark Pharmaceuticals,EQ,INE935A01035,583.4,591.6,580.4,584.9,583.05,581.75,436895,255923682.15,13145,LEGACY
2018-08-01,GRANULES,Granules India,EQ,INE101D01020,102.5,104.6,99.2,102.1,101.75,102.85,4466569,455544246.2,17949,LEGACY
2018-08-01,IPCALAB,IPCA Laboratories,EQ,INE571A01020,759.5,768.0,758.0,760.15,760.5,759.65,74399,56688098.55,5828,LEGACY
2018-08-01,JBCHEPHARM,JB Chemicals & Pharmaceuticals,EQ,INE572A01028,274.45,276.2,268.1,270.05,270.35,273.3,15411,4168039.95,1257,LEGACY
2018-08-01,LAURUSLABS,Laurus Labs,EQ,INE947Q01010,453.9,459.6,450.55,457.05,457.0,454.7,15191,6936535.95,744,LEGACY
2018-08-01,LUPIN,Lupin,EQ,INE326A01037,825.05,847.7,824.95,844.2,844.0,824.4,3182314,2674820638.45,58534,LEGACY
2018-08-01,NATCOPHARM,Natco Pharma,EQ,INE987B01026,784.0,798.1,778.0,793.55,792.5,781.45,100556,79763633.05,3454,LEGACY
2018-08-01,PEL,Piramal Enterprises,EQ,INE140A01024,2675.0,2817.05,2657.05,2806.3,2805.0,2679.8,602417,1656182557.25,28925,LEGACY
2018-08-01,PFIZER,Pfizer,EQ,INE182A01018,2680.0,2695.0,2650.0,2663.8,2654.2,2672.45,10587,28228399.15,1466,LEGACY
2018-08-01,SANOFI,Sanofi India,EQ,INE058A01010,5980.0,6150.0,5929.9,5992.0,6000.0,5958.6,15340,92921152.2,3142,LEGACY
2018-08-01,STAR,Strides Pharma Science,EQ,INE939A01011,386.5,394.0,380.65,383.5,382.95,384.55,1236489,478007337.15,22567,LEGACY
2018-08-01,SUNPHARMA,Sun Pharmaceutical Industries,EQ,INE044A01036,570.0,576.8,563.8,574.65,573.9,568.5,3672172,2103326054.25,66674,LEGACY
2018-08-01,TORNTPHARM,Torrent Pharmaceuticals,EQ,INE685A01028,1530.0,1545.0,1514.35,1523.45,1519.05,1528.6,197468,302406617.1,12620,LEGACY
2018-08-01,WOCKPHARMA,Wockhardt,EQ,INE049B01025,589.5,602.45,584.6,596.15,595.8,588.2,1084694,645932890.55,20152,LEGACY
2018-08-02,ABBOTINDIA,Abbott India,EQ,INE358A01014,7699.9,7950.1,7667.0,7922.9,7905.0,7666.55,8746,68866888.3,1697,LEGACY
2018-08-02,AJANTPHARM,Ajanta Pharma,EQ,INE031B01049,1142.8,1151.0,1130.0,1136.85,1139.05,1136.5,325936,372415052.0,9904,LEGACY
2018-08-02,ALKEM,Alkem Laboratories,EQ,INE540L01014,2180.0,2242.0,2114.9,2151.05,2115.0,2152.15,47952,105310326.1,4785,LEGACY
2018-08-02,APLLTD,Alembic Pharmaceuticals,EQ,INE901L01018,553.75,596.0,550.95,580.5,579.5,555.55,124987,72529792.25,6489,LEGACY
2018-08-02,AUROPHARMA,Aurobindo Pharma,EQ,INE406A01037,602.0,619.95,600.3,614.8,614.0,599.7,3191427,1955973748.7,65217,LEGACY
2018-08-02,BIOCON,Biocon,EQ,INE376G01013,583.4,590.75,575.8,584.45,582.65,583.35,1967030,1150281265.0,55919,LEGACY
2018-08-02,CADILAHC,Cadila Healthcare,EQ,INE010B01027,379.0,381.55,374.55,376.1,376.1,377.5,1169194,441853817.95,19488,LEGACY
2018-08-02,CIPLA,Cipla,EQ,INE059A01026,635.0,651.9,633.05,638.5,639.0,639.15,3974559,2556689042.9,73067,LEGACY
2018-08-02,DIVISLAB,Divi's Laboratories,EQ,INE361B01024,1165.55,1207.5,1159.05,1200.3,1200.8,1163.75,1309397,1562473441.5,51349,LEGACY
2018-08-02,DRREDDY,Dr. Reddy's Laboratories,EQ,INE089A01023,2175.0,2237.95,2170.0,2227.85,2227.0,2175.7,1039641,2306238663.8,50969,LEGACY
2018-08-02,GLAXO,GlaxoSmithKline Pharmaceuticals,EQ,INE159A01016,3185.0,3205.0,3175.2,3190.65,3180.0,3184.9,10521,33617643.0,1897,LEGACY
2018-08-02,GLENMARK,Glenmark Pharmaceuticals,EQ,INE935A01035,585.0,595.65,581.5,587.3,588.0,584.9,572819,338118802.0,17832,LEGACY
2018-08-02,GRANULES,Granules India,EQ,INE101D01020,102.4,106.8,101.95,105.8,105.7,102.1,6250321,654252885.55,27921,LEGACY
2018-08-02,IPCALAB,IPCA Laboratories,EQ,INE571A01020,759.0,768.5,747.8,756.25,755.0,760.15,52297,39590721.7,3012,LEGACY
2018-08-02,JBCHEPHARM,JB Chemicals & Pharmaceuticals,EQ,INE572A01028,270.7,285.3,269.9,275.0,275.1,270.05,67531,18689411.65,2179,LEGACY
2018-08-02,LAURUSLABS,Laurus Labs,EQ,INE947Q01010,459.0,470.0,455.0,467.2,466.6,457.05,17444,8104719.95,1057,LEGACY
2018-08-02,LUPIN,Lupin,EQ,INE326A01037,845.4,867.0,844.25,864.85,866.5,844.2,3951505,3397473315.1,71080,LEGACY
2018-08-02,NATCOPHARM,Natco Pharma,EQ,INE987B01026,793.0,793.0,781.9,786.55,789.5,793.55,125368,98833769.25,8348,LEGACY
2018-08-02,PEL,Piramal Enterprises,D1,INE140A08SX5,118000.0,120000.0,118000.0,120000.0,120000.0,111000.0,55,6579999.3,9,LEGACY
2018-08-02,PEL,Piramal Enterprises,EQ,INE140A01024,2818.0,3018.7,2818.0,2850.85,2850.0,2806.3,2409694,7041435909.7,126236,LEGACY
2018-08-02,PFIZER,Pfizer,EQ,INE182A01018,2679.0,2819.0,2660.0,2723.7,2699.9,2663.8,260639,716966236.3,26373,LEGACY
2018-08-02,SANOFI,Sanofi India,EQ,INE058A01010,6036.9,6036.9,5930.0,5962.2,5955.25,5992.0,2717,16227548.15,826,LEGACY
2018-08-02,STAR,Strides Pharma Science,EQ,INE939A01011,384.75,402.65,383.1,395.2,393.05,383.5,3641430,1444518279.0,52892,LEGACY
2018-08-02,SUNPHARMA,Sun Pharmaceutical Industries,EQ,INE044A01036,575.9,587.55,575.3,580.4,581.0,574.65,5898107,3438091797.0,97316,LEGACY
2018-08-02,TORNTPHARM,Torrent Pharmaceuticals,EQ,INE685A01028,1526.65,1549.95,1508.0,1523.05,1520.1,1523.45,462777,710421636.9,22665,LEGACY
2018-08-02,WOCKPHARMA,Wockhardt,EQ,INE049B01025,597.7,615.7,597.5,602.6,601.15,596.15,2286500,1391916918.85,41886,LEGACY
2018-08-03,ABBOTINDIA,Abbott India,EQ,INE358A01014,7999.95,8198.0,7942.05,8071.0,8066.0,7922.9,20740,168247428.9,3675,LEGACY
2018-08-03,AJANTPHARM,Ajanta Pharma,EQ,INE031B01049,1139.95,1174.95,1139.95,1155.25,1156.0,1136.85,502480,583100115.05,14984,LEGACY
2018-08-03,ALKEM,Alkem Laboratories,EQ,INE540L01014,2158.85,2203.0,2154.0,2195.75,2203.0,2151.05,23972,52361166.35,2442,LEGACY
2018-08-03,APLLTD,Alembic Pharmaceuticals,EQ,INE901L01018,580.4,594.0,571.05,589.5,590.0,580.5,67316,39270693.5,2846,LEGACY
2018-08-03,AUROPHARMA,Aurobindo Pharma,EQ,INE406A01037,616.0,626.0,616.0,623.15,624.9,614.8,1970658,1226390704.9,36395,LEGACY
2018-08-03,BIOCON,Biocon,EQ,INE376G01013,587.9,597.8,581.0,582.9,581.85,584.45,1989084,1174845113.9,45294,LEGACY
2018-08-03,CADILAHC,Cadila Healthcare,EQ,INE010B01027,378.1,382.6,376.6,377.3,377.0,376.1,1430676,543287475.0,13708,LEGACY
2018-08-03,CIPLA,Cipla,EQ,INE059A01026,640.95,647.6,639.0,641.05,640.0,638.5,1530341,983017340.0,34614,LEGACY
2018-08-03,DIVISLAB,Divi's Laboratories,EQ,INE361B01024,1200.8,1217.0,1186.4,1208.1,1208.0,1200.3,1039224,1250736605.45,31211,LEGACY
2018-08-03,DRREDDY,Dr. Reddy's Laboratories,EQ,INE089A01023,2236.0,2290.0,2230.0,2281.05,2276.95,2227.85,1013107,2300369620.75,43078,LEGACY
2018-08-03,GLAXO,GlaxoSmithKline Pharmaceuticals,EQ,INE159A01016,3190.65,3310.0,3178.05,3293.7,3285.9,3190.65,48660,158603023.8,4807,LEGACY
2018-08-03,GLENMARK,Glenmark Pharmaceuticals,EQ,INE935A01035,587.5,600.35,587.5,597.35,596.2,587.3,827313,493922294.7,17035,LEGACY
2018-08-03,GRANULES,Granules India,EQ,INE101D01020,106.45,106.6,104.75,105.5,105.25,105.8,3259031,344016198.15,15902,LEGACY
2018-08-03,IPCALAB,IPCA Laboratories,EQ,INE571A01020,760.8,773.9,738.85,760.25,766.0,756.25,97619,74504020.55,7146,LEGACY
2018-08-03,JBCHEPHARM,JB Chemicals & Pharmaceuticals,EQ,INE572A01028,278.8,279.25,272.9,275.2,275.9,275.0,32936,9086877.0,3579,LEGACY
2018-08-03,LAURUSLABS,Laurus Labs,EQ,INE947Q01010,469.7,472.0,469.4,470.05,470.1,467.2,170391,80122445.9,1532,LEGACY
2018-08-03,LUPIN,Lupin,EQ,INE326A01037,870.0,895.8,863.4,886.0,885.5,864.85,4137701,3648414594.25,76381,LEGACY
2018-08-03,NATCOPHARM,Natco Pharma,EQ,INE987B01026,787.75,812.4,786.1,801.35,805.0,786.55,281310,225490941.0,8368,LEGACY
2018-08-03,PEL,Piramal Enterprises,EQ,INE140A01024,2872.2,2900.0,2782.6,2794.35,2806.8,2850.85,406999,1154966149.8,21272,LEGACY
2018-08-03,PFIZER,Pfizer,EQ,INE182A01018,2744.1,2763.9,2665.55,2703.95,2720.05,2723.7,111169,303010123.3,17755,LEGACY
2018-08-03,SANOFI,Sanofi India,EQ,INE058A01010,6003.0,6199.0,5984.15,6135.85,6158.0,5962.2,27760,169699853.85,6130,LEGACY
2018-08-03,STAR,Strides Pharma Science,EQ,INE939A01011,395.0,407.45,385.2,393.35,394.05,395.2,2754971,1097864536.05,47145,LEGACY
2018-08-03,SUNPHARMA,Sun Pharmaceutical Industries,EQ,INE044A01036,583.9,589.4,583.85,585.85,586.0,580.4,3298774,1934655800.0,58345,LEGACY
2018-08-03,TORNTPHARM,Torrent Pharmaceuticals,EQ,INE685A01028,1543.0,1654.8,1531.0,1622.65,1625.0,1523.05,1636753,2650118960.0,62457,LEGACY
2018-08-03,WOCKPHARMA,Wockhardt,EQ,INE049B01025,606.4,616.0,605.05,609.15,606.05,602.6,983370,599883533.9,18411,LEGACY
2018-08-06,ABBOTINDIA,Abbott India,EQ,INE358A01014,8100.0,8200.0,8019.7,8116.25,8135.0,8071.0,5411,43803142.45,1138,LEGACY
2018-08-06,AJANTPHARM,Ajanta Pharma,EQ,INE031B01049,1163.4,1172.5,1140.5,1148.65,1150.0,1155.25,261107,302648607.8,7052,LEGACY
2018-08-06,ALKEM,Alkem Laboratories,EQ,INE540L01014,2205.0,2229.05,2160.0,2182.0,2169.0,2195.75,31126,68735079.75,2592,LEGACY
2018-08-06,APLLTD,Alembic Pharmaceuticals,EQ,INE901L01018,594.0,614.25,586.55,595.4,594.0,589.5,169103,101778651.75,8206,LEGACY
2018-08-06,AUROPHARMA,Aurobindo Pharma,EQ,INE406A01037,627.0,636.7,619.3,624.55,624.65,623.15,2412292,1511997756.8,44976,LEGACY
2018-08-06,BIOCON,Biocon,EQ,INE376G01013,587.0,587.25,572.25,573.55,573.55,582.9,1088314,628476367.95,22578,LEGACY
2018-08-06,CADILAHC,Cadila Healthcare,EQ,INE010B01027,380.75,385.95,377.55,380.3,379.8,377.3,1252886,479104463.15,14227,LEGACY
2018-08-06,CIPLA,Cipla,EQ,INE059A01026,647.0,648.8,635.3,637.95,638.1,641.05,2716402,1742357364.1,65292,LEGACY
2018-08-06,DIVISLAB,Divi's Laboratories,EQ,INE361B01024,1205.0,1221.9,1160.0,1192.7,1190.0,1208.1,2336944,2789578893.5,60157,LEGACY
2018-08-06,DRREDDY,Dr. Reddy's Laboratories,EQ,INE089A01023,2285.0,2325.0,2228.2,2234.4,2238.7,2281.05,835775,1893199198.0,30048,LEGACY
2018-08-06,GLAXO,GlaxoSmithKline Pharmaceuticals,EQ,INE159A01016,3306.15,3310.0,3250.0,3260.3,3261.0,3293.7,17401,56808795.55,2342,LEGACY
2018-08-06,GLENMARK,Glenmark Pharmaceuticals,EQ,INE935A01035,601.3,605.25,593.35,599.05,600.9,597.35,551808,330292282.45,11523,LEGACY
2018-08-06,GRANULES,Granules India,EQ,INE101D01020,106.3,109.55,105.55,108.15,108.25,105.5,4375724,470171128.4,18418,LEGACY
2018-08-06,IPCALAB,IPCA Laboratories,EQ,INE571A01020,771.0,795.0,759.0,768.5,767.0,760.25,239961,187456516.25,12707,LEGACY
2018-08-06,JBCHEPHARM,JB Chemicals & Pharmaceuticals,EQ,INE572A01028,274.0,278.4,274.0,277.4,278.0,275.2,13902,3845230.85,226,LEGACY
2018-08-06,LAURUSLABS,Laurus Labs,EQ,INE947Q01010,450.0,450.0,427.0,436.95,438.0,470.05,435335,189527328.55,12484,LEGACY
2018-08-06,LUPIN,Lupin,EQ,INE326A01037,896.6,897.35,864.5,873.15,875.3,886.0,2530276,2229001700.45,48841,LEGACY
2018-08-06,NATCOPHARM,Natco Pharma,EQ,INE987B01026,814.9,822.0,806.0,818.25,821.0,801.35,157944,128927098.85,7384,LEGACY
2018-08-06,PEL,Piramal Enterprises,EQ,INE140A01024,2824.9,2841.1,2766.2,2803.8,2807.0,2794.35,336943,943602070.85,15185,LEGACY
2018-08-06,PFIZER,Pfizer,EQ,INE182A01018,2739.95,2740.0,2680.1,2691.55,2700.0,2703.95,18716,50595024.9,2484,LEGACY
2018-08-06,SANOFI,Sanofi India,EQ,INE058A01010,6289.7,6298.0,6100.0,6121.45,6148.0,6135.85,10867,66732903.9,2046,LEGACY
2018-08-06,STAR,Strides Pharma Science,EQ,INE939A01011,396.05,405.0,394.65,400.05,401.5,393.35,1939787,776464834.8,44114,LEGACY
2018-08-06,SUNPHARMA,Sun Pharmaceutical Industries,EQ,INE044A01036,586.5,593.4,575.1,576.15,577.75,585.85,3867267,2243397989.8,59545,LEGACY
2018-08-06,TORNTPHARM,Torrent Pharmaceuticals,EQ,INE685A01028,1635.0,1669.0,1623.55,1651.1,1650.0,1622.65,797324,1312833387.9,36371,LEGACY
2018-08-06,WOCKPHARMA,Wockhardt,EQ,INE049B01025,621.0,634.0,613.6,622.1,622.1,609.15,2327863,1455888455.65,42193,LEGACY
2018-08-07,ABBOTINDIA,Abbott India,EQ,INE358A01014,8117.0,8125.25,7950.0,8037.75,8028.9,8116.25,5126,41043967.75,1962,LEGACY
2018-08-07,AJANTPHARM,Ajanta Pharma,EQ,INE031B01049,1152.0,1154.75,1130.0,1138.55,1139.1,1148.65,223421,254805382.0,6450,LEGACY
2018-08-07,ALKEM,Alkem Laboratories,EQ,INE540L01014,2169.9,2197.75,2126.4,2136.9,2137.2,2182.0,40534,87529323.75,2452,LEGACY
2018-08-07,APLLTD,Alembic Pharmaceuticals,EQ,INE901L01018,600.0,608.0,585.35,590.75,587.7,595.4,55644,33242290.85,2336,LEGACY
2018-08-07,AUROPHARMA,Aurobindo Pharma,EQ,INE406A01037,626.0,626.75,612.0,619.3,618.2,624.55,1444908,895422442.9,18835,LEGACY
2018-08-07,BIOCON,Biocon,EQ,INE376G01013,575.0,578.8,568.1,574.15,573.1,573.55,1291375,741049643.45,22581,LEGACY
2018-08-07,CADILAHC,Cadila Healthcare,EQ,INE010B01027,381.0,381.9,373.0,373.85,373.9,380.3,694292,261259295.4,10746,LEGACY
2018-08-07,CIPLA,Cipla,EQ,INE059A01026,642.9,642.9,627.1,629.45,628.05,637.95,2414434,1521846098.75,35609,LEGACY
2018-08-07,DIVISLAB,Divi's Laboratories,EQ,INE361B01024,1196.0,1199.9,1151.6,1162.5,1161.8,1192.7,859756,1004880927.2,35701,LEGACY
2018-08-07,DRREDDY,Dr. Reddy's Laboratories,EQ,INE089A01023,2249.9,2281.45,2245.05,2258.8,2261.5,2234.4,499910,1129858573.15,27944,LEGACY
2018-08-07,GLAXO,GlaxoSmithKline Pharmaceuticals,EQ,INE159A01016,3260.3,3289.7,3250.0,3267.9,3258.45,3260.3,10518,34317160.45,1287,LEGACY
2018-08-07,GLENMARK,Glenmark Pharmaceuticals,EQ,INE935A01035,599.95,601.0,583.6,590.9,591.6,599.05,738874,436185328.5,21931,LEGACY
2018-08-07,GRANULES,Granules India,EQ,INE101D01020,108.9,109.05,106.1,107.55,107.05,108.15,3293887,353791517.8,14081,LEGACY
2018-08-07,IPCALAB,IPCA Laboratories,EQ,INE571A01020,764.85,788.0,764.85,779.6,778.0,768.5,103055,80403913.95,4337,LEGACY
2018-08-07,JBCHEPHARM,JB Chemicals & Pharmaceuticals,EQ,INE572A01028,277.95,288.25,275.5,280.0,279.65,277.4,155557,43700447.4,1553,LEGACY
2018-08-07,LAURUSLABS,Laurus Labs,EQ,INE947Q01010,438.1,442.65,433.3,435.15,435.0,436.95,269531,117157216.8,3432,LEGACY
2018-08-07,LUPIN,Lupin,EQ,INE326A01037,877.4,890.0,856.6,866.6,867.9,873.15,2701966,2349351634.1,50520,LEGACY
2018-08-07,NATCOPHARM,Natco Pharma,EQ,INE987B01026,821.9,824.0,810.0,813.7,810.15,818.25,167995,137346355.85,6653,LEGACY
2018-08-07,PEL,Piramal Enterprises,EQ,INE140A01024,2824.0,2923.3,2805.0,2906.1,2901.0,2803.8,563847,1620963369.95,26496,LEGACY
2018-08-07,PFIZER,Pfizer,EQ,INE182A01018,2708.9,2729.0,2659.5,2670.05,2665.0,2691.55,33308,89620517.25,3358,LEGACY
2018-08-07,SANOFI,Sanofi India,EQ,INE058A01010,6167.35,6225.0,6120.0,6143.8,6140.05,6121.45,7792,47940162.35,1542,LEGACY
2018-08-07,STAR,Strides Pharma Science,EQ,INE939A01011,402.0,404.2,389.35,392.4,391.9,400.05,1226065,483692135.8,17111,LEGACY
2018-08-07,SUNPHARMA,Sun Pharmaceutical Industries,EQ,INE044A01036,580.45,582.5,568.25,569.7,569.4,576.15,3076068,1763838011.05,47129,LEGACY
2018-08-07,TORNTPHARM,Torrent Pharmaceuticals,EQ,INE685A01028,1655.0,1704.65,1642.0,1682.95,1688.85,1651.1,825333,1386636679.6,30349,LEGACY
2018-08-07,WOCKPHARMA,Wockhardt,EQ,INE049B01025,626.0,628.8,590.65,593.75,593.75,622.1,1568687,953741344.4,26358,LEGACY
2018-08-08,ABBOTINDIA,Abbott India,EQ,INE358A01014,8037.75,8100.15,8010.0,8042.35,8050.0,8037.75,4019,32352010.95,869,LEGACY
2018-08-08,AJANTPHARM,Ajanta Pharma,EQ,INE031B01049,1142.5,1194.85,1130.95,1187.75,1194.85,1138.55,631875,741101055.1,20829,LEGACY
2018-08-08,ALKEM,Alkem Laboratories,EQ,INE540L01014,2136.0,2175.0,2130.0,2134.6,2135.0,2136.9,16067,34508806.35,1769,LEGACY
2018-08-08,APLLTD,Alembic Pharmaceuticals,EQ,INE901L01018,592.0,612.7,590.0,608.2,608.0,590.75,82042,49454263.2,3333,LEGACY
2018-08-08,AUROPHARMA,Aurobindo Pharma,EQ,INE406A01037,619.3,625.9,607.75,610.85,610.8,619.3,1753661,1080350014.8,26262,LEGACY
2018-08-08,BIOCON,Biocon,EQ,INE376G01013,574.15,580.0,565.0,566.3,566.95,574.15,1576790,901806031.45,28654,LEGACY
2018-08-08,CADILAHC,Cadila Healthcare,EQ,INE010B01027,375.1,380.05,374.25,375.7,376.0,373.85,854788,321968158.9,10440,LEGACY
2018-08-08,CIPLA,Cipla,EQ,INE059A01026,629.0,645.45,623.6,632.55,644.1,629.45,4121062,2601228894.55,74866,LEGACY
2018-08-08,DIVISLAB,Divi's Laboratories,EQ,INE361B01024,1169.5,1169.95,1124.05,1131.95,1125.3,1162.5,1567894,1784153504.4,26404,LEGACY
2018-08-08,DRREDDY,Dr. Reddy's Laboratories,EQ,INE089A01023,2263.0,2280.0,2237.0,2245.5,2250.1,2258.8,345399,777879242.15,16547,LEGACY
2018-08-08,GLAXO,GlaxoSmithKline Pharmaceuticals,EQ,INE159A01016,3268.95,3339.95,3267.95,3288.05,3290.0,3267.9,23151,76645030.2,2479,LEGACY
2018-08-08,GLENMARK,Glenmark Pharmaceuticals,EQ,INE935A01035,592.9,593.65,583.2,587.2,588.2,590.9,712742,418190029.65,15660,LEGACY
2018-08-08,GRANULES,Granules India,EQ,INE101D01020,107.35,107.5,101.9,103.5,102.8,107.55,2721076,285406122.6,11315,LEGACY
2018-08-08,IPCALAB,IPCA Laboratories,EQ,INE571A01020,771.05,811.0,771.05,799.45,800.0,779.6,338732,271175969.5,11925,LEGACY
2018-08-08,JBCHEPHARM,JB Chemicals & Pharmaceuticals,EQ,INE572A01028,279.6,280.35,276.5,277.8,277.8,280.0,292829,81755067.4,1367,LEGACY
2018-08-08,LAURUSLABS,Laurus Labs,EQ,INE947Q01010,434.9,442.0,432.05,440.65,440.1,435.15,31601,13875812.0,1766,LEGACY
2018-08-08,LUPIN,Lupin,EQ,INE326A01037,868.1,884.8,818.55,825.55,822.15,866.6,13275336,11247177252.3,214492,LEGACY
2018-08-08,NATCOPHARM,Natco Pharma,EQ,INE987B01026,815.0,823.85,777.7,813.05,819.7,813.7,281789,227482394.35,7271,LEGACY
2018-08-08,PEL,Piramal Enterprises,EQ,INE140A01024,2900.0,2918.65,2865.4,2876.25,2875.0,2906.1,274439,793378226.4,14755,LEGACY
2018-08-08,PFIZER,Pfizer,EQ,INE182A01018,2690.05,2800.0,2680.05,2709.85,2710.0,2670.05,152660,417140084.9,14875,LEGACY
2018-08-08,SANOFI,Sanofi India,EQ,INE058A01010,6214.0,6214.0,6130.1,6146.1,6150.0,6143.8,6532,40208344.7,1380,LEGACY
2018-08-08,STAR,Strides Pharma Science,EQ,INE939A01011,393.4,423.9,376.6,414.85,413.95,392.4,12945281,5285016510.55,193853,LEGACY
2018-08-08,SUNPHARMA,Sun Pharmaceutical Industries,EQ,INE044A01036,570.0,578.35,564.3,574.0,575.35,569.7,2970652,1698626105.5,48284,LEGACY
2018-08-08,TORNTPHARM,Torrent Pharmaceuticals,EQ,INE685A01028,1683.95,1725.0,1672.15,1719.7,1722.0,1682.95,471604,801960858.85,22143,LEGACY
2018-08-08,WOCKPHARMA,Wockhardt,EQ,INE049B01025,596.0,611.0,587.6,603.1,604.5,593.75,1515328,911278831.05,28189,LEGACY
2018-08-09,ABBOTINDIA,Abbott India,EQ,INE358A01014,8000.0,8088.0,7825.1,7919.3,7841.05,8042.35,8591,68666485.85,1524,LEGACY
2018-08-09,AJANTPHARM,Ajanta Pharma,EQ,INE031B01049,1196.0,1203.0,1148.0,1155.3,1155.25,1187.75,655412,770783193.6,20811,LEGACY
2018-08-09,ALKEM,Alkem Laboratories,EQ,INE540L01014,2135.0,2175.0,2088.0,2110.0,2105.4,2134.6,9468,20195816.85,2192,LEGACY
2018-08-09,APLLTD,Alembic Pharmaceuticals,EQ,INE901L01018,598.95,608.5,592.55,595.5,596.0,608.2,34896,20933822.05,1311,LEGACY
2018-08-09,AUROPHARMA,Aurobindo Pharma,EQ,INE406A01037,613.0,614.5,592.8,599.7,600.0,610.85,3462964,2089571518.95,61980,LEGACY
2018-08-09,BIOCON,Biocon,EQ,INE376G01013,567.0,574.8,564.3,570.3,569.0,566.3,1494292,852083452.1,31378,LEGACY
2018-08-09,CADILAHC,Cadila Healthcare,EQ,INE010B01027,377.5,381.4,374.35,378.55,379.0,375.7,734073,278019820.3,13604,LEGACY
2018-08-09,CIPLA,Cipla,EQ,INE059A01026,649.0,662.5,616.7,619.15,621.05,632.55,9996909,6368945006.65,167438,LEGACY
2018-08-09,DIVISLAB,Divi's Laboratories,EQ,INE361B01024,1130.0,1141.3,1111.05,1114.95,1118.0,1131.95,839082,943740732.85,22985,LEGACY
2018-08-09,DRREDDY,Dr. Reddy's Laboratories,EQ,INE089A01023,2263.9,2263.9,2205.05,2237.7,2240.0,2245.5,390701,871907818.6,17634,LEGACY
2018-08-09,GLAXO,GlaxoSmithKline Pharmaceuticals,EQ,INE159A01016,3310.0,3325.0,3285.0,3294.8,3295.0,3288.05,10332,34159568.15,1554,LEGACY
2018-08-09,GLENMARK,Glenmark Pharmaceuticals,EQ,INE935A01035,587.2,597.6,585.5,594.95,595.0,587.2,758096,450414483.6,20094,LEGACY
2018-08-09,GRANULES,Granules India,EQ,INE101D01020,103.0,108.0,102.0,107.15,107.7,103.5,3562273,376074807.55,16092,LEGACY
2018-08-09,IPCALAB,IPCA Laboratories,EQ,INE571A01020,809.3,822.0,745.0,750.85,746.9,799.45,1402236,1110094666.95,33493,LEGACY
2018-08-09,JBCHEPHARM,JB Chemicals & Pharmaceuticals,EQ,INE572A01028,277.8,283.4,277.05,278.55,278.0,277.8,17239,4825411.55,897,LEGACY
2018-08-09,LAURUSLABS,Laurus Labs,EQ,INE947Q01010,438.65,443.0,438.15,440.75,440.7,440.65,32400,14269465.1,1371,LEGACY
2018-08-09,LUPIN,Lupin,EQ,INE326A01037,812.1,844.0,804.45,822.85,825.7,825.55,9891077,8190162707.9,162253,LEGACY
2018-08-09,NATCOPHARM,Natco Pharma,EQ,INE987B01026,815.0,815.0,780.0,783.15,781.0,813.05,281773,222995358.9,8725,LEGACY
2018-08-09,PEL,Piramal Enterprises,EQ,INE140A01024,2875.0,2905.0,2861.25,2872.3,2880.0,2876.25,182523,526125747.0,9350,LEGACY
2018-08-09,PFIZER,Pfizer,EQ,INE182A01018,2720.0,2773.0,2708.8,2737.65,2712.1,2709.85,79841,219162732.0,10750,LEGACY
2018-08-09,SANOFI,Sanofi India,EQ,INE058A01010,6180.0,6279.85,6130.1,6246.85,6230.0,6146.1,7503,46767358.45,2401,LEGACY
2018-08-09,STAR,Strides Pharma Science,EQ,INE939A01011,416.3,435.0,416.3,423.85,425.5,414.85,6543598,2793384673.35,112405,LEGACY
2018-08-09,SUNPHARMA,Sun Pharmaceutical Industries,EQ,INE044A01036,575.2,584.9,563.05,571.45,572.0,574.0,4595269,2641161901.75,68733,LEGACY
2018-08-09,TORNTPHARM,Torrent Pharmaceuticals,EQ,INE685A01028,1719.65,1768.0,1692.55,1700.4,1705.0,1719.7,669044,1155576929.45,52405,LEGACY
2018-08-09,WOCKPHARMA,Wockhardt,EQ,INE049B01025,604.9,615.75,594.1,601.65,600.1,603.1,1153402,698740503.35,23961,LEGACY
2018-08-10,ABBOTINDIA,Abbott India,EQ,INE358A01014,7920.0,8014.75,7810.05,7996.55,7960.0,7919.3,5212,41484309.2,995,LEGACY
2018-08-10,AJANTPHARM,Ajanta Pharma,EQ,INE031B01049,1158.4,1161.65,1135.35,1146.1,1154.0,1155.3,244672,280735463.9,7050,LEGACY
2018-08-10,ALKEM,Alkem Laboratories,EQ,INE540L01014,2110.0,2148.8,2025.0,2059.8,2050.0,2110.0,337078,707688232.75,20127,LEGACY
2018-08-10,APLLTD,Alembic Pharmaceuticals,EQ,INE901L01018,596.55,597.8,567.0,576.0,578.0,595.5,63686,36798596.0,3390,LEGACY
2018-08-10,AUROPHARMA,Aurobindo Pharma,EQ,INE406A01037,601.0,614.4,594.85,610.9,608.55,599.7,3260599,1974243815.45,48824,LEGACY
2018-08-10,BIOCON,Biocon,EQ,INE376G01013,570.0,577.55,563.0,564.9,563.4,570.3,1460009,833109348.6,35865,LEGACY
2018-08-10,CADILAHC,Cadila Healthcare,EQ,INE010B01027,379.9,381.1,374.5,377.15,376.9,378.55,833811,314329926.8,13884,LEGACY
2018-08-10,CIPLA,Cipla,EQ,INE059A01026,624.95,628.5,614.5,621.05,621.1,619.15,3168280,1971268223.55,47777,LEGACY
2018-08-10,DIVISLAB,Divi's Laboratories,EQ,INE361B01024,1115.0,1135.0,1100.0,1124.3,1120.25,1114.95,962927,1078246128.75,34084,LEGACY
2018-08-10,DRREDDY,Dr. Reddy's Laboratories,EQ,INE089A01023,2236.4,2256.9,2205.5,2214.3,2221.5,2237.7,323888,721567926.0,14029,LEGACY
2018-08-10,GLAXO,GlaxoSmithKline Pharmaceuticals,EQ,INE159A01016,3295.0,3310.0,3260.0,3286.9,3282.0,3294.8,8998,29564861.15,1179,LEGACY
2018-08-10,GLENMARK,Glenmark Pharmaceuticals,EQ,INE935A01035,599.9,599.9,585.25,591.05,590.35,594.95,488294,288477041.0,9687,LEGACY
2018-08-10,GRANULES,Granules India,EQ,INE101D01020,106.9,107.7,103.35,104.25,104.25,107.15,2366809,248421787.25,9730,LEGACY
2018-08-10,IPCALAB,IPCA Laboratories,EQ,INE571A01020,750.2,758.4,735.15,740.25,740.0,750.85,248086,184480046.75,7524,LEGACY
2018-08-10,JBCHEPHARM,JB Chemicals & Pharmaceuticals,EQ,INE572A01028,277.95,305.8,277.95,298.8,296.0,278.55,352160,103776759.5,7566,LEGACY
2018-08-10,LAURUSLABS,Laurus Labs,EQ,INE947Q01010,441.05,451.25,436.65,438.1,437.0,440.75,773332,343799842.65,3154,LEGACY
2018-08-10,LUPIN,Lupin,EQ,INE326A01037,825.3,827.9,806.0,809.45,808.5,822.85,4015679,3262008601.6,79168,LEGACY
2018-08-10,NATCOPHARM,Natco Pharma,EQ,INE987B01026,783.5,785.05,773.5,775.95,775.55,783.15,121000,94231897.45,4126,LEGACY
2018-08-10,PEL,Piramal Enterprises,D1,INE140A08SX5,111530.0,111530.0,111530.0,111530.0,111530.0,120000.0,500,55765000.0,1,LEGACY
2018-08-10,PEL,Piramal Enterprises,EQ,INE140A01024,2866.0,2895.0,2793.0,2809.55,2807.0,2872.3,160577,455970677.8,9617,LEGACY
2018-08-10,PFIZER,Pfizer,EQ,INE182A01018,2720.15,2760.0,2701.15,2714.3,2715.0,2737.65,23727,64858500.8,4400,LEGACY
2018-08-10,SANOFI,Sanofi India,EQ,INE058A01010,6300.0,6420.0,6271.35,6367.5,6331.05,6246.85,15086,95920462.1,4909,LEGACY
2018-08-10,STAR,Strides Pharma Science,EQ,INE939A01011,425.5,428.3,407.3,411.35,411.15,423.85,2435372,1010968815.85,38355,LEGACY
2018-08-10,SUNPHARMA,Sun Pharmaceutical Industries,EQ,INE044A01036,566.1,569.7,548.85,554.0,554.5,571.45,6086714,3383056721.05,121371,LEGACY
2018-08-10,TORNTPHARM,Torrent Pharmaceuticals,EQ,INE685A01028,1703.0,1709.75,1672.2,1697.05,1696.75,1700.4,264918,449845698.05,17117,LEGACY
2018-08-10,WOCKPHARMA,Wockhardt,EQ,INE049B01025,602.2,606.6,591.35,595.9,596.0,601.65,659349,393985275.7,12470,LEGACY
2018-08-13,ABBOTINDIA,Abbott India,EQ,INE358A01014,8149.9,8149.9,7850.0,7891.5,7850.0,7996.55,11125,88738806.5,2665,LEGACY
2018-08-13,AJANTPHARM,Ajanta Pharma,EQ,INE031B01049,1148.0,1164.0,1132.15,1141.15,1146.95,1146.1,354956,407383042.0,11209,LEGACY
2018-08-13,ALKEM,Alkem Laboratories,EQ,INE540L01014,2060.0,2068.0,1979.95,2000.5,2000.0,2059.8,135849,271874541.6,7408,LEGACY
2018-08-13,APLLTD,Alembic Pharmaceuticals,EQ,INE901L01018,570.0,576.0,556.1,558.65,558.0,576.0,47892,27007255.35,3040,LEGACY
2018-08-13,AUROPHARMA,Aurobindo Pharma,EQ,INE406A01037,603.0,621.95,602.0,618.8,619.6,610.9,1786426,1101394941.0,32130,LEGACY
2018-08-13,BIOCON,Biocon,EQ,INE376G01013,561.0,575.0,560.15,571.7,573.5,564.9,934856,532777677.8,17450,LEGACY
2018-08-13,CADILAHC,Cadila Healthcare,EQ,INE010B01027,373.1,382.65,351.0,354.35,352.7,377.15,5669251,2068789470.95,72237,LEGACY
2018-08-13,CIPLA,Cipla,EQ,INE059A01026,622.0,631.55,619.2,628.3,628.4,621.05,2374657,1491562566.75,44317,LEGACY
2018-08-13,DIVISLAB,Divi's Laboratories,EQ,INE361B01024,1117.5,1134.0,1110.85,1120.2,1119.75,1124.3,325959,365956809.55,14087,LEGACY
2018-08-13,DRREDDY,Dr. Reddy's Laboratories,EQ,INE089A01023,2220.0,2249.0,2215.15,2241.6,2248.0,2214.3,267323,597591078.35,16961,LEGACY
2018-08-13,GLAXO,GlaxoSmithKline Pharmaceuticals,EQ,INE159A01016,3286.9,3308.0,3260.0,3267.1,3269.7,3286.9,9046,29698224.9,1205,LEGACY
2018-08-13,GLENMARK,Glenmark Pharmaceuticals,EQ,INE935A01035,575.05,590.8,575.05,583.5,580.5,591.05,1063125,620825259.95,17887,LEGACY
2018-08-13,GRANULES,Granules India,EQ,INE101D01020,102.45,106.8,102.45,105.7,106.0,104.25,2169172,228287496.4,10362,LEGACY
2018-08-13,IPCALAB,IPCA Laboratories,EQ,INE571A01020,735.0,741.35,718.45,738.3,735.1,740.25,139258,102616370.2,17021,LEGACY
2018-08-13,JBCHEPHARM,JB Chemicals & Pharmaceuticals,EQ,INE572A01028,294.9,309.2,290.05,306.25,306.0,298.8,203577,61928880.05,10764,LEGACY
2018-08-13,LAURUSLABS,Laurus Labs,EQ,INE947Q01010,437.0,441.9,435.1,440.0,441.0,438.1,68556,30053294.75,4811,LEGACY
2018-08-13,LUPIN,Lupin,EQ,INE326A01037,804.5,819.0,801.0,811.95,813.0,809.45,1985586,1612916472.0,61920,LEGACY
2018-08-13,NATCOPHARM,Natco Pharma,EQ,INE987B01026,774.9,778.1,760.3,765.4,765.0,775.95,94133,72210720.05,4609,LEGACY
2018-08-13,PEL,Piramal Enterprises,D1,INE140A08SX5,111530.0,114340.0,111530.0,111550.0,111550.0,111530.0,1948,218201460.0,16,LEGACY
2018-08-13,PEL,Piramal Enterprises,EQ,INE140A01024,2798.0,2829.15,2770.0,2777.7,2783.0,2809.55,96970,271468573.55,6664,LEGACY
2018-08-13,PFIZER,Pfizer,EQ,INE182A01018,2709.95,2848.0,2700.15,2836.55,2832.0,2714.3,93391,261119985.0,10539,LEGACY
2018-08-13,SANOFI,Sanofi India,EQ,INE058A01010,6350.0,6470.7,6257.15,6333.3,6310.0,6367.5,6085,38913563.55,1417,LEGACY
2018-08-13,STAR,Strides Pharma Science,EQ,INE939A01011,408.9,420.5,403.3,414.45,414.85,411.35,1905959,790240040.3,38222,LEGACY
2018-08-13,SUNPHARMA,Sun Pharmaceutical Industries,EQ,INE044A01036,556.9,567.5,552.6,563.9,564.8,554.0,3254839,1832095892.05,83565,LEGACY
2018-08-13,TORNTPHARM,Torrent Pharmaceuticals,EQ,INE685A01028,1690.0,1709.75,1675.0,1698.15,1695.1,1697.05,181831,307659190.65,12327,LEGACY
2018-08-13,WOCKPHARMA,Wockhardt,EQ,INE049B01025,591.85,606.5,590.0,595.85,597.4,595.9,834904,500113475.55,15577,LEGACY
2018-08-14,ABBOTINDIA,Abbott India,EQ,INE358A01014,7825.5,7888.0,7600.0,7634.9,7650.0,7891.5,17110,132287697.45,2913,LEGACY
2018-08-14,AJANTPHARM,Ajanta Pharma,EQ,INE031B01049,1145.7,1169.9,1137.7,1168.2,1169.0,1141.15,259277,299786698.15,9186,LEGACY
2018-08-14,ALKEM,Alkem Laboratories,EQ,INE540L01014,2024.6,2035.0,1980.0,2010.35,2022.0,2000.5,69212,139109854.3,2092,LEGACY
2018-08-14,APLLTD,Alembic Pharmaceuticals,EQ,INE901L01018,557.0,582.9,557.0,580.6,581.3,558.65,28046,16145523.8,1696,LEGACY
2018-08-14,AUROPHARMA,Aurobindo Pharma,EQ,INE406A01037,618.7,634.0,608.55,631.35,631.8,618.8,2373433,1482149111.35,40262,LEGACY
2018-08-14,BIOCON,Biocon,EQ,INE376G01013,574.8,590.95,570.1,589.4,589.75,571.7,1989724,1158779157.25,41127,LEGACY
2018-08-14,CADILAHC,Cadila Healthcare,EQ,INE010B01027,355.0,356.9,336.0,340.0,340.15,354.35,9581860,3273455159.1,109989,LEGACY
2018-08-14,CIPLA,Cipla,EQ,INE059A01026,629.1,647.0,624.0,642.75,645.95,628.3,2451003,1562478261.9,64218,LEGACY
2018-08-14,DIVISLAB,Divi's Laboratories,EQ,INE361B01024,1119.9,1157.6,1080.0,1154.55,1155.2,1120.2,466382,532273592.7,14630,LEGACY
2018-08-14,DRREDDY,Dr. Reddy's Laboratories,EQ,INE089A01023,2254.0,2291.0,2239.05,2278.45,2279.0,2241.6,482038,1091609161.35,18917,LEGACY
2018-08-14,GLAXO,GlaxoSmithKline Pharmaceuticals,EQ,INE159A01016,3275.0,3295.0,3260.1,3287.85,3290.0,3267.1,6824,22408140.8,1427,LEGACY
2018-08-14,GLENMARK,Glenmark Pharmaceuticals,EQ,INE935A01035,580.1,589.2,570.15,584.7,584.6,583.5,664767,385299546.9,12844,LEGACY
2018-08-14,GRANULES,Granules India,EQ,INE101D01020,105.85,106.8,102.1,104.8,104.1,105.7,2313610,241068588.85,11137,LEGACY
2018-08-14,IPCALAB,IPCA Laboratories,EQ,INE571A01020,732.0,749.0,726.0,739.3,742.7,738.3,112094,82418332.4,13597,LEGACY
2018-08-14,JBCHEPHARM,JB Chemicals & Pharmaceuticals,EQ,INE572A01028,305.9,311.15,298.85,309.6,308.95,306.25,189038,58132749.25,4642,LEGACY
2018-08-14,LAURUSLABS,Laurus Labs,EQ,INE947Q01010,437.2,450.0,437.2,447.15,446.35,440.0,159167,70811679.95,1585,LEGACY
2018-08-14,LUPIN,Lupin,EQ,INE326A01037,815.0,840.0,807.55,836.75,838.75,811.95,3243237,2669615221.5,80588,LEGACY
2018-08-14,NATCOPHARM,Natco Pharma,EQ,INE987B01026,770.0,770.0,749.0,752.55,749.2,765.4,208559,157344080.1,11629,LEGACY
2018-08-14,PEL,Piramal Enterprises,D1,INE140A08SX5,111530.0,111530.0,111530.0,111530.0,111530.0,111550.0,370,41266100.0,32,LEGACY
2018-08-14,PEL,Piramal Enterprises,EQ,INE140A01024,2778.95,2850.75,2730.1,2833.75,2838.0,2777.7,154276,430318243.85,11244,LEGACY
2018-08-14,PFIZER,Pfizer,EQ,INE182A01018,2831.0,2914.0,2825.0,2898.25,2880.25,2836.55,84395,243744392.45,7610,LEGACY
2018-08-14,SANOFI,Sanofi India,EQ,INE058A01010,6310.0,6417.65,6310.0,6346.95,6344.0,6333.3,3570,22704787.7,1287,LEGACY
2018-08-14,STAR,Strides Pharma Science,EQ,INE939A01011,416.0,423.8,404.05,420.3,419.05,414.45,2132175,884886007.85,39557,LEGACY
2018-08-14,SUNPHARMA,Sun Pharmaceutical Industries,EQ,INE044A01036,565.5,610.0,560.1,601.8,605.6,563.9,25001972,14793479154.05,277849,LEGACY
2018-08-14,TORNTPHARM,Torrent Pharmaceuticals,EQ,INE685A01028,1700.0,1717.0,1695.0,1710.8,1712.0,1698.15,309354,528284034.4,37106,LEGACY
2018-08-14,WOCKPHARMA,Wockhardt,EQ,INE049B01025,599.5,611.5,590.0,609.75,610.1,595.85,1061016,638538117.0,21877,LEGACY
2018-08-16,ABBOTINDIA,Abbott India,EQ,INE358A01014,7560.0,7718.5,7506.0,7547.8,7550.0,7634.9,19528,148422267.9,2417,LEGACY
2018-08-16,AJANTPHARM,Ajanta Pharma,EQ,INE031B01049,1170.0,1198.7,1161.45,1188.2,1188.7,1168.2,441235,523297333.45,19682,LEGACY
2018-08-16,ALKEM,Alkem Laboratories,EQ,INE540L01014,2048.1,2067.7,2000.0,2043.55,2025.3,2010.35,128353,259213487.45,6723,LEGACY
2018-08-16,APLLTD,Alembic Pharmaceuticals,EQ,INE901L01018,576.0,619.0,566.25,595.9,596.6,580.6,203273,122809699.15,7689,LEGACY
2018-08-16,AUROPHARMA,Aurobindo Pharma,EQ,INE406A01037,631.45,639.95,624.5,635.3,639.0,631.35,3221672,2038300966.2,50326,LEGACY
2018-08-16,BIOCON,Biocon,EQ,INE376G01013,591.0,599.9,589.0,597.65,597.45,589.4,2389580,1422115058.3,44149,LEGACY
2018-08-16,CADILAHC,Cadila Healthcare,EQ,INE010B01027,343.0,343.9,332.85,340.2,342.3,340.0,7445622,2509068504.35,83099,LEGACY
2018-08-16,CIPLA,Cipla,EQ,INE059A01026,644.7,660.0,634.25,648.35,649.95,642.75,3925549,2555413084.2,117174,LEGACY
2018-08-16,DIVISLAB,Divi's Laboratories,EQ,INE361B01024,1154.4,1166.8,1141.1,1164.4,1162.0,1154.55,451485,522284905.1,21399,LEGACY
2018-08-16,DRREDDY,Dr. Reddy's Laboratories,EQ,INE089A01023,2275.35,2361.45,2270.85,2353.45,2357.6,2278.45,895988,2082220787.65,36321,LEGACY
2018-08-16,GLAXO,GlaxoSmithKline Pharmaceuticals,EQ,INE159A01016,3300.0,3322.0,3265.0,3273.4,3266.0,3287.85,10819,35575818.5,2041,LEGACY
2018-08-16,GLENMARK,Glenmark Pharmaceuticals,EQ,INE935A01035,582.5,588.0,577.45,583.25,581.6,584.7,656234,382629752.8,17468,LEGACY
2018-08-16,GRANULES,Granules India,EQ,INE101D01020,103.9,108.1,103.5,106.5,106.4,104.8,2742776,291746459.9,14841,LEGACY
2018-08-16,IPCALAB,IPCA Laboratories,EQ,INE571A01020,737.1,750.45,728.3,734.25,730.35,739.3,137761,102073925.75,18837,LEGACY
2018-08-16,JBCHEPHARM,JB Chemicals & Pharmaceuticals,EQ,INE572A01028,311.5,319.0,305.65,310.15,309.05,309.6,94748,29676261.85,3345,LEGACY
2018-08-16,LAURUSLABS,Laurus Labs,EQ,INE947Q01010,447.25,447.25,438.7,440.1,440.55,447.15,348209,153244706.25,1555,LEGACY
2018-08-16,LUPIN,Lupin,EQ,INE326A01037,833.9,851.7,826.0,849.75,849.2,836.75,2434628,2048448482.55,56422,LEGACY
2018-08-16,NATCOPHARM,Natco Pharma,EQ,INE987B01026,753.8,756.0,748.0,751.9,752.0,752.55,195360,146866592.45,19657,LEGACY
2018-08-16,PEL,Piramal Enterprises,D1,INE140A08SX5,110000.0,110000.0,107200.0,107200.0,107200.0,111530.0,14903,1597671600.0,55,LEGACY
2018-08-16,PEL,Piramal Enterprises,EQ,INE140A01024,2830.0,2834.0,2680.5,2711.45,2707.0,2833.75,300181,823940515.65,32598,LEGACY
2018-08-16,PFIZER,Pfizer,EQ,INE182A01018,2883.0,3074.0,2883.0,3034.45,3016.9,2898.25,125270,378213919.25,16217,LEGACY
2018-08-16,SANOFI,Sanofi India,EQ,INE058A01010,6374.0,6436.2,6301.0,6320.65,6335.0,6346.95,9218,58761709.05,3157,LEGACY
2018-08-16,STAR,Strides Pharma Science,EQ,INE939A01011,419.35,434.4,415.1,431.8,432.9,420.3,2969345,1272125529.45,52107,LEGACY
2018-08-16,SUNPHARMA,Sun Pharmaceutical Industries,EQ,INE044A01036,610.0,621.7,602.2,619.7,621.0,601.8,25169096,15422864616.05,346842,LEGACY
2018-08-16,TORNTPHARM,Torrent Pharmaceuticals,EQ,INE685A01028,1702.55,1719.0,1690.0,1700.15,1696.25,1710.8,277674,472758438.3,34568,LEGACY
2018-08-16,WOCKPHARMA,Wockhardt,EQ,INE049B01025,610.6,623.75,607.5,618.5,619.9,609.75,1593058,982270317.7,29447,LEGACY
2018-08-21,ABBOTINDIA,Abbott India,EQ,INE358A01014,7909.0,8000.0,7766.2,7796.45,7800.0,7909.5,7621,60118139.05,1384,LEGACY
2018-08-21,AJANTPHARM,Ajanta Pharma,EQ,INE031B01049,1205.0,1238.5,1195.2,1229.7,1234.7,1203.35,600133,733271603.2,21317,LEGACY
2018-08-21,ALKEM,Alkem Laboratories,EQ,INE540L01014,2129.0,2129.0,2083.45,2094.4,2095.0,2123.25,91979,193254048.6,7444,LEGACY
2018-08-21,APLLTD,Alembic Pharmaceuticals,EQ,INE901L01018,590.0,601.75,587.05,591.8,590.75,588.25,33323,19807928.55,1496,LEGACY
2018-08-21,AUROPHARMA,Aurobindo Pharma,EQ,INE406A01037,665.0,669.6,649.15,662.65,664.0,659.55,3773460,2496072085.4,57005,LEGACY
2018-08-21,BIOCON,Biocon,EQ,INE376G01013,606.0,614.95,595.4,612.3,612.55,604.1,2213334,1346696553.05,47117,LEGACY
2018-08-21,CADILAHC,Cadila Healthcare,EQ,INE010B01027,379.8,389.7,371.05,387.45,386.5,377.45,4923042,1884596830.55,63314,LEGACY
2018-08-21,CIPLA,Cipla,EQ,INE059A01026,647.9,654.45,644.0,650.25,651.55,643.85,1981523,1286212691.75,41990,LEGACY
2018-08-21,DIVISLAB,Divi's Laboratories,EQ,INE361B01024,1258.0,1259.05,1229.05,1247.7,1248.0,1246.7,1794448,2231618438.6,39864,LEGACY
2018-08-21,DRREDDY,Dr. Reddy's Laboratories,EQ,INE089A01023,2388.0,2427.9,2354.1,2410.95,2423.2,2380.75,638958,1534999924.1,26121,LEGACY
2018-08-21,GLAXO,GlaxoSmithKline Pharmaceuticals,EQ,INE159A01016,3357.8,3360.0,3315.35,3331.75,3335.0,3344.15,12285,40910190.3,2149,LEGACY
2018-08-21,GLENMARK,Glenmark Pharmaceuticals,EQ,INE935A01035,610.0,641.55,607.0,635.9,636.35,608.2,2343563,1468557416.2,46188,LEGACY
2018-08-21,GRANULES,Granules India,EQ,INE101D01020,111.25,112.6,109.3,112.0,111.3,111.25,3094532,343578950.5,15258,LEGACY
2018-08-21,IPCALAB,IPCA Laboratories,EQ,INE571A01020,730.0,758.8,721.6,753.0,755.0,727.65,229880,170916551.85,11127,LEGACY
2018-08-21,JBCHEPHARM,JB Chemicals & Pharmaceuticals,EQ,INE572A01028,306.3,309.85,300.05,304.0,304.3,309.8,21724,6612722.55,2255,LEGACY
2018-08-21,LAURUSLABS,Laurus Labs,EQ,INE947Q01010,442.05,464.7,441.0,452.6,450.0,442.45,62567,28004501.7,2038,LEGACY
2018-08-21,LUPIN,Lupin,EQ,INE326A01037,872.0,891.9,865.0,888.6,889.15,869.25,3430538,3012944902.35,73549,LEGACY
2018-08-21,NATCOPHARM,Natco Pharma,EQ,INE987B01026,759.95,765.65,756.0,759.75,760.0,757.75,285248,217379719.6,10053,LEGACY
2018-08-21,PEL,Piramal Enterprises,EQ,INE140A01024,2790.0,2862.3,2785.0,2844.8,2848.0,2771.8,373656,1055737841.55,20559,LEGACY
2018-08-21,PFIZER,Pfizer,EQ,INE182A01018,3000.0,3026.2,2946.3,2966.75,2961.2,2987.2,41509,123544920.85,8775,LEGACY
2018-08-21,SANOFI,Sanofi India,EQ,INE058A01010,6232.0,6232.0,6050.0,6114.65,6149.0,6180.95,11226,68624185.7,3037,LEGACY
2018-08-21,STAR,Strides Pharma Science,EQ,INE939A01011,454.0,471.9,452.0,467.85,467.85,451.25,4425361,2052975148.35,55691,LEGACY
2018-08-21,SUNPHARMA,Sun Pharmaceutical Industries,EQ,INE044A01036,626.9,639.45,620.5,635.4,635.4,626.35,7752348,4897527366.05,109263,LEGACY
2018-08-21,TORNTPHARM,Torrent Pharmaceuticals,EQ,INE685A01028,1756.05,1779.9,1731.2,1747.4,1753.0,1743.0,531544,933611866.95,24789,LEGACY
2018-08-21,WOCKPHARMA,Wockhardt,EQ,INE049B01025,640.7,651.95,626.05,644.4,644.05,639.25,1663587,1067587094.85,28051,LEGACY
2018-08-23,ABBOTINDIA,Abbott India,EQ,INE358A01014,7850.0,7858.85,7600.0,7656.4,7665.0,7796.45,8274,63481242.85,1774,LEGACY
2018-08-23,AJANTPHARM,Ajanta Pharma,EQ,INE031B01049,1243.9,1255.0,1223.75,1244.85,1244.2,1229.7,667672,830659425.85,28250,LEGACY
2018-08-23,ALKEM,Alkem Laboratories,EQ,INE540L01014,2099.75,2119.95,2068.05,2075.1,2079.95,2094.4,31153,64902635.75,5837,LEGACY
2018-08-23,APLLTD,Alembic Pharmaceuticals,EQ,INE901L01018,588.0,600.0,588.0,592.7,594.7,591.8,33497,19973160.2,1361,LEGACY
2018-08-23,AUROPHARMA,Aurobindo Pharma,EQ,INE406A01037,664.0,688.45,663.25,682.9,683.95,662.65,4849717,3292098958.55,112814,LEGACY
2018-08-23,BIOCON,Biocon,EQ,INE376G01013,615.0,619.95,608.6,612.85,612.25,612.3,1566662,962616018.5,28152,LEGACY
2018-08-23,CADILAHC,Cadila Healthcare,EQ,INE010B01027,388.0,397.0,388.0,391.45,390.15,387.45,4299295,1692512906.5,69829,LEGACY
2018-08-23,CIPLA,Cipla,EQ,INE059A01026,653.45,665.0,652.7,657.95,655.75,650.25,2891829,1910216414.1,62777,LEGACY
2018-08-23,DIVISLAB,Divi's Laboratories,EQ,INE361B01024,1255.0,1314.9,1245.1,1294.15,1297.85,1247.7,2201914,2844158684.65,64426,LEGACY
2018-08-23,DRREDDY,Dr. Reddy's Laboratories,EQ,INE089A01023,2430.0,2520.0,2425.0,2463.6,2467.9,2410.95,1624568,4016916815.75,60208,LEGACY
2018-08-23,GLAXO,GlaxoSmithKline Pharmaceuticals,EQ,INE159A01016,3327.6,3388.5,3326.0,3336.35,3330.0,3331.75,21016,70463477.85,4103,LEGACY
2018-08-23,GLENMARK,Glenmark Pharmaceuticals,EQ,INE935A01035,636.0,656.45,629.2,652.1,649.0,635.9,1941319,1252906593.4,45757,LEGACY
2018-08-23,GRANULES,Granules India,EQ,INE101D01020,114.9,117.0,113.6,115.85,115.55,112.0,8106316,938197763.0,38511,LEGACY
2018-08-23,IPCALAB,IPCA Laboratories,EQ,INE571A01020,760.0,776.85,745.05,750.2,748.25,753.0,125192,95087351.95,5963,LEGACY
2018-08-23,JBCHEPHARM,JB Chemicals & Pharmaceuticals,EQ,INE572A01028,304.0,337.9,304.0,324.3,325.5,304.0,1090297,355164442.25,24379,LEGACY
2018-08-23,LAURUSLABS,Laurus Labs,EQ,INE947Q01010,454.0,457.05,433.0,440.4,441.0,452.6,263152,115370661.95,6182,LEGACY
2018-08-23,LUPIN,Lupin,EQ,INE326A01037,902.0,917.8,890.0,903.3,903.0,888.6,5023344,4556863256.0,122588,LEGACY
2018-08-23,NATCOPHARM,Natco Pharma,EQ,INE987B01026,763.0,770.35,750.0,754.85,754.9,759.75,367464,280203872.55,20323,LEGACY
2018-08-23,PEL,Piramal Enterprises,EQ,INE140A01024,2871.8,2902.1,2802.5,2815.25,2812.2,2844.8,287578,818580539.45,18652,LEGACY
2018-08-23,PFIZER,Pfizer,EQ,INE182A01018,2957.15,2964.1,2894.5,2920.9,2931.2,2966.75,74826,218020680.75,12185,LEGACY
2018-08-23,SANOFI,Sanofi India,EQ,INE058A01010,6110.0,6225.0,6080.2,6155.7,6180.0,6114.65,10763,65930886.1,2667,LEGACY
2018-08-23,STAR,Strides Pharma Science,EQ,INE939A01011,479.55,491.15,473.7,478.65,477.4,467.85,5614580,2703656448.35,86616,LEGACY
2018-08-23,SUNPHARMA,Sun Pharmaceutical Industries,EQ,INE044A01036,639.9,645.5,634.3,639.65,637.95,635.4,8942755,5729381044.35,165503,LEGACY
2018-08-23,TORNTPHARM,Torrent Pharmaceuticals,EQ,INE685A01028,1754.95,1775.4,1745.0,1767.85,1762.0,1747.4,255209,449652918.95,25604,LEGACY
2018-08-23,WOCKPHARMA,Wockhardt,EQ,INE049B01025,647.75,662.0,644.4,654.25,653.15,644.4,2084581,1366390639.65,39289,LEGACY
2018-08-24,ABBOTINDIA,Abbott India,EQ,INE358A01014,7650.0,7740.0,7514.0,7599.05,7570.0,7656.4,16270,123659521.8,2696,LEGACY
2018-08-24,AJANTPHARM,Ajanta Pharma,EQ,INE031B01049,1238.75,1247.7,1216.35,1230.0,1225.3,1244.85,199459,245386196.7,5888,LEGACY
2018-08-24,ALKEM,Alkem Laboratories,EQ,INE540L01014,2066.05,2080.05,2038.1,2049.6,2050.0,2075.1,64532,132430643.05,13690,LEGACY
2018-08-24,APLLTD,Alembic Pharmaceuticals,EQ,INE901L01018,594.7,602.5,590.0,592.8,596.5,592.7,53384,31808559.85,1354,LEGACY
2018-08-24,AUROPHARMA,Aurobindo Pharma,EQ,INE406A01037,684.0,696.0,669.4,693.5,695.0,682.9,3330426,2276985409.5,49913,LEGACY
2018-08-24,BIOCON,Biocon,EQ,INE376G01013,612.75,621.65,602.7,606.7,606.4,612.85,1143154,697863260.3,25698,LEGACY
2018-08-24,CADILAHC,Cadila Healthcare,EQ,INE010B01027,390.7,402.5,381.2,398.45,400.25,391.45,3749033,1469554157.35,47063,LEGACY
2018-08-24,CIPLA,Cipla,EQ,INE059A01026,658.0,658.0,645.0,651.2,651.9,657.95,1904031,1235846441.6,38575,LEGACY
2018-08-24,DIVISLAB,Divi's Laboratories,EQ,INE361B01024,1298.0,1308.8,1275.8,1301.0,1305.4,1294.15,849165,1098692990.75,22089,LEGACY
2018-08-24,DRREDDY,Dr. Reddy's Laboratories,EQ,INE089A01023,2475.0,2477.4,2425.6,2447.45,2445.0,2463.6,576704,1412061777.5,27114,LEGACY
2018-08-24,GLAXO,GlaxoSmithKline Pharmaceuticals,EQ,INE159A01016,3338.0,3374.0,3313.5,3362.35,3354.0,3336.35,26510,88873220.65,4236,LEGACY
2018-08-24,GLENMARK,Glenmark Pharmaceuticals,EQ,INE935A01035,651.75,663.5,633.05,661.65,660.9,652.1,1416976,926619926.2,31773,LEGACY
2018-08-24,GRANULES,Granules India,EQ,INE101D01020,115.25,115.45,112.5,113.45,113.15,115.85,3668147,416673886.15,20161,LEGACY
2018-08-24,IPCALAB,IPCA Laboratories,EQ,INE571A01020,743.0,779.7,742.95,765.25,757.25,750.2,204519,157166588.25,9278,LEGACY
2018-08-24,JBCHEPHARM,JB Chemicals & Pharmaceuticals,EQ,INE572A01028,326.4,332.0,321.0,329.5,330.0,324.3,242633,79600648.85,5493,LEGACY
2018-08-24,LAURUSLABS,Laurus Labs,EQ,INE947Q01010,440.4,445.0,440.4,441.55,441.0,440.4,78333,34765454.35,2108,LEGACY
2018-08-24,LUPIN,Lupin,EQ,INE326A01037,904.8,914.7,885.5,907.2,907.4,903.3,3452744,3114870806.95,71901,LEGACY
2018-08-24,NATCOPHARM,Natco Pharma,EQ,INE987B01026,755.95,764.0,748.1,762.3,760.0,754.85,142052,107414535.05,5585,LEGACY
2018-08-24,PEL,Piramal Enterprises,D1,INE140A08SX5,113000.0,113000.0,111500.0,111500.0,111500.0,107200.0,1670,186433500.0,16,LEGACY
2018-08-24,PEL,Piramal Enterprises,EQ,INE140A01024,2825.0,2901.0,2790.35,2880.55,2900.0,2815.25,364021,1038205797.45,18542,LEGACY
2018-08-24,PFIZER,Pfizer,EQ,INE182A01018,2959.9,3458.0,2941.65,3409.35,3367.0,2920.9,607181,1997873672.8,58213,LEGACY
2018-08-24,SANOFI,Sanofi India,EQ,INE058A01010,6200.0,6200.0,6076.1,6091.5,6079.75,6155.7,14684,89674345.95,2173,LEGACY
2018-08-24,STAR,Strides Pharma Science,EQ,INE939A01011,478.0,483.5,463.0,481.9,481.6,478.65,2764725,1309295193.9,42816,LEGACY
2018-08-24,SUNPHARMA,Sun Pharmaceutical Industries,EQ,INE044A01036,638.25,639.8,618.7,629.8,629.7,639.65,7909136,4972762045.75,127501,LEGACY
2018-08-24,TORNTPHARM,Torrent Pharmaceuticals,EQ,INE685A01028,1763.55,1794.8,1750.0,1771.45,1777.0,1767.85,409384,726409319.45,20660,LEGACY
2018-08-24,WOCKPHARMA,Wockhardt,EQ,INE049B01025,654.9,654.9,631.5,641.65,639.1,654.25,1153879,740563653.6,21522,LEGACY
2018-08-27,ABBOTINDIA,Abbott India,EQ,INE358A01014,7677.8,7955.0,7613.05,7885.85,7877.0,7599.05,19898,155625276.3,3255,LEGACY
2018-08-27,AJANTPHARM,Ajanta Pharma,EQ,INE031B01049,1231.0,1243.8,1215.95,1229.55,1234.9,1230.0,230435,283343192.15,6436,LEGACY
2018-08-27,ALKEM,Alkem Laboratories,EQ,INE540L01014,2070.7,2070.7,2005.0,2034.55,2035.0,2049.6,198913,403934302.3,7898,LEGACY
2018-08-27,APLLTD,Alembic Pharmaceuticals,EQ,INE901L01018,592.0,599.5,592.0,598.5,599.5,592.8,47379,28323780.5,1382,LEGACY
2018-08-27,AUROPHARMA,Aurobindo Pharma,EQ,INE406A01037,695.0,698.5,680.25,688.7,688.8,693.5,4057754,2789747428.35,51247,LEGACY
2018-08-27,BIOCON,Biocon,EQ,INE376G01013,611.25,614.0,606.1,608.3,608.0,606.7,771591,469876468.0,14609,LEGACY
2018-08-27,CADILAHC,Cadila Healthcare,EQ,INE010B01027,403.0,404.6,394.05,396.15,395.6,398.45,2542445,1011784548.05,33653,LEGACY
2018-08-27,CIPLA,Cipla,EQ,INE059A01026,653.0,662.5,648.2,659.6,658.65,651.2,1381724,903208091.85,30404,LEGACY
2018-08-27,DIVISLAB,Divi's Laboratories,EQ,INE361B01024,1310.0,1319.0,1291.4,1298.0,1291.85,1301.0,631476,822706781.2,19348,LEGACY
2018-08-27,DRREDDY,Dr. Reddy's Laboratories,EQ,INE089A01023,2453.0,2462.95,2426.5,2443.1,2445.0,2447.45,457122,1116447464.3,21703,LEGACY
2018-08-27,GLAXO,GlaxoSmithKline Pharmaceuticals,EQ,INE159A01016,3380.0,3440.0,3365.0,3380.25,3374.6,3362.35,44628,152127735.75,5817,LEGACY
2018-08-27,GLENMARK,Glenmark Pharmaceuticals,EQ,INE935A01035,661.15,666.0,651.3,653.2,653.95,661.65,1221307,802987056.55,24076,LEGACY
2018-08-27,GRANULES,Granules India,EQ,INE101D01020,114.0,115.7,113.5,114.7,114.65,113.45,2222061,254398241.45,9842,LEGACY
2018-08-27,IPCALAB,IPCA Laboratories,EQ,INE571A01020,760.0,765.0,750.25,751.9,753.0,765.25,63544,48083648.3,6320,LEGACY
2018-08-27,JBCHEPHARM,JB Chemicals & Pharmaceuticals,EQ,INE572A01028,330.95,342.0,328.0,333.05,335.0,329.5,376352,126236433.7,7400,LEGACY
2018-08-27,LAURUSLABS,Laurus Labs,EQ,INE947Q01010,444.0,448.0,434.6,440.4,439.75,441.55,313311,138457041.65,8765,LEGACY
2018-08-27,LUPIN,Lupin,EQ,INE326A01037,914.8,919.0,906.0,910.8,913.0,907.2,1908650,1738122040.5,47664,LEGACY
2018-08-27,NATCOPHARM,Natco Pharma,EQ,INE987B01026,765.0,769.7,760.05,764.3,764.3,762.3,147395,112720354.2,4723,LEGACY
2018-08-27,PEL,Piramal Enterprises,D1,INE140A08SX5,119000.0,125000.0,119000.0,119600.0,119600.0,111500.0,15,1818000.0,3,LEGACY
2018-08-27,PEL,Piramal Enterprises,EQ,INE140A01024,2917.95,3075.0,2901.25,3060.85,3074.0,2880.55,1047466,3145143522.95,56934,LEGACY
2018-08-27,PFIZER,Pfizer,EQ,INE182A01018,3364.0,3511.0,3307.5,3419.4,3435.0,3409.35,256395,874568701.05,24493,LEGACY
2018-08-27,SANOFI,Sanofi India,EQ,INE058A01010,6135.0,6295.5,6085.0,6135.75,6171.0,6091.5,74720,458659136.2,3247,LEGACY
2018-08-27,STAR,Strides Pharma Science,EQ,INE939A01011,487.0,487.0,472.75,481.2,481.7,481.9,1963943,940343733.6,32735,LEGACY
2018-08-27,SUNPHARMA,Sun Pharmaceutical Industries,EQ,INE044A01036,632.3,636.6,620.65,621.8,621.5,629.8,8253456,5167564168.65,101950,LEGACY
2018-08-27,TORNTPHARM,Torrent Pharmaceuticals,EQ,INE685A01028,1780.0,1802.95,1773.75,1781.8,1782.2,1771.45,355388,636142442.85,21556,LEGACY
2018-08-27,WOCKPHARMA,Wockhardt,EQ,INE049B01025,645.0,656.05,636.15,649.45,649.1,641.65,1075669,694997325.65,17039,LEGACY
2018-08-28,ABBOTINDIA,Abbott India,EQ,INE358A01014,7963.3,8058.15,7900.0,7962.5,7910.0,7885.85,45443,362691797.4,3229,LEGACY
2018-08-28,AJANTPHARM,Ajanta Pharma,EQ,INE031B01049,1234.0,1266.0,1228.0,1234.3,1232.05,1229.55,635959,796225908.45,18547,LEGACY
2018-08-28,ALKEM,Alkem Laboratories,EQ,INE540L01014,2035.0,2115.0,2035.0,2070.1,2062.95,2034.55,84275,175411965.9,6919,LEGACY
2018-08-28,APLLTD,Alembic Pharmaceuticals,EQ,INE901L01018,593.25,600.0,590.0,590.95,590.2,598.5,27627,16385657.35,891,LEGACY
2018-08-28,AUROPHARMA,Aurobindo Pharma,EQ,INE406A01037,688.8,691.9,679.2,685.85,684.85,688.7,2827752,1940485854.8,64568,LEGACY
2018-08-28,BIOCON,Biocon,EQ,INE376G01013,609.95,617.2,609.0,615.2,615.0,608.3,1218418,748410348.3,27853,LEGACY
2018-08-28,CADILAHC,Cadila Healthcare,EQ,INE010B01027,398.0,401.75,392.95,397.35,396.8,396.15,2132696,849830710.25,37189,LEGACY
2018-08-28,CIPLA,Cipla,EQ,INE059A01026,662.0,677.5,644.65,648.3,648.0,659.6,5237362,3482873163.05,102032,LEGACY
2018-08-28,DIVISLAB,Divi's Laboratories,EQ,INE361B01024,1294.0,1300.0,1266.6,1280.9,1280.9,1298.0,635318,814915233.35,16027,LEGACY
2018-08-28,DRREDDY,Dr. Reddy's Laboratories,EQ,INE089A01023,2450.0,2480.0,2407.05,2414.5,2411.0,2443.1,750408,1828484437.95,39429,LEGACY
2018-08-28,GLAXO,GlaxoSmithKline Pharmaceuticals,EQ,INE159A01016,3405.6,3417.95,3332.0,3354.35,3350.0,3380.25,47050,159358720.1,5918,LEGACY
2018-08-28,GLENMARK,Glenmark Pharmaceuticals,EQ,INE935A01035,654.0,662.2,641.55,644.35,643.95,653.2,776109,503852158.2,18026,LEGACY
2018-08-28,GRANULES,Granules India,EQ,INE101D01020,114.65,115.75,112.6,114.45,114.45,114.7,2127560,242915729.05,10588,LEGACY
2018-08-28,IPCALAB,IPCA Laboratories,EQ,INE571A01020,753.0,773.65,751.0,757.95,754.0,751.9,113266,86535097.3,4521,LEGACY
2018-08-28,JBCHEPHARM,JB Chemicals & Pharmaceuticals,EQ,INE572A01028,334.9,336.0,329.6,332.05,332.5,333.05,65920,21870048.25,1658,LEGACY
2018-08-28,LAURUSLABS,Laurus Labs,EQ,INE947Q01010,440.1,445.35,438.5,442.4,439.05,440.4,104200,46083601.65,6785,LEGACY
2018-08-28,LUPIN,Lupin,EQ,INE326A01037,913.0,918.7,898.0,901.75,904.0,910.8,1776205,1616622832.35,49143,LEGACY
2018-08-28,NATCOPHARM,Natco Pharma,EQ,INE987B01026,767.85,774.0,764.65,767.3,764.75,764.3,117818,90630302.65,3108,LEGACY
2018-08-28,PEL,Piramal Enterprises,EQ,INE140A01024,3094.0,3150.0,3070.0,3103.75,3103.0,3060.85,1020654,3175729400.3,60138,LEGACY
2018-08-28,PFIZER,Pfizer,EQ,INE182A01018,3430.0,3768.0,3405.5,3731.9,3750.0,3419.4,638250,2314721255.55,54447,LEGACY
2018-08-28,SANOFI,Sanofi India,EQ,INE058A01010,6181.75,6590.0,6165.0,6442.0,6450.0,6135.75,45358,293054559.85,9581,LEGACY
2018-08-28,STAR,Strides Pharma Science,EQ,INE939A01011,483.6,486.5,474.05,477.95,476.4,481.2,1835073,881302359.5,28825,LEGACY
2018-08-28,SUNPHARMA,Sun Pharmaceutical Industries,EQ,INE044A01036,625.0,633.45,619.1,621.2,621.75,621.8,4181613,2613068857.25,62424,LEGACY
2018-08-28,TORNTPHARM,Torrent Pharmaceuticals,EQ,INE685A01028,1785.0,1798.2,1764.8,1771.45,1765.0,1781.8,158719,282465888.65,7503,LEGACY
2018-08-28,WOCKPHARMA,Wockhardt,EQ,INE049B01025,650.0,658.9,638.1,640.8,640.75,649.45,1286602,836763600.65,20242,LEGACY
2018-08-30,ABBOTINDIA,Abbott India,EQ,INE358A01014,7854.0,8009.0,7854.0,7956.9,7999.0,7854.2,19415,154253656.5,3122,LEGACY
2018-08-30,AJANTPHARM,Ajanta Pharma,EQ,INE031B01049,1237.4,1254.95,1233.0,1249.65,1252.0,1233.15,230118,286378342.5,7839,LEGACY
2018-08-30,ALKEM,Alkem Laboratories,EQ,INE540L01014,2119.7,2128.8,2085.0,2091.15,2090.0,2118.95,15674,32929895.6,4041,LEGACY
2018-08-30,APLLTD,Alembic Pharmaceuticals,EQ,INE901L01018,591.1,596.0,590.2,592.05,591.5,591.6,14919,8841479.7,1227,LEGACY
2018-08-30,AUROPHARMA,Aurobindo Pharma,EQ,INE406A01037,691.0,698.75,684.85,687.0,689.9,690.4,4000452,2764182028.15,58376,LEGACY
2018-08-30,BIOCON,Biocon,EQ,INE376G01013,613.0,620.55,603.15,605.25,606.7,612.65,1318533,805314369.95,22250,LEGACY
2018-08-30,CADILAHC,Cadila Healthcare,EQ,INE010B01027,386.8,396.25,384.0,387.9,390.0,387.15,5005078,1948633613.3,46385,LEGACY
2018-08-30,CIPLA,Cipla,EQ,INE059A01026,645.0,651.9,640.5,649.45,649.55,643.5,2124122,1374842563.1,36539,LEGACY
2018-08-30,DIVISLAB,Divi's Laboratories,EQ,INE361B01024,1280.1,1307.0,1266.75,1300.85,1303.0,1276.75,1028865,1330025427.6,25796,LEGACY
2018-08-30,DRREDDY,Dr. Reddy's Laboratories,EQ,INE089A01023,2385.0,2417.95,2375.05,2380.15,2386.0,2383.85,1078598,2580596601.2,46853,LEGACY
2018-08-30,GLAXO,GlaxoSmithKline Pharmaceuticals,EQ,INE159A01016,3340.0,3400.0,3330.0,3387.3,3385.0,3340.75,22302,75118337.75,3830,LEGACY
2018-08-30,GLENMARK,Glenmark Pharmaceuticals,EQ,INE935A01035,649.5,664.0,643.7,659.65,663.0,647.55,1131945,741718481.3,18923,LEGACY
2018-08-30,GRANULES,Granules India,EQ,INE101D01020,112.5,114.15,110.6,112.7,114.15,112.4,1993000,223479731.5,8691,LEGACY
2018-08-30,IPCALAB,IPCA Laboratories,EQ,INE571A01020,759.9,769.55,753.15,762.75,760.75,766.9,143439,109360361.95,5071,LEGACY
2018-08-30,JBCHEPHARM,JB Chemicals & Pharmaceuticals,EQ,INE572A01028,337.2,340.15,337.0,338.5,337.95,335.75,92294,31249505.85,1535,LEGACY
2018-08-30,LAURUSLABS,Laurus Labs,EQ,INE947Q01010,459.5,468.95,437.7,439.55,439.5,439.85,322103,144014263.1,13736,LEGACY
2018-08-30,LUPIN,Lupin,EQ,INE326A01037,885.0,900.0,880.0,893.65,895.75,887.1,2421826,2157616519.1,58195,LEGACY
2018-08-30,NATCOPHARM,Natco Pharma,EQ,INE987B01026,770.0,777.7,767.3,772.95,773.0,766.8,117337,90544085.5,4557,LEGACY
2018-08-30,PEL,Piramal Enterprises,EQ,INE140A01024,3121.25,3144.85,3091.15,3121.45,3129.0,3119.55,271773,846955460.9,11396,LEGACY
2018-08-30,PFIZER,Pfizer,EQ,INE182A01018,3464.35,3620.0,3464.35,3534.85,3551.5,3646.65,152959,541419633.85,17023,LEGACY
2018-08-30,SANOFI,Sanofi India,EQ,INE058A01010,6264.9,6385.0,6201.0,6320.5,6325.0,6217.35,18436,116407502.55,4017,LEGACY
2018-08-30,STAR,Strides Pharma Science,EQ,INE939A01011,481.5,495.0,481.5,490.0,492.0,480.5,2101184,1026251762.7,38472,LEGACY
2018-08-30,SUNPHARMA,Sun Pharmaceutical Industries,EQ,INE044A01036,623.5,642.0,622.15,639.95,641.8,621.25,9022572,5715116785.3,133136,LEGACY
2018-08-30,TORNTPHARM,Torrent Pharmaceuticals,EQ,INE685A01028,1769.9,1776.65,1749.65,1770.15,1769.15,1769.15,305831,540249324.05,10731,LEGACY
2018-08-30,WOCKPHARMA,Wockhardt,EQ,INE049B01025,645.0,674.7,641.95,665.8,673.75,644.9,1679856,1105565657.55,31328,LEGACY
2018-08-31,ABBOTINDIA,Abbott India,EQ,INE358A01014,8012.0,8699.0,7981.0,8330.75,8270.0,7956.9,54263,449923926.2,7669,LEGACY
2018-08-31,AJANTPHARM,Ajanta Pharma,EQ,INE031B01049,1258.4,1290.45,1253.0,1270.75,1270.0,1249.65,732774,934138772.45,23042,LEGACY
2018-08-31,ALKEM,Alkem Laboratories,EQ,INE540L01014,2095.35,2125.95,2086.05,2114.7,2115.0,2091.15,32692,68943207.3,4814,LEGACY
2018-08-31,APLLTD,Alembic Pharmaceuticals,EQ,INE901L01018,590.0,605.0,590.0,599.6,600.45,592.05,70918,42581890.15,2405,LEGACY
2018-08-31,AUROPHARMA,Aurobindo Pharma,EQ,INE406A01037,689.5,719.95,689.0,712.75,712.8,687.0,5812880,4128981029.1,105434,LEGACY
2018-08-31,BIOCON,Biocon,EQ,INE376G01013,606.65,630.0,605.3,624.0,624.8,605.25,2741547,1703725329.05,36587,LEGACY
2018-08-31,CADILAHC,Cadila Healthcare,EQ,INE010B01027,390.1,406.6,390.1,402.75,403.75,387.9,4507525,1813186268.9,67933,LEGACY
2018-08-31,CIPLA,Cipla,EQ,INE059A01026,649.55,664.0,649.55,662.15,661.15,649.45,3056580,2018661478.7,80009,LEGACY
2018-08-31,DIVISLAB,Divi's Laboratories,EQ,INE361B01024,1298.0,1328.0,1295.0,1305.9,1309.0,1300.85,1235827,1620815769.85,34978,LEGACY
2018-08-31,DRREDDY,Dr. Reddy's Laboratories,EQ,INE089A01023,2397.0,2499.0,2395.0,2492.0,2492.0,2380.15,1981320,4861841724.8,87414,LEGACY
2018-08-31,GLAXO,GlaxoSmithKline Pharmaceuticals,EQ,INE159A01016,3423.0,3474.95,3386.0,3428.35,3425.0,3387.3,63025,216020806.0,7204,LEGACY
2018-08-31,GLENMARK,Glenmark Pharmaceuticals,EQ,INE935A01035,665.0,671.6,657.2,665.65,665.65,659.65,1742479,1159713462.1,38678,LEGACY
2018-08-31,GRANULES,Granules India,EQ,INE101D01020,113.95,117.75,113.1,115.65,115.75,112.7,4855532,562402289.75,26684,LEGACY
2018-08-31,IPCALAB,IPCA Laboratories,EQ,INE571A01020,764.0,776.75,760.1,771.6,770.0,762.75,258163,198425446.35,14767,LEGACY
2018-08-31,JBCHEPHARM,JB Chemicals & Pharmaceuticals,EQ,INE572A01028,342.0,351.0,335.05,340.85,339.75,338.5,1372802,471591770.1,23846,LEGACY
2018-08-31,LAURUSLABS,Laurus Labs,EQ,INE947Q01010,441.9,443.1,435.1,438.45,438.45,439.55,162971,71619436.4,8124,LEGACY
2018-08-31,LUPIN,Lupin,EQ,INE326A01037,896.8,939.8,895.75,931.45,931.5,893.65,6888252,6372519481.8,136576,LEGACY
2018-08-31,NATCOPHARM,Natco Pharma,EQ,INE987B01026,776.8,783.75,773.55,779.7,780.05,772.95,446455,348204505.25,11911,LEGACY
2018-08-31,PEL,Piramal Enterprises,D1,INE140A08SX5,136500.0,136500.0,128505.0,133931.47,134000.0,119600.0,162,21477554.97,28,LEGACY
2018-08-31,PEL,Piramal Enterprises,EQ,INE140A01024,3125.25,3307.95,3119.95,3199.75,3209.0,3121.45,1304769,4219894521.2,72264,LEGACY
2018-08-31,PFIZER,Pfizer,EQ,INE182A01018,3578.75,3654.95,3542.0,3621.3,3620.0,3534.85,88470,318859159.95,8660,LEGACY
2018-08-31,SANOFI,Sanofi India,EQ,INE058A01010,6354.0,6420.0,6265.0,6400.15,6380.0,6320.5,26465,168680599.15,3759,LEGACY
2018-08-31,STAR,Strides Pharma Science,EQ,INE939A01011,491.05,499.4,488.0,496.6,495.7,490.0,2501696,1237472117.6,42523,LEGACY
2018-08-31,SUNPHARMA,Sun Pharmaceutical Industries,EQ,INE044A01036,643.45,659.4,643.3,652.85,651.9,639.95,12972927,8477984332.4,185885,LEGACY
2018-08-31,TORNTPHARM,Torrent Pharmaceuticals,EQ,INE685A01028,1771.25,1823.95,1763.05,1812.8,1817.0,1770.15,571537,1030113324.9,35509,LEGACY
2018-08-31,WOCKPHARMA,Wockhardt,EQ,INE049B01025,675.4,679.75,655.0,663.9,661.5,665.8,2229632,1497596033.05,37270,LEGACY
2018-09-04,ABBOTINDIA,Abbott India,EQ,INE358A01014,8386.5,8444.0,8061.0,8334.8,8360.05,8387.75,11246,93041010.3,2748,LEGACY
2018-09-04,AJANTPHARM,Ajanta Pharma,EQ,INE031B01049,1254.7,1259.75,1220.0,1225.5,1220.05,1249.2,246035,304034097.95,6705,LEGACY
2018-09-04,ALKEM,Alkem Laboratories,EQ,INE540L01014,2197.0,2197.0,2135.65,2154.95,2159.0,2199.2,50767,110273368.75,5106,LEGACY
2018-09-04,APLLTD,Alembic Pharmaceuticals,EQ,INE901L01018,605.35,608.9,600.0,602.95,604.6,605.35,41208,24920984.25,2303,LEGACY
2018-09-04,AUROPHARMA,Aurobindo Pharma,EQ,INE406A01037,702.0,709.3,674.1,677.3,679.05,699.9,3825064,2633435917.6,44976,LEGACY
2018-09-04,BIOCON,Biocon,EQ,INE376G01013,616.9,619.85,589.2,594.35,594.0,614.85,1141103,687765504.5,21824,LEGACY
2018-09-04,CADILAHC,Cadila Healthcare,EQ,INE010B01027,404.75,409.7,389.0,392.55,393.5,405.45,2692159,1072751921.95,31216,LEGACY
2018-09-04,CIPLA,Cipla,EQ,INE059A01026,649.8,655.0,638.4,643.9,645.05,649.1,2249087,1450174595.45,58091,LEGACY
2018-09-04,DIVISLAB,Divi's Laboratories,EQ,INE361B01024,1290.0,1297.4,1254.05,1263.65,1265.2,1287.1,716718,914382487.05,22154,LEGACY
2018-09-04,DRREDDY,Dr. Reddy's Laboratories,EQ,INE089A01023,2595.0,2615.0,2537.05,2543.1,2547.6,2593.4,1036459,2656751637.05,46925,LEGACY
2018-09-04,GLAXO,GlaxoSmithKline Pharmaceuticals,EQ,INE159A01016,3497.0,3497.0,3418.0,3443.75,3449.15,3470.6,42700,147875686.95,3218,LEGACY
2018-09-04,GLENMARK,Glenmark Pharmaceuticals,EQ,INE935A01035,662.0,669.45,643.0,656.35,660.0,663.0,1126390,740232887.35,29771,LEGACY
2018-09-04,GRANULES,Granules India,EQ,INE101D01020,114.95,115.0,110.0,112.0,111.95,115.05,2414655,271901874.35,10956,LEGACY
2018-09-04,IPCALAB,IPCA Laboratories,EQ,INE571A01020,765.1,797.5,765.1,784.65,778.0,768.25,237778,187195491.6,9319,LEGACY
2018-09-04,JBCHEPHARM,JB Chemicals & Pharmaceuticals,EQ,INE572A01028,343.0,344.4,336.0,338.35,339.0,341.4,200909,68270530.55,4340,LEGACY
2018-09-04,LAURUSLABS,Laurus Labs,EQ,INE947Q01010,438.2,440.0,430.5,432.2,431.7,437.25,27640,12009133.1,912,LEGACY
2018-09-04,LUPIN,Lupin,EQ,INE326A01037,941.0,944.6,908.0,916.8,918.0,936.1,3294233,3044758903.45,56053,LEGACY
2018-09-04,NATCOPHARM,Natco Pharma,EQ,INE987B01026,794.35,795.7,760.0,772.25,765.0,791.3,276260,217105847.75,8821,LEGACY
2018-09-04,PEL,Piramal Enterprises,EQ,INE140A01024,3091.0,3126.8,2961.35,3012.1,3012.15,3078.8,525921,1600071507.05,31071,LEGACY
2018-09-04,PFIZER,Pfizer,EQ,INE182A01018,3554.0,3589.0,3434.05,3481.95,3470.0,3533.35,30366,106886024.5,3750,LEGACY
2018-09-04,SANOFI,Sanofi India,EQ,INE058A01010,6500.0,6574.8,6412.0,6497.6,6499.95,6495.55,22849,148704370.7,5701,LEGACY
2018-09-04,STAR,Strides Pharma Science,EQ,INE939A01011,500.8,501.6,476.45,479.9,480.0,499.25,1855637,903140917.65,27609,LEGACY
2018-09-04,SUNPHARMA,Sun Pharmaceutical Industries,EQ,INE044A01036,658.0,663.45,645.15,655.35,654.4,656.2,7989190,5242175287.15,113636,LEGACY
2018-09-04,TORNTPHARM,Torrent Pharmaceuticals,EQ,INE685A01028,1825.5,1828.0,1746.55,1753.75,1753.85,1824.9,210934,375542541.55,12711,LEGACY
2018-09-04,WOCKPHARMA,Wockhardt,EQ,INE049B01025,661.15,664.7,632.8,635.55,635.7,659.7,1177787,763040760.85,18306,LEGACY
2018-09-05,ABBOTINDIA,Abbott India,EQ,INE358A01014,8331.0,8398.0,8161.25,8299.45,8269.5,8334.8,15728,130300888.7,2702,LEGACY
2018-09-05,AJANTPHARM,Ajanta Pharma,EQ,INE031B01049,1224.0,1257.0,1210.15,1241.25,1243.1,1225.5,370485,458160637.35,13679,LEGACY
2018-09-05,ALKEM,Alkem Laboratories,EQ,INE540L01014,2158.95,2158.95,2076.0,2104.85,2098.0,2154.95,71642,150600467.2,6459,LEGACY
2018-09-05,APLLTD,Alembic Pharmaceuticals,EQ,INE901L01018,600.05,639.0,600.05,634.95,638.7,602.95,559003,351129337.7,14502,LEGACY
2018-09-05,AUROPHARMA,Aurobindo Pharma,EQ,INE406A01037,680.0,698.6,679.05,696.95,697.75,677.3,2708059,1865336874.15,46554,LEGACY
2018-09-05,BIOCON,Biocon,EQ,INE376G01013,594.65,632.0,593.6,624.05,626.05,594.35,5274614,3275028382.9,107565,LEGACY
2018-09-05,CADILAHC,Cadila Healthcare,EQ,INE010B01027,392.0,407.0,389.2,401.95,404.0,392.55,2737343,1088237995.55,42990,LEGACY
2018-09-05,CIPLA,Cipla,EQ,INE059A01026,645.05,650.9,637.2,646.55,646.7,643.9,2542543,1637817803.25,62308,LEGACY
2018-09-05,DIVISLAB,Divi's Laboratories,EQ,INE361B01024,1269.9,1293.25,1259.05,1278.05,1278.1,1263.65,811104,1036249698.85,27112,LEGACY
2018-09-05,DRREDDY,Dr. Reddy's Laboratories,EQ,INE089A01023,2549.3,2590.0,2518.5,2567.7,2570.0,2543.1,1127153,2881066094.7,69482,LEGACY
2018-09-05,GLAXO,GlaxoSmithKline Pharmaceuticals,EQ,INE159A01016,3468.8,3474.55,3416.0,3453.2,3450.0,3443.75,23951,82444797.15,3827,LEGACY
2018-09-05,GLENMARK,Glenmark Pharmaceuticals,EQ,INE935A01035,658.7,678.5,658.35,673.75,674.85,656.35,1202598,804945528.9,26543,LEGACY
2018-09-05,GRANULES,Granules India,EQ,INE101D01020,111.0,113.9,110.1,112.4,113.3,112.0,2938606,329363458.95,12429,LEGACY
2018-09-05,IPCALAB,IPCA Laboratories,EQ,INE571A01020,784.0,798.8,780.0,789.5,790.0,784.65,89181,70384589.8,11567,LEGACY
2018-09-05,JBCHEPHARM,JB Chemicals & Pharmaceuticals,EQ,INE572A01028,335.0,342.0,334.25,340.4,340.4,338.35,226287,76860325.8,3062,LEGACY
2018-09-05,LAURUSLABS,Laurus Labs,EQ,INE947Q01010,431.55,431.95,428.0,430.75,431.0,432.2,35714,15352456.75,1079,LEGACY
2018-09-05,LUPIN,Lupin,EQ,INE326A01037,915.4,926.5,895.2,902.85,904.5,916.8,3295519,3000365683.5,83812,LEGACY
2018-09-05,NATCOPHARM,Natco Pharma,EQ,INE987B01026,772.5,792.0,770.05,785.35,784.0,772.25,222434,173039658.65,10703,LEGACY
2018-09-05,PEL,Piramal Enterprises,EQ,INE140A01024,3012.1,3045.05,2936.7,2957.3,2955.0,3012.1,446856,1329356994.25,23928,LEGACY
2018-09-05,PFIZER,Pfizer,EQ,INE182A01018,3470.0,3530.0,3360.1,3406.1,3410.0,3481.95,37366,128863038.0,5660,LEGACY
2018-09-05,SANOFI,Sanofi India,EQ,INE058A01010,6523.6,6684.0,6435.0,6537.4,6540.0,6497.6,20042,131539192.2,6689,LEGACY
2018-09-05,STAR,Strides Pharma Science,EQ,INE939A01011,475.7,494.5,475.7,489.1,489.0,479.9,2398043,1167641214.8,35521,LEGACY
2018-09-05,SUNPHARMA,Sun Pharmaceutical Industries,EQ,INE044A01036,654.1,671.8,653.75,663.75,663.8,655.35,9140409,6069372751.0,139731,LEGACY
2018-09-05,TORNTPHARM,Torrent Pharmaceuticals,EQ,INE685A01028,1760.0,1773.85,1709.55,1735.75,1734.3,1753.75,301755,522700309.0,11149,LEGACY
2018-09-05,WOCKPHARMA,Wockhardt,EQ,INE049B01025,632.0,651.0,632.0,643.0,641.0,635.55,1308863,840314958.15,23058,LEGACY
2018-09-07,ABBOTINDIA,Abbott India,EQ,INE358A01014,8490.0,8586.4,8312.15,8424.15,8450.0,8490.85,12497,105854363.55,1561,LEGACY
2018-09-07,AJANTPHARM,Ajanta Pharma,EQ,INE031B01049,1264.0,1294.0,1247.05,1272.4,1270.0,1262.7,588891,750860175.7,19273,LEGACY
2018-09-07,ALKEM,Alkem Laboratories,EQ,INE540L01014,2095.25,2219.0,2082.5,2201.25,2197.0,2110.0,243242,526543949.8,11002,LEGACY
2018-09-07,APLLTD,Alembic Pharmaceuticals,EQ,INE901L01018,627.45,645.1,617.2,639.1,639.7,625.7,136527,86858464.3,5414,LEGACY
2018-09-07,AUROPHARMA,Aurobindo Pharma,EQ,INE406A01037,763.0,827.45,763.0,800.85,802.55,759.3,29682657,23704524880.05,448443,LEGACY
2018-09-07,BIOCON,Biocon,EQ,INE376G01013,664.0,675.5,653.05,661.35,660.0,662.95,4512085,2998663926.65,95327,LEGACY
2018-09-07,CADILAHC,Cadila Healthcare,EQ,INE010B01027,417.0,431.4,409.2,426.0,422.6,422.35,6929929,2930960617.9,94722,LEGACY
2018-09-07,CIPLA,Cipla,EQ,INE059A01026,663.85,669.5,656.3,664.75,664.75,662.1,2431363,1613368654.05,58508,LEGACY
2018-09-07,DIVISLAB,Divi's Laboratories,EQ,INE361B01024,1319.0,1331.4,1300.85,1313.5,1308.0,1317.0,1139483,1500611389.35,31558,LEGACY
2018-09-07,DRREDDY,Dr. Reddy's Laboratories,EQ,INE089A01023,2575.0,2644.3,2545.6,2632.5,2625.0,2566.95,1306632,3405577378.95,85953,LEGACY
2018-09-07,GLAXO,GlaxoSmithKline Pharmaceuticals,EQ,INE159A01016,3485.0,3548.6,3451.05,3497.3,3491.9,3461.9,83584,293133165.3,9915,LEGACY
2018-09-07,GLENMARK,Glenmark Pharmaceuticals,EQ,INE935A01035,681.0,692.0,674.0,685.15,683.25,681.1,1230314,842252602.45,31520,LEGACY
2018-09-07,GRANULES,Granules India,EQ,INE101D01020,121.5,122.4,118.8,121.4,121.2,120.8,6482128,782893647.35,25117,LEGACY
2018-09-07,IPCALAB,IPCA Laboratories,EQ,INE571A01020,785.5,809.0,785.5,791.6,797.0,792.8,192463,153685929.6,10607,LEGACY
2018-09-07,JBCHEPHARM,JB Chemicals & Pharmaceuticals,EQ,INE572A01028,346.0,347.5,342.5,343.95,344.0,343.55,180269,62232569.55,4774,LEGACY
2018-09-07,LAURUSLABS,Laurus Labs,EQ,INE947Q01010,432.6,440.0,429.0,430.55,430.0,433.55,109630,47537041.7,9342,LEGACY
2018-09-07,LUPIN,Lupin,EQ,INE326A01037,920.0,962.7,906.8,959.4,960.9,917.95,8389509,7910978682.75,163240,LEGACY
2018-09-07,NATCOPHARM,Natco Pharma,EQ,INE987B01026,791.65,819.0,776.3,800.3,804.0,791.65,378966,303961887.75,10999,LEGACY
2018-09-07,PEL,Piramal Enterprises,EQ,INE140A01024,3035.0,3069.0,2993.95,3044.15,3038.0,3020.05,465123,1414446667.35,26201,LEGACY
2018-09-07,PFIZER,Pfizer,EQ,INE182A01018,3640.0,3718.0,3526.0,3582.25,3567.0,3576.4,104951,381049037.8,15207,LEGACY
2018-09-07,SANOFI,Sanofi India,EQ,INE058A01010,6550.0,6640.0,6525.3,6577.7,6580.0,6516.45,41901,275874742.1,4834,LEGACY
2018-09-07,STAR,Strides Pharma Science,EQ,INE939A01011,500.25,511.0,492.6,506.9,505.2,501.1,2003835,1010004826.55,28124,LEGACY
2018-09-07,SUNPHARMA,Sun Pharmaceutical Industries,EQ,INE044A01036,650.0,670.0,640.0,664.25,664.8,677.4,22074525,14454651504.75,317030,LEGACY
2018-09-07,TORNTPHARM,Torrent Pharmaceuticals,EQ,INE685A01028,1842.0,1872.8,1798.5,1834.9,1822.5,1828.4,699212,1287447413.85,34575,LEGACY
2018-09-07,WOCKPHARMA,Wockhardt,EQ,INE049B01025,663.0,677.45,659.2,669.65,668.5,666.1,1877654,1258204398.4,30603,LEGACY
2018-09-10,ABBOTINDIA,Abbott India,EQ,INE358A01014,8424.0,8820.05,8418.35,8593.35,8643.5,8424.15,24752,214444429.7,3862,LEGACY
2018-09-10,AJANTPHARM,Ajanta Pharma,EQ,INE031B01049,1270.0,1286.55,1223.3,1230.45,1229.95,1272.4,338320,424504976.75,14870,LEGACY
2018-09-10,ALKEM,Alkem Laboratories,EQ,INE540L01014,2201.25,2268.0,2104.95,2136.8,2130.1,2201.25,150232,331278947.85,11442,LEGACY
2018-09-10,APLLTD,Alembic Pharmaceuticals,EQ,INE901L01018,639.0,644.7,626.8,630.2,630.2,639.1,35579,22557605.15,1714,LEGACY
2018-09-10,AUROPHARMA,Aurobindo Pharma,EQ,INE406A01037,803.5,816.8,782.35,795.95,798.0,800.85,10941248,8735824719.5,177069,LEGACY
2018-09-10,BIOCON,Biocon,EQ,INE376G01013,661.0,672.7,633.0,638.4,638.7,661.35,2674179,1734252723.25,51462,LEGACY
2018-09-10,CADILAHC,Cadila Healthcare,EQ,INE010B01027,423.95,432.5,417.2,420.3,420.65,426.0,2820252,1195654818.75,47415,LEGACY
2018-09-10,CIPLA,Cipla,EQ,INE059A01026,665.0,678.0,664.0,668.05,666.35,664.75,3453432,2314364316.7,78892,LEGACY
2018-09-10,DIVISLAB,Divi's Laboratories,EQ,INE361B01024,1312.9,1329.0,1268.05,1278.8,1275.55,1313.5,826691,1076202524.9,20335,LEGACY
2018-09-10,DRREDDY,Dr. Reddy's Laboratories,EQ,INE089A01023,2623.8,2659.8,2555.0,2563.9,2561.1,2632.5,1323873,3435872541.25,82109,LEGACY
2018-09-10,GLAXO,GlaxoSmithKline Pharmaceuticals,EQ,INE159A01016,3497.3,3600.0,3497.3,3590.1,3580.0,3497.3,85811,305223215.0,7533,LEGACY
2018-09-10,GLENMARK,Glenmark Pharmaceuticals,EQ,INE935A01035,685.0,711.9,682.0,686.8,686.1,685.15,2620195,1826905980.85,52229,LEGACY
2018-09-10,GRANULES,Granules India,EQ,INE101D01020,120.0,123.4,118.75,119.3,119.15,121.4,3337296,402588553.05,16055,LEGACY
2018-09-10,IPCALAB,IPCA Laboratories,EQ,INE571A01020,794.35,797.5,767.0,771.35,771.35,791.6,72833,57021177.4,5206,LEGACY
2018-09-10,JBCHEPHARM,JB Chemicals & Pharmaceuticals,EQ,INE572A01028,345.0,347.2,341.1,341.45,341.25,343.95,127253,43658546.0,3375,LEGACY
2018-09-10,LAURUSLABS,Laurus Labs,EQ,INE947Q01010,431.0,440.0,430.05,435.45,434.8,430.55,62514,27194560.5,2748,LEGACY
2018-09-10,LUPIN,Lupin,EQ,INE326A01037,965.0,986.1,940.2,944.4,946.0,959.4,7326442,7074938424.5,155457,LEGACY
2018-09-10,NATCOPHARM,Natco Pharma,EQ,INE987B01026,805.1,817.0,800.5,807.9,807.0,800.3,242314,196145374.55,7512,LEGACY
2018-09-10,PEL,Piramal Enterprises,D1,INE140A08SX5,126000.0,126000.0,126000.0,126000.0,126000.0,124000.0,15,1890000.0,1,LEGACY
2018-09-10,PEL,Piramal Enterprises,EQ,INE140A01024,3033.0,3128.0,3000.1,3022.6,3014.95,3044.15,581145,1786301640.4,44918,LEGACY
2018-09-10,PFIZER,Pfizer,EQ,INE182A01018,3596.0,3599.0,3464.95,3571.45,3570.0,3582.25,47543,168196035.55,8892,LEGACY
2018-09-10,SANOFI,Sanofi India,EQ,INE058A01010,6580.0,6774.95,6577.8,6649.0,6649.0,6577.7,20588,137649459.15,6709,LEGACY
2018-09-10,STAR,Strides Pharma Science,EQ,INE939A01011,502.0,512.2,487.6,491.7,493.45,506.9,1528961,764925707.75,22748,LEGACY
2018-09-10,SUNPHARMA,Sun Pharmaceutical Industries,EQ,INE044A01036,656.5,667.25,635.35,638.0,637.75,664.25,9930755,6451429023.45,127786,LEGACY
2018-09-10,TORNTPHARM,Torrent Pharmaceuticals,EQ,INE685A01028,1834.0,1857.5,1780.0,1788.05,1789.95,1834.9,489650,884088481.5,17310,LEGACY
2018-09-10,WOCKPHARMA,Wockhardt,EQ,INE049B01025,667.35,687.3,648.7,653.4,654.0,669.65,2061962,1381075825.45,32138,LEGACY
2018-09-11,ABBOTINDIA,Abbott India,EQ,INE358A01014,8670.0,8729.1,8370.0,8428.3,8488.85,8593.35,9988,85126753.35,2112,LEGACY
2018-09-11,AJANTPHARM,Ajanta Pharma,EQ,INE031B01049,1231.0,1243.1,1150.1,1162.1,1151.0,1230.45,325314,389991841.1,11646,LEGACY
2018-09-11,ALKEM,Alkem Laboratories,EQ,INE540L01014,2155.0,2220.0,2100.0,2125.25,2149.4,2136.8,137502,299863625.55,13308,LEGACY
2018-09-11,APLLTD,Alembic Pharmaceuticals,EQ,INE901L01018,630.9,635.7,605.0,610.3,607.5,630.2,38943,24043344.4,1962,LEGACY
2018-09-11,AUROPHARMA,Aurobindo Pharma,EQ,INE406A01037,800.5,811.25,787.3,790.35,791.0,795.95,5800282,4623562933.85,73558,LEGACY
2018-09-11,BIOCON,Biocon,EQ,INE376G01013,640.9,659.6,627.9,637.0,641.95,638.4,3785565,2452172547.35,77909,LEGACY
2018-09-11,CADILAHC,Cadila Healthcare,EQ,INE010B01027,422.5,427.0,405.2,408.9,408.5,420.3,2532362,1051375490.55,36161,LEGACY
2018-09-11,CIPLA,Cipla,EQ,INE059A01026,670.1,675.0,650.6,654.9,654.9,668.05,3399042,2258401868.45,55823,LEGACY
2018-09-11,DIVISLAB,Divi's Laboratories,EQ,INE361B01024,1278.8,1290.25,1232.8,1244.65,1251.0,1278.8,837631,1051808790.05,27075,LEGACY
2018-09-11,DRREDDY,Dr. Reddy's Laboratories,EQ,INE089A01023,2578.45,2586.45,2507.1,2524.45,2538.05,2563.9,1136931,2883672799.3,65667,LEGACY
2018-09-11,GLAXO,GlaxoSmithKline Pharmaceuticals,EQ,INE159A01016,1800.0,1800.05,1722.05,1748.55,1740.0,3590.1,73834,129709055.45,6980,LEGACY
2018-09-11,GLENMARK,Glenmark Pharmaceuticals,EQ,INE935A01035,691.85,694.6,667.9,669.5,671.4,686.8,1309700,887014129.3,21536,LEGACY
2018-09-11,GRANULES,Granules India,EQ,INE101D01020,119.45,120.0,113.8,114.4,114.3,119.3,3001297,350067812.9,13591,LEGACY
2018-09-11,IPCALAB,IPCA Laboratories,EQ,INE571A01020,771.0,783.15,760.0,765.55,768.5,771.35,61194,47182980.4,6412,LEGACY
2018-09-11,JBCHEPHARM,JB Chemicals & Pharmaceuticals,EQ,INE572A01028,339.6,352.3,338.0,343.0,343.5,341.45,258308,89028683.2,5809,LEGACY
2018-09-11,LAURUSLABS,Laurus Labs,EQ,INE947Q01010,436.0,438.15,430.05,430.95,430.05,435.45,50333,21861908.15,1755,LEGACY
2018-09-11,LUPIN,Lupin,EQ,INE326A01037,953.65,959.5,933.25,940.3,940.3,944.4,4039123,3824311947.2,81243,LEGACY
2018-09-11,NATCOPHARM,Natco Pharma,EQ,INE987B01026,812.85,844.0,806.0,829.75,828.0,807.9,1036113,864695493.8,24223,LEGACY
2018-09-11,PEL,Piramal Enterprises,EQ,INE140A01024,3025.0,3057.2,2894.0,2922.3,2902.0,3022.6,562148,1669548258.3,27728,LEGACY
2018-09-11,PFIZER,Pfizer,EQ,INE182A01018,3570.0,3788.0,3570.0,3640.8,3645.0,3571.45,103513,383288690.15,12656,LEGACY
2018-09-11,SANOFI,Sanofi India,EQ,INE058A01010,6660.0,6700.0,6600.0,6623.75,6620.0,6649.0,15125,100562654.15,6035,LEGACY
2018-09-11,STAR,Strides Pharma Science,EQ,INE939A01011,495.95,504.8,487.0,490.65,490.7,491.7,1683307,835954864.75,27286,LEGACY
2018-09-11,SUNPHARMA,Sun Pharmaceutical Industries,EQ,INE044A01036,643.0,649.4,627.55,630.4,631.0,638.0,8273963,5286914185.15,118682,LEGACY
2018-09-11,TORNTPHARM,Torrent Pharmaceuticals,EQ,INE685A01028,1802.25,1816.45,1730.0,1745.85,1740.05,1788.05,344012,609426621.15,23697,LEGACY
2018-09-11,WOCKPHARMA,Wockhardt,EQ,INE049B01025,657.0,661.9,624.2,626.25,626.25,653.4,1291620,830774287.5,21633,LEGACY
2018-09-12,ABBOTINDIA,Abbott India,EQ,INE358A01014,8360.0,8500.0,8163.05,8449.45,8412.75,8428.3,12706,105932212.4,3343,LEGACY
2018-09-12,AJANTPHARM,Ajanta Pharma,EQ,INE031B01049,1169.0,1196.65,1152.8,1190.3,1189.7,1162.1,509014,596494207.6,17622,LEGACY
2018-09-12,ALKEM,Alkem Laboratories,EQ,INE540L01014,2115.0,2158.45,2110.0,2129.2,2124.75,2125.25,34191,73090707.7,5560,LEGACY
2018-09-12,APLLTD,Alembic Pharmaceuticals,EQ,INE901L01018,600.1,657.9,600.1,640.85,640.0,610.3,381914,244344312.65,12669,LEGACY
2018-09-12,AUROPHARMA,Aurobindo Pharma,EQ,INE406A01037,792.0,794.0,766.25,773.85,772.75,790.35,6260650,4854684419.1,113600,LEGACY
2018-09-12,BIOCON,Biocon,EQ,INE376G01013,641.6,644.85,613.0,639.85,639.25,637.0,3187175,1999433569.3,59015,LEGACY
2018-09-12,CADILAHC,Cadila Healthcare,EQ,INE010B01027,411.0,412.9,399.65,408.7,408.25,408.9,2144506,874035075.85,33661,LEGACY
2018-09-12,CIPLA,Cipla,EQ,INE059A01026,654.9,662.0,643.25,656.45,653.75,654.9,3302191,2157111699.75,55692,LEGACY
2018-09-12,DIVISLAB,Divi's Laboratories,EQ,INE361B01024,1243.0,1290.75,1233.1,1271.55,1277.95,1244.65,1186268,1500436215.8,36845,LEGACY
2018-09-12,DRREDDY,Dr. Reddy's Laboratories,EQ,INE089A01023,2526.0,2574.45,2487.6,2529.15,2535.0,2524.45,1248825,3157323082.1,58076,LEGACY
2018-09-12,GLAXO,GlaxoSmithKline Pharmaceuticals,EQ,INE159A01016,1740.0,1777.0,1701.0,1721.75,1718.15,1748.55,30085,51921138.65,4928,LEGACY
2018-09-12,GLENMARK,Glenmark Pharmaceuticals,EQ,INE935A01035,668.35,676.95,653.0,673.4,673.05,669.5,960706,640138512.2,22313,LEGACY
2018-09-12,GRANULES,Granules India,EQ,INE101D01020,114.2,114.2,106.0,107.65,107.6,114.4,7182868,777294800.85,29401,LEGACY
2018-09-12,IPCALAB,IPCA Laboratories,EQ,INE571A01020,760.9,777.0,760.9,769.35,768.95,765.55,110143,84881516.8,9456,LEGACY
2018-09-12,JBCHEPHARM,JB Chemicals & Pharmaceuticals,EQ,INE572A01028,345.0,346.45,338.0,342.4,341.9,343.0,100035,34139879.7,5125,LEGACY
2018-09-12,LAURUSLABS,Laurus Labs,EQ,INE947Q01010,430.95,440.0,430.95,438.15,438.9,430.95,43110,18800036.65,1919,LEGACY
2018-09-12,LUPIN,Lupin,EQ,INE326A01037,939.0,963.15,922.0,959.35,961.45,940.3,4140290,3912559206.45,88413,LEGACY
2018-09-12,NATCOPHARM,Natco Pharma,EQ,INE987B01026,835.0,848.3,819.05,824.85,827.15,829.75,490169,408924734.55,11343,LEGACY
2018-09-12,PEL,Piramal Enterprises,D1,INE140A08SX5,117000.01,119000.0,113000.0,113000.0,113000.0,126000.0,3648,419592500.15,21,LEGACY
2018-09-12,PEL,Piramal Enterprises,EQ,INE140A01024,2937.9,2991.35,2835.35,2926.5,2923.0,2922.3,594220,1731997435.55,34792,LEGACY
2018-09-12,PFIZER,Pfizer,EQ,INE182A01018,3551.05,3613.95,3520.0,3576.85,3592.0,3640.8,52376,187273183.5,7832,LEGACY
2018-09-12,SANOFI,Sanofi India,EQ,INE058A01010,6551.0,6639.75,6489.0,6586.45,6550.0,6623.75,43224,284119316.9,14734,LEGACY
2018-09-12,STAR,Strides Pharma Science,EQ,INE939A01011,490.7,502.0,479.5,497.25,496.0,490.65,1875294,919485161.5,29325,LEGACY
2018-09-12,SUNPHARMA,Sun Pharmaceutical Industries,EQ,INE044A01036,625.0,654.4,620.1,649.9,649.55,630.4,11215125,7196011852.8,172271,LEGACY
2018-09-12,TORNTPHARM,Torrent Pharmaceuticals,EQ,INE685A01028,1748.9,1794.15,1706.15,1751.5,1756.0,1745.85,306451,538736687.75,17426,LEGACY
2018-09-12,WOCKPHARMA,Wockhardt,EQ,INE049B01025,618.5,631.7,609.35,627.75,627.35,626.25,1632249,1013202081.25,30658,LEGACY
2018-09-14,ABBOTINDIA,Abbott India,EQ,INE358A01014,8502.0,8509.9,8352.0,8388.1,8389.95,8449.45,8500,71756504.4,3592,LEGACY
2018-09-14,AJANTPHARM,Ajanta Pharma,EQ,INE031B01049,1195.5,1223.0,1195.5,1213.55,1216.0,1190.3,350764,424956620.9,14055,LEGACY
2018-09-14,ALKEM,Alkem Laboratories,EQ,INE540L01014,2145.15,2145.15,2089.45,2095.85,2100.0,2129.2,75494,158764415.6,5704,LEGACY
2018-09-14,APLLTD,Alembic Pharmaceuticals,EQ,INE901L01018,641.1,653.1,638.0,647.5,648.0,640.85,116952,75702182.7,4143,LEGACY
2018-09-14,AUROPHARMA,Aurobindo Pharma,EQ,INE406A01037,780.3,810.0,778.7,799.8,800.05,773.85,7347637,5870731390.55,115953,LEGACY
2018-09-14,BIOCON,Biocon,EQ,INE376G01013,642.0,664.5,639.1,662.95,663.4,639.85,2661991,1748632313.6,45756,LEGACY
2018-09-14,CADILAHC,Cadila Healthcare,EQ,INE010B01027,415.0,420.0,410.2,411.7,411.85,408.7,2471602,1024402047.7,34670,LEGACY
2018-09-14,CIPLA,Cipla,EQ,INE059A01026,664.0,670.0,659.05,666.4,664.0,656.45,1512857,1007329171.7,27554,LEGACY
2018-09-14,DIVISLAB,Divi's Laboratories,EQ,INE361B01024,1280.05,1334.0,1275.45,1329.55,1328.0,1271.55,1525334,2001988681.45,34129,LEGACY
2018-09-14,DRREDDY,Dr. Reddy's Laboratories,EQ,INE089A01023,2555.9,2595.0,2550.05,2581.85,2581.85,2529.15,677333,1743498540.3,35443,LEGACY
2018-09-14,GLAXO,GlaxoSmithKline Pharmaceuticals,EQ,INE159A01016,1734.65,1744.0,1708.0,1716.25,1713.75,1721.75,29717,51223642.85,3900,LEGACY
2018-09-14,GLENMARK,Glenmark Pharmaceuticals,EQ,INE935A01035,677.2,695.85,677.2,692.3,691.25,673.4,1017120,700733641.95,24702,LEGACY
2018-09-14,GRANULES,Granules India,EQ,INE101D01020,108.0,119.6,108.0,118.85,118.9,107.65,9088295,1049112212.4,39206,LEGACY
2018-09-14,IPCALAB,IPCA Laboratories,EQ,INE571A01020,774.0,793.45,771.9,777.9,785.0,769.35,58476,45674535.85,5718,LEGACY
2018-09-14,JBCHEPHARM,JB Chemicals & Pharmaceuticals,EQ,INE572A01028,342.5,348.5,340.0,341.05,342.9,342.4,85264,29284936.8,2648,LEGACY
2018-09-14,LAURUSLABS,Laurus Labs,EQ,INE947Q01010,436.0,446.8,436.0,443.0,442.75,438.15,66744,29542854.85,1502,LEGACY
2018-09-14,LUPIN,Lupin,EQ,INE326A01037,973.9,981.5,962.05,968.75,965.05,959.35,4037498,3923252822.5,85916,LEGACY
2018-09-14,NATCOPHARM,Natco Pharma,EQ,INE987B01026,832.05,837.5,823.4,826.2,825.0,824.85,261372,216488587.85,11704,LEGACY
2018-09-14,PEL,Piramal Enterprises,D1,INE140A08SX5,122499.99,124000.0,118000.0,123425.0,123000.0,113000.0,5097,608152315.85,159,LEGACY
2018-09-14,PEL,Piramal Enterprises,EQ,INE140A01024,2956.0,3059.1,2947.45,3048.65,3048.0,2926.5,598915,1804280197.35,37399,LEGACY
2018-09-14,PFIZER,Pfizer,EQ,INE182A01018,3618.95,3635.0,3520.0,3525.55,3528.95,3576.85,20797,73987318.85,3295,LEGACY
2018-09-14,SANOFI,Sanofi India,EQ,INE058A01010,6648.7,6650.0,6534.3,6583.05,6568.0,6586.45,9240,60935884.45,2129,LEGACY
2018-09-14,STAR,Strides Pharma Science,EQ,INE939A01011,500.5,505.0,495.15,498.35,498.05,497.25,1282062,640372858.7,24403,LEGACY
2018-09-14,SUNPHARMA,Sun Pharmaceutical Industries,EQ,INE044A01036,665.0,670.9,658.0,665.25,663.55,649.9,7444874,4938523594.1,112764,LEGACY
2018-09-14,TORNTPHARM,Torrent Pharmaceuticals,EQ,INE685A01028,1760.0,1772.0,1706.55,1738.25,1743.0,1751.5,382309,663828231.0,22496,LEGACY
2018-09-14,WOCKPHARMA,Wockhardt,EQ,INE049B01025,634.4,678.5,633.0,675.0,675.75,627.75,2826987,1864134417.2,52817,LEGACY
2018-09-17,ABBOTINDIA,Abbott India,EQ,INE358A01014,8280.15,8483.95,8280.15,8441.75,8352.0,8388.1,4526,38128218.85,1086,LEGACY
2018-09-17,AJANTPHARM,Ajanta Pharma,EQ,INE031B01049,1209.85,1236.0,1198.05,1205.6,1209.8,1213.55,399325,487480054.95,15279,LEGACY
2018-09-17,ALKEM,Alkem Laboratories,EQ,INE540L01014,2112.0,2112.0,2055.1,2070.5,2060.2,2095.85,46258,95881121.75,7133,LEGACY
2018-09-17,APLLTD,Alembic Pharmaceuticals,EQ,INE901L01018,647.8,664.0,638.6,641.45,640.15,647.5,140236,91257652.85,7357,LEGACY
2018-09-17,AUROPHARMA,Aurobindo Pharma,EQ,INE406A01037,801.0,815.55,783.7,789.45,792.7,799.8,7263810,5828676147.5,110335,LEGACY
2018-09-17,BIOCON,Biocon,EQ,INE376G01013,662.95,668.8,653.45,656.7,657.1,662.95,1681688,1111919749.4,34450,LEGACY
2018-09-17,CADILAHC,Cadila Healthcare,EQ,INE010B01027,411.95,417.9,408.1,413.15,411.5,411.7,1613138,668218522.95,24459,LEGACY
2018-09-17,CIPLA,Cipla,EQ,INE059A01026,673.0,673.0,660.4,664.9,663.9,666.4,2220455,1479121930.9,45460,LEGACY
2018-09-17,DIVISLAB,Divi's Laboratories,EQ,INE361B01024,1328.0,1403.05,1317.05,1364.7,1364.0,1329.55,4137410,5667554264.5,92152,LEGACY
2018-09-17,DRREDDY,Dr. Reddy's Laboratories,EQ,INE089A01023,2581.0,2615.0,2547.9,2568.5,2572.1,2581.85,691773,1788557738.3,32907,LEGACY
2018-09-17,GLAXO,GlaxoSmithKline Pharmaceuticals,EQ,INE159A01016,1724.0,1735.0,1690.1,1698.55,1700.0,1716.25,13244,22709875.9,2799,LEGACY
2018-09-17,GLENMARK,Glenmark Pharmaceuticals,EQ,INE935A01035,692.2,705.0,673.8,680.5,680.3,692.3,1471812,1017392901.35,28009,LEGACY
2018-09-17,GRANULES,Granules India,EQ,INE101D01020,117.65,118.9,115.1,117.0,117.2,118.85,3535210,413661150.15,15797,LEGACY
2018-09-17,IPCALAB,IPCA Laboratories,EQ,INE571A01020,779.0,781.5,760.0,761.55,762.0,777.9,95461,73224190.1,11767,LEGACY
2018-09-17,JBCHEPHARM,JB Chemicals & Pharmaceuticals,EQ,INE572A01028,343.25,343.25,334.4,336.15,335.0,341.05,54259,18354854.7,3444,LEGACY
2018-09-17,LAURUSLABS,Laurus Labs,EQ,INE947Q01010,436.15,446.0,430.0,437.95,438.0,443.0,420068,184822942.35,2614,LEGACY
2018-09-17,LUPIN,Lupin,EQ,INE326A01037,958.45,978.0,945.55,950.2,950.5,968.75,2575256,2477585714.85,54762,LEGACY
2018-09-17,NATCOPHARM,Natco Pharma,EQ,INE987B01026,811.05,830.95,811.05,814.85,816.0,826.2,267276,219945612.05,8719,LEGACY
2018-09-17,PEL,Piramal Enterprises,D1,INE140A08SX5,123000.0,123000.0,118000.0,120535.7,119700.0,123425.0,4127,487359034.9,57,LEGACY
2018-09-17,PEL,Piramal Enterprises,EQ,INE140A01024,3038.0,3049.9,2951.05,2960.55,2958.0,3048.65,500760,1503024206.8,32070,LEGACY
2018-09-17,PFIZER,Pfizer,EQ,INE182A01018,3538.95,3590.1,3425.0,3441.6,3440.0,3525.55,23860,83526909.35,3311,LEGACY
2018-09-17,SANOFI,Sanofi India,EQ,INE058A01010,6570.0,6602.8,6505.15,6532.85,6560.0,6583.05,2481,16246737.9,1447,LEGACY
2018-09-17,STAR,Strides Pharma Science,EQ,INE939A01011,496.9,517.0,491.2,508.65,509.0,498.35,3494477,1783413899.05,62270,LEGACY
2018-09-17,SUNPHARMA,Sun Pharmaceutical Industries,EQ,INE044A01036,661.0,668.25,644.2,646.2,646.4,665.25,6264996,4112415512.85,93261,LEGACY
2018-09-17,TORNTPHARM,Torrent Pharmaceuticals,EQ,INE685A01028,1743.0,1798.0,1721.7,1781.65,1782.85,1738.25,503708,894667416.35,25344,LEGACY
2018-09-17,WOCKPHARMA,Wockhardt,EQ,INE049B01025,674.8,692.2,660.0,669.1,662.35,675.0,3274175,2223825819.15,63886,LEGACY
2018-09-18,ABBOTINDIA,Abbott India,EQ,INE358A01014,8439.95,8480.0,8350.0,8444.55,8365.2,8441.75,4432,37306676.65,1573,LEGACY
2018-09-18,AJANTPHARM,Ajanta Pharma,EQ,INE031B01049,1210.15,1223.95,1179.1,1186.7,1192.0,1205.6,387772,466660402.7,11486,LEGACY
2018-09-18,ALKEM,Alkem Laboratories,EQ,INE540L01014,2071.0,2088.4,2023.05,2038.6,2037.0,2070.5,97872,200581435.4,2539,LEGACY
2018-09-18,APLLTD,Alembic Pharmaceuticals,EQ,INE901L01018,641.0,647.0,624.6,631.25,640.0,641.45,66666,42633352.55,3195,LEGACY
2018-09-18,AUROPHARMA,Aurobindo Pharma,EQ,INE406A01037,793.7,800.0,772.45,776.15,779.0,789.45,3690107,2906766897.9,63329,LEGACY
2018-09-18,BIOCON,Biocon,EQ,INE376G01013,657.0,685.9,656.0,677.1,680.0,656.7,5929150,4020303120.55,119850,LEGACY
2018-09-18,CADILAHC,Cadila Healthcare,EQ,INE010B01027,413.8,420.0,405.65,408.45,410.05,413.15,1952399,807817013.95,24781,LEGACY
2018-09-18,CIPLA,Cipla,EQ,INE059A01026,665.0,673.0,660.6,663.7,663.3,664.9,1814726,1212198602.05,33930,LEGACY
2018-09-18,DIVISLAB,Divi's Laboratories,EQ,INE361B01024,1366.0,1393.0,1353.1,1379.8,1379.15,1364.7,1408422,1940117391.45,38917,LEGACY
2018-09-18,DRREDDY,Dr. Reddy's Laboratories,EQ,INE089A01023,2579.9,2637.0,2570.0,2584.15,2598.9,2568.5,1111458,2900448936.95,73547,LEGACY
2018-09-18,GLAXO,GlaxoSmithKline Pharmaceuticals,EQ,INE159A01016,1710.0,1712.55,1661.0,1666.85,1664.0,1698.55,14526,24423892.35,2285,LEGACY
2018-09-18,GLENMARK,Glenmark Pharmaceuticals,EQ,INE935A01035,679.5,689.8,676.0,681.0,682.1,680.5,760703,520542583.2,38517,LEGACY
2018-09-18,GRANULES,Granules India,EQ,INE101D01020,116.25,121.35,109.0,111.65,111.8,117.0,7403488,867314399.45,33323,LEGACY
2018-09-18,IPCALAB,IPCA Laboratories,EQ,INE571A01020,761.65,777.7,760.0,767.25,767.3,761.55,103090,79724062.95,9587,LEGACY
2018-09-18,JBCHEPHARM,JB Chemicals & Pharmaceuticals,EQ,INE572A01028,337.0,339.9,321.35,323.8,321.5,336.15,74220,24713408.15,4869,LEGACY
2018-09-18,LAURUSLABS,Laurus Labs,EQ,INE947Q01010,435.25,439.8,432.55,433.75,432.6,437.95,18782,8186791.45,853,LEGACY
2018-09-18,LUPIN,Lupin,EQ,INE326A01037,953.5,963.15,926.4,929.35,931.55,950.2,2383441,2249739376.95,55972,LEGACY
2018-09-18,NATCOPHARM,Natco Pharma,EQ,INE987B01026,818.0,824.25,792.55,797.1,799.0,814.85,184566,148907698.75,6841,LEGACY
2018-09-18,PEL,Piramal Enterprises,D1,INE140A08SX5,120000.0,121000.0,120000.0,121000.0,121000.0,120535.7,92,11084700.05,29,LEGACY
2018-09-18,PEL,Piramal Enterprises,EQ,INE140A01024,2974.5,2996.55,2915.15,2924.85,2929.95,2960.55,400843,1186631909.15,25670,LEGACY
2018-09-18,PFIZER,Pfizer,EQ,INE182A01018,3440.0,3463.7,3288.6,3308.1,3308.6,3441.6,33563,113007734.65,5512,LEGACY
2018-09-18,SANOFI,Sanofi India,EQ,INE058A01010,6552.7,6592.85,6383.0,6420.2,6400.0,6532.85,9598,62517357.35,3590,LEGACY
2018-09-18,STAR,Strides Pharma Science,EQ,INE939A01011,510.75,516.55,493.95,498.2,500.5,508.65,1654695,835423728.4,25207,LEGACY
2018-09-18,SUNPHARMA,Sun Pharmaceutical Industries,EQ,INE044A01036,646.4,655.7,640.5,642.5,645.6,646.2,5780144,3755628981.35,77569,LEGACY
2018-09-18,TORNTPHARM,Torrent Pharmaceuticals,EQ,INE685A01028,1792.0,1792.15,1725.2,1735.2,1743.7,1781.65,203553,357635106.95,12006,LEGACY
2018-09-18,WOCKPHARMA,Wockhardt,EQ,INE049B01025,665.7,674.0,634.5,639.4,644.0,669.1,1712407,1123770569.5,33446,LEGACY
2018-09-19,ABBOTINDIA,Abbott India,EQ,INE358A01014,8459.95,8487.95,8300.0,8379.45,8319.95,8444.55,4144,34889680.6,1015,LEGACY
2018-09-19,AJANTPHARM,Ajanta Pharma,EQ,INE031B01049,1198.0,1211.75,1166.0,1180.45,1182.0,1186.7,234065,277939142.05,8959,LEGACY
2018-09-19,ALKEM,Alkem Laboratories,EQ,INE540L01014,2035.0,2090.0,2005.55,2068.05,2075.0,2038.6,23963,48912023.8,4441,LEGACY
2018-09-19,APLLTD,Alembic Pharmaceuticals,EQ,INE901L01018,628.15,640.0,628.15,637.7,638.0,631.25,31127,19785804.7,1088,LEGACY
2018-09-19,AUROPHARMA,Aurobindo Pharma,EQ,INE406A01037,785.0,790.0,766.1,775.95,777.5,776.15,2621869,2036832497.65,52343,LEGACY
2018-09-19,BIOCON,Biocon,EQ,INE376G01013,686.0,695.0,657.7,668.0,673.0,677.1,6309730,4295596538.6,103035,LEGACY
2018-09-19,CADILAHC,Cadila Healthcare,EQ,INE010B01027,411.5,414.0,403.0,407.5,409.1,408.45,1515745,620818414.85,18886,LEGACY
2018-09-19,CIPLA,Cipla,EQ,INE059A01026,668.0,678.45,645.75,660.6,662.05,663.7,3043018,2028683317.2,57895,LEGACY
2018-09-19,DIVISLAB,Divi's Laboratories,EQ,INE361B01024,1379.75,1408.0,1370.0,1391.15,1393.95,1379.8,1346458,1871460854.55,39589,LEGACY
2018-09-19,DRREDDY,Dr. Reddy's Laboratories,EQ,INE089A01023,2603.4,2636.0,2571.0,2607.1,2620.8,2584.15,869947,2269206699.05,48204,LEGACY
2018-09-19,GLAXO,GlaxoSmithKline Pharmaceuticals,EQ,INE159A01016,1698.9,1698.9,1600.0,1662.95,1659.0,1666.85,31327,51765567.9,4133,LEGACY
2018-09-19,GLENMARK,Glenmark Pharmaceuticals,EQ,INE935A01035,685.05,687.15,666.0,670.65,670.0,681.0,642324,433683761.75,14387,LEGACY
2018-09-19,GRANULES,Granules India,EQ,INE101D01020,113.0,115.85,109.6,111.65,112.8,111.65,4494845,505504145.4,20610,LEGACY
2018-09-19,IPCALAB,IPCA Laboratories,EQ,INE571A01020,770.95,770.95,742.35,750.25,748.35,767.25,185398,139505789.8,9050,LEGACY
2018-09-19,JBCHEPHARM,JB Chemicals & Pharmaceuticals,EQ,INE572A01028,321.0,326.8,308.4,317.0,318.0,323.8,56636,17965964.9,2388,LEGACY
2018-09-19,LAURUSLABS,Laurus Labs,EQ,INE947Q01010,434.1,440.05,434.1,435.45,435.2,433.75,48591,21271385.8,1631,LEGACY
2018-09-19,LUPIN,Lupin,EQ,INE326A01037,937.95,939.6,901.6,909.35,911.55,929.35,3617661,3323312801.65,93157,LEGACY
2018-09-19,NATCOPHARM,Natco Pharma,EQ,INE987B01026,797.0,804.7,771.0,775.0,780.0,797.1,163294,128251610.45,7563,LEGACY
2018-09-19,PEL,Piramal Enterprises,D1,INE140A08SX5,119100.01,120000.0,118200.0,118200.0,118200.0,121000.0,60,7148500.15,10,LEGACY
2018-09-19,PEL,Piramal Enterprises,EQ,INE140A01024,2930.0,2963.5,2876.0,2887.95,2904.85,2924.85,434938,1271196296.75,21400,LEGACY
2018-09-19,PFIZER,Pfizer,EQ,INE182A01018,3312.3,3342.0,3065.0,3120.1,3099.0,3308.1,83071,262535399.8,10481,LEGACY
2018-09-19,SANOFI,Sanofi India,EQ,INE058A01010,6415.0,6489.75,6257.9,6303.9,6400.0,6420.2,23409,148473854.0,3231,LEGACY
2018-09-19,STAR,Strides Pharma Science,EQ,INE939A01011,492.0,502.0,472.35,489.8,490.5,498.2,4293108,2098768959.3,63449,LEGACY
2018-09-19,SUNPHARMA,Sun Pharmaceutical Industries,EQ,INE044A01036,651.95,657.25,641.6,648.85,647.9,642.5,7659788,4970363494.1,129843,LEGACY
2018-09-19,TORNTPHARM,Torrent Pharmaceuticals,EQ,INE685A01028,1752.8,1767.0,1730.0,1759.35,1756.2,1735.2,227880,400090464.25,11147,LEGACY
2018-09-19,WOCKPHARMA,Wockhardt,EQ,INE049B01025,645.65,649.85,624.0,628.6,630.0,639.4,1311189,834389981.45,28453,LEGACY
2018-09-21,ABBOTINDIA,Abbott India,EQ,INE358A01014,8400.0,8400.0,7611.0,8240.5,8250.0,8379.45,18632,152831417.6,6926,LEGACY
2018-09-21,AJANTPHARM,Ajanta Pharma,EQ,INE031B01049,1184.0,1198.8,1080.0,1108.15,1106.0,1180.45,541790,615291483.7,16763,LEGACY
2018-09-21,ALKEM,Alkem Laboratories,EQ,INE540L01014,2079.0,2100.0,1998.55,2083.65,2072.0,2068.05,46127,95525110.55,6150,LEGACY
2018-09-21,APLLTD,Alembic Pharmaceuticals,EQ,INE901L01018,633.15,656.95,612.4,654.25,654.5,637.7,171702,110954225.45,11306,LEGACY
2018-09-21,AUROPHARMA,Aurobindo Pharma,EQ,INE406A01037,779.0,786.8,698.4,762.7,765.0,775.95,4395912,3346530850.1,72041,LEGACY
2018-09-21,BIOCON,Biocon,EQ,INE376G01013,681.0,691.5,657.25,676.9,679.8,668.0,5936209,4037370898.65,110135,LEGACY
2018-09-21,CADILAHC,Cadila Healthcare,EQ,INE010B01027,411.0,414.8,366.75,394.0,395.9,407.5,3953672,1558468469.75,50014,LEGACY
2018-09-21,CIPLA,Cipla,EQ,INE059A01026,668.0,671.55,638.4,653.2,660.0,660.6,2276641,1499364379.15,47036,LEGACY
2018-09-21,DIVISLAB,Divi's Laboratories,EQ,INE361B01024,1407.9,1407.9,1304.05,1387.95,1390.2,1391.15,1484382,2047686884.45,43199,LEGACY
2018-09-21,DRREDDY,Dr. Reddy's Laboratories,EQ,INE089A01023,2643.95,2670.8,2441.1,2556.25,2576.7,2607.1,1411007,3673715522.65,57434,LEGACY
2018-09-21,GLAXO,GlaxoSmithKline Pharmaceuticals,EQ,INE159A01016,1690.0,1694.0,1420.0,1609.45,1580.0,1662.95,47713,76138098.65,5728,LEGACY
2018-09-21,GLENMARK,Glenmark Pharmaceuticals,EQ,INE935A01035,674.5,682.7,632.0,654.8,658.55,670.65,1131487,749114206.95,29893,LEGACY
2018-09-21,GRANULES,Granules India,EQ,INE101D01020,114.4,115.2,101.0,107.7,107.6,111.65,5818432,636553859.4,27371,LEGACY
2018-09-21,IPCALAB,IPCA Laboratories,EQ,INE571A01020,750.0,756.9,705.0,713.15,712.45,750.25,141276,104026278.4,12911,LEGACY
2018-09-21,JBCHEPHARM,JB Chemicals & Pharmaceuticals,EQ,INE572A01028,316.5,318.75,291.2,294.15,301.2,317.0,283243,84941958.95,12840,LEGACY
2018-09-21,LAURUSLABS,Laurus Labs,EQ,INE947Q01010,439.1,439.1,414.8,430.35,432.0,435.45,142837,61677758.6,5258,LEGACY
2018-09-21,LUPIN,Lupin,EQ,INE326A01037,919.8,931.5,853.6,890.25,895.35,909.35,4484082,4042283786.05,87070,LEGACY
2018-09-21,NATCOPHARM,Natco Pharma,EQ,INE987B01026,785.0,796.6,751.05,790.05,791.3,775.0,489238,382057380.0,15679,LEGACY
2018-09-21,PEL,Piramal Enterprises,D1,INE140A08SX5,119000.0,119000.0,100000.0,105000.0,105000.0,118200.0,894,92578539.0,36,LEGACY
2018-09-21,PEL,Piramal Enterprises,EQ,INE140A01024,2911.05,2961.95,2454.8,2744.75,2739.0,2887.95,1666137,4586657137.8,65903,LEGACY
2018-09-21,PFIZER,Pfizer,EQ,INE182A01018,3148.85,3194.0,2824.0,3156.3,3142.4,3120.1,55546,171938876.1,10369,LEGACY
2018-09-21,SANOFI,Sanofi India,EQ,INE058A01010,6330.0,6599.0,6060.0,6538.15,6550.0,6303.9,26730,171821131.95,8876,LEGACY
2018-09-21,STAR,Strides Pharma Science,EQ,INE939A01011,499.0,510.9,442.5,497.8,497.55,489.8,3991890,1978686106.9,56141,LEGACY
2018-09-21,SUNPHARMA,Sun Pharmaceutical Industries,EQ,INE044A01036,650.0,655.0,614.5,634.9,636.0,648.85,9635852,6137415126.05,114822,LEGACY
2018-09-21,TORNTPHARM,Torrent Pharmaceuticals,EQ,INE685A01028,1759.95,1775.0,1583.45,1729.75,1736.0,1759.35,453321,785539884.5,32411,LEGACY
2018-09-21,WOCKPHARMA,Wockhardt,EQ,INE049B01025,632.0,638.8,534.35,578.55,583.0,628.6,3232507,1932435093.3,53188,LEGACY
2018-09-24,ABBOTINDIA,Abbott India,EQ,INE358A01014,8200.2,8225.05,7810.0,8136.7,8055.0,8240.5,13866,110997991.0,4314,LEGACY
2018-09-24,AJANTPHARM,Ajanta Pharma,EQ,INE031B01049,1109.7,1131.75,1074.1,1092.1,1087.05,1108.15,332680,367668602.75,13689,LEGACY
2018-09-24,ALKEM,Alkem Laboratories,EQ,INE540L01014,2080.0,2080.0,2012.45,2034.15,2045.0,2083.65,14707,30185164.85,2363,LEGACY
2018-09-24,APLLTD,Alembic Pharmaceuticals,EQ,INE901L01018,655.85,659.45,636.0,642.9,642.0,654.25,57540,36983303.3,4546,LEGACY
2018-09-24,AUROPHARMA,Aurobindo Pharma,EQ,INE406A01037,766.0,769.5,725.2,731.35,733.55,762.7,3646386,2708093298.15,62936,LEGACY
2018-09-24,BIOCON,Biocon,EQ,INE376G01013,687.0,696.0,661.05,665.45,668.0,676.9,2982792,2006609872.0,56555,LEGACY
2018-09-24,CADILAHC,Cadila Healthcare,EQ,INE010B01027,399.3,399.3,377.0,385.05,385.3,394.0,1864471,720943260.35,21132,LEGACY
2018-09-24,CIPLA,Cipla,EQ,INE059A01026,662.0,668.95,640.8,645.6,643.7,653.2,2766326,1817041128.1,62393,LEGACY
2018-09-24,DIVISLAB,Divi's Laboratories,EQ,INE361B01024,1387.9,1401.6,1348.65,1361.75,1367.0,1387.95,890761,1221284721.3,28898,LEGACY
2018-09-24,DRREDDY,Dr. Reddy's Laboratories,EQ,INE089A01023,2577.8,2600.95,2529.3,2553.95,2561.6,2556.25,688659,1765521167.35,27203,LEGACY
2018-09-24,GLAXO,GlaxoSmithKline Pharmaceuticals,EQ,INE159A01016,1624.55,1624.55,1487.05,1504.95,1494.6,1609.45,44610,67818651.55,6191,LEGACY
2018-09-24,GLENMARK,Glenmark Pharmaceuticals,EQ,INE935A01035,658.7,658.7,621.55,629.8,629.45,654.8,957306,612268836.75,20467,LEGACY
2018-09-24,GRANULES,Granules India,EQ,INE101D01020,108.5,109.15,100.75,103.4,103.35,107.7,5218188,541864994.55,19149,LEGACY
2018-09-24,IPCALAB,IPCA Laboratories,EQ,INE571A01020,712.15,747.0,700.25,718.85,715.5,713.15,175044,124706325.4,13856,LEGACY
2018-09-24,JBCHEPHARM,JB Chemicals & Pharmaceuticals,EQ,INE572A01028,303.0,309.0,295.5,303.75,295.8,294.15,53466,16185309.25,3142,LEGACY
2018-09-24,LAURUSLABS,Laurus Labs,EQ,INE947Q01010,426.0,436.0,426.0,429.9,431.0,430.35,73546,31823798.05,3294,LEGACY
2018-09-24,LUPIN,Lupin,EQ,INE326A01037,896.0,903.0,851.6,860.75,860.3,890.25,2679422,2340702748.5,57270,LEGACY
2018-09-24,NATCOPHARM,Natco Pharma,EQ,INE987B01026,790.1,794.95,753.95,758.6,757.8,790.05,215085,166117291.45,5759,LEGACY
2018-09-24,PEL,Piramal Enterprises,EQ,INE140A01024,2768.0,2768.0,2493.35,2518.35,2510.0,2744.75,809214,2104970565.65,52165,LEGACY
2018-09-24,PFIZER,Pfizer,EQ,INE182A01018,3140.0,3190.0,2943.0,2986.15,2985.0,3156.3,35838,108341742.45,6968,LEGACY
2018-09-24,SANOFI,Sanofi India,EQ,INE058A01010,6620.0,6635.8,6350.0,6410.35,6427.95,6538.15,4463,28895175.5,2060,LEGACY
2018-09-24,STAR,Strides Pharma Science,EQ,INE939A01011,500.0,501.6,462.5,467.75,466.8,497.8,1640371,787497881.1,31051,LEGACY
2018-09-24,SUNPHARMA,Sun Pharmaceutical Industries,EQ,INE044A01036,638.0,642.95,616.0,624.0,624.05,634.9,5305739,3329019537.85,104936,LEGACY
2018-09-24,TORNTPHARM,Torrent Pharmaceuticals,EQ,INE685A01028,1729.0,1731.0,1675.05,1683.3,1680.0,1729.75,212268,361044421.3,12077,LEGACY
2018-09-24,WOCKPHARMA,Wockhardt,EQ,INE049B01025,585.45,587.7,542.0,548.9,542.05,578.55,2171460,1216836797.7,36628,LEGACY
2018-09-25,ABBOTINDIA,Abbott India,EQ,INE358A01014,8100.0,8150.05,8055.15,8102.75,8100.0,8136.7,10356,83941750.95,4365,LEGACY
2018-09-25,AJANTPHARM,Ajanta Pharma,EQ,INE031B01049,1087.05,1118.55,1075.5,1109.45,1114.0,1092.1,341223,375162068.55,12299,LEGACY
2018-09-25,ALKEM,Alkem Laboratories,EQ,INE540L01014,2001.0,2078.3,2001.0,2060.55,2050.0,2034.15,28530,58413894.55,5567,LEGACY
2018-09-25,APLLTD,Alembic Pharmaceuticals,EQ,INE901L01018,636.05,652.7,618.0,647.4,649.0,642.9,54989,35087077.65,4179,LEGACY
2018-09-25,AUROPHARMA,Aurobindo Pharma,EQ,INE406A01037,735.05,770.95,732.55,761.05,760.9,731.35,5074277,3837587191.3,96780,LEGACY
2018-09-25,BIOCON,Biocon,EQ,INE376G01013,668.0,708.85,660.0,701.55,706.4,665.45,4436652,3050834279.95,72085,LEGACY
2018-09-25,CADILAHC,Cadila Healthcare,EQ,INE010B01027,386.7,396.1,382.05,394.1,395.0,385.05,1480341,578877938.4,27342,LEGACY
2018-09-25,CIPLA,Cipla,EQ,INE059A01026,644.0,665.8,643.0,661.75,661.35,645.6,2295464,1510562375.95,53262,LEGACY
2018-09-25,DIVISLAB,Divi's Laboratories,EQ,INE361B01024,1365.0,1396.0,1355.1,1388.4,1386.05,1361.75,1029316,1419785641.9,38001,LEGACY
2018-09-25,DRREDDY,Dr. Reddy's Laboratories,EQ,INE089A01023,2570.6,2619.25,2550.25,2611.7,2616.25,2553.95,759251,1970976068.5,38323,LEGACY
2018-09-25,GLAXO,GlaxoSmithKline Pharmaceuticals,EQ,INE159A01016,1504.0,1504.0,1455.0,1468.75,1475.0,1504.95,28284,41615723.2,5698,LEGACY
2018-09-25,GLENMARK,Glenmark Pharmaceuticals,EQ,INE935A01035,630.5,647.6,619.0,634.55,635.45,629.8,1239937,788131142.65,29330,LEGACY
2018-09-25,GRANULES,Granules India,EQ,INE101D01020,103.35,105.6,95.35,100.3,101.0,103.4,4996630,504222093.9,20927,LEGACY
2018-09-25,IPCALAB,IPCA Laboratories,EQ,INE571A01020,714.5,720.05,680.05,704.95,691.9,718.85,132721,94537407.45,7173,LEGACY
2018-09-25,JBCHEPHARM,JB Chemicals & Pharmaceuticals,EQ,INE572A01028,298.15,307.45,294.2,301.5,300.05,303.75,70455,21164226.35,4092,LEGACY
2018-09-25,LAURUSLABS,Laurus Labs,EQ,INE947Q01010,429.9,436.0,428.1,432.85,430.0,429.9,135493,58728362.7,2158,LEGACY
2018-09-25,LUPIN,Lupin,EQ,INE326A01037,860.7,887.75,857.5,882.55,886.15,860.75,2487594,2172683793.4,70191,LEGACY
2018-09-25,NATCOPHARM,Natco Pharma,EQ,INE987B01026,758.0,766.0,747.0,749.55,752.0,758.6,253712,191560431.8,8757,LEGACY
2018-09-25,PEL,Piramal Enterprises,EQ,INE140A01024,2511.0,2565.45,2386.3,2518.75,2536.0,2518.35,754513,1875807120.75,52550,LEGACY
2018-09-25,PFIZER,Pfizer,EQ,INE182A01018,3025.0,3046.9,2902.0,2983.65,3009.0,2986.15,31667,94312926.05,6672,LEGACY
2018-09-25,SANOFI,Sanofi India,EQ,INE058A01010,6390.05,6590.0,6225.5,6502.3,6399.95,6410.35,14203,92558499.95,6654,LEGACY
2018-09-25,STAR,Strides Pharma Science,EQ,INE939A01011,464.6,478.5,446.0,464.65,465.5,467.75,2246865,1045273808.85,39807,LEGACY
2018-09-25,SUNPHARMA,Sun Pharmaceutical Industries,EQ,INE044A01036,624.1,645.0,624.05,641.1,640.75,624.0,7213759,4593649166.15,128963,LEGACY
2018-09-25,TORNTPHARM,Torrent Pharmaceuticals,EQ,INE685A01028,1655.2,1744.9,1650.0,1727.5,1725.0,1683.3,311865,527538261.05,17927,LEGACY
2018-09-25,WOCKPHARMA,Wockhardt,EQ,INE049B01025,547.95,573.95,531.2,563.5,571.0,548.9,2473714,1378979244.3,41686,LEGACY
2018-09-26,ABBOTINDIA,Abbott India,EQ,INE358A01014,8168.0,8200.0,7864.45,7934.95,7900.0,8102.75,7160,57394426.05,2212,LEGACY
2018-09-26,AJANTPHARM,Ajanta Pharma,EQ,INE031B01049,1120.0,1131.0,1093.55,1114.45,1113.8,1109.45,275687,307526320.8,7836,LEGACY
2018-09-26,ALKEM,Alkem Laboratories,EQ,INE540L01014,2082.0,2097.55,2043.0,2069.0,2070.0,2060.55,16395,33920219.6,2734,LEGACY
2018-09-26,APLLTD,Alembic Pharmaceuticals,EQ,INE901L01018,636.0,659.0,636.0,649.05,650.0,647.4,203536,132324842.7,6760,LEGACY
2018-09-26,AUROPHARMA,Aurobindo Pharma,EQ,INE406A01037,768.5,785.1,755.1,759.1,759.6,761.05,4947221,3803127391.1,102826,LEGACY
2018-09-26,BIOCON,Biocon,EQ,INE376G01013,710.0,718.0,696.25,706.6,704.2,701.55,4501895,3188476971.2,82392,LEGACY
2018-09-26,CADILAHC,Cadila Healthcare,EQ,INE010B01027,395.0,403.8,392.5,399.15,398.5,394.1,1381815,550740934.3,18000,LEGACY
2018-09-26,CIPLA,Cipla,EQ,INE059A01026,664.45,675.25,656.0,672.8,671.95,661.75,2131833,1427903158.8,48860,LEGACY
2018-09-26,DIVISLAB,Divi's Laboratories,EQ,INE361B01024,1400.0,1425.0,1371.05,1385.35,1380.0,1388.4,1804070,2529759100.4,56107,LEGACY
2018-09-26,DRREDDY,Dr. Reddy's Laboratories,EQ,INE089A01023,2617.7,2664.2,2591.0,2600.85,2592.0,2611.7,1206238,3167365896.4,68621,LEGACY
2018-09-26,GLAXO,GlaxoSmithKline Pharmaceuticals,EQ,INE159A01016,1489.95,1529.0,1475.0,1518.55,1504.45,1468.75,15391,23151367.3,3197,LEGACY
2018-09-26,GLENMARK,Glenmark Pharmaceuticals,EQ,INE935A01035,640.85,659.3,640.85,654.25,654.0,634.55,1382163,903053523.75,35180,LEGACY
2018-09-26,GRANULES,Granules India,EQ,INE101D01020,102.75,104.55,100.0,102.95,102.5,100.3,4333295,444236056.95,17859,LEGACY
2018-09-26,IPCALAB,IPCA Laboratories,EQ,INE571A01020,701.0,703.0,680.45,698.25,697.2,704.95,741194,513794535.8,14083,LEGACY
2018-09-26,JBCHEPHARM,JB Chemicals & Pharmaceuticals,EQ,INE572A01028,300.5,303.7,298.25,300.05,300.0,301.5,38616,11592198.45,1725,LEGACY
2018-09-26,LAURUSLABS,Laurus Labs,EQ,INE947Q01010,431.2,438.55,431.2,435.1,435.0,432.85,40186,17519018.1,2336,LEGACY
2018-09-26,LUPIN,Lupin,EQ,INE326A01037,891.0,910.0,885.9,891.75,891.8,882.55,2762045,2478134592.2,62754,LEGACY
2018-09-26,NATCOPHARM,Natco Pharma,EQ,INE987B01026,754.25,783.0,754.25,768.2,764.5,749.55,458261,351046941.6,12964,LEGACY
2018-09-26,PEL,Piramal Enterprises,EQ,INE140A01024,2541.05,2583.3,2509.2,2534.85,2526.0,2518.75,473234,1200003010.3,31342,LEGACY
2018-09-26,PFIZER,Pfizer,EQ,INE182A01018,3011.05,3049.9,2910.0,2944.25,2922.0,2983.65,20689,61582231.8,4896,LEGACY
2018-09-26,SANOFI,Sanofi India,EQ,INE058A01010,6570.0,6599.75,6301.05,6367.1,6305.0,6502.3,4827,31281870.15,2527,LEGACY
2018-09-26,STAR,Strides Pharma Science,EQ,INE939A01011,467.0,483.5,466.5,480.9,481.95,464.65,1472944,702620311.9,23860,LEGACY
2018-09-26,SUNPHARMA,Sun Pharmaceutical Industries,EQ,INE044A01036,649.8,649.8,632.55,639.85,640.1,641.1,4850782,3107801962.85,78465,LEGACY
2018-09-26,TORNTPHARM,Torrent Pharmaceuticals,EQ,INE685A01028,1730.0,1748.1,1701.0,1704.9,1712.0,1727.5,192584,332670583.55,20049,LEGACY
2018-09-26,WOCKPHARMA,Wockhardt,EQ,INE049B01025,569.9,587.25,562.5,584.1,582.95,563.5,1609722,926904703.95,31859,LEGACY
2018-09-27,ABBOTINDIA,Abbott India,EQ,INE358A01014,7900.0,7920.0,7720.0,7808.3,7760.0,7934.95,9584,74951952.65,4608,LEGACY
2018-09-27,AJANTPHARM,Ajanta Pharma,EQ,INE031B01049,1117.5,1124.55,1091.65,1101.7,1104.9,1114.45,284608,316033333.4,15898,LEGACY
2018-09-27,ALKEM,Alkem Laboratories,EQ,INE540L01014,2040.0,2068.3,2020.25,2049.45,2050.0,2069.0,11633,23792030.05,1573,LEGACY
2018-09-27,APLLTD,Alembic Pharmaceuticals,EQ,INE901L01018,654.95,663.0,637.0,640.8,650.0,649.05,33992,22087964.15,2190,LEGACY
2018-09-27,AUROPHARMA,Aurobindo Pharma,EQ,INE406A01037,763.9,764.0,737.6,740.6,742.7,759.1,3554990,2651597964.65,76615,LEGACY
2018-09-27,BIOCON,Biocon,EQ,INE376G01013,704.5,711.95,695.5,708.4,710.0,706.6,2646295,1864548296.85,49834,LEGACY
2018-09-27,CADILAHC,Cadila Healthcare,EQ,INE010B01027,401.0,402.55,386.05,388.95,388.4,399.15,1521608,596104228.1,24222,LEGACY
2018-09-27,CIPLA,Cipla,EQ,INE059A01026,675.0,677.0,655.95,659.35,657.5,672.8,3433359,2279595547.3,93587,LEGACY
2018-09-27,DIVISLAB,Divi's Laboratories,EQ,INE361B01024,1386.1,1395.75,1361.1,1365.9,1372.25,1385.35,645479,886748368.55,31719,LEGACY
2018-09-27,DRREDDY,Dr. Reddy's Laboratories,EQ,INE089A01023,2609.9,2620.35,2529.0,2541.0,2546.2,2600.85,1050352,2682678709.45,54637,LEGACY
2018-09-27,GLAXO,GlaxoSmithKline Pharmaceuticals,EQ,INE159A01016,1528.9,1528.9,1477.1,1497.9,1486.25,1518.55,11876,17759821.35,1873,LEGACY
2018-09-27,GLENMARK,Glenmark Pharmaceuticals,EQ,INE935A01035,658.9,660.6,638.4,644.4,644.05,654.25,743032,480582714.0,28196,LEGACY
2018-09-27,GRANULES,Granules India,EQ,INE101D01020,103.0,103.85,97.25,98.65,99.15,102.95,3799628,380949263.2,18943,LEGACY
2018-09-27,IPCALAB,IPCA Laboratories,EQ,INE571A01020,701.75,701.75,681.95,689.7,698.8,698.25,52332,35939833.9,4841,LEGACY
2018-09-27,JBCHEPHARM,JB Chemicals & Pharmaceuticals,EQ,INE572A01028,300.15,303.0,297.65,299.85,298.85,300.05,42512,12764991.7,3115,LEGACY
2018-09-27,LAURUSLABS,Laurus Labs,EQ,INE947Q01010,435.2,442.25,430.0,431.25,430.55,435.1,94415,41278484.3,2159,LEGACY
2018-09-27,LUPIN,Lupin,EQ,INE326A01037,892.0,904.0,873.0,896.35,897.75,891.75,6167183,5502756946.05,84497,LEGACY
2018-09-27,NATCOPHARM,Natco Pharma,EQ,INE987B01026,764.6,773.45,751.25,754.05,757.0,768.2,339647,260307246.7,6669,LEGACY
2018-09-27,PEL,Piramal Enterprises,D1,INE140A08SX5,98000.0,98000.0,98000.0,98000.0,98000.0,105000.0,7,686000.0,2,LEGACY
2018-09-27,PEL,Piramal Enterprises,EQ,INE140A01024,2532.0,2552.55,2350.3,2366.05,2385.0,2534.85,821532,1989800462.9,56894,LEGACY
2018-09-27,PFIZER,Pfizer,EQ,INE182A01018,2952.45,2987.0,2856.0,2961.9,2975.0,2944.25,32962,95896702.45,5679,LEGACY
2018-09-27,SANOFI,Sanofi India,EQ,INE058A01010,6310.0,6540.0,6260.0,6321.45,6280.0,6367.1,5700,36523503.15,3136,LEGACY
2018-09-27,STAR,Strides Pharma Science,EQ,INE939A01011,479.0,479.5,456.9,462.15,463.5,480.9,2032169,942003869.3,38136,LEGACY
2018-09-27,SUNPHARMA,Sun Pharmaceutical Industries,EQ,INE044A01036,641.7,643.95,625.2,631.25,631.0,639.85,4070395,2576114966.95,87966,LEGACY
2018-09-27,TORNTPHARM,Torrent Pharmaceuticals,EQ,INE685A01028,1717.65,1717.7,1670.0,1678.9,1679.0,1704.9,185544,313494917.9,7271,LEGACY
2018-09-27,WOCKPHARMA,Wockhardt,EQ,INE049B01025,584.8,589.75,554.5,564.95,568.55,584.1,1363960,777427508.3,23726,LEGACY
2018-09-28,ABBOTINDIA,Abbott India,EQ,INE358A01014,7808.0,7836.0,7626.0,7773.55,7751.1,7808.3,14459,112209954.65,5053,LEGACY
2018-09-28,AJANTPHARM,Ajanta Pharma,EQ,INE031B01049,1104.0,1114.3,1051.05,1063.75,1060.05,1101.7,352767,379026238.9,12277,LEGACY
2018-09-28,ALKEM,Alkem Laboratories,EQ,INE540L01014,2050.0,2077.8,2023.5,2054.95,2060.0,2049.45,23936,49213746.85,2501,LEGACY
2018-09-28,APLLTD,Alembic Pharmaceuticals,EQ,INE901L01018,646.8,648.8,616.8,629.0,635.0,640.8,95370,60826521.7,4737,LEGACY
2018-09-28,AUROPHARMA,Aurobindo Pharma,EQ,INE406A01037,745.0,755.7,728.05,744.45,743.0,740.6,3671654,2728969984.05,122745,LEGACY
2018-09-28,BIOCON,Biocon,EQ,INE376G01013,710.0,714.8,683.1,691.35,689.4,708.4,3334928,2321339214.7,84968,LEGACY
2018-09-28,CADILAHC,Cadila Healthcare,EQ,INE010B01027,388.55,394.6,371.5,385.95,387.0,388.95,1928644,744751545.7,32635,LEGACY
2018-09-28,CIPLA,Cipla,EQ,INE059A01026,659.35,663.0,647.2,654.05,650.0,659.35,1862405,1219582362.7,50880,LEGACY
2018-09-28,DIVISLAB,Divi's Laboratories,EQ,INE361B01024,1366.05,1383.7,1295.85,1310.9,1314.1,1365.9,1189157,1591354656.5,44379,LEGACY
2018-09-28,DRREDDY,Dr. Reddy's Laboratories,EQ,INE089A01023,2559.0,2577.0,2484.55,2530.65,2530.0,2541.0,1069703,2715441750.45,51912,LEGACY
2018-09-28,GLAXO,GlaxoSmithKline Pharmaceuticals,EQ,INE159A01016,1487.35,1511.75,1421.0,1449.3,1435.0,1497.9,18892,27591049.4,2538,LEGACY
2018-09-28,GLENMARK,Glenmark Pharmaceuticals,EQ,INE935A01035,644.3,655.8,622.65,632.15,630.0,644.4,865754,555771001.4,27747,LEGACY
2018-09-28,GRANULES,Granules India,EQ,INE101D01020,100.25,101.0,93.25,95.15,94.7,98.65,4375243,423122938.5,18798,LEGACY
2018-09-28,IPCALAB,IPCA Laboratories,EQ,INE571A01020,687.0,701.2,654.0,679.45,683.0,689.7,191178,132293542.3,10092,LEGACY
2018-09-28,JBCHEPHARM,JB Chemicals & Pharmaceuticals,EQ,INE572A01028,297.15,300.55,282.0,292.8,292.0,299.85,100720,29634877.2,3366,LEGACY
2018-09-28,LAURUSLABS,Laurus Labs,EQ,INE947Q01010,430.05,437.0,428.7,432.7,433.0,431.25,87224,37851613.3,5284,LEGACY
2018-09-28,LUPIN,Lupin,EQ,INE326A01037,898.35,918.0,882.0,900.95,903.5,896.35,4432773,3999109453.8,88536,LEGACY
2018-09-28,NATCOPHARM,Natco Pharma,EQ,INE987B01026,759.95,771.9,742.75,751.5,759.9,754.05,166942,126401708.5,7750,LEGACY
2018-09-28,PEL,Piramal Enterprises,EQ,INE140A01024,2389.0,2403.8,2252.4,2299.35,2299.0,2366.05,893809,2059117546.65,49227,LEGACY
2018-09-28,PFIZER,Pfizer,EQ,INE182A01018,2933.0,3010.0,2850.0,2986.5,2985.05,2961.9,100918,293400607.35,6278,LEGACY
2018-09-28,SANOFI,Sanofi India,EQ,INE058A01010,6260.0,6440.0,6164.3,6304.4,6299.0,6321.45,15053,94438412.75,3655,LEGACY
2018-09-28,STAR,Strides Pharma Science,EQ,INE939A01011,463.9,467.5,431.2,434.9,432.0,462.15,1914421,862201528.45,37127,LEGACY
2018-09-28,SUNPHARMA,Sun Pharmaceutical Industries,EQ,INE044A01036,630.0,636.35,616.1,623.25,623.25,631.25,6693066,4180431941.1,111148,LEGACY
2018-09-28,TORNTPHARM,Torrent Pharmaceuticals,EQ,INE685A01028,1696.0,1696.0,1620.0,1652.6,1655.0,1678.9,211810,351070205.0,10782,LEGACY
2018-09-28,WOCKPHARMA,Wockhardt,EQ,INE049B01025,569.0,570.0,533.0,541.8,541.5,564.95,1818117,1000088514.25,30101,LEGACY
2018-10-01,ABBOTINDIA,Abbott India,EQ,INE358A01014,7780.1,7879.9,7600.05,7640.85,7630.0,7773.55,9645,74008427.7,1953,LEGACY
2018-10-01,AJANTPHARM,Ajanta Pharma,EQ,INE031B01049,1055.1,1076.75,1030.8,1071.5,1067.3,1063.75,263495,278427857.95,18606,LEGACY
2018-10-01,ALKEM,Alkem Laboratories,EQ,INE540L01014,2030.0,2075.0,2021.0,2064.4,2055.0,2054.95,25359,52089002.65,5417,LEGACY
2018-10-01,APLLTD,Alembic Pharmaceuticals,EQ,INE901L01018,615.0,643.0,597.85,635.6,640.0,629.0,61020,38033228.0,3356,LEGACY
2018-10-01,AUROPHARMA,Aurobindo Pharma,EQ,INE406A01037,743.9,774.0,732.1,769.65,769.65,744.45,2969135,2226254781.45,64184,LEGACY
2018-10-01,BIOCON,Biocon,EQ,INE376G01013,690.0,692.35,664.4,679.0,679.8,691.35,2205399,1492106546.25,50916,LEGACY
2018-10-01,CADILAHC,Cadila Healthcare,EQ,INE010B01027,385.0,398.85,376.5,396.65,398.0,385.95,1593399,615998624.75,24372,LEGACY
2018-10-01,CIPLA,Cipla,EQ,INE059A01026,653.05,659.0,643.5,654.15,657.0,654.05,1309530,850920088.85,27473,LEGACY
2018-10-01,DIVISLAB,Divi's Laboratories,EQ,INE361B01024,1314.1,1329.45,1281.0,1319.6,1312.0,1310.9,842259,1104567359.4,33990,LEGACY
2018-10-01,DRREDDY,Dr. Reddy's Laboratories,EQ,INE089A01023,2531.0,2540.7,2440.35,2508.6,2512.0,2530.65,762356,1892280145.95,38848,LEGACY
2018-10-01,GLAXO,GlaxoSmithKline Pharmaceuticals,EQ,INE159A01016,1460.9,1460.9,1408.0,1450.65,1445.0,1449.3,14986,21482660.65,2275,LEGACY
2018-10-01,GLENMARK,Glenmark Pharmaceuticals,EQ,INE935A01035,631.0,640.3,605.6,635.5,635.3,632.15,1042337,645005075.1,20590,LEGACY
2018-10-01,GRANULES,Granules India,EQ,INE101D01020,95.0,98.45,90.2,97.9,98.3,95.15,4716918,445135717.6,15638,LEGACY
2018-10-01,IPCALAB,IPCA Laboratories,EQ,INE571A01020,678.5,684.0,650.1,668.4,673.65,679.45,137832,92139302.25,11271,LEGACY
2018-10-01,JBCHEPHARM,JB Chemicals & Pharmaceuticals,EQ,INE572A01028,293.9,299.2,281.0,296.75,297.75,292.8,55592,15957990.65,2135,LEGACY
2018-10-01,LAURUSLABS,Laurus Labs,EQ,INE947Q01010,429.0,430.1,420.8,428.4,425.65,432.7,48013,20405845.6,1938,LEGACY
2018-10-01,LUPIN,Lupin,EQ,INE326A01037,905.55,905.55,879.5,895.9,897.0,900.95,2129770,1897241281.45,80480,LEGACY
2018-10-01,NATCOPHARM,Natco Pharma,EQ,INE987B01026,744.0,759.6,741.0,751.5,751.7,751.5,120107,90023693.55,4422,LEGACY
2018-10-01,PEL,Piramal Enterprises,D1,INE140A08SX5,94000.0,95000.0,93000.0,93000.0,93000.0,98000.0,35,3294000.0,5,LEGACY
2018-10-01,PEL,Piramal Enterprises,EQ,INE140A01024,2330.0,2330.0,2200.15,2271.8,2272.0,2299.35,708839,1596931413.85,43822,LEGACY
2018-10-01,PFIZER,Pfizer,EQ,INE182A01018,2988.0,2990.0,2860.0,2938.15,2949.8,2986.5,26043,75892527.45,4667,LEGACY
2018-10-01,SANOFI,Sanofi India,EQ,INE058A01010,6351.65,6427.0,6101.0,6223.05,6150.05,6304.4,8273,52099039.05,2019,LEGACY
2018-10-01,STAR,Strides Pharma Science,EQ,INE939A01011,432.0,446.25,414.05,444.35,445.55,434.9,1878053,806700776.0,37393,LEGACY
2018-10-01,SUNPHARMA,Sun Pharmaceutical Industries,EQ,INE044A01036,624.0,639.0,610.0,634.7,636.0,623.25,5527208,3456142038.0,113737,LEGACY
2018-10-01,TORNTPHARM,Torrent Pharmaceuticals,EQ,INE685A01028,1640.0,1664.9,1600.9,1652.5,1648.35,1652.6,221908,362411646.7,12957,LEGACY
2018-10-01,WOCKPHARMA,Wockhardt,EQ,INE049B01025,540.0,542.35,511.25,539.05,538.5,541.8,2099222,1109888843.8,33418,LEGACY
2018-10-03,ABBOTINDIA,Abbott India,EQ,INE358A01014,7700.0,7739.25,7550.0,7592.55,7600.45,7640.85,3217,24551123.3,1208,LEGACY
2018-10-03,AJANTPHARM,Ajanta Pharma,EQ,INE031B01049,1069.1,1073.95,1031.75,1039.05,1035.05,1071.5,363464,380293196.9,33054,LEGACY
2018-10-03,ALKEM,Alkem Laboratories,EQ,INE540L01014,2053.85,2097.9,2045.3,2053.4,2050.0,2064.4,122344,251181628.3,2387,LEGACY
2018-10-03,APLLTD,Alembic Pharmaceuticals,EQ,INE901L01018,631.0,651.0,616.1,621.55,618.0,635.6,28478,18037782.45,2030,LEGACY
2018-10-03,AUROPHARMA,Aurobindo Pharma,EQ,INE406A01037,774.0,789.0,766.2,771.6,770.0,769.65,5442277,4232546118.7,108605,LEGACY
2018-10-03,BIOCON,Biocon,EQ,INE376G01013,680.0,690.0,655.0,660.9,657.95,679.0,1778466,1196804125.35,44447,LEGACY
2018-10-03,CADILAHC,Cadila Healthcare,EQ,INE010B01027,398.0,404.0,390.1,393.8,391.05,396.65,1831607,730037453.8,28709,LEGACY
2018-10-03,CIPLA,Cipla,EQ,INE059A01026,650.0,663.95,650.0,654.55,654.6,654.15,1533990,1008642350.5,37559,LEGACY
2018-10-03,DIVISLAB,Divi's Laboratories,EQ,INE361B01024,1305.1,1325.9,1283.5,1309.15,1307.0,1319.6,937244,1224314175.6,48920,LEGACY
2018-10-03,DRREDDY,Dr. Reddy's Laboratories,EQ,INE089A01023,2517.0,2549.0,2482.0,2489.55,2489.0,2508.6,705888,1772899318.05,37515,LEGACY
2018-10-03,GLAXO,GlaxoSmithKline Pharmaceuticals,EQ,INE159A01016,1466.8,1474.8,1435.0,1463.2,1460.3,1450.65,10811,15740721.05,2074,LEGACY
2018-10-03,GLENMARK,Glenmark Pharmaceuticals,EQ,INE935A01035,637.0,642.0,621.6,625.65,626.0,635.5,676560,425858680.95,18003,LEGACY
2018-10-03,GRANULES,Granules India,EQ,INE101D01020,98.2,102.2,95.85,97.8,97.5,97.9,3688942,364406604.25,15179,LEGACY
2018-10-03,IPCALAB,IPCA Laboratories,EQ,INE571A01020,672.5,675.0,650.0,655.1,656.85,668.4,50041,33021750.3,7188,LEGACY
2018-10-03,JBCHEPHARM,JB Chemicals & Pharmaceuticals,EQ,INE572A01028,296.25,306.3,290.2,301.0,298.0,296.75,58500,17504615.2,2394,LEGACY
2018-10-03,LAURUSLABS,Laurus Labs,EQ,INE947Q01010,422.2,435.0,415.5,425.2,419.05,428.4,19887,8536688.4,914,LEGACY
2018-10-03,LUPIN,Lupin,EQ,INE326A01037,897.0,913.9,892.55,898.05,896.0,895.9,2085452,1882536953.6,53540,LEGACY
2018-10-03,NATCOPHARM,Natco Pharma,EQ,INE987B01026,751.5,759.15,748.0,752.95,752.95,751.5,236025,177636054.8,5751,LEGACY
2018-10-03,PEL,Piramal Enterprises,D1,INE140A08SX5,96500.0,96500.0,96500.0,96500.0,96500.0,93000.0,1,96500.0,1,LEGACY
2018-10-03,PEL,Piramal Enterprises,EQ,INE140A01024,2271.0,2418.75,2226.4,2307.45,2303.0,2271.8,749090,1747194066.45,48531,LEGACY
2018-10-03,PFIZER,Pfizer,EQ,INE182A01018,2955.2,2985.0,2850.25,2874.9,2861.0,2938.15,19873,58105084.25,3682,LEGACY
2018-10-03,SANOFI,Sanofi India,EQ,INE058A01010,6241.0,6296.4,6154.95,6200.95,6240.0,6223.05,5754,35764989.8,1101,LEGACY
2018-10-03,STAR,Strides Pharma Science,EQ,INE939A01011,441.0,461.75,435.5,447.2,446.0,444.35,1631978,732296191.0,27168,LEGACY
2018-10-03,SUNPHARMA,Sun Pharmaceutical Industries,EQ,INE044A01036,636.5,640.75,618.5,620.85,620.5,634.7,4723773,2977896268.55,98485,LEGACY
2018-10-03,TORNTPHARM,Torrent Pharmaceuticals,EQ,INE685A01028,1647.9,1660.0,1637.05,1649.3,1652.0,1652.5,259700,428328168.45,25879,LEGACY
2018-10-03,WOCKPHARMA,Wockhardt,EQ,INE049B01025,537.0,566.65,534.0,549.7,548.0,539.05,1515605,835876384.0,25720,LEGACY
2018-10-04,ABBOTINDIA,Abbott India,EQ,INE358A01014,7535.15,7535.15,7200.0,7330.95,7278.0,7592.55,9050,66668639.8,2877,LEGACY
2018-10-04,AJANTPHARM,Ajanta Pharma,EQ,INE031B01049,1025.0,1043.05,999.0,1005.35,1006.0,1039.05,313168,320845253.55,11321,LEGACY
2018-10-04,ALKEM,Alkem Laboratories,EQ,INE540L01014,2045.05,2062.2,2010.0,2043.0,2025.0,2053.4,11593,23561960.1,2383,LEGACY
2018-10-04,APLLTD,Alembic Pharmaceuticals,EQ,INE901L01018,605.1,629.95,580.25,591.9,592.1,621.55,98566,58732508.25,4446,LEGACY
2018-10-04,AUROPHARMA,Aurobindo Pharma,EQ,INE406A01037,765.05,771.9,736.2,757.05,754.0,771.6,3652071,2760775868.5,90549,LEGACY
2018-10-04,BIOCON,Biocon,EQ,INE376G01013,655.5,655.5,619.0,624.65,622.0,660.9,2301884,1458226866.6,47406,LEGACY
2018-10-04,CADILAHC,Cadila Healthcare,EQ,INE010B01027,386.15,392.0,376.3,383.25,379.25,393.8,1613796,618699033.55,23211,LEGACY
2018-10-04,CIPLA,Cipla,EQ,INE059A01026,650.1,654.65,632.1,638.4,639.5,654.55,1736407,1117319954.7,35093,LEGACY
2018-10-04,DIVISLAB,Divi's Laboratories,EQ,INE361B01024,1304.0,1305.7,1260.25,1283.9,1282.7,1309.15,1197193,1537428471.15,42196,LEGACY
2018-10-04,DRREDDY,Dr. Reddy's Laboratories,EQ,INE089A01023,2469.0,2493.95,2360.25,2372.45,2365.05,2489.55,804214,1949903637.7,42547,LEGACY
2018-10-04,GLAXO,GlaxoSmithKline Pharmaceuticals,EQ,INE159A01016,1450.0,1450.0,1327.4,1360.8,1358.0,1463.2,55002,75990257.1,7904,LEGACY
2018-10-04,GLENMARK,Glenmark Pharmaceuticals,EQ,INE935A01035,622.0,625.4,578.1,601.8,600.6,625.65,1732079,1038495938.2,32875,LEGACY
2018-10-04,GRANULES,Granules India,EQ,INE101D01020,95.95,96.0,90.9,91.65,91.05,97.8,5536563,516759200.1,21730,LEGACY
2018-10-04,IPCALAB,IPCA Laboratories,EQ,INE571A01020,656.85,659.1,632.6,641.85,641.0,655.1,64847,41638156.8,11539,LEGACY
2018-10-04,JBCHEPHARM,JB Chemicals & Pharmaceuticals,EQ,INE572A01028,292.0,303.9,283.25,289.65,284.6,301.0,80289,23393020.1,2718,LEGACY
2018-10-04,LAURUSLABS,Laurus Labs,EQ,INE947Q01010,422.0,422.95,415.0,417.25,415.0,425.2,41159,17233430.8,1321,LEGACY
2018-10-04,LUPIN,Lupin,EQ,INE326A01037,890.0,894.9,842.1,854.75,853.0,898.05,2757822,2384507613.25,54803,LEGACY
2018-10-04,NATCOPHARM,Natco Pharma,EQ,INE987B01026,749.9,749.9,704.85,719.5,717.0,752.95,161651,117417850.25,10533,LEGACY
2018-10-04,PEL,Piramal Enterprises,EQ,INE140A01024,2259.9,2339.7,2225.55,2297.7,2268.4,2307.45,628296,1433982952.15,37119,LEGACY
2018-10-04,PFIZER,Pfizer,EQ,INE182A01018,2867.8,2867.8,2735.2,2776.2,2777.0,2874.9,38280,106401056.7,6072,LEGACY
2018-10-04,SANOFI,Sanofi India,EQ,INE058A01010,6107.0,6155.55,5980.0,6054.85,6006.05,6200.95,8909,53796933.0,2806,LEGACY
2018-10-04,STAR,Strides Pharma Science,EQ,INE939A01011,443.0,447.3,419.5,424.15,420.85,447.2,1861654,802340172.45,32656,LEGACY
2018-10-04,SUNPHARMA,Sun Pharmaceutical Industries,EQ,INE044A01036,618.0,620.75,590.85,599.05,598.0,620.85,4851894,2943502477.15,93298,LEGACY
2018-10-04,TORNTPHARM,Torrent Pharmaceuticals,EQ,INE685A01028,1647.85,1652.45,1605.0,1638.55,1625.0,1649.3,172959,282241193.8,12624,LEGACY
2018-10-04,WOCKPHARMA,Wockhardt,EQ,INE049B01025,542.9,543.0,507.25,515.35,508.35,549.7,2475643,1291197133.1,44696,LEGACY
2018-10-05,ABBOTINDIA,Abbott India,EQ,INE358A01014,7305.0,7376.0,7206.15,7317.45,7310.0,7330.95,7647,56028014.6,2131,LEGACY
2018-10-05,AJANTPHARM,Ajanta Pharma,EQ,INE031B01049,1004.0,1032.0,995.0,1019.5,1023.0,1005.35,288190,294332467.9,10673,LEGACY
2018-10-05,ALKEM,Alkem Laboratories,EQ,INE540L01014,2043.0,2063.1,2024.1,2038.9,2050.0,2043.0,46286,94821909.45,3501,LEGACY
2018-10-05,APLLTD,Alembic Pharmaceuticals,EQ,INE901L01018,595.9,622.0,592.0,594.85,595.0,591.9,116814,70526994.8,4060,LEGACY
2018-10-05,AUROPHARMA,Aurobindo Pharma,EQ,INE406A01037,754.0,762.4,735.05,744.25,735.05,757.05,2170891,1631413303.7,68215,LEGACY
2018-10-05,BIOCON,Biocon,EQ,INE376G01013,619.0,637.2,604.8,611.95,611.9,624.65,2745902,1699883495.4,56170,LEGACY
2018-10-05,CADILAHC,Cadila Healthcare,EQ,INE010B01027,387.6,389.45,376.0,378.35,377.0,383.25,1804396,691717461.95,46961,LEGACY
2018-10-05,CIPLA,Cipla,EQ,INE059A01026,635.3,649.55,631.0,636.65,640.0,638.4,1806150,1159424879.05,39210,LEGACY
2018-10-05,DIVISLAB,Divi's Laboratories,EQ,INE361B01024,1275.0,1315.0,1268.4,1281.65,1275.0,1283.9,876772,1134221928.8,41254,LEGACY
2018-10-05,DRREDDY,Dr. Reddy's Laboratories,EQ,INE089A01023,2356.0,2429.1,2350.3,2394.55,2385.0,2372.45,736953,1764813264.8,33445,LEGACY
2018-10-05,GLAXO,GlaxoSmithKline Pharmaceuticals,EQ,INE159A01016,1360.0,1400.0,1350.0,1360.25,1378.0,1360.8,22596,30975589.5,6168,LEGACY
2018-10-05,GLENMARK,Glenmark Pharmaceuticals,EQ,INE935A01035,601.8,613.0,580.1,585.7,581.7,601.8,822352,494044825.0,20794,LEGACY
2018-10-05,GRANULES,Granules India,EQ,INE101D01020,91.0,95.7,90.75,93.65,93.5,91.65,4411352,413573937.8,16394,LEGACY
2018-10-05,IPCALAB,IPCA Laboratories,EQ,INE571A01020,642.0,659.9,630.15,643.8,639.0,641.85,51285,32815891.3,3973,LEGACY
2018-10-05,JBCHEPHARM,JB Chemicals & Pharmaceuticals,EQ,INE572A01028,289.0,294.0,285.1,288.55,292.3,289.65,32332,9331464.9,4036,LEGACY
2018-10-05,LAURUSLABS,Laurus Labs,EQ,INE947Q01010,414.4,419.95,407.0,409.25,407.0,417.25,12657,5226422.95,665,LEGACY
2018-10-05,LUPIN,Lupin,EQ,INE326A01037,851.0,866.55,830.0,838.75,834.0,854.75,2351664,1997937614.9,56279,LEGACY
2018-10-05,NATCOPHARM,Natco Pharma,EQ,INE987B01026,717.55,729.0,686.65,693.15,687.0,719.5,209406,147104875.45,9078,LEGACY
2018-10-05,PEL,Piramal Enterprises,D1,INE140A08SX5,94000.0,96000.0,90000.0,90831.57,90000.0,96500.0,2173,197475400.51,39,LEGACY
2018-10-05,PEL,Piramal Enterprises,EQ,INE140A01024,2275.0,2320.4,2171.0,2216.05,2189.9,2297.7,546032,1237079982.55,33063,LEGACY
2018-10-05,PFIZER,Pfizer,EQ,INE182A01018,2776.0,2816.7,2660.0,2689.3,2729.85,2776.2,25064,68922717.7,5359,LEGACY
2018-10-05,SANOFI,Sanofi India,EQ,INE058A01010,6149.95,6289.0,5960.0,6059.8,5960.0,6054.85,6149,37326969.35,2276,LEGACY
2018-10-05,STAR,Strides Pharma Science,EQ,INE939A01011,417.35,431.7,410.0,421.35,420.0,424.15,1439744,612834662.05,35281,LEGACY
2018-10-05,SUNPHARMA,Sun Pharmaceutical Industries,EQ,INE044A01036,595.0,616.35,591.05,597.95,597.85,599.05,6804502,4114445010.75,119038,LEGACY
2018-10-05,TORNTPHARM,Torrent Pharmaceuticals,EQ,INE685A01028,1628.0,1650.0,1591.0,1610.25,1610.0,1638.55,124941,201990888.6,9768,LEGACY
2018-10-05,WOCKPHARMA,Wockhardt,EQ,INE049B01025,508.35,526.0,501.0,506.15,501.05,515.35,1814811,935500406.35,30548,LEGACY
2018-10-08,ABBOTINDIA,Abbott India,EQ,INE358A01014,7317.0,7347.5,7112.5,7249.8,7290.0,7317.45,8308,59866508.95,1395,LEGACY
2018-10-08,AJANTPHARM,Ajanta Pharma,EQ,INE031B01049,1020.0,1048.0,980.0,1001.0,992.0,1019.5,316073,319481375.8,11717,LEGACY
2018-10-08,ALKEM,Alkem Laboratories,EQ,INE540L01014,2038.9,2044.95,1959.1,1968.6,1977.5,2038.9,96070,192182834.65,5769,LEGACY
2018-10-08,APLLTD,Alembic Pharmaceuticals,EQ,INE901L01018,594.0,598.9,533.7,554.35,566.75,594.85,159275,91781819.35,8650,LEGACY
2018-10-08,AUROPHARMA,Aurobindo Pharma,EQ,INE406A01037,739.75,745.9,719.05,736.4,735.0,744.25,2565348,1884357898.95,67495,LEGACY
2018-10-08,BIOCON,Biocon,EQ,INE376G01013,611.0,612.6,580.55,595.2,594.85,611.95,2310185,1376533809.2,80610,LEGACY
2018-10-08,CADILAHC,Cadila Healthcare,EQ,INE010B01027,375.0,380.95,370.8,376.4,375.1,378.35,1441264,541842072.35,29597,LEGACY
2018-10-08,CIPLA,Cipla,EQ,INE059A01026,636.6,642.65,628.45,638.8,636.55,636.65,1564640,995776796.75,49417,LEGACY
2018-10-08,DIVISLAB,Divi's Laboratories,EQ,INE361B01024,1273.9,1294.7,1250.05,1277.45,1281.0,1281.65,707482,900654947.25,33376,LEGACY
2018-10-08,DRREDDY,Dr. Reddy's Laboratories,EQ,INE089A01023,2395.0,2407.75,2332.0,2340.1,2341.95,2394.55,603789,1426129665.75,31049,LEGACY
2018-10-08,GLAXO,GlaxoSmithKline Pharmaceuticals,EQ,INE159A01016,1360.0,1360.0,1300.0,1332.85,1330.0,1360.25,24085,31970136.35,6543,LEGACY
2018-10-08,GLENMARK,Glenmark Pharmaceuticals,EQ,INE935A01035,585.2,600.8,574.25,597.15,594.5,585.7,766621,452323682.95,22156,LEGACY
2018-10-08,GRANULES,Granules India,EQ,INE101D01020,94.35,95.2,90.5,92.55,92.45,93.65,4366964,406151628.1,16939,LEGACY
2018-10-08,IPCALAB,IPCA Laboratories,EQ,INE571A01020,640.0,644.0,602.0,615.55,616.0,643.8,179039,109976713.45,22938,LEGACY
2018-10-08,JBCHEPHARM,JB Chemicals & Pharmaceuticals,EQ,INE572A01028,284.1,303.0,284.1,296.3,296.0,288.55,46932,13836729.6,5477,LEGACY
2018-10-08,LAURUSLABS,Laurus Labs,EQ,INE947Q01010,395.1,411.45,389.0,400.85,399.1,409.25,55557,22351626.85,1501,LEGACY
2018-10-08,LUPIN,Lupin,EQ,INE326A01037,835.0,855.0,818.05,850.0,849.0,838.75,2049160,1717871360.35,56422,LEGACY
2018-10-08,NATCOPHARM,Natco Pharma,EQ,INE987B01026,699.0,699.15,661.0,663.65,662.2,693.15,186364,125641100.6,8667,LEGACY
2018-10-08,PEL,Piramal Enterprises,D1,INE140A08SX5,90000.0,91500.0,81000.0,83233.33,84000.0,90831.57,72,6180750.0,21,LEGACY
2018-10-08,PEL,Piramal Enterprises,EQ,INE140A01024,2215.0,2296.0,2045.3,2108.5,2092.3,2216.05,965833,2113246639.9,66863,LEGACY
2018-10-08,PFIZER,Pfizer,EQ,INE182A01018,2749.7,2749.7,2532.5,2581.05,2560.0,2689.3,29424,77324529.15,6244,LEGACY
2018-10-08,SANOFI,Sanofi India,EQ,INE058A01010,6070.0,6070.0,5915.6,5954.7,5920.0,6059.8,4260,25542556.55,1705,LEGACY
2018-10-08,STAR,Strides Pharma Science,EQ,INE939A01011,421.75,428.85,395.7,407.8,406.0,421.35,1679009,696353498.3,35706,LEGACY
2018-10-08,SUNPHARMA,Sun Pharmaceutical Industries,EQ,INE044A01036,592.0,608.75,589.1,604.25,604.5,597.95,4400199,2644333503.95,101795,LEGACY
2018-10-08,TORNTPHARM,Torrent Pharmaceuticals,EQ,INE685A01028,1602.05,1605.65,1530.0,1569.0,1562.05,1610.25,239193,373435057.55,18982,LEGACY
2018-10-08,WOCKPHARMA,Wockhardt,EQ,INE049B01025,507.8,511.0,475.1,485.45,484.7,506.15,1900209,936276458.65,31576,LEGACY
2018-10-09,ABBOTINDIA,Abbott India,EQ,INE358A01014,7254.0,7290.05,7125.0,7162.4,7185.0,7249.8,4461,32115293.05,530,LEGACY
2018-10-09,AJANTPHARM,Ajanta Pharma,EQ,INE031B01049,1000.0,1029.95,982.15,1005.8,1010.6,1001.0,320108,323082925.45,13002,LEGACY
2018-10-09,ALKEM,Alkem Laboratories,EQ,INE540L01014,1990.0,2000.1,1850.0,1902.95,1950.0,1968.6,33323,65306608.8,5080,LEGACY
2018-10-09,APLLTD,Alembic Pharmaceuticals,EQ,INE901L01018,559.7,575.0,550.15,570.55,572.0,554.35,55924,31594926.35,4211,LEGACY
2018-10-09,AUROPHARMA,Aurobindo Pharma,EQ,INE406A01037,737.0,771.65,737.0,766.75,767.0,736.4,4555970,3435888464.2,75185,LEGACY
2018-10-09,BIOCON,Biocon,EQ,INE376G01013,596.05,608.0,578.75,587.15,587.15,595.2,1876212,1111825079.85,61274,LEGACY
2018-10-09,CADILAHC,Cadila Healthcare,EQ,INE010B01027,373.1,385.95,371.5,380.95,380.0,376.4,1617720,612979788.25,34772,LEGACY
2018-10-09,CIPLA,Cipla,EQ,INE059A01026,639.5,643.1,625.25,639.35,639.6,638.8,1535781,975965011.9,57370,LEGACY
2018-10-09,DIVISLAB,Divi's Laboratories,EQ,INE361B01024,1278.0,1297.2,1235.45,1248.05,1247.0,1277.45,1206742,1511512781.25,36954,LEGACY
2018-10-09,DRREDDY,Dr. Reddy's Laboratories,EQ,INE089A01023,2357.65,2477.0,2341.95,2454.15,2465.55,2340.1,1127674,2731173080.3,49397,LEGACY
2018-10-09,GLAXO,GlaxoSmithKline Pharmaceuticals,EQ,INE159A01016,1332.85,1364.0,1310.0,1347.4,1345.4,1332.85,21911,29191975.9,4584,LEGACY
2018-10-09,GLENMARK,Glenmark Pharmaceuticals,EQ,INE935A01035,595.4,604.6,581.6,590.15,588.1,597.15,733179,433964242.9,27663,LEGACY
2018-10-09,GRANULES,Granules India,EQ,INE101D01020,93.7,94.45,89.5,91.7,91.35,92.55,4072006,373582165.95,15378,LEGACY
2018-10-09,IPCALAB,IPCA Laboratories,EQ,INE571A01020,615.0,640.0,615.0,626.7,626.0,615.55,102926,64539893.4,7808,LEGACY
2018-10-09,JBCHEPHARM,JB Chemicals & Pharmaceuticals,EQ,INE572A01028,296.0,300.65,289.0,297.8,295.1,296.3,53561,15864484.25,3998,LEGACY
2018-10-09,LAURUSLABS,Laurus Labs,EQ,INE947Q01010,402.2,407.45,399.6,401.6,406.0,400.85,24454,9808665.15,466,LEGACY
2018-10-09,LUPIN,Lupin,EQ,INE326A01037,859.0,882.5,846.0,868.9,867.0,850.0,2676148,2309393383.05,64159,LEGACY
2018-10-09,NATCOPHARM,Natco Pharma,EQ,INE987B01026,667.7,671.85,636.0,655.2,648.0,663.65,235224,154027985.6,17161,LEGACY
2018-10-09,PEL,Piramal Enterprises,D1,INE140A08SX5,84000.0,86000.0,82000.0,85000.0,85000.0,83233.33,110,9198999.97,22,LEGACY
2018-10-09,PEL,Piramal Enterprises,EQ,INE140A01024,2123.7,2207.5,2063.3,2164.25,2170.2,2108.5,738311,1575987498.15,42503,LEGACY
2018-10-09,PFIZER,Pfizer,EQ,INE182A01018,2619.0,2645.0,2501.0,2572.55,2570.0,2581.05,34439,88380078.55,5401,LEGACY
2018-10-09,SANOFI,Sanofi India,EQ,INE058A01010,5984.95,6037.7,5920.0,5988.2,5920.0,5954.7,5671,34083430.15,2093,LEGACY
2018-10-09,STAR,Strides Pharma Science,EQ,INE939A01011,407.0,431.8,406.0,428.35,428.5,407.8,1899486,795486628.65,47278,LEGACY
2018-10-09,SUNPHARMA,Sun Pharmaceutical Industries,EQ,INE044A01036,608.0,617.3,597.6,609.75,609.5,604.25,4516779,2745091504.15,90975,LEGACY
2018-10-09,TORNTPHARM,Torrent Pharmaceuticals,EQ,INE685A01028,1566.8,1616.6,1558.0,1595.05,1587.0,1569.0,127089,201069165.7,13802,LEGACY
2018-10-09,WOCKPHARMA,Wockhardt,EQ,INE049B01025,488.0,505.0,475.75,491.95,490.0,485.45,1661564,813804761.2,28080,LEGACY
2018-10-10,ABBOTINDIA,Abbott India,EQ,INE358A01014,7182.9,7340.0,7182.9,7325.2,7340.0,7162.4,5972,43583103.0,1256,LEGACY
2018-10-10,AJANTPHARM,Ajanta Pharma,EQ,INE031B01049,1019.0,1067.75,1015.85,1053.4,1049.85,1005.8,398893,416529933.55,34000,LEGACY
2018-10-10,ALKEM,Alkem Laboratories,EQ,INE540L01014,1920.0,1985.0,1920.0,1974.55,1975.0,1902.95,14251,27810456.0,2476,LEGACY
2018-10-10,APLLTD,Alembic Pharmaceuticals,EQ,INE901L01018,566.0,603.65,562.25,600.3,598.0,570.55,67137,39898635.35,6026,LEGACY
2018-10-10,AUROPHARMA,Aurobindo Pharma,EQ,INE406A01037,772.0,785.0,761.25,779.65,781.0,766.75,3868911,2992015286.6,89806,LEGACY
2018-10-10,BIOCON,Biocon,EQ,INE376G01013,590.1,618.5,590.1,616.4,618.5,587.15,1987023,1203828653.4,45299,LEGACY
2018-10-10,CADILAHC,Cadila Healthcare,EQ,INE010B01027,380.95,387.8,376.85,385.3,384.2,380.95,1210563,463791960.6,23895,LEGACY
2018-10-10,CIPLA,Cipla,EQ,INE059A01026,639.35,651.0,633.3,639.6,639.65,639.35,1881053,1207058897.05,44816,LEGACY
2018-10-10,DIVISLAB,Divi's Laboratories,EQ,INE361B01024,1247.0,1305.0,1246.95,1297.75,1295.0,1248.05,868523,1114401844.85,28002,LEGACY
2018-10-10,DRREDDY,Dr. Reddy's Laboratories,EQ,INE089A01023,2465.0,2514.05,2456.0,2484.6,2480.95,2454.15,893571,2215425638.9,62070,LEGACY
2018-10-10,GLAXO,GlaxoSmithKline Pharmaceuticals,EQ,INE159A01016,1370.0,1428.75,1350.65,1403.25,1414.0,1347.4,18484,25973528.1,3296,LEGACY
2018-10-10,GLENMARK,Glenmark Pharmaceuticals,EQ,INE935A01035,593.85,600.25,585.0,598.35,598.0,590.15,483219,287397566.0,12931,LEGACY
2018-10-10,GRANULES,Granules India,EQ,INE101D01020,92.65,96.7,91.95,96.2,96.2,91.7,3106168,293860413.8,12085,LEGACY
2018-10-10,IPCALAB,IPCA Laboratories,EQ,INE571A01020,625.0,636.7,599.95,622.55,625.0,626.7,233461,144358851.75,8926,LEGACY
2018-10-10,JBCHEPHARM,JB Chemicals & Pharmaceuticals,EQ,INE572A01028,300.0,313.0,300.0,303.8,302.05,297.8,52504,16155505.7,1896,LEGACY
2018-10-10,LAURUSLABS,Laurus Labs,EQ,INE947Q01010,397.05,424.0,397.05,417.65,423.0,401.6,19005,7803551.35,859,LEGACY
2018-10-10,LUPIN,Lupin,EQ,INE326A01037,874.95,885.0,855.0,858.1,860.55,868.9,2151667,1869637498.65,50258,LEGACY
2018-10-10,NATCOPHARM,Natco Pharma,EQ,INE987B01026,664.9,685.0,641.6,674.4,674.45,655.2,290486,195735747.95,8936,LEGACY
2018-10-10,PEL,Piramal Enterprises,D1,INE140A08SX5,90000.0,93000.0,90000.0,93000.0,93000.0,85000.0,42,3866200.0,18,LEGACY
2018-10-10,PEL,Piramal Enterprises,EQ,INE140A01024,2195.55,2447.9,2195.55,2400.65,2425.2,2164.25,1145373,2689146335.15,61457,LEGACY
2018-10-10,PFIZER,Pfizer,EQ,INE182A01018,2574.3,2750.0,2574.3,2722.05,2736.0,2572.55,29834,80393140.05,4081,LEGACY
2018-10-10,SANOFI,Sanofi India,EQ,INE058A01010,6049.9,6049.9,5915.0,5990.55,5960.1,5988.2,6928,41508929.05,3091,LEGACY
2018-10-10,STAR,Strides Pharma Science,EQ,INE939A01011,426.6,436.35,423.9,433.05,433.0,428.35,1353927,584176924.9,29050,LEGACY
2018-10-10,SUNPHARMA,Sun Pharmaceutical Industries,EQ,INE044A01036,610.0,619.5,593.0,602.95,601.95,609.75,5566798,3367022371.95,149269,LEGACY
2018-10-10,TORNTPHARM,Torrent Pharmaceuticals,EQ,INE685A01028,1585.0,1635.15,1580.05,1612.9,1605.25,1595.05,115528,186440266.9,13484,LEGACY
2018-10-10,WOCKPHARMA,Wockhardt,EQ,INE049B01025,495.0,515.8,495.0,510.95,509.45,491.95,1421130,719596611.4,25142,LEGACY
2018-10-11,ABBOTINDIA,Abbott India,EQ,INE358A01014,7288.0,7300.0,7101.2,7231.7,7260.0,7325.2,6483,46751597.6,1567,LEGACY
2018-10-11,AJANTPHARM,Ajanta Pharma,EQ,INE031B01049,970.1,1050.7,970.1,1008.9,1012.0,1053.4,295519,303999556.25,13708,LEGACY
2018-10-11,ALKEM,Alkem Laboratories,EQ,INE540L01014,1960.0,1974.9,1875.0,1950.15,1935.0,1974.55,233701,455672593.55,2217,LEGACY
2018-10-11,APLLTD,Alembic Pharmaceuticals,EQ,INE901L01018,580.0,608.0,574.85,598.0,603.0,600.3,81104,48289667.6,7924,LEGACY
2018-10-11,AUROPHARMA,Aurobindo Pharma,EQ,INE406A01037,761.55,779.3,749.25,756.25,751.0,779.65,2698146,2068861421.45,81762,LEGACY
2018-10-11,BIOCON,Biocon,EQ,INE376G01013,600.0,625.5,588.0,608.75,606.85,616.4,2940865,1787073189.1,91630,LEGACY
2018-10-11,CADILAHC,Cadila Healthcare,EQ,INE010B01027,376.85,382.3,370.7,374.4,374.5,385.3,1155902,436068865.35,22910,LEGACY
2018-10-11,CIPLA,Cipla,EQ,INE059A01026,627.5,633.8,613.05,616.2,617.0,639.6,1707508,1067754770.3,74651,LEGACY
2018-10-11,DIVISLAB,Divi's Laboratories,EQ,INE361B01024,1260.0,1292.0,1235.3,1250.95,1256.9,1297.75,675008,857314814.05,26841,LEGACY
2018-10-11,DRREDDY,Dr. Reddy's Laboratories,EQ,INE089A01023,2412.05,2516.0,2408.0,2459.0,2458.4,2484.6,548027,1350164714.2,45964,LEGACY
2018-10-11,GLAXO,GlaxoSmithKline Pharmaceuticals,EQ,INE159A01016,1393.95,1393.95,1357.8,1372.7,1372.0,1403.25,8638,11906629.95,2936,LEGACY
2018-10-11,GLENMARK,Glenmark Pharmaceuticals,EQ,INE935A01035,589.4,611.7,580.0,598.1,597.0,598.35,893280,535281183.55,30840,LEGACY
2018-10-11,GRANULES,Granules India,EQ,INE101D01020,93.0,94.25,88.0,89.75,90.15,96.2,6086934,556706919.25,26423,LEGACY
2018-10-11,IPCALAB,IPCA Laboratories,EQ,INE571A01020,618.8,649.7,601.0,629.35,636.0,622.55,178244,111622492.3,9095,LEGACY
2018-10-11,JBCHEPHARM,JB Chemicals & Pharmaceuticals,EQ,INE572A01028,295.2,302.3,290.0,296.35,295.15,303.8,21532,6413540.0,1266,LEGACY
2018-10-11,LAURUSLABS,Laurus Labs,EQ,INE947Q01010,405.25,422.0,405.2,420.45,420.1,417.65,10544,4378327.75,547,LEGACY
2018-10-11,LUPIN,Lupin,EQ,INE326A01037,840.0,862.4,831.6,836.55,833.0,858.1,1733915,1468007602.4,42762,LEGACY
2018-10-11,NATCOPHARM,Natco Pharma,EQ,INE987B01026,664.0,667.7,645.0,659.75,662.0,674.4,120090,78940324.8,6376,LEGACY
2018-10-11,PEL,Piramal Enterprises,D1,INE140A08SX5,92000.0,92000.0,89500.0,89500.0,89500.0,93000.0,167,15164600.0,23,LEGACY
2018-10-11,PEL,Piramal Enterprises,EQ,INE140A01024,2301.05,2320.0,2213.95,2232.35,2239.05,2400.65,665561,1508381689.35,44308,LEGACY
2018-10-11,PFIZER,Pfizer,EQ,INE182A01018,2665.0,2795.15,2614.95,2759.15,2780.0,2722.05,35945,98026081.65,3708,LEGACY
2018-10-11,SANOFI,Sanofi India,EQ,INE058A01010,5915.0,5983.9,5815.25,5947.0,5920.0,5990.55,3817,22653390.8,2122,LEGACY
2018-10-11,STAR,Strides Pharma Science,EQ,INE939A01011,420.0,443.4,413.55,426.55,426.0,433.05,1073017,461847031.9,21851,LEGACY
2018-10-11,SUNPHARMA,Sun Pharmaceutical Industries,EQ,INE044A01036,590.0,603.25,582.7,586.7,588.0,602.95,4591533,2717122190.6,104306,LEGACY
2018-10-11,TORNTPHARM,Torrent Pharmaceuticals,EQ,INE685A01028,1588.0,1634.7,1550.15,1597.4,1609.95,1612.9,99744,157913212.6,7618,LEGACY
2018-10-11,WOCKPHARMA,Wockhardt,EQ,INE049B01025,494.0,523.35,488.0,504.1,502.5,510.95,1456303,739417559.75,24504,LEGACY
2018-10-12,ABBOTINDIA,Abbott India,EQ,INE358A01014,7440.0,7570.0,7280.3,7485.2,7485.0,7231.7,7067,52721741.3,2003,LEGACY
2018-10-12,AJANTPHARM,Ajanta Pharma,EQ,INE031B01049,1016.45,1044.2,1009.0,1024.6,1022.0,1008.9,240575,246491142.1,8282,LEGACY
2018-10-12,ALKEM,Alkem Laboratories,EQ,INE540L01014,1974.7,1976.95,1951.0,1966.4,1951.0,1950.15,12031,23698363.75,1143,LEGACY
2018-10-12,APLLTD,Alembic Pharmaceuticals,EQ,INE901L01018,606.9,607.3,570.0,584.2,585.0,598.0,124483,72516539.05,11484,LEGACY
2018-10-12,AUROPHARMA,Aurobindo Pharma,EQ,INE406A01037,755.0,764.65,732.0,735.5,735.1,756.25,3541637,2634000594.8,74773,LEGACY
2018-10-12,BIOCON,Biocon,EQ,INE376G01013,612.5,620.0,599.25,606.4,608.3,608.75,1811899,1100470813.3,36831,LEGACY
2018-10-12,CADILAHC,Cadila Healthcare,EQ,INE010B01027,377.0,381.95,374.3,376.9,377.4,374.4,761788,288040147.9,22095,LEGACY
2018-10-12,CIPLA,Cipla,EQ,INE059A01026,620.0,627.2,612.6,622.9,624.75,616.2,2085360,1292397727.65,82010,LEGACY
2018-10-12,DIVISLAB,Divi's Laboratories,EQ,INE361B01024,1259.9,1296.75,1259.9,1282.3,1279.9,1250.95,825580,1061339692.05,34503,LEGACY
2018-10-12,DRREDDY,Dr. Reddy's Laboratories,EQ,INE089A01023,2460.0,2490.95,2432.45,2450.5,2450.0,2459.0,925386,2278845300.1,65289,LEGACY
2018-10-12,GLAXO,GlaxoSmithKline Pharmaceuticals,EQ,INE159A01016,1373.2,1413.1,1373.2,1407.1,1403.5,1372.7,12111,16966990.15,3232,LEGACY
2018-10-12,GLENMARK,Glenmark Pharmaceuticals,EQ,INE935A01035,599.25,606.0,589.3,602.25,602.3,598.1,555685,332514702.15,20255,LEGACY
2018-10-12,GRANULES,Granules India,EQ,INE101D01020,90.1,93.0,90.1,92.2,92.15,89.75,3069684,282261237.65,12171,LEGACY
2018-10-12,IPCALAB,IPCA Laboratories,EQ,INE571A01020,629.35,665.8,628.0,661.7,661.0,629.35,51339,33176538.05,4148,LEGACY
2018-10-12,JBCHEPHARM,JB Chemicals & Pharmaceuticals,EQ,INE572A01028,299.95,305.95,297.5,299.75,298.05,296.35,19241,5771990.05,1774,LEGACY
2018-10-12,LAURUSLABS,Laurus Labs,EQ,INE947Q01010,424.6,426.95,410.0,410.8,410.5,420.45,11351,4699663.4,962,LEGACY
2018-10-12,LUPIN,Lupin,EQ,INE326A01037,841.0,853.0,836.05,846.25,846.0,836.55,1554768,1314704240.3,40450,LEGACY
2018-10-12,NATCOPHARM,Natco Pharma,EQ,INE987B01026,669.9,682.0,660.1,677.85,677.7,659.75,155969,104966665.75,5279,LEGACY
2018-10-12,PEL,Piramal Enterprises,D1,INE140A08SX5,93000.0,93000.0,89300.0,89500.0,89500.0,89500.0,57,5104700.0,9,LEGACY
2018-10-12,PEL,Piramal Enterprises,EQ,INE140A01024,2274.4,2360.05,2236.4,2246.0,2250.15,2232.35,804149,1829002996.25,54050,LEGACY
2018-10-12,PFIZER,Pfizer,EQ,INE182A01018,2805.0,2890.0,2800.25,2867.2,2883.0,2759.15,22704,64610069.55,4213,LEGACY
2018-10-12,SANOFI,Sanofi India,EQ,INE058A01010,5953.45,6045.0,5919.05,5944.35,5966.0,5947.0,4034,24178928.5,2216,LEGACY
2018-10-12,STAR,Strides Pharma Science,EQ,INE939A01011,428.55,435.0,420.1,429.4,429.4,426.55,1102823,471915028.25,25293,LEGACY
2018-10-12,SUNPHARMA,Sun Pharmaceutical Industries,EQ,INE044A01036,591.1,597.75,582.65,590.6,592.0,586.7,5795641,3415131268.35,158924,LEGACY
2018-10-12,TORNTPHARM,Torrent Pharmaceuticals,EQ,INE685A01028,1601.0,1625.85,1551.95,1580.25,1585.0,1597.4,243142,383819298.0,19223,LEGACY
2018-10-12,WOCKPHARMA,Wockhardt,EQ,INE049B01025,507.85,521.7,501.0,505.3,502.1,504.1,1306147,666698326.5,20183,LEGACY
2018-10-15,ABBOTINDIA,Abbott India,EQ,INE358A01014,7598.5,7598.5,7399.95,7429.6,7410.0,7485.2,4471,33412700.6,1143,LEGACY
2018-10-15,AJANTPHARM,Ajanta Pharma,EQ,INE031B01049,1019.9,1045.0,1019.9,1030.0,1030.0,1024.6,241496,250073383.1,11096,LEGACY
2018-10-15,ALKEM,Alkem Laboratories,EQ,INE540L01014,1960.0,1985.0,1949.95,1961.4,1960.0,1966.4,7290,14307808.15,1959,LEGACY
2018-10-15,APLLTD,Alembic Pharmaceuticals,EQ,INE901L01018,588.0,601.0,575.6,597.0,601.0,584.2,32344,19171307.15,2208,LEGACY
2018-10-15,AUROPHARMA,Aurobindo Pharma,EQ,INE406A01037,738.0,756.8,736.35,752.75,756.8,735.5,2179342,1630556797.85,48479,LEGACY
2018-10-15,BIOCON,Biocon,EQ,INE376G01013,610.0,633.9,608.3,626.3,628.6,606.4,2512736,1573716638.85,51789,LEGACY
2018-10-15,CADILAHC,Cadila Healthcare,EQ,INE010B01027,376.1,385.95,375.5,382.85,382.0,376.9,831107,317716434.25,26686,LEGACY
2018-10-15,CIPLA,Cipla,EQ,INE059A01026,623.0,649.8,618.05,647.85,647.65,622.9,2666868,1707518476.4,50981,LEGACY
2018-10-15,DIVISLAB,Divi's Laboratories,EQ,INE361B01024,1285.95,1312.65,1277.0,1299.75,1300.0,1282.3,791699,1030874354.0,31923,LEGACY
2018-10-15,DRREDDY,Dr. Reddy's Laboratories,EQ,INE089A01023,2461.1,2579.95,2443.4,2566.85,2567.25,2450.5,1123276,2854810277.9,56450,LEGACY
2018-10-15,GLAXO,GlaxoSmithKline Pharmaceuticals,EQ,INE159A01016,1439.7,1439.7,1395.05,1433.55,1431.15,1407.1,17326,24701556.15,5860,LEGACY
2018-10-15,GLENMARK,Glenmark Pharmaceuticals,EQ,INE935A01035,602.3,616.0,596.0,612.45,614.0,602.25,776606,474203261.7,16560,LEGACY
2018-10-15,GRANULES,Granules India,EQ,INE101D01020,94.0,99.4,92.5,98.55,99.05,92.2,7292883,712056303.9,31199,LEGACY
2018-10-15,IPCALAB,IPCA Laboratories,EQ,INE571A01020,661.7,684.6,651.65,678.25,670.0,661.7,87981,58535856.35,5349,LEGACY
2018-10-15,JBCHEPHARM,JB Chemicals & Pharmaceuticals,EQ,INE572A01028,295.0,303.75,295.0,298.55,298.65,299.75,27589,8276225.7,1740,LEGACY
2018-10-15,LAURUSLABS,Laurus Labs,EQ,INE947Q01010,421.8,421.8,406.4,409.95,409.0,410.8,4377,1799145.9,327,LEGACY
2018-10-15,LUPIN,Lupin,EQ,INE326A01037,849.0,892.45,849.0,886.8,888.75,846.25,2996361,2622557347.3,95646,LEGACY
2018-10-15,NATCOPHARM,Natco Pharma,EQ,INE987B01026,700.15,734.0,699.0,717.4,719.15,677.85,601185,433394379.9,31107,LEGACY
2018-10-15,PEL,Piramal Enterprises,D1,INE140A08SX5,89000.0,89500.0,87000.0,89500.0,89500.0,89500.0,92,8179500.0,14,LEGACY
2018-10-15,PEL,Piramal Enterprises,EQ,INE140A01024,2259.0,2287.7,2204.2,2247.35,2258.05,2246.0,461944,1036717853.7,39826,LEGACY
2018-10-15,PFIZER,Pfizer,EQ,INE182A01018,2914.4,2982.3,2883.4,2898.5,2890.5,2867.2,36889,107983487.75,4678,LEGACY
2018-10-15,SANOFI,Sanofi India,EQ,INE058A01010,5966.0,6039.85,5871.8,5992.8,6019.0,5944.35,10685,64039534.45,2412,LEGACY
2018-10-15,STAR,Strides Pharma Science,EQ,INE939A01011,430.0,440.0,428.75,435.6,435.95,429.4,844899,367486177.75,14022,LEGACY
2018-10-15,SUNPHARMA,Sun Pharmaceutical Industries,EQ,INE044A01036,593.7,603.45,586.65,599.95,600.45,590.6,3422475,2047882366.75,73893,LEGACY
2018-10-15,TORNTPHARM,Torrent Pharmaceuticals,EQ,INE685A01028,1590.0,1629.9,1584.4,1610.8,1614.6,1580.25,273288,441058186.65,18056,LEGACY
2018-10-15,WOCKPHARMA,Wockhardt,EQ,INE049B01025,503.0,527.25,500.15,521.85,521.05,505.3,1577686,816479073.7,27377,LEGACY
2018-10-16,ABBOTINDIA,Abbott India,EQ,INE358A01014,7496.95,7499.8,7385.6,7408.75,7402.05,7429.6,5933,44031412.7,1226,LEGACY
2018-10-16,AJANTPHARM,Ajanta Pharma,EQ,INE031B01049,1035.7,1043.85,1020.4,1027.15,1027.2,1030.0,314165,323561758.9,14734,LEGACY
2018-10-16,ALKEM,Alkem Laboratories,EQ,INE540L01014,1973.65,1979.25,1950.0,1974.1,1975.0,1961.4,6664,13104919.45,812,LEGACY
2018-10-16,APLLTD,Alembic Pharmaceuticals,EQ,INE901L01018,608.6,614.4,595.1,600.1,602.95,597.0,116889,70669747.65,3871,LEGACY
2018-10-16,AUROPHARMA,Aurobindo Pharma,EQ,INE406A01037,757.0,778.5,754.5,775.5,775.45,752.75,3112704,2381126809.2,72451,LEGACY
2018-10-16,BIOCON,Biocon,EQ,INE376G01013,629.0,634.0,620.65,628.9,628.1,626.3,1251396,785396658.55,43622,LEGACY
2018-10-16,CADILAHC,Cadila Healthcare,EQ,INE010B01027,383.9,387.4,375.5,380.05,379.0,382.85,1993018,761700695.5,30602,LEGACY
2018-10-16,CIPLA,Cipla,EQ,INE059A01026,647.85,651.65,637.35,639.75,640.0,647.85,1510216,969262149.7,31504,LEGACY
2018-10-16,DIVISLAB,Divi's Laboratories,EQ,INE361B01024,1306.75,1324.7,1281.0,1307.6,1306.0,1299.75,815814,1063590462.3,30180,LEGACY
2018-10-16,DRREDDY,Dr. Reddy's Laboratories,EQ,INE089A01023,2566.9,2590.0,2537.5,2573.6,2568.95,2566.85,600003,1539847671.6,40753,LEGACY
2018-10-16,GLAXO,GlaxoSmithKline Pharmaceuticals,EQ,INE159A01016,1458.85,1464.95,1425.35,1456.3,1463.05,1433.55,10423,15090137.35,2515,LEGACY
2018-10-16,GLENMARK,Glenmark Pharmaceuticals,EQ,INE935A01035,612.5,620.9,599.45,605.35,607.0,612.45,819871,498091902.3,35858,LEGACY
2018-10-16,GRANULES,Granules India,EQ,INE101D01020,99.8,100.2,95.6,97.5,97.25,98.55,4920806,481593784.85,16114,LEGACY
2018-10-16,IPCALAB,IPCA Laboratories,EQ,INE571A01020,680.0,695.05,675.1,685.9,689.2,678.25,65092,44412459.25,5992,LEGACY
2018-10-16,JBCHEPHARM,JB Chemicals & Pharmaceuticals,EQ,INE572A01028,303.8,304.1,299.0,300.0,300.0,298.55,27334,8218919.6,5068,LEGACY
2018-10-16,LAURUSLABS,Laurus Labs,EQ,INE947Q01010,410.95,413.9,406.55,409.25,408.5,409.95,6334,2595955.9,372,LEGACY
2018-10-16,LUPIN,Lupin,EQ,INE326A01037,889.0,911.05,889.0,896.45,893.5,886.8,2574095,2316045445.9,86691,LEGACY
2018-10-16,NATCOPHARM,Natco Pharma,EQ,INE987B01026,722.95,746.95,716.0,740.05,739.0,717.4,256923,188450098.5,13210,LEGACY
2018-10-16,PEL,Piramal Enterprises,D1,INE140A08SX5,90000.0,92500.0,90000.0,92400.0,92400.0,89500.0,18,1644500.0,6,LEGACY
2018-10-16,PEL,Piramal Enterprises,EQ,INE140A01024,2270.0,2351.95,2261.6,2330.45,2326.75,2247.35,601624,1389338527.55,44381,LEGACY
2018-10-16,PFIZER,Pfizer,EQ,INE182A01018,2916.4,2955.85,2855.0,2895.8,2890.0,2898.5,19742,57147142.2,3706,LEGACY
2018-10-16,SANOFI,Sanofi India,EQ,INE058A01010,5993.0,6010.0,5968.95,5994.65,5993.0,5992.8,6194,37151425.2,1009,LEGACY
2018-10-16,STAR,Strides Pharma Science,EQ,INE939A01011,440.35,443.7,432.3,438.85,438.9,435.6,591951,258999877.8,10166,LEGACY
2018-10-16,SUNPHARMA,Sun Pharmaceutical Industries,EQ,INE044A01036,601.95,612.0,592.85,602.7,603.35,599.95,3557343,2130711521.9,85163,LEGACY
2018-10-16,TORNTPHARM,Torrent Pharmaceuticals,EQ,INE685A01028,1610.2,1643.9,1582.0,1626.3,1626.15,1610.8,295627,478259669.45,19375,LEGACY
2018-10-16,WOCKPHARMA,Wockhardt,EQ,INE049B01025,522.9,529.9,512.8,519.3,517.95,521.85,1110056,577738766.15,17201,LEGACY
2018-10-17,ABBOTINDIA,Abbott India,EQ,INE358A01014,7488.8,7488.8,7200.0,7293.85,7300.0,7408.75,3226,23626129.5,847,LEGACY
2018-10-17,AJANTPHARM,Ajanta Pharma,EQ,INE031B01049,1032.05,1039.9,987.9,1001.1,1000.0,1027.15,292286,294263481.85,10510,LEGACY
2018-10-17,ALKEM,Alkem Laboratories,EQ,INE540L01014,1977.0,1986.95,1935.5,1981.25,1974.1,1974.1,11370,22387597.15,2418,LEGACY
2018-10-17,APLLTD,Alembic Pharmaceuticals,EQ,INE901L01018,615.0,616.3,602.2,606.8,608.0,600.1,23401,14247750.55,1641,LEGACY
2018-10-17,AUROPHARMA,Aurobindo Pharma,EQ,INE406A01037,780.05,784.25,746.25,756.3,754.0,775.5,2247685,1721833918.7,48790,LEGACY
2018-10-17,BIOCON,Biocon,EQ,INE376G01013,633.05,645.0,622.85,636.55,634.0,628.9,2730667,1741750622.9,49062,LEGACY
2018-10-17,CADILAHC,Cadila Healthcare,EQ,INE010B01027,384.9,384.9,376.0,377.55,378.25,380.05,816462,309614321.45,13954,LEGACY
2018-10-17,CIPLA,Cipla,EQ,INE059A01026,644.9,646.0,637.0,640.45,640.2,639.75,1280980,821028170.9,48245,LEGACY
2018-10-17,DIVISLAB,Divi's Laboratories,EQ,INE361B01024,1315.0,1319.45,1291.7,1301.2,1295.0,1307.6,693098,904155461.1,31898,LEGACY
2018-10-17,DRREDDY,Dr. Reddy's Laboratories,EQ,INE089A01023,2580.0,2599.0,2552.0,2565.0,2566.0,2573.6,492009,1266720506.85,34482,LEGACY
2018-10-17,GLAXO,GlaxoSmithKline Pharmaceuticals,EQ,INE159A01016,1483.0,1483.0,1428.0,1451.5,1449.4,1456.3,34877,50592976.65,4250,LEGACY
2018-10-17,GLENMARK,Glenmark Pharmaceuticals,EQ,INE935A01035,608.2,611.75,595.0,599.7,598.8,605.35,529012,318172977.85,9829,LEGACY
2018-10-17,GRANULES,Granules India,EQ,INE101D01020,98.45,99.35,93.5,94.1,94.1,97.5,4406490,424000130.8,14989,LEGACY
2018-10-17,IPCALAB,IPCA Laboratories,EQ,INE571A01020,689.35,692.1,669.05,671.85,670.1,685.9,32770,22126531.2,3200,LEGACY
2018-10-17,JBCHEPHARM,JB Chemicals & Pharmaceuticals,EQ,INE572A01028,301.65,302.95,297.7,300.15,301.7,300.0,266259,79871881.2,2140,LEGACY
2018-10-17,LAURUSLABS,Laurus Labs,EQ,INE947Q01010,409.1,413.2,400.0,401.5,402.4,409.25,224088,90735112.4,989,LEGACY
2018-10-17,LUPIN,Lupin,EQ,INE326A01037,900.0,909.35,885.0,896.65,895.0,896.45,1609068,1442800810.65,56386,LEGACY
2018-10-17,NATCOPHARM,Natco Pharma,EQ,INE987B01026,742.05,749.9,710.35,717.4,716.25,740.05,123832,90379328.4,5200,LEGACY
2018-10-17,PEL,Piramal Enterprises,D1,INE140A08SX5,85000.0,85000.0,83500.0,83500.0,83500.0,92400.0,3,253000.0,3,LEGACY
2018-10-17,PEL,Piramal Enterprises,EQ,INE140A01024,2353.0,2370.95,2082.0,2098.75,2111.0,2330.45,1414773,3103752850.0,69522,LEGACY
2018-10-17,PFIZER,Pfizer,EQ,INE182A01018,2920.0,2934.0,2846.2,2865.0,2875.0,2895.8,17571,50528953.75,1885,LEGACY
2018-10-17,SANOFI,Sanofi India,EQ,INE058A01010,6048.8,6048.8,5885.0,5917.4,5890.0,5994.65,4313,25561638.05,1748,LEGACY
2018-10-17,STAR,Strides Pharma Science,EQ,INE939A01011,442.0,447.6,430.4,433.7,432.4,438.85,1050307,461870993.25,17707,LEGACY
2018-10-17,SUNPHARMA,Sun Pharmaceutical Industries,EQ,INE044A01036,609.4,609.4,591.0,593.45,595.0,602.7,2629035,1579005741.4,51533,LEGACY
2018-10-17,TORNTPHARM,Torrent Pharmaceuticals,EQ,INE685A01028,1631.15,1644.3,1554.7,1560.85,1569.0,1626.3,195655,309335007.1,15423,LEGACY
2018-10-17,WOCKPHARMA,Wockhardt,EQ,INE049B01025,525.0,529.0,484.0,490.35,494.5,519.3,1341931,679047531.5,22462,LEGACY
2018-10-19,ABBOTINDIA,Abbott India,EQ,INE358A01014,7193.95,7394.0,7193.95,7224.95,7195.0,7293.85,3531,25691762.35,697,LEGACY
2018-10-19,AJANTPHARM,Ajanta Pharma,EQ,INE031B01049,1000.0,1023.15,981.1,1002.35,999.2,1001.1,217713,218334293.55,8755,LEGACY
2018-10-19,ALKEM,Alkem Laboratories,EQ,INE540L01014,1922.0,1981.0,1922.0,1952.85,1935.55,1981.25,125014,244385655.85,2261,LEGACY
2018-10-19,APLLTD,Alembic Pharmaceuticals,EQ,INE901L01018,611.75,614.5,601.9,607.95,608.0,606.8,67450,41015572.3,2798,LEGACY
2018-10-19,AUROPHARMA,Aurobindo Pharma,EQ,INE406A01037,755.95,765.65,740.2,749.1,745.85,756.3,2730705,2046027204.8,56955,LEGACY
2018-10-19,BIOCON,Biocon,EQ,INE376G01013,632.95,665.8,631.45,661.05,662.75,636.55,3966990,2601476064.6,76282,LEGACY
2018-10-19,CADILAHC,Cadila Healthcare,EQ,INE010B01027,376.9,380.8,366.0,371.75,372.75,377.55,893281,332402505.0,20304,LEGACY
2018-10-19,CIPLA,Cipla,EQ,INE059A01026,640.3,645.55,626.1,633.8,633.5,640.45,2267774,1434439042.3,84889,LEGACY
2018-10-19,DIVISLAB,Divi's Laboratories,EQ,INE361B01024,1310.0,1340.65,1278.4,1285.25,1280.05,1301.2,1205785,1576662829.85,62339,LEGACY
2018-10-19,DRREDDY,Dr. Reddy's Laboratories,EQ,INE089A01023,2550.0,2582.9,2530.5,2552.35,2546.0,2565.0,436984,1115211236.7,31431,LEGACY
2018-10-19,GLAXO,GlaxoSmithKline Pharmaceuticals,EQ,INE159A01016,1426.0,1463.8,1410.0,1416.55,1427.95,1451.5,9693,13774671.05,2373,LEGACY
2018-10-19,GLENMARK,Glenmark Pharmaceuticals,EQ,INE935A01035,594.9,603.3,591.0,599.0,599.0,599.7,713818,426358154.95,26038,LEGACY
2018-10-19,GRANULES,Granules India,EQ,INE101D01020,92.8,95.95,90.95,92.2,92.7,94.1,3181627,294677561.65,11829,LEGACY
2018-10-19,IPCALAB,IPCA Laboratories,EQ,INE571A01020,660.15,676.85,657.8,668.35,672.0,671.85,34028,22637914.45,2922,LEGACY
2018-10-19,JBCHEPHARM,JB Chemicals & Pharmaceuticals,EQ,INE572A01028,299.95,308.0,288.35,304.5,307.0,300.15,121978,36161483.5,6501,LEGACY
2018-10-19,LAURUSLABS,Laurus Labs,EQ,INE947Q01010,400.15,401.5,381.0,383.85,383.75,401.5,139106,53628166.4,2058,LEGACY
2018-10-19,LUPIN,Lupin,EQ,INE326A01037,888.0,905.8,859.2,880.25,879.95,896.65,2574321,2276990149.85,84148,LEGACY
2018-10-19,NATCOPHARM,Natco Pharma,EQ,INE987B01026,712.0,739.65,705.0,726.75,735.0,717.4,105219,75646597.05,9545,LEGACY
2018-10-19,PEL,Piramal Enterprises,D1,INE140A08SX5,80000.0,80000.0,80000.0,80000.0,80000.0,83500.0,1,80000.0,1,LEGACY
2018-10-19,PEL,Piramal Enterprises,EQ,INE140A01024,2090.0,2133.8,1852.65,1893.95,1890.0,2098.75,1950199,3797590991.15,91908,LEGACY
2018-10-19,PFIZER,Pfizer,EQ,INE182A01018,2866.85,2925.0,2771.0,2797.0,2793.9,2865.0,24346,68902308.75,4751,LEGACY
2018-10-19,SANOFI,Sanofi India,EQ,INE058A01010,5876.2,5974.2,5872.15,5918.15,5900.0,5917.4,12413,73485297.4,4781,LEGACY
2018-10-19,STAR,Strides Pharma Science,EQ,INE939A01011,427.0,437.75,416.25,423.6,424.5,433.7,720424,306337110.6,18521,LEGACY
2018-10-19,SUNPHARMA,Sun Pharmaceutical Industries,EQ,INE044A01036,591.9,611.5,590.1,609.95,608.8,593.45,4841857,2922548323.4,119752,LEGACY
2018-10-19,TORNTPHARM,Torrent Pharmaceuticals,EQ,INE685A01028,1558.9,1578.0,1511.35,1562.8,1559.9,1560.85,243809,377817917.75,19912,LEGACY
2018-10-19,WOCKPHARMA,Wockhardt,EQ,INE049B01025,490.35,502.6,477.05,480.7,479.0,490.35,1523754,745406055.05,27528,LEGACY
2018-10-22,ABBOTINDIA,Abbott India,EQ,INE358A01014,7225.2,7232.75,7175.5,7184.95,7185.0,7224.95,1281,9210316.95,472,LEGACY
2018-10-22,AJANTPHARM,Ajanta Pharma,EQ,INE031B01049,1004.8,1029.9,1002.1,1011.0,1010.35,1002.35,276387,280978663.0,12010,LEGACY
2018-10-22,ALKEM,Alkem Laboratories,EQ,INE540L01014,1950.95,1974.5,1936.0,1949.8,1945.35,1952.85,12735,24933393.15,2481,LEGACY
2018-10-22,APLLTD,Alembic Pharmaceuticals,EQ,INE901L01018,614.9,623.0,566.9,582.35,582.0,607.95,498807,299725016.5,22688,LEGACY
2018-10-22,AUROPHARMA,Aurobindo Pharma,EQ,INE406A01037,753.45,774.95,742.3,759.0,761.35,749.1,3067640,2336749276.5,53095,LEGACY
2018-10-22,BIOCON,Biocon,EQ,INE376G01013,670.0,683.7,667.8,673.9,673.9,661.05,3785494,2564171548.1,90733,LEGACY
2018-10-22,CADILAHC,Cadila Healthcare,EQ,INE010B01027,373.6,378.0,371.1,373.0,372.85,371.75,711671,266086402.9,15701,LEGACY
2018-10-22,CIPLA,Cipla,EQ,INE059A01026,635.2,640.65,626.85,629.65,633.05,633.8,1399755,886719844.65,57923,LEGACY
2018-10-22,DIVISLAB,Divi's Laboratories,EQ,INE361B01024,1287.0,1305.0,1277.0,1292.05,1292.0,1285.25,503682,651006921.05,26515,LEGACY
2018-10-22,DRREDDY,Dr. Reddy's Laboratories,EQ,INE089A01023,2562.5,2582.65,2496.25,2519.4,2525.0,2552.35,556392,1416834519.4,30364,LEGACY
2018-10-22,GLAXO,GlaxoSmithKline Pharmaceuticals,EQ,INE159A01016,1419.95,1426.0,1351.95,1388.85,1394.95,1416.55,37756,52266010.3,8521,LEGACY
2018-10-22,GLENMARK,Glenmark Pharmaceuticals,EQ,INE935A01035,599.0,619.6,595.45,614.55,618.0,599.0,826063,504416258.8,18360,LEGACY
2018-10-22,GRANULES,Granules India,EQ,INE101D01020,93.2,95.0,91.15,91.85,92.15,92.2,4847715,450035401.2,13159,LEGACY
2018-10-22,IPCALAB,IPCA Laboratories,EQ,INE571A01020,678.0,678.0,648.0,660.2,660.0,668.35,49035,32535092.3,6901,LEGACY
2018-10-22,JBCHEPHARM,JB Chemicals & Pharmaceuticals,EQ,INE572A01028,298.05,302.2,295.05,297.1,295.3,304.5,18678,5555592.05,1319,LEGACY
2018-10-22,LAURUSLABS,Laurus Labs,EQ,INE947Q01010,385.05,390.0,381.2,384.3,385.5,383.85,11192,4304192.2,612,LEGACY
2018-10-22,LUPIN,Lupin,EQ,INE326A01037,885.0,893.45,876.2,882.45,883.35,880.25,1526383,1352416159.7,62170,LEGACY
2018-10-22,NATCOPHARM,Natco Pharma,EQ,INE987B01026,734.7,744.0,726.95,727.9,727.0,726.75,87042,63901870.8,3809,LEGACY
2018-10-22,PEL,Piramal Enterprises,EQ,INE140A01024,1960.0,1976.55,1872.1,1883.0,1876.0,1893.95,1324166,2527695386.45,71784,LEGACY
2018-10-22,PFIZER,Pfizer,EQ,INE182A01018,2819.4,2826.1,2700.0,2753.85,2801.0,2797.0,31939,87716530.45,5136,LEGACY
2018-10-22,SANOFI,Sanofi India,EQ,INE058A01010,5918.0,5925.75,5800.05,5829.65,5805.35,5918.15,8225,48227020.95,1882,LEGACY
2018-10-22,STAR,Strides Pharma Science,EQ,INE939A01011,428.7,431.7,418.65,420.6,421.0,423.6,633101,269438201.15,18380,LEGACY
2018-10-22,SUNPHARMA,Sun Pharmaceutical Industries,EQ,INE044A01036,610.7,616.8,603.45,606.9,606.8,609.95,4362446,2664163718.85,96597,LEGACY
2018-10-22,TORNTPHARM,Torrent Pharmaceuticals,EQ,INE685A01028,1560.0,1621.0,1550.05,1599.3,1619.95,1562.8,313637,502217658.45,21719,LEGACY
2018-10-22,WOCKPHARMA,Wockhardt,EQ,INE049B01025,482.5,490.5,466.6,471.8,471.0,480.7,1384117,663420534.55,23313,LEGACY
2018-10-23,ABBOTINDIA,Abbott India,EQ,INE358A01014,7200.25,7249.05,7036.55,7069.2,7089.0,7184.95,2469,17570350.1,792,LEGACY
2018-10-23,AJANTPHARM,Ajanta Pharma,EQ,INE031B01049,991.1,1010.8,972.0,979.65,974.3,1011.0,158086,156175565.5,6458,LEGACY
2018-10-23,ALKEM,Alkem Laboratories,EQ,INE540L01014,1933.75,1950.0,1915.5,1949.3,1948.1,1949.8,37058,71909400.8,5239,LEGACY
2018-10-23,APLLTD,Alembic Pharmaceuticals,EQ,INE901L01018,580.0,585.0,545.1,580.05,580.0,582.35,145896,83840048.9,5618,LEGACY
2018-10-23,AUROPHARMA,Aurobindo Pharma,EQ,INE406A01037,754.9,759.0,736.0,738.85,739.45,759.0,2177417,1628723271.1,53749,LEGACY
2018-10-23,BIOCON,Biocon,EQ,INE376G01013,670.0,671.5,622.5,625.7,626.2,673.9,3005055,1921381499.7,59499,LEGACY
2018-10-23,CADILAHC,Cadila Healthcare,EQ,INE010B01027,369.5,380.8,367.4,377.5,376.7,373.0,991239,369537879.05,14769,LEGACY
2018-10-23,CIPLA,Cipla,EQ,INE059A01026,628.8,632.0,616.0,622.35,624.85,629.65,1370461,852966201.0,46023,LEGACY
2018-10-23,DIVISLAB,Divi's Laboratories,EQ,INE361B01024,1285.0,1311.9,1241.5,1249.7,1251.9,1292.05,962440,1229611982.4,49457,LEGACY
2018-10-23,DRREDDY,Dr. Reddy's Laboratories,EQ,INE089A01023,2524.95,2546.25,2425.1,2473.75,2481.0,2519.4,823509,2044536446.25,45639,LEGACY
2018-10-23,GLAXO,GlaxoSmithKline Pharmaceuticals,EQ,INE159A01016,1378.0,1378.0,1330.0,1352.05,1355.25,1388.85,16451,22213419.0,3706,LEGACY
2018-10-23,GLENMARK,Glenmark Pharmaceuticals,EQ,INE935A01035,606.05,624.0,606.05,615.7,617.1,614.55,804261,497213895.95,18841,LEGACY
2018-10-23,GRANULES,Granules India,EQ,INE101D01020,92.2,92.7,89.75,90.7,91.35,91.85,3205892,292356843.8,10978,LEGACY
2018-10-23,IPCALAB,IPCA Laboratories,EQ,INE571A01020,669.7,670.1,655.95,665.6,665.6,660.2,112799,74667388.15,4890,LEGACY
2018-10-23,JBCHEPHARM,JB Chemicals & Pharmaceuticals,EQ,INE572A01028,295.25,296.7,285.35,289.9,289.5,297.1,33939,9868979.85,2077,LEGACY
2018-10-23,LAURUSLABS,Laurus Labs,EQ,INE947Q01010,384.0,384.0,372.0,375.15,374.0,384.3,16378,6163137.55,1210,LEGACY
2018-10-23,LUPIN,Lupin,EQ,INE326A01037,880.95,880.95,848.05,851.0,853.0,882.45,1655570,1426388751.15,63916,LEGACY
2018-10-23,NATCOPHARM,Natco Pharma,EQ,INE987B01026,725.0,725.0,702.8,705.8,705.0,727.9,69448,49505462.8,5379,LEGACY
2018-10-23,PEL,Piramal Enterprises,EQ,INE140A01024,1870.0,1959.9,1861.4,1909.7,1930.0,1883.0,868178,1660015383.95,42466,LEGACY
2018-10-23,PFIZER,Pfizer,EQ,INE182A01018,2754.0,2794.35,2711.05,2755.05,2775.0,2753.85,10200,28114594.55,2369,LEGACY
2018-10-23,SANOFI,Sanofi India,EQ,INE058A01010,5825.0,5840.0,5699.0,5760.85,5750.25,5829.65,3120,17884250.75,1351,LEGACY
2018-10-23,STAR,Strides Pharma Science,EQ,INE939A01011,416.1,423.6,402.55,406.35,408.5,420.6,849251,350863211.2,24611,LEGACY
2018-10-23,SUNPHARMA,Sun Pharmaceutical Industries,EQ,INE044A01036,605.0,605.6,572.75,575.85,576.85,606.9,4538253,2660817003.15,80753,LEGACY
2018-10-23,TORNTPHARM,Torrent Pharmaceuticals,EQ,INE685A01028,1596.9,1607.0,1569.0,1595.9,1588.15,1599.3,107391,170445395.0,8732,LEGACY
2018-10-23,WOCKPHARMA,Wockhardt,EQ,INE049B01025,467.0,474.65,451.6,457.2,458.1,471.8,1327605,613328852.15,24308,LEGACY
2018-10-24,ABBOTINDIA,Abbott India,EQ,INE358A01014,7090.0,7151.45,6900.0,7067.4,7124.0,7069.2,3700,25951774.4,1197,LEGACY
2018-10-24,AJANTPHARM,Ajanta Pharma,EQ,INE031B01049,987.0,1001.0,940.5,988.0,993.0,979.65,364409,352805295.25,12867,LEGACY
2018-10-24,ALKEM,Alkem Laboratories,EQ,INE540L01014,1951.05,1951.05,1925.0,1940.55,1932.1,1949.3,8563,16589324.1,1867,LEGACY
2018-10-24,APLLTD,Alembic Pharmaceuticals,EQ,INE901L01018,588.0,588.0,557.0,559.75,558.3,580.05,122801,69089780.2,8724,LEGACY
2018-10-24,AUROPHARMA,Aurobindo Pharma,EQ,INE406A01037,742.1,750.95,717.3,734.45,734.0,738.85,2306058,1686560328.2,51795,LEGACY
2018-10-24,BIOCON,Biocon,EQ,INE376G01013,628.0,647.85,628.0,644.95,644.0,625.7,2313408,1477802433.85,44513,LEGACY
2018-10-24,CADILAHC,Cadila Healthcare,EQ,INE010B01027,377.75,380.9,352.15,357.65,357.45,377.5,2748450,994567151.7,57648,LEGACY
2018-10-24,CIPLA,Cipla,EQ,INE059A01026,625.5,635.0,615.6,621.3,621.8,622.35,987144,614967843.05,22957,LEGACY
2018-10-24,DIVISLAB,Divi's Laboratories,EQ,INE361B01024,1255.3,1270.0,1212.5,1241.0,1239.9,1249.7,1237155,1526131090.1,60373,LEGACY
2018-10-24,DRREDDY,Dr. Reddy's Laboratories,EQ,INE089A01023,2488.0,2497.0,2386.55,2434.3,2420.0,2473.75,725644,1768144333.55,39640,LEGACY
2018-10-24,GLAXO,GlaxoSmithKline Pharmaceuticals,EQ,INE159A01016,1350.0,1350.0,1300.1,1314.2,1305.0,1352.05,21369,28145819.15,5311,LEGACY
2018-10-24,GLENMARK,Glenmark Pharmaceuticals,EQ,INE935A01035,616.0,631.5,610.3,625.55,625.5,615.7,707019,439998795.85,18030,LEGACY
2018-10-24,GRANULES,Granules India,EQ,INE101D01020,92.0,93.75,90.45,92.3,92.45,90.7,2806481,258675311.7,9992,LEGACY
2018-10-24,IPCALAB,IPCA Laboratories,EQ,INE571A01020,665.45,678.8,640.0,652.95,650.1,665.6,89022,58720690.95,8107,LEGACY
2018-10-24,JBCHEPHARM,JB Chemicals & Pharmaceuticals,EQ,INE572A01028,299.0,299.0,289.95,290.7,290.2,289.9,25739,7503763.5,7186,LEGACY
2018-10-24,LAURUSLABS,Laurus Labs,EQ,INE947Q01010,378.85,390.4,353.85,360.4,358.0,375.15,253723,92335493.55,2333,LEGACY
2018-10-24,LUPIN,Lupin,EQ,INE326A01037,855.1,865.95,842.0,860.95,864.0,851.0,1447748,1234024549.6,72998,LEGACY
2018-10-24,NATCOPHARM,Natco Pharma,EQ,INE987B01026,709.95,715.0,690.0,698.55,694.0,705.8,110598,77582221.9,4908,LEGACY
2018-10-24,PEL,Piramal Enterprises,D1,INE140A08SX5,81500.0,81500.0,70000.0,77000.0,77000.0,80000.0,6,457000.0,3,LEGACY
2018-10-24,PEL,Piramal Enterprises,EQ,INE140A01024,1952.0,1969.0,1900.0,1934.9,1931.0,1909.7,1235010,2379394758.05,50457,LEGACY
2018-10-24,PFIZER,Pfizer,EQ,INE182A01018,2765.5,2849.9,2755.0,2833.75,2840.0,2755.05,13805,38775599.95,4031,LEGACY
2018-10-24,SANOFI,Sanofi India,EQ,INE058A01010,5749.1,5810.0,5666.5,5702.5,5667.85,5760.85,10424,59445249.4,3283,LEGACY
2018-10-24,STAR,Strides Pharma Science,EQ,INE939A01011,409.0,417.9,402.1,409.2,410.0,406.35,832879,340420265.45,19171,LEGACY
2018-10-24,SUNPHARMA,Sun Pharmaceutical Industries,EQ,INE044A01036,583.0,584.0,561.45,570.7,572.0,575.85,5820242,3307496217.65,132144,LEGACY
2018-10-24,TORNTPHARM,Torrent Pharmaceuticals,EQ,INE685A01028,1592.0,1624.0,1583.9,1600.45,1593.0,1595.9,158573,253454215.55,13036,LEGACY
2018-10-24,WOCKPHARMA,Wockhardt,EQ,INE049B01025,464.0,469.2,447.3,459.8,462.3,457.2,1358044,619475320.6,23334,LEGACY
2018-10-25,ABBOTINDIA,Abbott India,EQ,INE358A01014,7065.05,7108.0,6917.0,7039.85,7108.0,7067.4,1866,13039273.3,500,LEGACY
2018-10-25,AJANTPHARM,Ajanta Pharma,EQ,INE031B01049,988.4,1020.0,980.0,995.45,993.0,988.0,330154,331231551.25,11754,LEGACY
2018-10-25,ALKEM,Alkem Laboratories,EQ,INE540L01014,1930.0,1974.0,1923.0,1949.45,1950.0,1940.55,33714,65620066.0,5286,LEGACY
2018-10-25,APLLTD,Alembic Pharmaceuticals,EQ,INE901L01018,554.5,558.0,545.8,550.3,549.0,559.75,30996,17083194.1,2040,LEGACY
2018-10-25,AUROPHARMA,Aurobindo Pharma,EQ,INE406A01037,729.0,742.0,717.7,720.95,723.35,734.45,4089242,2977300072.7,80344,LEGACY
2018-10-25,BIOCON,Biocon,EQ,INE376G01013,637.5,650.3,612.0,618.3,617.05,644.95,2631638,1655128120.95,52706,LEGACY
2018-10-25,CADILAHC,Cadila Healthcare,EQ,INE010B01027,353.65,354.0,339.0,340.7,340.5,357.65,2926363,1004260937.7,55861,LEGACY
2018-10-25,CIPLA,Cipla,EQ,INE059A01026,618.55,624.0,605.15,609.0,608.5,621.3,5739386,3506655994.4,49880,LEGACY
2018-10-25,DIVISLAB,Divi's Laboratories,EQ,INE361B01024,1238.0,1265.0,1225.2,1253.0,1265.0,1241.0,1084503,1355406114.9,38003,LEGACY
2018-10-25,DRREDDY,Dr. Reddy's Laboratories,EQ,INE089A01023,2411.6,2444.95,2380.0,2390.5,2400.95,2434.3,1339300,3216334998.4,47409,LEGACY
2018-10-25,GLAXO,GlaxoSmithKline Pharmaceuticals,EQ,INE159A01016,1300.0,1304.0,1271.05,1280.7,1286.0,1314.2,16347,20972200.75,4826,LEGACY
2018-10-25,GLENMARK,Glenmark Pharmaceuticals,EQ,INE935A01035,622.9,622.9,600.25,612.6,619.0,625.55,813966,495996681.9,26918,LEGACY
2018-10-25,GRANULES,Granules India,EQ,INE101D01020,91.5,95.25,91.2,91.85,92.2,92.3,3521218,327058277.8,14004,LEGACY
2018-10-25,IPCALAB,IPCA Laboratories,EQ,INE571A01020,649.0,660.0,631.3,643.8,632.0,652.95,60125,39183286.65,3413,LEGACY
2018-10-25,JBCHEPHARM,JB Chemicals & Pharmaceuticals,EQ,INE572A01028,290.7,293.95,288.0,290.35,291.1,290.7,6642,1931974.55,1095,LEGACY
2018-10-25,LAURUSLABS,Laurus Labs,EQ,INE947Q01010,355.75,361.8,338.0,340.2,340.0,360.4,107197,36761030.65,1993,LEGACY
2018-10-25,LUPIN,Lupin,EQ,INE326A01037,853.55,874.7,847.05,851.3,850.0,860.95,2299649,1977435847.3,83512,LEGACY
2018-10-25,NATCOPHARM,Natco Pharma,EQ,INE987B01026,690.0,693.9,674.0,681.75,682.75,698.55,112674,76800722.7,7913,LEGACY
2018-10-25,PEL,Piramal Enterprises,EQ,INE140A01024,1880.0,1945.0,1845.0,1865.3,1871.0,1934.9,947295,1792875605.8,47860,LEGACY
2018-10-25,PFIZER,Pfizer,EQ,INE182A01018,2799.65,2897.0,2770.0,2871.15,2890.0,2833.75,15138,43149855.65,2940,LEGACY
2018-10-25,SANOFI,Sanofi India,EQ,INE058A01010,5797.9,5797.9,5600.0,5707.4,5710.0,5702.5,8103,46073179.85,1997,LEGACY
2018-10-25,STAR,Strides Pharma Science,EQ,INE939A01011,404.8,407.95,391.2,394.45,392.6,409.2,1103602,440595280.7,19156,LEGACY
2018-10-25,SUNPHARMA,Sun Pharmaceutical Industries,EQ,INE044A01036,565.25,572.45,552.1,558.75,558.95,570.7,6105402,3424661327.15,119654,LEGACY
2018-10-25,TORNTPHARM,Torrent Pharmaceuticals,EQ,INE685A01028,1594.0,1598.0,1562.05,1579.0,1598.0,1600.45,110046,173937614.9,10051,LEGACY
2018-10-25,WOCKPHARMA,Wockhardt,EQ,INE049B01025,455.0,468.5,451.7,462.3,458.0,459.8,1369238,629949442.45,22717,LEGACY
2018-10-26,ABBOTINDIA,Abbott India,EQ,INE358A01014,7007.3,7030.0,6900.0,6917.9,6900.0,7039.85,4304,29911290.05,839,LEGACY
2018-10-26,AJANTPHARM,Ajanta Pharma,EQ,INE031B01049,1001.4,1012.55,972.0,977.35,973.15,995.45,207684,205403026.25,8336,LEGACY
2018-10-26,ALKEM,Alkem Laboratories,EQ,INE540L01014,1945.5,1969.5,1925.05,1940.3,1928.0,1949.45,97983,190308929.2,3411,LEGACY
2018-10-26,APLLTD,Alembic Pharmaceuticals,EQ,INE901L01018,548.5,567.0,545.2,558.5,562.0,550.3,123150,69053595.75,7539,LEGACY
2018-10-26,AUROPHARMA,Aurobindo Pharma,EQ,INE406A01037,723.0,727.9,708.5,719.8,719.95,720.95,2052071,1476015622.6,48086,LEGACY
2018-10-26,BIOCON,Biocon,EQ,INE376G01013,642.0,644.4,600.0,604.05,602.5,618.3,7768428,4814749196.2,150919,LEGACY
2018-10-26,CADILAHC,Cadila Healthcare,EQ,INE010B01027,342.0,346.0,332.25,337.4,338.0,340.7,1686930,571833509.95,24440,LEGACY
2018-10-26,CIPLA,Cipla,EQ,INE059A01026,609.2,612.35,598.65,603.7,601.55,609.0,1935618,1168254385.7,40313,LEGACY
2018-10-26,DIVISLAB,Divi's Laboratories,EQ,INE361B01024,1261.0,1278.4,1236.75,1255.8,1262.0,1253.0,858836,1083998082.75,49066,LEGACY
2018-10-26,DRREDDY,Dr. Reddy's Laboratories,EQ,INE089A01023,2391.4,2450.0,2368.05,2404.55,2398.0,2390.5,1125652,2707876513.75,55901,LEGACY
2018-10-26,GLAXO,GlaxoSmithKline Pharmaceuticals,EQ,INE159A01016,1280.0,1305.0,1251.0,1288.4,1275.0,1280.7,12425,16013063.0,3557,LEGACY
2018-10-26,GLENMARK,Glenmark Pharmaceuticals,EQ,INE935A01035,619.0,619.0,584.3,593.45,595.0,612.6,938566,558133200.6,23527,LEGACY
2018-10-26,GRANULES,Granules India,EQ,INE101D01020,92.25,93.8,88.2,92.3,92.2,91.85,5312419,481450991.05,15310,LEGACY
2018-10-26,IPCALAB,IPCA Laboratories,EQ,INE571A01020,637.0,656.65,631.0,653.75,655.0,643.8,69446,45109701.25,5820,LEGACY
2018-10-26,JBCHEPHARM,JB Chemicals & Pharmaceuticals,EQ,INE572A01028,289.3,295.0,288.8,291.45,292.0,290.35,12971,3783444.5,1241,LEGACY
2018-10-26,LAURUSLABS,Laurus Labs,EQ,INE947Q01010,344.8,356.5,330.3,340.7,343.0,340.2,363067,122805613.45,2265,LEGACY
2018-10-26,LUPIN,Lupin,EQ,INE326A01037,850.1,862.5,838.6,855.15,850.0,851.3,1517769,1296366717.35,55558,LEGACY
2018-10-26,NATCOPHARM,Natco Pharma,EQ,INE987B01026,687.35,716.75,660.0,705.15,708.8,681.75,186619,128872221.8,9709,LEGACY
2018-10-26,PEL,Piramal Enterprises,EQ,INE140A01024,1888.0,1936.7,1794.9,1924.35,1905.15,1865.3,1095883,2065957561.7,76387,LEGACY
2018-10-26,PFIZER,Pfizer,EQ,INE182A01018,2899.0,2971.8,2842.25,2938.65,2937.9,2871.15,30728,89812035.1,4516,LEGACY
2018-10-26,SANOFI,Sanofi India,EQ,INE058A01010,5741.0,5837.95,5651.05,5784.95,5751.15,5707.4,18211,105536912.35,9372,LEGACY
2018-10-26,STAR,Strides Pharma Science,EQ,INE939A01011,394.45,406.95,390.15,399.6,400.0,394.45,993587,396905011.65,21596,LEGACY
2018-10-26,SUNPHARMA,Sun Pharmaceutical Industries,EQ,INE044A01036,558.75,561.5,550.0,554.05,550.9,558.75,4002009,2221906037.8,88459,LEGACY
2018-10-26,TORNTPHARM,Torrent Pharmaceuticals,EQ,INE685A01028,1589.0,1655.0,1573.35,1626.0,1630.0,1579.0,216340,350997143.3,17019,LEGACY
2018-10-26,WOCKPHARMA,Wockhardt,EQ,INE049B01025,459.8,463.7,437.45,446.3,445.0,462.3,1512251,680530773.85,23900,LEGACY
2018-10-29,ABBOTINDIA,Abbott India,EQ,INE358A01014,6950.05,7214.5,6930.05,7110.05,7200.0,6917.9,2752,19374379.75,698,LEGACY
2018-10-29,AJANTPHARM,Ajanta Pharma,EQ,INE031B01049,978.0,1020.2,972.05,1016.3,1014.0,977.35,268372,268943704.75,9300,LEGACY
2018-10-29,ALKEM,Alkem Laboratories,EQ,INE540L01014,1936.35,1960.3,1903.0,1924.6,1922.0,1940.3,11037,21330120.55,1563,LEGACY
2018-10-29,APLLTD,Alembic Pharmaceuticals,EQ,INE901L01018,565.0,585.6,552.65,580.35,578.05,558.5,88029,50302334.95,2365,LEGACY
2018-10-29,AUROPHARMA,Aurobindo Pharma,EQ,INE406A01037,721.5,776.85,720.35,773.05,770.05,719.8,3126516,2365488131.05,73606,LEGACY
2018-10-29,BIOCON,Biocon,EQ,INE376G01013,606.3,624.4,592.55,622.3,622.2,604.05,3317403,2031557012.65,54636,LEGACY
2018-10-29,CADILAHC,Cadila Healthcare,EQ,INE010B01027,340.0,350.95,340.0,349.0,349.0,337.4,1283870,444482402.2,23942,LEGACY
2018-10-29,CIPLA,Cipla,EQ,INE059A01026,602.35,638.2,601.45,635.15,633.0,603.7,1614423,1005258784.25,37734,LEGACY
2018-10-29,DIVISLAB,Divi's Laboratories,EQ,INE361B01024,1330.0,1452.65,1324.85,1440.15,1444.2,1255.8,5731814,8137307893.7,212990,LEGACY
2018-10-29,DRREDDY,Dr. Reddy's Laboratories,EQ,INE089A01023,2440.0,2559.0,2439.9,2532.95,2531.65,2404.55,1030783,2598291245.8,54808,LEGACY
2018-10-29,GLAXO,GlaxoSmithKline Pharmaceuticals,EQ,INE159A01016,1300.0,1350.0,1286.0,1343.1,1340.0,1288.4,12115,16029145.35,2104,LEGACY
2018-10-29,GLENMARK,Glenmark Pharmaceuticals,EQ,INE935A01035,592.5,607.0,589.55,604.45,604.8,593.45,575082,345179545.8,13962,LEGACY
2018-10-29,GRANULES,Granules India,EQ,INE101D01020,92.0,100.5,91.35,99.85,100.25,92.3,8755847,856208859.45,37954,LEGACY
2018-10-29,IPCALAB,IPCA Laboratories,EQ,INE571A01020,655.0,674.65,639.0,646.3,643.0,653.75,236379,152717553.35,10795,LEGACY
2018-10-29,JBCHEPHARM,JB Chemicals & Pharmaceuticals,EQ,INE572A01028,291.95,296.0,289.05,292.65,293.0,291.45,23062,6724055.6,1760,LEGACY
2018-10-29,LAURUSLABS,Laurus Labs,EQ,INE947Q01010,341.1,356.0,340.9,353.1,353.0,340.7,27754,9690620.45,1285,LEGACY
2018-10-29,LUPIN,Lupin,EQ,INE326A01037,853.0,894.85,853.0,888.35,885.0,855.15,2001176,1767715308.25,75886,LEGACY
2018-10-29,NATCOPHARM,Natco Pharma,EQ,INE987B01026,705.2,744.4,693.05,731.05,738.9,705.15,633194,459035020.5,28999,LEGACY
2018-10-29,PEL,Piramal Enterprises,EQ,INE140A01024,1919.0,2049.0,1905.05,2029.5,2015.0,1924.35,802051,1590043910.4,42492,LEGACY
2018-10-29,PFIZER,Pfizer,EQ,INE182A01018,2979.7,2979.7,2855.2,2897.05,2893.95,2938.65,10730,31231961.45,2234,LEGACY
2018-10-29,SANOFI,Sanofi India,EQ,INE058A01010,5751.5,5899.7,5710.0,5762.95,5774.8,5784.95,4253,24825419.7,1860,LEGACY
2018-10-29,STAR,Strides Pharma Science,EQ,INE939A01011,402.0,423.2,399.6,421.05,420.0,399.6,1077882,446592490.4,17996,LEGACY
2018-10-29,SUNPHARMA,Sun Pharmaceutical Industries,EQ,INE044A01036,554.5,577.6,554.45,573.6,571.65,554.05,3640433,2075904779.7,80950,LEGACY
2018-10-29,TORNTPHARM,Torrent Pharmaceuticals,EQ,INE685A01028,1632.0,1685.0,1632.0,1664.25,1655.0,1626.0,489391,813094809.6,30127,LEGACY
2018-10-29,WOCKPHARMA,Wockhardt,EQ,INE049B01025,448.5,503.0,447.0,496.8,498.1,446.3,2985238,1438798655.9,48671,LEGACY
2018-10-30,ABBOTINDIA,Abbott India,EQ,INE358A01014,7141.35,7226.3,7010.6,7141.7,7116.0,7110.05,1857,13257923.2,687,LEGACY
2018-10-30,AJANTPHARM,Ajanta Pharma,EQ,INE031B01049,1024.7,1037.65,1005.6,1010.0,1012.0,1016.3,256601,262822192.3,10389,LEGACY
2018-10-30,ALKEM,Alkem Laboratories,EQ,INE540L01014,1925.0,1943.3,1901.0,1918.6,1919.95,1924.6,27349,52446176.4,3926,LEGACY
2018-10-30,APLLTD,Alembic Pharmaceuticals,EQ,INE901L01018,580.0,614.0,580.0,593.55,599.4,580.35,89020,53520331.05,5905,LEGACY
2018-10-30,AUROPHARMA,Aurobindo Pharma,EQ,INE406A01037,771.15,776.5,760.7,770.5,771.95,773.05,1669833,1282555187.1,55523,LEGACY
2018-10-30,BIOCON,Biocon,EQ,INE376G01013,622.0,644.75,620.0,639.7,643.85,622.3,2908310,1844672312.75,55745,LEGACY
2018-10-30,CADILAHC,Cadila Healthcare,EQ,INE010B01027,351.4,357.5,347.15,348.25,349.0,349.0,1091197,384453240.95,20988,LEGACY
2018-10-30,CIPLA,Cipla,EQ,INE059A01026,636.0,636.7,608.1,610.35,611.0,635.15,2418471,1495001810.45,43107,LEGACY
2018-10-30,DIVISLAB,Divi's Laboratories,EQ,INE361B01024,1444.25,1500.5,1436.5,1485.75,1485.0,1440.15,3338430,4923745870.45,113875,LEGACY
2018-10-30,DRREDDY,Dr. Reddy's Laboratories,EQ,INE089A01023,2530.7,2610.0,2515.25,2594.3,2593.0,2532.95,971039,2499400021.35,63580,LEGACY
2018-10-30,GLAXO,GlaxoSmithKline Pharmaceuticals,EQ,INE159A01016,1353.8,1399.0,1323.35,1385.85,1394.0,1343.1,17720,24096580.1,3304,LEGACY
2018-10-30,GLENMARK,Glenmark Pharmaceuticals,EQ,INE935A01035,606.0,615.95,599.25,604.0,607.5,604.45,664523,402936633.2,18096,LEGACY
2018-10-30,GRANULES,Granules India,EQ,INE101D01020,101.0,103.5,95.75,97.05,97.65,99.85,12466341,1238119658.95,55624,LEGACY
2018-10-30,IPCALAB,IPCA Laboratories,EQ,INE571A01020,643.0,687.0,634.0,659.6,658.0,646.3,611633,401370835.85,11500,LEGACY
2018-10-30,JBCHEPHARM,JB Chemicals & Pharmaceuticals,EQ,INE572A01028,292.7,303.85,292.0,300.65,303.85,292.65,19114,5676318.3,1626,LEGACY
2018-10-30,LAURUSLABS,Laurus Labs,EQ,INE947Q01010,348.0,367.0,339.2,344.85,342.95,353.1,159277,55255886.0,4036,LEGACY
2018-10-30,LUPIN,Lupin,EQ,INE326A01037,889.0,889.35,871.8,876.65,879.0,888.35,1182970,1040225318.35,65707,LEGACY
2018-10-30,NATCOPHARM,Natco Pharma,EQ,INE987B01026,738.0,747.5,729.75,739.9,739.45,731.05,180627,133622582.55,7250,LEGACY
2018-10-30,PEL,Piramal Enterprises,EQ,INE140A01024,2020.0,2068.0,1984.0,2013.85,2015.0,2029.5,599611,1214956443.0,29719,LEGACY
2018-10-30,PFIZER,Pfizer,EQ,INE182A01018,2816.0,2918.0,2816.0,2853.9,2865.0,2897.05,22922,65586391.35,4084,LEGACY
2018-10-30,SANOFI,Sanofi India,EQ,INE058A01010,5774.8,5809.1,5730.0,5764.65,5765.0,5762.95,6934,40006018.45,1510,LEGACY
2018-10-30,STAR,Strides Pharma Science,EQ,INE939A01011,423.15,423.2,409.25,413.35,415.0,421.05,664542,276570168.15,12593,LEGACY
2018-10-30,SUNPHARMA,Sun Pharmaceutical Industries,EQ,INE044A01036,571.9,575.9,559.65,562.05,561.75,573.6,2783468,1574909884.4,59661,LEGACY
2018-10-30,TORNTPHARM,Torrent Pharmaceuticals,EQ,INE685A01028,1653.05,1675.15,1639.65,1660.45,1675.15,1664.25,200489,332351186.3,11625,LEGACY
2018-10-30,WOCKPHARMA,Wockhardt,EQ,INE049B01025,498.55,507.1,484.7,491.05,491.0,496.8,1832496,907050296.95,28466,LEGACY
2018-11-01,ABBOTINDIA,Abbott India,EQ,INE358A01014,7574.2,7749.0,7548.8,7592.65,7600.0,7568.7,4823,37035394.0,1331,LEGACY
2018-11-01,AJANTPHARM,Ajanta Pharma,EQ,INE031B01049,1080.0,1107.8,1053.25,1088.5,1081.5,1058.35,835759,908196337.5,66431,LEGACY
2018-11-01,ALKEM,Alkem Laboratories,EQ,INE540L01014,1914.8,1933.95,1882.7,1899.05,1900.0,1906.85,52142,99035558.95,3462,LEGACY
2018-11-01,APLLTD,Alembic Pharmaceuticals,EQ,INE901L01018,602.2,608.4,591.25,603.05,601.6,596.9,20226,12137548.05,1928,LEGACY
2018-11-01,AUROPHARMA,Aurobindo Pharma,EQ,INE406A01037,800.0,804.8,786.3,792.55,793.9,791.55,3235047,2570198073.3,61616,LEGACY
2018-11-01,BIOCON,Biocon,EQ,INE376G01013,655.05,666.95,641.3,644.8,645.5,659.0,2304468,1505874285.95,49455,LEGACY
2018-11-01,CADILAHC,Cadila Healthcare,EQ,INE010B01027,362.15,365.7,357.2,359.4,359.4,360.05,1176169,425148067.65,24568,LEGACY
2018-11-01,CIPLA,Cipla,EQ,INE059A01026,630.0,631.95,614.0,615.4,615.9,629.25,1442392,892161409.6,31576,LEGACY
2018-11-01,DIVISLAB,Divi's Laboratories,EQ,INE361B01024,1478.0,1516.95,1469.8,1505.55,1512.0,1484.5,953639,1421016040.2,39241,LEGACY
2018-11-01,DRREDDY,Dr. Reddy's Laboratories,EQ,INE089A01023,2560.0,2574.45,2446.5,2461.6,2465.5,2542.45,1370566,3431535508.35,84125,LEGACY
2018-11-01,GLAXO,GlaxoSmithKline Pharmaceuticals,EQ,INE159A01016,1460.0,1460.0,1404.25,1422.3,1430.0,1420.25,10839,15457407.65,1718,LEGACY
2018-11-01,GLENMARK,Glenmark Pharmaceuticals,EQ,INE935A01035,621.75,633.3,615.25,624.05,626.0,621.5,708721,444022082.35,17800,LEGACY
2018-11-01,GRANULES,Granules India,EQ,INE101D01020,98.5,101.45,98.15,100.95,101.1,98.5,5440438,545541015.8,21948,LEGACY
2018-11-01,IPCALAB,IPCA Laboratories,EQ,INE571A01020,679.65,707.9,675.5,696.65,700.0,681.85,441905,303917394.95,9128,LEGACY
2018-11-01,JBCHEPHARM,JB Chemicals & Pharmaceuticals,EQ,INE572A01028,309.5,317.5,308.5,314.55,314.5,308.5,44587,14028087.05,2126,LEGACY
2018-11-01,LAURUSLABS,Laurus Labs,EQ,INE947Q01010,343.6,359.0,343.1,356.6,356.0,340.85,58637,20700900.25,1400,LEGACY
2018-11-01,LUPIN,Lupin,EQ,INE326A01037,875.0,880.25,848.1,852.05,851.0,885.45,2610053,2248868482.4,74014,LEGACY
2018-11-01,NATCOPHARM,Natco Pharma,EQ,INE987B01026,755.4,765.0,746.0,758.0,756.85,754.15,122911,92746803.8,7482,LEGACY
2018-11-01,PEL,Piramal Enterprises,D1,INE140A08SX5,87000.0,87000.0,87000.0,87000.0,87000.0,87471.42,1,87000.0,1,LEGACY
2018-11-01,PEL,Piramal Enterprises,EQ,INE140A01024,2169.0,2235.0,2133.1,2142.25,2144.0,2172.8,817887,1778893054.35,37399,LEGACY
2018-11-01,PFIZER,Pfizer,EQ,INE182A01018,2920.0,2960.0,2885.0,2895.75,2888.1,2918.2,23443,68213155.2,2721,LEGACY
2018-11-01,SANOFI,Sanofi India,EQ,INE058A01010,5800.0,5970.0,5800.0,5892.0,5890.0,5791.2,12644,74652230.35,3516,LEGACY
2018-11-01,STAR,Strides Pharma Science,EQ,INE939A01011,424.1,432.75,422.5,425.45,426.4,424.3,933877,399119097.25,19483,LEGACY
2018-11-01,SUNPHARMA,Sun Pharmaceutical Industries,EQ,INE044A01036,581.25,584.5,568.0,571.85,573.4,580.25,2779373,1600289051.85,54725,LEGACY
2018-11-01,TORNTPHARM,Torrent Pharmaceuticals,EQ,INE685A01028,1674.95,1730.0,1663.5,1712.2,1725.0,1667.6,241193,411224911.4,12512,LEGACY
2018-11-01,WOCKPHARMA,Wockhardt,EQ,INE049B01025,497.0,511.5,495.3,506.4,508.5,494.35,1335423,672381080.95,23068,LEGACY
2018-11-02,ABBOTINDIA,Abbott India,EQ,INE358A01014,7592.65,7988.0,7496.0,7609.3,7500.0,7592.65,4862,37338210.25,1258,LEGACY
2018-11-02,AJANTPHARM,Ajanta Pharma,EQ,INE031B01049,1092.0,1104.9,1075.5,1085.3,1080.0,1088.5,443283,483100762.45,17695,LEGACY
2018-11-02,ALKEM,Alkem Laboratories,EQ,INE540L01014,1914.0,1938.95,1860.0,1908.9,1896.0,1899.05,63742,121216318.25,5759,LEGACY
2018-11-02,APLLTD,Alembic Pharmaceuticals,EQ,INE901L01018,605.0,607.8,586.1,589.4,590.1,603.05,28997,17208569.05,1806,LEGACY
2018-11-02,AUROPHARMA,Aurobindo Pharma,EQ,INE406A01037,795.0,795.0,777.9,781.4,779.0,792.55,2018433,1588533157.4,45959,LEGACY
2018-11-02,BIOCON,Biocon,EQ,INE376G01013,648.8,652.75,627.6,631.0,630.0,644.8,1970670,1256227944.7,36235,LEGACY
2018-11-02,CADILAHC,Cadila Healthcare,EQ,INE010B01027,360.0,365.8,356.4,358.85,359.05,359.4,803123,291063323.7,20463,LEGACY
2018-11-02,CIPLA,Cipla,EQ,INE059A01026,619.95,619.95,605.5,607.1,606.65,615.4,1566053,957594210.2,52068,LEGACY
2018-11-02,DIVISLAB,Divi's Laboratories,EQ,INE361B01024,1512.0,1523.95,1486.15,1499.25,1501.55,1505.55,924743,1391185326.6,60244,LEGACY
2018-11-02,DRREDDY,Dr. Reddy's Laboratories,EQ,INE089A01023,2465.5,2475.9,2403.55,2423.25,2418.85,2461.6,880708,2144492028.6,58604,LEGACY
2018-11-02,GLAXO,GlaxoSmithKline Pharmaceuticals,EQ,INE159A01016,1446.0,1450.0,1415.0,1440.5,1435.0,1422.3,10606,15217435.05,1875,LEGACY
2018-11-02,GLENMARK,Glenmark Pharmaceuticals,EQ,INE935A01035,624.0,643.35,621.45,626.45,624.05,624.05,634596,402381754.55,21143,LEGACY
2018-11-02,GRANULES,Granules India,EQ,INE101D01020,102.0,103.4,100.15,101.15,100.85,100.95,3809907,388074472.1,15667,LEGACY
2018-11-02,IPCALAB,IPCA Laboratories,EQ,INE571A01020,704.9,714.5,692.95,704.65,700.5,696.65,253977,178991956.05,14577,LEGACY
2018-11-02,JBCHEPHARM,JB Chemicals & Pharmaceuticals,EQ,INE572A01028,314.05,316.95,307.1,309.6,309.0,314.55,50418,15653609.9,2125,LEGACY
2018-11-02,LAURUSLABS,Laurus Labs,EQ,INE947Q01010,356.0,369.0,354.0,367.0,365.0,356.6,122993,44667301.2,2888,LEGACY
2018-11-02,LUPIN,Lupin,EQ,INE326A01037,858.0,864.0,845.1,849.9,848.0,852.05,1361060,1162572136.3,37888,LEGACY
2018-11-02,NATCOPHARM,Natco Pharma,EQ,INE987B01026,758.7,779.0,746.0,774.75,773.7,758.0,333817,255126173.2,30675,LEGACY
2018-11-02,PEL,Piramal Enterprises,EQ,INE140A01024,2160.0,2206.35,2140.7,2152.65,2152.7,2142.25,826950,1789298483.4,35268,LEGACY
2018-11-02,PFIZER,Pfizer,EQ,INE182A01018,2925.0,2934.0,2880.0,2918.2,2912.7,2895.75,13869,40454927.75,2326,LEGACY
2018-11-02,SANOFI,Sanofi India,EQ,INE058A01010,5940.0,6000.0,5870.0,5910.4,5890.0,5892.0,17046,101269289.25,4260,LEGACY
2018-11-02,STAR,Strides Pharma Science,EQ,INE939A01011,429.8,434.4,417.5,419.85,418.1,425.45,1168759,497045703.5,24148,LEGACY
2018-11-02,SUNPHARMA,Sun Pharmaceutical Industries,EQ,INE044A01036,574.0,579.75,568.3,571.85,571.5,571.85,2688591,1541277490.55,89575,LEGACY
2018-11-02,TORNTPHARM,Torrent Pharmaceuticals,EQ,INE685A01028,1720.0,1747.45,1615.05,1630.6,1630.0,1712.2,198138,333259521.1,20700,LEGACY
2018-11-02,WOCKPHARMA,Wockhardt,EQ,INE049B01025,511.85,525.35,508.5,511.2,509.05,506.4,1512959,782116725.85,23957,LEGACY
2018-11-05,ABBOTINDIA,Abbott India,EQ,INE358A01014,7600.0,7700.0,7533.15,7600.8,7580.0,7609.3,2663,20368107.65,1122,LEGACY
2018-11-05,AJANTPHARM,Ajanta Pharma,EQ,INE031B01049,1071.1,1094.0,1071.1,1086.9,1084.0,1085.3,284008,308911258.55,9148,LEGACY
2018-11-05,ALKEM,Alkem Laboratories,EQ,INE540L01014,1877.0,1928.95,1845.2,1911.85,1910.0,1908.9,44394,83822350.5,6833,LEGACY
2018-11-05,APLLTD,Alembic Pharmaceuticals,EQ,INE901L01018,590.0,599.7,589.9,590.25,590.0,589.4,22657,13406882.5,1538,LEGACY
2018-11-05,AUROPHARMA,Aurobindo Pharma,EQ,INE406A01037,777.9,785.9,770.8,779.15,782.2,781.4,1289361,1001919350.3,45728,LEGACY
2018-11-05,BIOCON,Biocon,EQ,INE376G01013,633.0,641.0,623.6,629.55,628.4,631.0,1251036,788955005.25,28552,LEGACY
2018-11-05,CADILAHC,Cadila Healthcare,EQ,INE010B01027,349.9,363.7,348.1,360.45,360.0,358.85,1284370,460569804.3,21808,LEGACY
2018-11-05,CIPLA,Cipla,EQ,INE059A01026,607.4,617.5,557.1,563.05,562.5,607.1,12941350,7479960322.95,215389,LEGACY
2018-11-05,DIVISLAB,Divi's Laboratories,EQ,INE361B01024,1499.5,1501.55,1454.5,1466.45,1469.1,1499.25,835508,1229281793.65,55401,LEGACY
2018-11-05,DRREDDY,Dr. Reddy's Laboratories,EQ,INE089A01023,2440.0,2452.0,2391.0,2420.9,2413.2,2423.25,529589,1280683318.25,42546,LEGACY
2018-11-05,GLAXO,GlaxoSmithKline Pharmaceuticals,EQ,INE159A01016,1449.95,1455.0,1330.1,1359.95,1349.0,1440.5,46571,63958760.6,4798,LEGACY
2018-11-05,GLENMARK,Glenmark Pharmaceuticals,EQ,INE935A01035,629.75,635.85,617.45,631.0,630.0,626.45,516105,324687246.45,18075,LEGACY
2018-11-05,GRANULES,Granules India,EQ,INE101D01020,101.15,104.8,99.6,104.15,104.7,101.15,2721837,279428059.3,12159,LEGACY
2018-11-05,IPCALAB,IPCA Laboratories,EQ,INE571A01020,705.0,705.0,677.0,698.55,696.0,704.65,91406,63170348.3,5070,LEGACY
2018-11-05,JBCHEPHARM,JB Chemicals & Pharmaceuticals,EQ,INE572A01028,310.95,316.0,307.0,308.1,309.0,309.6,88508,27381105.65,4160,LEGACY
2018-11-05,LAURUSLABS,Laurus Labs,EQ,INE947Q01010,371.0,371.0,360.0,364.7,364.15,367.0,31342,11470291.8,719,LEGACY
2018-11-05,LUPIN,Lupin,EQ,INE326A01037,849.7,860.65,843.0,853.7,853.25,849.9,1225002,1043566549.4,36487,LEGACY
2018-11-05,NATCOPHARM,Natco Pharma,EQ,INE987B01026,780.0,799.9,755.0,773.8,757.0,774.75,885968,692868319.2,62201,LEGACY
2018-11-05,PEL,Piramal Enterprises,EQ,INE140A01024,2149.0,2217.2,2135.1,2204.5,2213.0,2152.65,634226,1384836481.45,34598,LEGACY
2018-11-05,PFIZER,Pfizer,EQ,INE182A01018,2939.0,2939.0,2870.9,2897.6,2894.0,2918.2,32957,95379750.55,1556,LEGACY
2018-11-05,SANOFI,Sanofi India,EQ,INE058A01010,5856.0,6029.8,5856.0,5935.55,5939.85,5910.4,11003,65609206.65,4969,LEGACY
2018-11-05,STAR,Strides Pharma Science,EQ,INE939A01011,422.0,438.25,422.0,428.5,427.7,419.85,1500704,646372058.4,25381,LEGACY
2018-11-05,SUNPHARMA,Sun Pharmaceutical Industries,EQ,INE044A01036,571.0,583.95,564.25,571.6,575.6,571.85,2962317,1700713690.4,81746,LEGACY
2018-11-05,TORNTPHARM,Torrent Pharmaceuticals,EQ,INE685A01028,1657.0,1658.0,1571.0,1597.1,1608.0,1630.6,497306,801880746.1,39724,LEGACY
2018-11-05,WOCKPHARMA,Wockhardt,EQ,INE049B01025,510.8,522.0,500.1,507.5,508.0,511.2,890498,456806647.25,16568,LEGACY
2018-11-07,ABBOTINDIA,Abbott India,EQ,INE358A01014,7624.15,7639.95,7499.95,7537.15,7515.0,7532.4,1828,13796208.0,374,LEGACY
2018-11-07,AJANTPHARM,Ajanta Pharma,EQ,INE031B01049,1060.05,1074.95,1055.0,1063.4,1057.15,1060.05,66873,71171976.3,2484,LEGACY
2018-11-07,ALKEM,Alkem Laboratories,EQ,INE540L01014,1909.95,1914.0,1890.05,1900.05,1904.0,1880.75,991,1884334.4,214,LEGACY
2018-11-07,APLLTD,Alembic Pharmaceuticals,EQ,INE901L01018,590.0,594.55,588.0,590.5,591.0,590.45,2387,1410327.4,243,LEGACY
2018-11-07,AUROPHARMA,Aurobindo Pharma,EQ,INE406A01037,787.0,796.5,787.0,794.2,794.0,785.9,573033,454779310.45,10451,LEGACY
2018-11-07,BIOCON,Biocon,EQ,INE376G01013,635.15,636.0,630.3,632.7,632.6,629.35,164605,104114846.2,4527,LEGACY
2018-11-07,CADILAHC,Cadila Healthcare,EQ,INE010B01027,352.75,356.15,352.45,355.0,355.0,350.25,146034,51724982.55,2703,LEGACY
2018-11-07,CIPLA,Cipla,EQ,INE059A01026,536.0,536.0,532.1,533.35,533.35,530.8,698244,372613152.3,12033,LEGACY
2018-11-07,DIVISLAB,Divi's Laboratories,EQ,INE361B01024,1490.0,1505.0,1480.9,1497.5,1505.0,1477.8,138777,207168047.35,4605,LEGACY
2018-11-07,DRREDDY,Dr. Reddy's Laboratories,EQ,INE089A01023,2460.0,2469.9,2442.0,2452.95,2456.4,2450.85,77956,191498003.6,4635,LEGACY
2018-11-07,GLAXO,GlaxoSmithKline Pharmaceuticals,EQ,INE159A01016,1373.6,1389.0,1366.4,1383.2,1384.95,1357.05,4387,6059056.1,547,LEGACY
2018-11-07,GLENMARK,Glenmark Pharmaceuticals,EQ,INE935A01035,660.8,668.0,660.0,665.55,662.0,657.5,420400,279472267.2,8961,LEGACY
2018-11-07,GRANULES,Granules India,EQ,INE101D01020,103.65,104.75,103.5,103.9,103.85,103.65,363318,37797795.55,2198,LEGACY
2018-11-07,IPCALAB,IPCA Laboratories,EQ,INE571A01020,694.0,694.05,685.0,687.05,685.0,685.65,6509,4479061.1,234,LEGACY
2018-11-07,JBCHEPHARM,JB Chemicals & Pharmaceuticals,EQ,INE572A01028,313.9,313.9,309.6,313.05,312.7,309.0,11890,3719188.4,285,LEGACY
2018-11-07,LAURUSLABS,Laurus Labs,EQ,INE947Q01010,364.65,366.8,359.15,364.7,365.0,359.55,5733,2074815.4,191,LEGACY
2018-11-07,LUPIN,Lupin,EQ,INE326A01037,855.0,855.0,850.25,852.05,852.4,850.95,97306,82935446.4,3428,LEGACY
2018-11-07,NATCOPHARM,Natco Pharma,EQ,INE987B01026,760.0,760.0,740.0,757.9,758.65,752.05,46179,34892705.0,1858,LEGACY
2018-11-07,PEL,Piramal Enterprises,EQ,INE140A01024,2210.1,2218.05,2195.0,2201.45,2197.4,2190.9,55717,122839600.05,3109,LEGACY
2018-11-07,PFIZER,Pfizer,EQ,INE182A01018,2901.0,2919.85,2893.1,2908.4,2893.5,2882.3,2224,6467547.45,531,LEGACY
2018-11-07,SANOFI,Sanofi India,EQ,INE058A01010,5930.0,6000.0,5930.0,5994.45,6000.0,5934.4,489,2929337.8,193,LEGACY
2018-11-07,STAR,Strides Pharma Science,EQ,INE939A01011,431.0,432.0,426.5,428.2,428.5,429.8,88147,37814683.45,1814,LEGACY
2018-11-07,SUNPHARMA,Sun Pharmaceutical Industries,EQ,INE044A01036,583.0,583.6,580.0,582.3,582.3,579.35,298414,173635581.6,7371,LEGACY
2018-11-07,TORNTPHARM,Torrent Pharmaceuticals,EQ,INE685A01028,1674.0,1688.7,1656.25,1667.15,1672.0,1663.8,24634,41060459.1,1530,LEGACY
2018-11-07,WOCKPHARMA,Wockhardt,EQ,INE049B01025,509.0,513.6,506.5,510.05,509.0,508.6,139342,71116543.85,2953,LEGACY
2018-11-09,ABBOTINDIA,Abbott India,EQ,INE358A01014,7600.0,7600.0,7470.0,7524.1,7515.05,7537.15,5212,39342943.85,416,LEGACY
2018-11-09,AJANTPHARM,Ajanta Pharma,EQ,INE031B01049,1055.4,1089.7,1051.75,1077.3,1087.45,1063.4,216289,232364989.6,6947,LEGACY
2018-11-09,ALKEM,Alkem Laboratories,EQ,INE540L01014,1911.8,1928.95,1893.85,1912.75,1905.0,1900.05,30941,59032192.4,9825,LEGACY
2018-11-09,APLLTD,Alembic Pharmaceuticals,EQ,INE901L01018,596.6,600.0,588.0,590.3,594.0,590.5,11441,6798599.3,1731,LEGACY
2018-11-09,AUROPHARMA,Aurobindo Pharma,EQ,INE406A01037,796.0,817.0,795.0,815.3,816.0,794.2,3265516,2642593639.1,77011,LEGACY
2018-11-09,BIOCON,Biocon,EQ,INE376G01013,640.0,642.0,630.05,640.7,640.35,632.7,1714577,1091001424.35,35655,LEGACY
2018-11-09,CADILAHC,Cadila Healthcare,EQ,INE010B01027,350.6,362.4,350.6,360.25,359.5,355.0,787891,283078409.25,16373,LEGACY
2018-11-09,CIPLA,Cipla,EQ,INE059A01026,535.5,535.8,524.0,526.95,526.9,533.35,6125274,3231077900.7,176175,LEGACY
2018-11-09,DIVISLAB,Divi's Laboratories,EQ,INE361B01024,1504.9,1562.85,1504.0,1548.95,1538.1,1497.5,1937340,2980270943.4,67373,LEGACY
2018-11-09,DRREDDY,Dr. Reddy's Laboratories,EQ,INE089A01023,2465.0,2465.0,2389.0,2400.0,2399.95,2452.95,1002927,2421910938.9,72955,LEGACY
2018-11-09,GLAXO,GlaxoSmithKline Pharmaceuticals,EQ,INE159A01016,1396.0,1430.0,1375.0,1420.15,1414.0,1383.2,12095,16936301.75,2850,LEGACY
2018-11-09,GLENMARK,Glenmark Pharmaceuticals,EQ,INE935A01035,665.0,679.9,662.0,676.15,677.0,665.55,1392249,940877800.9,41331,LEGACY
2018-11-09,GRANULES,Granules India,EQ,INE101D01020,103.9,106.0,103.0,105.25,105.1,103.9,2045718,214495996.15,8887,LEGACY
2018-11-09,IPCALAB,IPCA Laboratories,EQ,INE571A01020,689.9,715.0,681.2,704.2,710.0,687.05,65828,45719903.35,4342,LEGACY
2018-11-09,JBCHEPHARM,JB Chemicals & Pharmaceuticals,EQ,INE572A01028,312.0,312.0,307.45,308.85,309.1,313.05,8025,2486363.45,595,LEGACY
2018-11-09,LAURUSLABS,Laurus Labs,EQ,INE947Q01010,366.5,372.1,362.3,368.0,369.3,364.7,46575,17138903.4,1868,LEGACY
2018-11-09,LUPIN,Lupin,EQ,INE326A01037,850.0,861.0,848.5,854.9,854.0,852.05,1443200,1233726311.5,49494,LEGACY
2018-11-09,NATCOPHARM,Natco Pharma,EQ,INE987B01026,759.8,767.45,753.35,757.85,755.05,757.9,237698,181320537.85,32790,LEGACY
2018-11-09,PEL,Piramal Enterprises,D1,INE140A08SX5,90000.0,90000.0,90000.0,90000.0,90000.0,87000.0,4,360000.0,2,LEGACY
2018-11-09,PEL,Piramal Enterprises,EQ,INE140A01024,2210.0,2297.35,2176.0,2290.8,2288.5,2201.45,565091,1270031804.45,37399,LEGACY
2018-11-09,PFIZER,Pfizer,EQ,INE182A01018,2929.0,2929.0,2825.0,2836.85,2825.0,2908.4,12772,36540449.4,3937,LEGACY
2018-11-09,SANOFI,Sanofi India,EQ,INE058A01010,5999.95,6200.0,5950.0,6177.8,6200.0,5994.45,20209,123201945.45,7320,LEGACY
2018-11-09,STAR,Strides Pharma Science,EQ,INE939A01011,429.0,482.0,429.0,476.8,481.0,428.2,4367046,2021045225.65,71361,LEGACY
2018-11-09,SUNPHARMA,Sun Pharmaceutical Industries,EQ,INE044A01036,587.7,604.8,583.1,597.45,595.95,582.3,6848765,4095192357.45,175680,LEGACY
2018-11-09,TORNTPHARM,Torrent Pharmaceuticals,EQ,INE685A01028,1667.95,1675.0,1631.3,1642.35,1650.0,1667.15,194934,321836949.85,12452,LEGACY
2018-11-09,WOCKPHARMA,Wockhardt,EQ,INE049B01025,510.8,529.0,509.0,521.35,519.5,510.05,1235062,644357567.0,22556,LEGACY
2018-11-12,ABBOTINDIA,Abbott India,EQ,INE358A01014,7524.05,7577.45,7450.0,7469.15,7487.95,7524.1,1338,10029935.3,419,LEGACY
2018-11-12,AJANTPHARM,Ajanta Pharma,EQ,INE031B01049,1087.0,1093.35,1066.75,1073.6,1068.2,1077.3,163859,176781345.05,7505,LEGACY
2018-11-12,ALKEM,Alkem Laboratories,EQ,INE540L01014,1912.6,1974.15,1905.0,1962.35,1960.0,1912.75,91888,179456270.9,7080,LEGACY
2018-11-12,APLLTD,Alembic Pharmaceuticals,EQ,INE901L01018,593.5,594.35,589.0,592.35,590.7,590.3,9876,5846137.35,1488,LEGACY
2018-11-12,AUROPHARMA,Aurobindo Pharma,EQ,INE406A01037,819.0,822.2,790.5,795.95,798.0,815.3,2886836,2331510889.65,69569,LEGACY
2018-11-12,BIOCON,Biocon,EQ,INE376G01013,648.3,650.0,622.95,626.15,625.5,640.7,2143170,1357594069.3,40231,LEGACY
2018-11-12,CADILAHC,Cadila Healthcare,EQ,INE010B01027,360.0,365.8,354.55,356.2,356.2,360.25,746695,268557081.2,11521,LEGACY
2018-11-12,CIPLA,Cipla,EQ,INE059A01026,530.0,541.9,529.05,531.85,530.8,526.95,7669697,4103115920.75,94167,LEGACY
2018-11-12,DIVISLAB,Divi's Laboratories,EQ,INE361B01024,1547.0,1562.95,1497.15,1511.75,1510.0,1548.95,1464492,2243693925.05,56398,LEGACY
2018-11-12,DRREDDY,Dr. Reddy's Laboratories,EQ,INE089A01023,2413.9,2437.85,2395.0,2415.55,2418.2,2400.0,487888,1179180715.15,36905,LEGACY
2018-11-12,GLAXO,GlaxoSmithKline Pharmaceuticals,EQ,INE159A01016,1408.3,1429.9,1380.5,1398.1,1385.1,1420.15,8944,12568246.75,1865,LEGACY
2018-11-12,GLENMARK,Glenmark Pharmaceuticals,EQ,INE935A01035,677.0,683.6,657.65,661.1,665.05,676.15,819350,550758478.95,23677,LEGACY
2018-11-12,GRANULES,Granules India,EQ,INE101D01020,106.0,107.25,101.7,102.4,101.75,105.25,2849400,296432144.3,12279,LEGACY
2018-11-12,IPCALAB,IPCA Laboratories,EQ,INE571A01020,705.0,715.0,695.0,711.05,705.25,704.2,39640,27855620.25,3314,LEGACY
2018-11-12,JBCHEPHARM,JB Chemicals & Pharmaceuticals,EQ,INE572A01028,307.1,313.7,300.0,307.8,307.8,308.85,26477,8089670.35,1974,LEGACY
2018-11-12,LAURUSLABS,Laurus Labs,EQ,INE947Q01010,368.95,370.0,362.0,365.65,365.15,368.0,21093,7742060.25,1031,LEGACY
2018-11-12,LUPIN,Lupin,EQ,INE326A01037,858.0,876.8,853.1,859.9,859.25,854.9,1952831,1691544432.85,43768,LEGACY
2018-11-12,NATCOPHARM,Natco Pharma,EQ,INE987B01026,760.8,768.9,745.0,748.25,746.3,757.85,178155,134764628.95,16303,LEGACY
2018-11-12,PEL,Piramal Enterprises,EQ,INE140A01024,2292.8,2339.0,2268.0,2272.95,2273.0,2290.8,425329,977566723.6,23359,LEGACY
2018-11-12,PFIZER,Pfizer,EQ,INE182A01018,2840.05,2859.85,2765.05,2806.5,2808.0,2836.85,21321,59787047.4,3083,LEGACY
2018-11-12,SANOFI,Sanofi India,EQ,INE058A01010,6217.0,6247.35,6116.1,6145.15,6125.0,6177.8,4412,27227534.8,2254,LEGACY
2018-11-12,STAR,Strides Pharma Science,EQ,INE939A01011,481.0,482.4,459.35,462.6,462.6,476.8,1160404,543344915.15,25699,LEGACY
2018-11-12,SUNPHARMA,Sun Pharmaceutical Industries,EQ,INE044A01036,600.4,601.0,587.0,589.5,588.4,597.45,4284490,2551074043.55,82495,LEGACY
2018-11-12,TORNTPHARM,Torrent Pharmaceuticals,EQ,INE685A01028,1642.0,1672.0,1632.5,1644.8,1653.0,1642.35,166248,274850169.0,13557,LEGACY
2018-11-12,WOCKPHARMA,Wockhardt,EQ,INE049B01025,527.0,578.45,527.0,567.85,564.5,521.35,7848371,4426614412.75,132648,LEGACY
2018-11-14,ABBOTINDIA,Abbott India,EQ,INE358A01014,7560.0,7617.0,7392.0,7601.4,7616.95,7517.8,9966,74888104.2,1236,LEGACY
2018-11-14,AJANTPHARM,Ajanta Pharma,EQ,INE031B01049,1082.4,1082.4,1060.2,1072.8,1075.0,1075.35,117555,125879203.1,6992,LEGACY
2018-11-14,ALKEM,Alkem Laboratories,EQ,INE540L01014,1989.0,1989.0,1919.95,1935.8,1920.5,1969.6,5325,10351102.65,999,LEGACY
2018-11-14,APLLTD,Alembic Pharmaceuticals,EQ,INE901L01018,589.1,592.05,580.55,586.25,586.6,590.55,8104,4754700.0,1072,LEGACY
2018-11-14,AUROPHARMA,Aurobindo Pharma,EQ,INE406A01037,779.8,785.0,765.95,783.1,782.0,774.7,2107907,1634219688.0,62190,LEGACY
2018-11-14,BIOCON,Biocon,EQ,INE376G01013,619.9,628.0,614.1,624.55,623.95,617.45,1384967,861861041.55,46279,LEGACY
2018-11-14,CADILAHC,Cadila Healthcare,EQ,INE010B01027,355.0,375.4,355.0,371.2,369.8,355.3,1816372,666966241.05,23672,LEGACY
2018-11-14,CIPLA,Cipla,EQ,INE059A01026,530.6,532.6,517.0,519.55,520.9,528.1,2740756,1430470270.55,47145,LEGACY
2018-11-14,DIVISLAB,Divi's Laboratories,EQ,INE361B01024,1543.35,1554.7,1484.35,1503.85,1498.55,1530.6,2290976,3484964205.5,125913,LEGACY
2018-11-14,DRREDDY,Dr. Reddy's Laboratories,EQ,INE089A01023,2449.9,2470.0,2406.8,2449.25,2455.0,2438.05,430253,1048847184.05,24606,LEGACY
2018-11-14,GLAXO,GlaxoSmithKline Pharmaceuticals,EQ,INE159A01016,1380.0,1395.0,1355.0,1366.05,1367.0,1387.75,10416,14261325.9,1637,LEGACY
2018-11-14,GLENMARK,Glenmark Pharmaceuticals,EQ,INE935A01035,684.9,684.9,641.25,655.1,654.7,676.2,1927144,1270090442.25,37097,LEGACY
2018-11-14,GRANULES,Granules India,EQ,INE101D01020,105.85,105.85,102.0,103.5,103.5,105.2,2027166,209851357.15,8041,LEGACY
2018-11-14,IPCALAB,IPCA Laboratories,EQ,INE571A01020,722.95,759.0,704.45,745.9,741.05,722.95,624195,460132550.8,16453,LEGACY
2018-11-14,JBCHEPHARM,JB Chemicals & Pharmaceuticals,EQ,INE572A01028,309.2,313.0,309.0,310.75,310.0,305.65,29326,9111712.6,2322,LEGACY
2018-11-14,LAURUSLABS,Laurus Labs,EQ,INE947Q01010,365.0,374.0,362.0,373.45,372.75,364.45,50263,18534469.5,2793,LEGACY
2018-11-14,LUPIN,Lupin,EQ,INE326A01037,858.0,860.3,831.1,840.25,840.2,853.7,1465487,1232111474.95,34896,LEGACY
2018-11-14,NATCOPHARM,Natco Pharma,EQ,INE987B01026,741.0,745.0,719.0,722.25,719.1,738.35,130918,95263615.65,14062,LEGACY
2018-11-14,PEL,Piramal Enterprises,D1,INE140A08SX5,92000.0,92000.0,90000.0,90200.0,90200.0,90000.0,23,2083400.0,5,LEGACY
2018-11-14,PEL,Piramal Enterprises,EQ,INE140A01024,2291.0,2315.0,2261.6,2288.95,2285.0,2289.2,346457,793270726.0,22202,LEGACY
2018-11-14,PFIZER,Pfizer,EQ,INE182A01018,2870.0,2887.1,2782.4,2808.75,2800.0,2861.7,28268,79976820.1,3745,LEGACY
2018-11-14,SANOFI,Sanofi India,EQ,INE058A01010,6075.0,6170.0,6050.25,6099.4,6085.0,6086.4,10864,66443236.3,5288,LEGACY
2018-11-14,STAR,Strides Pharma Science,EQ,INE939A01011,458.0,473.7,453.05,458.1,459.0,461.0,1299552,601036843.7,25432,LEGACY
2018-11-14,SUNPHARMA,Sun Pharmaceutical Industries,EQ,INE044A01036,557.2,558.8,516.0,520.1,520.8,561.75,25499010,13579794673.0,386783,LEGACY
2018-11-14,TORNTPHARM,Torrent Pharmaceuticals,EQ,INE685A01028,1685.05,1690.0,1644.0,1651.35,1646.55,1690.0,77782,129786663.9,7195,LEGACY
2018-11-14,WOCKPHARMA,Wockhardt,EQ,INE049B01025,531.95,537.9,521.55,528.05,526.5,527.7,1905449,1009025667.7,28602,LEGACY
2018-11-15,ABBOTINDIA,Abbott India,EQ,INE358A01014,7574.05,7650.0,7516.05,7606.9,7613.85,7601.4,7324,55649371.05,755,LEGACY
2018-11-15,AJANTPHARM,Ajanta Pharma,EQ,INE031B01049,1074.7,1088.35,1069.0,1083.7,1083.0,1072.8,162798,176029622.3,15083,LEGACY
2018-11-15,ALKEM,Alkem Laboratories,EQ,INE540L01014,1979.0,1979.0,1931.25,1945.15,1935.0,1935.8,26009,50676810.45,3465,LEGACY
2018-11-15,APLLTD,Alembic Pharmaceuticals,EQ,INE901L01018,585.0,590.0,575.0,580.35,575.9,586.25,31181,18239845.5,3345,LEGACY
2018-11-15,AUROPHARMA,Aurobindo Pharma,EQ,INE406A01037,782.0,792.4,776.6,780.6,778.0,783.1,1967613,1543494839.45,56172,LEGACY
2018-11-15,BIOCON,Biocon,EQ,INE376G01013,625.0,631.5,620.6,626.15,627.0,624.55,1238760,776643638.35,28828,LEGACY
2018-11-15,CADILAHC,Cadila Healthcare,EQ,INE010B01027,371.35,371.5,357.95,359.3,359.35,371.2,840344,305075936.75,15558,LEGACY
2018-11-15,CIPLA,Cipla,EQ,INE059A01026,521.9,525.0,514.45,519.15,521.8,519.55,2661535,1383652897.3,51971,LEGACY
2018-11-15,DIVISLAB,Divi's Laboratories,EQ,INE361B01024,1509.0,1548.0,1486.2,1530.8,1530.0,1503.85,1004108,1534280614.35,63556,LEGACY
2018-11-15,DRREDDY,Dr. Reddy's Laboratories,EQ,INE089A01023,2456.8,2497.95,2449.95,2461.8,2460.0,2449.25,498725,1232441411.75,30582,LEGACY
2018-11-15,GLAXO,GlaxoSmithKline Pharmaceuticals,EQ,INE159A01016,1368.0,1391.95,1322.3,1344.7,1346.0,1366.05,12781,17263617.1,2043,LEGACY
2018-11-15,GLENMARK,Glenmark Pharmaceuticals,EQ,INE935A01035,657.0,670.0,655.0,664.85,664.35,655.1,885893,587399427.8,20409,LEGACY
2018-11-15,GRANULES,Granules India,EQ,INE101D01020,103.45,104.7,101.75,102.15,102.2,103.5,1741258,179574059.45,8233,LEGACY
2018-11-15,IPCALAB,IPCA Laboratories,EQ,INE571A01020,749.95,774.0,745.25,753.1,749.2,745.9,778963,587600517.25,15481,LEGACY
2018-11-15,JBCHEPHARM,JB Chemicals & Pharmaceuticals,EQ,INE572A01028,311.25,311.25,306.05,308.65,308.05,310.75,11610,3579801.4,1160,LEGACY
2018-11-15,LAURUSLABS,Laurus Labs,EQ,INE947Q01010,373.45,384.0,373.45,382.25,384.0,373.45,21452,8143180.65,818,LEGACY
2018-11-15,LUPIN,Lupin,EQ,INE326A01037,841.0,855.0,840.2,853.75,852.5,840.25,829607,704816369.4,22710,LEGACY
2018-11-15,NATCOPHARM,Natco Pharma,EQ,INE987B01026,725.8,726.0,706.0,722.5,722.5,722.25,129456,92889245.45,14893,LEGACY
2018-11-15,PEL,Piramal Enterprises,EQ,INE140A01024,2280.1,2305.0,2262.1,2289.8,2295.0,2288.95,338865,772116948.25,13802,LEGACY
2018-11-15,PFIZER,Pfizer,EQ,INE182A01018,2800.0,2805.45,2754.8,2775.2,2770.0,2808.75,11886,33064596.75,2090,LEGACY
2018-11-15,SANOFI,Sanofi India,EQ,INE058A01010,6099.0,6231.3,6085.05,6147.5,6110.2,6099.4,9267,57096124.55,3726,LEGACY
2018-11-15,STAR,Strides Pharma Science,EQ,INE939A01011,459.0,466.4,454.1,457.75,457.45,458.1,766742,352662925.6,16436,LEGACY
2018-11-15,SUNPHARMA,Sun Pharmaceutical Industries,EQ,INE044A01036,522.0,528.0,508.1,515.1,516.15,520.1,11390206,5885906855.65,215245,LEGACY
2018-11-15,TORNTPHARM,Torrent Pharmaceuticals,EQ,INE685A01028,1653.0,1682.0,1640.0,1672.55,1673.25,1651.35,99619,166208241.3,8092,LEGACY
2018-11-15,WOCKPHARMA,Wockhardt,EQ,INE049B01025,529.0,530.0,518.55,522.6,523.4,528.05,931072,487746358.6,17885,LEGACY
2018-11-16,ABBOTINDIA,Abbott India,EQ,INE358A01014,7600.05,7650.0,7521.2,7631.7,7605.05,7606.9,6334,48031854.7,1291,LEGACY
2018-11-16,AJANTPHARM,Ajanta Pharma,EQ,INE031B01049,1095.0,1139.0,1089.55,1119.6,1119.0,1083.7,1198720,1348117619.1,90129,LEGACY
2018-11-16,ALKEM,Alkem Laboratories,EQ,INE540L01014,1915.0,1970.0,1915.0,1948.9,1950.0,1945.15,9655,18816453.2,1618,LEGACY
2018-11-16,APLLTD,Alembic Pharmaceuticals,EQ,INE901L01018,580.35,584.55,555.5,565.15,565.7,580.35,54165,30858514.45,8228,LEGACY
2018-11-16,AUROPHARMA,Aurobindo Pharma,EQ,INE406A01037,779.0,792.5,773.0,782.65,781.45,780.6,1461547,1146478213.3,66975,LEGACY
2018-11-16,BIOCON,Biocon,EQ,INE376G01013,630.0,633.95,622.5,624.95,623.65,626.15,956390,599990973.8,27467,LEGACY
2018-11-16,CADILAHC,Cadila Healthcare,EQ,INE010B01027,359.3,364.45,351.6,355.2,356.35,359.3,1169373,417749602.3,20069,LEGACY
2018-11-16,CIPLA,Cipla,EQ,INE059A01026,521.7,534.0,521.1,530.6,531.15,519.15,3483625,1845160545.8,87260,LEGACY
2018-11-16,DIVISLAB,Divi's Laboratories,EQ,INE361B01024,1530.8,1575.0,1527.6,1558.7,1561.45,1530.8,1664868,2592636729.15,79840,LEGACY
2018-11-16,DRREDDY,Dr. Reddy's Laboratories,EQ,INE089A01023,2463.0,2496.8,2442.05,2477.05,2472.9,2461.8,425810,1053329972.35,28542,LEGACY
2018-11-16,GLAXO,GlaxoSmithKline Pharmaceuticals,EQ,INE159A01016,1332.5,1359.95,1332.5,1349.8,1359.0,1344.7,10271,13818105.15,1524,LEGACY
2018-11-16,GLENMARK,Glenmark Pharmaceuticals,EQ,INE935A01035,671.2,674.0,645.4,646.95,647.0,664.85,688643,451864536.4,25774,LEGACY
2018-11-16,GRANULES,Granules India,EQ,INE101D01020,103.0,103.8,99.35,100.75,100.4,102.15,2085225,211429716.2,9066,LEGACY
2018-11-16,IPCALAB,IPCA Laboratories,EQ,INE571A01020,754.75,762.0,741.35,758.9,757.65,753.1,558857,420580523.85,45965,LEGACY
2018-11-16,JBCHEPHARM,JB Chemicals & Pharmaceuticals,EQ,INE572A01028,311.0,314.45,307.1,308.55,308.2,308.65,47266,14666705.05,2838,LEGACY
2018-11-16,LAURUSLABS,Laurus Labs,EQ,INE947Q01010,388.0,404.0,380.55,399.15,397.3,382.25,63222,25169823.05,3461,LEGACY
2018-11-16,LUPIN,Lupin,EQ,INE326A01037,857.9,869.9,855.45,864.7,862.0,853.75,1154745,997473862.3,38822,LEGACY
2018-11-16,NATCOPHARM,Natco Pharma,EQ,INE987B01026,728.8,742.6,723.1,733.5,735.25,722.5,201013,148063728.2,8764,LEGACY
2018-11-16,PEL,Piramal Enterprises,D1,INE140A08SX5,94000.0,94000.0,94000.0,94000.0,94000.0,90200.0,1,94000.0,1,LEGACY
2018-11-16,PEL,Piramal Enterprises,EQ,INE140A01024,2313.45,2369.8,2286.75,2345.4,2361.2,2289.8,401051,931095539.85,28938,LEGACY
2018-11-16,PFIZER,Pfizer,EQ,INE182A01018,2800.0,2873.9,2780.05,2835.9,2841.9,2775.2,20747,58798565.9,2780,LEGACY
2018-11-16,SANOFI,Sanofi India,EQ,INE058A01010,6098.0,6148.0,6040.0,6079.35,6080.0,6147.5,6586,40062594.25,3127,LEGACY
2018-11-16,STAR,Strides Pharma Science,EQ,INE939A01011,459.45,476.8,458.65,464.65,464.05,457.75,1411718,661794324.65,31129,LEGACY
2018-11-16,SUNPHARMA,Sun Pharmaceutical Industries,EQ,INE044A01036,518.4,525.55,513.4,519.75,520.05,515.1,5732203,2982735603.65,126436,LEGACY
2018-11-16,TORNTPHARM,Torrent Pharmaceuticals,EQ,INE685A01028,1683.95,1683.95,1644.0,1659.1,1650.7,1672.55,149914,248915004.05,12955,LEGACY
2018-11-16,WOCKPHARMA,Wockhardt,EQ,INE049B01025,525.8,537.0,520.5,525.35,522.0,522.6,1283613,679756014.9,25009,LEGACY
2018-11-19,ABBOTINDIA,Abbott India,EQ,INE358A01014,7667.95,7700.0,7551.25,7630.55,7650.0,7631.7,1610,12251482.35,454,LEGACY
2018-11-19,AJANTPHARM,Ajanta Pharma,EQ,INE031B01049,1120.0,1144.5,1097.05,1136.55,1143.75,1119.6,528235,591278645.05,42553,LEGACY
2018-11-19,ALKEM,Alkem Laboratories,EQ,INE540L01014,1949.95,1967.0,1935.55,1947.5,1940.0,1948.9,16383,32007132.0,2228,LEGACY
2018-11-19,APLLTD,Alembic Pharmaceuticals,EQ,INE901L01018,569.0,573.0,563.5,565.0,565.0,565.15,32635,18459897.45,2723,LEGACY
2018-11-19,AUROPHARMA,Aurobindo Pharma,EQ,INE406A01037,786.15,799.3,783.0,794.0,791.1,782.65,1648271,1308569521.35,67049,LEGACY
2018-11-19,BIOCON,Biocon,EQ,INE376G01013,625.3,631.7,619.65,630.05,630.7,624.95,914569,573538870.75,17461,LEGACY
2018-11-19,CADILAHC,Cadila Healthcare,EQ,INE010B01027,357.95,365.9,353.0,364.05,362.4,355.2,1108255,398065618.8,18886,LEGACY
2018-11-19,CIPLA,Cipla,EQ,INE059A01026,535.0,536.0,523.95,528.25,529.5,530.6,1913914,1013787347.85,44498,LEGACY
2018-11-19,DIVISLAB,Divi's Laboratories,EQ,INE361B01024,1565.0,1578.0,1545.0,1562.25,1565.0,1558.7,755395,1180275834.4,37461,LEGACY
2018-11-19,DRREDDY,Dr. Reddy's Laboratories,EQ,INE089A01023,2545.5,2545.6,2490.0,2528.6,2522.05,2477.05,947022,2383692453.6,50508,LEGACY
2018-11-19,GLAXO,GlaxoSmithKline Pharmaceuticals,EQ,INE159A01016,1360.0,1360.0,1328.0,1351.3,1355.0,1349.8,9775,13141254.05,1715,LEGACY
2018-11-19,GLENMARK,Glenmark Pharmaceuticals,EQ,INE935A01035,649.55,653.8,639.05,646.25,648.15,646.95,747558,482361668.9,29487,LEGACY
2018-11-19,GRANULES,Granules India,EQ,INE101D01020,101.45,102.7,100.4,102.45,102.5,100.75,1276638,129736956.05,5049,LEGACY
2018-11-19,IPCALAB,IPCA Laboratories,EQ,INE571A01020,770.0,774.05,752.0,762.4,760.9,758.9,99468,75817977.85,11889,LEGACY
2018-11-19,JBCHEPHARM,JB Chemicals & Pharmaceuticals,EQ,INE572A01028,311.8,311.8,308.05,309.5,310.55,308.55,19114,5910480.6,948,LEGACY
2018-11-19,LAURUSLABS,Laurus Labs,EQ,INE947Q01010,395.1,404.35,392.85,400.95,399.5,399.15,55168,22060920.25,1911,LEGACY
2018-11-19,LUPIN,Lupin,EQ,INE326A01037,868.0,875.0,851.7,855.5,856.1,864.7,1287405,1108222300.55,44788,LEGACY
2018-11-19,NATCOPHARM,Natco Pharma,EQ,INE987B01026,740.0,749.0,738.15,744.4,744.0,733.5,110344,82262955.85,5074,LEGACY
2018-11-19,PEL,Piramal Enterprises,EQ,INE140A01024,2355.05,2383.5,2331.05,2361.25,2355.05,2345.4,270814,637650918.65,18507,LEGACY
2018-11-19,PFIZER,Pfizer,EQ,INE182A01018,2840.0,2861.9,2815.0,2841.4,2837.0,2835.9,4956,14058665.15,877,LEGACY
2018-11-19,SANOFI,Sanofi India,EQ,INE058A01010,6099.05,6150.15,6055.0,6088.1,6066.0,6079.35,8588,52298047.45,2018,LEGACY
2018-11-19,STAR,Strides Pharma Science,EQ,INE939A01011,465.0,471.1,453.4,460.9,462.55,464.65,1059377,489253095.0,22247,LEGACY
2018-11-19,SUNPHARMA,Sun Pharmaceutical Industries,EQ,INE044A01036,525.0,533.0,519.7,531.55,531.5,519.75,5239761,2765614512.7,92227,LEGACY
2018-11-19,TORNTPHARM,Torrent Pharmaceuticals,EQ,INE685A01028,1665.0,1681.0,1656.6,1671.4,1675.0,1659.1,64023,106957514.6,5463,LEGACY
2018-11-19,WOCKPHARMA,Wockhardt,EQ,INE049B01025,528.0,532.45,522.6,526.7,525.15,525.35,655908,346101871.7,11270,LEGACY
2018-11-20,ABBOTINDIA,Abbott India,EQ,INE358A01014,7600.0,7691.0,7516.05,7619.7,7656.0,7630.55,3118,23691301.85,1457,LEGACY
2018-11-20,AJANTPHARM,Ajanta Pharma,EQ,INE031B01049,1147.0,1148.0,1099.0,1107.95,1099.55,1136.55,273737,306510468.35,24448,LEGACY
2018-11-20,ALKEM,Alkem Laboratories,EQ,INE540L01014,1940.05,1962.15,1917.2,1947.75,1935.05,1947.5,9224,17935900.3,1607,LEGACY
2018-11-20,APLLTD,Alembic Pharmaceuticals,EQ,INE901L01018,565.0,575.0,564.3,565.25,565.0,565.0,31938,18138324.75,1097,LEGACY
2018-11-20,AUROPHARMA,Aurobindo Pharma,EQ,INE406A01037,791.0,792.65,777.0,778.9,778.5,794.0,1213467,951671320.55,34545,LEGACY
2018-11-20,BIOCON,Biocon,EQ,INE376G01013,625.0,637.85,610.25,612.5,611.5,630.05,1958119,1223513672.05,35996,LEGACY
2018-11-20,CADILAHC,Cadila Healthcare,EQ,INE010B01027,361.8,364.05,352.05,355.0,355.2,364.05,764219,273661225.65,15251,LEGACY
2018-11-20,CIPLA,Cipla,EQ,INE059A01026,528.0,529.85,518.65,520.7,520.1,528.25,1707971,893857057.4,48666,LEGACY
2018-11-20,DIVISLAB,Divi's Laboratories,EQ,INE361B01024,1555.0,1569.0,1530.1,1534.3,1534.0,1562.25,508270,787596958.2,22705,LEGACY
2018-11-20,DRREDDY,Dr. Reddy's Laboratories,EQ,INE089A01023,2520.1,2520.1,2437.55,2443.15,2438.25,2528.6,541117,1335864778.1,34070,LEGACY
2018-11-20,GLAXO,GlaxoSmithKline Pharmaceuticals,EQ,INE159A01016,1360.0,1365.0,1335.1,1355.5,1364.95,1351.3,7217,9741950.85,1126,LEGACY
2018-11-20,GLENMARK,Glenmark Pharmaceuticals,EQ,INE935A01035,648.15,649.45,627.25,635.4,634.05,646.25,1053489,669026627.35,39951,LEGACY
2018-11-20,GRANULES,Granules India,EQ,INE101D01020,102.0,102.9,97.05,98.15,97.5,102.45,2023055,202013706.15,9190,LEGACY
2018-11-20,IPCALAB,IPCA Laboratories,EQ,INE571A01020,764.8,766.0,740.3,745.15,743.9,762.4,147354,111441250.8,22525,LEGACY
2018-11-20,JBCHEPHARM,JB Chemicals & Pharmaceuticals,EQ,INE572A01028,309.5,309.5,304.2,306.15,305.2,309.5,14745,4528277.55,1042,LEGACY
2018-11-20,LAURUSLABS,Laurus Labs,EQ,INE947Q01010,398.5,404.05,395.1,396.45,397.0,400.95,30298,12121812.5,2697,LEGACY
2018-11-20,LUPIN,Lupin,EQ,INE326A01037,854.55,861.45,843.0,848.6,848.6,855.5,875924,746030325.5,24443,LEGACY
2018-11-20,NATCOPHARM,Natco Pharma,EQ,INE987B01026,742.5,748.0,729.0,732.05,731.0,744.4,247216,182200678.95,3898,LEGACY
2018-11-20,PEL,Piramal Enterprises,D1,INE140A08SX5,93001.01,93001.01,93000.0,93000.0,93000.0,94000.0,5,465001.01,2,LEGACY
2018-11-20,PEL,Piramal Enterprises,EQ,INE140A01024,2332.05,2374.4,2266.85,2286.55,2283.25,2361.25,338691,785882926.15,23920,LEGACY
2018-11-20,PFIZER,Pfizer,EQ,INE182A01018,2848.75,2848.75,2793.55,2817.6,2827.2,2841.4,8245,23234235.4,1450,LEGACY
2018-11-20,SANOFI,Sanofi India,EQ,INE058A01010,6067.85,6150.0,6060.25,6119.65,6090.0,6088.1,6763,41321163.3,3921,LEGACY
2018-11-20,STAR,Strides Pharma Science,EQ,INE939A01011,456.5,465.5,454.0,459.1,459.0,460.9,516275,237470362.55,10017,LEGACY
2018-11-20,SUNPHARMA,Sun Pharmaceutical Industries,EQ,INE044A01036,530.0,532.6,521.3,525.45,524.7,531.55,3084743,1620771382.0,68700,LEGACY
2018-11-20,TORNTPHARM,Torrent Pharmaceuticals,EQ,INE685A01028,1667.9,1667.9,1635.45,1644.55,1640.25,1671.4,135209,222891853.65,7129,LEGACY
2018-11-20,WOCKPHARMA,Wockhardt,EQ,INE049B01025,523.5,535.3,509.05,513.25,513.0,526.7,1248320,652359416.25,22298,LEGACY
2018-11-21,ABBOTINDIA,Abbott India,EQ,INE358A01014,7599.95,7600.0,7526.25,7542.8,7529.0,7619.7,2540,19212960.95,505,LEGACY
2018-11-21,AJANTPHARM,Ajanta Pharma,EQ,INE031B01049,1107.95,1154.0,1098.0,1147.95,1140.9,1107.95,512233,578665486.75,29807,LEGACY
2018-11-21,ALKEM,Alkem Laboratories,EQ,INE540L01014,1936.1,1970.0,1930.0,1945.05,1940.05,1947.75,10121,19768480.7,3008,LEGACY
2018-11-21,APLLTD,Alembic Pharmaceuticals,EQ,INE901L01018,567.2,573.8,563.6,567.7,568.0,565.25,12849,7300058.75,760,LEGACY
2018-11-21,AUROPHARMA,Aurobindo Pharma,EQ,INE406A01037,779.85,807.4,779.05,803.7,803.0,778.9,2981939,2380317617.45,64271,LEGACY
2018-11-21,BIOCON,Biocon,EQ,INE376G01013,610.0,631.25,610.0,628.8,629.3,612.5,1939859,1206114863.85,41310,LEGACY
2018-11-21,CADILAHC,Cadila Healthcare,EQ,INE010B01027,355.3,360.3,352.45,358.6,357.55,355.0,562003,200647094.7,15261,LEGACY
2018-11-21,CIPLA,Cipla,EQ,INE059A01026,522.8,528.05,521.3,522.15,522.2,520.7,1749806,916905739.3,45018,LEGACY
2018-11-21,DIVISLAB,Divi's Laboratories,EQ,INE361B01024,1546.9,1552.5,1524.75,1538.6,1539.0,1534.3,841267,1296467849.25,53805,LEGACY
2018-11-21,DRREDDY,Dr. Reddy's Laboratories,EQ,INE089A01023,2608.0,2655.0,2577.15,2601.8,2600.45,2443.15,4485824,11723938808.65,197711,LEGACY
2018-11-21,GLAXO,GlaxoSmithKline Pharmaceuticals,EQ,INE159A01016,1357.9,1369.9,1335.1,1354.55,1355.0,1355.5,6687,9021460.1,1640,LEGACY
2018-11-21,GLENMARK,Glenmark Pharmaceuticals,EQ,INE935A01035,635.4,647.25,635.4,641.15,640.55,635.4,597526,383898914.85,27917,LEGACY
2018-11-21,GRANULES,Granules India,EQ,INE101D01020,98.45,99.45,94.9,95.4,95.45,98.15,3421493,329496969.75,15892,LEGACY
2018-11-21,IPCALAB,IPCA Laboratories,EQ,INE571A01020,744.8,763.8,743.6,761.4,760.1,745.15,99451,75077031.75,15380,LEGACY
2018-11-21,JBCHEPHARM,JB Chemicals & Pharmaceuticals,EQ,INE572A01028,304.55,305.85,300.0,300.85,300.05,306.15,16693,5040881.75,1211,LEGACY
2018-11-21,LAURUSLABS,Laurus Labs,EQ,INE947Q01010,400.0,400.0,392.05,398.35,399.8,396.45,9118,3617350.0,797,LEGACY
2018-11-21,LUPIN,Lupin,EQ,INE326A01037,852.5,857.55,845.5,849.55,851.05,848.6,1226962,1044066632.85,33876,LEGACY
2018-11-21,NATCOPHARM,Natco Pharma,EQ,INE987B01026,735.05,740.0,725.0,733.3,730.0,732.05,127715,93399263.65,7924,LEGACY
2018-11-21,PEL,Piramal Enterprises,EQ,INE140A01024,2286.8,2317.9,2222.25,2257.15,2265.0,2286.55,375414,850094354.2,19037,LEGACY
2018-11-21,PFIZER,Pfizer,EQ,INE182A01018,2830.0,2875.0,2767.0,2836.65,2875.0,2817.6,88425,247996468.05,2879,LEGACY
2018-11-21,SANOFI,Sanofi India,EQ,INE058A01010,6112.55,6115.0,6052.95,6065.7,6075.0,6119.65,927,5644369.75,594,LEGACY
2018-11-21,STAR,Strides Pharma Science,EQ,INE939A01011,464.7,473.6,455.5,458.65,458.7,459.1,1285939,596525888.0,26103,LEGACY
2018-11-21,SUNPHARMA,Sun Pharmaceutical Industries,EQ,INE044A01036,525.5,536.3,525.5,532.85,532.9,525.45,4029454,2142957361.65,75944,LEGACY
2018-11-21,TORNTPHARM,Torrent Pharmaceuticals,EQ,INE685A01028,1649.85,1654.8,1618.8,1632.7,1637.3,1644.55,142201,231757661.05,10221,LEGACY
2018-11-21,WOCKPHARMA,Wockhardt,EQ,INE049B01025,517.75,554.5,516.05,530.35,528.75,513.25,4198922,2254557874.6,70280,LEGACY
2018-11-22,ABBOTINDIA,Abbott India,EQ,INE358A01014,7579.95,7585.0,7270.2,7362.75,7350.0,7542.8,4344,32213112.15,833,LEGACY
2018-11-22,AJANTPHARM,Ajanta Pharma,EQ,INE031B01049,1140.0,1146.35,1097.3,1107.45,1108.0,1147.95,250639,282680094.6,12123,LEGACY
2018-11-22,ALKEM,Alkem Laboratories,EQ,INE540L01014,1945.05,1958.95,1930.0,1938.4,1955.0,1945.05,4833,9388355.1,990,LEGACY
2018-11-22,APLLTD,Alembic Pharmaceuticals,EQ,INE901L01018,568.0,570.0,555.0,558.6,564.0,567.7,13683,7695442.5,1965,LEGACY
2018-11-22,AUROPHARMA,Aurobindo Pharma,EQ,INE406A01037,804.85,804.85,786.2,789.8,790.25,803.7,1300337,1032019484.4,35778,LEGACY
2018-11-22,BIOCON,Biocon,EQ,INE376G01013,627.0,632.7,619.5,623.0,623.0,628.8,1427959,892230064.0,25423,LEGACY
2018-11-22,CADILAHC,Cadila Healthcare,EQ,INE010B01027,357.55,358.6,352.4,353.9,354.8,358.6,539456,191690564.9,12834,LEGACY
2018-11-22,CIPLA,Cipla,EQ,INE059A01026,523.0,525.0,511.75,517.95,518.2,522.15,2045318,1058507863.95,53321,LEGACY
2018-11-22,DIVISLAB,Divi's Laboratories,EQ,INE361B01024,1544.0,1573.0,1510.1,1529.3,1531.0,1538.6,1282102,1981850132.6,48143,LEGACY
2018-11-22,DRREDDY,Dr. Reddy's Laboratories,EQ,INE089A01023,2580.0,2619.7,2575.6,2608.7,2607.3,2601.8,1009204,2626270199.4,61731,LEGACY
2018-11-22,GLAXO,GlaxoSmithKline Pharmaceuticals,EQ,INE159A01016,1374.8,1374.8,1340.0,1351.15,1340.15,1354.55,4557,6166383.55,1606,LEGACY
2018-11-22,GLENMARK,Glenmark Pharmaceuticals,EQ,INE935A01035,644.3,648.65,631.35,638.4,639.0,641.15,664173,423240657.95,30370,LEGACY
2018-11-22,GRANULES,Granules India,EQ,INE101D01020,95.75,96.4,92.9,93.3,93.35,95.4,2489223,234875446.75,10226,LEGACY
2018-11-22,IPCALAB,IPCA Laboratories,EQ,INE571A01020,762.55,795.1,752.0,789.25,794.8,761.4,190433,148452442.35,12855,LEGACY
2018-11-22,JBCHEPHARM,JB Chemicals & Pharmaceuticals,EQ,INE572A01028,302.9,302.9,297.1,297.9,298.4,300.85,10629,3180849.85,541,LEGACY
2018-11-22,LAURUSLABS,Laurus Labs,EQ,INE947Q01010,398.3,398.75,382.0,388.8,384.0,398.35,25901,10169053.85,806,LEGACY
2018-11-22,LUPIN,Lupin,EQ,INE326A01037,852.0,855.9,844.5,850.7,850.25,849.55,961754,818159210.75,28760,LEGACY
2018-11-22,NATCOPHARM,Natco Pharma,EQ,INE987B01026,731.0,739.85,721.8,725.25,723.0,733.3,111985,81816255.65,5573,LEGACY
2018-11-22,PEL,Piramal Enterprises,EQ,INE140A01024,2265.15,2287.85,2235.1,2241.35,2235.65,2257.15,258477,584225074.7,12616,LEGACY
2018-11-22,PFIZER,Pfizer,EQ,INE182A01018,2844.8,2861.95,2805.0,2814.0,2815.5,2836.65,6666,18886169.95,2299,LEGACY
2018-11-22,SANOFI,Sanofi India,EQ,INE058A01010,6115.0,6115.0,5920.2,6007.9,6050.0,6065.7,3972,23990823.65,2175,LEGACY
2018-11-22,STAR,Strides Pharma Science,EQ,INE939A01011,459.85,463.0,447.95,449.45,449.9,458.65,584652,265755248.5,11279,LEGACY
2018-11-22,SUNPHARMA,Sun Pharmaceutical Industries,EQ,INE044A01036,532.5,532.5,524.75,525.95,524.85,532.85,2263069,1194465747.45,62702,LEGACY
2018-11-22,TORNTPHARM,Torrent Pharmaceuticals,EQ,INE685A01028,1635.2,1655.3,1622.35,1642.65,1648.0,1632.7,125894,207060948.35,7726,LEGACY
2018-11-22,WOCKPHARMA,Wockhardt,EQ,INE049B01025,531.95,544.8,519.1,531.95,531.0,530.35,2180188,1159569589.6,35711,LEGACY
2018-11-27,ABBOTINDIA,Abbott India,EQ,INE358A01014,7270.0,7270.0,7161.0,7189.05,7170.0,7269.5,2838,20478511.65,537,LEGACY
2018-11-27,AJANTPHARM,Ajanta Pharma,EQ,INE031B01049,1110.0,1134.95,1110.0,1117.6,1117.2,1111.45,282973,317888157.75,10544,LEGACY
2018-11-27,ALKEM,Alkem Laboratories,EQ,INE540L01014,1925.1,1938.75,1916.5,1920.1,1919.0,1920.7,13994,26928533.55,1578,LEGACY
2018-11-27,APLLTD,Alembic Pharmaceuticals,EQ,INE901L01018,569.15,575.0,559.6,561.05,561.05,562.25,49221,27928761.1,3493,LEGACY
2018-11-27,AUROPHARMA,Aurobindo Pharma,EQ,INE406A01037,798.5,807.75,778.2,787.45,784.2,796.35,2544477,2016886028.75,76687,LEGACY
2018-11-27,BIOCON,Biocon,EQ,INE376G01013,617.0,621.8,607.0,608.7,607.5,614.75,1494719,915331889.25,33316,LEGACY
2018-11-27,CADILAHC,Cadila Healthcare,EQ,INE010B01027,356.0,356.9,342.5,345.75,346.5,353.6,1513963,525660072.2,33156,LEGACY
2018-11-27,CIPLA,Cipla,EQ,INE059A01026,526.0,526.95,513.05,517.65,517.8,522.1,2100159,1089980139.4,52884,LEGACY
2018-11-27,DIVISLAB,Divi's Laboratories,EQ,INE361B01024,1513.95,1530.0,1496.1,1523.15,1518.05,1506.05,1263798,1918215708.65,118330,LEGACY
2018-11-27,DRREDDY,Dr. Reddy's Laboratories,EQ,INE089A01023,2575.0,2602.8,2542.0,2588.75,2591.0,2558.6,1047598,2695343596.65,74661,LEGACY
2018-11-27,GLAXO,GlaxoSmithKline Pharmaceuticals,EQ,INE159A01016,1336.3,1353.5,1330.0,1338.35,1343.05,1354.7,13563,18165531.3,3534,LEGACY
2018-11-27,GLENMARK,Glenmark Pharmaceuticals,EQ,INE935A01035,643.45,656.2,633.0,645.9,645.95,641.6,1190266,769537690.95,65881,LEGACY
2018-11-27,GRANULES,Granules India,EQ,INE101D01020,91.95,92.7,87.65,88.1,87.9,90.55,8043004,720597305.0,30018,LEGACY
2018-11-27,IPCALAB,IPCA Laboratories,EQ,INE571A01020,789.95,794.8,776.5,789.15,788.0,788.15,199976,157963543.65,8891,LEGACY
2018-11-27,JBCHEPHARM,JB Chemicals & Pharmaceuticals,EQ,INE572A01028,294.25,299.35,292.55,296.55,297.0,296.45,11304,3342109.5,632,LEGACY
2018-11-27,LAURUSLABS,Laurus Labs,EQ,INE947Q01010,380.0,389.95,376.1,384.85,386.9,379.8,15736,6030260.8,1535,LEGACY
2018-11-27,LUPIN,Lupin,EQ,INE326A01037,849.0,857.7,842.0,851.0,849.75,844.9,1956636,1664213104.95,74508,LEGACY
2018-11-27,NATCOPHARM,Natco Pharma,EQ,INE987B01026,722.0,728.0,715.0,717.35,716.0,725.05,96193,69329338.75,3439,LEGACY
2018-11-27,PEL,Piramal Enterprises,EQ,INE140A01024,2178.85,2214.25,2032.1,2048.35,2040.0,2178.85,868630,1823741487.1,53039,LEGACY
2018-11-27,PFIZER,Pfizer,EQ,INE182A01018,2825.0,2834.85,2775.1,2797.45,2784.0,2799.9,46485,130183956.8,4925,LEGACY
2018-11-27,SANOFI,Sanofi India,EQ,INE058A01010,6074.0,6074.0,5975.35,6002.3,6002.0,6005.1,1972,11873363.35,1219,LEGACY
2018-11-27,STAR,Strides Pharma Science,EQ,INE939A01011,453.45,461.0,441.3,447.05,446.55,453.45,1341030,602755192.9,24973,LEGACY
2018-11-27,SUNPHARMA,Sun Pharmaceutical Industries,EQ,INE044A01036,518.9,519.35,474.5,493.85,491.3,510.75,39588964,19400031924.85,567289,LEGACY
2018-11-27,TORNTPHARM,Torrent Pharmaceuticals,EQ,INE685A01028,1665.0,1665.0,1630.05,1650.45,1654.0,1647.95,111512,183739987.0,8243,LEGACY
2018-11-27,WOCKPHARMA,Wockhardt,EQ,INE049B01025,522.8,528.5,512.4,522.3,521.0,520.45,1238066,643946353.5,21805,LEGACY
2018-11-28,ABBOTINDIA,Abbott India,EQ,INE358A01014,7250.0,7250.0,7111.2,7190.25,7190.0,7189.05,5461,39278918.0,557,LEGACY
2018-11-28,AJANTPHARM,Ajanta Pharma,EQ,INE031B01049,1118.0,1129.3,1103.3,1108.85,1108.2,1117.6,155426,173184524.55,6337,LEGACY
2018-11-28,ALKEM,Alkem Laboratories,EQ,INE540L01014,1920.85,1930.0,1901.55,1919.25,1920.0,1920.1,59146,113575132.9,1801,LEGACY
2018-11-28,APLLTD,Alembic Pharmaceuticals,EQ,INE901L01018,555.45,571.85,555.45,562.6,563.3,561.05,23096,12970720.05,3254,LEGACY
2018-11-28,AUROPHARMA,Aurobindo Pharma,EQ,INE406A01037,785.25,791.5,778.7,790.0,788.3,787.45,1559009,1226603594.35,64394,LEGACY
2018-11-28,BIOCON,Biocon,EQ,INE376G01013,609.45,609.45,591.2,597.7,599.0,608.7,2083231,1246532483.6,48266,LEGACY
2018-11-28,CADILAHC,Cadila Healthcare,EQ,INE010B01027,347.2,349.65,342.0,343.8,342.65,345.75,944026,326515352.8,24215,LEGACY
2018-11-28,CIPLA,Cipla,EQ,INE059A01026,519.2,523.95,513.6,515.3,515.4,517.65,2003272,1037586902.45,57637,LEGACY
2018-11-28,DIVISLAB,Divi's Laboratories,EQ,INE361B01024,1520.0,1525.65,1467.0,1480.1,1480.0,1523.15,772057,1150314638.6,50706,LEGACY
2018-11-28,DRREDDY,Dr. Reddy's Laboratories,EQ,INE089A01023,2595.0,2595.35,2547.75,2572.3,2572.35,2588.75,644293,1653027941.45,52033,LEGACY
2018-11-28,GLAXO,GlaxoSmithKline Pharmaceuticals,EQ,INE159A01016,1342.35,1345.65,1313.0,1324.1,1315.0,1338.35,12245,16289012.55,4420,LEGACY
2018-11-28,GLENMARK,Glenmark Pharmaceuticals,EQ,INE935A01035,647.0,653.0,643.0,648.7,647.0,645.9,548137,355405994.15,33484,LEGACY
2018-11-28,GRANULES,Granules India,EQ,INE101D01020,88.4,88.5,84.3,85.65,86.0,88.1,7088591,611727163.55,23309,LEGACY
2018-11-28,IPCALAB,IPCA Laboratories,EQ,INE571A01020,799.9,799.9,780.05,789.55,787.5,789.15,57179,45122647.55,5645,LEGACY
2018-11-28,JBCHEPHARM,JB Chemicals & Pharmaceuticals,EQ,INE572A01028,296.95,296.95,289.1,289.65,289.4,296.55,67963,19875517.55,2124,LEGACY
2018-11-28,LAURUSLABS,Laurus Labs,EQ,INE947Q01010,385.9,388.65,366.25,375.2,374.6,384.85,44580,16803857.8,2489,LEGACY
2018-11-28,LUPIN,Lupin,EQ,INE326A01037,832.0,870.0,830.0,866.6,866.8,851.0,4459561,3817423478.5,151997,LEGACY
2018-11-28,NATCOPHARM,Natco Pharma,EQ,INE987B01026,716.05,719.7,710.2,714.2,714.9,717.35,114895,82092604.9,3462,LEGACY
2018-11-28,PEL,Piramal Enterprises,EQ,INE140A01024,2025.0,2114.4,2017.4,2100.4,2105.0,2048.35,1142105,2372073785.7,59703,LEGACY
2018-11-28,PFIZER,Pfizer,EQ,INE182A01018,2811.0,2811.0,2759.0,2772.5,2760.0,2797.45,15020,41818485.1,2896,LEGACY
2018-11-28,SANOFI,Sanofi India,EQ,INE058A01010,6050.0,6050.0,5964.75,5981.45,5965.0,6002.3,1784,10697416.2,961,LEGACY
2018-11-28,STAR,Strides Pharma Science,EQ,INE939A01011,448.0,452.5,437.65,443.8,443.0,447.05,849075,378385533.8,14205,LEGACY
2018-11-28,SUNPHARMA,Sun Pharmaceutical Industries,EQ,INE044A01036,489.0,502.4,481.5,486.0,485.6,493.85,11393583,5592617208.2,167625,LEGACY
2018-11-28,TORNTPHARM,Torrent Pharmaceuticals,EQ,INE685A01028,1655.0,1700.0,1634.0,1694.05,1692.0,1650.45,166582,279416701.2,13972,LEGACY
2018-11-28,WOCKPHARMA,Wockhardt,EQ,INE049B01025,522.8,526.1,508.5,516.55,518.2,522.3,917954,474938000.2,15453,LEGACY
2018-11-29,ABBOTINDIA,Abbott India,EQ,INE358A01014,7262.15,7379.0,7198.15,7365.45,7350.0,7190.25,3257,23804385.75,608,LEGACY
2018-11-29,AJANTPHARM,Ajanta Pharma,EQ,INE031B01049,1110.1,1129.9,1105.2,1120.5,1119.0,1108.85,193413,216439196.85,9508,LEGACY
2018-11-29,ALKEM,Alkem Laboratories,EQ,INE540L01014,1929.0,1934.95,1836.8,1893.0,1877.0,1919.25,148800,280382900.55,10668,LEGACY
2018-11-29,APLLTD,Alembic Pharmaceuticals,EQ,INE901L01018,564.75,572.0,559.75,571.15,571.5,562.6,20540,11646899.5,4278,LEGACY
2018-11-29,AUROPHARMA,Aurobindo Pharma,EQ,INE406A01037,789.8,805.9,788.35,792.15,791.75,790.0,2521002,2007550926.1,76073,LEGACY
2018-11-29,BIOCON,Biocon,EQ,INE376G01013,598.0,610.55,590.65,602.4,603.1,597.7,2575141,1553863091.05,51208,LEGACY
2018-11-29,CADILAHC,Cadila Healthcare,EQ,INE010B01027,345.0,360.3,341.65,356.9,357.15,343.8,2821212,997040640.45,43411,LEGACY
2018-11-29,CIPLA,Cipla,EQ,INE059A01026,518.0,526.4,516.0,524.7,525.5,515.3,2799578,1464929133.15,43567,LEGACY
2018-11-29,DIVISLAB,Divi's Laboratories,EQ,INE361B01024,1485.0,1490.6,1445.4,1456.55,1457.55,1480.1,1613812,2354282113.55,72728,LEGACY
2018-11-29,DRREDDY,Dr. Reddy's Laboratories,EQ,INE089A01023,2584.0,2666.7,2575.1,2655.3,2653.45,2572.3,1048293,2744275397.0,59507,LEGACY
2018-11-29,GLAXO,GlaxoSmithKline Pharmaceuticals,EQ,INE159A01016,1339.95,1351.9,1326.0,1342.25,1341.1,1324.1,9358,12509695.15,2659,LEGACY
2018-11-29,GLENMARK,Glenmark Pharmaceuticals,EQ,INE935A01035,650.1,655.0,633.2,637.25,642.5,648.7,1094871,704721223.15,47024,LEGACY
2018-11-29,GRANULES,Granules India,EQ,INE101D01020,86.05,89.45,85.2,88.65,89.0,85.65,4991608,438425605.55,18187,LEGACY
2018-11-29,IPCALAB,IPCA Laboratories,EQ,INE571A01020,785.1,810.0,775.0,787.25,777.35,789.55,106227,84730629.45,5487,LEGACY
2018-11-29,JBCHEPHARM,JB Chemicals & Pharmaceuticals,EQ,INE572A01028,290.4,296.75,272.3,294.6,295.0,289.65,45913,13238382.0,1423,LEGACY
2018-11-29,LAURUSLABS,Laurus Labs,EQ,INE947Q01010,374.8,380.0,371.5,375.3,375.0,375.2,11320,4245614.15,760,LEGACY
2018-11-29,LUPIN,Lupin,EQ,INE326A01037,867.0,894.0,861.3,868.25,864.3,866.6,4806533,4222569572.75,101795,LEGACY
2018-11-29,NATCOPHARM,Natco Pharma,EQ,INE987B01026,715.2,718.0,704.75,714.3,711.8,714.2,187201,133179000.3,10301,LEGACY
2018-11-29,PEL,Piramal Enterprises,EQ,INE140A01024,2112.0,2188.55,2110.0,2158.0,2146.0,2100.4,806960,1742291909.75,39722,LEGACY
2018-11-29,PFIZER,Pfizer,EQ,INE182A01018,2772.0,2800.0,2750.0,2773.4,2765.0,2772.5,14245,39508164.35,3569,LEGACY
2018-11-29,SANOFI,Sanofi India,EQ,INE058A01010,5985.0,6155.25,5960.1,6068.85,6011.0,5981.45,9264,56047534.65,4600,LEGACY
2018-11-29,STAR,Strides Pharma Science,EQ,INE939A01011,444.0,455.95,441.0,453.85,454.5,443.8,767926,344410805.55,13502,LEGACY
2018-11-29,SUNPHARMA,Sun Pharmaceutical Industries,EQ,INE044A01036,489.0,491.45,478.7,484.4,484.5,486.0,7391256,3581895290.15,111454,LEGACY
2018-11-29,TORNTPHARM,Torrent Pharmaceuticals,EQ,INE685A01028,1692.0,1725.0,1688.0,1714.6,1725.0,1694.05,349391,596641725.9,17479,LEGACY
2018-11-29,WOCKPHARMA,Wockhardt,EQ,INE049B01025,519.15,531.9,514.3,528.8,528.0,516.55,1124665,589975403.25,21461,LEGACY
2018-11-30,ABBOTINDIA,Abbott India,EQ,INE358A01014,7380.1,7473.0,7305.15,7420.15,7454.0,7365.45,2451,18111959.2,529,LEGACY
2018-11-30,AJANTPHARM,Ajanta Pharma,EQ,INE031B01049,1120.0,1190.0,1115.1,1168.55,1180.0,1120.5,597093,689748996.15,21949,LEGACY
2018-11-30,ALKEM,Alkem Laboratories,EQ,INE540L01014,1860.0,1919.95,1852.0,1912.65,1911.0,1893.0,86680,163218353.2,6699,LEGACY
2018-11-30,APLLTD,Alembic Pharmaceuticals,EQ,INE901L01018,571.5,639.9,567.15,617.45,630.0,571.15,166448,99734798.8,16921,LEGACY
2018-11-30,AUROPHARMA,Aurobindo Pharma,EQ,INE406A01037,788.0,814.95,788.0,810.7,809.45,792.15,4207727,3388415519.45,104665,LEGACY
2018-11-30,BIOCON,Biocon,EQ,INE376G01013,606.0,626.4,602.65,624.35,624.1,602.4,2588196,1598779744.4,53309,LEGACY
2018-11-30,CADILAHC,Cadila Healthcare,EQ,INE010B01027,356.0,367.45,354.35,365.3,363.9,356.9,1222488,442463423.75,26874,LEGACY
2018-11-30,CIPLA,Cipla,EQ,INE059A01026,528.0,542.0,527.0,540.85,540.6,524.7,3855382,2066747833.25,79121,LEGACY
2018-11-30,DIVISLAB,Divi's Laboratories,EQ,INE361B01024,1461.0,1481.1,1420.0,1439.35,1427.0,1456.55,12273274,17687466876.1,172297,LEGACY
2018-11-30,DRREDDY,Dr. Reddy's Laboratories,EQ,INE089A01023,2661.0,2734.55,2657.05,2722.2,2730.0,2655.3,1491828,4030210521.7,82889,LEGACY
2018-11-30,GLAXO,GlaxoSmithKline Pharmaceuticals,EQ,INE159A01016,1346.9,1377.55,1340.1,1360.5,1362.0,1342.25,11965,16251510.15,3900,LEGACY
2018-11-30,GLENMARK,Glenmark Pharmaceuticals,EQ,INE935A01035,640.45,655.55,640.45,653.15,654.6,637.25,1936061,1259776554.2,75378,LEGACY
2018-11-30,GRANULES,Granules India,EQ,INE101D01020,89.9,89.9,87.2,88.65,88.3,88.65,1921210,170362608.25,11359,LEGACY
2018-11-30,IPCALAB,IPCA Laboratories,EQ,INE571A01020,781.95,805.0,774.0,796.45,795.0,787.25,196017,156224751.95,8778,LEGACY
2018-11-30,JBCHEPHARM,JB Chemicals & Pharmaceuticals,EQ,INE572A01028,291.0,301.0,291.0,298.55,300.9,294.6,24740,7332379.05,1454,LEGACY
2018-11-30,LAURUSLABS,Laurus Labs,EQ,INE947Q01010,378.0,386.95,374.55,384.0,383.0,375.3,24005,9204985.55,1256,LEGACY
2018-11-30,LUPIN,Lupin,EQ,INE326A01037,870.0,891.6,866.0,886.75,881.3,868.25,2419585,2134072531.3,73676,LEGACY
2018-11-30,NATCOPHARM,Natco Pharma,EQ,INE987B01026,715.0,715.0,707.7,714.6,714.0,714.3,214312,152916848.6,14144,LEGACY
2018-11-30,PEL,Piramal Enterprises,EQ,INE140A01024,2169.0,2224.0,2153.0,2200.0,2200.05,2158.0,567024,1243545671.25,34692,LEGACY
2018-11-30,PFIZER,Pfizer,EQ,INE182A01018,2776.35,2800.0,2711.0,2734.0,2711.0,2773.4,23102,63717289.0,7242,LEGACY
2018-11-30,SANOFI,Sanofi India,EQ,INE058A01010,6066.95,6253.1,5998.0,6156.25,6247.0,6068.85,9019,54842708.7,4648,LEGACY
2018-11-30,STAR,Strides Pharma Science,EQ,INE939A01011,453.9,490.9,453.85,485.65,487.0,453.85,3366756,1602449837.1,57248,LEGACY
2018-11-30,SUNPHARMA,Sun Pharmaceutical Industries,EQ,INE044A01036,486.95,493.95,481.75,492.6,490.8,484.4,6544665,3194904645.2,120525,LEGACY
2018-11-30,TORNTPHARM,Torrent Pharmaceuticals,EQ,INE685A01028,1714.6,1780.0,1690.0,1773.8,1772.0,1714.6,380252,668525298.75,19908,LEGACY
2018-11-30,WOCKPHARMA,Wockhardt,EQ,INE049B01025,527.2,544.0,524.2,542.25,542.95,528.8,1379958,739395922.4,26021,LEGACY
2018-12-03,ABBOTINDIA,Abbott India,EQ,INE358A01014,7453.95,7839.7,7355.0,7775.55,7809.0,7420.15,8024,61261985.0,1824,LEGACY
2018-12-03,AJANTPHARM,Ajanta Pharma,EQ,INE031B01049,1175.85,1185.0,1150.0,1155.6,1152.25,1168.55,317230,370654027.55,12008,LEGACY
2018-12-03,ALKEM,Alkem Laboratories,EQ,INE540L01014,1912.0,1920.0,1872.0,1902.65,1900.0,1912.65,59256,112599290.45,5508,LEGACY
2018-12-03,APLLTD,Alembic Pharmaceuticals,EQ,INE901L01018,631.0,638.0,614.5,616.2,615.0,617.45,79701,49758606.1,5438,LEGACY
2018-12-03,AUROPHARMA,Aurobindo Pharma,EQ,INE406A01037,812.0,816.0,799.4,804.85,800.85,810.7,2534907,2048955020.75,59318,LEGACY
2018-12-03,BIOCON,Biocon,EQ,INE376G01013,632.0,632.55,615.0,616.2,615.5,624.35,1993303,1237003700.7,54125,LEGACY
2018-12-03,CADILAHC,Cadila Healthcare,EQ,INE010B01027,369.0,369.0,353.55,356.8,358.05,365.3,1432872,517292800.6,21269,LEGACY
2018-12-03,CIPLA,Cipla,EQ,INE059A01026,542.0,545.4,534.1,535.8,536.3,540.85,2033213,1096730349.1,32879,LEGACY
2018-12-03,DIVISLAB,Divi's Laboratories,EQ,INE361B01024,1424.7,1469.9,1420.05,1456.75,1457.6,1439.35,952050,1381123750.2,33561,LEGACY
2018-12-03,DRREDDY,Dr. Reddy's Laboratories,EQ,INE089A01023,2738.6,2742.6,2652.45,2667.9,2675.0,2722.2,983834,2648387132.2,50962,LEGACY
2018-12-03,GLAXO,GlaxoSmithKline Pharmaceuticals,EQ,INE159A01016,1360.0,1415.5,1338.3,1381.0,1402.0,1360.5,26552,36177826.05,8455,LEGACY
2018-12-03,GLENMARK,Glenmark Pharmaceuticals,EQ,INE935A01035,655.9,667.75,617.25,621.7,620.45,653.15,2178887,1401165320.6,79533,LEGACY
2018-12-03,GRANULES,Granules India,EQ,INE101D01020,89.0,89.0,86.55,86.95,87.25,88.65,1247174,108825915.35,5962,LEGACY
2018-12-03,IPCALAB,IPCA Laboratories,EQ,INE571A01020,800.0,810.0,792.0,804.5,802.05,796.45,441189,352151543.7,4793,LEGACY
2018-12-03,JBCHEPHARM,JB Chemicals & Pharmaceuticals,EQ,INE572A01028,296.0,303.5,296.0,301.45,301.15,298.55,218393,65540498.1,1716,LEGACY
2018-12-03,LAURUSLABS,Laurus Labs,EQ,INE947Q01010,386.7,400.0,386.5,390.25,390.9,384.0,45174,17718624.15,1882,LEGACY
2018-12-03,LUPIN,Lupin,EQ,INE326A01037,886.55,905.0,870.25,901.3,904.3,886.75,2378359,2120132476.7,67581,LEGACY
2018-12-03,NATCOPHARM,Natco Pharma,EQ,INE987B01026,723.0,724.7,708.0,711.85,709.25,714.6,286010,205412456.0,13195,LEGACY
2018-12-03,PEL,Piramal Enterprises,EQ,INE140A01024,2220.0,2235.0,2170.4,2199.6,2196.45,2200.0,369114,813904012.15,23092,LEGACY
2018-12-03,PFIZER,Pfizer,EQ,INE182A01018,2718.0,2789.5,2715.0,2767.35,2759.0,2734.0,22887,62798827.8,2717,LEGACY
2018-12-03,SANOFI,Sanofi India,EQ,INE058A01010,6204.75,6348.0,6175.1,6249.6,6220.0,6156.25,4718,29546019.85,1959,LEGACY
2018-12-03,STAR,Strides Pharma Science,EQ,INE939A01011,488.0,489.0,471.4,475.45,474.75,485.65,1291044,617764051.6,33382,LEGACY
2018-12-03,SUNPHARMA,Sun Pharmaceutical Industries,EQ,INE044A01036,450.0,461.0,441.15,455.4,455.4,492.6,61492013,27844647919.0,580550,LEGACY
2018-12-03,TORNTPHARM,Torrent Pharmaceuticals,EQ,INE685A01028,1784.85,1801.9,1742.5,1753.1,1751.05,1773.8,414965,735592225.35,36774,LEGACY
2018-12-03,WOCKPHARMA,Wockhardt,EQ,INE049B01025,546.0,546.0,530.0,538.15,540.85,542.25,1264687,682248252.45,20839,LEGACY
2018-12-04,ABBOTINDIA,Abbott India,EQ,INE358A01014,7800.0,7899.8,7634.85,7752.4,7750.0,7775.55,6034,47179805.35,1998,LEGACY
2018-12-04,AJANTPHARM,Ajanta Pharma,EQ,INE031B01049,1155.15,1176.0,1125.1,1135.7,1131.95,1155.6,287818,331055218.65,14242,LEGACY
2018-12-04,ALKEM,Alkem Laboratories,EQ,INE540L01014,1899.0,1950.0,1893.05,1907.75,1906.9,1902.65,53182,102429592.9,5850,LEGACY
2018-12-04,APLLTD,Alembic Pharmaceuticals,EQ,INE901L01018,616.2,625.0,612.55,615.95,616.9,616.2,27994,17292252.05,1969,LEGACY
2018-12-04,AUROPHARMA,Aurobindo Pharma,EQ,INE406A01037,802.0,830.45,798.15,823.55,821.0,804.85,5705645,4680596902.9,133075,LEGACY
2018-12-04,BIOCON,Biocon,EQ,INE376G01013,616.9,630.3,615.0,623.6,623.95,616.2,1637312,1023788186.1,32714,LEGACY
2018-12-04,CADILAHC,Cadila Healthcare,EQ,INE010B01027,357.9,363.3,347.05,353.3,353.3,356.8,1195054,424606596.1,21488,LEGACY
2018-12-04,CIPLA,Cipla,EQ,INE059A01026,536.0,549.0,535.05,546.45,545.35,535.8,3400053,1853739510.75,63592,LEGACY
2018-12-04,DIVISLAB,Divi's Laboratories,EQ,INE361B01024,1462.3,1499.9,1451.35,1493.1,1498.2,1456.75,1136996,1687093929.0,61931,LEGACY
2018-12-04,DRREDDY,Dr. Reddy's Laboratories,EQ,INE089A01023,2688.0,2718.85,2681.8,2704.05,2704.0,2667.9,915453,2475364669.4,61577,LEGACY
2018-12-04,GLAXO,GlaxoSmithKline Pharmaceuticals,EQ,INE159A01016,1401.0,1448.85,1375.0,1395.85,1397.7,1381.0,24529,34576676.65,2812,LEGACY
2018-12-04,GLENMARK,Glenmark Pharmaceuticals,EQ,INE935A01035,621.7,631.9,610.1,619.75,619.0,621.7,3300878,2044918248.8,109465,LEGACY
2018-12-04,GRANULES,Granules India,EQ,INE101D01020,86.85,87.85,85.6,86.0,85.9,86.95,1210946,104706541.4,6760,LEGACY
2018-12-04,IPCALAB,IPCA Laboratories,EQ,INE571A01020,803.9,805.0,792.85,797.95,793.95,804.5,84809,67793458.45,7189,LEGACY
2018-12-04,JBCHEPHARM,JB Chemicals & Pharmaceuticals,EQ,INE572A01028,297.1,320.0,297.1,303.8,306.0,301.45,495262,151146118.6,2347,LEGACY
2018-12-04,LAURUSLABS,Laurus Labs,EQ,INE947Q01010,393.95,393.95,381.25,384.15,383.0,390.25,9866,3799994.3,788,LEGACY
2018-12-04,LUPIN,Lupin,EQ,INE326A01037,901.0,906.0,878.3,887.65,888.0,901.3,1450362,1293088315.0,39466,LEGACY
2018-12-04,NATCOPHARM,Natco Pharma,EQ,INE987B01026,710.0,718.0,709.0,714.6,715.0,711.85,186560,133057409.35,9683,LEGACY
2018-12-04,PEL,Piramal Enterprises,EQ,INE140A01024,2190.0,2208.0,2171.05,2196.6,2196.6,2199.6,360285,790213357.3,17165,LEGACY
2018-12-04,PFIZER,Pfizer,EQ,INE182A01018,2767.35,2780.0,2720.25,2762.45,2745.0,2767.35,19069,52595762.15,3652,LEGACY
2018-12-04,SANOFI,Sanofi India,EQ,INE058A01010,6298.0,6298.0,6142.6,6181.7,6145.0,6249.6,3643,22539061.0,1208,LEGACY
2018-12-04,STAR,Strides Pharma Science,EQ,INE939A01011,472.5,488.8,458.0,460.25,462.0,475.45,2511074,1189911316.65,58439,LEGACY
2018-12-04,SUNPHARMA,Sun Pharmaceutical Industries,EQ,INE044A01036,457.75,464.7,441.55,442.9,443.0,455.4,36233775,16343140922.15,398393,LEGACY
2018-12-04,TORNTPHARM,Torrent Pharmaceuticals,EQ,INE685A01028,1757.6,1781.75,1732.7,1740.65,1738.1,1753.1,204191,358142221.85,9729,LEGACY
2018-12-04,WOCKPHARMA,Wockhardt,EQ,INE049B01025,539.8,551.5,523.05,526.25,526.5,538.15,1919936,1031369189.35,33496,LEGACY
2018-12-05,ABBOTINDIA,Abbott India,EQ,INE358A01014,7753.0,7755.05,7575.75,7656.95,7660.0,7752.4,3007,23049930.85,876,LEGACY
2018-12-05,AJANTPHARM,Ajanta Pharma,EQ,INE031B01049,1134.45,1147.45,1078.0,1098.2,1100.0,1135.7,353209,395736755.35,15905,LEGACY
2018-12-05,ALKEM,Alkem Laboratories,EQ,INE540L01014,1891.05,1935.0,1891.05,1916.15,1901.0,1907.75,11232,21412137.5,1865,LEGACY
2018-12-05,APLLTD,Alembic Pharmaceuticals,EQ,INE901L01018,610.0,635.0,610.0,621.1,619.15,615.95,81337,50818685.95,4739,LEGACY
2018-12-05,AUROPHARMA,Aurobindo Pharma,EQ,INE406A01037,821.0,826.8,792.0,796.35,795.8,823.55,3374742,2728311318.85,86592,LEGACY
2018-12-05,BIOCON,Biocon,EQ,INE376G01013,620.9,630.0,619.45,625.45,625.4,623.6,1649496,1031911162.9,34522,LEGACY
2018-12-05,CADILAHC,Cadila Healthcare,EQ,INE010B01027,355.5,363.5,354.5,358.45,358.2,353.3,1687420,606667943.15,38220,LEGACY
2018-12-05,CIPLA,Cipla,EQ,INE059A01026,546.0,548.9,525.3,528.45,530.0,546.45,2192065,1173417759.65,73902,LEGACY
2018-12-05,DIVISLAB,Divi's Laboratories,EQ,INE361B01024,1490.1,1502.8,1463.05,1480.35,1483.2,1493.1,838036,1242741326.0,38607,LEGACY
2018-12-05,DRREDDY,Dr. Reddy's Laboratories,EQ,INE089A01023,2696.0,2713.95,2646.6,2671.65,2673.05,2704.05,447631,1201857404.4,29477,LEGACY
2018-12-05,GLAXO,GlaxoSmithKline Pharmaceuticals,EQ,INE159A01016,1399.35,1400.0,1360.35,1376.4,1370.0,1395.85,9623,13224799.3,2371,LEGACY
2018-12-05,GLENMARK,Glenmark Pharmaceuticals,EQ,INE935A01035,616.2,631.0,615.25,626.75,625.8,619.75,1208374,755389769.7,35154,LEGACY
2018-12-05,GRANULES,Granules India,EQ,INE101D01020,85.9,87.8,84.8,86.65,86.7,86.0,1395345,120012014.9,6298,LEGACY
2018-12-05,IPCALAB,IPCA Laboratories,EQ,INE571A01020,784.3,801.95,784.3,795.8,795.0,797.95,93560,74594806.95,8949,LEGACY
2018-12-05,JBCHEPHARM,JB Chemicals & Pharmaceuticals,EQ,INE572A01028,307.0,307.0,300.0,302.1,300.0,303.8,4075,1234258.3,226,LEGACY
2018-12-05,LAURUSLABS,Laurus Labs,EQ,INE947Q01010,386.4,386.45,375.0,378.25,377.0,384.15,8577,3247436.2,501,LEGACY
2018-12-05,LUPIN,Lupin,EQ,INE326A01037,888.0,889.8,848.0,859.35,858.45,887.65,3255984,2817979160.85,78467,LEGACY
2018-12-05,NATCOPHARM,Natco Pharma,EQ,INE987B01026,718.9,728.8,715.5,719.35,720.0,714.6,225752,162636332.95,22930,LEGACY
2018-12-05,PEL,Piramal Enterprises,EQ,INE140A01024,2185.0,2201.15,2136.3,2165.35,2165.0,2196.6,330276,717252240.45,19471,LEGACY
2018-12-05,PFIZER,Pfizer,EQ,INE182A01018,2758.0,2778.9,2718.0,2771.6,2761.15,2762.45,29671,81933139.45,3104,LEGACY
2018-12-05,SANOFI,Sanofi India,EQ,INE058A01010,6181.7,6246.95,6143.95,6198.6,6200.0,6181.7,4144,25733168.3,1923,LEGACY
2018-12-05,STAR,Strides Pharma Science,EQ,INE939A01011,459.0,471.5,449.05,469.75,468.5,460.25,2217388,1028345669.15,37515,LEGACY
2018-12-05,SUNPHARMA,Sun Pharmaceutical Industries,EQ,INE044A01036,443.0,445.25,401.5,412.95,417.2,442.9,48891969,20763344952.55,545385,LEGACY
2018-12-05,TORNTPHARM,Torrent Pharmaceuticals,EQ,INE685A01028,1732.0,1750.0,1692.9,1722.3,1725.0,1740.65,120151,208400115.55,5300,LEGACY
2018-12-05,WOCKPHARMA,Wockhardt,EQ,INE049B01025,524.0,535.45,510.5,517.45,518.0,526.25,1328509,693733658.05,21021,LEGACY
2018-12-06,ABBOTINDIA,Abbott India,EQ,INE358A01014,7665.45,7685.0,7485.0,7504.05,7500.0,7656.95,1530,11565732.1,706,LEGACY
2018-12-06,AJANTPHARM,Ajanta Pharma,EQ,INE031B01049,1097.5,1107.0,1074.0,1090.65,1095.0,1098.2,204218,223412347.8,10892,LEGACY
2018-12-06,ALKEM,Alkem Laboratories,EQ,INE540L01014,1901.1,1925.0,1889.0,1908.85,1890.0,1916.15,282834,535443807.9,8125,LEGACY
2018-12-06,APLLTD,Alembic Pharmaceuticals,EQ,INE901L01018,621.1,623.05,613.6,620.1,620.0,621.1,67817,41755418.85,2324,LEGACY
2018-12-06,AUROPHARMA,Aurobindo Pharma,EQ,INE406A01037,795.0,795.0,750.0,752.35,750.3,796.35,5320072,4069257883.35,146243,LEGACY
2018-12-06,BIOCON,Biocon,EQ,INE376G01013,622.0,624.95,603.05,605.15,604.0,625.45,1237493,754680465.3,33266,LEGACY
2018-12-06,CADILAHC,Cadila Healthcare,EQ,INE010B01027,356.65,358.05,350.25,355.8,353.65,358.45,775206,274769711.45,18356,LEGACY
2018-12-06,CIPLA,Cipla,EQ,INE059A01026,528.0,528.0,511.0,515.3,516.7,528.45,2562048,1327241883.2,71355,LEGACY
2018-12-06,DIVISLAB,Divi's Laboratories,EQ,INE361B01024,1480.0,1490.0,1446.2,1459.4,1457.0,1480.35,679445,993995364.15,53178,LEGACY
2018-12-06,DRREDDY,Dr. Reddy's Laboratories,EQ,INE089A01023,2671.0,2681.0,2621.15,2641.2,2642.0,2671.65,515153,1362774136.0,38038,LEGACY
2018-12-06,GLAXO,GlaxoSmithKline Pharmaceuticals,EQ,INE159A01016,1356.0,1364.85,1345.05,1355.1,1362.95,1376.4,8499,11499577.3,2991,LEGACY
2018-12-06,GLENMARK,Glenmark Pharmaceuticals,EQ,INE935A01035,621.3,629.0,616.0,625.5,625.55,626.75,965058,601720866.5,33687,LEGACY
2018-12-06,GRANULES,Granules India,EQ,INE101D01020,85.3,86.1,84.5,84.95,84.9,86.65,919569,78413588.6,9135,LEGACY
2018-12-06,IPCALAB,IPCA Laboratories,EQ,INE571A01020,795.0,795.7,765.5,778.4,777.1,795.8,169338,131819847.9,13930,LEGACY
2018-12-06,JBCHEPHARM,JB Chemicals & Pharmaceuticals,EQ,INE572A01028,302.15,305.0,299.85,302.0,303.25,302.1,14517,4367619.55,561,LEGACY
2018-12-06,LAURUSLABS,Laurus Labs,EQ,INE947Q01010,377.0,379.45,365.4,375.6,373.05,378.25,11088,4146313.4,700,LEGACY
2018-12-06,LUPIN,Lupin,EQ,INE326A01037,852.0,869.0,845.4,847.0,847.05,859.35,1720427,1470094317.4,47757,LEGACY
2018-12-06,NATCOPHARM,Natco Pharma,EQ,INE987B01026,717.0,723.95,707.0,710.95,709.95,719.35,191268,136786899.15,25123,LEGACY
2018-12-06,PEL,Piramal Enterprises,EQ,INE140A01024,2135.1,2154.55,2090.0,2102.85,2095.0,2165.35,323316,682804804.9,21143,LEGACY
2018-12-06,PFIZER,Pfizer,EQ,INE182A01018,2760.0,2780.0,2731.0,2765.55,2766.95,2771.6,23587,65085562.9,5198,LEGACY
2018-12-06,SANOFI,Sanofi India,EQ,INE058A01010,6189.65,6200.0,6115.3,6199.55,6200.0,6198.6,10751,66582538.4,2047,LEGACY
2018-12-06,STAR,Strides Pharma Science,EQ,INE939A01011,464.8,466.8,446.2,449.85,448.1,469.75,1160512,526985495.15,21511,LEGACY
2018-12-06,SUNPHARMA,Sun Pharmaceutical Industries,EQ,INE044A01036,416.0,431.5,413.0,420.15,417.55,412.95,56087131,23697188143.7,578302,LEGACY
2018-12-06,TORNTPHARM,Torrent Pharmaceuticals,EQ,INE685A01028,1715.0,1732.3,1684.0,1693.25,1684.05,1722.3,102428,174333453.7,8969,LEGACY
2018-12-06,WOCKPHARMA,Wockhardt,EQ,INE049B01025,516.4,524.4,497.9,502.9,502.0,517.45,1691945,858658310.0,27461,LEGACY
2018-12-07,ABBOTINDIA,Abbott India,EQ,INE358A01014,7594.9,7594.9,7417.0,7495.2,7488.0,7504.05,1192,8934319.1,627,LEGACY
2018-12-07,AJANTPHARM,Ajanta Pharma,EQ,INE031B01049,1099.9,1116.0,1045.0,1049.7,1053.0,1090.65,391625,421281674.8,20427,LEGACY
2018-12-07,ALKEM,Alkem Laboratories,EQ,INE540L01014,1893.1,1908.85,1890.0,1894.0,1896.0,1908.85,12078,22918568.15,2280,LEGACY
2018-12-07,APLLTD,Alembic Pharmaceuticals,EQ,INE901L01018,623.0,623.0,614.05,616.0,615.0,620.1,14105,8688722.05,1288,LEGACY
2018-12-07,AUROPHARMA,Aurobindo Pharma,EQ,INE406A01037,752.35,768.8,733.0,751.35,752.95,752.35,5700335,4298518704.5,120017,LEGACY
2018-12-07,BIOCON,Biocon,EQ,INE376G01013,606.15,624.2,603.2,611.35,610.0,605.15,1985058,1216163753.3,37519,LEGACY
2018-12-07,CADILAHC,Cadila Healthcare,EQ,INE010B01027,354.9,355.85,348.7,349.4,349.4,355.8,869679,305342127.4,20045,LEGACY
2018-12-07,CIPLA,Cipla,EQ,INE059A01026,520.0,530.65,512.0,513.6,513.65,515.3,3503808,1820735331.05,83576,LEGACY
2018-12-07,DIVISLAB,Divi's Laboratories,EQ,INE361B01024,1472.0,1497.9,1455.2,1491.8,1489.55,1459.4,839928,1240949674.45,48918,LEGACY
2018-12-07,DRREDDY,Dr. Reddy's Laboratories,EQ,INE089A01023,2661.0,2714.3,2643.0,2692.55,2684.35,2641.2,1179675,3165749499.25,60522,LEGACY
2018-12-07,GLAXO,GlaxoSmithKline Pharmaceuticals,EQ,INE159A01016,1348.0,1398.0,1340.0,1354.1,1370.0,1355.1,8168,11025871.25,2290,LEGACY
2018-12-07,GLENMARK,Glenmark Pharmaceuticals,EQ,INE935A01035,629.1,650.95,628.65,644.55,647.0,625.5,1766739,1134779973.1,48573,LEGACY
2018-12-07,GRANULES,Granules India,EQ,INE101D01020,85.45,86.35,83.2,84.35,84.0,84.95,794427,67335748.2,5201,LEGACY
2018-12-07,IPCALAB,IPCA Laboratories,EQ,INE571A01020,781.25,786.7,773.1,781.7,779.15,778.4,80110,62519356.55,14277,LEGACY
2018-12-07,JBCHEPHARM,JB Chemicals & Pharmaceuticals,EQ,INE572A01028,299.0,305.0,296.15,303.95,300.05,302.0,158088,48016242.45,770,LEGACY
2018-12-07,LAURUSLABS,Laurus Labs,EQ,INE947Q01010,373.0,381.5,369.05,379.25,375.0,375.6,10988,4127277.55,586,LEGACY
2018-12-07,LUPIN,Lupin,EQ,INE326A01037,853.0,859.0,832.2,841.3,838.75,847.0,2335261,1966291528.1,58434,LEGACY
2018-12-07,NATCOPHARM,Natco Pharma,EQ,INE987B01026,708.15,717.3,708.15,714.85,715.0,710.95,106420,75949518.8,7966,LEGACY
2018-12-07,PEL,Piramal Enterprises,EQ,INE140A01024,2108.0,2132.75,2055.0,2085.6,2084.95,2102.85,322317,671080166.75,19678,LEGACY
2018-12-07,PFIZER,Pfizer,EQ,INE182A01018,2741.05,2787.0,2726.5,2769.6,2787.0,2765.55,11321,31176267.15,2913,LEGACY
2018-12-07,SANOFI,Sanofi India,EQ,INE058A01010,6199.0,6238.0,6077.75,6133.55,6080.15,6199.55,2583,15887935.75,979,LEGACY
2018-12-07,STAR,Strides Pharma Science,EQ,INE939A01011,451.7,459.6,437.0,447.3,442.2,449.85,1227858,548749841.65,23006,LEGACY
2018-12-07,SUNPHARMA,Sun Pharmaceutical Industries,EQ,INE044A01036,425.0,426.0,408.15,411.25,409.95,420.15,23905860,9990502934.75,301501,LEGACY
2018-12-07,TORNTPHARM,Torrent Pharmaceuticals,EQ,INE685A01028,1689.9,1713.0,1673.45,1686.15,1690.0,1693.25,95191,160889778.9,7811,LEGACY
2018-12-07,WOCKPHARMA,Wockhardt,EQ,INE049B01025,510.0,511.75,494.3,500.5,498.95,502.9,1496010,750971570.5,25182,LEGACY
2018-12-12,ABBOTINDIA,Abbott India,EQ,INE358A01014,7349.4,7540.0,7349.4,7503.8,7502.0,7331.35,2957,21990497.85,707,LEGACY
2018-12-12,AJANTPHARM,Ajanta Pharma,EQ,INE031B01049,1075.95,1103.5,1065.25,1096.1,1091.1,1075.95,236178,255265221.8,10379,LEGACY
2018-12-12,ALKEM,Alkem Laboratories,EQ,INE540L01014,1920.05,1949.0,1884.95,1896.85,1900.0,1930.75,23128,44122257.9,3102,LEGACY
2018-12-12,APLLTD,Alembic Pharmaceuticals,EQ,INE901L01018,623.55,631.7,609.05,617.9,617.35,620.6,28068,17388710.75,1853,LEGACY
2018-12-12,AUROPHARMA,Aurobindo Pharma,EQ,INE406A01037,735.95,747.85,729.05,740.0,740.85,734.55,2685788,1985113182.7,80635,LEGACY
2018-12-12,BIOCON,Biocon,EQ,INE376G01013,634.9,645.25,632.0,638.75,638.05,629.65,2271302,1450583902.35,63661,LEGACY
2018-12-12,CADILAHC,Cadila Healthcare,EQ,INE010B01027,348.0,354.9,348.0,352.9,353.1,345.65,1312527,462191300.15,30481,LEGACY
2018-12-12,CIPLA,Cipla,EQ,INE059A01026,522.9,534.3,521.1,531.3,532.05,518.7,1683131,885705010.95,34653,LEGACY
2018-12-12,DIVISLAB,Divi's Laboratories,EQ,INE361B01024,1485.0,1535.0,1483.45,1528.9,1534.25,1478.05,845326,1274825898.45,39243,LEGACY
2018-12-12,DRREDDY,Dr. Reddy's Laboratories,EQ,INE089A01023,2670.0,2711.55,2534.1,2586.35,2597.05,2716.15,3413128,8860933458.65,164961,LEGACY
2018-12-12,GLAXO,GlaxoSmithKline Pharmaceuticals,EQ,INE159A01016,1377.0,1395.8,1358.45,1388.15,1378.0,1366.4,11153,15365355.6,1975,LEGACY
2018-12-12,GLENMARK,Glenmark Pharmaceuticals,EQ,INE935A01035,663.1,670.9,655.55,658.6,658.25,665.0,877502,581721615.4,20398,LEGACY
2018-12-12,GRANULES,Granules India,EQ,INE101D01020,83.5,87.3,83.0,86.8,86.75,82.55,1176351,101094485.25,5770,LEGACY
2018-12-12,IPCALAB,IPCA Laboratories,EQ,INE571A01020,783.2,791.5,783.2,789.05,788.0,782.85,186534,147200719.8,15554,LEGACY
2018-12-12,JBCHEPHARM,JB Chemicals & Pharmaceuticals,EQ,INE572A01028,293.0,300.0,292.35,299.75,300.0,293.55,19342,5743868.5,966,LEGACY
2018-12-12,LAURUSLABS,Laurus Labs,EQ,INE947Q01010,385.4,393.7,382.3,389.1,388.0,385.4,13277,5161058.2,1199,LEGACY
2018-12-12,LUPIN,Lupin,EQ,INE326A01037,837.0,847.7,813.0,821.65,824.4,835.0,2342740,1928521792.75,52005,LEGACY
2018-12-12,NATCOPHARM,Natco Pharma,EQ,INE987B01026,705.15,713.9,705.15,709.9,710.0,701.9,126060,89482125.3,7087,LEGACY
2018-12-12,PEL,Piramal Enterprises,EQ,INE140A01024,2128.0,2156.65,2092.0,2146.9,2142.0,2087.6,318108,674839321.95,19301,LEGACY
2018-12-12,PFIZER,Pfizer,EQ,INE182A01018,2845.0,2888.9,2780.0,2864.6,2850.0,2826.85,27331,77943719.9,3616,LEGACY
2018-12-12,SANOFI,Sanofi India,EQ,INE058A01010,6128.0,6350.0,6078.0,6260.8,6319.0,6077.25,5559,34449716.0,1160,LEGACY
2018-12-12,STAR,Strides Pharma Science,EQ,INE939A01011,459.5,473.65,453.4,462.95,462.95,459.3,1672463,773125354.5,32578,LEGACY
2018-12-12,SUNPHARMA,Sun Pharmaceutical Industries,EQ,INE044A01036,426.7,433.7,423.1,431.45,430.8,422.3,16244450,6972630102.0,179974,LEGACY
2018-12-12,TORNTPHARM,Torrent Pharmaceuticals,EQ,INE685A01028,1690.95,1773.8,1680.25,1762.45,1767.95,1676.6,295061,512228028.75,21270,LEGACY
2018-12-12,WOCKPHARMA,Wockhardt,EQ,INE049B01025,496.0,509.8,496.0,506.35,509.5,493.5,918098,462194035.0,16884,LEGACY
2018-12-13,ABBOTINDIA,Abbott India,EQ,INE358A01014,7505.0,7624.95,7476.05,7508.0,7500.0,7503.8,1727,13015113.5,597,LEGACY
2018-12-13,AJANTPHARM,Ajanta Pharma,EQ,INE031B01049,1101.1,1118.0,1076.7,1082.15,1082.25,1096.1,205576,225309469.65,8969,LEGACY
2018-12-13,ALKEM,Alkem Laboratories,EQ,INE540L01014,1912.05,1933.95,1880.1,1898.8,1890.0,1896.85,55679,105743530.2,6624,LEGACY
2018-12-13,APLLTD,Alembic Pharmaceuticals,EQ,INE901L01018,616.6,620.1,612.8,619.9,620.0,617.9,14560,9003931.5,1499,LEGACY
2018-12-13,AUROPHARMA,Aurobindo Pharma,EQ,INE406A01037,751.1,758.5,742.2,750.6,748.6,740.0,2447845,1835701781.8,68203,LEGACY
2018-12-13,BIOCON,Biocon,EQ,INE376G01013,640.0,645.7,633.0,641.35,642.2,638.75,1485043,951037129.6,25349,LEGACY
2018-12-13,CADILAHC,Cadila Healthcare,EQ,INE010B01027,352.9,358.25,348.0,349.4,350.0,352.9,1099741,387391227.85,21192,LEGACY
2018-12-13,CIPLA,Cipla,EQ,INE059A01026,532.0,533.8,519.2,527.0,528.0,531.3,2234487,1177638507.7,58694,LEGACY
2018-12-13,DIVISLAB,Divi's Laboratories,EQ,INE361B01024,1536.0,1553.15,1515.75,1522.0,1518.15,1528.9,773320,1184464487.1,26837,LEGACY
2018-12-13,DRREDDY,Dr. Reddy's Laboratories,EQ,INE089A01023,2625.0,2625.0,2567.2,2596.85,2604.0,2586.35,1037801,2690966241.3,57321,LEGACY
2018-12-13,GLAXO,GlaxoSmithKline Pharmaceuticals,EQ,INE159A01016,1399.95,1410.0,1371.3,1402.05,1401.05,1388.15,9918,13801412.95,3674,LEGACY
2018-12-13,GLENMARK,Glenmark Pharmaceuticals,EQ,INE935A01035,662.85,682.0,653.9,677.3,679.0,658.6,1423964,961127633.6,37909,LEGACY
2018-12-13,GRANULES,Granules India,EQ,INE101D01020,87.2,88.25,86.4,86.9,86.9,86.8,876104,76527120.2,4592,LEGACY
2018-12-13,IPCALAB,IPCA Laboratories,EQ,INE571A01020,788.0,826.45,778.0,802.95,798.6,789.05,527944,419883095.05,27136,LEGACY
2018-12-13,JBCHEPHARM,JB Chemicals & Pharmaceuticals,EQ,INE572A01028,300.0,303.9,298.0,299.65,299.5,299.75,40740,12213552.55,4747,LEGACY
2018-12-13,LAURUSLABS,Laurus Labs,EQ,INE947Q01010,387.95,394.5,385.0,386.75,385.0,389.1,16953,6637211.4,1243,LEGACY
2018-12-13,LUPIN,Lupin,EQ,INE326A01037,815.0,855.0,806.2,847.3,852.5,821.65,4847312,4032125689.75,97737,LEGACY
2018-12-13,NATCOPHARM,Natco Pharma,EQ,INE987B01026,710.0,717.9,710.0,714.5,715.0,709.9,109593,78342261.7,5896,LEGACY
2018-12-13,PEL,Piramal Enterprises,D1,INE140A08SX5,87000.0,87000.0,87000.0,87000.0,87000.0,90300.0,1,87000.0,1,LEGACY
2018-12-13,PEL,Piramal Enterprises,EQ,INE140A01024,2150.0,2235.3,2149.8,2179.45,2180.0,2146.9,521655,1145182433.95,28867,LEGACY
2018-12-13,PFIZER,Pfizer,EQ,INE182A01018,2866.15,2886.35,2807.35,2832.0,2820.0,2864.6,18348,52014505.4,3223,LEGACY
2018-12-13,SANOFI,Sanofi India,EQ,INE058A01010,6307.2,6307.2,6200.0,6299.4,6290.0,6260.8,2687,16855784.2,940,LEGACY
2018-12-13,STAR,Strides Pharma Science,EQ,INE939A01011,479.0,479.0,454.4,462.35,461.0,462.95,1897885,883063184.65,45529,LEGACY
2018-12-13,SUNPHARMA,Sun Pharmaceutical Industries,EQ,INE044A01036,422.0,429.3,418.0,422.1,422.0,431.45,16853821,7137234279.5,212317,LEGACY
2018-12-13,TORNTPHARM,Torrent Pharmaceuticals,EQ,INE685A01028,1765.0,1823.6,1754.45,1785.65,1787.0,1762.45,395950,710545210.7,21255,LEGACY
2018-12-13,WOCKPHARMA,Wockhardt,EQ,INE049B01025,510.95,517.3,504.0,511.45,513.5,506.35,933645,477189838.65,15603,LEGACY
2018-12-14,ABBOTINDIA,Abbott India,EQ,INE358A01014,7508.05,7588.95,7476.05,7556.0,7555.0,7508.0,1369,10303483.1,497,LEGACY
2018-12-14,AJANTPHARM,Ajanta Pharma,EQ,INE031B01049,1082.0,1106.5,1073.25,1098.95,1095.0,1082.15,149456,163305397.45,7582,LEGACY
2018-12-14,ALKEM,Alkem Laboratories,EQ,INE540L01014,1898.8,1922.0,1868.0,1878.85,1880.0,1898.8,71934,135216678.25,6422,LEGACY
2018-12-14,APLLTD,Alembic Pharmaceuticals,EQ,INE901L01018,625.0,625.0,602.2,607.2,610.95,619.9,22489,13723017.75,3767,LEGACY
2018-12-14,AUROPHARMA,Aurobindo Pharma,EQ,INE406A01037,743.85,745.7,715.2,726.2,725.9,750.6,5550675,4040795516.7,88528,LEGACY
2018-12-14,BIOCON,Biocon,EQ,INE376G01013,641.0,658.0,638.1,647.95,648.5,641.35,2497730,1625971430.05,59099,LEGACY
2018-12-14,CADILAHC,Cadila Healthcare,EQ,INE010B01027,347.1,351.6,344.5,346.45,346.4,349.4,703332,244177653.15,17747,LEGACY
2018-12-14,CIPLA,Cipla,EQ,INE059A01026,528.35,533.8,516.65,521.75,522.05,527.0,1950888,1023332278.35,54598,LEGACY
2018-12-14,DIVISLAB,Divi's Laboratories,EQ,INE361B01024,1518.1,1529.35,1477.25,1491.4,1495.0,1522.0,793454,1186630324.5,35138,LEGACY
2018-12-14,DRREDDY,Dr. Reddy's Laboratories,EQ,INE089A01023,2595.0,2609.6,2568.0,2591.7,2589.2,2596.85,586360,1516469941.6,41165,LEGACY
2018-12-14,GLAXO,GlaxoSmithKline Pharmaceuticals,EQ,INE159A01016,1410.0,1410.5,1379.2,1384.35,1381.15,1402.05,9299,12901158.2,2769,LEGACY
2018-12-14,GLENMARK,Glenmark Pharmaceuticals,EQ,INE935A01035,678.3,685.6,661.1,668.55,667.0,677.3,880275,593779622.25,24688,LEGACY
2018-12-14,GRANULES,Granules India,EQ,INE101D01020,86.9,88.35,85.9,87.8,87.7,86.9,722168,63240123.85,7101,LEGACY
2018-12-14,IPCALAB,IPCA Laboratories,EQ,INE571A01020,805.0,805.0,781.0,790.7,794.0,802.95,70135,55517717.9,5941,LEGACY
2018-12-14,JBCHEPHARM,JB Chemicals & Pharmaceuticals,EQ,INE572A01028,299.0,300.0,296.6,299.2,299.0,299.65,4984,1490782.0,339,LEGACY
2018-12-14,LAURUSLABS,Laurus Labs,EQ,INE947Q01010,386.25,391.2,378.6,380.15,383.0,386.75,16086,6177436.1,632,LEGACY
2018-12-14,LUPIN,Lupin,EQ,INE326A01037,850.9,857.0,830.5,843.85,843.85,847.3,2701885,2275455163.55,60513,LEGACY
2018-12-14,NATCOPHARM,Natco Pharma,EQ,INE987B01026,710.2,712.05,698.5,701.4,700.95,714.5,128759,90693482.15,5416,LEGACY
2018-12-14,PEL,Piramal Enterprises,EQ,INE140A01024,2180.0,2211.95,2120.0,2137.5,2128.0,2179.45,544600,1179800595.85,28095,LEGACY
2018-12-14,PFIZER,Pfizer,EQ,INE182A01018,2850.0,2855.0,2815.05,2841.3,2855.0,2832.0,9798,27758047.5,1730,LEGACY
2018-12-14,SANOFI,Sanofi India,EQ,INE058A01010,6284.7,6340.0,6259.2,6303.3,6305.0,6299.4,1929,12162850.35,789,LEGACY
2018-12-14,STAR,Strides Pharma Science,EQ,INE939A01011,461.0,471.0,456.6,464.35,461.4,462.35,1012492,469588350.1,17855,LEGACY
2018-12-14,SUNPHARMA,Sun Pharmaceutical Industries,EQ,INE044A01036,421.95,426.0,417.1,420.65,420.45,422.1,8144364,3428989726.95,111578,LEGACY
2018-12-14,TORNTPHARM,Torrent Pharmaceuticals,EQ,INE685A01028,1778.0,1812.75,1762.95,1780.6,1784.35,1785.65,311736,557027034.65,25110,LEGACY
2018-12-14,WOCKPHARMA,Wockhardt,EQ,INE049B01025,511.5,518.75,505.95,510.8,511.6,511.45,747552,382558490.6,12832,LEGACY
2018-12-17,ABBOTINDIA,Abbott India,EQ,INE358A01014,7600.0,7610.0,7535.0,7580.9,7580.0,7556.0,12640,95489390.85,1184,LEGACY
2018-12-17,AJANTPHARM,Ajanta Pharma,EQ,INE031B01049,1096.35,1123.2,1096.0,1111.2,1108.0,1098.95,285909,318666468.1,11524,LEGACY
2018-12-17,ALKEM,Alkem Laboratories,EQ,INE540L01014,1893.6,1893.6,1875.5,1877.3,1879.95,1878.85,12156,22884656.8,1221,LEGACY
2018-12-17,APLLTD,Alembic Pharmaceuticals,EQ,INE901L01018,607.2,619.9,600.55,604.8,601.6,607.2,21344,13040568.65,2296,LEGACY
2018-12-17,AUROPHARMA,Aurobindo Pharma,EQ,INE406A01037,740.0,750.75,733.1,745.65,744.55,726.2,4377862,3246308172.85,98002,LEGACY
2018-12-17,BIOCON,Biocon,EQ,INE376G01013,651.0,654.9,628.35,633.8,634.0,647.95,3964722,2525675042.25,84157,LEGACY
2018-12-17,CADILAHC,Cadila Healthcare,EQ,INE010B01027,350.35,352.95,348.2,351.0,349.5,346.45,843653,296080763.7,19749,LEGACY
2018-12-17,CIPLA,Cipla,EQ,INE059A01026,524.0,529.35,520.7,523.65,524.7,521.75,1196871,627186993.1,27746,LEGACY
2018-12-17,DIVISLAB,Divi's Laboratories,EQ,INE361B01024,1498.9,1516.9,1475.5,1483.1,1479.0,1491.4,594795,889452485.9,20890,LEGACY
2018-12-17,DRREDDY,Dr. Reddy's Laboratories,EQ,INE089A01023,2604.7,2635.0,2600.2,2613.15,2612.75,2591.7,592403,1551567240.55,30023,LEGACY
2018-12-17,GLAXO,GlaxoSmithKline Pharmaceuticals,EQ,INE159A01016,1381.2,1420.0,1377.55,1411.05,1412.0,1384.35,15465,21572815.9,2292,LEGACY
2018-12-17,GLENMARK,Glenmark Pharmaceuticals,EQ,INE935A01035,672.9,698.0,671.1,684.65,681.5,668.55,2052539,1415882718.3,43670,LEGACY
2018-12-17,GRANULES,Granules India,EQ,INE101D01020,88.0,89.4,87.8,88.9,88.9,87.8,647176,57524423.0,7178,LEGACY
2018-12-17,IPCALAB,IPCA Laboratories,EQ,INE571A01020,791.0,803.0,783.05,799.85,798.0,790.7,108719,86377597.0,8421,LEGACY
2018-12-17,JBCHEPHARM,JB Chemicals & Pharmaceuticals,EQ,INE572A01028,299.8,300.5,294.0,296.05,295.5,299.2,67597,20243446.4,968,LEGACY
2018-12-17,LAURUSLABS,Laurus Labs,EQ,INE947Q01010,383.95,388.1,378.4,380.15,380.5,380.15,11400,4334563.5,311,LEGACY
2018-12-17,LUPIN,Lupin,EQ,INE326A01037,848.0,855.5,840.5,847.45,846.25,843.85,1213014,1030014360.05,27301,LEGACY
2018-12-17,NATCOPHARM,Natco Pharma,EQ,INE987B01026,708.5,709.15,700.0,702.6,703.0,701.4,84454,59501465.9,2712,LEGACY
2018-12-17,PEL,Piramal Enterprises,EQ,INE140A01024,2137.0,2165.0,2120.0,2152.45,2151.9,2137.5,260855,558681849.25,15927,LEGACY
2018-12-17,PFIZER,Pfizer,EQ,INE182A01018,2841.0,2870.0,2821.0,2844.2,2834.0,2841.3,19340,55078032.65,2753,LEGACY
2018-12-17,SANOFI,Sanofi India,EQ,INE058A01010,6305.55,6336.9,6244.0,6260.3,6250.0,6303.3,2912,18240559.2,1384,LEGACY
2018-12-17,STAR,Strides Pharma Science,EQ,INE939A01011,463.05,475.9,461.8,467.4,466.35,464.35,1030331,483762865.1,19813,LEGACY
2018-12-17,SUNPHARMA,Sun Pharmaceutical Industries,EQ,INE044A01036,421.8,425.4,420.0,420.95,420.25,420.65,6151952,2595846269.45,110870,LEGACY
2018-12-17,TORNTPHARM,Torrent Pharmaceuticals,EQ,INE685A01028,1780.1,1794.9,1760.0,1768.55,1761.05,1780.6,100053,177789445.45,10883,LEGACY
2018-12-17,WOCKPHARMA,Wockhardt,EQ,INE049B01025,514.0,535.35,512.55,526.0,525.0,510.8,2491343,1316957785.7,39971,LEGACY
2018-12-18,ABBOTINDIA,Abbott India,EQ,INE358A01014,7648.8,7650.05,7490.0,7504.5,7500.0,7580.9,1470,11045719.75,597,LEGACY
2018-12-18,AJANTPHARM,Ajanta Pharma,EQ,INE031B01049,1103.6,1122.0,1080.0,1117.9,1115.75,1111.2,418309,460898082.0,16027,LEGACY
2018-12-18,ALKEM,Alkem Laboratories,EQ,INE540L01014,1878.2,1890.0,1866.0,1873.0,1873.9,1877.3,34460,64525890.75,3609,LEGACY
2018-12-18,APLLTD,Alembic Pharmaceuticals,EQ,INE901L01018,600.0,612.05,596.55,599.15,596.6,604.8,13621,8205888.3,1075,LEGACY
2018-12-18,AUROPHARMA,Aurobindo Pharma,EQ,INE406A01037,740.0,741.5,729.4,735.7,735.0,745.65,2089344,1537069583.95,54106,LEGACY
2018-12-18,BIOCON,Biocon,EQ,INE376G01013,634.0,641.0,633.8,638.85,640.7,633.8,1018473,649862560.1,17784,LEGACY
2018-12-18,CADILAHC,Cadila Healthcare,EQ,INE010B01027,347.25,347.95,341.45,345.25,345.5,351.0,1376167,474348452.75,22614,LEGACY
2018-12-18,CIPLA,Cipla,EQ,INE059A01026,524.0,527.0,520.05,522.9,523.6,523.65,1628240,851722124.9,44153,LEGACY
2018-12-18,DIVISLAB,Divi's Laboratories,EQ,INE361B01024,1483.9,1501.45,1475.9,1496.4,1500.0,1483.1,545698,812624824.3,21930,LEGACY
2018-12-18,DRREDDY,Dr. Reddy's Laboratories,EQ,INE089A01023,2601.8,2645.0,2582.15,2639.3,2643.4,2613.15,739253,1935838177.35,61766,LEGACY
2018-12-18,GLAXO,GlaxoSmithKline Pharmaceuticals,EQ,INE159A01016,1405.0,1428.95,1392.8,1421.8,1413.45,1411.05,9555,13491009.5,2441,LEGACY
2018-12-18,GLENMARK,Glenmark Pharmaceuticals,EQ,INE935A01035,683.0,693.0,680.0,686.1,685.6,684.65,746278,512408798.7,31005,LEGACY
2018-12-18,GRANULES,Granules India,EQ,INE101D01020,89.5,89.55,88.15,89.25,89.2,88.9,520598,46308574.0,7338,LEGACY
2018-12-18,IPCALAB,IPCA Laboratories,EQ,INE571A01020,802.0,802.95,774.0,778.55,777.5,799.85,149781,117586212.8,10649,LEGACY
2018-12-18,JBCHEPHARM,JB Chemicals & Pharmaceuticals,EQ,INE572A01028,296.9,300.0,288.9,289.6,290.9,296.05,102418,30093315.5,1833,LEGACY
2018-12-18,LAURUSLABS,Laurus Labs,EQ,INE947Q01010,382.0,389.5,379.9,387.6,388.95,380.15,6971,2679951.05,413,LEGACY
2018-12-18,LUPIN,Lupin,EQ,INE326A01037,846.35,848.5,836.8,845.0,845.7,847.45,892197,752132072.7,23660,LEGACY
2018-12-18,NATCOPHARM,Natco Pharma,EQ,INE987B01026,703.0,708.0,701.55,705.75,705.15,702.6,96968,68392427.95,3267,LEGACY
2018-12-18,PEL,Piramal Enterprises,EQ,INE140A01024,2133.75,2190.45,2131.2,2179.15,2184.9,2152.45,245424,529952127.85,14589,LEGACY
2018-12-18,PFIZER,Pfizer,EQ,INE182A01018,2849.7,2881.4,2822.0,2862.25,2840.0,2844.2,10611,30282176.95,1952,LEGACY
2018-12-18,SANOFI,Sanofi India,EQ,INE058A01010,6254.25,6299.95,6200.0,6235.65,6233.0,6260.3,3027,18893708.3,992,LEGACY
2018-12-18,STAR,Strides Pharma Science,EQ,INE939A01011,464.5,474.3,462.65,472.6,469.0,467.4,613593,288195907.55,10728,LEGACY
2018-12-18,SUNPHARMA,Sun Pharmaceutical Industries,EQ,INE044A01036,421.0,434.9,418.85,433.45,432.75,420.95,14402058,6187345202.9,155072,LEGACY
2018-12-18,TORNTPHARM,Torrent Pharmaceuticals,EQ,INE685A01028,1764.0,1772.0,1718.05,1726.8,1735.0,1768.55,258598,450621434.85,8677,LEGACY
2018-12-18,WOCKPHARMA,Wockhardt,EQ,INE049B01025,522.8,525.25,514.8,518.05,519.3,526.0,970942,504087546.1,16966,LEGACY
2018-12-19,ABBOTINDIA,Abbott India,EQ,INE358A01014,7520.0,7575.0,7450.0,7503.75,7500.0,7504.5,2723,20399891.85,1498,LEGACY
2018-12-19,AJANTPHARM,Ajanta Pharma,EQ,INE031B01049,1118.0,1128.5,1109.05,1115.25,1112.85,1117.9,178076,198752005.0,6324,LEGACY
2018-12-19,ALKEM,Alkem Laboratories,EQ,INE540L01014,1866.0,1895.0,1860.0,1867.9,1860.0,1873.0,34635,64949872.1,3796,LEGACY
2018-12-19,APLLTD,Alembic Pharmaceuticals,EQ,INE901L01018,607.9,607.9,593.5,598.35,599.9,599.15,17695,10624359.55,1137,LEGACY
2018-12-19,AUROPHARMA,Aurobindo Pharma,EQ,INE406A01037,736.5,740.6,730.65,734.35,733.3,735.7,1854837,1363938015.15,54308,LEGACY
2018-12-19,BIOCON,Biocon,EQ,INE376G01013,640.7,646.8,631.0,634.5,634.45,638.85,1839842,1176879404.0,43018,LEGACY
2018-12-19,CADILAHC,Cadila Healthcare,EQ,INE010B01027,348.0,348.0,342.3,343.05,343.0,345.25,1070544,368339809.9,21153,LEGACY
2018-12-19,CIPLA,Cipla,EQ,INE059A01026,524.0,528.6,522.55,524.75,524.45,522.9,1241000,652095062.95,24630,LEGACY
2018-12-19,DIVISLAB,Divi's Laboratories,EQ,INE361B01024,1505.0,1525.9,1485.0,1516.15,1511.7,1496.4,650629,982776123.55,34473,LEGACY
2018-12-19,DRREDDY,Dr. Reddy's Laboratories,EQ,INE089A01023,2645.0,2651.0,2584.65,2613.75,2613.0,2639.3,841239,2202700293.2,49598,LEGACY
2018-12-19,GLAXO,GlaxoSmithKline Pharmaceuticals,EQ,INE159A01016,1429.9,1470.0,1412.45,1454.6,1457.0,1421.8,23388,33725483.4,3307,LEGACY
2018-12-19,GLENMARK,Glenmark Pharmaceuticals,EQ,INE935A01035,686.5,693.55,678.0,686.95,686.5,686.1,746190,511145052.1,36158,LEGACY
2018-12-19,GRANULES,Granules India,EQ,INE101D01020,88.5,91.9,88.5,91.15,90.8,89.25,1165614,106028370.55,9184,LEGACY
2018-12-19,IPCALAB,IPCA Laboratories,EQ,INE571A01020,778.0,811.05,778.0,806.3,807.0,778.55,93445,74560137.6,6973,LEGACY
2018-12-19,JBCHEPHARM,JB Chemicals & Pharmaceuticals,EQ,INE572A01028,290.2,309.85,290.2,302.3,304.2,289.6,360036,106642148.95,2255,LEGACY
2018-12-19,LAURUSLABS,Laurus Labs,EQ,INE947Q01010,391.45,392.0,385.0,389.3,385.5,387.6,9024,3511012.15,626,LEGACY
2018-12-19,LUPIN,Lupin,EQ,INE326A01037,848.0,850.65,838.1,842.0,845.0,845.0,1037755,874743566.75,38957,LEGACY
2018-12-19,NATCOPHARM,Natco Pharma,EQ,INE987B01026,709.4,713.85,705.0,708.1,706.95,705.75,114101,80846363.35,4056,LEGACY
2018-12-19,PEL,Piramal Enterprises,D1,INE140A08SX5,91000.0,92000.0,91000.0,92000.0,92000.0,87000.0,2,183000.0,2,LEGACY
2018-12-19,PEL,Piramal Enterprises,EQ,INE140A01024,2195.0,2308.8,2193.7,2277.95,2276.75,2179.15,718332,1631372494.35,47387,LEGACY
2018-12-19,PFIZER,Pfizer,EQ,INE182A01018,2865.0,2947.65,2850.0,2879.45,2880.0,2862.25,38930,112573851.1,4307,LEGACY
2018-12-19,SANOFI,Sanofi India,EQ,INE058A01010,6235.0,6349.0,6210.0,6294.7,6278.0,6235.65,6088,38212938.7,1329,LEGACY
2018-12-19,STAR,Strides Pharma Science,EQ,INE939A01011,477.7,488.0,465.5,468.75,467.95,472.6,1948152,924784735.2,34075,LEGACY
2018-12-19,SUNPHARMA,Sun Pharmaceutical Industries,EQ,INE044A01036,433.45,434.4,422.8,423.8,423.1,433.45,7882841,3370647064.0,144701,LEGACY
2018-12-19,TORNTPHARM,Torrent Pharmaceuticals,EQ,INE685A01028,1747.5,1805.9,1732.55,1791.4,1799.0,1726.8,215234,383338622.2,15719,LEGACY
2018-12-19,WOCKPHARMA,Wockhardt,EQ,INE049B01025,522.8,531.0,518.0,520.4,519.4,518.05,1007523,528244862.2,16328,LEGACY
2018-12-20,ABBOTINDIA,Abbott India,EQ,INE358A01014,7500.05,7521.85,7425.0,7450.55,7450.0,7503.75,2869,21391375.95,1006,LEGACY
2018-12-20,AJANTPHARM,Ajanta Pharma,EQ,INE031B01049,1101.15,1163.7,1101.15,1157.9,1163.7,1115.25,497644,568221030.45,16475,LEGACY
2018-12-20,ALKEM,Alkem Laboratories,EQ,INE540L01014,1855.0,1887.5,1840.2,1866.15,1865.0,1867.9,38809,71955370.0,3472,LEGACY
2018-12-20,APLLTD,Alembic Pharmaceuticals,EQ,INE901L01018,605.1,620.65,593.75,598.05,595.0,598.35,97814,59521894.75,3841,LEGACY
2018-12-20,AUROPHARMA,Aurobindo Pharma,EQ,INE406A01037,727.0,736.0,721.1,725.6,726.0,734.35,2996084,2182927367.15,58001,LEGACY
2018-12-20,BIOCON,Biocon,EQ,INE376G01013,635.0,650.4,633.35,637.6,638.75,634.5,2417869,1553218530.3,45737,LEGACY
2018-12-20,CADILAHC,Cadila Healthcare,EQ,INE010B01027,342.5,345.8,342.0,344.25,345.0,343.05,852170,292826627.15,11272,LEGACY
2018-12-20,CIPLA,Cipla,EQ,INE059A01026,523.7,526.0,515.4,520.25,520.4,524.75,2074097,1077708986.1,36465,LEGACY
2018-12-20,DIVISLAB,Divi's Laboratories,EQ,INE361B01024,1500.6,1523.9,1500.6,1512.6,1515.0,1516.15,451924,684475403.45,30892,LEGACY
2018-12-20,DRREDDY,Dr. Reddy's Laboratories,EQ,INE089A01023,2607.7,2633.95,2592.0,2628.45,2625.95,2613.75,493086,1292570755.2,31665,LEGACY
2018-12-20,GLAXO,GlaxoSmithKline Pharmaceuticals,EQ,INE159A01016,1454.6,1494.0,1450.9,1471.2,1463.9,1454.6,26223,38628272.3,3643,LEGACY
2018-12-20,GLENMARK,Glenmark Pharmaceuticals,EQ,INE935A01035,686.3,690.4,680.25,686.65,686.7,686.95,411515,282076743.6,8929,LEGACY
2018-12-20,GRANULES,Granules India,EQ,INE101D01020,90.15,91.9,90.0,90.8,90.9,91.15,598115,54403616.15,4262,LEGACY
2018-12-20,IPCALAB,IPCA Laboratories,EQ,INE571A01020,791.0,807.7,779.7,783.45,782.25,806.3,84896,67539696.05,10723,LEGACY
2018-12-20,JBCHEPHARM,JB Chemicals & Pharmaceuticals,EQ,INE572A01028,300.0,304.9,297.9,302.15,300.25,302.3,25741,7744190.7,1350,LEGACY
2018-12-20,LAURUSLABS,Laurus Labs,EQ,INE947Q01010,385.7,389.3,381.55,385.25,385.0,389.3,11924,4586572.3,421,LEGACY
2018-12-20,LUPIN,Lupin,EQ,INE326A01037,840.0,859.7,839.5,855.05,853.8,842.0,1520946,1297068826.8,28683,LEGACY
2018-12-20,NATCOPHARM,Natco Pharma,EQ,INE987B01026,700.0,707.35,682.5,684.15,684.0,708.1,324838,224095089.15,15043,LEGACY
2018-12-20,PEL,Piramal Enterprises,EQ,INE140A01024,2254.0,2313.0,2245.1,2290.1,2292.25,2277.95,466423,1067272377.85,26163,LEGACY
2018-12-20,PFIZER,Pfizer,EQ,INE182A01018,2908.0,2959.1,2852.25,2867.6,2860.0,2879.45,53501,154918467.85,10637,LEGACY
2018-12-20,SANOFI,Sanofi India,EQ,INE058A01010,6271.0,6299.95,6101.0,6130.6,6133.0,6294.7,9438,58309962.7,3731,LEGACY
2018-12-20,STAR,Strides Pharma Science,EQ,INE939A01011,465.6,474.5,463.25,470.45,469.5,468.75,874763,411522369.3,19182,LEGACY
2018-12-20,SUNPHARMA,Sun Pharmaceutical Industries,EQ,INE044A01036,422.0,431.0,421.6,429.05,429.5,423.8,6156074,2629570631.25,88069,LEGACY
2018-12-20,TORNTPHARM,Torrent Pharmaceuticals,EQ,INE685A01028,1783.15,1815.0,1760.0,1806.25,1815.0,1791.4,162564,291397515.1,16512,LEGACY
2018-12-20,WOCKPHARMA,Wockhardt,EQ,INE049B01025,519.3,528.3,513.0,517.6,517.15,520.4,1089760,566071990.9,18902,LEGACY
2018-12-21,ABBOTINDIA,Abbott India,EQ,INE358A01014,7450.15,7495.0,7385.45,7410.0,7395.0,7450.55,2398,17827322.0,1058,LEGACY
2018-12-21,AJANTPHARM,Ajanta Pharma,EQ,INE031B01049,1165.1,1165.1,1125.0,1132.45,1133.3,1157.9,341783,388804482.65,12560,LEGACY
2018-12-21,ALKEM,Alkem Laboratories,EQ,INE540L01014,1870.0,1874.0,1850.1,1852.35,1856.0,1866.15,31556,58516352.55,5166,LEGACY
2018-12-21,APLLTD,Alembic Pharmaceuticals,EQ,INE901L01018,599.95,600.1,575.1,579.05,578.0,598.05,43843,25650663.65,3986,LEGACY
2018-12-21,AUROPHARMA,Aurobindo Pharma,EQ,INE406A01037,726.0,732.5,714.15,720.65,719.0,725.6,2495340,1803867714.35,63913,LEGACY
2018-12-21,BIOCON,Biocon,EQ,INE376G01013,639.0,643.0,617.7,620.9,621.9,637.6,1450234,909904159.65,43055,LEGACY
2018-12-21,CADILAHC,Cadila Healthcare,EQ,INE010B01027,345.15,347.85,340.2,341.9,341.4,344.25,719385,247040684.0,14988,LEGACY
2018-12-21,CIPLA,Cipla,EQ,INE059A01026,521.0,523.95,514.3,516.65,517.0,520.25,1758710,911424251.15,30280,LEGACY
2018-12-21,DIVISLAB,Divi's Laboratories,EQ,INE361B01024,1514.95,1519.0,1470.2,1474.8,1480.8,1512.6,552808,822579685.1,26763,LEGACY
2018-12-21,DRREDDY,Dr. Reddy's Laboratories,EQ,INE089A01023,2609.4,2616.3,2578.1,2608.05,2602.95,2628.45,747959,1945715619.0,59654,LEGACY
2018-12-21,GLAXO,GlaxoSmithKline Pharmaceuticals,EQ,INE159A01016,1474.0,1474.0,1397.0,1445.4,1443.05,1471.2,20571,29469157.05,3601,LEGACY
2018-12-21,GLENMARK,Glenmark Pharmaceuticals,EQ,INE935A01035,687.9,694.7,669.6,672.2,670.65,686.65,1119618,763286997.25,31875,LEGACY
2018-12-21,GRANULES,Granules India,EQ,INE101D01020,90.75,91.5,88.5,89.85,90.65,90.8,802221,71988105.2,6002,LEGACY
2018-12-21,IPCALAB,IPCA Laboratories,EQ,INE571A01020,785.0,809.55,785.0,805.1,808.85,783.45,79875,63896247.5,8417,LEGACY
2018-12-21,JBCHEPHARM,JB Chemicals & Pharmaceuticals,EQ,INE572A01028,298.2,303.0,297.25,300.0,297.6,302.15,28514,8551124.25,2475,LEGACY
2018-12-21,LAURUSLABS,Laurus Labs,EQ,INE947Q01010,382.95,391.85,381.0,388.45,390.75,385.25,13593,5252459.95,802,LEGACY
2018-12-21,LUPIN,Lupin,EQ,INE326A01037,855.15,868.7,853.05,858.45,859.7,855.05,1800180,1547992593.95,43299,LEGACY
2018-12-21,NATCOPHARM,Natco Pharma,EQ,INE987B01026,689.9,693.95,681.2,682.5,683.0,684.15,149001,102021555.95,7123,LEGACY
2018-12-21,PEL,Piramal Enterprises,EQ,INE140A01024,2288.0,2365.0,2272.1,2295.35,2289.9,2290.1,922993,2134138396.6,44579,LEGACY
2018-12-21,PFIZER,Pfizer,EQ,INE182A01018,2856.0,2887.0,2832.45,2859.85,2873.95,2867.6,13871,39688742.85,2715,LEGACY
2018-12-21,SANOFI,Sanofi India,EQ,INE058A01010,6130.0,6174.9,6025.75,6064.35,6100.0,6130.6,31521,193502319.25,2600,LEGACY
2018-12-21,STAR,Strides Pharma Science,EQ,INE939A01011,470.5,473.45,458.3,460.7,459.0,470.45,686174,318207672.9,14219,LEGACY
2018-12-21,SUNPHARMA,Sun Pharmaceutical Industries,EQ,INE044A01036,429.5,433.0,423.0,425.3,425.3,429.05,7315242,3122738192.05,99849,LEGACY
2018-12-21,TORNTPHARM,Torrent Pharmaceuticals,EQ,INE685A01028,1803.95,1835.0,1775.0,1783.9,1779.75,1806.25,304282,550660204.65,17885,LEGACY
2018-12-21,WOCKPHARMA,Wockhardt,EQ,INE049B01025,517.9,523.65,503.65,505.0,505.7,517.6,1024548,523631267.75,16695,LEGACY
2018-12-24,ABBOTINDIA,Abbott India,EQ,INE358A01014,7498.0,7498.0,7400.1,7466.25,7465.0,7410.0,3768,28089690.0,1085,LEGACY
2018-12-24,AJANTPHARM,Ajanta Pharma,EQ,INE031B01049,1134.0,1149.0,1104.0,1132.5,1142.65,1132.45,355529,399315412.25,15235,LEGACY
2018-12-24,ALKEM,Alkem Laboratories,EQ,INE540L01014,1856.0,1870.0,1844.95,1855.15,1852.0,1852.35,9778,18152118.25,1823,LEGACY
2018-12-24,APLLTD,Alembic Pharmaceuticals,EQ,INE901L01018,580.6,590.9,570.8,573.5,577.8,579.05,24314,14061440.4,1398,LEGACY
2018-12-24,AUROPHARMA,Aurobindo Pharma,EQ,INE406A01037,720.65,738.65,712.55,715.4,714.95,720.65,3807600,2758085065.95,75408,LEGACY
2018-12-24,BIOCON,Biocon,EQ,INE376G01013,620.9,622.3,608.0,610.75,611.5,620.9,1363658,836361544.7,39566,LEGACY
2018-12-24,CADILAHC,Cadila Healthcare,EQ,INE010B01027,342.2,344.45,340.4,341.65,341.8,341.9,499572,171096175.25,8255,LEGACY
2018-12-24,CIPLA,Cipla,EQ,INE059A01026,518.8,520.8,513.0,518.8,517.7,516.65,1214348,628594153.45,17252,LEGACY
2018-12-24,DIVISLAB,Divi's Laboratories,EQ,INE361B01024,1489.5,1490.0,1433.55,1447.15,1454.7,1474.8,849081,1230167451.6,32701,LEGACY
2018-12-24,DRREDDY,Dr. Reddy's Laboratories,EQ,INE089A01023,2610.0,2623.1,2578.2,2599.8,2600.0,2608.05,504639,1309940111.5,47992,LEGACY
2018-12-24,GLAXO,GlaxoSmithKline Pharmaceuticals,EQ,INE159A01016,1450.0,1465.0,1411.0,1455.3,1455.45,1445.4,12347,17848443.95,1518,LEGACY
2018-12-24,GLENMARK,Glenmark Pharmaceuticals,EQ,INE935A01035,667.0,681.6,666.05,677.05,678.15,672.2,524151,354122606.15,13061,LEGACY
2018-12-24,GRANULES,Granules India,EQ,INE101D01020,90.0,90.75,87.25,88.5,88.55,89.85,647341,57735375.1,5897,LEGACY
2018-12-24,IPCALAB,IPCA Laboratories,EQ,INE571A01020,796.5,819.6,788.1,801.85,804.0,805.1,118967,95762489.15,17552,LEGACY
2018-12-24,JBCHEPHARM,JB Chemicals & Pharmaceuticals,EQ,INE572A01028,306.95,306.95,296.45,299.35,297.75,300.0,14069,4204226.4,489,LEGACY
2018-12-24,LAURUSLABS,Laurus Labs,EQ,INE947Q01010,384.85,385.8,380.0,381.0,381.8,388.45,5098,1946355.85,295,LEGACY
2018-12-24,LUPIN,Lupin,EQ,INE326A01037,874.0,876.85,832.2,838.25,835.55,858.45,3541535,3013521816.5,74139,LEGACY
2018-12-24,NATCOPHARM,Natco Pharma,EQ,INE987B01026,682.1,701.0,680.1,693.95,695.0,682.5,103610,71426747.15,4497,LEGACY
2018-12-24,PEL,Piramal Enterprises,EQ,INE140A01024,2288.0,2335.0,2288.0,2301.35,2300.2,2295.35,414740,957538233.8,24434,LEGACY
2018-12-24,PFIZER,Pfizer,EQ,INE182A01018,2841.0,2860.05,2782.0,2798.55,2786.0,2859.85,12630,35452903.9,1903,LEGACY
2018-12-24,SANOFI,Sanofi India,EQ,INE058A01010,6043.65,6189.0,6016.0,6132.7,6130.0,6064.35,4733,28933008.05,1712,LEGACY
2018-12-24,STAR,Strides Pharma Science,EQ,INE939A01011,461.0,468.65,452.5,457.15,457.0,460.7,994886,458243414.1,17941,LEGACY
2018-12-24,SUNPHARMA,Sun Pharmaceutical Industries,EQ,INE044A01036,427.05,434.0,422.3,424.35,423.5,425.3,7052582,3023718982.1,84820,LEGACY
2018-12-24,TORNTPHARM,Torrent Pharmaceuticals,EQ,INE685A01028,1775.6,1797.0,1760.65,1769.6,1766.3,1783.9,66751,118642677.0,4483,LEGACY
2018-12-24,WOCKPHARMA,Wockhardt,EQ,INE049B01025,506.8,519.6,502.3,504.6,504.5,505.0,1723596,877863376.35,27874,LEGACY
2018-12-26,ABBOTINDIA,Abbott India,EQ,INE358A01014,7509.0,7509.0,7386.0,7498.3,7500.0,7466.25,1872,13976300.3,677,LEGACY
2018-12-26,AJANTPHARM,Ajanta Pharma,EQ,INE031B01049,1136.95,1139.35,1106.55,1128.55,1131.5,1132.5,226562,253763702.45,11155,LEGACY
2018-12-26,ALKEM,Alkem Laboratories,EQ,INE540L01014,1865.0,1884.0,1840.0,1874.55,1855.15,1855.15,16728,31220174.85,1985,LEGACY
2018-12-26,APLLTD,Alembic Pharmaceuticals,EQ,INE901L01018,573.0,578.0,560.55,564.55,563.85,573.5,23365,13276495.25,1477,LEGACY
2018-12-26,AUROPHARMA,Aurobindo Pharma,EQ,INE406A01037,715.95,720.75,697.1,718.5,718.8,715.4,3096253,2198128569.9,52833,LEGACY
2018-12-26,BIOCON,Biocon,EQ,INE376G01013,609.8,617.0,601.0,614.7,615.95,610.75,1266619,770069127.05,21788,LEGACY
2018-12-26,CADILAHC,Cadila Healthcare,EQ,INE010B01027,342.0,342.35,336.2,339.4,338.85,341.65,522052,176969750.9,9433,LEGACY
2018-12-26,CIPLA,Cipla,EQ,INE059A01026,515.6,519.0,507.3,514.3,515.0,518.8,1318560,675348050.5,27138,LEGACY
2018-12-26,DIVISLAB,Divi's Laboratories,EQ,INE361B01024,1438.4,1459.0,1428.05,1455.8,1452.0,1447.15,345177,498365371.55,16199,LEGACY
2018-12-26,DRREDDY,Dr. Reddy's Laboratories,EQ,INE089A01023,2598.0,2628.0,2575.2,2622.3,2626.0,2599.8,753624,1965862435.3,48338,LEGACY
2018-12-26,GLAXO,GlaxoSmithKline Pharmaceuticals,EQ,INE159A01016,1455.3,1520.0,1420.0,1497.1,1511.15,1455.3,17872,26355652.15,2012,LEGACY
2018-12-26,GLENMARK,Glenmark Pharmaceuticals,EQ,INE935A01035,676.0,676.0,662.8,671.05,672.1,677.05,590655,395937034.8,9814,LEGACY
2018-12-26,GRANULES,Granules India,EQ,INE101D01020,88.4,89.0,86.3,87.85,87.8,88.5,603713,52897740.4,4554,LEGACY
2018-12-26,IPCALAB,IPCA Laboratories,EQ,INE571A01020,788.6,798.0,783.0,790.3,788.8,801.85,39108,30861845.55,5824,LEGACY
2018-12-26,JBCHEPHARM,JB Chemicals & Pharmaceuticals,EQ,INE572A01028,293.05,297.9,292.7,296.25,295.2,299.35,18735,5526170.1,751,LEGACY
2018-12-26,LAURUSLABS,Laurus Labs,EQ,INE947Q01010,378.0,384.65,365.0,380.95,381.0,381.0,29257,11054153.1,395,LEGACY
2018-12-26,LUPIN,Lupin,EQ,INE326A01037,828.0,840.4,817.05,833.2,832.6,838.25,1441827,1195571536.55,32364,LEGACY
2018-12-26,NATCOPHARM,Natco Pharma,EQ,INE987B01026,697.9,697.9,669.7,675.95,675.5,693.95,184124,124500375.7,13541,LEGACY
2018-12-26,PEL,Piramal Enterprises,EQ,INE140A01024,2285.0,2324.0,2234.0,2313.0,2307.0,2301.35,585498,1334597022.45,29350,LEGACY
2018-12-26,PFIZER,Pfizer,EQ,INE182A01018,2809.0,2859.1,2739.35,2849.0,2839.2,2798.55,9098,25588597.55,1802,LEGACY
2018-12-26,SANOFI,Sanofi India,EQ,INE058A01010,6166.5,6166.5,6032.55,6143.7,6147.0,6132.7,1582,9652658.5,700,LEGACY
2018-12-26,STAR,Strides Pharma Science,EQ,INE939A01011,454.7,463.0,446.5,459.55,459.6,457.15,877546,399772064.45,15767,LEGACY
2018-12-26,SUNPHARMA,Sun Pharmaceutical Industries,EQ,INE044A01036,423.45,423.45,410.0,413.65,414.95,424.35,8406699,3485958067.25,174403,LEGACY
2018-12-26,TORNTPHARM,Torrent Pharmaceuticals,EQ,INE685A01028,1755.0,1767.95,1718.0,1753.25,1745.0,1769.6,131513,229427966.95,11609,LEGACY
2018-12-26,WOCKPHARMA,Wockhardt,EQ,INE049B01025,504.4,508.6,491.75,505.95,507.0,504.6,1132642,566405922.7,18604,LEGACY
2018-12-27,ABBOTINDIA,Abbott India,EQ,INE358A01014,7507.0,7545.15,7460.0,7469.5,7465.0,7498.3,1743,13075444.85,465,LEGACY
2018-12-27,AJANTPHARM,Ajanta Pharma,EQ,INE031B01049,1139.7,1185.0,1126.0,1177.75,1179.0,1128.55,517054,600260233.7,18535,LEGACY
2018-12-27,ALKEM,Alkem Laboratories,EQ,INE540L01014,1855.15,1884.9,1855.15,1862.65,1862.0,1874.55,21154,39587520.6,4778,LEGACY
2018-12-27,APLLTD,Alembic Pharmaceuticals,EQ,INE901L01018,568.0,576.0,564.55,573.5,575.0,564.55,31215,17859569.65,2081,LEGACY
2018-12-27,AUROPHARMA,Aurobindo Pharma,EQ,INE406A01037,723.0,727.0,710.05,711.85,711.85,718.5,2232649,1606330321.45,52386,LEGACY
2018-12-27,BIOCON,Biocon,EQ,INE376G01013,618.9,621.0,610.05,611.45,610.95,614.7,1515713,930435446.35,24254,LEGACY
2018-12-27,CADILAHC,Cadila Healthcare,EQ,INE010B01027,342.95,343.0,338.0,338.8,338.7,339.4,537841,183070003.7,10612,LEGACY
2018-12-27,CIPLA,Cipla,EQ,INE059A01026,518.9,521.0,514.0,517.9,520.4,514.3,1351636,698829315.95,37001,LEGACY
2018-12-27,DIVISLAB,Divi's Laboratories,EQ,INE361B01024,1465.0,1480.0,1448.15,1471.15,1475.05,1455.8,434791,635125592.35,19115,LEGACY
2018-12-27,DRREDDY,Dr. Reddy's Laboratories,EQ,INE089A01023,2641.0,2645.0,2581.35,2587.45,2597.0,2622.3,587578,1528485811.95,26942,LEGACY
2018-12-27,GLAXO,GlaxoSmithKline Pharmaceuticals,EQ,INE159A01016,1504.25,1515.0,1472.0,1505.65,1514.4,1497.1,15565,23327780.3,2594,LEGACY
2018-12-27,GLENMARK,Glenmark Pharmaceuticals,EQ,INE935A01035,676.5,688.0,662.65,683.1,685.1,671.05,1026004,693739964.35,16425,LEGACY
2018-12-27,GRANULES,Granules India,EQ,INE101D01020,89.8,89.8,87.0,88.35,89.35,87.85,808391,71083132.55,5773,LEGACY
2018-12-27,IPCALAB,IPCA Laboratories,EQ,INE571A01020,790.0,790.0,780.1,783.8,783.5,790.3,39004,30582958.6,5346,LEGACY
2018-12-27,JBCHEPHARM,JB Chemicals & Pharmaceuticals,EQ,INE572A01028,298.05,300.0,297.7,299.4,297.85,296.25,14523,4342030.25,527,LEGACY
2018-12-27,LAURUSLABS,Laurus Labs,EQ,INE947Q01010,381.55,384.45,380.2,381.85,382.0,380.95,3451,1319509.9,325,LEGACY
2018-12-27,LUPIN,Lupin,EQ,INE326A01037,837.0,841.9,830.1,838.7,839.05,833.2,1217908,1018156711.25,31722,LEGACY
2018-12-27,NATCOPHARM,Natco Pharma,EQ,INE987B01026,679.5,692.0,672.05,685.05,686.2,675.95,135886,92365014.45,8384,LEGACY
2018-12-27,PEL,Piramal Enterprises,EQ,INE140A01024,2328.0,2347.95,2271.0,2290.9,2285.55,2313.0,514861,1183309531.55,20580,LEGACY
2018-12-27,PFIZER,Pfizer,EQ,INE182A01018,2850.0,2870.0,2765.55,2782.15,2774.95,2849.0,41838,118543667.1,3847,LEGACY
2018-12-27,SANOFI,Sanofi India,EQ,INE058A01010,6229.0,6283.0,6098.5,6230.05,6250.0,6143.7,2334,14486084.2,810,LEGACY
2018-12-27,STAR,Strides Pharma Science,EQ,INE939A01011,463.3,464.15,455.25,456.5,456.5,459.55,820275,376898262.7,14456,LEGACY
2018-12-27,SUNPHARMA,Sun Pharmaceutical Industries,EQ,INE044A01036,423.0,423.3,410.0,411.15,411.8,413.65,12839897,5327505204.55,126512,LEGACY
2018-12-27,TORNTPHARM,Torrent Pharmaceuticals,EQ,INE685A01028,1769.9,1773.55,1726.2,1739.6,1741.0,1753.25,122208,214163551.6,11105,LEGACY
2018-12-27,WOCKPHARMA,Wockhardt,EQ,INE049B01025,511.0,511.9,502.4,505.15,505.8,505.95,788620,399722103.4,11473,LEGACY
2018-12-28,ABBOTINDIA,Abbott India,EQ,INE358A01014,7540.0,7540.0,7434.0,7470.95,7450.0,7469.5,1647,12337898.25,428,LEGACY
2018-12-28,AJANTPHARM,Ajanta Pharma,EQ,INE031B01049,1184.9,1197.0,1170.65,1187.55,1185.3,1177.75,669630,795154423.3,19909,LEGACY
2018-12-28,ALKEM,Alkem Laboratories,EQ,INE540L01014,1879.0,1913.0,1863.15,1905.1,1891.1,1862.65,21623,40842859.55,3484,LEGACY
2018-12-28,APLLTD,Alembic Pharmaceuticals,EQ,INE901L01018,574.05,578.6,560.05,572.25,570.0,573.5,36324,20667939.75,2691,LEGACY
2018-12-28,AUROPHARMA,Aurobindo Pharma,EQ,INE406A01037,712.0,727.35,712.0,723.95,723.3,711.85,2189653,1583866570.1,49350,LEGACY
2018-12-28,BIOCON,Biocon,EQ,INE376G01013,612.75,623.6,611.5,620.8,621.9,611.45,1388252,860059310.85,23261,LEGACY
2018-12-28,CADILAHC,Cadila Healthcare,EQ,INE010B01027,340.25,347.6,339.35,345.3,345.95,338.8,782756,270037338.85,11243,LEGACY
2018-12-28,CIPLA,Cipla,EQ,INE059A01026,514.3,525.35,514.3,522.0,522.0,517.9,1933464,1010465019.8,36662,LEGACY
2018-12-28,DIVISLAB,Divi's Laboratories,EQ,INE361B01024,1475.1,1482.0,1462.05,1467.2,1465.95,1471.15,305371,449346068.4,16113,LEGACY
2018-12-28,DRREDDY,Dr. Reddy's Laboratories,EQ,INE089A01023,2605.0,2633.0,2601.1,2621.9,2622.9,2587.45,597700,1567130870.5,30062,LEGACY
2018-12-28,GLAXO,GlaxoSmithKline Pharmaceuticals,EQ,INE159A01016,1508.2,1515.0,1487.0,1512.05,1503.1,1505.65,13948,20989702.65,2035,LEGACY
2018-12-28,GLENMARK,Glenmark Pharmaceuticals,EQ,INE935A01035,688.0,700.75,679.0,696.75,696.05,683.1,1014317,702569534.6,21037,LEGACY
2018-12-28,GRANULES,Granules India,EQ,INE101D01020,88.95,90.6,88.3,89.85,89.9,88.35,723599,64962421.6,4265,LEGACY
2018-12-28,IPCALAB,IPCA Laboratories,EQ,INE571A01020,789.7,800.0,777.0,781.2,778.0,783.8,58223,45910157.5,4417,LEGACY
2018-12-28,JBCHEPHARM,JB Chemicals & Pharmaceuticals,EQ,INE572A01028,298.1,302.95,294.4,300.25,299.4,299.4,16200,4844844.95,572,LEGACY
2018-12-28,LAURUSLABS,Laurus Labs,EQ,INE947Q01010,381.05,383.7,379.05,382.5,382.1,381.85,4779,1828651.1,200,LEGACY
2018-12-28,LUPIN,Lupin,EQ,INE326A01037,841.0,852.0,836.8,840.3,837.65,838.7,1133640,958622864.95,23002,LEGACY
2018-12-28,NATCOPHARM,Natco Pharma,EQ,INE987B01026,689.2,690.0,677.4,683.3,681.6,685.05,137702,94094290.1,5120,LEGACY
2018-12-28,PEL,Piramal Enterprises,EQ,INE140A01024,2308.0,2373.7,2302.15,2358.15,2360.0,2290.9,675832,1584493368.45,28207,LEGACY
2018-12-28,PFIZER,Pfizer,EQ,INE182A01018,2786.0,2814.0,2740.0,2796.25,2797.95,2782.15,27863,77455694.4,3672,LEGACY
2018-12-28,SANOFI,Sanofi India,EQ,INE058A01010,6230.0,6400.0,6158.05,6339.4,6400.0,6230.05,5479,34596589.15,1528,LEGACY
2018-12-28,STAR,Strides Pharma Science,EQ,INE939A01011,457.05,469.65,457.05,464.55,465.2,456.5,664967,309052628.25,11113,LEGACY
2018-12-28,SUNPHARMA,Sun Pharmaceutical Industries,EQ,INE044A01036,415.0,428.7,413.5,425.2,425.0,411.15,12805576,5425868501.05,147151,LEGACY
2018-12-28,TORNTPHARM,Torrent Pharmaceuticals,EQ,INE685A01028,1754.9,1787.15,1742.0,1779.3,1786.0,1739.6,152301,270266747.3,7984,LEGACY
2018-12-28,WOCKPHARMA,Wockhardt,EQ,INE049B01025,507.9,520.2,506.7,518.0,517.7,505.15,1319331,679716286.15,18591,LEGACY
