LEDGER_ID,SOURCE_ROW_NUMBER,EX_DATE,RECORD_DATE,COMPANY_ID,SYMBOL,PRICE_SYMBOL,SERIES,PURPOSE,PURPOSE_NORMALIZED,ACTION_TAGS,PRIMARY_CLASS,TREATMENT_CODE,RESEARCH_RELEVANCE,STRUCTURAL_BREAK_FLAG,SPECIAL_DIVIDEND_FLAG,AUTO_TERMS_READY,MANUAL_REVIEW_REQUIRED,REVIEW_REASON,DIVIDEND_RUPEES_PER_SHARE,DIVIDEND_PARSE_STATUS,BONUS_NEW_SHARES,BONUS_EXISTING_SHARES,BONUS_SHARE_MULTIPLIER,BONUS_PARSE_STATUS,SPLIT_OLD_FACE_VALUE,SPLIT_NEW_FACE_VALUE,SPLIT_SHARE_MULTIPLIER,SPLIT_PARSE_STATUS,RIGHTS_NEW_SHARES,RIGHTS_EXISTING_SHARES,RIGHTS_RATIO_PARSE_STATUS,EQ_PRICE_ON_EX_DATE,EQ_CLOSE_ON_EX_DATE,COMPANY,NSE_COMPANY_NAME,FACE_VALUE,BOOK_CLOSURE_START,BOOK_CLOSURE_END,PAYMENT_DATE,REMARKS
CA0001,1,2016-02-08,2016-02-09,GRANULES,GRANULES,GRANULES,EQ,Interim Dividend - Re 0.15/- Per Share,INTERIM DIVIDEND - RE 0.15/- PER SHARE,DIVIDEND,CASH_DIVIDEND,LATER_INCLUDE_CASH_DIVIDEND_IN_TOTAL_RETURN,EQ_SERIES,False,False,True,False,,0.15,PARSED,,,,NOT_APPLICABLE,,,,NOT_APPLICABLE,,,NOT_APPLICABLE,True,120.8,Granules India,Granules India Limited,1,,,,
CA0002,2,2016-02-11,2016-02-12,TORNTPHARM,TORNTPHARM,TORNTPHARM,EQ,Interim Dividend - Rs 20/- Per Share (Purpose Revised),INTERIM DIVIDEND - RS 20/- PER SHARE (PURPOSE REVISED),DIVIDEND,CASH_DIVIDEND,LATER_INCLUDE_CASH_DIVIDEND_IN_TOTAL_RETURN,EQ_SERIES,False,False,True,False,,20.0,PARSED,,,,NOT_APPLICABLE,,,,NOT_APPLICABLE,,,NOT_APPLICABLE,True,1266.1,Torrent Pharmaceuticals,Torrent Pharmaceuticals Limited,5,,,,
CA0003,3,2016-02-18,2016-02-22,AUROPHARMA,AUROPHARMA,AUROPHARMA,EQ,Interim Dividend- Re 0.70/- Per Share,INTERIM DIVIDEND- RE 0.70/- PER SHARE,DIVIDEND,CASH_DIVIDEND,LATER_INCLUDE_CASH_DIVIDEND_IN_TOTAL_RETURN,EQ_SERIES,False,False,True,False,,0.7,PARSED,,,,NOT_APPLICABLE,,,,NOT_APPLICABLE,,,NOT_APPLICABLE,True,668.0,Aurobindo Pharma,Aurobindo Pharma Limited,1,,,,
CA0004,4,2016-02-22,2016-02-23,NATCOPHARM,NATCOPHARM,NATCOPHARM,EQ,Interim Dividend - Rs 1.25/- Per Share,INTERIM DIVIDEND - RS 1.25/- PER SHARE,DIVIDEND,CASH_DIVIDEND,LATER_INCLUDE_CASH_DIVIDEND_IN_TOTAL_RETURN,EQ_SERIES,False,False,True,False,,1.25,PARSED,,,,NOT_APPLICABLE,,,,NOT_APPLICABLE,,,NOT_APPLICABLE,True,477.55,Natco Pharma,Natco Pharma Limited,2,,,,
CA0005,5,2016-03-16,2016-03-17,TORNTPHARM,TORNTPHARM,TORNTPHARM,EQ,Interim Dividend - Rs 15/- Per Share (Purpose Revised),INTERIM DIVIDEND - RS 15/- PER SHARE (PURPOSE REVISED),DIVIDEND,CASH_DIVIDEND,LATER_INCLUDE_CASH_DIVIDEND_IN_TOTAL_RETURN,EQ_SERIES,False,False,True,False,,15.0,PARSED,,,,NOT_APPLICABLE,,,,NOT_APPLICABLE,,,NOT_APPLICABLE,True,1254.25,Torrent Pharmaceuticals,Torrent Pharmaceuticals Limited,5,,,,
CA0006,6,2016-03-17,2016-03-19,AJANTPHARM,AJANTPHARM,AJANTPHARM,EQ,Interim Dividend - Rs 8/- Per Share,INTERIM DIVIDEND - RS 8/- PER SHARE,DIVIDEND,CASH_DIVIDEND,LATER_INCLUDE_CASH_DIVIDEND_IN_TOTAL_RETURN,EQ_SERIES,False,False,True,False,,8.0,PARSED,,,,NOT_APPLICABLE,,,,NOT_APPLICABLE,,,NOT_APPLICABLE,True,1358.8,Ajanta Pharma,Ajanta Pharma Limited,2,,,,
CA0007,7,2016-03-17,2016-03-19,BIOCON,BIOCON,BIOCON,EQ,Interim Dividend - Rs 5/- Per Share (Purpose Revised),INTERIM DIVIDEND - RS 5/- PER SHARE (PURPOSE REVISED),DIVIDEND,CASH_DIVIDEND,LATER_INCLUDE_CASH_DIVIDEND_IN_TOTAL_RETURN,EQ_SERIES,False,False,True,False,,5.0,PARSED,,,,NOT_APPLICABLE,,,,NOT_APPLICABLE,,,NOT_APPLICABLE,True,463.95,Biocon,Biocon Limited,5,,,,
CA0008,8,2016-03-17,2016-03-18,DIVISLAB,DIVISLAB,DIVISLAB,EQ,Interim Dividend - Rs 10/- Per Share (Purpose Revised),INTERIM DIVIDEND - RS 10/- PER SHARE (PURPOSE REVISED),DIVIDEND,CASH_DIVIDEND,LATER_INCLUDE_CASH_DIVIDEND_IN_TOTAL_RETURN,EQ_SERIES,False,False,True,False,,10.0,PARSED,,,,NOT_APPLICABLE,,,,NOT_APPLICABLE,,,NOT_APPLICABLE,True,975.2,Divi's Laboratories,Divi's Laboratories Limited,2,,,,
CA0009,9,2016-03-17,2016-03-19,JBCHEPHARM,JBCHEPHARM,JBCHEPHARM,EQ,Interim Dividend -Rs 4.50/- Per Share (Purpose Revised),INTERIM DIVIDEND -RS 4.50/- PER SHARE (PURPOSE REVISED),DIVIDEND,CASH_DIVIDEND,LATER_INCLUDE_CASH_DIVIDEND_IN_TOTAL_RETURN,EQ_SERIES,False,False,True,False,,4.5,PARSED,,,,NOT_APPLICABLE,,,,NOT_APPLICABLE,,,NOT_APPLICABLE,True,254.0,JB Chemicals & Pharmaceuticals,JB Chemicals & Pharmaceuticals Limited,1,,,,
CA0010,10,2016-03-17,2016-03-19,PEL,PEL,PEL,EQ,Interim Dividend -Rs 17.50/- Per Share,INTERIM DIVIDEND -RS 17.50/- PER SHARE,DIVIDEND,CASH_DIVIDEND,LATER_INCLUDE_CASH_DIVIDEND_IN_TOTAL_RETURN,EQ_SERIES,False,False,True,False,,17.5,PARSED,,,,NOT_APPLICABLE,,,,NOT_APPLICABLE,,,NOT_APPLICABLE,True,939.1,Piramal Enterprises,Piramal Enterprises Limited,2,,,,
CA0011,11,2016-03-17,2016-03-18,ZYDUS,ZYDUSLIFE,CADILAHC,EQ,Interim Dividend - Rs 3.20/- Per Share,INTERIM DIVIDEND - RS 3.20/- PER SHARE,DIVIDEND,CASH_DIVIDEND,LATER_INCLUDE_CASH_DIVIDEND_IN_TOTAL_RETURN,EQ_SERIES,False,False,True,False,,3.2,PARSED,,,,NOT_APPLICABLE,,,,NOT_APPLICABLE,,,NOT_APPLICABLE,True,337.5,Zydus Lifesciences,Zydus Lifesciences Limited,1,,,,
CA0012,12,2016-03-18,2016-03-21,ALKEM,ALKEM,ALKEM,EQ,Interim Dividend -Rs 9.70/- Per Share,INTERIM DIVIDEND -RS 9.70/- PER SHARE,DIVIDEND,CASH_DIVIDEND,LATER_INCLUDE_CASH_DIVIDEND_IN_TOTAL_RETURN,EQ_SERIES,False,False,True,False,,9.7,PARSED,,,,NOT_APPLICABLE,,,,NOT_APPLICABLE,,,NOT_APPLICABLE,True,1374.95,Alkem Laboratories,Alkem Laboratories Limited,2,,,,
CA0013,13,2016-04-13,,SANOFI,SANOFI,SANOFI,EQ,Final Dividend - Rs 25/- Per Share + Special Dividend - Rs 22/- Per Share,FINAL DIVIDEND - RS 25/- PER SHARE + SPECIAL DIVIDEND - RS 22/- PER SHARE,DIVIDEND,CASH_DIVIDEND,LATER_INCLUDE_CASH_DIVIDEND_IN_TOTAL_RETURN,EQ_SERIES,False,True,False,True,SPECIAL_DIVIDEND_VERIFY_AND_AVOID_DOUBLE_COUNT,,AMBIGUOUS_MULTIPLE_AMOUNTS,,,,NOT_APPLICABLE,,,,NOT_APPLICABLE,,,NOT_APPLICABLE,True,4279.05,Sanofi India,Sanofi India Limited,10,2016-04-19,2016-04-29,,
CA0014,14,2016-06-09,2016-06-10,AUROPHARMA,AUROPHARMA,AUROPHARMA,EQ,Interim Dividend - Re 0.70/- Per Share,INTERIM DIVIDEND - RE 0.70/- PER SHARE,DIVIDEND,CASH_DIVIDEND,LATER_INCLUDE_CASH_DIVIDEND_IN_TOTAL_RETURN,EQ_SERIES,False,False,True,False,,0.7,PARSED,,,,NOT_APPLICABLE,,,,NOT_APPLICABLE,,,NOT_APPLICABLE,True,752.9,Aurobindo Pharma,Aurobindo Pharma Limited,1,,,,
CA0015,15,2016-06-22,,BIOCON,BIOCON,BIOCON,EQ,Annual General Meeting,ANNUAL GENERAL MEETING,AGM,ADMIN_ONLY,NO_PRICE_OR_TOTAL_RETURN_ADJUSTMENT,EQ_SERIES,False,False,False,False,,,NOT_APPLICABLE,,,,NOT_APPLICABLE,,,,NOT_APPLICABLE,,,NOT_APPLICABLE,True,716.1,Biocon,Biocon Limited,5,2016-06-24,2016-06-30,,
CA0016,16,2016-06-24,,AJANTPHARM,AJANTPHARM,AJANTPHARM,EQ,Annual General Meeting,ANNUAL GENERAL MEETING,AGM,ADMIN_ONLY,NO_PRICE_OR_TOTAL_RETURN_ADJUSTMENT,EQ_SERIES,False,False,False,False,,,NOT_APPLICABLE,,,,NOT_APPLICABLE,,,,NOT_APPLICABLE,,,NOT_APPLICABLE,True,1478.15,Ajanta Pharma,Ajanta Pharma Limited,2,2016-06-28,2016-07-05,,
CA0017,17,2016-06-27,,PFIZER,PFIZER,PFIZER,EQ,Dividend - Rs.15/- Per Share,DIVIDEND - RS.15/- PER SHARE,DIVIDEND,CASH_DIVIDEND,LATER_INCLUDE_CASH_DIVIDEND_IN_TOTAL_RETURN,EQ_SERIES,False,False,True,False,,15.0,PARSED,,,,NOT_APPLICABLE,,,,NOT_APPLICABLE,,,NOT_APPLICABLE,True,1867.2,Pfizer,Pfizer Limited,10,2016-06-29,2016-07-05,,
CA0018,18,2016-07-08,,ABBOTINDIA,ABBOTINDIA,ABBOTINDIA,EQ,Annual General Meeting/Divided - Rs 35/- Per Share,ANNUAL GENERAL MEETING/DIVIDED - RS 35/- PER SHARE,AGM,ADMIN_ONLY,NO_PRICE_OR_TOTAL_RETURN_ADJUSTMENT,EQ_SERIES,False,False,False,False,,,NOT_APPLICABLE,,,,NOT_APPLICABLE,,,,NOT_APPLICABLE,,,NOT_APPLICABLE,True,4732.7,Abbott India,Abbott India Limited,10,2016-07-12,2016-07-18,,
CA0019,19,2016-07-14,2016-07-15,SUNPHARMA,SUNPHARMA,SUNPHARMA,EQ,Buy Back,BUY BACK,BUYBACK,BUYBACK,NO_AUTOMATIC_ADJUSTMENT_REVIEW_TERMS,EQ_SERIES,False,False,False,True,BUYBACK_IS_NOT_AUTOMATIC_TOTAL_RETURN_DISTRIBUTION,,NOT_APPLICABLE,,,,NOT_APPLICABLE,,,,NOT_APPLICABLE,,,NOT_APPLICABLE,True,768.55,Sun Pharmaceutical Industries,Sun Pharmaceutical Industries Limited,1,,,,
CA0020,20,2016-07-15,,GLAXO,GLAXO,GLAXO,EQ,Dividend Rs 50/- Per Share,DIVIDEND RS 50/- PER SHARE,DIVIDEND,CASH_DIVIDEND,LATER_INCLUDE_CASH_DIVIDEND_IN_TOTAL_RETURN,EQ_SERIES,False,False,True,False,,50.0,PARSED,,,,NOT_APPLICABLE,,,,NOT_APPLICABLE,,,NOT_APPLICABLE,True,3458.95,GlaxoSmithKline Pharmaceuticals,GlaxoSmithKline Pharmaceuticals Limited,10,2016-07-19,2016-07-28,,
CA0021,21,2016-07-18,,DRREDDY,DRREDDY,DRREDDY,EQ,Annual General Meeting/ Dividend - Rs 20/- Per Share,ANNUAL GENERAL MEETING/ DIVIDEND - RS 20/- PER SHARE,AGM;DIVIDEND,CASH_DIVIDEND,LATER_INCLUDE_CASH_DIVIDEND_IN_TOTAL_RETURN,EQ_SERIES,False,False,True,False,,20.0,PARSED,,,,NOT_APPLICABLE,,,,NOT_APPLICABLE,,,NOT_APPLICABLE,True,3567.75,Dr. Reddy's Laboratories,Dr. Reddy's Laboratories Limited,1,2016-07-20,2016-07-22,,
CA0022,22,2016-07-20,,APLLTD,APLLTD,APLLTD,EQ,Annual General Meeting/Dividend - Rs 4/- Per Share,ANNUAL GENERAL MEETING/DIVIDEND - RS 4/- PER SHARE,AGM;DIVIDEND,CASH_DIVIDEND,LATER_INCLUDE_CASH_DIVIDEND_IN_TOTAL_RETURN,EQ_SERIES,False,False,True,False,,4.0,PARSED,,,,NOT_APPLICABLE,,,,NOT_APPLICABLE,,,NOT_APPLICABLE,True,588.9,Alembic Pharmaceuticals,Alembic Pharmaceuticals Limited,2,2016-07-22,2016-07-29,,
CA0023,23,2016-07-21,,STAR,STAR,STAR,EQ,Annual General Meeting/ Dividend - Rs 4/- Per Share,ANNUAL GENERAL MEETING/ DIVIDEND - RS 4/- PER SHARE,AGM;DIVIDEND,CASH_DIVIDEND,LATER_INCLUDE_CASH_DIVIDEND_IN_TOTAL_RETURN,EQ_SERIES,False,False,True,False,,4.0,PARSED,,,,NOT_APPLICABLE,,,,NOT_APPLICABLE,,,NOT_APPLICABLE,True,1159.45,Strides Pharma Science,Strides Pharma Science Limited,10,2016-07-23,2016-07-29,,
CA0024,24,2016-07-21,,ZYDUS,ZYDUSLIFE,CADILAHC,EQ,Annual General Meeting,ANNUAL GENERAL MEETING,AGM,ADMIN_ONLY,NO_PRICE_OR_TOTAL_RETURN_ADJUSTMENT,EQ_SERIES,False,False,False,False,,,NOT_APPLICABLE,,,,NOT_APPLICABLE,,,,NOT_APPLICABLE,,,NOT_APPLICABLE,True,373.3,Zydus Lifesciences,Zydus Lifesciences Limited,1,2016-07-25,2016-08-03,,
CA0025,25,2016-07-25,,LUPIN,LUPIN,LUPIN,EQ,Annual General Meeting/ Dividend -Rs 7.50/- Per Share,ANNUAL GENERAL MEETING/ DIVIDEND -RS 7.50/- PER SHARE,AGM;DIVIDEND,CASH_DIVIDEND,LATER_INCLUDE_CASH_DIVIDEND_IN_TOTAL_RETURN,EQ_SERIES,False,False,True,False,,7.5,PARSED,,,,NOT_APPLICABLE,,,,NOT_APPLICABLE,,,NOT_APPLICABLE,True,1722.2,Lupin,Lupin Limited,2,2016-07-27,2016-08-03,,
CA0026,26,2016-08-03,,GLENMARK,GLENMARK,GLENMARK,EQ,Annual General Meeting/ Dividend - Rs 2/- Per Share,ANNUAL GENERAL MEETING/ DIVIDEND - RS 2/- PER SHARE,AGM;DIVIDEND,CASH_DIVIDEND,LATER_INCLUDE_CASH_DIVIDEND_IN_TOTAL_RETURN,EQ_SERIES,False,False,True,False,,2.0,PARSED,,,,NOT_APPLICABLE,,,,NOT_APPLICABLE,,,NOT_APPLICABLE,True,822.35,Glenmark Pharmaceuticals,Glenmark Pharmaceuticals Limited,1,2016-08-05,2016-08-12,,
CA0027,27,2016-08-03,,GRANULES,GRANULES,GRANULES,EQ,Annual Genral Meeting/ Dividend - Re 0.20/- Per Share,ANNUAL GENRAL MEETING/ DIVIDEND - RE 0.20/- PER SHARE,DIVIDEND,CASH_DIVIDEND,LATER_INCLUDE_CASH_DIVIDEND_IN_TOTAL_RETURN,EQ_SERIES,False,False,True,False,,0.2,PARSED,,,,NOT_APPLICABLE,,,,NOT_APPLICABLE,,,NOT_APPLICABLE,True,140.0,Granules India,Granules India Limited,1,2016-08-05,2016-08-11,,
CA0028,28,2016-08-04,,IPCALAB,IPCALAB,IPCALAB,EQ,Annual General Meeting,ANNUAL GENERAL MEETING,AGM,ADMIN_ONLY,NO_PRICE_OR_TOTAL_RETURN_ADJUSTMENT,EQ_SERIES,False,False,False,False,,,NOT_APPLICABLE,,,,NOT_APPLICABLE,,,,NOT_APPLICABLE,,,NOT_APPLICABLE,True,518.4,IPCA Laboratories,IPCA Laboratories Limited,1,2016-08-06,2016-08-11,,
CA0029,29,2016-08-04,2016-08-05,SANOFI,SANOFI,SANOFI,EQ,Interim Dividend - Rs 18/- Per Share,INTERIM DIVIDEND - RS 18/- PER SHARE,DIVIDEND,CASH_DIVIDEND,LATER_INCLUDE_CASH_DIVIDEND_IN_TOTAL_RETURN,EQ_SERIES,False,False,True,False,,18.0,PARSED,,,,NOT_APPLICABLE,,,,NOT_APPLICABLE,,,NOT_APPLICABLE,True,4503.55,Sanofi India,Sanofi India Limited,10,,,,
CA0030,30,2016-08-04,,WOCKPHARMA,WOCKPHARMA,WOCKPHARMA,EQ,Annual General Meeting,ANNUAL GENERAL MEETING,AGM,ADMIN_ONLY,NO_PRICE_OR_TOTAL_RETURN_ADJUSTMENT,EQ_SERIES,False,False,False,False,,,NOT_APPLICABLE,,,,NOT_APPLICABLE,,,,NOT_APPLICABLE,,,NOT_APPLICABLE,True,1010.4,Wockhardt,Wockhardt Limited,5,2016-08-06,2016-08-13,,
CA0031,31,2016-08-11,,JBCHEPHARM,JBCHEPHARM,JBCHEPHARM,EQ,Dividend - Re 0.50/- Per Share,DIVIDEND - RE 0.50/- PER SHARE,DIVIDEND,CASH_DIVIDEND,LATER_INCLUDE_CASH_DIVIDEND_IN_TOTAL_RETURN,EQ_SERIES,False,False,True,False,,0.5,PARSED,,,,NOT_APPLICABLE,,,,NOT_APPLICABLE,,,NOT_APPLICABLE,True,281.0,JB Chemicals & Pharmaceuticals,JB Chemicals & Pharmaceuticals Limited,1,2016-08-16,2016-08-23,,
CA0032,32,2016-08-12,,AUROPHARMA,AUROPHARMA,AUROPHARMA,EQ,Annual General Meeting,ANNUAL GENERAL MEETING,AGM,ADMIN_ONLY,NO_PRICE_OR_TOTAL_RETURN_ADJUSTMENT,EQ_SERIES,False,False,False,False,,,NOT_APPLICABLE,,,,NOT_APPLICABLE,,,,NOT_APPLICABLE,,,NOT_APPLICABLE,True,747.45,Aurobindo Pharma,Aurobindo Pharma Limited,1,2016-08-18,2016-08-24,,
CA0033,33,2016-08-18,,DIVISLAB,DIVISLAB,DIVISLAB,EQ,Annnual General Meeting,ANNNUAL GENERAL MEETING,,OTHER_MANUAL_REVIEW,MANUAL_REVIEW_UNCLASSIFIED,EQ_SERIES,False,False,False,True,PURPOSE_NOT_CLASSIFIED_CONFIDENTLY,,NOT_APPLICABLE,,,,NOT_APPLICABLE,,,,NOT_APPLICABLE,,,NOT_APPLICABLE,True,1275.6,Divi's Laboratories,Divi's Laboratories Limited,2,2016-08-22,2016-08-26,,
CA0034,34,2016-08-19,2016-08-22,NATCOPHARM,NATCOPHARM,NATCOPHARM,EQ,Dividend - Re 0.75/- Per Share,DIVIDEND - RE 0.75/- PER SHARE,DIVIDEND,CASH_DIVIDEND,LATER_INCLUDE_CASH_DIVIDEND_IN_TOTAL_RETURN,EQ_SERIES,False,False,True,False,,0.75,PARSED,,,,NOT_APPLICABLE,,,,NOT_APPLICABLE,,,NOT_APPLICABLE,True,642.25,Natco Pharma,Natco Pharma Limited,2,,,,
CA0035,35,2016-08-23,2016-08-24,GRANULES,GRANULES,GRANULES,EQ,Interim Dividend - Re 0.20 Per Share,INTERIM DIVIDEND - RE 0.20 PER SHARE,DIVIDEND,CASH_DIVIDEND,LATER_INCLUDE_CASH_DIVIDEND_IN_TOTAL_RETURN,EQ_SERIES,False,False,True,False,,0.2,PARSED,,,,NOT_APPLICABLE,,,,NOT_APPLICABLE,,,NOT_APPLICABLE,True,126.6,Granules India,Granules India Limited,1,,,,
CA0036,36,2016-09-08,,SUNPHARMA,SUNPHARMA,SUNPHARMA,EQ,Annual General Meeting/Dividend Re 1/- Per Share,ANNUAL GENERAL MEETING/DIVIDEND RE 1/- PER SHARE,AGM;DIVIDEND,CASH_DIVIDEND,LATER_INCLUDE_CASH_DIVIDEND_IN_TOTAL_RETURN,EQ_SERIES,False,False,True,False,,1.0,PARSED,,,,NOT_APPLICABLE,,,,NOT_APPLICABLE,,,NOT_APPLICABLE,True,808.05,Sun Pharmaceutical Industries,Sun Pharmaceutical Industries Limited,1,2016-09-10,2016-09-17,,
CA0037,37,2016-09-12,,CIPLA,CIPLA,CIPLA,EQ,Annual General Meeting/Dividend Rs 2/- Per Share,ANNUAL GENERAL MEETING/DIVIDEND RS 2/- PER SHARE,AGM;DIVIDEND,CASH_DIVIDEND,LATER_INCLUDE_CASH_DIVIDEND_IN_TOTAL_RETURN,EQ_SERIES,False,False,True,False,,2.0,PARSED,,,,NOT_APPLICABLE,,,,NOT_APPLICABLE,,,NOT_APPLICABLE,True,570.1,Cipla,Cipla Limited,2,2016-09-15,2016-09-28,,
CA0038,38,2016-11-03,2016-11-05,GRANULES,GRANULES,GRANULES,EQ,Interim Dividend - Re 0.20 Per Share,INTERIM DIVIDEND - RE 0.20 PER SHARE,DIVIDEND,CASH_DIVIDEND,LATER_INCLUDE_CASH_DIVIDEND_IN_TOTAL_RETURN,EQ_SERIES,False,False,True,False,,0.2,PARSED,,,,NOT_APPLICABLE,,,,NOT_APPLICABLE,,,NOT_APPLICABLE,True,115.5,Granules India,Granules India Limited,1,,,,
CA0039,39,2016-11-07,2016-11-08,AJANTPHARM,AJANTPHARM,AJANTPHARM,EQ,Interim Dividend Rs 6/- Per Share,INTERIM DIVIDEND RS 6/- PER SHARE,DIVIDEND,CASH_DIVIDEND,LATER_INCLUDE_CASH_DIVIDEND_IN_TOTAL_RETURN,EQ_SERIES,False,False,True,False,,6.0,PARSED,,,,NOT_APPLICABLE,,,,NOT_APPLICABLE,,,NOT_APPLICABLE,True,1916.4,Ajanta Pharma,Ajanta Pharma Limited,2,,,,
CA0040,40,2016-11-17,2016-11-19,WOCKPHARMA,WOCKPHARMA,WOCKPHARMA,EQ,Interim Dividend Rs 10/- Per Share (Purose Revised),INTERIM DIVIDEND RS 10/- PER SHARE (PUROSE REVISED),DIVIDEND,CASH_DIVIDEND,LATER_INCLUDE_CASH_DIVIDEND_IN_TOTAL_RETURN,EQ_SERIES,False,False,True,False,,10.0,PARSED,,,,NOT_APPLICABLE,,,,NOT_APPLICABLE,,,NOT_APPLICABLE,True,727.35,Wockhardt,Wockhardt Limited,5,,,,
CA0041,41,2016-11-23,2016-11-24,ALKEM,ALKEM,ALKEM,EQ,Interim Dividend Rs 6/- Per Share,INTERIM DIVIDEND RS 6/- PER SHARE,DIVIDEND,CASH_DIVIDEND,LATER_INCLUDE_CASH_DIVIDEND_IN_TOTAL_RETURN,EQ_SERIES,False,False,True,False,,6.0,PARSED,,,,NOT_APPLICABLE,,,,NOT_APPLICABLE,,,NOT_APPLICABLE,True,1702.15,Alkem Laboratories,Alkem Laboratories Limited,2,,,,
CA0042,42,2016-11-24,2016-11-25,AUROPHARMA,AUROPHARMA,AUROPHARMA,EQ,Interim Dividend Rs 1.25 Per Share,INTERIM DIVIDEND RS 1.25 PER SHARE,DIVIDEND,CASH_DIVIDEND,LATER_INCLUDE_CASH_DIVIDEND_IN_TOTAL_RETURN,EQ_SERIES,False,False,True,False,,1.25,PARSED,,,,NOT_APPLICABLE,,,,NOT_APPLICABLE,,,NOT_APPLICABLE,True,709.65,Aurobindo Pharma,Aurobindo Pharma Limited,1,,,,
CA0043,43,2017-02-07,2017-02-08,GRANULES,GRANULES,GRANULES,EQ,Interim Dividend Re 0.25 Per Share,INTERIM DIVIDEND RE 0.25 PER SHARE,DIVIDEND,CASH_DIVIDEND,LATER_INCLUDE_CASH_DIVIDEND_IN_TOTAL_RETURN,EQ_SERIES,False,False,True,False,,0.25,PARSED,,,,NOT_APPLICABLE,,,,NOT_APPLICABLE,,,NOT_APPLICABLE,True,125.85,Granules India,Granules India Limited,1,,,,
CA0044,44,2017-02-10,2017-02-13,TORNTPHARM,TORNTPHARM,TORNTPHARM,EQ,Interim Dividend Rs 10/- Per Share (Purpose Revised),INTERIM DIVIDEND RS 10/- PER SHARE (PURPOSE REVISED),DIVIDEND,CASH_DIVIDEND,LATER_INCLUDE_CASH_DIVIDEND_IN_TOTAL_RETURN,EQ_SERIES,False,False,True,False,,10.0,PARSED,,,,NOT_APPLICABLE,,,,NOT_APPLICABLE,,,NOT_APPLICABLE,True,1251.95,Torrent Pharmaceuticals,Torrent Pharmaceuticals Limited,5,,,,
CA0045,45,2017-02-23,2017-02-27,NATCOPHARM,NATCOPHARM,NATCOPHARM,EQ,Interim Dividend Rs 6/- Per Share,INTERIM DIVIDEND RS 6/- PER SHARE,DIVIDEND,CASH_DIVIDEND,LATER_INCLUDE_CASH_DIVIDEND_IN_TOTAL_RETURN,EQ_SERIES,False,False,True,False,,6.0,PARSED,,,,NOT_APPLICABLE,,,,NOT_APPLICABLE,,,NOT_APPLICABLE,True,810.25,Natco Pharma,Natco Pharma Limited,2,,,,
CA0046,46,2017-03-16,2017-03-17,ZYDUS,ZYDUSLIFE,CADILAHC,EQ,Interim Dividend Rs 3.20 Per Share (Purpose Revised),INTERIM DIVIDEND RS 3.20 PER SHARE (PURPOSE REVISED),DIVIDEND,CASH_DIVIDEND,LATER_INCLUDE_CASH_DIVIDEND_IN_TOTAL_RETURN,EQ_SERIES,False,False,True,False,,3.2,PARSED,,,,NOT_APPLICABLE,,,,NOT_APPLICABLE,,,NOT_APPLICABLE,True,442.7,Zydus Lifesciences,Zydus Lifesciences Limited,1,,,,
CA0047,47,2017-03-23,2017-03-25,AJANTPHARM,AJANTPHARM,AJANTPHARM,EQ,Interim Dividend Rs 7/- Per Share (Purpose Revised),INTERIM DIVIDEND RS 7/- PER SHARE (PURPOSE REVISED),DIVIDEND,CASH_DIVIDEND,LATER_INCLUDE_CASH_DIVIDEND_IN_TOTAL_RETURN,EQ_SERIES,False,False,True,False,,7.0,PARSED,,,,NOT_APPLICABLE,,,,NOT_APPLICABLE,,,NOT_APPLICABLE,True,1840.2,Ajanta Pharma,Ajanta Pharma Limited,2,,,,
CA0048,48,2017-04-25,,SANOFI,SANOFI,SANOFI,EQ,Annual General Meeting/Dividend Rs 50/- Per Share,ANNUAL GENERAL MEETING/DIVIDEND RS 50/- PER SHARE,AGM;DIVIDEND,CASH_DIVIDEND,LATER_INCLUDE_CASH_DIVIDEND_IN_TOTAL_RETURN,EQ_SERIES,False,False,True,False,,50.0,PARSED,,,,NOT_APPLICABLE,,,,NOT_APPLICABLE,,,NOT_APPLICABLE,True,4248.8,Sanofi India,Sanofi India Limited,10,2017-04-27,2017-05-05,,
CA0049,49,2017-06-01,2017-06-02,JBCHEPHARM,JBCHEPHARM,JBCHEPHARM,EQ,Buyback,BUYBACK,BUYBACK,BUYBACK,NO_AUTOMATIC_ADJUSTMENT_REVIEW_TERMS,EQ_SERIES,False,False,False,True,BUYBACK_IS_NOT_AUTOMATIC_TOTAL_RETURN_DISTRIBUTION,,NOT_APPLICABLE,,,,NOT_APPLICABLE,,,,NOT_APPLICABLE,,,NOT_APPLICABLE,True,329.9,JB Chemicals & Pharmaceuticals,JB Chemicals & Pharmaceuticals Limited,1,,,,
CA0050,50,2017-06-08,2017-06-09,AUROPHARMA,AUROPHARMA,AUROPHARMA,EQ,Inteim Dividend Rs 1.25 Per Share,INTEIM DIVIDEND RS 1.25 PER SHARE,DIVIDEND,CASH_DIVIDEND,LATER_INCLUDE_CASH_DIVIDEND_IN_TOTAL_RETURN,EQ_SERIES,False,False,True,False,,1.25,PARSED,,,,NOT_APPLICABLE,,,,NOT_APPLICABLE,,,NOT_APPLICABLE,True,605.05,Aurobindo Pharma,Aurobindo Pharma Limited,1,,,,
CA0051,51,2017-06-15,2017-06-17,BIOCON,BIOCON,BIOCON,EQ,Bonus 2:1,BONUS 2:1,BONUS,BONUS_ISSUE,LATER_NEUTRALIZE_SAME_STOCK_UNIT_CHANGE,EQ_SERIES,False,False,True,False,,,NOT_APPLICABLE,2.0,1.0,3.0,PARSED,,,,NOT_APPLICABLE,,,NOT_APPLICABLE,True,344.8,Biocon,Biocon Limited,5,,,,
CA0052,52,2017-06-19,,TORNTPHARM,TORNTPHARM,TORNTPHARM,EQ,Dividend - Rs 4/- Per Share,DIVIDEND - RS 4/- PER SHARE,DIVIDEND,CASH_DIVIDEND,LATER_INCLUDE_CASH_DIVIDEND_IN_TOTAL_RETURN,EQ_SERIES,False,False,True,False,,4.0,PARSED,,,,NOT_APPLICABLE,,,,NOT_APPLICABLE,,,NOT_APPLICABLE,True,1201.45,Torrent Pharmaceuticals,Torrent Pharmaceuticals Limited,5,2017-06-21,2017-06-23,,
CA0053,53,2017-06-23,,AJANTPHARM,AJANTPHARM,AJANTPHARM,EQ,Annual General Meeting,ANNUAL GENERAL MEETING,AGM,ADMIN_ONLY,NO_PRICE_OR_TOTAL_RETURN_ADJUSTMENT,EQ_SERIES,False,False,False,False,,,NOT_APPLICABLE,,,,NOT_APPLICABLE,,,,NOT_APPLICABLE,,,NOT_APPLICABLE,True,1513.05,Ajanta Pharma,Ajanta Pharma Limited,2,2017-06-28,2017-07-05,,
CA0054,54,2017-07-06,,LAURUSLABS,LAURUSLABS,LAURUSLABS,EQ,Annual General Meeting/Dividend - Rs 1.50/- Per Share,ANNUAL GENERAL MEETING/DIVIDEND - RS 1.50/- PER SHARE,AGM;DIVIDEND,CASH_DIVIDEND,LATER_INCLUDE_CASH_DIVIDEND_IN_TOTAL_RETURN,EQ_SERIES,False,False,True,False,,1.5,PARSED,,,,NOT_APPLICABLE,,,,NOT_APPLICABLE,,,NOT_APPLICABLE,True,620.35,Laurus Labs,Laurus Labs Limited,2,2017-07-10,2017-07-12,,
CA0055,55,2017-07-10,,ABBOTINDIA,ABBOTINDIA,ABBOTINDIA,EQ,Annual General Meeting/Dividend Rs 40/- Per Share,ANNUAL GENERAL MEETING/DIVIDEND RS 40/- PER SHARE,AGM;DIVIDEND,CASH_DIVIDEND,LATER_INCLUDE_CASH_DIVIDEND_IN_TOTAL_RETURN,EQ_SERIES,False,False,True,False,,40.0,PARSED,,,,NOT_APPLICABLE,,,,NOT_APPLICABLE,,,NOT_APPLICABLE,True,4350.75,Abbott India,Abbott India Limited,10,2017-07-12,2017-07-18,,
CA0056,56,2017-07-11,,APLLTD,APLLTD,APLLTD,EQ,Annual General Meeting/Dividend -Rs 4/- Per Share,ANNUAL GENERAL MEETING/DIVIDEND -RS 4/- PER SHARE,AGM;DIVIDEND,CASH_DIVIDEND,LATER_INCLUDE_CASH_DIVIDEND_IN_TOTAL_RETURN,EQ_SERIES,False,False,True,False,,4.0,PARSED,,,,NOT_APPLICABLE,,,,NOT_APPLICABLE,,,NOT_APPLICABLE,True,537.8,Alembic Pharmaceuticals,Alembic Pharmaceuticals Limited,2,2017-07-13,2017-07-20,,
CA0057,57,2017-07-14,,GLAXO,GLAXO,GLAXO,EQ,Dividend - Rs 30/- Per Share,DIVIDEND - RS 30/- PER SHARE,DIVIDEND,CASH_DIVIDEND,LATER_INCLUDE_CASH_DIVIDEND_IN_TOTAL_RETURN,EQ_SERIES,False,False,True,False,,30.0,PARSED,,,,NOT_APPLICABLE,,,,NOT_APPLICABLE,,,NOT_APPLICABLE,True,2560.85,GlaxoSmithKline Pharmaceuticals,GlaxoSmithKline Pharmaceuticals Limited,10,2017-07-18,2017-07-25,,
CA0058,58,2017-07-17,,DRREDDY,DRREDDY,DRREDDY,EQ,Annual General Meeting/Dividend - Rs 20/- Per Share,ANNUAL GENERAL MEETING/DIVIDEND - RS 20/- PER SHARE,AGM;DIVIDEND,CASH_DIVIDEND,LATER_INCLUDE_CASH_DIVIDEND_IN_TOTAL_RETURN,EQ_SERIES,False,False,True,False,,20.0,PARSED,,,,NOT_APPLICABLE,,,,NOT_APPLICABLE,,,NOT_APPLICABLE,True,2697.25,Dr. Reddy's Laboratories,Dr. Reddy's Laboratories Limited,1,2017-07-19,2017-07-21,,
CA0059,59,2017-07-20,,BIOCON,BIOCON,BIOCON,EQ,Annual General Meeting/Dividend - Re 1/- Per Share,ANNUAL GENERAL MEETING/DIVIDEND - RE 1/- PER SHARE,AGM;DIVIDEND,CASH_DIVIDEND,LATER_INCLUDE_CASH_DIVIDEND_IN_TOTAL_RETURN,EQ_SERIES,False,False,True,False,,1.0,PARSED,,,,NOT_APPLICABLE,,,,NOT_APPLICABLE,,,NOT_APPLICABLE,True,402.6,Biocon,Biocon Limited,5,2017-07-22,2017-07-28,,
CA0060,60,2017-07-21,,PEL,PEL,PEL,EQ,Dividend - Rs 21/- Per Share,DIVIDEND - RS 21/- PER SHARE,DIVIDEND,CASH_DIVIDEND,LATER_INCLUDE_CASH_DIVIDEND_IN_TOTAL_RETURN,EQ_SERIES,False,False,True,False,,21.0,PARSED,,,,NOT_APPLICABLE,,,,NOT_APPLICABLE,,,NOT_APPLICABLE,True,2918.05,Piramal Enterprises,Piramal Enterprises Limited,2,2017-07-25,2017-08-01,,
CA0061,61,2017-07-24,,LUPIN,LUPIN,LUPIN,EQ,Annual General Meeting/Dividend - Rs 7.50 Per Share,ANNUAL GENERAL MEETING/DIVIDEND - RS 7.50 PER SHARE,AGM;DIVIDEND,CASH_DIVIDEND,LATER_INCLUDE_CASH_DIVIDEND_IN_TOTAL_RETURN,EQ_SERIES,False,False,True,False,,7.5,PARSED,,,,NOT_APPLICABLE,,,,NOT_APPLICABLE,,,NOT_APPLICABLE,True,1141.5,Lupin,Lupin Limited,2,2017-07-26,2017-08-02,,
CA0062,62,2017-07-24,,WOCKPHARMA,WOCKPHARMA,WOCKPHARMA,EQ,Annual General Meeting,ANNUAL GENERAL MEETING,AGM,ADMIN_ONLY,NO_PRICE_OR_TOTAL_RETURN_ADJUSTMENT,EQ_SERIES,False,False,False,False,,,NOT_APPLICABLE,,,,NOT_APPLICABLE,,,,NOT_APPLICABLE,,,NOT_APPLICABLE,True,637.55,Wockhardt,Wockhardt Limited,5,2017-07-26,2017-08-02,,
CA0063,63,2017-07-26,,CIPLA,CIPLA,CIPLA,EQ,Annual General Meeting/Dividend - Rs 2/- Per Share,ANNUAL GENERAL MEETING/DIVIDEND - RS 2/- PER SHARE,AGM;DIVIDEND,CASH_DIVIDEND,LATER_INCLUDE_CASH_DIVIDEND_IN_TOTAL_RETURN,EQ_SERIES,False,False,True,False,,2.0,PARSED,,,,NOT_APPLICABLE,,,,NOT_APPLICABLE,,,NOT_APPLICABLE,True,575.45,Cipla,Cipla Limited,2,2017-07-28,2017-08-11,,
CA0064,64,2017-07-27,,IPCALAB,IPCALAB,IPCALAB,EQ,Annual General Meeting/Dividend - Re 1/- Per Share,ANNUAL GENERAL MEETING/DIVIDEND - RE 1/- PER SHARE,AGM;DIVIDEND,CASH_DIVIDEND,LATER_INCLUDE_CASH_DIVIDEND_IN_TOTAL_RETURN,EQ_SERIES,False,False,True,False,,1.0,PARSED,,,,NOT_APPLICABLE,,,,NOT_APPLICABLE,,,NOT_APPLICABLE,True,482.4,IPCA Laboratories,IPCA Laboratories Limited,1,2017-07-29,2017-08-04,,
CA0065,65,2017-07-27,,ZYDUS,ZYDUSLIFE,CADILAHC,EQ,Annual General Meeting,ANNUAL GENERAL MEETING,AGM,ADMIN_ONLY,NO_PRICE_OR_TOTAL_RETURN_ADJUSTMENT,EQ_SERIES,False,False,False,False,,,NOT_APPLICABLE,,,,NOT_APPLICABLE,,,,NOT_APPLICABLE,,,NOT_APPLICABLE,True,540.4,Zydus Lifesciences,Zydus Lifesciences Limited,1,2017-07-31,2017-08-11,,
CA0066,66,2017-07-31,2017-08-01,SANOFI,SANOFI,SANOFI,EQ,Interim Dividend-Rs 18/- Per Share,INTERIM DIVIDEND-RS 18/- PER SHARE,DIVIDEND,CASH_DIVIDEND,LATER_INCLUDE_CASH_DIVIDEND_IN_TOTAL_RETURN,EQ_SERIES,False,False,True,False,,18.0,PARSED,,,,NOT_APPLICABLE,,,,NOT_APPLICABLE,,,NOT_APPLICABLE,True,4304.5,Sanofi India,Sanofi India Limited,10,,,,
CA0067,67,2017-08-16,2017-08-18,NATCOPHARM,NATCOPHARM,NATCOPHARM,EQ,Interim Dividend - Rs 1.25 Per Share,INTERIM DIVIDEND - RS 1.25 PER SHARE,DIVIDEND,CASH_DIVIDEND,LATER_INCLUDE_CASH_DIVIDEND_IN_TOTAL_RETURN,EQ_SERIES,False,False,True,False,,1.25,PARSED,,,,NOT_APPLICABLE,,,,NOT_APPLICABLE,,,NOT_APPLICABLE,True,763.45,Natco Pharma,Natco Pharma Limited,2,,,,
CA0068,68,2017-08-22,,PFIZER,PFIZER,PFIZER,EQ,Dividend Rs 15/- Per Share + Special Dividend Rs 5/- Per Share,DIVIDEND RS 15/- PER SHARE + SPECIAL DIVIDEND RS 5/- PER SHARE,DIVIDEND,CASH_DIVIDEND,LATER_INCLUDE_CASH_DIVIDEND_IN_TOTAL_RETURN,EQ_SERIES,False,True,False,True,SPECIAL_DIVIDEND_VERIFY_AND_AVOID_DOUBLE_COUNT,,AMBIGUOUS_MULTIPLE_AMOUNTS,,,,NOT_APPLICABLE,,,,NOT_APPLICABLE,,,NOT_APPLICABLE,True,1763.3,Pfizer,Pfizer Limited,10,2017-08-24,2017-08-30,,
CA0069,69,2017-08-23,,AUROPHARMA,AUROPHARMA,AUROPHARMA,EQ,Annual General Meeting,ANNUAL GENERAL MEETING,AGM,ADMIN_ONLY,NO_PRICE_OR_TOTAL_RETURN_ADJUSTMENT,EQ_SERIES,False,False,False,False,,,NOT_APPLICABLE,,,,NOT_APPLICABLE,,,,NOT_APPLICABLE,,,NOT_APPLICABLE,True,698.65,Aurobindo Pharma,Aurobindo Pharma Limited,1,2017-08-25,2017-08-31,,
CA0070,70,2017-08-23,2017-08-25,GRANULES,GRANULES,GRANULES,EQ,Interim Dividend - Re 0.25 Per Share,INTERIM DIVIDEND - RE 0.25 PER SHARE,DIVIDEND,CASH_DIVIDEND,LATER_INCLUDE_CASH_DIVIDEND_IN_TOTAL_RETURN,EQ_SERIES,False,False,True,False,,0.25,PARSED,,,,NOT_APPLICABLE,,,,NOT_APPLICABLE,,,NOT_APPLICABLE,True,128.35,Granules India,Granules India Limited,1,,,,
CA0071,71,2017-08-31,2017-09-01,ALKEM,ALKEM,ALKEM,EQ,Annual General Meeting/ Dividend -Rs 9/- Per Share,ANNUAL GENERAL MEETING/ DIVIDEND -RS 9/- PER SHARE,AGM;DIVIDEND,CASH_DIVIDEND,LATER_INCLUDE_CASH_DIVIDEND_IN_TOTAL_RETURN,EQ_SERIES,False,False,True,False,,9.0,PARSED,,,,NOT_APPLICABLE,,,,NOT_APPLICABLE,,,NOT_APPLICABLE,True,1800.35,Alkem Laboratories,Alkem Laboratories Limited,2,,,,
CA0072,72,2017-09-07,,STAR,STAR,STAR,EQ,Annual General Meeting/Dividend - Rs 4.50 Per Share,ANNUAL GENERAL MEETING/DIVIDEND - RS 4.50 PER SHARE,AGM;DIVIDEND,CASH_DIVIDEND,LATER_INCLUDE_CASH_DIVIDEND_IN_TOTAL_RETURN,EQ_SERIES,False,False,True,False,,4.5,PARSED,,,,NOT_APPLICABLE,,,,NOT_APPLICABLE,,,NOT_APPLICABLE,True,923.2,Strides Pharma Science,Strides Pharma Science Limited,10,2017-09-09,2017-09-15,,
CA0073,73,2017-09-11,,JBCHEPHARM,JBCHEPHARM,JBCHEPHARM,EQ,Annual General Meeting/Dividend - Re 1/- Per Share,ANNUAL GENERAL MEETING/DIVIDEND - RE 1/- PER SHARE,AGM;DIVIDEND,CASH_DIVIDEND,LATER_INCLUDE_CASH_DIVIDEND_IN_TOTAL_RETURN,EQ_SERIES,False,False,True,False,,1.0,PARSED,,,,NOT_APPLICABLE,,,,NOT_APPLICABLE,,,NOT_APPLICABLE,True,277.9,JB Chemicals & Pharmaceuticals,JB Chemicals & Pharmaceuticals Limited,1,2017-09-13,2017-09-19,,
CA0074,74,2017-09-15,,DIVISLAB,DIVISLAB,DIVISLAB,EQ,Annual General Meeting/Dividend - Rs 10/- Per Share,ANNUAL GENERAL MEETING/DIVIDEND - RS 10/- PER SHARE,AGM;DIVIDEND,CASH_DIVIDEND,LATER_INCLUDE_CASH_DIVIDEND_IN_TOTAL_RETURN,EQ_SERIES,False,False,True,False,,10.0,PARSED,,,,NOT_APPLICABLE,,,,NOT_APPLICABLE,,,NOT_APPLICABLE,True,868.4,Divi's Laboratories,Divi's Laboratories Limited,2,2017-09-19,2017-09-25,,
CA0075,75,2017-09-18,,SUNPHARMA,SUNPHARMA,SUNPHARMA,EQ,Annual General Meeting/Dividend - Rs 3.50 Per Share,ANNUAL GENERAL MEETING/DIVIDEND - RS 3.50 PER SHARE,AGM;DIVIDEND,CASH_DIVIDEND,LATER_INCLUDE_CASH_DIVIDEND_IN_TOTAL_RETURN,EQ_SERIES,False,False,True,False,,3.5,PARSED,,,,NOT_APPLICABLE,,,,NOT_APPLICABLE,,,NOT_APPLICABLE,True,521.05,Sun Pharmaceutical Industries,Sun Pharmaceutical Industries Limited,1,2017-09-20,2017-09-26,,
CA0076,76,2017-09-20,,GLENMARK,GLENMARK,GLENMARK,EQ,Annual General Meeting/Dividend - Rs 2/- Per Share,ANNUAL GENERAL MEETING/DIVIDEND - RS 2/- PER SHARE,AGM;DIVIDEND,CASH_DIVIDEND,LATER_INCLUDE_CASH_DIVIDEND_IN_TOTAL_RETURN,EQ_SERIES,False,False,True,False,,2.0,PARSED,,,,NOT_APPLICABLE,,,,NOT_APPLICABLE,,,NOT_APPLICABLE,True,610.2,Glenmark Pharmaceuticals,Glenmark Pharmaceuticals Limited,1,2017-09-22,2017-09-29,,
CA0077,77,2017-09-20,,GRANULES,GRANULES,GRANULES,EQ,Annual General Meeting/Dividend - Re 0.25 Per Share (Book Closure Dates Revised),ANNUAL GENERAL MEETING/DIVIDEND - RE 0.25 PER SHARE (BOOK CLOSURE DATES REVISED),AGM;BOOK_CLOSURE;DIVIDEND,CASH_DIVIDEND,LATER_INCLUDE_CASH_DIVIDEND_IN_TOTAL_RETURN,EQ_SERIES,False,False,True,False,,0.25,PARSED,,,,NOT_APPLICABLE,,,,NOT_APPLICABLE,,,NOT_APPLICABLE,True,131.2,Granules India,Granules India Limited,1,2017-09-22,2017-09-28,,
CA0078,78,2017-09-20,,NATCOPHARM,NATCOPHARM,NATCOPHARM,EQ,Annual General Meeting,ANNUAL GENERAL MEETING,AGM,ADMIN_ONLY,NO_PRICE_OR_TOTAL_RETURN_ADJUSTMENT,EQ_SERIES,False,False,False,False,,,NOT_APPLICABLE,,,,NOT_APPLICABLE,,,,NOT_APPLICABLE,,,NOT_APPLICABLE,True,794.7,Natco Pharma,Natco Pharma Limited,2,2017-09-22,2017-09-28,,
CA0079,79,2017-11-20,2017-11-21,GRANULES,GRANULES,GRANULES,EQ,Interim Dividend Re 0.25 Per Share,INTERIM DIVIDEND RE 0.25 PER SHARE,DIVIDEND,CASH_DIVIDEND,LATER_INCLUDE_CASH_DIVIDEND_IN_TOTAL_RETURN,EQ_SERIES,False,False,True,False,,0.25,PARSED,,,,NOT_APPLICABLE,,,,NOT_APPLICABLE,,,NOT_APPLICABLE,True,125.5,Granules India,Granules India Limited,1,,,,
CA0080,80,2017-11-21,2017-11-22,AUROPHARMA,AUROPHARMA,AUROPHARMA,EQ,Interim Dividend Rs 1.50 Per Share,INTERIM DIVIDEND RS 1.50 PER SHARE,DIVIDEND,CASH_DIVIDEND,LATER_INCLUDE_CASH_DIVIDEND_IN_TOTAL_RETURN,EQ_SERIES,False,False,True,False,,1.5,PARSED,,,,NOT_APPLICABLE,,,,NOT_APPLICABLE,,,NOT_APPLICABLE,True,708.85,Aurobindo Pharma,Aurobindo Pharma Limited,1,,,,
CA0081,81,2018-01-31,2018-02-01,PEL,PEL,PEL,EQ,Rights 1:23 @ Premium Rs 2378/-,RIGHTS 1:23 @ PREMIUM RS 2378/-,RIGHTS,RIGHTS_ISSUE,MANUAL_RIGHTS_TERMS_AND_THEORETICAL_ADJUSTMENT,EQ_SERIES,False,False,False,True,RIGHTS_REQUIRE_RATIO_SUBSCRIPTION_PRICE_AND_EVENT_REVIEW,,NOT_APPLICABLE,,,,NOT_APPLICABLE,,,,NOT_APPLICABLE,1.0,23.0,PARSED,True,2743.0,Piramal Enterprises,Piramal Enterprises Limited,2,,,,
CA0082,82,2018-02-15,2018-02-17,NATCOPHARM,NATCOPHARM,NATCOPHARM,EQ,Interim Dividend Rs 7/- Per Share,INTERIM DIVIDEND RS 7/- PER SHARE,DIVIDEND,CASH_DIVIDEND,LATER_INCLUDE_CASH_DIVIDEND_IN_TOTAL_RETURN,EQ_SERIES,False,False,True,False,,7.0,PARSED,,,,NOT_APPLICABLE,,,,NOT_APPLICABLE,,,NOT_APPLICABLE,True,788.15,Natco Pharma,Natco Pharma Limited,2,,,,
CA0083,83,2018-02-15,2018-02-19,TORNTPHARM,TORNTPHARM,TORNTPHARM,EQ,Interim Dividend Rs 9/- Per Share (Purpose Revised),INTERIM DIVIDEND RS 9/- PER SHARE (PURPOSE REVISED),DIVIDEND,CASH_DIVIDEND,LATER_INCLUDE_CASH_DIVIDEND_IN_TOTAL_RETURN,EQ_SERIES,False,False,True,False,,9.0,PARSED,,,,NOT_APPLICABLE,,,,NOT_APPLICABLE,,,NOT_APPLICABLE,True,1420.95,Torrent Pharmaceuticals,Torrent Pharmaceuticals Limited,5,,,,
CA0084,84,2018-02-16,2018-02-20,ALKEM,ALKEM,ALKEM,EQ,Interim Dividend - Rs 6 Per Share (Purpose Revised),INTERIM DIVIDEND - RS 6 PER SHARE (PURPOSE REVISED),DIVIDEND,CASH_DIVIDEND,LATER_INCLUDE_CASH_DIVIDEND_IN_TOTAL_RETURN,EQ_SERIES,False,False,True,False,,6.0,PARSED,,,,NOT_APPLICABLE,,,,NOT_APPLICABLE,,,NOT_APPLICABLE,True,2164.4,Alkem Laboratories,Alkem Laboratories Limited,2,,,,
CA0085,85,2018-02-20,2018-02-21,AUROPHARMA,AUROPHARMA,AUROPHARMA,EQ,Interim Dividend Re 1/- Per Share,INTERIM DIVIDEND RE 1/- PER SHARE,DIVIDEND,CASH_DIVIDEND,LATER_INCLUDE_CASH_DIVIDEND_IN_TOTAL_RETURN,EQ_SERIES,False,False,True,False,,1.0,PARSED,,,,NOT_APPLICABLE,,,,NOT_APPLICABLE,,,NOT_APPLICABLE,True,574.8,Aurobindo Pharma,Aurobindo Pharma Limited,1,,,,
CA0086,86,2018-02-20,2018-02-21,GRANULES,GRANULES,GRANULES,EQ,Interim Dividend Re 0.25 Per Share,INTERIM DIVIDEND RE 0.25 PER SHARE,DIVIDEND,CASH_DIVIDEND,LATER_INCLUDE_CASH_DIVIDEND_IN_TOTAL_RETURN,EQ_SERIES,False,False,True,False,,0.25,PARSED,,,,NOT_APPLICABLE,,,,NOT_APPLICABLE,,,NOT_APPLICABLE,True,116.05,Granules India,Granules India Limited,1,,,,
CA0087,87,2018-04-06,2018-04-09,STAR,STAR,STAR,EQ,Scheme Of Arrangement,SCHEME OF ARRANGEMENT,SCHEME_OF_ARRANGEMENT,SCHEME_OF_ARRANGEMENT,STRUCTURAL_BREAK_MANUAL_REVIEW,EQ_SERIES,True,False,False,True,SCHEME_TYPE_NOT_SAFE_TO_INFER_FROM_PURPOSE_TEXT,,NOT_APPLICABLE,,,,NOT_APPLICABLE,,,,NOT_APPLICABLE,,,NOT_APPLICABLE,True,663.8,Strides Pharma Science,Strides Pharma Science Limited,10,,,,
CA0088,88,2018-04-26,,SANOFI,SANOFI,SANOFI,EQ,Annual General Meeting/ Dividend - Rs 53 Per Share,ANNUAL GENERAL MEETING/ DIVIDEND - RS 53 PER SHARE,AGM;DIVIDEND,CASH_DIVIDEND,LATER_INCLUDE_CASH_DIVIDEND_IN_TOTAL_RETURN,EQ_SERIES,False,False,True,False,,53.0,PARSED,,,,NOT_APPLICABLE,,,,NOT_APPLICABLE,,,NOT_APPLICABLE,True,4839.65,Sanofi India,Sanofi India Limited,10,2018-05-01,2018-05-08,,
CA0089,89,2018-06-18,,TORNTPHARM,TORNTPHARM,TORNTPHARM,EQ,Dividend- Rs 5 Per Share,DIVIDEND- RS 5 PER SHARE,DIVIDEND,CASH_DIVIDEND,LATER_INCLUDE_CASH_DIVIDEND_IN_TOTAL_RETURN,EQ_SERIES,False,False,True,False,,5.0,PARSED,,,,NOT_APPLICABLE,,,,NOT_APPLICABLE,,,NOT_APPLICABLE,True,1483.95,Torrent Pharmaceuticals,Torrent Pharmaceuticals Limited,5,2018-06-20,2018-06-22,,
CA0090,90,2018-06-26,,AJANTPHARM,AJANTPHARM,AJANTPHARM,EQ,Annual General Meeting,ANNUAL GENERAL MEETING,AGM,ADMIN_ONLY,NO_PRICE_OR_TOTAL_RETURN_ADJUSTMENT,EQ_SERIES,False,False,False,False,,,NOT_APPLICABLE,,,,NOT_APPLICABLE,,,,NOT_APPLICABLE,,,NOT_APPLICABLE,True,1011.5,Ajanta Pharma,Ajanta Pharma Limited,2,2018-06-28,2018-07-05,,
CA0091,91,2018-06-28,,LAURUSLABS,LAURUSLABS,LAURUSLABS,EQ,Annual General Meeting / Dividend- Rs 1.50 Per Share,ANNUAL GENERAL MEETING / DIVIDEND- RS 1.50 PER SHARE,AGM;DIVIDEND,CASH_DIVIDEND,LATER_INCLUDE_CASH_DIVIDEND_IN_TOTAL_RETURN,EQ_SERIES,False,False,True,False,,1.5,PARSED,,,,NOT_APPLICABLE,,,,NOT_APPLICABLE,,,NOT_APPLICABLE,True,452.0,Laurus Labs,Laurus Labs Limited,2,2018-07-02,2018-07-05,,
CA0092,92,2018-07-10,,ABBOTINDIA,ABBOTINDIA,ABBOTINDIA,EQ,Annual General Meeting / Final Dividend- Rs 50 Per Share / Special Dividend- Rs 5 Per Share,ANNUAL GENERAL MEETING / FINAL DIVIDEND- RS 50 PER SHARE / SPECIAL DIVIDEND- RS 5 PER SHARE,AGM;DIVIDEND,CASH_DIVIDEND,LATER_INCLUDE_CASH_DIVIDEND_IN_TOTAL_RETURN,EQ_SERIES,False,True,False,True,SPECIAL_DIVIDEND_VERIFY_AND_AVOID_DOUBLE_COUNT,,AMBIGUOUS_MULTIPLE_AMOUNTS,,,,NOT_APPLICABLE,,,,NOT_APPLICABLE,,,NOT_APPLICABLE,True,7090.9,Abbott India,Abbott India Limited,10,2018-07-12,2018-07-18,,
CA0093,93,2018-07-13,,GLAXO,GLAXO,GLAXO,EQ,Dividend- Rs 35 Per Share,DIVIDEND- RS 35 PER SHARE,DIVIDEND,CASH_DIVIDEND,LATER_INCLUDE_CASH_DIVIDEND_IN_TOTAL_RETURN,EQ_SERIES,False,False,True,False,,35.0,PARSED,,,,NOT_APPLICABLE,,,,NOT_APPLICABLE,,,NOT_APPLICABLE,True,2847.05,GlaxoSmithKline Pharmaceuticals,GlaxoSmithKline Pharmaceuticals Limited,10,2018-07-17,2018-07-24,,
CA0094,94,2018-07-16,,DRREDDY,DRREDDY,DRREDDY,EQ,Annual General Meeting/Dividend- Rs 20 Per Share,ANNUAL GENERAL MEETING/DIVIDEND- RS 20 PER SHARE,AGM;DIVIDEND,CASH_DIVIDEND,LATER_INCLUDE_CASH_DIVIDEND_IN_TOTAL_RETURN,EQ_SERIES,False,False,True,False,,20.0,PARSED,,,,NOT_APPLICABLE,,,,NOT_APPLICABLE,,,NOT_APPLICABLE,True,2093.95,Dr. Reddy's Laboratories,Dr. Reddy's Laboratories Limited,1,2018-07-18,2018-07-20,,
CA0095,95,2018-07-18,,APLLTD,APLLTD,APLLTD,EQ,Annual General Meeting/Dividend- Rs 4 Per Share (Purpose Revised),ANNUAL GENERAL MEETING/DIVIDEND- RS 4 PER SHARE (PURPOSE REVISED),AGM;DIVIDEND,CASH_DIVIDEND,LATER_INCLUDE_CASH_DIVIDEND_IN_TOTAL_RETURN,EQ_SERIES,False,False,True,False,,4.0,PARSED,,,,NOT_APPLICABLE,,,,NOT_APPLICABLE,,,NOT_APPLICABLE,True,517.05,Alembic Pharmaceuticals,Alembic Pharmaceuticals Limited,2,2018-07-20,2018-07-27,,
CA0096,96,2018-07-19,2018-07-20,BIOCON,BIOCON,BIOCON,EQ,Dividend- Re 1 Per Share,DIVIDEND- RE 1 PER SHARE,DIVIDEND,CASH_DIVIDEND,LATER_INCLUDE_CASH_DIVIDEND_IN_TOTAL_RETURN,EQ_SERIES,False,False,True,False,,1.0,PARSED,,,,NOT_APPLICABLE,,,,NOT_APPLICABLE,,,NOT_APPLICABLE,True,572.1,Biocon,Biocon Limited,5,,,,
CA0097,97,2018-07-19,,PEL,PEL,PEL,EQ,Dividend- Rs 25 Per Share,DIVIDEND- RS 25 PER SHARE,DIVIDEND,CASH_DIVIDEND,LATER_INCLUDE_CASH_DIVIDEND_IN_TOTAL_RETURN,EQ_SERIES,False,False,True,False,,25.0,PARSED,,,,NOT_APPLICABLE,,,,NOT_APPLICABLE,,,NOT_APPLICABLE,True,2525.15,Piramal Enterprises,Piramal Enterprises Limited,2,2018-07-23,2018-07-30,,
CA0098,98,2018-07-25,,WOCKPHARMA,WOCKPHARMA,WOCKPHARMA,EQ,Annual General Meeting,ANNUAL GENERAL MEETING,AGM,ADMIN_ONLY,NO_PRICE_OR_TOTAL_RETURN_ADJUSTMENT,EQ_SERIES,False,False,False,False,,,NOT_APPLICABLE,,,,NOT_APPLICABLE,,,,NOT_APPLICABLE,,,NOT_APPLICABLE,True,575.3,Wockhardt,Wockhardt Limited,5,2018-07-27,2018-08-04,,
CA0099,99,2018-07-30,,LUPIN,LUPIN,LUPIN,EQ,Annual General Meeting/Dividend Rs 5/- Per Share,ANNUAL GENERAL MEETING/DIVIDEND RS 5/- PER SHARE,AGM;DIVIDEND,CASH_DIVIDEND,LATER_INCLUDE_CASH_DIVIDEND_IN_TOTAL_RETURN,EQ_SERIES,False,False,True,False,,5.0,PARSED,,,,NOT_APPLICABLE,,,,NOT_APPLICABLE,,,NOT_APPLICABLE,True,820.1,Lupin,Lupin Limited,2,2018-08-01,2018-08-08,,
CA0100,100,2018-07-31,,ZYDUS,ZYDUSLIFE,CADILAHC,EQ,Annual General Meeting/Dividend- Rs 3.50 Per Share (Purpose Revised),ANNUAL GENERAL MEETING/DIVIDEND- RS 3.50 PER SHARE (PURPOSE REVISED),AGM;DIVIDEND,CASH_DIVIDEND,LATER_INCLUDE_CASH_DIVIDEND_IN_TOTAL_RETURN,EQ_SERIES,False,False,True,False,,3.5,PARSED,,,,NOT_APPLICABLE,,,,NOT_APPLICABLE,,,NOT_APPLICABLE,True,381.45,Zydus Lifesciences,Zydus Lifesciences Limited,1,2018-08-02,2018-08-13,,
CA0101,101,2018-08-01,2018-08-02,GRANULES,GRANULES,GRANULES,EQ,Interim Dividend- Re 0.25 Per Share,INTERIM DIVIDEND- RE 0.25 PER SHARE,DIVIDEND,CASH_DIVIDEND,LATER_INCLUDE_CASH_DIVIDEND_IN_TOTAL_RETURN,EQ_SERIES,False,False,True,False,,0.25,PARSED,,,,NOT_APPLICABLE,,,,NOT_APPLICABLE,,,NOT_APPLICABLE,True,102.1,Granules India,Granules India Limited,1,,,,
CA0102,102,2018-08-02,,IPCALAB,IPCALAB,IPCALAB,EQ,Annual General Meeting/Dividend- Re 1 Per Share,ANNUAL GENERAL MEETING/DIVIDEND- RE 1 PER SHARE,AGM;DIVIDEND,CASH_DIVIDEND,LATER_INCLUDE_CASH_DIVIDEND_IN_TOTAL_RETURN,EQ_SERIES,False,False,True,False,,1.0,PARSED,,,,NOT_APPLICABLE,,,,NOT_APPLICABLE,,,NOT_APPLICABLE,True,756.25,IPCA Laboratories,IPCA Laboratories Limited,1,2018-08-04,2018-08-09,,
CA0103,103,2018-08-06,2018-08-07,SANOFI,SANOFI,SANOFI,EQ,Interim  Dividend -Rs 18 Per Share,INTERIM DIVIDEND -RS 18 PER SHARE,DIVIDEND,CASH_DIVIDEND,LATER_INCLUDE_CASH_DIVIDEND_IN_TOTAL_RETURN,EQ_SERIES,False,False,True,False,,18.0,PARSED,,,,NOT_APPLICABLE,,,,NOT_APPLICABLE,,,NOT_APPLICABLE,True,6121.45,Sanofi India,Sanofi India Limited,10,,,,
CA0104,104,2018-08-13,,CIPLA,CIPLA,CIPLA,EQ,Annual General Meeting/Dividend- Rs 3 Per Share,ANNUAL GENERAL MEETING/DIVIDEND- RS 3 PER SHARE,AGM;DIVIDEND,CASH_DIVIDEND,LATER_INCLUDE_CASH_DIVIDEND_IN_TOTAL_RETURN,EQ_SERIES,False,False,True,False,,3.0,PARSED,,,,NOT_APPLICABLE,,,,NOT_APPLICABLE,,,NOT_APPLICABLE,True,628.3,Cipla,Cipla Limited,2,2018-08-16,2018-08-30,,
CA0105,105,2018-08-20,2018-08-21,NATCOPHARM,NATCOPHARM,NATCOPHARM,EQ,Interim Dividend- Rs 1.50 Per Share,INTERIM DIVIDEND- RS 1.50 PER SHARE,DIVIDEND,CASH_DIVIDEND,LATER_INCLUDE_CASH_DIVIDEND_IN_TOTAL_RETURN,EQ_SERIES,False,False,True,False,,1.5,PARSED,,,,NOT_APPLICABLE,,,,NOT_APPLICABLE,,,NOT_APPLICABLE,True,757.75,Natco Pharma,Natco Pharma Limited,2,,,,
CA0106,106,2018-08-21,,AUROPHARMA,AUROPHARMA,AUROPHARMA,EQ,Annual General Meeting,ANNUAL GENERAL MEETING,AGM,ADMIN_ONLY,NO_PRICE_OR_TOTAL_RETURN_ADJUSTMENT,EQ_SERIES,False,False,False,False,,,NOT_APPLICABLE,,,,NOT_APPLICABLE,,,,NOT_APPLICABLE,,,NOT_APPLICABLE,True,662.65,Aurobindo Pharma,Aurobindo Pharma Limited,1,2018-08-24,2018-08-30,,
CA0107,107,2018-08-23,2018-08-24,ALKEM,ALKEM,ALKEM,EQ,Annual General Meeting/Dividend- Rs 7 Per Share,ANNUAL GENERAL MEETING/DIVIDEND- RS 7 PER SHARE,AGM;DIVIDEND,CASH_DIVIDEND,LATER_INCLUDE_CASH_DIVIDEND_IN_TOTAL_RETURN,EQ_SERIES,False,False,True,False,,7.0,PARSED,,,,NOT_APPLICABLE,,,,NOT_APPLICABLE,,,NOT_APPLICABLE,True,2075.1,Alkem Laboratories,Alkem Laboratories Limited,2,,,,
CA0108,108,2018-08-27,,JBCHEPHARM,JBCHEPHARM,JBCHEPHARM,EQ,Dividend Rs 2/- Per Share,DIVIDEND RS 2/- PER SHARE,DIVIDEND,CASH_DIVIDEND,LATER_INCLUDE_CASH_DIVIDEND_IN_TOTAL_RETURN,EQ_SERIES,False,False,True,False,,2.0,PARSED,,,,NOT_APPLICABLE,,,,NOT_APPLICABLE,,,NOT_APPLICABLE,True,333.05,JB Chemicals & Pharmaceuticals,JB Chemicals & Pharmaceuticals Limited,1,2018-08-29,2018-09-04,,
CA0109,109,2018-08-29,,GRANULES,GRANULES,GRANULES,EQ,Annual General Meeting/Dividend- Re 0.25 Per Share,ANNUAL GENERAL MEETING/DIVIDEND- RE 0.25 PER SHARE,AGM;DIVIDEND,CASH_DIVIDEND,LATER_INCLUDE_CASH_DIVIDEND_IN_TOTAL_RETURN,EQ_SERIES,False,False,True,False,,0.25,PARSED,,,,NOT_APPLICABLE,,,,NOT_APPLICABLE,,,NOT_APPLICABLE,True,112.4,Granules India,Granules India Limited,1,2018-08-31,2018-09-06,,
CA0110,110,2018-08-29,,PFIZER,PFIZER,PFIZER,EQ,Annual General Meeting/Dividend- Rs 20 Per Share,ANNUAL GENERAL MEETING/DIVIDEND- RS 20 PER SHARE,AGM;DIVIDEND,CASH_DIVIDEND,LATER_INCLUDE_CASH_DIVIDEND_IN_TOTAL_RETURN,EQ_SERIES,False,False,True,False,,20.0,PARSED,,,,NOT_APPLICABLE,,,,NOT_APPLICABLE,,,NOT_APPLICABLE,True,3646.65,Pfizer,Pfizer Limited,10,2018-08-31,2018-09-06,,
CA0111,111,2018-08-31,,DIVISLAB,DIVISLAB,DIVISLAB,EQ,Annual General Meeting/Dividend- Rs 10 Per Share,ANNUAL GENERAL MEETING/DIVIDEND- RS 10 PER SHARE,AGM;DIVIDEND,CASH_DIVIDEND,LATER_INCLUDE_CASH_DIVIDEND_IN_TOTAL_RETURN,EQ_SERIES,False,False,True,False,,10.0,PARSED,,,,NOT_APPLICABLE,,,,NOT_APPLICABLE,,,NOT_APPLICABLE,True,1305.9,Divi's Laboratories,Divi's Laboratories Limited,2,2018-09-04,2018-09-10,,
CA0112,112,2018-09-10,,NATCOPHARM,NATCOPHARM,NATCOPHARM,EQ,Annual General Meeting,ANNUAL GENERAL MEETING,AGM,ADMIN_ONLY,NO_PRICE_OR_TOTAL_RETURN_ADJUSTMENT,EQ_SERIES,False,False,False,False,,,NOT_APPLICABLE,,,,NOT_APPLICABLE,,,,NOT_APPLICABLE,,,NOT_APPLICABLE,True,807.9,Natco Pharma,Natco Pharma Limited,2,2018-09-12,2018-09-15,,
CA0113,113,2018-09-11,2018-09-13,GLAXO,GLAXO,GLAXO,EQ,Bonus 1:1,BONUS 1:1,BONUS,BONUS_ISSUE,LATER_NEUTRALIZE_SAME_STOCK_UNIT_CHANGE,EQ_SERIES,False,False,True,False,,,NOT_APPLICABLE,1.0,1.0,2.0,PARSED,,,,NOT_APPLICABLE,,,NOT_APPLICABLE,True,1748.55,GlaxoSmithKline Pharmaceuticals,GlaxoSmithKline Pharmaceuticals Limited,10,,,,
CA0114,114,2018-09-11,2018-09-12,JBCHEPHARM,JBCHEPHARM,JBCHEPHARM,EQ,Buyback,BUYBACK,BUYBACK,BUYBACK,NO_AUTOMATIC_ADJUSTMENT_REVIEW_TERMS,EQ_SERIES,False,False,False,True,BUYBACK_IS_NOT_AUTOMATIC_TOTAL_RETURN_DISTRIBUTION,,NOT_APPLICABLE,,,,NOT_APPLICABLE,,,,NOT_APPLICABLE,,,NOT_APPLICABLE,True,343.0,JB Chemicals & Pharmaceuticals,JB Chemicals & Pharmaceuticals Limited,1,,,,
CA0115,115,2018-09-12,,STAR,STAR,STAR,EQ,Annual General Meeting/Dividend Rs 2 Per Share,ANNUAL GENERAL MEETING/DIVIDEND RS 2 PER SHARE,AGM;DIVIDEND,CASH_DIVIDEND,LATER_INCLUDE_CASH_DIVIDEND_IN_TOTAL_RETURN,EQ_SERIES,False,False,True,False,,2.0,PARSED,,,,NOT_APPLICABLE,,,,NOT_APPLICABLE,,,NOT_APPLICABLE,True,497.25,Strides Pharma Science,Strides Pharma Science Limited,10,2018-09-15,2018-09-24,,
CA0116,116,2018-09-17,,SUNPHARMA,SUNPHARMA,SUNPHARMA,EQ,Annual General Meeting/Dividend Rs 2 Per Share,ANNUAL GENERAL MEETING/DIVIDEND RS 2 PER SHARE,AGM;DIVIDEND,CASH_DIVIDEND,LATER_INCLUDE_CASH_DIVIDEND_IN_TOTAL_RETURN,EQ_SERIES,False,False,True,False,,2.0,PARSED,,,,NOT_APPLICABLE,,,,NOT_APPLICABLE,,,NOT_APPLICABLE,True,646.2,Sun Pharmaceutical Industries,Sun Pharmaceutical Industries Limited,1,2018-09-19,2018-09-26,,
CA0117,117,2018-09-19,,GLENMARK,GLENMARK,GLENMARK,EQ,Annual General Meeting/Dividend Rs 2 Per Share,ANNUAL GENERAL MEETING/DIVIDEND RS 2 PER SHARE,AGM;DIVIDEND,CASH_DIVIDEND,LATER_INCLUDE_CASH_DIVIDEND_IN_TOTAL_RETURN,EQ_SERIES,False,False,True,False,,2.0,PARSED,,,,NOT_APPLICABLE,,,,NOT_APPLICABLE,,,NOT_APPLICABLE,True,670.65,Glenmark Pharmaceuticals,Glenmark Pharmaceuticals Limited,1,2018-09-22,2018-09-28,,
CA0118,118,2018-11-06,2018-11-10,GRANULES,GRANULES,GRANULES,EQ,Interim Dividend - Rs 0.25 Per Share,INTERIM DIVIDEND - RS 0.25 PER SHARE,DIVIDEND,CASH_DIVIDEND,LATER_INCLUDE_CASH_DIVIDEND_IN_TOTAL_RETURN,EQ_SERIES,False,False,True,False,,0.25,PARSED,,,,NOT_APPLICABLE,,,,NOT_APPLICABLE,,,NOT_APPLICABLE,True,103.65,Granules India,Granules India Limited,1,,,,
CA0119,119,2018-11-09,2018-11-12,AJANTPHARM,AJANTPHARM,AJANTPHARM,EQ,Interim Dividend - Rs 9 Per Sh,INTERIM DIVIDEND - RS 9 PER SH,DIVIDEND,CASH_DIVIDEND,LATER_INCLUDE_CASH_DIVIDEND_IN_TOTAL_RETURN,EQ_SERIES,False,False,True,False,,9.0,PARSED,,,,NOT_APPLICABLE,,,,NOT_APPLICABLE,,,NOT_APPLICABLE,True,1077.3,Ajanta Pharma,Ajanta Pharma Limited,2,,,,
CA0120,120,2018-11-20,2018-11-22,AUROPHARMA,AUROPHARMA,AUROPHARMA,EQ,Interim Dividend - Rs 1.25 Per Share,INTERIM DIVIDEND - RS 1.25 PER SHARE,DIVIDEND,CASH_DIVIDEND,LATER_INCLUDE_CASH_DIVIDEND_IN_TOTAL_RETURN,EQ_SERIES,False,False,True,False,,1.25,PARSED,,,,NOT_APPLICABLE,,,,NOT_APPLICABLE,,,NOT_APPLICABLE,True,778.9,Aurobindo Pharma,Aurobindo Pharma Limited,1,,,,
CA0121,121,2019-02-06,2019-02-07,TORNTPHARM,TORNTPHARM,TORNTPHARM,EQ,Interim Dividend - Rs 13 Per Share,INTERIM DIVIDEND - RS 13 PER SHARE,DIVIDEND,CASH_DIVIDEND,LATER_INCLUDE_CASH_DIVIDEND_IN_TOTAL_RETURN,EQ_SERIES,False,False,True,False,,13.0,PARSED,,,,NOT_APPLICABLE,,,,NOT_APPLICABLE,,,NOT_APPLICABLE,True,1798.5,Torrent Pharmaceuticals,Torrent Pharmaceuticals Limited,5,,,,
CA0122,122,2019-02-07,2019-02-08,GRANULES,GRANULES,GRANULES,EQ,Interim Dividend - Re 0.25 Per Share,INTERIM DIVIDEND - RE 0.25 PER SHARE,DIVIDEND,CASH_DIVIDEND,LATER_INCLUDE_CASH_DIVIDEND_IN_TOTAL_RETURN,EQ_SERIES,False,False,True,False,,0.25,PARSED,,,,NOT_APPLICABLE,,,,NOT_APPLICABLE,,,NOT_APPLICABLE,True,87.25,Granules India,Granules India Limited,1,,,,
CA0123,123,2019-02-11,2019-02-12,AJANTPHARM,AJANTPHARM,AJANTPHARM,EQ,Buy Back,BUY BACK,BUYBACK,BUYBACK,NO_AUTOMATIC_ADJUSTMENT_REVIEW_TERMS,EQ_SERIES,False,False,False,True,BUYBACK_IS_NOT_AUTOMATIC_TOTAL_RETURN_DISTRIBUTION,,NOT_APPLICABLE,,,,NOT_APPLICABLE,,,,NOT_APPLICABLE,,,NOT_APPLICABLE,True,1002.85,Ajanta Pharma,Ajanta Pharma Limited,2,,,,
CA0124,124,2019-02-15,2019-02-18,ALKEM,ALKEM,ALKEM,EQ,Interim Dividend - Rs 8 Per Share,INTERIM DIVIDEND - RS 8 PER SHARE,DIVIDEND,CASH_DIVIDEND,LATER_INCLUDE_CASH_DIVIDEND_IN_TOTAL_RETURN,EQ_SERIES,False,False,True,False,,8.0,PARSED,,,,NOT_APPLICABLE,,,,NOT_APPLICABLE,,,NOT_APPLICABLE,True,1796.7,Alkem Laboratories,Alkem Laboratories Limited,2,,,,
CA0125,125,2019-02-15,2019-02-19,AUROPHARMA,AUROPHARMA,AUROPHARMA,EQ,Interim Dividend - Rs 1.25 Per Share,INTERIM DIVIDEND - RS 1.25 PER SHARE,DIVIDEND,CASH_DIVIDEND,LATER_INCLUDE_CASH_DIVIDEND_IN_TOTAL_RETURN,EQ_SERIES,False,False,True,False,,1.25,PARSED,,,,NOT_APPLICABLE,,,,NOT_APPLICABLE,,,NOT_APPLICABLE,True,722.6,Aurobindo Pharma,Aurobindo Pharma Limited,1,,,,
CA0126,126,2019-02-21,2019-02-22,NATCOPHARM,NATCOPHARM,NATCOPHARM,EQ,Interim Dividend - Rs 3.50 Per Share,INTERIM DIVIDEND - RS 3.50 PER SHARE,DIVIDEND,CASH_DIVIDEND,LATER_INCLUDE_CASH_DIVIDEND_IN_TOTAL_RETURN,EQ_SERIES,False,False,True,False,,3.5,PARSED,,,,NOT_APPLICABLE,,,,NOT_APPLICABLE,,,NOT_APPLICABLE,True,575.55,Natco Pharma,Natco Pharma Limited,2,,,,
CA0127,127,2019-04-25,,SANOFI,SANOFI,SANOFI,EQ,Annual General Meeting / Dividend - Rs 66 Per Share,ANNUAL GENERAL MEETING / DIVIDEND - RS 66 PER SHARE,AGM;DIVIDEND,CASH_DIVIDEND,LATER_INCLUDE_CASH_DIVIDEND_IN_TOTAL_RETURN,EQ_SERIES,False,False,True,False,,66.0,PARSED,,,,NOT_APPLICABLE,,,,NOT_APPLICABLE,,,NOT_APPLICABLE,True,5615.15,Sanofi India,Sanofi India Limited,10,2019-04-30,2019-05-07,,
CA0128,128,2019-06-06,2019-06-07,NATCOPHARM,NATCOPHARM,NATCOPHARM,EQ,Interim Dividend - Rs 1.25 Per Share,INTERIM DIVIDEND - RS 1.25 PER SHARE,DIVIDEND,CASH_DIVIDEND,LATER_INCLUDE_CASH_DIVIDEND_IN_TOTAL_RETURN,EQ_SERIES,False,False,True,False,,1.25,PARSED,,,,NOT_APPLICABLE,,,,NOT_APPLICABLE,,,NOT_APPLICABLE,True,540.2,Natco Pharma,Natco Pharma Limited,2,,,,
CA0129,129,2019-06-12,2019-06-13,BIOCON,BIOCON,BIOCON,EQ,Bonus 1:1,BONUS 1:1,BONUS,BONUS_ISSUE,LATER_NEUTRALIZE_SAME_STOCK_UNIT_CHANGE,EQ_SERIES,False,False,True,False,,,NOT_APPLICABLE,1.0,1.0,2.0,PARSED,,,,NOT_APPLICABLE,,,NOT_APPLICABLE,True,257.9,Biocon,Biocon Limited,5,,,,
CA0130,130,2019-06-13,2019-06-14,TORNTPHARM,TORNTPHARM,TORNTPHARM,EQ,Dividend Rs 4 Per Share,DIVIDEND RS 4 PER SHARE,DIVIDEND,CASH_DIVIDEND,LATER_INCLUDE_CASH_DIVIDEND_IN_TOTAL_RETURN,EQ_SERIES,False,False,True,False,,4.0,PARSED,,,,NOT_APPLICABLE,,,,NOT_APPLICABLE,,,NOT_APPLICABLE,True,1536.6,Torrent Pharmaceuticals,Torrent Pharmaceuticals Limited,5,,,,
CA0131,131,2019-07-03,,LAURUSLABS,LAURUSLABS,LAURUSLABS,EQ,Annual General Meeting/ Dividend - Rs 1.50 Per Share,ANNUAL GENERAL MEETING/ DIVIDEND - RS 1.50 PER SHARE,AGM;DIVIDEND,CASH_DIVIDEND,LATER_INCLUDE_CASH_DIVIDEND_IN_TOTAL_RETURN,EQ_SERIES,False,False,True,False,,1.5,PARSED,,,,NOT_APPLICABLE,,,,NOT_APPLICABLE,,,NOT_APPLICABLE,True,351.1,Laurus Labs,Laurus Labs Limited,2,2019-07-05,2019-07-11,,
CA0132,132,2019-07-09,,AJANTPHARM,AJANTPHARM,AJANTPHARM,EQ,Annual General Meeting,ANNUAL GENERAL MEETING,AGM,ADMIN_ONLY,NO_PRICE_OR_TOTAL_RETURN_ADJUSTMENT,EQ_SERIES,False,False,False,False,,,NOT_APPLICABLE,,,,NOT_APPLICABLE,,,,NOT_APPLICABLE,,,NOT_APPLICABLE,True,916.2,Ajanta Pharma,Ajanta Pharma Limited,2,2019-07-11,2019-07-18,,
CA0133,133,2019-07-11,,GLAXO,GLAXO,GLAXO,EQ,Annual General Meeting/Dividend Rs 20 Per Share,ANNUAL GENERAL MEETING/DIVIDEND RS 20 PER SHARE,AGM;DIVIDEND,CASH_DIVIDEND,LATER_INCLUDE_CASH_DIVIDEND_IN_TOTAL_RETURN,EQ_SERIES,False,False,True,False,,20.0,PARSED,,,,NOT_APPLICABLE,,,,NOT_APPLICABLE,,,NOT_APPLICABLE,True,1140.05,GlaxoSmithKline Pharmaceuticals,GlaxoSmithKline Pharmaceuticals Limited,10,2019-07-15,2019-07-22,,
CA0134,134,2019-07-15,,DRREDDY,DRREDDY,DRREDDY,EQ,Annual General Meeting/Dividend - Rs 20 Per Share,ANNUAL GENERAL MEETING/DIVIDEND - RS 20 PER SHARE,AGM;DIVIDEND,CASH_DIVIDEND,LATER_INCLUDE_CASH_DIVIDEND_IN_TOTAL_RETURN,EQ_SERIES,False,False,True,False,,20.0,PARSED,,,,NOT_APPLICABLE,,,,NOT_APPLICABLE,,,NOT_APPLICABLE,True,2627.6,Dr. Reddy's Laboratories,Dr. Reddy's Laboratories Limited,1,2019-07-17,2019-07-19,,
CA0135,135,2019-07-18,,APLLTD,APLLTD,APLLTD,EQ,Annual General Meeting/Dividend Rs 5.50/-,ANNUAL GENERAL MEETING/DIVIDEND RS 5.50/-,AGM;DIVIDEND,CASH_DIVIDEND,LATER_INCLUDE_CASH_DIVIDEND_IN_TOTAL_RETURN,EQ_SERIES,False,False,True,False,,5.5,PARSED,,,,NOT_APPLICABLE,,,,NOT_APPLICABLE,,,NOT_APPLICABLE,True,524.4,Alembic Pharmaceuticals,Alembic Pharmaceuticals Limited,2,2019-07-22,2019-07-29,,
CA0136,136,2019-07-18,2019-07-19,BIOCON,BIOCON,BIOCON,EQ,Dividend - Rs 0.50 Per Share,DIVIDEND - RS 0.50 PER SHARE,DIVIDEND,CASH_DIVIDEND,LATER_INCLUDE_CASH_DIVIDEND_IN_TOTAL_RETURN,EQ_SERIES,False,False,True,False,,0.5,PARSED,,,,NOT_APPLICABLE,,,,NOT_APPLICABLE,,,NOT_APPLICABLE,True,263.05,Biocon,Biocon Limited,5,,,,
CA0137,137,2019-07-18,,PEL,PEL,PEL,EQ,Annual General Meeting/ Dividend - Rs 28 Per Share,ANNUAL GENERAL MEETING/ DIVIDEND - RS 28 PER SHARE,AGM;DIVIDEND,CASH_DIVIDEND,LATER_INCLUDE_CASH_DIVIDEND_IN_TOTAL_RETURN,EQ_SERIES,False,False,True,False,,28.0,PARSED,,,,NOT_APPLICABLE,,,,NOT_APPLICABLE,,,NOT_APPLICABLE,True,1990.85,Piramal Enterprises,Piramal Enterprises Limited,2,2019-07-20,2019-07-30,,
CA0138,138,2019-07-19,,STAR,STAR,STAR,EQ,Annual General Meeting/Dividend - Rs 3 Per Share,ANNUAL GENERAL MEETING/DIVIDEND - RS 3 PER SHARE,AGM;DIVIDEND,CASH_DIVIDEND,LATER_INCLUDE_CASH_DIVIDEND_IN_TOTAL_RETURN,EQ_SERIES,False,False,True,False,,3.0,PARSED,,,,NOT_APPLICABLE,,,,NOT_APPLICABLE,,,NOT_APPLICABLE,True,347.95,Strides Pharma Science,Strides Pharma Science Limited,10,2019-07-23,2019-07-30,,
CA0139,139,2019-07-25,,ZYDUS,ZYDUSLIFE,CADILAHC,EQ,Annual General Meeting/Dividend - Rs 3.50 Per Share,ANNUAL GENERAL MEETING/DIVIDEND - RS 3.50 PER SHARE,AGM;DIVIDEND,CASH_DIVIDEND,LATER_INCLUDE_CASH_DIVIDEND_IN_TOTAL_RETURN,EQ_SERIES,False,False,True,False,,3.5,PARSED,,,,NOT_APPLICABLE,,,,NOT_APPLICABLE,,,NOT_APPLICABLE,True,230.2,Zydus Lifesciences,Zydus Lifesciences Limited,1,2019-07-29,2019-08-09,,
CA0140,140,2019-07-29,,LUPIN,LUPIN,LUPIN,EQ,Annual General Meeting/Dividend - Rs 5 Per Share,ANNUAL GENERAL MEETING/DIVIDEND - RS 5 PER SHARE,AGM;DIVIDEND,CASH_DIVIDEND,LATER_INCLUDE_CASH_DIVIDEND_IN_TOTAL_RETURN,EQ_SERIES,False,False,True,False,,5.0,PARSED,,,,NOT_APPLICABLE,,,,NOT_APPLICABLE,,,NOT_APPLICABLE,True,762.25,Lupin,Lupin Limited,2,2019-07-31,2019-08-07,,
CA0141,141,2019-07-31,,CIPLA,CIPLA,CIPLA,EQ,Annual General Meeting/Dividend - Rs 3 Per Share,ANNUAL GENERAL MEETING/DIVIDEND - RS 3 PER SHARE,AGM;DIVIDEND,CASH_DIVIDEND,LATER_INCLUDE_CASH_DIVIDEND_IN_TOTAL_RETURN,EQ_SERIES,False,False,True,False,,3.0,PARSED,,,,NOT_APPLICABLE,,,,NOT_APPLICABLE,,,NOT_APPLICABLE,True,521.1,Cipla,Cipla Limited,2,2019-08-02,2019-08-16,,
CA0142,142,2019-08-01,,PFIZER,PFIZER,PFIZER,EQ,Dividend - Rs 22.50 Per Share,DIVIDEND - RS 22.50 PER SHARE,DIVIDEND,CASH_DIVIDEND,LATER_INCLUDE_CASH_DIVIDEND_IN_TOTAL_RETURN,EQ_SERIES,False,False,True,False,,22.5,PARSED,,,,NOT_APPLICABLE,,,,NOT_APPLICABLE,,,NOT_APPLICABLE,True,2996.05,Pfizer,Pfizer Limited,10,2019-08-03,2019-08-09,,
CA0143,143,2019-08-02,,WOCKPHARMA,WOCKPHARMA,WOCKPHARMA,EQ,Annual General Meeting,ANNUAL GENERAL MEETING,AGM,ADMIN_ONLY,NO_PRICE_OR_TOTAL_RETURN_ADJUSTMENT,EQ_SERIES,False,False,False,False,,,NOT_APPLICABLE,,,,NOT_APPLICABLE,,,,NOT_APPLICABLE,,,NOT_APPLICABLE,True,296.3,Wockhardt,Wockhardt Limited,5,2019-08-06,2019-08-14,,
CA0144,144,2019-08-06,,IPCALAB,IPCALAB,IPCALAB,EQ,Annual General Meeting/Dividend - Rs 3 Per Share,ANNUAL GENERAL MEETING/DIVIDEND - RS 3 PER SHARE,AGM;DIVIDEND,CASH_DIVIDEND,LATER_INCLUDE_CASH_DIVIDEND_IN_TOTAL_RETURN,EQ_SERIES,False,False,True,False,,3.0,PARSED,,,,NOT_APPLICABLE,,,,NOT_APPLICABLE,,,NOT_APPLICABLE,True,949.35,IPCA Laboratories,IPCA Laboratories Limited,1,2019-08-08,2019-08-13,,
CA0145,145,2019-08-08,2019-08-09,GRANULES,GRANULES,GRANULES,EQ,Interim Dividend - Re 0.25 Per Share,INTERIM DIVIDEND - RE 0.25 PER SHARE,DIVIDEND,CASH_DIVIDEND,LATER_INCLUDE_CASH_DIVIDEND_IN_TOTAL_RETURN,EQ_SERIES,False,False,True,False,,0.25,PARSED,,,,NOT_APPLICABLE,,,,NOT_APPLICABLE,,,NOT_APPLICABLE,True,97.4,Granules India,Granules India Limited,1,,,,
CA0146,146,2019-08-13,,ABBOTINDIA,ABBOTINDIA,ABBOTINDIA,EQ,Annual General Meeting/ Final Dividend - Rs 50 Per Share/ Special Dividend - Rs 15 Per Share,ANNUAL GENERAL MEETING/ FINAL DIVIDEND - RS 50 PER SHARE/ SPECIAL DIVIDEND - RS 15 PER SHARE,AGM;DIVIDEND,CASH_DIVIDEND,LATER_INCLUDE_CASH_DIVIDEND_IN_TOTAL_RETURN,EQ_SERIES,False,True,False,True,SPECIAL_DIVIDEND_VERIFY_AND_AVOID_DOUBLE_COUNT,,AMBIGUOUS_MULTIPLE_AMOUNTS,,,,NOT_APPLICABLE,,,,NOT_APPLICABLE,,,NOT_APPLICABLE,True,9116.8,Abbott India,Abbott India Limited,10,2019-08-16,2019-08-22,,
CA0147,147,2019-08-14,,DIVISLAB,DIVISLAB,DIVISLAB,EQ,Annual General Meeting/Dividend - Rs 16 Per Share,ANNUAL GENERAL MEETING/DIVIDEND - RS 16 PER SHARE,AGM;DIVIDEND,CASH_DIVIDEND,LATER_INCLUDE_CASH_DIVIDEND_IN_TOTAL_RETURN,EQ_SERIES,False,False,True,False,,16.0,PARSED,,,,NOT_APPLICABLE,,,,NOT_APPLICABLE,,,NOT_APPLICABLE,True,1531.9,Divi's Laboratories,Divi's Laboratories Limited,2,2019-08-17,2019-08-23,,
CA0148,148,2019-08-14,2019-08-16,JBCHEPHARM,JBCHEPHARM,JBCHEPHARM,EQ,Dividend - Rs 5 Per Share,DIVIDEND - RS 5 PER SHARE,DIVIDEND,CASH_DIVIDEND,LATER_INCLUDE_CASH_DIVIDEND_IN_TOTAL_RETURN,EQ_SERIES,False,False,True,False,,5.0,PARSED,,,,NOT_APPLICABLE,,,,NOT_APPLICABLE,,,NOT_APPLICABLE,True,375.45,JB Chemicals & Pharmaceuticals,JB Chemicals & Pharmaceuticals Limited,1,,,,
CA0149,149,2019-08-19,2019-08-20,ALKEM,ALKEM,ALKEM,EQ,Annual General Meeting/Dividend - Rs 8 Per Share,ANNUAL GENERAL MEETING/DIVIDEND - RS 8 PER SHARE,AGM;DIVIDEND,CASH_DIVIDEND,LATER_INCLUDE_CASH_DIVIDEND_IN_TOTAL_RETURN,EQ_SERIES,False,False,True,False,,8.0,PARSED,,,,NOT_APPLICABLE,,,,NOT_APPLICABLE,,,NOT_APPLICABLE,True,1753.8,Alkem Laboratories,Alkem Laboratories Limited,2,,,,
CA0150,150,2019-08-20,,SUNPHARMA,SUNPHARMA,SUNPHARMA,EQ,Annual General Meeting/Dividend - Rs 2.75 Per Share,ANNUAL GENERAL MEETING/DIVIDEND - RS 2.75 PER SHARE,AGM;DIVIDEND,CASH_DIVIDEND,LATER_INCLUDE_CASH_DIVIDEND_IN_TOTAL_RETURN,EQ_SERIES,False,False,True,False,,2.75,PARSED,,,,NOT_APPLICABLE,,,,NOT_APPLICABLE,,,NOT_APPLICABLE,True,420.9,Sun Pharmaceutical Industries,Sun Pharmaceutical Industries Limited,1,2019-08-22,2019-08-28,,
CA0151,151,2019-08-21,,AUROPHARMA,AUROPHARMA,AUROPHARMA,EQ,Annual General Meeting,ANNUAL GENERAL MEETING,AGM,ADMIN_ONLY,NO_PRICE_OR_TOTAL_RETURN_ADJUSTMENT,EQ_SERIES,False,False,False,False,,,NOT_APPLICABLE,,,,NOT_APPLICABLE,,,,NOT_APPLICABLE,,,NOT_APPLICABLE,True,589.5,Aurobindo Pharma,Aurobindo Pharma Limited,1,2019-08-23,2019-08-29,,
CA0152,152,2019-08-21,,GRANULES,GRANULES,GRANULES,EQ,Annual General Meeting/ Dividend - Re 0.25 Per Share,ANNUAL GENERAL MEETING/ DIVIDEND - RE 0.25 PER SHARE,AGM;DIVIDEND,CASH_DIVIDEND,LATER_INCLUDE_CASH_DIVIDEND_IN_TOTAL_RETURN,EQ_SERIES,False,False,True,False,,0.25,PARSED,,,,NOT_APPLICABLE,,,,NOT_APPLICABLE,,,NOT_APPLICABLE,True,91.6,Granules India,Granules India Limited,1,2019-08-23,2019-08-29,,
CA0153,153,2019-08-22,2019-08-23,NATCOPHARM,NATCOPHARM,NATCOPHARM,EQ,Interim Dividend - Rs 1.25 Per Share,INTERIM DIVIDEND - RS 1.25 PER SHARE,DIVIDEND,CASH_DIVIDEND,LATER_INCLUDE_CASH_DIVIDEND_IN_TOTAL_RETURN,EQ_SERIES,False,False,True,False,,1.25,PARSED,,,,NOT_APPLICABLE,,,,NOT_APPLICABLE,,,NOT_APPLICABLE,True,543.05,Natco Pharma,Natco Pharma Limited,2,,,,
CA0154,154,2019-08-22,2019-08-23,STAR,STAR,STAR,EQ,Interim Dividend - Rs 12 Per Share,INTERIM DIVIDEND - RS 12 PER SHARE,DIVIDEND,CASH_DIVIDEND,LATER_INCLUDE_CASH_DIVIDEND_IN_TOTAL_RETURN,EQ_SERIES,False,False,True,False,,12.0,PARSED,,,,NOT_APPLICABLE,,,,NOT_APPLICABLE,,,NOT_APPLICABLE,True,377.15,Strides Pharma Science,Strides Pharma Science Limited,10,,,,
CA0155,155,2019-08-29,,NATCOPHARM,NATCOPHARM,NATCOPHARM,EQ,Annual General Meeting,ANNUAL GENERAL MEETING,AGM,ADMIN_ONLY,NO_PRICE_OR_TOTAL_RETURN_ADJUSTMENT,EQ_SERIES,False,False,False,False,,,NOT_APPLICABLE,,,,NOT_APPLICABLE,,,,NOT_APPLICABLE,,,NOT_APPLICABLE,True,540.4,Natco Pharma,Natco Pharma Limited,2,2019-09-03,2019-09-05,,
CA0156,156,2019-09-19,,GLENMARK,GLENMARK,GLENMARK,EQ,Annual General Meeting/Dividend - Rs 2 Per Share,ANNUAL GENERAL MEETING/DIVIDEND - RS 2 PER SHARE,AGM;DIVIDEND,CASH_DIVIDEND,LATER_INCLUDE_CASH_DIVIDEND_IN_TOTAL_RETURN,EQ_SERIES,False,False,True,False,,2.0,PARSED,,,,NOT_APPLICABLE,,,,NOT_APPLICABLE,,,NOT_APPLICABLE,True,358.35,Glenmark Pharmaceuticals,Glenmark Pharmaceuticals Limited,1,2019-09-21,2019-09-27,,
CA0157,157,2019-10-31,2019-11-02,GRANULES,GRANULES,GRANULES,EQ,Interim Dividend - Rs 0.25 Per Share,INTERIM DIVIDEND - RS 0.25 PER SHARE,DIVIDEND,CASH_DIVIDEND,LATER_INCLUDE_CASH_DIVIDEND_IN_TOTAL_RETURN,EQ_SERIES,False,False,True,False,,0.25,PARSED,,,,NOT_APPLICABLE,,,,NOT_APPLICABLE,,,NOT_APPLICABLE,True,125.25,Granules India,Granules India Limited,1,,,,
CA0158,158,2019-11-15,2019-11-18,AJANTPHARM,AJANTPHARM,AJANTPHARM,EQ,Interim Dividend - Rs 13 Per Share,INTERIM DIVIDEND - RS 13 PER SHARE,DIVIDEND,CASH_DIVIDEND,LATER_INCLUDE_CASH_DIVIDEND_IN_TOTAL_RETURN,EQ_SERIES,False,False,True,False,,13.0,PARSED,,,,NOT_APPLICABLE,,,,NOT_APPLICABLE,,,NOT_APPLICABLE,True,970.75,Ajanta Pharma,Ajanta Pharma Limited,2,,,,
CA0159,159,2019-11-21,2019-11-23,AUROPHARMA,AUROPHARMA,AUROPHARMA,EQ,Interim Dividend - Rs 1.25 Per Share,INTERIM DIVIDEND - RS 1.25 PER SHARE,DIVIDEND,CASH_DIVIDEND,LATER_INCLUDE_CASH_DIVIDEND_IN_TOTAL_RETURN,EQ_SERIES,False,False,True,False,,1.25,PARSED,,,,NOT_APPLICABLE,,,,NOT_APPLICABLE,,,NOT_APPLICABLE,True,429.7,Aurobindo Pharma,Aurobindo Pharma Limited,1,,,,
CA0160,160,2019-11-21,2019-11-22,JBCHEPHARM,JBCHEPHARM,JBCHEPHARM,EQ,Buyback,BUYBACK,BUYBACK,BUYBACK,NO_AUTOMATIC_ADJUSTMENT_REVIEW_TERMS,EQ_SERIES,False,False,False,True,BUYBACK_IS_NOT_AUTOMATIC_TOTAL_RETURN_DISTRIBUTION,,NOT_APPLICABLE,,,,NOT_APPLICABLE,,,,NOT_APPLICABLE,,,NOT_APPLICABLE,True,387.55,JB Chemicals & Pharmaceuticals,JB Chemicals & Pharmaceuticals Limited,1,,,,
CA0161,161,2019-11-21,2019-11-22,NATCOPHARM,NATCOPHARM,NATCOPHARM,EQ,Interim Dividend - Re 1 Per Share,INTERIM DIVIDEND - RE 1 PER SHARE,DIVIDEND,CASH_DIVIDEND,LATER_INCLUDE_CASH_DIVIDEND_IN_TOTAL_RETURN,EQ_SERIES,False,False,True,False,,1.0,PARSED,,,,NOT_APPLICABLE,,,,NOT_APPLICABLE,,,NOT_APPLICABLE,True,555.8,Natco Pharma,Natco Pharma Limited,2,,,,
CA0162,162,2019-12-30,2019-12-31,PEL,PEL,PEL,EQ,Rights 11:83 @ Premium Rs 1298/-,RIGHTS 11:83 @ PREMIUM RS 1298/-,RIGHTS,RIGHTS_ISSUE,MANUAL_RIGHTS_TERMS_AND_THEORETICAL_ADJUSTMENT,EQ_SERIES,False,False,False,True,RIGHTS_REQUIRE_RATIO_SUBSCRIPTION_PRICE_AND_EVENT_REVIEW,,NOT_APPLICABLE,,,,NOT_APPLICABLE,,,,NOT_APPLICABLE,11.0,83.0,PARSED,True,1585.05,Piramal Enterprises,Piramal Enterprises Limited,2,,,,
CA0163,163,2020-01-30,2020-01-31,GRANULES,GRANULES,GRANULES,EQ,Interim Dividend - Re 0.25 Per Share,INTERIM DIVIDEND - RE 0.25 PER SHARE,DIVIDEND,CASH_DIVIDEND,LATER_INCLUDE_CASH_DIVIDEND_IN_TOTAL_RETURN,EQ_SERIES,False,False,True,False,,0.25,PARSED,,,,NOT_APPLICABLE,,,,NOT_APPLICABLE,,,NOT_APPLICABLE,True,146.2,Granules India,Granules India Limited,1,,,,
CA0164,164,2020-02-13,2020-02-15,ALKEM,ALKEM,ALKEM,EQ,Interim Dividend - Rs 22 Per Share,INTERIM DIVIDEND - RS 22 PER SHARE,DIVIDEND,CASH_DIVIDEND,LATER_INCLUDE_CASH_DIVIDEND_IN_TOTAL_RETURN,EQ_SERIES,False,False,True,False,,22.0,PARSED,,,,NOT_APPLICABLE,,,,NOT_APPLICABLE,,,NOT_APPLICABLE,True,2615.05,Alkem Laboratories,Alkem Laboratories Limited,2,,,,
CA0165,165,2020-02-17,2020-02-18,AUROPHARMA,AUROPHARMA,AUROPHARMA,EQ,Interim Dividend - Rs 1.75 Per Share,INTERIM DIVIDEND - RS 1.75 PER SHARE,DIVIDEND,CASH_DIVIDEND,LATER_INCLUDE_CASH_DIVIDEND_IN_TOTAL_RETURN,EQ_SERIES,False,False,True,False,,1.75,PARSED,,,,NOT_APPLICABLE,,,,NOT_APPLICABLE,,,NOT_APPLICABLE,True,493.6,Aurobindo Pharma,Aurobindo Pharma Limited,1,,,,
CA0166,166,2020-02-17,2020-02-18,SUNPHARMA,SUNPHARMA,SUNPHARMA,EQ,Interim Dividend - Rs 3 Per Share,INTERIM DIVIDEND - RS 3 PER SHARE,DIVIDEND,CASH_DIVIDEND,LATER_INCLUDE_CASH_DIVIDEND_IN_TOTAL_RETURN,EQ_SERIES,False,False,True,False,,3.0,PARSED,,,,NOT_APPLICABLE,,,,NOT_APPLICABLE,,,NOT_APPLICABLE,True,408.4,Sun Pharmaceutical Industries,Sun Pharmaceutical Industries Limited,1,,,,
CA0167,167,2020-02-18,2020-02-20,IPCALAB,IPCALAB,IPCALAB,EQ,Interim Dividend - Rs 5 Per Share,INTERIM DIVIDEND - RS 5 PER SHARE,DIVIDEND,CASH_DIVIDEND,LATER_INCLUDE_CASH_DIVIDEND_IN_TOTAL_RETURN,EQ_SERIES,False,False,True,False,,5.0,PARSED,,,,NOT_APPLICABLE,,,,NOT_APPLICABLE,,,NOT_APPLICABLE,True,1315.4,IPCA Laboratories,IPCA Laboratories Limited,1,,,,
CA0168,168,2020-02-24,2020-02-25,NATCOPHARM,NATCOPHARM,NATCOPHARM,EQ,Interim Dividend - Rs 3.5 Per Share,INTERIM DIVIDEND - RS 3.5 PER SHARE,DIVIDEND,CASH_DIVIDEND,LATER_INCLUDE_CASH_DIVIDEND_IN_TOTAL_RETURN,EQ_SERIES,False,False,True,False,,3.5,PARSED,,,,NOT_APPLICABLE,,,,NOT_APPLICABLE,,,NOT_APPLICABLE,True,642.05,Natco Pharma,Natco Pharma Limited,2,,,,
CA0169,169,2020-02-25,2020-02-26,DIVISLAB,DIVISLAB,DIVISLAB,EQ,Interim Dividend - Rs 16 Per Share,INTERIM DIVIDEND - RS 16 PER SHARE,DIVIDEND,CASH_DIVIDEND,LATER_INCLUDE_CASH_DIVIDEND_IN_TOTAL_RETURN,EQ_SERIES,False,False,True,False,,16.0,PARSED,,,,NOT_APPLICABLE,,,,NOT_APPLICABLE,,,NOT_APPLICABLE,True,2116.0,Divi's Laboratories,Divi's Laboratories Limited,2,,,,
CA0170,170,2020-03-03,2020-03-04,JBCHEPHARM,JBCHEPHARM,JBCHEPHARM,EQ,Interim Dividend - Rs 10 Per Share,INTERIM DIVIDEND - RS 10 PER SHARE,DIVIDEND,CASH_DIVIDEND,LATER_INCLUDE_CASH_DIVIDEND_IN_TOTAL_RETURN,EQ_SERIES,False,False,True,False,,10.0,PARSED,,,,NOT_APPLICABLE,,,,NOT_APPLICABLE,,,NOT_APPLICABLE,True,557.85,JB Chemicals & Pharmaceuticals,JB Chemicals & Pharmaceuticals Limited,1,,,,
CA0171,171,2020-03-16,2020-03-17,APLLTD,APLLTD,APLLTD,EQ,Interim Dividend - Rs 7 Per Share Special Dividend - Rs 3 Per Share,INTERIM DIVIDEND - RS 7 PER SHARE SPECIAL DIVIDEND - RS 3 PER SHARE,DIVIDEND,CASH_DIVIDEND,LATER_INCLUDE_CASH_DIVIDEND_IN_TOTAL_RETURN,EQ_SERIES,False,True,False,True,SPECIAL_DIVIDEND_VERIFY_AND_AVOID_DOUBLE_COUNT,,AMBIGUOUS_MULTIPLE_AMOUNTS,,,,NOT_APPLICABLE,,,,NOT_APPLICABLE,,,NOT_APPLICABLE,True,536.9,Alembic Pharmaceuticals,Alembic Pharmaceuticals Limited,2,,,,
CA0172,172,2020-03-18,2020-03-19,TORNTPHARM,TORNTPHARM,TORNTPHARM,EQ,Interim Dividend - Rs 17 Per Share Special Dividend - Rs 15 Per Share,INTERIM DIVIDEND - RS 17 PER SHARE SPECIAL DIVIDEND - RS 15 PER SHARE,DIVIDEND,CASH_DIVIDEND,LATER_INCLUDE_CASH_DIVIDEND_IN_TOTAL_RETURN,EQ_SERIES,False,True,False,True,SPECIAL_DIVIDEND_VERIFY_AND_AVOID_DOUBLE_COUNT,,AMBIGUOUS_MULTIPLE_AMOUNTS,,,,NOT_APPLICABLE,,,,NOT_APPLICABLE,,,NOT_APPLICABLE,True,1815.25,Torrent Pharmaceuticals,Torrent Pharmaceuticals Limited,5,,,,
CA0173,173,2020-03-19,2020-03-20,CIPLA,CIPLA,CIPLA,EQ,Interim Dividend - Rs 3 Per Share Special Dividend - Re 1 Per Share,INTERIM DIVIDEND - RS 3 PER SHARE SPECIAL DIVIDEND - RE 1 PER SHARE,DIVIDEND,CASH_DIVIDEND,LATER_INCLUDE_CASH_DIVIDEND_IN_TOTAL_RETURN,EQ_SERIES,False,True,False,True,SPECIAL_DIVIDEND_VERIFY_AND_AVOID_DOUBLE_COUNT,,AMBIGUOUS_MULTIPLE_AMOUNTS,,,,NOT_APPLICABLE,,,,NOT_APPLICABLE,,,NOT_APPLICABLE,True,374.7,Cipla,Cipla Limited,2,,,,
CA0174,174,2020-03-19,2020-03-20,GRANULES,GRANULES,GRANULES,EQ,Buyback,BUYBACK,BUYBACK,BUYBACK,NO_AUTOMATIC_ADJUSTMENT_REVIEW_TERMS,EQ_SERIES,False,False,False,True,BUYBACK_IS_NOT_AUTOMATIC_TOTAL_RETURN_DISTRIBUTION,,NOT_APPLICABLE,,,,NOT_APPLICABLE,,,,NOT_APPLICABLE,,,NOT_APPLICABLE,True,132.15,Granules India,Granules India Limited,1,,,,
CA0175,175,2020-03-23,2020-03-25,LAURUSLABS,LAURUSLABS,LAURUSLABS,EQ,Interim Dividend - Rs 1.50 Per Share,INTERIM DIVIDEND - RS 1.50 PER SHARE,DIVIDEND,CASH_DIVIDEND,LATER_INCLUDE_CASH_DIVIDEND_IN_TOTAL_RETURN,EQ_SERIES,False,False,True,False,,1.5,PARSED,,,,NOT_APPLICABLE,,,,NOT_APPLICABLE,,,NOT_APPLICABLE,True,320.4,Laurus Labs,Laurus Labs Limited,2,,,,
CA0176,176,2020-03-23,2020-03-24,ZYDUS,ZYDUSLIFE,CADILAHC,EQ,Interim Dividend - Rs 3.50 Per Share,INTERIM DIVIDEND - RS 3.50 PER SHARE,DIVIDEND,CASH_DIVIDEND,LATER_INCLUDE_CASH_DIVIDEND_IN_TOTAL_RETURN,EQ_SERIES,False,False,True,False,,3.5,PARSED,,,,NOT_APPLICABLE,,,,NOT_APPLICABLE,,,NOT_APPLICABLE,True,280.35,Zydus Lifesciences,Zydus Lifesciences Limited,1,,,,
CA0177,177,2020-05-06,2020-05-08,PFIZER,PFIZER,PFIZER,EQ,Special Dividend - Rs 320 Per Share,SPECIAL DIVIDEND - RS 320 PER SHARE,DIVIDEND,CASH_DIVIDEND,LATER_INCLUDE_CASH_DIVIDEND_IN_TOTAL_RETURN,EQ_SERIES,False,True,True,True,SPECIAL_DIVIDEND_VERIFY_AND_AVOID_DOUBLE_COUNT,320.0,PARSED,,,,NOT_APPLICABLE,,,,NOT_APPLICABLE,,,NOT_APPLICABLE,True,4767.95,Pfizer,Pfizer Limited,10,,,,
CA0178,178,2020-06-26,2020-06-29,NATCOPHARM,NATCOPHARM,NATCOPHARM,EQ,Interim Dividend - Re 1 Per Share,INTERIM DIVIDEND - RE 1 PER SHARE,DIVIDEND,CASH_DIVIDEND,LATER_INCLUDE_CASH_DIVIDEND_IN_TOTAL_RETURN,EQ_SERIES,False,False,True,False,,1.0,PARSED,,,,NOT_APPLICABLE,,,,NOT_APPLICABLE,,,NOT_APPLICABLE,True,634.1,Natco Pharma,Natco Pharma Limited,2,,,,
CA0179,179,2020-06-29,,SANOFI,SANOFI,SANOFI,EQ,Dividend - Rs 106 Per Share Special Dividend 243 Per Share,DIVIDEND - RS 106 PER SHARE SPECIAL DIVIDEND 243 PER SHARE,DIVIDEND,CASH_DIVIDEND,LATER_INCLUDE_CASH_DIVIDEND_IN_TOTAL_RETURN,EQ_SERIES,False,True,True,True,SPECIAL_DIVIDEND_VERIFY_AND_AVOID_DOUBLE_COUNT,106.0,PARSED,,,,NOT_APPLICABLE,,,,NOT_APPLICABLE,,,NOT_APPLICABLE,True,7916.75,Sanofi India,Sanofi India Limited,10,2020-07-01,2020-07-07,,
CA0180,180,2020-07-01,,LAURUSLABS,LAURUSLABS,LAURUSLABS,EQ,Annual General Meeting/Dividend - Re 1 Per Share,ANNUAL GENERAL MEETING/DIVIDEND - RE 1 PER SHARE,AGM;DIVIDEND,CASH_DIVIDEND,LATER_INCLUDE_CASH_DIVIDEND_IN_TOTAL_RETURN,EQ_SERIES,False,False,True,False,,1.0,PARSED,,,,NOT_APPLICABLE,,,,NOT_APPLICABLE,,,NOT_APPLICABLE,True,527.2,Laurus Labs,Laurus Labs Limited,2,2020-07-03,2020-07-09,,
CA0181,181,2020-07-13,,DRREDDY,DRREDDY,DRREDDY,EQ,Annual General Meeting/Dividend - Rs 25 Per Share,ANNUAL GENERAL MEETING/DIVIDEND - RS 25 PER SHARE,AGM;DIVIDEND,CASH_DIVIDEND,LATER_INCLUDE_CASH_DIVIDEND_IN_TOTAL_RETURN,EQ_SERIES,False,False,True,False,,25.0,PARSED,,,,NOT_APPLICABLE,,,,NOT_APPLICABLE,,,NOT_APPLICABLE,True,3899.55,Dr. Reddy's Laboratories,Dr. Reddy's Laboratories Limited,1,2020-07-15,2020-07-17,,
CA0182,182,2020-07-16,,PEL,PEL,PEL,EQ,Annual General Meeting/Dividend - Rs 14 Per Share,ANNUAL GENERAL MEETING/DIVIDEND - RS 14 PER SHARE,AGM;DIVIDEND,CASH_DIVIDEND,LATER_INCLUDE_CASH_DIVIDEND_IN_TOTAL_RETURN,EQ_SERIES,False,False,True,False,,14.0,PARSED,,,,NOT_APPLICABLE,,,,NOT_APPLICABLE,,,NOT_APPLICABLE,True,1372.95,Piramal Enterprises,Piramal Enterprises Limited,2,2020-07-18,2020-07-30,,
CA0183,183,2020-07-17,2020-07-20,GLAXO,GLAXO,GLAXO,EQ,Dividend - Rs 20 And Special Dividend - Rs 20 Per Share,DIVIDEND - RS 20 AND SPECIAL DIVIDEND - RS 20 PER SHARE,DIVIDEND,CASH_DIVIDEND,LATER_INCLUDE_CASH_DIVIDEND_IN_TOTAL_RETURN,EQ_SERIES,False,True,True,True,SPECIAL_DIVIDEND_VERIFY_AND_AVOID_DOUBLE_COUNT,20.0,PARSED,,,,NOT_APPLICABLE,,,,NOT_APPLICABLE,,,NOT_APPLICABLE,True,1519.2,GlaxoSmithKline Pharmaceuticals,GlaxoSmithKline Pharmaceuticals Limited,10,,,,
CA0184,184,2020-07-21,,AJANTPHARM,AJANTPHARM,AJANTPHARM,EQ,Annual General Meeting,ANNUAL GENERAL MEETING,AGM,ADMIN_ONLY,NO_PRICE_OR_TOTAL_RETURN_ADJUSTMENT,EQ_SERIES,False,False,False,False,,,NOT_APPLICABLE,,,,NOT_APPLICABLE,,,,NOT_APPLICABLE,,,NOT_APPLICABLE,True,1426.2,Ajanta Pharma,Ajanta Pharma Limited,2,2020-07-23,2020-07-30,,
CA0185,185,2020-07-24,2020-07-27,STAR,STAR,STAR,EQ,Annual General Meeting/Dividend - Rs 2 Per Share,ANNUAL GENERAL MEETING/DIVIDEND - RS 2 PER SHARE,AGM;DIVIDEND,CASH_DIVIDEND,LATER_INCLUDE_CASH_DIVIDEND_IN_TOTAL_RETURN,EQ_SERIES,False,False,True,False,,2.0,PARSED,,,,NOT_APPLICABLE,,,,NOT_APPLICABLE,,,NOT_APPLICABLE,True,420.85,Strides Pharma Science,Strides Pharma Science Limited,10,,,,
CA0186,186,2020-07-24,,WOCKPHARMA,WOCKPHARMA,WOCKPHARMA,EQ,Annual General Meeting,ANNUAL GENERAL MEETING,AGM,ADMIN_ONLY,NO_PRICE_OR_TOTAL_RETURN_ADJUSTMENT,EQ_SERIES,False,False,False,False,,,NOT_APPLICABLE,,,,NOT_APPLICABLE,,,,NOT_APPLICABLE,,,NOT_APPLICABLE,True,266.25,Wockhardt,Wockhardt Limited,5,2020-07-28,2020-08-03,,
CA0187,187,2020-07-28,2020-07-29,GRANULES,GRANULES,GRANULES,EQ,Interim Dividend - Rs 0.25 Per Share,INTERIM DIVIDEND - RS 0.25 PER SHARE,DIVIDEND,CASH_DIVIDEND,LATER_INCLUDE_CASH_DIVIDEND_IN_TOTAL_RETURN,EQ_SERIES,False,False,True,False,,0.25,PARSED,,,,NOT_APPLICABLE,,,,NOT_APPLICABLE,,,NOT_APPLICABLE,True,291.9,Granules India,Granules India Limited,1,,,,
CA0188,188,2020-08-03,,LUPIN,LUPIN,LUPIN,EQ,Annual General Meeting/Dividend - Rs  6 Per Share,ANNUAL GENERAL MEETING/DIVIDEND - RS 6 PER SHARE,AGM;DIVIDEND,CASH_DIVIDEND,LATER_INCLUDE_CASH_DIVIDEND_IN_TOTAL_RETURN,EQ_SERIES,False,False,True,False,,6.0,PARSED,,,,NOT_APPLICABLE,,,,NOT_APPLICABLE,,,NOT_APPLICABLE,True,927.65,Lupin,Lupin Limited,2,2020-08-05,2020-08-12,,
CA0189,189,2020-08-05,,GRANULES,GRANULES,GRANULES,EQ,Annual General Meeting/Dividend - Rs 0.25 Per Share,ANNUAL GENERAL MEETING/DIVIDEND - RS 0.25 PER SHARE,AGM;DIVIDEND,CASH_DIVIDEND,LATER_INCLUDE_CASH_DIVIDEND_IN_TOTAL_RETURN,EQ_SERIES,False,False,True,False,,0.25,PARSED,,,,NOT_APPLICABLE,,,,NOT_APPLICABLE,,,NOT_APPLICABLE,True,316.85,Granules India,Granules India Limited,1,2020-08-07,2020-08-13,,
CA0190,190,2020-08-10,2020-08-11,ALKEM,ALKEM,ALKEM,EQ,Annual General Meeting/Dividend - Rs 3 Per Share,ANNUAL GENERAL MEETING/DIVIDEND - RS 3 PER SHARE,AGM;DIVIDEND,CASH_DIVIDEND,LATER_INCLUDE_CASH_DIVIDEND_IN_TOTAL_RETURN,EQ_SERIES,False,False,True,False,,3.0,PARSED,,,,NOT_APPLICABLE,,,,NOT_APPLICABLE,,,NOT_APPLICABLE,True,2978.0,Alkem Laboratories,Alkem Laboratories Limited,2,,,,
CA0191,191,2020-08-11,,CIPLA,CIPLA,CIPLA,EQ,Annual General Meeting,ANNUAL GENERAL MEETING,AGM,ADMIN_ONLY,NO_PRICE_OR_TOTAL_RETURN_ADJUSTMENT,EQ_SERIES,False,False,False,False,,,NOT_APPLICABLE,,,,NOT_APPLICABLE,,,,NOT_APPLICABLE,,,NOT_APPLICABLE,True,778.0,Cipla,Cipla Limited,2,2020-08-13,2020-08-27,,
CA0192,192,2020-08-12,,ZYDUS,ZYDUSLIFE,CADILAHC,EQ,Annual General Meeting,ANNUAL GENERAL MEETING,AGM,ADMIN_ONLY,NO_PRICE_OR_TOTAL_RETURN_ADJUSTMENT,EQ_SERIES,False,False,False,False,,,NOT_APPLICABLE,,,,NOT_APPLICABLE,,,,NOT_APPLICABLE,,,NOT_APPLICABLE,True,385.2,Zydus Lifesciences,Zydus Lifesciences Limited,1,2020-08-14,2020-08-21,,
CA0193,193,2020-08-19,,SUNPHARMA,SUNPHARMA,SUNPHARMA,EQ,Annual General Meeting/Dividend - Re 1 Per Share,ANNUAL GENERAL MEETING/DIVIDEND - RE 1 PER SHARE,AGM;DIVIDEND,CASH_DIVIDEND,LATER_INCLUDE_CASH_DIVIDEND_IN_TOTAL_RETURN,EQ_SERIES,False,False,True,False,,1.0,PARSED,,,,NOT_APPLICABLE,,,,NOT_APPLICABLE,,,NOT_APPLICABLE,True,525.4,Sun Pharmaceutical Industries,Sun Pharmaceutical Industries Limited,1,2020-08-21,2020-08-27,,
CA0194,194,2020-08-21,,AUROPHARMA,AUROPHARMA,AUROPHARMA,EQ,Annual General Meeting/Interim Dividend - Rs 1.25 Per Share,ANNUAL GENERAL MEETING/INTERIM DIVIDEND - RS 1.25 PER SHARE,AGM;DIVIDEND,CASH_DIVIDEND,LATER_INCLUDE_CASH_DIVIDEND_IN_TOTAL_RETURN,EQ_SERIES,False,False,True,False,,1.25,PARSED,,,,NOT_APPLICABLE,,,,NOT_APPLICABLE,,,NOT_APPLICABLE,True,856.15,Aurobindo Pharma,Aurobindo Pharma Limited,1,2020-08-25,2020-08-27,,
CA0195,195,2020-08-21,2020-08-24,NATCOPHARM,NATCOPHARM,NATCOPHARM,EQ,Interim Dividend - Rs 1.25 Per Share,INTERIM DIVIDEND - RS 1.25 PER SHARE,DIVIDEND,CASH_DIVIDEND,LATER_INCLUDE_CASH_DIVIDEND_IN_TOTAL_RETURN,EQ_SERIES,False,False,True,False,,1.25,PARSED,,,,NOT_APPLICABLE,,,,NOT_APPLICABLE,,,NOT_APPLICABLE,True,847.5,Natco Pharma,Natco Pharma Limited,2,,,,
CA0196,196,2020-08-27,,PFIZER,PFIZER,PFIZER,EQ,Annual General Meeting/Dividend - Rs 10 Per Share,ANNUAL GENERAL MEETING/DIVIDEND - RS 10 PER SHARE,AGM;DIVIDEND,CASH_DIVIDEND,LATER_INCLUDE_CASH_DIVIDEND_IN_TOTAL_RETURN,EQ_SERIES,False,False,True,False,,10.0,PARSED,,,,NOT_APPLICABLE,,,,NOT_APPLICABLE,,,NOT_APPLICABLE,True,4828.75,Pfizer,Pfizer Limited,10,2020-08-29,2020-09-04,,
CA0197,197,2020-08-28,,ABBOTINDIA,ABBOTINDIA,ABBOTINDIA,EQ,Annual General Meeting/Dividend - Rs 107 Per Share And Special Dividend - Rs 143 Per Share,ANNUAL GENERAL MEETING/DIVIDEND - RS 107 PER SHARE AND SPECIAL DIVIDEND - RS 143 PER SHARE,AGM;DIVIDEND,CASH_DIVIDEND,LATER_INCLUDE_CASH_DIVIDEND_IN_TOTAL_RETURN,EQ_SERIES,False,True,False,True,SPECIAL_DIVIDEND_VERIFY_AND_AVOID_DOUBLE_COUNT,,AMBIGUOUS_MULTIPLE_AMOUNTS,,,,NOT_APPLICABLE,,,,NOT_APPLICABLE,,,NOT_APPLICABLE,True,16816.05,Abbott India,Abbott India Limited,10,2020-09-01,2020-09-07,,
CA0198,198,2020-09-04,,DIVISLAB,DIVISLAB,DIVISLAB,EQ,Annual General Meeting,ANNUAL GENERAL MEETING,AGM,ADMIN_ONLY,NO_PRICE_OR_TOTAL_RETURN_ADJUSTMENT,EQ_SERIES,False,False,False,False,,,NOT_APPLICABLE,,,,NOT_APPLICABLE,,,,NOT_APPLICABLE,,,NOT_APPLICABLE,True,3223.15,Divi's Laboratories,Divi's Laboratories Limited,2,2020-09-08,2020-09-14,,
CA0199,199,2020-09-10,,IPCALAB,IPCALAB,IPCALAB,EQ,Annual General Meeting,ANNUAL GENERAL MEETING,AGM,ADMIN_ONLY,NO_PRICE_OR_TOTAL_RETURN_ADJUSTMENT,EQ_SERIES,False,False,False,False,,,NOT_APPLICABLE,,,,NOT_APPLICABLE,,,,NOT_APPLICABLE,,,NOT_APPLICABLE,True,2049.05,IPCA Laboratories,IPCA Laboratories Limited,1,2020-09-12,2020-09-17,,
CA0200,200,2020-09-17,,GLENMARK,GLENMARK,GLENMARK,EQ,Annual General Meeting/Dividend - Rs 2.50 Per Share,ANNUAL GENERAL MEETING/DIVIDEND - RS 2.50 PER SHARE,AGM;DIVIDEND,CASH_DIVIDEND,LATER_INCLUDE_CASH_DIVIDEND_IN_TOTAL_RETURN,EQ_SERIES,False,False,True,False,,2.5,PARSED,,,,NOT_APPLICABLE,,,,NOT_APPLICABLE,,,NOT_APPLICABLE,True,492.7,Glenmark Pharmaceuticals,Glenmark Pharmaceuticals Limited,1,2020-09-19,2020-09-29,,
CA0201,201,2020-09-22,2020-09-23,JBCHEPHARM,JBCHEPHARM,JBCHEPHARM,EQ,Annual General Meeting/Dividend -  Re 1 Per Share,ANNUAL GENERAL MEETING/DIVIDEND - RE 1 PER SHARE,AGM;DIVIDEND,CASH_DIVIDEND,LATER_INCLUDE_CASH_DIVIDEND_IN_TOTAL_RETURN,EQ_SERIES,False,False,True,False,,1.0,PARSED,,,,NOT_APPLICABLE,,,,NOT_APPLICABLE,,,NOT_APPLICABLE,True,999.0,JB Chemicals & Pharmaceuticals,JB Chemicals & Pharmaceuticals Limited,1,,,,
CA0202,202,2020-09-29,2020-09-30,LAURUSLABS,LAURUSLABS,LAURUSLABS,EQ,Face Value Split (Sub-Division) - From Rs 10/- Per Share To Rs 2/- Per Share,FACE VALUE SPLIT (SUB-DIVISION) - FROM RS 10/- PER SHARE TO RS 2/- PER SHARE,SPLIT,SPLIT_CONSOLIDATION,LATER_NEUTRALIZE_SAME_STOCK_UNIT_CHANGE,EQ_SERIES,False,False,True,False,,,NOT_APPLICABLE,,,,NOT_APPLICABLE,10.0,2.0,5.0,PARSED,,,NOT_APPLICABLE,True,289.2,Laurus Labs,Laurus Labs Limited,2,,,,
CA0203,203,2020-10-09,,NATCOPHARM,NATCOPHARM,NATCOPHARM,EQ,Annual General Meeting,ANNUAL GENERAL MEETING,AGM,ADMIN_ONLY,NO_PRICE_OR_TOTAL_RETURN_ADJUSTMENT,EQ_SERIES,False,False,False,False,,,NOT_APPLICABLE,,,,NOT_APPLICABLE,,,,NOT_APPLICABLE,,,NOT_APPLICABLE,True,940.5,Natco Pharma,Natco Pharma Limited,2,2020-10-13,2020-10-15,,
CA0204,204,2020-10-28,2020-10-30,GRANULES,GRANULES,GRANULES,EQ,Interim Dividend - Rs 0.25 Per Share,INTERIM DIVIDEND - RS 0.25 PER SHARE,DIVIDEND,CASH_DIVIDEND,LATER_INCLUDE_CASH_DIVIDEND_IN_TOTAL_RETURN,EQ_SERIES,False,False,True,False,,0.25,PARSED,,,,NOT_APPLICABLE,,,,NOT_APPLICABLE,,,NOT_APPLICABLE,True,378.25,Granules India,Granules India Limited,1,,,,
CA0205,205,2020-11-10,2020-11-11,LAURUSLABS,LAURUSLABS,LAURUSLABS,EQ,Interim Dividend - Rs  0.80 Per Share,INTERIM DIVIDEND - RS 0.80 PER SHARE,DIVIDEND,CASH_DIVIDEND,LATER_INCLUDE_CASH_DIVIDEND_IN_TOTAL_RETURN,EQ_SERIES,False,False,True,False,,0.8,PARSED,,,,NOT_APPLICABLE,,,,NOT_APPLICABLE,,,NOT_APPLICABLE,True,259.5,Laurus Labs,Laurus Labs Limited,2,,,,
CA0206,206,2020-11-12,2020-11-13,AJANTPHARM,AJANTPHARM,AJANTPHARM,EQ,Buyback,BUYBACK,BUYBACK,BUYBACK,NO_AUTOMATIC_ADJUSTMENT_REVIEW_TERMS,EQ_SERIES,False,False,False,True,BUYBACK_IS_NOT_AUTOMATIC_TOTAL_RETURN_DISTRIBUTION,,NOT_APPLICABLE,,,,NOT_APPLICABLE,,,,NOT_APPLICABLE,,,NOT_APPLICABLE,True,1529.85,Ajanta Pharma,Ajanta Pharma Limited,2,,,,
CA0207,207,2020-11-12,2020-11-13,AJANTPHARM,AJANTPHARM,AJANTPHARM,EQ,Interim Dividend - Rs 9.50 Per Share,INTERIM DIVIDEND - RS 9.50 PER SHARE,DIVIDEND,CASH_DIVIDEND,LATER_INCLUDE_CASH_DIVIDEND_IN_TOTAL_RETURN,EQ_SERIES,False,False,True,False,,9.5,PARSED,,,,NOT_APPLICABLE,,,,NOT_APPLICABLE,,,NOT_APPLICABLE,True,1529.85,Ajanta Pharma,Ajanta Pharma Limited,2,,,,
CA0208,208,2020-11-13,2020-11-17,IPCALAB,IPCALAB,IPCALAB,EQ,Interim Dividend - Rs 8 Per Share,INTERIM DIVIDEND - RS 8 PER SHARE,DIVIDEND,CASH_DIVIDEND,LATER_INCLUDE_CASH_DIVIDEND_IN_TOTAL_RETURN,EQ_SERIES,False,False,True,False,,8.0,PARSED,,,,NOT_APPLICABLE,,,,NOT_APPLICABLE,,,NOT_APPLICABLE,True,2079.55,IPCA Laboratories,IPCA Laboratories Limited,1,,,,
CA0209,209,2020-11-23,2020-11-24,AUROPHARMA,AUROPHARMA,AUROPHARMA,EQ,Interim Dividend - Rs  1.25 Per Share,INTERIM DIVIDEND - RS 1.25 PER SHARE,DIVIDEND,CASH_DIVIDEND,LATER_INCLUDE_CASH_DIVIDEND_IN_TOTAL_RETURN,EQ_SERIES,False,False,True,False,,1.25,PARSED,,,,NOT_APPLICABLE,,,,NOT_APPLICABLE,,,NOT_APPLICABLE,True,848.5,Aurobindo Pharma,Aurobindo Pharma Limited,1,,,,
CA0210,210,2020-11-24,2020-11-25,NATCOPHARM,NATCOPHARM,NATCOPHARM,EQ,Interim Dividend - Rs  3 Per Share,INTERIM DIVIDEND - RS 3 PER SHARE,DIVIDEND,CASH_DIVIDEND,LATER_INCLUDE_CASH_DIVIDEND_IN_TOTAL_RETURN,EQ_SERIES,False,False,True,False,,3.0,PARSED,,,,NOT_APPLICABLE,,,,NOT_APPLICABLE,,,NOT_APPLICABLE,True,913.15,Natco Pharma,Natco Pharma Limited,2,,,,
CA0211,211,2021-02-08,2021-02-09,GRANULES,GRANULES,GRANULES,EQ,Interim Dividend - Rs 0.25  Per Share,INTERIM DIVIDEND - RS 0.25 PER SHARE,DIVIDEND,CASH_DIVIDEND,LATER_INCLUDE_CASH_DIVIDEND_IN_TOTAL_RETURN,EQ_SERIES,False,False,True,False,,0.25,PARSED,,,,NOT_APPLICABLE,,,,NOT_APPLICABLE,,,NOT_APPLICABLE,True,331.6,Granules India,Granules India Limited,1,,,,
CA0212,212,2021-02-08,2021-02-09,LAURUSLABS,LAURUSLABS,LAURUSLABS,EQ,Interim Dividend - Rs 0.40 Per Share,INTERIM DIVIDEND - RS 0.40 PER SHARE,DIVIDEND,CASH_DIVIDEND,LATER_INCLUDE_CASH_DIVIDEND_IN_TOTAL_RETURN,EQ_SERIES,False,False,True,False,,0.4,PARSED,,,,NOT_APPLICABLE,,,,NOT_APPLICABLE,,,NOT_APPLICABLE,True,357.25,Laurus Labs,Laurus Labs Limited,2,,,,
CA0213,213,2021-02-09,2021-02-10,SUNPHARMA,SUNPHARMA,SUNPHARMA,EQ,Interim Dividend - Rs 5.50 Per Share,INTERIM DIVIDEND - RS 5.50 PER SHARE,DIVIDEND,CASH_DIVIDEND,LATER_INCLUDE_CASH_DIVIDEND_IN_TOTAL_RETURN,EQ_SERIES,False,False,True,False,,5.5,PARSED,,,,NOT_APPLICABLE,,,,NOT_APPLICABLE,,,NOT_APPLICABLE,True,623.6,Sun Pharmaceutical Industries,Sun Pharmaceutical Industries Limited,1,,,,
CA0214,214,2021-02-11,2021-02-13,ALKEM,ALKEM,ALKEM,EQ,Interim Dividend - Rs 25 Per Share,INTERIM DIVIDEND - RS 25 PER SHARE,DIVIDEND,CASH_DIVIDEND,LATER_INCLUDE_CASH_DIVIDEND_IN_TOTAL_RETURN,EQ_SERIES,False,False,True,False,,25.0,PARSED,,,,NOT_APPLICABLE,,,,NOT_APPLICABLE,,,NOT_APPLICABLE,True,2891.1,Alkem Laboratories,Alkem Laboratories Limited,2,,,,
CA0215,215,2021-02-15,2021-02-16,TORNTPHARM,TORNTPHARM,TORNTPHARM,EQ,Interim Dividend - Rs 20 Per Share,INTERIM DIVIDEND - RS 20 PER SHARE,DIVIDEND,CASH_DIVIDEND,LATER_INCLUDE_CASH_DIVIDEND_IN_TOTAL_RETURN,EQ_SERIES,False,False,True,False,,20.0,PARSED,,,,NOT_APPLICABLE,,,,NOT_APPLICABLE,,,NOT_APPLICABLE,True,2606.3,Torrent Pharmaceuticals,Torrent Pharmaceuticals Limited,5,,,,
CA0216,216,2021-02-18,2021-02-22,JBCHEPHARM,JBCHEPHARM,JBCHEPHARM,EQ,Interim Dividend - Rs. 8.50 Per Share,INTERIM DIVIDEND - RS. 8.50 PER SHARE,DIVIDEND,CASH_DIVIDEND,LATER_INCLUDE_CASH_DIVIDEND_IN_TOTAL_RETURN,EQ_SERIES,False,False,True,False,,8.5,PARSED,,,,NOT_APPLICABLE,,,,NOT_APPLICABLE,,,NOT_APPLICABLE,True,1154.65,JB Chemicals & Pharmaceuticals,JB Chemicals & Pharmaceuticals Limited,1,,,,
CA0217,217,2021-02-22,2021-02-23,AUROPHARMA,AUROPHARMA,AUROPHARMA,EQ,Interim Dividend - Rs 1.50 Per Share,INTERIM DIVIDEND - RS 1.50 PER SHARE,DIVIDEND,CASH_DIVIDEND,LATER_INCLUDE_CASH_DIVIDEND_IN_TOTAL_RETURN,EQ_SERIES,False,False,True,False,,1.5,PARSED,,,,NOT_APPLICABLE,,,,NOT_APPLICABLE,,,NOT_APPLICABLE,True,856.4,Aurobindo Pharma,Aurobindo Pharma Limited,1,,,,
CA0218,218,2021-02-22,2021-02-23,NATCOPHARM,NATCOPHARM,NATCOPHARM,EQ,Interim Dividend - Re 1  Per Share,INTERIM DIVIDEND - RE 1 PER SHARE,DIVIDEND,CASH_DIVIDEND,LATER_INCLUDE_CASH_DIVIDEND_IN_TOTAL_RETURN,EQ_SERIES,False,False,True,False,,1.0,PARSED,,,,NOT_APPLICABLE,,,,NOT_APPLICABLE,,,NOT_APPLICABLE,True,794.7,Natco Pharma,Natco Pharma Limited,2,,,,
CA0219,219,2021-04-19,,SANOFI,SANOFI,SANOFI,EQ,Dividend - Rs 125 Per Share Special Dividend 240 Per Share,DIVIDEND - RS 125 PER SHARE SPECIAL DIVIDEND 240 PER SHARE,DIVIDEND,CASH_DIVIDEND,LATER_INCLUDE_CASH_DIVIDEND_IN_TOTAL_RETURN,EQ_SERIES,False,True,True,True,SPECIAL_DIVIDEND_VERIFY_AND_AVOID_DOUBLE_COUNT,125.0,PARSED,,,,NOT_APPLICABLE,,,,NOT_APPLICABLE,,,NOT_APPLICABLE,True,7750.8,Sanofi India,Sanofi India Limited,10,2021-04-21,2021-04-27,,
CA0220,220,2021-05-11,2021-05-12,LAURUSLABS,LAURUSLABS,LAURUSLABS,EQ,Interim Dividend - Re 0.80  Per Share,INTERIM DIVIDEND - RE 0.80 PER SHARE,DIVIDEND,CASH_DIVIDEND,LATER_INCLUDE_CASH_DIVIDEND_IN_TOTAL_RETURN,EQ_SERIES,False,False,True,False,,0.8,PARSED,,,,NOT_APPLICABLE,,,,NOT_APPLICABLE,,,NOT_APPLICABLE,True,491.75,Laurus Labs,Laurus Labs Limited,2,,,,
CA0221,221,2021-06-17,2021-06-18,TORNTPHARM,TORNTPHARM,TORNTPHARM,EQ,Dividend - Rs 15 Per Share,DIVIDEND - RS 15 PER SHARE,DIVIDEND,CASH_DIVIDEND,LATER_INCLUDE_CASH_DIVIDEND_IN_TOTAL_RETURN,EQ_SERIES,False,False,True,False,,15.0,PARSED,,,,NOT_APPLICABLE,,,,NOT_APPLICABLE,,,NOT_APPLICABLE,True,2953.9,Torrent Pharmaceuticals,Torrent Pharmaceuticals Limited,5,,,,
CA0222,222,2021-07-06,2021-07-07,PEL,PEL,PEL,EQ,Dividend - Rs 33 Per Share,DIVIDEND - RS 33 PER SHARE,DIVIDEND,CASH_DIVIDEND,LATER_INCLUDE_CASH_DIVIDEND_IN_TOTAL_RETURN,EQ_SERIES,False,False,True,False,,33.0,PARSED,,,,NOT_APPLICABLE,,,,NOT_APPLICABLE,,,NOT_APPLICABLE,True,2348.95,Piramal Enterprises,Piramal Enterprises Limited,2,,,,
CA0223,223,2021-07-07,,LAURUSLABS,LAURUSLABS,LAURUSLABS,EQ,Annual General Meeting,ANNUAL GENERAL MEETING,AGM,ADMIN_ONLY,NO_PRICE_OR_TOTAL_RETURN_ADJUSTMENT,EQ_SERIES,False,False,False,False,,,NOT_APPLICABLE,,,,NOT_APPLICABLE,,,,NOT_APPLICABLE,,,NOT_APPLICABLE,True,683.4,Laurus Labs,Laurus Labs Limited,2,2021-07-09,2021-07-15,,
CA0224,224,2021-07-09,,DRREDDY,DRREDDY,DRREDDY,EQ,Annual General Meeting/Dividend - Rs 25 Per Share,ANNUAL GENERAL MEETING/DIVIDEND - RS 25 PER SHARE,AGM;DIVIDEND,CASH_DIVIDEND,LATER_INCLUDE_CASH_DIVIDEND_IN_TOTAL_RETURN,EQ_SERIES,False,False,True,False,,25.0,PARSED,,,,NOT_APPLICABLE,,,,NOT_APPLICABLE,,,NOT_APPLICABLE,True,5460.3,Dr. Reddy's Laboratories,Dr. Reddy's Laboratories Limited,1,2021-07-13,2021-07-15,,
CA0225,225,2021-07-19,,ABBOTINDIA,ABBOTINDIA,ABBOTINDIA,EQ,Annual General Meeting/Dividend - Rs 120 Per Share Special Dividend 155 Per Share,ANNUAL GENERAL MEETING/DIVIDEND - RS 120 PER SHARE SPECIAL DIVIDEND 155 PER SHARE,AGM;DIVIDEND,CASH_DIVIDEND,LATER_INCLUDE_CASH_DIVIDEND_IN_TOTAL_RETURN,EQ_SERIES,False,True,True,True,SPECIAL_DIVIDEND_VERIFY_AND_AVOID_DOUBLE_COUNT,120.0,PARSED,,,,NOT_APPLICABLE,,,,NOT_APPLICABLE,,,NOT_APPLICABLE,True,17344.25,Abbott India,Abbott India Limited,10,2021-07-21,2021-07-27,,
CA0226,226,2021-07-19,,APLLTD,APLLTD,APLLTD,EQ,Annual General Meeting/Dividend - Rs 14 Per Share,ANNUAL GENERAL MEETING/DIVIDEND - RS 14 PER SHARE,AGM;DIVIDEND,CASH_DIVIDEND,LATER_INCLUDE_CASH_DIVIDEND_IN_TOTAL_RETURN,EQ_SERIES,False,False,True,False,,14.0,PARSED,,,,NOT_APPLICABLE,,,,NOT_APPLICABLE,,,NOT_APPLICABLE,True,956.9,Alembic Pharmaceuticals,Alembic Pharmaceuticals Limited,2,2021-07-21,2021-07-27,,
CA0227,227,2021-07-19,2021-07-20,GLAXO,GLAXO,GLAXO,EQ,Annual General Meeting/Dividend - Rs 30 Per Share,ANNUAL GENERAL MEETING/DIVIDEND - RS 30 PER SHARE,AGM;DIVIDEND,CASH_DIVIDEND,LATER_INCLUDE_CASH_DIVIDEND_IN_TOTAL_RETURN,EQ_SERIES,False,False,True,False,,30.0,PARSED,,,,NOT_APPLICABLE,,,,NOT_APPLICABLE,,,NOT_APPLICABLE,True,1607.55,GlaxoSmithKline Pharmaceuticals,GlaxoSmithKline Pharmaceuticals Limited,10,,,,
CA0228,228,2021-07-23,,WOCKPHARMA,WOCKPHARMA,WOCKPHARMA,EQ,Annual General Meeting,ANNUAL GENERAL MEETING,AGM,ADMIN_ONLY,NO_PRICE_OR_TOTAL_RETURN_ADJUSTMENT,EQ_SERIES,False,False,False,False,,,NOT_APPLICABLE,,,,NOT_APPLICABLE,,,,NOT_APPLICABLE,,,NOT_APPLICABLE,True,548.25,Wockhardt,Wockhardt Limited,5,2021-07-27,2021-08-02,,
CA0229,229,2021-07-27,2021-07-28,LUPIN,LUPIN,LUPIN,EQ,Dividend - Rs 6.50 Per Share,DIVIDEND - RS 6.50 PER SHARE,DIVIDEND,CASH_DIVIDEND,LATER_INCLUDE_CASH_DIVIDEND_IN_TOTAL_RETURN,EQ_SERIES,False,False,True,False,,6.5,PARSED,,,,NOT_APPLICABLE,,,,NOT_APPLICABLE,,,NOT_APPLICABLE,True,1111.6,Lupin,Lupin Limited,2,,,,
CA0230,230,2021-07-28,,GRANULES,GRANULES,GRANULES,EQ,Annual General Meeting/Dividend - Rs 0.75 Per Share,ANNUAL GENERAL MEETING/DIVIDEND - RS 0.75 PER SHARE,AGM;DIVIDEND,CASH_DIVIDEND,LATER_INCLUDE_CASH_DIVIDEND_IN_TOTAL_RETURN,EQ_SERIES,False,False,True,False,,0.75,PARSED,,,,NOT_APPLICABLE,,,,NOT_APPLICABLE,,,NOT_APPLICABLE,True,371.65,Granules India,Granules India Limited,1,2021-07-30,2021-08-05,,
CA0231,231,2021-07-28,,ZYDUS,ZYDUSLIFE,CADILAHC,EQ,Annual General Meeting/Dividend - Rs 3.50 Per Share,ANNUAL GENERAL MEETING/DIVIDEND - RS 3.50 PER SHARE,AGM;DIVIDEND,CASH_DIVIDEND,LATER_INCLUDE_CASH_DIVIDEND_IN_TOTAL_RETURN,EQ_SERIES,False,False,True,False,,3.5,PARSED,,,,NOT_APPLICABLE,,,,NOT_APPLICABLE,,,NOT_APPLICABLE,True,577.35,Zydus Lifesciences,Zydus Lifesciences Limited,1,2021-07-30,2021-08-06,,
CA0232,232,2021-08-05,2021-08-06,GRANULES,GRANULES,GRANULES,EQ,Interim Dividend - Rs 0.25 Per Share,INTERIM DIVIDEND - RS 0.25 PER SHARE,DIVIDEND,CASH_DIVIDEND,LATER_INCLUDE_CASH_DIVIDEND_IN_TOTAL_RETURN,EQ_SERIES,False,False,True,False,,0.25,PARSED,,,,NOT_APPLICABLE,,,,NOT_APPLICABLE,,,NOT_APPLICABLE,True,386.3,Granules India,Granules India Limited,1,,,,
CA0233,233,2021-08-05,2021-08-06,STAR,STAR,STAR,EQ,Dividend - Rs 2.50 Per Share,DIVIDEND - RS 2.50 PER SHARE,DIVIDEND,CASH_DIVIDEND,LATER_INCLUDE_CASH_DIVIDEND_IN_TOTAL_RETURN,EQ_SERIES,False,False,True,False,,2.5,PARSED,,,,NOT_APPLICABLE,,,,NOT_APPLICABLE,,,NOT_APPLICABLE,True,781.7,Strides Pharma Science,Strides Pharma Science Limited,10,,,,
CA0234,234,2021-08-06,,GLAND,GLAND,GLAND,EQ,Annual General Meeting,ANNUAL GENERAL MEETING,AGM,ADMIN_ONLY,NO_PRICE_OR_TOTAL_RETURN_ADJUSTMENT,EQ_SERIES,False,False,False,False,,,NOT_APPLICABLE,,,,NOT_APPLICABLE,,,,NOT_APPLICABLE,,,NOT_APPLICABLE,True,3990.25,Gland Pharma,Gland Pharma Limited,1,2021-08-10,2021-08-26,,
CA0235,235,2021-08-09,2021-08-10,ALKEM,ALKEM,ALKEM,EQ,Dividend - Rs 5 Per Share,DIVIDEND - RS 5 PER SHARE,DIVIDEND,CASH_DIVIDEND,LATER_INCLUDE_CASH_DIVIDEND_IN_TOTAL_RETURN,EQ_SERIES,False,False,True,False,,5.0,PARSED,,,,NOT_APPLICABLE,,,,NOT_APPLICABLE,,,NOT_APPLICABLE,True,3514.65,Alkem Laboratories,Alkem Laboratories Limited,2,,,,
CA0236,236,2021-08-09,,CIPLA,CIPLA,CIPLA,EQ,Annual General Meeting/Dividend - Rs 5 Per Share,ANNUAL GENERAL MEETING/DIVIDEND - RS 5 PER SHARE,AGM;DIVIDEND,CASH_DIVIDEND,LATER_INCLUDE_CASH_DIVIDEND_IN_TOTAL_RETURN,EQ_SERIES,False,False,True,False,,5.0,PARSED,,,,NOT_APPLICABLE,,,,NOT_APPLICABLE,,,NOT_APPLICABLE,True,918.65,Cipla,Cipla Limited,2,2021-08-11,2021-08-25,,
CA0237,237,2021-08-11,,PFIZER,PFIZER,PFIZER,EQ,Annual General Meeting/Dividend - Rs 30 Per Share/Special Dividend - Rs 5 Per Share,ANNUAL GENERAL MEETING/DIVIDEND - RS 30 PER SHARE/SPECIAL DIVIDEND - RS 5 PER SHARE,AGM;DIVIDEND,CASH_DIVIDEND,LATER_INCLUDE_CASH_DIVIDEND_IN_TOTAL_RETURN,EQ_SERIES,False,True,False,True,SPECIAL_DIVIDEND_VERIFY_AND_AVOID_DOUBLE_COUNT,,AMBIGUOUS_MULTIPLE_AMOUNTS,,,,NOT_APPLICABLE,,,,NOT_APPLICABLE,,,NOT_APPLICABLE,True,5748.75,Pfizer,Pfizer Limited,10,2021-08-13,2021-08-19,,
CA0238,238,2021-08-17,,DIVISLAB,DIVISLAB,DIVISLAB,EQ,Dividend - Rs 20 Per Share,DIVIDEND - RS 20 PER SHARE,DIVIDEND,CASH_DIVIDEND,LATER_INCLUDE_CASH_DIVIDEND_IN_TOTAL_RETURN,EQ_SERIES,False,False,True,False,,20.0,PARSED,,,,NOT_APPLICABLE,,,,NOT_APPLICABLE,,,NOT_APPLICABLE,True,4908.35,Divi's Laboratories,Divi's Laboratories Limited,2,2021-08-20,2021-08-22,,
CA0239,239,2021-08-20,,AUROPHARMA,AUROPHARMA,AUROPHARMA,EQ,Annual General Meeting,ANNUAL GENERAL MEETING,AGM,ADMIN_ONLY,NO_PRICE_OR_TOTAL_RETURN_ADJUSTMENT,EQ_SERIES,False,False,False,False,,,NOT_APPLICABLE,,,,NOT_APPLICABLE,,,,NOT_APPLICABLE,,,NOT_APPLICABLE,True,681.1,Aurobindo Pharma,Aurobindo Pharma Limited,1,2021-08-24,2021-08-26,,
CA0240,240,2021-08-23,,SUNPHARMA,SUNPHARMA,SUNPHARMA,EQ,Annual General Meeting/Dividend - Rs 2 Per Share,ANNUAL GENERAL MEETING/DIVIDEND - RS 2 PER SHARE,AGM;DIVIDEND,CASH_DIVIDEND,LATER_INCLUDE_CASH_DIVIDEND_IN_TOTAL_RETURN,EQ_SERIES,False,False,True,False,,2.0,PARSED,,,,NOT_APPLICABLE,,,,NOT_APPLICABLE,,,NOT_APPLICABLE,True,759.35,Sun Pharmaceutical Industries,Sun Pharmaceutical Industries Limited,1,2021-08-25,2021-08-31,,
CA0241,241,2021-08-24,2021-08-25,NATCOPHARM,NATCOPHARM,NATCOPHARM,EQ,Interim Dividend - Rs 2 Per Share,INTERIM DIVIDEND - RS 2 PER SHARE,DIVIDEND,CASH_DIVIDEND,LATER_INCLUDE_CASH_DIVIDEND_IN_TOTAL_RETURN,EQ_SERIES,False,False,True,False,,2.0,PARSED,,,,NOT_APPLICABLE,,,,NOT_APPLICABLE,,,NOT_APPLICABLE,True,898.85,Natco Pharma,Natco Pharma Limited,2,,,,
CA0242,242,2021-08-26,,IPCALAB,IPCALAB,IPCALAB,EQ,Annual General Meeting,ANNUAL GENERAL MEETING,AGM,ADMIN_ONLY,NO_PRICE_OR_TOTAL_RETURN_ADJUSTMENT,EQ_SERIES,False,False,False,False,,,NOT_APPLICABLE,,,,NOT_APPLICABLE,,,,NOT_APPLICABLE,,,NOT_APPLICABLE,True,2512.95,IPCA Laboratories,IPCA Laboratories Limited,1,2021-08-28,2021-09-02,,
CA0243,243,2021-08-27,2021-08-30,AUROPHARMA,AUROPHARMA,AUROPHARMA,EQ,Interim Dividend - Rs 1.50 Per Share,INTERIM DIVIDEND - RS 1.50 PER SHARE,DIVIDEND,CASH_DIVIDEND,LATER_INCLUDE_CASH_DIVIDEND_IN_TOTAL_RETURN,EQ_SERIES,False,False,True,False,,1.5,PARSED,,,,NOT_APPLICABLE,,,,NOT_APPLICABLE,,,NOT_APPLICABLE,True,710.0,Aurobindo Pharma,Aurobindo Pharma Limited,1,,,,
CA0244,244,2021-09-01,2021-09-02,JBCHEPHARM,JBCHEPHARM,JBCHEPHARM,EQ,Annual General Meeting/Dividend - Rs 8 Per Share,ANNUAL GENERAL MEETING/DIVIDEND - RS 8 PER SHARE,AGM;DIVIDEND,CASH_DIVIDEND,LATER_INCLUDE_CASH_DIVIDEND_IN_TOTAL_RETURN,EQ_SERIES,False,False,True,False,,8.0,PARSED,,,,NOT_APPLICABLE,,,,NOT_APPLICABLE,,,NOT_APPLICABLE,True,1700.3,JB Chemicals & Pharmaceuticals,JB Chemicals & Pharmaceuticals Limited,1,,,,
CA0245,245,2021-09-08,,GLENMARK,GLENMARK,GLENMARK,EQ,Annual General Meeting/Dividend - Rs 2.50 Per Share,ANNUAL GENERAL MEETING/DIVIDEND - RS 2.50 PER SHARE,AGM;DIVIDEND,CASH_DIVIDEND,LATER_INCLUDE_CASH_DIVIDEND_IN_TOTAL_RETURN,EQ_SERIES,False,False,True,False,,2.5,PARSED,,,,NOT_APPLICABLE,,,,NOT_APPLICABLE,,,NOT_APPLICABLE,True,520.15,Glenmark Pharmaceuticals,Glenmark Pharmaceuticals Limited,1,2021-09-10,2021-09-24,,
CA0246,246,2021-09-23,,NATCOPHARM,NATCOPHARM,NATCOPHARM,EQ,Annual General Meeting,ANNUAL GENERAL MEETING,AGM,ADMIN_ONLY,NO_PRICE_OR_TOTAL_RETURN_ADJUSTMENT,EQ_SERIES,False,False,False,False,,,NOT_APPLICABLE,,,,NOT_APPLICABLE,,,,NOT_APPLICABLE,,,NOT_APPLICABLE,True,884.4,Natco Pharma,Natco Pharma Limited,2,2021-09-27,2021-09-30,,
CA0247,247,2021-11-09,2021-11-10,AJANTPHARM,AJANTPHARM,AJANTPHARM,EQ,Interim Dividend - Rs 9.50 Per Share,INTERIM DIVIDEND - RS 9.50 PER SHARE,DIVIDEND,CASH_DIVIDEND,LATER_INCLUDE_CASH_DIVIDEND_IN_TOTAL_RETURN,EQ_SERIES,False,False,True,False,,9.5,PARSED,,,,NOT_APPLICABLE,,,,NOT_APPLICABLE,,,NOT_APPLICABLE,True,2153.25,Ajanta Pharma,Ajanta Pharma Limited,2,,,,
CA0248,248,2021-11-17,2021-11-18,AUROPHARMA,AUROPHARMA,AUROPHARMA,EQ,Interim Dividend - Rs 1.50 Per Share,INTERIM DIVIDEND - RS 1.50 PER SHARE,DIVIDEND,CASH_DIVIDEND,LATER_INCLUDE_CASH_DIVIDEND_IN_TOTAL_RETURN,EQ_SERIES,False,False,True,False,,1.5,PARSED,,,,NOT_APPLICABLE,,,,NOT_APPLICABLE,,,NOT_APPLICABLE,True,666.55,Aurobindo Pharma,Aurobindo Pharma Limited,1,,,,
CA0249,249,2021-11-17,2021-11-18,LAURUSLABS,LAURUSLABS,LAURUSLABS,EQ,Interim Dividend - Rs 0.80 Per Share,INTERIM DIVIDEND - RS 0.80 PER SHARE,DIVIDEND,CASH_DIVIDEND,LATER_INCLUDE_CASH_DIVIDEND_IN_TOTAL_RETURN,EQ_SERIES,False,False,True,False,,0.8,PARSED,,,,NOT_APPLICABLE,,,,NOT_APPLICABLE,,,NOT_APPLICABLE,True,484.0,Laurus Labs,Laurus Labs Limited,2,,,,
CA0250,250,2021-11-22,2021-11-23,IPCALAB,IPCALAB,IPCALAB,EQ,Interim Dividend - Rs 8 Per Share,INTERIM DIVIDEND - RS 8 PER SHARE,DIVIDEND,CASH_DIVIDEND,LATER_INCLUDE_CASH_DIVIDEND_IN_TOTAL_RETURN,EQ_SERIES,False,False,True,False,,8.0,PARSED,,,,NOT_APPLICABLE,,,,NOT_APPLICABLE,,,NOT_APPLICABLE,True,2031.75,IPCA Laboratories,IPCA Laboratories Limited,1,,,,
CA0251,251,2021-11-23,2021-11-24,NATCOPHARM,NATCOPHARM,NATCOPHARM,EQ,Interim Dividend - Rs 0.50 Per Share,INTERIM DIVIDEND - RS 0.50 PER SHARE,DIVIDEND,CASH_DIVIDEND,LATER_INCLUDE_CASH_DIVIDEND_IN_TOTAL_RETURN,EQ_SERIES,False,False,True,False,,0.5,PARSED,,,,NOT_APPLICABLE,,,,NOT_APPLICABLE,,,NOT_APPLICABLE,True,809.55,Natco Pharma,Natco Pharma Limited,2,,,,
CA0252,252,2021-11-24,2021-11-25,GRANULES,GRANULES,GRANULES,EQ,Interim Dividend - Rs 0.25 Per Share,INTERIM DIVIDEND - RS 0.25 PER SHARE,DIVIDEND,CASH_DIVIDEND,LATER_INCLUDE_CASH_DIVIDEND_IN_TOTAL_RETURN,EQ_SERIES,False,False,True,False,,0.25,PARSED,,,,NOT_APPLICABLE,,,,NOT_APPLICABLE,,,NOT_APPLICABLE,True,312.65,Granules India,Granules India Limited,1,,,,
CA0253,253,2022-01-10,2022-01-11,IPCALAB,IPCALAB,IPCALAB,EQ,Face Value Split (Sub-Division) - From Rs 2/- Per Share To Re 1/- Per Share,FACE VALUE SPLIT (SUB-DIVISION) - FROM RS 2/- PER SHARE TO RE 1/- PER SHARE,SPLIT,SPLIT_CONSOLIDATION,LATER_NEUTRALIZE_SAME_STOCK_UNIT_CHANGE,EQ_SERIES,False,False,True,False,,,NOT_APPLICABLE,,,,NOT_APPLICABLE,2.0,1.0,2.0,PARSED,,,NOT_APPLICABLE,True,1061.0,IPCA Laboratories,IPCA Laboratories Limited,1,,,,
CA0254,254,2022-01-13,2022-01-14,AJANTPHARM,AJANTPHARM,AJANTPHARM,EQ,Buyback,BUYBACK,BUYBACK,BUYBACK,NO_AUTOMATIC_ADJUSTMENT_REVIEW_TERMS,EQ_SERIES,False,False,False,True,BUYBACK_IS_NOT_AUTOMATIC_TOTAL_RETURN_DISTRIBUTION,,NOT_APPLICABLE,,,,NOT_APPLICABLE,,,,NOT_APPLICABLE,,,NOT_APPLICABLE,True,2299.45,Ajanta Pharma,Ajanta Pharma Limited,2,,,,
CA0255,255,2022-02-02,2022-02-03,TORNTPHARM,TORNTPHARM,TORNTPHARM,EQ,Interim Dividend - Rs 25 Per Share,INTERIM DIVIDEND - RS 25 PER SHARE,DIVIDEND,CASH_DIVIDEND,LATER_INCLUDE_CASH_DIVIDEND_IN_TOTAL_RETURN,EQ_SERIES,False,False,True,False,,25.0,PARSED,,,,NOT_APPLICABLE,,,,NOT_APPLICABLE,,,NOT_APPLICABLE,True,2738.55,Torrent Pharmaceuticals,Torrent Pharmaceuticals Limited,5,,,,
CA0256,256,2022-02-09,2022-02-10,SUNPHARMA,SUNPHARMA,SUNPHARMA,EQ,Interim Dividend - Rs 7 Per Share,INTERIM DIVIDEND - RS 7 PER SHARE,DIVIDEND,CASH_DIVIDEND,LATER_INCLUDE_CASH_DIVIDEND_IN_TOTAL_RETURN,EQ_SERIES,False,False,True,False,,7.0,PARSED,,,,NOT_APPLICABLE,,,,NOT_APPLICABLE,,,NOT_APPLICABLE,True,886.45,Sun Pharmaceutical Industries,Sun Pharmaceutical Industries Limited,1,,,,
CA0257,257,2022-02-10,2022-02-12,ALKEM,ALKEM,ALKEM,EQ,Interim Dividend - Rs 30 Per Sh,INTERIM DIVIDEND - RS 30 PER SH,DIVIDEND,CASH_DIVIDEND,LATER_INCLUDE_CASH_DIVIDEND_IN_TOTAL_RETURN,EQ_SERIES,False,False,True,False,,30.0,PARSED,,,,NOT_APPLICABLE,,,,NOT_APPLICABLE,,,NOT_APPLICABLE,True,3500.55,Alkem Laboratories,Alkem Laboratories Limited,2,,,,
CA0258,258,2022-02-17,2022-02-18,GRANULES,GRANULES,GRANULES,EQ,Interim Dividend - Rs 0.25 Per Share,INTERIM DIVIDEND - RS 0.25 PER SHARE,DIVIDEND,CASH_DIVIDEND,LATER_INCLUDE_CASH_DIVIDEND_IN_TOTAL_RETURN,EQ_SERIES,False,False,True,False,,0.25,PARSED,,,,NOT_APPLICABLE,,,,NOT_APPLICABLE,,,NOT_APPLICABLE,True,305.7,Granules India,Granules India Limited,1,,,,
CA0259,259,2022-02-18,2022-02-21,AUROPHARMA,AUROPHARMA,AUROPHARMA,EQ,Interim Dividend - Rs 1.50 Per Share,INTERIM DIVIDEND - RS 1.50 PER SHARE,DIVIDEND,CASH_DIVIDEND,LATER_INCLUDE_CASH_DIVIDEND_IN_TOTAL_RETURN,EQ_SERIES,False,False,True,False,,1.5,PARSED,,,,NOT_APPLICABLE,,,,NOT_APPLICABLE,,,NOT_APPLICABLE,True,657.0,Aurobindo Pharma,Aurobindo Pharma Limited,1,,,,
CA0260,260,2022-02-23,2022-02-24,JBCHEPHARM,JBCHEPHARM,JBCHEPHARM,EQ,Interim Dividend - Rs 8.50 Per Share,INTERIM DIVIDEND - RS 8.50 PER SHARE,DIVIDEND,CASH_DIVIDEND,LATER_INCLUDE_CASH_DIVIDEND_IN_TOTAL_RETURN,EQ_SERIES,False,False,True,False,,8.5,PARSED,,,,NOT_APPLICABLE,,,,NOT_APPLICABLE,,,NOT_APPLICABLE,True,1609.85,JB Chemicals & Pharmaceuticals,JB Chemicals & Pharmaceuticals Limited,1,,,,
CA0261,261,2022-02-24,2022-02-25,NATCOPHARM,NATCOPHARM,NATCOPHARM,EQ,Interim Dividend - Rs 2 Per Share,INTERIM DIVIDEND - RS 2 PER SHARE,DIVIDEND,CASH_DIVIDEND,LATER_INCLUDE_CASH_DIVIDEND_IN_TOTAL_RETURN,EQ_SERIES,False,False,True,False,,2.0,PARSED,,,,NOT_APPLICABLE,,,,NOT_APPLICABLE,,,NOT_APPLICABLE,True,763.65,Natco Pharma,Natco Pharma Limited,2,,,,
CA0262,262,2022-03-08,2022-03-09,WOCKPHARMA,WOCKPHARMA,WOCKPHARMA,EQ,Rights 3:10@ Premium Rs 220 Per Share,RIGHTS 3:10@ PREMIUM RS 220 PER SHARE,RIGHTS,RIGHTS_ISSUE,MANUAL_RIGHTS_TERMS_AND_THEORETICAL_ADJUSTMENT,EQ_SERIES,False,False,False,True,RIGHTS_REQUIRE_RATIO_SUBSCRIPTION_PRICE_AND_EVENT_REVIEW,,NOT_APPLICABLE,,,,NOT_APPLICABLE,,,,NOT_APPLICABLE,3.0,10.0,PARSED,True,308.2,Wockhardt,Wockhardt Limited,5,,,,
CA0263,263,2022-04-12,,SANOFI,SANOFI,SANOFI,EQ,Annual General Meeting/Dividend - Rs 181  Per Share/Special Dividend - Rs 309 Per Share,ANNUAL GENERAL MEETING/DIVIDEND - RS 181 PER SHARE/SPECIAL DIVIDEND - RS 309 PER SHARE,AGM;DIVIDEND,CASH_DIVIDEND,LATER_INCLUDE_CASH_DIVIDEND_IN_TOTAL_RETURN,EQ_SERIES,False,True,False,True,SPECIAL_DIVIDEND_VERIFY_AND_AVOID_DOUBLE_COUNT,,AMBIGUOUS_MULTIPLE_AMOUNTS,,,,NOT_APPLICABLE,,,,NOT_APPLICABLE,,,NOT_APPLICABLE,True,7314.55,Sanofi India,Sanofi India Limited,10,2022-04-16,2022-04-26,,
CA0264,264,2022-05-10,2022-05-11,LAURUSLABS,LAURUSLABS,LAURUSLABS,EQ,Interim Dividend - Rs 1.20 Per Share,INTERIM DIVIDEND - RS 1.20 PER SHARE,DIVIDEND,CASH_DIVIDEND,LATER_INCLUDE_CASH_DIVIDEND_IN_TOTAL_RETURN,EQ_SERIES,False,False,True,False,,1.2,PARSED,,,,NOT_APPLICABLE,,,,NOT_APPLICABLE,,,NOT_APPLICABLE,True,526.4,Laurus Labs,Laurus Labs Limited,2,,,,
CA0265,265,2022-06-01,2022-06-02,ZYDUS,ZYDUSLIFE,ZYDUSLIFE,EQ,Buyback,BUYBACK,BUYBACK,BUYBACK,NO_AUTOMATIC_ADJUSTMENT_REVIEW_TERMS,EQ_SERIES,False,False,False,True,BUYBACK_IS_NOT_AUTOMATIC_TOTAL_RETURN_DISTRIBUTION,,NOT_APPLICABLE,,,,NOT_APPLICABLE,,,,NOT_APPLICABLE,,,NOT_APPLICABLE,True,372.65,Zydus Lifesciences,Zydus Lifesciences Limited,1,,,,
CA0266,266,2022-06-06,2022-06-07,AUROPHARMA,AUROPHARMA,AUROPHARMA,EQ,Interim Dividend - Rs 4.50 Per Share,INTERIM DIVIDEND - RS 4.50 PER SHARE,DIVIDEND,CASH_DIVIDEND,LATER_INCLUDE_CASH_DIVIDEND_IN_TOTAL_RETURN,EQ_SERIES,False,False,True,False,,4.5,PARSED,,,,NOT_APPLICABLE,,,,NOT_APPLICABLE,,,NOT_APPLICABLE,True,522.5,Aurobindo Pharma,Aurobindo Pharma Limited,1,,,,
CA0267,267,2022-06-22,2022-06-23,AJANTPHARM,AJANTPHARM,AJANTPHARM,EQ,Bonus- 1:2,BONUS- 1:2,BONUS,BONUS_ISSUE,LATER_NEUTRALIZE_SAME_STOCK_UNIT_CHANGE,EQ_SERIES,False,False,True,False,,,NOT_APPLICABLE,1.0,2.0,1.5,PARSED,,,,NOT_APPLICABLE,,,NOT_APPLICABLE,True,1214.8,Ajanta Pharma,Ajanta Pharma Limited,2,,,,
CA0268,268,2022-06-22,,LAURUSLABS,LAURUSLABS,LAURUSLABS,EQ,Annual General Meeting,ANNUAL GENERAL MEETING,AGM,ADMIN_ONLY,NO_PRICE_OR_TOTAL_RETURN_ADJUSTMENT,EQ_SERIES,False,False,False,False,,,NOT_APPLICABLE,,,,NOT_APPLICABLE,,,,NOT_APPLICABLE,,,NOT_APPLICABLE,True,451.9,Laurus Labs,Laurus Labs Limited,2,2022-06-24,2022-06-30,,
CA0269,269,2022-06-30,2022-07-01,BIOCON,BIOCON,BIOCON,EQ,Dividend - Rs 0.50 Per Share,DIVIDEND - RS 0.50 PER SHARE,DIVIDEND,CASH_DIVIDEND,LATER_INCLUDE_CASH_DIVIDEND_IN_TOTAL_RETURN,EQ_SERIES,False,False,True,False,,0.5,PARSED,,,,NOT_APPLICABLE,,,,NOT_APPLICABLE,,,NOT_APPLICABLE,True,308.4,Biocon,Biocon Limited,5,,,,
CA0270,270,2022-07-07,2022-07-08,GLAXO,GLAXO,GLAXO,EQ,Dividend - Rs 30  Per Share/Special Dividend- Rs 60 Per Share,DIVIDEND - RS 30 PER SHARE/SPECIAL DIVIDEND- RS 60 PER SHARE,DIVIDEND,CASH_DIVIDEND,LATER_INCLUDE_CASH_DIVIDEND_IN_TOTAL_RETURN,EQ_SERIES,False,True,False,True,SPECIAL_DIVIDEND_VERIFY_AND_AVOID_DOUBLE_COUNT,,AMBIGUOUS_MULTIPLE_AMOUNTS,,,,NOT_APPLICABLE,,,,NOT_APPLICABLE,,,NOT_APPLICABLE,True,1504.45,GlaxoSmithKline Pharmaceuticals,GlaxoSmithKline Pharmaceuticals Limited,10,,,,
CA0271,271,2022-07-08,2022-07-11,TORNTPHARM,TORNTPHARM,TORNTPHARM,EQ,Bonus 1:1,BONUS 1:1,BONUS,BONUS_ISSUE,LATER_NEUTRALIZE_SAME_STOCK_UNIT_CHANGE,EQ_SERIES,False,False,True,False,,,NOT_APPLICABLE,1.0,1.0,2.0,PARSED,,,,NOT_APPLICABLE,,,NOT_APPLICABLE,True,1466.7,Torrent Pharmaceuticals,Torrent Pharmaceuticals Limited,5,,,,
CA0272,272,2022-07-11,,DRREDDY,DRREDDY,DRREDDY,EQ,Annual General Meeting/Dividend - Rs 30 Per Share,ANNUAL GENERAL MEETING/DIVIDEND - RS 30 PER SHARE,AGM;DIVIDEND,CASH_DIVIDEND,LATER_INCLUDE_CASH_DIVIDEND_IN_TOTAL_RETURN,EQ_SERIES,False,False,True,False,,30.0,PARSED,,,,NOT_APPLICABLE,,,,NOT_APPLICABLE,,,NOT_APPLICABLE,True,4501.0,Dr. Reddy's Laboratories,Dr. Reddy's Laboratories Limited,1,2022-07-13,2022-07-15,,
CA0273,273,2022-07-14,2022-07-15,LUPIN,LUPIN,LUPIN,EQ,Dividend - Rs  4 Per Share,DIVIDEND - RS 4 PER SHARE,DIVIDEND,CASH_DIVIDEND,LATER_INCLUDE_CASH_DIVIDEND_IN_TOTAL_RETURN,EQ_SERIES,False,False,True,False,,4.0,PARSED,,,,NOT_APPLICABLE,,,,NOT_APPLICABLE,,,NOT_APPLICABLE,True,643.25,Lupin,Lupin Limited,2,,,,
CA0274,274,2022-07-14,2022-07-15,PEL,PEL,PEL,EQ,Dividend - Rs 33 Per Share,DIVIDEND - RS 33 PER SHARE,DIVIDEND,CASH_DIVIDEND,LATER_INCLUDE_CASH_DIVIDEND_IN_TOTAL_RETURN,EQ_SERIES,False,False,True,False,,33.0,PARSED,,,,NOT_APPLICABLE,,,,NOT_APPLICABLE,,,NOT_APPLICABLE,True,1664.7,Piramal Enterprises,Piramal Enterprises Limited,2,,,,
CA0275,275,2022-07-19,,GRANULES,GRANULES,GRANULES,EQ,Annual General Meeting/Dividend - Rs 0.75 Per Share,ANNUAL GENERAL MEETING/DIVIDEND - RS 0.75 PER SHARE,AGM;DIVIDEND,CASH_DIVIDEND,LATER_INCLUDE_CASH_DIVIDEND_IN_TOTAL_RETURN,EQ_SERIES,False,False,True,False,,0.75,PARSED,,,,NOT_APPLICABLE,,,,NOT_APPLICABLE,,,NOT_APPLICABLE,True,308.25,Granules India,Granules India Limited,1,2022-07-21,2022-07-27,,
CA0276,276,2022-07-27,,AUROPHARMA,AUROPHARMA,AUROPHARMA,EQ,Annual General Meeting,ANNUAL GENERAL MEETING,AGM,ADMIN_ONLY,NO_PRICE_OR_TOTAL_RETURN_ADJUSTMENT,EQ_SERIES,False,False,False,False,,,NOT_APPLICABLE,,,,NOT_APPLICABLE,,,,NOT_APPLICABLE,,,NOT_APPLICABLE,True,542.1,Aurobindo Pharma,Aurobindo Pharma Limited,1,2022-07-29,2022-08-02,,
CA0277,277,2022-07-28,2022-07-29,ZYDUS,ZYDUSLIFE,ZYDUSLIFE,EQ,Dividend - Rs 2.50 Per Share,DIVIDEND - RS 2.50 PER SHARE,DIVIDEND,CASH_DIVIDEND,LATER_INCLUDE_CASH_DIVIDEND_IN_TOTAL_RETURN,EQ_SERIES,False,False,True,False,,2.5,PARSED,,,,NOT_APPLICABLE,,,,NOT_APPLICABLE,,,NOT_APPLICABLE,True,349.6,Zydus Lifesciences,Zydus Lifesciences Limited,1,,,,
CA0278,278,2022-08-02,,ABBOTINDIA,ABBOTINDIA,ABBOTINDIA,EQ,Annual General Meeting/Dividend - Rs 145 Per Share/Special Dividend- 130 Per Share,ANNUAL GENERAL MEETING/DIVIDEND - RS 145 PER SHARE/SPECIAL DIVIDEND- 130 PER SHARE,AGM;DIVIDEND,CASH_DIVIDEND,LATER_INCLUDE_CASH_DIVIDEND_IN_TOTAL_RETURN,EQ_SERIES,False,True,True,True,SPECIAL_DIVIDEND_VERIFY_AND_AVOID_DOUBLE_COUNT,145.0,PARSED,,,,NOT_APPLICABLE,,,,NOT_APPLICABLE,,,NOT_APPLICABLE,True,20508.85,Abbott India,Abbott India Limited,10,2022-08-04,2022-08-10,,
CA0279,279,2022-08-03,,IPCALAB,IPCALAB,IPCALAB,EQ,Annual General Meeting,ANNUAL GENERAL MEETING,AGM,ADMIN_ONLY,NO_PRICE_OR_TOTAL_RETURN_ADJUSTMENT,EQ_SERIES,False,False,False,False,,,NOT_APPLICABLE,,,,NOT_APPLICABLE,,,,NOT_APPLICABLE,,,NOT_APPLICABLE,True,977.95,IPCA Laboratories,IPCA Laboratories Limited,1,2022-08-05,2022-08-10,,
CA0280,280,2022-08-05,2022-08-08,SANOFI,SANOFI,SANOFI,EQ,Special Dividend - Rs 193 Per Sh,SPECIAL DIVIDEND - RS 193 PER SH,DIVIDEND,CASH_DIVIDEND,LATER_INCLUDE_CASH_DIVIDEND_IN_TOTAL_RETURN,EQ_SERIES,False,True,True,True,SPECIAL_DIVIDEND_VERIFY_AND_AVOID_DOUBLE_COUNT,193.0,PARSED,,,,NOT_APPLICABLE,,,,NOT_APPLICABLE,,,NOT_APPLICABLE,True,6542.6,Sanofi India,Sanofi India Limited,10,,,,
CA0281,281,2022-08-08,2022-08-10,ALKEM,ALKEM,ALKEM,EQ,Dividend - Rs 4 Per Share,DIVIDEND - RS 4 PER SHARE,DIVIDEND,CASH_DIVIDEND,LATER_INCLUDE_CASH_DIVIDEND_IN_TOTAL_RETURN,EQ_SERIES,False,False,True,False,,4.0,PARSED,,,,NOT_APPLICABLE,,,,NOT_APPLICABLE,,,NOT_APPLICABLE,True,2984.45,Alkem Laboratories,Alkem Laboratories Limited,2,,,,
CA0282,282,2022-08-08,2022-08-10,CIPLA,CIPLA,CIPLA,EQ,Dividend - Rs 5 Per Share,DIVIDEND - RS 5 PER SHARE,DIVIDEND,CASH_DIVIDEND,LATER_INCLUDE_CASH_DIVIDEND_IN_TOTAL_RETURN,EQ_SERIES,False,False,True,False,,5.0,PARSED,,,,NOT_APPLICABLE,,,,NOT_APPLICABLE,,,NOT_APPLICABLE,True,1029.55,Cipla,Cipla Limited,2,,,,
CA0283,283,2022-08-11,2022-08-12,DIVISLAB,DIVISLAB,DIVISLAB,EQ,Dividend - Rs 30 Per Share,DIVIDEND - RS 30 PER SHARE,DIVIDEND,CASH_DIVIDEND,LATER_INCLUDE_CASH_DIVIDEND_IN_TOTAL_RETURN,EQ_SERIES,False,False,True,False,,30.0,PARSED,,,,NOT_APPLICABLE,,,,NOT_APPLICABLE,,,NOT_APPLICABLE,True,3948.05,Divi's Laboratories,Divi's Laboratories Limited,2,,,,
CA0284,284,2022-08-12,2022-08-17,JBCHEPHARM,JBCHEPHARM,JBCHEPHARM,EQ,Dividend - Rs 8 Per Sh,DIVIDEND - RS 8 PER SH,DIVIDEND,CASH_DIVIDEND,LATER_INCLUDE_CASH_DIVIDEND_IN_TOTAL_RETURN,EQ_SERIES,False,False,True,False,,8.0,PARSED,,,,NOT_APPLICABLE,,,,NOT_APPLICABLE,,,NOT_APPLICABLE,True,1844.9,JB Chemicals & Pharmaceuticals,JB Chemicals & Pharmaceuticals Limited,1,,,,
CA0285,285,2022-08-17,2022-08-18,APLLTD,APLLTD,APLLTD,EQ,Interim Dividend - Rs 10 Per Share,INTERIM DIVIDEND - RS 10 PER SHARE,DIVIDEND,CASH_DIVIDEND,LATER_INCLUDE_CASH_DIVIDEND_IN_TOTAL_RETURN,EQ_SERIES,False,False,True,False,,10.0,PARSED,,,,NOT_APPLICABLE,,,,NOT_APPLICABLE,,,NOT_APPLICABLE,True,656.1,Alembic Pharmaceuticals,Alembic Pharmaceuticals Limited,2,,,,
CA0286,286,2022-08-18,2022-08-19,PFIZER,PFIZER,PFIZER,EQ,Dividend - Rs 35 Per Share,DIVIDEND - RS 35 PER SHARE,DIVIDEND,CASH_DIVIDEND,LATER_INCLUDE_CASH_DIVIDEND_IN_TOTAL_RETURN,EQ_SERIES,False,False,True,False,,35.0,PARSED,,,,NOT_APPLICABLE,,,,NOT_APPLICABLE,,,NOT_APPLICABLE,True,4220.75,Pfizer,Pfizer Limited,10,,,,
CA0287,287,2022-08-19,2022-08-22,NATCOPHARM,NATCOPHARM,NATCOPHARM,EQ,Interim Dividend - Rs  3.50 Per Share,INTERIM DIVIDEND - RS 3.50 PER SHARE,DIVIDEND,CASH_DIVIDEND,LATER_INCLUDE_CASH_DIVIDEND_IN_TOTAL_RETURN,EQ_SERIES,False,False,True,False,,3.5,PARSED,,,,NOT_APPLICABLE,,,,NOT_APPLICABLE,,,NOT_APPLICABLE,True,647.3,Natco Pharma,Natco Pharma Limited,2,,,,
CA0288,288,2022-08-19,2022-08-22,SUNPHARMA,SUNPHARMA,SUNPHARMA,EQ,Dividend - Rs 3 Per Share,DIVIDEND - RS 3 PER SHARE,DIVIDEND,CASH_DIVIDEND,LATER_INCLUDE_CASH_DIVIDEND_IN_TOTAL_RETURN,EQ_SERIES,False,False,True,False,,3.0,PARSED,,,,NOT_APPLICABLE,,,,NOT_APPLICABLE,,,NOT_APPLICABLE,True,901.35,Sun Pharmaceutical Industries,Sun Pharmaceutical Industries Limited,1,,,,
CA0289,289,2022-08-22,2022-08-23,GRANULES,GRANULES,GRANULES,EQ,Buy Back,BUY BACK,BUYBACK,BUYBACK,NO_AUTOMATIC_ADJUSTMENT_REVIEW_TERMS,EQ_SERIES,False,False,False,True,BUYBACK_IS_NOT_AUTOMATIC_TOTAL_RETURN_DISTRIBUTION,,NOT_APPLICABLE,,,,NOT_APPLICABLE,,,,NOT_APPLICABLE,,,NOT_APPLICABLE,True,306.8,Granules India,Granules India Limited,1,,,,
CA0290,290,2022-08-30,2022-09-01,PEL,PEL,PEL,EQ,Demerger,DEMERGER,DEMERGER,DEMERGER_SPINOFF,STRUCTURAL_BREAK_EVENT_SPECIFIC_VALUE_TREATMENT,EQ_SERIES,True,False,False,True,STRUCTURAL_BREAK_REQUIRES_ENTITLEMENT_AND_SPINOFF_VALUATION,,NOT_APPLICABLE,,,,NOT_APPLICABLE,,,,NOT_APPLICABLE,,,NOT_APPLICABLE,True,1063.55,Piramal Enterprises,Piramal Enterprises Limited,2,,,,
CA0291,291,2022-09-12,,GLENMARK,GLENMARK,GLENMARK,EQ,Annual General Meeting/Dividend - Rs 2.50 Per Share,ANNUAL GENERAL MEETING/DIVIDEND - RS 2.50 PER SHARE,AGM;DIVIDEND,CASH_DIVIDEND,LATER_INCLUDE_CASH_DIVIDEND_IN_TOTAL_RETURN,EQ_SERIES,False,False,True,False,,2.5,PARSED,,,,NOT_APPLICABLE,,,,NOT_APPLICABLE,,,NOT_APPLICABLE,True,389.7,Glenmark Pharmaceuticals,Glenmark Pharmaceuticals Limited,1,2022-09-14,2022-09-27,,
CA0292,292,2022-09-19,2022-09-20,PFIZER,PFIZER,PFIZER,EQ,Special Dividend - Rs 30 Per Share,SPECIAL DIVIDEND - RS 30 PER SHARE,DIVIDEND,CASH_DIVIDEND,LATER_INCLUDE_CASH_DIVIDEND_IN_TOTAL_RETURN,EQ_SERIES,False,True,True,True,SPECIAL_DIVIDEND_VERIFY_AND_AVOID_DOUBLE_COUNT,30.0,PARSED,,,,NOT_APPLICABLE,,,,NOT_APPLICABLE,,,NOT_APPLICABLE,True,4110.0,Pfizer,Pfizer Limited,10,,,,
CA0293,293,2022-09-23,,NATCOPHARM,NATCOPHARM,NATCOPHARM,EQ,Annual General Meeting,ANNUAL GENERAL MEETING,AGM,ADMIN_ONLY,NO_PRICE_OR_TOTAL_RETURN_ADJUSTMENT,EQ_SERIES,False,False,False,False,,,NOT_APPLICABLE,,,,NOT_APPLICABLE,,,,NOT_APPLICABLE,,,NOT_APPLICABLE,True,622.95,Natco Pharma,Natco Pharma Limited,2,2022-09-27,2022-09-30,,
CA0294,294,2022-11-03,2022-11-04,LAURUSLABS,LAURUSLABS,LAURUSLABS,EQ,Interim Dividend - Rs  0.80 Per Share,INTERIM DIVIDEND - RS 0.80 PER SHARE,DIVIDEND,CASH_DIVIDEND,LATER_INCLUDE_CASH_DIVIDEND_IN_TOTAL_RETURN,EQ_SERIES,False,False,True,False,,0.8,PARSED,,,,NOT_APPLICABLE,,,,NOT_APPLICABLE,,,NOT_APPLICABLE,True,477.95,Laurus Labs,Laurus Labs Limited,2,,,,
CA0295,295,2022-11-11,2022-11-14,AJANTPHARM,AJANTPHARM,AJANTPHARM,EQ,Interim Dividend - Rs 7 Per Share,INTERIM DIVIDEND - RS 7 PER SHARE,DIVIDEND,CASH_DIVIDEND,LATER_INCLUDE_CASH_DIVIDEND_IN_TOTAL_RETURN,EQ_SERIES,False,False,True,False,,7.0,PARSED,,,,NOT_APPLICABLE,,,,NOT_APPLICABLE,,,NOT_APPLICABLE,True,1257.75,Ajanta Pharma,Ajanta Pharma Limited,2,,,,
CA0296,296,2022-11-21,2022-11-22,NATCOPHARM,NATCOPHARM,NATCOPHARM,EQ,Interim Dividend - Re 0.75 Per Share,INTERIM DIVIDEND - RE 0.75 PER SHARE,DIVIDEND,CASH_DIVIDEND,LATER_INCLUDE_CASH_DIVIDEND_IN_TOTAL_RETURN,EQ_SERIES,False,False,True,False,,0.75,PARSED,,,,NOT_APPLICABLE,,,,NOT_APPLICABLE,,,NOT_APPLICABLE,True,569.5,Natco Pharma,Natco Pharma Limited,2,,,,
CA0297,297,2022-11-22,2022-11-23,IPCALAB,IPCALAB,IPCALAB,EQ,Interim Dividend - Rs 4 Per Share,INTERIM DIVIDEND - RS 4 PER SHARE,DIVIDEND,CASH_DIVIDEND,LATER_INCLUDE_CASH_DIVIDEND_IN_TOTAL_RETURN,EQ_SERIES,False,False,True,False,,4.0,PARSED,,,,NOT_APPLICABLE,,,,NOT_APPLICABLE,,,NOT_APPLICABLE,True,864.65,IPCA Laboratories,IPCA Laboratories Limited,1,,,,
CA0298,298,2023-02-03,2023-02-03,TORNTPHARM,TORNTPHARM,TORNTPHARM,EQ,Interim Dividend - Rs 14 Per Share,INTERIM DIVIDEND - RS 14 PER SHARE,DIVIDEND,CASH_DIVIDEND,LATER_INCLUDE_CASH_DIVIDEND_IN_TOTAL_RETURN,EQ_SERIES,False,False,True,False,,14.0,PARSED,,,,NOT_APPLICABLE,,,,NOT_APPLICABLE,,,NOT_APPLICABLE,True,1531.9,Torrent Pharmaceuticals,Torrent Pharmaceuticals Limited,5,,,,
CA0299,299,2023-02-08,2023-02-08,SUNPHARMA,SUNPHARMA,SUNPHARMA,EQ,Interim Dividend - Rs 7.50 Per Share,INTERIM DIVIDEND - RS 7.50 PER SHARE,DIVIDEND,CASH_DIVIDEND,LATER_INCLUDE_CASH_DIVIDEND_IN_TOTAL_RETURN,EQ_SERIES,False,False,True,False,,7.5,PARSED,,,,NOT_APPLICABLE,,,,NOT_APPLICABLE,,,NOT_APPLICABLE,True,1013.0,Sun Pharmaceutical Industries,Sun Pharmaceutical Industries Limited,1,,,,
CA0300,300,2023-02-17,2023-02-18,ALKEM,ALKEM,ALKEM,EQ,Interim Dividend - Rs 15 Per Share & Special Dividend Rs 25 Per Share,INTERIM DIVIDEND - RS 15 PER SHARE & SPECIAL DIVIDEND RS 25 PER SHARE,DIVIDEND,CASH_DIVIDEND,LATER_INCLUDE_CASH_DIVIDEND_IN_TOTAL_RETURN,EQ_SERIES,False,True,False,True,SPECIAL_DIVIDEND_VERIFY_AND_AVOID_DOUBLE_COUNT,,AMBIGUOUS_MULTIPLE_AMOUNTS,,,,NOT_APPLICABLE,,,,NOT_APPLICABLE,,,NOT_APPLICABLE,True,3261.95,Alkem Laboratories,Alkem Laboratories Limited,2,,,,
CA0301,301,2023-02-17,2023-02-17,AUROPHARMA,AUROPHARMA,AUROPHARMA,EQ,Interim Dividend - Rs 3 Per Share,INTERIM DIVIDEND - RS 3 PER SHARE,DIVIDEND,CASH_DIVIDEND,LATER_INCLUDE_CASH_DIVIDEND_IN_TOTAL_RETURN,EQ_SERIES,False,False,True,False,,3.0,PARSED,,,,NOT_APPLICABLE,,,,NOT_APPLICABLE,,,NOT_APPLICABLE,True,473.3,Aurobindo Pharma,Aurobindo Pharma Limited,1,,,,
CA0302,302,2023-02-17,2023-02-18,JBCHEPHARM,JBCHEPHARM,JBCHEPHARM,EQ,Interim Dividend - Rs 8.50 Per Share,INTERIM DIVIDEND - RS 8.50 PER SHARE,DIVIDEND,CASH_DIVIDEND,LATER_INCLUDE_CASH_DIVIDEND_IN_TOTAL_RETURN,EQ_SERIES,False,False,True,False,,8.5,PARSED,,,,NOT_APPLICABLE,,,,NOT_APPLICABLE,,,NOT_APPLICABLE,True,1960.7,JB Chemicals & Pharmaceuticals,JB Chemicals & Pharmaceuticals Limited,1,,,,
CA0303,303,2023-02-21,2023-02-21,NATCOPHARM,NATCOPHARM,NATCOPHARM,EQ,Interim Dividend - Rs 1.25 Per Share,INTERIM DIVIDEND - RS 1.25 PER SHARE,DIVIDEND,CASH_DIVIDEND,LATER_INCLUDE_CASH_DIVIDEND_IN_TOTAL_RETURN,EQ_SERIES,False,False,True,False,,1.25,PARSED,,,,NOT_APPLICABLE,,,,NOT_APPLICABLE,,,NOT_APPLICABLE,True,547.8,Natco Pharma,Natco Pharma Limited,2,,,,
CA0304,304,2023-03-24,2023-03-24,AJANTPHARM,AJANTPHARM,AJANTPHARM,EQ,Buy Back,BUY BACK,BUYBACK,BUYBACK,NO_AUTOMATIC_ADJUSTMENT_REVIEW_TERMS,EQ_SERIES,False,False,False,True,BUYBACK_IS_NOT_AUTOMATIC_TOTAL_RETURN_DISTRIBUTION,,NOT_APPLICABLE,,,,NOT_APPLICABLE,,,,NOT_APPLICABLE,,,NOT_APPLICABLE,True,1184.3,Ajanta Pharma,Ajanta Pharma Limited,2,,,,
CA0305,305,2023-04-28,,SANOFI,SANOFI,SANOFI,EQ,Final Dividend - Rs  194/ Special Dividend - Rs 183 Per Share,FINAL DIVIDEND - RS 194/ SPECIAL DIVIDEND - RS 183 PER SHARE,DIVIDEND,CASH_DIVIDEND,LATER_INCLUDE_CASH_DIVIDEND_IN_TOTAL_RETURN,EQ_SERIES,False,True,False,True,SPECIAL_DIVIDEND_VERIFY_AND_AVOID_DOUBLE_COUNT,,AMBIGUOUS_MULTIPLE_AMOUNTS,,,,NOT_APPLICABLE,,,,NOT_APPLICABLE,,,NOT_APPLICABLE,True,5570.1,Sanofi India,Sanofi India Limited,10,2023-04-29,2023-05-11,,
CA0306,306,2023-05-10,2023-05-10,LAURUSLABS,LAURUSLABS,LAURUSLABS,EQ,Interim Dividend - Rs 1.20 Per Share,INTERIM DIVIDEND - RS 1.20 PER SHARE,DIVIDEND,CASH_DIVIDEND,LATER_INCLUDE_CASH_DIVIDEND_IN_TOTAL_RETURN,EQ_SERIES,False,False,True,False,,1.2,PARSED,,,,NOT_APPLICABLE,,,,NOT_APPLICABLE,,,NOT_APPLICABLE,True,332.55,Laurus Labs,Laurus Labs Limited,2,,,,
CA0307,307,2023-06-16,2023-06-16,PEL,PEL,PEL,EQ,Dividend - Rs 31 Per Sh,DIVIDEND - RS 31 PER SH,DIVIDEND,CASH_DIVIDEND,LATER_INCLUDE_CASH_DIVIDEND_IN_TOTAL_RETURN,EQ_SERIES,False,False,True,False,,31.0,PARSED,,,,NOT_APPLICABLE,,,,NOT_APPLICABLE,,,NOT_APPLICABLE,True,782.35,Piramal Enterprises,Piramal Enterprises Limited,2,,,,
CA0308,308,2023-06-23,2023-06-23,TORNTPHARM,TORNTPHARM,TORNTPHARM,EQ,Dividend - Rs 8 Per Share,DIVIDEND - RS 8 PER SHARE,DIVIDEND,CASH_DIVIDEND,LATER_INCLUDE_CASH_DIVIDEND_IN_TOTAL_RETURN,EQ_SERIES,False,False,True,False,,8.0,PARSED,,,,NOT_APPLICABLE,,,,NOT_APPLICABLE,,,NOT_APPLICABLE,True,1863.05,Torrent Pharmaceuticals,Torrent Pharmaceuticals Limited,5,,,,
CA0309,309,2023-06-30,2023-06-30,GLAXO,GLAXO,GLAXO,EQ,Dividend - Rs 32  Per Share,DIVIDEND - RS 32 PER SHARE,DIVIDEND,CASH_DIVIDEND,LATER_INCLUDE_CASH_DIVIDEND_IN_TOTAL_RETURN,EQ_SERIES,False,False,True,False,,32.0,PARSED,,,,NOT_APPLICABLE,,,,NOT_APPLICABLE,,,NOT_APPLICABLE,True,1425.1,GlaxoSmithKline Pharmaceuticals,GlaxoSmithKline Pharmaceuticals Limited,10,,,,
CA0310,310,2023-07-07,2023-07-07,BIOCON,BIOCON,BIOCON,EQ,Dividend - Rs 1.50 Per Share,DIVIDEND - RS 1.50 PER SHARE,DIVIDEND,CASH_DIVIDEND,LATER_INCLUDE_CASH_DIVIDEND_IN_TOTAL_RETURN,EQ_SERIES,False,False,True,False,,1.5,PARSED,,,,NOT_APPLICABLE,,,,NOT_APPLICABLE,,,NOT_APPLICABLE,True,253.95,Biocon,Biocon Limited,5,,,,
CA0311,311,2023-07-07,,LAURUSLABS,LAURUSLABS,LAURUSLABS,EQ,Annual General Meeting,ANNUAL GENERAL MEETING,AGM,ADMIN_ONLY,NO_PRICE_OR_TOTAL_RETURN_ADJUSTMENT,EQ_SERIES,False,False,False,False,,,NOT_APPLICABLE,,,,NOT_APPLICABLE,,,,NOT_APPLICABLE,,,NOT_APPLICABLE,True,364.95,Laurus Labs,Laurus Labs Limited,2,2023-07-08,2023-07-14,,
CA0312,312,2023-07-11,,DRREDDY,DRREDDY,DRREDDY,EQ,Annual General Meeting/Dividend - Rs 40 Per Share,ANNUAL GENERAL MEETING/DIVIDEND - RS 40 PER SHARE,AGM;DIVIDEND,CASH_DIVIDEND,LATER_INCLUDE_CASH_DIVIDEND_IN_TOTAL_RETURN,EQ_SERIES,False,False,True,False,,40.0,PARSED,,,,NOT_APPLICABLE,,,,NOT_APPLICABLE,,,NOT_APPLICABLE,True,5165.85,Dr. Reddy's Laboratories,Dr. Reddy's Laboratories Limited,1,2023-07-12,2023-07-14,,
CA0313,313,2023-07-14,2023-07-14,LUPIN,LUPIN,LUPIN,EQ,Dividend - Rs 4 Per Share,DIVIDEND - RS 4 PER SHARE,DIVIDEND,CASH_DIVIDEND,LATER_INCLUDE_CASH_DIVIDEND_IN_TOTAL_RETURN,EQ_SERIES,False,False,True,False,,4.0,PARSED,,,,NOT_APPLICABLE,,,,NOT_APPLICABLE,,,NOT_APPLICABLE,True,930.95,Lupin,Lupin Limited,2,,,,
CA0314,314,2023-07-21,2023-07-21,ABBOTINDIA,ABBOTINDIA,ABBOTINDIA,EQ,Dividend - Rs 180 Per Share/ Special Dividend Rs 145 Per Share,DIVIDEND - RS 180 PER SHARE/ SPECIAL DIVIDEND RS 145 PER SHARE,DIVIDEND,CASH_DIVIDEND,LATER_INCLUDE_CASH_DIVIDEND_IN_TOTAL_RETURN,EQ_SERIES,False,True,False,True,SPECIAL_DIVIDEND_VERIFY_AND_AVOID_DOUBLE_COUNT,,AMBIGUOUS_MULTIPLE_AMOUNTS,,,,NOT_APPLICABLE,,,,NOT_APPLICABLE,,,NOT_APPLICABLE,True,23183.85,Abbott India,Abbott India Limited,10,,,,
CA0315,315,2023-07-21,2023-07-21,CIPLA,CIPLA,CIPLA,EQ,Dividend - Rs 8.50 Per Share,DIVIDEND - RS 8.50 PER SHARE,DIVIDEND,CASH_DIVIDEND,LATER_INCLUDE_CASH_DIVIDEND_IN_TOTAL_RETURN,EQ_SERIES,False,False,True,False,,8.5,PARSED,,,,NOT_APPLICABLE,,,,NOT_APPLICABLE,,,NOT_APPLICABLE,True,1048.95,Cipla,Cipla Limited,2,,,,
CA0316,316,2023-07-28,2023-07-28,APLLTD,APLLTD,APLLTD,EQ,Dividend - Rs 8 Per Share,DIVIDEND - RS 8 PER SHARE,DIVIDEND,CASH_DIVIDEND,LATER_INCLUDE_CASH_DIVIDEND_IN_TOTAL_RETURN,EQ_SERIES,False,False,True,False,,8.0,PARSED,,,,NOT_APPLICABLE,,,,NOT_APPLICABLE,,,NOT_APPLICABLE,True,777.2,Alembic Pharmaceuticals,Alembic Pharmaceuticals Limited,2,,,,
CA0317,317,2023-07-28,2023-07-28,SUNPHARMA,SUNPHARMA,SUNPHARMA,EQ,Dividend - Rs 4 Per Share,DIVIDEND - RS 4 PER SHARE,DIVIDEND,CASH_DIVIDEND,LATER_INCLUDE_CASH_DIVIDEND_IN_TOTAL_RETURN,EQ_SERIES,False,False,True,False,,4.0,PARSED,,,,NOT_APPLICABLE,,,,NOT_APPLICABLE,,,NOT_APPLICABLE,True,1138.55,Sun Pharmaceutical Industries,Sun Pharmaceutical Industries Limited,1,,,,
CA0318,318,2023-07-28,2023-07-28,ZYDUS,ZYDUSLIFE,ZYDUSLIFE,EQ,Dividend - Rs 6 Per Share,DIVIDEND - RS 6 PER SHARE,DIVIDEND,CASH_DIVIDEND,LATER_INCLUDE_CASH_DIVIDEND_IN_TOTAL_RETURN,EQ_SERIES,False,False,True,False,,6.0,PARSED,,,,NOT_APPLICABLE,,,,NOT_APPLICABLE,,,NOT_APPLICABLE,True,640.5,Zydus Lifesciences,Zydus Lifesciences Limited,1,,,,
CA0319,319,2023-08-02,2023-08-02,PPLPHARMA,PPLPHARMA,PPLPHARMA,EQ,Rights 5:46 @ Premium Rs 71/-,RIGHTS 5:46 @ PREMIUM RS 71/-,RIGHTS,RIGHTS_ISSUE,MANUAL_RIGHTS_TERMS_AND_THEORETICAL_ADJUSTMENT,EQ_SERIES,False,False,False,True,RIGHTS_REQUIRE_RATIO_SUBSCRIPTION_PRICE_AND_EVENT_REVIEW,,NOT_APPLICABLE,,,,NOT_APPLICABLE,,,,NOT_APPLICABLE,5.0,46.0,PARSED,True,102.95,Piramal Pharma,Piramal Pharma Limited,10,,,,
CA0320,320,2023-08-03,,GRANULES,GRANULES,GRANULES,EQ,Annual General Meeting,ANNUAL GENERAL MEETING,AGM,ADMIN_ONLY,NO_PRICE_OR_TOTAL_RETURN_ADJUSTMENT,EQ_SERIES,False,False,False,False,,,NOT_APPLICABLE,,,,NOT_APPLICABLE,,,,NOT_APPLICABLE,,,NOT_APPLICABLE,True,318.2,Granules India,Granules India Limited,1,2023-08-04,2023-08-10,,
CA0321,321,2023-08-03,2023-08-03,GRANULES,GRANULES,GRANULES,EQ,Dividend - Rs 1.50 Per Share,DIVIDEND - RS 1.50 PER SHARE,DIVIDEND,CASH_DIVIDEND,LATER_INCLUDE_CASH_DIVIDEND_IN_TOTAL_RETURN,EQ_SERIES,False,False,True,False,,1.5,PARSED,,,,NOT_APPLICABLE,,,,NOT_APPLICABLE,,,NOT_APPLICABLE,True,318.2,Granules India,Granules India Limited,1,,,,
CA0322,322,2023-08-04,2023-08-04,AJANTPHARM,AJANTPHARM,AJANTPHARM,EQ,Interim Dividend - Rs 10 Per Share/Special Dividend - Rs 15 Per Share,INTERIM DIVIDEND - RS 10 PER SHARE/SPECIAL DIVIDEND - RS 15 PER SHARE,DIVIDEND,CASH_DIVIDEND,LATER_INCLUDE_CASH_DIVIDEND_IN_TOTAL_RETURN,EQ_SERIES,False,True,False,True,SPECIAL_DIVIDEND_VERIFY_AND_AVOID_DOUBLE_COUNT,,AMBIGUOUS_MULTIPLE_AMOUNTS,,,,NOT_APPLICABLE,,,,NOT_APPLICABLE,,,NOT_APPLICABLE,True,1747.0,Ajanta Pharma,Ajanta Pharma Limited,2,,,,
CA0323,323,2023-08-04,2023-08-04,STAR,STAR,STAR,EQ,Dividend - Rs 1.50 Per Share,DIVIDEND - RS 1.50 PER SHARE,DIVIDEND,CASH_DIVIDEND,LATER_INCLUDE_CASH_DIVIDEND_IN_TOTAL_RETURN,EQ_SERIES,False,False,True,False,,1.5,PARSED,,,,NOT_APPLICABLE,,,,NOT_APPLICABLE,,,NOT_APPLICABLE,True,447.65,Strides Pharma Science,Strides Pharma Science Limited,10,,,,
CA0324,324,2023-08-07,2023-08-07,WOCKPHARMA,WOCKPHARMA,WOCKPHARMA,EQ,Annual General Meeting,ANNUAL GENERAL MEETING,AGM,ADMIN_ONLY,NO_PRICE_OR_TOTAL_RETURN_ADJUSTMENT,EQ_SERIES,False,False,False,False,,,NOT_APPLICABLE,,,,NOT_APPLICABLE,,,,NOT_APPLICABLE,,,NOT_APPLICABLE,True,259.6,Wockhardt,Wockhardt Limited,5,,,,
CA0325,325,2023-08-10,2023-08-10,ALKEM,ALKEM,ALKEM,EQ,Dividend - Rs 10 Per Share,DIVIDEND - RS 10 PER SHARE,DIVIDEND,CASH_DIVIDEND,LATER_INCLUDE_CASH_DIVIDEND_IN_TOTAL_RETURN,EQ_SERIES,False,False,True,False,,10.0,PARSED,,,,NOT_APPLICABLE,,,,NOT_APPLICABLE,,,NOT_APPLICABLE,True,4141.4,Alkem Laboratories,Alkem Laboratories Limited,2,,,,
CA0326,326,2023-08-11,2023-08-11,DIVISLAB,DIVISLAB,DIVISLAB,EQ,Dividend - Rs 30 Per Share,DIVIDEND - RS 30 PER SHARE,DIVIDEND,CASH_DIVIDEND,LATER_INCLUDE_CASH_DIVIDEND_IN_TOTAL_RETURN,EQ_SERIES,False,False,True,False,,30.0,PARSED,,,,NOT_APPLICABLE,,,,NOT_APPLICABLE,,,NOT_APPLICABLE,True,3679.15,Divi's Laboratories,Divi's Laboratories Limited,2,,,,
CA0327,327,2023-08-11,2023-08-11,PFIZER,PFIZER,PFIZER,EQ,Dividend - Rs 35 Per Share/ Special Dividend - Rs 5 Per Share,DIVIDEND - RS 35 PER SHARE/ SPECIAL DIVIDEND - RS 5 PER SHARE,DIVIDEND,CASH_DIVIDEND,LATER_INCLUDE_CASH_DIVIDEND_IN_TOTAL_RETURN,EQ_SERIES,False,True,False,True,SPECIAL_DIVIDEND_VERIFY_AND_AVOID_DOUBLE_COUNT,,AMBIGUOUS_MULTIPLE_AMOUNTS,,,,NOT_APPLICABLE,,,,NOT_APPLICABLE,,,NOT_APPLICABLE,True,3965.25,Pfizer,Pfizer Limited,10,,,,
CA0328,328,2023-08-17,2023-08-17,JBCHEPHARM,JBCHEPHARM,JBCHEPHARM,EQ,Dividend - Rs 9.25 Per Share,DIVIDEND - RS 9.25 PER SHARE,DIVIDEND,CASH_DIVIDEND,LATER_INCLUDE_CASH_DIVIDEND_IN_TOTAL_RETURN,EQ_SERIES,False,False,True,False,,9.25,PARSED,,,,NOT_APPLICABLE,,,,NOT_APPLICABLE,,,NOT_APPLICABLE,True,2594.8,JB Chemicals & Pharmaceuticals,JB Chemicals & Pharmaceuticals Limited,1,,,,
CA0329,329,2023-08-22,,AUROPHARMA,AUROPHARMA,AUROPHARMA,EQ,Annual General Meeting,ANNUAL GENERAL MEETING,AGM,ADMIN_ONLY,NO_PRICE_OR_TOTAL_RETURN_ADJUSTMENT,EQ_SERIES,False,False,False,False,,,NOT_APPLICABLE,,,,NOT_APPLICABLE,,,,NOT_APPLICABLE,,,NOT_APPLICABLE,True,842.65,Aurobindo Pharma,Aurobindo Pharma Limited,1,2023-08-23,2023-08-25,,
CA0330,330,2023-08-22,2023-08-22,NATCOPHARM,NATCOPHARM,NATCOPHARM,EQ,Interim Dividend - Rs 7 Per Share,INTERIM DIVIDEND - RS 7 PER SHARE,DIVIDEND,CASH_DIVIDEND,LATER_INCLUDE_CASH_DIVIDEND_IN_TOTAL_RETURN,EQ_SERIES,False,False,True,False,,7.0,PARSED,,,,NOT_APPLICABLE,,,,NOT_APPLICABLE,,,NOT_APPLICABLE,True,876.85,Natco Pharma,Natco Pharma Limited,2,,,,
CA0331,331,2023-08-25,2023-08-25,PEL,PEL,PEL,EQ,Buy Back,BUY BACK,BUYBACK,BUYBACK,NO_AUTOMATIC_ADJUSTMENT_REVIEW_TERMS,EQ_SERIES,False,False,False,True,BUYBACK_IS_NOT_AUTOMATIC_TOTAL_RETURN_DISTRIBUTION,,NOT_APPLICABLE,,,,NOT_APPLICABLE,,,,NOT_APPLICABLE,,,NOT_APPLICABLE,True,1059.35,Piramal Enterprises,Piramal Enterprises Limited,2,,,,
CA0332,332,2023-09-18,,GLENMARK,GLENMARK,GLENMARK,EQ,Dividend - Rs 2.50 Per Share,DIVIDEND - RS 2.50 PER SHARE,DIVIDEND,CASH_DIVIDEND,LATER_INCLUDE_CASH_DIVIDEND_IN_TOTAL_RETURN,EQ_SERIES,False,False,True,False,,2.5,PARSED,,,,NOT_APPLICABLE,,,,NOT_APPLICABLE,,,NOT_APPLICABLE,True,851.55,Glenmark Pharmaceuticals,Glenmark Pharmaceuticals Limited,1,2023-09-19,2023-09-29,,
CA0333,333,2023-09-18,2023-09-18,JBCHEPHARM,JBCHEPHARM,JBCHEPHARM,EQ,Face Value Split (Sub-Division) - From Rs 2/- Per Share To Re 1/- Per Share,FACE VALUE SPLIT (SUB-DIVISION) - FROM RS 2/- PER SHARE TO RE 1/- PER SHARE,SPLIT,SPLIT_CONSOLIDATION,LATER_NEUTRALIZE_SAME_STOCK_UNIT_CHANGE,EQ_SERIES,False,False,True,False,,,NOT_APPLICABLE,,,,NOT_APPLICABLE,2.0,1.0,2.0,PARSED,,,NOT_APPLICABLE,True,1484.7,JB Chemicals & Pharmaceuticals,JB Chemicals & Pharmaceuticals Limited,1,,,,
CA0334,334,2023-09-25,,NATCOPHARM,NATCOPHARM,NATCOPHARM,EQ,Annual General Meeting,ANNUAL GENERAL MEETING,AGM,ADMIN_ONLY,NO_PRICE_OR_TOTAL_RETURN_ADJUSTMENT,EQ_SERIES,False,False,False,False,,,NOT_APPLICABLE,,,,NOT_APPLICABLE,,,,NOT_APPLICABLE,,,NOT_APPLICABLE,True,848.5,Natco Pharma,Natco Pharma Limited,2,2023-09-26,2023-09-29,,
CA0335,335,2023-11-02,2023-11-02,LAURUSLABS,LAURUSLABS,LAURUSLABS,EQ,Interim Dividend - Re 0.40 Per Share,INTERIM DIVIDEND - RE 0.40 PER SHARE,DIVIDEND,CASH_DIVIDEND,LATER_INCLUDE_CASH_DIVIDEND_IN_TOTAL_RETURN,EQ_SERIES,False,False,True,False,,0.4,PARSED,,,,NOT_APPLICABLE,,,,NOT_APPLICABLE,,,NOT_APPLICABLE,True,362.3,Laurus Labs,Laurus Labs Limited,2,,,,
CA0336,336,2023-11-20,2023-11-20,AUROPHARMA,AUROPHARMA,AUROPHARMA,EQ,Interim Dividend - Rs 3 Per Share,INTERIM DIVIDEND - RS 3 PER SHARE,DIVIDEND,CASH_DIVIDEND,LATER_INCLUDE_CASH_DIVIDEND_IN_TOTAL_RETURN,EQ_SERIES,False,False,True,False,,3.0,PARSED,,,,NOT_APPLICABLE,,,,NOT_APPLICABLE,,,NOT_APPLICABLE,True,998.1,Aurobindo Pharma,Aurobindo Pharma Limited,1,,,,
CA0337,337,2023-11-22,2023-11-22,IPCALAB,IPCALAB,IPCALAB,EQ,Interim Dividend - Rs 2 Per Share,INTERIM DIVIDEND - RS 2 PER SHARE,DIVIDEND,CASH_DIVIDEND,LATER_INCLUDE_CASH_DIVIDEND_IN_TOTAL_RETURN,EQ_SERIES,False,False,True,False,,2.0,PARSED,,,,NOT_APPLICABLE,,,,NOT_APPLICABLE,,,NOT_APPLICABLE,True,1090.3,IPCA Laboratories,IPCA Laboratories Limited,1,,,,
CA0338,338,2023-11-24,2023-11-24,NATCOPHARM,NATCOPHARM,NATCOPHARM,EQ,Interim Dividend - Rs 1.25 Per Share,INTERIM DIVIDEND - RS 1.25 PER SHARE,DIVIDEND,CASH_DIVIDEND,LATER_INCLUDE_CASH_DIVIDEND_IN_TOTAL_RETURN,EQ_SERIES,False,False,True,False,,1.25,PARSED,,,,NOT_APPLICABLE,,,,NOT_APPLICABLE,,,NOT_APPLICABLE,True,780.45,Natco Pharma,Natco Pharma Limited,2,,,,
CA0339,339,2024-02-08,2024-02-08,AJANTPHARM,AJANTPHARM,AJANTPHARM,EQ,Interim Dividend - Rs 26 Per Share,INTERIM DIVIDEND - RS 26 PER SHARE,DIVIDEND,CASH_DIVIDEND,LATER_INCLUDE_CASH_DIVIDEND_IN_TOTAL_RETURN,EQ_SERIES,False,False,True,False,,26.0,PARSED,,,,NOT_APPLICABLE,,,,NOT_APPLICABLE,,,NOT_APPLICABLE,True,2202.85,Ajanta Pharma,Ajanta Pharma Limited,2,,,,
CA0340,340,2024-02-09,2024-02-09,SUNPHARMA,SUNPHARMA,SUNPHARMA,EQ,Interim Dividend - Rs 8.50 Per Share,INTERIM DIVIDEND - RS 8.50 PER SHARE,DIVIDEND,CASH_DIVIDEND,LATER_INCLUDE_CASH_DIVIDEND_IN_TOTAL_RETURN,EQ_SERIES,False,False,True,False,,8.5,PARSED,,,,NOT_APPLICABLE,,,,NOT_APPLICABLE,,,NOT_APPLICABLE,True,1534.8,Sun Pharmaceutical Industries,Sun Pharmaceutical Industries Limited,1,,,,
CA0341,341,2024-02-12,2024-02-12,TORNTPHARM,TORNTPHARM,TORNTPHARM,EQ,Interim Dividend - Rs 22 Per Share,INTERIM DIVIDEND - RS 22 PER SHARE,DIVIDEND,CASH_DIVIDEND,LATER_INCLUDE_CASH_DIVIDEND_IN_TOTAL_RETURN,EQ_SERIES,False,False,True,False,,22.0,PARSED,,,,NOT_APPLICABLE,,,,NOT_APPLICABLE,,,NOT_APPLICABLE,True,2619.65,Torrent Pharmaceuticals,Torrent Pharmaceuticals Limited,5,,,,
CA0342,342,2024-02-16,2024-02-17,ALKEM,ALKEM,ALKEM,EQ,Interim Dividend - Rs 35 Per Share,INTERIM DIVIDEND - RS 35 PER SHARE,DIVIDEND,CASH_DIVIDEND,LATER_INCLUDE_CASH_DIVIDEND_IN_TOTAL_RETURN,EQ_SERIES,False,False,True,False,,35.0,PARSED,,,,NOT_APPLICABLE,,,,NOT_APPLICABLE,,,NOT_APPLICABLE,True,5444.6,Alkem Laboratories,Alkem Laboratories Limited,2,,,,
CA0343,343,2024-02-16,2024-02-16,JBCHEPHARM,JBCHEPHARM,JBCHEPHARM,EQ,Interim Dividend - Rs 5.50 Per Share,INTERIM DIVIDEND - RS 5.50 PER SHARE,DIVIDEND,CASH_DIVIDEND,LATER_INCLUDE_CASH_DIVIDEND_IN_TOTAL_RETURN,EQ_SERIES,False,False,True,False,,5.5,PARSED,,,,NOT_APPLICABLE,,,,NOT_APPLICABLE,,,NOT_APPLICABLE,True,1655.15,JB Chemicals & Pharmaceuticals,JB Chemicals & Pharmaceuticals Limited,1,,,,
CA0344,344,2024-02-20,2024-02-20,AUROPHARMA,AUROPHARMA,AUROPHARMA,EQ,Interim Dividend - Rs  1.50 Per Share,INTERIM DIVIDEND - RS 1.50 PER SHARE,DIVIDEND,CASH_DIVIDEND,LATER_INCLUDE_CASH_DIVIDEND_IN_TOTAL_RETURN,EQ_SERIES,False,False,True,False,,1.5,PARSED,,,,NOT_APPLICABLE,,,,NOT_APPLICABLE,,,NOT_APPLICABLE,True,1052.4,Aurobindo Pharma,Aurobindo Pharma Limited,1,,,,
CA0345,345,2024-02-23,2024-02-23,ZYDUS,ZYDUSLIFE,ZYDUSLIFE,EQ,Buy Back,BUY BACK,BUYBACK,BUYBACK,NO_AUTOMATIC_ADJUSTMENT_REVIEW_TERMS,EQ_SERIES,False,False,False,True,BUYBACK_IS_NOT_AUTOMATIC_TOTAL_RETURN_DISTRIBUTION,,NOT_APPLICABLE,,,,NOT_APPLICABLE,,,,NOT_APPLICABLE,,,NOT_APPLICABLE,True,923.25,Zydus Lifesciences,Zydus Lifesciences Limited,1,,,,
CA0346,346,2024-02-26,2024-02-26,NATCOPHARM,NATCOPHARM,NATCOPHARM,EQ,Interim Dividend - Rs 1.25 Per Share,INTERIM DIVIDEND - RS 1.25 PER SHARE,DIVIDEND,CASH_DIVIDEND,LATER_INCLUDE_CASH_DIVIDEND_IN_TOTAL_RETURN,EQ_SERIES,False,False,True,False,,1.25,PARSED,,,,NOT_APPLICABLE,,,,NOT_APPLICABLE,,,NOT_APPLICABLE,True,1026.05,Natco Pharma,Natco Pharma Limited,2,,,,
CA0347,347,2024-03-07,2024-03-07,SANOFI,SANOFI,SANOFI,EQ,Interim Dividend - Rs 50 Per Share,INTERIM DIVIDEND - RS 50 PER SHARE,DIVIDEND,CASH_DIVIDEND,LATER_INCLUDE_CASH_DIVIDEND_IN_TOTAL_RETURN,EQ_SERIES,False,False,True,False,,50.0,PARSED,,,,NOT_APPLICABLE,,,,NOT_APPLICABLE,,,NOT_APPLICABLE,True,8468.95,Sanofi India,Sanofi India Limited,10,,,,
CA0348,348,2024-05-03,,SANOFI,SANOFI,SANOFI,EQ,Annual General Meeting,ANNUAL GENERAL MEETING,AGM,ADMIN_ONLY,NO_PRICE_OR_TOTAL_RETURN_ADJUSTMENT,EQ_SERIES,False,False,False,False,,,NOT_APPLICABLE,,,,NOT_APPLICABLE,,,,NOT_APPLICABLE,,,NOT_APPLICABLE,True,8624.25,Sanofi India,Sanofi India Limited,10,2024-05-04,2024-05-14,,
CA0349,349,2024-05-03,2024-05-03,SANOFI,SANOFI,SANOFI,EQ,Dividend - Rs 117 Per Share,DIVIDEND - RS 117 PER SHARE,DIVIDEND,CASH_DIVIDEND,LATER_INCLUDE_CASH_DIVIDEND_IN_TOTAL_RETURN,EQ_SERIES,False,False,True,False,,117.0,PARSED,,,,NOT_APPLICABLE,,,,NOT_APPLICABLE,,,NOT_APPLICABLE,True,8624.25,Sanofi India,Sanofi India Limited,10,,,,
CA0350,350,2024-05-08,2024-05-08,LAURUSLABS,LAURUSLABS,LAURUSLABS,EQ,Interim Dividend - Re 0.40 Per Share,INTERIM DIVIDEND - RE 0.40 PER SHARE,DIVIDEND,CASH_DIVIDEND,LATER_INCLUDE_CASH_DIVIDEND_IN_TOTAL_RETURN,EQ_SERIES,False,False,True,False,,0.4,PARSED,,,,NOT_APPLICABLE,,,,NOT_APPLICABLE,,,NOT_APPLICABLE,True,434.1,Laurus Labs,Laurus Labs Limited,2,,,,
CA0351,351,2024-05-30,2024-05-30,AJANTPHARM,AJANTPHARM,AJANTPHARM,EQ,Buy Back,BUY BACK,BUYBACK,BUYBACK,NO_AUTOMATIC_ADJUSTMENT_REVIEW_TERMS,EQ_SERIES,False,False,False,True,BUYBACK_IS_NOT_AUTOMATIC_TOTAL_RETURN_DISTRIBUTION,,NOT_APPLICABLE,,,,NOT_APPLICABLE,,,,NOT_APPLICABLE,,,NOT_APPLICABLE,True,2412.05,Ajanta Pharma,Ajanta Pharma Limited,2,,,,
CA0352,352,2024-05-31,2024-05-31,GLAXO,GLAXO,GLAXO,EQ,Dividend - Rs 32 Per Share,DIVIDEND - RS 32 PER SHARE,DIVIDEND,CASH_DIVIDEND,LATER_INCLUDE_CASH_DIVIDEND_IN_TOTAL_RETURN,EQ_SERIES,False,False,True,False,,32.0,PARSED,,,,NOT_APPLICABLE,,,,NOT_APPLICABLE,,,NOT_APPLICABLE,True,2619.3,GlaxoSmithKline Pharmaceuticals,GlaxoSmithKline Pharmaceuticals Limited,10,,,,
CA0353,353,2024-06-13,2024-06-13,SANOFI,SANOFI,SANOFI,EQ,Demerger,DEMERGER,DEMERGER,DEMERGER_SPINOFF,STRUCTURAL_BREAK_EVENT_SPECIFIC_VALUE_TREATMENT,EQ_SERIES,True,False,False,True,STRUCTURAL_BREAK_REQUIRES_ENTITLEMENT_AND_SPINOFF_VALUATION,,NOT_APPLICABLE,,,,NOT_APPLICABLE,,,,NOT_APPLICABLE,,,NOT_APPLICABLE,False,,Sanofi India,Sanofi India Limited,10,,,,
CA0354,354,2024-06-21,2024-06-21,TORNTPHARM,TORNTPHARM,TORNTPHARM,EQ,Dividend - Rs 6 Per Share,DIVIDEND - RS 6 PER SHARE,DIVIDEND,CASH_DIVIDEND,LATER_INCLUDE_CASH_DIVIDEND_IN_TOTAL_RETURN,EQ_SERIES,False,False,True,False,,6.0,PARSED,,,,NOT_APPLICABLE,,,,NOT_APPLICABLE,,,NOT_APPLICABLE,True,2831.25,Torrent Pharmaceuticals,Torrent Pharmaceuticals Limited,5,,,,
CA0355,355,2024-06-21,2024-06-21,WOCKPHARMA,WOCKPHARMA,WOCKPHARMA,EQ,Annual General Meeting,ANNUAL GENERAL MEETING,AGM,ADMIN_ONLY,NO_PRICE_OR_TOTAL_RETURN_ADJUSTMENT,EQ_SERIES,False,False,False,False,,,NOT_APPLICABLE,,,,NOT_APPLICABLE,,,,NOT_APPLICABLE,,,NOT_APPLICABLE,True,577.3,Wockhardt,Wockhardt Limited,5,,,,
CA0356,356,2024-07-04,,LAURUSLABS,LAURUSLABS,LAURUSLABS,EQ,Annual General Meeting,ANNUAL GENERAL MEETING,AGM,ADMIN_ONLY,NO_PRICE_OR_TOTAL_RETURN_ADJUSTMENT,EQ_SERIES,False,False,False,False,,,NOT_APPLICABLE,,,,NOT_APPLICABLE,,,,NOT_APPLICABLE,,,NOT_APPLICABLE,True,454.45,Laurus Labs,Laurus Labs Limited,2,2024-07-05,2024-07-11,,
CA0357,357,2024-07-05,2024-07-05,BIOCON,BIOCON,BIOCON,EQ,Dividend - Re 0.50 Per Share,DIVIDEND - RE 0.50 PER SHARE,DIVIDEND,CASH_DIVIDEND,LATER_INCLUDE_CASH_DIVIDEND_IN_TOTAL_RETURN,EQ_SERIES,False,False,True,False,,0.5,PARSED,,,,NOT_APPLICABLE,,,,NOT_APPLICABLE,,,NOT_APPLICABLE,True,370.2,Biocon,Biocon Limited,5,,,,
CA0358,358,2024-07-05,2024-07-05,PEL,PEL,PEL,EQ,Dividend - Rs 10 Per Share,DIVIDEND - RS 10 PER SHARE,DIVIDEND,CASH_DIVIDEND,LATER_INCLUDE_CASH_DIVIDEND_IN_TOTAL_RETURN,EQ_SERIES,False,False,True,False,,10.0,PARSED,,,,NOT_APPLICABLE,,,,NOT_APPLICABLE,,,NOT_APPLICABLE,True,935.2,Piramal Enterprises,Piramal Enterprises Limited,2,,,,
CA0359,359,2024-07-12,2024-07-12,PPLPHARMA,PPLPHARMA,PPLPHARMA,EQ,Dividend - Rs 0.11 Per Share,DIVIDEND - RS 0.11 PER SHARE,DIVIDEND,CASH_DIVIDEND,LATER_INCLUDE_CASH_DIVIDEND_IN_TOTAL_RETURN,EQ_SERIES,False,False,True,False,,0.11,PARSED,,,,NOT_APPLICABLE,,,,NOT_APPLICABLE,,,NOT_APPLICABLE,True,151.1,Piramal Pharma,Piramal Pharma Limited,10,,,,
CA0360,360,2024-07-12,2024-07-12,SUNPHARMA,SUNPHARMA,SUNPHARMA,EQ,Dividend - Rs 5 Per Share,DIVIDEND - RS 5 PER SHARE,DIVIDEND,CASH_DIVIDEND,LATER_INCLUDE_CASH_DIVIDEND_IN_TOTAL_RETURN,EQ_SERIES,False,False,True,False,,5.0,PARSED,,,,NOT_APPLICABLE,,,,NOT_APPLICABLE,,,NOT_APPLICABLE,True,1577.3,Sun Pharmaceutical Industries,Sun Pharmaceutical Industries Limited,1,,,,
CA0361,361,2024-07-15,2024-07-15,APLLTD,APLLTD,APLLTD,EQ,Dividend - Rs 11 Per Share,DIVIDEND - RS 11 PER SHARE,DIVIDEND,CASH_DIVIDEND,LATER_INCLUDE_CASH_DIVIDEND_IN_TOTAL_RETURN,EQ_SERIES,False,False,True,False,,11.0,PARSED,,,,NOT_APPLICABLE,,,,NOT_APPLICABLE,,,NOT_APPLICABLE,True,981.85,Alembic Pharmaceuticals,Alembic Pharmaceuticals Limited,2,,,,
CA0362,362,2024-07-16,,DRREDDY,DRREDDY,DRREDDY,EQ,Annual General Meeting/Dividend - Rs 40 Per Share,ANNUAL GENERAL MEETING/DIVIDEND - RS 40 PER SHARE,AGM;DIVIDEND,CASH_DIVIDEND,LATER_INCLUDE_CASH_DIVIDEND_IN_TOTAL_RETURN,EQ_SERIES,False,False,True,False,,40.0,PARSED,,,,NOT_APPLICABLE,,,,NOT_APPLICABLE,,,NOT_APPLICABLE,True,6646.05,Dr. Reddy's Laboratories,Dr. Reddy's Laboratories Limited,1,2024-07-17,2024-07-19,,
CA0363,363,2024-07-16,2024-07-16,LUPIN,LUPIN,LUPIN,EQ,Dividend - Rs 8 Per Share,DIVIDEND - RS 8 PER SHARE,DIVIDEND,CASH_DIVIDEND,LATER_INCLUDE_CASH_DIVIDEND_IN_TOTAL_RETURN,EQ_SERIES,False,False,True,False,,8.0,PARSED,,,,NOT_APPLICABLE,,,,NOT_APPLICABLE,,,NOT_APPLICABLE,True,1845.05,Lupin,Lupin Limited,2,,,,
CA0364,364,2024-07-19,2024-07-19,ABBOTINDIA,ABBOTINDIA,ABBOTINDIA,EQ,Dividend - Rs 410 Per Share,DIVIDEND - RS 410 PER SHARE,DIVIDEND,CASH_DIVIDEND,LATER_INCLUDE_CASH_DIVIDEND_IN_TOTAL_RETURN,EQ_SERIES,False,False,True,False,,410.0,PARSED,,,,NOT_APPLICABLE,,,,NOT_APPLICABLE,,,NOT_APPLICABLE,True,27404.15,Abbott India,Abbott India Limited,10,,,,
CA0365,365,2024-07-26,2024-07-26,ZYDUS,ZYDUSLIFE,ZYDUSLIFE,EQ,Dividend - Rs 3 Per Share,DIVIDEND - RS 3 PER SHARE,DIVIDEND,CASH_DIVIDEND,LATER_INCLUDE_CASH_DIVIDEND_IN_TOTAL_RETURN,EQ_SERIES,False,False,True,False,,3.0,PARSED,,,,NOT_APPLICABLE,,,,NOT_APPLICABLE,,,NOT_APPLICABLE,True,1206.05,Zydus Lifesciences,Zydus Lifesciences Limited,1,,,,
CA0366,366,2024-07-30,2024-07-30,AUROPHARMA,AUROPHARMA,AUROPHARMA,EQ,Buy Back,BUY BACK,BUYBACK,BUYBACK,NO_AUTOMATIC_ADJUSTMENT_REVIEW_TERMS,EQ_SERIES,False,False,False,True,BUYBACK_IS_NOT_AUTOMATIC_TOTAL_RETURN_DISTRIBUTION,,NOT_APPLICABLE,,,,NOT_APPLICABLE,,,,NOT_APPLICABLE,,,NOT_APPLICABLE,True,1399.45,Aurobindo Pharma,Aurobindo Pharma Limited,1,,,,
CA0367,367,2024-07-30,,GRANULES,GRANULES,GRANULES,EQ,Annual General Meeting/Dividend - Rs 1.50 Per Share,ANNUAL GENERAL MEETING/DIVIDEND - RS 1.50 PER SHARE,AGM;DIVIDEND,CASH_DIVIDEND,LATER_INCLUDE_CASH_DIVIDEND_IN_TOTAL_RETURN,EQ_SERIES,False,False,True,False,,1.5,PARSED,,,,NOT_APPLICABLE,,,,NOT_APPLICABLE,,,NOT_APPLICABLE,True,588.95,Granules India,Granules India Limited,1,2024-07-31,2024-08-06,,
CA0368,368,2024-08-02,2024-08-02,CIPLA,CIPLA,CIPLA,EQ,Dividend - Rs 13 Per Share,DIVIDEND - RS 13 PER SHARE,DIVIDEND,CASH_DIVIDEND,LATER_INCLUDE_CASH_DIVIDEND_IN_TOTAL_RETURN,EQ_SERIES,False,False,True,False,,13.0,PARSED,,,,NOT_APPLICABLE,,,,NOT_APPLICABLE,,,NOT_APPLICABLE,True,1528.8,Cipla,Cipla Limited,2,,,,
CA0369,369,2024-08-02,2024-08-02,DIVISLAB,DIVISLAB,DIVISLAB,EQ,Dividend - Rs 30 Per Share,DIVIDEND - RS 30 PER SHARE,DIVIDEND,CASH_DIVIDEND,LATER_INCLUDE_CASH_DIVIDEND_IN_TOTAL_RETURN,EQ_SERIES,False,False,True,False,,30.0,PARSED,,,,NOT_APPLICABLE,,,,NOT_APPLICABLE,,,NOT_APPLICABLE,True,4991.25,Divi's Laboratories,Divi's Laboratories Limited,2,,,,
CA0370,370,2024-08-06,,IPCALAB,IPCALAB,IPCALAB,EQ,Annual General Meeting/Dividend - Rs 2 Per Share,ANNUAL GENERAL MEETING/DIVIDEND - RS 2 PER SHARE,AGM;DIVIDEND,CASH_DIVIDEND,LATER_INCLUDE_CASH_DIVIDEND_IN_TOTAL_RETURN,EQ_SERIES,False,False,True,False,,2.0,PARSED,,,,NOT_APPLICABLE,,,,NOT_APPLICABLE,,,NOT_APPLICABLE,True,1319.35,IPCA Laboratories,IPCA Laboratories Limited,1,2024-08-07,2024-08-13,,
CA0371,371,2024-08-09,2024-08-10,ALKEM,ALKEM,ALKEM,EQ,Dividend - Rs 5 Per Share,DIVIDEND - RS 5 PER SHARE,DIVIDEND,CASH_DIVIDEND,LATER_INCLUDE_CASH_DIVIDEND_IN_TOTAL_RETURN,EQ_SERIES,False,False,True,False,,5.0,PARSED,,,,NOT_APPLICABLE,,,,NOT_APPLICABLE,,,NOT_APPLICABLE,True,5796.85,Alkem Laboratories,Alkem Laboratories Limited,2,,,,
CA0372,372,2024-08-14,2024-08-14,JBCHEPHARM,JBCHEPHARM,JBCHEPHARM,EQ,Dividend - Rs 6.75 Per Share,DIVIDEND - RS 6.75 PER SHARE,DIVIDEND,CASH_DIVIDEND,LATER_INCLUDE_CASH_DIVIDEND_IN_TOTAL_RETURN,EQ_SERIES,False,False,True,False,,6.75,PARSED,,,,NOT_APPLICABLE,,,,NOT_APPLICABLE,,,NOT_APPLICABLE,True,1968.7,JB Chemicals & Pharmaceuticals,JB Chemicals & Pharmaceuticals Limited,1,,,,
CA0373,373,2024-08-16,2024-08-16,GLAND,GLAND,GLAND,EQ,Annual General Meeting/Dividend - Rs 20 Per Share,ANNUAL GENERAL MEETING/DIVIDEND - RS 20 PER SHARE,AGM;DIVIDEND,CASH_DIVIDEND,LATER_INCLUDE_CASH_DIVIDEND_IN_TOTAL_RETURN,EQ_SERIES,False,False,True,False,,20.0,PARSED,,,,NOT_APPLICABLE,,,,NOT_APPLICABLE,,,NOT_APPLICABLE,True,1945.05,Gland Pharma,Gland Pharma Limited,1,,,,
CA0374,374,2024-08-21,2024-08-21,PFIZER,PFIZER,PFIZER,EQ,Dividend - Rs 35 Per Share,DIVIDEND - RS 35 PER SHARE,DIVIDEND,CASH_DIVIDEND,LATER_INCLUDE_CASH_DIVIDEND_IN_TOTAL_RETURN,EQ_SERIES,False,False,True,False,,35.0,PARSED,,,,NOT_APPLICABLE,,,,NOT_APPLICABLE,,,NOT_APPLICABLE,True,5975.4,Pfizer,Pfizer Limited,10,,,,
CA0375,375,2024-08-23,2024-08-23,NATCOPHARM,NATCOPHARM,NATCOPHARM,EQ,Interim Dividend - Rs 3 Per Share,INTERIM DIVIDEND - RS 3 PER SHARE,DIVIDEND,CASH_DIVIDEND,LATER_INCLUDE_CASH_DIVIDEND_IN_TOTAL_RETURN,EQ_SERIES,False,False,True,False,,3.0,PARSED,,,,NOT_APPLICABLE,,,,NOT_APPLICABLE,,,NOT_APPLICABLE,True,1558.15,Natco Pharma,Natco Pharma Limited,2,,,,
CA0376,376,2024-08-26,,AUROPHARMA,AUROPHARMA,AUROPHARMA,EQ,Annual General Meeting,ANNUAL GENERAL MEETING,AGM,ADMIN_ONLY,NO_PRICE_OR_TOTAL_RETURN_ADJUSTMENT,EQ_SERIES,False,False,False,False,,,NOT_APPLICABLE,,,,NOT_APPLICABLE,,,,NOT_APPLICABLE,,,NOT_APPLICABLE,True,1547.85,Aurobindo Pharma,Aurobindo Pharma Limited,1,2024-08-27,2024-08-29,,
CA0377,377,2024-09-09,2024-09-09,STAR,STAR,STAR,EQ,Dividend - Rs 2.50 Per Share,DIVIDEND - RS 2.50 PER SHARE,DIVIDEND,CASH_DIVIDEND,LATER_INCLUDE_CASH_DIVIDEND_IN_TOTAL_RETURN,EQ_SERIES,False,False,True,False,,2.5,PARSED,,,,NOT_APPLICABLE,,,,NOT_APPLICABLE,,,NOT_APPLICABLE,True,1309.15,Strides Pharma Science,Strides Pharma Science Limited,10,,,,
CA0378,378,2024-09-13,,GLENMARK,GLENMARK,GLENMARK,EQ,Dividend - Rs 2.50 Per Share,DIVIDEND - RS 2.50 PER SHARE,DIVIDEND,CASH_DIVIDEND,LATER_INCLUDE_CASH_DIVIDEND_IN_TOTAL_RETURN,EQ_SERIES,False,False,True,False,,2.5,PARSED,,,,NOT_APPLICABLE,,,,NOT_APPLICABLE,,,NOT_APPLICABLE,True,1753.7,Glenmark Pharmaceuticals,Glenmark Pharmaceuticals Limited,1,2024-09-17,2024-09-27,,
CA0379,379,2024-09-25,,NATCOPHARM,NATCOPHARM,NATCOPHARM,EQ,Annual General Meeting,ANNUAL GENERAL MEETING,AGM,ADMIN_ONLY,NO_PRICE_OR_TOTAL_RETURN_ADJUSTMENT,EQ_SERIES,False,False,False,False,,,NOT_APPLICABLE,,,,NOT_APPLICABLE,,,,NOT_APPLICABLE,,,NOT_APPLICABLE,True,1416.4,Natco Pharma,Natco Pharma Limited,2,2024-09-26,2024-09-30,,
CA0380,380,2024-10-28,2024-10-28,DRREDDY,DRREDDY,DRREDDY,EQ,Face Value Split (Sub-Division) - From Rs 5/- Per Share To Re 1/- Per Share,FACE VALUE SPLIT (SUB-DIVISION) - FROM RS 5/- PER SHARE TO RE 1/- PER SHARE,SPLIT,SPLIT_CONSOLIDATION,LATER_NEUTRALIZE_SAME_STOCK_UNIT_CHANGE,EQ_SERIES,False,False,True,False,,,NOT_APPLICABLE,,,,NOT_APPLICABLE,5.0,1.0,5.0,PARSED,,,NOT_APPLICABLE,True,1311.5,Dr. Reddy's Laboratories,Dr. Reddy's Laboratories Limited,1,,,,
CA0381,381,2024-11-06,2024-11-06,AJANTPHARM,AJANTPHARM,AJANTPHARM,EQ,Interim Dividend - Rs 28 Per Share,INTERIM DIVIDEND - RS 28 PER SHARE,DIVIDEND,CASH_DIVIDEND,LATER_INCLUDE_CASH_DIVIDEND_IN_TOTAL_RETURN,EQ_SERIES,False,False,True,False,,28.0,PARSED,,,,NOT_APPLICABLE,,,,NOT_APPLICABLE,,,NOT_APPLICABLE,True,3115.9,Ajanta Pharma,Ajanta Pharma Limited,2,,,,
CA0382,382,2024-11-06,2024-11-06,LAURUSLABS,LAURUSLABS,LAURUSLABS,EQ,Interim Dividend - Rs 0.40 Per Share,INTERIM DIVIDEND - RS 0.40 PER SHARE,DIVIDEND,CASH_DIVIDEND,LATER_INCLUDE_CASH_DIVIDEND_IN_TOTAL_RETURN,EQ_SERIES,False,False,True,False,,0.4,PARSED,,,,NOT_APPLICABLE,,,,NOT_APPLICABLE,,,NOT_APPLICABLE,True,496.45,Laurus Labs,Laurus Labs Limited,2,,,,
CA0383,383,2024-11-07,2024-11-07,GLAXO,GLAXO,GLAXO,EQ,Interim Dividend - Rs 12 Per Share,INTERIM DIVIDEND - RS 12 PER SHARE,DIVIDEND,CASH_DIVIDEND,LATER_INCLUDE_CASH_DIVIDEND_IN_TOTAL_RETURN,EQ_SERIES,False,False,True,False,,12.0,PARSED,,,,NOT_APPLICABLE,,,,NOT_APPLICABLE,,,NOT_APPLICABLE,True,2611.5,GlaxoSmithKline Pharmaceuticals,GlaxoSmithKline Pharmaceuticals Limited,10,,,,
CA0384,384,2024-11-27,2024-11-27,IPCALAB,IPCALAB,IPCALAB,EQ,Interim Dividend - Rs 2 Per Share,INTERIM DIVIDEND - RS 2 PER SHARE,DIVIDEND,CASH_DIVIDEND,LATER_INCLUDE_CASH_DIVIDEND_IN_TOTAL_RETURN,EQ_SERIES,False,False,True,False,,2.0,PARSED,,,,NOT_APPLICABLE,,,,NOT_APPLICABLE,,,NOT_APPLICABLE,True,1528.55,IPCA Laboratories,IPCA Laboratories Limited,1,,,,
CA0385,385,2024-11-27,2024-11-27,NATCOPHARM,NATCOPHARM,NATCOPHARM,EQ,Interim Dividend - Rs 1.50 Per Share,INTERIM DIVIDEND - RS 1.50 PER SHARE,DIVIDEND,CASH_DIVIDEND,LATER_INCLUDE_CASH_DIVIDEND_IN_TOTAL_RETURN,EQ_SERIES,False,False,True,False,,1.5,PARSED,,,,NOT_APPLICABLE,,,,NOT_APPLICABLE,,,NOT_APPLICABLE,True,1351.25,Natco Pharma,Natco Pharma Limited,2,,,,
CA0386,386,2024-12-06,2024-12-06,STAR,STAR,STAR,EQ,Demerger,DEMERGER,DEMERGER,DEMERGER_SPINOFF,STRUCTURAL_BREAK_EVENT_SPECIFIC_VALUE_TREATMENT,EQ_SERIES,True,False,False,True,STRUCTURAL_BREAK_REQUIRES_ENTITLEMENT_AND_SPINOFF_VALUATION,,NOT_APPLICABLE,,,,NOT_APPLICABLE,,,,NOT_APPLICABLE,,,NOT_APPLICABLE,False,,Strides Pharma Science,Strides Pharma Science Limited,10,,,,
CA0387,387,2025-01-31,2025-02-01,TORNTPHARM,TORNTPHARM,TORNTPHARM,EQ,Interim Dividend - Rs 26 Per Sh,INTERIM DIVIDEND - RS 26 PER SH,DIVIDEND,CASH_DIVIDEND,LATER_INCLUDE_CASH_DIVIDEND_IN_TOTAL_RETURN,EQ_SERIES,False,False,True,False,,26.0,PARSED,,,,NOT_APPLICABLE,,,,NOT_APPLICABLE,,,NOT_APPLICABLE,True,3269.1,Torrent Pharmaceuticals,Torrent Pharmaceuticals Limited,5,,,,
CA0388,388,2025-02-06,2025-02-06,SUNPHARMA,SUNPHARMA,SUNPHARMA,EQ,Interim Dividend - Rs 10.50 Per Share,INTERIM DIVIDEND - RS 10.50 PER SHARE,DIVIDEND,CASH_DIVIDEND,LATER_INCLUDE_CASH_DIVIDEND_IN_TOTAL_RETURN,EQ_SERIES,False,False,True,False,,10.5,PARSED,,,,NOT_APPLICABLE,,,,NOT_APPLICABLE,,,NOT_APPLICABLE,True,1742.0,Sun Pharmaceutical Industries,Sun Pharmaceutical Industries Limited,1,,,,
CA0389,389,2025-02-07,2025-02-08,JBCHEPHARM,JBCHEPHARM,JBCHEPHARM,EQ,Interim Dividend - Rs 8.50 Per Share,INTERIM DIVIDEND - RS 8.50 PER SHARE,DIVIDEND,CASH_DIVIDEND,LATER_INCLUDE_CASH_DIVIDEND_IN_TOTAL_RETURN,EQ_SERIES,False,False,True,False,,8.5,PARSED,,,,NOT_APPLICABLE,,,,NOT_APPLICABLE,,,NOT_APPLICABLE,True,1671.25,JB Chemicals & Pharmaceuticals,JB Chemicals & Pharmaceuticals Limited,1,,,,
CA0390,390,2025-02-14,2025-02-14,ALKEM,ALKEM,ALKEM,EQ,Interim Dividend - Rs 37 Per Share,INTERIM DIVIDEND - RS 37 PER SHARE,DIVIDEND,CASH_DIVIDEND,LATER_INCLUDE_CASH_DIVIDEND_IN_TOTAL_RETURN,EQ_SERIES,False,False,True,False,,37.0,PARSED,,,,NOT_APPLICABLE,,,,NOT_APPLICABLE,,,NOT_APPLICABLE,True,4651.5,Alkem Laboratories,Alkem Laboratories Limited,2,,,,
CA0391,391,2025-02-18,2025-02-18,NATCOPHARM,NATCOPHARM,NATCOPHARM,EQ,Interim Dividend - Rs 1.50 Per Share,INTERIM DIVIDEND - RS 1.50 PER SHARE,DIVIDEND,CASH_DIVIDEND,LATER_INCLUDE_CASH_DIVIDEND_IN_TOTAL_RETURN,EQ_SERIES,False,False,True,False,,1.5,PARSED,,,,NOT_APPLICABLE,,,,NOT_APPLICABLE,,,NOT_APPLICABLE,True,834.55,Natco Pharma,Natco Pharma Limited,2,,,,
CA0392,392,2025-04-25,2025-04-25,SANOFI,SANOFI,SANOFI,EQ,Dividend - Rs 117 Per Share,DIVIDEND - RS 117 PER SHARE,DIVIDEND,CASH_DIVIDEND,LATER_INCLUDE_CASH_DIVIDEND_IN_TOTAL_RETURN,EQ_SERIES,False,False,True,False,,117.0,PARSED,,,,NOT_APPLICABLE,,,,NOT_APPLICABLE,,,NOT_APPLICABLE,True,6273.0,Sanofi India,Sanofi India Limited,10,,,,
CA0393,393,2025-05-09,2025-05-09,LAURUSLABS,LAURUSLABS,LAURUSLABS,EQ,Interim Dividend - Rs  0.80 Per Share,INTERIM DIVIDEND - RS 0.80 PER SHARE,DIVIDEND,CASH_DIVIDEND,LATER_INCLUDE_CASH_DIVIDEND_IN_TOTAL_RETURN,EQ_SERIES,False,False,True,False,,0.8,PARSED,,,,NOT_APPLICABLE,,,,NOT_APPLICABLE,,,NOT_APPLICABLE,True,588.8,Laurus Labs,Laurus Labs Limited,2,,,,
CA0394,394,2025-05-30,2025-05-30,GLAXO,GLAXO,GLAXO,EQ,Dividend - Rs 42 Per Share,DIVIDEND - RS 42 PER SHARE,DIVIDEND,CASH_DIVIDEND,LATER_INCLUDE_CASH_DIVIDEND_IN_TOTAL_RETURN,EQ_SERIES,False,False,True,False,,42.0,PARSED,,,,NOT_APPLICABLE,,,,NOT_APPLICABLE,,,NOT_APPLICABLE,True,3298.6,GlaxoSmithKline Pharmaceuticals,GlaxoSmithKline Pharmaceuticals Limited,10,,,,
CA0395,395,2025-06-13,2025-06-13,PEL,PEL,PEL,EQ,Dividend - Rs 11 Per Share,DIVIDEND - RS 11 PER SHARE,DIVIDEND,CASH_DIVIDEND,LATER_INCLUDE_CASH_DIVIDEND_IN_TOTAL_RETURN,EQ_SERIES,False,False,True,False,,11.0,PARSED,,,,NOT_APPLICABLE,,,,NOT_APPLICABLE,,,NOT_APPLICABLE,True,1132.6,Piramal Enterprises,Piramal Enterprises Limited,2,,,,
CA0396,396,2025-06-20,2025-06-20,TORNTPHARM,TORNTPHARM,TORNTPHARM,EQ,Dividend - Rs 6 Per Share,DIVIDEND - RS 6 PER SHARE,DIVIDEND,CASH_DIVIDEND,LATER_INCLUDE_CASH_DIVIDEND_IN_TOTAL_RETURN,EQ_SERIES,False,False,True,False,,6.0,PARSED,,,,NOT_APPLICABLE,,,,NOT_APPLICABLE,,,NOT_APPLICABLE,True,3167.2,Torrent Pharmaceuticals,Torrent Pharmaceuticals Limited,5,,,,
CA0397,397,2025-06-27,2025-06-27,CIPLA,CIPLA,CIPLA,EQ,Dividend - Rs 13 Per Share/Special Dividend - Rs 3 Per Share,DIVIDEND - RS 13 PER SHARE/SPECIAL DIVIDEND - RS 3 PER SHARE,DIVIDEND,CASH_DIVIDEND,LATER_INCLUDE_CASH_DIVIDEND_IN_TOTAL_RETURN,EQ_SERIES,False,True,False,True,SPECIAL_DIVIDEND_VERIFY_AND_AVOID_DOUBLE_COUNT,,AMBIGUOUS_MULTIPLE_AMOUNTS,,,,NOT_APPLICABLE,,,,NOT_APPLICABLE,,,NOT_APPLICABLE,True,1502.4,Cipla,Cipla Limited,2,,,,
CA0398,398,2025-07-04,2025-07-04,BIOCON,BIOCON,BIOCON,EQ,Dividend - Rs 0.50 Per Share,DIVIDEND - RS 0.50 PER SHARE,DIVIDEND,CASH_DIVIDEND,LATER_INCLUDE_CASH_DIVIDEND_IN_TOTAL_RETURN,EQ_SERIES,False,False,True,False,,0.5,PARSED,,,,NOT_APPLICABLE,,,,NOT_APPLICABLE,,,NOT_APPLICABLE,True,380.05,Biocon,Biocon Limited,5,,,,
CA0399,399,2025-07-07,2025-07-07,SUNPHARMA,SUNPHARMA,SUNPHARMA,EQ,Dividend - Rs 5.50 Per Share,DIVIDEND - RS 5.50 PER SHARE,DIVIDEND,CASH_DIVIDEND,LATER_INCLUDE_CASH_DIVIDEND_IN_TOTAL_RETURN,EQ_SERIES,False,False,True,False,,5.5,PARSED,,,,NOT_APPLICABLE,,,,NOT_APPLICABLE,,,NOT_APPLICABLE,True,1679.9,Sun Pharmaceutical Industries,Sun Pharmaceutical Industries Limited,1,,,,
CA0400,400,2025-07-09,2025-07-09,PFIZER,PFIZER,PFIZER,EQ,Dividend - Rs 35 Per Share & Special Dividend Of Rs 100 Per Share/ Special Dividend Of Rs 30,DIVIDEND - RS 35 PER SHARE & SPECIAL DIVIDEND OF RS 100 PER SHARE/ SPECIAL DIVIDEND OF RS 30,DIVIDEND,CASH_DIVIDEND,LATER_INCLUDE_CASH_DIVIDEND_IN_TOTAL_RETURN,EQ_SERIES,False,True,False,True,SPECIAL_DIVIDEND_VERIFY_AND_AVOID_DOUBLE_COUNT,,AMBIGUOUS_MULTIPLE_AMOUNTS,,,,NOT_APPLICABLE,,,,NOT_APPLICABLE,,,NOT_APPLICABLE,True,5669.0,Pfizer,Pfizer Limited,10,,,,
CA0401,401,2025-07-10,2025-07-10,DRREDDY,DRREDDY,DRREDDY,EQ,Dividend - Rs 8 Per Share,DIVIDEND - RS 8 PER SHARE,DIVIDEND,CASH_DIVIDEND,LATER_INCLUDE_CASH_DIVIDEND_IN_TOTAL_RETURN,EQ_SERIES,False,False,True,False,,8.0,PARSED,,,,NOT_APPLICABLE,,,,NOT_APPLICABLE,,,NOT_APPLICABLE,True,1262.6,Dr. Reddy's Laboratories,Dr. Reddy's Laboratories Limited,1,,,,
CA0402,402,2025-07-16,2025-07-16,PPLPHARMA,PPLPHARMA,PPLPHARMA,EQ,Dividend - Re 0.14 Per Share,DIVIDEND - RE 0.14 PER SHARE,DIVIDEND,CASH_DIVIDEND,LATER_INCLUDE_CASH_DIVIDEND_IN_TOTAL_RETURN,EQ_SERIES,False,False,True,False,,0.14,PARSED,,,,NOT_APPLICABLE,,,,NOT_APPLICABLE,,,NOT_APPLICABLE,True,214.86,Piramal Pharma,Piramal Pharma Limited,10,,,,
CA0403,403,2025-07-22,2025-07-22,STAR,STAR,STAR,EQ,Dividend - Rs 4 Per Share,DIVIDEND - RS 4 PER SHARE,DIVIDEND,CASH_DIVIDEND,LATER_INCLUDE_CASH_DIVIDEND_IN_TOTAL_RETURN,EQ_SERIES,False,False,True,False,,4.0,PARSED,,,,NOT_APPLICABLE,,,,NOT_APPLICABLE,,,NOT_APPLICABLE,True,877.8,Strides Pharma Science,Strides Pharma Science Limited,10,,,,
CA0404,404,2025-07-25,2025-07-25,ABBOTINDIA,ABBOTINDIA,ABBOTINDIA,EQ,Dividend - Rs 475 Per Share,DIVIDEND - RS 475 PER SHARE,DIVIDEND,CASH_DIVIDEND,LATER_INCLUDE_CASH_DIVIDEND_IN_TOTAL_RETURN,EQ_SERIES,False,False,True,False,,475.0,PARSED,,,,NOT_APPLICABLE,,,,NOT_APPLICABLE,,,NOT_APPLICABLE,True,33780.0,Abbott India,Abbott India Limited,10,,,,
CA0405,405,2025-07-25,2025-07-25,DIVISLAB,DIVISLAB,DIVISLAB,EQ,Dividend - Rs 30 Per Share,DIVIDEND - RS 30 PER SHARE,DIVIDEND,CASH_DIVIDEND,LATER_INCLUDE_CASH_DIVIDEND_IN_TOTAL_RETURN,EQ_SERIES,False,False,True,False,,30.0,PARSED,,,,NOT_APPLICABLE,,,,NOT_APPLICABLE,,,NOT_APPLICABLE,True,6616.5,Divi's Laboratories,Divi's Laboratories Limited,2,,,,
CA0406,406,2025-07-25,2025-07-25,LUPIN,LUPIN,LUPIN,EQ,Dividend - Rs 12 Per Share,DIVIDEND - RS 12 PER SHARE,DIVIDEND,CASH_DIVIDEND,LATER_INCLUDE_CASH_DIVIDEND_IN_TOTAL_RETURN,EQ_SERIES,False,False,True,False,,12.0,PARSED,,,,NOT_APPLICABLE,,,,NOT_APPLICABLE,,,NOT_APPLICABLE,True,1951.0,Lupin,Lupin Limited,2,,,,
CA0407,407,2025-07-25,2025-07-25,ZYDUS,ZYDUSLIFE,ZYDUSLIFE,EQ,Dividend - Rs 11 Per Share,DIVIDEND - RS 11 PER SHARE,DIVIDEND,CASH_DIVIDEND,LATER_INCLUDE_CASH_DIVIDEND_IN_TOTAL_RETURN,EQ_SERIES,False,False,True,False,,11.0,PARSED,,,,NOT_APPLICABLE,,,,NOT_APPLICABLE,,,NOT_APPLICABLE,True,976.4,Zydus Lifesciences,Zydus Lifesciences Limited,1,,,,
CA0408,408,2025-07-29,2025-07-29,APLLTD,APLLTD,APLLTD,EQ,Dividend - Rs 11 Per Share,DIVIDEND - RS 11 PER SHARE,DIVIDEND,CASH_DIVIDEND,LATER_INCLUDE_CASH_DIVIDEND_IN_TOTAL_RETURN,EQ_SERIES,False,False,True,False,,11.0,PARSED,,,,NOT_APPLICABLE,,,,NOT_APPLICABLE,,,NOT_APPLICABLE,True,1013.2,Alembic Pharmaceuticals,Alembic Pharmaceuticals Limited,2,,,,
CA0409,409,2025-07-30,2025-07-30,JBCHEPHARM,JBCHEPHARM,JBCHEPHARM,EQ,Dividend - Rs 7 Per Share,DIVIDEND - RS 7 PER SHARE,DIVIDEND,CASH_DIVIDEND,LATER_INCLUDE_CASH_DIVIDEND_IN_TOTAL_RETURN,EQ_SERIES,False,False,True,False,,7.0,PARSED,,,,NOT_APPLICABLE,,,,NOT_APPLICABLE,,,NOT_APPLICABLE,True,1782.6,JB Chemicals & Pharmaceuticals,JB Chemicals & Pharmaceuticals Limited,1,,,,
CA0410,410,2025-07-31,2025-07-31,GRANULES,GRANULES,GRANULES,EQ,Dividend - Rs 1.50 Per Share,DIVIDEND - RS 1.50 PER SHARE,DIVIDEND,CASH_DIVIDEND,LATER_INCLUDE_CASH_DIVIDEND_IN_TOTAL_RETURN,EQ_SERIES,False,False,True,False,,1.5,PARSED,,,,NOT_APPLICABLE,,,,NOT_APPLICABLE,,,NOT_APPLICABLE,True,474.9,Granules India,Granules India Limited,1,,,,
CA0411,411,2025-08-05,2025-08-05,IPCALAB,IPCALAB,IPCALAB,EQ,Dividend - Rs 2 Per Share,DIVIDEND - RS 2 PER SHARE,DIVIDEND,CASH_DIVIDEND,LATER_INCLUDE_CASH_DIVIDEND_IN_TOTAL_RETURN,EQ_SERIES,False,False,True,False,,2.0,PARSED,,,,NOT_APPLICABLE,,,,NOT_APPLICABLE,,,NOT_APPLICABLE,True,1427.0,IPCA Laboratories,IPCA Laboratories Limited,1,,,,
CA0412,412,2025-08-08,2025-08-08,ALKEM,ALKEM,ALKEM,EQ,Dividend - Rs 8 Per Share,DIVIDEND - RS 8 PER SHARE,DIVIDEND,CASH_DIVIDEND,LATER_INCLUDE_CASH_DIVIDEND_IN_TOTAL_RETURN,EQ_SERIES,False,False,True,False,,8.0,PARSED,,,,NOT_APPLICABLE,,,,NOT_APPLICABLE,,,NOT_APPLICABLE,True,4764.0,Alkem Laboratories,Alkem Laboratories Limited,2,,,,
CA0413,413,2025-08-08,2025-08-08,AUROPHARMA,AUROPHARMA,AUROPHARMA,EQ,Interim Dividend - Rs 4 Per Share,INTERIM DIVIDEND - RS 4 PER SHARE,DIVIDEND,CASH_DIVIDEND,LATER_INCLUDE_CASH_DIVIDEND_IN_TOTAL_RETURN,EQ_SERIES,False,False,True,False,,4.0,PARSED,,,,NOT_APPLICABLE,,,,NOT_APPLICABLE,,,NOT_APPLICABLE,True,1042.1,Aurobindo Pharma,Aurobindo Pharma Limited,1,,,,
CA0414,414,2025-08-08,2025-08-08,MANKIND,MANKIND,MANKIND,EQ,Interim Dividend - Re 1  Per Share,INTERIM DIVIDEND - RE 1 PER SHARE,DIVIDEND,CASH_DIVIDEND,LATER_INCLUDE_CASH_DIVIDEND_IN_TOTAL_RETURN,EQ_SERIES,False,False,True,False,,1.0,PARSED,,,,NOT_APPLICABLE,,,,NOT_APPLICABLE,,,NOT_APPLICABLE,True,2467.1,Mankind Pharma,Mankind Pharma Limited,1,,,,
CA0415,415,2025-08-14,2025-08-14,GLAND,GLAND,GLAND,EQ,Dividend - Rs 18 Per Share,DIVIDEND - RS 18 PER SHARE,DIVIDEND,CASH_DIVIDEND,LATER_INCLUDE_CASH_DIVIDEND_IN_TOTAL_RETURN,EQ_SERIES,False,False,True,False,,18.0,PARSED,,,,NOT_APPLICABLE,,,,NOT_APPLICABLE,,,NOT_APPLICABLE,True,1975.8,Gland Pharma,Gland Pharma Limited,1,,,,
CA0416,416,2025-08-19,2025-08-19,NATCOPHARM,NATCOPHARM,NATCOPHARM,EQ,Interim Dividend - Rs 2 Per Share,INTERIM DIVIDEND - RS 2 PER SHARE,DIVIDEND,CASH_DIVIDEND,LATER_INCLUDE_CASH_DIVIDEND_IN_TOTAL_RETURN,EQ_SERIES,False,False,True,False,,2.0,PARSED,,,,NOT_APPLICABLE,,,,NOT_APPLICABLE,,,NOT_APPLICABLE,True,892.7,Natco Pharma,Natco Pharma Limited,2,,,,
CA0417,417,2025-09-15,2025-09-15,GLENMARK,GLENMARK,GLENMARK,EQ,Dividend - Rs 2.50 Per Share,DIVIDEND - RS 2.50 PER SHARE,DIVIDEND,CASH_DIVIDEND,LATER_INCLUDE_CASH_DIVIDEND_IN_TOTAL_RETURN,EQ_SERIES,False,False,True,False,,2.5,PARSED,,,,NOT_APPLICABLE,,,,NOT_APPLICABLE,,,NOT_APPLICABLE,True,2099.5,Glenmark Pharmaceuticals,Glenmark Pharmaceuticals Limited,1,,,,
CA0418,418,2025-10-03,2025-10-03,GLENMARK,GLENMARK,GLENMARK,EQ,Interim Dividend - Rs 2.50 Per Share,INTERIM DIVIDEND - RS 2.50 PER SHARE,DIVIDEND,CASH_DIVIDEND,LATER_INCLUDE_CASH_DIVIDEND_IN_TOTAL_RETURN,EQ_SERIES,False,False,True,False,,2.5,PARSED,,,,NOT_APPLICABLE,,,,NOT_APPLICABLE,,,NOT_APPLICABLE,True,1980.2,Glenmark Pharmaceuticals,Glenmark Pharmaceuticals Limited,1,,,,
CA0419,419,2025-10-31,2025-10-31,LAURUSLABS,LAURUSLABS,LAURUSLABS,EQ,Interim Dividend - Re 0.80 Per Sh,INTERIM DIVIDEND - RE 0.80 PER SH,DIVIDEND,CASH_DIVIDEND,LATER_INCLUDE_CASH_DIVIDEND_IN_TOTAL_RETURN,EQ_SERIES,False,False,True,False,,0.8,PARSED,,,,NOT_APPLICABLE,,,,NOT_APPLICABLE,,,NOT_APPLICABLE,True,953.65,Laurus Labs,Laurus Labs Limited,2,,,,
CA0420,420,2025-11-07,2025-11-07,SANOFI,SANOFI,SANOFI,EQ,Interim Dividend - Rs 75 Per Share,INTERIM DIVIDEND - RS 75 PER SHARE,DIVIDEND,CASH_DIVIDEND,LATER_INCLUDE_CASH_DIVIDEND_IN_TOTAL_RETURN,EQ_SERIES,False,False,True,False,,75.0,PARSED,,,,NOT_APPLICABLE,,,,NOT_APPLICABLE,,,NOT_APPLICABLE,True,4636.8,Sanofi India,Sanofi India Limited,10,,,,
CA0421,421,2025-11-10,2025-11-10,AJANTPHARM,AJANTPHARM,AJANTPHARM,EQ,Interim Dividend - Rs 28 Per Share,INTERIM DIVIDEND - RS 28 PER SHARE,DIVIDEND,CASH_DIVIDEND,LATER_INCLUDE_CASH_DIVIDEND_IN_TOTAL_RETURN,EQ_SERIES,False,False,True,False,,28.0,PARSED,,,,NOT_APPLICABLE,,,,NOT_APPLICABLE,,,NOT_APPLICABLE,True,2528.8,Ajanta Pharma,Ajanta Pharma Limited,2,,,,
CA0422,422,2025-11-20,2025-11-20,NATCOPHARM,NATCOPHARM,NATCOPHARM,EQ,Interim Dividend - Rs 1.50 Per Share,INTERIM DIVIDEND - RS 1.50 PER SHARE,DIVIDEND,CASH_DIVIDEND,LATER_INCLUDE_CASH_DIVIDEND_IN_TOTAL_RETURN,EQ_SERIES,False,False,True,False,,1.5,PARSED,,,,NOT_APPLICABLE,,,,NOT_APPLICABLE,,,NOT_APPLICABLE,True,869.3,Natco Pharma,Natco Pharma Limited,2,,,,
CA0423,423,2026-02-05,2026-02-05,SUNPHARMA,SUNPHARMA,SUNPHARMA,EQ,Interim Dividend - Rs 11 Per Share,INTERIM DIVIDEND - RS 11 PER SHARE,DIVIDEND,CASH_DIVIDEND,LATER_INCLUDE_CASH_DIVIDEND_IN_TOTAL_RETURN,EQ_SERIES,False,False,True,False,,11.0,PARSED,,,,NOT_APPLICABLE,,,,NOT_APPLICABLE,,,NOT_APPLICABLE,True,1702.6,Sun Pharmaceutical Industries,Sun Pharmaceutical Industries Limited,1,,,,
CA0424,424,2026-02-11,2026-02-11,JBCHEPHARM,JBCHEPHARM,JBCHEPHARM,EQ,Interim Dividend - Rs 12.70 Per Share,INTERIM DIVIDEND - RS 12.70 PER SHARE,DIVIDEND,CASH_DIVIDEND,LATER_INCLUDE_CASH_DIVIDEND_IN_TOTAL_RETURN,EQ_SERIES,False,False,True,False,,12.7,PARSED,,,,NOT_APPLICABLE,,,,NOT_APPLICABLE,,,NOT_APPLICABLE,True,1894.8,JB Chemicals & Pharmaceuticals,JB Chemicals & Pharmaceuticals Limited,1,,,,
CA0425,425,2026-02-18,2026-02-18,NATCOPHARM,NATCOPHARM,NATCOPHARM,EQ,Interim Dividend - Rs 1.50 Per Share,INTERIM DIVIDEND - RS 1.50 PER SHARE,DIVIDEND,CASH_DIVIDEND,LATER_INCLUDE_CASH_DIVIDEND_IN_TOTAL_RETURN,EQ_SERIES,False,False,True,False,,1.5,PARSED,,,,NOT_APPLICABLE,,,,NOT_APPLICABLE,,,NOT_APPLICABLE,True,890.5,Natco Pharma,Natco Pharma Limited,2,,,,
CA0426,426,2026-02-18,2026-02-19,TORNTPHARM,TORNTPHARM,TORNTPHARM,EQ,Interim Dividend - Rs 29 Per Share,INTERIM DIVIDEND - RS 29 PER SHARE,DIVIDEND,CASH_DIVIDEND,LATER_INCLUDE_CASH_DIVIDEND_IN_TOTAL_RETURN,EQ_SERIES,False,False,True,False,,29.0,PARSED,,,,NOT_APPLICABLE,,,,NOT_APPLICABLE,,,NOT_APPLICABLE,True,4210.8,Torrent Pharmaceuticals,Torrent Pharmaceuticals Limited,5,,,,
CA0427,427,2026-02-20,2026-02-20,ALKEM,ALKEM,ALKEM,EQ,Interim Dividend - Rs 43 Per Share,INTERIM DIVIDEND - RS 43 PER SHARE,DIVIDEND,CASH_DIVIDEND,LATER_INCLUDE_CASH_DIVIDEND_IN_TOTAL_RETURN,EQ_SERIES,False,False,True,False,,43.0,PARSED,,,,NOT_APPLICABLE,,,,NOT_APPLICABLE,,,NOT_APPLICABLE,True,5392.0,Alkem Laboratories,Alkem Laboratories Limited,2,,,,
CA0428,428,2026-04-17,2026-04-17,AUROPHARMA,AUROPHARMA,AUROPHARMA,EQ,Buy Back,BUY BACK,BUYBACK,BUYBACK,NO_AUTOMATIC_ADJUSTMENT_REVIEW_TERMS,EQ_SERIES,False,False,False,True,BUYBACK_IS_NOT_AUTOMATIC_TOTAL_RETURN_DISTRIBUTION,,NOT_APPLICABLE,,,,NOT_APPLICABLE,,,,NOT_APPLICABLE,,,NOT_APPLICABLE,True,1386.0,Aurobindo Pharma,Aurobindo Pharma Limited,1,,,,
CA0429,429,2026-04-22,2026-04-22,SANOFI,SANOFI,SANOFI,EQ,Dividend - Rs 48 Per Share,DIVIDEND - RS 48 PER SHARE,DIVIDEND,CASH_DIVIDEND,LATER_INCLUDE_CASH_DIVIDEND_IN_TOTAL_RETURN,EQ_SERIES,False,False,True,False,,48.0,PARSED,,,,NOT_APPLICABLE,,,,NOT_APPLICABLE,,,NOT_APPLICABLE,True,3500.0,Sanofi India,Sanofi India Limited,10,,,,
CA0430,430,2026-05-08,2026-05-08,LAURUSLABS,LAURUSLABS,LAURUSLABS,EQ,Interim Dividend - Rs 1.20 Per Share,INTERIM DIVIDEND - RS 1.20 PER SHARE,DIVIDEND,CASH_DIVIDEND,LATER_INCLUDE_CASH_DIVIDEND_IN_TOTAL_RETURN,EQ_SERIES,False,False,True,False,,1.2,PARSED,,,,NOT_APPLICABLE,,,,NOT_APPLICABLE,,,NOT_APPLICABLE,True,1228.3,Laurus Labs,Laurus Labs Limited,2,,,,
CA0431,431,2026-05-29,2026-05-29,GLAXO,GLAXO,GLAXO,EQ,Dividend - Rs 57 Per Share,DIVIDEND - RS 57 PER SHARE,DIVIDEND,CASH_DIVIDEND,LATER_INCLUDE_CASH_DIVIDEND_IN_TOTAL_RETURN,EQ_SERIES,False,False,True,False,,57.0,PARSED,,,,NOT_APPLICABLE,,,,NOT_APPLICABLE,,,NOT_APPLICABLE,True,2210.2,GlaxoSmithKline Pharmaceuticals,GlaxoSmithKline Pharmaceuticals Limited,10,,,,
CA0432,432,2026-05-29,2026-05-29,JBCHEPHARM,JBCHEPHARM,JBCHEPHARM,EQ,Dividend - Rs 9.30  Per Share,DIVIDEND - RS 9.30 PER SHARE,DIVIDEND,CASH_DIVIDEND,LATER_INCLUDE_CASH_DIVIDEND_IN_TOTAL_RETURN,EQ_SERIES,False,False,True,False,,9.3,PARSED,,,,NOT_APPLICABLE,,,,NOT_APPLICABLE,,,NOT_APPLICABLE,True,2167.4,JB Chemicals & Pharmaceuticals,JB Chemicals & Pharmaceuticals Limited,1,,,,
CA0433,433,2026-05-29,2026-05-29,TORNTPHARM,TORNTPHARM,TORNTPHARM,EQ,Dividend - Rs 9 Per Share,DIVIDEND - RS 9 PER SHARE,DIVIDEND,CASH_DIVIDEND,LATER_INCLUDE_CASH_DIVIDEND_IN_TOTAL_RETURN,EQ_SERIES,False,False,True,False,,9.0,PARSED,,,,NOT_APPLICABLE,,,,NOT_APPLICABLE,,,NOT_APPLICABLE,True,4410.8,Torrent Pharmaceuticals,Torrent Pharmaceuticals Limited,5,,,,
CA0434,434,2026-05-29,2026-05-29,ZYDUS,ZYDUSLIFE,ZYDUSLIFE,EQ,Buy Back,BUY BACK,BUYBACK,BUYBACK,NO_AUTOMATIC_ADJUSTMENT_REVIEW_TERMS,EQ_SERIES,False,False,False,True,BUYBACK_IS_NOT_AUTOMATIC_TOTAL_RETURN_DISTRIBUTION,,NOT_APPLICABLE,,,,NOT_APPLICABLE,,,,NOT_APPLICABLE,,,NOT_APPLICABLE,True,1077.7,Zydus Lifesciences,Zydus Lifesciences Limited,1,,,,
CA0435,435,2026-06-05,2026-06-05,CIPLA,CIPLA,CIPLA,EQ,Dividend - Rs 13 Per Share,DIVIDEND - RS 13 PER SHARE,DIVIDEND,CASH_DIVIDEND,LATER_INCLUDE_CASH_DIVIDEND_IN_TOTAL_RETURN,EQ_SERIES,False,False,True,False,,13.0,PARSED,,,,NOT_APPLICABLE,,,,NOT_APPLICABLE,,,NOT_APPLICABLE,True,1401.3,Cipla,Cipla Limited,2,,,,
CA0436,436,2026-07-03,2026-07-03,BIOCON,BIOCON,BIOCON,EQ,Dividend - Re 0.50 Per Share,DIVIDEND - RE 0.50 PER SHARE,DIVIDEND,CASH_DIVIDEND,LATER_INCLUDE_CASH_DIVIDEND_IN_TOTAL_RETURN,EQ_SERIES,False,False,True,False,,0.5,PARSED,,,,NOT_APPLICABLE,,,,NOT_APPLICABLE,,,NOT_APPLICABLE,True,426.8,Biocon,Biocon Limited,5,,,,
CA0437,437,2026-07-07,2026-07-07,SUNPHARMA,SUNPHARMA,SUNPHARMA,EQ,Dividend - Rs 5 Per Share,DIVIDEND - RS 5 PER SHARE,DIVIDEND,CASH_DIVIDEND,LATER_INCLUDE_CASH_DIVIDEND_IN_TOTAL_RETURN,EQ_SERIES,False,False,True,False,,5.0,PARSED,,,,NOT_APPLICABLE,,,,NOT_APPLICABLE,,,NOT_APPLICABLE,True,1903.4,Sun Pharmaceutical Industries,Sun Pharmaceutical Industries Limited,1,,,,
CA0438,438,2026-07-10,2026-07-10,DRREDDY,DRREDDY,DRREDDY,EQ,Dividend - Rs 8 Per Share,DIVIDEND - RS 8 PER SHARE,DIVIDEND,CASH_DIVIDEND,LATER_INCLUDE_CASH_DIVIDEND_IN_TOTAL_RETURN,EQ_SERIES,False,False,True,False,,8.0,PARSED,,,,NOT_APPLICABLE,,,,NOT_APPLICABLE,,,NOT_APPLICABLE,True,1244.3,Dr. Reddy's Laboratories,Dr. Reddy's Laboratories Limited,1,,,,
CA0439,439,2026-07-17,2026-07-17,LUPIN,LUPIN,LUPIN,EQ,Dividend - Rs 18 Per Share,DIVIDEND - RS 18 PER SHARE,DIVIDEND,CASH_DIVIDEND,LATER_INCLUDE_CASH_DIVIDEND_IN_TOTAL_RETURN,EQ_SERIES,False,False,True,False,,18.0,PARSED,,,,NOT_APPLICABLE,,,,NOT_APPLICABLE,,,NOT_APPLICABLE,True,2443.2,Lupin,Lupin Limited,2,,,,
CA0440,440,2026-07-17,2026-07-17,PFIZER,PFIZER,PFIZER,EQ,Dividend - Rs 75 Per Share,DIVIDEND - RS 75 PER SHARE,DIVIDEND,CASH_DIVIDEND,LATER_INCLUDE_CASH_DIVIDEND_IN_TOTAL_RETURN,EQ_SERIES,False,False,True,False,,75.0,PARSED,,,,NOT_APPLICABLE,,,,NOT_APPLICABLE,,,NOT_APPLICABLE,True,4566.9,Pfizer,Pfizer Limited,10,,,,
CA0441,441,2026-07-24,2026-07-24,ABBOTINDIA,ABBOTINDIA,ABBOTINDIA,EQ,Dividend - Rs 525 Per Share & Special Dividend Rs 131 Per Share,DIVIDEND - RS 525 PER SHARE & SPECIAL DIVIDEND RS 131 PER SHARE,DIVIDEND,CASH_DIVIDEND,LATER_INCLUDE_CASH_DIVIDEND_IN_TOTAL_RETURN,EQ_SERIES,False,True,False,True,SPECIAL_DIVIDEND_VERIFY_AND_AVOID_DOUBLE_COUNT,,AMBIGUOUS_MULTIPLE_AMOUNTS,,,,NOT_APPLICABLE,,,,NOT_APPLICABLE,,,NOT_APPLICABLE,True,28005.0,Abbott India,Abbott India Limited,10,,,,
CA0442,442,2026-07-24,2026-07-24,DIVISLAB,DIVISLAB,DIVISLAB,EQ,Dividend - Rs 30 Per Share,DIVIDEND - RS 30 PER SHARE,DIVIDEND,CASH_DIVIDEND,LATER_INCLUDE_CASH_DIVIDEND_IN_TOTAL_RETURN,EQ_SERIES,False,False,True,False,,30.0,PARSED,,,,NOT_APPLICABLE,,,,NOT_APPLICABLE,,,NOT_APPLICABLE,True,7248.5,Divi's Laboratories,Divi's Laboratories Limited,2,,,,
CA0443,443,2026-07-24,2026-07-24,ZYDUS,ZYDUSLIFE,ZYDUSLIFE,EQ,Dividend - Re 1 Per Share,DIVIDEND - RE 1 PER SHARE,DIVIDEND,CASH_DIVIDEND,LATER_INCLUDE_CASH_DIVIDEND_IN_TOTAL_RETURN,EQ_SERIES,False,False,True,False,,1.0,PARSED,,,,NOT_APPLICABLE,,,,NOT_APPLICABLE,,,NOT_APPLICABLE,True,1108.7,Zydus Lifesciences,Zydus Lifesciences Limited,1,,,,
CA0444,444,2026-07-29,2026-07-29,APLLTD,APLLTD,APLLTD,EQ,Dividend - Rs 12 Per Share,DIVIDEND - RS 12 PER SHARE,DIVIDEND,CASH_DIVIDEND,LATER_INCLUDE_CASH_DIVIDEND_IN_TOTAL_RETURN,EQ_SERIES,False,False,True,False,,12.0,PARSED,,,,NOT_APPLICABLE,,,,NOT_APPLICABLE,,,NOT_APPLICABLE,True,811.95,Alembic Pharmaceuticals,Alembic Pharmaceuticals Limited,2,,,,
CA0445,445,2026-07-30,2026-07-30,GRANULES,GRANULES,GRANULES,EQ,Dividend - Rs 1.75 Per Share,DIVIDEND - RS 1.75 PER SHARE,DIVIDEND,CASH_DIVIDEND,LATER_INCLUDE_CASH_DIVIDEND_IN_TOTAL_RETURN,EQ_SERIES,False,False,True,False,,1.75,PARSED,,,,NOT_APPLICABLE,,,,NOT_APPLICABLE,,,NOT_APPLICABLE,True,833.95,Granules India,Granules India Limited,1,,,,
CA0446,446,2026-07-31,2026-07-31,STAR,STAR,STAR,EQ,Dividend - Rs 5 Per Share,DIVIDEND - RS 5 PER SHARE,DIVIDEND,CASH_DIVIDEND,LATER_INCLUDE_CASH_DIVIDEND_IN_TOTAL_RETURN,EQ_SERIES,False,False,True,False,,5.0,PARSED,,,,NOT_APPLICABLE,,,,NOT_APPLICABLE,,,NOT_APPLICABLE,True,1025.0,Strides Pharma Science,Strides Pharma Science Limited,10,,,,
