FORMATION_ANCHOR,FORMATION_START,FORMATION_DATE,TRADING_START,TRADING_END,BLOCK_TYPE,COMPANY_ID,SYMBOL_ON_FORMATION_DATE,MEMBERSHIP_SYMBOL,MEMBERSHIP_COMPANY,MEMBERSHIP_START,MEMBERSHIP_END,IN_NIFTY_PHARMA_AT_FORMATION,EXPECTED_MARKET_SESSIONS,AVAILABLE_OBSERVATIONS,COVERAGE_PCT,MAX_CONSECUTIVE_MISSING_SESSIONS,FIRST_AVAILABLE_DATE_IN_WINDOW,LAST_AVAILABLE_DATE_IN_WINDOW,FORMATION_DATE_PRICE_PRESENT,FORMATION_DATE_CLOSE,N_SEGMENTS_IN_FORMATION,SEGMENT_IDS_IN_FORMATION,STRUCTURAL_BREAK_ROWS_IN_FORMATION,SINGLE_SEGMENT_FLAG,MEDIAN_CLOSE,MIN_CLOSE,MEDIAN_DAILY_TRADED_VALUE,MEDIAN_DAILY_TRADED_VALUE_CR,P10_DAILY_TRADED_VALUE,P10_DAILY_TRADED_VALUE_CR,P25_DAILY_TRADED_VALUE,P25_DAILY_TRADED_VALUE_CR,AVERAGE_DAILY_TRADED_VALUE,AVERAGE_DAILY_TRADED_VALUE_CR,HISTORY_PASS,GAP_PASS,SEGMENT_PASS,PRICE_PASS,FORMATION_TRADABILITY_PASS,PRE_LIQUIDITY_ELIGIBLE,LIQUIDITY_THRESHOLD_RUPEES,LIQUIDITY_PASS,FNO_ELIGIBLE,FINAL_INVESTABLE,EXCLUSION_REASONS
2017-01-31,2016-02-01,2017-01-31,2017-02-01,2017-07-31,DEVELOPMENT,ABBOTINDIA,ABBOTINDIA,,,,,False,248,248,100.0,0,2016-02-01,2017-01-31,True,4401.7,1,ABBOTINDIA_SEG1,0,True,4689.95,4379.8,7454985.9,0.7454985900000001,2900934.6850000005,0.29009346850000006,4280403.05,0.42804030499999995,12422308.670362903,1.2422308670362903,True,True,True,True,True,False,,,,,NOT_INDEX_MEMBER_AT_FORMATION
2017-01-31,2016-02-01,2017-01-31,2017-02-01,2017-07-31,DEVELOPMENT,AJANTPHARM,AJANTPHARM,,,,,False,248,248,100.0,0,2016-02-01,2017-01-31,True,1704.25,1,AJANTPHARM_SEG1,0,True,1710.325,1234.05,200086884.825,20.0086884825,107485242.215,10.7485242215,135489931.8375,13.548993183750001,263228679.31572583,26.322867931572585,True,True,True,True,True,False,,,,,NOT_INDEX_MEMBER_AT_FORMATION
2017-01-31,2016-02-01,2017-01-31,2017-02-01,2017-07-31,DEVELOPMENT,ALKEM,ALKEM,,,,,False,248,248,100.0,0,2016-02-01,2017-01-31,True,1668.35,1,ALKEM_SEG1,0,True,1533.65,1186.45,52659870.575,5.2659870575,21175372.695,2.1175372695,32088692.037499998,3.20886920375,91273370.83387098,9.127337083387097,True,True,True,True,True,False,,,,,NOT_INDEX_MEMBER_AT_FORMATION
2017-01-31,2016-02-01,2017-01-31,2017-02-01,2017-07-31,DEVELOPMENT,APLLTD,APLLTD,,,,,False,248,248,100.0,0,2016-02-01,2017-01-31,True,560.25,1,APLLTD_SEG1,0,True,613.175,527.05,38755832.849999994,3.8755832849999994,15819685.735000001,1.5819685735000002,23989103.4125,2.39891034125,62264007.22137097,6.226400722137098,True,True,True,True,True,False,,,,,NOT_INDEX_MEMBER_AT_FORMATION
2017-01-31,2016-02-01,2017-01-31,2017-02-01,2017-07-31,DEVELOPMENT,AUROPHARMA,AUROPHARMA,AUROPHARMA,Aurobindo Pharma,2016-08-01,2018-04-01,True,248,248,100.0,0,2016-02-01,2017-01-31,True,681.8,1,AUROPHARMA_SEG1,0,True,751.775,588.85,1215170523.975,121.5170523975,746383222.83,74.63832228300001,937932827.375,93.7932827375,1575654262.1788306,157.56542621788307,True,True,True,True,True,True,,,,,
2017-01-31,2016-02-01,2017-01-31,2017-02-01,2017-07-31,DEVELOPMENT,BIOCON,BIOCON,,,,,False,248,248,100.0,0,2016-02-01,2017-01-31,True,1010.95,1,BIOCON_SEG1,0,True,825.45,443.1,552300247.3,55.23002473,206385376.38,20.638537638,342792327.6625,34.279232766250004,780496888.8070564,78.04968888070565,True,True,True,True,True,False,,,,,NOT_INDEX_MEMBER_AT_FORMATION
2017-01-31,2016-02-01,2017-01-31,2017-02-01,2017-07-31,DEVELOPMENT,CIPLA,CIPLA,CIPLA,Cipla,2016-08-01,2018-04-01,True,248,248,100.0,0,2016-02-01,2017-01-31,True,575.35,1,CIPLA_SEG1,0,True,539.95,464.9,689423475.175,68.9423475175,380654502.475,38.0654502475,504728451.52500004,50.47284515250001,900893704.2028226,90.08937042028225,True,True,True,True,True,True,,,,,
2017-01-31,2016-02-01,2017-01-31,2017-02-01,2017-07-31,DEVELOPMENT,DIVISLAB,DIVISLAB,DIVISLAB,Divi's Laboratories,2016-08-01,2018-04-01,True,248,248,100.0,0,2016-02-01,2017-01-31,True,700.1,1,DIVISLAB_SEG1,0,True,1123.275,673.3,396559328.04999995,39.65593280499999,208883316.58,20.888331658000002,283752499.5,28.37524995,714508305.1957661,71.45083051957661,True,True,True,True,True,True,,,,,
2017-01-31,2016-02-01,2017-01-31,2017-02-01,2017-07-31,DEVELOPMENT,DRREDDY,DRREDDY,DRREDDY,Dr. Reddy's Laboratories,2016-08-01,2018-04-01,True,248,248,100.0,0,2016-02-01,2017-01-31,True,3018.8,1,DRREDDY_SEG1,0,True,3089.55,2840.05,891030212.5999999,89.10302125999999,486263193.69500005,48.6263193695,661116057.7624999,66.11160577624999,1105094963.5215726,110.50949635215726,True,True,True,True,True,True,,,,,
2017-01-31,2016-02-01,2017-01-31,2017-02-01,2017-07-31,DEVELOPMENT,GLAND,,,,,,False,248,0,0.0,248,,,False,,0,,0,False,,,,,,,,,,,False,False,False,False,False,False,,,,,NOT_INDEX_MEMBER_AT_FORMATION;INSUFFICIENT_FORMATION_COVERAGE;EXCESSIVE_MISSING_SESSION_GAP;FORMATION_CROSSES_STRUCTURAL_SEGMENT;MEDIAN_PRICE_BELOW_FLOOR;NO_EQ_PRICE_ON_FORMATION_DATE
2017-01-31,2016-02-01,2017-01-31,2017-02-01,2017-07-31,DEVELOPMENT,GLAXO,GLAXO,GLAXO,GlaxoSmithKline Pharmaceuticals,2016-08-01,2018-04-01,True,248,248,100.0,0,2016-02-01,2017-01-31,True,2724.1,1,GLAXO_SEG1,0,True,3152.6000000000004,2610.1,18910513.075,1.8910513075,10106820.69,1.010682069,13190190.975,1.3190190975,31208494.43669355,3.120849443669355,True,True,True,True,True,True,,,,,
2017-01-31,2016-02-01,2017-01-31,2017-02-01,2017-07-31,DEVELOPMENT,GLENMARK,GLENMARK,GLENMARK,Glenmark Pharmaceuticals,2016-08-01,2018-04-01,True,248,248,100.0,0,2016-02-01,2017-01-31,True,893.85,1,GLENMARK_SEG1,0,True,856.375,691.85,414349685.35,41.434968535,226775216.26,22.677521626,298929156.6875,29.89291566875,486927641.20866936,48.69276412086694,True,True,True,True,True,True,,,,,
2017-01-31,2016-02-01,2017-01-31,2017-02-01,2017-07-31,DEVELOPMENT,GRANULES,GRANULES,,,,,False,248,248,100.0,0,2016-02-01,2017-01-31,True,113.3,1,GRANULES_SEG1,0,True,121.42500000000001,99.1,125538727.35,12.553872734999999,69383228.35,6.938322834999999,95523078.4375,9.55230784375,152074320.11290324,15.207432011290324,True,True,True,True,True,False,,,,,NOT_INDEX_MEMBER_AT_FORMATION
2017-01-31,2016-02-01,2017-01-31,2017-02-01,2017-07-31,DEVELOPMENT,IPCALAB,IPCALAB,,,,,False,248,248,100.0,0,2016-02-01,2017-01-31,True,534.8,1,IPCALAB_SEG1,0,True,541.2,407.4,62396611.475,6.239661147500001,22292952.56,2.229295256,38238932.9,3.82389329,130918945.74435483,13.091894574435482,True,True,True,True,True,False,,,,,NOT_INDEX_MEMBER_AT_FORMATION
2017-01-31,2016-02-01,2017-01-31,2017-02-01,2017-07-31,DEVELOPMENT,JBCHEPHARM,JBCHEPHARM,,,,,False,248,248,100.0,0,2016-02-01,2017-01-31,True,337.4,1,JBCHEPHARM_SEG1,0,True,275.025,235.85,16639991.5,1.66399915,7701981.775,0.7701981775000001,10403833.1375,1.0403833137499998,41184824.95120968,4.1184824951209675,True,True,True,True,True,False,,,,,NOT_INDEX_MEMBER_AT_FORMATION
2017-01-31,2016-02-01,2017-01-31,2017-02-01,2017-07-31,DEVELOPMENT,LAURUSLABS,LAURUSLABS,,,,,False,248,31,12.5,217,2016-12-19,2017-01-31,True,474.75,1,LAURUSLABS_SEG1,0,True,476.95,455.2,78395047.0,7.8395047,33395435.2,3.33954352,42507002.475,4.2507002475,459018831.1193547,45.901883111935476,False,False,True,True,True,False,,,,,NOT_INDEX_MEMBER_AT_FORMATION;INSUFFICIENT_FORMATION_COVERAGE;EXCESSIVE_MISSING_SESSION_GAP
2017-01-31,2016-02-01,2017-01-31,2017-02-01,2017-07-31,DEVELOPMENT,LUPIN,LUPIN,LUPIN,Lupin,2016-08-01,2018-04-01,True,248,248,100.0,0,2016-02-01,2017-01-31,True,1470.7,1,LUPIN_SEG1,0,True,1519.725,1398.25,1376594108.825,137.6594108825,720164953.74,72.016495374,947167594.0625,94.71675940625,2021168930.4300404,202.11689304300404,True,True,True,True,True,True,,,,,
2017-01-31,2016-02-01,2017-01-31,2017-02-01,2017-07-31,DEVELOPMENT,MANKIND,,,,,,False,248,0,0.0,248,,,False,,0,,0,False,,,,,,,,,,,False,False,False,False,False,False,,,,,NOT_INDEX_MEMBER_AT_FORMATION;INSUFFICIENT_FORMATION_COVERAGE;EXCESSIVE_MISSING_SESSION_GAP;FORMATION_CROSSES_STRUCTURAL_SEGMENT;MEDIAN_PRICE_BELOW_FLOOR;NO_EQ_PRICE_ON_FORMATION_DATE
2017-01-31,2016-02-01,2017-01-31,2017-02-01,2017-07-31,DEVELOPMENT,NATCOPHARM,NATCOPHARM,,,,,False,248,248,100.0,0,2016-02-01,2017-01-31,True,690.9,1,NATCOPHARM_SEG1,0,True,586.4749999999999,393.1,114776397.025,11.477639702500001,46420723.095000006,4.6420723095000005,68348718.0,6.8348718,178212786.8131048,17.82127868131048,True,True,True,True,True,False,,,,,NOT_INDEX_MEMBER_AT_FORMATION
2017-01-31,2016-02-01,2017-01-31,2017-02-01,2017-07-31,DEVELOPMENT,PEL,PEL,PEL,Piramal Enterprises,2016-08-01,2018-04-01,True,248,248,100.0,0,2016-02-01,2017-01-31,True,1687.7,1,PEL_SEG1,0,True,1532.8000000000002,868.35,173488905.875,17.3488905875,65993046.52,6.599304652000001,106485953.0375,10.64859530375,219320685.5080645,21.932068550806452,True,True,True,True,True,True,,,,,
2017-01-31,2016-02-01,2017-01-31,2017-02-01,2017-07-31,DEVELOPMENT,PFIZER,PFIZER,,,,,False,248,248,100.0,0,2016-02-01,2017-01-31,True,1780.1,1,PFIZER_SEG1,0,True,1858.375,1625.1,19322101.924999997,1.9322101924999997,9758551.755,0.9758551755000001,12759459.125,1.2759459125,36518810.95806451,3.651881095806451,True,True,True,True,True,False,,,,,NOT_INDEX_MEMBER_AT_FORMATION
2017-01-31,2016-02-01,2017-01-31,2017-02-01,2017-07-31,DEVELOPMENT,PPLPHARMA,,,,,,False,248,0,0.0,248,,,False,,0,,0,False,,,,,,,,,,,False,False,False,False,False,False,,,,,NOT_INDEX_MEMBER_AT_FORMATION;INSUFFICIENT_FORMATION_COVERAGE;EXCESSIVE_MISSING_SESSION_GAP;FORMATION_CROSSES_STRUCTURAL_SEGMENT;MEDIAN_PRICE_BELOW_FLOOR;NO_EQ_PRICE_ON_FORMATION_DATE
2017-01-31,2016-02-01,2017-01-31,2017-02-01,2017-07-31,DEVELOPMENT,SAILIFE,,,,,,False,248,0,0.0,248,,,False,,0,,0,False,,,,,,,,,,,False,False,False,False,False,False,,,,,NOT_INDEX_MEMBER_AT_FORMATION;INSUFFICIENT_FORMATION_COVERAGE;EXCESSIVE_MISSING_SESSION_GAP;FORMATION_CROSSES_STRUCTURAL_SEGMENT;MEDIAN_PRICE_BELOW_FLOOR;NO_EQ_PRICE_ON_FORMATION_DATE
2017-01-31,2016-02-01,2017-01-31,2017-02-01,2017-07-31,DEVELOPMENT,SANOFI,SANOFI,,,,,False,248,248,100.0,0,2016-02-01,2017-01-31,True,4111.9,1,SANOFI_SEG1,0,True,4281.825000000001,4011.4,16340704.024999999,1.6340704025,5113777.81,0.511377781,7647714.45,0.764771445,39789773.93407258,3.978977393407258,True,True,True,True,True,False,,,,,NOT_INDEX_MEMBER_AT_FORMATION
2017-01-31,2016-02-01,2017-01-31,2017-02-01,2017-07-31,DEVELOPMENT,STAR,STAR,,,,,False,248,248,100.0,0,2016-02-01,2017-01-31,True,1096.05,1,STAR_SEG1,0,True,1074.725,874.45,307384124.275,30.7384124275,172177576.6,17.21775766,220345191.6125,22.03451916125,423791025.66451615,42.379102566451614,True,True,True,True,True,False,,,,,NOT_INDEX_MEMBER_AT_FORMATION
2017-01-31,2016-02-01,2017-01-31,2017-02-01,2017-07-31,DEVELOPMENT,SUNPHARMA,SUNPHARMA,SUNPHARMA,Sun Pharmaceutical Industries,2016-08-01,2018-04-01,True,248,248,100.0,0,2016-02-01,2017-01-31,True,631.5,1,SUNPHARMA_SEG1,0,True,774.675,609.15,2047982736.65,204.798273665,1214578108.045,121.45781080450001,1607042197.425,160.7042197425,2519020936.432661,251.9020936432661,True,True,True,True,True,True,,,,,
2017-01-31,2016-02-01,2017-01-31,2017-02-01,2017-07-31,DEVELOPMENT,TORNTPHARM,TORNTPHARM,,,,,False,248,248,100.0,0,2016-02-01,2017-01-31,True,1299.95,1,TORNTPHARM_SEG1,0,True,1377.825,1227.0,175388805.125,17.5388805125,79566798.71000001,7.956679871,117122422.675,11.712242267499999,246124811.5610887,24.61248115610887,True,True,True,True,True,False,,,,,NOT_INDEX_MEMBER_AT_FORMATION
2017-01-31,2016-02-01,2017-01-31,2017-02-01,2017-07-31,DEVELOPMENT,WOCKPHARMA,WOCKPHARMA,,,,,False,248,248,100.0,0,2016-02-01,2017-01-31,True,647.4,1,WOCKPHARMA_SEG1,0,True,888.2,636.2,748201223.175,74.8201223175,384038587.53499997,38.403858753499996,496712522.8,49.671252280000004,1151779398.889516,115.17793988895161,True,True,True,True,True,False,,,,,NOT_INDEX_MEMBER_AT_FORMATION
2017-01-31,2016-02-01,2017-01-31,2017-02-01,2017-07-31,DEVELOPMENT,ZYDUS,CADILAHC,CADILAHC,Cadila Healthcare,2016-08-01,2018-04-01,True,248,248,100.0,0,2016-02-01,2017-01-31,True,350.55,1,ZYDUS_SEG1,0,True,356.125,306.35,238892614.575,23.889261457499998,118612777.43,11.861277743,166298611.3875,16.629861138749998,311631123.827621,31.163112382762097,True,True,True,True,True,True,,,,,
2017-07-31,2016-08-01,2017-07-31,2017-08-01,2018-01-31,DEVELOPMENT,ABBOTINDIA,ABBOTINDIA,,,,,False,248,248,100.0,0,2016-08-01,2017-07-31,True,4444.85,1,ABBOTINDIA_SEG1,0,True,4580.6,4022.5,9002419.5,0.90024195,3531081.575,0.3531081575,5827037.112500001,0.5827037112500001,23014539.910282258,2.3014539910282257,True,True,True,True,True,False,,,,,NOT_INDEX_MEMBER_AT_FORMATION
2017-07-31,2016-08-01,2017-07-31,2017-08-01,2018-01-31,DEVELOPMENT,AJANTPHARM,AJANTPHARM,,,,,False,248,248,100.0,0,2016-08-01,2017-07-31,True,1397.15,1,AJANTPHARM_SEG1,0,True,1767.85,1397.15,183975227.225,18.3975227225,88632134.09,8.863213409,125305211.9375,12.53052119375,256046449.875,25.6046449875,True,True,True,True,True,False,,,,,NOT_INDEX_MEMBER_AT_FORMATION
2017-07-31,2016-08-01,2017-07-31,2017-08-01,2018-01-31,DEVELOPMENT,ALKEM,ALKEM,,,,,False,248,248,100.0,0,2016-08-01,2017-07-31,True,1832.0,1,ALKEM_SEG1,0,True,1766.35,1493.35,49233043.849999994,4.923304385,21886289.455000002,2.1886289455,32875831.9125,3.28758319125,84008651.13608871,8.400865113608871,True,True,True,True,True,False,,,,,NOT_INDEX_MEMBER_AT_FORMATION
2017-07-31,2016-08-01,2017-07-31,2017-08-01,2018-01-31,DEVELOPMENT,APLLTD,APLLTD,,,,,False,248,248,100.0,0,2016-08-01,2017-07-31,True,530.4,1,APLLTD_SEG1,0,True,607.9,504.25,29274927.825000003,2.9274927825000003,12189544.07,1.218954407,18423495.1625,1.84234951625,43299118.64415322,4.3299118644153225,True,True,True,True,True,False,,,,,NOT_INDEX_MEMBER_AT_FORMATION
2017-07-31,2016-08-01,2017-07-31,2017-08-01,2018-01-31,DEVELOPMENT,AUROPHARMA,AUROPHARMA,AUROPHARMA,Aurobindo Pharma,2016-08-01,2018-04-01,True,248,248,100.0,0,2016-08-01,2017-07-31,True,718.6,1,AUROPHARMA_SEG1,0,True,696.8499999999999,512.4,1313348027.325,131.3348027325,731175676.69,73.11756766900001,963042665.975,96.3042665975,1746984506.5868955,174.69845065868955,True,True,True,True,True,True,,,,,
2017-07-31,2016-08-01,2017-07-31,2017-08-01,2018-01-31,DEVELOPMENT,BIOCON,BIOCON,,,,,False,248,248,100.0,0,2016-08-01,2017-07-31,True,384.7,1,BIOCON_SEG1,0,True,948.0,322.05,663124687.95,66.312468795,289732569.94500005,28.973256994500005,428059700.375,42.8059700375,967862008.4675404,96.78620084675404,True,True,True,True,True,False,,,,,NOT_INDEX_MEMBER_AT_FORMATION
2017-07-31,2016-08-01,2017-07-31,2017-08-01,2018-01-31,DEVELOPMENT,CIPLA,CIPLA,CIPLA,Cipla,2016-08-01,2018-04-01,True,248,248,100.0,0,2016-08-01,2017-07-31,True,560.1,1,CIPLA_SEG1,0,True,570.325,488.9,583161868.875,58.3161868875,344155640.475,34.415564047500006,448050146.5625,44.80501465625,730407583.3747984,73.04075833747984,True,True,True,True,True,True,,,,,
2017-07-31,2016-08-01,2017-07-31,2017-08-01,2018-01-31,DEVELOPMENT,DIVISLAB,DIVISLAB,DIVISLAB,Divi's Laboratories,2016-08-01,2018-04-01,True,248,248,100.0,0,2016-08-01,2017-07-31,True,672.9,1,DIVISLAB_SEG1,0,True,756.175,545.3,559050846.85,55.905084685000006,251399265.1,25.13992651,354934525.175,35.4934525175,1031541559.4877015,103.15415594877015,True,True,True,True,True,True,,,,,
2017-07-31,2016-08-01,2017-07-31,2017-08-01,2018-01-31,DEVELOPMENT,DRREDDY,DRREDDY,DRREDDY,Dr. Reddy's Laboratories,2016-08-01,2018-04-01,True,248,248,100.0,0,2016-08-01,2017-07-31,True,2383.2,1,DRREDDY_SEG1,0,True,2976.95,2383.2,755158151.75,75.515815175,370996100.88,37.099610088,527125988.35,52.712598835,984981932.6520162,98.49819326520162,True,True,True,True,True,True,,,,,
2017-07-31,2016-08-01,2017-07-31,2017-08-01,2018-01-31,DEVELOPMENT,GLAND,,,,,,False,248,0,0.0,248,,,False,,0,,0,False,,,,,,,,,,,False,False,False,False,False,False,,,,,NOT_INDEX_MEMBER_AT_FORMATION;INSUFFICIENT_FORMATION_COVERAGE;EXCESSIVE_MISSING_SESSION_GAP;FORMATION_CROSSES_STRUCTURAL_SEGMENT;MEDIAN_PRICE_BELOW_FLOOR;NO_EQ_PRICE_ON_FORMATION_DATE
2017-07-31,2016-08-01,2017-07-31,2017-08-01,2018-01-31,DEVELOPMENT,GLAXO,GLAXO,GLAXO,GlaxoSmithKline Pharmaceuticals,2016-08-01,2018-04-01,True,248,248,100.0,0,2016-08-01,2017-07-31,True,2400.95,1,GLAXO_SEG1,0,True,2718.55,2330.55,20486157.424999997,2.0486157424999996,11477218.535,1.1477218535,15351078.237499999,1.53510782375,32644948.009879034,3.2644948009879036,True,True,True,True,True,True,,,,,
2017-07-31,2016-08-01,2017-07-31,2017-08-01,2018-01-31,DEVELOPMENT,GLENMARK,GLENMARK,GLENMARK,Glenmark Pharmaceuticals,2016-08-01,2018-04-01,True,248,248,100.0,0,2016-08-01,2017-07-31,True,697.05,1,GLENMARK_SEG1,0,True,886.05,610.45,423254978.3,42.32549783,221515915.34,22.151591534,313020750.9125,31.302075091250003,646632782.1205645,64.66327821205644,True,True,True,True,True,True,,,,,
2017-07-31,2016-08-01,2017-07-31,2017-08-01,2018-01-31,DEVELOPMENT,GRANULES,GRANULES,,,,,False,248,248,100.0,0,2016-08-01,2017-07-31,True,136.2,1,GRANULES_SEG1,0,True,128.925,99.1,146094897.7,14.609489769999998,75203170.635,7.5203170635,107212874.88749999,10.721287488749999,195719356.0770161,19.571935607701608,True,True,True,True,True,False,,,,,NOT_INDEX_MEMBER_AT_FORMATION
2017-07-31,2016-08-01,2017-07-31,2017-08-01,2018-01-31,DEVELOPMENT,IPCALAB,IPCALAB,,,,,False,248,248,100.0,0,2016-08-01,2017-07-31,True,478.6,1,IPCALAB_SEG1,0,True,544.675,467.6,49825528.7,4.98255287,19216327.890000004,1.9216327890000005,30046048.4375,3.00460484375,100238314.96774194,10.023831496774193,True,True,True,True,True,False,,,,,NOT_INDEX_MEMBER_AT_FORMATION
2017-07-31,2016-08-01,2017-07-31,2017-08-01,2018-01-31,DEVELOPMENT,JBCHEPHARM,JBCHEPHARM,,,,,False,248,248,100.0,0,2016-08-01,2017-07-31,True,309.9,1,JBCHEPHARM_SEG1,0,True,338.95,264.6,16873297.5,1.68732975,7285433.610000001,0.7285433610000002,10588912.7,1.05889127,40591908.81512097,4.059190881512097,True,True,True,True,True,False,,,,,NOT_INDEX_MEMBER_AT_FORMATION
2017-07-31,2016-08-01,2017-07-31,2017-08-01,2018-01-31,DEVELOPMENT,LAURUSLABS,LAURUSLABS,,,,,False,248,154,62.096774193548384,94,2016-12-19,2017-07-31,True,580.7,1,LAURUSLABS_SEG1,0,True,520.925,455.2,66990643.8,6.699064379999999,29695877.535,2.9695877535,40114172.537499994,4.0114172537499995,179800518.32987013,17.980051832987012,False,False,True,True,True,False,,,,,NOT_INDEX_MEMBER_AT_FORMATION;INSUFFICIENT_FORMATION_COVERAGE;EXCESSIVE_MISSING_SESSION_GAP
2017-07-31,2016-08-01,2017-07-31,2017-08-01,2018-01-31,DEVELOPMENT,LUPIN,LUPIN,LUPIN,Lupin,2016-08-01,2018-04-01,True,248,248,100.0,0,2016-08-01,2017-07-31,True,1032.0,1,LUPIN_SEG1,0,True,1464.9250000000002,1032.0,1253758509.6999998,125.37585096999999,672023363.08,67.202336308,879510726.7625,87.95107267625,1612058365.7671373,161.20583657671372,True,True,True,True,True,True,,,,,
2017-07-31,2016-08-01,2017-07-31,2017-08-01,2018-01-31,DEVELOPMENT,MANKIND,,,,,,False,248,0,0.0,248,,,False,,0,,0,False,,,,,,,,,,,False,False,False,False,False,False,,,,,NOT_INDEX_MEMBER_AT_FORMATION;INSUFFICIENT_FORMATION_COVERAGE;EXCESSIVE_MISSING_SESSION_GAP;FORMATION_CROSSES_STRUCTURAL_SEGMENT;MEDIAN_PRICE_BELOW_FLOOR;NO_EQ_PRICE_ON_FORMATION_DATE
2017-07-31,2016-08-01,2017-07-31,2017-08-01,2018-01-31,DEVELOPMENT,NATCOPHARM,NATCOPHARM,,,,,False,248,248,100.0,0,2016-08-01,2017-07-31,True,972.85,1,NATCOPHARM_SEG1,0,True,687.2,564.85,176857187.02499998,17.685718702499997,66660806.730000004,6.666080673000001,99691072.4625,9.969107246250001,233487604.69092745,23.348760469092745,True,True,True,True,True,False,,,,,NOT_INDEX_MEMBER_AT_FORMATION
2017-07-31,2016-08-01,2017-07-31,2017-08-01,2018-01-31,DEVELOPMENT,PEL,PEL,PEL,Piramal Enterprises,2016-08-01,2018-04-01,True,248,248,100.0,0,2016-08-01,2017-07-31,True,2952.5,1,PEL_SEG1,0,True,1867.875,1401.75,246266598.975,24.626659897499998,100941551.75,10.094155175,160713695.0625,16.07136950625,361555068.9969758,36.15550689969758,True,True,True,True,True,True,,,,,
2017-07-31,2016-08-01,2017-07-31,2017-08-01,2018-01-31,DEVELOPMENT,PFIZER,PFIZER,,,,,False,248,248,100.0,0,2016-08-01,2017-07-31,True,1782.6,1,PFIZER_SEG1,0,True,1804.1,1647.9,16583776.399999999,1.6583776399999999,8860572.955,0.8860572955,11355972.9,1.13559729,26493137.396169353,2.6493137396169355,True,True,True,True,True,False,,,,,NOT_INDEX_MEMBER_AT_FORMATION
2017-07-31,2016-08-01,2017-07-31,2017-08-01,2018-01-31,DEVELOPMENT,PPLPHARMA,,,,,,False,248,0,0.0,248,,,False,,0,,0,False,,,,,,,,,,,False,False,False,False,False,False,,,,,NOT_INDEX_MEMBER_AT_FORMATION;INSUFFICIENT_FORMATION_COVERAGE;EXCESSIVE_MISSING_SESSION_GAP;FORMATION_CROSSES_STRUCTURAL_SEGMENT;MEDIAN_PRICE_BELOW_FLOOR;NO_EQ_PRICE_ON_FORMATION_DATE
2017-07-31,2016-08-01,2017-07-31,2017-08-01,2018-01-31,DEVELOPMENT,SAILIFE,,,,,,False,248,0,0.0,248,,,False,,0,,0,False,,,,,,,,,,,False,False,False,False,False,False,,,,,NOT_INDEX_MEMBER_AT_FORMATION;INSUFFICIENT_FORMATION_COVERAGE;EXCESSIVE_MISSING_SESSION_GAP;FORMATION_CROSSES_STRUCTURAL_SEGMENT;MEDIAN_PRICE_BELOW_FLOOR;NO_EQ_PRICE_ON_FORMATION_DATE
2017-07-31,2016-08-01,2017-07-31,2017-08-01,2018-01-31,DEVELOPMENT,SANOFI,SANOFI,,,,,False,248,248,100.0,0,2016-08-01,2017-07-31,True,4304.5,1,SANOFI_SEG1,0,True,4241.275,4015.4,16509203.125,1.6509203125,4359848.105,0.43598481050000004,7209163.6625,0.72091636625,33222670.47258065,3.322267047258065,True,True,True,True,True,False,,,,,NOT_INDEX_MEMBER_AT_FORMATION
2017-07-31,2016-08-01,2017-07-31,2017-08-01,2018-01-31,DEVELOPMENT,STAR,STAR,,,,,False,248,248,100.0,0,2016-08-01,2017-07-31,True,1058.9,1,STAR_SEG1,0,True,1064.4499999999998,879.2,262335729.0,26.2335729,142756400.95,14.275640094999998,181944903.1875,18.19449031875,375310458.71370965,37.531045871370964,True,True,True,True,True,False,,,,,NOT_INDEX_MEMBER_AT_FORMATION
2017-07-31,2016-08-01,2017-07-31,2017-08-01,2018-01-31,DEVELOPMENT,SUNPHARMA,SUNPHARMA,SUNPHARMA,Sun Pharmaceutical Industries,2016-08-01,2018-04-01,True,248,248,100.0,0,2016-08-01,2017-07-31,True,531.65,1,SUNPHARMA_SEG1,0,True,667.575,501.6,1959110018.85,195.911001885,1078579859.975,107.8579859975,1397407759.1625,139.74077591625,2504216139.330242,250.42161393302422,True,True,True,True,True,True,,,,,
2017-07-31,2016-08-01,2017-07-31,2017-08-01,2018-01-31,DEVELOPMENT,TORNTPHARM,TORNTPHARM,,,,,False,248,248,100.0,0,2016-08-01,2017-07-31,True,1318.05,1,TORNTPHARM_SEG1,0,True,1339.4,1165.55,182871868.8,18.28718688,82913298.565,8.291329856499999,116444934.6125,11.644493461249999,251780579.38467747,25.178057938467745,True,True,True,True,True,False,,,,,NOT_INDEX_MEMBER_AT_FORMATION
2017-07-31,2016-08-01,2017-07-31,2017-08-01,2018-01-31,DEVELOPMENT,WOCKPHARMA,WOCKPHARMA,,,,,False,248,248,100.0,0,2016-08-01,2017-07-31,True,607.0,1,WOCKPHARMA_SEG1,0,True,705.975,558.4,573472348.625,57.3472348625,282872500.01000005,28.287250001000004,400633993.73749995,40.063399373749995,875853531.6280242,87.58535316280242,True,True,True,True,True,False,,,,,NOT_INDEX_MEMBER_AT_FORMATION
2017-07-31,2016-08-01,2017-07-31,2017-08-01,2018-01-31,DEVELOPMENT,ZYDUS,CADILAHC,CADILAHC,Cadila Healthcare,2016-08-01,2018-04-01,True,248,248,100.0,0,2016-08-01,2017-07-31,True,543.65,1,ZYDUS_SEG1,0,True,397.70000000000005,336.85,295638535.95000005,29.563853595000005,137591357.52500004,13.759135752500004,187198050.4875,18.71980504875,459923708.73346776,45.99237087334678,True,True,True,True,True,True,,,,,
2018-01-31,2017-02-01,2018-01-31,2018-02-01,2018-07-31,DEVELOPMENT,ABBOTINDIA,ABBOTINDIA,,,,,False,249,249,100.0,0,2017-02-01,2018-01-31,True,5625.05,1,ABBOTINDIA_SEG1,0,True,4430.4,4022.5,11226198.2,1.12261982,3738841.5100000002,0.373884151,6900949.25,0.690094925,31091264.46506024,3.109126446506024,True,True,True,True,True,False,,,,,NOT_INDEX_MEMBER_AT_FORMATION
2018-01-31,2017-02-01,2018-01-31,2018-02-01,2018-07-31,DEVELOPMENT,AJANTPHARM,AJANTPHARM,,,,,False,249,249,100.0,0,2017-02-01,2018-01-31,True,1451.55,1,AJANTPHARM_SEG1,0,True,1493.65,1130.9,199480416.25,19.948041625,88123813.42,8.812381342,131254241.65,13.125424165,276458530.4196787,27.645853041967868,True,True,True,True,True,False,,,,,NOT_INDEX_MEMBER_AT_FORMATION
2018-01-31,2017-02-01,2018-01-31,2018-02-01,2018-07-31,DEVELOPMENT,ALKEM,ALKEM,,,,,False,249,249,100.0,0,2017-02-01,2018-01-31,True,2198.75,1,ALKEM_SEG1,0,True,1916.1,1694.75,49424913.15,4.942491315,25018954.22,2.501895422,33931423.3,3.39314233,79384776.22670683,7.938477622670684,True,True,True,True,True,False,,,,,NOT_INDEX_MEMBER_AT_FORMATION
2018-01-31,2017-02-01,2018-01-31,2018-02-01,2018-07-31,DEVELOPMENT,APLLTD,APLLTD,,,,,False,249,249,100.0,0,2017-02-01,2018-01-31,True,567.1,1,APLLTD_SEG1,0,True,532.55,480.75,20220734.2,2.02207342,9024125.06,0.902412506,13216233.15,1.321623315,38139235.10220884,3.8139235102208837,True,True,True,True,True,False,,,,,NOT_INDEX_MEMBER_AT_FORMATION
2018-01-31,2017-02-01,2018-01-31,2018-02-01,2018-07-31,DEVELOPMENT,AUROPHARMA,AUROPHARMA,AUROPHARMA,Aurobindo Pharma,2016-08-01,2018-04-01,True,249,249,100.0,0,2017-02-01,2018-01-31,True,629.55,1,AUROPHARMA_SEG1,0,True,683.4,512.4,1430877323.5,143.08773235,871939849.04,87.19398490399999,1067044134.75,106.704413475,1797233171.948996,179.7233171948996,True,True,True,True,True,True,,,,,
2018-01-31,2017-02-01,2018-01-31,2018-02-01,2018-07-31,DEVELOPMENT,BIOCON,BIOCON,,,,,False,249,249,100.0,0,2017-02-01,2018-01-31,True,614.9,1,BIOCON_SEG1,0,True,521.2,322.05,660223414.55,66.02234145499999,291295723.58000004,29.129572358000004,414903042.65,41.490304265,1177734974.5475903,117.77349745475902,True,True,True,True,True,False,,,,,NOT_INDEX_MEMBER_AT_FORMATION
2018-01-31,2017-02-01,2018-01-31,2018-02-01,2018-07-31,DEVELOPMENT,CIPLA,CIPLA,CIPLA,Cipla,2016-08-01,2018-04-01,True,249,249,100.0,0,2017-02-01,2018-01-31,True,592.15,1,CIPLA_SEG1,0,True,583.7,488.9,614979516.2,61.49795162,361549993.77,36.154999376999996,448972330.4,44.897233039999996,758813522.8126506,75.88135228126505,True,True,True,True,True,True,,,,,
2018-01-31,2017-02-01,2018-01-31,2018-02-01,2018-07-31,DEVELOPMENT,DIVISLAB,DIVISLAB,DIVISLAB,Divi's Laboratories,2016-08-01,2018-04-01,True,249,249,100.0,0,2017-02-01,2018-01-31,True,1039.4,1,DIVISLAB_SEG1,0,True,740.4,545.3,711532080.25,71.153208025,320912328.23,32.091232823,471710060.6,47.17100606,1442892623.115261,144.2892623115261,True,True,True,True,True,True,,,,,
2018-01-31,2017-02-01,2018-01-31,2018-02-01,2018-07-31,DEVELOPMENT,DRREDDY,DRREDDY,DRREDDY,Dr. Reddy's Laboratories,2016-08-01,2018-04-01,True,249,249,100.0,0,2017-02-01,2018-01-31,True,2225.35,1,DRREDDY_SEG1,0,True,2481.35,1931.1,989145174.7,98.91451747,455561041.34,45.556104133999995,629436707.9,62.94367079,1435625820.4483936,143.56258204483936,True,True,True,True,True,True,,,,,
2018-01-31,2017-02-01,2018-01-31,2018-02-01,2018-07-31,DEVELOPMENT,GLAND,,,,,,False,249,0,0.0,249,,,False,,0,,0,False,,,,,,,,,,,False,False,False,False,False,False,,,,,NOT_INDEX_MEMBER_AT_FORMATION;INSUFFICIENT_FORMATION_COVERAGE;EXCESSIVE_MISSING_SESSION_GAP;FORMATION_CROSSES_STRUCTURAL_SEGMENT;MEDIAN_PRICE_BELOW_FLOOR;NO_EQ_PRICE_ON_FORMATION_DATE
2018-01-31,2017-02-01,2018-01-31,2018-02-01,2018-07-31,DEVELOPMENT,GLAXO,GLAXO,GLAXO,GlaxoSmithKline Pharmaceuticals,2016-08-01,2018-04-01,True,249,249,100.0,0,2017-02-01,2018-01-31,True,2460.6,1,GLAXO_SEG1,0,True,2469.75,2330.55,21639520.1,2.16395201,12382367.63,1.2382367630000002,16434869.25,1.643486925,25671009.406425703,2.5671009406425704,True,True,True,True,True,True,,,,,
2018-01-31,2017-02-01,2018-01-31,2018-02-01,2018-07-31,DEVELOPMENT,GLENMARK,GLENMARK,GLENMARK,Glenmark Pharmaceuticals,2016-08-01,2018-04-01,True,249,249,100.0,0,2017-02-01,2018-01-31,True,606.2,1,GLENMARK_SEG1,0,True,629.8,532.15,459757128.1,45.975712810000005,260817629.4,26.08176294,335459970.5,33.54599705,700909887.801807,70.09098878018071,True,True,True,True,True,True,,,,,
2018-01-31,2017-02-01,2018-01-31,2018-02-01,2018-07-31,DEVELOPMENT,GRANULES,GRANULES,,,,,False,249,249,100.0,0,2017-02-01,2018-01-31,True,132.25,1,GRANULES_SEG1,0,True,134.95,107.05,211536580.1,21.15365801,106065266.28,10.606526628,146786823.75,14.678682375,267288802.79257026,26.728880279257027,True,True,True,True,True,False,,,,,NOT_INDEX_MEMBER_AT_FORMATION
2018-01-31,2017-02-01,2018-01-31,2018-02-01,2018-07-31,DEVELOPMENT,IPCALAB,IPCALAB,,,,,False,249,249,100.0,0,2017-02-01,2018-01-31,True,574.5,1,IPCALAB_SEG1,0,True,527.95,408.8,71416190.65,7.141619065,22878590.75,2.287859075,35205082.5,3.52050825,133929969.13734941,13.392996913734942,True,True,True,True,True,False,,,,,NOT_INDEX_MEMBER_AT_FORMATION
2018-01-31,2017-02-01,2018-01-31,2018-02-01,2018-07-31,DEVELOPMENT,JBCHEPHARM,JBCHEPHARM,,,,,False,249,249,100.0,0,2017-02-01,2018-01-31,True,307.3,1,JBCHEPHARM_SEG1,0,True,324.0,262.0,16918243.9,1.6918243899999998,7005381.279999999,0.7005381279999999,10611263.35,1.061126335,30430047.882329315,3.0430047882329316,True,True,True,True,True,False,,,,,NOT_INDEX_MEMBER_AT_FORMATION
2018-01-31,2017-02-01,2018-01-31,2018-02-01,2018-07-31,DEVELOPMENT,LAURUSLABS,LAURUSLABS,,,,,False,249,249,100.0,0,2017-02-01,2018-01-31,True,516.6,1,LAURUSLABS_SEG1,0,True,539.6,474.0,49561808.4,4.95618084,21082230.0,2.108223,29383251.45,2.938325145,80142252.01586345,8.014225201586346,True,True,True,True,True,False,,,,,NOT_INDEX_MEMBER_AT_FORMATION
2018-01-31,2017-02-01,2018-01-31,2018-02-01,2018-07-31,DEVELOPMENT,LUPIN,LUPIN,LUPIN,Lupin,2016-08-01,2018-04-01,True,249,249,100.0,0,2017-02-01,2018-01-31,True,883.75,1,LUPIN_SEG1,0,True,1059.85,808.95,1408102113.9,140.81021139,676495459.99,67.649545999,994064892.3,99.40648922999999,1844549289.96747,184.454928996747,True,True,True,True,True,True,,,,,
2018-01-31,2017-02-01,2018-01-31,2018-02-01,2018-07-31,DEVELOPMENT,MANKIND,,,,,,False,249,0,0.0,249,,,False,,0,,0,False,,,,,,,,,,,False,False,False,False,False,False,,,,,NOT_INDEX_MEMBER_AT_FORMATION;INSUFFICIENT_FORMATION_COVERAGE;EXCESSIVE_MISSING_SESSION_GAP;FORMATION_CROSSES_STRUCTURAL_SEGMENT;MEDIAN_PRICE_BELOW_FLOOR;NO_EQ_PRICE_ON_FORMATION_DATE
2018-01-31,2017-02-01,2018-01-31,2018-02-01,2018-07-31,DEVELOPMENT,NATCOPHARM,NATCOPHARM,,,,,False,249,249,100.0,0,2017-02-01,2018-01-31,True,946.9,1,NATCOPHARM_SEG1,0,True,931.6,671.55,233967221.65,23.396722165,101165090.37,10.116509037,150891403.8,15.089140380000002,322148044.7819277,32.21480447819277,True,True,True,True,True,False,,,,,NOT_INDEX_MEMBER_AT_FORMATION
2018-01-31,2017-02-01,2018-01-31,2018-02-01,2018-07-31,DEVELOPMENT,PEL,PEL,PEL,Piramal Enterprises,2016-08-01,2018-04-01,True,249,249,100.0,0,2017-02-01,2018-01-31,True,2743.0,1,PEL_SEG1,0,True,2731.9,1674.9,404201945.9,40.420194589999994,158392879.46,15.839287946,247336464.4,24.73364644,495369847.37570274,49.53698473757027,True,True,True,True,True,True,,,,,
2018-01-31,2017-02-01,2018-01-31,2018-02-01,2018-07-31,DEVELOPMENT,PFIZER,PFIZER,,,,,False,249,249,100.0,0,2017-02-01,2018-01-31,True,2320.85,1,PFIZER_SEG1,0,True,1797.55,1647.9,23319783.0,2.3319783,9668568.5,0.96685685,13720369.7,1.37203697,37558719.03333333,3.755871903333333,True,True,True,True,True,False,,,,,NOT_INDEX_MEMBER_AT_FORMATION
2018-01-31,2017-02-01,2018-01-31,2018-02-01,2018-07-31,DEVELOPMENT,PPLPHARMA,,,,,,False,249,0,0.0,249,,,False,,0,,0,False,,,,,,,,,,,False,False,False,False,False,False,,,,,NOT_INDEX_MEMBER_AT_FORMATION;INSUFFICIENT_FORMATION_COVERAGE;EXCESSIVE_MISSING_SESSION_GAP;FORMATION_CROSSES_STRUCTURAL_SEGMENT;MEDIAN_PRICE_BELOW_FLOOR;NO_EQ_PRICE_ON_FORMATION_DATE
2018-01-31,2017-02-01,2018-01-31,2018-02-01,2018-07-31,DEVELOPMENT,SAILIFE,,,,,,False,249,0,0.0,249,,,False,,0,,0,False,,,,,,,,,,,False,False,False,False,False,False,,,,,NOT_INDEX_MEMBER_AT_FORMATION;INSUFFICIENT_FORMATION_COVERAGE;EXCESSIVE_MISSING_SESSION_GAP;FORMATION_CROSSES_STRUCTURAL_SEGMENT;MEDIAN_PRICE_BELOW_FLOOR;NO_EQ_PRICE_ON_FORMATION_DATE
2018-01-31,2017-02-01,2018-01-31,2018-02-01,2018-07-31,DEVELOPMENT,SANOFI,SANOFI,,,,,False,249,249,100.0,0,2017-02-01,2018-01-31,True,4971.45,1,SANOFI_SEG1,0,True,4215.65,3957.25,14487191.25,1.448719125,4402004.29,0.440200429,7093236.55,0.7093236549999999,33550853.561044175,3.3550853561044174,True,True,True,True,True,False,,,,,NOT_INDEX_MEMBER_AT_FORMATION
2018-01-31,2017-02-01,2018-01-31,2018-02-01,2018-07-31,DEVELOPMENT,STAR,STAR,,,,,False,249,249,100.0,0,2017-02-01,2018-01-31,True,763.0,1,STAR_SEG1,0,True,939.7,762.1,265981591.25,26.598159125,122275576.81,12.227557681,172585636.4,17.258563640000002,357607224.30240965,35.76072243024097,True,True,True,True,True,False,,,,,NOT_INDEX_MEMBER_AT_FORMATION
2018-01-31,2017-02-01,2018-01-31,2018-02-01,2018-07-31,DEVELOPMENT,SUNPHARMA,SUNPHARMA,SUNPHARMA,Sun Pharmaceutical Industries,2016-08-01,2018-04-01,True,249,249,100.0,0,2017-02-01,2018-01-31,True,579.9,1,SUNPHARMA_SEG1,0,True,551.25,450.0,2152027587.25,215.202758725,1126891969.15,112.68919691500001,1551796251.45,155.17962514500002,2574414006.551406,257.44140065514057,True,True,True,True,True,True,,,,,
2018-01-31,2017-02-01,2018-01-31,2018-02-01,2018-07-31,DEVELOPMENT,TORNTPHARM,TORNTPHARM,,,,,False,249,249,100.0,0,2017-02-01,2018-01-31,True,1362.4,1,TORNTPHARM_SEG1,0,True,1289.95,1165.55,176049371.0,17.6049371,83846536.47,8.384653647,113444542.7,11.34445427,234714016.71606424,23.471401671606426,True,True,True,True,True,False,,,,,NOT_INDEX_MEMBER_AT_FORMATION
2018-01-31,2017-02-01,2018-01-31,2018-02-01,2018-07-31,DEVELOPMENT,WOCKPHARMA,WOCKPHARMA,,,,,False,249,249,100.0,0,2017-02-01,2018-01-31,True,804.85,1,WOCKPHARMA_SEG1,0,True,677.65,538.05,615145018.3,61.51450182999999,255956394.42,25.595639442,385005362.7,38.50053627,995047522.6522087,99.50475226522087,True,True,True,True,True,False,,,,,NOT_INDEX_MEMBER_AT_FORMATION
2018-01-31,2017-02-01,2018-01-31,2018-02-01,2018-07-31,DEVELOPMENT,ZYDUS,CADILAHC,CADILAHC,Cadila Healthcare,2016-08-01,2018-04-01,True,249,249,100.0,0,2017-02-01,2018-01-31,True,425.8,1,ZYDUS_SEG1,0,True,459.05,352.05,401822987.8,40.18229878,200940872.7,20.09408727,265141330.65,26.514133065,550230528.423494,55.0230528423494,True,True,True,True,True,True,,,,,
2018-07-31,2017-08-01,2018-07-31,2018-08-01,2019-01-31,DEVELOPMENT,ABBOTINDIA,ABBOTINDIA,,,,,False,250,250,100.0,0,2017-08-01,2018-07-31,True,7666.8,1,ABBOTINDIA_SEG1,0,True,5515.6,4076.05,18150379.85,1.8150379850000002,4861226.775,0.48612267750000004,9294617.825,0.9294617824999999,39739942.7534,3.97399427534,True,True,True,True,True,False,,,,,NOT_INDEX_MEMBER_AT_FORMATION
2018-07-31,2017-08-01,2018-07-31,2018-08-01,2019-01-31,DEVELOPMENT,AJANTPHARM,AJANTPHARM,,,,,False,250,250,100.0,0,2017-08-01,2018-07-31,True,1138.2,1,AJANTPHARM_SEG1,0,True,1237.475,911.6,271949711.525,27.1949711525,134867775.625,13.4867775625,190246455.78750002,19.024645578750004,364595830.742,36.4595830742,True,True,True,True,True,False,,,,,NOT_INDEX_MEMBER_AT_FORMATION
2018-07-31,2017-08-01,2018-07-31,2018-08-01,2019-01-31,DEVELOPMENT,ALKEM,ALKEM,,,,,False,250,250,100.0,0,2017-08-01,2018-07-31,True,2119.05,1,ALKEM_SEG1,0,True,1958.575,1705.75,44107463.325,4.4107463325000005,18617427.455000002,1.8617427455000002,27624327.7375,2.76243277375,72604013.86760001,7.260401386760001,True,True,True,True,True,False,,,,,NOT_INDEX_MEMBER_AT_FORMATION
2018-07-31,2017-08-01,2018-07-31,2018-08-01,2019-01-31,DEVELOPMENT,APLLTD,APLLTD,,,,,False,250,250,100.0,0,2017-08-01,2018-07-31,True,559.8,1,APLLTD_SEG1,0,True,517.1500000000001,418.15,16091022.45,1.6091022449999999,6462562.305,0.6462562304999999,10255726.225,1.0255726225,45184140.0226,4.51841400226,True,True,True,True,True,False,,,,,NOT_INDEX_MEMBER_AT_FORMATION
2018-07-31,2017-08-01,2018-07-31,2018-08-01,2019-01-31,DEVELOPMENT,AUROPHARMA,AUROPHARMA,AUROPHARMA,Aurobindo Pharma,2018-04-02,2020-03-26,True,250,250,100.0,0,2017-08-01,2018-07-31,True,591.55,1,AUROPHARMA_SEG1,0,True,637.85,533.35,1286344087.35,128.634408735,796868850.9050001,79.68688509050001,1021459559.8,102.14595598,1565033765.4328003,156.50337654328004,True,True,True,True,True,True,,,,,
2018-07-31,2017-08-01,2018-07-31,2018-08-01,2019-01-31,DEVELOPMENT,BIOCON,BIOCON,BIOCON,Biocon,2018-04-02,2020-03-26,True,250,250,100.0,0,2017-08-01,2018-07-31,True,586.4,1,BIOCON_SEG1,0,True,573.1,327.35,948757842.075,94.8757842075,446752216.81,44.675221681000004,605685535.625,60.5685535625,1449027884.9698,144.90278849698,True,True,True,True,True,True,,,,,
2018-07-31,2017-08-01,2018-07-31,2018-08-01,2019-01-31,DEVELOPMENT,CIPLA,CIPLA,CIPLA,Cipla,2018-04-02,2020-03-26,True,250,250,100.0,0,2017-08-01,2018-07-31,True,641.35,1,CIPLA_SEG1,0,True,591.65,520.45,852641044.375,85.2641044375,436768763.555,43.6768763555,594077734.7624999,59.40777347624999,1086948121.6704001,108.69481216704001,True,True,True,True,True,True,,,,,
2018-07-31,2017-08-01,2018-07-31,2018-08-01,2019-01-31,DEVELOPMENT,DIVISLAB,DIVISLAB,DIVISLAB,Divi's Laboratories,2018-04-02,2020-03-26,True,250,250,100.0,0,2017-08-01,2018-07-31,True,1149.45,1,DIVISLAB_SEG1,0,True,1047.8249999999998,622.15,649295190.7750001,64.9295190775,300135582.02500004,30.013558202500004,444714439.58750004,44.47144395875,1265303569.0828,126.53035690828,True,True,True,True,True,True,,,,,
2018-07-31,2017-08-01,2018-07-31,2018-08-01,2019-01-31,DEVELOPMENT,DRREDDY,DRREDDY,DRREDDY,Dr. Reddy's Laboratories,2018-04-02,2020-03-26,True,250,250,100.0,0,2017-08-01,2018-07-31,True,2127.8,1,DRREDDY_SEG1,0,True,2210.2749999999996,1893.05,1210463812.425,121.04638124249999,593388804.62,59.338880462,799971551.0625,79.99715510625,1699726984.6298,169.97269846298002,True,True,True,True,True,True,,,,,
2018-07-31,2017-08-01,2018-07-31,2018-08-01,2019-01-31,DEVELOPMENT,GLAND,,,,,,False,250,0,0.0,250,,,False,,0,,0,False,,,,,,,,,,,False,False,False,False,False,False,,,,,NOT_INDEX_MEMBER_AT_FORMATION;INSUFFICIENT_FORMATION_COVERAGE;EXCESSIVE_MISSING_SESSION_GAP;FORMATION_CROSSES_STRUCTURAL_SEGMENT;MEDIAN_PRICE_BELOW_FLOOR;NO_EQ_PRICE_ON_FORMATION_DATE
2018-07-31,2017-08-01,2018-07-31,2018-08-01,2019-01-31,DEVELOPMENT,GLAXO,GLAXO,,,,,False,250,250,100.0,0,2017-08-01,2018-07-31,True,3188.9,1,GLAXO_SEG1,0,True,2448.125,2087.75,24268048.45,2.426804845,14338266.865,1.4338266865,18645277.5125,1.86452775125,32262385.157599997,3.2262385157599995,True,True,True,True,True,False,,,,,NOT_INDEX_MEMBER_AT_FORMATION
2018-07-31,2017-08-01,2018-07-31,2018-08-01,2019-01-31,DEVELOPMENT,GLENMARK,GLENMARK,GLENMARK,Glenmark Pharmaceuticals,2018-04-02,2020-03-26,True,250,250,100.0,0,2017-08-01,2018-07-31,True,581.75,1,GLENMARK_SEG1,0,True,581.425,500.6,450821177.975,45.082117797500004,259008881.38500002,25.9008881385,327179742.25,32.717974225,561738821.9367999,56.17388219367999,True,True,True,True,True,True,,,,,
2018-07-31,2017-08-01,2018-07-31,2018-08-01,2019-01-31,DEVELOPMENT,GRANULES,GRANULES,,,,,False,250,250,100.0,0,2017-08-01,2018-07-31,True,102.85,1,GRANULES_SEG1,0,True,118.15,72.8,228712391.60000002,22.871239160000002,105317501.29000002,10.531750129000002,155347622.45,15.534762245,295265442.767,29.5265442767,True,True,True,True,True,False,,,,,NOT_INDEX_MEMBER_AT_FORMATION
2018-07-31,2017-08-01,2018-07-31,2018-08-01,2019-01-31,DEVELOPMENT,IPCALAB,IPCALAB,,,,,False,250,250,100.0,0,2017-08-01,2018-07-31,True,759.65,1,IPCALAB_SEG1,0,True,595.175,408.8,85178817.5,8.51788175,30660909.505,3.0660909505,46516582.9,4.651658289999999,146906364.21559998,14.690636421559999,True,True,True,True,True,False,,,,,NOT_INDEX_MEMBER_AT_FORMATION
2018-07-31,2017-08-01,2018-07-31,2018-08-01,2019-01-31,DEVELOPMENT,JBCHEPHARM,JBCHEPHARM,,,,,False,250,250,100.0,0,2017-08-01,2018-07-31,True,273.3,1,JBCHEPHARM_SEG1,0,True,293.1,248.1,14754210.45,1.4754210449999998,5835710.57,0.583571057,8777257.95,0.8777257949999999,27967713.308599997,2.7967713308599995,True,True,True,True,True,False,,,,,NOT_INDEX_MEMBER_AT_FORMATION
2018-07-31,2017-08-01,2018-07-31,2018-08-01,2019-01-31,DEVELOPMENT,LAURUSLABS,LAURUSLABS,,,,,False,250,250,100.0,0,2017-08-01,2018-07-31,True,454.7,1,LAURUSLABS_SEG1,0,True,520.25,444.35,28781421.775,2.8781421775,8272130.295,0.8272130295,15908189.7625,1.59081897625,42426304.51139999,4.242630451139999,True,True,True,True,True,False,,,,,NOT_INDEX_MEMBER_AT_FORMATION
2018-07-31,2017-08-01,2018-07-31,2018-08-01,2019-01-31,DEVELOPMENT,LUPIN,LUPIN,LUPIN,Lupin,2018-04-02,2020-03-26,True,250,250,100.0,0,2017-08-01,2018-07-31,True,824.4,1,LUPIN_SEG1,0,True,850.95,734.5,1401364050.075,140.1364050075,685883787.2600001,68.58837872600002,906525336.6375,90.65253366375,1855791930.925,185.5791930925,True,True,True,True,True,True,,,,,
2018-07-31,2017-08-01,2018-07-31,2018-08-01,2019-01-31,DEVELOPMENT,MANKIND,,,,,,False,250,0,0.0,250,,,False,,0,,0,False,,,,,,,,,,,False,False,False,False,False,False,,,,,NOT_INDEX_MEMBER_AT_FORMATION;INSUFFICIENT_FORMATION_COVERAGE;EXCESSIVE_MISSING_SESSION_GAP;FORMATION_CROSSES_STRUCTURAL_SEGMENT;MEDIAN_PRICE_BELOW_FLOOR;NO_EQ_PRICE_ON_FORMATION_DATE
2018-07-31,2017-08-01,2018-07-31,2018-08-01,2019-01-31,DEVELOPMENT,NATCOPHARM,NATCOPHARM,,,,,False,250,250,100.0,0,2017-08-01,2018-07-31,True,781.45,1,NATCOPHARM_SEG1,0,True,803.6,695.75,194595042.77499998,19.4595042775,79588382.61,7.958838261,114632148.60000001,11.46321486,280877693.1432,28.08776931432,True,True,True,True,True,False,,,,,NOT_INDEX_MEMBER_AT_FORMATION
2018-07-31,2017-08-01,2018-07-31,2018-08-01,2019-01-31,DEVELOPMENT,PEL,PEL,PEL,Piramal Enterprises,2018-04-02,2020-03-26,True,250,250,100.0,0,2017-08-01,2018-07-31,True,2679.8,1,PEL_SEG1,0,True,2637.4,2297.45,426228782.95000005,42.62287829500001,222844724.115,22.2844724115,294637312.5625,29.46373125625,505373480.6112,50.53734806112,True,True,True,True,True,True,,,,,
2018-07-31,2017-08-01,2018-07-31,2018-08-01,2019-01-31,DEVELOPMENT,PFIZER,PFIZER,,,,,False,250,250,100.0,0,2017-08-01,2018-07-31,True,2672.45,1,PFIZER_SEG1,0,True,2113.8500000000004,1715.85,33947129.225,3.3947129225,14049403.195000002,1.4049403195000003,19676925.5875,1.9676925587499998,52276493.141799994,5.22764931418,True,True,True,True,True,False,,,,,NOT_INDEX_MEMBER_AT_FORMATION
2018-07-31,2017-08-01,2018-07-31,2018-08-01,2019-01-31,DEVELOPMENT,PPLPHARMA,,,,,,False,250,0,0.0,250,,,False,,0,,0,False,,,,,,,,,,,False,False,False,False,False,False,,,,,NOT_INDEX_MEMBER_AT_FORMATION;INSUFFICIENT_FORMATION_COVERAGE;EXCESSIVE_MISSING_SESSION_GAP;FORMATION_CROSSES_STRUCTURAL_SEGMENT;MEDIAN_PRICE_BELOW_FLOOR;NO_EQ_PRICE_ON_FORMATION_DATE
2018-07-31,2017-08-01,2018-07-31,2018-08-01,2019-01-31,DEVELOPMENT,SAILIFE,,,,,,False,250,0,0.0,250,,,False,,0,,0,False,,,,,,,,,,,False,False,False,False,False,False,,,,,NOT_INDEX_MEMBER_AT_FORMATION;INSUFFICIENT_FORMATION_COVERAGE;EXCESSIVE_MISSING_SESSION_GAP;FORMATION_CROSSES_STRUCTURAL_SEGMENT;MEDIAN_PRICE_BELOW_FLOOR;NO_EQ_PRICE_ON_FORMATION_DATE
2018-07-31,2017-08-01,2018-07-31,2018-08-01,2019-01-31,DEVELOPMENT,SANOFI,SANOFI,,,,,False,250,250,100.0,0,2017-08-01,2018-07-31,True,5958.6,1,SANOFI_SEG1,0,True,4793.174999999999,3957.25,22080141.575000003,2.2080141575000005,6051101.3549999995,0.6051101354999999,11193371.025,1.1193371025,47436187.2148,4.74361872148,True,True,True,True,True,False,,,,,NOT_INDEX_MEMBER_AT_FORMATION
2018-07-31,2017-08-01,2018-07-31,2018-08-01,2019-01-31,DEVELOPMENT,STAR,STAR,,,,,False,250,250,100.0,0,2017-08-01,2018-07-31,True,384.55,2,STAR_SEG1;STAR_SEG2,1,False,762.55,341.0,342384017.95,34.238401795,150801565.51999998,15.080156551999998,203861853.8625,20.386185386250002,717324508.3904,71.73245083904,True,True,False,True,True,False,,,,,NOT_INDEX_MEMBER_AT_FORMATION;FORMATION_CROSSES_STRUCTURAL_SEGMENT
2018-07-31,2017-08-01,2018-07-31,2018-08-01,2019-01-31,DEVELOPMENT,SUNPHARMA,SUNPHARMA,SUNPHARMA,Sun Pharmaceutical Industries,2018-04-02,2020-03-26,True,250,250,100.0,0,2017-08-01,2018-07-31,True,568.5,1,SUNPHARMA_SEG1,0,True,527.225,443.75,2308383556.325,230.83835563249997,1290802467.74,129.080246774,1733156146.325,173.3156146325,2997494708.1454,299.74947081454,True,True,True,True,True,True,,,,,
2018-07-31,2017-08-01,2018-07-31,2018-08-01,2019-01-31,DEVELOPMENT,TORNTPHARM,TORNTPHARM,,,,,False,250,250,100.0,0,2017-08-01,2018-07-31,True,1528.6,1,TORNTPHARM_SEG1,0,True,1338.975,1192.25,203650272.1,20.36502721,97321541.20500001,9.7321541205,133165292.425,13.3165292425,268319443.83720002,26.831944383720003,True,True,True,True,True,False,,,,,NOT_INDEX_MEMBER_AT_FORMATION
2018-07-31,2017-08-01,2018-07-31,2018-08-01,2019-01-31,DEVELOPMENT,WOCKPHARMA,WOCKPHARMA,,,,,False,250,250,100.0,0,2017-08-01,2018-07-31,True,588.2,1,WOCKPHARMA_SEG1,0,True,704.3,538.05,876326919.325,87.63269193250001,369753649.92,36.975364992,572257384.175,57.2257384175,1144596494.2352,114.45964942351999,True,True,True,True,True,False,,,,,NOT_INDEX_MEMBER_AT_FORMATION
2018-07-31,2017-08-01,2018-07-31,2018-08-01,2019-01-31,DEVELOPMENT,ZYDUS,CADILAHC,CADILAHC,Cadila Healthcare,2018-04-02,2020-03-26,True,250,250,100.0,0,2017-08-01,2018-07-31,True,381.45,1,ZYDUS_SEG1,0,True,417.025,343.05,378653263.775,37.8653263775,192726626.895,19.272662689500002,263396469.70000002,26.33964697,493222787.2102,49.32227872102,True,True,True,True,True,True,,,,,
2019-01-31,2018-02-01,2019-01-31,2019-02-01,2019-07-31,DEVELOPMENT,ABBOTINDIA,ABBOTINDIA,,,,,False,247,247,100.0,0,2018-02-01,2019-01-31,True,8070.1,1,ABBOTINDIA_SEG1,0,True,7266.2,5250.75,32115293.05,3.211529305,10400596.13,1.0400596130000002,16741126.0,1.6741126,53295233.460931174,5.329523346093118,True,True,True,True,True,False,,,,,NOT_INDEX_MEMBER_AT_FORMATION
2019-01-31,2018-02-01,2019-01-31,2019-02-01,2019-07-31,DEVELOPMENT,AJANTPHARM,AJANTPHARM,,,,,False,247,247,100.0,0,2018-02-01,2019-01-31,True,1020.65,1,AJANTPHARM_SEG1,0,True,1135.95,911.6,316644708.55,31.664470855,166776756.27,16.677675627000003,222527601.925,22.252760192500002,390436418.0263158,39.04364180263158,True,True,True,True,True,False,,,,,NOT_INDEX_MEMBER_AT_FORMATION
2019-01-31,2018-02-01,2019-01-31,2019-02-01,2019-07-31,DEVELOPMENT,ALKEM,ALKEM,,,,,False,247,247,100.0,0,2018-02-01,2019-01-31,True,1883.2,1,ALKEM_SEG1,0,True,1961.4,1745.45,46296446.5,4.62964465,17115052.13,1.711505213,24275302.1,2.42753021,89854084.16781375,8.985408416781375,True,True,True,True,True,False,,,,,NOT_INDEX_MEMBER_AT_FORMATION
2019-01-31,2018-02-01,2019-01-31,2019-02-01,2019-07-31,DEVELOPMENT,APLLTD,APLLTD,,,,,False,247,247,100.0,0,2018-02-01,2019-01-31,True,593.65,1,APLLTD_SEG1,0,True,561.3,418.15,20959072.15,2.095907215,7130852.95,0.7130852950000001,12027410.575,1.2027410575,48494278.26052631,4.849427826052631,True,True,True,True,True,False,,,,,NOT_INDEX_MEMBER_AT_FORMATION
2019-01-31,2018-02-01,2019-01-31,2019-02-01,2019-07-31,DEVELOPMENT,AUROPHARMA,AUROPHARMA,AUROPHARMA,Aurobindo Pharma,2018-04-02,2020-03-26,True,247,247,100.0,0,2018-02-01,2019-01-31,True,787.8,1,AUROPHARMA_SEG1,0,True,624.55,533.35,1572511157.3,157.25111573,830857624.24,83.085762424,1074634721.825,107.4634721825,1987904655.4348176,198.79046554348176,True,True,True,True,True,True,,,,,
2019-01-31,2018-02-01,2019-01-31,2019-02-01,2019-07-31,DEVELOPMENT,BIOCON,BIOCON,BIOCON,Biocon,2018-04-02,2020-03-26,True,247,247,100.0,0,2018-02-01,2019-01-31,True,648.3,1,BIOCON_SEG1,0,True,623.65,553.3,1161179450.65,116.11794506500001,652079064.92,65.20790649199999,858629900.075,85.8629900075,1482535777.681174,148.2535777681174,True,True,True,True,True,True,,,,,
2019-01-31,2018-02-01,2019-01-31,2019-02-01,2019-07-31,DEVELOPMENT,CIPLA,CIPLA,CIPLA,Cipla,2018-04-02,2020-03-26,True,247,247,100.0,0,2018-02-01,2019-01-31,True,517.3,1,CIPLA_SEG1,0,True,586.5,492.15,1098451899.2,109.84518992000001,619380611.7900001,61.93806117900001,833115694.025,83.3115694025,1402496263.0864372,140.2496263086437,True,True,True,True,True,True,,,,,
2019-01-31,2018-02-01,2019-01-31,2019-02-01,2019-07-31,DEVELOPMENT,DIVISLAB,DIVISLAB,DIVISLAB,Divi's Laboratories,2018-04-02,2020-03-26,True,247,247,100.0,0,2018-02-01,2019-01-31,True,1506.2,1,DIVISLAB_SEG1,0,True,1188.8,990.8,787596958.2,78.75969582,362479800.77,36.247980077,508566159.4,50.85661594,1092946838.3340082,109.29468383340082,True,True,True,True,True,True,,,,,
2019-01-31,2018-02-01,2019-01-31,2019-02-01,2019-07-31,DEVELOPMENT,DRREDDY,DRREDDY,DRREDDY,Dr. Reddy's Laboratories,2018-04-02,2020-03-26,True,247,247,100.0,0,2018-02-01,2019-01-31,True,2720.8,1,DRREDDY_SEG1,0,True,2316.4,1893.05,1554125804.75,155.412580475,683654641.06,68.36546410599999,1019643530.0,101.964353,1935430203.4734821,193.5430203473482,True,True,True,True,True,True,,,,,
2019-01-31,2018-02-01,2019-01-31,2019-02-01,2019-07-31,DEVELOPMENT,GLAND,,,,,,False,247,0,0.0,247,,,False,,0,,0,False,,,,,,,,,,,False,False,False,False,False,False,,,,,NOT_INDEX_MEMBER_AT_FORMATION;INSUFFICIENT_FORMATION_COVERAGE;EXCESSIVE_MISSING_SESSION_GAP;FORMATION_CROSSES_STRUCTURAL_SEGMENT;MEDIAN_PRICE_BELOW_FLOOR;NO_EQ_PRICE_ON_FORMATION_DATE
2019-01-31,2018-02-01,2019-01-31,2019-02-01,2019-07-31,DEVELOPMENT,GLAXO,GLAXO,,,,,False,247,247,100.0,0,2018-02-01,2019-01-31,True,1409.25,1,GLAXO_SEG1,0,True,2337.95,1280.7,23511345.9,2.35113459,13286749.42,1.328674942,17511719.225,1.7511719225000002,39451180.51396761,3.945118051396761,True,True,True,True,True,False,,,,,NOT_INDEX_MEMBER_AT_FORMATION
2019-01-31,2018-02-01,2019-01-31,2019-02-01,2019-07-31,DEVELOPMENT,GLENMARK,GLENMARK,GLENMARK,Glenmark Pharmaceuticals,2018-04-02,2020-03-26,True,247,247,100.0,0,2018-02-01,2019-01-31,True,651.65,1,GLENMARK_SEG1,0,True,590.15,500.6,471289254.95,47.128925495,269550370.65,26.955037065,345291439.57500005,34.529143957500004,577701980.7443318,57.77019807443318,True,True,True,True,True,True,,,,,
2019-01-31,2018-02-01,2019-01-31,2019-02-01,2019-07-31,DEVELOPMENT,GRANULES,GRANULES,,,,,False,247,247,100.0,0,2018-02-01,2019-01-31,True,91.35,1,GRANULES_SEG1,0,True,98.15,72.8,254398241.45,25.439824145,64575413.54000001,6.457541354000001,117157383.9,11.71573839,305896214.7159919,30.58962147159919,True,True,True,True,True,False,,,,,NOT_INDEX_MEMBER_AT_FORMATION
2019-01-31,2018-02-01,2019-01-31,2019-02-01,2019-07-31,DEVELOPMENT,IPCALAB,IPCALAB,,,,,False,247,247,100.0,0,2018-02-01,2019-01-31,True,769.45,1,IPCALAB_SEG1,0,True,712.9,555.1,78448778.55,7.844877855,32939406.7,3.29394067,47723689.45,4.772368945,132426380.38744938,13.24263803874494,True,True,True,True,True,False,,,,,NOT_INDEX_MEMBER_AT_FORMATION
2019-01-31,2018-02-01,2019-01-31,2019-02-01,2019-07-31,DEVELOPMENT,JBCHEPHARM,JBCHEPHARM,,,,,False,247,247,100.0,0,2018-02-01,2019-01-31,True,317.2,1,JBCHEPHARM_SEG1,0,True,302.15,248.1,10620461.85,1.062046185,4158042.83,0.415804283,5883575.525,0.5883575525,22853023.898582995,2.2853023898582996,True,True,True,True,True,False,,,,,NOT_INDEX_MEMBER_AT_FORMATION
2019-01-31,2018-02-01,2019-01-31,2019-02-01,2019-07-31,DEVELOPMENT,LAURUSLABS,LAURUSLABS,,,,,False,247,247,100.0,0,2018-02-01,2019-01-31,True,370.3,1,LAURUSLABS_SEG1,0,True,448.75,340.2,16123208.45,1.612320845,3858882.57,0.38588825699999996,7207493.2,0.72074932,31596386.315384623,3.159638631538462,True,True,True,True,True,False,,,,,NOT_INDEX_MEMBER_AT_FORMATION
2019-01-31,2018-02-01,2019-01-31,2019-02-01,2019-07-31,DEVELOPMENT,LUPIN,LUPIN,LUPIN,Lupin,2018-04-02,2020-03-26,True,247,247,100.0,0,2018-02-01,2019-01-31,True,875.7,1,LUPIN_SEG1,0,True,842.0,734.5,1588927024.6,158.89270245999998,732173499.32,73.217349932,990159549.125,99.0159549125,1996277051.5526319,199.6277051552632,True,True,True,True,True,True,,,,,
2019-01-31,2018-02-01,2019-01-31,2019-02-01,2019-07-31,DEVELOPMENT,MANKIND,,,,,,False,247,0,0.0,247,,,False,,0,,0,False,,,,,,,,,,,False,False,False,False,False,False,,,,,NOT_INDEX_MEMBER_AT_FORMATION;INSUFFICIENT_FORMATION_COVERAGE;EXCESSIVE_MISSING_SESSION_GAP;FORMATION_CROSSES_STRUCTURAL_SEGMENT;MEDIAN_PRICE_BELOW_FLOOR;NO_EQ_PRICE_ON_FORMATION_DATE
2019-01-31,2018-02-01,2019-01-31,2019-02-01,2019-07-31,DEVELOPMENT,NATCOPHARM,NATCOPHARM,,,,,False,247,247,100.0,0,2018-02-01,2019-01-31,True,692.4,1,NATCOPHARM_SEG1,0,True,773.6,655.2,133585485.95,13.358548595,64678409.83,6.467840982999999,87180484.225,8.718048422499999,188057015.72692308,18.805701572692307,True,True,True,True,True,False,,,,,NOT_INDEX_MEMBER_AT_FORMATION
2019-01-31,2018-02-01,2019-01-31,2019-02-01,2019-07-31,DEVELOPMENT,PEL,PEL,PEL,Piramal Enterprises,2018-04-02,2020-03-26,True,247,247,100.0,0,2018-02-01,2019-01-31,True,2032.45,1,PEL_SEG1,0,True,2452.65,1865.3,683291175.2,68.32911752000001,284963471.3,28.49634713,413087267.025,41.308726702499996,963510297.5390689,96.3510297539069,True,True,True,True,True,True,,,,,
2019-01-31,2018-02-01,2019-01-31,2019-02-01,2019-07-31,DEVELOPMENT,PFIZER,PFIZER,,,,,False,247,247,100.0,0,2018-02-01,2019-01-31,True,3037.15,1,PFIZER_SEG1,0,True,2663.8,2083.0,52141563.25,5.214156325,23783023.02,2.378302302,33578635.675,3.3578635675,112381961.85526314,11.238196185526315,True,True,True,True,True,False,,,,,NOT_INDEX_MEMBER_AT_FORMATION
2019-01-31,2018-02-01,2019-01-31,2019-02-01,2019-07-31,DEVELOPMENT,PPLPHARMA,,,,,,False,247,0,0.0,247,,,False,,0,,0,False,,,,,,,,,,,False,False,False,False,False,False,,,,,NOT_INDEX_MEMBER_AT_FORMATION;INSUFFICIENT_FORMATION_COVERAGE;EXCESSIVE_MISSING_SESSION_GAP;FORMATION_CROSSES_STRUCTURAL_SEGMENT;MEDIAN_PRICE_BELOW_FLOOR;NO_EQ_PRICE_ON_FORMATION_DATE
2019-01-31,2018-02-01,2019-01-31,2019-02-01,2019-07-31,DEVELOPMENT,SAILIFE,,,,,,False,247,0,0.0,247,,,False,,0,,0,False,,,,,,,,,,,False,False,False,False,False,False,,,,,NOT_INDEX_MEMBER_AT_FORMATION;INSUFFICIENT_FORMATION_COVERAGE;EXCESSIVE_MISSING_SESSION_GAP;FORMATION_CROSSES_STRUCTURAL_SEGMENT;MEDIAN_PRICE_BELOW_FLOOR;NO_EQ_PRICE_ON_FORMATION_DATE
2019-01-31,2018-02-01,2019-01-31,2019-02-01,2019-07-31,DEVELOPMENT,SANOFI,SANOFI,,,,,False,247,247,100.0,0,2018-02-01,2019-01-31,True,6464.65,1,SANOFI_SEG1,0,True,5760.85,4720.45,35367911.2,3.53679112,12053740.57,1.205374057,18989017.950000003,1.8989017950000002,61449866.594534405,6.144986659453441,True,True,True,True,True,False,,,,,NOT_INDEX_MEMBER_AT_FORMATION
2019-01-31,2018-02-01,2019-01-31,2019-02-01,2019-07-31,DEVELOPMENT,STAR,STAR,,,,,False,247,247,100.0,0,2018-02-01,2019-01-31,True,461.35,2,STAR_SEG1;STAR_SEG2,1,False,464.35,341.0,572362420.45,57.236242045000004,206482239.06,20.648223906000002,326234322.65,32.623432265,977745467.3485829,97.77454673485829,True,True,False,True,True,False,,,,,NOT_INDEX_MEMBER_AT_FORMATION;FORMATION_CROSSES_STRUCTURAL_SEGMENT
2019-01-31,2018-02-01,2019-01-31,2019-02-01,2019-07-31,DEVELOPMENT,SUNPHARMA,SUNPHARMA,SUNPHARMA,Sun Pharmaceutical Industries,2018-04-02,2020-03-26,True,247,247,100.0,0,2018-02-01,2019-01-31,True,423.45,1,SUNPHARMA_SEG1,0,True,535.4,390.75,2946070527.95,294.60705279499996,1469619006.58,146.961900658,2032111280.15,203.211128015,4372156856.87166,437.215685687166,True,True,True,True,True,True,,,,,
2019-01-31,2018-02-01,2019-01-31,2019-02-01,2019-07-31,DEVELOPMENT,TORNTPHARM,TORNTPHARM,,,,,False,247,247,100.0,0,2018-02-01,2019-01-31,True,1818.8,1,TORNTPHARM_SEG1,0,True,1523.05,1238.7,307221592.9,30.722159289999997,130576193.01,13.057619301,190519708.6,19.05197086,396368338.9912956,39.636833899129556,True,True,True,True,True,False,,,,,NOT_INDEX_MEMBER_AT_FORMATION
2019-01-31,2018-02-01,2019-01-31,2019-02-01,2019-07-31,DEVELOPMENT,WOCKPHARMA,WOCKPHARMA,,,,,False,247,247,100.0,0,2018-02-01,2019-01-31,True,441.45,1,WOCKPHARMA_SEG1,0,True,632.4,441.45,813804761.2,81.38047612000001,453139502.01,45.313950201,603048935.15,60.304893514999996,943075895.3771255,94.30758953771254,True,True,True,True,True,False,,,,,NOT_INDEX_MEMBER_AT_FORMATION
2019-01-31,2018-02-01,2019-01-31,2019-02-01,2019-07-31,DEVELOPMENT,ZYDUS,CADILAHC,CADILAHC,Cadila Healthcare,2018-04-02,2020-03-26,True,247,247,100.0,0,2018-02-01,2019-01-31,True,318.95,1,ZYDUS_SEG1,0,True,378.55,318.95,407545102.35,40.754510235000005,189234752.94,18.923475294,266600224.625,26.6600224625,577638316.388664,57.7638316388664,True,True,True,True,True,True,,,,,
2019-07-31,2018-08-01,2019-07-31,2019-08-01,2020-01-31,DEVELOPMENT,ABBOTINDIA,ABBOTINDIA,,,,,False,245,245,100.0,0,2018-08-01,2019-07-31,True,8363.6,1,ABBOTINDIA_SEG1,0,True,7644.75,6917.9,31125850.55,3.1125850550000003,11253724.690000001,1.1253724690000002,17570350.1,1.75703501,51245513.64938775,5.124551364938775,True,True,True,True,True,False,,,,,NOT_INDEX_MEMBER_AT_FORMATION
2019-07-31,2018-08-01,2019-07-31,2019-08-01,2020-01-31,DEVELOPMENT,AJANTPHARM,AJANTPHARM,,,,,False,245,245,100.0,0,2018-08-01,2019-07-31,True,881.85,1,AJANTPHARM_SEG1,0,True,1035.2,880.6,316033333.4,31.60333334,151443160.83,15.144316083000001,216292081.3,21.629208130000002,390171750.33142865,39.01717503314286,True,True,True,True,True,False,,,,,NOT_INDEX_MEMBER_AT_FORMATION
2019-07-31,2018-08-01,2019-07-31,2019-08-01,2020-01-31,DEVELOPMENT,ALKEM,ALKEM,,,,,False,245,245,100.0,0,2018-08-01,2019-07-31,True,1741.95,1,ALKEM_SEG1,0,True,1874.55,1669.0,49213746.85,4.921374685,15378273.840000002,1.537827384,24843520.65,2.484352065,90888068.37755102,9.088806837755103,True,True,True,True,True,False,,,,,NOT_INDEX_MEMBER_AT_FORMATION
2019-07-31,2018-08-01,2019-07-31,2019-08-01,2020-01-31,DEVELOPMENT,APLLTD,APLLTD,,,,,False,245,245,100.0,0,2018-08-01,2019-07-31,True,523.9,1,APLLTD_SEG1,0,True,561.05,460.65,19171307.15,1.9171307149999999,6880509.43,0.6880509429999999,10302449.8,1.03024498,34200617.662040815,3.4200617662040815,True,True,True,True,True,False,,,,,NOT_INDEX_MEMBER_AT_FORMATION
2019-07-31,2018-08-01,2019-07-31,2019-08-01,2020-01-31,DEVELOPMENT,AUROPHARMA,AUROPHARMA,AUROPHARMA,Aurobindo Pharma,2018-04-02,2020-03-26,True,245,245,100.0,0,2018-08-01,2019-07-31,True,571.25,1,AUROPHARMA_SEG1,0,True,743.5,548.35,1781987948.4,178.19879484,983774787.42,98.377478742,1244260500.3,124.42605003,2183687651.2059183,218.36876512059183,True,True,True,True,True,True,,,,,
2019-07-31,2018-08-01,2019-07-31,2019-08-01,2020-01-31,DEVELOPMENT,BIOCON,BIOCON,BIOCON,Biocon,2018-04-02,2020-03-26,True,245,245,100.0,0,2018-08-01,2019-07-31,True,226.55,1,BIOCON_SEG1,0,True,615.25,226.55,950996431.15,95.09964311499999,472268853.11,47.226885311000004,645168172.8,64.51681728,1177688211.60449,117.76882116044901,True,True,True,True,True,True,,,,,
2019-07-31,2018-08-01,2019-07-31,2019-08-01,2020-01-31,DEVELOPMENT,CIPLA,CIPLA,CIPLA,Cipla,2018-04-02,2020-03-26,True,245,245,100.0,0,2018-08-01,2019-07-31,True,521.1,1,CIPLA_SEG1,0,True,549.5,492.15,1067348624.65,106.73486246499999,624509963.59,62.450996359,816611408.6,81.66114086,1315247715.572449,131.5247715572449,True,True,True,True,True,True,,,,,
2019-07-31,2018-08-01,2019-07-31,2019-08-01,2020-01-31,DEVELOPMENT,DIVISLAB,DIVISLAB,DIVISLAB,Divi's Laboratories,2018-04-02,2020-03-26,True,245,245,100.0,0,2018-08-01,2019-07-31,True,1633.75,1,DIVISLAB_SEG1,0,True,1538.6,1114.95,1002811221.55,100.28112215499999,533503140.44,53.350314044,736576645.25,73.657664525,1278348472.6422448,127.83484726422448,True,True,True,True,True,True,,,,,
2019-07-31,2018-08-01,2019-07-31,2019-08-01,2020-01-31,DEVELOPMENT,DRREDDY,DRREDDY,DRREDDY,Dr. Reddy's Laboratories,2018-04-02,2020-03-26,True,245,245,100.0,0,2018-08-01,2019-07-31,True,2574.6,1,DRREDDY_SEG1,0,True,2607.05,2175.7,1772899318.05,177.289931805,1061446719.83,106.14467198300001,1315795738.7,131.57957387000002,2216106642.0340815,221.61066420340813,True,True,True,True,True,True,,,,,
2019-07-31,2018-08-01,2019-07-31,2019-08-01,2020-01-31,DEVELOPMENT,GLAND,,,,,,False,245,0,0.0,245,,,False,,0,,0,False,,,,,,,,,,,False,False,False,False,False,False,,,,,NOT_INDEX_MEMBER_AT_FORMATION;INSUFFICIENT_FORMATION_COVERAGE;EXCESSIVE_MISSING_SESSION_GAP;FORMATION_CROSSES_STRUCTURAL_SEGMENT;MEDIAN_PRICE_BELOW_FLOOR;NO_EQ_PRICE_ON_FORMATION_DATE
2019-07-31,2018-08-01,2019-07-31,2019-08-01,2020-01-31,DEVELOPMENT,GLAXO,GLAXO,,,,,False,245,245,100.0,0,2018-08-01,2019-07-31,True,1207.35,1,GLAXO_SEG1,0,True,1351.15,1140.05,20494261.6,2.0494261600000003,12014192.690000001,1.201419269,15365355.6,1.53653556,31938701.647959184,3.1938701647959182,True,True,True,True,True,False,,,,,NOT_INDEX_MEMBER_AT_FORMATION
2019-07-31,2018-08-01,2019-07-31,2019-08-01,2020-01-31,DEVELOPMENT,GLENMARK,GLENMARK,GLENMARK,Glenmark Pharmaceuticals,2018-04-02,2020-03-26,True,245,245,100.0,0,2018-08-01,2019-07-31,True,426.05,1,GLENMARK_SEG1,0,True,626.9,417.6,433683761.75,43.368376175,236409884.88,23.640988487999998,302232335.0,30.2232335,541684323.0840815,54.16843230840815,True,True,True,True,True,True,,,,,
2019-07-31,2018-08-01,2019-07-31,2019-08-01,2020-01-31,DEVELOPMENT,GRANULES,GRANULES,,,,,False,245,245,100.0,0,2018-08-01,2019-07-31,True,90.9,1,GRANULES_SEG1,0,True,98.65,81.6,92381511.45,9.238151145,31941977.130000003,3.1941977130000003,47743376.55,4.774337655,202351927.68857142,20.235192768857143,True,True,True,True,True,False,,,,,NOT_INDEX_MEMBER_AT_FORMATION
2019-07-31,2018-08-01,2019-07-31,2019-08-01,2020-01-31,DEVELOPMENT,IPCALAB,IPCALAB,,,,,False,245,245,100.0,0,2018-08-01,2019-07-31,True,955.8,1,IPCALAB_SEG1,0,True,796.1,615.55,89700107.6,8.97001076,34932137.8,3.4932137799999996,56971878.95,5.697187895,139019754.03836736,13.901975403836737,True,True,True,True,True,False,,,,,NOT_INDEX_MEMBER_AT_FORMATION
2019-07-31,2018-08-01,2019-07-31,2019-08-01,2020-01-31,DEVELOPMENT,JBCHEPHARM,JBCHEPHARM,,,,,False,245,245,100.0,0,2018-08-01,2019-07-31,True,370.75,1,JBCHEPHARM_SEG1,0,True,324.75,270.05,11553634.5,1.15536345,4153044.27,0.415304427,6315385.55,0.631538555,24820540.954489794,2.482054095448979,True,True,True,True,True,False,,,,,NOT_INDEX_MEMBER_AT_FORMATION
2019-07-31,2018-08-01,2019-07-31,2019-08-01,2020-01-31,DEVELOPMENT,LAURUSLABS,LAURUSLABS,,,,,False,245,245,100.0,0,2018-08-01,2019-07-31,True,335.9,1,LAURUSLABS_SEG1,0,True,378.25,327.4,11151511.45,1.115151145,3279460.8400000003,0.327946084,5252459.95,0.525245995,31512780.933061223,3.1512780933061224,True,True,True,True,True,False,,,,,NOT_INDEX_MEMBER_AT_FORMATION
2019-07-31,2018-08-01,2019-07-31,2019-08-01,2020-01-31,DEVELOPMENT,LUPIN,LUPIN,LUPIN,Lupin,2018-04-02,2020-03-26,True,245,245,100.0,0,2018-08-01,2019-07-31,True,764.8,1,LUPIN_SEG1,0,True,837.7,703.8,1426388751.15,142.63887511500002,736641272.61,73.664127261,980547012.2,98.05470122,1836757259.7230613,183.67572597230614,True,True,True,True,True,True,,,,,
2019-07-31,2018-08-01,2019-07-31,2019-08-01,2020-01-31,DEVELOPMENT,MANKIND,,,,,,False,245,0,0.0,245,,,False,,0,,0,False,,,,,,,,,,,False,False,False,False,False,False,,,,,NOT_INDEX_MEMBER_AT_FORMATION;INSUFFICIENT_FORMATION_COVERAGE;EXCESSIVE_MISSING_SESSION_GAP;FORMATION_CROSSES_STRUCTURAL_SEGMENT;MEDIAN_PRICE_BELOW_FLOOR;NO_EQ_PRICE_ON_FORMATION_DATE
2019-07-31,2018-08-01,2019-07-31,2019-08-01,2020-01-31,DEVELOPMENT,NATCOPHARM,NATCOPHARM,,,,,False,245,245,100.0,0,2018-08-01,2019-07-31,True,515.05,1,NATCOPHARM_SEG1,0,True,674.65,502.65,102663138.2,10.26631382,41611188.1,4.1611188100000005,68392427.95,6.8392427950000005,142279630.37836733,14.227963037836734,True,True,True,True,True,False,,,,,NOT_INDEX_MEMBER_AT_FORMATION
2019-07-31,2018-08-01,2019-07-31,2019-08-01,2020-01-31,DEVELOPMENT,PEL,PEL,PEL,Piramal Enterprises,2018-04-02,2020-03-26,True,245,245,100.0,0,2018-08-01,2019-07-31,True,1808.85,1,PEL_SEG1,0,True,2275.75,1741.9,1270031804.45,127.003180445,712028039.58,71.202803958,924685882.15,92.468588215,1600103755.5334694,160.01037555334693,True,True,True,True,True,True,,,,,
2019-07-31,2018-08-01,2019-07-31,2019-08-01,2020-01-31,DEVELOPMENT,PFIZER,PFIZER,,,,,False,245,245,100.0,0,2018-08-01,2019-07-31,True,3034.25,1,PFIZER_SEG1,0,True,3037.15,2572.55,50595024.9,5.05950249,27301391.53,2.730139153,33928775.1,3.39287751,106244093.93387754,10.624409393387754,True,True,True,True,True,False,,,,,NOT_INDEX_MEMBER_AT_FORMATION
2019-07-31,2018-08-01,2019-07-31,2019-08-01,2020-01-31,DEVELOPMENT,PPLPHARMA,,,,,,False,245,0,0.0,245,,,False,,0,,0,False,,,,,,,,,,,False,False,False,False,False,False,,,,,NOT_INDEX_MEMBER_AT_FORMATION;INSUFFICIENT_FORMATION_COVERAGE;EXCESSIVE_MISSING_SESSION_GAP;FORMATION_CROSSES_STRUCTURAL_SEGMENT;MEDIAN_PRICE_BELOW_FLOOR;NO_EQ_PRICE_ON_FORMATION_DATE
2019-07-31,2018-08-01,2019-07-31,2019-08-01,2020-01-31,DEVELOPMENT,SAILIFE,,,,,,False,245,0,0.0,245,,,False,,0,,0,False,,,,,,,,,,,False,False,False,False,False,False,,,,,NOT_INDEX_MEMBER_AT_FORMATION;INSUFFICIENT_FORMATION_COVERAGE;EXCESSIVE_MISSING_SESSION_GAP;FORMATION_CROSSES_STRUCTURAL_SEGMENT;MEDIAN_PRICE_BELOW_FLOOR;NO_EQ_PRICE_ON_FORMATION_DATE
2019-07-31,2018-08-01,2019-07-31,2019-08-01,2020-01-31,DEVELOPMENT,SANOFI,SANOFI,,,,,False,245,245,100.0,0,2018-08-01,2019-07-31,True,6130.75,1,SANOFI_SEG1,0,True,5992.8,5313.25,51761304.3,5.17613043,14516354.48,1.451635448,27227534.8,2.72275348,77263920.57489796,7.726392057489796,True,True,True,True,True,False,,,,,NOT_INDEX_MEMBER_AT_FORMATION
2019-07-31,2018-08-01,2019-07-31,2019-08-01,2020-01-31,DEVELOPMENT,STAR,STAR,,,,,False,245,245,100.0,0,2018-08-01,2019-07-31,True,385.45,1,STAR_SEG2,0,True,441.95,341.75,525411942.55,52.541194255,287591036.18,28.759103618,359012414.3,35.90124143,757310827.9465305,75.73108279465305,True,True,True,True,True,False,,,,,NOT_INDEX_MEMBER_AT_FORMATION
2019-07-31,2018-08-01,2019-07-31,2019-08-01,2020-01-31,DEVELOPMENT,SUNPHARMA,SUNPHARMA,SUNPHARMA,Sun Pharmaceutical Industries,2018-04-02,2020-03-26,True,245,245,100.0,0,2018-08-01,2019-07-31,True,426.75,1,SUNPHARMA_SEG1,0,True,450.9,366.8,2819092484.65,281.909248465,1576548227.2,157.65482272,2016716798.7,201.67167987,4199882477.6324487,419.9882477632449,True,True,True,True,True,True,,,,,
2019-07-31,2018-08-01,2019-07-31,2019-08-01,2020-01-31,DEVELOPMENT,TORNTPHARM,TORNTPHARM,,,,,False,245,245,100.0,0,2018-08-01,2019-07-31,True,1670.85,1,TORNTPHARM_SEG1,0,True,1726.8,1467.8,382742131.25,38.274213125,168676778.96,16.867677896,242557175.1,24.25571751,490413840.622449,49.0413840622449,True,True,True,True,True,False,,,,,NOT_INDEX_MEMBER_AT_FORMATION
2019-07-31,2018-08-01,2019-07-31,2019-08-01,2020-01-31,DEVELOPMENT,WOCKPHARMA,WOCKPHARMA,,,,,False,245,245,100.0,0,2018-08-01,2019-07-31,True,312.05,1,WOCKPHARMA_SEG1,0,True,449.6,312.05,591266092.9,59.12660929,282928644.82,28.292864482,387181211.65,38.718121165,694995823.0867347,69.49958230867347,True,True,True,True,True,False,,,,,NOT_INDEX_MEMBER_AT_FORMATION
2019-07-31,2018-08-01,2019-07-31,2019-08-01,2020-01-31,DEVELOPMENT,ZYDUS,CADILAHC,CADILAHC,Cadila Healthcare,2018-04-02,2020-03-26,True,245,245,100.0,0,2018-08-01,2019-07-31,True,227.8,1,ZYDUS_SEG1,0,True,341.6,220.05,395229682.4,39.52296824,190449648.92000002,19.044964892000003,273661225.65,27.366122564999998,607900793.2583673,60.79007932583673,True,True,True,True,True,True,,,,,
2020-01-31,2019-02-01,2020-01-31,2020-02-03,2020-07-31,DEVELOPMENT,ABBOTINDIA,ABBOTINDIA,,,,,False,245,245,100.0,0,2019-02-01,2020-01-31,True,12498.8,1,ABBOTINDIA_SEG1,0,True,8883.8,7191.05,59686129.0,5.9686129,16345760.54,1.6345760539999998,28708025.35,2.870802535,82476334.40836735,8.247633440836735,True,True,True,True,True,False,,,,,NOT_INDEX_MEMBER_AT_FORMATION
2020-01-31,2019-02-01,2020-01-31,2020-02-03,2020-07-31,DEVELOPMENT,AJANTPHARM,AJANTPHARM,,,,,False,245,245,100.0,0,2019-02-01,2020-01-31,True,1108.4,1,AJANTPHARM_SEG1,0,True,996.55,880.6,158099649.1,15.80996491,42310889.18,4.231088918,76728459.35,7.672845935,257809800.60081634,25.780980060081635,True,True,True,True,True,False,,,,,NOT_INDEX_MEMBER_AT_FORMATION
2020-01-31,2019-02-01,2020-01-31,2020-02-03,2020-07-31,DEVELOPMENT,ALKEM,ALKEM,,,,,False,245,245,100.0,0,2019-02-01,2020-01-31,True,2397.65,1,ALKEM_SEG1,0,True,1810.7,1669.0,57601304.55,5.760130455,19969146.76,1.996914676,28994066.45,2.899406645,98647500.8255102,9.864750082551021,True,True,True,True,True,False,,,,,NOT_INDEX_MEMBER_AT_FORMATION
2020-01-31,2019-02-01,2020-01-31,2020-02-03,2020-07-31,DEVELOPMENT,APLLTD,APLLTD,,,,,False,245,245,100.0,0,2019-02-01,2020-01-31,True,630.7,1,APLLTD_SEG1,0,True,538.5,460.65,17784787.2,1.7784787199999998,5938523.12,0.593852312,9192698.2,0.9192698199999999,50837612.133877546,5.0837612133877546,True,True,True,True,True,False,,,,,NOT_INDEX_MEMBER_AT_FORMATION
2020-01-31,2019-02-01,2020-01-31,2020-02-03,2020-07-31,DEVELOPMENT,AUROPHARMA,AUROPHARMA,AUROPHARMA,Aurobindo Pharma,2018-04-02,2020-03-26,True,245,245,100.0,0,2019-02-01,2020-01-31,True,481.4,1,AUROPHARMA_SEG1,0,True,600.7,395.8,1380722343.1,138.07223431,817658903.15,81.765890315,1023702747.25,102.370274725,1826155184.9548984,182.61551849548982,True,True,True,True,True,True,,,,,
2020-01-31,2019-02-01,2020-01-31,2020-02-03,2020-07-31,DEVELOPMENT,BIOCON,BIOCON,BIOCON,Biocon,2018-04-02,2020-03-26,True,245,245,100.0,0,2019-02-01,2020-01-31,True,294.35,1,BIOCON_SEG1,0,True,285.65,216.15,798073085.3,79.80730853,452701105.86,45.270110586,560788097.6,56.078809760000006,966454848.4204081,96.64548484204082,True,True,True,True,True,True,,,,,
2020-01-31,2019-02-01,2020-01-31,2020-02-03,2020-07-31,DEVELOPMENT,CIPLA,CIPLA,CIPLA,Cipla,2018-04-02,2020-03-26,True,245,245,100.0,0,2019-02-01,2020-01-31,True,446.9,1,CIPLA_SEG1,0,True,516.1,408.25,1019585795.9,101.95857959,562350935.11,56.235093511,705445985.15,70.544598515,1244479041.9957142,124.44790419957143,True,True,True,True,True,True,,,,,
2020-01-31,2019-02-01,2020-01-31,2020-02-03,2020-07-31,DEVELOPMENT,DIVISLAB,DIVISLAB,DIVISLAB,Divi's Laboratories,2018-04-02,2020-03-26,True,245,245,100.0,0,2019-02-01,2020-01-31,True,1952.3,1,DIVISLAB_SEG1,0,True,1666.7,1507.3,803358143.25,80.335814325,484433614.0,48.4433614,616638692.3,61.663869229999996,963215774.3446938,96.32157743446938,True,True,True,True,True,True,,,,,
2020-01-31,2019-02-01,2020-01-31,2020-02-03,2020-07-31,DEVELOPMENT,DRREDDY,DRREDDY,DRREDDY,Dr. Reddy's Laboratories,2018-04-02,2020-03-26,True,245,245,100.0,0,2019-02-01,2020-01-31,True,3114.5,1,DRREDDY_SEG1,0,True,2737.0,2492.55,1519410928.3,151.94109283,930952301.1700001,93.09523011700001,1173949376.4,117.39493764000001,1996310502.0414286,199.63105020414287,True,True,True,True,True,True,,,,,
2020-01-31,2019-02-01,2020-01-31,2020-02-03,2020-07-31,DEVELOPMENT,GLAND,,,,,,False,245,0,0.0,245,,,False,,0,,0,False,,,,,,,,,,,False,False,False,False,False,False,,,,,NOT_INDEX_MEMBER_AT_FORMATION;INSUFFICIENT_FORMATION_COVERAGE;EXCESSIVE_MISSING_SESSION_GAP;FORMATION_CROSSES_STRUCTURAL_SEGMENT;MEDIAN_PRICE_BELOW_FLOOR;NO_EQ_PRICE_ON_FORMATION_DATE
2020-01-31,2019-02-01,2020-01-31,2020-02-03,2020-07-31,DEVELOPMENT,GLAXO,GLAXO,,,,,False,245,245,100.0,0,2019-02-01,2020-01-31,True,1665.4,1,GLAXO_SEG1,0,True,1322.5,1140.05,34859372.0,3.4859372,15019065.88,1.501906588,19992061.1,1.9992061100000003,56049643.5479592,5.6049643547959205,True,True,True,True,True,False,,,,,NOT_INDEX_MEMBER_AT_FORMATION
2020-01-31,2019-02-01,2020-01-31,2020-02-03,2020-07-31,DEVELOPMENT,GLENMARK,GLENMARK,GLENMARK,Glenmark Pharmaceuticals,2018-04-02,2020-03-26,True,245,245,100.0,0,2019-02-01,2020-01-31,True,310.2,1,GLENMARK_SEG1,0,True,422.45,274.8,406516840.85,40.651684085,228596045.0,22.8596045,279960312.65,27.996031265,662012353.5861226,66.20123535861227,True,True,True,True,True,True,,,,,
2020-01-31,2019-02-01,2020-01-31,2020-02-03,2020-07-31,DEVELOPMENT,GRANULES,GRANULES,,,,,False,245,245,100.0,0,2019-02-01,2020-01-31,True,146.05,1,GRANULES_SEG1,0,True,108.9,84.8,65531311.9,6.55313119,28340845.74,2.834084574,37079067.4,3.70790674,127589280.9457143,12.758928094571429,True,True,True,True,True,False,,,,,NOT_INDEX_MEMBER_AT_FORMATION
2020-01-31,2019-02-01,2020-01-31,2020-02-03,2020-07-31,DEVELOPMENT,IPCALAB,IPCALAB,,,,,False,245,245,100.0,0,2019-02-01,2020-01-31,True,1256.45,1,IPCALAB_SEG1,0,True,949.0,723.0,128150787.5,12.81507875,53204535.31,5.320453531,78784722.8,7.8784722799999996,181683397.3365306,18.16833973365306,True,True,True,True,True,False,,,,,NOT_INDEX_MEMBER_AT_FORMATION
2020-01-31,2019-02-01,2020-01-31,2020-02-03,2020-07-31,DEVELOPMENT,JBCHEPHARM,JBCHEPHARM,,,,,False,245,245,100.0,0,2019-02-01,2020-01-31,True,495.3,1,JBCHEPHARM_SEG1,0,True,370.45,308.8,18531051.9,1.85310519,6565618.710000001,0.6565618710000001,9971668.55,0.9971668550000001,29827178.033877548,2.9827178033877546,True,True,True,True,True,False,,,,,NOT_INDEX_MEMBER_AT_FORMATION
2020-01-31,2019-02-01,2020-01-31,2020-02-03,2020-07-31,DEVELOPMENT,LAURUSLABS,LAURUSLABS,,,,,False,245,245,100.0,0,2019-02-01,2020-01-31,True,430.35,1,LAURUSLABS_SEG1,0,True,351.1,310.25,14071349.75,1.407134975,3606105.66,0.360610566,6727954.0,0.6727954,36784050.43897959,3.6784050438979587,True,True,True,True,True,False,,,,,NOT_INDEX_MEMBER_AT_FORMATION
2020-01-31,2019-02-01,2020-01-31,2020-02-03,2020-07-31,DEVELOPMENT,LUPIN,LUPIN,LUPIN,Lupin,2018-04-02,2020-03-26,True,245,245,100.0,0,2019-02-01,2020-01-31,True,718.25,1,LUPIN_SEG1,0,True,757.2,667.6,998080825.55,99.808082555,592123387.26,59.212338726,735705971.75,73.570597175,1248542147.222245,124.8542147222245,True,True,True,True,True,True,,,,,
2020-01-31,2019-02-01,2020-01-31,2020-02-03,2020-07-31,DEVELOPMENT,MANKIND,,,,,,False,245,0,0.0,245,,,False,,0,,0,False,,,,,,,,,,,False,False,False,False,False,False,,,,,NOT_INDEX_MEMBER_AT_FORMATION;INSUFFICIENT_FORMATION_COVERAGE;EXCESSIVE_MISSING_SESSION_GAP;FORMATION_CROSSES_STRUCTURAL_SEGMENT;MEDIAN_PRICE_BELOW_FLOOR;NO_EQ_PRICE_ON_FORMATION_DATE
2020-01-31,2019-02-01,2020-01-31,2020-02-03,2020-07-31,DEVELOPMENT,NATCOPHARM,NATCOPHARM,,,,,False,245,245,100.0,0,2019-02-01,2020-01-31,True,633.85,1,NATCOPHARM_SEG1,0,True,565.5,502.65,74277008.2,7.42770082,27144687.88,2.714468788,41774934.25,4.177493425,108589909.7444898,10.85899097444898,True,True,True,True,True,False,,,,,NOT_INDEX_MEMBER_AT_FORMATION
2020-01-31,2019-02-01,2020-01-31,2020-02-03,2020-07-31,DEVELOPMENT,PEL,PEL,PEL,Piramal Enterprises,2018-04-02,2020-03-26,True,245,245,100.0,0,2019-02-01,2020-01-31,True,1545.25,1,PEL_SEG1,0,True,1890.2,1365.0,1745440808.75,174.544080875,927493105.4300001,92.749310543,1174668812.55,117.46688125499999,2129322824.149592,212.9322824149592,True,True,True,True,True,True,,,,,
2020-01-31,2019-02-01,2020-01-31,2020-02-03,2020-07-31,DEVELOPMENT,PFIZER,PFIZER,,,,,False,245,245,100.0,0,2019-02-01,2020-01-31,True,4146.75,1,PFIZER_SEG1,0,True,3227.7,2869.1,49129259.55,4.9129259549999995,27009550.88,2.7009550879999997,33858956.7,3.3858956700000005,83315115.55469388,8.331511555469389,True,True,True,True,True,False,,,,,NOT_INDEX_MEMBER_AT_FORMATION
2020-01-31,2019-02-01,2020-01-31,2020-02-03,2020-07-31,DEVELOPMENT,PPLPHARMA,,,,,,False,245,0,0.0,245,,,False,,0,,0,False,,,,,,,,,,,False,False,False,False,False,False,,,,,NOT_INDEX_MEMBER_AT_FORMATION;INSUFFICIENT_FORMATION_COVERAGE;EXCESSIVE_MISSING_SESSION_GAP;FORMATION_CROSSES_STRUCTURAL_SEGMENT;MEDIAN_PRICE_BELOW_FLOOR;NO_EQ_PRICE_ON_FORMATION_DATE
2020-01-31,2019-02-01,2020-01-31,2020-02-03,2020-07-31,DEVELOPMENT,SAILIFE,,,,,,False,245,0,0.0,245,,,False,,0,,0,False,,,,,,,,,,,False,False,False,False,False,False,,,,,NOT_INDEX_MEMBER_AT_FORMATION;INSUFFICIENT_FORMATION_COVERAGE;EXCESSIVE_MISSING_SESSION_GAP;FORMATION_CROSSES_STRUCTURAL_SEGMENT;MEDIAN_PRICE_BELOW_FLOOR;NO_EQ_PRICE_ON_FORMATION_DATE
2020-01-31,2019-02-01,2020-01-31,2020-02-03,2020-07-31,DEVELOPMENT,SANOFI,SANOFI,,,,,False,245,245,100.0,0,2019-02-01,2020-01-31,True,6626.0,1,SANOFI_SEG1,0,True,5980.15,5313.25,48687579.35,4.8687579350000005,18099141.610000003,1.8099141610000002,30228436.25,3.022843625,83888968.81795919,8.388896881795919,True,True,True,True,True,False,,,,,NOT_INDEX_MEMBER_AT_FORMATION
2020-01-31,2019-02-01,2020-01-31,2020-02-03,2020-07-31,DEVELOPMENT,STAR,STAR,,,,,False,245,245,100.0,0,2019-02-01,2020-01-31,True,464.3,1,STAR_SEG2,0,True,399.05,304.15,393391881.35,39.339188135,82612199.04,8.261219904,238075498.0,23.8075498,480111043.4142857,48.01110434142857,True,True,True,True,True,False,,,,,NOT_INDEX_MEMBER_AT_FORMATION
2020-01-31,2019-02-01,2020-01-31,2020-02-03,2020-07-31,DEVELOPMENT,SUNPHARMA,SUNPHARMA,SUNPHARMA,Sun Pharmaceutical Industries,2018-04-02,2020-03-26,True,245,245,100.0,0,2019-02-01,2020-01-31,True,434.3,1,SUNPHARMA_SEG1,0,True,428.55,366.8,2152645630.15,215.26456301500002,1344653321.16,134.465332116,1643773131.8,164.37731318,2786004339.3742857,278.6004339374286,True,True,True,True,True,True,,,,,
2020-01-31,2019-02-01,2020-01-31,2020-02-03,2020-07-31,DEVELOPMENT,TORNTPHARM,TORNTPHARM,,,,,False,245,245,100.0,0,2019-02-01,2020-01-31,True,1931.1,1,TORNTPHARM_SEG1,0,True,1753.75,1467.8,361676912.5,36.16769125,154196276.55000004,15.419627655000005,222419448.5,22.24194485,485065868.38408166,48.50658683840817,True,True,True,True,True,False,,,,,NOT_INDEX_MEMBER_AT_FORMATION
2020-01-31,2019-02-01,2020-01-31,2020-02-03,2020-07-31,DEVELOPMENT,WOCKPHARMA,WOCKPHARMA,,,,,False,245,245,100.0,0,2019-02-01,2020-01-31,True,353.15,1,WOCKPHARMA_SEG1,0,True,325.7,233.65,334842488.45,33.484248844999996,109513086.48,10.951308648000001,150415175.8,15.04151758,482766928.2369388,48.27669282369388,True,True,True,True,True,False,,,,,NOT_INDEX_MEMBER_AT_FORMATION
2020-01-31,2019-02-01,2020-01-31,2020-02-03,2020-07-31,DEVELOPMENT,ZYDUS,CADILAHC,CADILAHC,Cadila Healthcare,2018-04-02,2020-03-26,True,245,245,100.0,0,2019-02-01,2020-01-31,True,265.55,1,ZYDUS_SEG1,0,True,254.3,213.85,332786219.3,33.27862193,170095230.02,17.009523002,225315384.8,22.531538480000002,466269719.17428565,46.62697191742856,True,True,True,True,True,True,,,,,
2020-07-31,2019-08-01,2020-07-31,2020-08-03,2021-01-29,DEVELOPMENT,ABBOTINDIA,ABBOTINDIA,,,,,False,245,245,100.0,0,2019-08-01,2020-07-31,True,15536.35,1,ABBOTINDIA_SEG1,0,True,13196.75,8377.1,163265681.75,16.326568175,60298203.45,6.029820345,89632282.2,8.96322822,218941519.00938776,21.894151900938777,True,True,True,True,True,False,,,,,NOT_INDEX_MEMBER_AT_FORMATION
2020-07-31,2019-08-01,2020-07-31,2020-08-03,2021-01-29,DEVELOPMENT,AJANTPHARM,AJANTPHARM,,,,,False,245,245,100.0,0,2019-08-01,2020-07-31,True,1629.2,1,AJANTPHARM_SEG1,0,True,1176.55,942.65,134804534.55,13.480453455000001,42548815.730000004,4.2548815730000005,76728459.35,7.672845935,222251746.24999997,22.225174624999998,True,True,True,True,True,False,,,,,NOT_INDEX_MEMBER_AT_FORMATION
2020-07-31,2019-08-01,2020-07-31,2020-08-03,2021-01-29,DEVELOPMENT,ALKEM,ALKEM,ALKEM,Alkem Laboratories,2020-03-27,2021-09-29,True,245,245,100.0,0,2019-08-01,2020-07-31,True,2662.1,1,ALKEM_SEG1,0,True,2307.1,1674.8,184752356.05,18.475235605,31821916.480000004,3.1821916480000003,78503856.3,7.85038563,257502530.4002041,25.75025304002041,True,True,True,True,True,True,,,,,
2020-07-31,2019-08-01,2020-07-31,2020-08-03,2021-01-29,DEVELOPMENT,APLLTD,APLLTD,,,,,False,245,245,100.0,0,2019-08-01,2020-07-31,True,985.05,1,APLLTD_SEG1,0,True,577.3,445.4,98248790.55,9.824879055,9676755.15,0.967675515,22407362.8,2.24073628,215567599.43591833,21.556759943591832,True,True,True,True,True,False,,,,,NOT_INDEX_MEMBER_AT_FORMATION
2020-07-31,2019-08-01,2020-07-31,2020-08-03,2021-01-29,DEVELOPMENT,AUROPHARMA,AUROPHARMA,AUROPHARMA,Aurobindo Pharma,2020-03-27,2021-09-29,True,245,245,100.0,0,2019-08-01,2020-07-31,True,874.6,1,AUROPHARMA_SEG1,0,True,540.95,294.7,2134593784.5,213.45937845,846735404.37,84.673540437,1258009744.35,125.80097443499999,2939791932.686327,293.9791932686327,True,True,True,True,True,True,,,,,
2020-07-31,2019-08-01,2020-07-31,2020-08-03,2021-01-29,DEVELOPMENT,BIOCON,BIOCON,BIOCON,Biocon,2020-03-27,2021-09-29,True,245,245,100.0,0,2019-08-01,2020-07-31,True,409.6,1,BIOCON_SEG1,0,True,290.95,216.15,1290922119.65,129.09221196500002,556371307.97,55.637130797000005,796375084.85,79.637508485,1750007301.0057142,175.00073010057142,True,True,True,True,True,True,,,,,
2020-07-31,2019-08-01,2020-07-31,2020-08-03,2021-01-29,DEVELOPMENT,CIPLA,CIPLA,CIPLA,Cipla,2020-03-27,2021-09-29,True,245,245,100.0,0,2019-08-01,2020-07-31,True,720.15,1,CIPLA_SEG1,0,True,471.4,374.7,1712263112.65,171.22631126500002,663711363.7,66.37113637,1007735804.65,100.773580465,2774659245.5455103,277.465924554551,True,True,True,True,True,True,,,,,
2020-07-31,2019-08-01,2020-07-31,2020-08-03,2021-01-29,DEVELOPMENT,DIVISLAB,DIVISLAB,DIVISLAB,Divi's Laboratories,2020-03-27,2021-09-29,True,245,245,100.0,0,2019-08-01,2020-07-31,True,2616.55,1,DIVISLAB_SEG1,0,True,1895.3,1507.3,1144981744.3,114.49817442999999,526910468.55,52.691046855,732319828.9,73.23198289,1508487126.0010204,150.84871260010203,True,True,True,True,True,True,,,,,
2020-07-31,2019-08-01,2020-07-31,2020-08-03,2021-01-29,DEVELOPMENT,DRREDDY,DRREDDY,DRREDDY,Dr. Reddy's Laboratories,2020-03-27,2021-09-29,True,245,245,100.0,0,2019-08-01,2020-07-31,True,4521.05,1,DRREDDY_SEG1,0,True,2954.7,2492.55,2267330211.6,226.73302116,985771508.1999999,98.57715081999999,1305141407.9,130.51414079,3012189264.1163263,301.21892641163265,True,True,True,True,True,True,,,,,
2020-07-31,2019-08-01,2020-07-31,2020-08-03,2021-01-29,DEVELOPMENT,GLAND,,,,,,False,245,0,0.0,245,,,False,,0,,0,False,,,,,,,,,,,False,False,False,False,False,False,,,,,NOT_INDEX_MEMBER_AT_FORMATION;INSUFFICIENT_FORMATION_COVERAGE;EXCESSIVE_MISSING_SESSION_GAP;FORMATION_CROSSES_STRUCTURAL_SEGMENT;MEDIAN_PRICE_BELOW_FLOOR;NO_EQ_PRICE_ON_FORMATION_DATE
2020-07-31,2019-08-01,2020-07-31,2020-08-03,2021-01-29,DEVELOPMENT,GLAXO,GLAXO,,,,,False,245,245,100.0,0,2019-08-01,2020-07-31,True,1437.3,1,GLAXO_SEG1,0,True,1437.6,1101.85,55524395.85,5.552439585,28419121.02,2.8419121019999998,37925894.35,3.792589435,84934538.9955102,8.493453899551021,True,True,True,True,True,False,,,,,NOT_INDEX_MEMBER_AT_FORMATION
2020-07-31,2019-08-01,2020-07-31,2020-08-03,2021-01-29,DEVELOPMENT,GLENMARK,GLENMARK,,,,,False,245,245,100.0,0,2019-08-01,2020-07-31,True,452.35,1,GLENMARK_SEG1,0,True,344.05,188.1,773661689.5,77.36616895,298984287.58000004,29.898428758000005,423234643.25,42.323464325,1676742243.6863267,167.67422436863268,True,True,True,True,True,False,,,,,NOT_INDEX_MEMBER_AT_FORMATION
2020-07-31,2019-08-01,2020-07-31,2020-08-03,2021-01-29,DEVELOPMENT,GRANULES,GRANULES,,,,,False,245,245,100.0,0,2019-08-01,2020-07-31,True,273.3,1,GRANULES_SEG1,0,True,142.05,87.95,218353315.5,21.83533155,35917194.900000006,3.5917194900000005,91895559.15,9.189555915000001,390305900.75265306,39.03059007526531,True,True,True,True,True,False,,,,,NOT_INDEX_MEMBER_AT_FORMATION
2020-07-31,2019-08-01,2020-07-31,2020-08-03,2021-01-29,DEVELOPMENT,IPCALAB,IPCALAB,,,,,False,245,245,100.0,0,2019-08-01,2020-07-31,True,1874.6,1,IPCALAB_SEG1,0,True,1240.45,856.5,298185165.0,29.8185165,80596427.06,8.059642706,132623034.5,13.26230345,466323057.10714287,46.632305710714284,True,True,True,True,True,False,,,,,NOT_INDEX_MEMBER_AT_FORMATION
2020-07-31,2019-08-01,2020-07-31,2020-08-03,2021-01-29,DEVELOPMENT,JBCHEPHARM,JBCHEPHARM,,,,,False,245,245,100.0,0,2019-08-01,2020-07-31,True,734.2,1,JBCHEPHARM_SEG1,0,True,496.0,330.5,57871259.45,5.7871259450000005,13415790.35,1.3415790349999999,25545105.5,2.55451055,96365391.75857143,9.636539175857143,True,True,True,True,True,False,,,,,NOT_INDEX_MEMBER_AT_FORMATION
2020-07-31,2019-08-01,2020-07-31,2020-08-03,2021-01-29,DEVELOPMENT,LAURUSLABS,LAURUSLABS,,,,,False,245,245,100.0,0,2019-08-01,2020-07-31,True,933.25,1,LAURUSLABS_SEG1,0,True,391.9,310.25,45732334.7,4.57323347,5137182.3100000005,0.513718231,17180016.7,1.71800167,332215044.3634694,33.22150443634694,True,True,True,True,True,False,,,,,NOT_INDEX_MEMBER_AT_FORMATION
2020-07-31,2019-08-01,2020-07-31,2020-08-03,2021-01-29,DEVELOPMENT,LUPIN,LUPIN,LUPIN,Lupin,2020-03-27,2021-09-29,True,245,245,100.0,0,2019-08-01,2020-07-31,True,926.55,1,LUPIN_SEG1,0,True,757.85,548.1,1311612644.2,131.16126442,630138091.61,63.013809161000005,838184361.7,83.81843617,1826089396.6563263,182.60893966563262,True,True,True,True,True,True,,,,,
2020-07-31,2019-08-01,2020-07-31,2020-08-03,2021-01-29,DEVELOPMENT,MANKIND,,,,,,False,245,0,0.0,245,,,False,,0,,0,False,,,,,,,,,,,False,False,False,False,False,False,,,,,NOT_INDEX_MEMBER_AT_FORMATION;INSUFFICIENT_FORMATION_COVERAGE;EXCESSIVE_MISSING_SESSION_GAP;FORMATION_CROSSES_STRUCTURAL_SEGMENT;MEDIAN_PRICE_BELOW_FLOOR;NO_EQ_PRICE_ON_FORMATION_DATE
2020-07-31,2019-08-01,2020-07-31,2020-08-03,2021-01-29,DEVELOPMENT,NATCOPHARM,NATCOPHARM,,,,,False,245,245,100.0,0,2019-08-01,2020-07-31,True,782.65,1,NATCOPHARM_SEG1,0,True,590.65,465.75,101628320.5,10.16283205,33731396.71,3.373139671,52458904.9,5.24589049,163198751.45612246,16.319875145612247,True,True,True,True,True,False,,,,,NOT_INDEX_MEMBER_AT_FORMATION
2020-07-31,2019-08-01,2020-07-31,2020-08-03,2021-01-29,DEVELOPMENT,PEL,PEL,,,,,False,245,245,100.0,0,2019-08-01,2020-07-31,True,1473.4,1,PEL_SEG1,0,True,1493.3,623.35,2149439308.15,214.94393081500002,1304450931.43,130.445093143,1639713718.85,163.971371885,2642464990.977143,264.24649909771426,True,True,True,True,True,False,,,,,NOT_INDEX_MEMBER_AT_FORMATION
2020-07-31,2019-08-01,2020-07-31,2020-08-03,2021-01-29,DEVELOPMENT,PFIZER,PFIZER,,,,,False,245,245,100.0,0,2019-08-01,2020-07-31,True,4277.75,1,PFIZER_SEG1,0,True,4088.15,2869.1,140720354.55,14.072035455000002,39740774.22,3.9740774219999997,73049419.0,7.3049419,216289935.412449,21.6289935412449,True,True,True,True,True,False,,,,,NOT_INDEX_MEMBER_AT_FORMATION
2020-07-31,2019-08-01,2020-07-31,2020-08-03,2021-01-29,DEVELOPMENT,PPLPHARMA,,,,,,False,245,0,0.0,245,,,False,,0,,0,False,,,,,,,,,,,False,False,False,False,False,False,,,,,NOT_INDEX_MEMBER_AT_FORMATION;INSUFFICIENT_FORMATION_COVERAGE;EXCESSIVE_MISSING_SESSION_GAP;FORMATION_CROSSES_STRUCTURAL_SEGMENT;MEDIAN_PRICE_BELOW_FLOOR;NO_EQ_PRICE_ON_FORMATION_DATE
2020-07-31,2019-08-01,2020-07-31,2020-08-03,2021-01-29,DEVELOPMENT,SAILIFE,,,,,,False,245,0,0.0,245,,,False,,0,,0,False,,,,,,,,,,,False,False,False,False,False,False,,,,,NOT_INDEX_MEMBER_AT_FORMATION;INSUFFICIENT_FORMATION_COVERAGE;EXCESSIVE_MISSING_SESSION_GAP;FORMATION_CROSSES_STRUCTURAL_SEGMENT;MEDIAN_PRICE_BELOW_FLOOR;NO_EQ_PRICE_ON_FORMATION_DATE
2020-07-31,2019-08-01,2020-07-31,2020-08-03,2021-01-29,DEVELOPMENT,SANOFI,SANOFI,,,,,False,245,245,100.0,0,2019-08-01,2020-07-31,True,7767.75,1,SANOFI_SEG1,0,True,6948.3,5668.45,103566522.0,10.3566522,25637067.040000003,2.5637067040000003,42219258.95,4.221925895,176090241.32040817,17.609024132040815,True,True,True,True,True,False,,,,,NOT_INDEX_MEMBER_AT_FORMATION
2020-07-31,2019-08-01,2020-07-31,2020-08-03,2021-01-29,DEVELOPMENT,STAR,STAR,,,,,False,245,245,100.0,0,2019-08-01,2020-07-31,True,436.2,1,STAR_SEG2,0,True,395.25,274.05,247356960.95,24.735696094999998,74488286.98,7.448828698000001,142701287.75,14.270128775,362881235.9422449,36.28812359422449,True,True,True,True,True,False,,,,,NOT_INDEX_MEMBER_AT_FORMATION
2020-07-31,2019-08-01,2020-07-31,2020-08-03,2021-01-29,DEVELOPMENT,SUNPHARMA,SUNPHARMA,SUNPHARMA,Sun Pharmaceutical Industries,2020-03-27,2021-09-29,True,245,245,100.0,0,2019-08-01,2020-07-31,True,531.7,1,SUNPHARMA_SEG1,0,True,434.3,324.5,2902188102.0,290.2188102,1450791360.85,145.079136085,1899035709.2,189.90357092,3936592627.8110213,393.65926278110214,True,True,True,True,True,True,,,,,
2020-07-31,2019-08-01,2020-07-31,2020-08-03,2021-01-29,DEVELOPMENT,TORNTPHARM,TORNTPHARM,TORNTPHARM,Torrent Pharmaceuticals,2020-03-27,2021-09-29,True,245,245,100.0,0,2019-08-01,2020-07-31,True,2663.6,1,TORNTPHARM_SEG1,0,True,1931.1,1598.85,641662743.7,64.16627437000001,200079114.86,20.007911486,341175106.0,34.1175106,1087315726.1738775,108.73157261738774,True,True,True,True,True,True,,,,,
2020-07-31,2019-08-01,2020-07-31,2020-08-03,2021-01-29,DEVELOPMENT,WOCKPHARMA,WOCKPHARMA,,,,,False,245,245,100.0,0,2019-08-01,2020-07-31,True,276.0,1,WOCKPHARMA_SEG1,0,True,259.95,156.2,170303139.1,17.03031391,76567063.85000001,7.656706385000001,112974506.15,11.297450615,349560179.80755097,34.9560179807551,True,True,True,True,True,False,,,,,NOT_INDEX_MEMBER_AT_FORMATION
2020-07-31,2019-08-01,2020-07-31,2020-08-03,2021-01-29,DEVELOPMENT,ZYDUS,CADILAHC,CADILAHC,Cadila Healthcare,2020-03-27,2021-09-29,True,245,245,100.0,0,2019-08-01,2020-07-31,True,388.4,1,ZYDUS_SEG1,0,True,262.4,213.85,552324206.15,55.232420614999995,191861203.10000002,19.186120310000003,301835324.8,30.18353248,988483435.1836735,98.84834351836734,True,True,True,True,True,True,,,,,
2021-01-31,2020-02-01,2021-01-29,2021-02-01,2021-07-30,DEVELOPMENT,ABBOTINDIA,ABBOTINDIA,,,,,False,248,248,100.0,0,2020-02-03,2021-01-29,True,14222.05,1,ABBOTINDIA_SEG1,0,True,15799.025000000001,12746.25,214443253.25,21.444325325,106919817.135,10.6919817135,151539802.58749998,15.153980258749998,275225967.58326614,27.522596758326614,True,True,True,True,True,False,,,,,NOT_INDEX_MEMBER_AT_FORMATION
2021-01-31,2020-02-01,2021-01-29,2021-02-01,2021-07-30,DEVELOPMENT,AJANTPHARM,AJANTPHARM,,,,,False,248,248,100.0,0,2020-02-03,2021-01-29,True,1766.0,1,AJANTPHARM_SEG1,0,True,1512.0,1039.2,213104671.175,21.3104671175,109579750.78,10.957975078,139379096.7875,13.93790967875,294635843.3421371,29.46358433421371,True,True,True,True,True,False,,,,,NOT_INDEX_MEMBER_AT_FORMATION
2021-01-31,2020-02-01,2021-01-29,2021-02-01,2021-07-30,DEVELOPMENT,ALKEM,ALKEM,ALKEM,Alkem Laboratories,2020-03-27,2021-09-29,True,248,248,100.0,0,2020-02-03,2021-01-29,True,3006.95,1,ALKEM_SEG1,0,True,2668.25,2177.85,341108486.35,34.110848635,142307940.09,14.230794009,220112271.0,22.0112271,452100313.74657255,45.210031374657255,True,True,True,True,True,True,,,,,
2021-01-31,2020-02-01,2021-01-29,2021-02-01,2021-07-30,DEVELOPMENT,APLLTD,APLLTD,,,,,False,248,248,100.0,0,2020-02-03,2021-01-29,True,952.7,1,APLLTD_SEG1,0,True,941.275,445.4,273427111.70000005,27.342711170000005,96412011.9,9.64120119,174999957.375,17.4999957375,375929845.5171371,37.59298455171371,True,True,True,True,True,False,,,,,NOT_INDEX_MEMBER_AT_FORMATION
2021-01-31,2020-02-01,2021-01-29,2021-02-01,2021-07-30,DEVELOPMENT,AUROPHARMA,AUROPHARMA,AUROPHARMA,Aurobindo Pharma,2020-03-27,2021-09-29,True,248,248,100.0,0,2020-02-03,2021-01-29,True,905.25,1,AUROPHARMA_SEG1,0,True,794.075,294.7,2812107603.125,281.2107603125,1633986805.43,163.398680543,2081099386.375,208.1099386375,3687303991.0832663,368.73039910832665,True,True,True,True,True,True,,,,,
2021-01-31,2020-02-01,2021-01-29,2021-02-01,2021-07-30,DEVELOPMENT,BIOCON,BIOCON,BIOCON,Biocon,2020-03-27,2021-09-29,True,248,248,100.0,0,2020-02-03,2021-01-29,True,371.8,1,BIOCON_SEG1,0,True,400.975,252.4,1859125372.775,185.9125372775,1080363923.055,108.0363923055,1319083048.7250001,131.90830487250003,2305954966.319556,230.59549663195563,True,True,True,True,True,True,,,,,
2021-01-31,2020-02-01,2021-01-29,2021-02-01,2021-07-30,DEVELOPMENT,CIPLA,CIPLA,CIPLA,Cipla,2020-03-27,2021-09-29,True,248,248,100.0,0,2020-02-03,2021-01-29,True,825.9,1,CIPLA_SEG1,0,True,713.7,374.7,4091201200.6000004,409.12012006000003,1828510538.3500001,182.85105383500002,2801658889.475,280.1658889475,5122935958.465121,512.2935958465122,True,True,True,True,True,True,,,,,
2021-01-31,2020-02-01,2021-01-29,2021-02-01,2021-07-30,DEVELOPMENT,DIVISLAB,DIVISLAB,DIVISLAB,Divi's Laboratories,2020-03-27,2021-09-29,True,248,248,100.0,0,2020-02-03,2021-01-29,True,3369.85,1,DIVISLAB_SEG1,0,True,2679.15,1805.25,2617441713.575,261.74417135749997,1203308202.705,120.3308202705,1729910944.5875,172.99109445875,3266917794.985484,326.6917794985484,True,True,True,True,True,True,,,,,
2021-01-31,2020-02-01,2021-01-29,2021-02-01,2021-07-30,DEVELOPMENT,DRREDDY,DRREDDY,DRREDDY,Dr. Reddy's Laboratories,2020-03-27,2021-09-29,True,248,248,100.0,0,2020-02-03,2021-01-29,True,4602.7,1,DRREDDY_SEG1,0,True,4352.35,2623.95,4354349737.4,435.43497374,2334167705.255,233.4167705255,3058038252.5375,305.80382525375,6774912770.573991,677.4912770573991,True,True,True,True,True,True,,,,,
2021-01-31,2020-02-01,2021-01-29,2021-02-01,2021-07-30,DEVELOPMENT,GLAND,GLAND,,,,,False,248,48,19.35483870967742,200,2020-11-20,2021-01-29,True,2116.3,1,GLAND_SEG1,0,True,2255.475,1819.55,844034586.625,84.4034586625,354934673.53499997,35.493467353499994,456069658.45,45.606965845,1709406679.638542,170.9406679638542,False,False,True,True,True,False,,,,,NOT_INDEX_MEMBER_AT_FORMATION;INSUFFICIENT_FORMATION_COVERAGE;EXCESSIVE_MISSING_SESSION_GAP
2021-01-31,2020-02-01,2021-01-29,2021-02-01,2021-07-30,DEVELOPMENT,GLAXO,GLAXO,,,,,False,248,248,100.0,0,2020-02-03,2021-01-29,True,1465.8,1,GLAXO_SEG1,0,True,1477.4,1101.85,67649986.225,6.764998622499999,29474610.340000004,2.9474610340000003,38705676.3875,3.8705676387500003,109774585.49455646,10.977458549455646,True,True,True,True,True,False,,,,,NOT_INDEX_MEMBER_AT_FORMATION
2021-01-31,2020-02-01,2021-01-29,2021-02-01,2021-07-30,DEVELOPMENT,GLENMARK,GLENMARK,,,,,False,248,248,100.0,0,2020-02-03,2021-01-29,True,471.55,1,GLENMARK_SEG1,0,True,460.225,188.1,1170833123.975,117.0833123975,548701122.6750001,54.870112267500005,835388056.4124999,83.53880564125,1948606995.7294354,194.86069957294353,True,True,True,True,True,False,,,,,NOT_INDEX_MEMBER_AT_FORMATION
2021-01-31,2020-02-01,2021-01-29,2021-02-01,2021-07-30,DEVELOPMENT,GRANULES,GRANULES,,,,,False,248,248,100.0,0,2020-02-03,2021-01-29,True,337.2,1,GRANULES_SEG1,0,True,303.45,116.85,504474725.15,50.447472514999994,192957201.32500002,19.2957201325,297424584.325,29.742458432499998,820519257.6479839,82.0519257647984,True,True,True,True,True,False,,,,,NOT_INDEX_MEMBER_AT_FORMATION
2021-01-31,2020-02-01,2021-01-29,2021-02-01,2021-07-30,DEVELOPMENT,IPCALAB,IPCALAB,,,,,False,248,248,100.0,0,2020-02-03,2021-01-29,True,1852.05,1,IPCALAB_SEG1,0,True,1887.975,1179.75,568424490.7,56.84244907000001,267135339.625,26.7135339625,379611225.4375,37.96112254375,871441342.4661291,87.14413424661291,True,True,True,True,True,False,,,,,NOT_INDEX_MEMBER_AT_FORMATION
2021-01-31,2020-02-01,2021-01-29,2021-02-01,2021-07-30,DEVELOPMENT,JBCHEPHARM,JBCHEPHARM,,,,,False,248,248,100.0,0,2020-02-03,2021-01-29,True,1001.15,1,JBCHEPHARM_SEG1,0,True,733.575,447.3,132136709.07499999,13.2136709075,51364340.07,5.136434007,78047769.225,7.804776922499999,232558987.6280242,23.25589876280242,True,True,True,True,True,False,,,,,NOT_INDEX_MEMBER_AT_FORMATION
2021-01-31,2020-02-01,2021-01-29,2021-02-01,2021-07-30,DEVELOPMENT,LAURUSLABS,LAURUSLABS,,,,,False,248,248,100.0,0,2020-02-03,2021-01-29,True,345.35,1,LAURUSLABS_SEG1,0,True,433.275,259.5,789615905.025,78.9615905025,45475809.13,4.547580913,279490225.6625,27.94902256625,1177828417.5203629,117.78284175203629,True,True,True,True,True,False,,,,,NOT_INDEX_MEMBER_AT_FORMATION
2021-01-31,2020-02-01,2021-01-29,2021-02-01,2021-07-30,DEVELOPMENT,LUPIN,LUPIN,LUPIN,Lupin,2020-03-27,2021-09-29,True,248,248,100.0,0,2020-02-03,2021-01-29,True,1007.6,1,LUPIN_SEG1,0,True,912.2,548.1,2738743345.35,273.874334535,1379936530.295,137.9936530295,1834849323.4125,183.48493234125,3334662349.2518144,333.4662349251814,True,True,True,True,True,True,,,,,
2021-01-31,2020-02-01,2021-01-29,2021-02-01,2021-07-30,DEVELOPMENT,MANKIND,,,,,,False,248,0,0.0,248,,,False,,0,,0,False,,,,,,,,,,,False,False,False,False,False,False,,,,,NOT_INDEX_MEMBER_AT_FORMATION;INSUFFICIENT_FORMATION_COVERAGE;EXCESSIVE_MISSING_SESSION_GAP;FORMATION_CROSSES_STRUCTURAL_SEGMENT;MEDIAN_PRICE_BELOW_FLOOR;NO_EQ_PRICE_ON_FORMATION_DATE
2021-01-31,2020-02-01,2021-01-29,2021-02-01,2021-07-30,DEVELOPMENT,NATCOPHARM,NATCOPHARM,,,,,False,248,248,100.0,0,2020-02-03,2021-01-29,True,890.25,1,NATCOPHARM_SEG1,0,True,759.775,465.75,219349011.275,21.9349011275,86492272.11,8.649227211,132567010.1125,13.25670101125,352359431.9671371,35.23594319671371,True,True,True,True,True,False,,,,,NOT_INDEX_MEMBER_AT_FORMATION
2021-01-31,2020-02-01,2021-01-29,2021-02-01,2021-07-30,DEVELOPMENT,PEL,PEL,,,,,False,248,248,100.0,0,2020-02-03,2021-01-29,True,1311.45,1,PEL_SEG1,0,True,1355.25,623.35,2071686647.575,207.1686647575,1267427855.845,126.7427855845,1533449925.5125,153.34499255125002,2560505219.0197577,256.0505219019758,True,True,True,True,True,False,,,,,NOT_INDEX_MEMBER_AT_FORMATION
2021-01-31,2020-02-01,2021-01-29,2021-02-01,2021-07-30,DEVELOPMENT,PFIZER,PFIZER,,,,,False,248,248,100.0,0,2020-02-03,2021-01-29,True,4637.1,1,PFIZER_SEG1,0,True,4583.9,3679.5,239286521.6,23.92865216,107284973.345,10.7284973345,156494114.8125,15.64941148125,424985951.6673387,42.49859516673387,True,True,True,True,True,False,,,,,NOT_INDEX_MEMBER_AT_FORMATION
2021-01-31,2020-02-01,2021-01-29,2021-02-01,2021-07-30,DEVELOPMENT,PPLPHARMA,,,,,,False,248,0,0.0,248,,,False,,0,,0,False,,,,,,,,,,,False,False,False,False,False,False,,,,,NOT_INDEX_MEMBER_AT_FORMATION;INSUFFICIENT_FORMATION_COVERAGE;EXCESSIVE_MISSING_SESSION_GAP;FORMATION_CROSSES_STRUCTURAL_SEGMENT;MEDIAN_PRICE_BELOW_FLOOR;NO_EQ_PRICE_ON_FORMATION_DATE
2021-01-31,2020-02-01,2021-01-29,2021-02-01,2021-07-30,DEVELOPMENT,SAILIFE,,,,,,False,248,0,0.0,248,,,False,,0,,0,False,,,,,,,,,,,False,False,False,False,False,False,,,,,NOT_INDEX_MEMBER_AT_FORMATION;INSUFFICIENT_FORMATION_COVERAGE;EXCESSIVE_MISSING_SESSION_GAP;FORMATION_CROSSES_STRUCTURAL_SEGMENT;MEDIAN_PRICE_BELOW_FLOOR;NO_EQ_PRICE_ON_FORMATION_DATE
2021-01-31,2020-02-01,2021-01-29,2021-02-01,2021-07-30,DEVELOPMENT,SANOFI,SANOFI,,,,,False,248,248,100.0,0,2020-02-03,2021-01-29,True,7815.85,1,SANOFI_SEG1,0,True,7990.575000000001,6062.45,176381826.675,17.6381826675,89859690.815,8.9859690815,122586330.5375,12.25863305375,234839811.19576615,23.483981119576615,True,True,True,True,True,False,,,,,NOT_INDEX_MEMBER_AT_FORMATION
2021-01-31,2020-02-01,2021-01-29,2021-02-01,2021-07-30,DEVELOPMENT,STAR,STAR,,,,,False,248,248,100.0,0,2020-02-03,2021-01-29,True,814.15,1,STAR_SEG2,0,True,527.75,274.05,403679743.425,40.3679743425,165924844.91,16.592484491,235606981.3125,23.56069813125,637921973.0233871,63.79219730233871,True,True,True,True,True,False,,,,,NOT_INDEX_MEMBER_AT_FORMATION
2021-01-31,2020-02-01,2021-01-29,2021-02-01,2021-07-30,DEVELOPMENT,SUNPHARMA,SUNPHARMA,SUNPHARMA,Sun Pharmaceutical Industries,2020-03-27,2021-09-29,True,248,248,100.0,0,2020-02-03,2021-01-29,True,586.2,1,SUNPHARMA_SEG1,0,True,491.5,324.5,4533438616.2,453.34386162,2588875289.265,258.8875289265,3383629320.5625,338.36293205625,5261056760.634475,526.1056760634475,True,True,True,True,True,True,,,,,
2021-01-31,2020-02-01,2021-01-29,2021-02-01,2021-07-30,DEVELOPMENT,TORNTPHARM,TORNTPHARM,TORNTPHARM,Torrent Pharmaceuticals,2020-03-27,2021-09-29,True,248,248,100.0,0,2020-02-03,2021-01-29,True,2608.15,1,TORNTPHARM_SEG1,0,True,2573.25,1772.1,1283723589.75,128.372358975,635838869.82,63.583886982,882700562.9,88.27005629,1678988531.5274193,167.89885315274194,True,True,True,True,True,True,,,,,
2021-01-31,2020-02-01,2021-01-29,2021-02-01,2021-07-30,DEVELOPMENT,WOCKPHARMA,WOCKPHARMA,,,,,False,248,248,100.0,0,2020-02-03,2021-01-29,True,481.05,1,WOCKPHARMA_SEG1,0,True,293.65,156.2,202817538.7,20.28175387,67040957.040000014,6.704095704000001,102662666.3625,10.26626663625,361881100.5550403,36.18811005550403,True,True,True,True,True,False,,,,,NOT_INDEX_MEMBER_AT_FORMATION
2021-01-31,2020-02-01,2021-01-29,2021-02-01,2021-07-30,DEVELOPMENT,ZYDUS,CADILAHC,CADILAHC,Cadila Healthcare,2020-03-27,2021-09-29,True,248,248,100.0,0,2020-02-03,2021-01-29,True,451.5,1,ZYDUS_SEG1,0,True,371.05,236.9,1439350685.625,143.9350685625,588552521.5100001,58.85525215100001,933511754.7875,93.35117547875001,1828680318.671371,182.8680318671371,True,True,True,True,True,True,,,,,
2021-07-31,2020-08-01,2021-07-30,2021-08-02,2022-01-31,DEVELOPMENT,ABBOTINDIA,ABBOTINDIA,,,,,False,249,249,100.0,0,2020-08-03,2021-07-30,True,19012.75,1,ABBOTINDIA_SEG1,0,True,15808.35,14093.85,191439932.05,19.143993205,99871516.87,9.987151687,135775172.05,13.577517205000001,237821269.97991967,23.782126997991966,True,True,True,True,True,False,,,,,NOT_INDEX_MEMBER_AT_FORMATION
2021-07-31,2020-08-01,2021-07-30,2021-08-02,2022-01-31,DEVELOPMENT,AJANTPHARM,AJANTPHARM,,,,,False,249,249,100.0,0,2020-08-03,2021-07-30,True,2292.1,1,AJANTPHARM_SEG1,0,True,1742.9,1454.8,200248011.25,20.024801125,97339622.3,9.73396223,126215765.7,12.62157657,264857817.01084337,26.48578170108434,True,True,True,True,True,False,,,,,NOT_INDEX_MEMBER_AT_FORMATION
2021-07-31,2020-08-01,2021-07-30,2021-08-02,2022-01-31,DEVELOPMENT,ALKEM,ALKEM,ALKEM,Alkem Laboratories,2020-03-27,2021-09-29,True,249,249,100.0,0,2020-08-03,2021-07-30,True,3453.6,1,ALKEM_SEG1,0,True,2869.25,2574.8,384430120.35,38.443012035,175118696.10999998,17.511869610999998,257461016.1,25.74610161,558374903.8991969,55.83749038991969,True,True,True,True,True,True,,,,,
2021-07-31,2020-08-01,2021-07-30,2021-08-02,2022-01-31,DEVELOPMENT,APLLTD,APLLTD,,,,,False,249,249,100.0,0,2020-08-03,2021-07-30,True,787.3,1,APLLTD_SEG1,0,True,972.6,778.1,293013536.4,29.30135364,162094158.20000002,16.20941582,217626104.35,21.762610435,414314706.96345377,41.43147069634538,True,True,True,True,True,False,,,,,NOT_INDEX_MEMBER_AT_FORMATION
2021-07-31,2020-08-01,2021-07-30,2021-08-02,2022-01-31,DEVELOPMENT,AUROPHARMA,AUROPHARMA,AUROPHARMA,Aurobindo Pharma,2020-03-27,2021-09-29,True,249,249,100.0,0,2020-08-03,2021-07-30,True,916.6,1,AUROPHARMA_SEG1,0,True,900.65,743.75,2253861089.8,225.38610898000002,1303037569.27,130.303756927,1645172514.35,164.517251435,2815727753.567671,281.57277535676707,True,True,True,True,True,True,,,,,
2021-07-31,2020-08-01,2021-07-30,2021-08-02,2022-01-31,DEVELOPMENT,BIOCON,BIOCON,BIOCON,Biocon,2020-03-27,2021-09-29,True,249,249,100.0,0,2020-08-03,2021-07-30,True,386.35,1,BIOCON_SEG1,0,True,406.9,371.8,1395035484.95,139.50354849500002,745760607.6,74.57606076,1052129486.9,105.21294869,1747972746.4210842,174.79727464210842,True,True,True,True,True,True,,,,,
2021-07-31,2020-08-01,2021-07-30,2021-08-02,2022-01-31,DEVELOPMENT,CIPLA,CIPLA,CIPLA,Cipla,2020-03-27,2021-09-29,True,249,249,100.0,0,2020-08-03,2021-07-30,True,920.05,1,CIPLA_SEG1,0,True,811.8,708.2,4193722856.25,419.372285625,1727318125.7900002,172.731812579,2595855904.3,259.58559043,5244272832.46968,524.4272832469679,True,True,True,True,True,True,,,,,
2021-07-31,2020-08-01,2021-07-30,2021-08-02,2022-01-31,DEVELOPMENT,DIVISLAB,DIVISLAB,DIVISLAB,Divi's Laboratories,2020-03-27,2021-09-29,True,249,249,100.0,0,2020-08-03,2021-07-30,True,4906.1,1,DIVISLAB_SEG1,0,True,3615.25,2641.75,2818750854.9,281.87508549,1519603499.42,151.960349942,2090280860.85,209.02808608499998,3574593343.3759036,357.45933433759035,True,True,True,True,True,True,,,,,
2021-07-31,2020-08-01,2021-07-30,2021-08-02,2022-01-31,DEVELOPMENT,DRREDDY,DRREDDY,DRREDDY,Dr. Reddy's Laboratories,2020-03-27,2021-09-29,True,249,249,100.0,0,2020-08-03,2021-07-30,True,4711.2,1,DRREDDY_SEG1,0,True,5022.0,4212.75,4840069335.45,484.006933545,2476813870.05,247.68138700500003,3435375792.65,343.53757926500003,7243559085.570683,724.3559085570682,True,True,True,True,True,True,,,,,
2021-07-31,2020-08-01,2021-07-30,2021-08-02,2022-01-31,DEVELOPMENT,GLAND,GLAND,,,,,False,249,171,68.67469879518072,78,2020-11-20,2021-07-30,True,3930.45,1,GLAND_SEG1,0,True,2504.1,1819.55,637793213.35,63.779321335000006,290697898.05,29.069789805000003,415360977.725,41.5360977725,1159427866.7657895,115.94278667657895,False,False,True,True,True,False,,,,,NOT_INDEX_MEMBER_AT_FORMATION;INSUFFICIENT_FORMATION_COVERAGE;EXCESSIVE_MISSING_SESSION_GAP
2021-07-31,2020-08-01,2021-07-30,2021-08-02,2022-01-31,DEVELOPMENT,GLAXO,GLAXO,,,,,False,249,249,100.0,0,2020-08-03,2021-07-30,True,1607.75,1,GLAXO_SEG1,0,True,1514.45,1395.4,72722788.25,7.272278825,31402371.0,3.1402371,41957292.7,4.19572927,113919683.90321286,11.391968390321287,True,True,True,True,True,False,,,,,NOT_INDEX_MEMBER_AT_FORMATION
2021-07-31,2020-08-01,2021-07-30,2021-08-02,2022-01-31,DEVELOPMENT,GLENMARK,GLENMARK,,,,,False,249,249,100.0,0,2020-08-03,2021-07-30,True,607.45,1,GLENMARK_SEG1,0,True,497.15,443.95,1156632438.1,115.66324381,596450932.66,59.645093265999996,788481876.45,78.84818764500001,1522116265.161245,152.2116265161245,True,True,True,True,True,False,,,,,NOT_INDEX_MEMBER_AT_FORMATION
2021-07-31,2020-08-01,2021-07-30,2021-08-02,2022-01-31,DEVELOPMENT,GRANULES,GRANULES,,,,,False,249,249,100.0,0,2020-08-03,2021-07-30,True,379.4,1,GRANULES_SEG1,0,True,345.9,299.2,800373851.6,80.03738516,354718802.95,35.471880295,493184432.45,49.318443245,1163251780.889759,116.3251780889759,True,True,True,True,True,False,,,,,NOT_INDEX_MEMBER_AT_FORMATION
2021-07-31,2020-08-01,2021-07-30,2021-08-02,2022-01-31,DEVELOPMENT,IPCALAB,IPCALAB,,,,,False,249,249,100.0,0,2020-08-03,2021-07-30,True,2104.4,1,IPCALAB_SEG1,0,True,2089.55,1800.9,489979895.7,48.99798957,225138640.94,22.513864094,332130830.7,33.213083069999996,763368133.4554217,76.33681334554217,True,True,True,True,True,False,,,,,NOT_INDEX_MEMBER_AT_FORMATION
2021-07-31,2020-08-01,2021-07-30,2021-08-02,2022-01-31,DEVELOPMENT,JBCHEPHARM,JBCHEPHARM,,,,,False,249,249,100.0,0,2020-08-03,2021-07-30,True,1813.25,1,JBCHEPHARM_SEG1,0,True,1056.55,729.7,168409910.15,16.840991015,72170018.86,7.217001886,115942207.2,11.594220720000001,304186273.4024096,30.41862734024096,True,True,True,True,True,False,,,,,NOT_INDEX_MEMBER_AT_FORMATION
2021-07-31,2020-08-01,2021-07-30,2021-08-02,2022-01-31,DEVELOPMENT,LAURUSLABS,LAURUSLABS,,,,,False,249,249,100.0,0,2020-08-03,2021-07-30,True,641.5,1,LAURUSLABS_SEG1,0,True,372.7,259.5,1308071046.45,130.807104645,626390435.8,62.63904357999999,890801702.2,89.08017022,1755678559.92992,175.567855992992,True,True,True,True,True,False,,,,,NOT_INDEX_MEMBER_AT_FORMATION
2021-07-31,2020-08-01,2021-07-30,2021-08-02,2022-01-31,DEVELOPMENT,LUPIN,LUPIN,LUPIN,Lupin,2020-03-27,2021-09-29,True,249,249,100.0,0,2020-08-03,2021-07-30,True,1107.4,1,LUPIN_SEG1,0,True,1034.2,858.7,2619769852.5,261.97698525,1231808339.15,123.18083391500001,1607412777.4,160.74127774000002,3270079312.010241,327.0079312010241,True,True,True,True,True,True,,,,,
2021-07-31,2020-08-01,2021-07-30,2021-08-02,2022-01-31,DEVELOPMENT,MANKIND,,,,,,False,249,0,0.0,249,,,False,,0,,0,False,,,,,,,,,,,False,False,False,False,False,False,,,,,NOT_INDEX_MEMBER_AT_FORMATION;INSUFFICIENT_FORMATION_COVERAGE;EXCESSIVE_MISSING_SESSION_GAP;FORMATION_CROSSES_STRUCTURAL_SEGMENT;MEDIAN_PRICE_BELOW_FLOOR;NO_EQ_PRICE_ON_FORMATION_DATE
2021-07-31,2020-08-01,2021-07-30,2021-08-02,2022-01-31,DEVELOPMENT,NATCOPHARM,NATCOPHARM,,,,,False,249,249,100.0,0,2020-08-03,2021-07-30,True,1024.05,1,NATCOPHARM_SEG1,0,True,911.45,751.7,340378260.85,34.037826085,158232348.29,15.823234828999999,221215378.5,22.12153785,547671024.5833334,54.76710245833334,True,True,True,True,True,False,,,,,NOT_INDEX_MEMBER_AT_FORMATION
2021-07-31,2020-08-01,2021-07-30,2021-08-02,2022-01-31,DEVELOPMENT,PEL,PEL,,,,,False,249,249,100.0,0,2020-08-03,2021-07-30,True,2318.6,1,PEL_SEG1,0,True,1564.5,1193.75,1825015705.55,182.501570555,1150477629.54,115.04776295399999,1355316430.2,135.53164302000002,2388414592.6232934,238.84145926232935,True,True,True,True,True,False,,,,,NOT_INDEX_MEMBER_AT_FORMATION
2021-07-31,2020-08-01,2021-07-30,2021-08-02,2022-01-31,DEVELOPMENT,PFIZER,PFIZER,,,,,False,249,249,100.0,0,2020-08-03,2021-07-30,True,5874.05,1,PFIZER_SEG1,0,True,5057.9,4369.85,274407009.4,27.44070094,129433019.92999999,12.943301992999999,194921048.8,19.492104880000003,534303246.1084337,53.43032461084337,True,True,True,True,True,False,,,,,NOT_INDEX_MEMBER_AT_FORMATION
2021-07-31,2020-08-01,2021-07-30,2021-08-02,2022-01-31,DEVELOPMENT,PPLPHARMA,,,,,,False,249,0,0.0,249,,,False,,0,,0,False,,,,,,,,,,,False,False,False,False,False,False,,,,,NOT_INDEX_MEMBER_AT_FORMATION;INSUFFICIENT_FORMATION_COVERAGE;EXCESSIVE_MISSING_SESSION_GAP;FORMATION_CROSSES_STRUCTURAL_SEGMENT;MEDIAN_PRICE_BELOW_FLOOR;NO_EQ_PRICE_ON_FORMATION_DATE
2021-07-31,2020-08-01,2021-07-30,2021-08-02,2022-01-31,DEVELOPMENT,SAILIFE,,,,,,False,249,0,0.0,249,,,False,,0,,0,False,,,,,,,,,,,False,False,False,False,False,False,,,,,NOT_INDEX_MEMBER_AT_FORMATION;INSUFFICIENT_FORMATION_COVERAGE;EXCESSIVE_MISSING_SESSION_GAP;FORMATION_CROSSES_STRUCTURAL_SEGMENT;MEDIAN_PRICE_BELOW_FLOOR;NO_EQ_PRICE_ON_FORMATION_DATE
2021-07-31,2020-08-01,2021-07-30,2021-08-02,2022-01-31,DEVELOPMENT,SANOFI,SANOFI,,,,,False,249,249,100.0,0,2020-08-03,2021-07-30,True,8356.1,1,SANOFI_SEG1,0,True,8041.0,7434.1,154987184.45,15.498718444999998,73094741.61,7.309474161,107855200.25,10.785520025,203167978.8574297,20.31679788574297,True,True,True,True,True,False,,,,,NOT_INDEX_MEMBER_AT_FORMATION
2021-07-31,2020-08-01,2021-07-30,2021-08-02,2022-01-31,DEVELOPMENT,STAR,STAR,,,,,False,249,249,100.0,0,2020-08-03,2021-07-30,True,770.5,1,STAR_SEG2,0,True,785.0,455.8,497332094.65,49.733209464999995,220666538.29,22.066653829,309436996.2,30.94369962,716395118.2204819,71.63951182204819,True,True,True,True,True,False,,,,,NOT_INDEX_MEMBER_AT_FORMATION
2021-07-31,2020-08-01,2021-07-30,2021-08-02,2022-01-31,DEVELOPMENT,SUNPHARMA,SUNPHARMA,SUNPHARMA,Sun Pharmaceutical Industries,2020-03-27,2021-09-29,True,249,249,100.0,0,2020-08-03,2021-07-30,True,773.95,1,SUNPHARMA_SEG1,0,True,595.3,456.35,4137302493.7,413.73024936999997,2328930048.97,232.89300489699997,3048793811.2,304.87938112,4864550377.062049,486.4550377062049,True,True,True,True,True,True,,,,,
2021-07-31,2020-08-01,2021-07-30,2021-08-02,2022-01-31,DEVELOPMENT,TORNTPHARM,TORNTPHARM,TORNTPHARM,Torrent Pharmaceuticals,2020-03-27,2021-09-29,True,249,249,100.0,0,2020-08-03,2021-07-30,True,3071.1,1,TORNTPHARM_SEG1,0,True,2722.15,2366.75,980917640.3,98.09176403,379320892.84000003,37.932089284,613640902.4,61.364090239999996,1268949273.303012,126.89492733030119,True,True,True,True,True,True,,,,,
2021-07-31,2020-08-01,2021-07-30,2021-08-02,2022-01-31,DEVELOPMENT,WOCKPHARMA,WOCKPHARMA,,,,,False,249,249,100.0,0,2020-08-03,2021-07-30,True,529.2,1,WOCKPHARMA_SEG1,0,True,489.5,267.9,312944691.3,31.29446913,88204638.45,8.820463845,180360744.5,18.03607445,697581784.8787149,69.75817848787149,True,True,True,True,True,False,,,,,NOT_INDEX_MEMBER_AT_FORMATION
2021-07-31,2020-08-01,2021-07-30,2021-08-02,2022-01-31,DEVELOPMENT,ZYDUS,CADILAHC,CADILAHC,Cadila Healthcare,2020-03-27,2021-09-29,True,249,249,100.0,0,2020-08-03,2021-07-30,True,586.1,1,ZYDUS_SEG1,0,True,463.7,363.75,1686101848.15,168.610184815,876988067.1,87.69880671,1207469152.95,120.74691529500001,2757324068.5825305,275.73240685825306,True,True,True,True,True,True,,,,,
2022-01-31,2021-02-01,2022-01-31,2022-02-01,2022-07-29,DEVELOPMENT,ABBOTINDIA,ABBOTINDIA,ABBOTINDIA,Abbott India,2021-09-30,2022-03-06,True,248,248,100.0,0,2021-02-01,2022-01-31,True,16079.75,1,ABBOTINDIA_SEG1,0,True,17476.925000000003,14093.85,233223784.375,23.3223784375,119036570.865,11.903657086499999,155792553.26250002,15.579255326250001,314274420.1302419,31.427442013024187,True,True,True,True,True,True,,,,,
2022-01-31,2021-02-01,2022-01-31,2022-02-01,2022-07-29,DEVELOPMENT,AJANTPHARM,AJANTPHARM,,,,,False,248,248,100.0,0,2021-02-01,2022-01-31,True,2200.85,1,AJANTPHARM_SEG1,0,True,2117.675,1708.9,149111268.15,14.911126815000001,70742410.01,7.074241001000001,100249475.94999999,10.024947594999999,206139129.5703629,20.61391295703629,True,True,True,True,True,False,,,,,NOT_INDEX_MEMBER_AT_FORMATION
2022-01-31,2021-02-01,2022-01-31,2022-02-01,2022-07-29,DEVELOPMENT,ALKEM,ALKEM,ALKEM,Alkem Laboratories,2021-09-30,2022-03-06,True,248,248,100.0,0,2021-02-01,2022-01-31,True,3539.15,1,ALKEM_SEG1,0,True,3389.375,2574.8,431184247.3,43.11842473,204208375.15,20.420837515000002,288785845.775,28.878584577499996,594449464.3659275,59.444946436592744,True,True,True,True,True,True,,,,,
2022-01-31,2021-02-01,2022-01-31,2022-02-01,2022-07-29,DEVELOPMENT,APLLTD,APLLTD,APLLTD,Alembic Pharmaceuticals,2021-09-30,2022-03-06,True,248,248,100.0,0,2021-02-01,2022-01-31,True,756.75,1,APLLTD_SEG1,0,True,819.45,734.55,252799598.35,25.279959835,133788069.14500001,13.378806914500002,174137712.775,17.4137712775,370321786.63810486,37.032178663810484,True,True,True,True,True,True,,,,,
2022-01-31,2021-02-01,2022-01-31,2022-02-01,2022-07-29,DEVELOPMENT,AUROPHARMA,AUROPHARMA,AUROPHARMA,Aurobindo Pharma,2021-09-30,2022-03-06,True,248,248,100.0,0,2021-02-01,2022-01-31,True,634.45,1,AUROPHARMA_SEG1,0,True,843.55,608.8,1617867978.75,161.786797875,938609028.82,93.860902882,1230925736.975,123.09257369749999,2131559914.529637,213.15599145296372,True,True,True,True,True,True,,,,,
2022-01-31,2021-02-01,2022-01-31,2022-02-01,2022-07-29,DEVELOPMENT,BIOCON,BIOCON,BIOCON,Biocon,2021-09-30,2022-03-06,True,248,248,100.0,0,2021-02-01,2022-01-31,True,367.1,1,BIOCON_SEG1,0,True,380.42499999999995,321.3,909917651.875,90.9917651875,424975137.37,42.497513737,584212878.5375,58.42128785375,1177639752.8411288,117.76397528411289,True,True,True,True,True,True,,,,,
2022-01-31,2021-02-01,2022-01-31,2022-02-01,2022-07-29,DEVELOPMENT,CIPLA,CIPLA,CIPLA,Cipla,2021-09-30,2022-03-06,True,248,248,100.0,0,2021-02-01,2022-01-31,True,945.0,1,CIPLA_SEG1,0,True,912.6,755.15,2220743401.35,222.074340135,1180621791.8750002,118.06217918750002,1612298007.4375,161.22980074375,3385841330.7040324,338.58413307040325,True,True,True,True,True,True,,,,,
2022-01-31,2021-02-01,2022-01-31,2022-02-01,2022-07-29,DEVELOPMENT,DIVISLAB,DIVISLAB,DIVISLAB,Divi's Laboratories,2021-09-30,2022-03-06,True,248,248,100.0,0,2021-02-01,2022-01-31,True,4036.1,1,DIVISLAB_SEG1,0,True,4518.174999999999,3272.9,2152039764.95,215.20397649499998,1339333026.725,133.9333026725,1631269800.75,163.126980075,2680923556.879637,268.0923556879637,True,True,True,True,True,True,,,,,
2022-01-31,2021-02-01,2022-01-31,2022-02-01,2022-07-29,DEVELOPMENT,DRREDDY,DRREDDY,DRREDDY,Dr. Reddy's Laboratories,2021-09-30,2022-03-06,True,248,248,100.0,0,2021-02-01,2022-01-31,True,4302.8,1,DRREDDY_SEG1,0,True,4787.525,4212.75,2681053732.825,268.10537328249995,1195902589.385,119.5902589385,1639329550.7124999,163.93295507124998,3675638792.5014105,367.56387925014104,True,True,True,True,True,True,,,,,
2022-01-31,2021-02-01,2022-01-31,2022-02-01,2022-07-29,DEVELOPMENT,GLAND,GLAND,GLAND,Gland Pharma,2021-09-30,2022-03-06,True,248,248,100.0,0,2021-02-01,2022-01-31,True,3428.15,1,GLAND_SEG1,0,True,3542.0,2078.1,579136306.0250001,57.91363060250001,274052854.98,27.405285498,394285722.725,39.428572272500006,861825439.9949597,86.18254399949598,True,True,True,True,True,True,,,,,
2022-01-31,2021-02-01,2022-01-31,2022-02-01,2022-07-29,DEVELOPMENT,GLAXO,GLAXO,,,,,False,248,248,100.0,0,2021-02-01,2022-01-31,True,1563.35,1,GLAXO_SEG1,0,True,1516.3000000000002,1401.55,69206743.69999999,6.920674369999999,31837009.965,3.1837009965,42932238.949999996,4.293223895,115246860.83810483,11.524686083810483,True,True,True,True,True,False,,,,,NOT_INDEX_MEMBER_AT_FORMATION
2022-01-31,2021-02-01,2022-01-31,2022-02-01,2022-07-29,DEVELOPMENT,GLENMARK,GLENMARK,GLENMARK,Glenmark Pharmaceuticals,2021-09-30,2022-03-06,True,248,248,100.0,0,2021-02-01,2022-01-31,True,486.55,1,GLENMARK_SEG1,0,True,519.9749999999999,443.95,747473295.4,74.74732954,427694586.4500001,42.76945864500001,542737452.375,54.2737452375,1171366139.6951613,117.13661396951613,True,True,True,True,True,True,,,,,
2022-01-31,2021-02-01,2022-01-31,2022-02-01,2022-07-29,DEVELOPMENT,GRANULES,GRANULES,GRANULES,Granules India,2021-09-30,2022-03-06,True,248,248,100.0,0,2021-02-01,2022-01-31,True,304.1,1,GRANULES_SEG1,0,True,327.975,294.0,713372514.9749999,71.33725149749999,358660144.445,35.866014444499996,482140089.92499995,48.2140089925,1023877497.7792338,102.38774977792337,True,True,True,True,True,True,,,,,
2022-01-31,2021-02-01,2022-01-31,2022-02-01,2022-07-29,DEVELOPMENT,IPCALAB,IPCALAB,IPCALAB,IPCA Laboratories,2021-09-30,2022-03-06,True,248,248,100.0,0,2021-02-01,2022-01-31,True,1034.65,1,IPCALAB_SEG1,0,True,2095.725,1005.5,444921817.125,44.4921817125,224605310.885,22.460531088499998,331911792.17499995,33.19117921749999,715494271.9074597,71.54942719074597,True,True,True,True,True,True,,,,,
2022-01-31,2021-02-01,2022-01-31,2022-02-01,2022-07-29,DEVELOPMENT,JBCHEPHARM,JBCHEPHARM,,,,,False,248,248,100.0,0,2021-02-01,2022-01-31,True,1740.7,1,JBCHEPHARM_SEG1,0,True,1647.775,987.15,178171526.75,17.817152675,73556167.34,7.355616734000001,118828132.5375,11.88281325375,252098212.71774194,25.209821271774192,True,True,True,True,True,False,,,,,NOT_INDEX_MEMBER_AT_FORMATION
2022-01-31,2021-02-01,2022-01-31,2022-02-01,2022-07-29,DEVELOPMENT,LAURUSLABS,LAURUSLABS,LAURUSLABS,Laurus Labs,2021-09-30,2022-03-06,True,248,248,100.0,0,2021-02-01,2022-01-31,True,502.7,1,LAURUSLABS_SEG1,0,True,519.875,341.7,1330171826.875,133.0171826875,656099178.715,65.6099178715,922961092.725,92.2961092725,1729341647.8681452,172.93416478681453,True,True,True,True,True,True,,,,,
2022-01-31,2021-02-01,2022-01-31,2022-02-01,2022-07-29,DEVELOPMENT,LUPIN,LUPIN,LUPIN,Lupin,2021-09-30,2022-03-06,True,248,248,100.0,0,2021-02-01,2022-01-31,True,908.1,1,LUPIN_SEG1,0,True,1007.0999999999999,858.25,1430435878.275,143.0435878275,693274250.82,69.327425082,967463363.1125,96.74633631124999,1977007831.3560486,197.70078313560487,True,True,True,True,True,True,,,,,
2022-01-31,2021-02-01,2022-01-31,2022-02-01,2022-07-29,DEVELOPMENT,MANKIND,,,,,,False,248,0,0.0,248,,,False,,0,,0,False,,,,,,,,,,,False,False,False,False,False,False,,,,,NOT_INDEX_MEMBER_AT_FORMATION;INSUFFICIENT_FORMATION_COVERAGE;EXCESSIVE_MISSING_SESSION_GAP;FORMATION_CROSSES_STRUCTURAL_SEGMENT;MEDIAN_PRICE_BELOW_FLOOR;NO_EQ_PRICE_ON_FORMATION_DATE
2022-01-31,2021-02-01,2022-01-31,2022-02-01,2022-07-29,DEVELOPMENT,NATCOPHARM,NATCOPHARM,NATCOPHARM,Natco Pharma,2021-09-30,2022-03-06,True,248,248,100.0,0,2021-02-01,2022-01-31,True,910.35,1,NATCOPHARM_SEG1,0,True,902.8,790.4,267493704.075,26.7493704075,103273608.11500001,10.3273608115,152134914.02499998,15.213491402499997,422255410.77479833,42.22554107747983,True,True,True,True,True,True,,,,,
2022-01-31,2021-02-01,2022-01-31,2022-02-01,2022-07-29,DEVELOPMENT,PEL,PEL,,,,,False,248,248,100.0,0,2021-02-01,2022-01-31,True,2391.55,1,PEL_SEG1,0,True,2411.55,1404.55,1703843718.275,170.38437182750002,964248909.1850001,96.42489091850001,1216212369.475,121.6212369475,2366352712.2685485,236.63527122685485,True,True,True,True,True,False,,,,,NOT_INDEX_MEMBER_AT_FORMATION
2022-01-31,2021-02-01,2022-01-31,2022-02-01,2022-07-29,DEVELOPMENT,PFIZER,PFIZER,PFIZER,Pfizer,2021-09-30,2022-03-06,True,248,248,100.0,0,2021-02-01,2022-01-31,True,4529.75,1,PFIZER_SEG1,0,True,5191.15,4369.85,229975708.975,22.9975708975,108288296.73,10.828829673,154984365.5375,15.498436553749999,398734713.8836693,39.87347138836693,True,True,True,True,True,True,,,,,
2022-01-31,2021-02-01,2022-01-31,2022-02-01,2022-07-29,DEVELOPMENT,PPLPHARMA,,,,,,False,248,0,0.0,248,,,False,,0,,0,False,,,,,,,,,,,False,False,False,False,False,False,,,,,NOT_INDEX_MEMBER_AT_FORMATION;INSUFFICIENT_FORMATION_COVERAGE;EXCESSIVE_MISSING_SESSION_GAP;FORMATION_CROSSES_STRUCTURAL_SEGMENT;MEDIAN_PRICE_BELOW_FLOOR;NO_EQ_PRICE_ON_FORMATION_DATE
2022-01-31,2021-02-01,2022-01-31,2022-02-01,2022-07-29,DEVELOPMENT,SAILIFE,,,,,,False,248,0,0.0,248,,,False,,0,,0,False,,,,,,,,,,,False,False,False,False,False,False,,,,,NOT_INDEX_MEMBER_AT_FORMATION;INSUFFICIENT_FORMATION_COVERAGE;EXCESSIVE_MISSING_SESSION_GAP;FORMATION_CROSSES_STRUCTURAL_SEGMENT;MEDIAN_PRICE_BELOW_FLOOR;NO_EQ_PRICE_ON_FORMATION_DATE
2022-01-31,2021-02-01,2022-01-31,2022-02-01,2022-07-29,DEVELOPMENT,SANOFI,SANOFI,,,,,False,248,248,100.0,0,2021-02-01,2022-01-31,True,7561.1,1,SANOFI_SEG1,0,True,7890.25,7004.95,140013631.0,14.0013631,61779132.22,6.177913222,83741572.13749999,8.37415721375,194448667.60241932,19.444866760241933,True,True,True,True,True,False,,,,,NOT_INDEX_MEMBER_AT_FORMATION
2022-01-31,2021-02-01,2022-01-31,2022-02-01,2022-07-29,DEVELOPMENT,STAR,STAR,STAR,Strides Pharma Science,2021-09-30,2022-03-06,True,248,248,100.0,0,2021-02-01,2022-01-31,True,394.35,1,STAR_SEG2,0,True,755.425,373.75,384035454.85,38.403545485,195394665.95500004,19.539466595500006,256303918.6875,25.63039186875,533552183.69334674,53.35521836933467,True,True,True,True,True,True,,,,,
2022-01-31,2021-02-01,2022-01-31,2022-02-01,2022-07-29,DEVELOPMENT,SUNPHARMA,SUNPHARMA,SUNPHARMA,Sun Pharmaceutical Industries,2021-09-30,2022-03-06,True,248,248,100.0,0,2021-02-01,2022-01-31,True,834.5,1,SUNPHARMA_SEG1,0,True,744.5250000000001,574.55,3003849464.6499996,300.384946465,1600032357.4850001,160.0032357485,2026848682.95,202.684868295,3835447518.4544353,383.54475184544356,True,True,True,True,True,True,,,,,
2022-01-31,2021-02-01,2022-01-31,2022-02-01,2022-07-29,DEVELOPMENT,TORNTPHARM,TORNTPHARM,TORNTPHARM,Torrent Pharmaceuticals,2021-09-30,2022-03-06,True,248,248,100.0,0,2021-02-01,2022-01-31,True,2671.45,1,TORNTPHARM_SEG1,0,True,2929.775,2366.75,498872198.975,49.8872198975,238674459.66,23.867445966,320998427.425,32.0998427425,757792172.2427418,75.77921722427418,True,True,True,True,True,True,,,,,
2022-01-31,2021-02-01,2022-01-31,2022-02-01,2022-07-29,DEVELOPMENT,WOCKPHARMA,WOCKPHARMA,,,,,False,248,248,100.0,0,2021-02-01,2022-01-31,True,393.8,1,WOCKPHARMA_SEG1,0,True,467.07500000000005,390.05,278210000.525,27.821000052499997,147451227.37,14.745122737,185400116.55,18.540011655,647448901.1207662,64.74489011207662,True,True,True,True,True,False,,,,,NOT_INDEX_MEMBER_AT_FORMATION
2022-01-31,2021-02-01,2022-01-31,2022-02-01,2022-07-29,DEVELOPMENT,ZYDUS,CADILAHC,CADILAHC,Cadila Healthcare,2021-09-30,2022-03-06,True,248,248,100.0,0,2021-02-01,2022-01-31,True,406.5,1,ZYDUS_SEG1,0,True,528.65,384.4,1236352650.225,123.6352650225,664794389.84,66.479438984,844282877.9625,84.42828779625,2336007960.140121,233.6007960140121,True,True,True,True,True,True,,,,,
2022-07-31,2021-08-01,2022-07-29,2022-08-01,2023-01-31,DEVELOPMENT,ABBOTINDIA,ABBOTINDIA,ABBOTINDIA,Abbott India,2022-03-07,2022-09-29,True,249,249,100.0,0,2021-08-02,2022-07-29,True,20015.1,1,ABBOTINDIA_SEG1,0,True,18314.05,15562.6,251335962.1,25.13359621,139406251.06,13.940625106,182063842.1,18.20638421,352151131.8313253,35.21511318313253,True,True,True,True,True,True,,,,,
2022-07-31,2021-08-01,2022-07-29,2022-08-01,2023-01-31,DEVELOPMENT,AJANTPHARM,AJANTPHARM,,,,,False,249,249,100.0,0,2021-08-02,2022-07-29,True,1278.6,1,AJANTPHARM_SEG1,0,True,2080.25,1182.75,114823753.5,11.48237535,55142462.36,5.514246236,77539737.3,7.753973729999999,150642333.5692771,15.06423335692771,True,True,True,True,True,False,,,,,NOT_INDEX_MEMBER_AT_FORMATION
2022-07-31,2021-08-01,2022-07-29,2022-08-01,2023-01-31,DEVELOPMENT,ALKEM,ALKEM,ALKEM,Alkem Laboratories,2022-03-07,2022-09-29,True,249,249,100.0,0,2021-08-02,2022-07-29,True,3225.15,1,ALKEM_SEG1,0,True,3460.95,2902.75,321521391.35,32.152139135000006,139154399.64999998,13.915439964999997,207077927.55,20.707792755,438942729.8056225,43.89427298056225,True,True,True,True,True,True,,,,,
2022-07-31,2021-08-01,2022-07-29,2022-08-01,2023-01-31,DEVELOPMENT,APLLTD,APLLTD,APLLTD,Alembic Pharmaceuticals,2022-03-07,2022-09-29,True,249,249,100.0,0,2021-08-02,2022-07-29,True,702.0,1,APLLTD_SEG1,0,True,760.05,691.9,163554054.3,16.35540543,50305325.3,5.0305325299999994,97512080.35,9.751208035,228803628.00863454,22.880362800863455,True,True,True,True,True,True,,,,,
2022-07-31,2021-08-01,2022-07-29,2022-08-01,2023-01-31,DEVELOPMENT,AUROPHARMA,AUROPHARMA,AUROPHARMA,Aurobindo Pharma,2022-03-07,2022-09-29,True,249,249,100.0,0,2021-08-02,2022-07-29,True,547.0,1,AUROPHARMA_SEG1,0,True,674.65,509.75,1180174738.9,118.01747389,638091811.0600001,63.809181106000004,855201355.3,85.52013552999999,1605945841.9248996,160.59458419248995,True,True,True,True,True,True,,,,,
2022-07-31,2021-08-01,2022-07-29,2022-08-01,2023-01-31,DEVELOPMENT,BIOCON,BIOCON,BIOCON,Biocon,2022-03-07,2022-09-29,True,249,249,100.0,0,2021-08-02,2022-07-29,True,307.2,1,BIOCON_SEG1,0,True,353.35,306.75,680868051.0,68.0868051,350333275.90999997,35.033327590999995,459509224.05,45.950922405,968930888.3068274,96.89308883068274,True,True,True,True,True,True,,,,,
2022-07-31,2021-08-01,2022-07-29,2022-08-01,2023-01-31,DEVELOPMENT,CIPLA,CIPLA,CIPLA,Cipla,2022-03-07,2022-09-29,True,249,249,100.0,0,2021-08-02,2022-07-29,True,977.4,1,CIPLA_SEG1,0,True,937.6,860.2,1791196787.55,179.119678755,973692417.6,97.36924176000001,1306481442.4,130.64814424000002,2208926073.840161,220.8926073840161,True,True,True,True,True,True,,,,,
2022-07-31,2021-08-01,2022-07-29,2022-08-01,2023-01-31,DEVELOPMENT,DIVISLAB,DIVISLAB,DIVISLAB,Divi's Laboratories,2022-03-07,2022-09-29,True,249,249,100.0,0,2021-08-02,2022-07-29,True,3831.65,1,DIVISLAB_SEG1,0,True,4494.65,3448.7,1801868218.35,180.186821835,1100088837.26,110.008883726,1443143099.6,144.31430996,2341010340.923494,234.10103409234938,True,True,True,True,True,True,,,,,
2022-07-31,2021-08-01,2022-07-29,2022-08-01,2023-01-31,DEVELOPMENT,DRREDDY,DRREDDY,DRREDDY,Dr. Reddy's Laboratories,2022-03-07,2022-09-29,True,249,249,100.0,0,2021-08-02,2022-07-29,True,4090.35,1,DRREDDY_SEG1,0,True,4483.7,3718.85,1705818546.05,170.581854605,1011688262.95,101.168826295,1311316763.15,131.13167631500002,2136311673.9385543,213.63116739385543,True,True,True,True,True,True,,,,,
2022-07-31,2021-08-01,2022-07-29,2022-08-01,2023-01-31,DEVELOPMENT,GLAND,GLAND,GLAND,Gland Pharma,2022-03-07,2022-09-29,True,249,249,100.0,0,2021-08-02,2022-07-29,True,2260.55,1,GLAND_SEG1,0,True,3483.15,2207.35,521434168.3,52.14341683,259185356.99,25.918535699,356870809.55,35.687080955,783413912.7781124,78.34139127781124,True,True,True,True,True,True,,,,,
2022-07-31,2021-08-01,2022-07-29,2022-08-01,2023-01-31,DEVELOPMENT,GLAXO,GLAXO,,,,,False,249,249,100.0,0,2021-08-02,2022-07-29,True,1406.3,1,GLAXO_SEG1,0,True,1551.05,1399.2,56443764.8,5.64437648,26180408.81,2.6180408809999998,35784177.9,3.57841779,100918707.74056226,10.091870774056225,True,True,True,True,True,False,,,,,NOT_INDEX_MEMBER_AT_FORMATION
2022-07-31,2021-08-01,2022-07-29,2022-08-01,2023-01-31,DEVELOPMENT,GLENMARK,GLENMARK,GLENMARK,Glenmark Pharmaceuticals,2022-03-07,2022-09-29,True,249,249,100.0,0,2021-08-02,2022-07-29,True,380.85,1,GLENMARK_SEG1,0,True,487.2,352.45,419362718.7,41.93627187,200892714.43,20.089271443,289272341.8,28.927234180000003,532858031.78433734,53.28580317843373,True,True,True,True,True,True,,,,,
2022-07-31,2021-08-01,2022-07-29,2022-08-01,2023-01-31,DEVELOPMENT,GRANULES,GRANULES,GRANULES,Granules India,2022-03-07,2022-09-29,True,249,249,100.0,0,2021-08-02,2022-07-29,True,299.65,1,GRANULES_SEG1,0,True,310.3,233.35,410107303.75,41.010730375,176259306.53,17.625930653,242110906.25,24.211090625,539107204.2281125,53.910720422811245,True,True,True,True,True,True,,,,,
2022-07-31,2021-08-01,2022-07-29,2022-08-01,2023-01-31,DEVELOPMENT,IPCALAB,IPCALAB,IPCALAB,IPCA Laboratories,2022-03-07,2022-09-29,True,249,249,100.0,0,2021-08-02,2022-07-29,True,1000.25,1,IPCALAB_SEG1,0,True,1045.3,858.8,392375500.1,39.23755001,153787733.81,15.378773381,251273318.7,25.12733187,630512381.6309237,63.05123816309237,True,True,True,True,True,True,,,,,
2022-07-31,2021-08-01,2022-07-29,2022-08-01,2023-01-31,DEVELOPMENT,JBCHEPHARM,JBCHEPHARM,,,,,False,249,249,100.0,0,2021-08-02,2022-07-29,True,1770.1,1,JBCHEPHARM_SEG1,0,True,1657.15,1438.65,123614461.35,12.361446135,43992534.68,4.399253468,71852210.25,7.185221025,167107579.66927707,16.71075796692771,True,True,True,True,True,False,,,,,NOT_INDEX_MEMBER_AT_FORMATION
2022-07-31,2021-08-01,2022-07-29,2022-08-01,2023-01-31,DEVELOPMENT,LAURUSLABS,LAURUSLABS,LAURUSLABS,Laurus Labs,2022-03-07,2022-09-29,True,249,249,100.0,0,2021-08-02,2022-07-29,True,522.7,1,LAURUSLABS_SEG1,0,True,542.6,443.05,1000341697.15,100.034169715,455478791.62,45.547879162,641982255.25,64.198225525,1309999552.1516063,130.99995521516064,True,True,True,True,True,True,,,,,
2022-07-31,2021-08-01,2022-07-29,2022-08-01,2023-01-31,DEVELOPMENT,LUPIN,LUPIN,LUPIN,Lupin,2022-03-07,2022-09-29,True,249,249,100.0,0,2021-08-02,2022-07-29,True,644.1,1,LUPIN_SEG1,0,True,872.2,590.25,931251811.5,93.12518115,453898168.23,45.389816823000004,627565098.35,62.756509835,1211561107.310241,121.1561107310241,True,True,True,True,True,True,,,,,
2022-07-31,2021-08-01,2022-07-29,2022-08-01,2023-01-31,DEVELOPMENT,MANKIND,,,,,,False,249,0,0.0,249,,,False,,0,,0,False,,,,,,,,,,,False,False,False,False,False,False,,,,,NOT_INDEX_MEMBER_AT_FORMATION;INSUFFICIENT_FORMATION_COVERAGE;EXCESSIVE_MISSING_SESSION_GAP;FORMATION_CROSSES_STRUCTURAL_SEGMENT;MEDIAN_PRICE_BELOW_FLOOR;NO_EQ_PRICE_ON_FORMATION_DATE
2022-07-31,2021-08-01,2022-07-29,2022-08-01,2023-01-31,DEVELOPMENT,NATCOPHARM,NATCOPHARM,NATCOPHARM,Natco Pharma,2022-03-07,2022-09-29,True,249,249,100.0,0,2021-08-02,2022-07-29,True,682.15,1,NATCOPHARM_SEG1,0,True,841.8,632.8,140657762.5,14.06577625,65964880.09,6.596488009000001,86508144.2,8.65081442,196250086.67971888,19.625008667971887,True,True,True,True,True,True,,,,,
2022-07-31,2021-08-01,2022-07-29,2022-08-01,2023-01-31,DEVELOPMENT,PEL,PEL,,,,,False,249,249,100.0,0,2021-08-02,2022-07-29,True,1770.05,1,PEL_SEG1,0,True,2442.7,1588.05,1392754887.45,139.27548874500002,689191076.6899999,68.919107669,964902494.0,96.4902494,1869417668.265462,186.9417668265462,True,True,True,True,True,False,,,,,NOT_INDEX_MEMBER_AT_FORMATION
2022-07-31,2021-08-01,2022-07-29,2022-08-01,2023-01-31,DEVELOPMENT,PFIZER,PFIZER,PFIZER,Pfizer,2022-03-07,2022-09-29,True,249,249,100.0,0,2021-08-02,2022-07-29,True,4183.7,1,PFIZER_SEG1,0,True,4537.5,4080.35,139089012.8,13.908901280000002,36594138.760000005,3.6594138760000003,75375179.9,7.5375179900000004,198939260.7259036,19.89392607259036,True,True,True,True,True,True,,,,,
2022-07-31,2021-08-01,2022-07-29,2022-08-01,2023-01-31,DEVELOPMENT,PPLPHARMA,,,,,,False,249,0,0.0,249,,,False,,0,,0,False,,,,,,,,,,,False,False,False,False,False,False,,,,,NOT_INDEX_MEMBER_AT_FORMATION;INSUFFICIENT_FORMATION_COVERAGE;EXCESSIVE_MISSING_SESSION_GAP;FORMATION_CROSSES_STRUCTURAL_SEGMENT;MEDIAN_PRICE_BELOW_FLOOR;NO_EQ_PRICE_ON_FORMATION_DATE
2022-07-31,2021-08-01,2022-07-29,2022-08-01,2023-01-31,DEVELOPMENT,SAILIFE,,,,,,False,249,0,0.0,249,,,False,,0,,0,False,,,,,,,,,,,False,False,False,False,False,False,,,,,NOT_INDEX_MEMBER_AT_FORMATION;INSUFFICIENT_FORMATION_COVERAGE;EXCESSIVE_MISSING_SESSION_GAP;FORMATION_CROSSES_STRUCTURAL_SEGMENT;MEDIAN_PRICE_BELOW_FLOOR;NO_EQ_PRICE_ON_FORMATION_DATE
2022-07-31,2021-08-01,2022-07-29,2022-08-01,2023-01-31,DEVELOPMENT,SANOFI,SANOFI,,,,,False,249,249,100.0,0,2021-08-02,2022-07-29,True,6335.0,1,SANOFI_SEG1,0,True,7519.35,6335.0,103247128.0,10.3247128,37824457.42,3.782445742,60744359.95,6.074435995,150176425.4817269,15.017642548172692,True,True,True,True,True,False,,,,,NOT_INDEX_MEMBER_AT_FORMATION
2022-07-31,2021-08-01,2022-07-29,2022-08-01,2023-01-31,DEVELOPMENT,STAR,STAR,STAR,Strides Pharma Science,2022-03-07,2022-09-29,True,249,249,100.0,0,2021-08-02,2022-07-29,True,331.45,1,STAR_SEG2,0,True,395.0,266.4,319162457.65,31.916245765,126766422.88,12.676642288,194990589.05,19.499058905000002,432233099.4309237,43.22330994309237,True,True,True,True,True,True,,,,,
2022-07-31,2021-08-01,2022-07-29,2022-08-01,2023-01-31,DEVELOPMENT,SUNPHARMA,SUNPHARMA,SUNPHARMA,Sun Pharmaceutical Industries,2022-03-07,2022-09-29,True,249,249,100.0,0,2021-08-02,2022-07-29,True,943.2,1,SUNPHARMA_SEG1,0,True,830.6,737.15,2375934376.6,237.59343765999998,1411126058.72,141.112605872,1809491939.7,180.94919397,3000342351.8295183,300.0342351829518,True,True,True,True,True,True,,,,,
2022-07-31,2021-08-01,2022-07-29,2022-08-01,2023-01-31,DEVELOPMENT,TORNTPHARM,TORNTPHARM,TORNTPHARM,Torrent Pharmaceuticals,2022-03-07,2022-09-29,True,249,249,100.0,0,2021-08-02,2022-07-29,True,1528.8,1,TORNTPHARM_SEG1,0,True,2853.7,1466.7,373823353.05,37.382335305,208571666.12,20.857166612,270155479.1,27.015547910000002,584840258.0757027,58.48402580757027,True,True,True,True,True,True,,,,,
2022-07-31,2021-08-01,2022-07-29,2022-08-01,2023-01-31,DEVELOPMENT,WOCKPHARMA,WOCKPHARMA,,,,,False,249,249,100.0,0,2021-08-02,2022-07-29,True,221.05,1,WOCKPHARMA_SEG1,0,True,393.9,205.65,171292806.9,17.12928069,79400222.77,7.940022277,111898343.2,11.189834320000001,271803962.1044177,27.180396210441767,True,True,True,True,True,False,,,,,NOT_INDEX_MEMBER_AT_FORMATION
2022-07-31,2021-08-01,2022-07-29,2022-08-01,2023-01-31,DEVELOPMENT,ZYDUS,ZYDUSLIFE,ZYDUSLIFE,Zydus Lifesciences,2022-03-07,2022-09-29,True,249,249,100.0,0,2021-08-02,2022-07-29,True,346.8,1,ZYDUS_SEG1,0,True,406.5,330.1,695834231.3,69.58342313,247518120.71,24.751812071,369552378.45,36.955237845,855814420.9106425,85.58144209106425,True,True,True,True,True,True,,,,,
2023-01-31,2022-02-01,2023-01-31,2023-02-01,2023-07-31,DEVELOPMENT,ABBOTINDIA,ABBOTINDIA,ABBOTINDIA,Abbott India,2022-09-30,2024-03-27,True,249,249,100.0,0,2022-02-01,2023-01-31,True,20817.05,1,ABBOTINDIA_SEG1,0,True,18355.75,15562.6,262003023.0,26.2003023,145798748.73999998,14.579874873999998,182656266.95,18.265626694999998,329051889.3516064,32.905188935160645,True,True,True,True,True,True,,,,,
2023-01-31,2022-02-01,2023-01-31,2023-02-01,2023-07-31,DEVELOPMENT,AJANTPHARM,AJANTPHARM,,,,,False,249,249,100.0,0,2022-02-01,2023-01-31,True,1209.8,1,AJANTPHARM_SEG1,0,True,1294.95,1159.95,87800396.7,8.78003967,35076062.3,3.5076062299999995,56497767.8,5.64977678,127254648.39196786,12.725464839196786,True,True,True,True,True,False,,,,,NOT_INDEX_MEMBER_AT_FORMATION
2023-01-31,2022-02-01,2023-01-31,2023-02-01,2023-07-31,DEVELOPMENT,ALKEM,ALKEM,ALKEM,Alkem Laboratories,2022-09-30,2024-03-27,True,249,249,100.0,0,2022-02-01,2023-01-31,True,3011.3,1,ALKEM_SEG1,0,True,3124.2,2902.75,243044441.55,24.304444155000002,88414629.71000001,8.841462971,136172043.2,13.617204319999999,311389769.29277104,31.138976929277103,True,True,True,True,True,True,,,,,
2023-01-31,2022-02-01,2023-01-31,2023-02-01,2023-07-31,DEVELOPMENT,APLLTD,APLLTD,,,,,False,249,249,100.0,0,2022-02-01,2023-01-31,True,538.25,1,APLLTD_SEG1,0,True,699.95,536.6,73607382.55,7.360738254999999,23962036.439999998,2.396203644,41796536.25,4.179653625,116832611.04919678,11.683261104919678,True,True,True,True,True,False,,,,,NOT_INDEX_MEMBER_AT_FORMATION
2023-01-31,2022-02-01,2023-01-31,2023-02-01,2023-07-31,DEVELOPMENT,AUROPHARMA,AUROPHARMA,AUROPHARMA,Aurobindo Pharma,2022-09-30,2024-03-27,True,249,249,100.0,0,2022-02-01,2023-01-31,True,408.15,1,AUROPHARMA_SEG1,0,True,539.9,408.15,732237324.75,73.223732475,413776016.56,41.377601656,520573777.75,52.057377775,998723777.3136547,99.87237773136546,True,True,True,True,True,True,,,,,
2023-01-31,2022-02-01,2023-01-31,2023-02-01,2023-07-31,DEVELOPMENT,BIOCON,BIOCON,BIOCON,Biocon,2022-09-30,2024-03-27,True,249,249,100.0,0,2022-02-01,2023-01-31,True,235.05,1,BIOCON_SEG1,0,True,313.45,233.45,571306706.75,57.130670675,300937414.31,30.093741431,381806545.2,38.18065452,757895643.4008032,75.78956434008032,True,True,True,True,True,True,,,,,
2023-01-31,2022-02-01,2023-01-31,2023-02-01,2023-07-31,DEVELOPMENT,CIPLA,CIPLA,CIPLA,Cipla,2022-09-30,2024-03-27,True,249,249,100.0,0,2022-02-01,2023-01-31,True,1017.95,1,CIPLA_SEG1,0,True,1027.85,895.8,1645265486.2,164.52654862,884830714.78,88.483071478,1193425804.75,119.342580475,1905994364.3008034,190.59943643008035,True,True,True,True,True,True,,,,,
2023-01-31,2022-02-01,2023-01-31,2023-02-01,2023-07-31,DEVELOPMENT,DIVISLAB,DIVISLAB,DIVISLAB,Divi's Laboratories,2022-09-30,2024-03-27,True,249,249,100.0,0,2022-02-01,2023-01-31,True,3315.3,1,DIVISLAB_SEG1,0,True,3661.7,3265.95,1445419866.9,144.54198669000002,800549569.59,80.05495695900001,1081987590.8,108.19875908,1954121823.8883533,195.41218238883533,True,True,True,True,True,True,,,,,
2023-01-31,2022-02-01,2023-01-31,2023-02-01,2023-07-31,DEVELOPMENT,DRREDDY,DRREDDY,DRREDDY,Dr. Reddy's Laboratories,2022-09-30,2024-03-27,True,249,249,100.0,0,2022-02-01,2023-01-31,True,4324.15,1,DRREDDY_SEG1,0,True,4307.45,3718.85,1545727576.35,154.572757635,872637296.41,87.263729641,1134489101.15,113.448910115,1951149288.984739,195.11492889847392,True,True,True,True,True,True,,,,,
2023-01-31,2022-02-01,2023-01-31,2023-02-01,2023-07-31,DEVELOPMENT,GLAND,GLAND,GLAND,Gland Pharma,2022-09-30,2024-03-27,True,249,249,100.0,0,2022-02-01,2023-01-31,True,1301.0,1,GLAND_SEG1,0,True,2411.6,1301.0,491086498.6,49.10864986,248539788.96,24.853978896,339577392.4,33.957739239999995,827799039.0873494,82.77990390873494,True,True,True,True,True,True,,,,,
2023-01-31,2022-02-01,2023-01-31,2023-02-01,2023-07-31,DEVELOPMENT,GLAXO,GLAXO,GLAXO,GlaxoSmithKline Pharmaceuticals,2022-09-30,2024-03-27,True,249,249,100.0,0,2022-02-01,2023-01-31,True,1246.2,1,GLAXO_SEG1,0,True,1468.0,1246.2,47203895.65,4.720389565,21411356.73,2.141135673,31287619.35,3.128761935,74047942.55783133,7.404794255783133,True,True,True,True,True,True,,,,,
2023-01-31,2022-02-01,2023-01-31,2023-02-01,2023-07-31,DEVELOPMENT,GLENMARK,GLENMARK,GLENMARK,Glenmark Pharmaceuticals,2022-09-30,2024-03-27,True,249,249,100.0,0,2022-02-01,2023-01-31,True,384.0,1,GLENMARK_SEG1,0,True,409.45,352.45,314356180.45,31.435618045,176545382.55,17.654538255000002,228798085.7,22.879808569999998,386051793.18795186,38.60517931879519,True,True,True,True,True,True,,,,,
2023-01-31,2022-02-01,2023-01-31,2023-02-01,2023-07-31,DEVELOPMENT,GRANULES,GRANULES,GRANULES,Granules India,2022-09-30,2024-03-27,True,249,249,100.0,0,2022-02-01,2023-01-31,True,295.65,1,GRANULES_SEG1,0,True,309.2,233.35,296191498.25,29.619149825,149674080.9,14.967408090000001,198919253.9,19.89192539,422364982.6309236,42.236498263092365,True,True,True,True,True,True,,,,,
2023-01-31,2022-02-01,2023-01-31,2023-02-01,2023-07-31,DEVELOPMENT,IPCALAB,IPCALAB,IPCALAB,IPCA Laboratories,2022-09-30,2024-03-27,True,249,249,100.0,0,2022-02-01,2023-01-31,True,849.85,1,IPCALAB_SEG1,0,True,912.35,836.7,241690521.3,24.16905213,98887395.66000001,9.888739566000002,154663814.2,15.46638142,302024829.5405623,30.202482954056226,True,True,True,True,True,True,,,,,
2023-01-31,2022-02-01,2023-01-31,2023-02-01,2023-07-31,DEVELOPMENT,JBCHEPHARM,JBCHEPHARM,,,,,False,249,249,100.0,0,2022-02-01,2023-01-31,True,2042.9,1,JBCHEPHARM_SEG1,0,True,1782.6,1438.65,102573349.15,10.257334915000001,38978363.879999995,3.8978363879999995,60672309.6,6.06723096,129672834.7248996,12.96728347248996,True,True,True,True,True,False,,,,,NOT_INDEX_MEMBER_AT_FORMATION
2023-01-31,2022-02-01,2023-01-31,2023-02-01,2023-07-31,DEVELOPMENT,LAURUSLABS,LAURUSLABS,LAURUSLABS,Laurus Labs,2022-09-30,2024-03-27,True,249,249,100.0,0,2022-02-01,2023-01-31,True,330.3,1,LAURUSLABS_SEG1,0,True,523.4,330.3,625328670.85,62.532867085,330905122.58000004,33.090512258000004,464452365.35,46.445236535,849393426.9415663,84.93934269415664,True,True,True,True,True,True,,,,,
2023-01-31,2022-02-01,2023-01-31,2023-02-01,2023-07-31,DEVELOPMENT,LUPIN,LUPIN,LUPIN,Lupin,2022-09-30,2024-03-27,True,249,249,100.0,0,2022-02-01,2023-01-31,True,737.3,1,LUPIN_SEG1,0,True,714.45,590.25,695107098.3,69.51070983,331613162.53,33.161316252999995,463785404.25,46.378540425,934866352.7114458,93.48663527114458,True,True,True,True,True,True,,,,,
2023-01-31,2022-02-01,2023-01-31,2023-02-01,2023-07-31,DEVELOPMENT,MANKIND,,,,,,False,249,0,0.0,249,,,False,,0,,0,False,,,,,,,,,,,False,False,False,False,False,False,,,,,NOT_INDEX_MEMBER_AT_FORMATION;INSUFFICIENT_FORMATION_COVERAGE;EXCESSIVE_MISSING_SESSION_GAP;FORMATION_CROSSES_STRUCTURAL_SEGMENT;MEDIAN_PRICE_BELOW_FLOOR;NO_EQ_PRICE_ON_FORMATION_DATE
2023-01-31,2022-02-01,2023-01-31,2023-02-01,2023-07-31,DEVELOPMENT,NATCOPHARM,NATCOPHARM,NATCOPHARM,Natco Pharma,2022-09-30,2024-03-27,True,249,249,100.0,0,2022-02-01,2023-01-31,True,533.05,1,NATCOPHARM_SEG1,0,True,639.9,528.25,119218745.65,11.921874565000001,62552273.68,6.255227368,79117879.5,7.91178795,194269586.74558234,19.426958674558236,True,True,True,True,True,True,,,,,
2023-01-31,2022-02-01,2023-01-31,2023-02-01,2023-07-31,DEVELOPMENT,PEL,PEL,,,,,False,249,249,100.0,0,2022-02-01,2023-01-31,True,859.9,2,PEL_SEG1;PEL_SEG2,1,False,1688.1,788.1,1003322082.4,100.33220824,531368773.43,53.136877343,689398839.55,68.939883955,1501410927.6847389,150.1410927684739,True,True,False,True,True,False,,,,,NOT_INDEX_MEMBER_AT_FORMATION;FORMATION_CROSSES_STRUCTURAL_SEGMENT
2023-01-31,2022-02-01,2023-01-31,2023-02-01,2023-07-31,DEVELOPMENT,PFIZER,PFIZER,PFIZER,Pfizer,2022-09-30,2024-03-27,True,249,249,100.0,0,2022-02-01,2023-01-31,True,3869.15,1,PFIZER_SEG1,0,True,4316.9,3869.15,61321190.4,6.13211904,18061527.76,1.8061527760000002,32667278.8,3.26672788,109606411.95000002,10.960641195000003,True,True,True,True,True,True,,,,,
2023-01-31,2022-02-01,2023-01-31,2023-02-01,2023-07-31,DEVELOPMENT,PPLPHARMA,PPLPHARMA,,,,,False,249,62,24.899598393574298,187,2022-11-03,2023-01-31,True,104.95,1,PPLPHARMA_SEG1,0,True,126.625,102.0,319100959.425,31.9100959425,173279574.81,17.327957481,219735665.325,21.973566532499998,468586026.8733871,46.85860268733871,False,False,True,True,True,False,,,,,NOT_INDEX_MEMBER_AT_FORMATION;INSUFFICIENT_FORMATION_COVERAGE;EXCESSIVE_MISSING_SESSION_GAP
2023-01-31,2022-02-01,2023-01-31,2023-02-01,2023-07-31,DEVELOPMENT,SAILIFE,,,,,,False,249,0,0.0,249,,,False,,0,,0,False,,,,,,,,,,,False,False,False,False,False,False,,,,,NOT_INDEX_MEMBER_AT_FORMATION;INSUFFICIENT_FORMATION_COVERAGE;EXCESSIVE_MISSING_SESSION_GAP;FORMATION_CROSSES_STRUCTURAL_SEGMENT;MEDIAN_PRICE_BELOW_FLOOR;NO_EQ_PRICE_ON_FORMATION_DATE
2023-01-31,2022-02-01,2023-01-31,2023-02-01,2023-07-31,DEVELOPMENT,SANOFI,SANOFI,SANOFI,Sanofi India,2022-09-30,2024-03-27,True,249,249,100.0,0,2022-02-01,2023-01-31,True,5498.65,1,SANOFI_SEG1,0,True,6401.6,5473.6,77462091.25,7.746209125,25516925.18,2.551692518,46160987.5,4.61609875,109534007.77931727,10.953400777931728,True,True,True,True,True,True,,,,,
2023-01-31,2022-02-01,2023-01-31,2023-02-01,2023-07-31,DEVELOPMENT,STAR,STAR,,,,,False,249,249,100.0,0,2022-02-01,2023-01-31,True,295.55,1,STAR_SEG2,0,True,334.45,266.4,160423679.4,16.042367940000002,65629215.51,6.562921551,94020006.45,9.402000645000001,238014343.85823295,23.801434385823296,True,True,True,True,True,False,,,,,NOT_INDEX_MEMBER_AT_FORMATION
2023-01-31,2022-02-01,2023-01-31,2023-02-01,2023-07-31,DEVELOPMENT,SUNPHARMA,SUNPHARMA,SUNPHARMA,Sun Pharmaceutical Industries,2022-09-30,2024-03-27,True,249,249,100.0,0,2022-02-01,2023-01-31,True,1034.5,1,SUNPHARMA_SEG1,0,True,911.2,793.4,2223592330.2,222.35923301999998,1390173294.95,139.017329495,1687947431.65,168.794743165,2650166170.592771,265.0166170592771,True,True,True,True,True,True,,,,,
2023-01-31,2022-02-01,2023-01-31,2023-02-01,2023-07-31,DEVELOPMENT,TORNTPHARM,TORNTPHARM,TORNTPHARM,Torrent Pharmaceuticals,2022-09-30,2024-03-27,True,249,249,100.0,0,2022-02-01,2023-01-31,True,1521.75,1,TORNTPHARM_SEG1,0,True,1629.55,1466.7,351419400.55,35.141940055,174662613.71,17.466261371,247463098.3,24.74630983,470298852.5002008,47.02988525002008,True,True,True,True,True,True,,,,,
2023-01-31,2022-02-01,2023-01-31,2023-02-01,2023-07-31,DEVELOPMENT,WOCKPHARMA,WOCKPHARMA,,,,,False,249,249,100.0,0,2022-02-01,2023-01-31,True,206.15,1,WOCKPHARMA_SEG1,0,True,241.05,197.8,123440735.5,12.34407355,65966604.41,6.596660441,85086237.0,8.5086237,225488074.98674697,22.548807498674698,True,True,True,True,True,False,,,,,NOT_INDEX_MEMBER_AT_FORMATION
2023-01-31,2022-02-01,2023-01-31,2023-02-01,2023-07-31,DEVELOPMENT,ZYDUS,ZYDUSLIFE,ZYDUSLIFE,Zydus Lifesciences,2022-09-30,2024-03-27,True,249,249,100.0,0,2022-02-01,2023-01-31,True,431.55,1,ZYDUS_SEG1,0,True,372.65,330.1,363918474.6,36.39184746,210196259.56,21.019625956,259666871.5,25.96668715,519332635.01325303,51.93326350132531,True,True,True,True,True,True,,,,,
2023-07-31,2022-08-01,2023-07-31,2023-08-01,2024-01-31,DEVELOPMENT,ABBOTINDIA,ABBOTINDIA,ABBOTINDIA,Abbott India,2022-09-30,2024-03-27,True,247,247,100.0,0,2022-08-01,2023-07-31,True,24068.6,1,ABBOTINDIA_SEG1,0,True,20872.25,17378.45,232208123.0,23.2208123,132209022.07,13.220902207,170813016.05,17.081301605,291813649.3080972,29.181364930809718,True,True,True,True,True,True,,,,,
2023-07-31,2022-08-01,2023-07-31,2023-08-01,2024-01-31,DEVELOPMENT,AJANTPHARM,AJANTPHARM,,,,,False,247,247,100.0,0,2022-08-01,2023-07-31,True,1697.2,1,AJANTPHARM_SEG1,0,True,1268.65,1159.95,83594120.2,8.35941202,32985171.91,3.298517191,51162707.675,5.1162707675,159090611.5597166,15.909061155971662,True,True,True,True,True,False,,,,,NOT_INDEX_MEMBER_AT_FORMATION
2023-07-31,2022-08-01,2023-07-31,2023-08-01,2024-01-31,DEVELOPMENT,ALKEM,ALKEM,ALKEM,Alkem Laboratories,2022-09-30,2024-03-27,True,247,247,100.0,0,2022-08-01,2023-07-31,True,3978.75,1,ALKEM_SEG1,0,True,3198.65,2910.05,312570555.6,31.25705556,88307420.47,8.830742047,145880744.95,14.588074494999999,446224356.0817813,44.62243560817813,True,True,True,True,True,True,,,,,
2023-07-31,2022-08-01,2023-07-31,2023-08-01,2024-01-31,DEVELOPMENT,APLLTD,APLLTD,,,,,False,247,247,100.0,0,2022-08-01,2023-07-31,True,774.4,1,APLLTD_SEG1,0,True,581.75,468.65,52726282.45,5.272628245,21710176.58,2.171017658,31490832.95,3.149083295,107196099.81214574,10.719609981214575,True,True,True,True,True,False,,,,,NOT_INDEX_MEMBER_AT_FORMATION
2023-07-31,2022-08-01,2023-07-31,2023-08-01,2024-01-31,DEVELOPMENT,AUROPHARMA,AUROPHARMA,AUROPHARMA,Aurobindo Pharma,2022-09-30,2024-03-27,True,247,247,100.0,0,2022-08-01,2023-07-31,True,822.25,1,AUROPHARMA_SEG1,0,True,533.1,404.2,677353318.55,67.735331855,397573727.37,39.757372737,505948110.5,50.59481105,968292073.4313765,96.82920734313764,True,True,True,True,True,True,,,,,
2023-07-31,2022-08-01,2023-07-31,2023-08-01,2024-01-31,DEVELOPMENT,BIOCON,BIOCON,BIOCON,Biocon,2022-09-30,2024-03-27,True,247,247,100.0,0,2022-08-01,2023-07-31,True,257.1,1,BIOCON_SEG1,0,True,256.8,198.7,612986798.55,61.298679854999996,327960018.33,32.796001833,428783316.95,42.878331695,838579403.9601213,83.85794039601213,True,True,True,True,True,True,,,,,
2023-07-31,2022-08-01,2023-07-31,2023-08-01,2024-01-31,DEVELOPMENT,CIPLA,CIPLA,CIPLA,Cipla,2022-09-30,2024-03-27,True,247,247,100.0,0,2022-08-01,2023-07-31,True,1175.0,1,CIPLA_SEG1,0,True,1032.05,862.35,1548292635.75,154.829263575,867009660.59,86.70096605900001,1148459037.6999998,114.84590376999998,1830087237.4955466,183.00872374955466,True,True,True,True,True,True,,,,,
2023-07-31,2022-08-01,2023-07-31,2023-08-01,2024-01-31,DEVELOPMENT,DIVISLAB,DIVISLAB,DIVISLAB,Divi's Laboratories,2022-09-30,2024-03-27,True,247,247,100.0,0,2022-08-01,2023-07-31,True,3684.3,1,DIVISLAB_SEG1,0,True,3425.25,2750.85,1253644753.4,125.36447534000001,652073365.35,65.207336535,917980338.65,91.798033865,1817544130.3275304,181.75441303275304,True,True,True,True,True,True,,,,,
2023-07-31,2022-08-01,2023-07-31,2023-08-01,2024-01-31,DEVELOPMENT,DRREDDY,DRREDDY,DRREDDY,Dr. Reddy's Laboratories,2022-09-30,2024-03-27,True,247,247,100.0,0,2022-08-01,2023-07-31,True,5640.45,1,DRREDDY_SEG1,0,True,4437.95,4077.35,1421988590.1,142.19885900999998,846746556.41,84.674655641,1084294801.125,108.4294801125,1813508599.15081,181.350859915081,True,True,True,True,True,True,,,,,
2023-07-31,2022-08-01,2023-07-31,2023-08-01,2024-01-31,DEVELOPMENT,GLAND,GLAND,GLAND,Gland Pharma,2022-09-30,2024-03-27,True,247,247,100.0,0,2022-08-01,2023-07-31,True,1307.55,1,GLAND_SEG1,0,True,1386.65,893.55,514630200.8,51.46302008,249960423.65,24.996042365,338034804.45,33.803480445,956695550.694332,95.6695550694332,True,True,True,True,True,True,,,,,
2023-07-31,2022-08-01,2023-07-31,2023-08-01,2024-01-31,DEVELOPMENT,GLAXO,GLAXO,GLAXO,GlaxoSmithKline Pharmaceuticals,2022-09-30,2024-03-27,True,247,247,100.0,0,2022-08-01,2023-07-31,True,1396.1,1,GLAXO_SEG1,0,True,1335.05,1230.6,58290450.85,5.829045085,24541642.26,2.454164226,33364086.4,3.3364086399999997,85158980.32834008,8.515898032834007,True,True,True,True,True,True,,,,,
2023-07-31,2022-08-01,2023-07-31,2023-08-01,2024-01-31,DEVELOPMENT,GLENMARK,GLENMARK,GLENMARK,Glenmark Pharmaceuticals,2022-09-30,2024-03-27,True,247,247,100.0,0,2022-08-01,2023-07-31,True,787.85,1,GLENMARK_SEG1,0,True,428.75,368.0,419175027.65,41.917502764999995,204222575.39000002,20.422257539,269164415.35,26.916441535000004,605843330.738664,60.584333073866404,True,True,True,True,True,True,,,,,
2023-07-31,2022-08-01,2023-07-31,2023-08-01,2024-01-31,DEVELOPMENT,GRANULES,GRANULES,GRANULES,Granules India,2022-09-30,2024-03-27,True,247,247,100.0,0,2022-08-01,2023-07-31,True,323.3,1,GRANULES_SEG1,0,True,306.95,270.95,300031630.75,30.003163075,133483327.57000001,13.348332757000001,187858779.39999998,18.78587794,438543467.755668,43.854346775566796,True,True,True,True,True,True,,,,,
2023-07-31,2022-08-01,2023-07-31,2023-08-01,2024-01-31,DEVELOPMENT,IPCALAB,IPCALAB,IPCALAB,IPCA Laboratories,2022-09-30,2024-03-27,True,247,247,100.0,0,2022-08-01,2023-07-31,True,873.5,1,IPCALAB_SEG1,0,True,854.35,675.0,241797652.05,24.179765205000002,96641339.21000001,9.664133921000001,154048851.02499998,15.404885102499998,362049728.4917004,36.20497284917004,True,True,True,True,True,True,,,,,
2023-07-31,2022-08-01,2023-07-31,2023-08-01,2024-01-31,DEVELOPMENT,JBCHEPHARM,JBCHEPHARM,,,,,False,247,247,100.0,0,2022-08-01,2023-07-31,True,2501.1,1,JBCHEPHARM_SEG1,0,True,1989.45,1720.45,99576768.7,9.95767687,39649854.92,3.9649854920000003,56323226.825,5.6323226825,152605253.71417004,15.260525371417003,True,True,True,True,True,False,,,,,NOT_INDEX_MEMBER_AT_FORMATION
2023-07-31,2022-08-01,2023-07-31,2023-08-01,2024-01-31,DEVELOPMENT,LAURUSLABS,LAURUSLABS,LAURUSLABS,Laurus Labs,2022-09-30,2024-03-27,True,247,247,100.0,0,2022-08-01,2023-07-31,True,352.0,1,LAURUSLABS_SEG1,0,True,360.4,289.75,531918054.1,53.19180541,303191066.99,30.319106699000002,379267868.45000005,37.926786845,763841132.5587045,76.38411325587045,True,True,True,True,True,True,,,,,
2023-07-31,2022-08-01,2023-07-31,2023-08-01,2024-01-31,DEVELOPMENT,LUPIN,LUPIN,LUPIN,Lupin,2022-09-30,2024-03-27,True,247,247,100.0,0,2022-08-01,2023-07-31,True,985.45,1,LUPIN_SEG1,0,True,721.05,627.6,559441977.65,55.944197765,283926004.9,28.392600489999996,383989845.5,38.39898455,871569419.0809717,87.15694190809717,True,True,True,True,True,True,,,,,
2023-07-31,2022-08-01,2023-07-31,2023-08-01,2024-01-31,DEVELOPMENT,MANKIND,MANKIND,,,,,False,247,59,23.88663967611336,188,2023-05-09,2023-07-31,True,1742.75,1,MANKIND_SEG1,0,True,1677.1,1322.65,718374059.9,71.83740599,266301197.37000003,26.630119737000005,361666390.525,36.166639052499995,1781194522.065254,178.1194522065254,False,False,True,True,True,False,,,,,NOT_INDEX_MEMBER_AT_FORMATION;INSUFFICIENT_FORMATION_COVERAGE;EXCESSIVE_MISSING_SESSION_GAP
2023-07-31,2022-08-01,2023-07-31,2023-08-01,2024-01-31,DEVELOPMENT,NATCOPHARM,NATCOPHARM,NATCOPHARM,Natco Pharma,2022-09-30,2024-03-27,True,247,247,100.0,0,2022-08-01,2023-07-31,True,833.95,1,NATCOPHARM_SEG1,0,True,593.25,523.9,169909006.6,16.990900659999998,62142054.019999996,6.214205401999999,93829657.30000001,9.38296573,277484326.0720648,27.74843260720648,True,True,True,True,True,True,,,,,
2023-07-31,2022-08-01,2023-07-31,2023-08-01,2024-01-31,DEVELOPMENT,PEL,PEL,,,,,False,247,247,100.0,0,2022-08-01,2023-07-31,True,1011.75,2,PEL_SEG1;PEL_SEG2,1,False,835.35,634.65,886040454.95,88.60404549500001,453350108.02,45.335010802,626709935.4000001,62.67099354000001,1625309692.4838057,162.53096924838056,True,True,False,True,True,False,,,,,NOT_INDEX_MEMBER_AT_FORMATION;FORMATION_CROSSES_STRUCTURAL_SEGMENT
2023-07-31,2022-08-01,2023-07-31,2023-08-01,2024-01-31,DEVELOPMENT,PFIZER,PFIZER,PFIZER,Pfizer,2022-09-30,2024-03-27,True,247,247,100.0,0,2022-08-01,2023-07-31,True,3993.75,1,PFIZER_SEG1,0,True,3993.75,3442.5,39965080.65,3.996508065,16373332.39,1.6373332390000002,25146324.725,2.5146324725,71376089.1708502,7.1376089170850205,True,True,True,True,True,True,,,,,
2023-07-31,2022-08-01,2023-07-31,2023-08-01,2024-01-31,DEVELOPMENT,PPLPHARMA,PPLPHARMA,,,,,False,247,184,74.49392712550608,63,2022-11-03,2023-07-31,True,104.4,1,PPLPHARMA_SEG1,0,True,91.875,63.95,324152155.05,32.415215505,162278915.01500002,16.2278915015,225844540.3,22.58445403,539834676.2567935,53.98346762567935,False,False,True,True,True,False,,,,,NOT_INDEX_MEMBER_AT_FORMATION;INSUFFICIENT_FORMATION_COVERAGE;EXCESSIVE_MISSING_SESSION_GAP
2023-07-31,2022-08-01,2023-07-31,2023-08-01,2024-01-31,DEVELOPMENT,SAILIFE,,,,,,False,247,0,0.0,247,,,False,,0,,0,False,,,,,,,,,,,False,False,False,False,False,False,,,,,NOT_INDEX_MEMBER_AT_FORMATION;INSUFFICIENT_FORMATION_COVERAGE;EXCESSIVE_MISSING_SESSION_GAP;FORMATION_CROSSES_STRUCTURAL_SEGMENT;MEDIAN_PRICE_BELOW_FLOOR;NO_EQ_PRICE_ON_FORMATION_DATE
2023-07-31,2022-08-01,2023-07-31,2023-08-01,2024-01-31,DEVELOPMENT,SANOFI,SANOFI,SANOFI,Sanofi India,2022-09-30,2024-03-27,True,247,247,100.0,0,2022-08-01,2023-07-31,True,7016.8,1,SANOFI_SEG1,0,True,5846.75,5300.25,88252431.55,8.825243154999999,34865932.27,3.486593227,53924299.975,5.3924299975,158067350.1981781,15.806735019817811,True,True,True,True,True,True,,,,,
2023-07-31,2022-08-01,2023-07-31,2023-08-01,2024-01-31,DEVELOPMENT,STAR,STAR,,,,,False,247,247,100.0,0,2022-08-01,2023-07-31,True,472.15,1,STAR_SEG2,0,True,336.8,271.7,109433402.95,10.943340295,45236329.38,4.523632938,68458659.35,6.845865934999999,195328866.0587045,19.53288660587045,True,True,True,True,True,False,,,,,NOT_INDEX_MEMBER_AT_FORMATION
2023-07-31,2022-08-01,2023-07-31,2023-08-01,2024-01-31,DEVELOPMENT,SUNPHARMA,SUNPHARMA,SUNPHARMA,Sun Pharmaceutical Industries,2022-09-30,2024-03-27,True,247,247,100.0,0,2022-08-01,2023-07-31,True,1143.4,1,SUNPHARMA_SEG1,0,True,988.35,868.05,2080841547.95,208.08415479500002,1340728197.8799999,134.07281978799998,1626102842.375,162.6102842375,2470217933.0398784,247.02179330398783,True,True,True,True,True,True,,,,,
2023-07-31,2022-08-01,2023-07-31,2023-08-01,2024-01-31,DEVELOPMENT,TORNTPHARM,TORNTPHARM,TORNTPHARM,Torrent Pharmaceuticals,2022-09-30,2024-03-27,True,247,247,100.0,0,2022-08-01,2023-07-31,True,2002.85,1,TORNTPHARM_SEG1,0,True,1585.85,1459.85,363206493.7,36.32064937,167738251.39000002,16.773825139000003,228350706.475,22.8350706475,482786130.3769231,48.27861303769231,True,True,True,True,True,True,,,,,
2023-07-31,2022-08-01,2023-07-31,2023-08-01,2024-01-31,DEVELOPMENT,WOCKPHARMA,WOCKPHARMA,,,,,False,247,247,100.0,0,2022-08-01,2023-07-31,True,238.6,1,WOCKPHARMA_SEG1,0,True,226.5,149.3,126034404.7,12.60344047,53421591.57,5.342159157,73288128.4,7.32881284,248452254.38846156,24.845225438846157,True,True,True,True,True,False,,,,,NOT_INDEX_MEMBER_AT_FORMATION
2023-07-31,2022-08-01,2023-07-31,2023-08-01,2024-01-31,DEVELOPMENT,ZYDUS,ZYDUSLIFE,ZYDUSLIFE,Zydus Lifesciences,2022-09-30,2024-03-27,True,247,247,100.0,0,2022-08-01,2023-07-31,True,632.25,1,ZYDUS_SEG1,0,True,448.15,346.45,405045163.85,40.504516385,230833741.43,23.083374143,292203790.15,29.220379015,539181410.7615385,53.91814107615385,True,True,True,True,True,True,,,,,
2024-01-31,2023-02-01,2024-01-31,2024-02-01,2024-07-31,DEVELOPMENT,ABBOTINDIA,ABBOTINDIA,ABBOTINDIA,Abbott India,2022-09-30,2024-03-27,True,246,246,100.0,0,2023-02-01,2024-01-31,True,25906.95,1,ABBOTINDIA_SEG1,0,True,22745.675,20029.15,233404864.125,23.3404864125,119882926.05,11.988292605,162412841.4,16.24128414,303592837.02926826,30.359283702926827,True,True,True,True,True,True,,,,,
2024-01-31,2023-02-01,2024-01-31,2024-02-01,2024-07-31,DEVELOPMENT,AJANTPHARM,AJANTPHARM,,,,,False,246,246,100.0,0,2023-02-01,2024-01-31,True,2174.25,1,AJANTPHARM_SEG1,0,True,1681.025,1160.4,162647177.0,16.2647177,48037982.400000006,4.803798240000001,93291216.2125,9.329121621250001,259749821.81707314,25.974982181707315,True,True,True,True,True,False,,,,,NOT_INDEX_MEMBER_AT_FORMATION
2024-01-31,2023-02-01,2024-01-31,2024-02-01,2024-07-31,DEVELOPMENT,ALKEM,ALKEM,ALKEM,Alkem Laboratories,2022-09-30,2024-03-27,True,246,246,100.0,0,2023-02-01,2024-01-31,True,4996.05,1,ALKEM_SEG1,0,True,3585.475,3030.45,548644834.475,54.8644834475,182100094.575,18.2100094575,329489324.125,32.9489324125,754647742.8148375,75.46477428148374,True,True,True,True,True,True,,,,,
2024-01-31,2023-02-01,2024-01-31,2024-02-01,2024-07-31,DEVELOPMENT,APLLTD,APLLTD,,,,,False,246,246,100.0,0,2023-02-01,2024-01-31,True,960.5,1,APLLTD_SEG1,0,True,721.25,468.65,74675107.875,7.4675107875,28292881.825,2.8292881825,43904239.5875,4.39042395875,184431022.7707317,18.44310227707317,True,True,True,True,True,False,,,,,NOT_INDEX_MEMBER_AT_FORMATION
2024-01-31,2023-02-01,2024-01-31,2024-02-01,2024-07-31,DEVELOPMENT,AUROPHARMA,AUROPHARMA,AUROPHARMA,Aurobindo Pharma,2022-09-30,2024-03-27,True,246,246,100.0,0,2023-02-01,2024-01-31,True,1150.4,1,AUROPHARMA_SEG1,0,True,823.9,404.2,1339773460.65,133.977346065,566701116.675,56.670111667499995,816627042.1375,81.66270421375,1606534664.9028454,160.65346649028453,True,True,True,True,True,True,,,,,
2024-01-31,2023-02-01,2024-01-31,2024-02-01,2024-07-31,DEVELOPMENT,BIOCON,BIOCON,BIOCON,Biocon,2022-09-30,2024-03-27,True,246,246,100.0,0,2023-02-01,2024-01-31,True,268.4,1,BIOCON_SEG1,0,True,244.2,198.7,754238312.9,75.42383129,400579378.67499995,40.057937867499994,542495477.95,54.249547795000005,1095505376.0093496,109.55053760093496,True,True,True,True,True,True,,,,,
2024-01-31,2023-02-01,2024-01-31,2024-02-01,2024-07-31,DEVELOPMENT,CIPLA,CIPLA,CIPLA,Cipla,2022-09-30,2024-03-27,True,246,246,100.0,0,2023-02-01,2024-01-31,True,1351.0,1,CIPLA_SEG1,0,True,1158.7,862.35,1669314897.825,166.9314897825,951514729.85,95.151472985,1238362438.0375,123.83624380375,2107082895.440244,210.7082895440244,True,True,True,True,True,True,,,,,
2024-01-31,2023-02-01,2024-01-31,2024-02-01,2024-07-31,DEVELOPMENT,DIVISLAB,DIVISLAB,DIVISLAB,Divi's Laboratories,2022-09-30,2024-03-27,True,246,246,100.0,0,2023-02-01,2024-01-31,True,3670.6,1,DIVISLAB_SEG1,0,True,3586.15,2750.85,1263159339.6,126.31593396,704953976.05,70.495397605,939715007.5,93.97150075,1733784821.626626,173.3784821626626,True,True,True,True,True,True,,,,,
2024-01-31,2023-02-01,2024-01-31,2024-02-01,2024-07-31,DEVELOPMENT,DRREDDY,DRREDDY,DRREDDY,Dr. Reddy's Laboratories,2022-09-30,2024-03-27,True,246,246,100.0,0,2023-02-01,2024-01-31,True,6121.15,1,DRREDDY_SEG1,0,True,5394.5,4316.6,1800686593.775,180.0686593775,1035534337.425,103.55343374249999,1290825424.6375,129.08254246375,2247236100.010162,224.7236100010162,True,True,True,True,True,True,,,,,
2024-01-31,2023-02-01,2024-01-31,2024-02-01,2024-07-31,DEVELOPMENT,GLAND,GLAND,GLAND,Gland Pharma,2022-09-30,2024-03-27,True,246,246,100.0,0,2023-02-01,2024-01-31,True,1956.55,1,GLAND_SEG1,0,True,1392.075,893.55,493192600.6,49.319260060000005,206918253.64999998,20.691825364999996,285352646.3,28.53526463,952829066.5699188,95.28290665699187,True,True,True,True,True,True,,,,,
2024-01-31,2023-02-01,2024-01-31,2024-02-01,2024-07-31,DEVELOPMENT,GLAXO,GLAXO,GLAXO,GlaxoSmithKline Pharmaceuticals,2022-09-30,2024-03-27,True,246,246,100.0,0,2023-02-01,2024-01-31,True,2249.9,1,GLAXO_SEG1,0,True,1413.825,1230.6,92246504.525,9.2246504525,28944434.925,2.8944434925,47131341.825,4.7131341825,202208830.96686995,20.220883096686997,True,True,True,True,True,True,,,,,
2024-01-31,2023-02-01,2024-01-31,2024-02-01,2024-07-31,DEVELOPMENT,GLENMARK,GLENMARK,GLENMARK,Glenmark Pharmaceuticals,2022-09-30,2024-03-27,True,246,246,100.0,0,2023-02-01,2024-01-31,True,910.2,1,GLENMARK_SEG1,0,True,749.65,382.7,656818782.7,65.68187827,276431379.57500005,27.643137957500006,446898093.65,44.689809364999995,896177278.6170732,89.61772786170732,True,True,True,True,True,True,,,,,
2024-01-31,2023-02-01,2024-01-31,2024-02-01,2024-07-31,DEVELOPMENT,GRANULES,GRANULES,GRANULES,Granules India,2022-09-30,2024-03-27,True,246,246,100.0,0,2023-02-01,2024-01-31,True,415.7,1,GRANULES_SEG1,0,True,306.7,270.95,343124083.0,34.3124083,138709419.1,13.870941909999999,226468006.1,22.64680061,502626191.33617884,50.26261913361788,True,True,True,True,True,True,,,,,
2024-01-31,2023-02-01,2024-01-31,2024-02-01,2024-07-31,DEVELOPMENT,IPCALAB,IPCALAB,IPCALAB,IPCA Laboratories,2022-09-30,2024-03-27,True,246,246,100.0,0,2023-02-01,2024-01-31,True,1120.25,1,IPCALAB_SEG1,0,True,875.6500000000001,675.0,319824664.925,31.982466492500002,133919339.875,13.3919339875,210823704.4375,21.08237044375,489781448.4243902,48.97814484243902,True,True,True,True,True,True,,,,,
2024-01-31,2023-02-01,2024-01-31,2024-02-01,2024-07-31,DEVELOPMENT,JBCHEPHARM,JBCHEPHARM,,,,,False,246,246,100.0,0,2023-02-01,2024-01-31,True,1683.95,1,JBCHEPHARM_SEG1,0,True,1967.95,1287.35,144450197.375,14.4450197375,42849949.525,4.2849949525,78937514.55000001,7.893751455000001,230619369.3321138,23.06193693321138,True,True,True,True,True,False,,,,,NOT_INDEX_MEMBER_AT_FORMATION
2024-01-31,2023-02-01,2024-01-31,2024-02-01,2024-07-31,DEVELOPMENT,LAURUSLABS,LAURUSLABS,LAURUSLABS,Laurus Labs,2022-09-30,2024-03-27,True,246,246,100.0,0,2023-02-01,2024-01-31,True,381.35,1,LAURUSLABS_SEG1,0,True,364.4,289.75,536209271.475,53.620927147500005,303422979.4,30.342297939999998,388051968.17499995,38.8051968175,851663554.3752034,85.16635543752034,True,True,True,True,True,True,,,,,
2024-01-31,2023-02-01,2024-01-31,2024-02-01,2024-07-31,DEVELOPMENT,LUPIN,LUPIN,LUPIN,Lupin,2022-09-30,2024-03-27,True,246,246,100.0,0,2023-02-01,2024-01-31,True,1505.35,1,LUPIN_SEG1,0,True,991.4000000000001,640.0,901380429.25,90.138042925,323089103.25,32.308910325,475135723.275,47.5135723275,1162237561.1002033,116.22375611002033,True,True,True,True,True,True,,,,,
2024-01-31,2023-02-01,2024-01-31,2024-02-01,2024-07-31,DEVELOPMENT,MANKIND,MANKIND,,,,,False,246,183,74.39024390243902,63,2023-05-09,2024-01-31,True,1999.95,1,MANKIND_SEG1,0,True,1800.45,1322.65,476817961.4,47.681796139999996,178757788.79999998,17.87577888,292538372.375,29.2538372375,1302410351.3877048,130.24103513877048,False,False,True,True,True,False,,,,,NOT_INDEX_MEMBER_AT_FORMATION;INSUFFICIENT_FORMATION_COVERAGE;EXCESSIVE_MISSING_SESSION_GAP
2024-01-31,2023-02-01,2024-01-31,2024-02-01,2024-07-31,DEVELOPMENT,NATCOPHARM,NATCOPHARM,NATCOPHARM,Natco Pharma,2022-09-30,2024-03-27,True,246,246,100.0,0,2023-02-01,2024-01-31,True,865.8,1,NATCOPHARM_SEG1,0,True,757.4749999999999,523.9,341292316.575,34.1292316575,97828024.025,9.7828024025,184442035.58749998,18.444203558749997,455478477.92418694,45.54784779241869,True,True,True,True,True,True,,,,,
2024-01-31,2023-02-01,2024-01-31,2024-02-01,2024-07-31,DEVELOPMENT,PEL,PEL,,,,,False,246,246,100.0,0,2023-02-01,2024-01-31,True,916.1,1,PEL_SEG2,0,True,924.7,634.65,983270887.325,98.3270887325,459515556.6,45.951555660000004,667968720.95,66.796872095,1599063471.879878,159.9063471879878,True,True,True,True,True,False,,,,,NOT_INDEX_MEMBER_AT_FORMATION
2024-01-31,2023-02-01,2024-01-31,2024-02-01,2024-07-31,DEVELOPMENT,PFIZER,PFIZER,PFIZER,Pfizer,2022-09-30,2024-03-27,True,246,246,100.0,0,2023-02-01,2024-01-31,True,4323.0,1,PFIZER_SEG1,0,True,3858.3,3442.5,45919726.525000006,4.591972652500001,19215394.575000003,1.9215394575000002,27783240.525,2.7783240525,75275988.83231707,7.527598883231707,True,True,True,True,True,True,,,,,
2024-01-31,2023-02-01,2024-01-31,2024-02-01,2024-07-31,DEVELOPMENT,PPLPHARMA,PPLPHARMA,,,,,False,246,246,100.0,0,2023-02-01,2024-01-31,True,144.25,1,PPLPHARMA_SEG1,0,True,98.325,63.95,464165332.65,46.416533265,202881388.05,20.288138805000003,281269553.2,28.12695532,686615066.6843497,68.66150666843497,True,True,True,True,True,False,,,,,NOT_INDEX_MEMBER_AT_FORMATION
2024-01-31,2023-02-01,2024-01-31,2024-02-01,2024-07-31,DEVELOPMENT,SAILIFE,,,,,,False,246,0,0.0,246,,,False,,0,,0,False,,,,,,,,,,,False,False,False,False,False,False,,,,,NOT_INDEX_MEMBER_AT_FORMATION;INSUFFICIENT_FORMATION_COVERAGE;EXCESSIVE_MISSING_SESSION_GAP;FORMATION_CROSSES_STRUCTURAL_SEGMENT;MEDIAN_PRICE_BELOW_FLOOR;NO_EQ_PRICE_ON_FORMATION_DATE
2024-01-31,2023-02-01,2024-01-31,2024-02-01,2024-07-31,DEVELOPMENT,SANOFI,SANOFI,SANOFI,Sanofi India,2022-09-30,2024-03-27,True,246,246,100.0,0,2023-02-01,2024-01-31,True,8663.65,1,SANOFI_SEG1,0,True,7032.65,5300.25,100971548.225,10.097154822499999,39135928.65,3.913592865,58722497.825,5.8722497825,174035320.7817073,17.403532078170727,True,True,True,True,True,True,,,,,
2024-01-31,2023-02-01,2024-01-31,2024-02-01,2024-07-31,DEVELOPMENT,STAR,STAR,,,,,False,246,246,100.0,0,2023-02-01,2024-01-31,True,698.7,1,STAR_SEG2,0,True,440.4,271.7,174832178.175,17.4832178175,48700747.925,4.8700747925,89515703.73750001,8.951570373750002,333011181.45000005,33.301118145000004,True,True,True,True,True,False,,,,,NOT_INDEX_MEMBER_AT_FORMATION
2024-01-31,2023-02-01,2024-01-31,2024-02-01,2024-07-31,DEVELOPMENT,SUNPHARMA,SUNPHARMA,SUNPHARMA,Sun Pharmaceutical Industries,2022-09-30,2024-03-27,True,246,246,100.0,0,2023-02-01,2024-01-31,True,1418.45,1,SUNPHARMA_SEG1,0,True,1110.15,925.85,2119917124.625,211.9917124625,1213977413.9,121.39774139000001,1636663986.2125,163.66639862125,2419865681.268496,241.9865681268496,True,True,True,True,True,True,,,,,
2024-01-31,2023-02-01,2024-01-31,2024-02-01,2024-07-31,DEVELOPMENT,TORNTPHARM,TORNTPHARM,TORNTPHARM,Torrent Pharmaceuticals,2022-09-30,2024-03-27,True,246,246,100.0,0,2023-02-01,2024-01-31,True,2531.1,1,TORNTPHARM_SEG1,0,True,1884.3000000000002,1459.85,528111474.775,52.8111474775,219694985.025,21.969498502500002,332611687.1,33.26116871,648608680.1623985,64.86086801623985,True,True,True,True,True,True,,,,,
2024-01-31,2023-02-01,2024-01-31,2024-02-01,2024-07-31,DEVELOPMENT,WOCKPHARMA,WOCKPHARMA,,,,,False,246,246,100.0,0,2023-02-01,2024-01-31,True,460.25,1,WOCKPHARMA_SEG1,0,True,232.5,149.3,222327077.75,22.232707775,59568395.65,5.956839565,90718785.45,9.071878545,472743634.1445123,47.27436341445123,True,True,True,True,True,False,,,,,NOT_INDEX_MEMBER_AT_FORMATION
2024-01-31,2023-02-01,2024-01-31,2024-02-01,2024-07-31,DEVELOPMENT,ZYDUS,ZYDUSLIFE,ZYDUSLIFE,Zydus Lifesciences,2022-09-30,2024-03-27,True,246,246,100.0,0,2023-02-01,2024-01-31,True,760.8,1,ZYDUS_SEG1,0,True,591.325,432.85,551988511.075,55.198851107500005,301990503.95,30.199050395,401755105.7,40.17551057,685186878.3213415,68.51868783213415,True,True,True,True,True,True,,,,,
2024-07-31,2023-08-01,2024-07-31,2024-08-01,2025-01-31,OOS,ABBOTINDIA,ABBOTINDIA,ABBOTINDIA,Abbott India,2024-03-28,2024-09-29,True,245,245,100.0,0,2023-08-01,2024-07-31,True,28385.1,1,ABBOTINDIA_SEG1,0,True,25734.95,22135.15,333767118.0,33.3767118,146491715.84,14.649171584000001,208459740.65,20.845974065,394695464.5861224,39.46954645861224,True,True,True,True,True,True,,,,,
2024-07-31,2023-08-01,2024-07-31,2024-08-01,2025-01-31,OOS,AJANTPHARM,AJANTPHARM,,,,,False,245,245,100.0,0,2023-08-01,2024-07-31,True,2695.1,1,AJANTPHARM_SEG1,0,True,2115.4,1667.05,222138494.3,22.21384943,101546660.34,10.154666034,133276762.0,13.3276762,328081379.3230612,32.808137932306124,True,True,True,True,True,False,,,,,NOT_INDEX_MEMBER_AT_FORMATION
2024-07-31,2023-08-01,2024-07-31,2024-08-01,2025-01-31,OOS,ALKEM,ALKEM,ALKEM,Alkem Laboratories,2024-03-28,2024-09-29,True,245,245,100.0,0,2023-08-01,2024-07-31,True,5309.5,1,ALKEM_SEG1,0,True,4903.25,3457.5,815449022.4,81.54490224,358693547.51,35.869354750999996,530659787.7,53.06597877,1128655404.570408,112.86554045704081,True,True,True,True,True,True,,,,,
2024-07-31,2023-08-01,2024-07-31,2024-08-01,2025-01-31,OOS,APLLTD,APLLTD,,,,,False,245,245,100.0,0,2023-08-01,2024-07-31,True,1179.55,1,APLLTD_SEG1,0,True,891.25,712.55,112447828.45,11.244782845,45959901.190000005,4.5959901190000005,65173195.2,6.51731952,255606989.6810204,25.56069896810204,True,True,True,True,True,False,,,,,NOT_INDEX_MEMBER_AT_FORMATION
2024-07-31,2023-08-01,2024-07-31,2024-08-01,2025-01-31,OOS,AUROPHARMA,AUROPHARMA,AUROPHARMA,Aurobindo Pharma,2024-03-28,2024-09-29,True,245,245,100.0,0,2023-08-01,2024-07-31,True,1434.15,1,AUROPHARMA_SEG1,0,True,1045.6,816.2,1797536418.75,179.753641875,918079323.44,91.80793234400001,1251133909.85,125.113390985,2163412934.408367,216.34129344083672,True,True,True,True,True,True,,,,,
2024-07-31,2023-08-01,2024-07-31,2024-08-01,2025-01-31,OOS,BIOCON,BIOCON,BIOCON,Biocon,2024-03-28,2024-09-29,True,245,245,100.0,0,2023-08-01,2024-07-31,True,362.35,1,BIOCON_SEG1,0,True,270.25,218.7,1244405660.7,124.44056607,450950800.71,45.095080071,707158327.4,70.71583274,1727861441.8814287,172.78614418814288,True,True,True,True,True,True,,,,,
2024-07-31,2023-08-01,2024-07-31,2024-08-01,2025-01-31,OOS,CIPLA,CIPLA,CIPLA,Cipla,2024-03-28,2024-09-29,True,245,245,100.0,0,2023-08-01,2024-07-31,True,1544.3,1,CIPLA_SEG1,0,True,1346.7,1150.85,2081469719.85,208.146971985,1067577962.22,106.757796222,1492802847.15,149.28028471500002,2472948306.6210203,247.29483066210204,True,True,True,True,True,True,,,,,
2024-07-31,2023-08-01,2024-07-31,2024-08-01,2025-01-31,OOS,DIVISLAB,DIVISLAB,DIVISLAB,Divi's Laboratories,2024-03-28,2024-09-29,True,245,245,100.0,0,2023-08-01,2024-07-31,True,4923.2,1,DIVISLAB_SEG1,0,True,3729.75,3343.7,1523967023.75,152.396702375,888093543.92,88.80935439199999,1104484499.05,110.44844990499999,1970484777.1528575,197.04847771528574,True,True,True,True,True,True,,,,,
2024-07-31,2023-08-01,2024-07-31,2024-08-01,2025-01-31,OOS,DRREDDY,DRREDDY,DRREDDY,Dr. Reddy's Laboratories,2024-03-28,2024-09-29,True,245,245,100.0,0,2023-08-01,2024-07-31,True,6750.5,1,DRREDDY_SEG1,0,True,5871.0,5263.05,2332395786.6,233.23957865999998,1318523553.5,131.85235535,1710832814.2,171.08328142,2689917089.0179586,268.99170890179585,True,True,True,True,True,True,,,,,
2024-07-31,2023-08-01,2024-07-31,2024-08-01,2025-01-31,OOS,GLAND,GLAND,GLAND,Gland Pharma,2024-03-28,2024-09-29,True,245,245,100.0,0,2023-08-01,2024-07-31,True,2141.6,1,GLAND_SEG1,0,True,1785.2,1288.75,402407884.0,40.2407884,155232699.44,15.523269943999999,237807945.75,23.780794575,819618530.5012244,81.96185305012244,True,True,True,True,True,True,,,,,
2024-07-31,2023-08-01,2024-07-31,2024-08-01,2025-01-31,OOS,GLAXO,GLAXO,,,,,False,245,245,100.0,0,2023-08-01,2024-07-31,True,2730.6,1,GLAXO_SEG1,0,True,1963.05,1390.25,265694805.2,26.56948052,66463533.29,6.646353329,137889183.85,13.788918384999999,366252259.12714285,36.625225912714285,True,True,True,True,True,False,,,,,NOT_INDEX_MEMBER_AT_FORMATION
2024-07-31,2023-08-01,2024-07-31,2024-08-01,2025-01-31,OOS,GLENMARK,GLENMARK,GLENMARK,Glenmark Pharmaceuticals,2024-03-28,2024-09-29,True,245,245,100.0,0,2023-08-01,2024-07-31,True,1468.75,1,GLENMARK_SEG1,0,True,884.8,724.45,797637421.6,79.76374216,424269460.83,42.426946083,568045603.45,56.804560345000006,1069504717.8316327,106.95047178316328,True,True,True,True,True,True,,,,,
2024-07-31,2023-08-01,2024-07-31,2024-08-01,2025-01-31,OOS,GRANULES,GRANULES,GRANULES,Granules India,2024-03-28,2024-09-29,True,245,245,100.0,0,2023-08-01,2024-07-31,True,630.1,1,GRANULES_SEG1,0,True,411.8,290.35,476482273.7,47.64822737,238584276.62,23.858427662,310974932.2,31.09749322,709501505.0408163,70.95015050408163,True,True,True,True,True,True,,,,,
2024-07-31,2023-08-01,2024-07-31,2024-08-01,2025-01-31,OOS,IPCALAB,IPCALAB,IPCALAB,IPCA Laboratories,2024-03-28,2024-09-29,True,245,245,100.0,0,2023-08-01,2024-07-31,True,1307.95,1,IPCALAB_SEG1,0,True,1129.7,866.8,387630588.0,38.7630588,175542777.85999998,17.554277786,259783710.1,25.97837101,589550188.7926531,58.95501887926531,True,True,True,True,True,True,,,,,
2024-07-31,2023-08-01,2024-07-31,2024-08-01,2025-01-31,OOS,JBCHEPHARM,JBCHEPHARM,JBCHEPHARM,JB Chemicals & Pharmaceuticals,2024-03-28,2024-09-29,True,245,245,100.0,0,2023-08-01,2024-07-31,True,1924.6,1,JBCHEPHARM_SEG1,0,True,1685.35,1287.35,204565825.0,20.4565825,100545631.0,10.0545631,137786818.1,13.77868181,314543355.21020406,31.454335521020408,True,True,True,True,True,True,,,,,
2024-07-31,2023-08-01,2024-07-31,2024-08-01,2025-01-31,OOS,LAURUSLABS,LAURUSLABS,LAURUSLABS,Laurus Labs,2024-03-28,2024-09-29,True,245,245,100.0,0,2023-08-01,2024-07-31,True,463.9,1,LAURUSLABS_SEG1,0,True,400.95,356.65,605888759.35,60.588875935000004,305333206.45000005,30.533320645000003,454304527.3,45.43045273,918113243.8995918,91.81132438995918,True,True,True,True,True,True,,,,,
2024-07-31,2023-08-01,2024-07-31,2024-08-01,2025-01-31,OOS,LUPIN,LUPIN,LUPIN,Lupin,2024-03-28,2024-09-29,True,245,245,100.0,0,2023-08-01,2024-07-31,True,1911.85,1,LUPIN_SEG1,0,True,1483.3,988.2,1468572848.15,146.857284815,752796287.49,75.279628749,999292377.75,99.929237775,1836464901.2814286,183.64649012814286,True,True,True,True,True,True,,,,,
2024-07-31,2023-08-01,2024-07-31,2024-08-01,2025-01-31,OOS,MANKIND,MANKIND,MANKIND,Mankind Pharma,2024-03-28,2024-09-29,True,245,245,100.0,0,2023-08-01,2024-07-31,True,2028.1,1,MANKIND_SEG1,0,True,2070.1,1700.85,663959804.1,66.39598041,216774513.85000002,21.677451385,404943502.25,40.494350225,1429469309.257551,142.94693092575508,True,True,True,True,True,True,,,,,
2024-07-31,2023-08-01,2024-07-31,2024-08-01,2025-01-31,OOS,NATCOPHARM,NATCOPHARM,NATCOPHARM,Natco Pharma,2024-03-28,2024-09-29,True,245,245,100.0,0,2023-08-01,2024-07-31,True,1361.35,1,NATCOPHARM_SEG1,0,True,887.1,733.6,532193810.65,53.219381065,246958929.27,24.695892927000003,349754080.7,34.97540807,820146987.9122449,82.01469879122449,True,True,True,True,True,True,,,,,
2024-07-31,2023-08-01,2024-07-31,2024-08-01,2025-01-31,OOS,PEL,PEL,,,,,False,245,245,100.0,0,2023-08-01,2024-07-31,True,1041.5,1,PEL_SEG2,0,True,927.0,754.2,1040483202.35,104.048320235,515856912.22,51.585691222,734561475.85,73.456147585,1409889045.7983673,140.9889045798367,True,True,True,True,True,False,,,,,NOT_INDEX_MEMBER_AT_FORMATION
2024-07-31,2023-08-01,2024-07-31,2024-08-01,2025-01-31,OOS,PFIZER,PFIZER,,,,,False,245,245,100.0,0,2023-08-01,2024-07-31,True,5650.8,1,PFIZER_SEG1,0,True,4261.7,3815.55,74529975.7,7.45299757,33455978.520000003,3.3455978520000005,46778445.55,4.677844555,132303502.38326532,13.230350238326531,True,True,True,True,True,False,,,,,NOT_INDEX_MEMBER_AT_FORMATION
2024-07-31,2023-08-01,2024-07-31,2024-08-01,2025-01-31,OOS,PPLPHARMA,PPLPHARMA,,,,,False,245,245,100.0,0,2023-08-01,2024-07-31,True,176.05,1,PPLPHARMA_SEG1,0,True,134.45,89.65,525281576.15,52.528157615,258474383.976,25.8474383976,340805710.35,34.080571035000006,770193645.5572245,77.01936455572245,True,True,True,True,True,False,,,,,NOT_INDEX_MEMBER_AT_FORMATION
2024-07-31,2023-08-01,2024-07-31,2024-08-01,2025-01-31,OOS,SAILIFE,,,,,,False,245,0,0.0,245,,,False,,0,,0,False,,,,,,,,,,,False,False,False,False,False,False,,,,,NOT_INDEX_MEMBER_AT_FORMATION;INSUFFICIENT_FORMATION_COVERAGE;EXCESSIVE_MISSING_SESSION_GAP;FORMATION_CROSSES_STRUCTURAL_SEGMENT;MEDIAN_PRICE_BELOW_FLOOR;NO_EQ_PRICE_ON_FORMATION_DATE
2024-07-31,2023-08-01,2024-07-31,2024-08-01,2025-01-31,OOS,SANOFI,SANOFI,SANOFI,Sanofi India,2024-03-28,2024-09-29,True,245,235,95.91836734693878,10,2023-08-01,2024-07-31,True,6609.2,2,SANOFI_SEG1;SANOFI_SEG2,1,False,7998.7,6345.15,118336228.8,11.83362288,49548843.28,4.954884328,72347718.475,7.234771847499999,160751682.9682979,16.07516829682979,True,False,False,True,True,False,,,,,EXCESSIVE_MISSING_SESSION_GAP;FORMATION_CROSSES_STRUCTURAL_SEGMENT
2024-07-31,2023-08-01,2024-07-31,2024-08-01,2025-01-31,OOS,STAR,STAR,,,,,False,245,245,100.0,0,2023-08-01,2024-07-31,True,1069.2,1,STAR_SEG2,0,True,698.7,414.2,250123784.7,25.012378469999998,98511566.01,9.851156601000001,147822309.2,14.782230919999998,405198186.5930612,40.51981865930612,True,True,True,True,True,False,,,,,NOT_INDEX_MEMBER_AT_FORMATION
2024-07-31,2023-08-01,2024-07-31,2024-08-01,2025-01-31,OOS,SUNPHARMA,SUNPHARMA,SUNPHARMA,Sun Pharmaceutical Industries,2024-03-28,2024-09-29,True,245,245,100.0,0,2023-08-01,2024-07-31,True,1719.35,1,SUNPHARMA_SEG1,0,True,1400.85,1088.6,2553855496.45,255.38554964499997,1313931490.39,131.393149039,1963170503.95,196.317050395,3190177925.6344895,319.01779256344895,True,True,True,True,True,True,,,,,
2024-07-31,2023-08-01,2024-07-31,2024-08-01,2025-01-31,OOS,TORNTPHARM,TORNTPHARM,TORNTPHARM,Torrent Pharmaceuticals,2024-03-28,2024-09-29,True,245,245,100.0,0,2023-08-01,2024-07-31,True,3171.75,1,TORNTPHARM_SEG1,0,True,2501.5,1785.8,618659210.15,61.865921015,321367153.33,32.136715333,435525835.15,43.552583514999995,756208772.977347,75.62087729773471,True,True,True,True,True,True,,,,,
2024-07-31,2023-08-01,2024-07-31,2024-08-01,2025-01-31,OOS,WOCKPHARMA,,,,,,False,245,177,72.24489795918367,57,2023-08-01,2024-07-15,False,,1,WOCKPHARMA_SEG1,0,True,357.3,219.6,371872301.85,37.187230185000004,123499398.71000001,12.349939871,211897213.45,21.189721345,764604817.9943503,76.46048179943503,False,False,True,True,False,False,,,,,NOT_INDEX_MEMBER_AT_FORMATION;INSUFFICIENT_FORMATION_COVERAGE;EXCESSIVE_MISSING_SESSION_GAP;NO_EQ_PRICE_ON_FORMATION_DATE
2024-07-31,2023-08-01,2024-07-31,2024-08-01,2025-01-31,OOS,ZYDUS,ZYDUSLIFE,ZYDUSLIFE,Zydus Lifesciences,2024-03-28,2024-09-29,True,245,245,100.0,0,2023-08-01,2024-07-31,True,1247.2,1,ZYDUS_SEG1,0,True,755.9,570.35,908976079.5,90.89760795,494465913.24,49.446591324,657307239.35,65.730723935,1192813988.54,119.281398854,True,True,True,True,True,True,,,,,
2025-01-31,2024-02-01,2025-01-31,2025-02-03,2025-07-31,OOS,ABBOTINDIA,ABBOTINDIA,ABBOTINDIA,Abbott India,2024-09-30,2025-09-29,True,248,248,100.0,0,2024-02-01,2025-01-31,True,26173.3,1,ABBOTINDIA_SEG1,0,True,28043.925,25452.55,304460150.1,30.446015010000004,161432670.31,16.143267031,213039914.2625,21.30399142625,391030514.1082662,39.103051410826616,True,True,True,True,True,True,,,,,
2025-01-31,2024-02-01,2025-01-31,2025-02-03,2025-07-31,OOS,AJANTPHARM,AJANTPHARM,AJANTPHARM,Ajanta Pharma,2024-09-30,2025-09-29,True,248,248,100.0,0,2024-02-01,2025-01-31,True,2694.45,1,AJANTPHARM_SEG1,0,True,2685.6499999999996,2064.95,293059541.65,29.305954165,112155808.175,11.2155808175,179836616.63750002,17.983661663750002,421142571.6616935,42.11425716616935,True,True,True,True,True,True,,,,,
2025-01-31,2024-02-01,2025-01-31,2025-02-03,2025-07-31,OOS,ALKEM,ALKEM,ALKEM,Alkem Laboratories,2024-09-30,2025-09-29,True,248,248,100.0,0,2024-02-01,2025-01-31,True,5063.05,1,ALKEM_SEG1,0,True,5316.125,4616.35,888854284.75,88.885428475,401866010.1,40.186601010000004,623896372.6375,62.389637263750004,1359657909.8856854,135.96579098856856,True,True,True,True,True,True,,,,,
2025-01-31,2024-02-01,2025-01-31,2025-02-03,2025-07-31,OOS,APLLTD,APLLTD,,,,,False,248,248,100.0,0,2024-02-01,2025-01-31,True,920.15,1,APLLTD_SEG1,0,True,1035.65,845.3,142668994.77499998,14.266899477499997,56581650.105000004,5.6581650105,82721549.4375,8.27215494375,261705278.58004034,26.170527858004032,True,True,True,True,True,False,,,,,NOT_INDEX_MEMBER_AT_FORMATION
2025-01-31,2024-02-01,2025-01-31,2025-02-03,2025-07-31,OOS,AUROPHARMA,AUROPHARMA,AUROPHARMA,Aurobindo Pharma,2024-09-30,2025-09-29,True,248,248,100.0,0,2024-02-01,2025-01-31,True,1171.9,1,AUROPHARMA_SEG1,0,True,1244.1750000000002,990.4,1532655765.8,153.26557658,731064877.5500001,73.106487755,1002794575.875,100.2794575875,1946809498.360887,194.6809498360887,True,True,True,True,True,True,,,,,
2025-01-31,2024-02-01,2025-01-31,2025-02-03,2025-07-31,OOS,BIOCON,BIOCON,BIOCON,Biocon,2024-09-30,2025-09-29,True,248,248,100.0,0,2024-02-01,2025-01-31,True,362.55,1,BIOCON_SEG1,0,True,339.2,245.75,1489554183.9,148.95541839,646317843.88,64.631784388,986211888.8125,98.62118888125,2025776971.7441535,202.57769717441536,True,True,True,True,True,True,,,,,
2025-01-31,2024-02-01,2025-01-31,2025-02-03,2025-07-31,OOS,CIPLA,CIPLA,CIPLA,Cipla,2024-09-30,2025-09-29,True,248,248,100.0,0,2024-02-01,2025-01-31,True,1479.4,1,CIPLA_SEG1,0,True,1489.7,1339.55,2318470186.2,231.84701861999997,1297451513.6200001,129.745151362,1626048151.2749999,162.6048151275,2834600615.998589,283.46006159985893,True,True,True,True,True,True,,,,,
2025-01-31,2024-02-01,2025-01-31,2025-02-03,2025-07-31,OOS,DIVISLAB,DIVISLAB,DIVISLAB,Divi's Laboratories,2024-09-30,2025-09-29,True,248,248,100.0,0,2024-02-01,2025-01-31,True,5577.7,1,DIVISLAB_SEG1,0,True,4828.75,3367.85,2226303147.2,222.63031471999997,1078813647.52,107.881364752,1443969718.625,144.3969718625,2815617343.0379033,281.56173430379033,True,True,True,True,True,True,,,,,
2025-01-31,2024-02-01,2025-01-31,2025-02-03,2025-07-31,OOS,DRREDDY,DRREDDY,DRREDDY,Dr. Reddy's Laboratories,2024-09-30,2025-09-29,True,248,248,100.0,0,2024-02-01,2025-01-31,True,1217.35,1,DRREDDY_SEG1,0,True,6167.25,1181.2,2354130418.275,235.4130418275,1401206713.425,140.1206713425,1745537590.175,174.5537590175,2681813763.464718,268.1813763464718,True,True,True,True,True,True,,,,,
2025-01-31,2024-02-01,2025-01-31,2025-02-03,2025-07-31,OOS,GLAND,GLAND,GLAND,Gland Pharma,2024-09-30,2025-09-29,True,248,248,100.0,0,2024-02-01,2025-01-31,True,1524.75,1,GLAND_SEG1,0,True,1802.8,1440.2,326370113.5,32.63701135,143356906.27,14.335690627000002,196853877.21249998,19.68538772125,667360769.2102823,66.73607692102823,True,True,True,True,True,True,,,,,
2025-01-31,2024-02-01,2025-01-31,2025-02-03,2025-07-31,OOS,GLAXO,GLAXO,,,,,False,248,248,100.0,0,2024-02-01,2025-01-31,True,1977.15,1,GLAXO_SEG1,0,True,2430.075,1871.2,265842541.125,26.5842541125,131008325.935,13.1008325935,175350865.7,17.535086569999997,336657801.1302419,33.665780113024184,True,True,True,True,True,False,,,,,NOT_INDEX_MEMBER_AT_FORMATION
2025-01-31,2024-02-01,2025-01-31,2025-02-03,2025-07-31,OOS,GLENMARK,GLENMARK,GLENMARK,Glenmark Pharmaceuticals,2024-09-30,2025-09-29,True,248,248,100.0,0,2024-02-01,2025-01-31,True,1453.2,1,GLENMARK_SEG1,0,True,1439.375,797.2,936565603.8499999,93.65656038499999,425753707.285,42.575370728500005,618957033.4,61.89570334,1222972660.424395,122.2972660424395,True,True,True,True,True,True,,,,,
2025-01-31,2024-02-01,2025-01-31,2025-02-03,2025-07-31,OOS,GRANULES,GRANULES,GRANULES,Granules India,2024-09-30,2025-09-29,True,248,248,100.0,0,2024-02-01,2025-01-31,True,556.35,1,GRANULES_SEG1,0,True,541.175,392.1,826423811.225,82.6423811225,281873991.035,28.187399103500002,466659826.575,46.665982657499995,1342362558.5600808,134.23625585600809,True,True,True,True,True,True,,,,,
2025-01-31,2024-02-01,2025-01-31,2025-02-03,2025-07-31,OOS,IPCALAB,IPCALAB,IPCALAB,IPCA Laboratories,2024-09-30,2025-09-29,True,248,248,100.0,0,2024-02-01,2025-01-31,True,1443.3,1,IPCALAB_SEG1,0,True,1344.375,1088.15,498940099.6,49.894009960000005,218621566.24,21.862156624,312061526.675,31.2061526675,703044024.2639114,70.30440242639114,True,True,True,True,True,True,,,,,
2025-01-31,2024-02-01,2025-01-31,2025-02-03,2025-07-31,OOS,JBCHEPHARM,JBCHEPHARM,JBCHEPHARM,JB Chemicals & Pharmaceuticals,2024-09-30,2025-09-29,True,248,248,100.0,0,2024-02-01,2025-01-31,True,1763.9,1,JBCHEPHARM_SEG1,0,True,1800.0500000000002,1531.4,242721294.77499998,24.2721294775,105729141.47,10.572914147,154798867.2375,15.47988672375,347107806.08306456,34.71078060830646,True,True,True,True,True,True,,,,,
2025-01-31,2024-02-01,2025-01-31,2025-02-03,2025-07-31,OOS,LAURUSLABS,LAURUSLABS,LAURUSLABS,Laurus Labs,2024-09-30,2025-09-29,True,248,248,100.0,0,2024-02-01,2025-01-31,True,584.05,1,LAURUSLABS_SEG1,0,True,450.1,379.05,843951744.275,84.3951744275,338137398.2,33.81373982,529454982.13750005,52.94549821375001,1196404936.9824598,119.64049369824598,True,True,True,True,True,True,,,,,
2025-01-31,2024-02-01,2025-01-31,2025-02-03,2025-07-31,OOS,LUPIN,LUPIN,LUPIN,Lupin,2024-09-30,2025-09-29,True,248,248,100.0,0,2024-02-01,2025-01-31,True,2080.45,1,LUPIN_SEG1,0,True,1957.425,1502.75,1937951390.525,193.79513905250002,1006704287.1600001,100.670428716,1381156597.2625,138.11565972625002,2326523942.65121,232.652394265121,True,True,True,True,True,True,,,,,
2025-01-31,2024-02-01,2025-01-31,2025-02-03,2025-07-31,OOS,MANKIND,MANKIND,MANKIND,Mankind Pharma,2024-09-30,2025-09-29,True,248,248,100.0,0,2024-02-01,2025-01-31,True,2435.4,1,MANKIND_SEG1,0,True,2355.55,1990.4,976346606.75,97.634660675,491235135.03000003,49.123513503000005,661496549.75,66.149654975,1587857558.9850805,158.78575589850806,True,True,True,True,True,True,,,,,
2025-01-31,2024-02-01,2025-01-31,2025-02-03,2025-07-31,OOS,NATCOPHARM,NATCOPHARM,NATCOPHARM,Natco Pharma,2024-09-30,2025-09-29,True,248,248,100.0,0,2024-02-01,2025-01-31,True,1173.85,1,NATCOPHARM_SEG1,0,True,1256.6750000000002,833.5,728445323.6,72.84453236,344028760.63,34.402876063,501786549.05,50.178654905,1074408428.38125,107.440842838125,True,True,True,True,True,True,,,,,
2025-01-31,2024-02-01,2025-01-31,2025-02-03,2025-07-31,OOS,PEL,PEL,,,,,False,248,248,100.0,0,2024-02-01,2025-01-31,True,1023.1,1,PEL_SEG2,0,True,973.0,754.2,979167888.2249999,97.9167888225,453560693.725,45.3560693725,644594024.575,64.4594024575,1260159226.1604838,126.01592261604839,True,True,True,True,True,False,,,,,NOT_INDEX_MEMBER_AT_FORMATION
2025-01-31,2024-02-01,2025-01-31,2025-02-03,2025-07-31,OOS,PFIZER,PFIZER,,,,,False,248,248,100.0,0,2024-02-01,2025-01-31,True,4538.2,1,PFIZER_SEG1,0,True,4954.675,4107.85,114573685.25,11.457368525,48676106.480000004,4.867610648,65545312.9625,6.5545312962499995,206486756.32278228,20.648675632278227,True,True,True,True,True,False,,,,,NOT_INDEX_MEMBER_AT_FORMATION
2025-01-31,2024-02-01,2025-01-31,2025-02-03,2025-07-31,OOS,PPLPHARMA,PPLPHARMA,,,,,False,248,248,100.0,0,2024-02-01,2025-01-31,True,232.9,1,PPLPHARMA_SEG1,0,True,175.16000000000003,115.5,739067626.6500001,73.90676266500002,317616138.514,31.7616138514,440291038.3575,44.02910383575,1543645717.897621,154.3645717897621,True,True,True,True,True,False,,,,,NOT_INDEX_MEMBER_AT_FORMATION
2025-01-31,2024-02-01,2025-01-31,2025-02-03,2025-07-31,OOS,SAILIFE,SAILIFE,,,,,False,248,32,12.903225806451612,216,2024-12-18,2025-01-31,True,656.8,1,SAILIFE_SEG1,0,True,720.8499999999999,652.9,568920486.625,56.8920486625,158431816.42999998,15.843181642999998,255662751.6125,25.56627516125,2551909320.96875,255.190932096875,False,False,True,True,True,False,,,,,NOT_INDEX_MEMBER_AT_FORMATION;INSUFFICIENT_FORMATION_COVERAGE;EXCESSIVE_MISSING_SESSION_GAP
2025-01-31,2024-02-01,2025-01-31,2025-02-03,2025-07-31,OOS,SANOFI,SANOFI,,,,,False,248,238,95.96774193548387,10,2024-02-01,2025-01-31,True,5525.15,2,SANOFI_SEG1;SANOFI_SEG2,1,False,6857.625,5254.65,100323892.025,10.032389202500001,48009789.835,4.8009789835,70381273.6875,7.03812736875,148407641.79705882,14.840764179705882,True,False,False,True,True,False,,,,,NOT_INDEX_MEMBER_AT_FORMATION;EXCESSIVE_MISSING_SESSION_GAP;FORMATION_CROSSES_STRUCTURAL_SEGMENT
2025-01-31,2024-02-01,2025-01-31,2025-02-03,2025-07-31,OOS,STAR,STAR,,,,,False,248,238,95.96774193548387,10,2024-02-01,2025-01-31,True,685.5,2,STAR_SEG2;STAR_SEG3,1,False,925.25,570.6,363675850.375,36.3675850375,139257939.815,13.9257939815,209309699.20000002,20.930969920000003,462935102.4350841,46.29351024350841,True,False,False,True,True,False,,,,,NOT_INDEX_MEMBER_AT_FORMATION;EXCESSIVE_MISSING_SESSION_GAP;FORMATION_CROSSES_STRUCTURAL_SEGMENT
2025-01-31,2024-02-01,2025-01-31,2025-02-03,2025-07-31,OOS,SUNPHARMA,SUNPHARMA,SUNPHARMA,Sun Pharmaceutical Industries,2024-09-30,2025-09-29,True,248,248,100.0,0,2024-02-01,2025-01-31,True,1743.95,1,SUNPHARMA_SEG1,0,True,1721.8,1407.95,3198749581.425,319.8749581425,1888884605.085,188.8884605085,2432122513.8375,243.21225138375002,3772533557.947984,377.25335579479844,True,True,True,True,True,True,,,,,
2025-01-31,2024-02-01,2025-01-31,2025-02-03,2025-07-31,OOS,TORNTPHARM,TORNTPHARM,TORNTPHARM,Torrent Pharmaceuticals,2024-09-30,2025-09-29,True,248,248,100.0,0,2024-02-01,2025-01-31,True,3269.1,1,TORNTPHARM_SEG1,0,True,3148.4750000000004,2501.5,700445866.95,70.044586695,359542729.515,35.9542729515,503464372.825,50.3464372825,954054479.8409274,95.40544798409273,True,True,True,True,True,True,,,,,
2025-01-31,2024-02-01,2025-01-31,2025-02-03,2025-07-31,OOS,WOCKPHARMA,WOCKPHARMA,,,,,False,248,134,54.03225806451613,57,2024-02-01,2025-01-31,True,1416.9,1,WOCKPHARMA_SEG1,0,True,1109.8249999999998,434.3,531156218.5,53.11562185,222910230.325,22.2910230325,330191422.85,33.019142285,778601080.3156716,77.86010803156715,False,False,True,True,True,False,,,,,NOT_INDEX_MEMBER_AT_FORMATION;INSUFFICIENT_FORMATION_COVERAGE;EXCESSIVE_MISSING_SESSION_GAP
2025-01-31,2024-02-01,2025-01-31,2025-02-03,2025-07-31,OOS,ZYDUS,ZYDUSLIFE,ZYDUSLIFE,Zydus Lifesciences,2024-09-30,2025-09-29,True,248,248,100.0,0,2024-02-01,2025-01-31,True,970.25,1,ZYDUS_SEG1,0,True,1000.15,759.55,1267631382.0500002,126.76313820500002,646014403.75,64.601440375,871325918.25,87.132591825,1725992290.1651213,172.59922901651214,True,True,True,True,True,True,,,,,
2025-07-31,2024-08-01,2025-07-31,2025-08-01,2026-01-30,OOS,ABBOTINDIA,ABBOTINDIA,ABBOTINDIA,Abbott India,2024-09-30,2025-09-29,True,249,249,100.0,0,2024-08-01,2025-07-31,True,34405.0,1,ABBOTINDIA_SEG1,0,True,29597.0,25501.85,262011905.0,26.2011905,135658800.07999998,13.565880007999999,181714235.0,18.1714235,363049282.96967876,36.30492829696787,True,True,True,True,True,True,,,,,
2025-07-31,2024-08-01,2025-07-31,2025-08-01,2026-01-30,OOS,AJANTPHARM,AJANTPHARM,AJANTPHARM,Ajanta Pharma,2024-09-30,2025-09-29,True,249,249,100.0,0,2024-08-01,2025-07-31,True,2751.4,1,AJANTPHARM_SEG1,0,True,2790.9,2374.45,316927595.55,31.692759555000002,155385254.39999998,15.538525439999997,216829059.7,21.68290597,446427919.4803213,44.64279194803213,True,True,True,True,True,True,,,,,
2025-07-31,2024-08-01,2025-07-31,2025-08-01,2026-01-30,OOS,ALKEM,ALKEM,ALKEM,Alkem Laboratories,2024-09-30,2025-09-29,True,249,249,100.0,0,2024-08-01,2025-07-31,True,5031.1,1,ALKEM_SEG1,0,True,5249.0,4563.7,696927639.1,69.69276391,306265725.94,30.626572594,423351433.05,42.335143305,1081948281.7901607,108.19482817901607,True,True,True,True,True,True,,,,,
2025-07-31,2024-08-01,2025-07-31,2025-08-01,2026-01-30,OOS,APLLTD,APLLTD,,,,,False,249,249,100.0,0,2024-08-01,2025-07-31,True,977.9,1,APLLTD_SEG1,0,True,1018.5,743.65,116623955.75,11.662395575,52216984.03,5.221698403,73522112.4,7.352211240000001,284750515.5668675,28.475051556686747,True,True,True,True,True,False,,,,,NOT_INDEX_MEMBER_AT_FORMATION
2025-07-31,2024-08-01,2025-07-31,2025-08-01,2026-01-30,OOS,AUROPHARMA,AUROPHARMA,AUROPHARMA,Aurobindo Pharma,2024-09-30,2025-09-29,True,249,249,100.0,0,2024-08-01,2025-07-31,True,1139.8,1,AUROPHARMA_SEG1,0,True,1209.6,1051.75,1178436922.6,117.84369226,626815458.37,62.681545837,812552682.1,81.25526821,1489870683.4680722,148.9870683468072,True,True,True,True,True,True,,,,,
2025-07-31,2024-08-01,2025-07-31,2025-08-01,2026-01-30,OOS,BIOCON,BIOCON,BIOCON,Biocon,2024-09-30,2025-09-29,True,249,249,100.0,0,2024-08-01,2025-07-31,True,391.4,1,BIOCON_SEG1,0,True,348.6,302.45,1137311921.25,113.731192125,485762650.20000005,48.57626502000001,716007677.1,71.60076771,1511620922.9975905,151.16209229975905,True,True,True,True,True,True,,,,,
2025-07-31,2024-08-01,2025-07-31,2025-08-01,2026-01-30,OOS,CIPLA,CIPLA,CIPLA,Cipla,2024-09-30,2025-09-29,True,249,249,100.0,0,2024-08-01,2025-07-31,True,1554.6,1,CIPLA_SEG1,0,True,1499.75,1384.7,2161338376.75,216.133837675,1304398027.1,130.43980270999998,1590008885.0,159.0008885,2684428637.350803,268.44286373508027,True,True,True,True,True,True,,,,,
2025-07-31,2024-08-01,2025-07-31,2025-08-01,2026-01-30,OOS,DIVISLAB,DIVISLAB,DIVISLAB,Divi's Laboratories,2024-09-30,2025-09-29,True,249,249,100.0,0,2024-08-01,2025-07-31,True,6595.5,1,DIVISLAB_SEG1,0,True,5900.85,4633.9,2297872224.9,229.78722249,1198865965.98,119.886596598,1677827286.5,167.78272865,3040945040.0265064,304.09450400265064,True,True,True,True,True,True,,,,,
2025-07-31,2024-08-01,2025-07-31,2025-08-01,2026-01-30,OOS,DRREDDY,DRREDDY,DRREDDY,Dr. Reddy's Laboratories,2024-09-30,2025-09-29,True,249,249,100.0,0,2024-08-01,2025-07-31,True,1270.3,1,DRREDDY_SEG1,0,True,1269.4,1087.9,2186782887.7,218.67828877,1185364104.14,118.53641041400002,1592337465.95,159.233746595,2530524701.5405626,253.05247015405627,True,True,True,True,True,True,,,,,
2025-07-31,2024-08-01,2025-07-31,2025-08-01,2026-01-30,OOS,GLAND,GLAND,GLAND,Gland Pharma,2024-09-30,2025-09-29,True,249,249,100.0,0,2024-08-01,2025-07-31,True,2064.8,1,GLAND_SEG1,0,True,1707.2,1392.8,270646139.7,27.06461397,135766990.47,13.576699047,174832809.5,17.48328095,544421803.2242972,54.442180322429714,True,True,True,True,True,True,,,,,
2025-07-31,2024-08-01,2025-07-31,2025-08-01,2026-01-30,OOS,GLAXO,GLAXO,,,,,False,249,249,100.0,0,2024-08-01,2025-07-31,True,3162.6,1,GLAXO_SEG1,0,True,2751.1,1960.4,278806432.2,27.88064322,143632944.66,14.363294466,184074595.8,18.40745958,509283639.16405624,50.92836391640562,True,True,True,True,True,False,,,,,NOT_INDEX_MEMBER_AT_FORMATION
2025-07-31,2024-08-01,2025-07-31,2025-08-01,2026-01-30,OOS,GLENMARK,GLENMARK,GLENMARK,Glenmark Pharmaceuticals,2024-09-30,2025-09-29,True,249,249,100.0,0,2024-08-01,2025-07-31,True,2134.1,1,GLENMARK_SEG1,0,True,1541.05,1278.95,1077349843.5,107.73498435,484311813.75,48.431181375,674408663.05,67.440866305,1548483254.4441767,154.84832544441767,True,True,True,True,True,True,,,,,
2025-07-31,2024-08-01,2025-07-31,2025-08-01,2026-01-30,OOS,GRANULES,GRANULES,GRANULES,Granules India,2024-09-30,2025-09-29,True,249,249,100.0,0,2024-08-01,2025-07-31,True,474.9,1,GRANULES_SEG1,0,True,543.05,431.1,705839112.7,70.58391127,299799968.62,29.979996862,450016483.8,45.00164838,1224019194.257831,122.4019194257831,True,True,True,True,True,True,,,,,
2025-07-31,2024-08-01,2025-07-31,2025-08-01,2026-01-30,OOS,IPCALAB,IPCALAB,IPCALAB,IPCA Laboratories,2024-09-30,2025-09-29,True,249,249,100.0,0,2024-08-01,2025-07-31,True,1473.9,1,IPCALAB_SEG1,0,True,1456.8,1283.5,421198151.4,42.11981514,185320513.72,18.532051372,249589126.5,24.95891265,586951939.1443776,58.69519391443776,True,True,True,True,True,True,,,,,
2025-07-31,2024-08-01,2025-07-31,2025-08-01,2026-01-30,OOS,JBCHEPHARM,JBCHEPHARM,JBCHEPHARM,JB Chemicals & Pharmaceuticals,2024-09-30,2025-09-29,True,249,249,100.0,0,2024-08-01,2025-07-31,True,1769.3,1,JBCHEPHARM_SEG1,0,True,1743.4,1504.4,263750892.25,26.375089225,105165237.08,10.516523708,170319560.75,17.031956075,446505482.96586347,44.650548296586344,True,True,True,True,True,True,,,,,
2025-07-31,2024-08-01,2025-07-31,2025-08-01,2026-01-30,OOS,LAURUSLABS,LAURUSLABS,LAURUSLABS,Laurus Labs,2024-09-30,2025-09-29,True,249,249,100.0,0,2024-08-01,2025-07-31,True,874.35,1,LAURUSLABS_SEG1,0,True,574.45,419.85,1074759994.5,107.47599945,550513247.9,55.051324789999995,802038962.95,80.203896295,1545319729.1622488,154.53197291622487,True,True,True,True,True,True,,,,,
2025-07-31,2024-08-01,2025-07-31,2025-08-01,2026-01-30,OOS,LUPIN,LUPIN,LUPIN,Lupin,2024-09-30,2025-09-29,True,249,249,100.0,0,2024-08-01,2025-07-31,True,1929.1,1,LUPIN_SEG1,0,True,2068.75,1891.05,1984001214.8,198.40012148,1082532227.46,108.253222746,1393320861.75,139.332086175,2300171490.4222894,230.01714904222894,True,True,True,True,True,True,,,,,
2025-07-31,2024-08-01,2025-07-31,2025-08-01,2026-01-30,OOS,MANKIND,MANKIND,MANKIND,Mankind Pharma,2024-09-30,2025-09-29,True,249,249,100.0,0,2024-08-01,2025-07-31,True,2567.2,1,MANKIND_SEG1,0,True,2498.8,1990.4,1051189547.05,105.118954705,482521480.86,48.252148086,735914316.25,73.591431625,1389596382.0636544,138.95963820636544,True,True,True,True,True,True,,,,,
2025-07-31,2024-08-01,2025-07-31,2025-08-01,2026-01-30,OOS,NATCOPHARM,NATCOPHARM,NATCOPHARM,Natco Pharma,2024-09-30,2025-09-29,True,249,249,100.0,0,2024-08-01,2025-07-31,True,953.4,1,NATCOPHARM_SEG1,0,True,1235.55,746.5,672368826.4,67.23688264,361682183.74,36.168218374,490431645.15,49.043164515,1099852759.2885542,109.98527592885542,True,True,True,True,True,True,,,,,
2025-07-31,2024-08-01,2025-07-31,2025-08-01,2026-01-30,OOS,PEL,PEL,,,,,False,249,249,100.0,0,2024-08-01,2025-07-31,True,1251.8,1,PEL_SEG2,0,True,1056.65,872.4,661620722.05,66.162072205,303624703.79,30.362470379,395044690.1,39.50446901,1000556028.9230922,100.05560289230922,True,True,True,True,True,False,,,,,NOT_INDEX_MEMBER_AT_FORMATION
2025-07-31,2024-08-01,2025-07-31,2025-08-01,2026-01-30,OOS,PFIZER,PFIZER,,,,,False,249,249,100.0,0,2024-08-01,2025-07-31,True,5194.5,1,PFIZER_SEG1,0,True,5268.55,3913.75,121689870.9,12.16898709,62151576.68,6.215157668,77649470.55,7.7649470549999995,252009012.94658634,25.200901294658635,True,True,True,True,True,False,,,,,NOT_INDEX_MEMBER_AT_FORMATION
2025-07-31,2024-08-01,2025-07-31,2025-08-01,2026-01-30,OOS,PPLPHARMA,PPLPHARMA,,,,,False,249,249,100.0,0,2024-08-01,2025-07-31,True,197.03,1,PPLPHARMA_SEG1,0,True,218.51,167.73,994649017.6,99.46490176,467233650.194,46.7233650194,672943489.74,67.294348974,1816721577.391727,181.6721577391727,True,True,True,True,True,False,,,,,NOT_INDEX_MEMBER_AT_FORMATION
2025-07-31,2024-08-01,2025-07-31,2025-08-01,2026-01-30,OOS,SAILIFE,SAILIFE,,,,,False,249,154,61.84738955823293,95,2024-12-18,2025-07-31,True,808.45,1,SAILIFE_SEG1,0,True,728.4749999999999,640.25,312754289.8,31.27542898,123283956.345,12.3283956345,190944177.675,19.0944177675,915716727.1295456,91.57167271295455,False,False,True,True,True,False,,,,,NOT_INDEX_MEMBER_AT_FORMATION;INSUFFICIENT_FORMATION_COVERAGE;EXCESSIVE_MISSING_SESSION_GAP
2025-07-31,2024-08-01,2025-07-31,2025-08-01,2026-01-30,OOS,SANOFI,SANOFI,,,,,False,249,249,100.0,0,2024-08-01,2025-07-31,True,5825.0,1,SANOFI_SEG2,0,True,6164.5,4986.85,72765481.4,7.276548140000001,32765916.66,3.276591666,46132742.5,4.61327425,107816603.7885542,10.78166037885542,True,True,True,True,True,False,,,,,NOT_INDEX_MEMBER_AT_FORMATION
2025-07-31,2024-08-01,2025-07-31,2025-08-01,2026-01-30,OOS,STAR,STAR,,,,,False,249,239,95.9839357429719,10,2024-08-01,2025-07-31,True,874.1,2,STAR_SEG2;STAR_SEG3,1,False,853.8,570.6,379038065.3,37.903806530000004,189638451.54,18.963845153999998,249882412.675,24.9882412675,498317573.1324268,49.83175731324268,True,False,False,True,True,False,,,,,NOT_INDEX_MEMBER_AT_FORMATION;EXCESSIVE_MISSING_SESSION_GAP;FORMATION_CROSSES_STRUCTURAL_SEGMENT
2025-07-31,2024-08-01,2025-07-31,2025-08-01,2026-01-30,OOS,SUNPHARMA,SUNPHARMA,SUNPHARMA,Sun Pharmaceutical Industries,2024-09-30,2025-09-29,True,249,249,100.0,0,2024-08-01,2025-07-31,True,1706.7,1,SUNPHARMA_SEG1,0,True,1751.5,1566.5,3486436403.55,348.643640355,2120577839.82,212.057783982,2604852598.05,260.485259805,3876804045.3624496,387.68040453624496,True,True,True,True,True,True,,,,,
2025-07-31,2024-08-01,2025-07-31,2025-08-01,2026-01-30,OOS,TORNTPHARM,TORNTPHARM,TORNTPHARM,Torrent Pharmaceuticals,2024-09-30,2025-09-29,True,249,249,100.0,0,2024-08-01,2025-07-31,True,3741.9,1,TORNTPHARM_SEG1,0,True,3285.2,2930.3,910162769.15,91.01627691499999,505203887.92,50.520388792,648665230.45,64.86652304500001,1272012356.9809237,127.20123569809236,True,True,True,True,True,True,,,,,
2025-07-31,2024-08-01,2025-07-31,2025-08-01,2026-01-30,OOS,WOCKPHARMA,WOCKPHARMA,,,,,False,249,203,81.52610441767068,46,2024-10-08,2025-07-31,True,1667.5,1,WOCKPHARMA_SEG1,0,True,1396.95,949.3,575741568.9,57.57415689,293258204.92,29.325820492000002,387159401.5,38.71594015,951064352.2660098,95.10643522660098,False,False,True,True,True,False,,,,,NOT_INDEX_MEMBER_AT_FORMATION;INSUFFICIENT_FORMATION_COVERAGE;EXCESSIVE_MISSING_SESSION_GAP
2025-07-31,2024-08-01,2025-07-31,2025-08-01,2026-01-30,OOS,ZYDUS,ZYDUSLIFE,ZYDUSLIFE,Zydus Lifesciences,2024-09-30,2025-09-29,True,249,249,100.0,0,2024-08-01,2025-07-31,True,969.8,1,ZYDUS_SEG1,0,True,973.5,822.1,993657982.4,99.36579824,560167887.2800001,56.01678872800001,722556084.8,72.25560847999999,1536003420.2893577,153.60034202893576,True,True,True,True,True,True,,,,,
2026-01-31,2025-02-01,2026-01-30,2026-02-02,2026-07-31,OOS,ABBOTINDIA,ABBOTINDIA,ABBOTINDIA,Abbott India,2025-09-30,2026-07-22,True,245,245,100.0,0,2025-02-03,2026-01-30,True,27565.0,1,ABBOTINDIA_SEG1,0,True,30195.0,25977.6,224539430.0,22.453943,108111858.0,10.8111858,147861335.0,14.7861335,303947874.50448984,30.394787450448984,True,True,True,True,True,True,,,,,
2026-01-31,2025-02-01,2026-01-30,2026-02-02,2026-07-31,OOS,AJANTPHARM,AJANTPHARM,AJANTPHARM,Ajanta Pharma,2025-09-30,2026-07-22,True,245,245,100.0,0,2025-02-03,2026-01-30,True,2781.9,1,AJANTPHARM_SEG1,0,True,2593.8,2374.45,236322672.1,23.63226721,110126647.9,11.01266479,155514285.7,15.551428569999999,346597791.33469385,34.659779133469385,True,True,True,True,True,True,,,,,
2026-01-31,2025-02-01,2026-01-30,2026-02-02,2026-07-31,OOS,ALKEM,ALKEM,ALKEM,Alkem Laboratories,2025-09-30,2026-07-22,True,245,245,100.0,0,2025-02-03,2026-01-30,True,5677.5,1,ALKEM_SEG1,0,True,5259.0,4563.7,572792860.5,57.27928605,240899855.2,24.08998552,392200907.8,39.22009078,778943525.5859183,77.89435255859183,True,True,True,True,True,True,,,,,
2026-01-31,2025-02-01,2026-01-30,2026-02-02,2026-07-31,OOS,APLLTD,APLLTD,,,,,False,245,245,100.0,0,2025-02-03,2026-01-30,True,783.2,1,APLLTD_SEG1,0,True,913.55,743.65,71333214.2,7.133321420000001,32005840.16,3.200584016,46033534.95,4.603353495,218549158.7612245,21.85491587612245,True,True,True,True,True,False,,,,,NOT_INDEX_MEMBER_AT_FORMATION
2026-01-31,2025-02-01,2026-01-30,2026-02-02,2026-07-31,OOS,AUROPHARMA,AUROPHARMA,AUROPHARMA,Aurobindo Pharma,2025-09-30,2026-07-22,True,245,245,100.0,0,2025-02-03,2026-01-30,True,1207.7,1,AUROPHARMA_SEG1,0,True,1143.8,1022.2,1011405424.5,101.14054245,571551958.63,57.155195863,771552251.8,77.15522518,1373683685.8934696,137.36836858934694,True,True,True,True,True,True,,,,,
2026-01-31,2025-02-01,2026-01-30,2026-02-02,2026-07-31,OOS,BIOCON,BIOCON,BIOCON,Biocon,2025-09-30,2026-07-22,True,245,245,100.0,0,2025-02-03,2026-01-30,True,366.8,1,BIOCON_SEG1,0,True,359.45,302.45,949180170.9,94.91801708999999,424324197.56,42.432419756,632555500.0,63.25555,1280097477.3465307,128.00974773465308,True,True,True,True,True,True,,,,,
2026-01-31,2025-02-01,2026-01-30,2026-02-02,2026-07-31,OOS,CIPLA,CIPLA,CIPLA,Cipla,2025-09-30,2026-07-22,True,245,245,100.0,0,2025-02-03,2026-01-30,True,1324.0,1,CIPLA_SEG1,0,True,1503.5,1313.0,1903241853.5,190.32418535,1215544822.16,121.55448221600001,1433149333.2,143.31493332,2292590677.7100005,229.25906777100005,True,True,True,True,True,True,,,,,
2026-01-31,2025-02-01,2026-01-30,2026-02-02,2026-07-31,OOS,DIVISLAB,DIVISLAB,DIVISLAB,Divi's Laboratories,2025-09-30,2026-07-22,True,245,245,100.0,0,2025-02-03,2026-01-30,True,6051.0,1,DIVISLAB_SEG1,0,True,6293.0,5258.95,2113316306.0,211.3316306,1063718264.6,106.37182646000001,1539227893.0,153.9227893,2638190208.5385714,263.8190208538571,True,True,True,True,True,True,,,,,
2026-01-31,2025-02-01,2026-01-30,2026-02-02,2026-07-31,OOS,DRREDDY,DRREDDY,DRREDDY,Dr. Reddy's Laboratories,2025-09-30,2026-07-22,True,245,245,100.0,0,2025-02-03,2026-01-30,True,1218.1,1,DRREDDY_SEG1,0,True,1244.4,1087.9,1852122637.9,185.21226379,1020800829.8,102.08008298,1418535373.0,141.8535373,2289198434.2908163,228.91984342908162,True,True,True,True,True,True,,,,,
2026-01-31,2025-02-01,2026-01-30,2026-02-02,2026-07-31,OOS,GLAND,GLAND,GLAND,Gland Pharma,2025-09-30,2026-07-22,True,245,245,100.0,0,2025-02-03,2026-01-30,True,1846.6,1,GLAND_SEG1,0,True,1723.3,1392.8,233092243.9,23.30922439,95004108.10000001,9.500410810000002,143740239.7,14.37402397,451078838.87204075,45.107883887204075,True,True,True,True,True,True,,,,,
2026-01-31,2025-02-01,2026-01-30,2026-02-02,2026-07-31,OOS,GLAXO,GLAXO,,,,,False,245,245,100.0,0,2025-02-03,2026-01-30,True,2401.6,1,GLAXO_SEG1,0,True,2749.2,1960.4,265753913.3,26.575391330000002,126871003.02000001,12.687100302000001,173960289.8,17.39602898,502494937.86448973,50.24949378644897,True,True,True,True,True,False,,,,,NOT_INDEX_MEMBER_AT_FORMATION
2026-01-31,2025-02-01,2026-01-30,2026-02-02,2026-07-31,OOS,GLENMARK,GLENMARK,GLENMARK,Glenmark Pharmaceuticals,2025-09-30,2026-07-22,True,245,245,100.0,0,2025-02-03,2026-01-30,True,2015.9,1,GLENMARK_SEG1,0,True,1860.1,1278.95,1109720454.2,110.97204542,543316481.1800001,54.331648118000004,754451985.6,75.44519856000001,1620457327.3569386,162.04573273569386,True,True,True,True,True,True,,,,,
2026-01-31,2025-02-01,2026-01-30,2026-02-02,2026-07-31,OOS,GRANULES,GRANULES,,,,,False,245,245,100.0,0,2025-02-03,2026-01-30,True,570.6,1,GRANULES_SEG1,0,True,518.75,431.1,454667548.9,45.46675489,238860747.26,23.886074726,318069757.1,31.806975710000003,634968716.0291837,63.496871602918375,True,True,True,True,True,False,,,,,NOT_INDEX_MEMBER_AT_FORMATION
2026-01-31,2025-02-01,2026-01-30,2026-02-02,2026-07-31,OOS,IPCALAB,IPCALAB,IPCALAB,IPCA Laboratories,2025-09-30,2026-07-22,True,245,245,100.0,0,2025-02-03,2026-01-30,True,1470.8,1,IPCALAB_SEG1,0,True,1404.2,1268.7,238615419.8,23.861541980000002,116543044.88000001,11.654304488000001,161310758.5,16.13107585,379013441.5361225,37.90134415361225,True,True,True,True,True,True,,,,,
2026-01-31,2025-02-01,2026-01-30,2026-02-02,2026-07-31,OOS,JBCHEPHARM,JBCHEPHARM,JBCHEPHARM,JB Chemicals & Pharmaceuticals,2025-09-30,2026-07-22,True,245,245,100.0,0,2025-02-03,2026-01-30,True,1869.5,1,JBCHEPHARM_SEG1,0,True,1698.2,1504.4,248595839.5,24.85958395,105705448.60000001,10.57054486,148331646.5,14.83316465,415769974.73591834,41.57699747359183,True,True,True,True,True,True,,,,,
2026-01-31,2025-02-01,2026-01-30,2026-02-02,2026-07-31,OOS,LAURUSLABS,LAURUSLABS,LAURUSLABS,Laurus Labs,2025-09-30,2026-07-22,True,245,245,100.0,0,2025-02-03,2026-01-30,True,965.0,1,LAURUSLABS_SEG1,0,True,837.75,521.45,1361719368.3,136.17193683,800755700.68,80.07557006799999,996273645.0,99.6273645,1718351946.6053061,171.83519466053062,True,True,True,True,True,True,,,,,
2026-01-31,2025-02-01,2026-01-30,2026-02-02,2026-07-31,OOS,LUPIN,LUPIN,LUPIN,Lupin,2025-09-30,2026-07-22,True,245,245,100.0,0,2025-02-03,2026-01-30,True,2152.8,1,LUPIN_SEG1,0,True,1990.2,1851.8,1709897697.3,170.98976973,944320466.0600001,94.432046606,1202725134.2,120.27251342000001,2011097328.00551,201.109732800551,True,True,True,True,True,True,,,,,
2026-01-31,2025-02-01,2026-01-30,2026-02-02,2026-07-31,OOS,MANKIND,MANKIND,MANKIND,Mankind Pharma,2025-09-30,2026-07-22,True,245,245,100.0,0,2025-02-03,2026-01-30,True,2124.0,1,MANKIND_SEG1,0,True,2415.4,2094.2,963913185.0,96.3913185,453483316.38,45.348331638,632838334.35,63.283833435000005,1197162773.0577552,119.71627730577552,True,True,True,True,True,True,,,,,
2026-01-31,2025-02-01,2026-01-30,2026-02-02,2026-07-31,OOS,NATCOPHARM,NATCOPHARM,,,,,False,245,245,100.0,0,2025-02-03,2026-01-30,True,835.9,1,NATCOPHARM_SEG1,0,True,862.3,746.5,488894815.5,48.88948155,256329753.42000002,25.632975342,327405935.0,32.7405935,1013469143.8646939,101.3469143864694,True,True,True,True,True,False,,,,,NOT_INDEX_MEMBER_AT_FORMATION
2026-01-31,2025-02-01,2026-01-30,2026-02-02,2026-07-31,OOS,PEL,,,,,,False,245,157,64.08163265306122,88,2025-02-03,2025-09-22,False,,1,PEL_SEG2,0,True,1090.75,872.4,450550318.75,45.055031875,270726170.16,27.072617016000002,343629040.9,34.36290409,729532157.1652867,72.95321571652866,False,False,True,True,False,False,,,,,NOT_INDEX_MEMBER_AT_FORMATION;INSUFFICIENT_FORMATION_COVERAGE;EXCESSIVE_MISSING_SESSION_GAP;NO_EQ_PRICE_ON_FORMATION_DATE
2026-01-31,2025-02-01,2026-01-30,2026-02-02,2026-07-31,OOS,PFIZER,PFIZER,,,,,False,245,245,100.0,0,2025-02-03,2026-01-30,True,4563.6,1,PFIZER_SEG1,0,True,5025.2,3913.75,89651139.85,8.965113984999999,47569202.66,4.756920266,64104467.5,6.41044675,211158644.11591834,21.115864411591833,True,True,True,True,True,False,,,,,NOT_INDEX_MEMBER_AT_FORMATION
2026-01-31,2025-02-01,2026-01-30,2026-02-02,2026-07-31,OOS,PPLPHARMA,PPLPHARMA,PPLPHARMA,Piramal Pharma,2025-09-30,2026-07-22,True,245,245,100.0,0,2025-02-03,2026-01-30,True,154.68,1,PPLPHARMA_SEG1,0,True,200.25,151.41,667357528.39,66.735752839,351632407.504,35.1632407504,453695072.23,45.369507223,976309772.5558367,97.63097725558367,True,True,True,True,True,True,,,,,
2026-01-31,2025-02-01,2026-01-30,2026-02-02,2026-07-31,OOS,SAILIFE,SAILIFE,,,,,False,245,245,100.0,0,2025-02-03,2026-01-30,True,835.15,1,SAILIFE_SEG1,0,True,816.05,640.25,282815316.7,28.28153167,113344355.54,11.334435554,178259763.5,17.82597635,636304758.1212243,63.63047581212243,True,True,True,True,True,False,,,,,NOT_INDEX_MEMBER_AT_FORMATION
2026-01-31,2025-02-01,2026-01-30,2026-02-02,2026-07-31,OOS,SANOFI,SANOFI,,,,,False,245,245,100.0,0,2025-02-03,2026-01-30,True,4017.7,1,SANOFI_SEG2,0,True,5174.0,4017.7,57517670.5,5.75176705,29924800.900000002,2.9924800900000004,38729214.5,3.87292145,87528107.88489798,8.752810788489798,True,True,True,True,True,False,,,,,NOT_INDEX_MEMBER_AT_FORMATION
2026-01-31,2025-02-01,2026-01-30,2026-02-02,2026-07-31,OOS,STAR,STAR,,,,,False,245,245,100.0,0,2025-02-03,2026-01-30,True,877.0,1,STAR_SEG3,0,True,845.25,575.8,274025101.45,27.402510144999997,133082220.03,13.308222003000001,181689319.1,18.168931909999998,434570339.9863265,43.45703399863265,True,True,True,True,True,False,,,,,NOT_INDEX_MEMBER_AT_FORMATION
2026-01-31,2025-02-01,2026-01-30,2026-02-02,2026-07-31,OOS,SUNPHARMA,SUNPHARMA,SUNPHARMA,Sun Pharmaceutical Industries,2025-09-30,2026-07-22,True,245,245,100.0,0,2025-02-03,2026-01-30,True,1595.3,1,SUNPHARMA_SEG1,0,True,1688.8,1563.3,3602263212.7,360.22632126999997,2173110989.8999996,217.31109898999995,2700134809.5,270.01348095,4039116989.7691836,403.9116989769184,True,True,True,True,True,True,,,,,
2026-01-31,2025-02-01,2026-01-30,2026-02-02,2026-07-31,OOS,TORNTPHARM,TORNTPHARM,TORNTPHARM,Torrent Pharmaceuticals,2025-09-30,2026-07-22,True,245,245,100.0,0,2025-02-03,2026-01-30,True,3960.8,1,TORNTPHARM_SEG1,0,True,3531.6,2930.3,845244445.4,84.52444454,442324486.46000004,44.232448646,599455997.65,59.945599765,1166050349.175306,116.6050349175306,True,True,True,True,True,True,,,,,
2026-01-31,2025-02-01,2026-01-30,2026-02-02,2026-07-31,OOS,WOCKPHARMA,WOCKPHARMA,WOCKPHARMA,Wockhardt,2025-09-30,2026-07-22,True,245,245,100.0,0,2025-02-03,2026-01-30,True,1382.2,1,WOCKPHARMA_SEG1,0,True,1417.55,1155.5,583408775.1,58.340877510000006,285025689.46000004,28.502568946000004,388407287.15,38.840728715,1245758743.024694,124.5758743024694,True,True,True,True,True,True,,,,,
2026-01-31,2025-02-01,2026-01-30,2026-02-02,2026-07-31,OOS,ZYDUS,ZYDUSLIFE,ZYDUSLIFE,Zydus Lifesciences,2025-09-30,2026-07-22,True,245,245,100.0,0,2025-02-03,2026-01-30,True,885.3,1,ZYDUS_SEG1,0,True,936.45,822.1,771838005.95,77.18380059500001,432232482.64,43.223248264,581023115.75,58.102311575,1001022710.9936734,100.10227109936734,True,True,True,True,True,True,,,,,
