DATE,SYMBOL,COMPANY,SERIES,ISIN,OPEN,HIGH,LOW,CLOSE,LAST,PREV_CLOSE,TOTAL_TRADED_QTY,TOTAL_TRADED_VALUE,TOTAL_TRADES,SOURCE_FORMAT
2023-01-02,ABBOTINDIA,Abbott India,EQ,INE358A01014,21367.2,21620.65,21287.65,21436.9,21339.55,21367.2,10873,233505679.05,2680,LEGACY
2023-01-02,AJANTPHARM,Ajanta Pharma,EQ,INE031B01049,1218.0,1224.0,1200.05,1207.75,1210.0,1211.95,71150,85949661.85,13058,LEGACY
2023-01-02,ALKEM,Alkem Laboratories,EQ,INE540L01014,3005.0,3019.2,2973.0,3001.15,3000.0,3004.7,42669,127824651.7,4898,LEGACY
2023-01-02,APLLTD,Alembic Pharmaceuticals,EQ,INE901L01018,575.8,575.8,566.0,568.9,569.95,572.9,150760,85738831.7,3380,LEGACY
2023-01-02,AUROPHARMA,Aurobindo Pharma,EQ,INE406A01037,439.9,439.9,429.2,434.8,434.6,438.3,1245057,539223128.1,24289,LEGACY
2023-01-02,BIOCON,Biocon,EQ,INE376G01013,261.85,264.2,258.4,263.4,263.5,261.85,1918322,500295709.1,26742,LEGACY
2023-01-02,CIPLA,Cipla,EQ,INE059A01026,1080.25,1082.0,1063.85,1070.95,1074.5,1075.95,895053,956654580.05,33508,LEGACY
2023-01-02,DIVISLAB,Divi's Laboratories,EQ,INE361B01024,3420.0,3420.0,3365.0,3372.65,3370.0,3413.2,283161,957606255.65,27318,LEGACY
2023-01-02,DRREDDY,Dr. Reddy's Laboratories,EQ,INE089A01023,4258.75,4267.55,4209.0,4235.05,4230.35,4237.55,132726,561141457.65,18583,LEGACY
2023-01-02,GLAND,Gland Pharma,EQ,INE068V01023,1585.0,1606.0,1566.0,1575.9,1579.0,1576.55,174154,276006378.95,11771,LEGACY
2023-01-02,GLAXO,GlaxoSmithKline Pharmaceuticals,EQ,INE159A01016,1300.0,1329.85,1300.0,1316.3,1319.0,1318.75,31461,41376926.1,5535,LEGACY
2023-01-02,GLENMARK,Glenmark Pharmaceuticals,EQ,INE935A01035,423.3,429.7,418.0,427.7,426.95,424.15,461607,195852159.1,9411,LEGACY
2023-01-02,GRANULES,Granules India,EQ,INE101D01020,319.35,322.65,313.9,320.25,320.5,318.8,618759,196970172.15,11013,LEGACY
2023-01-02,IPCALAB,IPCA Laboratories,EQ,INE571A01038,841.0,844.75,830.0,836.7,836.0,843.1,311461,260474330.3,11570,LEGACY
2023-01-02,JBCHEPHARM,JB Chemicals & Pharmaceuticals,EQ,INE572A01028,1954.0,1978.4,1934.95,1971.45,1970.05,1944.5,19983,39121940.75,3447,LEGACY
2023-01-02,LAURUSLABS,Laurus Labs,EQ,INE947Q01028,376.95,377.15,370.5,373.4,373.6,375.25,1165654,434464841.0,17691,LEGACY
2023-01-02,LUPIN,Lupin,EQ,INE326A01037,734.9,736.1,722.55,732.85,732.0,733.7,518472,378401562.35,15686,LEGACY
2023-01-02,NATCOPHARM,Natco Pharma,EQ,INE987B01026,564.45,564.45,553.25,555.1,553.25,561.65,105177,58514161.05,6185,LEGACY
2023-01-02,PEL,Piramal Enterprises,EQ,INE140A01024,834.7,841.0,824.4,837.65,837.4,828.4,424749,354853252.0,14557,LEGACY
2023-01-02,PFIZER,Pfizer,EQ,INE182A01018,4436.0,4438.95,4401.0,4406.95,4401.0,4431.7,3311,14617623.5,1253,LEGACY
2023-01-02,PPLPHARMA,Piramal Pharma,EQ,INE0DK501011,115.45,123.25,114.65,122.5,122.4,114.65,4005568,481689651.05,21128,LEGACY
2023-01-02,SANOFI,Sanofi India,EQ,INE058A01010,5820.0,5864.95,5820.0,5835.65,5842.0,5853.05,3288,19197738.7,1352,LEGACY
2023-01-02,STAR,Strides Pharma Science,EQ,INE939A01011,350.4,360.5,346.2,355.15,356.95,349.85,300049,106259326.35,8405,LEGACY
2023-01-02,SUNPHARMA,Sun Pharmaceutical Industries,EQ,INE044A01036,1001.4,1001.4,987.2,997.0,997.0,1001.4,1616012,1610403828.4,58069,LEGACY
2023-01-02,TORNTPHARM,Torrent Pharmaceuticals,EQ,INE685A01028,1556.65,1556.65,1532.0,1548.8,1552.0,1550.6,68757,106231198.05,5618,LEGACY
2023-01-02,WOCKPHARMA,Wockhardt,EQ,INE049B01025,223.85,226.3,221.7,223.9,224.0,223.05,532908,119335259.15,8026,LEGACY
2023-01-02,ZYDUSLIFE,Zydus Lifesciences,EQ,INE010B01027,419.85,421.45,414.15,420.1,420.3,419.95,562491,235417354.65,14694,LEGACY
2023-01-03,ABBOTINDIA,Abbott India,EQ,INE358A01014,21440.0,21749.0,21365.1,21680.85,21739.95,21436.9,37179,798554413.4,3142,LEGACY
2023-01-03,AJANTPHARM,Ajanta Pharma,EQ,INE031B01049,1213.8,1217.4,1194.6,1200.45,1200.0,1207.75,102012,122584784.0,13833,LEGACY
2023-01-03,ALKEM,Alkem Laboratories,EQ,INE540L01014,2999.6,3059.75,2989.0,3028.8,3027.9,3001.15,39755,120612328.8,8576,LEGACY
2023-01-03,APLLTD,Alembic Pharmaceuticals,EQ,INE901L01018,570.0,575.2,569.2,573.6,573.95,568.9,56980,32687138.05,3046,LEGACY
2023-01-03,AUROPHARMA,Aurobindo Pharma,EQ,INE406A01037,434.8,447.3,433.5,441.3,441.75,434.8,1449571,640196605.65,27367,LEGACY
2023-01-03,BIOCON,Biocon,EQ,INE376G01013,263.95,265.95,262.7,263.4,263.65,263.4,1276723,337464501.65,17057,LEGACY
2023-01-03,CIPLA,Cipla,EQ,INE059A01026,1070.05,1080.95,1066.4,1075.9,1076.9,1070.95,952230,1022262951.0,54247,LEGACY
2023-01-03,DIVISLAB,Divi's Laboratories,EQ,INE361B01024,3372.65,3402.0,3357.5,3393.0,3393.3,3372.65,244677,829369992.6,25478,LEGACY
2023-01-03,DRREDDY,Dr. Reddy's Laboratories,EQ,INE089A01023,4238.8,4258.1,4216.1,4238.35,4231.4,4235.05,162179,687107079.75,20525,LEGACY
2023-01-03,GLAND,Gland Pharma,EQ,INE068V01023,1586.8,1589.0,1571.0,1575.75,1577.0,1575.9,95947,151599418.35,7836,LEGACY
2023-01-03,GLAXO,GlaxoSmithKline Pharmaceuticals,EQ,INE159A01016,1318.0,1324.65,1298.8,1303.85,1305.0,1316.3,50982,66594149.85,7790,LEGACY
2023-01-03,GLENMARK,Glenmark Pharmaceuticals,EQ,INE935A01035,427.0,436.0,426.0,434.7,433.45,427.7,736108,318505254.7,21698,LEGACY
2023-01-03,GRANULES,Granules India,EQ,INE101D01020,322.0,329.7,322.0,326.45,326.8,320.25,1639299,534603938.1,20629,LEGACY
2023-01-03,IPCALAB,IPCA Laboratories,EQ,INE571A01038,832.0,857.6,832.0,849.95,852.85,836.7,239476,203357416.15,13013,LEGACY
2023-01-03,JBCHEPHARM,JB Chemicals & Pharmaceuticals,EQ,INE572A01028,1970.0,2008.0,1942.4,1982.85,1974.0,1971.45,20798,41265677.3,4068,LEGACY
2023-01-03,LAURUSLABS,Laurus Labs,EQ,INE947Q01028,374.8,382.65,373.4,377.8,377.8,373.4,1431363,542071847.4,19488,LEGACY
2023-01-03,LUPIN,Lupin,EQ,INE326A01037,732.0,740.05,728.3,737.95,737.05,732.85,631593,465548038.85,14964,LEGACY
2023-01-03,NATCOPHARM,Natco Pharma,EQ,INE987B01026,559.4,565.0,553.7,563.1,563.0,555.1,181229,101543149.25,7116,LEGACY
2023-01-03,PEL,Piramal Enterprises,EQ,INE140A01024,841.85,853.75,834.75,840.7,841.0,837.65,688424,580388402.65,29712,LEGACY
2023-01-03,PFIZER,Pfizer,EQ,INE182A01018,4425.0,4430.1,4387.0,4393.45,4401.5,4406.95,4820,21257707.3,1749,LEGACY
2023-01-03,PPLPHARMA,Piramal Pharma,EQ,INE0DK501011,124.3,126.6,123.45,123.9,123.5,122.5,3860192,483261697.35,31616,LEGACY
2023-01-03,SANOFI,Sanofi India,EQ,INE058A01010,5865.0,5865.0,5798.0,5805.8,5809.0,5835.65,5064,29455586.95,1432,LEGACY
2023-01-03,STAR,Strides Pharma Science,EQ,INE939A01011,354.75,367.7,354.75,366.2,366.05,355.15,484371,175653565.6,11091,LEGACY
2023-01-03,SUNPHARMA,Sun Pharmaceutical Industries,EQ,INE044A01036,993.0,1012.8,988.0,1009.1,1010.0,997.0,1810117,1808621778.45,61449,LEGACY
2023-01-03,TORNTPHARM,Torrent Pharmaceuticals,EQ,INE685A01028,1552.0,1559.95,1539.4,1544.75,1547.4,1548.8,449416,694296784.95,14258,LEGACY
2023-01-03,WOCKPHARMA,Wockhardt,EQ,INE049B01025,224.6,234.0,224.15,229.1,230.6,223.9,2080686,476758134.8,23888,LEGACY
2023-01-03,ZYDUSLIFE,Zydus Lifesciences,EQ,INE010B01027,420.1,425.55,418.7,424.65,424.0,420.1,626223,264977724.7,15581,LEGACY
2023-01-04,ABBOTINDIA,Abbott India,EQ,INE358A01014,21719.95,22075.0,21620.6,21937.3,21967.2,21680.85,19674,431709088.9,7300,LEGACY
2023-01-04,AJANTPHARM,Ajanta Pharma,EQ,INE031B01049,1206.8,1208.85,1177.0,1181.75,1178.55,1200.45,105403,124751955.2,13563,LEGACY
2023-01-04,ALKEM,Alkem Laboratories,EQ,INE540L01014,3010.0,3038.9,3006.1,3024.95,3017.2,3028.8,32566,98453406.4,6216,LEGACY
2023-01-04,APLLTD,Alembic Pharmaceuticals,EQ,INE901L01018,574.9,582.6,568.15,572.8,568.9,573.6,96721,55830299.15,5208,LEGACY
2023-01-04,AUROPHARMA,Aurobindo Pharma,EQ,INE406A01037,441.75,444.95,438.05,441.2,440.35,441.3,959243,423736722.85,19395,LEGACY
2023-01-04,BIOCON,Biocon,EQ,INE376G01013,264.0,264.5,260.3,260.85,260.5,263.4,1149776,300768267.55,18504,LEGACY
2023-01-04,CIPLA,Cipla,EQ,INE059A01026,1078.95,1081.95,1063.95,1066.9,1065.0,1075.9,1369415,1467563709.25,46316,LEGACY
2023-01-04,DIVISLAB,Divi's Laboratories,EQ,INE361B01024,3390.2,3449.0,3390.0,3435.55,3430.0,3393.0,365514,1253644753.4,31758,LEGACY
2023-01-04,DRREDDY,Dr. Reddy's Laboratories,EQ,INE089A01023,4235.0,4260.0,4221.3,4253.5,4241.45,4238.35,166567,707216106.25,21038,LEGACY
2023-01-04,GLAND,Gland Pharma,EQ,INE068V01023,1581.7,1598.8,1566.0,1587.95,1588.0,1575.75,181170,286359628.6,11991,LEGACY
2023-01-04,GLAXO,GlaxoSmithKline Pharmaceuticals,EQ,INE159A01016,1305.85,1309.95,1297.85,1301.95,1302.3,1303.85,20898,27217209.35,3067,LEGACY
2023-01-04,GLENMARK,Glenmark Pharmaceuticals,EQ,INE935A01035,430.0,436.95,426.95,428.45,428.0,434.7,606194,261704640.5,13125,LEGACY
2023-01-04,GRANULES,Granules India,EQ,INE101D01020,328.0,328.9,321.55,323.1,322.65,326.45,458664,148673369.15,7772,LEGACY
2023-01-04,IPCALAB,IPCA Laboratories,EQ,INE571A01038,849.95,860.0,847.9,855.75,854.1,849.95,283506,242735552.5,14044,LEGACY
2023-01-04,JBCHEPHARM,JB Chemicals & Pharmaceuticals,EQ,INE572A01028,1978.75,2005.0,1948.1,1986.75,2001.0,1982.85,21405,42241318.8,3980,LEGACY
2023-01-04,LAURUSLABS,Laurus Labs,EQ,INE947Q01028,379.0,379.65,372.65,374.15,373.9,377.8,620923,232710443.25,11810,LEGACY
2023-01-04,LUPIN,Lupin,EQ,INE326A01037,737.95,741.8,730.0,734.6,733.0,737.95,704874,517843410.25,19756,LEGACY
2023-01-04,NATCOPHARM,Natco Pharma,EQ,INE987B01026,566.1,570.0,556.5,558.15,557.5,563.1,116400,65552423.75,5683,LEGACY
2023-01-04,PEL,Piramal Enterprises,EQ,INE140A01024,840.7,841.95,812.55,815.95,815.75,840.7,762133,626917715.45,24111,LEGACY
2023-01-04,PFIZER,Pfizer,EQ,INE182A01018,4421.6,4421.65,4350.0,4361.55,4350.05,4393.45,6052,26506821.65,1370,LEGACY
2023-01-04,PPLPHARMA,Piramal Pharma,EQ,INE0DK501011,123.85,123.85,118.75,119.9,120.0,123.9,2972048,357060259.6,23782,LEGACY
2023-01-04,SANOFI,Sanofi India,EQ,INE058A01010,5844.95,5844.95,5750.1,5766.65,5781.0,5805.8,6050,34982551.45,2788,LEGACY
2023-01-04,STAR,Strides Pharma Science,EQ,INE939A01011,366.2,372.9,358.3,364.7,363.5,366.2,492047,180099103.55,13959,LEGACY
2023-01-04,SUNPHARMA,Sun Pharmaceutical Industries,EQ,INE044A01036,1012.0,1025.9,1000.75,1004.1,1001.0,1009.1,2573870,2609121178.85,75259,LEGACY
2023-01-04,TORNTPHARM,Torrent Pharmaceuticals,EQ,INE685A01028,1547.95,1560.0,1532.0,1548.0,1544.9,1544.75,115416,178312736.25,10344,LEGACY
2023-01-04,WOCKPHARMA,Wockhardt,EQ,INE049B01025,230.0,237.65,228.7,232.2,231.75,229.1,3053680,712831187.35,37158,LEGACY
2023-01-04,ZYDUSLIFE,Zydus Lifesciences,EQ,INE010B01027,425.95,427.35,419.8,423.85,422.3,424.65,482555,204173654.8,14146,LEGACY
2023-01-05,ABBOTINDIA,Abbott India,EQ,INE358A01014,21997.7,22200.0,21870.1,22105.15,22100.0,21937.3,16249,358203459.65,4539,LEGACY
2023-01-05,AJANTPHARM,Ajanta Pharma,EQ,INE031B01049,1175.0,1202.95,1174.65,1191.3,1190.15,1181.75,28851,34244336.7,5147,LEGACY
2023-01-05,ALKEM,Alkem Laboratories,EQ,INE540L01014,3006.0,3051.4,3006.0,3043.05,3043.0,3024.95,35377,107370461.25,5299,LEGACY
2023-01-05,APLLTD,Alembic Pharmaceuticals,EQ,INE901L01018,569.2,582.9,565.55,568.1,569.25,572.8,63838,36354770.7,4014,LEGACY
2023-01-05,AUROPHARMA,Aurobindo Pharma,EQ,INE406A01037,440.35,444.95,437.7,443.9,444.25,441.2,781594,345825990.95,20045,LEGACY
2023-01-05,BIOCON,Biocon,EQ,INE376G01013,262.0,262.15,259.45,260.2,260.25,260.85,1262638,328671171.15,19373,LEGACY
2023-01-05,CIPLA,Cipla,EQ,INE059A01026,1075.0,1093.2,1067.4,1088.35,1090.0,1066.9,1605744,1739607766.35,46379,LEGACY
2023-01-05,DIVISLAB,Divi's Laboratories,EQ,INE361B01024,3435.55,3470.9,3405.0,3461.85,3463.0,3435.55,270647,931853560.4,32101,LEGACY
2023-01-05,DRREDDY,Dr. Reddy's Laboratories,EQ,INE089A01023,4265.0,4303.85,4241.5,4297.5,4295.0,4253.5,198985,852110926.95,30675,LEGACY
2023-01-05,GLAND,Gland Pharma,EQ,INE068V01023,1594.0,1595.0,1571.0,1584.1,1581.85,1587.95,232638,368712825.75,7918,LEGACY
2023-01-05,GLAXO,GlaxoSmithKline Pharmaceuticals,EQ,INE159A01016,1299.5,1306.75,1299.5,1302.25,1301.5,1301.95,20011,26068005.55,2382,LEGACY
2023-01-05,GLENMARK,Glenmark Pharmaceuticals,EQ,INE935A01035,428.6,435.0,425.6,434.35,435.0,428.45,343516,148123344.7,12147,LEGACY
2023-01-05,GRANULES,Granules India,EQ,INE101D01020,324.3,327.8,320.75,326.15,325.65,323.1,508679,165340644.25,9433,LEGACY
2023-01-05,IPCALAB,IPCA Laboratories,EQ,INE571A01038,855.7,863.85,850.65,858.35,855.0,855.75,115624,99127588.7,4628,LEGACY
2023-01-05,JBCHEPHARM,JB Chemicals & Pharmaceuticals,EQ,INE572A01028,1996.7,2017.05,1948.0,1994.05,1992.0,1986.75,18510,36986325.35,4778,LEGACY
2023-01-05,LAURUSLABS,Laurus Labs,EQ,INE947Q01028,373.5,379.4,373.1,378.55,377.0,374.15,769506,289974658.75,12824,LEGACY
2023-01-05,LUPIN,Lupin,EQ,INE326A01037,735.6,744.9,732.0,742.85,742.2,734.6,618678,457535967.6,13435,LEGACY
2023-01-05,NATCOPHARM,Natco Pharma,EQ,INE987B01026,560.0,560.95,555.0,559.0,558.0,558.15,103520,57748618.5,4605,LEGACY
2023-01-05,PEL,Piramal Enterprises,EQ,INE140A01024,816.0,822.0,797.0,804.15,806.9,815.95,1275915,1027277656.35,35721,LEGACY
2023-01-05,PFIZER,Pfizer,EQ,INE182A01018,4361.55,4383.95,4351.0,4370.95,4372.0,4361.55,2496,10905395.85,736,LEGACY
2023-01-05,PPLPHARMA,Piramal Pharma,EQ,INE0DK501011,120.5,120.8,118.0,118.7,118.6,119.9,1662280,198262767.65,15239,LEGACY
2023-01-05,SANOFI,Sanofi India,EQ,INE058A01010,5780.0,5789.95,5700.0,5713.8,5730.15,5766.65,9071,51821264.5,3552,LEGACY
2023-01-05,STAR,Strides Pharma Science,EQ,INE939A01011,362.65,366.5,354.0,356.1,354.85,364.7,252294,90587899.05,7238,LEGACY
2023-01-05,SUNPHARMA,Sun Pharmaceutical Industries,EQ,INE044A01036,1009.1,1021.9,1008.25,1016.2,1014.5,1004.1,2246533,2281022996.6,72404,LEGACY
2023-01-05,TORNTPHARM,Torrent Pharmaceuticals,EQ,INE685A01028,1555.75,1564.25,1540.65,1561.25,1563.95,1548.0,59459,92673649.3,7616,LEGACY
2023-01-05,WOCKPHARMA,Wockhardt,EQ,INE049B01025,232.7,236.0,228.75,235.0,235.0,232.2,1141257,265919215.75,16057,LEGACY
2023-01-05,ZYDUSLIFE,Zydus Lifesciences,EQ,INE010B01027,425.0,433.3,423.4,432.3,432.9,423.85,2084601,897356189.65,29607,LEGACY
2023-01-06,ABBOTINDIA,Abbott India,EQ,INE358A01014,22099.9,22360.0,22020.25,22328.05,22250.0,22105.15,17576,391921236.4,4605,LEGACY
2023-01-06,AJANTPHARM,Ajanta Pharma,EQ,INE031B01049,1180.5,1197.6,1170.4,1187.2,1190.0,1191.3,51425,60923373.45,8424,LEGACY
2023-01-06,ALKEM,Alkem Laboratories,EQ,INE540L01014,3023.05,3087.45,3003.0,3031.35,3005.95,3043.05,125959,384454463.15,14517,LEGACY
2023-01-06,APLLTD,Alembic Pharmaceuticals,EQ,INE901L01018,567.1,569.2,561.0,561.3,561.05,568.1,89746,50592998.15,3930,LEGACY
2023-01-06,AUROPHARMA,Aurobindo Pharma,EQ,INE406A01037,444.25,455.65,440.4,442.05,441.7,443.9,1929565,863174576.45,34628,LEGACY
2023-01-06,BIOCON,Biocon,EQ,INE376G01013,260.8,261.45,254.55,256.35,256.2,260.2,2352217,607978628.1,29739,LEGACY
2023-01-06,CIPLA,Cipla,EQ,INE059A01026,1088.35,1093.1,1073.5,1076.35,1077.95,1088.35,824772,891190608.4,34287,LEGACY
2023-01-06,DIVISLAB,Divi's Laboratories,EQ,INE361B01024,3461.85,3485.2,3415.0,3434.9,3430.0,3461.85,353616,1220839137.6,26924,LEGACY
2023-01-06,DRREDDY,Dr. Reddy's Laboratories,EQ,INE089A01023,4299.5,4319.3,4259.1,4271.75,4265.0,4297.5,126136,540066196.5,17399,LEGACY
2023-01-06,GLAND,Gland Pharma,EQ,INE068V01023,1580.0,1583.95,1561.45,1565.15,1568.0,1584.1,199299,313260096.55,7743,LEGACY
2023-01-06,GLAXO,GlaxoSmithKline Pharmaceuticals,EQ,INE159A01016,1301.6,1305.3,1298.0,1300.85,1300.0,1302.25,14938,19431892.4,2276,LEGACY
2023-01-06,GLENMARK,Glenmark Pharmaceuticals,EQ,INE935A01035,437.0,440.15,419.0,423.0,423.0,434.35,1433352,611890595.45,24210,LEGACY
2023-01-06,GRANULES,Granules India,EQ,INE101D01020,327.05,328.0,316.65,319.6,319.2,326.15,473890,152233350.65,8775,LEGACY
2023-01-06,IPCALAB,IPCA Laboratories,EQ,INE571A01038,858.35,863.95,844.4,854.4,856.0,858.35,81757,69868886.45,4392,LEGACY
2023-01-06,JBCHEPHARM,JB Chemicals & Pharmaceuticals,EQ,INE572A01028,1994.0,1998.0,1941.7,1952.5,1950.0,1994.05,34589,68271858.9,7982,LEGACY
2023-01-06,LAURUSLABS,Laurus Labs,EQ,INE947Q01028,378.5,380.9,371.75,373.85,373.9,378.55,565954,212730584.15,11274,LEGACY
2023-01-06,LUPIN,Lupin,EQ,INE326A01037,742.1,746.95,733.8,738.1,737.55,742.85,608556,450105701.55,19746,LEGACY
2023-01-06,NATCOPHARM,Natco Pharma,EQ,INE987B01026,561.8,564.0,552.0,553.1,552.95,559.0,107960,60134676.85,5900,LEGACY
2023-01-06,PEL,Piramal Enterprises,EQ,INE140A01024,808.2,813.0,793.05,798.0,799.4,804.15,745885,598373082.0,24255,LEGACY
2023-01-06,PFIZER,Pfizer,EQ,INE182A01018,4363.15,4368.0,4321.0,4331.7,4324.0,4370.95,2404,10442820.4,778,LEGACY
2023-01-06,PPLPHARMA,Piramal Pharma,EQ,INE0DK501011,119.2,119.25,114.6,115.7,116.45,118.7,2247804,261903283.1,18835,LEGACY
2023-01-06,SANOFI,Sanofi India,EQ,INE058A01010,5743.9,5750.0,5700.0,5712.7,5708.0,5713.8,3953,22632705.6,1357,LEGACY
2023-01-06,STAR,Strides Pharma Science,EQ,INE939A01011,356.1,357.9,350.05,351.65,351.7,356.1,210642,74445410.45,4856,LEGACY
2023-01-06,SUNPHARMA,Sun Pharmaceutical Industries,EQ,INE044A01036,1015.0,1021.8,1004.1,1008.7,1007.0,1016.2,1773153,1800969070.8,54432,LEGACY
2023-01-06,TORNTPHARM,Torrent Pharmaceuticals,EQ,INE685A01028,1563.25,1567.6,1541.85,1546.5,1549.95,1561.25,130207,202519629.1,9546,LEGACY
2023-01-06,WOCKPHARMA,Wockhardt,EQ,INE049B01025,235.0,236.7,226.0,229.0,228.5,235.0,1043241,240490556.35,14248,LEGACY
2023-01-06,ZYDUSLIFE,Zydus Lifesciences,EQ,INE010B01027,434.2,435.7,428.0,430.7,430.1,432.3,2088416,900706926.9,20446,LEGACY
2023-01-09,ABBOTINDIA,Abbott India,EQ,INE358A01014,22360.0,22499.0,22060.95,22263.1,22317.05,22328.05,35850,798204372.75,5334,LEGACY
2023-01-09,AJANTPHARM,Ajanta Pharma,EQ,INE031B01049,1193.1,1197.2,1179.05,1182.1,1180.0,1187.2,14465,17150463.75,3907,LEGACY
2023-01-09,ALKEM,Alkem Laboratories,EQ,INE540L01014,3047.3,3068.85,3038.05,3049.9,3047.0,3031.35,44243,135046354.5,7626,LEGACY
2023-01-09,APLLTD,Alembic Pharmaceuticals,EQ,INE901L01018,564.85,567.0,558.6,561.3,562.0,561.3,46565,26161205.8,4079,LEGACY
2023-01-09,AUROPHARMA,Aurobindo Pharma,EQ,INE406A01037,444.25,448.0,440.05,441.55,442.0,442.05,587711,260292926.85,20719,LEGACY
2023-01-09,BIOCON,Biocon,EQ,INE376G01013,257.5,259.0,255.1,256.8,257.0,256.35,1334267,342475695.0,18421,LEGACY
2023-01-09,CIPLA,Cipla,EQ,INE059A01026,1081.75,1096.95,1076.9,1087.45,1088.3,1076.35,893437,972779119.4,45940,LEGACY
2023-01-09,DIVISLAB,Divi's Laboratories,EQ,INE361B01024,3475.0,3494.0,3446.0,3459.5,3459.0,3434.9,164412,570549436.4,21196,LEGACY
2023-01-09,DRREDDY,Dr. Reddy's Laboratories,EQ,INE089A01023,4293.15,4339.95,4275.15,4334.0,4325.0,4271.75,166039,718389482.15,30175,LEGACY
2023-01-09,GLAND,Gland Pharma,EQ,INE068V01023,1575.0,1584.3,1558.0,1559.5,1559.0,1565.15,934310,1468422959.05,18215,LEGACY
2023-01-09,GLAXO,GlaxoSmithKline Pharmaceuticals,EQ,INE159A01016,1306.0,1311.9,1296.0,1298.0,1297.1,1300.85,21046,27407267.15,4051,LEGACY
2023-01-09,GLENMARK,Glenmark Pharmaceuticals,EQ,INE935A01035,426.0,431.85,424.65,426.25,426.5,423.0,364662,156091047.4,11162,LEGACY
2023-01-09,GRANULES,Granules India,EQ,INE101D01020,322.0,329.35,317.3,327.35,327.1,319.6,599350,194280433.85,14070,LEGACY
2023-01-09,IPCALAB,IPCA Laboratories,EQ,INE571A01038,859.0,876.5,853.1,875.1,874.95,854.4,529133,459928513.05,16872,LEGACY
2023-01-09,JBCHEPHARM,JB Chemicals & Pharmaceuticals,EQ,INE572A01028,1962.3,1971.45,1921.05,1929.1,1926.7,1952.5,104326,202751304.95,4363,LEGACY
2023-01-09,LAURUSLABS,Laurus Labs,EQ,INE947Q01028,374.85,386.0,374.25,379.0,378.15,373.85,2509044,953702795.1,27632,LEGACY
2023-01-09,LUPIN,Lupin,EQ,INE326A01037,741.8,757.3,741.0,749.85,749.8,738.1,1247543,935899096.85,24294,LEGACY
2023-01-09,NATCOPHARM,Natco Pharma,EQ,INE987B01026,555.55,557.8,550.1,551.65,550.5,553.1,115655,64054918.35,9124,LEGACY
2023-01-09,PEL,Piramal Enterprises,EQ,INE140A01024,805.0,811.95,798.0,808.15,808.0,798.0,509339,411002654.7,25524,LEGACY
2023-01-09,PFIZER,Pfizer,EQ,INE182A01018,4338.0,4351.0,4318.2,4328.25,4332.0,4331.7,4983,21588892.75,1907,LEGACY
2023-01-09,PPLPHARMA,Piramal Pharma,EQ,INE0DK501011,116.2,119.0,116.2,116.8,117.0,115.7,2417325,284577911.25,18956,LEGACY
2023-01-09,SANOFI,Sanofi India,EQ,INE058A01010,5721.0,5749.95,5628.2,5650.35,5677.0,5712.7,7293,41390780.2,2845,LEGACY
2023-01-09,STAR,Strides Pharma Science,EQ,INE939A01011,360.2,360.2,348.45,352.95,353.7,351.65,182406,64355356.55,5466,LEGACY
2023-01-09,SUNPHARMA,Sun Pharmaceutical Industries,EQ,INE044A01036,1015.0,1023.35,1010.5,1016.85,1016.15,1008.7,1567316,1594105703.25,119261,LEGACY
2023-01-09,TORNTPHARM,Torrent Pharmaceuticals,EQ,INE685A01028,1548.5,1575.0,1544.1,1561.5,1565.15,1546.5,120962,188977511.5,11383,LEGACY
2023-01-09,WOCKPHARMA,Wockhardt,EQ,INE049B01025,232.0,232.7,229.1,231.15,231.2,229.0,642856,148438339.25,8298,LEGACY
2023-01-09,ZYDUSLIFE,Zydus Lifesciences,EQ,INE010B01027,436.0,445.25,432.65,444.05,442.3,430.7,2054103,903115200.65,41750,LEGACY
2023-01-10,ABBOTINDIA,Abbott India,EQ,INE358A01014,22319.0,22320.0,21916.05,22056.3,22100.0,22263.1,22882,507524110.9,3426,LEGACY
2023-01-10,AJANTPHARM,Ajanta Pharma,EQ,INE031B01049,1182.25,1189.1,1159.0,1167.25,1167.0,1182.1,44831,52528414.15,7921,LEGACY
2023-01-10,ALKEM,Alkem Laboratories,EQ,INE540L01014,3064.65,3086.85,3041.05,3079.5,3080.05,3049.9,98787,303729008.1,8775,LEGACY
2023-01-10,APLLTD,Alembic Pharmaceuticals,EQ,INE901L01018,564.3,565.45,556.4,558.2,558.95,561.3,39370,22012223.7,2977,LEGACY
2023-01-10,AUROPHARMA,Aurobindo Pharma,EQ,INE406A01037,442.7,451.9,442.2,450.0,450.9,441.55,1304312,584832161.6,32384,LEGACY
2023-01-10,BIOCON,Biocon,EQ,INE376G01013,257.0,259.9,256.65,257.9,257.95,256.8,1043545,269399178.15,13385,LEGACY
2023-01-10,CIPLA,Cipla,EQ,INE059A01026,1086.5,1090.25,1074.85,1078.7,1078.0,1087.45,594426,642232684.55,36742,LEGACY
2023-01-10,DIVISLAB,Divi's Laboratories,EQ,INE361B01024,3466.0,3520.0,3452.7,3501.85,3502.0,3459.5,244607,853874647.4,36196,LEGACY
2023-01-10,DRREDDY,Dr. Reddy's Laboratories,EQ,INE089A01023,4320.0,4348.3,4283.95,4288.7,4295.0,4334.0,234153,1008210763.85,34601,LEGACY
2023-01-10,GLAND,Gland Pharma,EQ,INE068V01023,1564.0,1567.8,1540.05,1547.5,1548.0,1559.5,232024,359719537.1,10080,LEGACY
2023-01-10,GLAXO,GlaxoSmithKline Pharmaceuticals,EQ,INE159A01016,1304.7,1309.85,1296.0,1305.3,1305.0,1298.0,18298,23818534.6,2492,LEGACY
2023-01-10,GLENMARK,Glenmark Pharmaceuticals,EQ,INE935A01035,426.25,433.25,426.25,430.55,430.2,426.25,417550,179829526.8,11987,LEGACY
2023-01-10,GRANULES,Granules India,EQ,INE101D01020,326.9,330.85,323.6,329.45,329.9,327.35,557878,182877048.35,9744,LEGACY
2023-01-10,IPCALAB,IPCA Laboratories,EQ,INE571A01038,876.0,878.65,863.0,871.65,870.0,875.1,145096,126433782.5,13356,LEGACY
2023-01-10,JBCHEPHARM,JB Chemicals & Pharmaceuticals,EQ,INE572A01028,1936.0,1941.3,1905.55,1912.75,1914.2,1929.1,65965,127255495.9,7312,LEGACY
2023-01-10,LAURUSLABS,Laurus Labs,EQ,INE947Q01028,380.9,382.2,378.0,378.85,378.7,379.0,608941,231346978.85,12271,LEGACY
2023-01-10,LUPIN,Lupin,EQ,INE326A01037,752.95,764.6,750.0,758.85,759.0,749.85,1424939,1080056664.05,30299,LEGACY
2023-01-10,NATCOPHARM,Natco Pharma,EQ,INE987B01026,551.1,554.5,549.5,551.25,551.9,551.65,122101,67355986.2,6165,LEGACY
2023-01-10,PEL,Piramal Enterprises,EQ,INE140A01024,808.0,821.5,807.95,817.55,818.5,808.15,771158,628351967.65,26167,LEGACY
2023-01-10,PFIZER,Pfizer,EQ,INE182A01018,4351.0,4351.0,4285.0,4310.7,4300.0,4328.25,5812,25036322.25,2147,LEGACY
2023-01-10,PPLPHARMA,Piramal Pharma,EQ,INE0DK501011,117.2,120.5,116.85,119.05,119.3,116.8,5246471,624335245.25,19579,LEGACY
2023-01-10,SANOFI,Sanofi India,EQ,INE058A01010,5670.0,5684.95,5623.2,5663.7,5667.0,5650.35,6143,34691003.5,1927,LEGACY
2023-01-10,STAR,Strides Pharma Science,EQ,INE939A01011,353.05,358.0,348.45,352.0,351.0,352.95,142641,50165147.85,4044,LEGACY
2023-01-10,SUNPHARMA,Sun Pharmaceutical Industries,EQ,INE044A01036,1016.0,1024.0,1010.05,1011.85,1012.95,1016.85,1607654,1634714071.8,82068,LEGACY
2023-01-10,TORNTPHARM,Torrent Pharmaceuticals,EQ,INE685A01028,1563.5,1570.9,1547.6,1565.35,1560.0,1561.5,125847,196201284.8,11309,LEGACY
2023-01-10,WOCKPHARMA,Wockhardt,EQ,INE049B01025,231.55,232.0,226.3,226.95,227.65,231.15,599180,137285126.4,9241,LEGACY
2023-01-10,ZYDUSLIFE,Zydus Lifesciences,EQ,INE010B01027,443.5,458.7,442.0,457.35,456.5,444.05,3556161,1608314326.9,57441,LEGACY
2023-01-11,ABBOTINDIA,Abbott India,EQ,INE358A01014,22101.95,22389.9,22056.0,22211.0,22150.0,22056.3,19674,437310751.7,3758,LEGACY
2023-01-11,AJANTPHARM,Ajanta Pharma,EQ,INE031B01049,1172.0,1190.95,1165.0,1168.6,1169.0,1167.25,29931,35125774.75,4221,LEGACY
2023-01-11,ALKEM,Alkem Laboratories,EQ,INE540L01014,3077.0,3094.8,3022.2,3044.45,3060.0,3079.5,104122,319727938.55,8123,LEGACY
2023-01-11,APLLTD,Alembic Pharmaceuticals,EQ,INE901L01018,561.0,562.0,552.7,556.25,559.0,558.2,353856,196999584.05,8754,LEGACY
2023-01-11,AUROPHARMA,Aurobindo Pharma,EQ,INE406A01037,453.0,454.0,445.8,447.55,446.0,450.0,1344932,603976199.15,31701,LEGACY
2023-01-11,BIOCON,Biocon,EQ,INE376G01013,258.0,258.7,251.0,251.55,251.7,257.9,2705579,683860986.85,37316,LEGACY
2023-01-11,CIPLA,Cipla,EQ,INE059A01026,1078.7,1083.95,1043.0,1047.6,1048.6,1078.7,2168577,2279272889.45,93186,LEGACY
2023-01-11,DIVISLAB,Divi's Laboratories,EQ,INE361B01024,3500.0,3500.0,3406.0,3411.45,3412.35,3501.85,239027,820531451.95,23924,LEGACY
2023-01-11,DRREDDY,Dr. Reddy's Laboratories,EQ,INE089A01023,4304.95,4320.0,4244.4,4261.9,4270.5,4288.7,254653,1089588428.85,25573,LEGACY
2023-01-11,GLAND,Gland Pharma,EQ,INE068V01023,1549.4,1599.6,1542.0,1592.1,1591.0,1547.5,277409,438610625.55,18967,LEGACY
2023-01-11,GLAXO,GlaxoSmithKline Pharmaceuticals,EQ,INE159A01016,1304.75,1304.75,1294.3,1300.55,1302.9,1305.3,21610,28091385.95,3181,LEGACY
2023-01-11,GLENMARK,Glenmark Pharmaceuticals,EQ,INE935A01035,433.0,433.0,422.75,424.75,425.0,430.55,449418,191838882.5,9855,LEGACY
2023-01-11,GRANULES,Granules India,EQ,INE101D01020,330.0,335.35,327.55,331.35,331.0,329.45,1109817,368084507.3,16095,LEGACY
2023-01-11,IPCALAB,IPCA Laboratories,EQ,INE571A01038,876.0,876.0,853.0,855.6,856.8,871.65,196091,169425349.05,7225,LEGACY
2023-01-11,JBCHEPHARM,JB Chemicals & Pharmaceuticals,EQ,INE572A01028,1913.9,1932.95,1899.7,1923.1,1920.0,1912.75,34930,67201399.5,6590,LEGACY
2023-01-11,LAURUSLABS,Laurus Labs,EQ,INE947Q01028,379.0,380.0,365.3,366.5,366.7,378.85,1710384,631892224.05,32090,LEGACY
2023-01-11,LUPIN,Lupin,EQ,INE326A01037,759.0,759.0,747.2,754.05,752.0,758.85,911085,686893113.6,19301,LEGACY
2023-01-11,NATCOPHARM,Natco Pharma,EQ,INE987B01026,551.5,553.5,546.5,547.15,547.15,551.25,103738,56961734.45,6504,LEGACY
2023-01-11,PEL,Piramal Enterprises,EQ,INE140A01024,820.0,842.6,813.55,830.85,832.0,817.55,1243354,1033023346.9,34003,LEGACY
2023-01-11,PFIZER,Pfizer,EQ,INE182A01018,4329.0,4329.0,4278.0,4285.35,4280.0,4310.7,3144,13489257.15,1063,LEGACY
2023-01-11,PPLPHARMA,Piramal Pharma,EQ,INE0DK501011,119.75,120.9,116.25,116.7,116.8,119.05,3541304,421407133.9,30355,LEGACY
2023-01-11,SANOFI,Sanofi India,EQ,INE058A01010,5685.0,5685.0,5630.0,5639.3,5647.45,5663.7,3685,20844628.0,1712,LEGACY
2023-01-11,STAR,Strides Pharma Science,EQ,INE939A01011,353.6,354.05,342.1,343.75,342.5,352.0,239695,83102287.4,6530,LEGACY
2023-01-11,SUNPHARMA,Sun Pharmaceutical Industries,EQ,INE044A01036,1012.0,1033.05,1008.35,1028.0,1026.6,1011.85,3258157,3336979686.25,117593,LEGACY
2023-01-11,TORNTPHARM,Torrent Pharmaceuticals,EQ,INE685A01028,1567.35,1568.75,1546.8,1551.95,1553.65,1565.35,78611,122056815.65,10690,LEGACY
2023-01-11,WOCKPHARMA,Wockhardt,EQ,INE049B01025,227.95,228.35,224.65,226.5,227.1,226.95,436374,98845726.6,8231,LEGACY
2023-01-11,ZYDUSLIFE,Zydus Lifesciences,EQ,INE010B01027,459.0,459.0,447.55,452.35,453.0,457.35,1541731,697671440.0,29200,LEGACY
2023-01-12,ABBOTINDIA,Abbott India,EQ,INE358A01014,22250.0,22379.9,22050.0,22162.55,22072.4,22211.0,21184,472182268.05,2452,LEGACY
2023-01-12,AJANTPHARM,Ajanta Pharma,EQ,INE031B01049,1170.0,1204.75,1170.0,1189.6,1191.0,1168.6,57428,68382176.7,11844,LEGACY
2023-01-12,ALKEM,Alkem Laboratories,EQ,INE540L01014,3060.0,3079.0,3020.95,3061.3,3060.0,3044.45,26045,79624790.15,5381,LEGACY
2023-01-12,APLLTD,Alembic Pharmaceuticals,EQ,INE901L01018,559.0,560.0,553.0,557.4,558.0,556.25,45939,25589316.0,2248,LEGACY
2023-01-12,AUROPHARMA,Aurobindo Pharma,EQ,INE406A01037,450.2,451.05,443.05,446.35,445.75,447.55,844101,376964761.75,22733,LEGACY
2023-01-12,BIOCON,Biocon,EQ,INE376G01013,251.9,252.8,248.35,250.3,250.1,251.55,1776838,444702162.15,33487,LEGACY
2023-01-12,CIPLA,Cipla,EQ,INE059A01026,1052.8,1064.1,1043.15,1061.15,1061.05,1047.6,1188988,1254775368.35,61596,LEGACY
2023-01-12,DIVISLAB,Divi's Laboratories,EQ,INE361B01024,3425.0,3426.45,3281.3,3305.3,3308.85,3411.45,929239,3081477184.2,87920,LEGACY
2023-01-12,DRREDDY,Dr. Reddy's Laboratories,EQ,INE089A01023,4274.95,4322.0,4242.1,4310.6,4320.0,4261.9,256065,1097514143.6,30933,LEGACY
2023-01-12,GLAND,Gland Pharma,EQ,INE068V01023,1591.05,1591.05,1475.3,1498.4,1498.0,1592.1,1180312,1777031349.45,63488,LEGACY
2023-01-12,GLAXO,GlaxoSmithKline Pharmaceuticals,EQ,INE159A01016,1301.0,1319.9,1298.85,1317.05,1315.05,1300.55,267997,349717646.15,4817,LEGACY
2023-01-12,GLENMARK,Glenmark Pharmaceuticals,EQ,INE935A01035,425.5,427.5,420.7,421.9,422.65,424.75,274018,116060211.45,9813,LEGACY
2023-01-12,GRANULES,Granules India,EQ,INE101D01020,332.0,333.0,317.2,318.05,318.8,331.35,1030251,331984701.65,19008,LEGACY
2023-01-12,IPCALAB,IPCA Laboratories,EQ,INE571A01038,854.95,870.0,853.25,868.6,869.95,855.6,219602,189751778.1,14787,LEGACY
2023-01-12,JBCHEPHARM,JB Chemicals & Pharmaceuticals,EQ,INE572A01028,1932.75,1981.1,1905.55,1959.3,1937.9,1923.1,22513,43768426.5,3263,LEGACY
2023-01-12,LAURUSLABS,Laurus Labs,EQ,INE947Q01028,368.0,368.0,359.0,360.4,360.3,366.5,1669410,603881037.4,37107,LEGACY
2023-01-12,LUPIN,Lupin,EQ,INE326A01037,753.5,757.95,747.8,754.35,756.05,754.05,560241,420936806.55,38547,LEGACY
2023-01-12,NATCOPHARM,Natco Pharma,EQ,INE987B01026,549.9,559.4,547.25,558.1,558.0,547.15,123371,68427467.05,8192,LEGACY
2023-01-12,PEL,Piramal Enterprises,EQ,INE140A01024,831.0,842.0,827.3,836.85,838.05,830.85,940812,786700550.2,23121,LEGACY
2023-01-12,PFIZER,Pfizer,EQ,INE182A01018,4281.0,4305.95,4244.0,4254.3,4259.0,4285.35,3434,14654041.35,960,LEGACY
2023-01-12,PPLPHARMA,Piramal Pharma,EQ,INE0DK501011,116.65,117.65,115.25,115.9,115.85,116.7,2035069,236114110.65,17058,LEGACY
2023-01-12,SANOFI,Sanofi India,EQ,INE058A01010,5660.0,5715.0,5639.3,5696.85,5694.0,5639.3,4235,24102635.25,1746,LEGACY
2023-01-12,STAR,Strides Pharma Science,EQ,INE939A01011,343.5,344.0,333.0,334.45,335.9,343.75,255977,86587265.7,6850,LEGACY
2023-01-12,SUNPHARMA,Sun Pharmaceutical Industries,EQ,INE044A01036,1031.95,1035.45,1021.15,1032.85,1031.55,1028.0,1641398,1687947431.65,87399,LEGACY
2023-01-12,TORNTPHARM,Torrent Pharmaceuticals,EQ,INE685A01028,1552.0,1558.95,1535.75,1546.5,1550.0,1551.95,90974,140706450.15,12379,LEGACY
2023-01-12,WOCKPHARMA,Wockhardt,EQ,INE049B01025,227.0,227.4,223.5,224.1,224.25,226.5,445606,100157825.6,6200,LEGACY
2023-01-12,ZYDUSLIFE,Zydus Lifesciences,EQ,INE010B01027,452.05,457.3,444.15,448.15,448.8,452.35,1554796,699934783.15,28968,LEGACY
2023-01-13,ABBOTINDIA,Abbott India,EQ,INE358A01014,22130.05,22337.95,22031.0,22282.2,22241.0,22162.55,7274,161608890.95,2368,LEGACY
2023-01-13,AJANTPHARM,Ajanta Pharma,EQ,INE031B01049,1189.0,1191.65,1173.4,1177.8,1176.05,1189.6,26808,31634480.0,4235,LEGACY
2023-01-13,ALKEM,Alkem Laboratories,EQ,INE540L01014,3066.7,3076.15,2998.5,3025.25,3021.0,3061.3,65561,198463649.2,7348,LEGACY
2023-01-13,APLLTD,Alembic Pharmaceuticals,EQ,INE901L01018,559.0,560.0,554.0,555.2,555.0,557.4,29296,16276772.05,2068,LEGACY
2023-01-13,AUROPHARMA,Aurobindo Pharma,EQ,INE406A01037,446.35,448.1,430.3,435.15,435.3,446.35,1954518,851084549.1,37774,LEGACY
2023-01-13,BIOCON,Biocon,EQ,INE376G01013,250.3,253.0,246.25,252.05,253.0,250.3,2003170,498617608.6,26567,LEGACY
2023-01-13,CIPLA,Cipla,EQ,INE059A01026,1064.0,1070.6,1053.25,1067.75,1068.85,1061.15,1089004,1158186781.65,39447,LEGACY
2023-01-13,DIVISLAB,Divi's Laboratories,EQ,INE361B01024,3321.85,3359.35,3307.5,3351.7,3352.15,3305.3,273260,911654967.25,31203,LEGACY
2023-01-13,DRREDDY,Dr. Reddy's Laboratories,EQ,INE089A01023,4324.0,4341.7,4290.0,4320.4,4323.5,4310.6,246926,1067769581.85,24423,LEGACY
2023-01-13,GLAND,Gland Pharma,EQ,INE068V01023,1507.0,1510.25,1449.0,1454.7,1454.6,1498.4,766442,1123456589.7,44244,LEGACY
2023-01-13,GLAXO,GlaxoSmithKline Pharmaceuticals,EQ,INE159A01016,1320.0,1320.0,1301.0,1304.7,1306.0,1317.05,16471,21552480.75,3068,LEGACY
2023-01-13,GLENMARK,Glenmark Pharmaceuticals,EQ,INE935A01035,423.0,423.2,414.55,420.15,420.45,421.9,455551,190714302.9,8936,LEGACY
2023-01-13,GRANULES,Granules India,EQ,INE101D01020,319.9,321.0,312.6,318.35,318.3,318.05,666459,211030217.3,13890,LEGACY
2023-01-13,IPCALAB,IPCA Laboratories,EQ,INE571A01038,868.6,872.85,863.4,870.7,872.85,868.6,70613,61298621.05,4581,LEGACY
2023-01-13,JBCHEPHARM,JB Chemicals & Pharmaceuticals,EQ,INE572A01028,1955.0,1969.1,1927.05,1957.15,1956.0,1959.3,16321,31846086.85,2594,LEGACY
2023-01-13,LAURUSLABS,Laurus Labs,EQ,INE947Q01028,360.4,362.25,354.0,357.2,357.4,360.4,1614466,575857941.25,24747,LEGACY
2023-01-13,LUPIN,Lupin,EQ,INE326A01037,757.0,758.8,749.15,755.75,755.2,754.35,434291,327609737.6,17371,LEGACY
2023-01-13,NATCOPHARM,Natco Pharma,EQ,INE987B01026,559.65,562.25,549.65,553.6,552.5,558.1,100006,55423077.1,5553,LEGACY
2023-01-13,PEL,Piramal Enterprises,EQ,INE140A01024,837.0,840.0,823.35,837.1,836.0,836.85,421082,350751749.3,15856,LEGACY
2023-01-13,PFIZER,Pfizer,EQ,INE182A01018,4255.0,4298.1,4190.0,4214.1,4214.85,4254.3,6167,26151665.8,1618,LEGACY
2023-01-13,PPLPHARMA,Piramal Pharma,EQ,INE0DK501011,116.35,118.4,116.0,117.4,117.35,115.9,1300848,152665453.15,9481,LEGACY
2023-01-13,SANOFI,Sanofi India,EQ,INE058A01010,5696.0,5700.0,5650.0,5664.9,5650.0,5696.85,2715,15390893.1,1108,LEGACY
2023-01-13,STAR,Strides Pharma Science,EQ,INE939A01011,334.45,339.25,330.85,336.45,336.25,334.45,237706,79553068.95,7096,LEGACY
2023-01-13,SUNPHARMA,Sun Pharmaceutical Industries,EQ,INE044A01036,1031.15,1035.0,1020.15,1031.6,1031.05,1032.85,1491367,1534713373.4,86162,LEGACY
2023-01-13,TORNTPHARM,Torrent Pharmaceuticals,EQ,INE685A01028,1552.45,1555.2,1532.05,1550.8,1550.5,1546.5,139622,215313551.0,11512,LEGACY
2023-01-13,WOCKPHARMA,Wockhardt,EQ,INE049B01025,224.0,225.4,222.55,223.85,223.4,224.1,360301,80616417.4,5938,LEGACY
2023-01-13,ZYDUSLIFE,Zydus Lifesciences,EQ,INE010B01027,449.3,449.3,440.2,441.35,440.65,448.15,950057,420771182.65,14565,LEGACY
2023-01-16,ABBOTINDIA,Abbott India,EQ,INE358A01014,22300.2,22344.35,21970.1,22041.45,22035.0,22282.2,6699,148384277.9,2178,LEGACY
2023-01-16,AJANTPHARM,Ajanta Pharma,EQ,INE031B01049,1177.0,1204.0,1167.2,1176.65,1177.0,1177.8,104966,123384133.0,5783,LEGACY
2023-01-16,ALKEM,Alkem Laboratories,EQ,INE540L01014,3020.0,3063.8,3020.0,3039.7,3031.0,3025.25,16445,50053939.55,3764,LEGACY
2023-01-16,APLLTD,Alembic Pharmaceuticals,EQ,INE901L01018,557.95,558.9,551.0,552.2,552.5,555.2,30221,16728720.1,2414,LEGACY
2023-01-16,AUROPHARMA,Aurobindo Pharma,EQ,INE406A01037,436.45,447.8,434.25,446.5,446.0,435.15,1437903,637297885.2,28922,LEGACY
2023-01-16,BIOCON,Biocon,EQ,INE376G01013,253.0,254.0,249.0,250.45,250.4,252.05,1312173,329249020.8,14478,LEGACY
2023-01-16,CIPLA,Cipla,EQ,INE059A01026,1070.5,1074.7,1051.0,1059.6,1060.5,1067.75,825308,873585111.6,33543,LEGACY
2023-01-16,DIVISLAB,Divi's Laboratories,EQ,INE361B01024,3362.2,3367.7,3316.5,3333.2,3335.0,3351.7,123326,411403957.1,18647,LEGACY
2023-01-16,DRREDDY,Dr. Reddy's Laboratories,EQ,INE089A01023,4339.7,4352.75,4290.05,4326.05,4328.3,4320.4,89311,385303916.6,13796,LEGACY
2023-01-16,GLAND,Gland Pharma,EQ,INE068V01023,1462.0,1464.9,1436.1,1444.6,1441.95,1454.7,419775,606345251.6,26787,LEGACY
2023-01-16,GLAXO,GlaxoSmithKline Pharmaceuticals,EQ,INE159A01016,1306.7,1308.5,1298.55,1302.15,1300.05,1304.7,10687,13918392.65,1859,LEGACY
2023-01-16,GLENMARK,Glenmark Pharmaceuticals,EQ,INE935A01035,419.1,424.85,416.1,420.1,420.8,420.15,293141,123015219.05,5905,LEGACY
2023-01-16,GRANULES,Granules India,EQ,INE101D01020,316.5,318.85,312.4,314.55,314.9,318.35,666051,209526777.25,11066,LEGACY
2023-01-16,IPCALAB,IPCA Laboratories,EQ,INE571A01038,872.2,878.45,860.4,866.1,870.0,870.7,82383,71670847.3,5662,LEGACY
2023-01-16,JBCHEPHARM,JB Chemicals & Pharmaceuticals,EQ,INE572A01028,1957.15,1968.9,1939.95,1956.35,1948.9,1957.15,9806,19183401.2,2826,LEGACY
2023-01-16,LAURUSLABS,Laurus Labs,EQ,INE947Q01028,359.15,361.0,353.9,354.55,354.35,357.2,1342911,477663769.95,18113,LEGACY
2023-01-16,LUPIN,Lupin,EQ,INE326A01037,751.8,760.0,747.15,756.95,752.55,755.75,443945,334489618.05,14097,LEGACY
2023-01-16,NATCOPHARM,Natco Pharma,EQ,INE987B01026,558.95,558.95,549.0,549.9,549.3,553.6,126393,69805182.15,5630,LEGACY
2023-01-16,PEL,Piramal Enterprises,EQ,INE140A01024,836.85,841.4,828.0,830.45,830.0,837.1,331851,276692932.95,14936,LEGACY
2023-01-16,PFIZER,Pfizer,EQ,INE182A01018,4245.7,4245.7,4125.0,4128.8,4130.0,4214.1,10094,41979834.8,2090,LEGACY
2023-01-16,PPLPHARMA,Piramal Pharma,EQ,INE0DK501011,117.3,119.4,115.4,116.45,116.9,117.4,1935195,228268675.9,15244,LEGACY
2023-01-16,SANOFI,Sanofi India,EQ,INE058A01010,5670.0,5675.0,5613.05,5659.3,5675.0,5664.9,2814,15910969.95,895,LEGACY
2023-01-16,STAR,Strides Pharma Science,EQ,INE939A01011,338.15,340.95,332.0,333.75,333.4,336.45,177575,59578575.85,6716,LEGACY
2023-01-16,SUNPHARMA,Sun Pharmaceutical Industries,EQ,INE044A01036,1031.6,1039.5,1026.1,1035.45,1036.0,1031.6,1437532,1486130739.85,48131,LEGACY
2023-01-16,TORNTPHARM,Torrent Pharmaceuticals,EQ,INE685A01028,1553.55,1575.0,1550.95,1570.25,1568.5,1550.8,48324,75497483.9,5411,LEGACY
2023-01-16,WOCKPHARMA,Wockhardt,EQ,INE049B01025,224.7,229.95,223.85,226.9,226.7,223.85,495253,112499154.95,8155,LEGACY
2023-01-16,ZYDUSLIFE,Zydus Lifesciences,EQ,INE010B01027,442.75,444.05,437.3,439.1,438.05,441.35,408124,179457813.65,9576,LEGACY
2023-01-17,ABBOTINDIA,Abbott India,EQ,INE358A01014,22050.0,22149.9,21612.2,21681.35,21626.0,22041.45,21736,473203601.85,3714,LEGACY
2023-01-17,AJANTPHARM,Ajanta Pharma,EQ,INE031B01049,1180.0,1180.0,1161.0,1169.15,1163.0,1176.65,60149,70360037.35,8255,LEGACY
2023-01-17,ALKEM,Alkem Laboratories,EQ,INE540L01014,3030.0,3050.2,3008.55,3034.75,3022.05,3039.7,18700,56767675.5,3519,LEGACY
2023-01-17,APLLTD,Alembic Pharmaceuticals,EQ,INE901L01018,552.2,555.8,550.0,550.85,552.0,552.2,50753,27995109.9,2348,LEGACY
2023-01-17,AUROPHARMA,Aurobindo Pharma,EQ,INE406A01037,446.0,447.35,438.75,442.8,442.05,446.5,820754,362766326.65,26441,LEGACY
2023-01-17,BIOCON,Biocon,EQ,INE376G01013,250.45,251.5,247.55,249.35,249.8,250.45,918909,228969352.85,16038,LEGACY
2023-01-17,CIPLA,Cipla,EQ,INE059A01026,1062.8,1071.1,1053.35,1069.1,1068.9,1059.6,762941,810820869.35,40261,LEGACY
2023-01-17,DIVISLAB,Divi's Laboratories,EQ,INE361B01024,3340.0,3352.15,3320.05,3347.4,3350.0,3333.2,136458,455199136.45,20704,LEGACY
2023-01-17,DRREDDY,Dr. Reddy's Laboratories,EQ,INE089A01023,4338.95,4359.8,4305.6,4351.75,4351.4,4326.05,155625,674621213.0,23660,LEGACY
2023-01-17,GLAND,Gland Pharma,EQ,INE068V01023,1444.9,1457.8,1388.65,1398.35,1400.2,1444.6,1239497,1765930706.95,41922,LEGACY
2023-01-17,GLAXO,GlaxoSmithKline Pharmaceuticals,EQ,INE159A01016,1302.05,1309.85,1299.1,1305.45,1308.0,1302.15,13909,18150774.6,1717,LEGACY
2023-01-17,GLENMARK,Glenmark Pharmaceuticals,EQ,INE935A01035,419.65,421.6,414.5,416.55,416.4,420.1,245555,102353334.9,6147,LEGACY
2023-01-17,GRANULES,Granules India,EQ,INE101D01020,314.05,317.4,312.3,314.05,314.2,314.55,416097,130767310.6,8705,LEGACY
2023-01-17,IPCALAB,IPCA Laboratories,EQ,INE571A01038,870.7,870.7,849.35,851.95,851.0,866.1,104272,89375927.2,8254,LEGACY
2023-01-17,JBCHEPHARM,JB Chemicals & Pharmaceuticals,EQ,INE572A01028,1948.9,2008.0,1948.9,1995.25,1974.0,1956.35,24179,47892638.6,3528,LEGACY
2023-01-17,LAURUSLABS,Laurus Labs,EQ,INE947Q01028,355.0,356.1,349.45,352.45,352.8,354.55,920210,323563786.7,18440,LEGACY
2023-01-17,LUPIN,Lupin,EQ,INE326A01037,756.95,758.7,749.0,753.25,754.3,756.95,463650,348602399.9,32792,LEGACY
2023-01-17,NATCOPHARM,Natco Pharma,EQ,INE987B01026,552.1,552.1,542.0,543.6,544.65,549.9,137671,75167290.85,9426,LEGACY
2023-01-17,PEL,Piramal Enterprises,EQ,INE140A01024,828.5,839.8,821.25,830.0,831.0,830.45,370797,307955365.7,16431,LEGACY
2023-01-17,PFIZER,Pfizer,EQ,INE182A01018,4133.0,4185.0,4129.0,4175.6,4179.0,4128.8,4370,18171981.35,1693,LEGACY
2023-01-17,PPLPHARMA,Piramal Pharma,EQ,INE0DK501011,116.65,117.4,114.45,115.45,115.3,116.45,979636,113261385.75,13229,LEGACY
2023-01-17,SANOFI,Sanofi India,EQ,INE058A01010,5659.3,5684.7,5645.75,5667.55,5668.0,5659.3,4340,24602087.35,1372,LEGACY
2023-01-17,STAR,Strides Pharma Science,EQ,INE939A01011,334.0,335.25,331.1,333.0,333.5,333.75,100786,33540172.7,3139,LEGACY
2023-01-17,SUNPHARMA,Sun Pharmaceutical Industries,EQ,INE044A01036,1035.45,1036.0,1026.8,1032.7,1033.3,1035.45,1245848,1284339974.25,56406,LEGACY
2023-01-17,TORNTPHARM,Torrent Pharmaceuticals,EQ,INE685A01028,1590.05,1594.95,1569.15,1585.55,1588.0,1570.25,227114,359047951.55,16554,LEGACY
2023-01-17,WOCKPHARMA,Wockhardt,EQ,INE049B01025,225.35,227.35,221.45,223.05,223.0,226.9,379418,84963875.65,5774,LEGACY
2023-01-17,ZYDUSLIFE,Zydus Lifesciences,EQ,INE010B01027,439.0,440.0,430.0,431.45,431.5,439.1,989688,428735196.7,12303,LEGACY
2023-01-18,ABBOTINDIA,Abbott India,EQ,INE358A01014,21700.1,22047.0,21613.1,21962.25,22000.0,21681.35,7590,166164093.05,2803,LEGACY
2023-01-18,AJANTPHARM,Ajanta Pharma,EQ,INE031B01049,1175.3,1200.8,1163.3,1184.6,1180.0,1169.15,58725,69519539.45,5484,LEGACY
2023-01-18,ALKEM,Alkem Laboratories,EQ,INE540L01014,3035.0,3066.0,3021.55,3059.2,3055.0,3034.75,18317,55923908.4,4715,LEGACY
2023-01-18,APLLTD,Alembic Pharmaceuticals,EQ,INE901L01018,552.0,554.85,550.35,553.05,552.0,550.85,30330,16760516.45,1793,LEGACY
2023-01-18,AUROPHARMA,Aurobindo Pharma,EQ,INE406A01037,444.0,446.7,441.9,444.0,444.95,442.8,604579,268417809.2,15721,LEGACY
2023-01-18,BIOCON,Biocon,EQ,INE376G01013,249.95,250.55,248.0,249.65,249.95,249.35,734471,183266216.85,11933,LEGACY
2023-01-18,CIPLA,Cipla,EQ,INE059A01026,1068.9,1072.0,1059.35,1063.4,1065.0,1069.1,1299797,1381712363.6,55111,LEGACY
2023-01-18,DIVISLAB,Divi's Laboratories,EQ,INE361B01024,3351.6,3394.0,3347.4,3388.5,3382.55,3347.4,142704,481368722.4,19197,LEGACY
2023-01-18,DRREDDY,Dr. Reddy's Laboratories,EQ,INE089A01023,4351.75,4394.95,4342.0,4364.35,4370.0,4351.75,263693,1152993343.2,25976,LEGACY
2023-01-18,GLAND,Gland Pharma,EQ,INE068V01023,1400.0,1429.95,1387.15,1423.45,1426.95,1398.35,339215,479314563.75,22266,LEGACY
2023-01-18,GLAXO,GlaxoSmithKline Pharmaceuticals,EQ,INE159A01016,1305.45,1308.05,1300.65,1304.7,1303.0,1305.45,80059,104411882.7,1892,LEGACY
2023-01-18,GLENMARK,Glenmark Pharmaceuticals,EQ,INE935A01035,418.85,423.85,414.65,419.15,420.55,416.55,640921,269296305.25,12522,LEGACY
2023-01-18,GRANULES,Granules India,EQ,INE101D01020,314.9,316.0,311.0,313.2,312.9,314.05,642540,201073399.4,9138,LEGACY
2023-01-18,IPCALAB,IPCA Laboratories,EQ,INE571A01038,850.0,883.65,848.0,875.5,874.85,851.95,321116,279188179.7,12304,LEGACY
2023-01-18,JBCHEPHARM,JB Chemicals & Pharmaceuticals,EQ,INE572A01028,1990.0,1999.0,1968.0,1992.35,1995.0,1995.25,24176,48079050.8,3867,LEGACY
2023-01-18,LAURUSLABS,Laurus Labs,EQ,INE947Q01028,352.45,355.95,351.65,354.65,353.45,352.45,774157,274031466.3,17468,LEGACY
2023-01-18,LUPIN,Lupin,EQ,INE326A01037,755.9,770.0,752.4,767.15,766.5,753.25,961394,736352214.2,29698,LEGACY
2023-01-18,NATCOPHARM,Natco Pharma,EQ,INE987B01026,544.45,550.0,539.65,540.65,540.95,543.6,165551,89920156.7,8115,LEGACY
2023-01-18,PEL,Piramal Enterprises,EQ,INE140A01024,830.0,834.95,824.4,827.4,825.8,830.0,308788,255899473.1,14032,LEGACY
2023-01-18,PFIZER,Pfizer,EQ,INE182A01018,4175.6,4185.0,4125.1,4135.15,4131.0,4175.6,8286,34391265.6,2299,LEGACY
2023-01-18,PPLPHARMA,Piramal Pharma,EQ,INE0DK501011,116.05,116.6,115.0,115.3,115.4,115.45,919609,106314583.15,10855,LEGACY
2023-01-18,SANOFI,Sanofi India,EQ,INE058A01010,5667.0,5689.75,5630.05,5663.1,5685.0,5667.55,4466,25280164.3,1690,LEGACY
2023-01-18,STAR,Strides Pharma Science,EQ,INE939A01011,334.7,339.7,328.05,329.35,328.9,333.0,365679,121787629.0,11011,LEGACY
2023-01-18,SUNPHARMA,Sun Pharmaceutical Industries,EQ,INE044A01036,1032.7,1041.5,1030.15,1040.1,1038.1,1032.7,1238451,1284215816.0,47546,LEGACY
2023-01-18,TORNTPHARM,Torrent Pharmaceuticals,EQ,INE685A01028,1590.15,1620.0,1582.3,1617.6,1620.0,1585.55,120699,194077219.15,8829,LEGACY
2023-01-18,WOCKPHARMA,Wockhardt,EQ,INE049B01025,224.0,224.85,222.25,223.15,223.3,223.05,302062,67526764.9,4375,LEGACY
2023-01-18,ZYDUSLIFE,Zydus Lifesciences,EQ,INE010B01027,432.7,445.6,432.0,443.45,443.5,431.45,1765081,776810525.7,27179,LEGACY
2023-01-19,ABBOTINDIA,Abbott India,EQ,INE358A01014,21960.0,22100.0,21915.05,21999.6,21970.95,21962.25,4364,96102318.8,1557,LEGACY
2023-01-19,AJANTPHARM,Ajanta Pharma,EQ,INE031B01049,1180.0,1187.65,1171.25,1178.1,1183.9,1184.6,19596,23070317.2,3805,LEGACY
2023-01-19,ALKEM,Alkem Laboratories,EQ,INE540L01014,3043.9,3077.95,3025.0,3033.15,3026.4,3059.2,12951,39351171.2,2696,LEGACY
2023-01-19,APLLTD,Alembic Pharmaceuticals,EQ,INE901L01018,553.05,561.05,552.9,558.4,556.0,553.05,78983,44087809.45,4235,LEGACY
2023-01-19,AUROPHARMA,Aurobindo Pharma,EQ,INE406A01037,443.1,448.75,441.2,445.2,445.0,444.0,1644372,732237324.75,28883,LEGACY
2023-01-19,BIOCON,Biocon,EQ,INE376G01013,249.7,250.95,247.75,249.2,249.0,249.65,844207,210175631.65,18960,LEGACY
2023-01-19,CIPLA,Cipla,EQ,INE059A01026,1063.5,1069.6,1058.55,1064.85,1063.45,1063.4,376954,400978102.95,32749,LEGACY
2023-01-19,DIVISLAB,Divi's Laboratories,EQ,INE361B01024,3375.0,3388.75,3352.05,3382.0,3383.0,3388.5,104419,352216971.2,15786,LEGACY
2023-01-19,DRREDDY,Dr. Reddy's Laboratories,EQ,INE089A01023,4364.85,4383.15,4316.55,4332.2,4330.0,4364.35,248491,1078645235.25,27137,LEGACY
2023-01-19,GLAND,Gland Pharma,EQ,INE068V01023,1423.0,1424.95,1392.0,1395.65,1394.2,1423.45,240208,336423057.1,19150,LEGACY
2023-01-19,GLAXO,GlaxoSmithKline Pharmaceuticals,EQ,INE159A01016,1304.3,1312.25,1294.3,1298.15,1299.95,1304.7,21228,27593764.7,2933,LEGACY
2023-01-19,GLENMARK,Glenmark Pharmaceuticals,EQ,INE935A01035,419.55,422.0,416.2,421.3,420.15,419.15,251877,105767539.75,6172,LEGACY
2023-01-19,GRANULES,Granules India,EQ,INE101D01020,312.25,315.5,309.55,311.4,311.75,313.2,513000,159621854.2,6980,LEGACY
2023-01-19,IPCALAB,IPCA Laboratories,EQ,INE571A01038,875.0,879.85,868.15,871.8,870.9,875.5,113626,99420747.0,9409,LEGACY
2023-01-19,JBCHEPHARM,JB Chemicals & Pharmaceuticals,EQ,INE572A01028,1992.35,1998.9,1964.0,1988.1,1989.0,1992.35,20219,40001797.7,3080,LEGACY
2023-01-19,LAURUSLABS,Laurus Labs,EQ,INE947Q01028,353.85,355.7,349.15,351.65,353.0,354.65,1011397,354717990.05,16045,LEGACY
2023-01-19,LUPIN,Lupin,EQ,INE326A01037,767.25,767.25,758.5,759.6,759.6,767.15,283476,216014097.15,13027,LEGACY
2023-01-19,NATCOPHARM,Natco Pharma,EQ,INE987B01026,540.65,544.7,529.6,534.5,533.0,540.65,174495,93818785.9,9173,LEGACY
2023-01-19,PEL,Piramal Enterprises,EQ,INE140A01024,825.0,843.3,819.4,836.55,835.05,827.4,641958,533941080.8,23931,LEGACY
2023-01-19,PFIZER,Pfizer,EQ,INE182A01018,4135.15,4175.0,4135.0,4149.25,4135.0,4135.15,2786,11580228.75,931,LEGACY
2023-01-19,PPLPHARMA,Piramal Pharma,EQ,INE0DK501011,114.7,115.4,112.7,113.3,113.2,115.3,1515700,172395417.05,17699,LEGACY
2023-01-19,SANOFI,Sanofi India,EQ,INE058A01010,5664.95,5699.75,5634.95,5690.5,5697.0,5663.1,4134,23423428.8,1148,LEGACY
2023-01-19,STAR,Strides Pharma Science,EQ,INE939A01011,330.0,331.2,327.1,327.95,328.55,329.35,135436,44524956.05,3619,LEGACY
2023-01-19,SUNPHARMA,Sun Pharmaceutical Industries,EQ,INE044A01036,1038.1,1044.0,1036.0,1040.55,1039.4,1040.1,824263,857555579.5,43413,LEGACY
2023-01-19,TORNTPHARM,Torrent Pharmaceuticals,EQ,INE685A01028,1618.95,1632.35,1590.0,1600.1,1602.7,1617.6,92154,147801185.1,10136,LEGACY
2023-01-19,WOCKPHARMA,Wockhardt,EQ,INE049B01025,222.5,224.75,221.25,222.25,221.95,223.15,285026,63480321.55,5167,LEGACY
2023-01-19,ZYDUSLIFE,Zydus Lifesciences,EQ,INE010B01027,443.5,446.75,439.65,441.85,442.3,443.45,471685,209024277.6,11729,LEGACY
2023-01-20,ABBOTINDIA,Abbott India,EQ,INE358A01014,21997.0,21997.0,21632.75,21797.35,21787.9,21999.6,8506,185159531.8,2438,LEGACY
2023-01-20,AJANTPHARM,Ajanta Pharma,EQ,INE031B01049,1182.1,1182.1,1150.0,1159.95,1155.0,1178.1,51824,60381854.85,10458,LEGACY
2023-01-20,ALKEM,Alkem Laboratories,EQ,INE540L01014,3025.15,3074.0,3010.0,3032.4,3030.0,3033.15,29915,91062173.15,5208,LEGACY
2023-01-20,APLLTD,Alembic Pharmaceuticals,EQ,INE901L01018,559.0,559.95,553.1,554.6,555.0,558.4,22980,12771262.1,1711,LEGACY
2023-01-20,AUROPHARMA,Aurobindo Pharma,EQ,INE406A01037,446.0,448.65,443.0,444.7,444.0,445.2,827992,368703239.25,26536,LEGACY
2023-01-20,BIOCON,Biocon,EQ,INE376G01013,249.15,250.4,244.45,244.95,245.0,249.2,1225843,302559664.35,23539,LEGACY
2023-01-20,CIPLA,Cipla,EQ,INE059A01026,1067.0,1067.0,1050.45,1053.45,1055.0,1064.85,954230,1010398483.15,62509,LEGACY
2023-01-20,DIVISLAB,Divi's Laboratories,EQ,INE361B01024,3382.0,3400.0,3336.25,3343.15,3345.0,3382.0,168535,567780851.9,24064,LEGACY
2023-01-20,DRREDDY,Dr. Reddy's Laboratories,EQ,INE089A01023,4331.95,4381.05,4280.0,4350.6,4350.0,4332.2,236535,1030041721.45,23244,LEGACY
2023-01-20,GLAND,Gland Pharma,EQ,INE068V01023,1396.05,1402.1,1381.0,1386.65,1387.0,1395.65,316619,439724008.15,29155,LEGACY
2023-01-20,GLAXO,GlaxoSmithKline Pharmaceuticals,EQ,INE159A01016,1298.15,1303.3,1287.4,1289.2,1288.85,1298.15,21549,27853979.95,2669,LEGACY
2023-01-20,GLENMARK,Glenmark Pharmaceuticals,EQ,INE935A01035,423.5,425.9,417.0,417.9,418.15,421.3,390791,164872387.9,9321,LEGACY
2023-01-20,GRANULES,Granules India,EQ,INE101D01020,309.6,316.5,307.9,313.45,312.9,311.4,847373,265024336.1,11472,LEGACY
2023-01-20,IPCALAB,IPCA Laboratories,EQ,INE571A01038,871.8,876.15,857.95,862.1,861.7,871.8,140417,121465747.45,4536,LEGACY
2023-01-20,JBCHEPHARM,JB Chemicals & Pharmaceuticals,EQ,INE572A01028,1987.7,1987.7,1927.0,1935.0,1935.0,1988.1,32726,63598868.05,4653,LEGACY
2023-01-20,LAURUSLABS,Laurus Labs,EQ,INE947Q01028,352.6,354.5,346.5,347.1,346.95,351.65,952034,332740456.55,27588,LEGACY
2023-01-20,LUPIN,Lupin,EQ,INE326A01037,759.6,762.75,751.3,755.05,755.35,759.6,409353,310236578.95,15175,LEGACY
2023-01-20,NATCOPHARM,Natco Pharma,EQ,INE987B01026,536.45,538.5,529.85,535.9,536.6,534.5,175680,93840528.7,6486,LEGACY
2023-01-20,PEL,Piramal Enterprises,EQ,INE140A01024,836.55,841.5,828.55,835.35,838.35,836.55,594894,497603106.75,22278,LEGACY
2023-01-20,PFIZER,Pfizer,EQ,INE182A01018,4136.05,4160.55,4127.0,4138.05,4130.25,4149.25,3723,15406999.4,998,LEGACY
2023-01-20,PPLPHARMA,Piramal Pharma,EQ,INE0DK501011,112.2,116.15,112.2,112.9,112.8,113.3,1729786,197221826.4,17004,LEGACY
2023-01-20,SANOFI,Sanofi India,EQ,INE058A01010,5688.35,5688.35,5640.0,5677.25,5683.6,5690.5,3919,22201811.5,1147,LEGACY
2023-01-20,STAR,Strides Pharma Science,EQ,INE939A01011,328.9,330.1,325.55,328.4,326.65,327.95,115722,37970076.75,3457,LEGACY
2023-01-20,SUNPHARMA,Sun Pharmaceutical Industries,EQ,INE044A01036,1044.05,1047.5,1016.85,1030.35,1032.0,1040.55,2963571,3049530869.9,93677,LEGACY
2023-01-20,TORNTPHARM,Torrent Pharmaceuticals,EQ,INE685A01028,1600.1,1600.55,1569.45,1582.05,1586.95,1600.1,221019,348815965.85,23656,LEGACY
2023-01-20,WOCKPHARMA,Wockhardt,EQ,INE049B01025,222.9,223.6,217.0,217.4,217.5,222.25,450034,98865385.3,8385,LEGACY
2023-01-20,ZYDUSLIFE,Zydus Lifesciences,EQ,INE010B01027,442.0,442.0,434.3,438.2,438.45,441.85,407298,178473274.85,8655,LEGACY
2023-01-23,ABBOTINDIA,Abbott India,EQ,INE358A01014,21780.0,21925.0,21678.05,21884.55,21850.0,21797.35,6436,140375063.1,2338,LEGACY
2023-01-23,AJANTPHARM,Ajanta Pharma,EQ,INE031B01049,1161.95,1201.75,1152.15,1196.7,1200.0,1159.95,44292,52464984.65,6338,LEGACY
2023-01-23,ALKEM,Alkem Laboratories,EQ,INE540L01014,3044.95,3054.9,3001.85,3046.3,3050.2,3032.4,24657,74753394.85,6413,LEGACY
2023-01-23,APLLTD,Alembic Pharmaceuticals,EQ,INE901L01018,556.4,560.0,551.3,559.6,559.8,554.6,98414,54643816.1,3537,LEGACY
2023-01-23,AUROPHARMA,Aurobindo Pharma,EQ,INE406A01037,445.95,447.7,442.85,445.85,445.0,444.7,545319,243100902.6,17819,LEGACY
2023-01-23,BIOCON,Biocon,EQ,INE376G01013,245.2,249.6,245.2,248.35,248.0,244.95,1263514,313841900.25,18013,LEGACY
2023-01-23,CIPLA,Cipla,EQ,INE059A01026,1053.4,1064.25,1050.7,1062.55,1063.75,1053.45,750581,795011566.6,45340,LEGACY
2023-01-23,DIVISLAB,Divi's Laboratories,EQ,INE361B01024,3343.1,3415.0,3333.45,3385.7,3383.5,3343.15,220594,746622036.65,24872,LEGACY
2023-01-23,DRREDDY,Dr. Reddy's Laboratories,EQ,INE089A01023,4359.95,4365.45,4319.35,4337.85,4340.0,4350.6,154053,668120524.25,13970,LEGACY
2023-01-23,GLAND,Gland Pharma,EQ,INE068V01023,1389.95,1404.7,1365.35,1375.65,1377.0,1386.65,272966,376435368.25,17714,LEGACY
2023-01-23,GLAXO,GlaxoSmithKline Pharmaceuticals,EQ,INE159A01016,1295.15,1295.55,1275.0,1277.65,1278.0,1289.2,24246,31064110.75,2836,LEGACY
2023-01-23,GLENMARK,Glenmark Pharmaceuticals,EQ,INE935A01035,411.0,421.8,411.0,418.7,419.5,417.9,345427,144491790.7,7487,LEGACY
2023-01-23,GRANULES,Granules India,EQ,INE101D01020,313.95,315.05,309.75,312.15,312.0,313.45,623887,195051619.75,13063,LEGACY
2023-01-23,IPCALAB,IPCA Laboratories,EQ,INE571A01038,859.0,876.0,859.0,871.7,871.8,862.1,77510,67510544.35,5778,LEGACY
2023-01-23,JBCHEPHARM,JB Chemicals & Pharmaceuticals,EQ,INE572A01028,1934.9,1978.6,1915.55,1971.65,1974.0,1935.0,48016,93478021.55,8262,LEGACY
2023-01-23,LAURUSLABS,Laurus Labs,EQ,INE947Q01028,348.85,353.45,346.3,348.9,348.6,347.1,702100,245497067.85,16115,LEGACY
2023-01-23,LUPIN,Lupin,EQ,INE326A01037,756.0,769.0,751.5,765.55,765.55,755.05,578775,442118052.85,22141,LEGACY
2023-01-23,NATCOPHARM,Natco Pharma,EQ,INE987B01026,538.5,539.9,535.0,536.5,536.9,535.9,142547,76552263.85,3525,LEGACY
2023-01-23,PEL,Piramal Enterprises,EQ,INE140A01024,835.35,855.85,830.4,850.05,850.0,835.35,773031,654955983.9,26847,LEGACY
2023-01-23,PFIZER,Pfizer,EQ,INE182A01018,4115.5,4134.75,4095.0,4107.65,4099.0,4138.05,6588,27094155.15,1647,LEGACY
2023-01-23,PPLPHARMA,Piramal Pharma,EQ,INE0DK501011,113.45,113.85,110.1,111.3,111.0,112.9,1809951,201953659.75,33913,LEGACY
2023-01-23,SANOFI,Sanofi India,EQ,INE058A01010,5707.05,5707.05,5610.0,5626.6,5625.0,5677.25,8008,45111577.7,1627,LEGACY
2023-01-23,STAR,Strides Pharma Science,EQ,INE939A01011,332.5,339.85,326.85,337.1,336.3,328.4,274317,91633253.55,7566,LEGACY
2023-01-23,SUNPHARMA,Sun Pharmaceutical Industries,EQ,INE044A01036,1035.0,1054.9,1022.5,1049.3,1050.1,1030.35,2106604,2202226115.05,71864,LEGACY
2023-01-23,TORNTPHARM,Torrent Pharmaceuticals,EQ,INE685A01028,1589.95,1610.8,1577.65,1597.6,1593.1,1582.05,179999,287673892.4,17537,LEGACY
2023-01-23,WOCKPHARMA,Wockhardt,EQ,INE049B01025,218.5,218.9,213.65,214.8,215.0,217.4,410889,88517369.15,7154,LEGACY
2023-01-23,ZYDUSLIFE,Zydus Lifesciences,EQ,INE010B01027,440.4,447.65,436.0,444.3,442.8,438.2,1112000,493195252.4,24052,LEGACY
2023-01-24,ABBOTINDIA,Abbott India,EQ,INE358A01014,21771.75,21912.55,21500.0,21642.65,21533.45,21884.55,8055,175269490.4,3032,LEGACY
2023-01-24,AJANTPHARM,Ajanta Pharma,EQ,INE031B01049,1186.1,1208.15,1186.1,1199.75,1201.0,1196.7,38035,45643391.75,7461,LEGACY
2023-01-24,ALKEM,Alkem Laboratories,EQ,INE540L01014,3054.95,3061.45,2995.35,3009.25,3011.9,3046.3,47474,143297160.1,6388,LEGACY
2023-01-24,APLLTD,Alembic Pharmaceuticals,EQ,INE901L01018,559.75,560.0,550.1,551.25,550.1,559.6,31249,17338205.4,2175,LEGACY
2023-01-24,AUROPHARMA,Aurobindo Pharma,EQ,INE406A01037,446.5,447.65,435.55,438.25,437.0,445.85,988604,434768377.35,31248,LEGACY
2023-01-24,BIOCON,Biocon,EQ,INE376G01013,249.75,250.4,245.5,246.15,245.95,248.35,859906,212912920.4,12598,LEGACY
2023-01-24,CIPLA,Cipla,EQ,INE059A01026,1065.0,1074.9,1055.05,1062.15,1061.7,1062.55,712627,759557201.5,40232,LEGACY
2023-01-24,DIVISLAB,Divi's Laboratories,EQ,INE361B01024,3390.0,3399.0,3345.0,3356.05,3354.5,3385.7,127508,429735687.4,19169,LEGACY
2023-01-24,DRREDDY,Dr. Reddy's Laboratories,EQ,INE089A01023,4341.0,4354.8,4237.0,4252.75,4248.85,4337.85,264054,1131853263.6,29375,LEGACY
2023-01-24,GLAND,Gland Pharma,EQ,INE068V01023,1349.0,1390.0,1308.35,1354.95,1355.0,1375.65,1903771,2569266380.5,79075,LEGACY
2023-01-24,GLAXO,GlaxoSmithKline Pharmaceuticals,EQ,INE159A01016,1283.65,1284.0,1270.05,1271.25,1271.0,1277.65,14692,18747161.6,2135,LEGACY
2023-01-24,GLENMARK,Glenmark Pharmaceuticals,EQ,INE935A01035,419.0,419.95,412.0,413.1,412.75,418.7,258932,107406549.5,5848,LEGACY
2023-01-24,GRANULES,Granules India,EQ,INE101D01020,310.25,316.8,306.0,309.2,306.9,312.15,1826085,570862083.1,24043,LEGACY
2023-01-24,IPCALAB,IPCA Laboratories,EQ,INE571A01038,872.05,874.7,860.9,864.55,864.0,871.7,66558,57616020.45,5765,LEGACY
2023-01-24,JBCHEPHARM,JB Chemicals & Pharmaceuticals,EQ,INE572A01028,1982.0,1990.0,1956.55,1981.8,1988.2,1971.65,25692,50562400.75,2343,LEGACY
2023-01-24,LAURUSLABS,Laurus Labs,EQ,INE947Q01028,348.9,351.3,345.1,346.2,346.0,348.9,873615,304041842.85,15839,LEGACY
2023-01-24,LUPIN,Lupin,EQ,INE326A01037,766.0,766.0,750.0,752.05,754.45,765.55,325246,245885212.15,12736,LEGACY
2023-01-24,NATCOPHARM,Natco Pharma,EQ,INE987B01026,539.15,539.3,530.0,531.6,531.0,536.5,72304,38609922.0,4972,LEGACY
2023-01-24,PEL,Piramal Enterprises,EQ,INE140A01024,852.95,856.0,840.0,843.7,841.45,850.05,752410,636868569.6,25531,LEGACY
2023-01-24,PFIZER,Pfizer,EQ,INE182A01018,4107.65,4114.0,4062.0,4075.05,4065.0,4107.65,6975,28532218.4,1624,LEGACY
2023-01-24,PPLPHARMA,Piramal Pharma,EQ,INE0DK501011,111.55,112.2,108.75,109.95,109.85,111.3,1813320,199461673.75,18972,LEGACY
2023-01-24,SANOFI,Sanofi India,EQ,INE058A01010,5600.05,5634.9,5600.05,5626.75,5623.95,5626.6,3183,17899585.5,886,LEGACY
2023-01-24,STAR,Strides Pharma Science,EQ,INE939A01011,337.7,348.15,313.65,318.9,315.0,337.1,1342579,445407079.7,29875,LEGACY
2023-01-24,SUNPHARMA,Sun Pharmaceutical Industries,EQ,INE044A01036,1050.0,1050.95,1034.55,1040.7,1040.0,1049.3,2088556,2173381850.05,65750,LEGACY
2023-01-24,TORNTPHARM,Torrent Pharmaceuticals,EQ,INE685A01028,1605.6,1607.6,1578.35,1584.65,1585.95,1597.6,127685,203150181.5,20887,LEGACY
2023-01-24,WOCKPHARMA,Wockhardt,EQ,INE049B01025,215.85,217.35,212.0,212.7,212.85,214.8,328359,70308234.3,6003,LEGACY
2023-01-24,ZYDUSLIFE,Zydus Lifesciences,EQ,INE010B01027,443.0,444.2,434.3,437.1,438.85,444.3,546716,239303717.65,14131,LEGACY
2023-01-25,ABBOTINDIA,Abbott India,EQ,INE358A01014,21623.9,21689.85,21217.45,21286.8,21319.0,21642.65,8811,188280202.05,3785,LEGACY
2023-01-25,AJANTPHARM,Ajanta Pharma,EQ,INE031B01049,1199.5,1205.05,1175.05,1199.0,1197.0,1199.75,58023,69512700.85,7247,LEGACY
2023-01-25,ALKEM,Alkem Laboratories,EQ,INE540L01014,3023.9,3028.75,2983.0,3020.2,3021.0,3009.25,67844,204153503.4,7272,LEGACY
2023-01-25,APLLTD,Alembic Pharmaceuticals,EQ,INE901L01018,553.8,553.8,543.45,546.0,546.25,551.25,36187,19774056.85,3492,LEGACY
2023-01-25,AUROPHARMA,Aurobindo Pharma,EQ,INE406A01037,438.25,438.25,416.6,417.75,417.7,438.25,2350736,991317495.3,56686,LEGACY
2023-01-25,BIOCON,Biocon,EQ,INE376G01013,245.95,246.2,234.3,235.2,235.75,246.15,3603904,855428501.3,45760,LEGACY
2023-01-25,CIPLA,Cipla,EQ,INE059A01026,1064.9,1068.25,1020.0,1035.25,1039.0,1062.15,2226483,2310234268.1,90962,LEGACY
2023-01-25,DIVISLAB,Divi's Laboratories,EQ,INE361B01024,3350.05,3376.8,3303.25,3335.7,3347.15,3356.05,239083,795061778.55,29079,LEGACY
2023-01-25,DRREDDY,Dr. Reddy's Laboratories,EQ,INE089A01023,4260.0,4268.9,4175.1,4200.95,4200.0,4252.75,294042,1235930416.3,26419,LEGACY
2023-01-25,GLAND,Gland Pharma,EQ,INE068V01023,1355.0,1453.0,1328.85,1342.35,1329.2,1354.95,2760146,3862815948.15,115456,LEGACY
2023-01-25,GLAXO,GlaxoSmithKline Pharmaceuticals,EQ,INE159A01016,1271.75,1282.0,1260.1,1262.1,1262.0,1271.25,31463,39907422.4,3392,LEGACY
2023-01-25,GLENMARK,Glenmark Pharmaceuticals,EQ,INE935A01035,413.1,414.05,398.0,398.85,399.5,413.1,654845,263850111.15,12511,LEGACY
2023-01-25,GRANULES,Granules India,EQ,INE101D01020,308.9,308.9,288.0,288.9,289.45,309.2,2430714,710698753.75,33582,LEGACY
2023-01-25,IPCALAB,IPCA Laboratories,EQ,INE571A01038,861.5,869.3,846.0,862.4,859.95,864.55,180221,154663814.2,9530,LEGACY
2023-01-25,JBCHEPHARM,JB Chemicals & Pharmaceuticals,EQ,INE572A01028,1979.3,2025.0,1965.5,2003.7,1999.0,1981.8,48658,97348019.25,5757,LEGACY
2023-01-25,LAURUSLABS,Laurus Labs,EQ,INE947Q01028,346.0,346.2,339.4,342.2,341.0,346.2,1569346,536385309.5,37560,LEGACY
2023-01-25,LUPIN,Lupin,EQ,INE326A01037,754.0,754.0,740.0,747.2,745.0,752.05,677388,505520220.6,16072,LEGACY
2023-01-25,NATCOPHARM,Natco Pharma,EQ,INE987B01026,531.6,532.5,526.1,528.25,528.0,531.6,72366,38209446.15,5486,LEGACY
2023-01-25,PEL,Piramal Enterprises,EQ,INE140A01024,843.6,845.2,817.15,824.5,825.0,843.7,793680,657848372.1,24522,LEGACY
2023-01-25,PFIZER,Pfizer,EQ,INE182A01018,4065.0,4075.1,4001.0,4010.95,4016.9,4075.05,6420,25888245.1,1649,LEGACY
2023-01-25,PPLPHARMA,Piramal Pharma,EQ,INE0DK501011,109.0,110.0,106.9,108.3,108.5,109.95,1288115,139344730.65,14827,LEGACY
2023-01-25,SANOFI,Sanofi India,EQ,INE058A01010,5626.95,5637.2,5599.0,5626.85,5619.05,5626.75,4561,25576115.4,1003,LEGACY
2023-01-25,STAR,Strides Pharma Science,EQ,INE939A01011,324.3,332.85,314.35,322.65,322.0,318.9,753289,244850200.45,18675,LEGACY
2023-01-25,SUNPHARMA,Sun Pharmaceutical Industries,EQ,INE044A01036,1030.3,1045.65,1030.3,1040.05,1045.65,1040.7,1753333,1818086719.5,71633,LEGACY
2023-01-25,TORNTPHARM,Torrent Pharmaceuticals,EQ,INE685A01028,1585.7,1589.9,1548.55,1556.75,1553.0,1584.65,158709,247976722.3,12224,LEGACY
2023-01-25,WOCKPHARMA,Wockhardt,EQ,INE049B01025,212.5,213.1,203.35,204.5,204.9,212.7,876779,180401151.5,12333,LEGACY
2023-01-25,ZYDUSLIFE,Zydus Lifesciences,EQ,INE010B01027,438.0,438.55,425.3,426.65,428.0,437.1,750786,321839158.05,19793,LEGACY
2023-01-27,ABBOTINDIA,Abbott India,EQ,INE358A01014,21250.0,21395.85,21092.0,21212.15,21160.5,21286.8,6306,133762250.4,2612,LEGACY
2023-01-27,AJANTPHARM,Ajanta Pharma,EQ,INE031B01049,1200.0,1208.35,1172.0,1184.35,1186.0,1199.0,32799,38840518.75,5254,LEGACY
2023-01-27,ALKEM,Alkem Laboratories,EQ,INE540L01014,3022.8,3040.0,2985.0,3000.7,3000.0,3020.2,42885,128654717.65,7884,LEGACY
2023-01-27,APLLTD,Alembic Pharmaceuticals,EQ,INE901L01018,542.1,551.05,532.0,538.6,544.9,546.0,58259,31443942.25,4829,LEGACY
2023-01-27,AUROPHARMA,Aurobindo Pharma,EQ,INE406A01037,418.25,423.6,409.0,416.35,419.1,417.75,1407633,583344165.4,33527,LEGACY
2023-01-27,BIOCON,Biocon,EQ,INE376G01013,237.0,240.0,232.65,235.5,235.95,235.2,6734102,1592884600.7,53662,LEGACY
2023-01-27,CIPLA,Cipla,EQ,INE059A01026,1023.25,1072.95,1023.25,1047.25,1049.95,1035.25,2947920,3103983698.15,110049,LEGACY
2023-01-27,DIVISLAB,Divi's Laboratories,EQ,INE361B01024,3359.6,3405.0,3315.05,3387.45,3378.0,3335.7,326612,1102622847.2,49477,LEGACY
2023-01-27,DRREDDY,Dr. Reddy's Laboratories,EQ,INE089A01023,4280.0,4380.9,4253.35,4314.0,4312.45,4200.95,956288,4133832638.2,85055,LEGACY
2023-01-27,GLAND,Gland Pharma,EQ,INE068V01023,1345.4,1376.0,1332.9,1356.5,1355.0,1342.35,1232427,1665923666.9,37497,LEGACY
2023-01-27,GLAXO,GlaxoSmithKline Pharmaceuticals,EQ,INE159A01016,1268.7,1273.95,1257.0,1263.0,1263.0,1262.1,170225,215000776.15,3259,LEGACY
2023-01-27,GLENMARK,Glenmark Pharmaceuticals,EQ,INE935A01035,399.0,405.75,379.75,381.25,382.2,398.85,1203872,467239662.45,34607,LEGACY
2023-01-27,GRANULES,Granules India,EQ,INE101D01020,289.0,292.4,278.6,283.8,284.85,288.9,1376711,391177118.35,26576,LEGACY
2023-01-27,IPCALAB,IPCA Laboratories,EQ,INE571A01038,860.45,866.35,844.0,851.5,850.0,862.4,252075,216766517.05,11251,LEGACY
2023-01-27,JBCHEPHARM,JB Chemicals & Pharmaceuticals,EQ,INE572A01028,2000.6,2045.0,1977.1,2031.45,2031.0,2003.7,89232,180765397.0,15323,LEGACY
2023-01-27,LAURUSLABS,Laurus Labs,EQ,INE947Q01028,342.2,347.65,337.0,341.85,342.5,342.2,1075642,366425175.9,22779,LEGACY
2023-01-27,LUPIN,Lupin,EQ,INE326A01037,745.0,753.0,738.25,742.1,740.0,747.2,437112,325246191.4,17515,LEGACY
2023-01-27,NATCOPHARM,Natco Pharma,EQ,INE987B01026,531.9,538.95,530.15,535.45,538.95,528.25,116883,62321070.0,6131,LEGACY
2023-01-27,PEL,Piramal Enterprises,EQ,INE140A01024,828.65,836.95,801.35,809.8,811.5,824.5,636690,517915274.75,28841,LEGACY
2023-01-27,PFIZER,Pfizer,EQ,INE182A01018,4032.1,4043.85,3985.0,4001.55,3999.0,4010.95,9503,38023984.1,2160,LEGACY
2023-01-27,PPLPHARMA,Piramal Pharma,EQ,INE0DK501011,108.3,108.3,101.9,102.85,102.95,108.3,2677180,280426710.95,30314,LEGACY
2023-01-27,SANOFI,Sanofi India,EQ,INE058A01010,5638.0,5638.0,5550.45,5585.95,5599.0,5626.85,8039,44827718.45,2226,LEGACY
2023-01-27,STAR,Strides Pharma Science,EQ,INE939A01011,321.5,324.3,308.05,309.5,308.05,322.65,255127,79848301.6,8030,LEGACY
2023-01-27,SUNPHARMA,Sun Pharmaceutical Industries,EQ,INE044A01036,1044.95,1051.0,1034.0,1043.4,1038.0,1040.05,3448013,3592574126.65,77941,LEGACY
2023-01-27,TORNTPHARM,Torrent Pharmaceuticals,EQ,INE685A01028,1553.0,1553.0,1507.5,1537.4,1539.0,1556.75,244424,373800887.85,32578,LEGACY
2023-01-27,WOCKPHARMA,Wockhardt,EQ,INE049B01025,205.4,206.7,195.0,197.8,197.75,204.5,882881,175526749.95,15228,LEGACY
2023-01-27,ZYDUSLIFE,Zydus Lifesciences,EQ,INE010B01027,426.05,433.95,421.3,430.3,431.95,426.65,1307641,558371215.25,30027,LEGACY
2023-01-30,ABBOTINDIA,Abbott India,EQ,INE358A01014,21100.0,21370.0,20882.55,20985.7,21100.0,21212.15,10890,229516861.65,3603,LEGACY
2023-01-30,AJANTPHARM,Ajanta Pharma,EQ,INE031B01049,1184.35,1216.0,1181.8,1204.5,1210.0,1184.35,176625,212101982.75,20064,LEGACY
2023-01-30,ALKEM,Alkem Laboratories,EQ,INE540L01014,2999.0,3017.75,2980.0,3001.5,2992.55,3000.7,30753,92315993.0,7076,LEGACY
2023-01-30,APLLTD,Alembic Pharmaceuticals,EQ,INE901L01018,538.6,546.0,535.4,536.6,536.05,538.6,26157,14140501.85,2777,LEGACY
2023-01-30,AUROPHARMA,Aurobindo Pharma,EQ,INE406A01037,416.35,418.5,409.3,411.35,411.8,416.35,1228760,506678368.85,41972,LEGACY
2023-01-30,BIOCON,Biocon,EQ,INE376G01013,235.5,236.0,229.65,233.45,234.2,235.5,1975246,459242356.15,39128,LEGACY
2023-01-30,CIPLA,Cipla,EQ,INE059A01026,1057.0,1057.0,1028.5,1034.4,1036.5,1047.25,2118395,2200416085.4,88199,LEGACY
2023-01-30,DIVISLAB,Divi's Laboratories,EQ,INE361B01024,3399.95,3405.05,3352.45,3366.4,3371.0,3387.45,292148,984746410.05,35654,LEGACY
2023-01-30,DRREDDY,Dr. Reddy's Laboratories,EQ,INE089A01023,4319.95,4339.45,4284.95,4328.8,4329.9,4314.0,374737,1617126362.6,51789,LEGACY
2023-01-30,GLAND,Gland Pharma,EQ,INE068V01023,1358.35,1360.5,1307.45,1310.55,1311.0,1356.5,500393,659606530.7,38376,LEGACY
2023-01-30,GLAXO,GlaxoSmithKline Pharmaceuticals,EQ,INE159A01016,1261.0,1271.9,1255.0,1257.65,1256.0,1263.0,20511,25891057.15,4429,LEGACY
2023-01-30,GLENMARK,Glenmark Pharmaceuticals,EQ,INE935A01035,383.15,383.15,369.05,371.15,372.6,381.25,1191847,445102673.55,25446,LEGACY
2023-01-30,GRANULES,Granules India,EQ,INE101D01020,286.0,293.75,280.45,291.35,291.75,283.8,1820856,527456190.25,39900,LEGACY
2023-01-30,IPCALAB,IPCA Laboratories,EQ,INE571A01038,857.3,864.0,847.6,858.4,855.0,851.5,207670,178724269.0,11553,LEGACY
2023-01-30,JBCHEPHARM,JB Chemicals & Pharmaceuticals,EQ,INE572A01028,2030.95,2040.0,1982.55,2028.1,2001.25,2031.45,96117,194185007.5,9012,LEGACY
2023-01-30,LAURUSLABS,Laurus Labs,EQ,INE947Q01028,342.5,360.0,338.0,341.8,342.0,341.85,3218852,1120332177.55,59627,LEGACY
2023-01-30,LUPIN,Lupin,EQ,INE326A01037,737.7,749.8,730.55,734.7,737.5,742.1,631438,465486123.0,22864,LEGACY
2023-01-30,NATCOPHARM,Natco Pharma,EQ,INE987B01026,535.45,538.6,529.35,532.9,534.0,535.45,145400,77450111.25,6211,LEGACY
2023-01-30,PEL,Piramal Enterprises,EQ,INE140A01024,809.8,838.45,805.5,817.35,818.0,809.8,578163,475377000.5,27223,LEGACY
2023-01-30,PFIZER,Pfizer,EQ,INE182A01018,4039.95,4039.95,3930.0,3945.8,3940.0,4001.55,11665,46316382.35,3476,LEGACY
2023-01-30,PPLPHARMA,Piramal Pharma,EQ,INE0DK501011,102.7,105.25,101.4,102.0,101.55,102.85,3386768,350271554.85,27410,LEGACY
2023-01-30,SANOFI,Sanofi India,EQ,INE058A01010,5619.9,5619.9,5511.2,5518.3,5520.0,5585.95,10843,60006947.95,2946,LEGACY
2023-01-30,STAR,Strides Pharma Science,EQ,INE939A01011,309.5,312.7,296.4,298.65,299.4,309.5,446297,134104943.4,9586,LEGACY
2023-01-30,SUNPHARMA,Sun Pharmaceutical Industries,EQ,INE044A01036,1041.95,1072.15,1040.2,1051.7,1053.35,1043.4,3320916,3505585712.65,100859,LEGACY
2023-01-30,TORNTPHARM,Torrent Pharmaceuticals,EQ,INE685A01028,1542.85,1564.75,1532.55,1547.9,1555.0,1537.4,352768,546428446.2,19853,LEGACY
2023-01-30,WOCKPHARMA,Wockhardt,EQ,INE049B01025,197.75,202.9,195.1,198.7,199.8,197.8,450220,89537817.85,9021,LEGACY
2023-01-30,ZYDUSLIFE,Zydus Lifesciences,EQ,INE010B01027,433.0,438.8,425.8,427.95,428.8,430.3,673077,289521329.3,23285,LEGACY
2023-01-31,ABBOTINDIA,Abbott India,EQ,INE358A01014,20985.75,21223.4,20754.55,20817.05,20899.0,20985.7,9022,189049360.65,3528,LEGACY
2023-01-31,AJANTPHARM,Ajanta Pharma,EQ,INE031B01049,1210.8,1216.6,1194.2,1209.8,1210.0,1204.5,84303,101943199.25,9714,LEGACY
2023-01-31,ALKEM,Alkem Laboratories,EQ,INE540L01014,2983.0,3017.95,2983.0,3011.3,3015.0,3001.5,94418,283413565.45,9456,LEGACY
2023-01-31,APLLTD,Alembic Pharmaceuticals,EQ,INE901L01018,534.25,540.0,534.25,538.25,539.5,536.6,28334,15238805.3,2781,LEGACY
2023-01-31,AUROPHARMA,Aurobindo Pharma,EQ,INE406A01037,413.4,414.2,407.05,408.15,409.0,411.35,2751698,1126493615.6,45909,LEGACY
2023-01-31,BIOCON,Biocon,EQ,INE376G01013,235.0,236.0,232.45,235.05,236.0,233.45,1215429,285361222.15,20077,LEGACY
2023-01-31,CIPLA,Cipla,EQ,INE059A01026,1043.0,1043.0,1007.5,1017.95,1020.0,1034.4,2705095,2761197668.15,104545,LEGACY
2023-01-31,DIVISLAB,Divi's Laboratories,EQ,INE361B01024,3375.0,3381.15,3309.75,3315.3,3323.05,3366.4,512249,1705053420.7,55912,LEGACY
2023-01-31,DRREDDY,Dr. Reddy's Laboratories,EQ,INE089A01023,4345.0,4376.7,4293.3,4324.15,4340.0,4328.8,631941,2734865190.05,79031,LEGACY
2023-01-31,GLAND,Gland Pharma,EQ,INE068V01023,1311.0,1328.9,1300.0,1301.0,1301.0,1310.55,455983,594348491.0,25422,LEGACY
2023-01-31,GLAXO,GlaxoSmithKline Pharmaceuticals,EQ,INE159A01016,1255.0,1275.9,1245.0,1246.2,1246.0,1257.65,53037,66665647.6,7199,LEGACY
2023-01-31,GLENMARK,Glenmark Pharmaceuticals,EQ,INE935A01035,374.9,385.0,372.5,384.0,384.0,371.15,629867,239526026.15,20938,LEGACY
2023-01-31,GRANULES,Granules India,EQ,INE101D01020,294.3,297.5,292.0,295.65,295.95,291.35,803845,237253515.85,23440,LEGACY
2023-01-31,IPCALAB,IPCA Laboratories,EQ,INE571A01038,863.3,863.3,845.0,849.85,851.75,858.4,174004,148460865.8,8562,LEGACY
2023-01-31,JBCHEPHARM,JB Chemicals & Pharmaceuticals,EQ,INE572A01028,2028.1,2048.7,1992.2,2042.9,2041.9,2028.1,24194,48963422.0,5066,LEGACY
2023-01-31,LAURUSLABS,Laurus Labs,EQ,INE947Q01028,341.0,341.0,324.05,330.3,330.9,341.8,5434023,1795384656.9,90140,LEGACY
2023-01-31,LUPIN,Lupin,EQ,INE326A01037,738.45,749.35,727.3,737.3,737.85,734.7,1093687,808769265.6,34831,LEGACY
2023-01-31,NATCOPHARM,Natco Pharma,EQ,INE987B01026,532.0,535.25,528.35,533.05,535.25,532.9,293966,156575756.25,11138,LEGACY
2023-01-31,PEL,Piramal Enterprises,EQ,INE140A01024,818.0,862.45,816.8,859.9,858.0,817.35,1244259,1058008063.3,51222,LEGACY
2023-01-31,PFIZER,Pfizer,EQ,INE182A01018,3940.0,3953.95,3850.05,3869.15,3868.9,3945.8,20021,77772396.8,5146,LEGACY
2023-01-31,PPLPHARMA,Piramal Pharma,EQ,INE0DK501011,102.0,107.5,102.0,104.95,104.9,102.0,5122152,537582230.7,22027,LEGACY
2023-01-31,SANOFI,Sanofi India,EQ,INE058A01010,5524.95,5542.4,5475.3,5498.65,5500.0,5518.3,17566,96527603.55,8141,LEGACY
2023-01-31,STAR,Strides Pharma Science,EQ,INE939A01011,300.1,300.15,292.4,295.55,296.0,298.65,259238,76883451.2,8941,LEGACY
2023-01-31,SUNPHARMA,Sun Pharmaceutical Industries,EQ,INE044A01036,1055.0,1060.3,1026.05,1034.5,1037.05,1051.7,5265462,5459193190.45,169272,LEGACY
2023-01-31,TORNTPHARM,Torrent Pharmaceuticals,EQ,INE685A01028,1556.0,1559.4,1512.2,1521.75,1523.0,1547.9,376971,574121994.3,36305,LEGACY
2023-01-31,WOCKPHARMA,Wockhardt,EQ,INE049B01025,199.95,207.8,199.0,206.15,206.75,198.7,444303,90243206.3,7586,LEGACY
2023-01-31,ZYDUSLIFE,Zydus Lifesciences,EQ,INE010B01027,427.95,434.2,425.7,431.55,430.2,427.95,403639,174126881.55,15157,LEGACY
2023-02-01,ABBOTINDIA,Abbott India,EQ,INE358A01014,20926.6,21245.85,20585.8,20700.45,20700.0,20817.05,10839,226746797.15,3839,LEGACY
2023-02-01,AJANTPHARM,Ajanta Pharma,EQ,INE031B01049,1214.45,1214.5,1174.0,1187.7,1180.3,1209.8,20778,24809428.25,5168,LEGACY
2023-02-01,ALKEM,Alkem Laboratories,EQ,INE540L01014,3020.5,3045.0,3011.3,3030.45,3016.0,3011.3,31174,94251349.7,5856,LEGACY
2023-02-01,APLLTD,Alembic Pharmaceuticals,EQ,INE901L01018,540.95,554.2,535.05,539.65,544.1,538.25,39032,21257105.9,3779,LEGACY
2023-02-01,AUROPHARMA,Aurobindo Pharma,EQ,INE406A01037,410.0,426.0,408.65,412.7,411.95,408.15,2601213,1088161332.1,43553,LEGACY
2023-02-01,BIOCON,Biocon,EQ,INE376G01013,237.0,243.95,236.35,239.7,239.2,235.05,3814127,919874623.5,44788,LEGACY
2023-02-01,CIPLA,Cipla,EQ,INE059A01026,1019.0,1035.9,1015.1,1032.05,1033.0,1017.95,1598213,1644274760.75,86267,LEGACY
2023-02-01,DIVISLAB,Divi's Laboratories,EQ,INE361B01024,3332.15,3419.0,3300.3,3356.85,3346.3,3315.3,501235,1687133824.85,53227,LEGACY
2023-02-01,DRREDDY,Dr. Reddy's Laboratories,EQ,INE089A01023,4341.0,4380.0,4310.25,4351.5,4350.0,4324.15,405454,1761347042.75,45187,LEGACY
2023-02-01,GLAND,Gland Pharma,EQ,INE068V01023,1305.0,1318.15,1252.0,1262.4,1260.0,1301.0,503901,646280277.6,32567,LEGACY
2023-02-01,GLAXO,GlaxoSmithKline Pharmaceuticals,EQ,INE159A01016,1254.95,1267.7,1241.5,1250.0,1244.0,1246.2,33879,42473740.1,6068,LEGACY
2023-02-01,GLENMARK,Glenmark Pharmaceuticals,EQ,INE935A01035,386.7,394.5,378.8,382.7,382.45,384.0,707148,274532988.05,21648,LEGACY
2023-02-01,GRANULES,Granules India,EQ,INE101D01020,296.4,299.4,287.15,291.5,292.8,295.65,740242,217457551.4,14656,LEGACY
2023-02-01,IPCALAB,IPCA Laboratories,EQ,INE571A01038,848.95,860.6,848.9,853.45,854.0,849.85,152975,130670244.1,8596,LEGACY
2023-02-01,JBCHEPHARM,JB Chemicals & Pharmaceuticals,EQ,INE572A01028,2037.9,2064.8,1993.75,2020.8,2020.0,2042.9,42406,85478708.85,5654,LEGACY
2023-02-01,LAURUSLABS,Laurus Labs,EQ,INE947Q01028,330.4,347.8,329.2,334.1,335.0,330.3,2865470,975115805.35,58388,LEGACY
2023-02-01,LUPIN,Lupin,EQ,INE326A01037,740.0,750.5,728.15,737.4,733.2,737.3,355127,263614378.0,12655,LEGACY
2023-02-01,NATCOPHARM,Natco Pharma,EQ,INE987B01026,533.05,539.0,526.9,529.2,531.5,533.05,93149,49691519.85,5671,LEGACY
2023-02-01,PEL,Piramal Enterprises,EQ,INE140A01024,866.95,876.85,828.3,844.8,844.75,859.9,1001849,863122142.35,44715,LEGACY
2023-02-01,PFIZER,Pfizer,EQ,INE182A01018,3884.35,3899.0,3800.0,3821.15,3819.9,3869.15,11869,45756725.45,3046,LEGACY
2023-02-01,PPLPHARMA,Piramal Pharma,EQ,INE0DK501011,105.7,105.8,99.8,100.45,100.5,104.95,1964984,201641428.7,23948,LEGACY
2023-02-01,SANOFI,Sanofi India,EQ,INE058A01010,5499.0,5527.15,5425.05,5448.05,5455.0,5498.65,11514,63049710.8,3620,LEGACY
2023-02-01,STAR,Strides Pharma Science,EQ,INE939A01011,297.95,303.85,281.0,284.55,286.5,295.55,636413,186482049.65,17265,LEGACY
2023-02-01,SUNPHARMA,Sun Pharmaceutical Industries,EQ,INE044A01036,1036.45,1043.95,1005.1,1014.9,1015.0,1034.5,4717887,4781808031.3,170127,LEGACY
2023-02-01,TORNTPHARM,Torrent Pharmaceuticals,EQ,INE685A01028,1529.8,1548.8,1513.7,1535.8,1540.0,1521.75,436114,665303337.65,31581,LEGACY
2023-02-01,WOCKPHARMA,Wockhardt,EQ,INE049B01025,206.2,208.3,196.25,199.05,199.35,206.15,373928,75788998.95,8823,LEGACY
2023-02-01,ZYDUSLIFE,Zydus Lifesciences,EQ,INE010B01027,434.1,444.5,430.85,435.45,437.0,431.55,1197903,525565098.9,25121,LEGACY
2023-02-02,ABBOTINDIA,Abbott India,EQ,INE358A01014,20771.65,20867.95,20411.0,20480.3,20418.15,20700.45,14828,306582505.4,6216,LEGACY
2023-02-02,AJANTPHARM,Ajanta Pharma,EQ,INE031B01049,1165.25,1218.0,1151.35,1191.5,1189.0,1187.7,79256,94850363.6,14560,LEGACY
2023-02-02,ALKEM,Alkem Laboratories,EQ,INE540L01014,3015.0,3086.2,3015.0,3076.05,3075.0,3030.45,107388,328518661.9,4550,LEGACY
2023-02-02,APLLTD,Alembic Pharmaceuticals,EQ,INE901L01018,534.0,547.75,534.0,540.95,539.2,539.65,120679,65344425.25,10860,LEGACY
2023-02-02,AUROPHARMA,Aurobindo Pharma,EQ,INE406A01037,411.45,414.55,408.0,410.05,410.3,412.7,981009,403286676.1,26053,LEGACY
2023-02-02,BIOCON,Biocon,EQ,INE376G01013,238.5,241.7,236.8,239.25,239.4,239.7,1593164,381066492.1,17250,LEGACY
2023-02-02,CIPLA,Cipla,EQ,INE059A01026,1026.1,1032.8,1017.3,1025.3,1023.05,1032.05,1291262,1322327527.4,64352,LEGACY
2023-02-02,DIVISLAB,Divi's Laboratories,EQ,INE361B01024,3328.05,3369.5,3254.85,3267.0,3268.0,3356.85,334618,1105052249.1,45241,LEGACY
2023-02-02,DRREDDY,Dr. Reddy's Laboratories,EQ,INE089A01023,4313.0,4379.05,4291.55,4370.1,4360.0,4351.5,389355,1693198355.5,34924,LEGACY
2023-02-02,GLAND,Gland Pharma,EQ,INE068V01023,1256.4,1283.05,1217.2,1276.1,1280.0,1262.4,400821,501599244.6,28728,LEGACY
2023-02-02,GLAXO,GlaxoSmithKline Pharmaceuticals,EQ,INE159A01016,1252.0,1252.0,1231.0,1235.25,1236.0,1250.0,19940,24784782.3,4258,LEGACY
2023-02-02,GLENMARK,Glenmark Pharmaceuticals,EQ,INE935A01035,382.5,392.95,382.3,389.1,389.0,382.7,556000,216038212.45,20621,LEGACY
2023-02-02,GRANULES,Granules India,EQ,INE101D01020,292.5,296.25,287.8,288.6,290.25,291.5,1142240,332116985.75,21446,LEGACY
2023-02-02,IPCALAB,IPCA Laboratories,EQ,INE571A01038,845.55,870.0,845.55,857.05,858.5,853.45,202467,173906345.9,10090,LEGACY
2023-02-02,JBCHEPHARM,JB Chemicals & Pharmaceuticals,EQ,INE572A01028,2000.0,2084.9,2000.0,2040.05,2041.25,2020.8,63262,129409451.2,8187,LEGACY
2023-02-02,LAURUSLABS,Laurus Labs,EQ,INE947Q01028,332.5,343.9,332.5,339.0,339.8,334.1,1114191,378082543.95,24079,LEGACY
2023-02-02,LUPIN,Lupin,EQ,INE326A01037,735.0,743.9,730.5,742.0,741.9,737.4,517666,382705540.7,17710,LEGACY
2023-02-02,NATCOPHARM,Natco Pharma,EQ,INE987B01026,530.0,546.9,502.0,525.75,532.0,529.2,823327,426892897.4,38283,LEGACY
2023-02-02,PEL,Piramal Enterprises,EQ,INE140A01024,840.05,860.1,826.2,851.75,851.2,844.8,1337320,1127826059.35,58638,LEGACY
2023-02-02,PFIZER,Pfizer,EQ,INE182A01018,3841.3,3890.0,3810.05,3854.85,3850.0,3821.15,31758,122305224.4,1964,LEGACY
2023-02-02,PPLPHARMA,Piramal Pharma,EQ,INE0DK501011,100.45,104.0,99.1,100.0,100.0,100.45,1994647,202531729.05,22449,LEGACY
2023-02-02,SANOFI,Sanofi India,EQ,INE058A01010,5448.05,5450.15,5400.05,5408.2,5418.0,5448.05,7915,42852761.05,2538,LEGACY
2023-02-02,STAR,Strides Pharma Science,EQ,INE939A01011,285.8,309.85,285.7,301.5,302.95,284.55,1218668,368994058.6,30780,LEGACY
2023-02-02,SUNPHARMA,Sun Pharmaceutical Industries,EQ,INE044A01036,1009.95,1015.7,993.0,1007.6,1005.2,1014.9,2117181,2126792888.0,80409,LEGACY
2023-02-02,TORNTPHARM,Torrent Pharmaceuticals,EQ,INE685A01028,1525.4,1546.75,1517.6,1541.05,1540.85,1535.8,257833,395736198.85,28800,LEGACY
2023-02-02,WOCKPHARMA,Wockhardt,EQ,INE049B01025,200.0,203.0,196.55,197.85,198.5,199.05,360575,71946059.8,8978,LEGACY
2023-02-02,ZYDUSLIFE,Zydus Lifesciences,EQ,INE010B01027,434.0,440.95,430.6,432.85,433.35,435.45,425003,184819997.25,12684,LEGACY
2023-02-03,ABBOTINDIA,Abbott India,EQ,INE358A01014,20500.0,20925.3,20436.65,20872.25,20800.0,20480.3,7409,153652342.1,2921,LEGACY
2023-02-03,AJANTPHARM,Ajanta Pharma,EQ,INE031B01049,1180.7,1193.45,1165.45,1174.75,1165.45,1191.5,37410,44006096.0,7387,LEGACY
2023-02-03,ALKEM,Alkem Laboratories,EQ,INE540L01014,3085.0,3085.0,3032.2,3051.25,3050.0,3076.05,93856,287049844.15,8174,LEGACY
2023-02-03,APLLTD,Alembic Pharmaceuticals,EQ,INE901L01018,541.0,541.05,525.25,535.15,536.5,540.95,148702,79376579.65,11235,LEGACY
2023-02-03,AUROPHARMA,Aurobindo Pharma,EQ,INE406A01037,410.65,411.8,397.2,404.2,403.75,410.05,1462669,588922830.5,30880,LEGACY
2023-02-03,BIOCON,Biocon,EQ,INE376G01013,239.95,240.0,230.25,233.25,233.3,239.25,1479173,345485672.4,25036,LEGACY
2023-02-03,CIPLA,Cipla,EQ,INE059A01026,1022.0,1027.8,1010.5,1022.3,1024.95,1025.3,1617105,1649749403.75,75173,LEGACY
2023-02-03,DIVISLAB,Divi's Laboratories,EQ,INE361B01024,3270.0,3270.0,2795.0,2884.35,2875.0,3267.0,4486682,13153709719.25,295635,LEGACY
2023-02-03,DRREDDY,Dr. Reddy's Laboratories,EQ,INE089A01023,4375.0,4429.9,4318.2,4358.35,4361.75,4370.1,374979,1642428766.2,45983,LEGACY
2023-02-03,GLAND,Gland Pharma,EQ,INE068V01023,1280.0,1280.0,1195.0,1211.3,1211.6,1276.1,433825,530824687.85,45586,LEGACY
2023-02-03,GLAXO,GlaxoSmithKline Pharmaceuticals,EQ,INE159A01016,1237.1,1248.9,1231.0,1245.1,1246.0,1235.25,18635,23099789.5,3866,LEGACY
2023-02-03,GLENMARK,Glenmark Pharmaceuticals,EQ,INE935A01035,389.0,391.1,381.25,385.8,386.2,389.1,388034,149497094.75,11569,LEGACY
2023-02-03,GRANULES,Granules India,EQ,INE101D01020,290.05,293.65,286.3,292.05,291.5,288.6,928424,270584078.45,11909,LEGACY
2023-02-03,IPCALAB,IPCA Laboratories,EQ,INE571A01038,855.0,863.5,843.85,855.8,859.0,857.05,395022,335459121.8,12480,LEGACY
2023-02-03,JBCHEPHARM,JB Chemicals & Pharmaceuticals,EQ,INE572A01028,2040.85,2072.25,2019.05,2059.65,2050.0,2040.05,40199,82519376.7,5612,LEGACY
2023-02-03,LAURUSLABS,Laurus Labs,EQ,INE947Q01028,340.9,340.9,327.55,331.4,331.0,339.0,1382874,457952257.95,27854,LEGACY
2023-02-03,LUPIN,Lupin,EQ,INE326A01037,742.1,747.3,733.05,739.4,744.0,742.0,383860,283974566.9,20510,LEGACY
2023-02-03,NATCOPHARM,Natco Pharma,EQ,INE987B01026,528.85,536.9,522.35,526.8,527.15,525.75,168217,88690178.65,11032,LEGACY
2023-02-03,PEL,Piramal Enterprises,EQ,INE140A01024,860.0,878.4,852.15,875.8,876.25,851.75,980296,850184746.05,36114,LEGACY
2023-02-03,PFIZER,Pfizer,EQ,INE182A01018,3854.95,3890.0,3852.25,3872.65,3883.85,3854.85,5795,22404088.0,1797,LEGACY
2023-02-03,PPLPHARMA,Piramal Pharma,EQ,INE0DK501011,100.1,103.3,97.3,100.6,100.1,100.0,2187288,217733353.4,19634,LEGACY
2023-02-03,SANOFI,Sanofi India,EQ,INE058A01010,5415.0,5433.9,5343.2,5353.6,5350.0,5408.2,12092,64978428.2,3748,LEGACY
2023-02-03,STAR,Strides Pharma Science,EQ,INE939A01011,303.0,304.5,294.5,296.25,297.45,301.5,236620,70573498.0,6575,LEGACY
2023-02-03,SUNPHARMA,Sun Pharmaceutical Industries,EQ,INE044A01036,1007.0,1032.45,1001.65,1028.15,1027.0,1007.6,2332076,2376975684.7,83676,LEGACY
2023-02-03,TORNTPHARM,Torrent Pharmaceuticals,EQ,INE685A01028,1537.0,1550.0,1522.9,1531.9,1544.0,1541.05,143346,219336398.65,20412,LEGACY
2023-02-03,WOCKPHARMA,Wockhardt,EQ,INE049B01025,198.9,202.65,192.2,194.35,194.3,197.85,523079,102477692.55,9944,LEGACY
2023-02-03,ZYDUSLIFE,Zydus Lifesciences,EQ,INE010B01027,433.95,442.0,426.6,434.65,434.75,432.85,1461408,634113641.3,37474,LEGACY
2023-02-06,ABBOTINDIA,Abbott India,EQ,INE358A01014,20872.05,20999.9,20650.0,20869.75,20825.05,20872.25,4263,88796848.05,2160,LEGACY
2023-02-06,AJANTPHARM,Ajanta Pharma,EQ,INE031B01049,1177.15,1179.2,1155.8,1162.7,1160.1,1174.75,17270,20133462.65,3731,LEGACY
2023-02-06,ALKEM,Alkem Laboratories,EQ,INE540L01014,3051.95,3105.95,3040.55,3068.3,3062.0,3051.25,43953,135315739.7,9773,LEGACY
2023-02-06,APLLTD,Alembic Pharmaceuticals,EQ,INE901L01018,535.15,536.0,527.0,528.3,527.0,535.15,70799,37477500.95,3883,LEGACY
2023-02-06,AUROPHARMA,Aurobindo Pharma,EQ,INE406A01037,404.0,418.65,403.85,415.0,415.0,404.2,1399510,578983546.15,35704,LEGACY
2023-02-06,BIOCON,Biocon,EQ,INE376G01013,233.0,244.85,231.75,241.05,241.5,233.25,3621954,873489361.1,45806,LEGACY
2023-02-06,CIPLA,Cipla,EQ,INE059A01026,1020.0,1033.6,1010.15,1029.8,1031.55,1022.3,979035,1002096179.15,95061,LEGACY
2023-02-06,DIVISLAB,Divi's Laboratories,EQ,INE361B01024,2810.0,2878.1,2745.0,2778.0,2781.0,2884.35,2195618,6107971718.95,245267,LEGACY
2023-02-06,DRREDDY,Dr. Reddy's Laboratories,EQ,INE089A01023,4380.15,4380.15,4285.0,4349.55,4350.0,4358.35,303221,1316140588.4,42093,LEGACY
2023-02-06,GLAND,Gland Pharma,EQ,INE068V01023,1212.0,1212.0,1167.0,1172.7,1174.95,1211.3,496727,588943706.2,37812,LEGACY
2023-02-06,GLAXO,GlaxoSmithKline Pharmaceuticals,EQ,INE159A01016,1247.1,1254.95,1235.0,1237.85,1238.7,1245.1,23210,28833076.85,3244,LEGACY
2023-02-06,GLENMARK,Glenmark Pharmaceuticals,EQ,INE935A01035,388.0,400.9,386.25,399.05,399.6,385.8,764350,302948225.45,20950,LEGACY
2023-02-06,GRANULES,Granules India,EQ,INE101D01020,291.8,297.85,287.0,288.6,288.5,292.05,896484,261809924.2,11141,LEGACY
2023-02-06,IPCALAB,IPCA Laboratories,EQ,INE571A01038,855.25,862.7,850.05,859.1,860.95,855.8,64958,55655273.6,6980,LEGACY
2023-02-06,JBCHEPHARM,JB Chemicals & Pharmaceuticals,EQ,INE572A01028,2059.65,2069.4,2005.0,2020.2,2005.5,2059.65,20111,41011057.95,3984,LEGACY
2023-02-06,LAURUSLABS,Laurus Labs,EQ,INE947Q01028,333.1,336.2,328.15,333.95,333.0,331.4,1070995,356952798.65,18758,LEGACY
2023-02-06,LUPIN,Lupin,EQ,INE326A01037,738.95,753.7,733.25,745.15,746.4,739.4,549673,409875871.55,16732,LEGACY
2023-02-06,NATCOPHARM,Natco Pharma,EQ,INE987B01026,528.2,538.4,525.35,529.1,527.25,526.8,195974,103995328.5,8995,LEGACY
2023-02-06,PEL,Piramal Enterprises,EQ,INE140A01024,875.8,882.0,832.6,845.1,841.7,875.8,1212425,1025777079.9,44085,LEGACY
2023-02-06,PFIZER,Pfizer,EQ,INE182A01018,3885.0,3920.0,3853.05,3860.8,3855.5,3872.65,5259,20419335.7,1801,LEGACY
2023-02-06,PPLPHARMA,Piramal Pharma,EQ,INE0DK501011,101.1,102.45,99.25,100.3,100.1,100.6,2142842,215384132.5,31103,LEGACY
2023-02-06,SANOFI,Sanofi India,EQ,INE058A01010,5360.0,5369.95,5291.0,5300.25,5299.0,5353.6,10580,56278620.0,2673,LEGACY
2023-02-06,STAR,Strides Pharma Science,EQ,INE939A01011,297.75,301.3,293.1,299.7,300.0,296.25,173513,51775343.45,5591,LEGACY
2023-02-06,SUNPHARMA,Sun Pharmaceutical Industries,EQ,INE044A01036,1020.0,1025.95,1012.75,1023.35,1023.0,1028.15,1215157,1238704755.85,46295,LEGACY
2023-02-06,TORNTPHARM,Torrent Pharmaceuticals,EQ,INE685A01028,1530.95,1550.75,1525.05,1543.6,1550.75,1531.9,145106,223749550.05,17264,LEGACY
2023-02-06,WOCKPHARMA,Wockhardt,EQ,INE049B01025,194.7,198.0,193.4,195.55,195.1,194.35,304615,59673792.3,6573,LEGACY
2023-02-06,ZYDUSLIFE,Zydus Lifesciences,EQ,INE010B01027,452.0,476.5,446.95,470.15,469.05,434.65,7081568,3320956115.4,103579,LEGACY
2023-02-07,ABBOTINDIA,Abbott India,EQ,INE358A01014,20800.0,21059.9,20708.05,20991.45,20920.0,20869.75,5981,124807914.0,2858,LEGACY
2023-02-07,AJANTPHARM,Ajanta Pharma,EQ,INE031B01049,1160.0,1205.0,1159.85,1192.2,1187.0,1162.7,48324,56920880.15,9670,LEGACY
2023-02-07,ALKEM,Alkem Laboratories,EQ,INE540L01014,3074.65,3083.0,3048.8,3069.55,3053.0,3068.3,24204,74109305.5,3643,LEGACY
2023-02-07,APLLTD,Alembic Pharmaceuticals,EQ,INE901L01018,525.15,529.45,518.3,522.9,524.9,528.3,155363,80964869.8,4865,LEGACY
2023-02-07,AUROPHARMA,Aurobindo Pharma,EQ,INE406A01037,415.25,421.2,410.45,418.65,421.0,415.0,1663758,691287781.6,42717,LEGACY
2023-02-07,BIOCON,Biocon,EQ,INE376G01013,242.25,242.25,236.65,237.75,237.75,241.05,907564,216247619.7,13314,LEGACY
2023-02-07,CIPLA,Cipla,EQ,INE059A01026,1029.8,1034.85,1021.3,1031.3,1028.9,1029.8,965322,993408134.45,82233,LEGACY
2023-02-07,DIVISLAB,Divi's Laboratories,EQ,INE361B01024,2790.15,2819.95,2740.1,2750.85,2752.3,2778.0,1469217,4066012812.75,129439,LEGACY
2023-02-07,DRREDDY,Dr. Reddy's Laboratories,EQ,INE089A01023,4380.65,4468.25,4360.25,4440.25,4434.0,4349.55,597481,2650983482.3,49076,LEGACY
2023-02-07,GLAND,Gland Pharma,EQ,INE068V01023,1175.0,1333.3,1172.7,1306.85,1315.0,1172.7,3337516,4209850907.5,124337,LEGACY
2023-02-07,GLAXO,GlaxoSmithKline Pharmaceuticals,EQ,INE159A01016,1239.9,1253.0,1235.0,1240.15,1240.0,1237.85,37493,46591962.8,4084,LEGACY
2023-02-07,GLENMARK,Glenmark Pharmaceuticals,EQ,INE935A01035,399.05,402.3,388.85,392.45,393.05,399.05,419976,165149763.2,16619,LEGACY
2023-02-07,GRANULES,Granules India,EQ,INE101D01020,288.7,289.7,282.4,285.35,285.9,288.6,642950,183205442.05,15383,LEGACY
2023-02-07,IPCALAB,IPCA Laboratories,EQ,INE571A01038,862.35,870.0,855.35,860.65,862.65,859.1,249651,215478604.55,9776,LEGACY
2023-02-07,JBCHEPHARM,JB Chemicals & Pharmaceuticals,EQ,INE572A01028,2030.35,2039.5,2000.0,2014.65,2010.0,2020.2,20896,42277525.6,4545,LEGACY
2023-02-07,LAURUSLABS,Laurus Labs,EQ,INE947Q01028,334.0,335.65,329.1,330.35,330.65,333.95,654100,216435813.5,13451,LEGACY
2023-02-07,LUPIN,Lupin,EQ,INE326A01037,742.4,753.7,740.65,751.35,752.0,745.15,540725,404527212.45,13818,LEGACY
2023-02-07,NATCOPHARM,Natco Pharma,EQ,INE987B01026,531.35,534.9,526.5,528.85,529.0,529.1,97132,51474278.15,7161,LEGACY
2023-02-07,PEL,Piramal Enterprises,EQ,INE140A01024,849.35,853.2,835.05,841.5,841.7,845.1,451678,380771155.0,19617,LEGACY
2023-02-07,PFIZER,Pfizer,EQ,INE182A01018,3855.65,3887.85,3850.0,3863.25,3870.0,3860.8,4213,16289750.75,1375,LEGACY
2023-02-07,PPLPHARMA,Piramal Pharma,EQ,INE0DK501011,100.5,100.95,97.3,98.05,98.15,100.3,1950506,191926837.3,24195,LEGACY
2023-02-07,SANOFI,Sanofi India,EQ,INE058A01010,5314.95,5340.0,5250.1,5329.3,5340.0,5300.25,33705,177769904.4,5733,LEGACY
2023-02-07,STAR,Strides Pharma Science,EQ,INE939A01011,301.2,305.0,297.5,302.0,302.8,299.7,162140,48773498.85,4752,LEGACY
2023-02-07,SUNPHARMA,Sun Pharmaceutical Industries,EQ,INE044A01036,1026.25,1028.5,1002.0,1006.4,1006.8,1023.35,2360600,2380862859.2,77352,LEGACY
2023-02-07,TORNTPHARM,Torrent Pharmaceuticals,EQ,INE685A01028,1550.0,1550.5,1524.1,1536.1,1537.95,1543.6,85858,131692589.6,12181,LEGACY
2023-02-07,WOCKPHARMA,Wockhardt,EQ,INE049B01025,196.4,196.4,192.9,193.25,193.2,195.55,306513,59462999.0,6960,LEGACY
2023-02-07,ZYDUSLIFE,Zydus Lifesciences,EQ,INE010B01027,470.2,480.7,469.0,479.45,479.0,470.15,2592361,1235610564.6,51029,LEGACY
2023-02-08,ABBOTINDIA,Abbott India,EQ,INE358A01014,20980.0,21347.0,20831.1,21278.25,21323.95,20991.45,6149,129822392.4,2841,LEGACY
2023-02-08,AJANTPHARM,Ajanta Pharma,EQ,INE031B01049,1190.0,1224.95,1190.0,1220.2,1220.0,1192.2,44833,54300920.3,8363,LEGACY
2023-02-08,ALKEM,Alkem Laboratories,EQ,INE540L01014,3051.5,3185.0,3051.5,3180.8,3182.8,3069.55,204945,644928374.5,14474,LEGACY
2023-02-08,APLLTD,Alembic Pharmaceuticals,EQ,INE901L01018,524.9,529.2,521.15,526.9,525.9,522.9,60180,31690264.3,3992,LEGACY
2023-02-08,AUROPHARMA,Aurobindo Pharma,EQ,INE406A01037,421.45,450.7,415.5,445.05,446.0,418.65,4063207,1770490273.8,67475,LEGACY
2023-02-08,BIOCON,Biocon,EQ,INE376G01013,238.5,245.45,235.6,244.1,244.5,237.75,2197586,527587847.45,25828,LEGACY
2023-02-08,CIPLA,Cipla,EQ,INE059A01026,1035.0,1041.2,1019.15,1039.1,1038.0,1031.3,746863,770484212.95,52489,LEGACY
2023-02-08,DIVISLAB,Divi's Laboratories,EQ,INE361B01024,2757.95,2822.0,2757.0,2799.05,2804.0,2750.85,913575,2556900762.8,64295,LEGACY
2023-02-08,DRREDDY,Dr. Reddy's Laboratories,EQ,INE089A01023,4450.0,4496.6,4432.65,4487.8,4484.0,4440.25,239371,1071754932.9,36062,LEGACY
2023-02-08,GLAND,Gland Pharma,EQ,INE068V01023,1310.0,1404.6,1272.05,1338.55,1332.0,1306.85,2824623,3804871437.0,126546,LEGACY
2023-02-08,GLAXO,GlaxoSmithKline Pharmaceuticals,EQ,INE159A01016,1242.15,1283.0,1239.05,1279.0,1283.0,1240.15,196020,244265049.75,5169,LEGACY
2023-02-08,GLENMARK,Glenmark Pharmaceuticals,EQ,INE935A01035,394.0,397.9,390.0,396.75,396.55,392.45,448371,176928616.95,12318,LEGACY
2023-02-08,GRANULES,Granules India,EQ,INE101D01020,285.9,292.0,284.05,291.5,291.85,285.35,395140,114061035.9,7369,LEGACY
2023-02-08,IPCALAB,IPCA Laboratories,EQ,INE571A01038,864.5,869.0,857.3,866.35,865.25,860.65,208480,180463312.3,12155,LEGACY
2023-02-08,JBCHEPHARM,JB Chemicals & Pharmaceuticals,EQ,INE572A01028,2016.1,2054.8,2002.5,2039.4,2036.0,2014.65,29307,59749911.0,4106,LEGACY
2023-02-08,LAURUSLABS,Laurus Labs,EQ,INE947Q01028,330.65,340.6,327.0,338.55,339.65,330.35,1105621,368734544.5,20526,LEGACY
2023-02-08,LUPIN,Lupin,EQ,INE326A01037,751.0,778.5,742.0,775.3,775.3,751.35,1479970,1135739686.8,65872,LEGACY
2023-02-08,NATCOPHARM,Natco Pharma,EQ,INE987B01026,529.8,534.0,527.95,530.7,530.0,528.85,162143,85976645.35,6448,LEGACY
2023-02-08,PEL,Piramal Enterprises,EQ,INE140A01024,841.55,847.6,830.7,844.05,842.0,841.5,469780,395069030.75,18762,LEGACY
2023-02-08,PFIZER,Pfizer,EQ,INE182A01018,3870.9,3882.95,3849.15,3861.15,3860.0,3863.25,4566,17628660.0,1087,LEGACY
2023-02-08,PPLPHARMA,Piramal Pharma,EQ,INE0DK501011,98.55,99.7,97.7,99.2,99.25,98.05,2142158,211453691.85,19254,LEGACY
2023-02-08,SANOFI,Sanofi India,EQ,INE058A01010,5334.9,5379.95,5202.1,5309.5,5270.0,5329.3,20175,107206438.75,5868,LEGACY
2023-02-08,STAR,Strides Pharma Science,EQ,INE939A01011,302.0,302.95,297.4,298.85,299.15,302.0,178954,53573965.05,6064,LEGACY
2023-02-08,SUNPHARMA,Sun Pharmaceutical Industries,EQ,INE044A01036,1004.8,1016.9,997.4,1013.0,1014.9,1006.4,1815142,1826882467.2,72688,LEGACY
2023-02-08,TORNTPHARM,Torrent Pharmaceuticals,EQ,INE685A01028,1536.1,1559.25,1530.3,1556.65,1555.95,1536.1,78303,121370818.1,7882,LEGACY
2023-02-08,WOCKPHARMA,Wockhardt,EQ,INE049B01025,193.8,197.75,191.4,195.1,194.8,193.25,494339,96217134.0,8219,LEGACY
2023-02-08,ZYDUSLIFE,Zydus Lifesciences,EQ,INE010B01027,480.15,482.25,468.45,474.0,472.85,479.45,2189622,1036040838.85,51461,LEGACY
2023-02-09,ABBOTINDIA,Abbott India,EQ,INE358A01014,21084.8,21593.85,20800.0,20846.2,20845.0,21278.25,12723,269225496.55,5159,LEGACY
2023-02-09,AJANTPHARM,Ajanta Pharma,EQ,INE031B01049,1221.0,1250.0,1191.5,1207.2,1197.25,1220.2,23911,29022833.95,4252,LEGACY
2023-02-09,ALKEM,Alkem Laboratories,EQ,INE540L01014,3149.0,3278.15,3140.95,3230.45,3236.0,3180.8,132810,427678130.8,16034,LEGACY
2023-02-09,APLLTD,Alembic Pharmaceuticals,EQ,INE901L01018,526.1,530.9,521.0,521.6,521.0,526.9,45823,24003642.85,2914,LEGACY
2023-02-09,AUROPHARMA,Aurobindo Pharma,EQ,INE406A01037,445.05,452.0,435.75,440.95,441.5,445.05,2102287,929610825.55,46664,LEGACY
2023-02-09,BIOCON,Biocon,EQ,INE376G01013,241.65,244.95,240.95,243.15,243.1,244.1,1746290,424394926.25,18652,LEGACY
2023-02-09,CIPLA,Cipla,EQ,INE059A01026,1025.3,1044.6,1020.0,1021.5,1021.15,1039.1,1331902,1369330475.65,65147,LEGACY
2023-02-09,DIVISLAB,Divi's Laboratories,EQ,INE361B01024,2771.05,2856.0,2771.05,2823.15,2819.0,2799.05,742365,2097132792.4,71896,LEGACY
2023-02-09,DRREDDY,Dr. Reddy's Laboratories,EQ,INE089A01023,4444.0,4529.55,4433.6,4487.5,4485.0,4487.8,410962,1851991847.3,36669,LEGACY
2023-02-09,GLAND,Gland Pharma,EQ,INE068V01023,1310.25,1380.0,1290.0,1301.0,1310.0,1338.55,1070952,1421826671.9,58105,LEGACY
2023-02-09,GLAXO,GlaxoSmithKline Pharmaceuticals,EQ,INE159A01016,1290.0,1292.9,1260.3,1266.15,1266.0,1279.0,24116,30668672.65,2821,LEGACY
2023-02-09,GLENMARK,Glenmark Pharmaceuticals,EQ,INE935A01035,393.0,402.35,392.55,394.3,396.2,396.75,331296,131040803.1,9628,LEGACY
2023-02-09,GRANULES,Granules India,EQ,INE101D01020,289.2,292.9,285.95,289.55,288.8,291.5,521581,150583611.65,8046,LEGACY
2023-02-09,IPCALAB,IPCA Laboratories,EQ,INE571A01038,873.0,889.95,868.6,876.7,875.2,866.35,391064,344097328.1,15423,LEGACY
2023-02-09,JBCHEPHARM,JB Chemicals & Pharmaceuticals,EQ,INE572A01028,2051.05,2059.0,1950.3,1963.7,1965.0,2039.4,50012,99576768.7,7244,LEGACY
2023-02-09,LAURUSLABS,Laurus Labs,EQ,INE947Q01028,335.2,345.85,335.0,338.35,339.5,338.55,938425,318842177.15,18184,LEGACY
2023-02-09,LUPIN,Lupin,EQ,INE326A01037,767.55,785.75,766.55,774.35,771.15,775.3,1334519,1036848325.7,52126,LEGACY
2023-02-09,NATCOPHARM,Natco Pharma,EQ,INE987B01026,533.1,535.9,520.85,529.5,529.25,530.7,235428,124323834.0,9348,LEGACY
2023-02-09,PEL,Piramal Enterprises,EQ,INE140A01024,848.9,849.0,809.0,837.1,835.6,844.05,2578011,2136256030.3,75618,LEGACY
2023-02-09,PFIZER,Pfizer,EQ,INE182A01018,3878.5,3899.9,3850.0,3861.4,3852.2,3861.15,6209,24026371.3,1875,LEGACY
2023-02-09,PPLPHARMA,Piramal Pharma,EQ,INE0DK501011,95.0,95.0,87.55,89.35,89.5,99.2,12169589,1098176218.15,60751,LEGACY
2023-02-09,SANOFI,Sanofi India,EQ,INE058A01010,5285.0,5336.35,5285.0,5315.6,5328.9,5309.5,6740,35811974.75,3146,LEGACY
2023-02-09,STAR,Strides Pharma Science,EQ,INE939A01011,298.05,302.85,296.4,299.7,299.55,298.85,139894,41947240.35,4375,LEGACY
2023-02-09,SUNPHARMA,Sun Pharmaceutical Industries,EQ,INE044A01036,1003.0,1021.2,1001.4,1006.8,1007.0,1013.0,1474402,1487037563.05,38912,LEGACY
2023-02-09,TORNTPHARM,Torrent Pharmaceuticals,EQ,INE685A01028,1542.5,1572.05,1537.0,1540.2,1540.0,1556.65,119413,184751212.85,11061,LEGACY
2023-02-09,WOCKPHARMA,Wockhardt,EQ,INE049B01025,195.8,196.85,194.0,194.95,194.9,195.1,290029,56628101.85,5409,LEGACY
2023-02-09,ZYDUSLIFE,Zydus Lifesciences,EQ,INE010B01027,469.7,480.5,469.0,474.4,473.15,474.0,1144429,543912840.05,19924,LEGACY
2023-02-10,ABBOTINDIA,Abbott India,EQ,INE358A01014,20929.05,21451.95,20650.0,20741.1,20700.1,20846.2,31782,666626725.65,12676,LEGACY
2023-02-10,AJANTPHARM,Ajanta Pharma,EQ,INE031B01049,1207.95,1240.0,1164.0,1208.05,1202.9,1207.2,72529,87706475.4,10942,LEGACY
2023-02-10,ALKEM,Alkem Laboratories,EQ,INE540L01014,3247.5,3350.0,3178.6,3292.7,3295.1,3230.45,916798,3017527263.75,66380,LEGACY
2023-02-10,APLLTD,Alembic Pharmaceuticals,EQ,INE901L01018,520.0,529.65,519.2,524.65,524.0,521.6,53910,28265458.25,4302,LEGACY
2023-02-10,AUROPHARMA,Aurobindo Pharma,EQ,INE406A01037,447.0,471.7,447.0,468.85,468.45,440.95,9947832,4598157620.8,131983,LEGACY
2023-02-10,BIOCON,Biocon,EQ,INE376G01013,242.4,244.5,239.55,242.35,242.7,243.15,2898885,700622918.05,39713,LEGACY
2023-02-10,CIPLA,Cipla,EQ,INE059A01026,1021.0,1036.85,1015.05,1033.2,1033.0,1021.5,1106858,1137866927.7,50475,LEGACY
2023-02-10,DIVISLAB,Divi's Laboratories,EQ,INE361B01024,2823.15,2837.9,2795.8,2811.25,2812.0,2823.15,380182,1070945654.35,31863,LEGACY
2023-02-10,DRREDDY,Dr. Reddy's Laboratories,EQ,INE089A01023,4493.95,4505.0,4432.55,4499.6,4496.9,4487.5,137022,612599601.4,22542,LEGACY
2023-02-10,GLAND,Gland Pharma,EQ,INE068V01023,1323.0,1327.0,1301.7,1314.3,1317.0,1301.0,542215,711392389.85,56604,LEGACY
2023-02-10,GLAXO,GlaxoSmithKline Pharmaceuticals,EQ,INE159A01016,1272.15,1291.9,1250.1,1252.6,1250.1,1266.15,74406,93969853.25,5606,LEGACY
2023-02-10,GLENMARK,Glenmark Pharmaceuticals,EQ,INE935A01035,395.0,403.4,387.65,400.4,399.3,394.3,534976,212443776.7,13796,LEGACY
2023-02-10,GRANULES,Granules India,EQ,INE101D01020,287.35,292.9,286.75,289.25,289.85,289.55,780385,226499846.9,11779,LEGACY
2023-02-10,IPCALAB,IPCA Laboratories,EQ,INE571A01038,875.05,879.8,867.1,874.6,874.85,876.7,90108,78713852.1,6338,LEGACY
2023-02-10,JBCHEPHARM,JB Chemicals & Pharmaceuticals,EQ,INE572A01028,1974.0,2000.0,1940.4,1987.45,1984.0,1963.7,42502,83740914.8,8577,LEGACY
2023-02-10,LAURUSLABS,Laurus Labs,EQ,INE947Q01028,339.35,342.9,333.75,340.05,339.75,338.35,767256,260135141.8,15154,LEGACY
2023-02-10,LUPIN,Lupin,EQ,INE326A01037,744.0,750.0,726.05,737.15,735.95,774.35,3057253,2260852552.2,57324,LEGACY
2023-02-10,NATCOPHARM,Natco Pharma,EQ,INE987B01026,528.95,528.95,518.0,524.85,524.75,529.5,156588,81863803.9,8611,LEGACY
2023-02-10,PEL,Piramal Enterprises,EQ,INE140A01024,837.0,909.9,832.0,891.0,889.0,837.1,6449033,5723028850.6,158719,LEGACY
2023-02-10,PFIZER,Pfizer,EQ,INE182A01018,3898.7,4004.0,3817.55,3972.4,3977.55,3861.4,21304,83808249.45,4587,LEGACY
2023-02-10,PPLPHARMA,Piramal Pharma,EQ,INE0DK501011,89.4,92.8,82.6,88.4,89.25,89.35,18349233,1604365784.45,92955,LEGACY
2023-02-10,SANOFI,Sanofi India,EQ,INE058A01010,5304.05,5425.0,5304.05,5353.8,5353.0,5315.6,9933,53361725.85,2748,LEGACY
2023-02-10,STAR,Strides Pharma Science,EQ,INE939A01011,299.55,301.65,296.35,298.45,298.0,299.7,105485,31550562.4,3852,LEGACY
2023-02-10,SUNPHARMA,Sun Pharmaceutical Industries,EQ,INE044A01036,1006.8,1014.35,996.7,1006.6,1006.7,1006.8,1530150,1536097726.8,61210,LEGACY
2023-02-10,TORNTPHARM,Torrent Pharmaceuticals,EQ,INE685A01028,1534.0,1538.25,1515.0,1520.85,1521.75,1540.2,142118,216354438.35,9540,LEGACY
2023-02-10,WOCKPHARMA,Wockhardt,EQ,INE049B01025,194.8,196.0,193.15,194.25,194.5,194.95,334849,65014319.0,6141,LEGACY
2023-02-10,ZYDUSLIFE,Zydus Lifesciences,EQ,INE010B01027,473.5,477.45,471.75,473.5,472.8,474.4,378658,179490338.95,15850,LEGACY
2023-02-13,ABBOTINDIA,Abbott India,EQ,INE358A01014,20680.0,20685.0,19902.05,20272.15,20248.85,20741.1,33651,682538109.05,11684,LEGACY
2023-02-13,AJANTPHARM,Ajanta Pharma,EQ,INE031B01049,1197.15,1254.0,1194.6,1235.3,1219.9,1208.05,76633,93282787.2,8226,LEGACY
2023-02-13,ALKEM,Alkem Laboratories,EQ,INE540L01014,3297.95,3308.45,3191.0,3266.05,3262.0,3292.7,202942,659492902.25,26396,LEGACY
2023-02-13,APLLTD,Alembic Pharmaceuticals,EQ,INE901L01018,524.65,524.95,512.2,514.9,518.0,524.65,54902,28320305.4,4071,LEGACY
2023-02-13,AUROPHARMA,Aurobindo Pharma,EQ,INE406A01037,469.95,476.5,465.0,472.65,472.75,468.85,2869597,1356746712.65,65178,LEGACY
2023-02-13,BIOCON,Biocon,EQ,INE376G01013,242.95,244.85,237.05,237.7,237.55,242.35,1676915,402636707.9,22080,LEGACY
2023-02-13,CIPLA,Cipla,EQ,INE059A01026,1036.0,1040.6,1019.0,1021.95,1020.15,1033.2,1042379,1068188426.0,37207,LEGACY
2023-02-13,DIVISLAB,Divi's Laboratories,EQ,INE361B01024,2825.35,2825.35,2756.0,2773.2,2772.0,2811.25,473865,1316517191.55,67575,LEGACY
2023-02-13,DRREDDY,Dr. Reddy's Laboratories,EQ,INE089A01023,4508.1,4557.4,4500.1,4524.7,4518.8,4499.6,374555,1696570150.25,43176,LEGACY
2023-02-13,GLAND,Gland Pharma,EQ,INE068V01023,1321.75,1377.35,1318.35,1365.0,1358.9,1314.3,1219044,1656115046.45,64053,LEGACY
2023-02-13,GLAXO,GlaxoSmithKline Pharmaceuticals,EQ,INE159A01016,1255.0,1268.0,1242.05,1258.8,1259.8,1252.6,21218,26589847.65,3825,LEGACY
2023-02-13,GLENMARK,Glenmark Pharmaceuticals,EQ,INE935A01035,414.7,423.75,404.3,422.6,421.75,400.4,4985962,2084102818.0,68465,LEGACY
2023-02-13,GRANULES,Granules India,EQ,INE101D01020,290.0,291.0,283.35,285.65,285.45,289.25,504536,144525860.5,7600,LEGACY
2023-02-13,IPCALAB,IPCA Laboratories,EQ,INE571A01038,876.0,876.0,852.0,856.55,855.0,874.6,150637,129434786.65,9320,LEGACY
2023-02-13,JBCHEPHARM,JB Chemicals & Pharmaceuticals,EQ,INE572A01028,1987.45,1996.95,1929.9,1957.35,1937.5,1987.45,26585,52031491.1,6086,LEGACY
2023-02-13,LAURUSLABS,Laurus Labs,EQ,INE947Q01028,340.0,341.8,331.4,333.35,333.0,340.05,900333,301755215.45,18959,LEGACY
2023-02-13,LUPIN,Lupin,EQ,INE326A01037,720.0,720.0,671.65,675.15,675.35,737.15,4985583,3431915736.55,95230,LEGACY
2023-02-13,NATCOPHARM,Natco Pharma,EQ,INE987B01026,525.0,549.0,522.3,533.95,534.0,524.85,910176,490703112.2,18447,LEGACY
2023-02-13,PEL,Piramal Enterprises,EQ,INE140A01024,895.4,899.0,858.8,874.9,873.0,891.0,1275644,1118531840.6,41678,LEGACY
2023-02-13,PFIZER,Pfizer,EQ,INE182A01018,4000.0,4000.0,3750.0,3815.1,3780.0,3972.4,13293,51430917.75,3331,LEGACY
2023-02-13,PPLPHARMA,Piramal Pharma,EQ,INE0DK501011,90.15,91.25,85.35,85.85,85.75,88.4,4185219,367737342.2,20429,LEGACY
2023-02-13,SANOFI,Sanofi India,EQ,INE058A01010,5375.0,5382.0,5341.0,5361.7,5377.0,5353.8,4981,26699978.3,1435,LEGACY
2023-02-13,STAR,Strides Pharma Science,EQ,INE939A01011,299.0,302.0,297.1,300.05,300.8,298.45,242761,72635669.55,6347,LEGACY
2023-02-13,SUNPHARMA,Sun Pharmaceutical Industries,EQ,INE044A01036,1008.25,1017.35,1002.0,1015.25,1015.0,1006.6,1355766,1370890955.4,62559,LEGACY
2023-02-13,TORNTPHARM,Torrent Pharmaceuticals,EQ,INE685A01028,1521.0,1527.6,1511.0,1514.85,1519.0,1520.85,103613,157180731.95,8090,LEGACY
2023-02-13,WOCKPHARMA,Wockhardt,EQ,INE049B01025,194.9,198.0,186.2,191.95,191.75,194.25,886295,170893562.0,13824,LEGACY
2023-02-13,ZYDUSLIFE,Zydus Lifesciences,EQ,INE010B01027,476.85,476.85,466.15,471.45,472.0,473.5,554984,261393785.95,14367,LEGACY
2023-02-14,ABBOTINDIA,Abbott India,EQ,INE358A01014,20270.0,20548.0,20040.3,20308.35,20380.0,20272.15,9753,198227269.45,3748,LEGACY
2023-02-14,AJANTPHARM,Ajanta Pharma,EQ,INE031B01049,1235.75,1239.95,1224.0,1225.1,1225.0,1235.3,13225,16206238.3,1806,LEGACY
2023-02-14,ALKEM,Alkem Laboratories,EQ,INE540L01014,3283.25,3303.95,3245.05,3280.3,3280.0,3266.05,65432,214715602.65,12823,LEGACY
2023-02-14,APLLTD,Alembic Pharmaceuticals,EQ,INE901L01018,513.9,513.9,495.0,497.7,498.0,514.9,106158,53492844.35,6418,LEGACY
2023-02-14,AUROPHARMA,Aurobindo Pharma,EQ,INE406A01037,472.75,475.65,464.2,472.8,472.95,472.65,2037987,958208258.85,39036,LEGACY
2023-02-14,BIOCON,Biocon,EQ,INE376G01013,238.2,238.65,233.65,234.95,234.35,237.7,3846790,905756980.9,40567,LEGACY
2023-02-14,CIPLA,Cipla,EQ,INE059A01026,1026.7,1032.45,1017.6,1028.35,1027.3,1021.95,759416,780119427.85,38067,LEGACY
2023-02-14,DIVISLAB,Divi's Laboratories,EQ,INE361B01024,2798.4,2798.4,2755.0,2791.65,2793.95,2773.2,213194,593406014.35,22322,LEGACY
2023-02-14,DRREDDY,Dr. Reddy's Laboratories,EQ,INE089A01023,4545.0,4564.0,4500.65,4538.4,4535.4,4524.7,240427,1090903028.25,29044,LEGACY
2023-02-14,GLAND,Gland Pharma,EQ,INE068V01023,1365.0,1375.0,1338.0,1361.8,1357.35,1365.0,501234,679325179.3,20583,LEGACY
2023-02-14,GLAXO,GlaxoSmithKline Pharmaceuticals,EQ,INE159A01016,1254.0,1259.85,1240.0,1244.45,1245.0,1258.8,15504,19342936.8,2320,LEGACY
2023-02-14,GLENMARK,Glenmark Pharmaceuticals,EQ,INE935A01035,422.0,444.7,419.0,429.65,430.0,422.6,5089357,2211671138.8,78155,LEGACY
2023-02-14,GRANULES,Granules India,EQ,INE101D01020,285.65,288.4,283.35,287.8,287.7,285.65,353487,101026619.7,6332,LEGACY
2023-02-14,IPCALAB,IPCA Laboratories,EQ,INE571A01038,852.05,860.65,824.05,849.15,842.8,856.55,670037,566005943.75,36655,LEGACY
2023-02-14,JBCHEPHARM,JB Chemicals & Pharmaceuticals,EQ,INE572A01028,1940.05,1975.0,1939.65,1970.45,1973.0,1957.35,64788,127270373.25,6705,LEGACY
2023-02-14,LAURUSLABS,Laurus Labs,EQ,INE947Q01028,335.0,335.15,329.55,331.0,331.0,333.35,568434,188399317.95,11912,LEGACY
2023-02-14,LUPIN,Lupin,EQ,INE326A01037,678.0,678.3,657.1,663.0,662.7,675.15,1916906,1275007961.15,47803,LEGACY
2023-02-14,NATCOPHARM,Natco Pharma,EQ,INE987B01026,535.0,536.3,525.95,528.95,529.0,533.95,94763,50172967.0,4873,LEGACY
2023-02-14,PEL,Piramal Enterprises,EQ,INE140A01024,876.8,881.6,865.3,872.1,869.0,874.9,701078,611884632.4,26476,LEGACY
2023-02-14,PFIZER,Pfizer,EQ,INE182A01018,3815.1,3855.85,3815.0,3829.35,3815.0,3815.1,5912,22669244.25,1873,LEGACY
2023-02-14,PPLPHARMA,Piramal Pharma,EQ,INE0DK501011,86.0,86.8,84.55,85.7,85.75,85.85,2358110,201533369.5,13414,LEGACY
2023-02-14,SANOFI,Sanofi India,EQ,INE058A01010,5389.9,5389.9,5330.1,5343.25,5345.5,5361.7,4111,22005158.15,1612,LEGACY
2023-02-14,STAR,Strides Pharma Science,EQ,INE939A01011,300.95,301.95,294.0,295.55,296.15,300.05,181156,53843152.85,4606,LEGACY
2023-02-14,SUNPHARMA,Sun Pharmaceutical Industries,EQ,INE044A01036,1018.0,1018.05,1003.25,1006.75,1009.55,1015.25,1832842,1847056702.9,67629,LEGACY
2023-02-14,TORNTPHARM,Torrent Pharmaceuticals,EQ,INE685A01028,1521.4,1527.85,1508.7,1512.95,1517.65,1514.85,267626,406765585.9,13665,LEGACY
2023-02-14,WOCKPHARMA,Wockhardt,EQ,INE049B01025,188.2,189.9,184.3,186.9,186.2,191.95,588683,110016194.35,11119,LEGACY
2023-02-14,ZYDUSLIFE,Zydus Lifesciences,EQ,INE010B01027,473.8,474.9,467.75,473.05,473.0,471.45,638807,301752779.15,26202,LEGACY
2023-02-15,ABBOTINDIA,Abbott India,EQ,INE358A01014,20307.0,20485.8,20187.6,20399.3,20400.05,20308.35,6398,130154939.25,2945,LEGACY
2023-02-15,AJANTPHARM,Ajanta Pharma,EQ,INE031B01049,1220.0,1230.1,1206.05,1222.05,1211.5,1225.1,18450,22511118.25,4073,LEGACY
2023-02-15,ALKEM,Alkem Laboratories,EQ,INE540L01014,3278.05,3350.0,3262.85,3313.85,3313.15,3280.3,95582,316920166.95,12452,LEGACY
2023-02-15,APLLTD,Alembic Pharmaceuticals,EQ,INE901L01018,497.4,509.0,494.8,501.4,503.9,497.7,117136,58815083.1,7342,LEGACY
2023-02-15,AUROPHARMA,Aurobindo Pharma,EQ,INE406A01037,469.85,475.35,467.6,474.0,472.5,472.8,1096959,518279854.15,29411,LEGACY
2023-02-15,BIOCON,Biocon,EQ,INE376G01013,233.7,239.45,230.6,238.1,238.0,234.95,5789278,1355242467.25,61920,LEGACY
2023-02-15,CIPLA,Cipla,EQ,INE059A01026,1026.85,1033.45,1016.1,1030.8,1029.2,1028.35,662924,680186043.45,39120,LEGACY
2023-02-15,DIVISLAB,Divi's Laboratories,EQ,INE361B01024,2790.05,2826.85,2772.0,2822.55,2824.0,2791.65,214098,600788037.35,24520,LEGACY
2023-02-15,DRREDDY,Dr. Reddy's Laboratories,EQ,INE089A01023,4548.0,4563.2,4504.2,4519.85,4516.3,4538.4,256737,1161048787.5,19984,LEGACY
2023-02-15,GLAND,Gland Pharma,EQ,INE068V01023,1355.0,1368.0,1322.5,1339.4,1341.9,1361.8,248705,335481128.95,19632,LEGACY
2023-02-15,GLAXO,GlaxoSmithKline Pharmaceuticals,EQ,INE159A01016,1244.45,1264.0,1235.25,1249.75,1240.0,1244.45,66489,82890651.7,5113,LEGACY
2023-02-15,GLENMARK,Glenmark Pharmaceuticals,EQ,INE935A01035,425.3,430.55,415.45,429.65,428.1,429.65,1970563,835503963.75,29836,LEGACY
2023-02-15,GRANULES,Granules India,EQ,INE101D01020,287.7,290.95,285.55,290.25,290.0,287.8,398051,114919017.15,7782,LEGACY
2023-02-15,IPCALAB,IPCA Laboratories,EQ,INE571A01038,841.85,852.0,835.1,843.55,843.75,849.15,327261,275623546.3,27164,LEGACY
2023-02-15,JBCHEPHARM,JB Chemicals & Pharmaceuticals,EQ,INE572A01028,1980.8,1980.8,1925.55,1960.3,1970.45,1970.45,28602,55779545.3,5526,LEGACY
2023-02-15,LAURUSLABS,Laurus Labs,EQ,INE947Q01028,331.0,335.5,328.05,334.75,334.2,331.0,641628,213092080.3,10987,LEGACY
2023-02-15,LUPIN,Lupin,EQ,INE326A01037,662.9,670.55,656.85,669.1,670.0,663.0,820913,544948100.35,25127,LEGACY
2023-02-15,NATCOPHARM,Natco Pharma,EQ,INE987B01026,529.0,541.9,525.8,537.35,537.0,528.95,225004,120750040.55,11635,LEGACY
2023-02-15,PEL,Piramal Enterprises,EQ,INE140A01024,870.0,880.0,864.0,878.35,876.2,872.1,377756,330178606.0,17817,LEGACY
2023-02-15,PFIZER,Pfizer,EQ,INE182A01018,3820.0,3850.0,3815.05,3844.95,3847.0,3829.35,3698,14195026.95,995,LEGACY
2023-02-15,PPLPHARMA,Piramal Pharma,EQ,INE0DK501011,85.55,87.75,85.5,86.75,86.8,85.7,1838760,159435493.4,12236,LEGACY
2023-02-15,SANOFI,Sanofi India,EQ,INE058A01010,5343.25,5369.0,5316.0,5350.85,5352.0,5343.25,4381,23435785.65,1512,LEGACY
2023-02-15,STAR,Strides Pharma Science,EQ,INE939A01011,295.55,299.9,292.8,297.5,296.0,295.55,141237,41788211.15,5180,LEGACY
2023-02-15,SUNPHARMA,Sun Pharmaceutical Industries,EQ,INE044A01036,1002.0,1006.4,990.55,995.4,995.0,1006.75,2251350,2244151608.95,99270,LEGACY
2023-02-15,TORNTPHARM,Torrent Pharmaceuticals,EQ,INE685A01028,1512.95,1518.9,1485.0,1512.3,1516.85,1512.95,437202,656193476.9,22527,LEGACY
2023-02-15,WOCKPHARMA,Wockhardt,EQ,INE049B01025,185.3,192.2,185.3,189.95,189.55,186.9,619711,117113014.25,8933,LEGACY
2023-02-15,ZYDUSLIFE,Zydus Lifesciences,EQ,INE010B01027,470.8,474.7,465.9,469.3,470.0,473.05,703302,329820600.25,19349,LEGACY
2023-02-16,ABBOTINDIA,Abbott India,EQ,INE358A01014,20450.0,20540.0,20280.0,20425.15,20448.0,20399.3,8952,182761593.85,3631,LEGACY
2023-02-16,AJANTPHARM,Ajanta Pharma,EQ,INE031B01049,1222.05,1226.75,1198.15,1202.55,1199.5,1222.05,46846,56583517.65,14350,LEGACY
2023-02-16,ALKEM,Alkem Laboratories,EQ,INE540L01014,3342.1,3348.95,3286.7,3307.65,3314.95,3313.85,79306,262965055.2,13039,LEGACY
2023-02-16,APLLTD,Alembic Pharmaceuticals,EQ,INE901L01018,503.95,523.0,502.05,512.45,505.0,501.4,129254,66003764.25,9343,LEGACY
2023-02-16,AUROPHARMA,Aurobindo Pharma,EQ,INE406A01037,474.0,482.5,470.5,479.9,480.0,474.0,1600925,766147522.3,34907,LEGACY
2023-02-16,BIOCON,Biocon,EQ,INE376G01013,238.9,245.5,237.2,242.85,242.75,238.1,4463420,1082765062.45,57163,LEGACY
2023-02-16,CIPLA,Cipla,EQ,INE059A01026,1031.75,1038.0,1028.35,1035.5,1032.8,1030.8,667265,689734384.75,36262,LEGACY
2023-02-16,DIVISLAB,Divi's Laboratories,EQ,INE361B01024,2835.0,2886.0,2826.6,2876.6,2876.55,2822.55,498759,1428450833.95,46085,LEGACY
2023-02-16,DRREDDY,Dr. Reddy's Laboratories,EQ,INE089A01023,4542.45,4549.85,4509.45,4519.3,4520.0,4519.85,270466,1223913628.95,31646,LEGACY
2023-02-16,GLAND,Gland Pharma,EQ,INE068V01023,1348.65,1356.0,1322.0,1327.75,1323.0,1339.4,207152,276555455.5,16830,LEGACY
2023-02-16,GLAXO,GlaxoSmithKline Pharmaceuticals,EQ,INE159A01016,1252.35,1254.75,1238.0,1239.1,1240.0,1249.75,48444,60134370.3,5196,LEGACY
2023-02-16,GLENMARK,Glenmark Pharmaceuticals,EQ,INE935A01035,429.65,437.7,428.2,435.15,436.0,429.65,1092006,474193030.4,25024,LEGACY
2023-02-16,GRANULES,Granules India,EQ,INE101D01020,290.45,293.75,289.55,292.75,293.0,290.25,366766,107130788.35,5775,LEGACY
2023-02-16,IPCALAB,IPCA Laboratories,EQ,INE571A01038,847.8,868.75,845.2,862.5,862.85,843.55,214016,184249421.25,18487,LEGACY
2023-02-16,JBCHEPHARM,JB Chemicals & Pharmaceuticals,EQ,INE572A01028,1985.0,1991.05,1949.6,1965.05,1973.0,1960.3,23063,45336232.6,4846,LEGACY
2023-02-16,LAURUSLABS,Laurus Labs,EQ,INE947Q01028,335.0,338.35,333.9,335.4,335.0,334.75,563021,189346434.95,12899,LEGACY
2023-02-16,LUPIN,Lupin,EQ,INE326A01037,670.05,686.85,669.0,681.75,680.7,669.1,963547,653526020.55,28009,LEGACY
2023-02-16,NATCOPHARM,Natco Pharma,EQ,INE987B01026,540.0,540.0,535.8,537.75,537.0,537.35,74670,40166968.3,6416,LEGACY
2023-02-16,PEL,Piramal Enterprises,EQ,INE140A01024,882.0,884.3,873.5,880.75,880.3,878.35,447219,393400592.3,20147,LEGACY
2023-02-16,PFIZER,Pfizer,EQ,INE182A01018,3850.0,3874.95,3838.9,3853.4,3844.1,3844.95,4872,18791537.1,1961,LEGACY
2023-02-16,PPLPHARMA,Piramal Pharma,EQ,INE0DK501011,87.4,92.3,84.7,91.4,91.3,86.75,6771804,602091818.4,23461,LEGACY
2023-02-16,SANOFI,Sanofi India,EQ,INE058A01010,5360.0,5379.0,5340.05,5361.05,5364.0,5350.85,6808,36480714.6,2210,LEGACY
2023-02-16,STAR,Strides Pharma Science,EQ,INE939A01011,297.85,298.8,293.15,296.0,293.65,297.5,163702,48627997.0,5362,LEGACY
2023-02-16,SUNPHARMA,Sun Pharmaceutical Industries,EQ,INE044A01036,998.9,1010.0,991.2,995.15,993.45,995.4,1678410,1678570146.65,50694,LEGACY
2023-02-16,TORNTPHARM,Torrent Pharmaceuticals,EQ,INE685A01028,1516.85,1529.0,1503.05,1510.05,1506.0,1512.3,115842,175649201.75,10129,LEGACY
2023-02-16,WOCKPHARMA,Wockhardt,EQ,INE049B01025,190.9,194.3,189.1,193.4,193.2,189.95,376414,72290824.4,7445,LEGACY
2023-02-16,ZYDUSLIFE,Zydus Lifesciences,EQ,INE010B01027,470.0,480.0,470.0,477.3,476.4,469.3,1319413,628727004.7,26811,LEGACY
2023-02-17,ABBOTINDIA,Abbott India,EQ,INE358A01014,20451.1,20475.35,20040.4,20216.2,20190.0,20425.15,8516,172240885.05,3055,LEGACY
2023-02-17,AJANTPHARM,Ajanta Pharma,EQ,INE031B01049,1197.1,1202.1,1187.4,1193.4,1187.4,1202.55,12463,14910549.55,3062,LEGACY
2023-02-17,ALKEM,Alkem Laboratories,EQ,INE540L01014,3268.0,3298.25,3250.0,3261.95,3268.0,3307.65,45807,149738438.6,7689,LEGACY
2023-02-17,APLLTD,Alembic Pharmaceuticals,EQ,INE901L01018,509.1,509.1,503.1,505.25,505.85,512.45,165173,83529678.0,5533,LEGACY
2023-02-17,AUROPHARMA,Aurobindo Pharma,EQ,INE406A01037,477.5,479.3,467.8,473.3,472.8,479.9,1008399,477790380.25,20671,LEGACY
2023-02-17,BIOCON,Biocon,EQ,INE376G01013,242.7,242.7,232.0,232.5,232.3,242.85,4081551,958800652.1,55442,LEGACY
2023-02-17,CIPLA,Cipla,EQ,INE059A01026,1035.5,1035.75,1021.15,1025.75,1027.0,1035.5,1509783,1548292635.75,73744,LEGACY
2023-02-17,DIVISLAB,Divi's Laboratories,EQ,INE361B01024,2876.0,2876.0,2826.0,2829.8,2834.45,2876.6,282100,803411360.6,27154,LEGACY
2023-02-17,DRREDDY,Dr. Reddy's Laboratories,EQ,INE089A01023,4501.2,4535.0,4463.5,4510.35,4520.1,4519.3,211207,950828127.25,22484,LEGACY
2023-02-17,GLAND,Gland Pharma,EQ,INE068V01023,1324.8,1335.0,1300.0,1307.0,1305.0,1327.75,167290,220435662.65,14220,LEGACY
2023-02-17,GLAXO,GlaxoSmithKline Pharmaceuticals,EQ,INE159A01016,1245.0,1255.0,1235.55,1242.1,1248.25,1239.1,52018,64687104.6,4826,LEGACY
2023-02-17,GLENMARK,Glenmark Pharmaceuticals,EQ,INE935A01035,433.0,440.5,431.75,435.95,435.8,435.15,1140070,498221131.3,17174,LEGACY
2023-02-17,GRANULES,Granules India,EQ,INE101D01020,292.45,294.7,286.3,287.9,286.5,292.75,653146,190239639.1,8106,LEGACY
2023-02-17,IPCALAB,IPCA Laboratories,EQ,INE571A01038,854.0,854.0,815.0,830.9,831.0,862.5,1640051,1357120543.9,58518,LEGACY
2023-02-17,JBCHEPHARM,JB Chemicals & Pharmaceuticals,EQ,INE572A01028,1956.05,1975.4,1951.1,1960.7,1952.2,1965.05,7477,14691945.15,1468,LEGACY
2023-02-17,LAURUSLABS,Laurus Labs,EQ,INE947Q01028,335.4,335.4,325.8,329.05,328.55,335.4,777934,256989405.8,14953,LEGACY
2023-02-17,LUPIN,Lupin,EQ,INE326A01037,680.0,687.45,668.05,670.2,669.05,681.75,821339,555244201.75,28305,LEGACY
2023-02-17,NATCOPHARM,Natco Pharma,EQ,INE987B01026,539.75,539.75,533.8,534.85,535.6,537.75,58553,31382836.95,4578,LEGACY
2023-02-17,PEL,Piramal Enterprises,EQ,INE140A01024,876.6,909.0,865.1,868.45,866.4,880.75,1597883,1413304130.55,45865,LEGACY
2023-02-17,PFIZER,Pfizer,EQ,INE182A01018,3855.0,3870.0,3848.15,3860.4,3869.0,3853.4,3561,13751871.6,906,LEGACY
2023-02-17,PPLPHARMA,Piramal Pharma,EQ,INE0DK501011,91.4,94.9,90.25,91.35,92.0,91.4,4933334,457615990.95,21503,LEGACY
2023-02-17,SANOFI,Sanofi India,EQ,INE058A01010,5361.05,5369.9,5349.25,5361.5,5363.5,5361.05,3611,19353909.1,966,LEGACY
2023-02-17,STAR,Strides Pharma Science,EQ,INE939A01011,294.5,298.25,294.0,296.2,297.4,296.0,97205,28780549.05,3827,LEGACY
2023-02-17,SUNPHARMA,Sun Pharmaceutical Industries,EQ,INE044A01036,992.2,996.5,982.0,984.5,983.0,995.15,1847026,1827757013.35,56857,LEGACY
2023-02-17,TORNTPHARM,Torrent Pharmaceuticals,EQ,INE685A01028,1501.55,1502.8,1486.0,1489.75,1490.1,1510.05,105007,156979298.15,7700,LEGACY
2023-02-17,WOCKPHARMA,Wockhardt,EQ,INE049B01025,192.8,194.3,189.55,190.65,190.55,193.4,275891,52869441.0,5569,LEGACY
2023-02-17,ZYDUSLIFE,Zydus Lifesciences,EQ,INE010B01027,477.3,479.15,469.45,470.65,472.05,477.3,591340,279736397.6,14957,LEGACY
2023-02-20,ABBOTINDIA,Abbott India,EQ,INE358A01014,20266.15,20266.15,19964.2,20062.95,20049.0,20216.2,7672,154008192.2,2312,LEGACY
2023-02-20,AJANTPHARM,Ajanta Pharma,EQ,INE031B01049,1192.1,1212.7,1182.0,1210.35,1212.1,1193.4,17053,20523154.5,3122,LEGACY
2023-02-20,ALKEM,Alkem Laboratories,EQ,INE540L01014,3260.0,3300.0,3227.2,3276.05,3270.0,3261.95,83615,274020934.85,8042,LEGACY
2023-02-20,APLLTD,Alembic Pharmaceuticals,EQ,INE901L01018,505.25,521.3,504.4,515.15,515.35,505.25,222587,113607194.4,11466,LEGACY
2023-02-20,AUROPHARMA,Aurobindo Pharma,EQ,INE406A01037,471.0,473.75,464.1,464.9,464.45,473.3,833905,390218784.0,18770,LEGACY
2023-02-20,BIOCON,Biocon,EQ,INE376G01013,232.5,233.7,226.5,227.7,227.35,232.5,5289644,1212777145.75,69725,LEGACY
2023-02-20,CIPLA,Cipla,EQ,INE059A01026,998.0,998.0,955.25,964.0,963.0,1025.75,5829572,5632134264.65,181191,LEGACY
2023-02-20,DIVISLAB,Divi's Laboratories,EQ,INE361B01024,2834.5,2919.0,2800.0,2900.6,2902.0,2829.8,740945,2136554332.4,55293,LEGACY
2023-02-20,DRREDDY,Dr. Reddy's Laboratories,EQ,INE089A01023,4520.0,4538.55,4468.45,4474.8,4474.25,4510.35,152349,686375997.75,19826,LEGACY
2023-02-20,GLAND,Gland Pharma,EQ,INE068V01023,1305.95,1315.0,1290.0,1305.4,1300.95,1307.0,326734,426392514.35,21996,LEGACY
2023-02-20,GLAXO,GlaxoSmithKline Pharmaceuticals,EQ,INE159A01016,1248.6,1286.05,1240.85,1278.45,1280.0,1242.1,44014,55668878.55,4792,LEGACY
2023-02-20,GLENMARK,Glenmark Pharmaceuticals,EQ,INE935A01035,433.55,436.5,428.05,432.6,431.0,435.95,956714,414214243.7,18990,LEGACY
2023-02-20,GRANULES,Granules India,EQ,INE101D01020,286.5,289.9,284.2,287.45,286.7,287.9,420539,120750162.35,7232,LEGACY
2023-02-20,IPCALAB,IPCA Laboratories,EQ,INE571A01038,825.95,844.0,819.0,832.05,830.55,830.9,325300,270452022.75,13653,LEGACY
2023-02-20,JBCHEPHARM,JB Chemicals & Pharmaceuticals,EQ,INE572A01028,1956.0,1970.95,1941.4,1952.35,1956.0,1960.7,26069,51031937.75,2897,LEGACY
2023-02-20,LAURUSLABS,Laurus Labs,EQ,INE947Q01028,329.05,337.2,325.15,331.5,331.3,329.05,1130210,373980255.8,17631,LEGACY
2023-02-20,LUPIN,Lupin,EQ,INE326A01037,670.2,675.0,658.55,667.1,665.0,670.2,577221,385482144.3,20761,LEGACY
2023-02-20,NATCOPHARM,Natco Pharma,EQ,INE987B01026,538.0,555.0,535.55,549.95,550.0,534.85,334247,182375593.75,11902,LEGACY
2023-02-20,PEL,Piramal Enterprises,EQ,INE140A01024,875.0,875.0,838.0,842.3,841.7,868.45,1109968,945877736.95,28608,LEGACY
2023-02-20,PFIZER,Pfizer,EQ,INE182A01018,3860.0,3878.9,3820.0,3827.3,3827.0,3860.4,5031,19304674.55,1562,LEGACY
2023-02-20,PPLPHARMA,Piramal Pharma,EQ,INE0DK501011,91.05,91.7,88.3,88.75,88.5,91.35,1893543,168913565.45,10223,LEGACY
2023-02-20,SANOFI,Sanofi India,EQ,INE058A01010,5370.0,5454.0,5361.5,5406.3,5441.0,5361.5,11583,62502966.7,2334,LEGACY
2023-02-20,STAR,Strides Pharma Science,EQ,INE939A01011,297.4,299.9,293.85,295.5,296.15,296.2,123530,36630991.7,4542,LEGACY
2023-02-20,SUNPHARMA,Sun Pharmaceutical Industries,EQ,INE044A01036,990.15,991.65,974.95,984.4,986.0,984.5,2157871,2122136783.5,49694,LEGACY
2023-02-20,TORNTPHARM,Torrent Pharmaceuticals,EQ,INE685A01028,1492.95,1498.45,1471.9,1481.85,1479.3,1489.75,168588,249917298.45,11487,LEGACY
2023-02-20,WOCKPHARMA,Wockhardt,EQ,INE049B01025,190.95,194.4,187.05,188.9,189.0,190.65,453724,86096153.7,9009,LEGACY
2023-02-20,ZYDUSLIFE,Zydus Lifesciences,EQ,INE010B01027,473.35,473.35,461.75,464.45,466.75,470.65,738655,344752426.85,15843,LEGACY
2023-02-21,ABBOTINDIA,Abbott India,EQ,INE358A01014,20080.0,20225.95,19900.0,20029.15,20060.8,20062.95,7853,157421893.9,2541,LEGACY
2023-02-21,AJANTPHARM,Ajanta Pharma,EQ,INE031B01049,1210.0,1228.0,1209.0,1219.65,1211.0,1210.35,27734,33800923.25,4507,LEGACY
2023-02-21,ALKEM,Alkem Laboratories,EQ,INE540L01014,3270.0,3309.0,3245.35,3255.65,3260.0,3276.05,50577,165992918.95,9088,LEGACY
2023-02-21,APLLTD,Alembic Pharmaceuticals,EQ,INE901L01018,515.15,522.35,506.0,520.45,521.2,515.15,378086,195074652.3,17521,LEGACY
2023-02-21,AUROPHARMA,Aurobindo Pharma,EQ,INE406A01037,468.0,468.0,458.75,460.0,460.0,464.9,1202669,557387756.45,29673,LEGACY
2023-02-21,BIOCON,Biocon,EQ,INE376G01013,228.0,229.15,225.7,227.15,227.4,227.7,2613050,594815256.55,41343,LEGACY
2023-02-21,CIPLA,Cipla,EQ,INE059A01026,969.8,979.1,963.5,965.95,971.0,964.0,2042234,1983934466.15,86404,LEGACY
2023-02-21,DIVISLAB,Divi's Laboratories,EQ,INE361B01024,2910.75,2928.3,2883.2,2918.6,2920.0,2900.6,419138,1220746422.5,39633,LEGACY
2023-02-21,DRREDDY,Dr. Reddy's Laboratories,EQ,INE089A01023,4504.3,4504.3,4458.8,4486.15,4500.0,4474.8,158326,708944316.3,21492,LEGACY
2023-02-21,GLAND,Gland Pharma,EQ,INE068V01023,1311.95,1347.7,1304.2,1329.65,1324.05,1305.4,781381,1038219952.2,39289,LEGACY
2023-02-21,GLAXO,GlaxoSmithKline Pharmaceuticals,EQ,INE159A01016,1275.9,1298.5,1266.8,1295.45,1295.15,1278.45,156843,200559309.8,3448,LEGACY
2023-02-21,GLENMARK,Glenmark Pharmaceuticals,EQ,INE935A01035,432.9,438.7,430.55,435.6,435.35,432.6,537682,234297657.4,12793,LEGACY
2023-02-21,GRANULES,Granules India,EQ,INE101D01020,287.45,289.25,285.55,286.25,286.4,287.45,385107,110635541.45,6634,LEGACY
2023-02-21,IPCALAB,IPCA Laboratories,EQ,INE571A01038,832.0,834.0,812.75,813.6,813.1,832.05,518835,426300542.75,22518,LEGACY
2023-02-21,JBCHEPHARM,JB Chemicals & Pharmaceuticals,EQ,INE572A01028,1955.05,1970.6,1941.0,1957.7,1960.0,1952.35,15062,29440740.15,3728,LEGACY
2023-02-21,LAURUSLABS,Laurus Labs,EQ,INE947Q01028,331.3,332.65,326.1,326.85,326.9,331.5,708327,233216309.05,13089,LEGACY
2023-02-21,LUPIN,Lupin,EQ,INE326A01037,666.95,674.05,662.25,670.45,671.3,667.1,464576,311155350.1,15459,LEGACY
2023-02-21,NATCOPHARM,Natco Pharma,EQ,INE987B01026,550.0,554.0,544.4,547.8,548.75,549.95,107506,58961954.9,6076,LEGACY
2023-02-21,PEL,Piramal Enterprises,EQ,INE140A01024,842.0,845.0,823.5,826.85,824.6,842.3,2187222,1820473529.85,32840,LEGACY
2023-02-21,PFIZER,Pfizer,EQ,INE182A01018,3834.95,3839.9,3812.0,3820.45,3816.0,3827.3,3261,12478144.25,1039,LEGACY
2023-02-21,PPLPHARMA,Piramal Pharma,EQ,INE0DK501011,89.1,89.15,85.7,86.55,86.25,88.75,2542984,220624462.35,21638,LEGACY
2023-02-21,SANOFI,Sanofi India,EQ,INE058A01010,5433.6,5433.6,5386.05,5395.85,5399.9,5406.3,5465,29515308.25,1446,LEGACY
2023-02-21,STAR,Strides Pharma Science,EQ,INE939A01011,296.0,309.4,294.8,297.05,296.9,295.5,462778,139573709.3,12940,LEGACY
2023-02-21,SUNPHARMA,Sun Pharmaceutical Industries,EQ,INE044A01036,990.0,990.8,969.15,971.6,973.4,984.4,1771813,1729006961.15,65844,LEGACY
2023-02-21,TORNTPHARM,Torrent Pharmaceuticals,EQ,INE685A01028,1484.85,1496.55,1475.9,1484.95,1485.3,1481.85,310436,461819281.65,28616,LEGACY
2023-02-21,WOCKPHARMA,Wockhardt,EQ,INE049B01025,190.0,194.25,188.8,192.8,194.1,188.9,412603,78996168.95,6951,LEGACY
2023-02-21,ZYDUSLIFE,Zydus Lifesciences,EQ,INE010B01027,466.7,472.3,463.3,468.45,469.0,464.45,693825,325796340.0,25266,LEGACY
2023-02-22,ABBOTINDIA,Abbott India,EQ,INE358A01014,20005.1,20298.95,19968.1,20216.2,20297.05,20029.15,9198,185933450.2,3866,LEGACY
2023-02-22,AJANTPHARM,Ajanta Pharma,EQ,INE031B01049,1215.15,1236.1,1208.6,1214.7,1213.0,1219.65,52534,64287005.55,9242,LEGACY
2023-02-22,ALKEM,Alkem Laboratories,EQ,INE540L01014,3255.65,3292.0,3235.75,3276.4,3278.9,3255.65,75751,247517076.7,12663,LEGACY
2023-02-22,APLLTD,Alembic Pharmaceuticals,EQ,INE901L01018,519.7,524.95,515.25,520.8,521.0,520.45,299436,155447632.6,9603,LEGACY
2023-02-22,AUROPHARMA,Aurobindo Pharma,EQ,INE406A01037,459.95,474.0,458.05,470.25,470.0,460.0,2578321,1209752127.5,51199,LEGACY
2023-02-22,BIOCON,Biocon,EQ,INE376G01013,227.3,228.0,221.45,222.25,222.05,227.15,2512629,563140207.8,46318,LEGACY
2023-02-22,CIPLA,Cipla,EQ,INE059A01026,966.6,972.8,959.05,962.55,965.95,965.95,1602953,1548320718.8,67013,LEGACY
2023-02-22,DIVISLAB,Divi's Laboratories,EQ,INE361B01024,2915.6,2936.6,2904.35,2920.55,2913.5,2918.6,461368,1349933033.8,30600,LEGACY
2023-02-22,DRREDDY,Dr. Reddy's Laboratories,EQ,INE089A01023,4486.9,4520.2,4469.4,4476.7,4482.0,4486.15,176461,792383043.0,24831,LEGACY
2023-02-22,GLAND,Gland Pharma,EQ,INE068V01023,1337.0,1360.95,1306.25,1326.5,1325.95,1329.65,610922,813486137.9,33320,LEGACY
2023-02-22,GLAXO,GlaxoSmithKline Pharmaceuticals,EQ,INE159A01016,1281.35,1296.0,1272.8,1291.1,1294.5,1295.45,82592,106560617.4,3651,LEGACY
2023-02-22,GLENMARK,Glenmark Pharmaceuticals,EQ,INE935A01035,434.75,444.75,428.05,442.9,444.45,435.6,1374248,604697971.7,32908,LEGACY
2023-02-22,GRANULES,Granules India,EQ,INE101D01020,285.0,285.95,279.15,280.0,280.25,286.25,606292,170822146.8,9225,LEGACY
2023-02-22,IPCALAB,IPCA Laboratories,EQ,INE571A01038,813.25,826.55,808.0,820.05,823.0,813.6,361131,295589369.35,14478,LEGACY
2023-02-22,JBCHEPHARM,JB Chemicals & Pharmaceuticals,EQ,INE572A01028,1952.0,1957.75,1906.55,1918.25,1921.7,1957.7,44383,85909965.25,5282,LEGACY
2023-02-22,LAURUSLABS,Laurus Labs,EQ,INE947Q01028,326.45,328.95,317.0,317.4,317.5,326.85,1221792,393090733.2,23339,LEGACY
2023-02-22,LUPIN,Lupin,EQ,INE326A01037,670.9,676.7,660.65,664.0,662.2,670.45,685172,457026659.85,24551,LEGACY
2023-02-22,NATCOPHARM,Natco Pharma,EQ,INE987B01026,548.75,551.55,541.65,544.1,545.7,547.8,70164,38314740.95,4827,LEGACY
2023-02-22,PEL,Piramal Enterprises,EQ,INE140A01024,825.0,827.9,804.0,806.75,807.8,826.85,691783,561752786.75,24640,LEGACY
2023-02-22,PFIZER,Pfizer,EQ,INE182A01018,3816.65,3840.0,3789.8,3837.05,3840.0,3820.45,5010,19126114.6,1487,LEGACY
2023-02-22,PPLPHARMA,Piramal Pharma,EQ,INE0DK501011,86.0,86.2,83.9,84.1,83.9,86.55,2232518,189317181.65,16056,LEGACY
2023-02-22,SANOFI,Sanofi India,EQ,INE058A01010,5395.85,5408.55,5385.05,5399.3,5390.0,5395.85,7235,39059391.05,1440,LEGACY
2023-02-22,STAR,Strides Pharma Science,EQ,INE939A01011,297.0,299.95,290.5,298.65,297.95,297.05,215221,63706398.7,8266,LEGACY
2023-02-22,SUNPHARMA,Sun Pharmaceutical Industries,EQ,INE044A01036,971.55,978.0,966.0,968.55,967.0,971.6,2605147,2531868459.45,112440,LEGACY
2023-02-22,TORNTPHARM,Torrent Pharmaceuticals,EQ,INE685A01028,1485.0,1493.4,1476.35,1480.95,1483.75,1484.95,148246,220053571.4,16925,LEGACY
2023-02-22,WOCKPHARMA,Wockhardt,EQ,INE049B01025,196.5,205.95,194.2,196.35,195.2,192.8,4015628,805897596.9,47495,LEGACY
2023-02-22,ZYDUSLIFE,Zydus Lifesciences,EQ,INE010B01027,467.7,469.45,460.1,464.25,464.25,468.45,715217,332047951.0,11940,LEGACY
2023-02-23,ABBOTINDIA,Abbott India,EQ,INE358A01014,20327.55,20650.0,20022.55,20489.5,20616.0,20216.2,13048,264759680.75,3300,LEGACY
2023-02-23,AJANTPHARM,Ajanta Pharma,EQ,INE031B01049,1204.05,1218.0,1165.0,1170.7,1168.0,1214.7,68102,80983524.8,11285,LEGACY
2023-02-23,ALKEM,Alkem Laboratories,EQ,INE540L01014,3269.0,3292.1,3249.05,3275.5,3252.1,3276.4,108550,354494207.6,9903,LEGACY
2023-02-23,APLLTD,Alembic Pharmaceuticals,EQ,INE901L01018,520.8,525.6,516.1,524.8,525.0,520.8,60994,31803154.7,4694,LEGACY
2023-02-23,AUROPHARMA,Aurobindo Pharma,EQ,INE406A01037,469.0,471.0,465.35,467.6,467.6,470.25,1230699,576014476.9,24869,LEGACY
2023-02-23,BIOCON,Biocon,EQ,INE376G01013,223.4,223.95,219.0,220.0,220.0,222.25,4162618,917130554.4,47467,LEGACY
2023-02-23,CIPLA,Cipla,EQ,INE059A01026,965.0,967.45,956.0,960.3,960.0,962.55,1216409,1168773739.05,59818,LEGACY
2023-02-23,DIVISLAB,Divi's Laboratories,EQ,INE361B01024,2920.55,2935.0,2866.0,2873.2,2875.0,2920.55,432267,1250783716.85,41217,LEGACY
2023-02-23,DRREDDY,Dr. Reddy's Laboratories,EQ,INE089A01023,4476.1,4515.0,4441.0,4449.6,4451.3,4476.7,237568,1061119822.6,31019,LEGACY
2023-02-23,GLAND,Gland Pharma,EQ,INE068V01023,1326.65,1326.65,1305.0,1315.7,1312.0,1326.5,256787,336927749.65,14980,LEGACY
2023-02-23,GLAXO,GlaxoSmithKline Pharmaceuticals,EQ,INE159A01016,1293.95,1304.0,1286.0,1299.2,1299.0,1291.1,127238,164312832.3,2336,LEGACY
2023-02-23,GLENMARK,Glenmark Pharmaceuticals,EQ,INE935A01035,444.0,453.8,440.35,448.2,448.15,442.9,2364540,1058081692.5,34362,LEGACY
2023-02-23,GRANULES,Granules India,EQ,INE101D01020,280.0,284.5,277.5,283.35,282.65,280.0,940249,265113566.75,10947,LEGACY
2023-02-23,IPCALAB,IPCA Laboratories,EQ,INE571A01038,820.05,825.0,808.8,819.9,819.9,820.05,559242,455884351.05,19289,LEGACY
2023-02-23,JBCHEPHARM,JB Chemicals & Pharmaceuticals,EQ,INE572A01028,1928.3,1964.95,1906.55,1950.95,1950.3,1918.25,47127,91767438.15,6435,LEGACY
2023-02-23,LAURUSLABS,Laurus Labs,EQ,INE947Q01028,318.35,319.5,313.95,316.2,316.75,317.4,1006771,318905420.95,16391,LEGACY
2023-02-23,LUPIN,Lupin,EQ,INE326A01037,666.95,667.35,657.0,658.35,660.4,664.0,555300,366983841.8,20052,LEGACY
2023-02-23,NATCOPHARM,Natco Pharma,EQ,INE987B01026,541.0,543.85,530.45,537.95,538.05,544.1,104900,56378383.5,6291,LEGACY
2023-02-23,PEL,Piramal Enterprises,EQ,INE140A01024,807.4,812.15,790.2,794.25,796.0,806.75,1253230,998297141.6,32715,LEGACY
2023-02-23,PFIZER,Pfizer,EQ,INE182A01018,3825.0,3913.55,3800.0,3810.65,3800.0,3837.05,6464,24848671.9,1901,LEGACY
2023-02-23,PPLPHARMA,Piramal Pharma,EQ,INE0DK501011,84.1,84.6,82.25,83.05,83.35,84.1,1530588,127254954.75,11922,LEGACY
2023-02-23,SANOFI,Sanofi India,EQ,INE058A01010,5425.95,5427.7,5345.3,5358.55,5369.0,5399.3,11100,59752188.7,2128,LEGACY
2023-02-23,STAR,Strides Pharma Science,EQ,INE939A01011,300.0,301.75,296.7,298.65,299.0,298.65,97158,29016527.55,4299,LEGACY
2023-02-23,SUNPHARMA,Sun Pharmaceutical Industries,EQ,INE044A01036,973.0,977.25,964.05,972.5,972.95,968.55,2835983,2754934206.3,105316,LEGACY
2023-02-23,TORNTPHARM,Torrent Pharmaceuticals,EQ,INE685A01028,1487.45,1493.0,1473.6,1481.45,1481.5,1480.95,253964,376590095.55,26472,LEGACY
2023-02-23,WOCKPHARMA,Wockhardt,EQ,INE049B01025,196.5,201.5,192.55,198.25,198.95,196.35,826277,163184918.8,13286,LEGACY
2023-02-23,ZYDUSLIFE,Zydus Lifesciences,EQ,INE010B01027,465.65,469.95,459.05,467.85,467.75,464.25,841905,392322262.8,14380,LEGACY
2023-02-24,ABBOTINDIA,Abbott India,EQ,INE358A01014,20591.95,20723.85,20072.15,20154.6,20250.0,20489.5,12180,247518664.5,3758,LEGACY
2023-02-24,AJANTPHARM,Ajanta Pharma,EQ,INE031B01049,1162.0,1194.0,1161.0,1171.7,1180.0,1170.7,36985,43572239.4,8731,LEGACY
2023-02-24,ALKEM,Alkem Laboratories,EQ,INE540L01014,3285.0,3329.0,3275.0,3297.35,3299.0,3275.5,237037,784696811.15,12659,LEGACY
2023-02-24,APLLTD,Alembic Pharmaceuticals,EQ,INE901L01018,526.5,535.0,522.55,531.3,530.0,524.8,92489,48811832.9,7511,LEGACY
2023-02-24,AUROPHARMA,Aurobindo Pharma,EQ,INE406A01037,469.1,473.0,461.8,469.25,468.15,467.6,1335000,622745575.5,30484,LEGACY
2023-02-24,BIOCON,Biocon,EQ,INE376G01013,220.8,228.1,217.35,226.3,226.5,220.0,4747013,1054660820.2,53306,LEGACY
2023-02-24,CIPLA,Cipla,EQ,INE059A01026,961.1,966.0,955.0,961.8,966.0,960.3,1585383,1521410737.05,68687,LEGACY
2023-02-24,DIVISLAB,Divi's Laboratories,EQ,INE361B01024,2879.95,2972.0,2879.95,2915.2,2910.0,2873.2,890366,2612879428.9,72744,LEGACY
2023-02-24,DRREDDY,Dr. Reddy's Laboratories,EQ,INE089A01023,4464.9,4510.0,4441.8,4491.1,4490.0,4449.6,352966,1580904061.6,50402,LEGACY
2023-02-24,GLAND,Gland Pharma,EQ,INE068V01023,1315.9,1326.0,1254.0,1288.3,1288.0,1315.7,144764,188848320.55,11392,LEGACY
2023-02-24,GLAXO,GlaxoSmithKline Pharmaceuticals,EQ,INE159A01016,1293.2,1320.0,1293.2,1312.4,1313.0,1299.2,40792,53517778.05,6761,LEGACY
2023-02-24,GLENMARK,Glenmark Pharmaceuticals,EQ,INE935A01035,448.0,450.45,437.0,438.55,438.0,448.2,615723,272931964.45,16157,LEGACY
2023-02-24,GRANULES,Granules India,EQ,INE101D01020,282.7,287.4,281.75,285.45,285.8,283.35,587900,167306359.55,10075,LEGACY
2023-02-24,IPCALAB,IPCA Laboratories,EQ,INE571A01038,819.9,822.3,800.0,805.45,806.0,819.9,616458,498873633.85,21658,LEGACY
2023-02-24,JBCHEPHARM,JB Chemicals & Pharmaceuticals,EQ,INE572A01028,1935.0,1975.0,1916.0,1967.4,1968.1,1950.95,54300,106076951.85,6251,LEGACY
2023-02-24,LAURUSLABS,Laurus Labs,EQ,INE947Q01028,316.05,320.9,315.1,316.9,317.2,316.2,850232,269802304.95,15753,LEGACY
2023-02-24,LUPIN,Lupin,EQ,INE326A01037,662.05,665.5,651.1,659.35,658.25,658.35,486352,319595208.15,18731,LEGACY
2023-02-24,NATCOPHARM,Natco Pharma,EQ,INE987B01026,540.65,545.0,535.0,539.5,538.0,537.95,131082,71089376.65,4185,LEGACY
2023-02-24,PEL,Piramal Enterprises,EQ,INE140A01024,796.05,805.0,791.05,794.15,796.5,794.25,1163498,927976632.15,26247,LEGACY
2023-02-24,PFIZER,Pfizer,EQ,INE182A01018,3781.0,3833.95,3781.0,3807.7,3796.5,3810.65,4028,15344600.5,1302,LEGACY
2023-02-24,PPLPHARMA,Piramal Pharma,EQ,INE0DK501011,83.5,83.9,81.7,82.35,82.1,83.05,1506772,124520254.65,12637,LEGACY
2023-02-24,SANOFI,Sanofi India,EQ,INE058A01010,5600.0,5626.5,5522.25,5563.15,5574.05,5358.55,120750,671869698.8,18993,LEGACY
2023-02-24,STAR,Strides Pharma Science,EQ,INE939A01011,299.65,309.0,297.1,297.8,297.5,298.65,258044,77724183.0,9620,LEGACY
2023-02-24,SUNPHARMA,Sun Pharmaceutical Industries,EQ,INE044A01036,970.6,983.35,963.7,970.5,968.3,972.5,1823835,1774060168.2,114052,LEGACY
2023-02-24,TORNTPHARM,Torrent Pharmaceuticals,EQ,INE685A01028,1485.0,1509.0,1468.0,1480.45,1482.85,1481.45,347348,517131501.85,32312,LEGACY
2023-02-24,WOCKPHARMA,Wockhardt,EQ,INE049B01025,199.3,200.2,193.65,194.55,194.0,198.25,333173,65243331.75,6451,LEGACY
2023-02-24,ZYDUSLIFE,Zydus Lifesciences,EQ,INE010B01027,468.5,471.65,461.5,466.45,467.35,467.85,892849,415039242.35,13793,LEGACY
2023-02-27,ABBOTINDIA,Abbott India,EQ,INE358A01014,20232.55,20660.0,20052.0,20582.35,20501.0,20154.6,17630,360082283.65,4612,LEGACY
2023-02-27,AJANTPHARM,Ajanta Pharma,EQ,INE031B01049,1176.15,1189.4,1162.9,1170.45,1172.4,1171.7,24371,28625171.4,4358,LEGACY
2023-02-27,ALKEM,Alkem Laboratories,EQ,INE540L01014,3297.0,3297.0,3253.3,3272.6,3270.0,3297.35,53733,175982313.95,8948,LEGACY
2023-02-27,APLLTD,Alembic Pharmaceuticals,EQ,INE901L01018,527.0,529.9,507.5,510.05,510.0,531.3,148299,76196013.7,12989,LEGACY
2023-02-27,AUROPHARMA,Aurobindo Pharma,EQ,INE406A01037,469.25,470.25,456.0,458.2,459.0,469.25,1045308,479901503.5,28285,LEGACY
2023-02-27,BIOCON,Biocon,EQ,INE376G01013,226.3,230.4,222.5,229.6,230.0,226.3,3574047,810417140.6,53025,LEGACY
2023-02-27,CIPLA,Cipla,EQ,INE059A01026,965.6,968.6,948.65,950.2,951.8,961.8,1377270,1316810820.15,62505,LEGACY
2023-02-27,DIVISLAB,Divi's Laboratories,EQ,INE361B01024,2917.0,2917.0,2845.0,2858.5,2862.0,2915.2,216200,619506871.6,25675,LEGACY
2023-02-27,DRREDDY,Dr. Reddy's Laboratories,EQ,INE089A01023,4491.1,4491.1,4355.0,4421.0,4411.0,4491.1,274114,1207954577.15,31182,LEGACY
2023-02-27,GLAND,Gland Pharma,EQ,INE068V01023,1291.55,1291.55,1265.0,1273.3,1275.0,1288.3,202969,258846804.25,16111,LEGACY
2023-02-27,GLAXO,GlaxoSmithKline Pharmaceuticals,EQ,INE159A01016,1316.5,1322.5,1292.55,1319.45,1319.0,1312.4,25520,33402231.75,3634,LEGACY
2023-02-27,GLENMARK,Glenmark Pharmaceuticals,EQ,INE935A01035,436.0,440.9,429.0,432.45,433.15,438.55,516598,223709331.3,14535,LEGACY
2023-02-27,GRANULES,Granules India,EQ,INE101D01020,285.0,287.8,280.6,281.1,280.95,285.45,434645,122666638.45,9112,LEGACY
2023-02-27,IPCALAB,IPCA Laboratories,EQ,INE571A01038,806.0,815.0,802.45,811.35,811.0,805.45,233543,188689516.6,14859,LEGACY
2023-02-27,JBCHEPHARM,JB Chemicals & Pharmaceuticals,EQ,INE572A01028,1967.4,2003.8,1952.3,1998.15,1985.0,1967.4,64092,126431945.2,4202,LEGACY
2023-02-27,LAURUSLABS,Laurus Labs,EQ,INE947Q01028,316.9,317.2,309.6,315.15,315.3,316.9,1161275,363367842.85,22412,LEGACY
2023-02-27,LUPIN,Lupin,EQ,INE326A01037,655.15,660.75,645.3,654.6,653.05,659.35,1267994,825370914.8,26405,LEGACY
2023-02-27,NATCOPHARM,Natco Pharma,EQ,INE987B01026,541.7,545.8,534.3,542.8,541.55,539.5,124487,67440169.8,8131,LEGACY
2023-02-27,PEL,Piramal Enterprises,EQ,INE140A01024,796.55,801.0,773.7,783.55,788.0,794.15,849256,667539047.4,35749,LEGACY
2023-02-27,PFIZER,Pfizer,EQ,INE182A01018,3808.0,3825.95,3780.0,3805.25,3805.0,3807.7,4760,18100929.3,1514,LEGACY
2023-02-27,PPLPHARMA,Piramal Pharma,EQ,INE0DK501011,82.3,82.3,79.0,79.8,79.6,82.35,3736554,298664875.3,16970,LEGACY
2023-02-27,SANOFI,Sanofi India,EQ,INE058A01010,5590.0,5940.0,5575.1,5864.25,5890.0,5563.15,163201,947686109.5,22825,LEGACY
2023-02-27,STAR,Strides Pharma Science,EQ,INE939A01011,296.1,300.0,292.05,298.55,298.0,297.8,140364,41613628.65,6337,LEGACY
2023-02-27,SUNPHARMA,Sun Pharmaceutical Industries,EQ,INE044A01036,970.5,972.55,960.05,965.05,963.9,970.5,1548675,1495769223.8,63595,LEGACY
2023-02-27,TORNTPHARM,Torrent Pharmaceuticals,EQ,INE685A01028,1480.3,1490.15,1469.9,1477.35,1475.15,1480.45,255798,378307353.0,21025,LEGACY
2023-02-27,WOCKPHARMA,Wockhardt,EQ,INE049B01025,193.0,194.4,189.1,191.05,190.1,194.55,341907,65251999.3,6285,LEGACY
2023-02-27,ZYDUSLIFE,Zydus Lifesciences,EQ,INE010B01027,466.35,466.35,452.2,456.05,456.5,466.45,937558,427941810.55,20439,LEGACY
2023-02-28,ABBOTINDIA,Abbott India,EQ,INE358A01014,20520.5,20651.2,20127.15,20210.55,20180.0,20582.35,11412,232208123.0,2829,LEGACY
2023-02-28,AJANTPHARM,Ajanta Pharma,EQ,INE031B01049,1171.1,1191.0,1167.4,1182.2,1179.0,1170.45,58466,69054284.55,8599,LEGACY
2023-02-28,ALKEM,Alkem Laboratories,EQ,INE540L01014,3310.0,3310.0,3144.7,3175.0,3185.05,3272.6,131796,421113102.05,11006,LEGACY
2023-02-28,APLLTD,Alembic Pharmaceuticals,EQ,INE901L01018,511.0,516.0,505.7,511.3,516.0,510.05,57433,29275313.75,4586,LEGACY
2023-02-28,AUROPHARMA,Aurobindo Pharma,EQ,INE406A01037,458.8,466.9,456.9,462.75,461.0,458.2,1828482,846592218.4,38514,LEGACY
2023-02-28,BIOCON,Biocon,EQ,INE376G01013,225.0,232.05,223.3,229.15,229.5,229.6,51617861,11820852164.85,147231,LEGACY
2023-02-28,CIPLA,Cipla,EQ,INE059A01026,945.9,945.9,903.1,906.4,905.8,950.2,5380673,4943095705.65,180501,LEGACY
2023-02-28,DIVISLAB,Divi's Laboratories,EQ,INE361B01024,2867.1,2882.5,2816.5,2825.6,2835.25,2858.5,340040,967417155.4,31917,LEGACY
2023-02-28,DRREDDY,Dr. Reddy's Laboratories,EQ,INE089A01023,4439.0,4439.0,4300.0,4316.6,4314.0,4421.0,539975,2346634078.6,48040,LEGACY
2023-02-28,GLAND,Gland Pharma,EQ,INE068V01023,1275.0,1349.0,1265.0,1318.05,1340.0,1273.3,914979,1204176319.2,31905,LEGACY
2023-02-28,GLAXO,GlaxoSmithKline Pharmaceuticals,EQ,INE159A01016,1318.5,1350.0,1309.05,1336.25,1344.45,1319.45,103192,137070937.25,10319,LEGACY
2023-02-28,GLENMARK,Glenmark Pharmaceuticals,EQ,INE935A01035,434.9,435.0,421.0,428.75,429.7,432.45,967570,414612473.9,22349,LEGACY
2023-02-28,GRANULES,Granules India,EQ,INE101D01020,281.9,285.1,279.2,280.1,282.2,281.1,435298,122633108.05,5056,LEGACY
2023-02-28,IPCALAB,IPCA Laboratories,EQ,INE571A01038,806.1,818.1,805.0,807.95,805.0,811.35,140848,114201163.45,10849,LEGACY
2023-02-28,JBCHEPHARM,JB Chemicals & Pharmaceuticals,EQ,INE572A01028,2008.0,2008.0,1931.1,1938.7,1950.0,1998.15,52933,103337045.15,9573,LEGACY
2023-02-28,LAURUSLABS,Laurus Labs,EQ,INE947Q01028,315.15,318.0,313.0,314.35,314.0,315.15,796465,251425787.95,14494,LEGACY
2023-02-28,LUPIN,Lupin,EQ,INE326A01037,653.05,665.25,650.4,659.25,658.1,654.6,1559108,1026201995.2,31414,LEGACY
2023-02-28,NATCOPHARM,Natco Pharma,EQ,INE987B01026,544.8,545.5,536.55,537.95,540.0,542.8,62549,33762802.65,5468,LEGACY
2023-02-28,PEL,Piramal Enterprises,EQ,INE140A01024,787.0,788.7,765.1,770.65,770.5,783.55,785061,609367737.6,28219,LEGACY
2023-02-28,PFIZER,Pfizer,EQ,INE182A01018,3796.55,3832.0,3768.05,3794.2,3782.0,3805.25,7427,28224404.2,1813,LEGACY
2023-02-28,PPLPHARMA,Piramal Pharma,EQ,INE0DK501011,80.05,80.65,78.3,78.8,78.75,79.8,1681395,133751276.0,11051,LEGACY
2023-02-28,SANOFI,Sanofi India,EQ,INE058A01010,5874.9,5980.0,5760.0,5843.3,5789.0,5864.25,65211,383535927.95,10923,LEGACY
2023-02-28,STAR,Strides Pharma Science,EQ,INE939A01011,299.0,301.9,294.1,299.6,300.1,298.55,149828,44697086.75,5283,LEGACY
2023-02-28,SUNPHARMA,Sun Pharmaceutical Industries,EQ,INE044A01036,969.0,976.0,954.0,956.6,958.4,965.05,3819644,3675419716.7,117135,LEGACY
2023-02-28,TORNTPHARM,Torrent Pharmaceuticals,EQ,INE685A01028,1476.0,1497.35,1454.0,1459.85,1465.0,1477.35,457718,672653147.2,27312,LEGACY
2023-02-28,WOCKPHARMA,Wockhardt,EQ,INE049B01025,191.0,191.45,186.55,187.25,186.9,191.05,370016,69601513.7,6616,LEGACY
2023-02-28,ZYDUSLIFE,Zydus Lifesciences,EQ,INE010B01027,457.4,467.0,454.4,465.8,464.0,456.05,835580,387567740.3,20106,LEGACY
2023-03-01,ABBOTINDIA,Abbott India,EQ,INE358A01014,20216.0,20666.0,20160.0,20460.6,20450.0,20210.55,8852,180779814.2,3847,LEGACY
2023-03-01,AJANTPHARM,Ajanta Pharma,EQ,INE031B01049,1179.8,1182.55,1174.95,1178.95,1180.0,1182.2,37352,44041975.05,4857,LEGACY
2023-03-01,ALKEM,Alkem Laboratories,EQ,INE540L01014,3175.0,3202.0,3108.0,3119.2,3119.9,3175.0,107004,335688062.4,13676,LEGACY
2023-03-01,APLLTD,Alembic Pharmaceuticals,EQ,INE901L01018,509.8,512.15,506.0,507.25,506.3,511.3,46797,23782524.8,3778,LEGACY
2023-03-01,AUROPHARMA,Aurobindo Pharma,EQ,INE406A01037,459.9,465.0,455.65,463.65,464.35,462.75,1115997,514706619.5,27675,LEGACY
2023-03-01,BIOCON,Biocon,EQ,INE376G01013,230.8,232.7,226.85,227.15,227.8,229.15,3583078,820304123.95,37992,LEGACY
2023-03-01,CIPLA,Cipla,EQ,INE059A01026,907.8,910.25,896.0,899.6,899.9,906.4,3496231,3152689365.5,229754,LEGACY
2023-03-01,DIVISLAB,Divi's Laboratories,EQ,INE361B01024,2836.5,2857.0,2823.0,2845.3,2846.0,2825.6,154311,438066282.1,18386,LEGACY
2023-03-01,DRREDDY,Dr. Reddy's Laboratories,EQ,INE089A01023,4316.45,4357.15,4297.0,4344.2,4352.0,4316.6,199103,862339432.45,32349,LEGACY
2023-03-01,GLAND,Gland Pharma,EQ,INE068V01023,1320.0,1327.2,1280.0,1292.75,1289.5,1318.05,201346,262262460.8,16897,LEGACY
2023-03-01,GLAXO,GlaxoSmithKline Pharmaceuticals,EQ,INE159A01016,1336.7,1341.0,1321.0,1336.5,1335.0,1336.25,19857,26426778.1,3759,LEGACY
2023-03-01,GLENMARK,Glenmark Pharmaceuticals,EQ,INE935A01035,430.9,430.9,423.0,429.1,428.1,428.75,612379,262133580.9,16964,LEGACY
2023-03-01,GRANULES,Granules India,EQ,INE101D01020,280.35,284.8,279.7,283.5,283.95,280.1,358809,101496181.25,5510,LEGACY
2023-03-01,IPCALAB,IPCA Laboratories,EQ,INE571A01038,810.35,811.2,801.05,807.7,806.0,807.95,236744,190756256.7,24323,LEGACY
2023-03-01,JBCHEPHARM,JB Chemicals & Pharmaceuticals,EQ,INE572A01028,1948.4,1998.0,1945.0,1991.85,1991.2,1938.7,21848,43194868.9,4602,LEGACY
2023-03-01,LAURUSLABS,Laurus Labs,EQ,INE947Q01028,314.35,316.75,313.15,314.15,314.35,314.35,546856,172309575.3,12151,LEGACY
2023-03-01,LUPIN,Lupin,EQ,INE326A01037,653.2,662.5,651.3,661.4,662.5,659.25,721794,474665943.65,21376,LEGACY
2023-03-01,NATCOPHARM,Natco Pharma,EQ,INE987B01026,544.0,545.0,537.25,538.7,539.0,537.95,151461,81769124.1,5697,LEGACY
2023-03-01,PEL,Piramal Enterprises,EQ,INE140A01024,773.9,783.5,763.0,778.5,778.0,770.65,1483910,1149031754.6,28565,LEGACY
2023-03-01,PFIZER,Pfizer,EQ,INE182A01018,3804.0,3825.85,3790.0,3811.2,3808.25,3794.2,3138,11951955.7,1112,LEGACY
2023-03-01,PPLPHARMA,Piramal Pharma,EQ,INE0DK501011,78.9,81.3,78.25,79.95,79.85,78.8,2304426,184260261.9,14270,LEGACY
2023-03-01,SANOFI,Sanofi India,EQ,INE058A01010,5899.0,5899.0,5707.2,5812.85,5805.0,5843.3,31255,181026190.75,7860,LEGACY
2023-03-01,STAR,Strides Pharma Science,EQ,INE939A01011,300.05,301.15,296.0,296.55,296.15,299.6,115681,34472139.85,4315,LEGACY
2023-03-01,SUNPHARMA,Sun Pharmaceutical Industries,EQ,INE044A01036,951.0,966.05,951.0,959.3,959.95,956.6,1862513,1789724304.45,66930,LEGACY
2023-03-01,TORNTPHARM,Torrent Pharmaceuticals,EQ,INE685A01028,1451.3,1478.5,1445.55,1475.35,1472.15,1459.85,382705,561509684.35,33544,LEGACY
2023-03-01,WOCKPHARMA,Wockhardt,EQ,INE049B01025,187.0,189.85,186.9,188.75,189.2,187.25,275835,52085489.2,5783,LEGACY
2023-03-01,ZYDUSLIFE,Zydus Lifesciences,EQ,INE010B01027,468.95,476.0,463.05,473.55,472.4,465.8,1468140,691797350.0,46111,LEGACY
2023-03-02,ABBOTINDIA,Abbott India,EQ,INE358A01014,20460.0,20460.0,20051.05,20094.85,20065.1,20460.6,6727,135914353.2,2778,LEGACY
2023-03-02,AJANTPHARM,Ajanta Pharma,EQ,INE031B01049,1180.0,1186.0,1162.05,1170.55,1170.1,1178.95,510348,593957859.5,6592,LEGACY
2023-03-02,ALKEM,Alkem Laboratories,EQ,INE540L01014,3108.0,3132.0,3071.05,3126.5,3130.0,3119.2,61019,189787229.3,9344,LEGACY
2023-03-02,APLLTD,Alembic Pharmaceuticals,EQ,INE901L01018,509.25,509.25,500.05,503.3,501.0,507.25,72471,36567144.45,3911,LEGACY
2023-03-02,AUROPHARMA,Aurobindo Pharma,EQ,INE406A01037,463.0,468.5,460.3,462.9,461.9,463.65,860657,398850830.95,23947,LEGACY
2023-03-02,BIOCON,Biocon,EQ,INE376G01013,225.1,227.15,221.35,223.5,223.0,227.15,5807866,1299579269.75,43902,LEGACY
2023-03-02,CIPLA,Cipla,EQ,INE059A01026,901.95,903.0,884.5,886.45,887.0,899.6,1887367,1678620722.9,113423,LEGACY
2023-03-02,DIVISLAB,Divi's Laboratories,EQ,INE361B01024,2859.0,2871.3,2827.35,2861.15,2850.0,2845.3,236175,673572525.6,22034,LEGACY
2023-03-02,DRREDDY,Dr. Reddy's Laboratories,EQ,INE089A01023,4358.0,4401.45,4320.0,4390.6,4386.15,4344.2,282652,1237220049.95,28936,LEGACY
2023-03-02,GLAND,Gland Pharma,EQ,INE068V01023,1292.75,1318.9,1274.95,1285.45,1285.0,1292.75,216151,281705223.25,15859,LEGACY
2023-03-02,GLAXO,GlaxoSmithKline Pharmaceuticals,EQ,INE159A01016,1333.8,1338.1,1315.0,1325.75,1319.8,1336.5,14707,19566955.25,3425,LEGACY
2023-03-02,GLENMARK,Glenmark Pharmaceuticals,EQ,INE935A01035,427.7,429.75,417.0,419.05,419.0,429.1,614564,259688802.3,17565,LEGACY
2023-03-02,GRANULES,Granules India,EQ,INE101D01020,283.7,284.35,280.3,283.0,282.15,283.5,201773,56963045.1,9525,LEGACY
2023-03-02,IPCALAB,IPCA Laboratories,EQ,INE571A01038,808.0,810.9,803.05,805.1,806.0,807.7,181983,146649448.3,8876,LEGACY
2023-03-02,JBCHEPHARM,JB Chemicals & Pharmaceuticals,EQ,INE572A01028,1989.0,1997.8,1952.0,1976.4,1980.0,1991.85,12810,25293183.6,3874,LEGACY
2023-03-02,LAURUSLABS,Laurus Labs,EQ,INE947Q01028,314.2,314.9,305.9,306.4,306.8,314.15,1524562,470861808.15,24469,LEGACY
2023-03-02,LUPIN,Lupin,EQ,INE326A01037,661.4,666.55,657.0,659.75,659.95,661.4,408541,270333691.6,15978,LEGACY
2023-03-02,NATCOPHARM,Natco Pharma,EQ,INE987B01026,540.95,557.7,536.45,553.2,554.0,538.7,222270,122020020.6,12808,LEGACY
2023-03-02,PEL,Piramal Enterprises,EQ,INE140A01024,779.0,781.8,761.0,764.35,764.0,778.5,793226,610765292.55,30726,LEGACY
2023-03-02,PFIZER,Pfizer,EQ,INE182A01018,3829.85,3829.85,3764.0,3785.65,3783.0,3811.2,7007,26548022.05,2052,LEGACY
2023-03-02,PPLPHARMA,Piramal Pharma,EQ,INE0DK501011,80.05,80.85,78.25,78.8,78.6,79.95,1916621,152447016.15,11815,LEGACY
2023-03-02,SANOFI,Sanofi India,EQ,INE058A01010,5840.0,5865.55,5777.0,5809.25,5810.05,5812.85,18897,110192278.05,4696,LEGACY
2023-03-02,STAR,Strides Pharma Science,EQ,INE939A01011,297.4,297.95,292.5,293.6,293.75,296.55,95467,28146160.0,3526,LEGACY
2023-03-02,SUNPHARMA,Sun Pharmaceutical Industries,EQ,INE044A01036,960.0,967.0,951.1,965.3,965.2,959.3,1510195,1450173381.15,73105,LEGACY
2023-03-02,TORNTPHARM,Torrent Pharmaceuticals,EQ,INE685A01028,1475.0,1506.25,1474.75,1500.2,1501.8,1475.35,466607,698285939.5,28796,LEGACY
2023-03-02,WOCKPHARMA,Wockhardt,EQ,INE049B01025,189.7,192.4,187.15,188.25,188.4,188.75,324082,61451102.65,6032,LEGACY
2023-03-02,ZYDUSLIFE,Zydus Lifesciences,EQ,INE010B01027,474.0,476.5,465.2,466.75,466.0,473.55,652769,305970240.8,19087,LEGACY
2023-03-03,ABBOTINDIA,Abbott India,EQ,INE358A01014,20130.0,20279.85,19906.0,20161.95,20133.0,20094.85,7287,146829363.85,3029,LEGACY
2023-03-03,AJANTPHARM,Ajanta Pharma,EQ,INE031B01049,1175.45,1188.95,1165.45,1174.9,1177.0,1170.55,83802,98567415.75,10940,LEGACY
2023-03-03,ALKEM,Alkem Laboratories,EQ,INE540L01014,3143.0,3167.6,3119.35,3159.2,3159.95,3126.5,36163,113759874.85,6674,LEGACY
2023-03-03,APLLTD,Alembic Pharmaceuticals,EQ,INE901L01018,480.0,510.0,476.5,502.75,505.2,503.3,509155,253257186.05,17730,LEGACY
2023-03-03,AUROPHARMA,Aurobindo Pharma,EQ,INE406A01037,463.4,465.0,458.55,459.95,459.9,462.9,619301,285323528.35,18286,LEGACY
2023-03-03,BIOCON,Biocon,EQ,INE376G01013,223.55,226.2,222.8,225.55,225.5,223.5,3976008,892312323.25,23645,LEGACY
2023-03-03,CIPLA,Cipla,EQ,INE059A01026,891.0,892.0,877.0,878.65,878.75,886.45,1892639,1669695512.15,125476,LEGACY
2023-03-03,DIVISLAB,Divi's Laboratories,EQ,INE361B01024,2862.0,2889.0,2841.0,2850.4,2852.0,2861.15,226069,645787333.6,25819,LEGACY
2023-03-03,DRREDDY,Dr. Reddy's Laboratories,EQ,INE089A01023,4412.6,4446.95,4360.5,4437.95,4434.5,4390.6,274236,1212354458.9,24321,LEGACY
2023-03-03,GLAND,Gland Pharma,EQ,INE068V01023,1286.5,1308.45,1272.2,1281.95,1283.0,1285.45,195502,251059787.95,13856,LEGACY
2023-03-03,GLAXO,GlaxoSmithKline Pharmaceuticals,EQ,INE159A01016,1325.95,1332.5,1321.75,1324.75,1325.0,1325.75,11562,15341083.8,2194,LEGACY
2023-03-03,GLENMARK,Glenmark Pharmaceuticals,EQ,INE935A01035,420.1,422.6,414.25,416.45,416.6,419.05,487689,203408932.65,12708,LEGACY
2023-03-03,GRANULES,Granules India,EQ,INE101D01020,283.7,287.7,282.25,285.7,284.95,283.0,488035,139554982.0,10707,LEGACY
2023-03-03,IPCALAB,IPCA Laboratories,EQ,INE571A01038,808.5,808.55,798.0,801.0,800.5,805.1,369506,296555239.85,16029,LEGACY
2023-03-03,JBCHEPHARM,JB Chemicals & Pharmaceuticals,EQ,INE572A01028,1978.0,1991.45,1945.6,1950.35,1952.9,1976.4,26018,50911185.6,5260,LEGACY
2023-03-03,LAURUSLABS,Laurus Labs,EQ,INE947Q01028,307.0,314.15,305.0,311.9,311.35,306.4,1250129,386871293.55,23232,LEGACY
2023-03-03,LUPIN,Lupin,EQ,INE326A01037,663.05,666.9,659.0,662.85,661.7,659.75,289883,192367811.45,11967,LEGACY
2023-03-03,NATCOPHARM,Natco Pharma,EQ,INE987B01026,577.0,579.9,559.6,562.3,559.85,553.2,975331,553731258.35,29403,LEGACY
2023-03-03,PEL,Piramal Enterprises,EQ,INE140A01024,768.2,793.0,763.55,782.85,782.35,764.35,2889806,2239337332.2,51653,LEGACY
2023-03-03,PFIZER,Pfizer,EQ,INE182A01018,3789.5,3804.95,3765.0,3782.65,3773.0,3785.65,11203,42467089.75,1357,LEGACY
2023-03-03,PPLPHARMA,Piramal Pharma,EQ,INE0DK501011,79.2,79.45,77.85,78.2,78.0,78.8,2875077,225958381.55,20736,LEGACY
2023-03-03,SANOFI,Sanofi India,EQ,INE058A01010,5849.9,5849.9,5705.0,5725.85,5731.0,5809.25,27266,156594013.0,5453,LEGACY
2023-03-03,STAR,Strides Pharma Science,EQ,INE939A01011,295.0,296.9,292.5,293.5,293.8,293.6,98451,28980223.1,3246,LEGACY
2023-03-03,SUNPHARMA,Sun Pharmaceutical Industries,EQ,INE044A01036,967.05,969.75,958.15,966.9,968.4,965.3,2215832,2137651988.35,79986,LEGACY
2023-03-03,TORNTPHARM,Torrent Pharmaceuticals,EQ,INE685A01028,1505.55,1505.55,1486.8,1493.25,1492.0,1500.2,277747,414962101.55,19172,LEGACY
2023-03-03,WOCKPHARMA,Wockhardt,EQ,INE049B01025,189.25,192.3,187.5,189.75,190.0,188.25,410484,78126385.65,7275,LEGACY
2023-03-03,ZYDUSLIFE,Zydus Lifesciences,EQ,INE010B01027,469.1,474.65,468.1,472.95,473.0,466.75,708417,334594856.75,17998,LEGACY
2023-03-06,ABBOTINDIA,Abbott India,EQ,INE358A01014,20163.0,20676.0,20163.0,20575.55,20513.1,20161.95,15704,322402149.2,5599,LEGACY
2023-03-06,AJANTPHARM,Ajanta Pharma,EQ,INE031B01049,1175.15,1184.95,1163.0,1169.2,1165.05,1174.9,102530,120673064.7,10764,LEGACY
2023-03-06,ALKEM,Alkem Laboratories,EQ,INE540L01014,3159.9,3216.5,3150.85,3157.45,3160.85,3159.2,44689,142497419.25,7999,LEGACY
2023-03-06,APLLTD,Alembic Pharmaceuticals,EQ,INE901L01018,505.3,529.75,505.05,525.75,526.0,502.75,189085,98480768.45,8227,LEGACY
2023-03-06,AUROPHARMA,Aurobindo Pharma,EQ,INE406A01037,461.55,473.95,461.15,466.85,467.2,459.95,1331058,624763300.6,32675,LEGACY
2023-03-06,BIOCON,Biocon,EQ,INE376G01013,226.0,229.6,225.3,226.4,226.15,225.55,4048944,920535911.3,24424,LEGACY
2023-03-06,CIPLA,Cipla,EQ,INE059A01026,885.0,885.55,869.05,880.9,880.0,878.65,4090356,3588417534.85,207206,LEGACY
2023-03-06,DIVISLAB,Divi's Laboratories,EQ,INE361B01024,2860.0,2881.0,2842.0,2846.8,2848.45,2850.4,196556,561928797.25,23347,LEGACY
2023-03-06,DRREDDY,Dr. Reddy's Laboratories,EQ,INE089A01023,4437.0,4458.8,4416.05,4439.2,4440.0,4437.95,175584,779940558.3,14061,LEGACY
2023-03-06,GLAND,Gland Pharma,EQ,INE068V01023,1298.7,1300.0,1272.3,1277.55,1278.1,1281.95,162588,208164848.7,13597,LEGACY
2023-03-06,GLAXO,GlaxoSmithKline Pharmaceuticals,EQ,INE159A01016,1324.5,1337.8,1275.05,1295.5,1290.0,1324.75,30810,40493058.65,3507,LEGACY
2023-03-06,GLENMARK,Glenmark Pharmaceuticals,EQ,INE935A01035,419.0,422.5,415.75,421.15,420.65,416.45,1439669,603894685.2,28443,LEGACY
2023-03-06,GRANULES,Granules India,EQ,INE101D01020,285.85,291.9,285.85,289.7,289.75,285.7,463252,134213831.35,9571,LEGACY
2023-03-06,IPCALAB,IPCA Laboratories,EQ,INE571A01038,801.95,803.6,797.0,800.4,800.15,801.0,225388,180408652.7,12310,LEGACY
2023-03-06,JBCHEPHARM,JB Chemicals & Pharmaceuticals,EQ,INE572A01028,1953.0,1967.35,1933.0,1953.9,1956.35,1950.35,20957,40981150.55,3314,LEGACY
2023-03-06,LAURUSLABS,Laurus Labs,EQ,INE947Q01028,312.0,322.75,311.4,321.0,320.6,311.9,1510355,482257850.05,26753,LEGACY
2023-03-06,LUPIN,Lupin,EQ,INE326A01037,664.95,669.5,661.2,662.45,662.7,662.85,329659,219112020.6,10594,LEGACY
2023-03-06,NATCOPHARM,Natco Pharma,EQ,INE987B01026,564.2,570.75,560.95,568.5,567.0,562.3,498280,282925043.7,17234,LEGACY
2023-03-06,PEL,Piramal Enterprises,EQ,INE140A01024,786.8,791.65,777.7,780.25,781.0,782.85,895655,703615816.35,28180,LEGACY
2023-03-06,PFIZER,Pfizer,EQ,INE182A01018,3799.95,3821.9,3765.0,3773.05,3770.35,3782.65,9411,35602074.8,2325,LEGACY
2023-03-06,PPLPHARMA,Piramal Pharma,EQ,INE0DK501011,78.55,79.3,77.9,78.15,78.3,78.2,2766166,217360861.3,14263,LEGACY
2023-03-06,SANOFI,Sanofi India,EQ,INE058A01010,5797.0,5798.0,5708.05,5726.6,5711.0,5725.85,17637,101516363.05,3641,LEGACY
2023-03-06,STAR,Strides Pharma Science,EQ,INE939A01011,295.5,297.55,293.45,294.3,294.5,293.5,153449,45252721.1,5467,LEGACY
2023-03-06,SUNPHARMA,Sun Pharmaceutical Industries,EQ,INE044A01036,970.0,979.5,963.8,965.25,965.25,966.9,1989152,1932014281.2,90386,LEGACY
2023-03-06,TORNTPHARM,Torrent Pharmaceuticals,EQ,INE685A01028,1494.95,1515.0,1483.4,1502.45,1504.7,1493.25,241546,361422044.05,13853,LEGACY
2023-03-06,WOCKPHARMA,Wockhardt,EQ,INE049B01025,190.3,195.6,190.3,192.7,193.3,189.75,539335,104409424.2,8987,LEGACY
2023-03-06,ZYDUSLIFE,Zydus Lifesciences,EQ,INE010B01027,475.15,479.7,474.1,476.15,476.2,472.95,696280,331753991.5,23831,LEGACY
2023-03-08,ABBOTINDIA,Abbott India,EQ,INE358A01014,20415.0,20683.8,20344.5,20615.4,20630.0,20575.55,4885,100242275.3,2257,LEGACY
2023-03-08,AJANTPHARM,Ajanta Pharma,EQ,INE031B01049,1210.0,1242.4,1182.1,1226.55,1234.5,1169.2,323786,389466657.0,27692,LEGACY
2023-03-08,ALKEM,Alkem Laboratories,EQ,INE540L01014,3132.05,3175.0,3121.0,3141.5,3147.9,3157.45,52791,166043555.0,12835,LEGACY
2023-03-08,APLLTD,Alembic Pharmaceuticals,EQ,INE901L01018,525.0,525.7,510.2,512.15,510.2,525.75,77971,40214745.75,4492,LEGACY
2023-03-08,AUROPHARMA,Aurobindo Pharma,EQ,INE406A01037,463.1,471.55,458.6,462.05,462.0,466.85,1420770,658895440.1,35726,LEGACY
2023-03-08,BIOCON,Biocon,EQ,INE376G01013,227.95,227.95,222.0,223.6,224.05,226.4,4032570,901105503.0,23886,LEGACY
2023-03-08,CIPLA,Cipla,EQ,INE059A01026,883.7,883.8,871.1,877.25,877.0,880.9,2933956,2568995553.4,103575,LEGACY
2023-03-08,DIVISLAB,Divi's Laboratories,EQ,INE361B01024,2847.95,2859.7,2821.35,2834.5,2836.1,2846.8,225841,640540543.25,23400,LEGACY
2023-03-08,DRREDDY,Dr. Reddy's Laboratories,EQ,INE089A01023,4433.0,4444.0,4401.25,4426.25,4415.65,4439.2,234741,1038795971.5,29005,LEGACY
2023-03-08,GLAND,Gland Pharma,EQ,INE068V01023,1256.0,1275.0,1256.0,1260.8,1261.6,1277.55,141198,178397479.7,11758,LEGACY
2023-03-08,GLAXO,GlaxoSmithKline Pharmaceuticals,EQ,INE159A01016,1299.85,1299.85,1276.2,1283.3,1285.0,1295.5,127188,163103054.9,6316,LEGACY
2023-03-08,GLENMARK,Glenmark Pharmaceuticals,EQ,INE935A01035,417.0,427.55,416.45,425.9,426.0,421.15,789098,335133322.35,20786,LEGACY
2023-03-08,GRANULES,Granules India,EQ,INE101D01020,287.5,294.6,287.1,289.2,289.0,289.7,998997,291347801.6,12104,LEGACY
2023-03-08,IPCALAB,IPCA Laboratories,EQ,INE571A01038,800.4,802.85,790.05,799.35,802.0,800.4,265023,210774567.75,13179,LEGACY
2023-03-08,JBCHEPHARM,JB Chemicals & Pharmaceuticals,EQ,INE572A01028,1952.1,1968.85,1938.7,1957.55,1955.0,1953.9,36501,71407959.45,4637,LEGACY
2023-03-08,LAURUSLABS,Laurus Labs,EQ,INE947Q01028,320.5,320.95,314.35,316.45,316.3,321.0,991848,314805930.95,19057,LEGACY
2023-03-08,LUPIN,Lupin,EQ,INE326A01037,663.0,666.6,657.05,664.25,665.35,662.45,256788,170048958.15,11759,LEGACY
2023-03-08,NATCOPHARM,Natco Pharma,EQ,INE987B01026,570.0,580.0,563.1,569.1,567.55,568.5,867316,494686419.0,22491,LEGACY
2023-03-08,PEL,Piramal Enterprises,EQ,INE140A01024,779.85,779.95,766.0,776.05,777.0,780.25,1000471,774094670.8,34493,LEGACY
2023-03-08,PFIZER,Pfizer,EQ,INE182A01018,3775.05,3778.4,3730.0,3740.65,3738.0,3773.05,9520,35658010.5,2741,LEGACY
2023-03-08,PPLPHARMA,Piramal Pharma,EQ,INE0DK501011,78.1,78.1,76.0,76.15,76.2,78.15,3784828,290318386.5,20754,LEGACY
2023-03-08,SANOFI,Sanofi India,EQ,INE058A01010,5726.15,5756.95,5714.35,5751.75,5756.0,5726.6,7919,45511193.95,2129,LEGACY
2023-03-08,STAR,Strides Pharma Science,EQ,INE939A01011,292.0,295.05,291.0,292.3,292.5,294.3,133256,39004791.9,4291,LEGACY
2023-03-08,SUNPHARMA,Sun Pharmaceutical Industries,EQ,INE044A01036,960.0,965.0,947.0,957.5,958.0,965.25,4734482,4509757569.95,126942,LEGACY
2023-03-08,TORNTPHARM,Torrent Pharmaceuticals,EQ,INE685A01028,1499.2,1519.9,1493.35,1513.65,1510.55,1502.45,152088,229894473.3,20697,LEGACY
2023-03-08,WOCKPHARMA,Wockhardt,EQ,INE049B01025,191.65,192.45,188.6,189.95,190.05,192.7,463219,88214606.3,7094,LEGACY
2023-03-08,ZYDUSLIFE,Zydus Lifesciences,EQ,INE010B01027,475.0,479.35,470.25,471.45,472.0,476.15,732954,346806118.45,15577,LEGACY
2023-03-09,ABBOTINDIA,Abbott India,EQ,INE358A01014,20650.0,20915.65,20560.2,20680.15,20606.0,20615.4,10144,210575071.15,4044,LEGACY
2023-03-09,AJANTPHARM,Ajanta Pharma,EQ,INE031B01049,1232.05,1247.85,1220.0,1227.65,1230.0,1226.55,95730,118478454.1,10780,LEGACY
2023-03-09,ALKEM,Alkem Laboratories,EQ,INE540L01014,3145.0,3175.1,3137.2,3163.8,3152.8,3141.5,21323,67242576.0,3673,LEGACY
2023-03-09,APLLTD,Alembic Pharmaceuticals,EQ,INE901L01018,514.75,518.2,502.25,504.9,504.5,512.15,66450,33829620.95,4258,LEGACY
2023-03-09,AUROPHARMA,Aurobindo Pharma,EQ,INE406A01037,464.0,466.5,456.25,457.5,457.75,462.05,922942,424876893.85,29801,LEGACY
2023-03-09,BIOCON,Biocon,EQ,INE376G01013,223.5,226.3,223.3,223.85,224.3,223.6,3943009,886106579.35,21121,LEGACY
2023-03-09,CIPLA,Cipla,EQ,INE059A01026,877.25,896.85,877.0,881.75,882.5,877.25,6176157,5476011390.3,131761,LEGACY
2023-03-09,DIVISLAB,Divi's Laboratories,EQ,INE361B01024,2838.45,2867.0,2803.25,2810.2,2810.95,2834.5,291637,824886297.25,27367,LEGACY
2023-03-09,DRREDDY,Dr. Reddy's Laboratories,EQ,INE089A01023,4415.65,4438.35,4371.8,4380.95,4379.5,4426.25,204425,897606078.75,20383,LEGACY
2023-03-09,GLAND,Gland Pharma,EQ,INE068V01023,1263.2,1263.95,1232.0,1236.65,1236.85,1260.8,387133,481075340.65,16546,LEGACY
2023-03-09,GLAXO,GlaxoSmithKline Pharmaceuticals,EQ,INE159A01016,1284.8,1305.0,1280.0,1296.55,1305.0,1283.3,71666,92592406.05,3429,LEGACY
2023-03-09,GLENMARK,Glenmark Pharmaceuticals,EQ,INE935A01035,424.9,430.15,424.85,425.05,425.1,425.9,630845,269032525.45,18237,LEGACY
2023-03-09,GRANULES,Granules India,EQ,INE101D01020,288.7,293.85,288.15,292.4,292.35,289.2,538589,157168290.4,9947,LEGACY
2023-03-09,IPCALAB,IPCA Laboratories,EQ,INE571A01038,795.3,801.8,793.35,800.1,801.3,799.35,194011,154735004.15,12971,LEGACY
2023-03-09,JBCHEPHARM,JB Chemicals & Pharmaceuticals,EQ,INE572A01028,1965.0,1967.95,1945.05,1965.05,1967.0,1957.55,15555,30447646.5,3128,LEGACY
2023-03-09,LAURUSLABS,Laurus Labs,EQ,INE947Q01028,316.45,321.25,313.0,314.25,314.3,316.45,1532012,486542248.35,22969,LEGACY
2023-03-09,LUPIN,Lupin,EQ,INE326A01037,665.95,666.35,656.55,658.05,658.5,664.25,480016,317420287.8,26970,LEGACY
2023-03-09,NATCOPHARM,Natco Pharma,EQ,INE987B01026,571.0,571.0,556.1,561.15,563.9,569.1,448316,253990211.75,9739,LEGACY
2023-03-09,PEL,Piramal Enterprises,EQ,INE140A01024,778.0,780.5,766.0,768.8,769.0,776.05,611052,471787768.55,22954,LEGACY
2023-03-09,PFIZER,Pfizer,EQ,INE182A01018,3741.0,3765.0,3725.0,3728.75,3725.1,3740.65,9964,37253870.1,2358,LEGACY
2023-03-09,PPLPHARMA,Piramal Pharma,EQ,INE0DK501011,76.5,76.65,74.4,74.65,74.55,76.15,4147291,312195115.85,22053,LEGACY
2023-03-09,SANOFI,Sanofi India,EQ,INE058A01010,5760.0,5815.3,5760.0,5776.35,5788.95,5751.75,14469,83719960.95,2697,LEGACY
2023-03-09,STAR,Strides Pharma Science,EQ,INE939A01011,293.5,296.95,289.1,293.9,293.7,292.3,707772,207105412.6,8479,LEGACY
2023-03-09,SUNPHARMA,Sun Pharmaceutical Industries,EQ,INE044A01036,957.5,959.4,947.15,952.7,954.0,957.5,2994556,2848571556.5,87785,LEGACY
2023-03-09,TORNTPHARM,Torrent Pharmaceuticals,EQ,INE685A01028,1519.55,1524.05,1496.3,1498.45,1498.55,1513.65,105587,159480390.0,18085,LEGACY
2023-03-09,WOCKPHARMA,Wockhardt,EQ,INE049B01025,190.05,191.5,188.1,189.0,188.75,189.95,344501,65362024.55,6433,LEGACY
2023-03-09,ZYDUSLIFE,Zydus Lifesciences,EQ,INE010B01027,471.5,475.4,467.0,468.7,470.0,471.45,551903,260083923.85,22132,LEGACY
2023-03-10,ABBOTINDIA,Abbott India,EQ,INE358A01014,20500.0,20626.05,20304.15,20554.65,20560.0,20680.15,7513,153750530.15,3252,LEGACY
2023-03-10,AJANTPHARM,Ajanta Pharma,EQ,INE031B01049,1239.95,1239.95,1198.35,1219.9,1227.0,1227.65,240811,293042004.55,21230,LEGACY
2023-03-10,ALKEM,Alkem Laboratories,EQ,INE540L01014,3135.0,3166.55,3104.55,3145.85,3135.05,3163.8,21793,68215177.45,3944,LEGACY
2023-03-10,APLLTD,Alembic Pharmaceuticals,EQ,INE901L01018,504.5,509.0,494.0,498.95,498.75,504.9,92924,46452586.35,8498,LEGACY
2023-03-10,AUROPHARMA,Aurobindo Pharma,EQ,INE406A01037,455.0,455.5,445.65,453.5,453.75,457.5,924012,417292299.05,26513,LEGACY
2023-03-10,BIOCON,Biocon,EQ,INE376G01013,223.6,224.7,220.4,223.75,223.95,223.85,3829349,851830444.65,30019,LEGACY
2023-03-10,CIPLA,Cipla,EQ,INE059A01026,879.15,884.6,871.3,881.2,881.6,881.75,1718841,1511040749.3,82072,LEGACY
2023-03-10,DIVISLAB,Divi's Laboratories,EQ,INE361B01024,2800.0,2832.8,2779.0,2787.5,2788.0,2810.2,329958,924305710.05,32747,LEGACY
2023-03-10,DRREDDY,Dr. Reddy's Laboratories,EQ,INE089A01023,4372.95,4413.05,4350.0,4395.55,4378.75,4380.95,337202,1480584404.55,41007,LEGACY
2023-03-10,GLAND,Gland Pharma,EQ,INE068V01023,1236.65,1261.4,1175.0,1189.55,1189.8,1236.65,604825,725663949.15,32909,LEGACY
2023-03-10,GLAXO,GlaxoSmithKline Pharmaceuticals,EQ,INE159A01016,1293.0,1306.55,1283.95,1297.55,1293.0,1296.55,12607,16288385.2,1917,LEGACY
2023-03-10,GLENMARK,Glenmark Pharmaceuticals,EQ,INE935A01035,424.0,430.8,419.2,428.65,430.8,425.05,1414444,601699870.15,22281,LEGACY
2023-03-10,GRANULES,Granules India,EQ,INE101D01020,289.3,290.9,278.45,283.85,283.4,292.4,1062292,300031630.75,20004,LEGACY
2023-03-10,IPCALAB,IPCA Laboratories,EQ,INE571A01038,800.05,803.6,791.3,798.65,797.65,800.1,365691,291519850.55,8020,LEGACY
2023-03-10,JBCHEPHARM,JB Chemicals & Pharmaceuticals,EQ,INE572A01028,1951.5,1970.75,1942.0,1962.4,1965.0,1965.05,20976,41042186.6,3639,LEGACY
2023-03-10,LAURUSLABS,Laurus Labs,EQ,INE947Q01028,314.25,314.25,307.1,308.8,309.25,314.25,1403128,433756982.5,21329,LEGACY
2023-03-10,LUPIN,Lupin,EQ,INE326A01037,655.0,658.8,649.35,656.1,656.8,658.05,443979,290697544.5,16406,LEGACY
2023-03-10,NATCOPHARM,Natco Pharma,EQ,INE987B01026,566.0,567.45,553.7,554.85,554.95,561.15,231892,129801712.4,12018,LEGACY
2023-03-10,PEL,Piramal Enterprises,EQ,INE140A01024,767.85,767.85,743.05,745.4,744.4,768.8,2035784,1524451206.35,65992,LEGACY
2023-03-10,PFIZER,Pfizer,EQ,INE182A01018,3725.35,3749.0,3705.0,3714.35,3723.95,3728.75,7502,27953054.7,1689,LEGACY
2023-03-10,PPLPHARMA,Piramal Pharma,EQ,INE0DK501011,74.25,74.25,72.0,72.25,72.25,74.65,4346659,316749647.75,22477,LEGACY
2023-03-10,SANOFI,Sanofi India,EQ,INE058A01010,5798.95,5798.95,5715.0,5758.25,5759.2,5776.35,10147,58348487.65,2496,LEGACY
2023-03-10,STAR,Strides Pharma Science,EQ,INE939A01011,293.0,293.0,288.0,290.2,290.0,293.9,155785,45211741.8,3886,LEGACY
2023-03-10,SUNPHARMA,Sun Pharmaceutical Industries,EQ,INE044A01036,946.5,957.5,946.1,955.55,955.0,952.7,2001392,1904461088.9,47062,LEGACY
2023-03-10,TORNTPHARM,Torrent Pharmaceuticals,EQ,INE685A01028,1496.0,1514.95,1485.0,1511.5,1514.75,1498.45,105191,158329076.05,14988,LEGACY
2023-03-10,WOCKPHARMA,Wockhardt,EQ,INE049B01025,188.0,188.7,186.65,187.6,188.0,189.0,379276,71091131.55,5390,LEGACY
2023-03-10,ZYDUSLIFE,Zydus Lifesciences,EQ,INE010B01027,469.0,478.45,466.05,474.9,476.0,468.7,1956817,928788438.7,38355,LEGACY
2023-03-13,ABBOTINDIA,Abbott India,EQ,INE358A01014,20649.1,20649.1,20056.0,20263.6,20242.0,20554.65,12019,243490546.15,3428,LEGACY
2023-03-13,AJANTPHARM,Ajanta Pharma,EQ,INE031B01049,1210.0,1232.1,1210.0,1220.05,1220.0,1219.9,102923,125540274.8,14613,LEGACY
2023-03-13,ALKEM,Alkem Laboratories,EQ,INE540L01014,3117.35,3146.0,3042.3,3066.65,3074.05,3145.85,84172,258262969.55,11808,LEGACY
2023-03-13,APLLTD,Alembic Pharmaceuticals,EQ,INE901L01018,498.0,498.6,482.0,488.35,491.0,498.95,99909,48843452.3,7128,LEGACY
2023-03-13,AUROPHARMA,Aurobindo Pharma,EQ,INE406A01037,452.0,455.65,444.75,448.65,449.5,453.5,1433487,643548612.5,39610,LEGACY
2023-03-13,BIOCON,Biocon,EQ,INE376G01013,223.25,223.7,216.65,218.15,218.5,223.75,2406396,528336423.05,22751,LEGACY
2023-03-13,CIPLA,Cipla,EQ,INE059A01026,882.6,889.1,872.15,874.8,877.35,881.2,1697362,1491754946.6,68078,LEGACY
2023-03-13,DIVISLAB,Divi's Laboratories,EQ,INE361B01024,2788.0,2807.15,2758.1,2767.0,2766.0,2787.5,561906,1556368345.35,35575,LEGACY
2023-03-13,DRREDDY,Dr. Reddy's Laboratories,EQ,INE089A01023,4375.0,4415.95,4345.5,4370.4,4381.0,4395.55,162542,709607582.75,18935,LEGACY
2023-03-13,GLAND,Gland Pharma,EQ,INE068V01023,1193.0,1209.0,1130.0,1154.35,1164.95,1189.55,579333,670003632.9,50657,LEGACY
2023-03-13,GLAXO,GlaxoSmithKline Pharmaceuticals,EQ,INE159A01016,1292.7,1303.95,1267.95,1297.9,1302.0,1297.55,36622,46980765.95,4065,LEGACY
2023-03-13,GLENMARK,Glenmark Pharmaceuticals,EQ,INE935A01035,430.8,431.9,423.95,425.85,425.1,428.65,594919,253420897.45,16932,LEGACY
2023-03-13,GRANULES,Granules India,EQ,INE101D01020,283.55,285.75,281.2,282.95,281.7,283.85,541821,153309722.75,8367,LEGACY
2023-03-13,IPCALAB,IPCA Laboratories,EQ,INE571A01038,798.65,800.0,780.0,794.25,793.0,798.65,547114,432296445.95,26435,LEGACY
2023-03-13,JBCHEPHARM,JB Chemicals & Pharmaceuticals,EQ,INE572A01028,1960.0,1988.0,1940.0,1952.55,1950.0,1962.4,21893,42820317.3,5633,LEGACY
2023-03-13,LAURUSLABS,Laurus Labs,EQ,INE947Q01028,308.9,310.6,301.8,304.35,304.5,308.8,1464443,446710004.4,24891,LEGACY
2023-03-13,LUPIN,Lupin,EQ,INE326A01037,660.0,664.95,651.15,654.3,652.85,656.1,471640,309332207.4,12617,LEGACY
2023-03-13,NATCOPHARM,Natco Pharma,EQ,INE987B01026,554.85,556.8,542.85,544.4,545.0,554.85,175466,96045278.0,10521,LEGACY
2023-03-13,PEL,Piramal Enterprises,EQ,INE140A01024,745.4,747.5,703.25,706.35,707.85,745.4,2021591,1456790728.4,71984,LEGACY
2023-03-13,PFIZER,Pfizer,EQ,INE182A01018,3714.95,3767.9,3670.0,3705.25,3701.0,3714.35,12576,46811997.6,3084,LEGACY
2023-03-13,PPLPHARMA,Piramal Pharma,EQ,INE0DK501011,71.9,74.3,69.6,69.9,69.6,72.25,7814703,561915051.25,35756,LEGACY
2023-03-13,SANOFI,Sanofi India,EQ,INE058A01010,5779.1,5807.95,5735.0,5746.0,5765.0,5758.25,10193,58723910.75,2949,LEGACY
2023-03-13,STAR,Strides Pharma Science,EQ,INE939A01011,291.05,291.9,272.65,279.0,279.65,290.2,336563,94465621.1,9173,LEGACY
2023-03-13,SUNPHARMA,Sun Pharmaceutical Industries,EQ,INE044A01036,955.1,959.9,947.55,954.1,953.2,955.55,1412106,1346469654.1,43842,LEGACY
2023-03-13,TORNTPHARM,Torrent Pharmaceuticals,EQ,INE685A01028,1514.9,1531.55,1501.4,1508.7,1507.0,1511.5,214854,325274733.7,21426,LEGACY
2023-03-13,WOCKPHARMA,Wockhardt,EQ,INE049B01025,186.3,188.4,181.0,182.15,181.75,187.6,472376,87155279.1,7112,LEGACY
2023-03-13,ZYDUSLIFE,Zydus Lifesciences,EQ,INE010B01027,477.3,477.3,461.45,466.2,466.45,474.9,764673,357740423.65,15744,LEGACY
2023-03-14,ABBOTINDIA,Abbott India,EQ,INE358A01014,20300.0,20388.6,19966.7,20329.0,20370.0,20263.6,9872,198843439.0,3380,LEGACY
2023-03-14,AJANTPHARM,Ajanta Pharma,EQ,INE031B01049,1225.15,1235.0,1201.4,1211.4,1206.15,1220.05,46498,56277976.0,10695,LEGACY
2023-03-14,ALKEM,Alkem Laboratories,EQ,INE540L01014,3057.0,3103.2,3056.6,3086.8,3103.2,3066.65,42051,129436581.25,6748,LEGACY
2023-03-14,APLLTD,Alembic Pharmaceuticals,EQ,INE901L01018,480.85,496.45,480.0,482.7,484.8,488.35,130502,63826529.35,8565,LEGACY
2023-03-14,AUROPHARMA,Aurobindo Pharma,EQ,INE406A01037,449.05,460.15,447.05,450.45,451.35,448.65,1766299,798844624.0,39797,LEGACY
2023-03-14,BIOCON,Biocon,EQ,INE376G01013,218.15,220.35,216.15,217.8,217.5,218.15,1694587,369246781.3,16052,LEGACY
2023-03-14,CIPLA,Cipla,EQ,INE059A01026,873.0,883.7,853.85,872.05,873.0,874.8,2444217,2133016361.35,92683,LEGACY
2023-03-14,DIVISLAB,Divi's Laboratories,EQ,INE361B01024,2780.05,2787.9,2730.0,2757.05,2751.05,2767.0,379187,1044478379.65,44725,LEGACY
2023-03-14,DRREDDY,Dr. Reddy's Laboratories,EQ,INE089A01023,4394.0,4420.9,4309.0,4349.55,4347.9,4370.4,428396,1863099439.3,41945,LEGACY
2023-03-14,GLAND,Gland Pharma,EQ,INE068V01023,1157.0,1224.75,1156.0,1186.15,1188.0,1154.35,1602962,1912843465.2,67099,LEGACY
2023-03-14,GLAXO,GlaxoSmithKline Pharmaceuticals,EQ,INE159A01016,1296.0,1297.05,1270.2,1292.15,1294.0,1297.9,21148,27141821.75,3605,LEGACY
2023-03-14,GLENMARK,Glenmark Pharmaceuticals,EQ,INE935A01035,424.25,427.95,414.25,415.8,417.0,425.85,1668695,707147045.5,15755,LEGACY
2023-03-14,GRANULES,Granules India,EQ,INE101D01020,282.9,287.4,282.15,283.75,284.0,282.95,476589,135498039.4,8018,LEGACY
2023-03-14,IPCALAB,IPCA Laboratories,EQ,INE571A01038,798.4,798.4,778.05,781.65,778.35,794.25,363548,284536740.45,23868,LEGACY
2023-03-14,JBCHEPHARM,JB Chemicals & Pharmaceuticals,EQ,INE572A01028,1952.2,1962.3,1935.0,1940.4,1940.0,1952.55,20878,40602807.35,4686,LEGACY
2023-03-14,LAURUSLABS,Laurus Labs,BL,INE947Q01028,305.0,305.0,305.0,305.0,305.0,455.4,635894,193947670.0,1,LEGACY
2023-03-14,LAURUSLABS,Laurus Labs,EQ,INE947Q01028,305.35,307.75,300.25,305.3,305.25,304.35,1495689,455879779.75,21559,LEGACY
2023-03-14,LUPIN,Lupin,EQ,INE326A01037,657.2,668.9,652.2,656.2,657.0,654.3,968618,637694309.8,30095,LEGACY
2023-03-14,NATCOPHARM,Natco Pharma,EQ,INE987B01026,547.3,553.8,538.0,539.5,538.5,544.4,248635,134652489.5,13875,LEGACY
2023-03-14,PEL,Piramal Enterprises,EQ,INE140A01024,708.0,712.8,677.4,680.1,678.75,706.35,2475314,1710708018.65,88961,LEGACY
2023-03-14,PFIZER,Pfizer,EQ,INE182A01018,3709.95,3726.0,3652.0,3665.65,3662.0,3705.25,7465,27481099.8,2316,LEGACY
2023-03-14,PPLPHARMA,Piramal Pharma,EQ,INE0DK501011,70.25,71.95,67.65,68.7,68.85,69.9,5658060,393092064.3,24051,LEGACY
2023-03-14,SANOFI,Sanofi India,EQ,INE058A01010,5764.95,5765.0,5726.05,5740.45,5745.0,5746.0,7298,41911711.6,1606,LEGACY
2023-03-14,STAR,Strides Pharma Science,EQ,INE939A01011,279.1,281.0,272.1,278.6,279.0,279.0,240479,66539356.45,6466,LEGACY
2023-03-14,SUNPHARMA,Sun Pharmaceutical Industries,EQ,INE044A01036,953.5,963.75,950.3,957.2,959.6,954.1,1879695,1802412819.2,72369,LEGACY
2023-03-14,TORNTPHARM,Torrent Pharmaceuticals,EQ,INE685A01028,1501.15,1526.85,1496.45,1520.6,1525.0,1508.7,146943,222770457.95,14172,LEGACY
2023-03-14,WOCKPHARMA,Wockhardt,EQ,INE049B01025,182.25,182.85,172.3,174.4,174.3,182.15,955164,167733417.75,13453,LEGACY
2023-03-14,ZYDUSLIFE,Zydus Lifesciences,EQ,INE010B01027,466.2,472.6,464.1,470.55,469.5,466.2,910046,427639566.55,23143,LEGACY
2023-03-15,ABBOTINDIA,Abbott India,EQ,INE358A01014,20389.0,20578.0,20250.0,20367.5,20420.0,20329.0,5464,111394660.25,2498,LEGACY
2023-03-15,AJANTPHARM,Ajanta Pharma,EQ,INE031B01049,1216.0,1216.05,1194.45,1199.05,1198.0,1211.4,40201,48281382.95,8429,LEGACY
2023-03-15,ALKEM,Alkem Laboratories,EQ,INE540L01014,3120.0,3120.0,3067.95,3079.85,3089.75,3086.8,18059,55757920.55,3182,LEGACY
2023-03-15,APLLTD,Alembic Pharmaceuticals,EQ,INE901L01018,485.2,492.0,482.0,485.45,492.0,482.7,70641,34290339.65,3606,LEGACY
2023-03-15,AUROPHARMA,Aurobindo Pharma,EQ,INE406A01037,453.05,470.5,453.0,458.35,458.0,450.45,1812902,840096594.2,45686,LEGACY
2023-03-15,BIOCON,Biocon,EQ,INE376G01013,218.75,224.3,218.6,221.25,220.9,217.8,2460149,546203678.5,28012,LEGACY
2023-03-15,CIPLA,Cipla,EQ,INE059A01026,875.0,883.4,872.6,877.95,879.0,872.05,1286900,1130509716.5,66385,LEGACY
2023-03-15,DIVISLAB,Divi's Laboratories,EQ,INE361B01024,2758.0,2804.8,2757.05,2775.8,2774.0,2757.05,262757,730726837.0,40717,LEGACY
2023-03-15,DRREDDY,Dr. Reddy's Laboratories,EQ,INE089A01023,4356.95,4425.0,4340.8,4394.5,4400.0,4349.55,343422,1508696117.85,58900,LEGACY
2023-03-15,GLAND,Gland Pharma,EQ,INE068V01023,1200.0,1245.0,1175.05,1214.45,1212.65,1186.15,1356216,1654250443.3,56460,LEGACY
2023-03-15,GLAXO,GlaxoSmithKline Pharmaceuticals,EQ,INE159A01016,1290.0,1292.05,1272.0,1278.4,1273.15,1292.15,10347,13280118.05,1896,LEGACY
2023-03-15,GLENMARK,Glenmark Pharmaceuticals,EQ,INE935A01035,419.0,430.7,416.45,428.15,428.05,415.8,698601,298033168.35,14788,LEGACY
2023-03-15,GRANULES,Granules India,EQ,INE101D01020,284.0,289.05,283.5,285.1,285.2,283.75,446410,128072625.05,8098,LEGACY
2023-03-15,IPCALAB,IPCA Laboratories,EQ,INE571A01038,782.95,785.8,768.05,771.5,776.0,781.65,186753,144818516.45,12492,LEGACY
2023-03-15,JBCHEPHARM,JB Chemicals & Pharmaceuticals,EQ,INE572A01028,1950.15,1959.7,1940.0,1945.65,1949.95,1940.4,17433,34012260.45,3988,LEGACY
2023-03-15,LAURUSLABS,Laurus Labs,EQ,INE947Q01028,306.2,310.75,304.4,305.45,305.0,305.3,1233329,379357133.3,19219,LEGACY
2023-03-15,LUPIN,Lupin,EQ,INE326A01037,658.2,666.45,655.0,658.3,659.05,656.2,679462,449160560.4,24064,LEGACY
2023-03-15,NATCOPHARM,Natco Pharma,EQ,INE987B01026,542.2,542.3,533.1,534.3,533.65,539.5,287234,153823270.6,19847,LEGACY
2023-03-15,PEL,Piramal Enterprises,EQ,INE140A01024,685.0,698.5,666.6,672.7,676.9,680.1,4291516,2918928217.5,111493,LEGACY
2023-03-15,PFIZER,Pfizer,EQ,INE182A01018,3668.0,3683.0,3600.1,3617.95,3629.85,3665.65,9138,33262507.05,2725,LEGACY
2023-03-15,PPLPHARMA,Piramal Pharma,EQ,INE0DK501011,70.0,72.7,69.0,69.4,69.45,68.7,11424787,815709201.25,43884,LEGACY
2023-03-15,SANOFI,Sanofi India,EQ,INE058A01010,5740.45,5775.0,5740.0,5748.4,5743.1,5740.45,8058,46366132.7,1902,LEGACY
2023-03-15,STAR,Strides Pharma Science,EQ,INE939A01011,280.95,283.45,277.5,281.6,280.0,278.6,234695,65830577.55,5074,LEGACY
2023-03-15,SUNPHARMA,Sun Pharmaceutical Industries,EQ,INE044A01036,952.0,964.9,949.35,951.4,952.0,957.2,2189113,2090946252.6,77914,LEGACY
2023-03-15,TORNTPHARM,Torrent Pharmaceuticals,EQ,INE685A01028,1529.4,1563.9,1520.1,1540.05,1543.0,1520.6,616306,954833674.95,35076,LEGACY
2023-03-15,WOCKPHARMA,Wockhardt,EQ,INE049B01025,176.0,177.8,170.3,171.05,170.9,174.4,802336,138936807.6,9607,LEGACY
2023-03-15,ZYDUSLIFE,Zydus Lifesciences,EQ,INE010B01027,472.5,476.0,469.2,473.4,472.5,470.55,835882,395630472.95,20023,LEGACY
2023-03-16,ABBOTINDIA,Abbott India,EQ,INE358A01014,20449.85,20780.0,20255.2,20704.0,20740.0,20367.5,6621,136316941.05,3009,LEGACY
2023-03-16,AJANTPHARM,Ajanta Pharma,EQ,INE031B01049,1203.95,1207.95,1184.0,1196.55,1198.9,1199.05,61293,73275604.15,16736,LEGACY
2023-03-16,ALKEM,Alkem Laboratories,EQ,INE540L01014,3060.0,3170.35,3051.9,3155.05,3133.25,3079.85,73462,230711214.35,9086,LEGACY
2023-03-16,APLLTD,Alembic Pharmaceuticals,EQ,INE901L01018,488.0,502.6,480.7,486.55,485.0,485.45,173234,85671004.1,10858,LEGACY
2023-03-16,AUROPHARMA,Aurobindo Pharma,EQ,INE406A01037,458.3,477.0,458.0,473.25,476.0,458.35,3721230,1756274661.6,68182,LEGACY
2023-03-16,BIOCON,Biocon,EQ,INE376G01013,222.0,225.65,221.0,221.85,221.85,221.25,2654387,592196281.25,34149,LEGACY
2023-03-16,CIPLA,Cipla,EQ,INE059A01026,881.0,890.0,876.75,883.45,884.0,877.95,2023997,1792514720.6,69843,LEGACY
2023-03-16,DIVISLAB,Divi's Laboratories,EQ,INE361B01024,2774.0,2848.7,2767.8,2801.6,2805.45,2775.8,477596,1343302324.65,45816,LEGACY
2023-03-16,DRREDDY,Dr. Reddy's Laboratories,EQ,INE089A01023,4411.0,4430.0,4370.35,4383.75,4381.3,4394.5,276928,1214536247.5,36789,LEGACY
2023-03-16,GLAND,Gland Pharma,EQ,INE068V01023,1202.3,1237.9,1190.4,1217.75,1218.0,1214.45,406020,494293693.6,27030,LEGACY
2023-03-16,GLAXO,GlaxoSmithKline Pharmaceuticals,EQ,INE159A01016,1278.4,1278.4,1249.55,1259.95,1262.0,1278.4,53186,66995713.75,6015,LEGACY
2023-03-16,GLENMARK,Glenmark Pharmaceuticals,EQ,INE935A01035,429.35,434.6,422.8,432.55,432.9,428.15,508033,218158542.0,13114,LEGACY
2023-03-16,GRANULES,Granules India,EQ,INE101D01020,284.65,285.8,280.3,283.05,283.15,285.1,466650,132387571.9,10272,LEGACY
2023-03-16,IPCALAB,IPCA Laboratories,EQ,INE571A01038,775.3,800.0,767.5,781.3,783.4,771.5,288791,225978803.45,20635,LEGACY
2023-03-16,JBCHEPHARM,JB Chemicals & Pharmaceuticals,EQ,INE572A01028,1941.65,1976.95,1938.0,1961.2,1950.0,1945.65,31117,60837553.0,5210,LEGACY
2023-03-16,LAURUSLABS,Laurus Labs,EQ,INE947Q01028,305.05,311.1,304.0,305.75,306.1,305.45,1212826,372972007.45,16004,LEGACY
2023-03-16,LUPIN,Lupin,EQ,INE326A01037,660.65,668.0,653.55,666.2,668.0,658.3,596960,394651797.5,23690,LEGACY
2023-03-16,NATCOPHARM,Natco Pharma,EQ,INE987B01026,533.5,535.25,520.25,523.9,527.9,534.3,556323,293391370.95,29490,LEGACY
2023-03-16,PEL,Piramal Enterprises,EQ,INE140A01024,676.0,697.0,656.4,691.9,694.0,672.7,3742670,2521778250.65,61717,LEGACY
2023-03-16,PFIZER,Pfizer,EQ,INE182A01018,3641.35,3641.35,3579.1,3600.9,3607.0,3617.95,8681,31197539.85,2284,LEGACY
2023-03-16,PPLPHARMA,Piramal Pharma,EQ,INE0DK501011,69.0,70.15,68.2,68.9,68.75,69.4,3869699,268034422.45,15131,LEGACY
2023-03-16,SANOFI,Sanofi India,EQ,INE058A01010,5748.4,5770.6,5720.0,5747.75,5749.9,5748.4,8072,46337426.55,2399,LEGACY
2023-03-16,STAR,Strides Pharma Science,EQ,INE939A01011,280.0,280.0,270.05,277.1,277.9,281.6,249764,68573090.3,8161,LEGACY
2023-03-16,SUNPHARMA,Sun Pharmaceutical Industries,EQ,INE044A01036,955.25,970.0,951.7,967.4,968.7,951.4,2228093,2148814484.9,93683,LEGACY
2023-03-16,TORNTPHARM,Torrent Pharmaceuticals,EQ,INE685A01028,1545.05,1564.9,1533.2,1551.65,1550.8,1540.05,339468,523810708.95,31244,LEGACY
2023-03-16,WOCKPHARMA,Wockhardt,EQ,INE049B01025,171.4,172.8,165.3,171.1,171.0,171.05,991182,167693671.4,14586,LEGACY
2023-03-16,ZYDUSLIFE,Zydus Lifesciences,EQ,INE010B01027,473.4,488.3,470.05,479.65,479.5,473.4,1591279,762875366.15,41755,LEGACY
2023-03-17,ABBOTINDIA,Abbott India,EQ,INE358A01014,20726.95,20993.95,20600.0,20928.3,20945.0,20704.0,7184,149632680.05,3261,LEGACY
2023-03-17,AJANTPHARM,Ajanta Pharma,EQ,INE031B01049,1201.45,1208.5,1151.25,1171.3,1175.0,1196.55,96349,113671242.85,15691,LEGACY
2023-03-17,ALKEM,Alkem Laboratories,EQ,INE540L01014,3188.5,3188.5,3098.3,3113.25,3100.0,3155.05,65853,205774825.1,7493,LEGACY
2023-03-17,APLLTD,Alembic Pharmaceuticals,EQ,INE901L01018,488.0,491.35,477.25,479.5,480.0,486.55,64282,31189421.8,4837,LEGACY
2023-03-17,AUROPHARMA,Aurobindo Pharma,EQ,INE406A01037,476.9,494.1,470.85,477.8,478.0,473.25,4731255,2301516491.45,84092,LEGACY
2023-03-17,BIOCON,Biocon,EQ,INE376G01013,223.0,223.4,200.0,202.3,207.95,221.85,43622635,8875867297.25,49392,LEGACY
2023-03-17,CIPLA,Cipla,EQ,INE059A01026,887.35,888.4,870.0,874.05,873.0,883.45,2205087,1938522223.4,91564,LEGACY
2023-03-17,DIVISLAB,Divi's Laboratories,EQ,INE361B01024,2815.65,2834.45,2785.0,2791.5,2795.0,2801.6,378313,1059344038.8,28949,LEGACY
2023-03-17,DRREDDY,Dr. Reddy's Laboratories,EQ,INE089A01023,4405.7,4463.15,4383.75,4436.15,4457.0,4383.75,618598,2736853179.9,52021,LEGACY
2023-03-17,GLAND,Gland Pharma,EQ,INE068V01023,1221.0,1227.95,1172.6,1186.55,1187.0,1217.75,327669,395213872.5,23220,LEGACY
2023-03-17,GLAXO,GlaxoSmithKline Pharmaceuticals,EQ,INE159A01016,1263.9,1298.8,1234.0,1287.4,1282.0,1259.95,49450,62885836.2,7396,LEGACY
2023-03-17,GLENMARK,Glenmark Pharmaceuticals,EQ,INE935A01035,440.0,441.8,433.15,440.85,441.0,432.55,1122719,492071064.9,24004,LEGACY
2023-03-17,GRANULES,Granules India,EQ,INE101D01020,283.6,288.4,282.25,286.05,285.0,283.05,481889,137863856.2,6254,LEGACY
2023-03-17,IPCALAB,IPCA Laboratories,EQ,INE571A01038,781.95,787.45,776.1,782.9,777.7,781.3,159274,124545994.5,9326,LEGACY
2023-03-17,JBCHEPHARM,JB Chemicals & Pharmaceuticals,EQ,INE572A01028,1970.0,1972.0,1945.0,1956.85,1955.0,1961.2,19607,38411422.1,3376,LEGACY
2023-03-17,LAURUSLABS,Laurus Labs,EQ,INE947Q01028,307.0,308.95,301.3,303.15,301.9,305.75,1039809,317173089.6,17203,LEGACY
2023-03-17,LUPIN,Lupin,EQ,INE326A01037,668.0,669.0,654.3,657.0,655.0,666.2,698565,461627284.2,18961,LEGACY
2023-03-17,NATCOPHARM,Natco Pharma,EQ,INE987B01026,527.6,540.0,526.0,536.95,533.15,523.9,206732,110993506.65,9808,LEGACY
2023-03-17,PEL,Piramal Enterprises,EQ,INE140A01024,699.65,705.65,683.25,688.85,688.95,691.9,1869684,1294539108.85,43372,LEGACY
2023-03-17,PFIZER,Pfizer,EQ,INE182A01018,3624.95,3624.95,3550.0,3559.9,3553.5,3600.9,10125,36205833.1,3283,LEGACY
2023-03-17,PPLPHARMA,Piramal Pharma,EQ,INE0DK501011,69.45,70.75,66.6,67.05,66.9,68.9,4743309,323070291.3,15588,LEGACY
2023-03-17,SANOFI,Sanofi India,EQ,INE058A01010,5749.9,5768.95,5725.0,5739.15,5733.0,5747.75,14437,82936921.15,2635,LEGACY
2023-03-17,STAR,Strides Pharma Science,EQ,INE939A01011,277.9,280.4,274.1,276.6,276.0,277.1,169643,46918458.05,3326,LEGACY
2023-03-17,SUNPHARMA,Sun Pharmaceutical Industries,EQ,INE044A01036,968.55,968.7,952.75,957.7,957.1,967.4,2218687,2127550876.65,68259,LEGACY
2023-03-17,TORNTPHARM,Torrent Pharmaceuticals,EQ,INE685A01028,1558.4,1558.4,1525.0,1534.0,1538.0,1551.65,408064,629829738.2,47997,LEGACY
2023-03-17,WOCKPHARMA,Wockhardt,EQ,INE049B01025,172.2,173.45,168.25,170.15,169.2,171.1,437596,74539591.85,8410,LEGACY
2023-03-17,ZYDUSLIFE,Zydus Lifesciences,EQ,INE010B01027,483.5,486.0,474.3,477.35,475.0,479.65,1061951,509908647.1,31039,LEGACY
2023-03-20,ABBOTINDIA,Abbott India,EQ,INE358A01014,20715.0,21415.7,20715.0,21327.3,21239.0,20928.3,12395,261666358.85,4181,LEGACY
2023-03-20,AJANTPHARM,Ajanta Pharma,EQ,INE031B01049,1197.0,1197.0,1175.0,1183.55,1186.2,1171.3,69827,82501634.3,20935,LEGACY
2023-03-20,ALKEM,Alkem Laboratories,EQ,INE540L01014,3100.85,3144.85,3087.6,3115.2,3101.0,3113.25,91221,284615256.7,12503,LEGACY
2023-03-20,APLLTD,Alembic Pharmaceuticals,EQ,INE901L01018,480.15,493.95,476.05,479.8,480.95,479.5,94560,45351214.45,7117,LEGACY
2023-03-20,AUROPHARMA,Aurobindo Pharma,EQ,INE406A01037,476.4,481.45,467.35,474.3,475.75,477.8,3067413,1458630459.75,45993,LEGACY
2023-03-20,BIOCON,Biocon,EQ,INE376G01013,206.0,209.95,198.8,201.75,201.3,202.3,12777914,2595618101.6,103405,LEGACY
2023-03-20,CIPLA,Cipla,EQ,INE059A01026,874.05,876.9,861.8,866.7,867.0,874.05,997827,865666856.6,47757,LEGACY
2023-03-20,DIVISLAB,Divi's Laboratories,EQ,INE361B01024,2825.6,2829.95,2787.15,2800.2,2802.0,2791.5,621061,1742700980.05,54313,LEGACY
2023-03-20,DRREDDY,Dr. Reddy's Laboratories,EQ,INE089A01023,4431.0,4494.0,4422.5,4439.45,4425.5,4436.15,789989,3518282324.05,61043,LEGACY
2023-03-20,GLAND,Gland Pharma,EQ,INE068V01023,1180.0,1185.95,1148.6,1160.6,1157.8,1186.55,423396,492091507.6,22391,LEGACY
2023-03-20,GLAXO,GlaxoSmithKline Pharmaceuticals,EQ,INE159A01016,1275.0,1285.0,1262.55,1282.6,1285.0,1287.4,30416,38883236.7,4270,LEGACY
2023-03-20,GLENMARK,Glenmark Pharmaceuticals,EQ,INE935A01035,441.0,446.0,435.35,444.85,444.45,440.85,870769,384357735.75,18202,LEGACY
2023-03-20,GRANULES,Granules India,EQ,INE101D01020,285.45,285.75,279.4,281.9,281.0,286.05,880975,247757478.85,8845,LEGACY
2023-03-20,IPCALAB,IPCA Laboratories,EQ,INE571A01038,792.0,792.0,772.3,781.25,779.05,782.9,69663,54243954.05,6309,LEGACY
2023-03-20,JBCHEPHARM,JB Chemicals & Pharmaceuticals,EQ,INE572A01028,1810.35,2000.4,1810.35,1955.75,1955.0,1956.85,11359,22236701.3,2704,LEGACY
2023-03-20,LAURUSLABS,Laurus Labs,EQ,INE947Q01028,302.0,304.15,298.5,302.5,302.0,303.15,1170574,353052830.6,24280,LEGACY
2023-03-20,LUPIN,Lupin,EQ,INE326A01037,654.95,655.0,640.8,646.4,646.0,657.0,538837,348151555.9,23719,LEGACY
2023-03-20,NATCOPHARM,Natco Pharma,EQ,INE987B01026,545.0,545.0,535.0,539.25,537.7,536.95,185849,100137983.1,5988,LEGACY
2023-03-20,PEL,Piramal Enterprises,EQ,INE140A01024,680.0,693.95,648.0,655.95,657.0,688.85,2983256,1963200850.15,94691,LEGACY
2023-03-20,PFIZER,Pfizer,EQ,INE182A01018,3559.9,3584.95,3515.0,3533.9,3550.0,3559.9,6559,23178604.45,1716,LEGACY
2023-03-20,PPLPHARMA,Piramal Pharma,EQ,INE0DK501011,68.4,68.4,66.2,67.3,67.5,67.05,3425531,229970481.8,12619,LEGACY
2023-03-20,SANOFI,Sanofi India,EQ,INE058A01010,5710.0,5799.95,5700.0,5714.85,5715.0,5739.15,7564,43225869.8,2553,LEGACY
2023-03-20,STAR,Strides Pharma Science,EQ,INE939A01011,274.15,276.6,270.1,271.7,272.0,276.6,160861,43799177.05,3796,LEGACY
2023-03-20,SUNPHARMA,Sun Pharmaceutical Industries,EQ,INE044A01036,950.0,962.65,947.35,961.2,961.25,957.7,1955757,1867130019.5,75915,LEGACY
2023-03-20,TORNTPHARM,Torrent Pharmaceuticals,EQ,INE685A01028,1519.95,1532.0,1501.45,1521.7,1524.45,1534.0,362501,550035358.55,23905,LEGACY
2023-03-20,WOCKPHARMA,Wockhardt,EQ,INE049B01025,170.0,170.7,166.05,168.85,168.45,170.15,549829,92267985.45,8386,LEGACY
2023-03-20,ZYDUSLIFE,Zydus Lifesciences,EQ,INE010B01027,472.05,478.0,468.85,476.2,477.0,477.35,637487,302228228.75,21406,LEGACY
2023-03-21,ABBOTINDIA,Abbott India,EQ,INE358A01014,21420.0,21420.0,21120.1,21287.85,21180.05,21327.3,5813,123517750.25,2509,LEGACY
2023-03-21,AJANTPHARM,Ajanta Pharma,EQ,INE031B01049,1189.5,1209.8,1189.45,1205.75,1205.0,1183.55,38783,46605545.1,8822,LEGACY
2023-03-21,ALKEM,Alkem Laboratories,EQ,INE540L01014,3101.0,3157.05,3099.15,3116.6,3101.35,3115.2,39169,122740519.85,6393,LEGACY
2023-03-21,APLLTD,Alembic Pharmaceuticals,EQ,INE901L01018,480.7,497.0,479.85,492.65,493.6,479.8,110829,54264147.7,7268,LEGACY
2023-03-21,AUROPHARMA,Aurobindo Pharma,EQ,INE406A01037,476.9,479.6,466.2,467.95,466.25,474.3,1057090,499800362.3,22668,LEGACY
2023-03-21,BIOCON,Biocon,EQ,INE376G01013,203.6,203.6,191.55,201.1,201.1,201.75,12170982,2406663706.6,99199,LEGACY
2023-03-21,CIPLA,Cipla,EQ,INE059A01026,866.8,872.4,860.6,862.35,863.0,866.7,888443,769176356.95,48331,LEGACY
2023-03-21,DIVISLAB,Divi's Laboratories,EQ,INE361B01024,2814.25,2823.0,2762.0,2767.9,2770.9,2800.2,403214,1122223048.5,44539,LEGACY
2023-03-21,DRREDDY,Dr. Reddy's Laboratories,EQ,INE089A01023,4441.95,4480.0,4409.2,4419.35,4409.2,4439.45,396928,1764731929.2,35578,LEGACY
2023-03-21,GLAND,Gland Pharma,EQ,INE068V01023,1166.4,1280.0,1161.1,1224.55,1235.0,1160.6,629730,758512616.7,35550,LEGACY
2023-03-21,GLAXO,GlaxoSmithKline Pharmaceuticals,EQ,INE159A01016,1284.65,1303.0,1280.05,1300.8,1301.0,1282.6,22464,29055793.0,4262,LEGACY
2023-03-21,GLENMARK,Glenmark Pharmaceuticals,EQ,INE935A01035,444.9,446.25,435.0,436.4,436.0,444.85,1049426,462843998.5,18544,LEGACY
2023-03-21,GRANULES,Granules India,EQ,INE101D01020,282.55,290.8,282.05,288.3,288.25,281.9,872354,250816352.2,11835,LEGACY
2023-03-21,IPCALAB,IPCA Laboratories,EQ,INE571A01038,785.15,787.45,774.75,779.9,777.7,781.25,152769,119549674.9,11994,LEGACY
2023-03-21,JBCHEPHARM,JB Chemicals & Pharmaceuticals,EQ,INE572A01028,1955.75,1969.9,1943.0,1955.5,1955.0,1955.75,7910,15496642.05,2970,LEGACY
2023-03-21,LAURUSLABS,Laurus Labs,EQ,INE947Q01028,299.0,306.5,298.85,305.35,305.55,302.5,1082230,329747689.3,13519,LEGACY
2023-03-21,LUPIN,Lupin,EQ,INE326A01037,655.0,655.45,646.1,649.4,650.0,646.4,303443,197053666.45,12644,LEGACY
2023-03-21,NATCOPHARM,Natco Pharma,EQ,INE987B01026,542.0,549.4,535.9,547.4,546.1,539.25,326436,176538207.35,15565,LEGACY
2023-03-21,PEL,Piramal Enterprises,EQ,INE140A01024,660.45,681.5,655.7,678.75,675.6,655.95,1827251,1225541006.5,46786,LEGACY
2023-03-21,PFIZER,Pfizer,EQ,INE182A01018,3546.55,3552.0,3505.0,3530.95,3510.0,3533.9,7757,27336378.6,2104,LEGACY
2023-03-21,PPLPHARMA,Piramal Pharma,EQ,INE0DK501011,67.7,70.9,67.6,68.7,68.9,67.3,5266746,365678154.25,21418,LEGACY
2023-03-21,SANOFI,Sanofi India,EQ,INE058A01010,5710.0,5750.0,5706.3,5715.8,5709.2,5714.85,10224,58480335.05,2527,LEGACY
2023-03-21,STAR,Strides Pharma Science,EQ,INE939A01011,274.5,274.5,268.15,273.05,273.0,271.7,164552,44604580.25,3740,LEGACY
2023-03-21,SUNPHARMA,Sun Pharmaceutical Industries,EQ,INE044A01036,965.0,965.0,953.25,956.2,957.0,961.2,1687239,1616423750.9,76487,LEGACY
2023-03-21,TORNTPHARM,Torrent Pharmaceuticals,EQ,INE685A01028,1528.4,1532.0,1504.05,1515.0,1514.1,1521.7,220893,334516739.75,20361,LEGACY
2023-03-21,WOCKPHARMA,Wockhardt,EQ,INE049B01025,170.0,173.8,167.0,171.1,170.1,168.85,1011366,172902875.4,15328,LEGACY
2023-03-21,ZYDUSLIFE,Zydus Lifesciences,EQ,INE010B01027,478.6,480.0,473.35,478.35,479.1,476.2,792636,378517143.3,21410,LEGACY
2023-03-22,ABBOTINDIA,Abbott India,EQ,INE358A01014,21250.0,21747.05,21182.25,21491.65,21481.95,21287.85,13584,292223433.85,4154,LEGACY
2023-03-22,AJANTPHARM,Ajanta Pharma,EQ,INE031B01049,1210.6,1223.6,1208.05,1220.8,1219.9,1205.75,249704,302440520.2,9518,LEGACY
2023-03-22,ALKEM,Alkem Laboratories,EQ,INE540L01014,3132.0,3225.0,3106.6,3213.2,3196.1,3116.6,130364,414059682.8,13847,LEGACY
2023-03-22,APLLTD,Alembic Pharmaceuticals,EQ,INE901L01018,494.0,500.0,492.65,497.4,497.0,492.65,55139,27411388.6,4587,LEGACY
2023-03-22,AUROPHARMA,Aurobindo Pharma,EQ,INE406A01037,469.0,480.25,466.0,478.75,478.05,467.95,1406386,667038643.75,30295,LEGACY
2023-03-22,BIOCON,Biocon,EQ,INE376G01013,201.15,204.2,200.0,203.7,203.8,201.1,4977834,1007783885.4,30754,LEGACY
2023-03-22,CIPLA,Cipla,EQ,INE059A01026,864.0,866.0,852.0,863.4,865.5,862.35,1622488,1390878444.5,67663,LEGACY
2023-03-22,DIVISLAB,Divi's Laboratories,EQ,INE361B01024,2770.9,2794.9,2769.5,2790.65,2791.95,2767.9,209784,583763701.9,22979,LEGACY
2023-03-22,DRREDDY,Dr. Reddy's Laboratories,EQ,INE089A01023,4429.35,4480.0,4415.85,4474.95,4469.85,4419.35,319777,1421290846.65,19051,LEGACY
2023-03-22,GLAND,Gland Pharma,EQ,INE068V01023,1235.0,1251.25,1224.55,1245.8,1240.0,1224.55,322902,400521724.55,18259,LEGACY
2023-03-22,GLAXO,GlaxoSmithKline Pharmaceuticals,EQ,INE159A01016,1300.0,1310.0,1280.0,1283.15,1282.9,1300.8,27014,35098713.1,3791,LEGACY
2023-03-22,GLENMARK,Glenmark Pharmaceuticals,EQ,INE935A01035,436.0,439.9,432.6,435.9,434.8,436.4,613792,266905007.5,11007,LEGACY
2023-03-22,GRANULES,Granules India,EQ,INE101D01020,289.45,289.95,285.3,287.55,288.4,288.3,195855,56207460.2,3726,LEGACY
2023-03-22,IPCALAB,IPCA Laboratories,EQ,INE571A01038,779.9,785.65,777.25,782.85,783.0,779.9,73714,57658515.65,10914,LEGACY
2023-03-22,JBCHEPHARM,JB Chemicals & Pharmaceuticals,EQ,INE572A01028,1955.4,1985.0,1943.95,1958.05,1985.0,1955.5,37102,72436000.85,3832,LEGACY
2023-03-22,LAURUSLABS,Laurus Labs,EQ,INE947Q01028,306.0,307.3,303.75,305.2,305.1,305.35,648526,198189179.55,10695,LEGACY
2023-03-22,LUPIN,Lupin,EQ,INE326A01037,650.25,662.0,649.0,658.85,661.7,649.4,279093,182897530.05,10556,LEGACY
2023-03-22,NATCOPHARM,Natco Pharma,EQ,INE987B01026,548.0,553.5,540.0,548.55,547.0,547.4,913407,500836313.05,9504,LEGACY
2023-03-22,PEL,Piramal Enterprises,EQ,INE140A01024,677.95,687.5,671.25,673.65,673.45,678.75,1060325,720416363.65,30483,LEGACY
2023-03-22,PFIZER,Pfizer,EQ,INE182A01018,3540.0,3540.0,3504.4,3525.45,3540.0,3530.95,7663,26998689.7,1928,LEGACY
2023-03-22,PPLPHARMA,Piramal Pharma,EQ,INE0DK501011,69.05,70.45,68.2,68.45,68.5,68.7,3761247,259157877.6,15808,LEGACY
2023-03-22,SANOFI,Sanofi India,EQ,INE058A01010,5718.05,5739.95,5700.0,5704.5,5704.95,5715.8,8142,46472389.0,1908,LEGACY
2023-03-22,STAR,Strides Pharma Science,EQ,INE939A01011,275.5,291.4,271.55,284.9,284.0,273.05,725765,205492535.0,14940,LEGACY
2023-03-22,SUNPHARMA,Sun Pharmaceutical Industries,EQ,INE044A01036,957.0,974.4,956.6,972.05,971.8,956.2,1626129,1569572053.8,49357,LEGACY
2023-03-22,TORNTPHARM,Torrent Pharmaceuticals,EQ,INE685A01028,1517.85,1524.8,1501.55,1518.6,1521.75,1515.0,178301,269474716.7,15453,LEGACY
2023-03-22,WOCKPHARMA,Wockhardt,EQ,INE049B01025,172.9,174.75,172.05,173.75,173.0,171.1,552547,95885450.0,7780,LEGACY
2023-03-22,ZYDUSLIFE,Zydus Lifesciences,EQ,INE010B01027,479.0,483.7,473.35,478.65,479.05,478.35,904657,432449333.55,21881,LEGACY
2023-03-23,ABBOTINDIA,Abbott India,EQ,INE358A01014,21500.0,21653.95,21352.5,21540.2,21525.0,21491.65,9237,199238854.0,3635,LEGACY
2023-03-23,AJANTPHARM,Ajanta Pharma,EQ,INE031B01049,1223.0,1235.0,1212.2,1229.9,1233.0,1220.8,65120,79668491.65,13149,LEGACY
2023-03-23,ALKEM,Alkem Laboratories,EQ,INE540L01014,3196.15,3196.15,3138.0,3149.75,3150.0,3213.2,186735,588844669.15,22401,LEGACY
2023-03-23,APLLTD,Alembic Pharmaceuticals,EQ,INE901L01018,494.45,498.95,485.7,489.65,492.0,497.4,47297,23208829.45,4711,LEGACY
2023-03-23,AUROPHARMA,Aurobindo Pharma,EQ,INE406A01037,479.0,488.0,475.75,486.15,485.0,478.75,2085444,1009102183.45,34234,LEGACY
2023-03-23,BIOCON,Biocon,EQ,INE376G01013,203.7,207.8,201.05,207.0,207.1,203.7,6145350,1257474726.0,37391,LEGACY
2023-03-23,CIPLA,Cipla,EQ,INE059A01026,868.0,870.9,861.25,869.1,868.6,863.4,1865868,1616846659.9,52234,LEGACY
2023-03-23,DIVISLAB,Divi's Laboratories,EQ,INE361B01024,2790.65,2817.45,2785.75,2803.1,2807.0,2790.65,193035,540758031.9,21171,LEGACY
2023-03-23,DRREDDY,Dr. Reddy's Laboratories,EQ,INE089A01023,4479.0,4499.5,4430.55,4446.95,4460.0,4474.95,483674,2165327120.35,34243,LEGACY
2023-03-23,GLAND,Gland Pharma,EQ,INE068V01023,1243.0,1290.0,1233.85,1284.1,1281.0,1245.8,844256,1074850713.95,39183,LEGACY
2023-03-23,GLAXO,GlaxoSmithKline Pharmaceuticals,EQ,INE159A01016,1284.95,1299.5,1275.8,1295.55,1295.0,1283.15,21937,28269418.85,4935,LEGACY
2023-03-23,GLENMARK,Glenmark Pharmaceuticals,EQ,INE935A01035,437.0,441.0,432.8,436.75,437.05,435.9,1142540,498949068.0,18736,LEGACY
2023-03-23,GRANULES,Granules India,EQ,INE101D01020,285.75,287.0,279.45,280.7,280.9,287.55,400036,113033360.75,6222,LEGACY
2023-03-23,IPCALAB,IPCA Laboratories,EQ,INE571A01038,781.25,791.45,779.4,784.4,784.0,782.85,230059,181026246.25,11064,LEGACY
2023-03-23,JBCHEPHARM,JB Chemicals & Pharmaceuticals,EQ,INE572A01028,1961.6,1974.9,1946.9,1968.75,1970.4,1958.05,42377,82889148.2,3569,LEGACY
2023-03-23,LAURUSLABS,Laurus Labs,EQ,INE947Q01028,305.85,306.9,302.15,303.2,303.5,305.2,734526,223372230.45,11268,LEGACY
2023-03-23,LUPIN,Lupin,EQ,INE326A01037,660.35,663.0,646.65,648.55,648.8,658.85,1304892,854486924.3,38083,LEGACY
2023-03-23,NATCOPHARM,Natco Pharma,EQ,INE987B01026,547.0,553.0,541.75,548.45,548.9,548.55,251023,137360659.2,8875,LEGACY
2023-03-23,PEL,Piramal Enterprises,EQ,INE140A01024,671.0,676.15,662.0,666.1,666.0,673.65,1260716,842038554.65,43138,LEGACY
2023-03-23,PFIZER,Pfizer,EQ,INE182A01018,3516.0,3551.95,3502.1,3520.55,3513.05,3525.45,9331,32904675.4,2856,LEGACY
2023-03-23,PPLPHARMA,Piramal Pharma,EQ,INE0DK501011,68.65,70.4,67.55,69.85,69.95,68.45,4596056,317984858.3,14920,LEGACY
2023-03-23,SANOFI,Sanofi India,EQ,INE058A01010,5704.95,5727.85,5669.0,5681.0,5683.0,5704.5,10322,58722026.85,2724,LEGACY
2023-03-23,STAR,Strides Pharma Science,EQ,INE939A01011,286.4,286.4,280.55,281.55,281.3,284.9,164993,46504222.1,4346,LEGACY
2023-03-23,SUNPHARMA,Sun Pharmaceutical Industries,EQ,INE044A01036,975.0,982.95,972.0,977.65,977.95,972.05,1857923,1817981219.45,52643,LEGACY
2023-03-23,TORNTPHARM,Torrent Pharmaceuticals,EQ,INE685A01028,1518.6,1540.0,1513.65,1531.2,1534.05,1518.6,87774,134076257.25,8783,LEGACY
2023-03-23,WOCKPHARMA,Wockhardt,EQ,INE049B01025,174.4,175.15,170.45,170.95,170.9,173.75,478637,82654421.55,7233,LEGACY
2023-03-23,ZYDUSLIFE,Zydus Lifesciences,EQ,INE010B01027,479.05,484.6,478.35,482.3,481.5,478.65,831785,400658419.65,24575,LEGACY
2023-03-24,ABBOTINDIA,Abbott India,EQ,INE358A01014,21540.2,21678.0,21056.35,21128.9,21120.0,21540.2,5596,119457694.5,2288,LEGACY
2023-03-24,AJANTPHARM,Ajanta Pharma,EQ,INE031B01049,1140.4,1212.4,1131.7,1184.3,1185.0,1229.9,268170,316713659.0,27307,LEGACY
2023-03-24,ALKEM,Alkem Laboratories,EQ,INE540L01014,3150.0,3202.0,3145.0,3153.75,3169.7,3149.75,63939,202897315.45,10012,LEGACY
2023-03-24,APLLTD,Alembic Pharmaceuticals,EQ,INE901L01018,489.65,492.7,483.0,484.75,483.0,489.65,48915,23906458.7,8997,LEGACY
2023-03-24,AUROPHARMA,Aurobindo Pharma,EQ,INE406A01037,486.0,503.0,485.0,500.45,499.9,486.15,4123319,2050506512.85,80494,LEGACY
2023-03-24,BIOCON,Biocon,EQ,INE376G01013,207.0,207.0,196.65,198.7,197.05,207.0,6907260,1389121170.4,51614,LEGACY
2023-03-24,CIPLA,Cipla,EQ,INE059A01026,869.1,879.0,866.15,877.25,878.4,869.1,3166046,2768408482.3,41497,LEGACY
2023-03-24,DIVISLAB,Divi's Laboratories,EQ,INE361B01024,2817.2,2828.15,2795.0,2807.0,2804.75,2803.1,291918,820109843.2,20605,LEGACY
2023-03-24,DRREDDY,Dr. Reddy's Laboratories,EQ,INE089A01023,4449.95,4498.0,4449.95,4464.15,4455.1,4446.95,225394,1007737641.85,28614,LEGACY
2023-03-24,GLAND,Gland Pharma,EQ,INE068V01023,1275.0,1323.3,1226.0,1282.2,1287.0,1284.1,1229621,1562563287.7,56151,LEGACY
2023-03-24,GLAXO,GlaxoSmithKline Pharmaceuticals,EQ,INE159A01016,1295.55,1306.6,1271.1,1288.45,1282.1,1295.55,37487,48211885.05,6323,LEGACY
2023-03-24,GLENMARK,Glenmark Pharmaceuticals,EQ,INE935A01035,433.05,444.95,423.95,425.7,426.0,436.75,1094792,472183814.6,19268,LEGACY
2023-03-24,GRANULES,Granules India,EQ,INE101D01020,281.05,283.4,278.6,282.35,282.0,280.7,702832,197665017.8,8846,LEGACY
2023-03-24,IPCALAB,IPCA Laboratories,EQ,INE571A01038,781.1,788.5,778.7,781.45,780.0,784.4,63407,49634624.95,4848,LEGACY
2023-03-24,JBCHEPHARM,JB Chemicals & Pharmaceuticals,EQ,INE572A01028,1952.0,1974.75,1952.0,1968.5,1967.0,1968.75,15498,30489748.0,3635,LEGACY
2023-03-24,LAURUSLABS,Laurus Labs,EQ,INE947Q01028,303.2,304.75,298.0,299.35,298.9,303.2,1094973,330582971.4,19029,LEGACY
2023-03-24,LUPIN,Lupin,EQ,INE326A01037,651.0,654.85,638.35,640.0,639.25,648.55,721966,467546648.2,15516,LEGACY
2023-03-24,NATCOPHARM,Natco Pharma,EQ,INE987B01026,551.15,551.15,532.6,536.2,537.7,548.45,248101,134477745.35,11557,LEGACY
2023-03-24,PEL,Piramal Enterprises,EQ,INE140A01024,669.0,670.8,645.0,649.65,646.45,666.1,1256550,827192009.6,43033,LEGACY
2023-03-24,PFIZER,Pfizer,EQ,INE182A01018,3521.5,3546.1,3514.0,3523.2,3530.0,3520.55,5759,20302043.95,1267,LEGACY
2023-03-24,PPLPHARMA,Piramal Pharma,EQ,INE0DK501011,69.9,70.35,67.55,67.75,67.75,69.85,2194665,150593202.9,8998,LEGACY
2023-03-24,SANOFI,Sanofi India,EQ,INE058A01010,5700.0,5709.2,5650.0,5660.4,5658.3,5681.0,11873,67276522.45,3703,LEGACY
2023-03-24,STAR,Strides Pharma Science,EQ,INE939A01011,283.0,283.0,273.1,274.75,275.15,281.55,140381,38875188.0,3810,LEGACY
2023-03-24,SUNPHARMA,Sun Pharmaceutical Industries,EQ,INE044A01036,977.6,979.0,968.0,972.85,973.0,977.65,1534322,1494288345.25,65531,LEGACY
2023-03-24,TORNTPHARM,Torrent Pharmaceuticals,EQ,INE685A01028,1531.0,1537.35,1508.85,1517.9,1521.35,1531.2,110379,167833464.65,13463,LEGACY
2023-03-24,WOCKPHARMA,Wockhardt,EQ,INE049B01025,171.1,171.75,160.0,161.05,161.3,170.95,1786619,293531328.75,17193,LEGACY
2023-03-24,ZYDUSLIFE,Zydus Lifesciences,EQ,INE010B01027,483.5,487.0,478.8,480.7,480.05,482.3,938602,453746429.0,21250,LEGACY
2023-03-27,ABBOTINDIA,Abbott India,EQ,INE358A01014,21160.0,21617.95,21138.3,21426.75,21400.0,21128.9,16299,349526075.8,4189,LEGACY
2023-03-27,AJANTPHARM,Ajanta Pharma,EQ,INE031B01049,1184.3,1188.95,1167.0,1175.25,1177.0,1184.3,35428,41589897.4,4864,LEGACY
2023-03-27,ALKEM,Alkem Laboratories,EQ,INE540L01014,3170.3,3265.0,3157.85,3227.95,3220.0,3153.75,171827,555458247.25,17460,LEGACY
2023-03-27,APLLTD,Alembic Pharmaceuticals,EQ,INE901L01018,483.0,491.6,478.6,489.05,488.0,484.75,274697,133865492.85,9850,LEGACY
2023-03-27,AUROPHARMA,Aurobindo Pharma,EQ,INE406A01037,500.55,519.0,500.1,511.4,509.25,500.45,5489577,2816759945.85,88005,LEGACY
2023-03-27,BIOCON,Biocon,EQ,INE376G01013,199.05,207.9,198.85,206.65,205.5,198.7,11575501,2376941669.35,86057,LEGACY
2023-03-27,CIPLA,Cipla,EQ,INE059A01026,881.05,891.35,876.05,889.3,889.55,877.25,3986238,3533455834.9,72124,LEGACY
2023-03-27,DIVISLAB,Divi's Laboratories,EQ,INE361B01024,2809.95,2859.9,2808.0,2829.2,2833.0,2807.0,435250,1235170455.5,44731,LEGACY
2023-03-27,DRREDDY,Dr. Reddy's Laboratories,EQ,INE089A01023,4490.0,4528.65,4465.05,4485.65,4486.0,4464.15,351914,1583466061.95,32739,LEGACY
2023-03-27,GLAND,Gland Pharma,EQ,INE068V01023,1288.6,1329.8,1233.3,1261.95,1267.95,1282.2,994931,1285970166.7,45423,LEGACY
2023-03-27,GLAXO,GlaxoSmithKline Pharmaceuticals,EQ,INE159A01016,1281.6,1289.75,1262.5,1268.5,1270.8,1288.45,23853,30378577.7,3775,LEGACY
2023-03-27,GLENMARK,Glenmark Pharmaceuticals,EQ,INE935A01035,424.0,442.5,424.0,439.35,439.0,425.7,1652089,720189573.05,32363,LEGACY
2023-03-27,GRANULES,Granules India,EQ,INE101D01020,282.35,286.5,278.7,283.65,283.0,282.35,1362843,387439351.8,11746,LEGACY
2023-03-27,IPCALAB,IPCA Laboratories,EQ,INE571A01038,781.45,796.95,778.8,790.05,790.25,781.45,319315,252483389.55,18823,LEGACY
2023-03-27,JBCHEPHARM,JB Chemicals & Pharmaceuticals,EQ,INE572A01028,1968.5,1985.0,1936.0,1950.0,1942.0,1968.5,21305,41860747.7,5546,LEGACY
2023-03-27,LAURUSLABS,Laurus Labs,EQ,INE947Q01028,299.35,301.7,295.0,297.8,297.0,299.35,1724856,514943695.35,25908,LEGACY
2023-03-27,LUPIN,Lupin,EQ,INE326A01037,644.0,673.75,641.75,658.75,659.55,640.0,3965489,2632060965.95,74728,LEGACY
2023-03-27,NATCOPHARM,Natco Pharma,EQ,INE987B01026,538.15,550.1,530.55,548.35,548.0,536.2,391115,212338032.05,11709,LEGACY
2023-03-27,PEL,Piramal Enterprises,EQ,INE140A01024,650.3,655.45,641.0,649.6,647.85,649.65,1519828,985776252.7,42311,LEGACY
2023-03-27,PFIZER,Pfizer,EQ,INE182A01018,3523.15,3525.0,3470.05,3486.3,3475.0,3523.2,12489,43647598.1,3555,LEGACY
2023-03-27,PPLPHARMA,Piramal Pharma,EQ,INE0DK501011,68.0,68.0,64.2,64.95,64.4,67.75,3803398,250330492.9,11527,LEGACY
2023-03-27,SANOFI,Sanofi India,EQ,INE058A01010,5675.0,5675.4,5622.4,5645.85,5635.0,5660.4,18642,105261966.45,4266,LEGACY
2023-03-27,STAR,Strides Pharma Science,EQ,INE939A01011,275.15,287.9,273.15,280.5,280.2,274.75,819062,231813508.1,16199,LEGACY
2023-03-27,SUNPHARMA,Sun Pharmaceutical Industries,EQ,INE044A01036,980.0,990.95,963.0,983.45,981.2,972.85,2473222,2431239232.85,73823,LEGACY
2023-03-27,TORNTPHARM,Torrent Pharmaceuticals,EQ,INE685A01028,1517.9,1545.95,1513.55,1535.85,1529.0,1517.9,115904,178147438.45,8350,LEGACY
2023-03-27,WOCKPHARMA,Wockhardt,EQ,INE049B01025,161.95,161.95,150.3,151.2,151.2,161.05,3452676,532519258.05,29019,LEGACY
2023-03-27,ZYDUSLIFE,Zydus Lifesciences,EQ,INE010B01027,475.25,486.6,475.05,481.9,479.7,480.7,843623,407863699.75,20410,LEGACY
2023-03-28,ABBOTINDIA,Abbott India,EQ,INE358A01014,21426.0,21678.7,21306.55,21595.05,21640.0,21426.75,11054,238331263.2,2805,LEGACY
2023-03-28,AJANTPHARM,Ajanta Pharma,EQ,INE031B01049,1179.9,1179.9,1145.45,1160.4,1160.8,1175.25,41123,47794581.85,7045,LEGACY
2023-03-28,ALKEM,Alkem Laboratories,EQ,INE540L01014,3231.9,3259.9,3201.6,3240.8,3219.15,3227.95,56411,181777687.2,10081,LEGACY
2023-03-28,APLLTD,Alembic Pharmaceuticals,EQ,INE901L01018,487.0,490.0,477.0,478.55,478.5,489.05,119691,57515342.5,9334,LEGACY
2023-03-28,AUROPHARMA,Aurobindo Pharma,EQ,INE406A01037,510.8,514.05,498.35,511.45,510.0,511.4,2316841,1172320722.1,39590,LEGACY
2023-03-28,BIOCON,Biocon,EQ,INE376G01013,206.65,206.8,199.25,202.5,202.15,206.65,4260256,859061665.25,47027,LEGACY
2023-03-28,CIPLA,Cipla,EQ,INE059A01026,891.8,894.25,886.4,889.5,889.3,889.3,3623017,3224100075.75,72751,LEGACY
2023-03-28,DIVISLAB,Divi's Laboratories,EQ,INE361B01024,2838.15,2843.55,2775.0,2806.45,2811.75,2829.2,353223,989483849.0,33429,LEGACY
2023-03-28,DRREDDY,Dr. Reddy's Laboratories,EQ,INE089A01023,4498.95,4547.1,4480.0,4526.8,4541.55,4485.65,366938,1661473559.7,33588,LEGACY
2023-03-28,GLAND,Gland Pharma,EQ,INE068V01023,1268.3,1292.0,1245.0,1254.65,1250.9,1261.95,302303,379597483.05,19087,LEGACY
2023-03-28,GLAXO,GlaxoSmithKline Pharmaceuticals,EQ,INE159A01016,1261.1,1278.0,1250.0,1274.75,1278.0,1268.5,30112,38119465.35,4629,LEGACY
2023-03-28,GLENMARK,Glenmark Pharmaceuticals,EQ,INE935A01035,441.55,451.9,438.3,449.55,451.0,439.35,1788498,799625741.05,35165,LEGACY
2023-03-28,GRANULES,Granules India,EQ,INE101D01020,283.65,284.45,270.3,270.95,270.6,283.65,1640402,455773876.2,18509,LEGACY
2023-03-28,IPCALAB,IPCA Laboratories,EQ,INE571A01038,789.3,794.0,781.25,791.55,790.0,790.05,511498,404176568.35,16405,LEGACY
2023-03-28,JBCHEPHARM,JB Chemicals & Pharmaceuticals,EQ,INE572A01028,1942.5,1965.95,1938.55,1960.2,1959.9,1950.0,21957,42879581.75,4108,LEGACY
2023-03-28,LAURUSLABS,Laurus Labs,EQ,INE947Q01028,297.8,298.8,288.8,289.75,289.0,297.8,1505740,440159197.65,24915,LEGACY
2023-03-28,LUPIN,Lupin,EQ,INE326A01037,661.9,661.9,640.95,644.4,646.0,658.75,998013,645451129.1,25989,LEGACY
2023-03-28,NATCOPHARM,Natco Pharma,EQ,INE987B01026,547.5,562.5,544.85,551.1,548.7,548.35,625438,348271592.25,22443,LEGACY
2023-03-28,PEL,Piramal Enterprises,EQ,INE140A01024,653.0,653.05,630.45,634.65,634.7,649.6,1274274,813361511.45,39453,LEGACY
2023-03-28,PFIZER,Pfizer,EQ,INE182A01018,3475.0,3493.15,3408.0,3442.5,3434.0,3486.3,15221,52377478.5,3852,LEGACY
2023-03-28,PPLPHARMA,Piramal Pharma,EQ,INE0DK501011,65.1,65.45,63.1,63.95,63.75,64.95,4895002,313084482.1,16945,LEGACY
2023-03-28,SANOFI,Sanofi India,EQ,INE058A01010,5634.0,5639.85,5600.0,5627.5,5625.0,5645.85,15776,88647950.9,4337,LEGACY
2023-03-28,STAR,Strides Pharma Science,EQ,INE939A01011,281.75,284.35,281.0,282.75,284.0,280.5,237235,66968977.7,5057,LEGACY
2023-03-28,SUNPHARMA,Sun Pharmaceutical Industries,EQ,INE044A01036,987.0,987.8,976.3,984.2,983.8,983.45,1394675,1369024857.8,64605,LEGACY
2023-03-28,TORNTPHARM,Torrent Pharmaceuticals,EQ,INE685A01028,1541.05,1550.6,1525.55,1543.9,1543.45,1535.85,110149,169450942.5,10668,LEGACY
2023-03-28,WOCKPHARMA,Wockhardt,EQ,INE049B01025,152.7,154.35,148.3,149.3,149.0,151.2,1231242,185461879.9,17645,LEGACY
2023-03-28,ZYDUSLIFE,Zydus Lifesciences,EQ,INE010B01027,481.9,489.0,478.2,484.75,483.95,481.9,707818,342029082.8,14409,LEGACY
2023-03-29,ABBOTINDIA,Abbott India,EQ,INE358A01014,21600.0,21881.85,21592.85,21770.05,21766.75,21595.05,9818,213649534.45,3269,LEGACY
2023-03-29,AJANTPHARM,Ajanta Pharma,EQ,INE031B01049,1155.1,1221.95,1155.1,1209.0,1206.0,1160.4,137024,161123439.3,16554,LEGACY
2023-03-29,ALKEM,Alkem Laboratories,EQ,INE540L01014,3240.0,3311.0,3230.15,3300.3,3300.15,3240.8,71738,235578105.25,9484,LEGACY
2023-03-29,APLLTD,Alembic Pharmaceuticals,EQ,INE901L01018,477.0,482.8,462.3,468.65,471.0,478.55,242515,114160180.8,15674,LEGACY
2023-03-29,AUROPHARMA,Aurobindo Pharma,EQ,INE406A01037,510.0,513.35,504.65,509.65,508.0,511.45,1309603,666528338.3,26324,LEGACY
2023-03-29,BIOCON,Biocon,EQ,INE376G01013,202.0,204.0,199.65,201.6,203.5,202.5,11020214,2221625332.8,57477,LEGACY
2023-03-29,CIPLA,Cipla,EQ,INE059A01026,893.95,896.6,885.35,887.7,888.5,889.5,3049688,2709159776.45,57988,LEGACY
2023-03-29,DIVISLAB,Divi's Laboratories,EQ,INE361B01024,2810.0,2840.0,2792.7,2820.25,2840.0,2806.45,370527,1041951165.1,31695,LEGACY
2023-03-29,DRREDDY,Dr. Reddy's Laboratories,EQ,INE089A01023,4549.45,4575.0,4522.15,4567.8,4565.05,4526.8,416707,1898444072.65,43384,LEGACY
2023-03-29,GLAND,Gland Pharma,EQ,INE068V01023,1254.0,1280.45,1232.95,1257.8,1274.0,1254.65,773942,968132982.55,38476,LEGACY
2023-03-29,GLAXO,GlaxoSmithKline Pharmaceuticals,EQ,INE159A01016,1274.45,1287.0,1262.9,1275.7,1276.0,1274.75,25234,32090992.5,5112,LEGACY
2023-03-29,GLENMARK,Glenmark Pharmaceuticals,EQ,INE935A01035,449.55,451.5,444.3,445.45,447.0,449.55,1069507,477394911.0,23249,LEGACY
2023-03-29,GRANULES,Granules India,EQ,INE101D01020,268.5,275.0,267.75,273.25,274.0,270.95,1073323,292257199.15,14562,LEGACY
2023-03-29,IPCALAB,IPCA Laboratories,EQ,INE571A01038,792.0,794.85,781.75,786.45,783.0,791.55,365256,287577840.55,20671,LEGACY
2023-03-29,JBCHEPHARM,JB Chemicals & Pharmaceuticals,EQ,INE572A01028,1955.55,1967.9,1917.05,1954.7,1957.8,1960.2,46972,91621678.2,9600,LEGACY
2023-03-29,LAURUSLABS,Laurus Labs,EQ,INE947Q01028,288.85,297.9,286.0,297.05,296.75,289.75,2051696,602859406.55,27530,LEGACY
2023-03-29,LUPIN,Lupin,EQ,INE326A01037,644.4,659.0,643.2,652.4,653.0,644.4,946826,617872057.75,28195,LEGACY
2023-03-29,NATCOPHARM,Natco Pharma,EQ,INE987B01026,551.45,559.8,547.0,555.7,558.0,551.1,671877,371591161.05,16278,LEGACY
2023-03-29,PEL,Piramal Enterprises,EQ,INE140A01024,638.0,669.0,638.0,665.1,665.15,634.65,2972108,1952448048.2,60293,LEGACY
2023-03-29,PFIZER,Pfizer,EQ,INE182A01018,3440.05,3525.0,3408.0,3502.6,3486.0,3442.5,14183,49056237.1,3980,LEGACY
2023-03-29,PPLPHARMA,Piramal Pharma,EQ,INE0DK501011,64.25,67.9,63.2,67.05,67.15,63.95,5046563,337165246.1,19879,LEGACY
2023-03-29,SANOFI,Sanofi India,EQ,INE058A01010,5620.1,5650.0,5600.0,5613.65,5600.0,5627.5,37984,213355059.1,7650,LEGACY
2023-03-29,STAR,Strides Pharma Science,EQ,INE939A01011,282.15,296.4,280.0,291.75,290.35,282.75,298891,85683769.25,7599,LEGACY
2023-03-29,SUNPHARMA,Sun Pharmaceutical Industries,EQ,INE044A01036,985.65,996.5,979.0,991.9,992.0,984.2,3045795,3009185891.5,79811,LEGACY
2023-03-29,TORNTPHARM,Torrent Pharmaceuticals,EQ,INE685A01028,1545.0,1560.0,1523.05,1539.5,1556.8,1543.9,185137,284608648.3,22609,LEGACY
2023-03-29,WOCKPHARMA,Wockhardt,EQ,INE049B01025,150.1,153.75,145.15,150.9,151.0,149.3,1627712,243402254.55,18310,LEGACY
2023-03-29,ZYDUSLIFE,Zydus Lifesciences,EQ,INE010B01027,487.1,493.15,483.5,490.35,489.6,484.75,1275317,622391281.2,27778,LEGACY
2023-03-31,ABBOTINDIA,Abbott India,EQ,INE358A01014,21766.0,22160.6,21703.15,22064.85,22000.0,21770.05,9427,207467642.35,4212,LEGACY
2023-03-31,AJANTPHARM,Ajanta Pharma,EQ,INE031B01049,1215.0,1215.0,1190.15,1208.8,1207.0,1209.0,32049,38569193.9,6109,LEGACY
2023-03-31,ALKEM,Alkem Laboratories,EQ,INE540L01014,3312.7,3414.35,3296.3,3396.1,3399.3,3300.3,248234,838738434.4,22764,LEGACY
2023-03-31,APLLTD,Alembic Pharmaceuticals,EQ,INE901L01018,479.4,509.4,471.0,496.35,492.8,468.65,1129562,565702080.3,37237,LEGACY
2023-03-31,AUROPHARMA,Aurobindo Pharma,EQ,INE406A01037,513.95,520.8,510.8,518.1,516.25,509.65,1473003,760917447.6,32225,LEGACY
2023-03-31,BIOCON,Biocon,EQ,INE376G01013,202.6,208.2,202.3,206.35,206.0,201.6,3884594,800410092.2,45155,LEGACY
2023-03-31,CIPLA,Cipla,EQ,INE059A01026,888.8,902.7,886.7,900.5,900.5,887.7,2320879,2083022564.1,68686,LEGACY
2023-03-31,DIVISLAB,Divi's Laboratories,EQ,INE361B01024,2834.4,2840.25,2810.8,2823.35,2827.0,2820.25,362732,1023727649.9,29835,LEGACY
2023-03-31,DRREDDY,Dr. Reddy's Laboratories,EQ,INE089A01023,4583.0,4656.5,4567.85,4622.75,4640.0,4567.8,456497,2110952717.6,50573,LEGACY
2023-03-31,GLAND,Gland Pharma,EQ,INE068V01023,1270.0,1289.35,1250.0,1268.25,1259.0,1257.8,415704,526345914.1,24009,LEGACY
2023-03-31,GLAXO,GlaxoSmithKline Pharmaceuticals,EQ,INE159A01016,1276.05,1331.0,1276.05,1324.75,1315.0,1275.7,48862,64078913.9,7827,LEGACY
2023-03-31,GLENMARK,Glenmark Pharmaceuticals,EQ,INE935A01035,446.0,468.0,445.75,464.7,464.5,445.45,2148176,993133110.2,38012,LEGACY
2023-03-31,GRANULES,Granules India,EQ,INE101D01020,275.0,291.8,274.75,290.7,290.9,273.25,2403068,688751297.75,30485,LEGACY
2023-03-31,IPCALAB,IPCA Laboratories,EQ,INE571A01038,783.0,817.0,783.0,810.35,812.85,786.45,407781,329208153.4,20473,LEGACY
2023-03-31,JBCHEPHARM,JB Chemicals & Pharmaceuticals,EQ,INE572A01028,1954.75,1998.0,1942.0,1976.35,1958.95,1954.7,126927,248380123.0,11327,LEGACY
2023-03-31,LAURUSLABS,Laurus Labs,EQ,INE947Q01028,297.05,301.6,291.0,292.95,292.0,297.05,3089556,915830994.0,40128,LEGACY
2023-03-31,LUPIN,Lupin,EQ,INE326A01037,644.65,650.95,628.0,648.4,648.0,652.4,1991163,1278925039.4,38626,LEGACY
2023-03-31,NATCOPHARM,Natco Pharma,EQ,INE987B01026,552.35,570.8,550.3,563.35,563.8,555.7,431113,241653160.05,15989,LEGACY
2023-03-31,PEL,Piramal Enterprises,EQ,INE140A01024,670.05,681.0,668.2,678.35,677.45,665.1,1446466,976028291.6,31816,LEGACY
2023-03-31,PFIZER,Pfizer,EQ,INE182A01018,3502.0,3502.05,3451.3,3467.15,3469.0,3502.6,13126,45677159.55,2753,LEGACY
2023-03-31,PPLPHARMA,Piramal Pharma,EQ,INE0DK501011,67.65,70.8,67.65,68.45,68.75,67.05,6079287,422716584.45,18503,LEGACY
2023-03-31,SANOFI,Sanofi India,EQ,INE058A01010,5660.6,5790.0,5650.1,5735.4,5722.1,5613.65,41342,237598060.95,7331,LEGACY
2023-03-31,STAR,Strides Pharma Science,EQ,INE939A01011,288.0,295.7,285.0,286.35,287.4,291.75,294322,84601850.9,7626,LEGACY
2023-03-31,SUNPHARMA,Sun Pharmaceutical Industries,EQ,INE044A01036,995.2,995.2,981.4,983.1,982.2,991.9,1822710,1796644768.8,105854,LEGACY
2023-03-31,TORNTPHARM,Torrent Pharmaceuticals,EQ,INE685A01028,1542.0,1557.9,1523.4,1537.15,1533.5,1539.5,190791,294005624.45,15806,LEGACY
2023-03-31,WOCKPHARMA,Wockhardt,EQ,INE049B01025,151.35,156.25,151.35,153.9,153.5,150.9,1372837,212046900.5,14710,LEGACY
2023-03-31,ZYDUSLIFE,Zydus Lifesciences,EQ,INE010B01027,490.95,494.9,485.05,491.55,490.5,490.35,1115333,547782969.55,41006,LEGACY
2023-04-03,ABBOTINDIA,Abbott India,EQ,INE358A01014,22248.0,22379.9,21809.9,22256.05,22200.05,22064.85,9262,204615462.05,3755,LEGACY
2023-04-03,AJANTPHARM,Ajanta Pharma,EQ,INE031B01049,1209.0,1230.0,1207.9,1228.6,1228.05,1208.8,38173,46582780.85,5051,LEGACY
2023-04-03,ALKEM,Alkem Laboratories,EQ,INE540L01014,3410.0,3410.0,3358.5,3399.8,3382.3,3396.1,220590,748837768.75,19159,LEGACY
2023-04-03,APLLTD,Alembic Pharmaceuticals,EQ,INE901L01018,492.75,505.0,488.0,493.15,492.8,496.35,123902,61716164.05,8488,LEGACY
2023-04-03,AUROPHARMA,Aurobindo Pharma,EQ,INE406A01037,519.0,528.6,516.45,520.35,519.0,518.1,2011656,1050691101.0,52576,LEGACY
2023-04-03,BIOCON,Biocon,EQ,INE376G01013,209.1,211.9,207.0,209.35,209.0,206.35,3426689,718951771.95,26761,LEGACY
2023-04-03,CIPLA,Cipla,EQ,INE059A01026,910.0,910.0,887.05,891.45,891.15,900.5,2623264,2341048877.85,67967,LEGACY
2023-04-03,DIVISLAB,Divi's Laboratories,EQ,INE361B01024,2850.0,2883.0,2824.75,2874.7,2880.0,2823.35,226841,647473149.9,20604,LEGACY
2023-04-03,DRREDDY,Dr. Reddy's Laboratories,EQ,INE089A01023,4648.95,4682.0,4598.1,4656.5,4663.35,4622.75,300135,1393428397.85,37118,LEGACY
2023-04-03,GLAND,Gland Pharma,EQ,INE068V01023,1278.9,1298.0,1266.05,1283.45,1283.05,1268.25,199592,255717113.55,11526,LEGACY
2023-04-03,GLAXO,GlaxoSmithKline Pharmaceuticals,EQ,INE159A01016,1331.4,1336.65,1287.5,1294.55,1292.05,1324.75,42489,55315310.2,6169,LEGACY
2023-04-03,GLENMARK,Glenmark Pharmaceuticals,EQ,INE935A01035,467.45,482.0,464.7,479.5,478.0,464.7,2726810,1297477443.65,45949,LEGACY
2023-04-03,GRANULES,Granules India,EQ,INE101D01020,290.7,298.55,288.4,297.35,297.0,290.7,1412208,415326803.4,20963,LEGACY
2023-04-03,IPCALAB,IPCA Laboratories,EQ,INE571A01038,810.35,817.25,802.25,810.35,810.3,810.35,249188,201605384.45,9490,LEGACY
2023-04-03,JBCHEPHARM,JB Chemicals & Pharmaceuticals,EQ,INE572A01028,1976.0,1976.0,1942.1,1958.7,1950.0,1976.35,18920,37009945.5,4679,LEGACY
2023-04-03,LAURUSLABS,Laurus Labs,EQ,INE947Q01028,295.05,305.2,293.55,304.65,305.2,292.95,1767319,531918054.1,24921,LEGACY
2023-04-03,LUPIN,Lupin,EQ,INE326A01037,649.15,654.5,644.0,651.8,649.1,648.4,809470,525180899.4,19734,LEGACY
2023-04-03,NATCOPHARM,Natco Pharma,EQ,INE987B01026,569.8,583.15,564.65,580.9,579.0,563.35,252441,145702148.05,13507,LEGACY
2023-04-03,PEL,Piramal Enterprises,EQ,INE140A01024,678.35,686.65,676.0,684.35,685.0,678.35,987999,673426906.1,24338,LEGACY
2023-04-03,PFIZER,Pfizer,EQ,INE182A01018,3499.0,3541.0,3478.05,3527.1,3539.0,3467.15,6465,22721223.65,1932,LEGACY
2023-04-03,PPLPHARMA,Piramal Pharma,EQ,INE0DK501011,69.25,72.7,69.2,71.9,72.7,68.45,5434217,386701892.15,16679,LEGACY
2023-04-03,SANOFI,Sanofi India,EQ,INE058A01010,5800.0,5800.0,5738.0,5793.1,5795.0,5735.4,14876,85866641.3,4018,LEGACY
2023-04-03,STAR,Strides Pharma Science,EQ,INE939A01011,288.25,306.0,287.4,302.35,302.4,286.35,398945,119063733.75,8826,LEGACY
2023-04-03,SUNPHARMA,Sun Pharmaceutical Industries,EQ,INE044A01036,981.0,988.0,976.2,979.05,979.9,983.1,1671570,1637904001.0,47912,LEGACY
2023-04-03,TORNTPHARM,Torrent Pharmaceuticals,EQ,INE685A01028,1539.95,1547.75,1524.35,1545.3,1545.0,1537.15,279017,427762931.05,24406,LEGACY
2023-04-03,WOCKPHARMA,Wockhardt,EQ,INE049B01025,155.2,162.0,154.55,160.0,160.0,153.9,2072163,329880619.75,21656,LEGACY
2023-04-03,ZYDUSLIFE,Zydus Lifesciences,EQ,INE010B01027,498.0,498.0,489.2,492.4,491.95,491.55,708521,349075997.45,20766,LEGACY
2023-04-05,ABBOTINDIA,Abbott India,EQ,INE358A01014,22350.0,22898.0,22224.15,22846.0,22839.0,22256.05,20433,463669696.8,7292,LEGACY
2023-04-05,AJANTPHARM,Ajanta Pharma,EQ,INE031B01049,1228.6,1281.2,1220.65,1263.15,1257.7,1228.6,129589,161955581.15,7300,LEGACY
2023-04-05,ALKEM,Alkem Laboratories,EQ,INE540L01014,3399.7,3430.35,3381.05,3408.8,3405.0,3399.8,210599,717018790.0,28177,LEGACY
2023-04-05,APLLTD,Alembic Pharmaceuticals,EQ,INE901L01018,493.15,501.95,488.85,498.9,500.0,493.15,85434,42619975.05,6167,LEGACY
2023-04-05,AUROPHARMA,Aurobindo Pharma,EQ,INE406A01037,521.0,524.9,517.45,521.5,522.95,520.35,1500752,782212009.35,28594,LEGACY
2023-04-05,BIOCON,Biocon,EQ,INE376G01013,207.8,215.35,206.65,212.5,212.65,209.35,7498043,1586107911.1,34261,LEGACY
2023-04-05,CIPLA,Cipla,EQ,INE059A01026,889.0,897.35,886.3,895.75,897.0,891.45,1612376,1439869497.75,49349,LEGACY
2023-04-05,DIVISLAB,Divi's Laboratories,EQ,INE361B01024,2887.0,2895.0,2867.2,2889.8,2885.0,2874.7,227189,655140175.65,24511,LEGACY
2023-04-05,DRREDDY,Dr. Reddy's Laboratories,EQ,INE089A01023,4650.0,4695.0,4641.3,4682.8,4679.95,4656.5,364712,1705636799.8,39411,LEGACY
2023-04-05,GLAND,Gland Pharma,EQ,INE068V01023,1290.0,1290.0,1255.25,1267.3,1266.05,1283.45,197223,250634866.35,13842,LEGACY
2023-04-05,GLAXO,GlaxoSmithKline Pharmaceuticals,EQ,INE159A01016,1284.0,1314.2,1284.0,1303.05,1301.05,1294.55,18909,24655124.0,3931,LEGACY
2023-04-05,GLENMARK,Glenmark Pharmaceuticals,EQ,INE935A01035,477.0,480.5,474.0,479.9,478.65,479.5,943427,451397119.85,23606,LEGACY
2023-04-05,GRANULES,Granules India,EQ,INE101D01020,299.1,299.1,294.45,296.15,295.6,297.35,1223900,362093804.8,16320,LEGACY
2023-04-05,IPCALAB,IPCA Laboratories,EQ,INE571A01038,805.85,823.0,805.55,810.25,810.0,810.35,115542,93888118.4,12341,LEGACY
2023-04-05,JBCHEPHARM,JB Chemicals & Pharmaceuticals,EQ,INE572A01028,1955.0,1978.55,1945.1,1955.55,1975.0,1958.7,226969,443041090.15,9360,LEGACY
2023-04-05,LAURUSLABS,Laurus Labs,EQ,INE947Q01028,305.3,307.0,302.1,305.8,305.5,304.65,1509491,460728560.15,28103,LEGACY
2023-04-05,LUPIN,Lupin,EQ,INE326A01037,650.85,661.95,648.05,658.85,661.95,651.8,599687,392805606.5,19225,LEGACY
2023-04-05,NATCOPHARM,Natco Pharma,EQ,INE987B01026,580.9,583.0,572.1,577.9,576.75,580.9,320782,184639410.5,10046,LEGACY
2023-04-05,PEL,Piramal Enterprises,EQ,INE140A01024,685.0,689.8,677.35,683.75,684.3,684.35,893359,610167826.25,26976,LEGACY
2023-04-05,PFIZER,Pfizer,EQ,INE182A01018,3528.1,3639.95,3524.15,3608.2,3606.75,3527.1,14037,50599812.35,3631,LEGACY
2023-04-05,PPLPHARMA,Piramal Pharma,EQ,INE0DK501011,72.75,73.25,70.5,71.0,71.0,71.9,3803176,270804790.0,14858,LEGACY
2023-04-05,SANOFI,Sanofi India,EQ,INE058A01010,5798.0,5869.9,5779.5,5858.7,5858.5,5793.1,30480,178316402.5,5836,LEGACY
2023-04-05,STAR,Strides Pharma Science,EQ,INE939A01011,303.75,303.75,295.95,300.95,299.8,302.35,195716,58504871.6,6135,LEGACY
2023-04-05,SUNPHARMA,Sun Pharmaceutical Industries,EQ,INE044A01036,985.0,999.0,975.3,997.15,997.0,979.05,1544121,1525238632.45,71192,LEGACY
2023-04-05,TORNTPHARM,Torrent Pharmaceuticals,EQ,INE685A01028,1549.3,1583.45,1537.1,1578.1,1574.25,1545.3,448336,701610884.2,31465,LEGACY
2023-04-05,WOCKPHARMA,Wockhardt,EQ,INE049B01025,161.0,162.65,159.0,160.65,160.45,160.0,834507,134289954.0,10380,LEGACY
2023-04-05,ZYDUSLIFE,Zydus Lifesciences,EQ,INE010B01027,488.0,494.2,486.0,493.1,492.95,492.4,690988,339389788.0,22901,LEGACY
2023-04-06,ABBOTINDIA,Abbott India,EQ,INE358A01014,22800.25,22940.0,22720.0,22880.95,22920.0,22846.0,9064,207122995.05,2886,LEGACY
2023-04-06,AJANTPHARM,Ajanta Pharma,EQ,INE031B01049,1267.0,1280.0,1249.2,1272.25,1265.05,1263.15,64717,82355976.25,9825,LEGACY
2023-04-06,ALKEM,Alkem Laboratories,EQ,INE540L01014,3384.25,3430.0,3384.25,3405.65,3400.0,3408.8,121832,415406954.85,12978,LEGACY
2023-04-06,APLLTD,Alembic Pharmaceuticals,EQ,INE901L01018,501.5,521.9,501.5,508.5,509.0,498.9,403889,207355686.1,19518,LEGACY
2023-04-06,AUROPHARMA,Aurobindo Pharma,EQ,INE406A01037,526.0,536.8,525.3,535.1,535.15,521.5,1856093,985688062.0,36287,LEGACY
2023-04-06,BIOCON,Biocon,EQ,INE376G01013,212.65,218.45,211.6,215.8,216.4,212.5,5396768,1166294852.15,33841,LEGACY
2023-04-06,CIPLA,Cipla,EQ,INE059A01026,899.0,899.75,889.0,893.35,894.9,895.75,1512783,1351575682.35,31851,LEGACY
2023-04-06,DIVISLAB,Divi's Laboratories,EQ,INE361B01024,2889.8,2935.0,2877.65,2921.45,2926.7,2889.8,308340,898642439.75,27811,LEGACY
2023-04-06,DRREDDY,Dr. Reddy's Laboratories,EQ,INE089A01023,4693.95,4711.2,4675.95,4699.4,4701.0,4682.8,292069,1370991140.65,24439,LEGACY
2023-04-06,GLAND,Gland Pharma,EQ,INE068V01023,1273.75,1273.75,1255.25,1259.85,1260.0,1267.3,153706,193886558.75,7346,LEGACY
2023-04-06,GLAXO,GlaxoSmithKline Pharmaceuticals,EQ,INE159A01016,1303.05,1312.25,1294.0,1300.05,1300.2,1303.05,13470,17521082.5,2503,LEGACY
2023-04-06,GLENMARK,Glenmark Pharmaceuticals,EQ,INE935A01035,479.85,489.0,477.05,482.1,482.2,479.9,1172841,566123798.1,20707,LEGACY
2023-04-06,GRANULES,Granules India,EQ,INE101D01020,296.0,299.95,294.1,298.75,299.4,296.15,503742,150047193.1,9166,LEGACY
2023-04-06,IPCALAB,IPCA Laboratories,EQ,INE571A01038,810.0,839.7,808.75,830.4,829.45,810.25,593132,490988922.95,21229,LEGACY
2023-04-06,JBCHEPHARM,JB Chemicals & Pharmaceuticals,EQ,INE572A01028,1965.35,2043.0,1949.0,2029.6,2034.95,1955.55,75704,152542225.4,14486,LEGACY
2023-04-06,LAURUSLABS,Laurus Labs,EQ,INE947Q01028,306.0,308.6,303.65,304.55,304.05,305.8,1142775,349530163.35,15443,LEGACY
2023-04-06,LUPIN,Lupin,EQ,INE326A01037,659.0,665.85,658.0,664.1,664.15,658.85,571100,378787504.0,20660,LEGACY
2023-04-06,NATCOPHARM,Natco Pharma,EQ,INE987B01026,580.85,580.85,573.25,578.2,577.0,577.9,408570,235143046.85,6760,LEGACY
2023-04-06,PEL,Piramal Enterprises,EQ,INE140A01024,683.0,701.3,678.0,699.2,699.95,683.75,1182858,818863265.25,32930,LEGACY
2023-04-06,PFIZER,Pfizer,EQ,INE182A01018,3600.0,3655.8,3575.4,3651.45,3655.8,3608.2,6682,24226352.65,1898,LEGACY
2023-04-06,PPLPHARMA,Piramal Pharma,EQ,INE0DK501011,70.6,70.65,69.55,70.0,69.95,71.0,2459640,172402733.9,12631,LEGACY
2023-04-06,SANOFI,Sanofi India,EQ,INE058A01010,5869.0,5937.0,5859.05,5922.5,5918.95,5858.7,18888,111565802.65,5063,LEGACY
2023-04-06,STAR,Strides Pharma Science,EQ,INE939A01011,299.05,305.9,298.7,303.65,305.75,300.95,133117,40284593.65,3453,LEGACY
2023-04-06,SUNPHARMA,Sun Pharmaceutical Industries,EQ,INE044A01036,997.15,1014.0,993.4,1012.1,1011.05,997.15,1423990,1434652060.2,55333,LEGACY
2023-04-06,TORNTPHARM,Torrent Pharmaceuticals,EQ,INE685A01028,1579.0,1593.15,1566.8,1574.75,1571.15,1578.1,371479,588001672.8,32743,LEGACY
2023-04-06,WOCKPHARMA,Wockhardt,EQ,INE049B01025,159.5,162.0,159.4,160.9,160.65,160.65,429246,68971581.5,5368,LEGACY
2023-04-06,ZYDUSLIFE,Zydus Lifesciences,EQ,INE010B01027,492.0,497.05,490.5,494.15,495.0,493.1,904248,447738715.1,22388,LEGACY
2023-04-10,ABBOTINDIA,Abbott India,EQ,INE358A01014,22815.0,23140.0,22746.05,22831.65,22880.0,22880.95,18990,435155823.95,3999,LEGACY
2023-04-10,AJANTPHARM,Ajanta Pharma,EQ,INE031B01049,1275.0,1300.0,1267.0,1290.85,1283.0,1272.25,175218,225058324.3,14101,LEGACY
2023-04-10,ALKEM,Alkem Laboratories,EQ,INE540L01014,3403.25,3429.95,3358.2,3372.55,3361.15,3405.65,246320,835990845.55,13386,LEGACY
2023-04-10,APLLTD,Alembic Pharmaceuticals,EQ,INE901L01018,508.9,512.95,500.1,510.8,511.0,508.5,62852,32007220.7,4979,LEGACY
2023-04-10,AUROPHARMA,Aurobindo Pharma,EQ,INE406A01037,536.0,542.55,533.0,540.75,539.25,535.1,917956,494209998.8,19052,LEGACY
2023-04-10,BIOCON,Biocon,EQ,INE376G01013,217.0,217.5,213.2,215.5,215.45,215.8,2349024,505159408.05,18071,LEGACY
2023-04-10,CIPLA,Cipla,EQ,INE059A01026,896.95,904.5,894.2,901.85,902.0,893.35,919722,828017827.7,34429,LEGACY
2023-04-10,DIVISLAB,Divi's Laboratories,EQ,INE361B01024,2946.75,2946.75,2902.7,2909.65,2905.75,2921.45,156913,458446510.45,14136,LEGACY
2023-04-10,DRREDDY,Dr. Reddy's Laboratories,EQ,INE089A01023,4732.0,4772.2,4688.0,4759.65,4770.0,4699.4,184154,870763571.75,21862,LEGACY
2023-04-10,GLAND,Gland Pharma,EQ,INE068V01023,1260.95,1266.65,1253.15,1261.05,1260.0,1259.85,376581,473215250.95,10448,LEGACY
2023-04-10,GLAXO,GlaxoSmithKline Pharmaceuticals,EQ,INE159A01016,1304.6,1306.6,1288.05,1290.35,1291.7,1300.05,17700,22887454.65,2074,LEGACY
2023-04-10,GLENMARK,Glenmark Pharmaceuticals,EQ,INE935A01035,484.45,488.75,480.65,487.85,487.3,482.1,474616,230069733.75,9852,LEGACY
2023-04-10,GRANULES,Granules India,EQ,INE101D01020,298.5,302.9,296.2,299.4,298.0,298.75,1047939,314288865.9,16577,LEGACY
2023-04-10,IPCALAB,IPCA Laboratories,EQ,INE571A01038,830.3,843.7,825.8,833.3,834.0,830.4,203531,170042274.25,17809,LEGACY
2023-04-10,JBCHEPHARM,JB Chemicals & Pharmaceuticals,EQ,INE572A01028,2039.75,2052.95,2003.6,2046.7,2050.0,2029.6,63100,128191418.45,9819,LEGACY
2023-04-10,LAURUSLABS,Laurus Labs,EQ,INE947Q01028,305.0,306.5,300.65,304.15,304.45,304.55,1021922,309670091.2,19041,LEGACY
2023-04-10,LUPIN,Lupin,EQ,INE326A01037,664.0,667.0,661.0,663.7,663.2,664.1,353296,234566575.65,18131,LEGACY
2023-04-10,NATCOPHARM,Natco Pharma,EQ,INE987B01026,580.0,590.9,567.7,584.8,590.85,578.2,264930,153532342.35,8738,LEGACY
2023-04-10,PEL,Piramal Enterprises,EQ,INE140A01024,704.0,704.8,690.6,701.95,702.0,699.2,744077,519934623.3,21598,LEGACY
2023-04-10,PFIZER,Pfizer,EQ,INE182A01018,3660.0,3667.95,3596.0,3606.25,3613.0,3651.45,6287,22750993.7,1999,LEGACY
2023-04-10,PPLPHARMA,Piramal Pharma,EQ,INE0DK501011,70.0,70.4,69.05,69.9,69.9,70.0,3314413,231370957.15,9402,LEGACY
2023-04-10,SANOFI,Sanofi India,EQ,INE058A01010,5935.0,6041.2,5935.0,5999.2,5989.9,5922.5,41271,247177311.25,8321,LEGACY
2023-04-10,STAR,Strides Pharma Science,EQ,INE939A01011,306.0,312.95,302.1,310.55,310.1,303.65,257756,79422401.0,5474,LEGACY
2023-04-10,SUNPHARMA,Sun Pharmaceutical Industries,EQ,INE044A01036,1015.0,1016.95,1006.65,1008.6,1008.4,1012.1,1110974,1123570962.35,46641,LEGACY
2023-04-10,TORNTPHARM,Torrent Pharmaceuticals,EQ,INE685A01028,1575.05,1591.0,1568.95,1576.2,1571.5,1574.75,122665,193755658.5,16716,LEGACY
2023-04-10,WOCKPHARMA,Wockhardt,EQ,INE049B01025,161.75,163.7,160.8,162.05,161.2,160.9,337129,54713108.2,4544,LEGACY
2023-04-10,ZYDUSLIFE,Zydus Lifesciences,EQ,INE010B01027,494.15,499.8,492.0,496.5,496.4,494.15,969584,481278981.65,23454,LEGACY
2023-04-11,ABBOTINDIA,Abbott India,EQ,INE358A01014,22832.05,22958.0,22626.6,22778.85,22817.0,22831.65,15509,353597864.95,4898,LEGACY
2023-04-11,AJANTPHARM,Ajanta Pharma,EQ,INE031B01049,1297.6,1302.0,1260.1,1284.5,1284.0,1290.85,38090,48914457.5,5765,LEGACY
2023-04-11,ALKEM,Alkem Laboratories,EQ,INE540L01014,3370.0,3428.55,3320.45,3331.55,3325.1,3372.55,174521,588067598.85,15748,LEGACY
2023-04-11,APLLTD,Alembic Pharmaceuticals,EQ,INE901L01018,512.8,514.9,507.0,510.65,508.0,510.8,54162,27682359.7,6489,LEGACY
2023-04-11,AUROPHARMA,Aurobindo Pharma,EQ,INE406A01037,537.4,548.3,536.45,542.65,543.0,540.75,1416926,767920373.0,40190,LEGACY
2023-04-11,BIOCON,Biocon,EQ,INE376G01013,215.4,218.25,213.3,216.0,216.0,215.5,3201574,691313189.85,20066,LEGACY
2023-04-11,CIPLA,Cipla,EQ,INE059A01026,905.0,908.15,902.0,907.15,907.05,901.85,1778775,1611312744.85,54860,LEGACY
2023-04-11,DIVISLAB,Divi's Laboratories,EQ,INE361B01024,2909.7,2942.0,2901.2,2927.35,2929.0,2909.65,137343,401771349.1,13813,LEGACY
2023-04-11,DRREDDY,Dr. Reddy's Laboratories,EQ,INE089A01023,4773.0,4805.9,4708.0,4763.35,4762.75,4759.65,461850,2195001589.1,34633,LEGACY
2023-04-11,GLAND,Gland Pharma,EQ,INE068V01023,1261.2,1272.65,1249.0,1263.25,1259.0,1261.05,199371,251289031.05,13746,LEGACY
2023-04-11,GLAXO,GlaxoSmithKline Pharmaceuticals,EQ,INE159A01016,1291.4,1297.1,1280.0,1281.45,1280.05,1290.35,18901,24291516.1,2645,LEGACY
2023-04-11,GLENMARK,Glenmark Pharmaceuticals,EQ,INE935A01035,489.0,495.45,484.05,485.5,484.5,487.85,1097911,538142119.7,16309,LEGACY
2023-04-11,GRANULES,Granules India,EQ,INE101D01020,299.0,301.3,293.05,293.7,293.6,299.4,375743,111187976.25,6621,LEGACY
2023-04-11,IPCALAB,IPCA Laboratories,EQ,INE571A01038,833.3,845.95,826.8,829.0,829.95,833.3,661503,555101189.9,13194,LEGACY
2023-04-11,JBCHEPHARM,JB Chemicals & Pharmaceuticals,EQ,INE572A01028,2050.0,2057.8,1982.7,2029.2,2025.05,2046.7,150104,303437477.5,16267,LEGACY
2023-04-11,LAURUSLABS,Laurus Labs,EQ,INE947Q01028,304.15,307.8,300.45,302.05,301.65,304.15,1374476,417266447.5,25858,LEGACY
2023-04-11,LUPIN,Lupin,EQ,INE326A01037,664.85,667.5,656.35,660.25,660.5,663.7,398086,263443237.95,22193,LEGACY
2023-04-11,NATCOPHARM,Natco Pharma,EQ,INE987B01026,585.9,586.4,578.0,579.8,579.0,584.8,224837,130770116.75,9474,LEGACY
2023-04-11,PEL,Piramal Enterprises,EQ,INE140A01024,705.0,705.55,697.0,702.2,700.05,701.95,582705,408948286.25,21437,LEGACY
2023-04-11,PFIZER,Pfizer,EQ,INE182A01018,3618.4,3655.0,3602.0,3634.9,3644.0,3606.25,68569,248547707.55,3717,LEGACY
2023-04-11,PPLPHARMA,Piramal Pharma,EQ,INE0DK501011,70.25,70.8,68.7,69.2,69.1,69.9,2922020,203231047.05,9692,LEGACY
2023-04-11,SANOFI,Sanofi India,EQ,INE058A01010,6035.0,6035.0,5967.0,5991.6,5990.0,5999.2,21065,126200875.25,4924,LEGACY
2023-04-11,STAR,Strides Pharma Science,EQ,INE939A01011,310.0,312.7,304.4,307.5,309.2,310.55,138419,42827428.95,3970,LEGACY
2023-04-11,SUNPHARMA,Sun Pharmaceutical Industries,EQ,INE044A01036,1008.6,1022.25,1007.55,1009.25,1009.55,1008.6,1786844,1812468160.55,81937,LEGACY
2023-04-11,TORNTPHARM,Torrent Pharmaceuticals,EQ,INE685A01028,1575.4,1588.45,1550.55,1557.6,1558.95,1576.2,178126,278285788.0,18189,LEGACY
2023-04-11,WOCKPHARMA,Wockhardt,EQ,INE049B01025,163.0,166.25,162.45,163.85,164.2,162.05,659506,108482945.65,8571,LEGACY
2023-04-11,ZYDUSLIFE,Zydus Lifesciences,EQ,INE010B01027,496.95,502.0,493.75,501.0,500.0,496.5,1219186,607855231.9,29319,LEGACY
2023-04-12,ABBOTINDIA,Abbott India,EQ,INE358A01014,22850.0,22958.0,22530.0,22643.3,22600.05,22778.85,15983,362793622.05,4605,LEGACY
2023-04-12,AJANTPHARM,Ajanta Pharma,EQ,INE031B01049,1291.25,1291.25,1244.0,1254.65,1251.5,1284.5,52250,66310649.2,5396,LEGACY
2023-04-12,ALKEM,Alkem Laboratories,EQ,INE540L01014,3339.85,3395.25,3316.75,3340.6,3342.0,3331.55,339626,1133054309.95,24249,LEGACY
2023-04-12,APLLTD,Alembic Pharmaceuticals,EQ,INE901L01018,509.0,522.85,508.0,520.1,521.0,510.65,148201,76679187.25,13441,LEGACY
2023-04-12,AUROPHARMA,Aurobindo Pharma,EQ,INE406A01037,542.55,563.4,540.65,561.6,562.0,542.65,3076765,1705088043.45,56152,LEGACY
2023-04-12,BIOCON,Biocon,EQ,INE376G01013,217.35,227.0,216.25,223.65,223.35,216.0,12681754,2840385004.4,95585,LEGACY
2023-04-12,CIPLA,Cipla,EQ,INE059A01026,909.0,920.9,908.2,917.95,919.2,907.15,3449942,3160470835.2,56854,LEGACY
2023-04-12,DIVISLAB,Divi's Laboratories,EQ,INE361B01024,2941.0,3227.5,2941.0,3212.1,3209.95,2927.35,4323187,13600023709.25,212711,LEGACY
2023-04-12,DRREDDY,Dr. Reddy's Laboratories,EQ,INE089A01023,4763.35,4919.6,4726.2,4881.0,4869.0,4763.35,680639,3302878127.6,71846,LEGACY
2023-04-12,GLAND,Gland Pharma,EQ,INE068V01023,1275.0,1309.0,1256.4,1266.65,1260.1,1263.25,602972,773652171.7,29590,LEGACY
2023-04-12,GLAXO,GlaxoSmithKline Pharmaceuticals,EQ,INE159A01016,1282.15,1287.45,1265.0,1266.95,1266.1,1281.45,36292,46185857.75,3692,LEGACY
2023-04-12,GLENMARK,Glenmark Pharmaceuticals,EQ,INE935A01035,485.5,493.15,482.0,491.45,491.9,485.5,534762,261664771.55,11641,LEGACY
2023-04-12,GRANULES,Granules India,EQ,INE101D01020,293.95,304.95,293.55,301.65,301.8,293.7,1869382,564140650.7,28796,LEGACY
2023-04-12,IPCALAB,IPCA Laboratories,EQ,INE571A01038,830.0,838.15,825.05,826.9,825.5,829.0,349291,290665500.0,16915,LEGACY
2023-04-12,JBCHEPHARM,JB Chemicals & Pharmaceuticals,EQ,INE572A01028,2029.95,2115.0,2027.0,2103.5,2075.5,2029.2,81305,168871840.05,8282,LEGACY
2023-04-12,LAURUSLABS,Laurus Labs,EQ,INE947Q01028,302.05,328.9,299.55,323.1,323.4,302.05,15047067,4807135039.2,156675,LEGACY
2023-04-12,LUPIN,Lupin,EQ,INE326A01037,660.3,685.0,659.9,679.55,679.2,660.25,2326481,1576548148.1,52004,LEGACY
2023-04-12,NATCOPHARM,Natco Pharma,EQ,INE987B01026,579.8,583.1,579.0,581.9,581.0,579.8,202718,117976682.85,6128,LEGACY
2023-04-12,PEL,Piramal Enterprises,EQ,INE140A01024,702.2,702.75,691.1,697.0,696.2,702.2,814806,567361552.8,23820,LEGACY
2023-04-12,PFIZER,Pfizer,EQ,INE182A01018,3654.0,3770.95,3636.05,3731.25,3717.0,3634.9,24444,91024559.8,5651,LEGACY
2023-04-12,PPLPHARMA,Piramal Pharma,EQ,INE0DK501011,69.5,74.35,69.05,72.65,72.5,69.2,7755295,557434429.4,25814,LEGACY
2023-04-12,SANOFI,Sanofi India,EQ,INE058A01010,5971.05,5981.0,5940.05,5947.9,5951.0,5991.6,22656,134965004.75,4604,LEGACY
2023-04-12,STAR,Strides Pharma Science,EQ,INE939A01011,309.3,317.15,307.5,314.5,314.5,307.5,221720,69256845.8,8025,LEGACY
2023-04-12,SUNPHARMA,Sun Pharmaceutical Industries,EQ,INE044A01036,1015.5,1020.2,1005.25,1016.7,1018.8,1009.25,3246327,3284217789.0,75056,LEGACY
2023-04-12,TORNTPHARM,Torrent Pharmaceuticals,EQ,INE685A01028,1560.0,1593.5,1557.85,1587.65,1584.0,1557.6,565445,891089173.5,18865,LEGACY
2023-04-12,WOCKPHARMA,Wockhardt,EQ,INE049B01025,164.15,169.7,163.6,168.85,169.0,163.85,1048295,175750690.4,14204,LEGACY
2023-04-12,ZYDUSLIFE,Zydus Lifesciences,EQ,INE010B01027,503.0,505.9,498.4,504.6,504.0,501.0,1046214,526013231.45,29072,LEGACY
2023-04-13,ABBOTINDIA,Abbott India,EQ,INE358A01014,22700.0,22745.85,22430.0,22493.7,22500.0,22643.3,9727,219225072.15,2688,LEGACY
2023-04-13,AJANTPHARM,Ajanta Pharma,EQ,INE031B01049,1252.9,1274.9,1241.55,1254.9,1256.7,1254.65,92681,117000398.05,8172,LEGACY
2023-04-13,ALKEM,Alkem Laboratories,EQ,INE540L01014,3357.35,3420.0,3337.55,3345.05,3343.95,3340.6,237891,802707042.45,17495,LEGACY
2023-04-13,APLLTD,Alembic Pharmaceuticals,EQ,INE901L01018,522.7,526.75,520.05,525.05,525.0,520.1,73655,38618015.25,4724,LEGACY
2023-04-13,AUROPHARMA,Aurobindo Pharma,EQ,INE406A01037,561.0,575.0,559.05,565.95,565.3,561.6,2184774,1236866298.95,45772,LEGACY
2023-04-13,BIOCON,Biocon,EQ,INE376G01013,224.45,224.8,220.35,224.1,224.0,223.65,3557030,793958929.65,30898,LEGACY
2023-04-13,CIPLA,Cipla,EQ,INE059A01026,921.9,923.05,912.3,915.75,914.7,917.95,1068355,978943922.9,45033,LEGACY
2023-04-13,DIVISLAB,Divi's Laboratories,EQ,INE361B01024,3209.95,3231.15,3143.7,3183.95,3170.05,3212.1,1162380,3705626219.95,73051,LEGACY
2023-04-13,DRREDDY,Dr. Reddy's Laboratories,EQ,INE089A01023,4888.0,4888.0,4831.2,4852.9,4854.0,4881.0,233867,1134696967.1,28754,LEGACY
2023-04-13,GLAND,Gland Pharma,EQ,INE068V01023,1268.0,1280.6,1240.0,1251.65,1250.5,1266.65,232290,292317556.85,14094,LEGACY
2023-04-13,GLAXO,GlaxoSmithKline Pharmaceuticals,EQ,INE159A01016,1267.95,1275.55,1254.0,1257.8,1258.6,1266.95,47478,59866026.45,4373,LEGACY
2023-04-13,GLENMARK,Glenmark Pharmaceuticals,EQ,INE935A01035,491.9,494.1,487.15,490.25,490.1,491.45,464388,227732164.0,9546,LEGACY
2023-04-13,GRANULES,Granules India,EQ,INE101D01020,302.9,302.9,296.0,297.5,297.9,301.65,587990,175408890.75,9106,LEGACY
2023-04-13,IPCALAB,IPCA Laboratories,EQ,INE571A01038,829.55,832.05,815.0,819.9,820.0,826.9,162809,133567540.0,7582,LEGACY
2023-04-13,JBCHEPHARM,JB Chemicals & Pharmaceuticals,EQ,INE572A01028,2100.05,2207.0,2061.2,2165.9,2175.0,2103.5,254736,551517306.3,17929,LEGACY
2023-04-13,LAURUSLABS,Laurus Labs,EQ,INE947Q01028,326.3,327.15,313.25,313.9,313.9,323.1,6345281,2012674071.9,61535,LEGACY
2023-04-13,LUPIN,Lupin,EQ,INE326A01037,672.25,678.4,667.0,671.4,671.8,679.55,816473,549995481.05,17550,LEGACY
2023-04-13,NATCOPHARM,Natco Pharma,EQ,INE987B01026,580.0,582.95,573.0,574.05,574.0,581.9,107327,61873530.05,5419,LEGACY
2023-04-13,PEL,Piramal Enterprises,EQ,INE140A01024,694.55,705.45,690.4,701.4,701.0,697.0,818124,571290083.7,28129,LEGACY
2023-04-13,PFIZER,Pfizer,EQ,INE182A01018,3735.05,3788.0,3708.15,3750.1,3755.0,3731.25,9992,37507423.4,2962,LEGACY
2023-04-13,PPLPHARMA,Piramal Pharma,EQ,INE0DK501011,73.0,73.5,71.15,71.5,71.45,72.65,2535369,182978136.2,10600,LEGACY
2023-04-13,SANOFI,Sanofi India,EQ,INE058A01010,5955.0,5981.95,5928.0,5936.95,5935.0,5947.9,17014,101175584.2,4691,LEGACY
2023-04-13,STAR,Strides Pharma Science,EQ,INE939A01011,318.0,318.4,313.4,315.0,313.9,314.5,106539,33649280.3,2736,LEGACY
2023-04-13,SUNPHARMA,Sun Pharmaceutical Industries,EQ,INE044A01036,1022.3,1023.85,1002.0,1003.5,1003.75,1016.7,1445693,1455992867.7,54067,LEGACY
2023-04-13,TORNTPHARM,Torrent Pharmaceuticals,EQ,INE685A01028,1595.65,1605.3,1575.0,1577.55,1579.8,1587.65,456163,727609976.8,30018,LEGACY
2023-04-13,WOCKPHARMA,Wockhardt,EQ,INE049B01025,169.05,173.65,169.05,169.7,169.7,168.85,692542,118528697.85,10426,LEGACY
2023-04-13,ZYDUSLIFE,Zydus Lifesciences,EQ,INE010B01027,504.5,506.75,501.75,503.65,503.25,504.6,749244,377717432.1,36539,LEGACY
2023-04-17,ABBOTINDIA,Abbott India,EQ,INE358A01014,22617.4,22880.0,22458.1,22538.15,22510.0,22493.7,13701,309616927.95,4516,LEGACY
2023-04-17,AJANTPHARM,Ajanta Pharma,EQ,INE031B01049,1262.0,1274.95,1247.0,1268.9,1261.0,1254.9,99432,126049247.5,14203,LEGACY
2023-04-17,ALKEM,Alkem Laboratories,EQ,INE540L01014,3362.7,3369.95,3300.85,3332.35,3328.0,3345.05,129855,432705990.1,12294,LEGACY
2023-04-17,APLLTD,Alembic Pharmaceuticals,EQ,INE901L01018,527.65,533.0,517.05,531.05,530.0,525.05,86596,45711176.65,4532,LEGACY
2023-04-17,AUROPHARMA,Aurobindo Pharma,EQ,INE406A01037,565.3,569.2,556.1,558.55,558.0,565.95,1419600,798878454.7,34852,LEGACY
2023-04-17,BIOCON,Biocon,EQ,INE376G01013,224.15,224.65,222.25,223.95,223.9,224.1,3100051,693515082.25,47096,LEGACY
2023-04-17,CIPLA,Cipla,EQ,INE059A01026,915.0,917.45,901.1,906.45,907.0,915.75,2604979,2357712697.45,95178,LEGACY
2023-04-17,DIVISLAB,Divi's Laboratories,EQ,INE361B01024,3183.95,3193.35,3132.0,3162.65,3155.0,3183.95,323709,1020714411.85,34886,LEGACY
2023-04-17,DRREDDY,Dr. Reddy's Laboratories,EQ,INE089A01023,4876.95,4922.95,4819.75,4852.3,4843.1,4852.9,341135,1656399848.65,39320,LEGACY
2023-04-17,GLAND,Gland Pharma,EQ,INE068V01023,1254.95,1270.0,1229.0,1236.4,1237.0,1251.65,338575,422082697.4,17453,LEGACY
2023-04-17,GLAXO,GlaxoSmithKline Pharmaceuticals,EQ,INE159A01016,1264.95,1289.95,1247.9,1249.65,1249.6,1257.8,49978,62688813.4,4452,LEGACY
2023-04-17,GLENMARK,Glenmark Pharmaceuticals,EQ,INE935A01035,488.05,494.75,487.5,490.3,490.75,490.25,375731,184590208.65,9892,LEGACY
2023-04-17,GRANULES,Granules India,EQ,INE101D01020,299.0,299.3,293.95,294.55,294.25,297.5,435567,128805533.65,9048,LEGACY
2023-04-17,IPCALAB,IPCA Laboratories,EQ,INE571A01038,819.5,820.95,806.6,814.7,814.75,819.9,129716,105411546.55,9553,LEGACY
2023-04-17,JBCHEPHARM,JB Chemicals & Pharmaceuticals,EQ,INE572A01028,2223.9,2223.9,2132.5,2143.75,2140.0,2165.9,80182,174106354.8,9704,LEGACY
2023-04-17,LAURUSLABS,Laurus Labs,EQ,INE947Q01028,314.0,315.0,302.1,304.6,304.35,313.9,3207244,988323288.05,40875,LEGACY
2023-04-17,LUPIN,Lupin,EQ,INE326A01037,670.0,670.0,655.4,658.15,658.5,671.4,519751,343172972.55,24009,LEGACY
2023-04-17,NATCOPHARM,Natco Pharma,EQ,INE987B01026,574.95,574.95,568.3,569.8,570.0,574.05,193610,110628246.5,6366,LEGACY
2023-04-17,PEL,Piramal Enterprises,EQ,INE140A01024,702.4,707.3,696.55,702.8,703.0,701.4,573613,402360827.05,17748,LEGACY
2023-04-17,PFIZER,Pfizer,EQ,INE182A01018,3750.2,3769.8,3656.0,3708.25,3716.0,3750.1,11080,41102129.55,3197,LEGACY
2023-04-17,PPLPHARMA,Piramal Pharma,EQ,INE0DK501011,71.75,72.4,71.0,71.5,71.5,71.5,1672185,120012548.6,9459,LEGACY
2023-04-17,SANOFI,Sanofi India,EQ,INE058A01010,5959.0,5988.9,5930.0,5950.6,5950.0,5936.95,19471,115904750.2,4366,LEGACY
2023-04-17,STAR,Strides Pharma Science,EQ,INE939A01011,316.0,316.0,307.2,309.15,308.0,315.0,220712,68344228.4,4775,LEGACY
2023-04-17,SUNPHARMA,Sun Pharmaceutical Industries,EQ,INE044A01036,999.45,1009.9,995.05,998.7,999.0,1003.5,1768817,1768240346.5,111052,LEGACY
2023-04-17,TORNTPHARM,Torrent Pharmaceuticals,EQ,INE685A01028,1585.35,1590.05,1564.55,1585.85,1580.0,1577.55,125546,198300202.7,14491,LEGACY
2023-04-17,WOCKPHARMA,Wockhardt,EQ,INE049B01025,169.7,169.9,166.0,168.4,168.0,169.7,291366,48974866.85,5238,LEGACY
2023-04-17,ZYDUSLIFE,Zydus Lifesciences,EQ,INE010B01027,506.45,509.2,500.1,502.1,502.0,503.65,1139909,576031944.55,46478,LEGACY
2023-04-18,ABBOTINDIA,Abbott India,EQ,INE358A01014,22538.15,22702.95,22415.0,22530.4,22679.0,22538.15,13222,297938784.75,3828,LEGACY
2023-04-18,AJANTPHARM,Ajanta Pharma,EQ,INE031B01049,1237.25,1322.95,1229.85,1298.8,1298.0,1268.9,279879,363176406.5,25459,LEGACY
2023-04-18,ALKEM,Alkem Laboratories,EQ,INE540L01014,3345.55,3400.0,3334.75,3366.85,3365.0,3332.35,342322,1155620391.05,24913,LEGACY
2023-04-18,APLLTD,Alembic Pharmaceuticals,EQ,INE901L01018,531.85,540.1,528.85,536.8,537.5,531.05,61650,33074670.35,4813,LEGACY
2023-04-18,AUROPHARMA,Aurobindo Pharma,EQ,INE406A01037,559.35,579.0,557.95,577.45,577.1,558.55,2721527,1559699724.2,54795,LEGACY
2023-04-18,BIOCON,Biocon,EQ,INE376G01013,223.95,234.3,222.45,232.1,232.0,223.95,12504374,2889691910.5,77789,LEGACY
2023-04-18,CIPLA,Cipla,EQ,INE059A01026,905.0,925.5,897.0,924.25,925.1,906.45,1949777,1784408058.5,84221,LEGACY
2023-04-18,DIVISLAB,Divi's Laboratories,EQ,INE361B01024,3174.0,3282.65,3153.05,3270.6,3260.0,3162.65,823827,2670782827.1,51746,LEGACY
2023-04-18,DRREDDY,Dr. Reddy's Laboratories,EQ,INE089A01023,4861.4,4918.0,4845.5,4912.4,4915.0,4852.3,359410,1759835280.05,37286,LEGACY
2023-04-18,GLAND,Gland Pharma,EQ,INE068V01023,1240.0,1244.9,1222.0,1231.55,1231.7,1236.4,542570,667573297.4,21368,LEGACY
2023-04-18,GLAXO,GlaxoSmithKline Pharmaceuticals,EQ,INE159A01016,1250.25,1259.9,1234.35,1238.15,1235.0,1249.65,58898,73367531.1,5267,LEGACY
2023-04-18,GLENMARK,Glenmark Pharmaceuticals,EQ,INE935A01035,488.2,506.8,488.2,504.95,505.5,490.3,2007427,1006284721.05,29700,LEGACY
2023-04-18,GRANULES,Granules India,EQ,INE101D01020,294.5,301.6,294.25,300.7,300.9,294.55,587593,175552889.35,8432,LEGACY
2023-04-18,IPCALAB,IPCA Laboratories,EQ,INE571A01038,815.0,831.2,809.85,829.65,830.0,814.7,212743,175485292.85,9270,LEGACY
2023-04-18,JBCHEPHARM,JB Chemicals & Pharmaceuticals,EQ,INE572A01028,2145.2,2165.65,2100.0,2118.35,2115.0,2143.75,135336,288418088.6,5035,LEGACY
2023-04-18,LAURUSLABS,Laurus Labs,EQ,INE947Q01028,304.5,312.2,300.05,309.3,309.5,304.6,3917807,1200842477.8,41369,LEGACY
2023-04-18,LUPIN,Lupin,EQ,INE326A01037,658.5,704.5,658.5,698.55,698.0,658.15,5365200,3711986880.95,100653,LEGACY
2023-04-18,NATCOPHARM,Natco Pharma,EQ,INE987B01026,570.5,575.0,565.1,566.25,570.0,569.8,440093,251746169.2,11209,LEGACY
2023-04-18,PEL,Piramal Enterprises,EQ,INE140A01024,707.0,727.3,706.75,720.2,718.25,702.8,2807820,2016440509.45,69237,LEGACY
2023-04-18,PFIZER,Pfizer,EQ,INE182A01018,3729.9,3817.95,3706.2,3776.15,3765.0,3708.25,15099,56976803.45,3600,LEGACY
2023-04-18,PPLPHARMA,Piramal Pharma,EQ,INE0DK501011,71.8,72.9,71.2,71.85,71.75,71.5,3396652,245164586.2,13049,LEGACY
2023-04-18,SANOFI,Sanofi India,EQ,INE058A01010,5950.6,5984.9,5932.85,5940.95,5939.95,5950.6,30864,183611873.4,7845,LEGACY
2023-04-18,STAR,Strides Pharma Science,EQ,INE939A01011,311.65,317.7,306.0,316.25,315.5,309.15,256809,80319953.6,7965,LEGACY
2023-04-18,SUNPHARMA,Sun Pharmaceutical Industries,EQ,INE044A01036,999.0,1006.25,988.3,1004.8,1006.0,998.7,1217390,1213530740.9,46398,LEGACY
2023-04-18,TORNTPHARM,Torrent Pharmaceuticals,EQ,INE685A01028,1589.9,1614.55,1577.75,1594.7,1591.3,1585.85,446455,714798064.7,25877,LEGACY
2023-04-18,WOCKPHARMA,Wockhardt,EQ,INE049B01025,169.25,175.0,167.5,174.05,173.85,168.4,1270378,219261502.5,11908,LEGACY
2023-04-18,ZYDUSLIFE,Zydus Lifesciences,EQ,INE010B01027,500.85,518.5,499.0,515.9,515.25,502.1,1727733,883344877.4,40312,LEGACY
2023-04-19,ABBOTINDIA,Abbott India,EQ,INE358A01014,22679.95,22919.95,22550.0,22733.75,22730.0,22530.4,22685,514425691.3,3857,LEGACY
2023-04-19,AJANTPHARM,Ajanta Pharma,EQ,INE031B01049,1281.0,1310.0,1281.0,1301.7,1299.0,1298.8,161772,209001431.45,22377,LEGACY
2023-04-19,ALKEM,Alkem Laboratories,EQ,INE540L01014,3367.0,3379.95,3327.2,3341.7,3354.0,3366.85,149586,500687145.1,9037,LEGACY
2023-04-19,APLLTD,Alembic Pharmaceuticals,EQ,INE901L01018,539.4,542.9,527.45,530.15,530.1,536.8,47636,25472281.5,4330,LEGACY
2023-04-19,AUROPHARMA,Aurobindo Pharma,EQ,INE406A01037,578.85,595.05,575.35,587.35,587.5,577.45,3208261,1885391925.55,63449,LEGACY
2023-04-19,BIOCON,Biocon,EQ,INE376G01013,232.6,233.2,226.8,229.4,228.35,232.1,4306899,988626556.8,40031,LEGACY
2023-04-19,CIPLA,Cipla,EQ,INE059A01026,925.95,925.95,909.0,911.9,912.8,924.25,1538261,1410379910.3,55774,LEGACY
2023-04-19,DIVISLAB,Divi's Laboratories,EQ,INE361B01024,3261.0,3364.5,3248.05,3342.6,3334.7,3270.6,1736594,5783953391.4,98021,LEGACY
2023-04-19,DRREDDY,Dr. Reddy's Laboratories,EQ,INE089A01023,4887.4,4940.0,4880.55,4909.35,4910.05,4912.4,384187,1889595161.75,46261,LEGACY
2023-04-19,GLAND,Gland Pharma,EQ,INE068V01023,1235.0,1477.85,1232.05,1416.95,1397.85,1231.55,6725689,9207071736.0,204304,LEGACY
2023-04-19,GLAXO,GlaxoSmithKline Pharmaceuticals,EQ,INE159A01016,1240.0,1259.85,1240.0,1245.65,1244.0,1238.15,66151,82668900.35,7523,LEGACY
2023-04-19,GLENMARK,Glenmark Pharmaceuticals,EQ,INE935A01035,505.0,516.9,500.35,512.0,512.0,504.95,3964015,2018936355.45,55063,LEGACY
2023-04-19,GRANULES,Granules India,EQ,INE101D01020,303.0,306.5,300.3,304.05,303.7,300.7,1787289,542732457.45,19099,LEGACY
2023-04-19,IPCALAB,IPCA Laboratories,EQ,INE571A01038,835.0,837.05,822.15,829.85,830.0,829.65,949086,788675180.35,26270,LEGACY
2023-04-19,JBCHEPHARM,JB Chemicals & Pharmaceuticals,EQ,INE572A01028,2131.25,2155.0,2123.1,2128.95,2127.15,2118.35,49459,105671163.2,7923,LEGACY
2023-04-19,LAURUSLABS,Laurus Labs,EQ,INE947Q01028,310.75,316.5,307.25,311.95,311.5,309.3,3472810,1086323506.65,43090,LEGACY
2023-04-19,LUPIN,Lupin,EQ,INE326A01037,698.55,698.7,685.7,686.85,686.35,698.55,1203963,833116079.1,39588,LEGACY
2023-04-19,NATCOPHARM,Natco Pharma,EQ,INE987B01026,566.5,571.05,556.0,557.35,558.6,566.25,314646,176709453.85,13816,LEGACY
2023-04-19,PEL,Piramal Enterprises,EQ,INE140A01024,721.5,725.55,714.0,716.65,715.65,720.2,920565,662284439.45,31125,LEGACY
2023-04-19,PFIZER,Pfizer,EQ,INE182A01018,3800.0,3808.8,3749.9,3765.9,3763.0,3776.15,8937,33754742.15,1774,LEGACY
2023-04-19,PPLPHARMA,Piramal Pharma,EQ,INE0DK501011,73.55,79.25,73.55,77.55,77.35,71.85,25152049,1952726301.3,85475,LEGACY
2023-04-19,SANOFI,Sanofi India,EQ,INE058A01010,5972.2,6007.1,5952.0,5966.5,5953.3,5940.95,34429,205768968.6,6880,LEGACY
2023-04-19,STAR,Strides Pharma Science,EQ,INE939A01011,316.55,317.3,306.4,309.45,310.1,316.25,176398,54826223.1,5412,LEGACY
2023-04-19,SUNPHARMA,Sun Pharmaceutical Industries,EQ,INE044A01036,1003.5,1009.4,993.0,995.5,995.0,1004.8,2174563,2173660398.65,70970,LEGACY
2023-04-19,TORNTPHARM,Torrent Pharmaceuticals,EQ,INE685A01028,1603.8,1605.05,1580.0,1593.35,1597.5,1594.7,392791,623747494.4,34602,LEGACY
2023-04-19,WOCKPHARMA,Wockhardt,EQ,INE049B01025,174.85,174.85,169.15,170.0,169.35,174.05,467263,80058977.55,7202,LEGACY
2023-04-19,ZYDUSLIFE,Zydus Lifesciences,EQ,INE010B01027,518.75,519.4,513.5,517.1,515.45,515.9,1540176,796014948.55,38483,LEGACY
2023-04-20,ABBOTINDIA,Abbott India,EQ,INE358A01014,22733.95,22823.95,22548.55,22577.75,22551.25,22733.75,6245,141599098.6,2561,LEGACY
2023-04-20,AJANTPHARM,Ajanta Pharma,EQ,INE031B01049,1308.6,1308.6,1290.3,1299.9,1298.15,1301.7,94433,122664585.15,6951,LEGACY
2023-04-20,ALKEM,Alkem Laboratories,EQ,INE540L01014,3340.7,3398.95,3340.0,3355.9,3360.0,3341.7,259756,874071227.3,12734,LEGACY
2023-04-20,APLLTD,Alembic Pharmaceuticals,EQ,INE901L01018,534.45,537.05,527.35,532.8,532.0,530.15,120101,63853246.65,3953,LEGACY
2023-04-20,AUROPHARMA,Aurobindo Pharma,EQ,INE406A01037,591.3,594.6,578.25,580.75,580.4,587.35,2249830,1317527399.45,56808,LEGACY
2023-04-20,BIOCON,Biocon,EQ,INE376G01013,229.1,230.8,223.6,229.5,229.15,229.4,6045806,1376331714.7,40915,LEGACY
2023-04-20,CIPLA,Cipla,EQ,INE059A01026,912.0,913.7,898.95,904.0,905.0,911.9,4446158,4021076059.35,59813,LEGACY
2023-04-20,DIVISLAB,Divi's Laboratories,EQ,INE361B01024,3334.7,3337.0,3193.85,3203.1,3207.95,3342.6,1041887,3366216614.6,71464,LEGACY
2023-04-20,DRREDDY,Dr. Reddy's Laboratories,EQ,INE089A01023,4916.0,4916.0,4822.25,4858.2,4850.0,4909.35,635170,3085274883.75,45474,LEGACY
2023-04-20,GLAND,Gland Pharma,EQ,INE068V01023,1399.95,1416.95,1347.05,1364.45,1364.95,1416.95,2818412,3868252209.45,94807,LEGACY
2023-04-20,GLAXO,GlaxoSmithKline Pharmaceuticals,EQ,INE159A01016,1250.0,1251.75,1233.2,1234.55,1235.0,1245.65,39602,49040822.4,3752,LEGACY
2023-04-20,GLENMARK,Glenmark Pharmaceuticals,EQ,INE935A01035,512.0,515.55,510.0,512.15,511.75,512.0,1314152,673029491.2,17348,LEGACY
2023-04-20,GRANULES,Granules India,EQ,INE101D01020,305.5,305.85,301.9,302.55,302.05,304.05,610987,185477919.7,9145,LEGACY
2023-04-20,IPCALAB,IPCA Laboratories,EQ,INE571A01038,831.75,839.95,821.3,830.75,831.95,829.85,1111532,921762220.55,21334,LEGACY
2023-04-20,JBCHEPHARM,JB Chemicals & Pharmaceuticals,EQ,INE572A01028,2128.95,2147.0,2095.0,2110.15,2114.85,2128.95,88636,187063011.85,6816,LEGACY
2023-04-20,LAURUSLABS,Laurus Labs,EQ,INE947Q01028,312.55,312.8,305.05,306.3,306.95,311.95,2289820,704591900.45,24783,LEGACY
2023-04-20,LUPIN,Lupin,EQ,INE326A01037,686.85,690.1,678.55,684.25,685.0,686.85,789119,539309662.75,18049,LEGACY
2023-04-20,NATCOPHARM,Natco Pharma,EQ,INE987B01026,559.45,559.45,551.0,553.9,555.0,557.35,554522,307541545.3,12489,LEGACY
2023-04-20,PEL,Piramal Enterprises,EQ,INE140A01024,718.4,723.45,714.0,716.75,715.0,716.65,973491,699402277.55,23618,LEGACY
2023-04-20,PFIZER,Pfizer,EQ,INE182A01018,3785.7,3894.65,3742.0,3764.3,3750.0,3765.9,7317,27569535.7,2254,LEGACY
2023-04-20,PPLPHARMA,Piramal Pharma,EQ,INE0DK501011,78.35,78.65,73.7,74.2,73.75,77.55,7289965,547165825.4,32543,LEGACY
2023-04-20,SANOFI,Sanofi India,EQ,INE058A01010,5990.0,5995.0,5960.1,5969.85,5968.0,5966.5,42240,252347823.7,9245,LEGACY
2023-04-20,STAR,Strides Pharma Science,EQ,INE939A01011,309.0,314.3,306.9,313.0,313.5,309.45,288498,89211920.65,6449,LEGACY
2023-04-20,SUNPHARMA,Sun Pharmaceutical Industries,EQ,INE044A01036,999.1,1002.1,983.75,987.75,988.0,995.5,1638094,1623191706.9,59935,LEGACY
2023-04-20,TORNTPHARM,Torrent Pharmaceuticals,EQ,INE685A01028,1593.95,1608.6,1584.85,1589.55,1590.0,1593.35,246181,392164926.55,16535,LEGACY
2023-04-20,WOCKPHARMA,Wockhardt,EQ,INE049B01025,170.9,177.0,169.95,173.75,173.7,170.0,727668,126671739.55,10757,LEGACY
2023-04-20,ZYDUSLIFE,Zydus Lifesciences,EQ,INE010B01027,519.0,519.0,505.8,513.7,512.5,517.1,1264836,645812866.5,31512,LEGACY
2023-04-21,ABBOTINDIA,Abbott India,EQ,INE358A01014,22600.0,22643.95,22232.05,22434.7,22430.0,22577.75,8120,182359120.2,2875,LEGACY
2023-04-21,AJANTPHARM,Ajanta Pharma,EQ,INE031B01049,1298.15,1306.6,1290.05,1299.45,1291.1,1299.9,78546,101899457.55,8138,LEGACY
2023-04-21,ALKEM,Alkem Laboratories,EQ,INE540L01014,3355.9,3462.35,3355.85,3409.0,3409.9,3355.9,451859,1546155348.95,38648,LEGACY
2023-04-21,APLLTD,Alembic Pharmaceuticals,EQ,INE901L01018,535.0,548.8,528.85,537.2,537.0,532.8,21545,11500103.85,2119,LEGACY
2023-04-21,AUROPHARMA,Aurobindo Pharma,EQ,INE406A01037,578.0,593.45,576.15,588.1,586.0,580.75,2408719,1418534472.65,49189,LEGACY
2023-04-21,BIOCON,Biocon,EQ,INE376G01013,229.5,230.95,227.2,228.85,228.4,229.5,2460397,562981755.65,16403,LEGACY
2023-04-21,CIPLA,Cipla,EQ,INE059A01026,903.0,918.55,903.0,915.05,915.9,904.0,3481218,3173146386.6,51597,LEGACY
2023-04-21,DIVISLAB,Divi's Laboratories,EQ,INE361B01024,3207.15,3263.75,3207.15,3231.65,3219.0,3203.1,676213,2189067271.4,42320,LEGACY
2023-04-21,DRREDDY,Dr. Reddy's Laboratories,EQ,INE089A01023,4858.1,4879.0,4823.15,4868.75,4876.0,4858.2,331439,1608639108.2,30215,LEGACY
2023-04-21,GLAND,Gland Pharma,EQ,INE068V01023,1365.0,1365.0,1305.0,1311.2,1310.0,1364.45,1294691,1705841713.0,43204,LEGACY
2023-04-21,GLAXO,GlaxoSmithKline Pharmaceuticals,EQ,INE159A01016,1234.6,1244.0,1234.6,1240.2,1242.0,1234.55,19692,24371419.65,2358,LEGACY
2023-04-21,GLENMARK,Glenmark Pharmaceuticals,EQ,INE935A01035,512.15,517.4,509.45,511.6,510.2,512.15,678001,348423069.05,15485,LEGACY
2023-04-21,GRANULES,Granules India,EQ,INE101D01020,302.55,303.55,299.25,300.5,300.5,302.55,345170,103876391.65,6269,LEGACY
2023-04-21,IPCALAB,IPCA Laboratories,EQ,INE571A01038,833.0,846.95,833.0,840.65,840.0,830.75,704817,592377013.35,37245,LEGACY
2023-04-21,JBCHEPHARM,JB Chemicals & Pharmaceuticals,EQ,INE572A01028,2112.2,2153.0,2099.7,2146.2,2149.95,2110.15,49168,105146283.3,7893,LEGACY
2023-04-21,LAURUSLABS,Laurus Labs,EQ,INE947Q01028,307.0,308.0,302.5,303.0,303.0,306.3,1939931,590739197.5,23550,LEGACY
2023-04-21,LUPIN,Lupin,EQ,INE326A01037,685.0,702.0,685.0,695.15,695.4,684.25,2210350,1537756748.75,46720,LEGACY
2023-04-21,NATCOPHARM,Natco Pharma,EQ,INE987B01026,557.0,575.4,555.9,569.2,568.0,553.9,179125,101446713.35,7808,LEGACY
2023-04-21,PEL,Piramal Enterprises,EQ,INE140A01024,716.7,721.0,712.2,718.35,718.9,716.75,874112,626502155.35,19528,LEGACY
2023-04-21,PFIZER,Pfizer,EQ,INE182A01018,3774.9,3811.9,3757.6,3798.05,3800.0,3764.3,7422,28133165.3,1613,LEGACY
2023-04-21,PPLPHARMA,Piramal Pharma,EQ,INE0DK501011,74.1,75.7,72.7,74.15,74.0,74.2,5199880,384900854.15,22633,LEGACY
2023-04-21,SANOFI,Sanofi India,EQ,INE058A01010,5989.5,5989.5,5945.0,5956.7,5948.0,5969.85,23952,142826768.4,5223,LEGACY
2023-04-21,STAR,Strides Pharma Science,EQ,INE939A01011,311.55,328.4,309.2,325.85,326.2,313.0,677296,216435663.75,15446,LEGACY
2023-04-21,SUNPHARMA,Sun Pharmaceutical Industries,EQ,INE044A01036,994.3,994.3,984.95,989.45,986.9,987.75,1216575,1203387148.6,40802,LEGACY
2023-04-21,TORNTPHARM,Torrent Pharmaceuticals,EQ,INE685A01028,1594.45,1621.5,1591.25,1613.3,1610.0,1589.55,441046,709573180.5,24089,LEGACY
2023-04-21,WOCKPHARMA,Wockhardt,EQ,INE049B01025,172.2,173.5,169.05,171.2,171.45,173.75,297325,50804873.8,5213,LEGACY
2023-04-21,ZYDUSLIFE,Zydus Lifesciences,EQ,INE010B01027,512.0,520.65,509.15,518.75,516.8,513.7,1112338,576171423.45,26192,LEGACY
2023-04-24,ABBOTINDIA,Abbott India,EQ,INE358A01014,22440.0,22589.95,22274.0,22546.3,22473.7,22434.7,4653,104430065.2,2000,LEGACY
2023-04-24,AJANTPHARM,Ajanta Pharma,EQ,INE031B01049,1295.3,1302.95,1279.0,1287.3,1286.0,1299.45,48665,63031179.05,5202,LEGACY
2023-04-24,ALKEM,Alkem Laboratories,EQ,INE540L01014,3409.0,3445.0,3404.0,3428.8,3423.0,3409.0,264849,907338317.75,19797,LEGACY
2023-04-24,APLLTD,Alembic Pharmaceuticals,EQ,INE901L01018,540.0,571.35,532.3,544.15,541.8,537.2,624964,348674105.9,25112,LEGACY
2023-04-24,AUROPHARMA,Aurobindo Pharma,EQ,INE406A01037,590.05,591.15,583.3,589.65,589.65,588.1,920680,540835571.05,25761,LEGACY
2023-04-24,BIOCON,Biocon,EQ,INE376G01013,228.85,229.9,225.2,225.65,225.55,228.85,2793727,635358161.6,26992,LEGACY
2023-04-24,CIPLA,Cipla,EQ,INE059A01026,916.0,917.2,901.15,903.0,904.5,915.05,1784945,1614192372.85,43016,LEGACY
2023-04-24,DIVISLAB,Divi's Laboratories,EQ,INE361B01024,3240.0,3241.8,3184.85,3192.85,3195.0,3231.65,296889,950519804.35,27245,LEGACY
2023-04-24,DRREDDY,Dr. Reddy's Laboratories,EQ,INE089A01023,4854.0,4854.0,4752.1,4806.1,4802.0,4868.75,438166,2097164390.25,36299,LEGACY
2023-04-24,GLAND,Gland Pharma,EQ,INE068V01023,1320.1,1324.0,1286.0,1310.45,1318.0,1311.2,703209,917969297.9,36513,LEGACY
2023-04-24,GLAXO,GlaxoSmithKline Pharmaceuticals,EQ,INE159A01016,1241.0,1266.0,1237.0,1247.85,1245.0,1240.2,72010,90151840.2,5355,LEGACY
2023-04-24,GLENMARK,Glenmark Pharmaceuticals,EQ,INE935A01035,511.15,519.0,507.4,516.85,518.6,511.6,817404,420930258.75,16542,LEGACY
2023-04-24,GRANULES,Granules India,EQ,INE101D01020,302.05,302.3,296.8,297.5,298.1,300.5,544714,162597628.4,6752,LEGACY
2023-04-24,IPCALAB,IPCA Laboratories,EQ,INE571A01038,841.45,854.55,824.0,826.5,825.8,840.65,449803,376198781.1,24547,LEGACY
2023-04-24,JBCHEPHARM,JB Chemicals & Pharmaceuticals,EQ,INE572A01028,2157.5,2171.8,2067.05,2092.4,2090.0,2146.2,223313,472010006.55,11598,LEGACY
2023-04-24,LAURUSLABS,Laurus Labs,EQ,INE947Q01028,304.1,304.8,293.75,298.15,298.2,303.0,2830415,846041718.9,37241,LEGACY
2023-04-24,LUPIN,Lupin,EQ,INE326A01037,695.15,705.45,688.8,702.05,703.65,695.15,1234488,865299615.65,32155,LEGACY
2023-04-24,NATCOPHARM,Natco Pharma,EQ,INE987B01026,572.0,577.2,565.45,568.9,568.0,569.2,294167,168559152.05,8510,LEGACY
2023-04-24,PEL,Piramal Enterprises,EQ,INE140A01024,723.0,723.05,712.45,717.7,717.95,718.35,572648,410832881.05,21926,LEGACY
2023-04-24,PFIZER,Pfizer,EQ,INE182A01018,3830.0,3830.0,3774.0,3780.6,3790.0,3798.05,4314,16312926.35,927,LEGACY
2023-04-24,PPLPHARMA,Piramal Pharma,EQ,INE0DK501011,74.45,74.5,71.5,71.65,71.55,74.15,3959115,285881271.0,20712,LEGACY
2023-04-24,SANOFI,Sanofi India,EQ,INE058A01010,5999.8,6023.95,5971.0,5989.5,5989.05,5956.7,38330,229756991.45,9572,LEGACY
2023-04-24,STAR,Strides Pharma Science,EQ,INE939A01011,328.0,339.75,325.0,336.8,338.0,325.85,871501,292139206.15,17554,LEGACY
2023-04-24,SUNPHARMA,Sun Pharmaceutical Industries,EQ,INE044A01036,975.0,982.5,959.25,979.15,980.05,989.45,3485350,3378165387.2,137148,LEGACY
2023-04-24,TORNTPHARM,Torrent Pharmaceuticals,EQ,INE685A01028,1605.0,1628.0,1603.15,1621.45,1623.1,1613.3,464104,751011901.55,26762,LEGACY
2023-04-24,WOCKPHARMA,Wockhardt,EQ,INE049B01025,171.85,173.0,168.05,170.15,169.85,171.2,289609,49227392.85,4720,LEGACY
2023-04-24,ZYDUSLIFE,Zydus Lifesciences,EQ,INE010B01027,518.9,524.3,515.4,516.95,516.5,518.75,798318,414657619.05,26024,LEGACY
2023-04-25,ABBOTINDIA,Abbott India,EQ,INE358A01014,22590.0,22660.0,22260.05,22301.85,22294.0,22546.3,10076,226275000.3,3783,LEGACY
2023-04-25,AJANTPHARM,Ajanta Pharma,EQ,INE031B01049,1290.3,1305.0,1279.45,1296.9,1283.2,1287.3,40367,52316180.8,6291,LEGACY
2023-04-25,ALKEM,Alkem Laboratories,EQ,INE540L01014,3428.85,3450.0,3385.0,3421.45,3412.9,3428.8,97313,332401310.8,12334,LEGACY
2023-04-25,APLLTD,Alembic Pharmaceuticals,EQ,INE901L01018,543.25,545.6,538.55,540.95,541.75,544.15,30610,16578233.25,2676,LEGACY
2023-04-25,AUROPHARMA,Aurobindo Pharma,EQ,INE406A01037,589.7,604.05,581.6,600.5,600.25,589.65,2052267,1219826966.75,45710,LEGACY
2023-04-25,BIOCON,Biocon,EQ,INE376G01013,230.7,233.9,226.1,230.9,230.1,225.65,8767164,2017466560.8,54802,LEGACY
2023-04-25,CIPLA,Cipla,EQ,INE059A01026,904.6,912.0,896.3,909.65,909.0,903.0,2440358,2209067175.95,56116,LEGACY
2023-04-25,DIVISLAB,Divi's Laboratories,EQ,INE361B01024,3198.0,3245.95,3172.05,3226.45,3225.0,3192.85,389268,1251683274.8,35019,LEGACY
2023-04-25,DRREDDY,Dr. Reddy's Laboratories,EQ,INE089A01023,4803.55,4841.15,4757.75,4833.3,4826.7,4806.1,327997,1575710687.5,33895,LEGACY
2023-04-25,GLAND,Gland Pharma,EQ,INE068V01023,1321.2,1376.95,1318.2,1349.7,1348.0,1310.45,1917504,2573651128.15,72418,LEGACY
2023-04-25,GLAXO,GlaxoSmithKline Pharmaceuticals,EQ,INE159A01016,1248.1,1259.0,1242.75,1245.25,1244.0,1247.85,49547,61915431.6,4233,LEGACY
2023-04-25,GLENMARK,Glenmark Pharmaceuticals,EQ,INE935A01035,516.05,519.95,514.45,518.15,517.65,516.85,951138,492758987.7,22212,LEGACY
2023-04-25,GRANULES,Granules India,EQ,INE101D01020,297.5,299.1,294.55,296.85,296.9,297.5,275467,81717693.8,5116,LEGACY
2023-04-25,IPCALAB,IPCA Laboratories,EQ,INE571A01038,795.0,795.0,740.0,741.15,743.8,826.5,7916179,5943709843.45,191186,LEGACY
2023-04-25,JBCHEPHARM,JB Chemicals & Pharmaceuticals,EQ,INE572A01028,2093.0,2103.4,2060.55,2067.25,2063.0,2092.4,36977,76600272.45,7179,LEGACY
2023-04-25,LAURUSLABS,Laurus Labs,EQ,INE947Q01028,298.0,298.05,291.1,295.5,295.35,298.15,2569295,758715768.2,30949,LEGACY
2023-04-25,LUPIN,Lupin,EQ,INE326A01037,705.0,710.0,701.8,705.5,703.2,702.05,640382,452144617.45,13635,LEGACY
2023-04-25,NATCOPHARM,Natco Pharma,EQ,INE987B01026,571.9,571.9,563.0,569.5,569.0,568.9,92414,52425934.5,5144,LEGACY
2023-04-25,PEL,Piramal Enterprises,EQ,INE140A01024,719.95,724.45,713.05,720.05,719.0,717.7,632880,455507395.2,23972,LEGACY
2023-04-25,PFIZER,Pfizer,EQ,INE182A01018,3780.0,3819.0,3760.0,3769.2,3760.0,3780.6,4864,18457364.75,1445,LEGACY
2023-04-25,PPLPHARMA,Piramal Pharma,EQ,INE0DK501011,71.95,72.05,70.3,70.65,70.6,71.65,3215917,227868198.05,17987,LEGACY
2023-04-25,SANOFI,Sanofi India,EQ,INE058A01010,6000.0,6010.8,5972.3,5975.85,5975.85,5989.5,66686,399032612.05,10680,LEGACY
2023-04-25,STAR,Strides Pharma Science,EQ,INE939A01011,339.0,341.0,333.1,336.95,338.0,336.8,451515,151858582.15,11121,LEGACY
2023-04-25,SUNPHARMA,Sun Pharmaceutical Industries,EQ,INE044A01036,980.0,982.9,967.0,972.5,972.2,979.15,2377746,2312832100.4,84481,LEGACY
2023-04-25,TORNTPHARM,Torrent Pharmaceuticals,EQ,INE685A01028,1621.4,1649.5,1612.05,1642.3,1636.9,1621.45,363645,595290411.95,12232,LEGACY
2023-04-25,WOCKPHARMA,Wockhardt,EQ,INE049B01025,170.15,170.7,165.0,166.25,165.5,170.15,379794,63689897.0,6885,LEGACY
2023-04-25,ZYDUSLIFE,Zydus Lifesciences,EQ,INE010B01027,515.25,519.9,513.3,518.65,518.45,516.95,639723,330613437.0,17648,LEGACY
2023-04-26,ABBOTINDIA,Abbott India,EQ,INE358A01014,22309.95,22412.45,22195.2,22310.7,22300.0,22301.85,34799,773323892.95,3974,LEGACY
2023-04-26,AJANTPHARM,Ajanta Pharma,EQ,INE031B01049,1296.0,1296.0,1266.85,1285.5,1285.0,1296.9,32973,42233338.3,6114,LEGACY
2023-04-26,ALKEM,Alkem Laboratories,EQ,INE540L01014,3415.0,3438.0,3400.8,3426.85,3425.0,3421.45,48166,164847217.15,8433,LEGACY
2023-04-26,APLLTD,Alembic Pharmaceuticals,EQ,INE901L01018,543.5,553.9,537.75,548.6,548.0,540.95,73291,40187817.85,5713,LEGACY
2023-04-26,AUROPHARMA,Aurobindo Pharma,EQ,INE406A01037,600.0,615.75,598.65,613.45,613.0,600.5,3391702,2069612908.2,71673,LEGACY
2023-04-26,BIOCON,Biocon,EQ,INE376G01013,231.75,234.15,229.6,230.8,230.2,230.9,3597575,831476950.2,31075,LEGACY
2023-04-26,CIPLA,Cipla,EQ,INE059A01026,911.85,914.2,900.05,911.1,913.0,909.65,1400796,1272421777.65,50831,LEGACY
2023-04-26,DIVISLAB,Divi's Laboratories,EQ,INE361B01024,3202.4,3243.75,3195.55,3220.0,3211.0,3226.45,279817,899971479.3,23076,LEGACY
2023-04-26,DRREDDY,Dr. Reddy's Laboratories,EQ,INE089A01023,4810.0,4874.25,4810.0,4845.1,4847.45,4833.3,204153,988754022.15,30254,LEGACY
2023-04-26,GLAND,Gland Pharma,EQ,INE068V01023,1349.7,1394.0,1332.35,1379.2,1376.9,1349.7,1142397,1569896365.9,48106,LEGACY
2023-04-26,GLAXO,GlaxoSmithKline Pharmaceuticals,EQ,INE159A01016,1246.05,1261.95,1233.0,1233.95,1234.0,1245.25,73524,91389361.4,5501,LEGACY
2023-04-26,GLENMARK,Glenmark Pharmaceuticals,EQ,INE935A01035,517.05,522.5,516.25,521.25,520.1,518.15,720652,375047631.3,10997,LEGACY
2023-04-26,GRANULES,Granules India,EQ,INE101D01020,296.85,300.0,296.0,299.15,299.4,296.85,417472,124411883.9,4770,LEGACY
2023-04-26,IPCALAB,IPCA Laboratories,EQ,INE571A01038,740.0,740.0,686.8,701.4,702.0,741.15,7381480,5157441368.85,309708,LEGACY
2023-04-26,JBCHEPHARM,JB Chemicals & Pharmaceuticals,EQ,INE572A01028,2056.0,2115.95,2054.3,2101.65,2105.0,2067.25,141651,294175245.0,5654,LEGACY
2023-04-26,LAURUSLABS,Laurus Labs,EQ,INE947Q01028,296.05,302.9,292.6,300.0,299.85,295.5,2461607,735385422.35,29263,LEGACY
2023-04-26,LUPIN,Lupin,EQ,INE326A01037,705.5,709.8,699.5,707.7,707.5,705.5,595732,420782396.3,18106,LEGACY
2023-04-26,NATCOPHARM,Natco Pharma,EQ,INE987B01026,570.0,571.5,564.0,565.8,567.0,569.5,82719,46885966.95,4063,LEGACY
2023-04-26,PEL,Piramal Enterprises,EQ,INE140A01024,720.9,723.85,710.3,717.05,716.2,720.05,588302,422540651.15,22785,LEGACY
2023-04-26,PFIZER,Pfizer,EQ,INE182A01018,3760.0,3788.95,3756.45,3762.45,3760.0,3769.2,4280,16122131.6,1294,LEGACY
2023-04-26,PPLPHARMA,Piramal Pharma,EQ,INE0DK501011,70.75,71.3,69.55,69.7,69.7,70.65,3208907,225503016.55,13052,LEGACY
2023-04-26,SANOFI,Sanofi India,EQ,INE058A01010,5996.0,6010.0,5942.75,5971.0,5970.0,5975.85,55732,332757625.3,9508,LEGACY
2023-04-26,STAR,Strides Pharma Science,EQ,INE939A01011,337.0,343.0,334.1,340.95,341.0,336.95,378871,128122366.6,14474,LEGACY
2023-04-26,SUNPHARMA,Sun Pharmaceutical Industries,EQ,INE044A01036,975.8,976.8,963.2,971.25,971.9,972.5,2911028,2816425935.3,52256,LEGACY
2023-04-26,TORNTPHARM,Torrent Pharmaceuticals,EQ,INE685A01028,1646.4,1660.0,1614.2,1622.15,1616.2,1642.3,422419,692924893.25,28094,LEGACY
2023-04-26,WOCKPHARMA,Wockhardt,EQ,INE049B01025,166.25,169.9,165.25,167.45,167.5,166.25,297806,49705453.65,5736,LEGACY
2023-04-26,ZYDUSLIFE,Zydus Lifesciences,EQ,INE010B01027,518.65,521.25,515.0,516.7,515.25,518.65,385699,200115422.25,13096,LEGACY
2023-04-27,ABBOTINDIA,Abbott India,EQ,INE358A01014,22310.0,22349.6,22109.0,22147.35,22149.95,22310.7,9489,210678648.45,3119,LEGACY
2023-04-27,AJANTPHARM,Ajanta Pharma,EQ,INE031B01049,1289.8,1310.0,1278.0,1299.3,1299.85,1285.5,54847,71150916.7,7474,LEGACY
2023-04-27,ALKEM,Alkem Laboratories,EQ,INE540L01014,3426.85,3444.9,3419.6,3435.5,3435.0,3426.85,95163,326952980.7,10977,LEGACY
2023-04-27,APLLTD,Alembic Pharmaceuticals,EQ,INE901L01018,551.5,553.1,546.85,551.1,552.0,548.6,36797,20254947.15,2757,LEGACY
2023-04-27,AUROPHARMA,Aurobindo Pharma,EQ,INE406A01037,613.45,619.7,610.3,617.45,615.85,613.45,1860574,1145350044.65,44480,LEGACY
2023-04-27,BIOCON,Biocon,EQ,INE376G01013,231.0,233.4,229.7,232.95,232.55,230.8,2489889,577319184.2,21163,LEGACY
2023-04-27,CIPLA,Cipla,EQ,INE059A01026,911.2,917.3,903.0,913.95,917.2,911.1,2457652,2234402342.15,52685,LEGACY
2023-04-27,DIVISLAB,Divi's Laboratories,EQ,INE361B01024,3220.0,3247.85,3202.0,3238.45,3233.0,3220.0,200579,646530117.15,17040,LEGACY
2023-04-27,DRREDDY,Dr. Reddy's Laboratories,EQ,INE089A01023,4845.0,4939.0,4818.1,4918.55,4907.0,4845.1,219656,1073999596.95,27560,LEGACY
2023-04-27,GLAND,Gland Pharma,EQ,INE068V01023,1376.9,1390.0,1361.6,1367.7,1365.1,1379.2,332068,456403465.7,15714,LEGACY
2023-04-27,GLAXO,GlaxoSmithKline Pharmaceuticals,EQ,INE159A01016,1244.75,1250.8,1232.8,1246.95,1244.05,1233.95,34208,42468114.05,3426,LEGACY
2023-04-27,GLENMARK,Glenmark Pharmaceuticals,EQ,INE935A01035,521.25,555.0,520.1,551.15,553.0,521.25,4291553,2326675450.05,50652,LEGACY
2023-04-27,GRANULES,Granules India,EQ,INE101D01020,299.15,303.5,297.05,302.2,302.0,299.15,635897,191580145.3,9484,LEGACY
2023-04-27,IPCALAB,IPCA Laboratories,EQ,INE571A01038,701.0,706.25,690.2,699.05,699.0,701.4,2037901,1421784078.75,78554,LEGACY
2023-04-27,JBCHEPHARM,JB Chemicals & Pharmaceuticals,EQ,INE572A01028,2104.0,2135.0,2103.95,2129.15,2129.55,2101.65,241146,513168001.15,6871,LEGACY
2023-04-27,LAURUSLABS,Laurus Labs,EQ,INE947Q01028,301.8,304.5,287.3,292.05,296.0,300.0,7456550,2202117426.0,81637,LEGACY
2023-04-27,LUPIN,Lupin,EQ,INE326A01037,706.95,707.95,680.0,693.75,694.7,707.7,1608022,1112304111.05,36859,LEGACY
2023-04-27,NATCOPHARM,Natco Pharma,EQ,INE987B01026,568.05,576.9,565.8,570.95,570.0,565.8,245506,140245547.35,6859,LEGACY
2023-04-27,PEL,Piramal Enterprises,EQ,INE140A01024,716.2,719.0,706.45,714.6,716.95,717.05,538670,384235153.4,21715,LEGACY
2023-04-27,PFIZER,Pfizer,EQ,INE182A01018,3751.0,3770.75,3740.35,3749.25,3759.5,3762.45,3197,12001436.75,1040,LEGACY
2023-04-27,PPLPHARMA,Piramal Pharma,EQ,INE0DK501011,70.25,70.6,69.55,70.0,70.0,69.7,2017381,141127081.95,10673,LEGACY
2023-04-27,SANOFI,Sanofi India,EQ,INE058A01010,5998.0,6000.0,5955.0,5964.95,5965.0,5971.0,68219,407561410.4,9283,LEGACY
2023-04-27,STAR,Strides Pharma Science,EQ,INE939A01011,340.0,343.0,335.9,337.35,336.1,340.95,307018,104075089.65,6767,LEGACY
2023-04-27,SUNPHARMA,Sun Pharmaceutical Industries,EQ,INE044A01036,968.0,981.6,963.55,978.7,979.6,971.25,2777173,2689356030.45,64780,LEGACY
2023-04-27,TORNTPHARM,Torrent Pharmaceuticals,EQ,INE685A01028,1621.7,1646.2,1609.45,1629.25,1636.6,1622.15,173886,283390961.45,11527,LEGACY
2023-04-27,WOCKPHARMA,Wockhardt,EQ,INE049B01025,167.95,168.9,166.25,167.45,166.8,167.45,195045,32672185.65,3415,LEGACY
2023-04-27,ZYDUSLIFE,Zydus Lifesciences,EQ,INE010B01027,516.75,518.85,509.3,514.65,513.4,516.7,865434,444243815.05,13101,LEGACY
2023-04-28,ABBOTINDIA,Abbott India,EQ,INE358A01014,22224.0,22385.95,21996.05,22297.25,22300.0,22147.35,13254,294472903.6,3975,LEGACY
2023-04-28,AJANTPHARM,Ajanta Pharma,EQ,INE031B01049,1299.85,1325.6,1281.8,1312.6,1317.0,1299.3,39062,50794967.65,6441,LEGACY
2023-04-28,ALKEM,Alkem Laboratories,EQ,INE540L01014,3445.0,3520.0,3442.8,3509.9,3520.0,3435.5,241766,842892474.8,23424,LEGACY
2023-04-28,APLLTD,Alembic Pharmaceuticals,EQ,INE901L01018,552.85,560.0,548.0,556.15,555.0,551.1,42141,23341756.75,3053,LEGACY
2023-04-28,AUROPHARMA,Aurobindo Pharma,EQ,INE406A01037,618.0,623.25,606.1,617.0,615.0,617.45,2240326,1379173177.5,72478,LEGACY
2023-04-28,BIOCON,Biocon,EQ,INE376G01013,233.8,234.0,229.4,232.55,232.0,232.95,3853989,892198819.45,40704,LEGACY
2023-04-28,CIPLA,Cipla,EQ,INE059A01026,918.85,919.0,905.15,908.05,908.95,913.95,2695819,2450695003.9,61689,LEGACY
2023-04-28,DIVISLAB,Divi's Laboratories,EQ,INE361B01024,3248.0,3278.5,3216.0,3267.9,3264.85,3238.45,278679,905329691.25,21574,LEGACY
2023-04-28,DRREDDY,Dr. Reddy's Laboratories,EQ,INE089A01023,4918.55,4935.0,4877.1,4929.85,4910.0,4918.55,247044,1213259732.7,24210,LEGACY
2023-04-28,GLAND,Gland Pharma,EQ,INE068V01023,1369.0,1375.0,1346.3,1358.8,1360.0,1367.7,286689,388644628.05,24319,LEGACY
2023-04-28,GLAXO,GlaxoSmithKline Pharmaceuticals,EQ,INE159A01016,1248.3,1256.15,1240.0,1241.9,1241.0,1246.95,93137,115849948.95,4251,LEGACY
2023-04-28,GLENMARK,Glenmark Pharmaceuticals,EQ,INE935A01035,557.0,568.75,551.5,563.45,563.0,551.15,4694549,2648155056.25,64509,LEGACY
2023-04-28,GRANULES,Granules India,EQ,INE101D01020,303.75,303.9,297.95,300.35,300.0,302.2,991295,297440241.5,9925,LEGACY
2023-04-28,IPCALAB,IPCA Laboratories,EQ,INE571A01038,701.0,713.35,697.0,710.15,709.0,699.05,1263145,892908278.0,41896,LEGACY
2023-04-28,JBCHEPHARM,JB Chemicals & Pharmaceuticals,EQ,INE572A01028,2140.0,2152.0,2111.55,2129.85,2111.55,2129.15,114041,244186807.55,5825,LEGACY
2023-04-28,LAURUSLABS,Laurus Labs,EQ,INE947Q01028,280.0,311.4,278.85,307.6,307.4,292.05,15852450,4745717889.15,135197,LEGACY
2023-04-28,LUPIN,Lupin,EQ,INE326A01037,699.35,710.35,696.0,709.5,707.1,693.75,957872,675887421.65,24917,LEGACY
2023-04-28,NATCOPHARM,Natco Pharma,EQ,INE987B01026,573.0,576.9,568.0,574.95,575.0,570.95,231162,132716379.5,5531,LEGACY
2023-04-28,PEL,Piramal Enterprises,EQ,INE140A01024,718.95,739.15,717.8,736.75,736.4,714.6,1849740,1354455290.5,52838,LEGACY
2023-04-28,PFIZER,Pfizer,EQ,INE182A01018,3750.0,3780.05,3743.5,3751.65,3759.0,3749.25,5771,21673360.85,1226,LEGACY
2023-04-28,PPLPHARMA,Piramal Pharma,EQ,INE0DK501011,70.4,71.6,70.4,70.8,70.8,70.0,3548407,252244540.2,13772,LEGACY
2023-04-28,SANOFI,Sanofi India,EQ,INE058A01010,5585.0,5635.05,5550.0,5570.1,5569.85,5964.95,56017,312816466.0,10565,LEGACY
2023-04-28,STAR,Strides Pharma Science,EQ,INE939A01011,337.0,342.4,336.0,340.5,339.3,337.35,180794,61457083.65,4558,LEGACY
2023-04-28,SUNPHARMA,Sun Pharmaceutical Industries,EQ,INE044A01036,984.95,992.5,979.15,987.65,986.45,978.7,2009995,1986284361.0,52929,LEGACY
2023-04-28,TORNTPHARM,Torrent Pharmaceuticals,EQ,INE685A01028,1635.55,1657.0,1629.3,1652.3,1646.75,1629.25,225522,371874458.3,20308,LEGACY
2023-04-28,WOCKPHARMA,Wockhardt,EQ,INE049B01025,167.5,169.8,167.45,169.05,168.9,167.45,244434,41260011.7,4425,LEGACY
2023-04-28,ZYDUSLIFE,Zydus Lifesciences,EQ,INE010B01027,515.0,520.85,514.95,519.9,520.55,514.65,428231,222038657.0,14192,LEGACY
2023-05-02,ABBOTINDIA,Abbott India,EQ,INE358A01014,22319.95,22588.0,22298.85,22379.85,22399.0,22297.25,7540,169235957.8,2619,LEGACY
2023-05-02,AJANTPHARM,Ajanta Pharma,EQ,INE031B01049,1317.8,1328.45,1287.0,1293.2,1287.0,1312.6,59759,78111500.95,10265,LEGACY
2023-05-02,ALKEM,Alkem Laboratories,EQ,INE540L01014,3525.15,3544.1,3495.6,3518.45,3497.6,3509.9,110550,389300275.65,17248,LEGACY
2023-05-02,APLLTD,Alembic Pharmaceuticals,EQ,INE901L01018,556.45,568.0,556.45,561.5,562.0,556.15,74895,42178897.7,4873,LEGACY
2023-05-02,AUROPHARMA,Aurobindo Pharma,EQ,INE406A01037,617.95,622.3,610.85,617.3,618.1,617.0,1046718,645477296.75,38503,LEGACY
2023-05-02,BIOCON,Biocon,EQ,INE376G01013,233.95,239.9,232.55,238.9,239.0,232.55,5099831,1213865709.95,42417,LEGACY
2023-05-02,CIPLA,Cipla,EQ,INE059A01026,910.4,921.0,906.1,917.7,919.05,908.05,1857324,1694766414.1,58781,LEGACY
2023-05-02,DIVISLAB,Divi's Laboratories,EQ,INE361B01024,3268.05,3284.35,3245.0,3253.7,3251.0,3267.9,320408,1045490832.65,32502,LEGACY
2023-05-02,DRREDDY,Dr. Reddy's Laboratories,EQ,INE089A01023,4903.4,4958.95,4903.4,4950.4,4939.2,4929.85,241978,1194823745.4,33454,LEGACY
2023-05-02,GLAND,Gland Pharma,EQ,INE068V01023,1372.0,1395.0,1368.15,1375.7,1377.0,1358.8,406309,561457747.6,23064,LEGACY
2023-05-02,GLAXO,GlaxoSmithKline Pharmaceuticals,EQ,INE159A01016,1242.95,1248.4,1228.5,1230.6,1230.45,1241.9,333169,411870166.7,13117,LEGACY
2023-05-02,GLENMARK,Glenmark Pharmaceuticals,EQ,INE935A01035,563.0,563.45,542.25,543.9,543.0,563.45,1472378,810430845.9,25885,LEGACY
2023-05-02,GRANULES,Granules India,EQ,INE101D01020,300.7,303.65,298.75,300.85,300.95,300.35,1054387,317543070.1,17185,LEGACY
2023-05-02,IPCALAB,IPCA Laboratories,EQ,INE571A01038,713.95,717.15,707.0,708.35,708.0,710.15,516680,366877551.25,25216,LEGACY
2023-05-02,JBCHEPHARM,JB Chemicals & Pharmaceuticals,EQ,INE572A01028,2139.95,2147.9,2040.0,2080.0,2080.0,2129.85,68239,141836455.3,9322,LEGACY
2023-05-02,LAURUSLABS,Laurus Labs,EQ,INE947Q01028,308.0,317.9,307.4,311.6,312.0,307.6,4552472,1425628093.25,43388,LEGACY
2023-05-02,LUPIN,Lupin,EQ,INE326A01037,708.95,716.4,703.6,708.8,706.15,709.5,645261,458277873.5,19102,LEGACY
2023-05-02,NATCOPHARM,Natco Pharma,EQ,INE987B01026,579.0,587.7,579.0,583.95,584.0,574.95,332146,194019211.5,8376,LEGACY
2023-05-02,PEL,Piramal Enterprises,EQ,INE140A01024,740.95,749.0,735.0,742.5,740.6,736.75,969301,720049839.2,27799,LEGACY
2023-05-02,PFIZER,Pfizer,EQ,INE182A01018,3739.75,3775.55,3732.9,3763.7,3769.95,3751.65,7973,29949137.45,1834,LEGACY
2023-05-02,PPLPHARMA,Piramal Pharma,EQ,INE0DK501011,71.0,72.85,71.0,72.15,72.25,70.8,3196321,230763227.95,14068,LEGACY
2023-05-02,SANOFI,Sanofi India,EQ,INE058A01010,5570.0,5570.0,5400.0,5427.1,5429.0,5570.1,64445,350940823.85,12244,LEGACY
2023-05-02,STAR,Strides Pharma Science,EQ,INE939A01011,340.55,346.3,333.65,335.5,333.85,340.5,240584,82007112.0,5984,LEGACY
2023-05-02,SUNPHARMA,Sun Pharmaceutical Industries,EQ,INE044A01036,987.65,988.9,970.3,973.05,972.4,987.65,3152556,3077529337.95,92725,LEGACY
2023-05-02,TORNTPHARM,Torrent Pharmaceuticals,EQ,INE685A01028,1653.95,1665.0,1650.0,1655.85,1650.0,1652.3,232180,384674145.0,24589,LEGACY
2023-05-02,WOCKPHARMA,Wockhardt,EQ,INE049B01025,171.05,171.9,168.95,169.7,169.5,169.05,316008,53789691.95,5211,LEGACY
2023-05-02,ZYDUSLIFE,Zydus Lifesciences,EQ,INE010B01027,519.9,528.0,501.85,516.95,516.6,519.9,1269429,660672636.9,31854,LEGACY
2023-05-03,ABBOTINDIA,Abbott India,EQ,INE358A01014,22380.0,22649.9,22303.2,22567.25,22492.05,22379.85,10969,246794234.65,3336,LEGACY
2023-05-03,AJANTPHARM,Ajanta Pharma,EQ,INE031B01049,1299.7,1302.55,1273.2,1284.05,1276.0,1293.2,80442,103706527.35,8355,LEGACY
2023-05-03,ALKEM,Alkem Laboratories,EQ,INE540L01014,3500.0,3539.95,3495.2,3517.15,3517.6,3518.45,148903,524224990.8,12248,LEGACY
2023-05-03,APLLTD,Alembic Pharmaceuticals,EQ,INE901L01018,562.0,562.0,545.75,551.85,552.0,561.5,79233,43722542.75,10482,LEGACY
2023-05-03,AUROPHARMA,Aurobindo Pharma,EQ,INE406A01037,616.0,622.0,612.2,616.55,616.0,617.3,722188,446573400.3,22920,LEGACY
2023-05-03,BIOCON,Biocon,EQ,INE376G01013,239.35,240.15,237.25,238.25,238.45,238.9,3025688,722050664.9,23183,LEGACY
2023-05-03,CIPLA,Cipla,EQ,INE059A01026,920.95,924.5,917.0,920.65,920.5,917.7,2566561,2363503209.55,54656,LEGACY
2023-05-03,DIVISLAB,Divi's Laboratories,EQ,INE361B01024,3253.0,3281.95,3236.4,3268.75,3270.0,3253.7,205036,669322010.75,19125,LEGACY
2023-05-03,DRREDDY,Dr. Reddy's Laboratories,EQ,INE089A01023,4949.9,4960.0,4915.0,4952.25,4951.0,4950.4,176775,874200591.85,23066,LEGACY
2023-05-03,GLAND,Gland Pharma,EQ,INE068V01023,1372.7,1383.5,1367.1,1370.7,1372.95,1375.7,128244,176145732.5,8647,LEGACY
2023-05-03,GLAXO,GlaxoSmithKline Pharmaceuticals,EQ,INE159A01016,1230.0,1265.0,1227.0,1248.15,1246.1,1230.6,96451,120460935.8,8911,LEGACY
2023-05-03,GLENMARK,Glenmark Pharmaceuticals,EQ,INE935A01035,540.05,545.05,536.25,541.15,543.0,543.9,1370392,739640059.9,23248,LEGACY
2023-05-03,GRANULES,Granules India,EQ,INE101D01020,298.0,302.0,298.0,299.7,300.25,300.85,494373,148325944.1,9715,LEGACY
2023-05-03,IPCALAB,IPCA Laboratories,EQ,INE571A01038,712.0,712.0,707.05,708.0,709.0,708.35,335910,238317029.8,18407,LEGACY
2023-05-03,JBCHEPHARM,JB Chemicals & Pharmaceuticals,EQ,INE572A01028,2080.0,2109.85,2075.55,2096.25,2090.0,2080.0,43398,90540221.85,5191,LEGACY
2023-05-03,LAURUSLABS,Laurus Labs,EQ,INE947Q01028,312.7,322.95,311.15,321.0,321.95,311.6,3142993,997474443.85,34198,LEGACY
2023-05-03,LUPIN,Lupin,EQ,INE326A01037,708.8,714.0,705.0,709.65,708.0,708.8,311850,221162429.9,11081,LEGACY
2023-05-03,NATCOPHARM,Natco Pharma,EQ,INE987B01026,583.95,585.0,580.2,584.65,584.0,583.95,442246,257817333.75,6934,LEGACY
2023-05-03,PEL,Piramal Enterprises,EQ,INE140A01024,738.0,749.55,736.2,744.0,743.5,742.5,630631,468702464.3,18722,LEGACY
2023-05-03,PFIZER,Pfizer,EQ,INE182A01018,3764.0,3800.0,3761.0,3788.65,3789.0,3763.7,8733,33103215.7,3190,LEGACY
2023-05-03,PPLPHARMA,Piramal Pharma,EQ,INE0DK501011,72.15,72.65,70.75,71.15,71.35,72.15,2120854,152091543.85,9372,LEGACY
2023-05-03,SANOFI,Sanofi India,EQ,INE058A01010,5429.95,5449.95,5402.0,5418.15,5418.0,5427.1,30102,163233557.8,6751,LEGACY
2023-05-03,STAR,Strides Pharma Science,EQ,INE939A01011,337.15,341.0,330.0,338.8,337.0,335.5,314990,106265903.95,9018,LEGACY
2023-05-03,SUNPHARMA,Sun Pharmaceutical Industries,EQ,INE044A01036,970.5,972.4,959.5,963.6,962.6,973.05,3087472,2979469945.2,112036,LEGACY
2023-05-03,TORNTPHARM,Torrent Pharmaceuticals,EQ,INE685A01028,1654.1,1682.0,1646.0,1655.15,1657.35,1655.85,418996,699097823.55,18502,LEGACY
2023-05-03,WOCKPHARMA,Wockhardt,EQ,INE049B01025,168.0,170.75,167.0,167.9,167.5,169.7,290230,48877988.05,3967,LEGACY
2023-05-03,ZYDUSLIFE,Zydus Lifesciences,EQ,INE010B01027,516.0,523.25,513.95,520.75,521.0,516.95,506509,263676345.55,14377,LEGACY
2023-05-04,ABBOTINDIA,Abbott India,EQ,INE358A01014,22600.0,22790.0,22479.05,22585.45,22550.25,22567.25,8892,201341777.8,3770,LEGACY
2023-05-04,AJANTPHARM,Ajanta Pharma,EQ,INE031B01049,1284.05,1298.95,1276.6,1283.1,1285.0,1284.05,28532,36728537.3,5955,LEGACY
2023-05-04,ALKEM,Alkem Laboratories,EQ,INE540L01014,3517.15,3540.0,3467.9,3480.25,3475.5,3517.15,82813,290463751.5,9410,LEGACY
2023-05-04,APLLTD,Alembic Pharmaceuticals,EQ,INE901L01018,554.8,565.0,550.45,560.55,560.9,551.85,372904,208698780.65,6155,LEGACY
2023-05-04,AUROPHARMA,Aurobindo Pharma,EQ,INE406A01037,616.6,618.5,609.65,612.5,612.5,616.55,1025268,627915937.8,27060,LEGACY
2023-05-04,BIOCON,Biocon,EQ,INE376G01013,239.2,242.25,238.1,241.5,241.15,238.25,3603842,866727500.65,22335,LEGACY
2023-05-04,CIPLA,Cipla,EQ,INE059A01026,920.65,935.4,920.65,933.5,932.5,920.65,3393228,3155948163.4,76522,LEGACY
2023-05-04,DIVISLAB,Divi's Laboratories,EQ,INE361B01024,3268.75,3297.45,3254.75,3282.55,3277.0,3268.75,180313,592051165.6,15812,LEGACY
2023-05-04,DRREDDY,Dr. Reddy's Laboratories,EQ,INE089A01023,4952.25,4975.0,4920.35,4968.0,4958.0,4952.25,201327,999147347.15,34751,LEGACY
2023-05-04,GLAND,Gland Pharma,EQ,INE068V01023,1373.0,1382.0,1362.05,1371.7,1370.05,1370.7,141553,194405060.8,9299,LEGACY
2023-05-04,GLAXO,GlaxoSmithKline Pharmaceuticals,EQ,INE159A01016,1252.65,1261.15,1241.5,1243.95,1243.45,1248.15,48468,60605317.05,4580,LEGACY
2023-05-04,GLENMARK,Glenmark Pharmaceuticals,EQ,INE935A01035,543.95,547.8,539.6,546.95,545.0,541.15,901250,489902636.6,10141,LEGACY
2023-05-04,GRANULES,Granules India,EQ,INE101D01020,299.75,309.8,299.75,303.6,303.85,299.7,2936363,896300420.15,27752,LEGACY
2023-05-04,IPCALAB,IPCA Laboratories,EQ,INE571A01038,711.45,715.95,706.3,712.35,711.6,708.0,313325,223203470.3,10754,LEGACY
2023-05-04,JBCHEPHARM,JB Chemicals & Pharmaceuticals,EQ,INE572A01028,2106.75,2120.0,2065.0,2074.45,2073.0,2096.25,12307,25693991.45,2564,LEGACY
2023-05-04,LAURUSLABS,Laurus Labs,EQ,INE947Q01028,322.95,325.0,317.0,318.95,319.0,321.0,1972368,630263136.15,25228,LEGACY
2023-05-04,LUPIN,Lupin,EQ,INE326A01037,709.65,712.2,705.0,709.9,710.0,709.65,223675,158675700.05,10411,LEGACY
2023-05-04,NATCOPHARM,Natco Pharma,EQ,INE987B01026,585.4,599.5,584.65,593.25,592.5,584.65,516847,306561355.95,13322,LEGACY
2023-05-04,PEL,Piramal Enterprises,EQ,INE140A01024,747.7,759.0,742.25,757.6,757.3,744.0,1009290,760772815.25,26971,LEGACY
2023-05-04,PFIZER,Pfizer,EQ,INE182A01018,3799.0,3809.0,3781.0,3794.3,3795.0,3788.65,5177,19665119.9,1265,LEGACY
2023-05-04,PPLPHARMA,Piramal Pharma,EQ,INE0DK501011,71.45,73.7,71.15,73.2,73.15,71.15,3913620,284057899.1,21644,LEGACY
2023-05-04,SANOFI,Sanofi India,EQ,INE058A01010,5439.95,5455.0,5415.0,5445.6,5452.0,5418.15,20487,111269368.1,4267,LEGACY
2023-05-04,STAR,Strides Pharma Science,EQ,INE939A01011,340.0,359.0,338.9,356.65,356.3,338.8,1024555,361443083.85,20643,LEGACY
2023-05-04,SUNPHARMA,Sun Pharmaceutical Industries,EQ,INE044A01036,967.65,975.9,965.15,974.0,974.0,963.6,1197830,1163338179.1,42591,LEGACY
2023-05-04,TORNTPHARM,Torrent Pharmaceuticals,EQ,INE685A01028,1659.25,1668.85,1649.05,1659.55,1657.6,1655.15,103050,170907112.25,10372,LEGACY
2023-05-04,WOCKPHARMA,Wockhardt,EQ,INE049B01025,168.05,169.5,167.35,168.55,168.4,167.9,269944,45399915.75,3498,LEGACY
2023-05-04,ZYDUSLIFE,Zydus Lifesciences,EQ,INE010B01027,521.0,523.2,516.05,520.05,519.0,520.75,530332,275559306.75,14227,LEGACY
2023-05-05,ABBOTINDIA,Abbott India,EQ,INE358A01014,22624.95,22700.0,22422.05,22650.8,22564.0,22585.45,3879,87603204.6,1619,LEGACY
2023-05-05,AJANTPHARM,Ajanta Pharma,EQ,INE031B01049,1286.05,1308.9,1279.6,1298.45,1290.0,1283.1,156136,202196269.45,32793,LEGACY
2023-05-05,ALKEM,Alkem Laboratories,EQ,INE540L01014,3484.1,3499.95,3452.6,3465.8,3473.95,3480.25,46430,161246353.15,9017,LEGACY
2023-05-05,APLLTD,Alembic Pharmaceuticals,EQ,INE901L01018,563.5,563.5,553.0,554.7,554.0,560.55,26946,15017102.7,2128,LEGACY
2023-05-05,AUROPHARMA,Aurobindo Pharma,EQ,INE406A01037,613.0,614.65,598.1,599.05,598.6,612.5,1157895,698206517.1,22602,LEGACY
2023-05-05,BIOCON,Biocon,EQ,INE376G01013,241.95,245.5,239.75,242.85,242.35,241.5,5343250,1297079044.7,45071,LEGACY
2023-05-05,CIPLA,Cipla,EQ,INE059A01026,935.0,935.2,920.85,924.8,922.0,933.5,2262141,2093050381.4,50346,LEGACY
2023-05-05,DIVISLAB,Divi's Laboratories,EQ,INE361B01024,3292.0,3317.8,3264.15,3290.8,3282.0,3282.55,222487,733896006.35,22106,LEGACY
2023-05-05,DRREDDY,Dr. Reddy's Laboratories,EQ,INE089A01023,4974.95,4989.0,4925.55,4942.5,4927.05,4968.0,92309,457389917.45,14565,LEGACY
2023-05-05,GLAND,Gland Pharma,EQ,INE068V01023,1370.0,1429.1,1364.05,1397.55,1395.0,1371.7,659354,922083478.0,37307,LEGACY
2023-05-05,GLAXO,GlaxoSmithKline Pharmaceuticals,EQ,INE159A01016,1243.95,1252.0,1241.15,1249.15,1250.0,1243.95,18033,22499192.75,2149,LEGACY
2023-05-05,GLENMARK,Glenmark Pharmaceuticals,EQ,INE935A01035,545.15,551.75,542.95,551.0,551.25,546.95,506222,278329771.1,12419,LEGACY
2023-05-05,GRANULES,Granules India,EQ,INE101D01020,305.0,306.0,296.15,296.65,296.9,303.6,1152479,346672364.35,13576,LEGACY
2023-05-05,IPCALAB,IPCA Laboratories,EQ,INE571A01038,715.0,715.0,701.35,704.7,704.3,712.35,368131,259817532.35,17009,LEGACY
2023-05-05,JBCHEPHARM,JB Chemicals & Pharmaceuticals,EQ,INE572A01028,2077.05,2096.0,2021.0,2030.15,2031.05,2074.45,26435,54288475.55,3835,LEGACY
2023-05-05,LAURUSLABS,Laurus Labs,EQ,INE947Q01028,318.95,319.6,314.3,315.55,316.3,318.95,1186954,376097685.35,20113,LEGACY
2023-05-05,LUPIN,Lupin,EQ,INE326A01037,707.0,713.25,702.4,704.35,703.0,709.9,267403,189400600.45,9240,LEGACY
2023-05-05,NATCOPHARM,Natco Pharma,EQ,INE987B01026,588.7,619.4,588.7,608.0,606.55,593.25,1195611,728164973.65,27968,LEGACY
2023-05-05,PEL,Piramal Enterprises,EQ,INE140A01024,759.0,761.0,728.1,734.85,736.8,757.6,1554936,1155850657.4,57218,LEGACY
2023-05-05,PFIZER,Pfizer,EQ,INE182A01018,3800.0,3823.95,3775.0,3785.7,3785.0,3794.3,6355,24143161.3,1152,LEGACY
2023-05-05,PPLPHARMA,Piramal Pharma,EQ,INE0DK501011,72.9,73.8,71.0,71.3,71.3,73.2,3446966,249505219.95,15235,LEGACY
2023-05-05,SANOFI,Sanofi India,EQ,INE058A01010,5450.0,5599.0,5430.0,5551.05,5543.0,5445.6,54317,300538963.25,8810,LEGACY
2023-05-05,STAR,Strides Pharma Science,EQ,INE939A01011,360.0,373.6,356.55,360.9,359.6,356.65,995842,363820923.65,20978,LEGACY
2023-05-05,SUNPHARMA,Sun Pharmaceutical Industries,EQ,INE044A01036,974.0,977.25,967.85,970.45,970.8,974.0,1062645,1033104234.7,43693,LEGACY
2023-05-05,TORNTPHARM,Torrent Pharmaceuticals,EQ,INE685A01028,1663.4,1666.45,1645.9,1649.75,1655.15,1659.55,70049,115913451.65,7399,LEGACY
2023-05-05,WOCKPHARMA,Wockhardt,EQ,INE049B01025,168.9,174.3,168.2,170.35,170.0,168.55,1190600,204924707.25,15642,LEGACY
2023-05-05,ZYDUSLIFE,Zydus Lifesciences,EQ,INE010B01027,522.6,524.6,514.8,517.0,517.1,520.05,451811,234368582.95,23577,LEGACY
2023-05-08,ABBOTINDIA,Abbott India,EQ,INE358A01014,22650.8,22750.0,22386.25,22471.2,22422.1,22650.8,10519,237033207.55,3625,LEGACY
2023-05-08,AJANTPHARM,Ajanta Pharma,EQ,INE031B01049,1288.0,1288.0,1251.0,1278.7,1280.0,1298.45,265126,339002392.85,8948,LEGACY
2023-05-08,ALKEM,Alkem Laboratories,EQ,INE540L01014,3475.8,3531.3,3464.05,3513.3,3518.0,3465.8,118023,413632558.65,17445,LEGACY
2023-05-08,APLLTD,Alembic Pharmaceuticals,EQ,INE901L01018,564.0,599.0,557.45,593.0,593.05,554.7,1295203,759968871.95,38003,LEGACY
2023-05-08,AUROPHARMA,Aurobindo Pharma,EQ,INE406A01037,599.15,620.0,596.2,618.95,617.9,599.05,1063230,650446319.45,20618,LEGACY
2023-05-08,BIOCON,Biocon,EQ,INE376G01013,243.0,245.0,241.8,244.3,243.95,242.85,1822973,444297301.85,15369,LEGACY
2023-05-08,CIPLA,Cipla,EQ,INE059A01026,927.2,934.9,919.65,933.3,933.95,924.8,3877794,3583838199.1,51913,LEGACY
2023-05-08,DIVISLAB,Divi's Laboratories,EQ,INE361B01024,3299.0,3311.0,3275.0,3286.3,3290.0,3290.8,239343,786795653.0,21893,LEGACY
2023-05-08,DRREDDY,Dr. Reddy's Laboratories,EQ,INE089A01023,4945.0,4966.7,4846.65,4907.1,4906.0,4942.5,238183,1166462113.95,26638,LEGACY
2023-05-08,GLAND,Gland Pharma,EQ,INE068V01023,1407.95,1421.1,1375.0,1388.25,1395.0,1397.55,447864,626735781.5,19200,LEGACY
2023-05-08,GLAXO,GlaxoSmithKline Pharmaceuticals,EQ,INE159A01016,1249.0,1262.0,1243.15,1260.25,1261.6,1249.15,44365,55772022.15,5299,LEGACY
2023-05-08,GLENMARK,Glenmark Pharmaceuticals,EQ,INE935A01035,551.05,570.0,551.0,568.95,569.0,551.0,1200065,673616004.95,23448,LEGACY
2023-05-08,GRANULES,Granules India,EQ,INE101D01020,297.05,308.5,295.1,306.45,307.0,296.65,1635272,492149142.2,22642,LEGACY
2023-05-08,IPCALAB,IPCA Laboratories,EQ,INE571A01038,711.15,711.15,701.8,703.35,703.75,704.7,739530,520502435.45,22867,LEGACY
2023-05-08,JBCHEPHARM,JB Chemicals & Pharmaceuticals,EQ,INE572A01028,2040.3,2091.95,2021.7,2085.1,2086.1,2030.15,32598,66999706.15,5031,LEGACY
2023-05-08,LAURUSLABS,Laurus Labs,EQ,INE947Q01028,316.0,332.45,314.9,330.1,329.55,315.55,3735876,1212803181.4,44697,LEGACY
2023-05-08,LUPIN,Lupin,EQ,INE326A01037,706.95,736.85,704.1,732.55,732.95,704.35,1480353,1069070761.8,31390,LEGACY
2023-05-08,NATCOPHARM,Natco Pharma,EQ,INE987B01026,610.0,618.0,606.15,614.95,615.0,608.0,1660683,1015855904.25,24855,LEGACY
2023-05-08,PEL,Piramal Enterprises,EQ,INE140A01024,735.0,755.45,716.0,747.85,746.5,734.85,2306419,1713863939.05,52247,LEGACY
2023-05-08,PFIZER,Pfizer,EQ,INE182A01018,3774.95,3800.0,3752.0,3766.65,3760.0,3785.7,5591,21095287.65,1503,LEGACY
2023-05-08,PPLPHARMA,Piramal Pharma,EQ,INE0DK501011,71.6,74.8,70.8,73.95,73.75,71.3,5338696,392254899.6,17901,LEGACY
2023-05-08,SANOFI,Sanofi India,EQ,INE058A01010,5564.95,5610.0,5564.5,5569.15,5570.0,5551.05,16733,93492685.0,4590,LEGACY
2023-05-08,STAR,Strides Pharma Science,EQ,INE939A01011,355.35,368.0,355.35,365.6,365.5,360.9,438233,159436310.0,10913,LEGACY
2023-05-08,SUNPHARMA,Sun Pharmaceutical Industries,EQ,INE044A01036,962.0,969.0,961.0,961.85,961.9,970.45,2676958,2581882515.2,76995,LEGACY
2023-05-08,TORNTPHARM,Torrent Pharmaceuticals,EQ,INE685A01028,1649.0,1673.2,1645.8,1667.45,1664.8,1649.75,100618,167231110.7,9285,LEGACY
2023-05-08,WOCKPHARMA,Wockhardt,EQ,INE049B01025,170.45,173.3,169.25,172.35,172.1,170.35,389017,66639129.55,8111,LEGACY
2023-05-08,ZYDUSLIFE,Zydus Lifesciences,EQ,INE010B01027,517.2,526.25,516.0,525.4,525.3,517.0,661439,344703818.95,15992,LEGACY
2023-05-09,ABBOTINDIA,Abbott India,EQ,INE358A01014,22630.0,22700.0,21636.0,21929.3,21871.4,22471.2,26497,585874491.95,11134,LEGACY
2023-05-09,AJANTPHARM,Ajanta Pharma,EQ,INE031B01049,1285.0,1294.0,1269.75,1279.65,1276.65,1278.7,53337,68329785.4,7945,LEGACY
2023-05-09,ALKEM,Alkem Laboratories,EQ,INE540L01014,3531.8,3625.0,3515.5,3618.05,3613.55,3513.3,590802,2119247534.8,47325,LEGACY
2023-05-09,APLLTD,Alembic Pharmaceuticals,EQ,INE901L01018,594.0,598.0,569.05,572.05,572.2,593.0,180912,105584548.35,9221,LEGACY
2023-05-09,AUROPHARMA,Aurobindo Pharma,EQ,INE406A01037,617.5,621.9,612.0,614.15,614.4,618.95,814965,501673305.8,19305,LEGACY
2023-05-09,BIOCON,Biocon,EQ,INE376G01013,244.9,247.45,244.35,246.25,247.1,244.3,3022793,743307835.75,19747,LEGACY
2023-05-09,CIPLA,Cipla,EQ,INE059A01026,935.0,943.0,929.1,939.2,940.0,933.3,2657968,2491678044.5,73908,LEGACY
2023-05-09,DIVISLAB,Divi's Laboratories,EQ,INE361B01024,3303.9,3394.65,3273.05,3383.2,3387.95,3286.3,566809,1896229614.6,42138,LEGACY
2023-05-09,DRREDDY,Dr. Reddy's Laboratories,EQ,INE089A01023,4918.05,4939.9,4890.05,4933.25,4924.1,4907.1,309059,1520981061.9,47493,LEGACY
2023-05-09,GLAND,Gland Pharma,EQ,INE068V01023,1395.0,1419.3,1385.55,1395.9,1391.7,1388.25,240997,337139242.15,13528,LEGACY
2023-05-09,GLAXO,GlaxoSmithKline Pharmaceuticals,EQ,INE159A01016,1264.8,1279.9,1260.0,1277.95,1279.2,1260.25,64774,82478872.45,5001,LEGACY
2023-05-09,GLENMARK,Glenmark Pharmaceuticals,EQ,INE935A01035,571.95,571.95,557.4,559.2,560.0,568.95,719209,405714063.25,17019,LEGACY
2023-05-09,GRANULES,Granules India,EQ,INE101D01020,307.45,308.85,298.75,299.6,301.0,306.45,1051952,318468961.6,15055,LEGACY
2023-05-09,IPCALAB,IPCA Laboratories,EQ,INE571A01038,707.0,711.65,697.0,699.6,698.7,703.35,780807,549575424.15,19019,LEGACY
2023-05-09,JBCHEPHARM,JB Chemicals & Pharmaceuticals,EQ,INE572A01028,2109.0,2149.0,2048.0,2070.95,2076.0,2085.1,67493,141464277.8,9878,LEGACY
2023-05-09,LAURUSLABS,Laurus Labs,EQ,INE947Q01028,330.1,335.9,326.4,334.15,335.25,330.1,3152122,1045416469.05,40189,LEGACY
2023-05-09,LUPIN,Lupin,EQ,INE326A01037,733.0,752.0,726.0,745.55,744.0,732.55,1897240,1407422622.4,43961,LEGACY
2023-05-09,MANKIND,Mankind Pharma,EQ,INE634S01028,1300.0,1430.0,1300.0,1422.3,1430.0,1080.0,33193796,44815145255.85,930441,LEGACY
2023-05-09,NATCOPHARM,Natco Pharma,EQ,INE987B01026,615.0,624.0,610.0,621.05,621.0,614.95,1209267,743225886.65,22761,LEGACY
2023-05-09,PEL,Piramal Enterprises,EQ,INE140A01024,748.0,768.65,740.95,743.35,742.85,747.85,1496560,1128140779.55,41956,LEGACY
2023-05-09,PFIZER,Pfizer,EQ,INE182A01018,3760.1,3800.9,3760.1,3784.45,3775.0,3766.65,4331,16396494.75,1278,LEGACY
2023-05-09,PPLPHARMA,Piramal Pharma,EQ,INE0DK501011,74.55,76.35,73.15,74.75,74.4,73.95,5815292,434867729.5,26503,LEGACY
2023-05-09,SANOFI,Sanofi India,EQ,INE058A01010,5570.0,5610.55,5555.0,5572.95,5569.95,5569.15,22300,124779238.9,3864,LEGACY
2023-05-09,STAR,Strides Pharma Science,EQ,INE939A01011,363.0,374.9,359.05,364.85,360.0,365.6,545807,200923171.45,13100,LEGACY
2023-05-09,SUNPHARMA,Sun Pharmaceutical Industries,EQ,INE044A01036,961.9,966.85,949.5,957.45,956.8,961.85,6902170,6582958419.35,135878,LEGACY
2023-05-09,TORNTPHARM,Torrent Pharmaceuticals,EQ,INE685A01028,1667.45,1677.4,1645.6,1650.75,1659.4,1667.45,333606,552848815.05,23221,LEGACY
2023-05-09,WOCKPHARMA,Wockhardt,EQ,INE049B01025,172.35,176.0,169.2,171.15,171.0,172.35,1128344,195990832.35,16777,LEGACY
2023-05-09,ZYDUSLIFE,Zydus Lifesciences,EQ,INE010B01027,525.3,530.85,521.5,524.95,525.4,525.4,1042675,549419545.35,24289,LEGACY
2023-05-10,ABBOTINDIA,Abbott India,EQ,INE358A01014,22034.0,22034.0,21280.0,21391.0,21425.05,21929.3,27318,587763470.65,7724,LEGACY
2023-05-10,AJANTPHARM,Ajanta Pharma,EQ,INE031B01049,1284.9,1284.9,1248.0,1268.5,1269.9,1279.65,74108,94633980.6,5472,LEGACY
2023-05-10,ALKEM,Alkem Laboratories,EQ,INE540L01014,3622.55,3622.95,3567.9,3585.85,3577.15,3618.05,189248,678949939.35,10353,LEGACY
2023-05-10,APLLTD,Alembic Pharmaceuticals,EQ,INE901L01018,572.4,584.0,563.8,576.35,578.3,572.05,143823,82754870.0,9130,LEGACY
2023-05-10,AUROPHARMA,Aurobindo Pharma,EQ,INE406A01037,615.0,623.55,611.15,618.8,617.95,614.15,743829,459193113.2,29670,LEGACY
2023-05-10,BIOCON,Biocon,EQ,INE376G01013,247.7,249.2,243.85,246.55,246.35,246.25,2318845,571328503.75,21697,LEGACY
2023-05-10,CIPLA,Cipla,EQ,INE059A01026,943.5,946.7,933.2,944.4,946.15,939.2,1618668,1521300967.25,47645,LEGACY
2023-05-10,DIVISLAB,Divi's Laboratories,EQ,INE361B01024,3400.0,3436.0,3349.0,3425.25,3418.7,3383.2,494159,1679883500.3,36101,LEGACY
2023-05-10,DRREDDY,Dr. Reddy's Laboratories,EQ,INE089A01023,4964.85,4964.85,4839.9,4867.3,4869.0,4933.25,454301,2217273403.35,43021,LEGACY
2023-05-10,GLAND,Gland Pharma,EQ,INE068V01023,1395.95,1418.6,1373.35,1403.15,1405.0,1395.9,368180,513794352.45,20246,LEGACY
2023-05-10,GLAXO,GlaxoSmithKline Pharmaceuticals,EQ,INE159A01016,1280.0,1283.95,1275.0,1281.9,1282.95,1277.95,145686,186494671.55,3840,LEGACY
2023-05-10,GLENMARK,Glenmark Pharmaceuticals,EQ,INE935A01035,561.1,574.95,561.1,569.95,570.0,559.2,2205960,1254033149.65,33480,LEGACY
2023-05-10,GRANULES,Granules India,EQ,INE101D01020,299.65,301.85,296.0,300.75,299.0,299.6,635528,190254429.05,11125,LEGACY
2023-05-10,IPCALAB,IPCA Laboratories,EQ,INE571A01038,704.35,704.35,692.5,694.15,695.9,699.6,550035,382430459.85,22215,LEGACY
2023-05-10,JBCHEPHARM,JB Chemicals & Pharmaceuticals,EQ,INE572A01028,2085.0,2100.65,2076.25,2095.2,2093.0,2070.95,16523,34528069.8,4043,LEGACY
2023-05-10,LAURUSLABS,Laurus Labs,EQ,INE947Q01028,335.9,336.05,326.0,332.55,332.95,334.15,2020975,669844324.55,26549,LEGACY
2023-05-10,LUPIN,Lupin,EQ,INE326A01037,750.0,770.8,734.3,750.2,749.15,745.55,4835108,3639551811.15,88239,LEGACY
2023-05-10,MANKIND,Mankind Pharma,EQ,INE634S01028,1417.0,1424.35,1340.0,1382.85,1375.0,1422.3,5651542,7830254333.8,152836,LEGACY
2023-05-10,NATCOPHARM,Natco Pharma,EQ,INE987B01026,620.0,654.0,614.25,648.75,648.0,621.05,1400976,891013920.2,25788,LEGACY
2023-05-10,PEL,Piramal Enterprises,EQ,INE140A01024,743.5,749.7,735.1,738.95,740.0,743.35,860835,638216519.55,22847,LEGACY
2023-05-10,PFIZER,Pfizer,EQ,INE182A01018,3790.0,3790.0,3748.0,3761.6,3768.0,3784.45,4016,15121160.75,1184,LEGACY
2023-05-10,PPLPHARMA,Piramal Pharma,EQ,INE0DK501011,75.0,76.65,73.6,75.85,75.7,74.75,6618996,499979235.2,26716,LEGACY
2023-05-10,SANOFI,Sanofi India,EQ,INE058A01010,5640.0,5791.55,5425.0,5700.45,5700.0,5572.95,392428,2223298027.6,40155,LEGACY
2023-05-10,STAR,Strides Pharma Science,EQ,INE939A01011,361.8,363.85,353.05,356.8,356.8,364.85,342242,122264987.85,9022,LEGACY
2023-05-10,SUNPHARMA,Sun Pharmaceutical Industries,EQ,INE044A01036,957.0,959.95,951.6,953.8,954.0,957.45,2180917,2080841547.95,58497,LEGACY
2023-05-10,TORNTPHARM,Torrent Pharmaceuticals,EQ,INE685A01028,1651.7,1676.2,1651.7,1663.85,1658.5,1650.75,199186,331619103.35,24503,LEGACY
2023-05-10,WOCKPHARMA,Wockhardt,EQ,INE049B01025,172.3,174.0,170.0,171.3,171.0,171.15,574488,98942821.15,9676,LEGACY
2023-05-10,ZYDUSLIFE,Zydus Lifesciences,EQ,INE010B01027,524.95,528.7,521.6,525.6,525.25,524.95,904802,476319910.2,23874,LEGACY
2023-05-11,ABBOTINDIA,Abbott India,EQ,INE358A01014,21400.0,21593.95,21156.1,21236.4,21280.0,21391.0,18688,399274154.7,6110,LEGACY
2023-05-11,AJANTPHARM,Ajanta Pharma,EQ,INE031B01049,1275.0,1280.25,1258.0,1268.25,1268.0,1268.5,135028,171730771.15,6498,LEGACY
2023-05-11,ALKEM,Alkem Laboratories,EQ,INE540L01014,3604.7,3604.7,3485.0,3497.65,3499.95,3585.85,99457,351103813.55,11103,LEGACY
2023-05-11,APLLTD,Alembic Pharmaceuticals,EQ,INE901L01018,578.8,588.0,566.25,569.4,567.0,576.35,82568,47290838.0,7952,LEGACY
2023-05-11,AUROPHARMA,Aurobindo Pharma,EQ,INE406A01037,618.8,621.65,599.25,606.4,607.45,618.8,1099255,667156084.05,27815,LEGACY
2023-05-11,BIOCON,Biocon,EQ,INE376G01013,247.45,247.9,240.55,246.1,246.3,246.55,2268718,557015130.95,19589,LEGACY
2023-05-11,CIPLA,Cipla,EQ,INE059A01026,946.45,947.0,935.0,943.6,943.0,944.4,1537103,1448373644.0,48086,LEGACY
2023-05-11,DIVISLAB,Divi's Laboratories,EQ,INE361B01024,3410.0,3432.0,3222.05,3329.2,3316.0,3425.25,818423,2734340001.15,62475,LEGACY
2023-05-11,DRREDDY,Dr. Reddy's Laboratories,EQ,INE089A01023,4675.0,4700.0,4524.05,4532.0,4530.0,4867.3,2783359,12737481004.8,291030,LEGACY
2023-05-11,GLAND,Gland Pharma,EQ,INE068V01023,1410.0,1415.4,1380.0,1384.35,1384.0,1403.15,175558,244904828.85,10897,LEGACY
2023-05-11,GLAXO,GlaxoSmithKline Pharmaceuticals,EQ,INE159A01016,1285.95,1298.0,1280.5,1284.75,1284.8,1281.9,26392,34033688.5,3853,LEGACY
2023-05-11,GLENMARK,Glenmark Pharmaceuticals,EQ,INE935A01035,573.95,583.15,564.25,580.15,580.0,569.95,1730567,997274164.75,31482,LEGACY
2023-05-11,GRANULES,Granules India,EQ,INE101D01020,300.75,302.45,297.0,298.85,299.35,300.75,559968,167850768.15,9927,LEGACY
2023-05-11,IPCALAB,IPCA Laboratories,EQ,INE571A01038,698.0,706.45,693.25,703.55,703.7,694.15,673887,471679232.85,16141,LEGACY
2023-05-11,JBCHEPHARM,JB Chemicals & Pharmaceuticals,EQ,INE572A01028,2100.25,2100.25,2050.0,2074.65,2069.45,2095.2,20975,43538915.7,5235,LEGACY
2023-05-11,LAURUSLABS,Laurus Labs,EQ,INE947Q01028,333.0,334.65,299.3,321.45,320.7,332.55,8695614,2755020289.8,95673,LEGACY
2023-05-11,LUPIN,Lupin,EQ,INE326A01037,750.5,767.8,742.45,765.45,764.65,750.2,1235913,934672945.9,35097,LEGACY
2023-05-11,MANKIND,Mankind Pharma,EQ,INE634S01028,1370.0,1386.0,1306.65,1380.4,1374.0,1382.85,5111576,6884108458.3,157588,LEGACY
2023-05-11,NATCOPHARM,Natco Pharma,EQ,INE987B01026,649.0,649.95,633.0,637.9,636.5,648.75,1093213,701462347.2,28637,LEGACY
2023-05-11,PEL,Piramal Enterprises,EQ,INE140A01024,744.0,749.9,735.0,740.05,741.0,738.95,761567,562598648.95,21570,LEGACY
2023-05-11,PFIZER,Pfizer,EQ,INE182A01018,3770.0,3819.0,3765.05,3792.2,3796.2,3761.6,5114,19378092.15,1184,LEGACY
2023-05-11,PPLPHARMA,Piramal Pharma,EQ,INE0DK501011,76.2,77.6,74.6,77.0,76.9,75.85,4063049,309628348.35,15485,LEGACY
2023-05-11,SANOFI,Sanofi India,EQ,INE058A01010,5755.0,6240.0,5748.85,6205.5,6203.0,5700.45,686266,4159031289.3,62426,LEGACY
2023-05-11,STAR,Strides Pharma Science,EQ,INE939A01011,359.0,367.6,356.35,363.65,364.5,356.8,279122,101230873.9,9717,LEGACY
2023-05-11,SUNPHARMA,Sun Pharmaceutical Industries,EQ,INE044A01036,953.8,963.9,952.0,961.05,961.5,953.8,1296607,1242851614.1,50366,LEGACY
2023-05-11,TORNTPHARM,Torrent Pharmaceuticals,EQ,INE685A01028,1664.45,1675.75,1647.55,1655.5,1661.15,1663.85,188028,311992126.2,15270,LEGACY
2023-05-11,WOCKPHARMA,Wockhardt,EQ,INE049B01025,173.9,178.9,171.3,175.9,176.15,171.3,1519339,267402746.0,17928,LEGACY
2023-05-11,ZYDUSLIFE,Zydus Lifesciences,EQ,INE010B01027,529.0,529.0,511.6,513.75,513.45,525.6,1233986,639063706.5,43456,LEGACY
2023-05-12,ABBOTINDIA,Abbott India,EQ,INE358A01014,21266.0,21532.0,21135.0,21229.4,21202.0,21236.4,15506,330841563.8,6499,LEGACY
2023-05-12,AJANTPHARM,Ajanta Pharma,EQ,INE031B01049,1268.1,1272.5,1250.9,1262.95,1261.3,1268.25,47846,60355327.0,10944,LEGACY
2023-05-12,ALKEM,Alkem Laboratories,EQ,INE540L01014,3507.8,3507.8,3405.0,3408.8,3409.35,3497.65,105538,364682301.75,15244,LEGACY
2023-05-12,APLLTD,Alembic Pharmaceuticals,EQ,INE901L01018,570.0,571.95,558.35,562.4,560.0,569.4,47939,27163765.1,5292,LEGACY
2023-05-12,AUROPHARMA,Aurobindo Pharma,EQ,INE406A01037,608.7,614.35,599.05,609.2,608.2,606.4,905934,551436951.55,34713,LEGACY
2023-05-12,BIOCON,Biocon,EQ,INE376G01013,246.8,247.25,243.85,245.1,245.35,246.1,1502958,369062621.05,29012,LEGACY
2023-05-12,CIPLA,Cipla,EQ,INE059A01026,948.85,953.0,913.0,937.45,931.5,943.6,3850078,3628444421.25,88942,LEGACY
2023-05-12,DIVISLAB,Divi's Laboratories,EQ,INE361B01024,3311.0,3354.0,3190.0,3315.05,3306.35,3329.2,957967,3134843354.4,73997,LEGACY
2023-05-12,DRREDDY,Dr. Reddy's Laboratories,EQ,INE089A01023,4544.95,4544.95,4445.0,4466.1,4467.0,4532.0,1048404,4695722222.55,136723,LEGACY
2023-05-12,GLAND,Gland Pharma,EQ,INE068V01023,1386.7,1394.95,1352.0,1358.45,1362.0,1384.35,224994,309945666.45,16335,LEGACY
2023-05-12,GLAXO,GlaxoSmithKline Pharmaceuticals,EQ,INE159A01016,1282.0,1289.95,1275.0,1276.0,1276.0,1284.75,22013,28181601.2,2631,LEGACY
2023-05-12,GLENMARK,Glenmark Pharmaceuticals,EQ,INE935A01035,581.05,615.35,581.05,612.95,615.0,580.15,6123142,3719250263.55,85378,LEGACY
2023-05-12,GRANULES,Granules India,EQ,INE101D01020,298.5,300.4,295.6,296.1,296.0,298.85,418971,124827932.55,6494,LEGACY
2023-05-12,IPCALAB,IPCA Laboratories,EQ,INE571A01038,704.0,707.3,693.25,695.4,697.3,703.55,301101,210567729.45,13764,LEGACY
2023-05-12,JBCHEPHARM,JB Chemicals & Pharmaceuticals,EQ,INE572A01028,2064.0,2073.9,2012.0,2040.4,2030.1,2074.65,44836,91535737.6,6869,LEGACY
2023-05-12,LAURUSLABS,Laurus Labs,EQ,INE947Q01028,322.0,322.2,308.15,310.65,309.65,321.45,4334715,1367221440.15,45021,LEGACY
2023-05-12,LUPIN,Lupin,EQ,INE326A01037,760.0,776.05,757.05,773.6,774.15,765.45,1453617,1121754205.0,39538,LEGACY
2023-05-12,MANKIND,Mankind Pharma,EQ,INE634S01028,1364.0,1438.8,1357.05,1394.45,1397.15,1380.4,1946969,2732401137.6,76488,LEGACY
2023-05-12,NATCOPHARM,Natco Pharma,EQ,INE987B01026,636.0,640.5,620.05,623.3,622.3,637.9,196234,123380406.35,9009,LEGACY
2023-05-12,PEL,Piramal Enterprises,EQ,INE140A01024,741.5,742.8,722.6,726.0,724.0,740.05,711691,520316160.2,25584,LEGACY
2023-05-12,PFIZER,Pfizer,EQ,INE182A01018,3795.0,3809.0,3690.0,3772.2,3781.6,3792.2,6102,23113355.0,1107,LEGACY
2023-05-12,PPLPHARMA,Piramal Pharma,EQ,INE0DK501011,76.8,77.7,74.7,75.05,74.95,77.0,4060067,310366959.6,15149,LEGACY
2023-05-12,SANOFI,Sanofi India,EQ,INE058A01010,6205.5,6455.0,6138.05,6443.8,6430.0,6205.5,275438,1738398745.5,35611,LEGACY
2023-05-12,STAR,Strides Pharma Science,EQ,INE939A01011,363.35,372.7,358.95,366.5,365.0,363.65,275803,101334727.15,9506,LEGACY
2023-05-12,SUNPHARMA,Sun Pharmaceutical Industries,EQ,INE044A01036,961.0,963.1,952.0,956.0,953.65,961.05,2014927,1929729971.85,62793,LEGACY
2023-05-12,TORNTPHARM,Torrent Pharmaceuticals,EQ,INE685A01028,1655.4,1666.7,1647.35,1650.3,1652.35,1655.5,137419,227662976.55,19062,LEGACY
2023-05-12,WOCKPHARMA,Wockhardt,EQ,INE049B01025,177.0,178.0,175.5,176.05,176.0,175.9,428290,75550297.8,5195,LEGACY
2023-05-12,ZYDUSLIFE,Zydus Lifesciences,EQ,INE010B01027,513.4,520.9,504.0,513.6,513.5,513.75,1015662,523573914.05,21331,LEGACY
2023-05-15,ABBOTINDIA,Abbott India,EQ,INE358A01014,21299.0,21510.0,21180.0,21228.0,21219.95,21229.4,10716,228473498.05,3448,LEGACY
2023-05-15,AJANTPHARM,Ajanta Pharma,EQ,INE031B01049,1247.0,1278.0,1246.75,1270.55,1268.55,1262.95,31552,40009514.15,6485,LEGACY
2023-05-15,ALKEM,Alkem Laboratories,EQ,INE540L01014,3420.0,3434.95,3376.85,3425.65,3427.0,3408.8,184251,627126328.6,16080,LEGACY
2023-05-15,APLLTD,Alembic Pharmaceuticals,EQ,INE901L01018,562.0,562.9,556.0,560.8,561.5,562.4,25553,14295571.9,2913,LEGACY
2023-05-15,AUROPHARMA,Aurobindo Pharma,EQ,INE406A01037,605.2,615.1,602.6,613.65,613.0,609.2,809844,495556644.5,22348,LEGACY
2023-05-15,BIOCON,Biocon,EQ,INE376G01013,245.1,249.55,243.05,247.95,247.45,245.1,2300820,567755907.45,32950,LEGACY
2023-05-15,CIPLA,Cipla,EQ,INE059A01026,940.0,940.0,896.85,922.8,921.45,937.45,5487301,5010331712.5,312509,LEGACY
2023-05-15,DIVISLAB,Divi's Laboratories,EQ,INE361B01024,3306.35,3336.35,3265.0,3276.5,3276.0,3315.05,341458,1121366515.4,31315,LEGACY
2023-05-15,DRREDDY,Dr. Reddy's Laboratories,EQ,INE089A01023,4470.15,4532.1,4446.5,4518.55,4515.0,4466.1,317753,1431334430.6,37626,LEGACY
2023-05-15,GLAND,Gland Pharma,EQ,INE068V01023,1362.7,1379.85,1355.0,1370.5,1372.25,1358.45,122865,168015794.35,8045,LEGACY
2023-05-15,GLAXO,GlaxoSmithKline Pharmaceuticals,EQ,INE159A01016,1266.15,1281.6,1266.15,1279.95,1279.5,1276.0,34871,44558322.75,3645,LEGACY
2023-05-15,GLENMARK,Glenmark Pharmaceuticals,EQ,INE935A01035,616.0,618.75,605.15,607.95,606.5,612.95,1340692,820074180.8,23183,LEGACY
2023-05-15,GRANULES,Granules India,EQ,INE101D01020,297.0,297.7,290.5,292.8,293.0,296.1,866140,253522454.2,13577,LEGACY
2023-05-15,IPCALAB,IPCA Laboratories,EQ,INE571A01038,696.05,700.95,688.65,695.25,694.6,695.4,456133,317103080.05,14353,LEGACY
2023-05-15,JBCHEPHARM,JB Chemicals & Pharmaceuticals,EQ,INE572A01028,2050.65,2059.9,2021.9,2047.2,2053.0,2040.4,23688,48299065.05,4817,LEGACY
2023-05-15,LAURUSLABS,Laurus Labs,EQ,INE947Q01028,309.95,315.5,306.5,311.35,311.0,310.65,2478819,772417892.6,24804,LEGACY
2023-05-15,LUPIN,Lupin,EQ,INE326A01037,782.75,800.0,771.9,787.25,786.1,773.6,1910389,1507154002.3,51460,LEGACY
2023-05-15,MANKIND,Mankind Pharma,EQ,INE634S01028,1397.9,1409.8,1378.0,1384.9,1384.15,1394.45,565868,787727109.15,32906,LEGACY
2023-05-15,NATCOPHARM,Natco Pharma,EQ,INE987B01026,620.25,633.0,615.25,630.3,630.7,623.3,207062,128809767.1,9907,LEGACY
2023-05-15,PEL,Piramal Enterprises,EQ,INE140A01024,727.0,739.7,721.2,736.7,736.0,726.0,870651,639693011.45,24868,LEGACY
2023-05-15,PFIZER,Pfizer,EQ,INE182A01018,3775.0,3851.35,3737.9,3819.05,3824.0,3772.2,17871,68152424.7,3198,LEGACY
2023-05-15,PPLPHARMA,Piramal Pharma,EQ,INE0DK501011,75.2,75.35,73.7,74.05,73.95,75.05,1662279,123612077.7,9187,LEGACY
2023-05-15,SANOFI,Sanofi India,EQ,INE058A01010,6416.6,6488.0,6250.15,6349.55,6347.0,6443.8,105475,669726002.6,15703,LEGACY
2023-05-15,STAR,Strides Pharma Science,EQ,INE939A01011,364.05,369.4,359.2,366.55,368.1,366.5,258178,94095911.9,7149,LEGACY
2023-05-15,SUNPHARMA,Sun Pharmaceutical Industries,EQ,INE044A01036,953.0,955.75,948.05,953.0,954.0,956.0,1814239,1726871573.1,61574,LEGACY
2023-05-15,TORNTPHARM,Torrent Pharmaceuticals,EQ,INE685A01028,1652.0,1673.55,1640.4,1666.05,1667.95,1650.3,318368,530148846.1,28926,LEGACY
2023-05-15,WOCKPHARMA,Wockhardt,EQ,INE049B01025,177.0,177.5,172.1,174.05,173.8,176.05,366814,63959064.9,5331,LEGACY
2023-05-15,ZYDUSLIFE,Zydus Lifesciences,EQ,INE010B01027,513.6,519.35,512.5,517.75,517.0,513.6,532092,274863018.35,19949,LEGACY
2023-05-16,ABBOTINDIA,Abbott India,EQ,INE358A01014,21299.95,21346.75,21072.1,21194.2,21185.0,21228.0,8737,185376050.8,3533,LEGACY
2023-05-16,AJANTPHARM,Ajanta Pharma,EQ,INE031B01049,1277.5,1284.95,1260.1,1266.8,1268.1,1270.55,183545,233284703.05,12724,LEGACY
2023-05-16,ALKEM,Alkem Laboratories,EQ,INE540L01014,3443.7,3475.0,3401.75,3413.65,3416.0,3425.65,181489,624181444.2,15094,LEGACY
2023-05-16,APLLTD,Alembic Pharmaceuticals,EQ,INE901L01018,562.0,568.85,559.5,560.1,563.0,560.8,58991,33273880.15,3310,LEGACY
2023-05-16,AUROPHARMA,Aurobindo Pharma,EQ,INE406A01037,613.65,648.2,612.0,641.45,640.7,613.65,4776013,3046588627.15,97359,LEGACY
2023-05-16,BIOCON,Biocon,EQ,INE376G01013,248.05,249.5,245.6,246.25,245.8,247.95,1319381,326893289.1,20706,LEGACY
2023-05-16,CIPLA,Cipla,EQ,INE059A01026,927.4,942.65,918.4,922.1,920.0,922.8,2964696,2758547373.85,101341,LEGACY
2023-05-16,DIVISLAB,Divi's Laboratories,EQ,INE361B01024,3277.95,3332.6,3272.05,3279.45,3276.0,3276.5,301995,998311304.35,26770,LEGACY
2023-05-16,DRREDDY,Dr. Reddy's Laboratories,EQ,INE089A01023,4523.0,4547.9,4504.55,4515.05,4518.0,4518.55,286047,1294277557.6,34396,LEGACY
2023-05-16,GLAND,Gland Pharma,EQ,INE068V01023,1376.95,1388.0,1350.25,1354.7,1356.1,1370.5,268900,366632931.85,18819,LEGACY
2023-05-16,GLAXO,GlaxoSmithKline Pharmaceuticals,EQ,INE159A01016,1294.0,1304.9,1280.7,1289.55,1291.5,1279.95,24171,31211884.35,2811,LEGACY
2023-05-16,GLENMARK,Glenmark Pharmaceuticals,EQ,INE935A01035,608.0,620.5,607.0,607.85,608.95,607.95,1026523,629084702.3,26273,LEGACY
2023-05-16,GRANULES,Granules India,EQ,INE101D01020,294.0,302.45,284.0,288.15,284.85,292.8,3737374,1102550222.9,46365,LEGACY
2023-05-16,IPCALAB,IPCA Laboratories,EQ,INE571A01038,699.3,700.1,690.0,690.65,691.0,695.25,319952,221951451.35,15874,LEGACY
2023-05-16,JBCHEPHARM,JB Chemicals & Pharmaceuticals,EQ,INE572A01028,2053.0,2056.4,1992.4,1999.8,2001.0,2047.2,218881,445719364.0,6096,LEGACY
2023-05-16,LAURUSLABS,Laurus Labs,EQ,INE947Q01028,312.0,319.85,312.0,315.0,315.45,311.35,2095952,663463330.6,22600,LEGACY
2023-05-16,LUPIN,Lupin,EQ,INE326A01037,789.0,796.75,779.25,790.75,789.1,787.25,1231878,973081856.85,38441,LEGACY
2023-05-16,MANKIND,Mankind Pharma,EQ,INE634S01028,1389.0,1393.45,1351.95,1359.0,1360.55,1384.9,728775,1002488244.35,21048,LEGACY
2023-05-16,NATCOPHARM,Natco Pharma,EQ,INE987B01026,630.0,640.2,620.5,625.1,625.0,630.3,228394,143979072.95,10027,LEGACY
2023-05-16,PEL,Piramal Enterprises,EQ,INE140A01024,737.8,756.0,737.1,747.8,748.85,736.7,1305683,979361515.4,36461,LEGACY
2023-05-16,PFIZER,Pfizer,EQ,INE182A01018,3849.0,3890.0,3788.05,3817.35,3825.0,3819.05,34187,131418446.7,4123,LEGACY
2023-05-16,PPLPHARMA,Piramal Pharma,EQ,INE0DK501011,74.0,75.0,72.4,72.7,72.7,74.05,2770211,204019451.75,10167,LEGACY
2023-05-16,SANOFI,Sanofi India,EQ,INE058A01010,6390.0,6460.0,6255.05,6425.15,6425.05,6349.55,78448,499498846.6,12263,LEGACY
2023-05-16,STAR,Strides Pharma Science,EQ,INE939A01011,368.0,377.35,368.0,375.05,375.05,366.55,712889,266377489.45,21739,LEGACY
2023-05-16,SUNPHARMA,Sun Pharmaceutical Industries,EQ,INE044A01036,953.0,962.55,938.0,940.95,939.4,953.0,2625163,2490473944.3,72636,LEGACY
2023-05-16,TORNTPHARM,Torrent Pharmaceuticals,EQ,INE685A01028,1672.5,1674.85,1598.45,1622.85,1624.45,1666.05,544764,885779579.05,42936,LEGACY
2023-05-16,WOCKPHARMA,Wockhardt,EQ,INE049B01025,174.9,175.5,172.55,174.1,174.1,174.05,361500,62921313.65,5561,LEGACY
2023-05-16,ZYDUSLIFE,Zydus Lifesciences,EQ,INE010B01027,518.0,522.0,515.0,516.1,515.05,517.75,352447,182897976.75,15876,LEGACY
2023-05-17,ABBOTINDIA,Abbott India,EQ,INE358A01014,21202.0,21339.95,21075.0,21215.5,21140.0,21194.2,10602,224698519.65,4113,LEGACY
2023-05-17,AJANTPHARM,Ajanta Pharma,EQ,INE031B01049,1273.5,1283.3,1267.45,1274.3,1274.9,1266.8,381527,485643112.4,6506,LEGACY
2023-05-17,ALKEM,Alkem Laboratories,EQ,INE540L01014,3413.65,3429.8,3365.05,3383.95,3402.0,3413.65,129323,437667432.45,15376,LEGACY
2023-05-17,APLLTD,Alembic Pharmaceuticals,EQ,INE901L01018,561.0,569.55,560.0,567.65,567.0,560.1,34643,19517752.95,2498,LEGACY
2023-05-17,AUROPHARMA,Aurobindo Pharma,EQ,INE406A01037,641.4,644.45,617.4,619.6,618.75,641.45,1410055,889615261.0,32703,LEGACY
2023-05-17,BIOCON,Biocon,EQ,INE376G01013,243.05,247.85,243.05,245.45,245.3,246.25,1990771,489490590.1,29439,LEGACY
2023-05-17,CIPLA,Cipla,EQ,INE059A01026,924.95,932.0,917.0,923.95,922.15,922.1,1866976,1724798436.65,79339,LEGACY
2023-05-17,DIVISLAB,Divi's Laboratories,EQ,INE361B01024,3284.15,3296.2,3255.2,3268.0,3264.35,3279.45,173719,568587514.15,21483,LEGACY
2023-05-17,DRREDDY,Dr. Reddy's Laboratories,EQ,INE089A01023,4519.8,4545.05,4451.1,4481.5,4488.15,4515.05,349961,1569510138.4,45641,LEGACY
2023-05-17,GLAND,Gland Pharma,EQ,INE068V01023,1359.65,1366.8,1333.0,1338.7,1343.3,1354.7,106503,143675387.45,8693,LEGACY
2023-05-17,GLAXO,GlaxoSmithKline Pharmaceuticals,EQ,INE159A01016,1289.95,1300.0,1285.0,1295.1,1293.0,1289.55,25412,32872222.65,2570,LEGACY
2023-05-17,GLENMARK,Glenmark Pharmaceuticals,EQ,INE935A01035,609.0,613.15,607.85,608.85,609.0,607.85,1702948,1037735775.35,17884,LEGACY
2023-05-17,GRANULES,Granules India,EQ,INE101D01020,288.1,298.2,280.1,285.95,286.05,288.15,4555413,1322336995.2,54034,LEGACY
2023-05-17,IPCALAB,IPCA Laboratories,EQ,INE571A01038,690.0,691.85,681.0,683.9,684.7,690.65,449524,307853949.8,21423,LEGACY
2023-05-17,JBCHEPHARM,JB Chemicals & Pharmaceuticals,EQ,INE572A01028,1999.5,2010.3,1955.3,1973.4,1978.95,1999.8,62209,123586049.05,4549,LEGACY
2023-05-17,LAURUSLABS,Laurus Labs,EQ,INE947Q01028,316.0,317.4,309.55,311.85,312.35,315.0,1184452,370020613.95,18385,LEGACY
2023-05-17,LUPIN,Lupin,EQ,INE326A01037,788.0,791.75,775.5,780.95,781.45,790.75,466127,364905737.35,17593,LEGACY
2023-05-17,MANKIND,Mankind Pharma,EQ,INE634S01028,1359.0,1369.7,1343.4,1354.4,1357.0,1359.0,525476,711663979.3,22560,LEGACY
2023-05-17,NATCOPHARM,Natco Pharma,EQ,INE987B01026,626.0,630.0,615.5,622.4,621.45,625.1,115267,71615349.05,4610,LEGACY
2023-05-17,PEL,Piramal Enterprises,EQ,INE140A01024,750.6,757.0,735.3,745.6,745.95,747.8,839364,627142758.8,29914,LEGACY
2023-05-17,PFIZER,Pfizer,EQ,INE182A01018,3817.35,3827.95,3801.0,3817.75,3818.0,3817.35,3686,14067475.75,1244,LEGACY
2023-05-17,PPLPHARMA,Piramal Pharma,EQ,INE0DK501011,72.6,73.55,71.9,72.4,72.65,72.7,1884329,136701427.8,9060,LEGACY
2023-05-17,SANOFI,Sanofi India,EQ,INE058A01010,6425.15,6564.0,6394.6,6551.3,6552.0,6425.15,86987,566598398.4,12172,LEGACY
2023-05-17,STAR,Strides Pharma Science,EQ,INE939A01011,376.5,379.4,366.0,371.15,369.9,375.05,409309,152514042.15,12040,LEGACY
2023-05-17,SUNPHARMA,Sun Pharmaceutical Industries,EQ,INE044A01036,941.25,945.3,928.85,935.95,934.7,940.95,2956985,2769237987.25,98004,LEGACY
2023-05-17,TORNTPHARM,Torrent Pharmaceuticals,EQ,INE685A01028,1622.85,1662.35,1622.0,1656.1,1653.0,1622.85,739275,1217587632.9,30643,LEGACY
2023-05-17,WOCKPHARMA,Wockhardt,EQ,INE049B01025,174.75,177.6,171.55,173.9,173.5,174.1,441652,77057811.65,5783,LEGACY
2023-05-17,ZYDUSLIFE,Zydus Lifesciences,EQ,INE010B01027,515.5,520.0,513.55,518.8,518.0,516.1,414331,214390018.2,15137,LEGACY
2023-05-18,ABBOTINDIA,Abbott India,EQ,INE358A01014,21330.0,21353.95,20932.0,20970.55,20938.8,21215.5,7346,154916864.35,2949,LEGACY
2023-05-18,AJANTPHARM,Ajanta Pharma,EQ,INE031B01049,1277.35,1303.3,1261.35,1272.75,1262.0,1274.3,89015,114935463.55,14665,LEGACY
2023-05-18,ALKEM,Alkem Laboratories,EQ,INE540L01014,3390.25,3392.05,3313.15,3326.3,3323.0,3383.95,373242,1246013082.9,18947,LEGACY
2023-05-18,APLLTD,Alembic Pharmaceuticals,EQ,INE901L01018,570.6,581.95,555.0,559.35,558.25,567.65,145182,82734406.35,11357,LEGACY
2023-05-18,AUROPHARMA,Aurobindo Pharma,EQ,INE406A01037,619.0,620.55,596.35,599.8,597.45,619.6,1171793,713382953.6,31552,LEGACY
2023-05-18,BIOCON,Biocon,EQ,INE376G01013,246.5,248.5,244.4,245.05,245.2,245.45,1911242,470658779.0,17185,LEGACY
2023-05-18,CIPLA,Cipla,EQ,INE059A01026,929.0,929.65,911.55,914.5,916.0,923.95,1881606,1727681954.4,69741,LEGACY
2023-05-18,DIVISLAB,Divi's Laboratories,EQ,INE361B01024,3284.0,3284.95,3144.0,3153.5,3162.0,3268.0,766236,2435195108.35,61096,LEGACY
2023-05-18,DRREDDY,Dr. Reddy's Laboratories,EQ,INE089A01023,4492.0,4502.2,4404.9,4423.1,4433.55,4481.5,425447,1886997095.65,50711,LEGACY
2023-05-18,GLAND,Gland Pharma,EQ,INE068V01023,1348.45,1379.9,1315.05,1331.95,1329.0,1338.7,237928,320447289.1,16799,LEGACY
2023-05-18,GLAXO,GlaxoSmithKline Pharmaceuticals,EQ,INE159A01016,1295.1,1299.9,1264.9,1281.5,1286.0,1295.1,124231,159569914.0,7327,LEGACY
2023-05-18,GLENMARK,Glenmark Pharmaceuticals,EQ,INE935A01035,608.1,612.9,599.4,604.1,602.0,608.85,1043069,634731609.15,15969,LEGACY
2023-05-18,GRANULES,Granules India,EQ,INE101D01020,287.4,289.85,276.2,277.75,278.3,285.95,2273957,642522253.55,28767,LEGACY
2023-05-18,IPCALAB,IPCA Laboratories,EQ,INE571A01038,687.75,687.75,670.6,675.15,674.8,683.9,547219,371174408.4,15954,LEGACY
2023-05-18,JBCHEPHARM,JB Chemicals & Pharmaceuticals,EQ,INE572A01028,1974.0,2034.0,1974.0,2006.75,2026.8,1973.4,80234,159775168.55,4645,LEGACY
2023-05-18,LAURUSLABS,Laurus Labs,EQ,INE947Q01028,313.85,316.95,309.45,310.4,311.0,311.85,1160609,363024355.95,16163,LEGACY
2023-05-18,LUPIN,Lupin,EQ,INE326A01037,780.0,782.35,771.6,779.3,779.0,780.95,597261,464870875.55,15891,LEGACY
2023-05-18,MANKIND,Mankind Pharma,EQ,INE634S01028,1360.55,1369.95,1354.0,1355.8,1357.0,1354.4,255442,347300886.25,19109,LEGACY
2023-05-18,NATCOPHARM,Natco Pharma,EQ,INE987B01026,622.6,631.0,622.4,625.5,625.9,622.4,134666,84316676.1,5882,LEGACY
2023-05-18,PEL,Piramal Enterprises,EQ,INE140A01024,750.1,754.0,738.0,747.35,747.2,745.6,856250,638459102.75,28200,LEGACY
2023-05-18,PFIZER,Pfizer,EQ,INE182A01018,3827.75,3844.3,3802.0,3819.9,3817.0,3817.75,6592,25166925.15,1457,LEGACY
2023-05-18,PPLPHARMA,Piramal Pharma,EQ,INE0DK501011,72.85,73.4,71.9,72.35,72.35,72.4,1734909,126263317.55,7907,LEGACY
2023-05-18,SANOFI,Sanofi India,EQ,INE058A01010,6564.0,6650.0,6357.1,6394.95,6400.0,6551.3,61217,399598717.1,12096,LEGACY
2023-05-18,STAR,Strides Pharma Science,EQ,INE939A01011,371.2,373.25,355.1,358.55,358.0,371.15,402270,146011014.2,9207,LEGACY
2023-05-18,SUNPHARMA,Sun Pharmaceutical Industries,EQ,INE044A01036,943.0,943.0,922.45,929.65,930.3,935.95,3014019,2799563874.4,77919,LEGACY
2023-05-18,TORNTPHARM,Torrent Pharmaceuticals,EQ,INE685A01028,1660.95,1665.55,1641.5,1650.05,1650.0,1656.1,247687,409411473.7,16051,LEGACY
2023-05-18,WOCKPHARMA,Wockhardt,EQ,INE049B01025,174.75,175.9,172.0,173.2,172.7,173.9,277632,48130666.5,3876,LEGACY
2023-05-18,ZYDUSLIFE,Zydus Lifesciences,EQ,INE010B01027,520.0,522.8,505.9,508.05,507.95,518.8,3376633,1736562253.7,51449,LEGACY
2023-05-19,ABBOTINDIA,Abbott India,EQ,INE358A01014,21087.5,21091.6,20605.05,20898.45,20950.0,20970.55,17558,366313107.5,5758,LEGACY
2023-05-19,AJANTPHARM,Ajanta Pharma,EQ,INE031B01049,1275.0,1305.0,1264.3,1301.35,1295.0,1272.75,54135,69899780.9,8305,LEGACY
2023-05-19,ALKEM,Alkem Laboratories,EQ,INE540L01014,3325.0,3389.0,3275.0,3302.1,3291.0,3326.3,580221,1924416103.05,40242,LEGACY
2023-05-19,APLLTD,Alembic Pharmaceuticals,EQ,INE901L01018,560.95,562.15,547.0,551.35,551.0,559.35,48943,27037968.0,3734,LEGACY
2023-05-19,AUROPHARMA,Aurobindo Pharma,EQ,INE406A01037,598.0,606.55,581.25,590.05,589.15,599.8,1923624,1134676141.6,39594,LEGACY
2023-05-19,BIOCON,Biocon,EQ,INE376G01013,245.0,246.65,240.55,241.75,241.4,245.05,2389591,579372901.8,18142,LEGACY
2023-05-19,CIPLA,Cipla,EQ,INE059A01026,917.0,922.0,913.0,916.25,917.0,914.5,1168086,1071308384.2,36598,LEGACY
2023-05-19,DIVISLAB,Divi's Laboratories,EQ,INE361B01024,3144.0,3158.35,3085.5,3098.3,3092.0,3153.5,479974,1497874542.95,40869,LEGACY
2023-05-19,DRREDDY,Dr. Reddy's Laboratories,EQ,INE089A01023,4427.95,4440.0,4384.05,4391.95,4389.95,4423.1,326081,1434893421.6,53713,LEGACY
2023-05-19,GLAND,Gland Pharma,EQ,INE068V01023,1160.0,1194.4,1065.6,1065.6,1065.6,1331.95,2839265,3111302162.8,101403,LEGACY
2023-05-19,GLAXO,GlaxoSmithKline Pharmaceuticals,EQ,INE159A01016,1280.35,1295.6,1277.1,1290.45,1290.0,1281.5,23293,29995820.85,2204,LEGACY
2023-05-19,GLENMARK,Glenmark Pharmaceuticals,EQ,INE935A01035,605.0,629.85,602.0,624.3,626.0,604.1,3771939,2311110855.95,32839,LEGACY
2023-05-19,GRANULES,Granules India,EQ,INE101D01020,280.0,280.0,274.15,276.3,276.3,277.75,1272913,352739073.1,18236,LEGACY
2023-05-19,IPCALAB,IPCA Laboratories,EQ,INE571A01038,680.1,680.15,671.35,675.0,675.3,675.15,235886,159101151.7,10280,LEGACY
2023-05-19,JBCHEPHARM,JB Chemicals & Pharmaceuticals,EQ,INE572A01028,2004.0,2024.3,1975.0,1989.35,1981.0,2006.75,14473,28889050.75,3036,LEGACY
2023-05-19,LAURUSLABS,Laurus Labs,EQ,INE947Q01028,312.45,313.85,307.0,312.4,311.85,310.4,929453,289294683.1,14082,LEGACY
2023-05-19,LUPIN,Lupin,EQ,INE326A01037,781.0,784.0,771.2,774.4,772.4,779.3,365585,284634499.3,13821,LEGACY
2023-05-19,MANKIND,Mankind Pharma,EQ,INE634S01028,1360.0,1361.0,1325.75,1330.8,1331.9,1355.8,373144,498873190.9,19286,LEGACY
2023-05-19,NATCOPHARM,Natco Pharma,EQ,INE987B01026,624.0,625.0,615.0,617.85,617.4,625.5,117931,72936515.15,4682,LEGACY
2023-05-19,PEL,Piramal Enterprises,EQ,INE140A01024,748.0,750.95,738.45,741.1,741.0,747.35,528342,392747934.5,18793,LEGACY
2023-05-19,PFIZER,Pfizer,EQ,INE182A01018,3802.0,3840.0,3779.05,3824.5,3822.55,3819.9,8955,34129281.0,2334,LEGACY
2023-05-19,PPLPHARMA,Piramal Pharma,EQ,INE0DK501011,72.9,73.3,71.65,73.05,73.05,72.35,1600649,116153082.15,7063,LEGACY
2023-05-19,SANOFI,Sanofi India,EQ,INE058A01010,6395.0,6434.95,6280.0,6300.4,6300.0,6394.95,40145,253404297.5,5867,LEGACY
2023-05-19,STAR,Strides Pharma Science,EQ,INE939A01011,367.0,375.5,359.1,367.85,367.0,358.55,924972,340187622.4,23106,LEGACY
2023-05-19,SUNPHARMA,Sun Pharmaceutical Industries,EQ,INE044A01036,932.0,934.4,924.3,925.85,927.2,929.65,1309343,1212736699.15,47852,LEGACY
2023-05-19,TORNTPHARM,Torrent Pharmaceuticals,EQ,INE685A01028,1650.05,1668.75,1636.85,1661.9,1661.0,1650.05,268347,443525763.0,20465,LEGACY
2023-05-19,WOCKPHARMA,Wockhardt,EQ,INE049B01025,173.6,174.05,168.5,169.7,169.5,173.2,354604,60405417.35,4879,LEGACY
2023-05-19,ZYDUSLIFE,Zydus Lifesciences,EQ,INE010B01027,511.0,514.75,491.45,494.7,497.65,508.05,3144835,1566951346.6,41775,LEGACY
2023-05-22,ABBOTINDIA,Abbott India,EQ,INE358A01014,20751.0,21538.55,20751.0,21373.1,21413.0,20898.45,25214,537506646.35,7862,LEGACY
2023-05-22,AJANTPHARM,Ajanta Pharma,EQ,INE031B01049,1295.0,1339.0,1289.5,1313.55,1314.95,1301.35,281516,370359529.6,22750,LEGACY
2023-05-22,ALKEM,Alkem Laboratories,EQ,INE540L01014,3225.6,3280.35,3225.6,3252.25,3256.0,3302.1,263130,855783335.15,32749,LEGACY
2023-05-22,APLLTD,Alembic Pharmaceuticals,EQ,INE901L01018,552.0,562.1,543.05,548.5,547.95,551.35,67121,37134426.15,8394,LEGACY
2023-05-22,AUROPHARMA,Aurobindo Pharma,EQ,INE406A01037,586.0,607.0,582.15,602.75,607.0,590.05,1617463,969904611.5,34135,LEGACY
2023-05-22,BIOCON,Biocon,EQ,INE376G01013,241.5,243.5,239.4,240.45,240.25,241.75,1895656,457072335.4,16191,LEGACY
2023-05-22,CIPLA,Cipla,EQ,INE059A01026,916.25,931.05,915.45,924.95,924.5,916.25,1402783,1298467749.3,50791,LEGACY
2023-05-22,DIVISLAB,Divi's Laboratories,EQ,INE361B01024,3099.95,3271.15,3051.0,3265.0,3255.1,3098.3,1538574,4908522090.8,85549,LEGACY
2023-05-22,DRREDDY,Dr. Reddy's Laboratories,EQ,INE089A01023,4409.0,4469.85,4384.25,4457.65,4450.0,4391.95,244976,1090034156.55,36840,LEGACY
2023-05-22,GLAND,Gland Pharma,EQ,INE068V01023,950.05,979.9,861.0,893.55,893.85,1065.6,10765871,9849791026.85,320460,LEGACY
2023-05-22,GLAXO,GlaxoSmithKline Pharmaceuticals,EQ,INE159A01016,1290.0,1301.95,1277.6,1299.6,1301.0,1290.45,101364,131257138.05,4490,LEGACY
2023-05-22,GLENMARK,Glenmark Pharmaceuticals,EQ,INE935A01035,588.0,611.05,581.0,606.0,605.0,624.3,5062006,3034407109.15,52862,LEGACY
2023-05-22,GRANULES,Granules India,EQ,INE101D01020,273.0,281.85,273.0,276.25,276.45,276.3,1351751,374724421.15,18903,LEGACY
2023-05-22,IPCALAB,IPCA Laboratories,EQ,INE571A01038,674.5,683.9,669.8,682.15,683.55,675.0,434439,294356148.9,18710,LEGACY
2023-05-22,JBCHEPHARM,JB Chemicals & Pharmaceuticals,EQ,INE572A01028,1750.0,2012.25,1750.0,1963.55,1962.0,1989.35,90313,175520154.55,16127,LEGACY
2023-05-22,LAURUSLABS,Laurus Labs,EQ,INE947Q01028,312.0,314.95,309.6,312.1,312.2,312.4,1106701,345959884.3,16906,LEGACY
2023-05-22,LUPIN,Lupin,EQ,INE326A01037,772.4,781.4,769.6,774.4,773.7,774.4,451001,349509280.45,15183,LEGACY
2023-05-22,MANKIND,Mankind Pharma,EQ,INE634S01028,1330.0,1349.0,1242.0,1330.45,1327.05,1330.8,914898,1198427493.35,49604,LEGACY
2023-05-22,NATCOPHARM,Natco Pharma,EQ,INE987B01026,617.95,628.7,616.0,619.55,618.0,617.85,142462,88698466.1,15845,LEGACY
2023-05-22,PEL,Piramal Enterprises,EQ,INE140A01024,742.1,762.05,740.0,760.0,760.55,741.1,1056388,795817380.45,30318,LEGACY
2023-05-22,PFIZER,Pfizer,EQ,INE182A01018,3818.8,3858.95,3810.05,3840.7,3851.2,3824.5,4909,18759289.6,1142,LEGACY
2023-05-22,PPLPHARMA,Piramal Pharma,EQ,INE0DK501011,75.05,76.3,74.15,75.5,75.35,73.05,6703742,504435613.4,37310,LEGACY
2023-05-22,SANOFI,Sanofi India,EQ,INE058A01010,6339.15,6342.0,6263.0,6319.15,6320.0,6300.4,29135,183769840.9,6986,LEGACY
2023-05-22,STAR,Strides Pharma Science,EQ,INE939A01011,366.5,367.0,356.0,357.9,358.25,367.85,263234,94938616.45,7419,LEGACY
2023-05-22,SUNPHARMA,Sun Pharmaceutical Industries,EQ,INE044A01036,925.85,942.75,922.85,937.45,938.8,925.85,1382485,1296824080.7,78356,LEGACY
2023-05-22,TORNTPHARM,Torrent Pharmaceuticals,EQ,INE685A01028,1661.1,1675.75,1656.7,1669.85,1670.0,1661.9,184139,307522081.0,19244,LEGACY
2023-05-22,WOCKPHARMA,Wockhardt,EQ,INE049B01025,169.6,169.6,167.0,167.45,167.2,169.7,288271,48449490.45,4096,LEGACY
2023-05-22,ZYDUSLIFE,Zydus Lifesciences,EQ,INE010B01027,484.95,512.0,484.95,506.25,505.2,494.7,1230046,621071940.35,26088,LEGACY
2023-05-23,ABBOTINDIA,Abbott India,EQ,INE358A01014,21438.95,21588.8,21415.2,21508.1,21500.0,21373.1,8569,184285532.35,2937,LEGACY
2023-05-23,AJANTPHARM,Ajanta Pharma,EQ,INE031B01049,1302.0,1318.45,1290.0,1294.05,1300.0,1313.55,33160,43213894.7,7653,LEGACY
2023-05-23,ALKEM,Alkem Laboratories,EQ,INE540L01014,3260.0,3349.9,3186.3,3257.9,3267.4,3252.25,373559,1213994476.2,31302,LEGACY
2023-05-23,APLLTD,Alembic Pharmaceuticals,EQ,INE901L01018,547.55,560.45,546.1,551.6,551.9,548.5,150464,83284743.7,4693,LEGACY
2023-05-23,AUROPHARMA,Aurobindo Pharma,EQ,INE406A01037,607.0,614.5,601.8,603.5,602.9,602.75,1234348,750081795.15,21292,LEGACY
2023-05-23,BIOCON,Biocon,EQ,INE376G01013,240.5,244.4,240.05,242.15,242.9,240.45,2133409,517225352.1,20115,LEGACY
2023-05-23,CIPLA,Cipla,EQ,INE059A01026,926.4,932.3,919.5,930.4,931.3,924.95,1577827,1465130219.4,34791,LEGACY
2023-05-23,DIVISLAB,Divi's Laboratories,EQ,INE361B01024,3241.05,3415.0,3221.05,3385.8,3383.0,3265.0,1376245,4631693005.5,83385,LEGACY
2023-05-23,DRREDDY,Dr. Reddy's Laboratories,EQ,INE089A01023,4458.1,4499.65,4446.05,4460.55,4460.0,4457.65,323295,1443519211.85,38012,LEGACY
2023-05-23,GLAND,Gland Pharma,EQ,INE068V01023,917.0,979.6,905.0,941.4,939.95,893.55,6490075,6184267629.05,172694,LEGACY
2023-05-23,GLAXO,GlaxoSmithKline Pharmaceuticals,EQ,INE159A01016,1299.6,1325.0,1299.6,1311.1,1310.0,1299.6,27273,35683699.35,3319,LEGACY
2023-05-23,GLENMARK,Glenmark Pharmaceuticals,EQ,INE935A01035,608.0,625.8,606.25,609.0,607.0,606.0,2993267,1834254575.1,35666,LEGACY
2023-05-23,GRANULES,Granules India,EQ,INE101D01020,277.7,278.4,274.0,275.85,276.35,276.25,1127426,311000443.6,15736,LEGACY
2023-05-23,IPCALAB,IPCA Laboratories,EQ,INE571A01038,683.0,690.95,679.8,689.1,690.0,682.15,482981,331258445.15,18336,LEGACY
2023-05-23,JBCHEPHARM,JB Chemicals & Pharmaceuticals,EQ,INE572A01028,1987.0,1994.95,1946.0,1952.0,1950.0,1963.55,27486,53946771.45,4572,LEGACY
2023-05-23,LAURUSLABS,Laurus Labs,EQ,INE947Q01028,313.0,317.85,311.55,314.45,315.0,312.1,1409566,444126947.7,18287,LEGACY
2023-05-23,LUPIN,Lupin,EQ,INE326A01037,772.8,789.85,770.9,776.85,777.9,774.4,344619,267538553.8,9336,LEGACY
2023-05-23,MANKIND,Mankind Pharma,EQ,INE634S01028,1339.95,1348.95,1322.65,1331.25,1330.0,1330.45,221060,295103276.4,20166,LEGACY
2023-05-23,NATCOPHARM,Natco Pharma,EQ,INE987B01026,617.15,630.0,617.15,620.1,620.5,619.55,59182,36741316.45,3124,LEGACY
2023-05-23,PEL,Piramal Enterprises,EQ,INE140A01024,762.0,778.9,757.6,774.45,773.8,760.0,1533094,1181428550.55,47597,LEGACY
2023-05-23,PFIZER,Pfizer,EQ,INE182A01018,3860.0,3899.0,3825.0,3838.25,3839.0,3840.7,6479,24994177.9,1473,LEGACY
2023-05-23,PPLPHARMA,Piramal Pharma,EQ,INE0DK501011,75.75,76.8,74.75,75.7,75.5,75.5,4420538,334449150.4,29584,LEGACY
2023-05-23,SANOFI,Sanofi India,EQ,INE058A01010,6300.0,6373.7,6256.6,6354.35,6350.0,6319.15,26568,168106139.5,4876,LEGACY
2023-05-23,STAR,Strides Pharma Science,EQ,INE939A01011,358.1,371.9,358.1,368.95,369.25,357.9,513838,188769797.05,12666,LEGACY
2023-05-23,SUNPHARMA,Sun Pharmaceutical Industries,EQ,INE044A01036,937.5,956.2,929.1,931.6,930.15,937.45,3057684,2863843773.85,70174,LEGACY
2023-05-23,TORNTPHARM,Torrent Pharmaceuticals,EQ,INE685A01028,1672.0,1700.0,1672.0,1691.1,1690.0,1669.85,402746,679610263.2,22684,LEGACY
2023-05-23,WOCKPHARMA,Wockhardt,EQ,INE049B01025,168.2,171.25,167.2,168.15,168.3,167.45,311375,52623186.2,4383,LEGACY
2023-05-23,ZYDUSLIFE,Zydus Lifesciences,EQ,INE010B01027,509.95,513.3,506.1,507.45,507.0,506.25,943626,480714377.9,19856,LEGACY
2023-05-24,ABBOTINDIA,Abbott India,EQ,INE358A01014,21508.1,21621.1,21430.0,21470.0,21505.0,21508.1,16138,346772777.85,2364,LEGACY
2023-05-24,AJANTPHARM,Ajanta Pharma,EQ,INE031B01049,1285.1,1312.45,1283.15,1299.8,1293.0,1294.05,244421,317727643.7,8673,LEGACY
2023-05-24,ALKEM,Alkem Laboratories,EQ,INE540L01014,3258.0,3400.8,3252.0,3310.1,3301.2,3257.9,251572,837277535.25,20448,LEGACY
2023-05-24,APLLTD,Alembic Pharmaceuticals,EQ,INE901L01018,547.05,556.45,547.0,551.6,550.0,551.6,182757,100656188.9,5123,LEGACY
2023-05-24,AUROPHARMA,Aurobindo Pharma,EQ,INE406A01037,601.0,606.95,596.4,603.7,604.25,603.5,612181,369101126.45,16326,LEGACY
2023-05-24,BIOCON,Biocon,EQ,INE376G01013,260.0,260.6,242.5,243.0,242.95,242.15,17725181,4420822076.65,146917,LEGACY
2023-05-24,CIPLA,Cipla,EQ,INE059A01026,923.5,939.9,923.5,938.0,937.9,930.4,1034319,966077897.4,41311,LEGACY
2023-05-24,DIVISLAB,Divi's Laboratories,EQ,INE361B01024,3360.0,3407.0,3335.9,3383.15,3392.0,3385.8,552635,1863299555.45,41629,LEGACY
2023-05-24,DRREDDY,Dr. Reddy's Laboratories,EQ,INE089A01023,4465.0,4524.0,4459.9,4519.25,4518.9,4460.55,336733,1518641292.95,30462,LEGACY
2023-05-24,GLAND,Gland Pharma,EQ,INE068V01023,950.0,964.0,927.0,934.45,941.5,941.4,935219,879590317.05,42503,LEGACY
2023-05-24,GLAXO,GlaxoSmithKline Pharmaceuticals,EQ,INE159A01016,1313.2,1316.45,1297.05,1309.65,1310.0,1311.1,22926,30019927.9,2858,LEGACY
2023-05-24,GLENMARK,Glenmark Pharmaceuticals,EQ,INE935A01035,606.0,613.6,606.0,608.55,607.2,609.0,1540050,939191008.7,13975,LEGACY
2023-05-24,GRANULES,Granules India,EQ,INE101D01020,275.85,280.4,275.0,278.9,279.9,275.85,919244,256397951.2,12652,LEGACY
2023-05-24,IPCALAB,IPCA Laboratories,EQ,INE571A01038,690.0,690.0,682.0,684.9,683.0,689.1,268531,184184411.1,13086,LEGACY
2023-05-24,JBCHEPHARM,JB Chemicals & Pharmaceuticals,EQ,INE572A01028,1957.0,1960.85,1886.05,1920.05,1923.0,1952.0,72461,139079925.25,8148,LEGACY
2023-05-24,LAURUSLABS,Laurus Labs,EQ,INE947Q01028,315.6,341.05,314.1,334.8,334.8,314.45,8546304,2829574180.0,97511,LEGACY
2023-05-24,LUPIN,Lupin,EQ,INE326A01037,779.8,782.9,773.35,777.95,778.6,776.85,615201,478883796.3,13586,LEGACY
2023-05-24,MANKIND,Mankind Pharma,EQ,INE634S01028,1325.0,1339.35,1314.0,1322.65,1320.0,1331.25,177959,235528501.7,15741,LEGACY
2023-05-24,NATCOPHARM,Natco Pharma,EQ,INE987B01026,620.1,624.45,616.95,618.35,620.6,620.1,64082,39728674.8,3208,LEGACY
2023-05-24,PEL,Piramal Enterprises,EQ,INE140A01024,773.85,776.95,760.05,769.55,769.8,774.45,1217572,935244636.5,29697,LEGACY
2023-05-24,PFIZER,Pfizer,EQ,INE182A01018,3850.0,3857.95,3812.5,3819.6,3817.0,3838.25,4730,18115414.95,1028,LEGACY
2023-05-24,PPLPHARMA,Piramal Pharma,EQ,INE0DK501011,75.6,76.9,73.5,73.95,73.9,75.7,4439911,334397677.1,28125,LEGACY
2023-05-24,SANOFI,Sanofi India,EQ,INE058A01010,6349.8,6434.0,6331.1,6403.6,6402.0,6354.35,19820,126750679.05,4451,LEGACY
2023-05-24,STAR,Strides Pharma Science,EQ,INE939A01011,369.9,379.85,367.25,377.6,379.5,368.95,827212,311391212.4,18692,LEGACY
2023-05-24,SUNPHARMA,Sun Pharmaceutical Industries,EQ,INE044A01036,935.5,954.8,932.6,952.15,950.0,931.6,2953574,2792427398.1,96543,LEGACY
2023-05-24,TORNTPHARM,Torrent Pharmaceuticals,EQ,INE685A01028,1693.85,1705.0,1683.0,1690.05,1685.05,1691.1,476779,808838945.8,18917,LEGACY
2023-05-24,WOCKPHARMA,Wockhardt,EQ,INE049B01025,168.5,170.5,168.5,169.1,169.2,168.15,244891,41481372.6,4063,LEGACY
2023-05-24,ZYDUSLIFE,Zydus Lifesciences,EQ,INE010B01027,507.45,509.5,502.85,503.95,504.95,507.45,775925,392178866.65,27326,LEGACY
2023-05-25,ABBOTINDIA,Abbott India,EQ,INE358A01014,21580.0,21933.75,21416.45,21840.9,21865.0,21470.0,7369,159691207.7,2500,LEGACY
2023-05-25,AJANTPHARM,Ajanta Pharma,EQ,INE031B01049,1295.0,1306.6,1285.0,1290.75,1290.0,1299.8,30272,39223189.35,5654,LEGACY
2023-05-25,ALKEM,Alkem Laboratories,EQ,INE540L01014,3310.1,3360.0,3282.4,3324.4,3340.3,3310.1,226650,748957128.45,11724,LEGACY
2023-05-25,APLLTD,Alembic Pharmaceuticals,EQ,INE901L01018,553.9,559.3,549.3,555.25,555.45,551.6,31632,17554163.5,3032,LEGACY
2023-05-25,AUROPHARMA,Aurobindo Pharma,EQ,INE406A01037,604.6,608.3,594.0,605.0,606.7,603.7,1162631,700526564.8,31988,LEGACY
2023-05-25,BIOCON,Biocon,EQ,INE376G01013,243.45,249.2,238.85,239.85,240.0,243.0,6697848,1629892130.85,52844,LEGACY
2023-05-25,CIPLA,Cipla,EQ,INE059A01026,941.45,947.0,935.0,945.45,945.5,938.0,2178211,2054166504.3,46284,LEGACY
2023-05-25,DIVISLAB,Divi's Laboratories,EQ,INE361B01024,3371.05,3452.8,3365.0,3435.65,3440.0,3383.15,641670,2194870044.75,45421,LEGACY
2023-05-25,DRREDDY,Dr. Reddy's Laboratories,EQ,INE089A01023,4533.9,4533.9,4482.4,4503.95,4506.05,4519.25,206764,930425232.85,29749,LEGACY
2023-05-25,GLAND,Gland Pharma,EQ,INE068V01023,943.0,954.9,919.0,924.15,923.6,934.45,505856,471805974.3,24145,LEGACY
2023-05-25,GLAXO,GlaxoSmithKline Pharmaceuticals,EQ,INE159A01016,1301.1,1316.5,1295.0,1304.45,1309.9,1309.65,70809,92722333.4,2679,LEGACY
2023-05-25,GLENMARK,Glenmark Pharmaceuticals,EQ,INE935A01035,606.1,613.4,603.45,607.4,606.2,608.55,1557737,947822934.05,22960,LEGACY
2023-05-25,GRANULES,Granules India,EQ,INE101D01020,279.85,280.0,272.35,273.05,273.0,278.9,1659369,455493714.2,17094,LEGACY
2023-05-25,IPCALAB,IPCA Laboratories,EQ,INE571A01038,684.8,687.95,680.0,681.7,682.3,684.9,169398,115683434.4,9046,LEGACY
2023-05-25,JBCHEPHARM,JB Chemicals & Pharmaceuticals,EQ,INE572A01028,1920.0,2080.0,1915.2,2054.85,2048.85,1920.05,741502,1519051173.6,46069,LEGACY
2023-05-25,LAURUSLABS,Laurus Labs,EQ,INE947Q01028,334.8,338.15,330.55,333.4,333.75,334.8,2420869,808955328.5,31121,LEGACY
2023-05-25,LUPIN,Lupin,EQ,INE326A01037,777.95,785.65,776.0,778.85,780.0,777.95,479838,374286898.8,12708,LEGACY
2023-05-25,MANKIND,Mankind Pharma,EQ,INE634S01028,1329.0,1343.85,1319.8,1327.7,1328.5,1322.65,132683,176504990.45,12790,LEGACY
2023-05-25,NATCOPHARM,Natco Pharma,EQ,INE987B01026,619.0,625.0,609.15,620.55,620.0,618.35,250608,155035222.15,7662,LEGACY
2023-05-25,PEL,Piramal Enterprises,EQ,INE140A01024,769.65,775.6,765.0,769.5,770.8,769.55,711893,547857869.55,20615,LEGACY
2023-05-25,PFIZER,Pfizer,EQ,INE182A01018,3819.6,3829.8,3800.0,3820.45,3818.0,3819.6,3535,13477678.75,807,LEGACY
2023-05-25,PPLPHARMA,Piramal Pharma,EQ,INE0DK501011,77.0,83.95,77.0,78.5,78.45,73.95,47723232,3856563452.5,131685,LEGACY
2023-05-25,SANOFI,Sanofi India,EQ,INE058A01010,6403.6,6820.0,6403.6,6775.4,6750.0,6403.6,124751,834606677.9,21877,LEGACY
2023-05-25,STAR,Strides Pharma Science,EQ,INE939A01011,381.35,390.65,346.15,363.5,363.85,377.6,3885914,1429583549.85,69951,LEGACY
2023-05-25,SUNPHARMA,Sun Pharmaceutical Industries,EQ,INE044A01036,949.7,951.7,942.7,945.0,944.9,952.15,2331464,2204164442.1,84291,LEGACY
2023-05-25,TORNTPHARM,Torrent Pharmaceuticals,EQ,INE685A01028,1686.7,1708.0,1683.1,1701.35,1690.0,1690.05,405240,689177650.3,24171,LEGACY
2023-05-25,WOCKPHARMA,Wockhardt,EQ,INE049B01025,169.2,173.0,168.1,171.65,172.2,169.1,395227,67754018.0,7224,LEGACY
2023-05-25,ZYDUSLIFE,Zydus Lifesciences,EQ,INE010B01027,503.95,508.5,499.5,505.7,507.3,503.95,963307,485901307.3,26581,LEGACY
2023-05-26,ABBOTINDIA,Abbott India,EQ,INE358A01014,21940.0,21941.65,21680.0,21901.45,21899.0,21840.9,6057,132221338.85,2347,LEGACY
2023-05-26,AJANTPHARM,Ajanta Pharma,EQ,INE031B01049,1295.05,1301.0,1273.65,1293.0,1290.15,1290.75,49477,63881636.3,10230,LEGACY
2023-05-26,ALKEM,Alkem Laboratories,EQ,INE540L01014,3329.1,3368.5,3309.95,3345.85,3340.15,3324.4,140257,469941629.25,10220,LEGACY
2023-05-26,APLLTD,Alembic Pharmaceuticals,EQ,INE901L01018,555.5,565.05,545.0,546.4,545.9,555.25,174839,96790223.7,6209,LEGACY
2023-05-26,AUROPHARMA,Aurobindo Pharma,EQ,INE406A01037,591.25,618.0,591.25,614.85,616.15,605.0,1570786,953126399.35,30295,LEGACY
2023-05-26,BIOCON,Biocon,EQ,INE376G01013,240.5,241.8,236.7,239.45,239.4,239.85,3430449,820722345.7,45836,LEGACY
2023-05-26,CIPLA,Cipla,EQ,INE059A01026,945.9,952.75,940.5,951.35,950.0,945.45,1130476,1072176480.4,53861,LEGACY
2023-05-26,DIVISLAB,Divi's Laboratories,EQ,INE361B01024,3435.65,3520.0,3425.2,3514.0,3503.0,3435.65,829186,2894879462.5,56360,LEGACY
2023-05-26,DRREDDY,Dr. Reddy's Laboratories,EQ,INE089A01023,4505.05,4539.0,4499.95,4530.95,4533.0,4503.95,150587,681588722.9,18270,LEGACY
2023-05-26,GLAND,Gland Pharma,EQ,INE068V01023,928.0,932.0,912.1,929.25,930.95,924.15,604233,556804192.7,23229,LEGACY
2023-05-26,GLAXO,GlaxoSmithKline Pharmaceuticals,EQ,INE159A01016,1311.0,1311.0,1300.0,1309.0,1311.0,1304.45,16988,22200813.8,2502,LEGACY
2023-05-26,GLENMARK,Glenmark Pharmaceuticals,EQ,INE935A01035,606.2,609.7,587.0,591.4,591.05,607.4,1103389,653802430.75,23906,LEGACY
2023-05-26,GRANULES,Granules India,EQ,INE101D01020,273.05,277.85,272.35,276.85,277.4,273.05,810097,222580117.05,12078,LEGACY
2023-05-26,IPCALAB,IPCA Laboratories,EQ,INE571A01038,682.45,685.9,677.55,684.45,682.95,681.7,171176,116700869.0,11233,LEGACY
2023-05-26,JBCHEPHARM,JB Chemicals & Pharmaceuticals,EQ,INE572A01028,2050.8,2084.15,2014.05,2064.25,2056.0,2054.85,160627,329267534.8,12047,LEGACY
2023-05-26,LAURUSLABS,Laurus Labs,EQ,INE947Q01028,334.25,335.85,330.0,334.85,334.4,333.4,1433355,477079123.95,19224,LEGACY
2023-05-26,LUPIN,Lupin,EQ,INE326A01037,778.85,783.6,773.2,779.95,780.55,778.85,369378,287644177.15,12504,LEGACY
2023-05-26,MANKIND,Mankind Pharma,EQ,INE634S01028,1327.65,1334.95,1320.5,1323.6,1322.2,1327.7,83415,110700672.75,8995,LEGACY
2023-05-26,NATCOPHARM,Natco Pharma,EQ,INE987B01026,622.0,640.0,617.4,629.8,639.5,620.55,270892,170819269.5,9689,LEGACY
2023-05-26,PEL,Piramal Enterprises,EQ,INE140A01024,772.7,774.0,762.0,771.3,769.8,769.5,663648,509852723.4,23228,LEGACY
2023-05-26,PFIZER,Pfizer,EQ,INE182A01018,3817.35,3837.9,3720.0,3805.5,3800.0,3820.45,23476,89245865.85,1562,LEGACY
2023-05-26,PPLPHARMA,Piramal Pharma,EQ,INE0DK501011,78.45,82.9,77.95,82.55,82.45,78.5,19842366,1614296116.6,60005,LEGACY
2023-05-26,SANOFI,Sanofi India,EQ,INE058A01010,6775.4,6910.0,6661.0,6850.1,6850.0,6775.4,74963,510881584.0,15596,LEGACY
2023-05-26,STAR,Strides Pharma Science,EQ,INE939A01011,365.0,384.4,360.3,378.1,375.0,363.5,2033920,767542579.6,39455,LEGACY
2023-05-26,SUNPHARMA,Sun Pharmaceutical Industries,EQ,INE044A01036,943.95,976.7,937.0,969.9,966.95,945.0,4137189,3967651622.65,120512,LEGACY
2023-05-26,TORNTPHARM,Torrent Pharmaceuticals,EQ,INE685A01028,1695.5,1707.0,1688.35,1700.25,1703.9,1701.35,160775,273124422.8,15866,LEGACY
2023-05-26,WOCKPHARMA,Wockhardt,EQ,INE049B01025,172.7,173.5,171.15,172.2,171.85,171.65,275464,47454715.5,4326,LEGACY
2023-05-26,ZYDUSLIFE,Zydus Lifesciences,EQ,INE010B01027,508.0,513.75,504.3,508.25,508.0,505.7,977223,496973043.9,19933,LEGACY
2023-05-29,ABBOTINDIA,Abbott India,EQ,INE358A01014,21970.0,21988.0,21747.0,21893.8,21851.55,21901.45,6045,132190546.9,1970,LEGACY
2023-05-29,AJANTPHARM,Ajanta Pharma,EQ,INE031B01049,1298.7,1307.55,1285.0,1303.7,1305.0,1293.0,43971,57122752.9,8645,LEGACY
2023-05-29,ALKEM,Alkem Laboratories,EQ,INE540L01014,3349.9,3380.0,3327.65,3348.45,3357.95,3345.85,77549,260386725.9,16236,LEGACY
2023-05-29,APLLTD,Alembic Pharmaceuticals,EQ,INE901L01018,549.1,558.0,546.7,554.9,556.0,546.4,64942,35873665.9,4248,LEGACY
2023-05-29,AUROPHARMA,Aurobindo Pharma,EQ,INE406A01037,621.05,621.05,584.65,611.3,610.75,614.85,4209725,2529533270.65,62199,LEGACY
2023-05-29,BIOCON,Biocon,EQ,INE376G01013,240.3,244.4,238.5,242.05,242.25,239.45,2492152,602292092.4,22549,LEGACY
2023-05-29,CIPLA,Cipla,EQ,INE059A01026,952.0,959.2,945.1,956.25,953.1,951.35,1744868,1659804464.35,47741,LEGACY
2023-05-29,DIVISLAB,Divi's Laboratories,EQ,INE361B01024,3525.0,3534.9,3466.05,3477.85,3474.0,3514.0,360805,1257461525.35,26989,LEGACY
2023-05-29,DRREDDY,Dr. Reddy's Laboratories,EQ,INE089A01023,4547.9,4569.0,4520.0,4556.25,4559.0,4530.95,185628,845501853.65,18869,LEGACY
2023-05-29,GLAND,Gland Pharma,EQ,INE068V01023,929.3,940.0,910.0,911.6,911.85,929.25,503070,462001138.0,40537,LEGACY
2023-05-29,GLAXO,GlaxoSmithKline Pharmaceuticals,EQ,INE159A01016,1309.0,1309.6,1297.2,1304.15,1300.0,1309.0,121766,158898871.8,2962,LEGACY
2023-05-29,GLENMARK,Glenmark Pharmaceuticals,EQ,INE935A01035,591.4,598.0,589.35,594.5,593.0,591.4,848123,504226277.2,14778,LEGACY
2023-05-29,GRANULES,Granules India,EQ,INE101D01020,278.0,282.35,276.85,281.35,281.75,276.85,738499,206885069.1,10118,LEGACY
2023-05-29,IPCALAB,IPCA Laboratories,EQ,INE571A01038,686.45,691.35,675.45,689.1,687.95,684.45,962650,659836595.2,29869,LEGACY
2023-05-29,JBCHEPHARM,JB Chemicals & Pharmaceuticals,EQ,INE572A01028,2068.0,2142.9,2062.8,2101.65,2109.0,2064.25,141310,298382595.7,14524,LEGACY
2023-05-29,LAURUSLABS,Laurus Labs,EQ,INE947Q01028,334.85,337.0,332.05,334.65,333.8,334.85,932053,311805443.15,12884,LEGACY
2023-05-29,LUPIN,Lupin,EQ,INE326A01037,787.95,811.7,780.0,805.7,805.0,779.95,1895651,1519730085.8,40337,LEGACY
2023-05-29,MANKIND,Mankind Pharma,EQ,INE634S01028,1328.0,1375.0,1320.0,1367.6,1370.2,1323.6,495981,674382499.15,22856,LEGACY
2023-05-29,NATCOPHARM,Natco Pharma,EQ,INE987B01026,637.75,659.7,629.1,633.1,636.0,629.8,2029363,1305129057.85,42422,LEGACY
2023-05-29,PEL,Piramal Enterprises,EQ,INE140A01024,775.0,784.9,772.0,775.35,774.9,771.3,726166,565297813.0,23571,LEGACY
2023-05-29,PFIZER,Pfizer,EQ,INE182A01018,3815.0,3829.9,3785.0,3805.25,3809.95,3805.5,5290,20134094.0,1187,LEGACY
2023-05-29,PPLPHARMA,Piramal Pharma,EQ,INE0DK501011,84.0,84.65,81.6,82.1,82.3,82.55,11873114,986040931.95,39499,LEGACY
2023-05-29,SANOFI,Sanofi India,EQ,INE058A01010,6880.0,6880.05,6782.2,6814.25,6811.5,6850.1,36459,248837835.35,7710,LEGACY
2023-05-29,STAR,Strides Pharma Science,EQ,INE939A01011,376.95,377.8,365.0,366.95,367.0,378.1,526004,194542691.75,14051,LEGACY
2023-05-29,SUNPHARMA,Sun Pharmaceutical Industries,EQ,INE044A01036,969.95,973.25,946.4,968.45,968.5,969.9,5344765,5121168398.3,134349,LEGACY
2023-05-29,TORNTPHARM,Torrent Pharmaceuticals,EQ,INE685A01028,1710.0,1715.0,1697.0,1705.95,1711.0,1700.25,160320,273225699.45,12967,LEGACY
2023-05-29,WOCKPHARMA,Wockhardt,EQ,INE049B01025,172.0,172.0,168.1,169.25,169.35,172.2,291664,49547500.9,5100,LEGACY
2023-05-29,ZYDUSLIFE,Zydus Lifesciences,EQ,INE010B01027,508.95,514.0,507.05,512.05,512.0,508.25,489946,250121763.3,15205,LEGACY
2023-05-30,ABBOTINDIA,Abbott India,EQ,INE358A01014,21950.0,22084.8,21879.35,22054.6,22050.95,21893.8,6888,151554200.3,2547,LEGACY
2023-05-30,AJANTPHARM,Ajanta Pharma,EQ,INE031B01049,1291.9,1309.9,1291.9,1298.8,1304.0,1303.7,23059,29963374.75,7232,LEGACY
2023-05-30,ALKEM,Alkem Laboratories,EQ,INE540L01014,3351.9,3390.0,3341.8,3358.7,3350.0,3348.45,144778,486997337.95,15153,LEGACY
2023-05-30,APLLTD,Alembic Pharmaceuticals,EQ,INE901L01018,557.0,562.4,553.05,555.45,555.0,554.9,41024,22887569.4,3676,LEGACY
2023-05-30,AUROPHARMA,Aurobindo Pharma,EQ,INE406A01037,614.05,655.0,612.75,650.75,649.5,611.3,9346787,6012607669.7,138435,LEGACY
2023-05-30,BIOCON,Biocon,EQ,INE376G01013,242.25,242.95,239.05,241.65,241.7,242.05,1529554,368505110.1,15514,LEGACY
2023-05-30,CIPLA,Cipla,EQ,INE059A01026,957.6,961.5,951.0,959.85,959.0,956.25,1337311,1280902582.7,54859,LEGACY
2023-05-30,DIVISLAB,Divi's Laboratories,EQ,INE361B01024,3477.0,3477.0,3432.0,3458.0,3453.7,3477.85,327381,1131429405.15,28615,LEGACY
2023-05-30,DRREDDY,Dr. Reddy's Laboratories,EQ,INE089A01023,4556.25,4556.25,4498.85,4518.9,4509.4,4556.25,273989,1238742543.3,36930,LEGACY
2023-05-30,GLAND,Gland Pharma,EQ,INE068V01023,912.75,920.0,896.5,907.7,910.5,911.6,493509,446231119.25,23629,LEGACY
2023-05-30,GLAXO,GlaxoSmithKline Pharmaceuticals,EQ,INE159A01016,1304.1,1318.0,1302.25,1306.55,1309.7,1304.15,141683,185021504.3,3283,LEGACY
2023-05-30,GLENMARK,Glenmark Pharmaceuticals,EQ,INE935A01035,597.45,600.7,590.1,595.45,595.2,594.5,695866,414611956.2,16632,LEGACY
2023-05-30,GRANULES,Granules India,EQ,INE101D01020,282.8,284.75,280.55,281.95,281.6,281.35,904908,255942411.6,12297,LEGACY
2023-05-30,IPCALAB,IPCA Laboratories,EQ,INE571A01038,690.0,693.9,683.05,687.95,687.35,689.1,681693,469085999.1,14156,LEGACY
2023-05-30,JBCHEPHARM,JB Chemicals & Pharmaceuticals,EQ,INE572A01028,2108.95,2134.9,2101.55,2116.8,2105.0,2101.65,45706,96776832.9,7029,LEGACY
2023-05-30,LAURUSLABS,Laurus Labs,EQ,INE947Q01028,336.4,337.7,328.95,331.75,332.4,334.65,1257964,419438101.3,19173,LEGACY
2023-05-30,LUPIN,Lupin,EQ,INE326A01037,810.0,813.75,798.1,803.6,803.0,805.7,1337941,1077960376.5,41431,LEGACY
2023-05-30,MANKIND,Mankind Pharma,EQ,INE634S01028,1381.3,1385.0,1345.0,1355.95,1357.15,1367.6,258524,352823838.25,10618,LEGACY
2023-05-30,NATCOPHARM,Natco Pharma,EQ,INE987B01026,649.8,649.8,615.5,619.5,619.0,633.1,1055388,666068918.0,27574,LEGACY
2023-05-30,PEL,Piramal Enterprises,EQ,INE140A01024,777.05,780.8,767.2,777.85,778.8,775.35,393594,305114176.9,13604,LEGACY
2023-05-30,PFIZER,Pfizer,EQ,INE182A01018,3832.0,3832.0,3783.25,3800.7,3801.0,3805.25,18984,72142623.1,4408,LEGACY
2023-05-30,PPLPHARMA,Piramal Pharma,EQ,INE0DK501011,82.6,85.0,81.55,84.0,83.9,82.1,9360385,783060279.35,27777,LEGACY
2023-05-30,SANOFI,Sanofi India,EQ,INE058A01010,6814.95,6844.85,6789.0,6803.8,6802.0,6814.25,19390,131996488.75,4109,LEGACY
2023-05-30,STAR,Strides Pharma Science,EQ,INE939A01011,368.0,368.7,355.65,357.2,355.9,366.95,423477,152246541.65,10936,LEGACY
2023-05-30,SUNPHARMA,Sun Pharmaceutical Industries,EQ,INE044A01036,965.0,967.45,956.3,959.6,960.9,968.45,2624815,2521672254.65,92196,LEGACY
2023-05-30,TORNTPHARM,Torrent Pharmaceuticals,EQ,INE685A01028,1711.25,1721.25,1689.7,1713.55,1706.55,1705.95,356046,608796802.0,18798,LEGACY
2023-05-30,WOCKPHARMA,Wockhardt,EQ,INE049B01025,169.0,171.9,168.45,169.55,170.0,169.25,269175,45705510.7,5608,LEGACY
2023-05-30,ZYDUSLIFE,Zydus Lifesciences,EQ,INE010B01027,510.0,516.75,504.75,505.75,506.65,512.05,468836,238884877.9,16249,LEGACY
2023-05-31,ABBOTINDIA,Abbott India,EQ,INE358A01014,22025.0,22119.95,21696.2,21737.9,21729.0,22054.6,6644,145056140.2,2317,LEGACY
2023-05-31,AJANTPHARM,Ajanta Pharma,EQ,INE031B01049,1287.0,1328.0,1285.2,1308.25,1300.0,1298.8,119099,155412130.25,9923,LEGACY
2023-05-31,ALKEM,Alkem Laboratories,EQ,INE540L01014,3368.0,3396.6,3345.05,3359.6,3368.0,3358.7,92711,312570555.6,8695,LEGACY
2023-05-31,APLLTD,Alembic Pharmaceuticals,EQ,INE901L01018,558.25,558.25,542.4,546.55,550.0,555.45,130126,71342410.8,7734,LEGACY
2023-05-31,AUROPHARMA,Aurobindo Pharma,EQ,INE406A01037,649.5,662.95,647.15,658.6,657.35,650.75,3860137,2539757671.9,67799,LEGACY
2023-05-31,BIOCON,Biocon,EQ,INE376G01013,240.55,246.4,240.55,245.2,245.25,241.65,2814189,687966844.65,26385,LEGACY
2023-05-31,CIPLA,Cipla,EQ,INE059A01026,960.2,965.0,942.3,953.05,949.0,959.85,3561991,3404054382.5,50763,LEGACY
2023-05-31,DIVISLAB,Divi's Laboratories,EQ,INE361B01024,3428.0,3503.75,3420.05,3443.6,3430.0,3458.0,1861153,6421000987.3,69790,LEGACY
2023-05-31,DRREDDY,Dr. Reddy's Laboratories,EQ,INE089A01023,4510.0,4529.65,4480.95,4501.05,4506.25,4518.9,1262701,5684962761.2,66028,LEGACY
2023-05-31,GLAND,Gland Pharma,EQ,INE068V01023,908.5,927.6,902.0,924.05,921.9,907.7,277597,255353759.9,14997,LEGACY
2023-05-31,GLAXO,GlaxoSmithKline Pharmaceuticals,EQ,INE159A01016,1306.55,1314.85,1303.75,1305.35,1307.0,1306.55,32350,42240650.6,3004,LEGACY
2023-05-31,GLENMARK,Glenmark Pharmaceuticals,EQ,INE935A01035,593.95,601.8,591.75,597.75,596.2,595.45,637663,380536674.65,18238,LEGACY
2023-05-31,GRANULES,Granules India,EQ,INE101D01020,281.4,284.4,279.85,281.95,282.0,281.95,785679,221840657.8,9992,LEGACY
2023-05-31,IPCALAB,IPCA Laboratories,EQ,INE571A01038,690.0,706.95,685.8,700.95,701.0,687.95,924542,648685702.85,34344,LEGACY
2023-05-31,JBCHEPHARM,JB Chemicals & Pharmaceuticals,EQ,INE572A01028,2085.1,2131.4,2085.1,2104.5,2103.0,2116.8,37422,78890385.15,3495,LEGACY
2023-05-31,LAURUSLABS,Laurus Labs,EQ,INE947Q01028,332.0,336.5,330.0,330.7,331.0,331.75,1157152,384654462.7,16781,LEGACY
2023-05-31,LUPIN,Lupin,EQ,INE326A01037,806.15,813.0,801.25,804.5,806.0,803.6,1122072,903879418.85,28224,LEGACY
2023-05-31,MANKIND,Mankind Pharma,EQ,INE634S01028,1379.95,1398.6,1326.0,1360.0,1360.0,1355.95,879563,1190503833.1,40895,LEGACY
2023-05-31,NATCOPHARM,Natco Pharma,EQ,INE987B01026,623.55,626.8,615.75,618.8,619.95,619.5,545569,338731726.0,17179,LEGACY
2023-05-31,PEL,Piramal Enterprises,EQ,INE140A01024,777.45,785.0,766.0,771.25,770.0,777.85,560927,432848209.5,18690,LEGACY
2023-05-31,PFIZER,Pfizer,EQ,INE182A01018,3720.0,3825.0,3720.0,3800.7,3800.0,3800.7,8303,31487915.95,2259,LEGACY
2023-05-31,PPLPHARMA,Piramal Pharma,EQ,INE0DK501011,84.4,84.4,80.8,81.35,81.35,84.0,7479194,613828061.9,27214,LEGACY
2023-05-31,SANOFI,Sanofi India,EQ,INE058A01010,6803.8,6826.45,6782.0,6792.65,6799.95,6803.8,15853,107777185.45,4213,LEGACY
2023-05-31,STAR,Strides Pharma Science,EQ,INE939A01011,358.9,364.0,352.2,359.3,358.0,357.2,411277,146868733.9,13760,LEGACY
2023-05-31,SUNPHARMA,Sun Pharmaceutical Industries,EQ,INE044A01036,965.0,979.3,960.75,975.35,976.0,959.6,5595631,5450034758.05,105928,LEGACY
2023-05-31,TORNTPHARM,Torrent Pharmaceuticals,EQ,INE685A01028,1749.0,1884.9,1745.0,1835.8,1819.0,1713.55,4659481,8460752585.55,132972,LEGACY
2023-05-31,WOCKPHARMA,Wockhardt,EQ,INE049B01025,169.55,171.2,168.2,168.6,169.0,169.55,277924,47030883.7,5014,LEGACY
2023-05-31,ZYDUSLIFE,Zydus Lifesciences,EQ,INE010B01027,507.0,510.6,498.85,502.3,501.95,505.75,1103206,554367546.1,25509,LEGACY
2023-06-01,ABBOTINDIA,Abbott India,EQ,INE358A01014,21857.7,21889.7,21550.0,21602.65,21550.0,21737.9,10678,232274579.55,3646,LEGACY
2023-06-01,AJANTPHARM,Ajanta Pharma,EQ,INE031B01049,1310.0,1321.95,1292.85,1313.75,1310.0,1308.25,133548,175435406.6,5391,LEGACY
2023-06-01,ALKEM,Alkem Laboratories,EQ,INE540L01014,3383.95,3418.75,3366.45,3380.35,3385.0,3359.6,55564,188303631.0,10717,LEGACY
2023-06-01,APLLTD,Alembic Pharmaceuticals,EQ,INE901L01018,549.25,560.5,543.4,548.85,549.0,546.55,62377,34511330.65,4644,LEGACY
2023-06-01,AUROPHARMA,Aurobindo Pharma,EQ,INE406A01037,655.5,661.0,646.15,658.7,655.25,658.6,1657715,1085457302.75,38822,LEGACY
2023-06-01,BIOCON,Biocon,EQ,INE376G01013,247.0,247.95,245.0,245.3,245.1,245.2,2522264,621661063.55,22731,LEGACY
2023-06-01,CIPLA,Cipla,EQ,INE059A01026,950.0,966.5,946.75,964.75,964.1,953.05,1132919,1086919301.85,37737,LEGACY
2023-06-01,DIVISLAB,Divi's Laboratories,EQ,INE361B01024,3451.55,3562.0,3443.6,3525.4,3531.4,3443.6,791714,2796178820.8,60381,LEGACY
2023-06-01,DRREDDY,Dr. Reddy's Laboratories,EQ,INE089A01023,4509.85,4559.95,4501.05,4552.05,4550.0,4501.05,305791,1389257464.15,40324,LEGACY
2023-06-01,GLAND,Gland Pharma,EQ,INE068V01023,923.0,943.0,921.25,932.45,932.0,924.05,336810,314472211.4,13378,LEGACY
2023-06-01,GLAXO,GlaxoSmithKline Pharmaceuticals,EQ,INE159A01016,1305.35,1339.3,1305.35,1327.2,1330.0,1305.35,38153,50483278.35,4949,LEGACY
2023-06-01,GLENMARK,Glenmark Pharmaceuticals,EQ,INE935A01035,597.65,612.6,596.0,609.6,609.6,597.75,988742,600193898.65,18345,LEGACY
2023-06-01,GRANULES,Granules India,EQ,INE101D01020,281.65,288.8,281.55,288.05,287.8,281.95,1224324,351148632.7,13408,LEGACY
2023-06-01,IPCALAB,IPCA Laboratories,EQ,INE571A01038,705.0,711.45,698.6,705.5,705.15,700.95,346424,244657863.4,14507,LEGACY
2023-06-01,JBCHEPHARM,JB Chemicals & Pharmaceuticals,EQ,INE572A01028,2100.0,2126.6,2082.0,2116.75,2121.35,2104.5,38262,80492821.55,5550,LEGACY
2023-06-01,LAURUSLABS,Laurus Labs,EQ,INE947Q01028,334.65,345.0,333.05,340.5,340.05,330.7,6986665,2378763260.3,70193,LEGACY
2023-06-01,LUPIN,Lupin,EQ,INE326A01037,806.0,817.35,805.0,812.15,813.5,804.5,905122,735738609.95,29692,LEGACY
2023-06-01,MANKIND,Mankind Pharma,EQ,INE634S01028,1368.0,1401.0,1365.3,1395.4,1393.9,1360.0,574856,796344862.35,29851,LEGACY
2023-06-01,NATCOPHARM,Natco Pharma,EQ,INE987B01026,623.9,634.0,618.9,622.95,625.0,618.8,663142,414466007.15,21130,LEGACY
2023-06-01,PEL,Piramal Enterprises,EQ,INE140A01024,771.9,789.95,770.0,782.45,781.0,771.25,1010943,792275591.1,32312,LEGACY
2023-06-01,PFIZER,Pfizer,EQ,INE182A01018,3800.7,3848.25,3794.9,3810.25,3820.0,3800.7,36599,139638058.8,5701,LEGACY
2023-06-01,PPLPHARMA,Piramal Pharma,EQ,INE0DK501011,81.9,82.5,80.7,81.0,81.05,81.35,5473497,446069152.35,25822,LEGACY
2023-06-01,SANOFI,Sanofi India,EQ,INE058A01010,6826.45,6870.0,6806.5,6839.1,6821.0,6792.65,12713,87021460.75,3349,LEGACY
2023-06-01,STAR,Strides Pharma Science,EQ,INE939A01011,361.1,364.55,356.4,359.5,359.8,359.3,200665,72206667.2,6562,LEGACY
2023-06-01,SUNPHARMA,Sun Pharmaceutical Industries,EQ,INE044A01036,979.8,990.45,975.0,987.7,986.55,975.35,3261906,3208253096.7,74533,LEGACY
2023-06-01,TORNTPHARM,Torrent Pharmaceuticals,EQ,INE685A01028,1835.9,1843.85,1763.9,1774.8,1772.05,1835.8,1113670,1999703019.5,79836,LEGACY
2023-06-01,WOCKPHARMA,Wockhardt,EQ,INE049B01025,169.4,170.55,167.7,168.6,168.25,168.6,308059,52009018.3,5377,LEGACY
2023-06-01,ZYDUSLIFE,Zydus Lifesciences,EQ,INE010B01027,502.3,514.4,500.8,513.4,512.15,502.3,888694,451378134.0,25101,LEGACY
2023-06-02,ABBOTINDIA,Abbott India,EQ,INE358A01014,21602.0,21995.95,21503.0,21927.25,21888.0,21602.65,10784,234535148.7,4785,LEGACY
2023-06-02,AJANTPHARM,Ajanta Pharma,EQ,INE031B01049,1319.9,1331.6,1301.8,1322.75,1330.0,1313.75,35785,47213618.75,4953,LEGACY
2023-06-02,ALKEM,Alkem Laboratories,EQ,INE540L01014,3380.35,3397.1,3341.1,3363.75,3379.0,3380.35,63221,212503611.65,9931,LEGACY
2023-06-02,APLLTD,Alembic Pharmaceuticals,EQ,INE901L01018,551.6,560.85,551.0,553.85,553.95,548.85,54509,30389572.25,5845,LEGACY
2023-06-02,AUROPHARMA,Aurobindo Pharma,EQ,INE406A01037,658.55,663.7,652.35,662.5,661.3,658.7,1226863,808911809.25,29160,LEGACY
2023-06-02,BIOCON,Biocon,EQ,INE376G01013,242.0,242.0,234.0,240.25,240.2,245.3,7195827,1716829567.3,57895,LEGACY
2023-06-02,CIPLA,Cipla,EQ,INE059A01026,965.9,969.65,954.65,965.85,965.0,964.75,1098485,1056789964.5,43430,LEGACY
2023-06-02,DIVISLAB,Divi's Laboratories,EQ,INE361B01024,3525.0,3554.45,3495.0,3511.6,3524.2,3525.4,477154,1677980064.8,45670,LEGACY
2023-06-02,DRREDDY,Dr. Reddy's Laboratories,EQ,INE089A01023,4568.95,4620.0,4565.05,4610.45,4618.0,4552.05,501913,2308909575.7,50071,LEGACY
2023-06-02,GLAND,Gland Pharma,EQ,INE068V01023,936.0,937.0,920.0,922.25,923.4,932.45,332720,307712030.8,38991,LEGACY
2023-06-02,GLAXO,GlaxoSmithKline Pharmaceuticals,EQ,INE159A01016,1332.75,1400.0,1289.7,1390.95,1392.0,1327.2,233374,319036981.25,17553,LEGACY
2023-06-02,GLENMARK,Glenmark Pharmaceuticals,EQ,INE935A01035,613.85,615.35,608.5,614.15,614.0,609.6,770385,471494273.35,13489,LEGACY
2023-06-02,GRANULES,Granules India,EQ,INE101D01020,289.25,291.0,283.35,286.95,287.0,288.05,1373742,393000721.75,18203,LEGACY
2023-06-02,IPCALAB,IPCA Laboratories,EQ,INE571A01038,705.5,717.0,703.0,714.2,714.2,705.5,643392,457250477.7,18714,LEGACY
2023-06-02,JBCHEPHARM,JB Chemicals & Pharmaceuticals,EQ,INE572A01028,2111.6,2135.0,2111.6,2119.25,2123.0,2116.75,20425,43395156.25,3669,LEGACY
2023-06-02,LAURUSLABS,Laurus Labs,EQ,INE947Q01028,342.45,347.0,338.5,346.05,346.05,340.5,2932962,1007065748.5,30878,LEGACY
2023-06-02,LUPIN,Lupin,EQ,INE326A01037,815.0,820.5,806.1,816.95,819.35,812.15,586226,476545062.15,20448,LEGACY
2023-06-02,MANKIND,Mankind Pharma,EQ,INE634S01028,1406.0,1509.05,1399.05,1466.25,1465.0,1395.4,1540408,2259910349.4,63276,LEGACY
2023-06-02,NATCOPHARM,Natco Pharma,EQ,INE987B01026,625.0,636.3,623.15,627.8,628.85,622.95,1114400,700238029.3,24647,LEGACY
2023-06-02,PEL,Piramal Enterprises,EQ,INE140A01024,789.0,794.0,782.35,785.7,786.0,782.45,856311,674692828.35,30448,LEGACY
2023-06-02,PFIZER,Pfizer,EQ,INE182A01018,3828.0,3902.0,3805.0,3850.7,3850.0,3810.25,22885,88345521.55,3859,LEGACY
2023-06-02,PPLPHARMA,Piramal Pharma,EQ,INE0DK501011,81.55,82.8,81.35,81.95,82.0,81.0,3643422,299238890.2,15946,LEGACY
2023-06-02,SANOFI,Sanofi India,EQ,INE058A01010,6842.0,7040.0,6841.95,7007.0,7000.0,6839.1,47790,333905444.15,10764,LEGACY
2023-06-02,STAR,Strides Pharma Science,EQ,INE939A01011,360.9,361.85,353.2,359.5,359.7,359.5,392248,140031937.4,10242,LEGACY
2023-06-02,SUNPHARMA,Sun Pharmaceutical Industries,EQ,INE044A01036,986.55,1003.7,981.0,999.6,1001.5,987.7,3734815,3714466000.05,113823,LEGACY
2023-06-02,TORNTPHARM,Torrent Pharmaceuticals,EQ,INE685A01028,1780.05,1799.95,1773.95,1777.45,1775.0,1774.8,686203,1225086345.25,28278,LEGACY
2023-06-02,WOCKPHARMA,Wockhardt,EQ,INE049B01025,169.5,170.2,168.0,168.4,168.0,168.6,304186,51303878.15,4247,LEGACY
2023-06-02,ZYDUSLIFE,Zydus Lifesciences,EQ,INE010B01027,513.5,520.85,513.4,518.0,518.0,513.4,1418223,735407162.5,38104,LEGACY
2023-06-05,ABBOTINDIA,Abbott India,EQ,INE358A01014,21950.0,21999.95,21720.45,21832.15,21841.0,21927.25,3841,83979568.7,1674,LEGACY
2023-06-05,AJANTPHARM,Ajanta Pharma,EQ,INE031B01049,1329.7,1395.0,1322.4,1379.35,1385.85,1322.75,112119,152890478.45,11527,LEGACY
2023-06-05,ALKEM,Alkem Laboratories,EQ,INE540L01014,3400.0,3410.0,3354.0,3395.7,3394.0,3363.75,177877,600005648.6,11359,LEGACY
2023-06-05,APLLTD,Alembic Pharmaceuticals,EQ,INE901L01018,556.65,560.0,553.0,554.05,555.0,553.85,33975,18876888.85,3167,LEGACY
2023-06-05,AUROPHARMA,Aurobindo Pharma,EQ,INE406A01037,663.05,665.4,657.0,658.9,659.1,662.5,1148661,759178461.6,23733,LEGACY
2023-06-05,BIOCON,Biocon,EQ,INE376G01013,242.7,244.4,240.5,241.4,241.0,240.25,2965611,718232073.15,29518,LEGACY
2023-06-05,CIPLA,Cipla,EQ,INE059A01026,970.0,976.9,959.15,974.8,975.75,965.85,1469770,1426322379.6,48766,LEGACY
2023-06-05,DIVISLAB,Divi's Laboratories,EQ,INE361B01024,3517.95,3524.75,3455.0,3462.3,3466.0,3511.6,633073,2197270239.45,36681,LEGACY
2023-06-05,DRREDDY,Dr. Reddy's Laboratories,EQ,INE089A01023,4631.0,4652.0,4596.7,4603.55,4611.0,4610.45,226428,1045365499.05,25463,LEGACY
2023-06-05,GLAND,Gland Pharma,EQ,INE068V01023,930.0,943.95,925.1,935.25,936.45,922.25,383146,358095932.4,17196,LEGACY
2023-06-05,GLAXO,GlaxoSmithKline Pharmaceuticals,EQ,INE159A01016,1396.0,1415.0,1380.1,1393.9,1398.0,1390.95,99415,139188117.25,10695,LEGACY
2023-06-05,GLENMARK,Glenmark Pharmaceuticals,EQ,INE935A01035,609.8,621.0,608.75,618.05,616.7,614.15,764068,471801726.35,11978,LEGACY
2023-06-05,GRANULES,Granules India,EQ,INE101D01020,288.25,288.4,284.0,284.75,284.85,286.95,606860,173408789.9,11410,LEGACY
2023-06-05,IPCALAB,IPCA Laboratories,EQ,INE571A01038,704.65,726.6,700.15,725.3,724.3,714.2,741353,533494201.6,19124,LEGACY
2023-06-05,JBCHEPHARM,JB Chemicals & Pharmaceuticals,EQ,INE572A01028,2129.85,2136.9,2100.95,2119.05,2122.15,2119.25,34845,73796777.95,9388,LEGACY
2023-06-05,LAURUSLABS,Laurus Labs,EQ,INE947Q01028,348.0,349.35,340.5,341.65,341.5,346.05,1621295,559980025.1,23933,LEGACY
2023-06-05,LUPIN,Lupin,EQ,INE326A01037,825.0,831.35,818.0,820.3,819.3,816.95,1487359,1223650891.5,33395,LEGACY
2023-06-05,MANKIND,Mankind Pharma,EQ,INE634S01028,1443.95,1469.9,1413.05,1423.9,1430.0,1466.25,612827,880400680.75,26365,LEGACY
2023-06-05,NATCOPHARM,Natco Pharma,EQ,INE987B01026,634.9,644.4,628.0,630.7,631.0,627.8,552968,351047046.6,16617,LEGACY
2023-06-05,PEL,Piramal Enterprises,EQ,INE140A01024,793.6,796.35,786.75,788.85,788.55,785.7,991853,785913561.7,31411,LEGACY
2023-06-05,PFIZER,Pfizer,EQ,INE182A01018,3881.9,4023.0,3874.9,3984.85,3970.0,3850.7,46434,184088082.9,7174,LEGACY
2023-06-05,PPLPHARMA,Piramal Pharma,EQ,INE0DK501011,82.75,90.0,82.15,89.3,89.3,81.95,26451783,2301443670.85,80769,LEGACY
2023-06-05,SANOFI,Sanofi India,EQ,INE058A01010,7044.0,7195.85,7024.55,7160.1,7133.0,7007.0,42539,304174118.15,9326,LEGACY
2023-06-05,STAR,Strides Pharma Science,EQ,INE939A01011,361.25,363.6,356.55,357.95,356.7,359.5,153316,55196279.85,3708,LEGACY
2023-06-05,SUNPHARMA,Sun Pharmaceutical Industries,EQ,INE044A01036,1005.35,1017.7,998.5,1008.75,1006.05,999.6,3629780,3669377509.35,133862,LEGACY
2023-06-05,TORNTPHARM,Torrent Pharmaceuticals,EQ,INE685A01028,1778.0,1793.4,1770.1,1775.25,1771.0,1777.45,208268,370334431.75,13647,LEGACY
2023-06-05,WOCKPHARMA,Wockhardt,EQ,INE049B01025,169.3,170.3,168.0,168.3,168.2,168.4,226988,38362721.8,4047,LEGACY
2023-06-05,ZYDUSLIFE,Zydus Lifesciences,EQ,INE010B01027,523.4,523.6,508.0,510.1,510.0,518.0,914296,468873360.7,20778,LEGACY
2023-06-06,ABBOTINDIA,Abbott India,EQ,INE358A01014,21800.0,21900.0,21591.05,21823.05,21844.0,21832.15,6250,135914638.65,2412,LEGACY
2023-06-06,AJANTPHARM,Ajanta Pharma,EQ,INE031B01049,1395.0,1439.0,1372.5,1410.9,1414.35,1379.35,218010,308504094.55,22751,LEGACY
2023-06-06,ALKEM,Alkem Laboratories,EQ,INE540L01014,3409.9,3409.9,3370.05,3388.8,3390.0,3395.7,110764,375132166.95,12839,LEGACY
2023-06-06,APLLTD,Alembic Pharmaceuticals,EQ,INE901L01018,556.7,556.8,545.0,552.8,550.5,554.05,43959,24215284.0,4164,LEGACY
2023-06-06,AUROPHARMA,Aurobindo Pharma,EQ,INE406A01037,662.0,665.75,653.05,664.0,664.05,658.9,550985,362977869.05,15821,LEGACY
2023-06-06,BIOCON,Biocon,EQ,INE376G01013,242.0,244.0,239.85,243.35,243.8,241.4,2307032,556938204.3,26963,LEGACY
2023-06-06,CIPLA,Cipla,EQ,INE059A01026,972.9,974.95,964.05,972.05,973.5,974.8,2079735,2017648115.75,54498,LEGACY
2023-06-06,DIVISLAB,Divi's Laboratories,EQ,INE361B01024,3462.95,3544.0,3441.15,3537.9,3539.55,3462.3,503263,1762877382.85,44222,LEGACY
2023-06-06,DRREDDY,Dr. Reddy's Laboratories,EQ,INE089A01023,4610.0,4640.0,4605.0,4636.65,4639.6,4603.55,232331,1074894340.75,27512,LEGACY
2023-06-06,GLAND,Gland Pharma,EQ,INE068V01023,938.35,956.8,932.85,942.0,943.9,935.25,484854,458849871.55,21105,LEGACY
2023-06-06,GLAXO,GlaxoSmithKline Pharmaceuticals,EQ,INE159A01016,1400.0,1404.0,1374.0,1388.8,1390.95,1393.9,47101,65325517.65,8157,LEGACY
2023-06-06,GLENMARK,Glenmark Pharmaceuticals,EQ,INE935A01035,614.2,633.5,614.2,631.5,632.3,618.05,661070,413724618.2,15577,LEGACY
2023-06-06,GRANULES,Granules India,EQ,INE101D01020,285.0,285.0,280.05,282.3,282.35,284.75,783520,220722788.1,17390,LEGACY
2023-06-06,IPCALAB,IPCA Laboratories,EQ,INE571A01038,730.0,753.0,719.55,748.05,746.8,725.3,1511180,1114780236.55,41104,LEGACY
2023-06-06,JBCHEPHARM,JB Chemicals & Pharmaceuticals,EQ,INE572A01028,2125.25,2145.0,2111.85,2119.85,2120.0,2119.05,36519,77576468.5,3940,LEGACY
2023-06-06,LAURUSLABS,Laurus Labs,EQ,INE947Q01028,343.4,343.4,335.6,342.05,341.9,341.65,1115441,379178603.6,16889,LEGACY
2023-06-06,LUPIN,Lupin,EQ,INE326A01037,822.85,824.45,814.35,821.65,822.85,820.3,427490,350281426.1,14757,LEGACY
2023-06-06,MANKIND,Mankind Pharma,EQ,INE634S01028,1430.8,1496.0,1430.0,1488.5,1492.0,1423.9,687238,1015967715.85,26468,LEGACY
2023-06-06,NATCOPHARM,Natco Pharma,EQ,INE987B01026,631.0,634.45,619.0,620.3,619.5,630.7,886858,555908108.1,19082,LEGACY
2023-06-06,PEL,Piramal Enterprises,EQ,INE140A01024,792.25,797.7,780.35,787.6,788.9,788.85,673763,530214299.55,20436,LEGACY
2023-06-06,PFIZER,Pfizer,EQ,INE182A01018,3984.85,4000.75,3928.4,3955.6,3959.0,3984.85,9437,37375737.15,2724,LEGACY
2023-06-06,PPLPHARMA,Piramal Pharma,EQ,INE0DK501011,90.0,90.35,86.75,87.2,87.0,89.3,11196969,986238058.75,43297,LEGACY
2023-06-06,SANOFI,Sanofi India,EQ,INE058A01010,7174.7,7199.0,7115.1,7169.25,7160.35,7160.1,22880,163556846.55,5361,LEGACY
2023-06-06,STAR,Strides Pharma Science,EQ,INE939A01011,356.7,364.0,356.65,361.05,362.0,357.95,190575,68676434.9,5593,LEGACY
2023-06-06,SUNPHARMA,Sun Pharmaceutical Industries,EQ,INE044A01036,1008.9,1015.95,1004.0,1013.8,1010.3,1008.75,1632644,1650717817.1,70936,LEGACY
2023-06-06,TORNTPHARM,Torrent Pharmaceuticals,EQ,INE685A01028,1772.25,1794.8,1766.25,1788.1,1794.7,1775.25,141214,251561255.9,15917,LEGACY
2023-06-06,WOCKPHARMA,Wockhardt,EQ,INE049B01025,169.0,183.9,168.0,176.0,175.0,168.3,2467205,438280416.2,24875,LEGACY
2023-06-06,ZYDUSLIFE,Zydus Lifesciences,EQ,INE010B01027,511.25,516.75,509.45,515.45,515.45,510.1,835026,428633797.8,21132,LEGACY
2023-06-07,ABBOTINDIA,Abbott India,EQ,INE358A01014,21900.0,21989.95,21800.25,21865.8,21910.5,21823.05,7574,165682782.65,3034,LEGACY
2023-06-07,AJANTPHARM,Ajanta Pharma,EQ,INE031B01049,1413.15,1457.5,1403.6,1449.9,1457.0,1410.9,89534,128576100.1,10142,LEGACY
2023-06-07,ALKEM,Alkem Laboratories,EQ,INE540L01014,3396.7,3417.95,3385.35,3407.6,3415.0,3388.8,53590,182422501.95,7713,LEGACY
2023-06-07,APLLTD,Alembic Pharmaceuticals,EQ,INE901L01018,555.7,561.0,548.3,557.8,560.0,552.8,94328,52310012.55,5434,LEGACY
2023-06-07,AUROPHARMA,Aurobindo Pharma,EQ,INE406A01037,669.0,674.75,662.5,672.0,674.7,664.0,1398313,935827673.4,33534,LEGACY
2023-06-07,BIOCON,Biocon,EQ,INE376G01013,244.45,247.15,242.95,243.7,243.9,243.35,2294336,561129209.7,23988,LEGACY
2023-06-07,CIPLA,Cipla,EQ,INE059A01026,972.95,977.9,958.5,960.45,962.5,972.05,1614117,1558541573.45,66948,LEGACY
2023-06-07,DIVISLAB,Divi's Laboratories,EQ,INE361B01024,3555.0,3570.0,3526.0,3542.1,3541.7,3537.9,392590,1393530370.0,28926,LEGACY
2023-06-07,DRREDDY,Dr. Reddy's Laboratories,EQ,INE089A01023,4650.0,4678.0,4645.1,4673.75,4669.0,4636.65,227905,1064027141.2,39465,LEGACY
2023-06-07,GLAND,Gland Pharma,EQ,INE068V01023,946.25,953.0,940.55,943.0,944.7,942.0,269019,254161488.3,12148,LEGACY
2023-06-07,GLAXO,GlaxoSmithKline Pharmaceuticals,EQ,INE159A01016,1395.75,1397.5,1380.15,1383.55,1383.0,1388.8,36430,50510625.75,6690,LEGACY
2023-06-07,GLENMARK,Glenmark Pharmaceuticals,EQ,INE935A01035,635.5,664.35,635.5,663.05,663.8,631.5,3859103,2531092118.85,55850,LEGACY
2023-06-07,GRANULES,Granules India,EQ,INE101D01020,282.35,285.25,281.7,283.8,284.0,282.3,797592,226457392.5,12117,LEGACY
2023-06-07,IPCALAB,IPCA Laboratories,EQ,INE571A01038,748.0,760.95,743.0,746.05,746.75,748.05,693875,521511889.1,21468,LEGACY
2023-06-07,JBCHEPHARM,JB Chemicals & Pharmaceuticals,EQ,INE572A01028,2122.0,2170.6,2120.05,2161.8,2160.0,2119.85,32742,70314096.75,4518,LEGACY
2023-06-07,LAURUSLABS,Laurus Labs,EQ,INE947Q01028,343.0,350.5,341.5,348.85,348.95,342.05,2044259,710275783.3,33566,LEGACY
2023-06-07,LUPIN,Lupin,EQ,INE326A01037,823.5,827.4,812.7,817.65,819.05,821.65,548880,449073494.75,23399,LEGACY
2023-06-07,MANKIND,Mankind Pharma,EQ,INE634S01028,1489.95,1518.9,1473.0,1486.15,1481.0,1488.5,542372,810590901.05,22188,LEGACY
2023-06-07,NATCOPHARM,Natco Pharma,EQ,INE987B01026,620.4,625.4,620.35,622.45,622.5,620.3,271111,168921144.8,7903,LEGACY
2023-06-07,PEL,Piramal Enterprises,EQ,INE140A01024,789.95,797.55,785.4,793.6,792.25,787.6,617730,489773468.85,17030,LEGACY
2023-06-07,PFIZER,Pfizer,EQ,INE182A01018,3956.6,4013.05,3931.35,3968.4,3970.0,3955.6,8807,34942897.8,2442,LEGACY
2023-06-07,PPLPHARMA,Piramal Pharma,EQ,INE0DK501011,87.8,88.85,86.65,88.1,88.0,87.2,8636370,760511754.8,33681,LEGACY
2023-06-07,SANOFI,Sanofi India,EQ,INE058A01010,7174.95,7240.0,7125.0,7147.45,7158.6,7169.25,18370,131603690.3,5415,LEGACY
2023-06-07,STAR,Strides Pharma Science,EQ,INE939A01011,363.45,408.5,362.95,398.75,401.0,361.05,7280606,2882641383.6,123873,LEGACY
2023-06-07,SUNPHARMA,Sun Pharmaceutical Industries,EQ,INE044A01036,1015.0,1017.5,1010.0,1014.6,1015.0,1013.8,1608613,1630582456.75,63989,LEGACY
2023-06-07,TORNTPHARM,Torrent Pharmaceuticals,EQ,INE685A01028,1800.95,1814.9,1790.05,1802.05,1808.0,1788.1,249842,450048207.0,14481,LEGACY
2023-06-07,WOCKPHARMA,Wockhardt,EQ,INE049B01025,176.8,177.65,169.55,170.15,170.0,176.0,2553149,441479633.8,22199,LEGACY
2023-06-07,ZYDUSLIFE,Zydus Lifesciences,EQ,INE010B01027,515.45,518.75,512.75,515.1,514.7,515.45,831746,428298648.4,16530,LEGACY
2023-06-08,ABBOTINDIA,Abbott India,EQ,INE358A01014,21940.0,21940.0,21600.0,21645.25,21618.15,21865.8,4828,104971036.25,2218,LEGACY
2023-06-08,AJANTPHARM,Ajanta Pharma,EQ,INE031B01049,1456.6,1509.1,1437.0,1469.5,1470.0,1449.9,175575,260234362.3,13710,LEGACY
2023-06-08,ALKEM,Alkem Laboratories,EQ,INE540L01014,3401.8,3458.65,3401.8,3442.05,3444.0,3407.6,81435,279917183.25,9091,LEGACY
2023-06-08,APLLTD,Alembic Pharmaceuticals,EQ,INE901L01018,561.75,604.85,561.5,590.95,590.2,557.8,2242992,1327396945.9,55091,LEGACY
2023-06-08,AUROPHARMA,Aurobindo Pharma,EQ,INE406A01037,674.0,674.9,665.65,668.5,669.75,672.0,790344,529460558.45,24727,LEGACY
2023-06-08,BIOCON,Biocon,EQ,INE376G01013,243.0,244.55,240.9,241.55,241.6,243.7,1798133,436471703.3,18697,LEGACY
2023-06-08,CIPLA,Cipla,EQ,INE059A01026,964.9,969.85,963.0,965.4,965.85,960.45,1481632,1431357288.85,36018,LEGACY
2023-06-08,DIVISLAB,Divi's Laboratories,EQ,INE361B01024,3549.0,3554.6,3489.05,3499.7,3497.0,3542.1,434625,1530312479.2,35196,LEGACY
2023-06-08,DRREDDY,Dr. Reddy's Laboratories,EQ,INE089A01023,4675.0,4693.0,4637.0,4649.4,4658.5,4673.75,240698,1121818443.6,48728,LEGACY
2023-06-08,GLAND,Gland Pharma,EQ,INE068V01023,948.5,962.8,943.15,951.85,953.0,943.0,432804,413025438.7,21462,LEGACY
2023-06-08,GLAXO,GlaxoSmithKline Pharmaceuticals,EQ,INE159A01016,1390.8,1390.8,1365.0,1368.05,1370.0,1383.55,19184,26405136.15,2652,LEGACY
2023-06-08,GLENMARK,Glenmark Pharmaceuticals,EQ,INE935A01035,664.95,682.25,645.05,648.4,647.85,663.05,4425552,2963424489.95,65993,LEGACY
2023-06-08,GRANULES,Granules India,EQ,INE101D01020,283.0,284.55,279.05,279.85,280.0,283.8,792292,222800494.9,12862,LEGACY
2023-06-08,IPCALAB,IPCA Laboratories,EQ,INE571A01038,745.85,751.5,731.2,735.8,736.5,746.05,440665,325024340.55,14302,LEGACY
2023-06-08,JBCHEPHARM,JB Chemicals & Pharmaceuticals,EQ,INE572A01028,2163.05,2178.4,2130.1,2137.35,2135.0,2161.8,27591,59212361.5,3510,LEGACY
2023-06-08,LAURUSLABS,Laurus Labs,EQ,INE947Q01028,349.5,352.15,343.25,347.15,346.5,348.85,2518174,876520280.9,32397,LEGACY
2023-06-08,LUPIN,Lupin,EQ,INE326A01037,821.25,822.3,808.6,811.85,810.6,817.65,473303,385274150.3,16260,LEGACY
2023-06-08,MANKIND,Mankind Pharma,EQ,INE634S01028,1490.95,1491.35,1450.7,1457.05,1455.15,1486.15,174292,255731805.65,8752,LEGACY
2023-06-08,NATCOPHARM,Natco Pharma,EQ,INE987B01026,628.0,628.4,620.85,623.25,623.5,622.45,263258,164201911.15,7916,LEGACY
2023-06-08,PEL,Piramal Enterprises,EQ,INE140A01024,797.0,806.95,784.5,785.75,786.5,793.6,1185744,942649665.7,30664,LEGACY
2023-06-08,PFIZER,Pfizer,EQ,INE182A01018,3955.0,4000.0,3955.0,3967.35,3959.9,3968.4,9584,38161055.45,2407,LEGACY
2023-06-08,PPLPHARMA,Piramal Pharma,EQ,INE0DK501011,88.65,89.35,86.9,88.0,87.9,88.1,6977172,614525083.6,31096,LEGACY
2023-06-08,SANOFI,Sanofi India,EQ,INE058A01010,7171.95,7244.0,7009.45,7042.55,7040.15,7147.45,15953,113368052.8,3806,LEGACY
2023-06-08,STAR,Strides Pharma Science,EQ,INE939A01011,403.0,406.4,385.6,390.85,391.5,398.75,1423096,563018641.1,26760,LEGACY
2023-06-08,SUNPHARMA,Sun Pharmaceutical Industries,EQ,INE044A01036,1015.0,1016.0,983.25,987.0,991.0,1014.6,3395935,3375678155.75,69351,LEGACY
2023-06-08,TORNTPHARM,Torrent Pharmaceuticals,EQ,INE685A01028,1802.05,1812.95,1788.95,1797.8,1804.0,1802.05,295727,532027307.9,25841,LEGACY
2023-06-08,WOCKPHARMA,Wockhardt,EQ,INE049B01025,171.15,174.15,170.25,171.9,172.3,170.15,1471319,253656356.2,14768,LEGACY
2023-06-08,ZYDUSLIFE,Zydus Lifesciences,EQ,INE010B01027,518.9,520.5,510.3,512.95,513.25,515.1,1002681,516214103.2,20391,LEGACY
2023-06-09,ABBOTINDIA,Abbott India,EQ,INE358A01014,21700.0,21870.0,21450.1,21791.15,21746.75,21645.25,11353,246218319.55,3463,LEGACY
2023-06-09,AJANTPHARM,Ajanta Pharma,EQ,INE031B01049,1477.2,1500.0,1433.0,1455.1,1443.0,1469.5,110439,162630948.65,13325,LEGACY
2023-06-09,ALKEM,Alkem Laboratories,EQ,INE540L01014,3460.0,3460.0,3386.05,3414.5,3417.4,3442.05,369823,1261487985.15,11399,LEGACY
2023-06-09,APLLTD,Alembic Pharmaceuticals,EQ,INE901L01018,590.95,593.95,575.35,589.55,587.25,590.95,381712,223596725.0,17733,LEGACY
2023-06-09,AUROPHARMA,Aurobindo Pharma,EQ,INE406A01037,668.45,670.45,661.75,669.4,667.7,668.5,999923,667592898.1,18515,LEGACY
2023-06-09,BIOCON,Biocon,EQ,INE376G01013,244.0,244.5,240.1,241.1,240.85,241.55,2166494,525359777.55,30645,LEGACY
2023-06-09,CIPLA,Cipla,EQ,INE059A01026,966.0,971.0,959.15,969.25,970.0,965.4,717024,693113200.6,21010,LEGACY
2023-06-09,DIVISLAB,Divi's Laboratories,EQ,INE361B01024,3481.05,3498.95,3420.0,3428.75,3429.8,3499.7,325701,1124142114.6,27716,LEGACY
2023-06-09,DRREDDY,Dr. Reddy's Laboratories,EQ,INE089A01023,4681.05,4705.0,4645.6,4666.8,4662.95,4649.4,216940,1014021467.25,32359,LEGACY
2023-06-09,GLAND,Gland Pharma,EQ,INE068V01023,955.0,989.0,950.0,959.55,959.8,951.85,1526555,1473387860.6,47530,LEGACY
2023-06-09,GLAXO,GlaxoSmithKline Pharmaceuticals,EQ,INE159A01016,1369.2,1378.95,1361.85,1365.9,1365.0,1368.05,25503,34875722.5,4271,LEGACY
2023-06-09,GLENMARK,Glenmark Pharmaceuticals,EQ,INE935A01035,645.1,659.0,633.85,636.05,635.9,648.4,1140652,734528578.65,24828,LEGACY
2023-06-09,GRANULES,Granules India,EQ,INE101D01020,280.95,281.2,276.2,277.3,276.8,279.85,517594,144214410.15,6896,LEGACY
2023-06-09,IPCALAB,IPCA Laboratories,EQ,INE571A01038,735.0,738.6,726.05,727.95,728.0,735.8,924468,675167438.85,10028,LEGACY
2023-06-09,JBCHEPHARM,JB Chemicals & Pharmaceuticals,EQ,INE572A01028,2143.65,2180.0,2139.1,2159.45,2162.0,2137.35,58558,126514930.1,7964,LEGACY
2023-06-09,LAURUSLABS,Laurus Labs,EQ,INE947Q01028,347.15,350.9,338.75,340.5,340.0,347.15,1487708,513920345.85,24131,LEGACY
2023-06-09,LUPIN,Lupin,EQ,INE326A01037,811.85,815.15,804.8,806.4,810.0,811.85,548968,443975523.45,17513,LEGACY
2023-06-09,MANKIND,Mankind Pharma,EQ,INE634S01028,1471.95,1496.0,1456.05,1485.3,1483.5,1457.05,182349,268943545.3,15367,LEGACY
2023-06-09,NATCOPHARM,Natco Pharma,EQ,INE987B01026,625.5,625.85,621.0,623.8,622.5,623.25,301054,187831960.5,5936,LEGACY
2023-06-09,PEL,Piramal Enterprises,EQ,INE140A01024,787.0,800.0,780.5,784.35,782.0,785.75,979424,774461500.85,28750,LEGACY
2023-06-09,PFIZER,Pfizer,EQ,INE182A01018,3967.35,3987.25,3937.15,3949.5,3958.0,3967.35,3395,13407693.5,1292,LEGACY
2023-06-09,PPLPHARMA,Piramal Pharma,EQ,INE0DK501011,88.2,88.85,86.2,87.7,87.55,88.0,5850139,511883511.45,24009,LEGACY
2023-06-09,SANOFI,Sanofi India,EQ,INE058A01010,7081.75,7100.0,6939.0,6974.85,6974.0,7042.55,11630,81537857.1,3193,LEGACY
2023-06-09,STAR,Strides Pharma Science,EQ,INE939A01011,392.7,411.5,388.15,393.75,392.8,390.85,2055279,823142850.85,38224,LEGACY
2023-06-09,SUNPHARMA,Sun Pharmaceutical Industries,EQ,INE044A01036,984.0,990.7,981.0,983.95,985.45,987.0,2306206,2272027937.9,58845,LEGACY
2023-06-09,TORNTPHARM,Torrent Pharmaceuticals,EQ,INE685A01028,1808.5,1822.0,1795.6,1805.95,1810.0,1797.8,264778,479639670.65,13651,LEGACY
2023-06-09,WOCKPHARMA,Wockhardt,EQ,INE049B01025,174.0,175.4,170.5,171.35,171.2,171.9,755445,130845728.45,9467,LEGACY
2023-06-09,ZYDUSLIFE,Zydus Lifesciences,EQ,INE010B01027,513.0,516.7,506.0,507.75,508.0,512.95,648256,331112068.55,30347,LEGACY
2023-06-12,ABBOTINDIA,Abbott India,EQ,INE358A01014,21791.15,22000.0,21680.1,21960.4,21999.0,21791.15,7816,171135802.45,3102,LEGACY
2023-06-12,AJANTPHARM,Ajanta Pharma,EQ,INE031B01049,1459.7,1462.7,1380.0,1438.65,1440.0,1455.1,186862,266269650.95,23985,LEGACY
2023-06-12,ALKEM,Alkem Laboratories,EQ,INE540L01014,3417.1,3419.85,3337.0,3347.5,3357.0,3414.5,156889,528197093.55,15562,LEGACY
2023-06-12,APLLTD,Alembic Pharmaceuticals,EQ,INE901L01018,595.0,595.0,580.1,581.75,581.75,589.55,68014,39705521.1,5155,LEGACY
2023-06-12,AUROPHARMA,Aurobindo Pharma,EQ,INE406A01037,670.5,674.5,661.9,663.7,664.6,669.4,465732,310126474.7,14129,LEGACY
2023-06-12,BIOCON,Biocon,EQ,INE376G01013,241.5,242.15,238.65,239.1,238.95,241.1,3072631,737543104.5,29938,LEGACY
2023-06-12,CIPLA,Cipla,EQ,INE059A01026,973.25,973.25,955.15,959.95,960.5,969.25,1239721,1194229879.6,33080,LEGACY
2023-06-12,DIVISLAB,Divi's Laboratories,EQ,INE361B01024,3309.0,3467.45,3308.95,3438.45,3438.0,3428.75,799646,2732169105.05,63745,LEGACY
2023-06-12,DRREDDY,Dr. Reddy's Laboratories,EQ,INE089A01023,4695.0,4695.0,4654.45,4675.65,4675.95,4666.8,143574,671744989.85,26499,LEGACY
2023-06-12,GLAND,Gland Pharma,EQ,INE068V01023,960.0,969.0,951.2,955.45,955.5,959.55,616871,590121395.25,20405,LEGACY
2023-06-12,GLAXO,GlaxoSmithKline Pharmaceuticals,EQ,INE159A01016,1367.35,1389.9,1365.9,1387.45,1386.0,1365.9,25213,34826659.7,3930,LEGACY
2023-06-12,GLENMARK,Glenmark Pharmaceuticals,EQ,INE935A01035,647.0,647.0,633.35,638.55,637.7,636.05,656015,419175027.65,17177,LEGACY
2023-06-12,GRANULES,Granules India,EQ,INE101D01020,277.3,280.9,275.25,279.45,279.65,277.3,518027,144403583.6,9092,LEGACY
2023-06-12,IPCALAB,IPCA Laboratories,EQ,INE571A01038,730.0,742.45,720.0,730.55,732.0,727.95,1543263,1127128463.5,19741,LEGACY
2023-06-12,JBCHEPHARM,JB Chemicals & Pharmaceuticals,EQ,INE572A01028,2154.55,2189.0,2130.1,2140.05,2140.8,2159.45,75186,161477316.65,10850,LEGACY
2023-06-12,LAURUSLABS,Laurus Labs,EQ,INE947Q01028,331.5,346.95,325.3,343.4,344.0,340.5,2729906,929982826.2,37462,LEGACY
2023-06-12,LUPIN,Lupin,EQ,INE326A01037,814.0,823.45,813.55,818.9,820.0,806.4,617667,505515440.3,21354,LEGACY
2023-06-12,MANKIND,Mankind Pharma,EQ,INE634S01028,1478.25,1488.7,1469.0,1474.7,1474.25,1485.3,99106,146444649.2,7608,LEGACY
2023-06-12,NATCOPHARM,Natco Pharma,EQ,INE987B01026,623.8,625.95,616.6,622.05,622.0,623.8,391878,243216730.1,13356,LEGACY
2023-06-12,PEL,Piramal Enterprises,EQ,INE140A01024,790.45,800.8,784.55,800.15,800.0,784.35,566523,450114177.25,20901,LEGACY
2023-06-12,PFIZER,Pfizer,EQ,INE182A01018,3950.0,3958.95,3881.0,3894.7,3903.0,3949.5,8525,33353567.25,3047,LEGACY
2023-06-12,PPLPHARMA,Piramal Pharma,EQ,INE0DK501011,88.15,89.7,87.9,88.55,88.4,87.7,4492103,398666193.75,18923,LEGACY
2023-06-12,SANOFI,Sanofi India,EQ,INE058A01010,6975.0,6975.0,6775.0,6837.95,6811.55,6974.85,31238,213977890.9,10937,LEGACY
2023-06-12,STAR,Strides Pharma Science,EQ,INE939A01011,398.35,410.1,395.25,408.8,408.0,393.75,2114199,856434652.15,34651,LEGACY
2023-06-12,SUNPHARMA,Sun Pharmaceutical Industries,EQ,INE044A01036,987.9,989.9,981.05,985.45,988.9,983.95,593319,584563371.15,47574,LEGACY
2023-06-12,TORNTPHARM,Torrent Pharmaceuticals,EQ,INE685A01028,1807.85,1820.0,1797.55,1806.35,1810.0,1805.95,205319,370751808.45,15917,LEGACY
2023-06-12,WOCKPHARMA,Wockhardt,EQ,INE049B01025,172.2,179.5,170.4,178.4,178.2,171.35,2026931,358210508.7,20885,LEGACY
2023-06-12,ZYDUSLIFE,Zydus Lifesciences,EQ,INE010B01027,511.0,512.95,504.0,510.0,510.25,507.75,756873,384017177.25,18456,LEGACY
2023-06-13,ABBOTINDIA,Abbott India,EQ,INE358A01014,22000.0,22247.95,21940.05,22155.7,22178.2,21960.4,10928,242058345.7,5720,LEGACY
2023-06-13,AJANTPHARM,Ajanta Pharma,EQ,INE031B01049,1445.0,1490.0,1441.15,1468.6,1470.0,1438.65,113082,166431188.1,17095,LEGACY
2023-06-13,ALKEM,Alkem Laboratories,EQ,INE540L01014,3367.6,3450.95,3350.0,3389.45,3399.95,3347.5,231707,790903089.65,14453,LEGACY
2023-06-13,APLLTD,Alembic Pharmaceuticals,EQ,INE901L01018,581.0,588.8,577.25,586.95,587.8,581.75,86351,50392864.25,6284,LEGACY
2023-06-13,AUROPHARMA,Aurobindo Pharma,EQ,INE406A01037,664.1,683.5,661.1,681.6,682.0,663.7,1194564,807642483.6,28957,LEGACY
2023-06-13,BIOCON,Biocon,EQ,INE376G01013,238.9,240.45,237.65,239.15,239.0,239.1,3405151,813624808.85,36845,LEGACY
2023-06-13,CIPLA,Cipla,EQ,INE059A01026,963.0,983.85,957.0,981.5,982.15,959.95,2158120,2092014010.6,49498,LEGACY
2023-06-13,DIVISLAB,Divi's Laboratories,EQ,INE361B01024,3438.45,3493.95,3435.0,3487.7,3487.05,3438.45,367056,1276151462.1,27941,LEGACY
2023-06-13,DRREDDY,Dr. Reddy's Laboratories,EQ,INE089A01023,4700.0,4728.8,4658.05,4702.0,4707.85,4675.65,258981,1217660695.4,28313,LEGACY
2023-06-13,GLAND,Gland Pharma,EQ,INE068V01023,966.0,1010.1,965.05,993.7,994.5,955.45,2461357,2445835174.2,85580,LEGACY
2023-06-13,GLAXO,GlaxoSmithKline Pharmaceuticals,EQ,INE159A01016,1389.55,1408.0,1386.5,1396.0,1395.95,1387.45,43535,60765120.65,5678,LEGACY
2023-06-13,GLENMARK,Glenmark Pharmaceuticals,EQ,INE935A01035,638.55,652.85,634.95,649.0,649.5,638.55,690845,445721810.05,18706,LEGACY
2023-06-13,GRANULES,Granules India,EQ,INE101D01020,280.85,286.45,279.95,285.35,286.0,279.45,1509258,429062755.55,19306,LEGACY
2023-06-13,IPCALAB,IPCA Laboratories,EQ,INE571A01038,731.55,748.2,729.25,734.85,734.05,730.55,1310904,969524627.75,49124,LEGACY
2023-06-13,JBCHEPHARM,JB Chemicals & Pharmaceuticals,EQ,INE572A01028,2150.8,2160.05,2135.0,2154.9,2160.0,2140.05,34037,73287294.25,10930,LEGACY
2023-06-13,LAURUSLABS,Laurus Labs,EQ,INE947Q01028,344.0,361.4,343.15,360.1,361.0,343.4,4742560,1689662596.5,52161,LEGACY
2023-06-13,LUPIN,Lupin,EQ,INE326A01037,819.5,821.9,815.5,817.45,817.7,818.9,594446,486620740.7,13643,LEGACY
2023-06-13,MANKIND,Mankind Pharma,EQ,INE634S01028,1535.0,1544.5,1502.15,1521.2,1527.0,1474.7,580211,879540854.95,38925,LEGACY
2023-06-13,NATCOPHARM,Natco Pharma,EQ,INE987B01026,625.3,625.3,618.2,620.55,621.0,622.05,160407,99610770.05,6884,LEGACY
2023-06-13,PEL,Piramal Enterprises,EQ,INE140A01024,803.8,810.0,801.0,807.25,807.95,800.15,1545581,1246552164.35,39460,LEGACY
2023-06-13,PFIZER,Pfizer,EQ,INE182A01018,3915.2,3938.95,3851.45,3854.7,3855.3,3894.7,9768,37854154.75,3254,LEGACY
2023-06-13,PPLPHARMA,Piramal Pharma,EQ,INE0DK501011,89.1,93.4,88.65,91.75,91.5,88.55,16648977,1519511231.55,53000,LEGACY
2023-06-13,SANOFI,Sanofi India,EQ,INE058A01010,6860.0,6924.95,6800.0,6849.0,6860.05,6837.95,24247,166470592.8,5755,LEGACY
2023-06-13,STAR,Strides Pharma Science,EQ,INE939A01011,407.0,413.75,402.0,407.1,405.05,408.8,694856,283963663.4,14644,LEGACY
2023-06-13,SUNPHARMA,Sun Pharmaceutical Industries,EQ,INE044A01036,990.0,996.0,985.55,988.1,988.0,985.45,2413311,2391116073.3,56561,LEGACY
2023-06-13,TORNTPHARM,Torrent Pharmaceuticals,EQ,INE685A01028,1815.95,1820.0,1806.85,1816.15,1816.0,1806.35,662502,1201013354.9,28444,LEGACY
2023-06-13,WOCKPHARMA,Wockhardt,EQ,INE049B01025,179.55,186.4,179.55,182.7,182.8,178.4,3021197,554433723.15,29867,LEGACY
2023-06-13,ZYDUSLIFE,Zydus Lifesciences,EQ,INE010B01027,510.9,519.1,508.5,517.65,518.0,510.0,1471514,759125207.05,40654,LEGACY
2023-06-14,ABBOTINDIA,Abbott India,EQ,INE358A01014,22333.0,22340.65,21919.55,22038.7,22109.3,22155.7,7374,163095010.5,2507,LEGACY
2023-06-14,AJANTPHARM,Ajanta Pharma,EQ,INE031B01049,1480.0,1486.85,1452.05,1475.65,1477.0,1468.6,152490,223973432.55,7990,LEGACY
2023-06-14,ALKEM,Alkem Laboratories,EQ,INE540L01014,3393.0,3420.0,3363.0,3372.85,3376.2,3389.45,123537,417404876.8,9785,LEGACY
2023-06-14,APLLTD,Alembic Pharmaceuticals,EQ,INE901L01018,588.95,593.85,585.15,591.1,590.05,586.95,52258,30824220.7,2921,LEGACY
2023-06-14,AUROPHARMA,Aurobindo Pharma,EQ,INE406A01037,682.0,683.4,668.0,669.75,669.1,681.6,918389,618339422.45,28208,LEGACY
2023-06-14,BIOCON,Biocon,EQ,INE376G01013,239.9,240.5,238.3,239.35,239.55,239.15,1976055,472270903.05,20141,LEGACY
2023-06-14,CIPLA,Cipla,EQ,INE059A01026,981.5,981.9,972.6,978.7,979.0,981.5,1831109,1790309971.55,37371,LEGACY
2023-06-14,DIVISLAB,Divi's Laboratories,EQ,INE361B01024,3495.0,3507.4,3462.05,3485.95,3486.0,3487.7,208081,724379309.75,23138,LEGACY
2023-06-14,DRREDDY,Dr. Reddy's Laboratories,EQ,INE089A01023,4707.8,4729.55,4685.0,4699.0,4706.0,4702.0,180251,847267310.85,21510,LEGACY
2023-06-14,GLAND,Gland Pharma,EQ,INE068V01023,1003.0,1065.0,995.0,1001.1,1000.55,993.7,4507074,4638120384.5,131469,LEGACY
2023-06-14,GLAXO,GlaxoSmithKline Pharmaceuticals,EQ,INE159A01016,1399.95,1418.0,1394.0,1412.2,1414.0,1396.0,71096,100042130.25,6807,LEGACY
2023-06-14,GLENMARK,Glenmark Pharmaceuticals,EQ,INE935A01035,649.0,650.0,635.85,637.45,637.8,649.0,666369,428185843.45,14894,LEGACY
2023-06-14,GRANULES,Granules India,EQ,INE101D01020,286.8,289.0,285.55,287.1,287.0,285.35,1244112,357757316.2,21137,LEGACY
2023-06-14,IPCALAB,IPCA Laboratories,EQ,INE571A01038,736.0,740.5,712.4,716.85,717.0,734.85,1769514,1271394851.15,44158,LEGACY
2023-06-14,JBCHEPHARM,JB Chemicals & Pharmaceuticals,EQ,INE572A01028,2159.1,2182.0,2153.0,2177.1,2175.0,2154.9,24150,52508759.7,3745,LEGACY
2023-06-14,LAURUSLABS,Laurus Labs,EQ,INE947Q01028,363.0,364.1,357.15,359.0,358.1,360.1,2017191,726664820.8,34328,LEGACY
2023-06-14,LUPIN,Lupin,EQ,INE326A01037,817.95,823.5,809.95,818.75,820.5,817.45,675571,552357794.2,19175,LEGACY
2023-06-14,MANKIND,Mankind Pharma,EQ,INE634S01028,1527.05,1662.0,1524.1,1620.75,1595.5,1521.2,1505759,2404051575.0,74785,LEGACY
2023-06-14,NATCOPHARM,Natco Pharma,EQ,INE987B01026,621.0,625.0,618.65,619.95,620.0,620.55,299856,186051231.4,8576,LEGACY
2023-06-14,PEL,Piramal Enterprises,EQ,INE140A01024,811.0,811.75,794.2,800.3,802.0,807.25,1078645,863264189.7,26782,LEGACY
2023-06-14,PFIZER,Pfizer,EQ,INE182A01018,3935.8,3935.8,3841.8,3850.6,3845.0,3854.7,22430,86909474.05,3690,LEGACY
2023-06-14,PPLPHARMA,Piramal Pharma,EQ,INE0DK501011,91.9,93.5,90.2,91.2,91.0,91.75,9481070,871258879.9,40032,LEGACY
2023-06-14,SANOFI,Sanofi India,EQ,INE058A01010,6903.0,6936.3,6852.0,6896.85,6890.0,6849.0,31437,216476598.6,6095,LEGACY
2023-06-14,STAR,Strides Pharma Science,EQ,INE939A01011,405.9,406.5,397.0,400.55,399.0,407.1,482528,193762715.85,11342,LEGACY
2023-06-14,SUNPHARMA,Sun Pharmaceutical Industries,EQ,INE044A01036,991.6,995.0,984.25,986.7,988.45,988.1,2139387,2117697465.75,60732,LEGACY
2023-06-14,TORNTPHARM,Torrent Pharmaceuticals,EQ,INE685A01028,1816.45,1842.3,1811.25,1831.5,1840.8,1816.15,348900,638538463.05,20874,LEGACY
2023-06-14,WOCKPHARMA,Wockhardt,EQ,INE049B01025,183.9,190.0,182.9,188.6,189.05,182.7,2211764,414904772.85,23228,LEGACY
2023-06-14,ZYDUSLIFE,Zydus Lifesciences,EQ,INE010B01027,523.9,533.55,515.6,532.35,533.1,517.65,3017132,1586071059.35,56039,LEGACY
2023-06-15,ABBOTINDIA,Abbott India,EQ,INE358A01014,22160.0,22495.0,22071.4,22432.55,22466.0,22038.7,12198,272636545.75,4195,LEGACY
2023-06-15,AJANTPHARM,Ajanta Pharma,EQ,INE031B01049,1482.95,1494.5,1444.35,1458.1,1450.0,1475.65,64788,95606239.25,9826,LEGACY
2023-06-15,ALKEM,Alkem Laboratories,EQ,INE540L01014,3388.9,3438.9,3360.0,3394.4,3404.0,3372.85,137974,468521492.0,11818,LEGACY
2023-06-15,APLLTD,Alembic Pharmaceuticals,EQ,INE901L01018,588.2,622.0,588.2,610.8,610.0,591.1,693061,423965057.8,28537,LEGACY
2023-06-15,AUROPHARMA,Aurobindo Pharma,EQ,INE406A01037,670.45,690.0,670.45,685.4,683.8,669.75,2612876,1782142423.3,51051,LEGACY
2023-06-15,BIOCON,Biocon,EQ,INE376G01013,239.0,244.75,239.0,243.5,243.5,239.35,3481429,844179203.35,30782,LEGACY
2023-06-15,CIPLA,Cipla,EQ,INE059A01026,981.95,1000.0,980.6,998.2,998.1,978.7,1804458,1791326970.75,86016,LEGACY
2023-06-15,DIVISLAB,Divi's Laboratories,EQ,INE361B01024,3499.95,3591.0,3487.35,3581.05,3578.0,3485.95,955066,3408118863.5,63062,LEGACY
2023-06-15,DRREDDY,Dr. Reddy's Laboratories,EQ,INE089A01023,4696.6,4855.0,4696.0,4803.45,4808.15,4699.0,726149,3484847027.5,80224,LEGACY
2023-06-15,GLAND,Gland Pharma,EQ,INE068V01023,1004.0,1019.8,1000.25,1008.45,1010.0,1001.1,1009787,1021280880.25,42592,LEGACY
2023-06-15,GLAXO,GlaxoSmithKline Pharmaceuticals,EQ,INE159A01016,1410.0,1420.5,1395.1,1401.5,1400.0,1412.2,245781,345416199.2,4345,LEGACY
2023-06-15,GLENMARK,Glenmark Pharmaceuticals,EQ,INE935A01035,635.0,644.0,634.35,642.45,643.0,637.45,696604,445129021.45,13810,LEGACY
2023-06-15,GRANULES,Granules India,EQ,INE101D01020,288.45,289.0,285.0,287.1,287.0,287.1,1160874,333103224.4,21607,LEGACY
2023-06-15,IPCALAB,IPCA Laboratories,EQ,INE571A01038,715.1,727.5,710.0,720.65,722.0,716.85,420937,304068670.95,15666,LEGACY
2023-06-15,JBCHEPHARM,JB Chemicals & Pharmaceuticals,EQ,INE572A01028,2165.0,2184.1,2143.6,2161.8,2160.0,2177.1,17104,36945354.05,3542,LEGACY
2023-06-15,LAURUSLABS,Laurus Labs,EQ,INE947Q01028,358.0,369.3,357.45,366.75,366.2,359.0,3417191,1247942778.0,61676,LEGACY
2023-06-15,LUPIN,Lupin,EQ,INE326A01037,824.0,835.9,823.4,834.75,835.2,818.75,1320203,1098334912.75,40369,LEGACY
2023-06-15,MANKIND,Mankind Pharma,EQ,INE634S01028,1594.15,1652.9,1585.0,1622.65,1629.9,1620.75,1105604,1792500689.6,38619,LEGACY
2023-06-15,NATCOPHARM,Natco Pharma,EQ,INE987B01026,620.0,643.8,620.0,639.55,638.8,619.95,1151271,727934569.8,24483,LEGACY
2023-06-15,PEL,Piramal Enterprises,EQ,INE140A01024,809.0,813.7,798.45,800.8,802.5,800.3,1109630,893133499.55,27228,LEGACY
2023-06-15,PFIZER,Pfizer,EQ,INE182A01018,3871.1,3883.0,3830.0,3842.7,3844.0,3850.6,7340,28293010.0,1818,LEGACY
2023-06-15,PPLPHARMA,Piramal Pharma,EQ,INE0DK501011,91.4,92.85,90.8,92.15,92.35,91.2,7831435,721145266.05,29051,LEGACY
2023-06-15,SANOFI,Sanofi India,EQ,INE058A01010,6932.35,6963.0,6855.0,6941.1,6928.25,6896.85,9393,64833232.05,2666,LEGACY
2023-06-15,STAR,Strides Pharma Science,EQ,INE939A01011,399.0,406.0,396.45,402.2,400.8,400.55,510180,205310808.95,13179,LEGACY
2023-06-15,SUNPHARMA,Sun Pharmaceutical Industries,EQ,INE044A01036,988.5,994.8,985.7,988.4,987.05,986.7,2731724,2702648558.05,228329,LEGACY
2023-06-15,TORNTPHARM,Torrent Pharmaceuticals,EQ,INE685A01028,1839.45,1857.6,1832.25,1839.2,1838.0,1831.5,388250,714955726.05,22048,LEGACY
2023-06-15,WOCKPHARMA,Wockhardt,EQ,INE049B01025,190.0,196.35,189.1,193.0,193.0,188.6,2343828,451084399.5,23944,LEGACY
2023-06-15,ZYDUSLIFE,Zydus Lifesciences,EQ,INE010B01027,535.0,550.0,533.05,549.15,548.85,532.35,2854217,1551940115.15,65032,LEGACY
2023-06-16,ABBOTINDIA,Abbott India,EQ,INE358A01014,22432.55,22750.0,22420.0,22711.5,22730.0,22432.55,16868,381872318.75,6693,LEGACY
2023-06-16,AJANTPHARM,Ajanta Pharma,EQ,INE031B01049,1457.0,1474.75,1450.15,1468.9,1470.0,1458.1,111748,163552033.4,9829,LEGACY
2023-06-16,ALKEM,Alkem Laboratories,EQ,INE540L01014,3402.5,3445.95,3391.25,3398.95,3395.9,3394.4,76056,259717289.45,9253,LEGACY
2023-06-16,APLLTD,Alembic Pharmaceuticals,EQ,INE901L01018,614.0,620.0,606.3,615.85,616.0,610.8,167097,102501904.65,17182,LEGACY
2023-06-16,AUROPHARMA,Aurobindo Pharma,EQ,INE406A01037,689.85,689.85,676.1,682.6,681.5,685.4,1523731,1037580306.1,40152,LEGACY
2023-06-16,BIOCON,Biocon,EQ,INE376G01013,244.0,247.95,243.5,244.9,244.5,243.5,3714937,912511840.6,33155,LEGACY
2023-06-16,CIPLA,Cipla,EQ,INE059A01026,1000.0,1007.15,993.75,1006.05,1006.25,998.2,1572197,1575826479.45,54646,LEGACY
2023-06-16,DIVISLAB,Divi's Laboratories,EQ,INE361B01024,3603.05,3633.1,3570.0,3579.6,3575.0,3581.05,633543,2281538116.35,49392,LEGACY
2023-06-16,DRREDDY,Dr. Reddy's Laboratories,EQ,INE089A01023,4844.85,4940.0,4825.15,4915.05,4900.0,4803.45,762903,3745058250.6,66857,LEGACY
2023-06-16,GLAND,Gland Pharma,EQ,INE068V01023,1016.0,1027.15,1003.05,1009.05,1012.5,1008.45,490039,498018949.0,18453,LEGACY
2023-06-16,GLAXO,GlaxoSmithKline Pharmaceuticals,EQ,INE159A01016,1400.0,1428.0,1399.9,1419.2,1419.05,1401.5,100659,142693506.0,8875,LEGACY
2023-06-16,GLENMARK,Glenmark Pharmaceuticals,EQ,INE935A01035,642.45,648.95,636.5,642.45,643.05,642.45,798919,513495574.35,22722,LEGACY
2023-06-16,GRANULES,Granules India,EQ,INE101D01020,288.05,295.85,287.1,292.05,291.55,287.1,2037737,597109665.75,27306,LEGACY
2023-06-16,IPCALAB,IPCA Laboratories,EQ,INE571A01038,722.0,737.5,720.25,735.35,735.55,720.65,535841,391538715.65,19042,LEGACY
2023-06-16,JBCHEPHARM,JB Chemicals & Pharmaceuticals,EQ,INE572A01028,2168.15,2269.95,2154.05,2257.3,2265.0,2161.8,263933,586661124.15,15746,LEGACY
2023-06-16,LAURUSLABS,Laurus Labs,EQ,INE947Q01028,368.05,374.95,366.75,367.95,367.3,366.75,2942601,1091922250.2,38859,LEGACY
2023-06-16,LUPIN,Lupin,EQ,INE326A01037,838.75,843.65,827.0,830.45,829.4,834.75,1245895,1039346868.45,29806,LEGACY
2023-06-16,MANKIND,Mankind Pharma,EQ,INE634S01028,1630.0,1680.0,1608.8,1623.65,1622.0,1622.65,839183,1384901894.65,38156,LEGACY
2023-06-16,NATCOPHARM,Natco Pharma,EQ,INE987B01026,650.5,654.9,627.05,630.35,631.0,639.55,1009778,644493865.9,24054,LEGACY
2023-06-16,PEL,Piramal Enterprises,EQ,INE140A01024,773.0,788.65,772.25,782.35,782.0,800.8,1617635,1265426731.9,35977,LEGACY
2023-06-16,PFIZER,Pfizer,EQ,INE182A01018,3838.0,3870.3,3805.05,3856.15,3866.85,3842.7,14012,53768562.65,3821,LEGACY
2023-06-16,PPLPHARMA,Piramal Pharma,EQ,INE0DK501011,94.05,97.75,92.8,94.6,94.95,92.15,60222120,5732875161.6,105126,LEGACY
2023-06-16,SANOFI,Sanofi India,EQ,INE058A01010,6969.95,7000.55,6914.9,6930.35,6946.0,6941.1,9306,64714016.2,2504,LEGACY
2023-06-16,STAR,Strides Pharma Science,EQ,INE939A01011,403.75,410.8,399.05,402.6,399.05,402.2,628123,255604227.45,12445,LEGACY
2023-06-16,SUNPHARMA,Sun Pharmaceutical Industries,EQ,INE044A01036,990.0,994.65,987.2,992.0,994.5,988.4,3611214,3577601431.35,94320,LEGACY
2023-06-16,TORNTPHARM,Torrent Pharmaceuticals,EQ,INE685A01028,1875.0,1879.2,1840.85,1858.2,1861.0,1839.2,449596,834532693.35,25657,LEGACY
2023-06-16,WOCKPHARMA,Wockhardt,EQ,INE049B01025,194.3,221.95,193.0,215.2,214.3,193.0,15497974,3307598816.8,139804,LEGACY
2023-06-16,ZYDUSLIFE,Zydus Lifesciences,EQ,INE010B01027,552.15,559.3,548.1,551.05,551.55,549.15,1620321,897008645.1,32828,LEGACY
2023-06-19,ABBOTINDIA,Abbott India,EQ,INE358A01014,22712.0,23300.0,22706.3,23093.5,23133.0,22711.5,20737,479603922.8,9347,LEGACY
2023-06-19,AJANTPHARM,Ajanta Pharma,EQ,INE031B01049,1476.6,1485.6,1460.0,1474.1,1475.0,1468.9,142574,209856241.3,13954,LEGACY
2023-06-19,ALKEM,Alkem Laboratories,EQ,INE540L01014,3402.95,3456.85,3372.1,3402.6,3402.0,3398.95,181443,620149223.05,11346,LEGACY
2023-06-19,APLLTD,Alembic Pharmaceuticals,EQ,INE901L01018,615.8,625.0,610.0,612.45,614.0,615.85,82088,50669983.85,5039,LEGACY
2023-06-19,AUROPHARMA,Aurobindo Pharma,EQ,INE406A01037,680.0,692.0,676.2,678.05,678.0,682.6,2184061,1495233205.4,54436,LEGACY
2023-06-19,BIOCON,Biocon,EQ,INE376G01013,245.5,247.4,243.45,244.85,245.0,244.9,2326163,570121257.5,26352,LEGACY
2023-06-19,CIPLA,Cipla,EQ,INE059A01026,1006.25,1017.55,999.2,1011.25,1015.5,1006.05,1015057,1024920371.3,43906,LEGACY
2023-06-19,DIVISLAB,Divi's Laboratories,EQ,INE361B01024,3581.85,3624.0,3572.45,3584.75,3585.95,3579.6,299174,1076623791.3,23765,LEGACY
2023-06-19,DRREDDY,Dr. Reddy's Laboratories,EQ,INE089A01023,4951.0,5024.0,4862.05,4879.0,4876.0,4915.05,708151,3491232463.25,45779,LEGACY
2023-06-19,GLAND,Gland Pharma,EQ,INE068V01023,1019.0,1033.95,1013.0,1023.75,1024.0,1009.05,541869,554493422.85,28321,LEGACY
2023-06-19,GLAXO,GlaxoSmithKline Pharmaceuticals,EQ,INE159A01016,1419.2,1422.15,1411.0,1415.25,1417.75,1419.2,23807,33734029.75,3561,LEGACY
2023-06-19,GLENMARK,Glenmark Pharmaceuticals,EQ,INE935A01035,642.4,654.5,638.9,640.4,642.5,642.45,741200,479109059.85,19777,LEGACY
2023-06-19,GRANULES,Granules India,EQ,INE101D01020,295.0,297.4,292.65,294.75,295.0,292.05,1629998,480564471.2,27620,LEGACY
2023-06-19,IPCALAB,IPCA Laboratories,EQ,INE571A01038,735.55,741.65,725.2,727.65,730.0,735.35,495776,362443130.85,17345,LEGACY
2023-06-19,JBCHEPHARM,JB Chemicals & Pharmaceuticals,EQ,INE572A01028,2260.95,2383.5,2260.95,2346.85,2344.85,2257.3,301201,705730450.8,26110,LEGACY
2023-06-19,LAURUSLABS,Laurus Labs,EQ,INE947Q01028,369.0,370.5,364.0,364.5,365.0,367.95,1311863,480926859.45,24071,LEGACY
2023-06-19,LUPIN,Lupin,EQ,INE326A01037,830.45,834.0,823.6,825.15,826.15,830.45,403683,334615864.7,12721,LEGACY
2023-06-19,MANKIND,Mankind Pharma,EQ,INE634S01028,1631.8,1724.0,1627.55,1700.55,1711.1,1623.65,658756,1104606905.2,28383,LEGACY
2023-06-19,NATCOPHARM,Natco Pharma,EQ,INE987B01026,632.0,637.6,628.65,631.3,630.8,630.35,429915,271390518.25,8427,LEGACY
2023-06-19,PEL,Piramal Enterprises,EQ,INE140A01024,785.2,806.0,781.1,793.2,794.0,782.35,1828942,1449761518.85,34646,LEGACY
2023-06-19,PFIZER,Pfizer,EQ,INE182A01018,3876.75,3899.0,3830.0,3842.7,3842.0,3856.15,34926,135369769.8,2237,LEGACY
2023-06-19,PPLPHARMA,Piramal Pharma,EQ,INE0DK501011,94.9,96.35,91.9,94.0,94.1,94.6,9063556,853961631.15,32461,LEGACY
2023-06-19,SANOFI,Sanofi India,EQ,INE058A01010,6966.95,6966.95,6825.0,6846.0,6845.0,6930.35,15727,107999556.95,3484,LEGACY
2023-06-19,STAR,Strides Pharma Science,EQ,INE939A01011,404.65,425.0,400.8,421.95,422.0,402.6,1957588,818848309.25,37001,LEGACY
2023-06-19,SUNPHARMA,Sun Pharmaceutical Industries,EQ,INE044A01036,995.15,1006.7,993.75,1001.8,1000.25,992.0,1327862,1330165553.05,60018,LEGACY
2023-06-19,TORNTPHARM,Torrent Pharmaceuticals,EQ,INE685A01028,1859.95,1870.0,1852.0,1857.75,1855.05,1858.2,164761,306309186.2,12673,LEGACY
2023-06-19,WOCKPHARMA,Wockhardt,EQ,INE049B01025,216.0,237.8,213.0,234.85,234.8,215.2,10467424,2375510301.05,100875,LEGACY
2023-06-19,ZYDUSLIFE,Zydus Lifesciences,EQ,INE010B01027,551.05,562.5,551.05,554.15,555.3,551.05,918036,510519175.15,26597,LEGACY
2023-06-20,ABBOTINDIA,Abbott India,EQ,INE358A01014,23093.5,23189.85,22713.1,22996.9,23020.0,23093.5,12863,295607252.0,4378,LEGACY
2023-06-20,AJANTPHARM,Ajanta Pharma,EQ,INE031B01049,1460.7,1479.35,1455.6,1474.95,1473.55,1474.1,71326,104768660.8,9152,LEGACY
2023-06-20,ALKEM,Alkem Laboratories,EQ,INE540L01014,3430.0,3455.9,3375.0,3383.9,3386.0,3402.6,194971,661646316.15,14378,LEGACY
2023-06-20,APLLTD,Alembic Pharmaceuticals,EQ,INE901L01018,607.3,612.95,606.3,607.6,607.0,612.45,38338,23319992.7,2604,LEGACY
2023-06-20,AUROPHARMA,Aurobindo Pharma,EQ,INE406A01037,676.9,683.3,674.0,680.95,680.4,678.05,594270,404097535.35,28574,LEGACY
2023-06-20,BIOCON,Biocon,EQ,INE376G01013,245.85,246.25,244.4,245.0,245.1,244.85,1272664,312055475.65,18416,LEGACY
2023-06-20,CIPLA,Cipla,EQ,INE059A01026,1013.85,1018.8,1002.6,1011.15,1012.2,1011.25,1413571,1427335745.35,34048,LEGACY
2023-06-20,DIVISLAB,Divi's Laboratories,EQ,INE361B01024,3585.0,3586.5,3533.05,3566.2,3558.4,3584.75,267277,951477617.15,24716,LEGACY
2023-06-20,DRREDDY,Dr. Reddy's Laboratories,EQ,INE089A01023,4879.0,4926.75,4867.05,4901.2,4909.9,4879.0,214151,1049617384.0,30184,LEGACY
2023-06-20,GLAND,Gland Pharma,EQ,INE068V01023,1025.0,1031.95,1017.0,1022.0,1024.55,1023.75,300994,308140379.8,23426,LEGACY
2023-06-20,GLAXO,GlaxoSmithKline Pharmaceuticals,EQ,INE159A01016,1420.0,1434.8,1410.8,1431.25,1431.85,1415.25,50733,72420419.25,4758,LEGACY
2023-06-20,GLENMARK,Glenmark Pharmaceuticals,EQ,INE935A01035,640.4,649.8,638.55,643.85,643.85,640.4,485694,312368296.8,10580,LEGACY
2023-06-20,GRANULES,Granules India,EQ,INE101D01020,295.2,295.2,291.0,293.25,293.5,294.75,947694,277947428.05,15604,LEGACY
2023-06-20,IPCALAB,IPCA Laboratories,EQ,INE571A01038,728.3,736.0,726.2,731.2,730.0,727.65,191483,139944291.15,9269,LEGACY
2023-06-20,JBCHEPHARM,JB Chemicals & Pharmaceuticals,EQ,INE572A01028,2406.95,2447.75,2362.0,2390.75,2380.2,2346.85,276851,664378216.4,23229,LEGACY
2023-06-20,LAURUSLABS,Laurus Labs,EQ,INE947Q01028,366.4,367.55,363.0,365.5,365.3,364.5,1079050,394207319.4,18840,LEGACY
2023-06-20,LUPIN,Lupin,EQ,INE326A01037,830.0,831.2,821.6,829.9,829.9,825.15,389177,322185108.05,11732,LEGACY
2023-06-20,MANKIND,Mankind Pharma,EQ,INE634S01028,1719.0,1755.0,1712.3,1746.9,1748.85,1700.55,572514,994367058.45,27080,LEGACY
2023-06-20,NATCOPHARM,Natco Pharma,EQ,INE987B01026,635.0,636.25,623.1,627.95,627.0,631.3,588999,370171985.35,12139,LEGACY
2023-06-20,PEL,Piramal Enterprises,EQ,INE140A01024,794.75,841.0,793.9,838.5,840.0,793.2,5015146,4129018605.0,96381,LEGACY
2023-06-20,PFIZER,Pfizer,EQ,INE182A01018,3842.7,3873.95,3791.0,3799.05,3808.0,3842.7,29216,111546670.15,3347,LEGACY
2023-06-20,PPLPHARMA,Piramal Pharma,EQ,INE0DK501011,94.2,94.65,92.7,93.25,93.3,94.0,5785758,540475374.9,23029,LEGACY
2023-06-20,SANOFI,Sanofi India,EQ,INE058A01010,6844.0,6845.0,6771.05,6810.4,6800.05,6846.0,10935,74359594.5,3146,LEGACY
2023-06-20,STAR,Strides Pharma Science,EQ,INE939A01011,420.0,424.05,413.0,416.8,416.05,421.95,567566,236874059.65,14012,LEGACY
2023-06-20,SUNPHARMA,Sun Pharmaceutical Industries,EQ,INE044A01036,1007.65,1007.75,989.6,991.95,992.6,1001.8,1445688,1436923770.45,66648,LEGACY
2023-06-20,TORNTPHARM,Torrent Pharmaceuticals,EQ,INE685A01028,1860.0,1869.35,1852.25,1860.05,1860.0,1857.75,136393,253699472.05,9479,LEGACY
2023-06-20,WOCKPHARMA,Wockhardt,EQ,INE049B01025,233.0,243.8,230.0,231.7,233.35,234.85,6981819,1649527613.2,69846,LEGACY
2023-06-20,ZYDUSLIFE,Zydus Lifesciences,EQ,INE010B01027,556.7,557.75,553.35,556.05,556.0,554.15,643193,357497893.8,18300,LEGACY
2023-06-21,ABBOTINDIA,Abbott India,EQ,INE358A01014,23090.0,23090.0,22601.0,22678.9,22653.4,22996.9,8024,182565802.95,3111,LEGACY
2023-06-21,AJANTPHARM,Ajanta Pharma,EQ,INE031B01049,1465.0,1519.0,1465.0,1509.95,1509.0,1474.95,155958,234197697.15,12917,LEGACY
2023-06-21,ALKEM,Alkem Laboratories,EQ,INE540L01014,3391.2,3414.0,3375.3,3389.9,3390.0,3383.9,124993,423194892.2,8212,LEGACY
2023-06-21,APLLTD,Alembic Pharmaceuticals,EQ,INE901L01018,607.05,617.25,607.05,615.45,617.0,607.6,51454,31537723.65,4990,LEGACY
2023-06-21,AUROPHARMA,Aurobindo Pharma,EQ,INE406A01037,681.3,684.95,674.6,682.0,681.95,680.95,1159396,788607975.6,54906,LEGACY
2023-06-21,BIOCON,Biocon,EQ,INE376G01013,245.0,246.65,244.25,245.1,245.35,245.0,1728130,423996051.15,23682,LEGACY
2023-06-21,CIPLA,Cipla,EQ,INE059A01026,1010.2,1013.45,1002.25,1008.9,1011.0,1011.15,1140198,1149652533.35,47288,LEGACY
2023-06-21,DIVISLAB,Divi's Laboratories,EQ,INE361B01024,3555.05,3565.0,3501.3,3509.55,3516.0,3566.2,621642,2193423786.3,44948,LEGACY
2023-06-21,DRREDDY,Dr. Reddy's Laboratories,EQ,INE089A01023,4921.95,4950.0,4893.7,4910.4,4916.0,4901.2,224710,1106409888.55,35411,LEGACY
2023-06-21,GLAND,Gland Pharma,EQ,INE068V01023,1025.0,1028.95,1002.8,1006.35,1009.0,1022.0,456867,460852453.4,18942,LEGACY
2023-06-21,GLAXO,GlaxoSmithKline Pharmaceuticals,EQ,INE159A01016,1432.0,1449.6,1420.5,1433.0,1430.0,1431.25,52290,75017768.1,7467,LEGACY
2023-06-21,GLENMARK,Glenmark Pharmaceuticals,EQ,INE935A01035,643.75,648.05,637.45,643.05,642.05,643.85,453135,291115536.95,11078,LEGACY
2023-06-21,GRANULES,Granules India,EQ,INE101D01020,294.0,294.75,287.3,290.95,291.05,293.25,1720989,499686146.3,17120,LEGACY
2023-06-21,IPCALAB,IPCA Laboratories,EQ,INE571A01038,731.2,742.85,729.25,737.25,737.5,731.2,313244,230616189.35,12081,LEGACY
2023-06-21,JBCHEPHARM,JB Chemicals & Pharmaceuticals,EQ,INE572A01028,2397.5,2397.5,2328.0,2358.95,2349.8,2390.75,107139,253678727.15,6798,LEGACY
2023-06-21,LAURUSLABS,Laurus Labs,EQ,INE947Q01028,366.05,368.7,363.6,364.75,364.85,365.5,1022200,373698507.55,21631,LEGACY
2023-06-21,LUPIN,Lupin,EQ,INE326A01037,832.0,885.3,829.05,875.05,874.8,829.9,5768804,5008619967.1,122277,LEGACY
2023-06-21,MANKIND,Mankind Pharma,EQ,INE634S01028,1768.0,1768.0,1680.05,1696.1,1691.0,1746.9,911759,1561055114.35,35384,LEGACY
2023-06-21,NATCOPHARM,Natco Pharma,EQ,INE987B01026,632.95,633.0,621.0,623.2,623.5,627.95,256198,160815314.3,12026,LEGACY
2023-06-21,PEL,Piramal Enterprises,EQ,INE140A01024,903.95,970.7,903.95,950.15,957.3,838.5,19224399,18189342331.05,340305,LEGACY
2023-06-21,PFIZER,Pfizer,EQ,INE182A01018,3831.1,3831.1,3780.0,3794.25,3825.0,3799.05,12023,45767353.95,2649,LEGACY
2023-06-21,PPLPHARMA,Piramal Pharma,EQ,INE0DK501011,94.2,97.35,94.2,94.8,94.85,93.25,9059282,867016975.15,32437,LEGACY
2023-06-21,SANOFI,Sanofi India,EQ,INE058A01010,6839.95,6903.0,6810.0,6886.65,6895.0,6810.4,11960,82154727.85,3905,LEGACY
2023-06-21,STAR,Strides Pharma Science,EQ,INE939A01011,417.6,420.65,411.1,413.55,413.0,416.8,390325,162447924.6,8614,LEGACY
2023-06-21,SUNPHARMA,Sun Pharmaceutical Industries,EQ,INE044A01036,991.95,993.85,983.6,991.9,992.8,991.95,1396686,1382104001.2,75566,LEGACY
2023-06-21,TORNTPHARM,Torrent Pharmaceuticals,EQ,INE685A01028,1865.9,1871.9,1856.5,1862.2,1862.95,1860.05,143078,266506613.4,9394,LEGACY
2023-06-21,WOCKPHARMA,Wockhardt,EQ,INE049B01025,232.45,233.9,226.5,228.6,227.3,231.7,1455802,334231151.35,14649,LEGACY
2023-06-21,ZYDUSLIFE,Zydus Lifesciences,EQ,INE010B01027,557.4,564.8,552.3,560.1,561.3,556.05,1124378,630042352.45,25369,LEGACY
2023-06-22,ABBOTINDIA,Abbott India,EQ,INE358A01014,22612.0,22762.95,22444.0,22554.85,22549.95,22678.9,10211,229934320.4,2616,LEGACY
2023-06-22,AJANTPHARM,Ajanta Pharma,EQ,INE031B01049,1518.8,1550.0,1491.2,1514.9,1495.0,1509.95,159261,244415753.85,17876,LEGACY
2023-06-22,ALKEM,Alkem Laboratories,EQ,INE540L01014,3400.0,3404.0,3330.05,3349.4,3350.0,3389.9,256036,860161726.5,15141,LEGACY
2023-06-22,APLLTD,Alembic Pharmaceuticals,EQ,INE901L01018,618.7,622.15,615.65,617.3,618.5,615.45,289881,179615375.2,12309,LEGACY
2023-06-22,AUROPHARMA,Aurobindo Pharma,EQ,INE406A01037,682.05,685.5,669.05,671.65,670.95,682.0,1259872,854909748.5,38772,LEGACY
2023-06-22,BIOCON,Biocon,EQ,INE376G01013,245.5,245.9,238.5,238.95,239.25,245.1,2270480,547567457.85,27562,LEGACY
2023-06-22,CIPLA,Cipla,EQ,INE059A01026,1003.1,1007.0,990.1,998.3,999.0,1008.9,2852669,2852355270.6,66900,LEGACY
2023-06-22,DIVISLAB,Divi's Laboratories,EQ,INE361B01024,3509.55,3560.0,3501.1,3543.85,3548.15,3509.55,496166,1756357235.0,30828,LEGACY
2023-06-22,DRREDDY,Dr. Reddy's Laboratories,EQ,INE089A01023,4911.55,4926.95,4890.0,4899.45,4896.65,4910.4,248570,1218245475.45,25200,LEGACY
2023-06-22,GLAND,Gland Pharma,EQ,INE068V01023,1006.0,1011.7,988.65,997.4,998.25,1006.35,782005,782271189.85,23351,LEGACY
2023-06-22,GLAXO,GlaxoSmithKline Pharmaceuticals,EQ,INE159A01016,1438.95,1448.75,1432.45,1437.75,1439.0,1433.0,66866,96177757.45,7865,LEGACY
2023-06-22,GLENMARK,Glenmark Pharmaceuticals,EQ,INE935A01035,638.8,638.8,621.8,627.7,628.6,643.05,1388351,872840762.15,26445,LEGACY
2023-06-22,GRANULES,Granules India,EQ,INE101D01020,291.05,294.5,286.7,287.95,287.9,290.95,985128,286242806.95,15693,LEGACY
2023-06-22,IPCALAB,IPCA Laboratories,EQ,INE571A01038,737.25,740.85,726.45,730.55,732.65,737.25,438986,321029301.1,20708,LEGACY
2023-06-22,JBCHEPHARM,JB Chemicals & Pharmaceuticals,EQ,INE572A01028,2358.9,2415.8,2338.0,2392.9,2377.0,2358.95,36903,87825795.05,5985,LEGACY
2023-06-22,LAURUSLABS,Laurus Labs,EQ,INE947Q01028,366.6,367.1,354.2,355.95,355.45,364.75,2195587,788840082.5,22540,LEGACY
2023-06-22,LUPIN,Lupin,EQ,INE326A01037,868.95,868.95,835.0,852.35,849.0,875.05,3868670,3293073477.75,89401,LEGACY
2023-06-22,MANKIND,Mankind Pharma,EQ,INE634S01028,1724.0,1746.0,1645.05,1681.4,1679.1,1696.1,1225846,2072821896.95,39792,LEGACY
2023-06-22,NATCOPHARM,Natco Pharma,EQ,INE987B01026,625.0,631.8,624.0,627.0,626.95,623.2,730528,459056399.95,21097,LEGACY
2023-06-22,PEL,Piramal Enterprises,EQ,INE140A01024,960.95,977.2,913.3,928.95,928.45,950.15,9808401,9256478725.25,235124,LEGACY
2023-06-22,PFIZER,Pfizer,EQ,INE182A01018,3814.15,3835.0,3799.95,3809.25,3810.0,3794.25,9860,37603743.05,2021,LEGACY
2023-06-22,PPLPHARMA,Piramal Pharma,EQ,INE0DK501011,95.15,95.3,91.6,92.6,92.35,94.8,5002120,466381169.9,24152,LEGACY
2023-06-22,SANOFI,Sanofi India,EQ,INE058A01010,6900.0,6909.7,6822.0,6843.85,6869.0,6886.65,5831,39996555.75,1812,LEGACY
2023-06-22,STAR,Strides Pharma Science,EQ,INE939A01011,415.2,417.4,405.45,414.15,413.05,413.55,430898,177536301.15,10405,LEGACY
2023-06-22,SUNPHARMA,Sun Pharmaceutical Industries,EQ,INE044A01036,987.1,996.2,987.1,990.3,991.4,991.9,5384143,5340885927.9,75444,LEGACY
2023-06-22,TORNTPHARM,Torrent Pharmaceuticals,EQ,INE685A01028,1865.0,1878.0,1857.15,1862.65,1861.05,1862.2,195794,365309032.6,11450,LEGACY
2023-06-22,WOCKPHARMA,Wockhardt,EQ,INE049B01025,226.6,229.5,219.5,221.9,221.7,228.6,994371,222444076.9,12111,LEGACY
2023-06-22,ZYDUSLIFE,Zydus Lifesciences,EQ,INE010B01027,560.8,562.65,547.9,552.9,551.55,560.1,484665,268605970.8,25277,LEGACY
2023-06-23,ABBOTINDIA,Abbott India,EQ,INE358A01014,22670.0,22719.95,22470.05,22659.3,22550.1,22554.85,8049,181682474.05,3982,LEGACY
2023-06-23,AJANTPHARM,Ajanta Pharma,EQ,INE031B01049,1510.1,1510.1,1451.2,1462.9,1460.0,1514.9,93301,137617633.4,13380,LEGACY
2023-06-23,ALKEM,Alkem Laboratories,EQ,INE540L01014,3348.4,3373.4,3307.2,3349.95,3350.0,3349.4,187418,626485854.7,12895,LEGACY
2023-06-23,APLLTD,Alembic Pharmaceuticals,EQ,INE901L01018,618.95,623.95,600.5,604.25,607.0,617.3,105348,63813064.6,11707,LEGACY
2023-06-23,AUROPHARMA,Aurobindo Pharma,EQ,INE406A01037,668.0,701.0,665.75,699.15,699.8,671.65,4074717,2807155159.8,66299,LEGACY
2023-06-23,BIOCON,Biocon,EQ,INE376G01013,239.3,239.3,234.8,236.9,236.75,238.95,1917570,454262160.85,18860,LEGACY
2023-06-23,CIPLA,Cipla,EQ,INE059A01026,999.95,999.95,985.65,989.4,990.3,998.3,1776614,1760874541.95,51414,LEGACY
2023-06-23,DIVISLAB,Divi's Laboratories,EQ,INE361B01024,3527.0,3537.85,3450.1,3462.95,3469.0,3543.85,455679,1594764222.4,33954,LEGACY
2023-06-23,DRREDDY,Dr. Reddy's Laboratories,EQ,INE089A01023,4901.0,5015.0,4901.0,4993.9,4992.95,4899.45,558228,2777187601.85,47646,LEGACY
2023-06-23,GLAND,Gland Pharma,EQ,INE068V01023,997.0,1004.95,971.0,980.0,979.9,997.4,498393,489926434.5,27370,LEGACY
2023-06-23,GLAXO,GlaxoSmithKline Pharmaceuticals,EQ,INE159A01016,1437.0,1443.75,1399.0,1414.75,1415.3,1437.75,54333,77142379.6,5703,LEGACY
2023-06-23,GLENMARK,Glenmark Pharmaceuticals,EQ,INE935A01035,627.8,638.5,622.05,633.0,630.75,627.7,971554,610933253.05,24629,LEGACY
2023-06-23,GRANULES,Granules India,EQ,INE101D01020,287.95,290.65,281.35,287.0,286.95,287.95,1132378,323823689.2,18376,LEGACY
2023-06-23,IPCALAB,IPCA Laboratories,EQ,INE571A01038,727.25,733.75,723.05,727.2,728.0,730.55,948572,691113396.3,33483,LEGACY
2023-06-23,JBCHEPHARM,JB Chemicals & Pharmaceuticals,EQ,INE572A01028,2392.9,2399.0,2260.55,2311.05,2310.0,2392.9,66229,153730924.8,9723,LEGACY
2023-06-23,LAURUSLABS,Laurus Labs,EQ,INE947Q01028,355.0,357.65,349.05,350.65,350.15,355.95,1176039,414319389.7,25389,LEGACY
2023-06-23,LUPIN,Lupin,EQ,INE326A01037,851.45,865.8,846.3,858.25,857.0,852.35,2171748,1863766914.55,49121,LEGACY
2023-06-23,MANKIND,Mankind Pharma,EQ,INE634S01028,1684.7,1758.0,1680.05,1694.0,1702.1,1681.4,845406,1448891481.45,40332,LEGACY
2023-06-23,NATCOPHARM,Natco Pharma,EQ,INE987B01026,627.9,683.7,627.1,674.0,672.05,627.0,4554885,3029041515.45,95613,LEGACY
2023-06-23,PEL,Piramal Enterprises,EQ,INE140A01024,928.0,928.95,876.7,882.25,888.8,928.95,4581845,4126726439.35,108908,LEGACY
2023-06-23,PFIZER,Pfizer,EQ,INE182A01018,3809.95,3819.0,3724.1,3747.2,3744.0,3809.25,78245,295245684.3,3333,LEGACY
2023-06-23,PPLPHARMA,Piramal Pharma,EQ,INE0DK501011,93.75,93.75,90.15,90.7,90.95,92.6,6297868,575215156.1,26175,LEGACY
2023-06-23,SANOFI,Sanofi India,EQ,INE058A01010,6843.85,6949.0,6755.05,6779.8,6774.0,6843.85,13103,89842850.45,4303,LEGACY
2023-06-23,STAR,Strides Pharma Science,EQ,INE939A01011,416.0,417.25,407.5,412.95,413.0,414.15,352430,145249360.75,9422,LEGACY
2023-06-23,SUNPHARMA,Sun Pharmaceutical Industries,EQ,INE044A01036,994.0,995.95,977.3,991.45,990.15,990.3,1218237,1202692181.1,43554,LEGACY
2023-06-23,TORNTPHARM,Torrent Pharmaceuticals,EQ,INE685A01028,1854.85,1870.0,1795.0,1863.05,1863.6,1862.65,135365,251022933.1,7863,LEGACY
2023-06-23,WOCKPHARMA,Wockhardt,EQ,INE049B01025,222.5,237.45,215.25,228.85,230.05,221.9,4123419,947057194.45,36353,LEGACY
2023-06-23,ZYDUSLIFE,Zydus Lifesciences,EQ,INE010B01027,552.1,561.3,547.9,557.1,557.0,552.9,1062160,590229515.7,20080,LEGACY
2023-06-26,ABBOTINDIA,Abbott India,EQ,INE358A01014,22600.0,22933.95,22598.8,22841.15,22920.9,22659.3,9642,219284220.75,4926,LEGACY
2023-06-26,AJANTPHARM,Ajanta Pharma,EQ,INE031B01049,1472.45,1528.55,1460.5,1472.0,1463.85,1462.9,172242,258730365.25,22630,LEGACY
2023-06-26,ALKEM,Alkem Laboratories,EQ,INE540L01014,3347.0,3415.0,3335.8,3401.5,3392.05,3349.95,131596,446237160.05,11056,LEGACY
2023-06-26,APLLTD,Alembic Pharmaceuticals,EQ,INE901L01018,607.4,643.95,605.0,634.4,635.4,604.25,906836,575709125.5,35129,LEGACY
2023-06-26,AUROPHARMA,Aurobindo Pharma,EQ,INE406A01037,699.1,725.3,696.6,721.35,721.7,699.15,5022446,3599946060.4,97601,LEGACY
2023-06-26,BIOCON,Biocon,EQ,INE376G01013,237.95,240.9,236.1,239.95,239.7,236.9,2646456,633642776.05,21328,LEGACY
2023-06-26,CIPLA,Cipla,EQ,INE059A01026,989.35,1025.0,989.35,1021.9,1023.8,989.4,2313439,2345779482.45,62064,LEGACY
2023-06-26,DIVISLAB,Divi's Laboratories,EQ,INE361B01024,3468.95,3539.95,3467.0,3534.35,3525.0,3462.95,366126,1287114210.65,22636,LEGACY
2023-06-26,DRREDDY,Dr. Reddy's Laboratories,EQ,INE089A01023,4989.9,5074.0,4952.0,5041.6,5040.0,4993.9,721425,3631598179.35,62424,LEGACY
2023-06-26,GLAND,Gland Pharma,EQ,INE068V01023,980.0,1027.9,972.05,1021.0,1020.85,980.0,1117738,1121091652.85,67936,LEGACY
2023-06-26,GLAXO,GlaxoSmithKline Pharmaceuticals,EQ,INE159A01016,1420.0,1440.0,1403.0,1430.45,1435.0,1414.75,55259,78714981.1,7331,LEGACY
2023-06-26,GLENMARK,Glenmark Pharmaceuticals,EQ,INE935A01035,630.0,646.75,628.0,645.4,645.5,633.0,806947,516594314.2,18333,LEGACY
2023-06-26,GRANULES,Granules India,EQ,INE101D01020,287.95,292.25,283.3,291.25,291.7,287.0,1081556,312489945.3,18369,LEGACY
2023-06-26,IPCALAB,IPCA Laboratories,EQ,INE571A01038,700.1,744.85,691.2,740.5,740.0,727.2,2894091,2097961481.0,51630,LEGACY
2023-06-26,JBCHEPHARM,JB Chemicals & Pharmaceuticals,EQ,INE572A01028,2322.0,2360.0,2304.65,2341.45,2335.0,2311.05,54145,126006054.45,5626,LEGACY
2023-06-26,LAURUSLABS,Laurus Labs,EQ,INE947Q01028,351.95,365.5,349.6,361.95,362.0,350.65,2684715,967767377.0,45211,LEGACY
2023-06-26,LUPIN,Lupin,EQ,INE326A01037,858.05,875.0,852.35,874.0,872.3,858.25,971992,846050409.4,25734,LEGACY
2023-06-26,MANKIND,Mankind Pharma,EQ,INE634S01028,1701.0,1720.0,1693.05,1702.85,1705.5,1694.0,238572,406260792.05,15556,LEGACY
2023-06-26,NATCOPHARM,Natco Pharma,EQ,INE987B01026,680.9,705.0,678.1,695.45,695.0,674.0,3262483,2268938317.9,94400,LEGACY
2023-06-26,PEL,Piramal Enterprises,EQ,INE140A01024,888.0,897.9,863.5,883.95,886.0,882.25,3818014,3355428271.2,98027,LEGACY
2023-06-26,PFIZER,Pfizer,EQ,INE182A01018,3749.95,3773.0,3747.2,3758.3,3760.0,3747.2,41970,157788056.65,1971,LEGACY
2023-06-26,PPLPHARMA,Piramal Pharma,EQ,INE0DK501011,90.8,91.0,89.3,89.85,89.8,90.7,3772361,339319387.55,21364,LEGACY
2023-06-26,SANOFI,Sanofi India,EQ,INE058A01010,6771.1,6949.0,6771.1,6917.15,6927.0,6779.8,18583,128091820.55,7519,LEGACY
2023-06-26,STAR,Strides Pharma Science,EQ,INE939A01011,412.95,432.0,412.6,418.7,419.4,412.95,755498,319396373.3,19634,LEGACY
2023-06-26,SUNPHARMA,Sun Pharmaceutical Industries,EQ,INE044A01036,994.0,1003.8,991.45,994.95,998.0,991.45,2066932,2059796444.35,71530,LEGACY
2023-06-26,TORNTPHARM,Torrent Pharmaceuticals,EQ,INE685A01028,1879.0,1883.7,1850.0,1867.75,1869.0,1863.05,233377,434585194.65,12560,LEGACY
2023-06-26,WOCKPHARMA,Wockhardt,EQ,INE049B01025,231.0,236.0,228.55,231.55,231.4,228.85,1125231,261015015.7,12568,LEGACY
2023-06-26,ZYDUSLIFE,Zydus Lifesciences,EQ,INE010B01027,559.85,563.5,557.3,561.8,561.5,557.1,685429,384298753.65,20016,LEGACY
2023-06-27,ABBOTINDIA,Abbott India,EQ,INE358A01014,22806.0,23017.2,22632.05,22707.8,22700.0,22841.15,18854,428384111.85,4268,LEGACY
2023-06-27,AJANTPHARM,Ajanta Pharma,EQ,INE031B01049,1479.4,1509.95,1472.0,1501.15,1504.5,1472.0,62294,93316503.25,14009,LEGACY
2023-06-27,ALKEM,Alkem Laboratories,EQ,INE540L01014,3419.0,3427.95,3387.0,3395.45,3398.6,3401.5,149706,508868805.2,9838,LEGACY
2023-06-27,APLLTD,Alembic Pharmaceuticals,EQ,INE901L01018,638.0,663.85,630.05,656.9,656.0,634.4,793079,519343506.15,23637,LEGACY
2023-06-27,AUROPHARMA,Aurobindo Pharma,EQ,INE406A01037,722.0,725.25,715.0,718.2,718.9,721.35,1429322,1029016201.95,42383,LEGACY
2023-06-27,BIOCON,Biocon,EQ,INE376G01013,240.15,245.4,240.15,243.65,243.95,239.95,2772073,675902356.9,22715,LEGACY
2023-06-27,CIPLA,Cipla,EQ,INE059A01026,1024.0,1026.1,1005.0,1009.25,1011.0,1021.9,1651238,1668974708.9,67682,LEGACY
2023-06-27,DIVISLAB,Divi's Laboratories,EQ,INE361B01024,3535.0,3594.0,3534.95,3583.3,3582.95,3534.35,361257,1290803354.9,30121,LEGACY
2023-06-27,DRREDDY,Dr. Reddy's Laboratories,EQ,INE089A01023,5041.6,5086.55,5016.0,5025.6,5022.0,5041.6,666063,3361412954.45,57271,LEGACY
2023-06-27,GLAND,Gland Pharma,EQ,INE068V01023,1025.65,1025.65,1010.0,1014.95,1015.7,1021.0,387094,394232016.7,17565,LEGACY
2023-06-27,GLAXO,GlaxoSmithKline Pharmaceuticals,EQ,INE159A01016,1447.0,1447.0,1420.1,1431.3,1435.0,1430.45,35994,51458367.75,3921,LEGACY
2023-06-27,GLENMARK,Glenmark Pharmaceuticals,EQ,INE935A01035,646.9,671.65,644.95,655.7,655.05,645.4,1816232,1200096392.15,45282,LEGACY
2023-06-27,GRANULES,Granules India,EQ,INE101D01020,292.7,300.7,291.7,297.2,297.2,291.25,3220796,958506204.95,45711,LEGACY
2023-06-27,IPCALAB,IPCA Laboratories,EQ,INE571A01038,736.05,741.0,729.0,735.95,737.0,740.5,725414,532344040.1,15711,LEGACY
2023-06-27,JBCHEPHARM,JB Chemicals & Pharmaceuticals,EQ,INE572A01028,2362.55,2364.95,2303.5,2336.3,2335.0,2341.45,136326,318878184.8,5472,LEGACY
2023-06-27,LAURUSLABS,Laurus Labs,EQ,INE947Q01028,363.85,371.2,362.2,366.7,366.15,361.95,2267261,833633894.1,29141,LEGACY
2023-06-27,LUPIN,Lupin,EQ,INE326A01037,879.0,889.9,875.0,881.7,878.0,874.0,1365308,1206760802.05,30043,LEGACY
2023-06-27,MANKIND,Mankind Pharma,EQ,INE634S01028,1705.5,1709.9,1675.0,1677.7,1680.1,1702.85,248597,419480108.2,16430,LEGACY
2023-06-27,NATCOPHARM,Natco Pharma,EQ,INE987B01026,699.4,699.4,684.05,685.65,687.5,695.45,679884,467957487.9,26521,LEGACY
2023-06-27,PEL,Piramal Enterprises,EQ,INE140A01024,893.95,924.0,880.0,907.7,918.05,883.95,4280556,3831956749.35,105067,LEGACY
2023-06-27,PFIZER,Pfizer,EQ,INE182A01018,3778.1,3830.0,3755.0,3794.7,3785.0,3758.3,28380,107815305.4,4106,LEGACY
2023-06-27,PPLPHARMA,Piramal Pharma,EQ,INE0DK501011,90.25,91.9,90.0,90.3,90.5,89.85,3275532,296872892.5,20876,LEGACY
2023-06-27,SANOFI,Sanofi India,EQ,INE058A01010,6951.0,6951.0,6870.05,6919.45,6900.0,6917.15,32854,226776931.1,3204,LEGACY
2023-06-27,STAR,Strides Pharma Science,EQ,INE939A01011,420.4,436.85,420.05,430.85,428.85,418.7,1507434,651817888.4,31122,LEGACY
2023-06-27,SUNPHARMA,Sun Pharmaceutical Industries,EQ,INE044A01036,999.95,1003.35,986.0,1001.8,1000.0,994.95,4647465,4615460914.05,113357,LEGACY
2023-06-27,TORNTPHARM,Torrent Pharmaceuticals,EQ,INE685A01028,1867.75,1893.0,1867.2,1879.05,1873.3,1867.75,166248,312693616.4,11359,LEGACY
2023-06-27,WOCKPHARMA,Wockhardt,EQ,INE049B01025,232.5,236.8,231.0,232.4,233.2,231.55,1167608,273075065.05,15116,LEGACY
2023-06-27,ZYDUSLIFE,Zydus Lifesciences,EQ,INE010B01027,561.0,574.65,561.0,570.7,569.3,561.8,1246943,711325793.25,39942,LEGACY
2023-06-28,ABBOTINDIA,Abbott India,EQ,INE358A01014,22710.0,23498.0,22710.0,23202.3,23277.55,22707.8,17998,415289919.65,5498,LEGACY
2023-06-28,AJANTPHARM,Ajanta Pharma,EQ,INE031B01049,1493.0,1500.65,1475.0,1478.6,1480.0,1501.15,70102,104126333.3,9314,LEGACY
2023-06-28,ALKEM,Alkem Laboratories,EQ,INE540L01014,3410.0,3459.8,3395.0,3446.15,3446.1,3395.45,634166,2161288946.5,22590,LEGACY
2023-06-28,APLLTD,Alembic Pharmaceuticals,EQ,INE901L01018,660.0,662.05,639.1,641.15,640.05,656.9,298243,192794105.8,16756,LEGACY
2023-06-28,AUROPHARMA,Aurobindo Pharma,EQ,INE406A01037,718.0,741.85,714.5,738.75,736.05,718.2,3205423,2337060623.25,67120,LEGACY
2023-06-28,BIOCON,Biocon,EQ,INE376G01013,245.0,245.8,243.55,245.0,245.15,243.65,2727619,667881927.75,28456,LEGACY
2023-06-28,CIPLA,Cipla,EQ,INE059A01026,1007.0,1018.5,1004.05,1009.9,1013.05,1009.25,1653212,1671322021.0,55176,LEGACY
2023-06-28,DIVISLAB,Divi's Laboratories,EQ,INE361B01024,3585.05,3631.7,3585.05,3601.55,3606.0,3583.3,454010,1640227806.8,39605,LEGACY
2023-06-28,DRREDDY,Dr. Reddy's Laboratories,EQ,INE089A01023,5025.55,5119.4,5004.35,5107.85,5113.0,5025.6,885268,4500955190.4,89304,LEGACY
2023-06-28,GLAND,Gland Pharma,EQ,INE068V01023,1025.0,1085.75,1017.0,1065.15,1060.0,1014.95,2665391,2824200676.95,132408,LEGACY
2023-06-28,GLAXO,GlaxoSmithKline Pharmaceuticals,EQ,INE159A01016,1438.1,1449.85,1422.0,1438.55,1438.05,1431.3,65364,93764186.7,6275,LEGACY
2023-06-28,GLENMARK,Glenmark Pharmaceuticals,EQ,INE935A01035,657.0,679.95,656.4,675.6,678.0,655.7,1652557,1105865186.15,31433,LEGACY
2023-06-28,GRANULES,Granules India,EQ,INE101D01020,298.45,302.6,295.0,300.4,300.0,297.2,2246080,674563768.4,35420,LEGACY
2023-06-28,IPCALAB,IPCA Laboratories,EQ,INE571A01038,736.05,748.0,734.1,746.0,745.0,735.95,669067,495968163.6,28558,LEGACY
2023-06-28,JBCHEPHARM,JB Chemicals & Pharmaceuticals,EQ,INE572A01028,2347.95,2359.7,2320.1,2350.0,2350.0,2336.3,83294,195176458.3,7130,LEGACY
2023-06-28,LAURUSLABS,Laurus Labs,EQ,INE947Q01028,368.5,369.8,361.3,363.1,364.8,366.7,1463803,533034654.4,23011,LEGACY
2023-06-28,LUPIN,Lupin,EQ,INE326A01037,873.05,894.0,873.05,889.6,889.1,881.7,1444161,1283566252.7,35828,LEGACY
2023-06-28,MANKIND,Mankind Pharma,EQ,INE634S01028,1681.0,1720.0,1680.0,1699.75,1704.0,1677.7,211474,359704970.4,14086,LEGACY
2023-06-28,NATCOPHARM,Natco Pharma,EQ,INE987B01026,689.1,698.5,687.8,691.85,694.8,685.65,485064,336554634.1,15479,LEGACY
2023-06-28,PEL,Piramal Enterprises,EQ,INE140A01024,917.5,956.3,915.55,949.35,948.05,907.7,7246134,6758013462.95,135506,LEGACY
2023-06-28,PFIZER,Pfizer,EQ,INE182A01018,3814.7,3845.0,3790.0,3831.25,3845.0,3794.7,7275,27781066.7,2090,LEGACY
2023-06-28,PPLPHARMA,Piramal Pharma,EQ,INE0DK501011,90.7,91.2,90.1,90.75,91.0,90.3,3101709,281502641.05,12267,LEGACY
2023-06-28,SANOFI,Sanofi India,EQ,INE058A01010,6900.05,6969.45,6860.0,6910.4,6910.0,6919.45,23029,159173824.75,4153,LEGACY
2023-06-28,STAR,Strides Pharma Science,EQ,INE939A01011,430.05,441.5,426.05,429.05,431.0,430.85,707180,306817333.5,19053,LEGACY
2023-06-28,SUNPHARMA,Sun Pharmaceutical Industries,EQ,INE044A01036,995.0,1025.55,995.0,1021.8,1025.0,1001.8,5296330,5377234615.75,121145,LEGACY
2023-06-28,TORNTPHARM,Torrent Pharmaceuticals,EQ,INE685A01028,1883.0,1984.25,1871.7,1953.65,1930.7,1879.05,1413657,2742320652.5,55486,LEGACY
2023-06-28,WOCKPHARMA,Wockhardt,EQ,INE049B01025,234.7,243.9,232.15,235.2,235.0,232.4,1887561,448522141.75,22258,LEGACY
2023-06-28,ZYDUSLIFE,Zydus Lifesciences,EQ,INE010B01027,572.0,589.1,565.25,582.45,582.0,570.7,2442498,1411484708.05,41568,LEGACY
2023-06-30,ABBOTINDIA,Abbott India,EQ,INE358A01014,23150.0,23455.0,23150.0,23419.15,23384.25,23202.3,9015,209910806.35,3033,LEGACY
2023-06-30,AJANTPHARM,Ajanta Pharma,EQ,INE031B01049,1486.95,1503.0,1471.0,1479.15,1480.7,1478.6,35754,53199488.05,5876,LEGACY
2023-06-30,ALKEM,Alkem Laboratories,EQ,INE540L01014,3469.35,3517.5,3449.05,3512.85,3514.75,3446.15,205515,718158648.1,17511,LEGACY
2023-06-30,APLLTD,Alembic Pharmaceuticals,EQ,INE901L01018,644.8,655.45,632.2,636.4,635.9,641.15,95919,61699617.75,5938,LEGACY
2023-06-30,AUROPHARMA,Aurobindo Pharma,EQ,INE406A01037,736.0,738.75,725.6,727.35,727.0,738.75,1890291,1380877834.65,39964,LEGACY
2023-06-30,BIOCON,Biocon,EQ,INE376G01013,246.6,267.8,246.0,265.5,265.0,245.0,18396181,4764268413.45,119194,LEGACY
2023-06-30,CIPLA,Cipla,EQ,INE059A01026,1009.9,1021.45,1005.0,1014.95,1012.5,1009.9,1963457,1991559101.45,86602,LEGACY
2023-06-30,DIVISLAB,Divi's Laboratories,EQ,INE361B01024,3615.0,3651.9,3571.0,3583.6,3586.8,3601.55,432628,1563685713.5,43161,LEGACY
2023-06-30,DRREDDY,Dr. Reddy's Laboratories,EQ,INE089A01023,5116.0,5174.95,5110.1,5159.6,5153.95,5107.85,486141,2503778915.05,55532,LEGACY
2023-06-30,GLAND,Gland Pharma,EQ,INE068V01023,1066.0,1083.7,1052.9,1062.5,1062.0,1065.15,603486,644587309.15,28227,LEGACY
2023-06-30,GLAXO,GlaxoSmithKline Pharmaceuticals,EQ,INE159A01016,1419.0,1429.0,1405.85,1425.1,1425.0,1438.55,43596,61851107.65,5436,LEGACY
2023-06-30,GLENMARK,Glenmark Pharmaceuticals,EQ,INE935A01035,678.0,684.85,673.8,676.0,677.3,675.6,1400583,949578765.8,31407,LEGACY
2023-06-30,GRANULES,Granules India,EQ,INE101D01020,298.3,299.8,293.55,296.9,297.25,300.4,2446255,724243369.0,31274,LEGACY
2023-06-30,IPCALAB,IPCA Laboratories,EQ,INE571A01038,746.0,754.2,741.0,742.85,745.2,746.0,244220,182341184.7,8926,LEGACY
2023-06-30,JBCHEPHARM,JB Chemicals & Pharmaceuticals,EQ,INE572A01028,2342.05,2381.7,2332.0,2366.95,2370.0,2350.0,96248,227108671.5,5405,LEGACY
2023-06-30,LAURUSLABS,Laurus Labs,EQ,INE947Q01028,365.3,371.95,364.8,366.65,366.1,363.1,1398672,514658897.1,19904,LEGACY
2023-06-30,LUPIN,Lupin,EQ,INE326A01037,891.1,908.4,890.0,902.75,899.0,889.6,1153481,1039905398.9,42244,LEGACY
2023-06-30,MANKIND,Mankind Pharma,EQ,INE634S01028,1719.45,1719.45,1701.0,1706.8,1706.25,1699.75,162099,277019102.05,9050,LEGACY
2023-06-30,NATCOPHARM,Natco Pharma,EQ,INE987B01026,697.9,699.5,690.0,693.2,690.0,691.85,303918,210821019.15,18463,LEGACY
2023-06-30,PEL,Piramal Enterprises,EQ,INE140A01024,952.0,968.0,939.0,942.3,942.95,949.35,3584735,3420904459.15,104035,LEGACY
2023-06-30,PFIZER,Pfizer,EQ,INE182A01018,3850.0,3860.0,3770.5,3777.15,3782.0,3831.25,123435,468003346.2,3370,LEGACY
2023-06-30,PPLPHARMA,Piramal Pharma,EQ,INE0DK501011,91.2,94.1,91.05,92.45,92.4,90.75,8574387,798263528.1,28119,LEGACY
2023-06-30,SANOFI,Sanofi India,EQ,INE058A01010,6910.4,6939.6,6850.0,6912.3,6911.9,6910.4,11325,78178378.35,3421,LEGACY
2023-06-30,STAR,Strides Pharma Science,EQ,INE939A01011,431.5,437.0,423.0,430.65,429.55,429.05,458991,197188288.05,12521,LEGACY
2023-06-30,SUNPHARMA,Sun Pharmaceutical Industries,EQ,INE044A01036,1021.75,1055.0,1020.05,1051.6,1051.0,1021.8,4765060,4979659397.95,188975,LEGACY
2023-06-30,TORNTPHARM,Torrent Pharmaceuticals,EQ,INE685A01028,1937.0,1939.95,1899.3,1904.95,1905.0,1953.65,558543,1067496714.6,38435,LEGACY
2023-06-30,WOCKPHARMA,Wockhardt,EQ,INE049B01025,236.1,240.0,233.6,235.45,234.7,235.2,1032490,244310179.0,15184,LEGACY
2023-06-30,ZYDUSLIFE,Zydus Lifesciences,EQ,INE010B01027,588.0,588.0,578.0,583.05,582.4,582.45,1567590,913375366.95,37477,LEGACY
2023-07-03,ABBOTINDIA,Abbott India,EQ,INE358A01014,23500.0,23548.85,23167.55,23249.7,23239.0,23419.15,5169,120308157.6,2539,LEGACY
2023-07-03,AJANTPHARM,Ajanta Pharma,EQ,INE031B01049,1486.95,1491.9,1470.0,1475.0,1474.95,1479.15,225124,332178588.7,21079,LEGACY
2023-07-03,ALKEM,Alkem Laboratories,EQ,INE540L01014,3515.0,3515.0,3442.0,3493.9,3496.2,3512.85,141957,494883268.0,15197,LEGACY
2023-07-03,APLLTD,Alembic Pharmaceuticals,EQ,INE901L01018,641.9,651.5,621.65,625.85,626.0,636.4,208219,132451388.45,12328,LEGACY
2023-07-03,AUROPHARMA,Aurobindo Pharma,EQ,INE406A01037,728.1,730.9,709.85,712.4,713.3,727.35,1100761,789147928.5,28702,LEGACY
2023-07-03,BIOCON,Biocon,EQ,INE376G01013,268.05,270.25,262.6,263.5,264.2,265.5,5176929,1375687798.65,49638,LEGACY
2023-07-03,CIPLA,Cipla,EQ,INE059A01026,1020.5,1029.9,999.0,1001.8,1002.5,1014.95,1454455,1473355277.7,69247,LEGACY
2023-07-03,DIVISLAB,Divi's Laboratories,EQ,INE361B01024,3586.8,3652.0,3576.25,3587.55,3588.0,3583.6,574958,2081064335.75,49194,LEGACY
2023-07-03,DRREDDY,Dr. Reddy's Laboratories,EQ,INE089A01023,5159.6,5179.0,5090.3,5098.3,5105.95,5159.6,234827,1205903480.1,27526,LEGACY
2023-07-03,GLAND,Gland Pharma,EQ,INE068V01023,1069.45,1072.0,1040.05,1066.15,1064.65,1062.5,431924,458593382.2,20747,LEGACY
2023-07-03,GLAXO,GlaxoSmithKline Pharmaceuticals,EQ,INE159A01016,1420.0,1428.7,1400.05,1419.75,1422.95,1425.1,79567,112893135.4,6124,LEGACY
2023-07-03,GLENMARK,Glenmark Pharmaceuticals,EQ,INE935A01035,676.0,680.7,657.95,659.45,659.0,676.0,543288,362758693.95,20208,LEGACY
2023-07-03,GRANULES,Granules India,EQ,INE101D01020,302.0,304.6,297.55,298.65,298.8,296.9,2316092,696890238.25,32161,LEGACY
2023-07-03,IPCALAB,IPCA Laboratories,EQ,INE571A01038,741.0,748.65,737.5,746.7,748.0,742.85,418140,311187364.25,17599,LEGACY
2023-07-03,JBCHEPHARM,JB Chemicals & Pharmaceuticals,EQ,INE572A01028,2366.95,2383.0,2326.45,2362.3,2383.0,2366.95,74414,175098212.55,12752,LEGACY
2023-07-03,LAURUSLABS,Laurus Labs,EQ,INE947Q01028,368.0,368.1,355.8,357.0,358.35,366.65,1895993,682683818.25,37125,LEGACY
2023-07-03,LUPIN,Lupin,EQ,INE326A01037,901.1,902.0,884.25,892.3,890.0,902.75,670830,598412279.4,20366,LEGACY
2023-07-03,MANKIND,Mankind Pharma,EQ,INE634S01028,1707.95,1716.95,1692.2,1697.45,1695.0,1706.8,171333,291668972.65,13742,LEGACY
2023-07-03,NATCOPHARM,Natco Pharma,EQ,INE987B01026,698.9,716.0,690.4,694.0,698.7,693.2,1048640,739682483.25,31809,LEGACY
2023-07-03,PEL,Piramal Enterprises,EQ,INE140A01024,948.0,958.9,942.3,956.3,956.05,942.3,1845300,1757905982.05,52608,LEGACY
2023-07-03,PFIZER,Pfizer,EQ,INE182A01018,3790.0,3811.75,3772.0,3793.9,3800.0,3777.15,70664,267512025.65,3637,LEGACY
2023-07-03,PPLPHARMA,Piramal Pharma,EQ,INE0DK501011,93.4,93.5,91.7,92.25,92.55,92.45,4981011,461208396.2,18160,LEGACY
2023-07-03,SANOFI,Sanofi India,EQ,INE058A01010,6912.65,6969.0,6881.0,6901.3,6900.0,6912.3,9221,63693823.15,2774,LEGACY
2023-07-03,STAR,Strides Pharma Science,EQ,INE939A01011,450.0,474.85,448.05,468.25,465.95,430.65,5340411,2489085315.1,85556,LEGACY
2023-07-03,SUNPHARMA,Sun Pharmaceutical Industries,EQ,INE044A01036,1053.0,1053.65,1030.0,1032.7,1035.5,1051.6,2338356,2431335868.45,109361,LEGACY
2023-07-03,TORNTPHARM,Torrent Pharmaceuticals,EQ,INE685A01028,1910.0,1922.05,1883.15,1890.9,1891.0,1904.95,221209,420195963.85,15452,LEGACY
2023-07-03,WOCKPHARMA,Wockhardt,EQ,INE049B01025,236.9,238.85,233.3,237.2,237.0,235.45,941772,222210078.6,12919,LEGACY
2023-07-03,ZYDUSLIFE,Zydus Lifesciences,EQ,INE010B01027,586.95,594.3,577.5,578.4,580.0,583.05,1123850,658406848.1,35333,LEGACY
2023-07-04,ABBOTINDIA,Abbott India,EQ,INE358A01014,23229.95,23360.0,23150.0,23209.2,23250.0,23249.7,3896,90522136.75,1779,LEGACY
2023-07-04,AJANTPHARM,Ajanta Pharma,EQ,INE031B01049,1475.0,1480.35,1445.0,1448.9,1447.0,1475.0,57629,84046665.5,6661,LEGACY
2023-07-04,ALKEM,Alkem Laboratories,EQ,INE540L01014,3482.55,3537.15,3482.15,3494.8,3504.0,3493.9,85700,300421473.5,10996,LEGACY
2023-07-04,APLLTD,Alembic Pharmaceuticals,EQ,INE901L01018,630.85,650.85,629.6,638.05,637.5,625.85,309100,198738861.85,17370,LEGACY
2023-07-04,AUROPHARMA,Aurobindo Pharma,EQ,INE406A01037,717.4,718.8,708.85,712.65,713.15,712.4,1015019,724313932.4,30741,LEGACY
2023-07-04,BIOCON,Biocon,EQ,INE376G01013,267.0,270.5,259.8,262.55,263.45,263.5,6335870,1676850664.55,58066,LEGACY
2023-07-04,CIPLA,Cipla,EQ,INE059A01026,1007.95,1016.0,996.5,1011.85,1015.0,1001.8,1112255,1117684725.7,40847,LEGACY
2023-07-04,DIVISLAB,Divi's Laboratories,EQ,INE361B01024,3600.0,3600.0,3540.05,3550.1,3563.0,3587.55,248033,882438099.75,21841,LEGACY
2023-07-04,DRREDDY,Dr. Reddy's Laboratories,EQ,INE089A01023,5114.9,5204.75,5085.05,5188.4,5193.9,5098.3,372667,1919439101.15,38007,LEGACY
2023-07-04,GLAND,Gland Pharma,EQ,INE068V01023,1070.95,1070.95,1045.0,1051.8,1054.0,1066.15,326952,345668981.3,20772,LEGACY
2023-07-04,GLAXO,GlaxoSmithKline Pharmaceuticals,EQ,INE159A01016,1403.0,1425.0,1403.0,1420.8,1420.0,1419.75,31251,44301730.4,3401,LEGACY
2023-07-04,GLENMARK,Glenmark Pharmaceuticals,EQ,INE935A01035,660.9,662.85,647.65,649.65,650.2,659.45,1093575,714257568.2,18014,LEGACY
2023-07-04,GRANULES,Granules India,EQ,INE101D01020,299.25,299.65,294.2,295.65,295.0,298.65,1387147,410422131.7,24136,LEGACY
2023-07-04,IPCALAB,IPCA Laboratories,EQ,INE571A01038,750.0,755.7,744.0,746.05,745.0,746.7,270282,202348638.7,11986,LEGACY
2023-07-04,JBCHEPHARM,JB Chemicals & Pharmaceuticals,EQ,INE572A01028,2369.25,2393.7,2340.0,2351.4,2350.0,2362.3,55596,130995004.6,7087,LEGACY
2023-07-04,LAURUSLABS,Laurus Labs,EQ,INE947Q01028,358.8,358.9,348.1,350.0,351.05,357.0,2039563,717872263.9,25796,LEGACY
2023-07-04,LUPIN,Lupin,EQ,INE326A01037,899.95,902.9,887.8,891.4,892.5,892.3,563185,504452765.45,22466,LEGACY
2023-07-04,MANKIND,Mankind Pharma,EQ,INE634S01028,1709.4,1709.4,1661.05,1677.1,1675.0,1697.45,463605,781980083.65,19150,LEGACY
2023-07-04,NATCOPHARM,Natco Pharma,EQ,INE987B01026,706.9,706.9,691.0,692.75,693.8,694.0,414403,288871451.75,14425,LEGACY
2023-07-04,PEL,Piramal Enterprises,EQ,INE140A01024,958.0,959.8,930.0,936.85,938.0,956.3,2235582,2103629888.9,66588,LEGACY
2023-07-04,PFIZER,Pfizer,EQ,INE182A01018,3811.25,3837.95,3781.0,3785.8,3785.0,3793.9,102204,390612487.25,4511,LEGACY
2023-07-04,PPLPHARMA,Piramal Pharma,EQ,INE0DK501011,91.6,92.8,90.6,91.25,91.55,92.25,3963963,363011801.7,15238,LEGACY
2023-07-04,SANOFI,Sanofi India,EQ,INE058A01010,6908.75,6999.95,6883.9,6975.9,6989.9,6901.3,15734,109559762.35,4783,LEGACY
2023-07-04,STAR,Strides Pharma Science,EQ,INE939A01011,471.0,487.5,467.15,483.6,487.0,468.25,1838808,877175890.5,33637,LEGACY
2023-07-04,SUNPHARMA,Sun Pharmaceutical Industries,EQ,INE044A01036,1040.0,1053.9,1029.9,1048.8,1053.5,1032.7,1549174,1609566277.7,67170,LEGACY
2023-07-04,TORNTPHARM,Torrent Pharmaceuticals,EQ,INE685A01028,1900.9,1903.15,1862.7,1877.75,1881.0,1890.9,137674,259011215.15,11134,LEGACY
2023-07-04,WOCKPHARMA,Wockhardt,EQ,INE049B01025,237.5,247.6,232.95,241.1,240.2,237.2,3205734,776998892.85,39498,LEGACY
2023-07-04,ZYDUSLIFE,Zydus Lifesciences,EQ,INE010B01027,581.4,582.85,571.1,574.1,575.25,578.4,704262,405045163.85,27454,LEGACY
2023-07-05,ABBOTINDIA,Abbott India,EQ,INE358A01014,23151.0,23400.0,23151.0,23306.0,23300.0,23209.2,6095,141884976.3,2239,LEGACY
2023-07-05,AJANTPHARM,Ajanta Pharma,EQ,INE031B01049,1448.5,1472.75,1425.15,1437.9,1429.9,1448.9,61154,88235158.45,13725,LEGACY
2023-07-05,ALKEM,Alkem Laboratories,EQ,INE540L01014,3499.95,3525.0,3480.2,3512.25,3515.0,3494.8,100980,353862335.45,13320,LEGACY
2023-07-05,APLLTD,Alembic Pharmaceuticals,EQ,INE901L01018,637.9,650.0,630.0,642.6,644.0,638.05,77740,49822410.15,5415,LEGACY
2023-07-05,AUROPHARMA,Aurobindo Pharma,EQ,INE406A01037,718.45,732.75,714.75,731.6,732.7,712.65,1458729,1056932983.8,45042,LEGACY
2023-07-05,BIOCON,Biocon,EQ,INE376G01013,263.1,264.55,256.45,257.65,258.1,262.55,3783626,979739817.65,44823,LEGACY
2023-07-05,CIPLA,Cipla,EQ,INE059A01026,1017.0,1018.8,1005.4,1010.8,1011.7,1011.85,748219,757574676.85,41616,LEGACY
2023-07-05,DIVISLAB,Divi's Laboratories,EQ,INE361B01024,3576.4,3775.0,3563.15,3747.95,3760.05,3550.1,1611582,5942096679.3,84158,LEGACY
2023-07-05,DRREDDY,Dr. Reddy's Laboratories,EQ,INE089A01023,5185.0,5201.8,5137.0,5178.35,5176.85,5188.4,282054,1457871624.35,50398,LEGACY
2023-07-05,GLAND,Gland Pharma,EQ,INE068V01023,1051.8,1068.95,1050.9,1064.05,1065.5,1051.8,238749,253914318.45,13314,LEGACY
2023-07-05,GLAXO,GlaxoSmithKline Pharmaceuticals,EQ,INE159A01016,1418.0,1425.2,1405.0,1421.2,1418.0,1420.8,72327,102495812.85,7161,LEGACY
2023-07-05,GLENMARK,Glenmark Pharmaceuticals,EQ,INE935A01035,650.0,665.7,649.45,664.0,663.5,649.65,1275242,834890073.7,22907,LEGACY
2023-07-05,GRANULES,Granules India,EQ,INE101D01020,295.65,296.85,294.25,295.3,295.0,295.65,550232,162562370.05,16880,LEGACY
2023-07-05,IPCALAB,IPCA Laboratories,EQ,INE571A01038,747.0,753.9,743.05,750.1,750.0,746.05,215627,161682264.85,11288,LEGACY
2023-07-05,JBCHEPHARM,JB Chemicals & Pharmaceuticals,EQ,INE572A01028,2278.0,2344.8,2278.0,2300.7,2300.5,2351.4,69391,160293395.25,7691,LEGACY
2023-07-05,LAURUSLABS,Laurus Labs,EQ,INE947Q01028,350.0,355.6,344.4,354.35,355.6,350.0,2649402,926078100.9,39798,LEGACY
2023-07-05,LUPIN,Lupin,EQ,INE326A01037,898.6,902.5,892.35,897.3,895.9,891.4,714726,641388372.2,34312,LEGACY
2023-07-05,MANKIND,Mankind Pharma,EQ,INE634S01028,1685.0,1727.0,1678.0,1697.85,1698.0,1677.1,229369,391148615.75,12079,LEGACY
2023-07-05,NATCOPHARM,Natco Pharma,EQ,INE987B01026,694.35,699.7,677.7,679.6,678.5,692.75,400824,275632956.25,15556,LEGACY
2023-07-05,PEL,Piramal Enterprises,EQ,INE140A01024,939.35,954.8,936.15,950.15,950.7,936.85,1565847,1485536043.05,52837,LEGACY
2023-07-05,PFIZER,Pfizer,EQ,INE182A01018,3805.7,3819.95,3786.0,3795.1,3787.0,3785.8,12842,48822018.25,3119,LEGACY
2023-07-05,PPLPHARMA,Piramal Pharma,EQ,INE0DK501011,91.95,93.05,90.95,92.6,92.4,91.25,4166310,384391839.65,14390,LEGACY
2023-07-05,SANOFI,Sanofi India,EQ,INE058A01010,6989.9,7069.95,6927.9,6945.75,6955.0,6975.9,8265,57776690.75,2840,LEGACY
2023-07-05,STAR,Strides Pharma Science,EQ,INE939A01011,472.0,472.5,448.7,451.55,450.7,483.6,2486534,1135466239.9,44544,LEGACY
2023-07-05,SUNPHARMA,Sun Pharmaceutical Industries,EQ,INE044A01036,1055.0,1057.7,1042.65,1044.7,1046.8,1048.8,1840716,1929576100.95,94452,LEGACY
2023-07-05,TORNTPHARM,Torrent Pharmaceuticals,EQ,INE685A01028,1877.75,1907.35,1866.6,1886.0,1882.3,1877.75,310309,586426675.2,14694,LEGACY
2023-07-05,WOCKPHARMA,Wockhardt,EQ,INE049B01025,241.4,248.0,238.0,242.7,242.95,241.1,2294076,557849259.2,27424,LEGACY
2023-07-05,ZYDUSLIFE,Zydus Lifesciences,EQ,INE010B01027,576.0,587.0,574.0,585.0,585.05,574.1,641465,372826208.0,20188,LEGACY
2023-07-06,ABBOTINDIA,Abbott India,EQ,INE358A01014,23306.95,23869.95,23200.0,23825.75,23800.0,23306.0,14956,354307131.3,5522,LEGACY
2023-07-06,AJANTPHARM,Ajanta Pharma,EQ,INE031B01049,1438.05,1456.3,1422.25,1426.35,1426.0,1437.9,146239,211187073.25,13438,LEGACY
2023-07-06,ALKEM,Alkem Laboratories,EQ,INE540L01014,3512.1,3543.95,3502.25,3523.25,3540.0,3512.25,79164,279217591.2,11237,LEGACY
2023-07-06,APLLTD,Alembic Pharmaceuticals,EQ,INE901L01018,642.6,659.0,641.4,656.75,658.0,642.6,161190,105223322.85,11044,LEGACY
2023-07-06,AUROPHARMA,Aurobindo Pharma,EQ,INE406A01037,732.0,765.0,725.0,761.3,763.0,731.6,3719464,2796176030.25,84599,LEGACY
2023-07-06,BIOCON,Biocon,EQ,INE376G01013,259.5,264.5,257.65,259.5,259.2,257.65,3801171,990425761.45,39371,LEGACY
2023-07-06,CIPLA,Cipla,EQ,INE059A01026,1012.0,1023.55,1011.4,1021.25,1020.0,1010.8,1236819,1259600672.75,55198,LEGACY
2023-07-06,DIVISLAB,Divi's Laboratories,EQ,INE361B01024,3746.7,3748.2,3700.0,3736.85,3717.0,3747.95,594282,2212993293.3,50273,LEGACY
2023-07-06,DRREDDY,Dr. Reddy's Laboratories,EQ,INE089A01023,5178.45,5258.5,5170.0,5231.8,5230.0,5178.35,506874,2649998961.65,58041,LEGACY
2023-07-06,GLAND,Gland Pharma,EQ,INE068V01023,1069.0,1069.0,1057.05,1060.45,1062.0,1064.05,174143,184673048.25,10461,LEGACY
2023-07-06,GLAXO,GlaxoSmithKline Pharmaceuticals,EQ,INE159A01016,1421.2,1422.45,1400.0,1415.5,1415.0,1421.2,52843,74671343.9,8326,LEGACY
2023-07-06,GLENMARK,Glenmark Pharmaceuticals,EQ,INE935A01035,663.5,671.0,661.55,668.25,669.45,664.0,983495,656804278.25,24840,LEGACY
2023-07-06,GRANULES,Granules India,EQ,INE101D01020,295.0,303.25,294.3,300.9,301.3,295.3,2025739,607832604.55,27035,LEGACY
2023-07-06,IPCALAB,IPCA Laboratories,EQ,INE571A01038,750.0,761.7,747.5,760.05,760.2,750.1,434971,329538932.1,15045,LEGACY
2023-07-06,JBCHEPHARM,JB Chemicals & Pharmaceuticals,EQ,INE572A01028,2312.25,2321.0,2286.5,2313.65,2286.5,2300.7,31193,71878214.55,5455,LEGACY
2023-07-06,LAURUSLABS,Laurus Labs,EQ,INE947Q01028,356.1,370.0,354.65,367.7,366.0,354.35,3218692,1173668187.45,41384,LEGACY
2023-07-06,LUPIN,Lupin,EQ,INE326A01037,899.95,910.5,891.6,905.3,904.65,897.3,697077,629014734.8,26749,LEGACY
2023-07-06,MANKIND,Mankind Pharma,EQ,INE634S01028,1699.0,1717.0,1699.0,1707.9,1706.55,1697.85,206546,352775263.3,11120,LEGACY
2023-07-06,NATCOPHARM,Natco Pharma,EQ,INE987B01026,681.55,699.0,679.6,696.7,698.4,679.6,423074,291186594.5,17015,LEGACY
2023-07-06,PEL,Piramal Enterprises,EQ,INE140A01024,978.0,982.0,935.9,940.65,940.45,950.15,4876565,4641395088.95,98105,LEGACY
2023-07-06,PFIZER,Pfizer,EQ,INE182A01018,3790.0,3825.1,3772.0,3781.65,3773.0,3795.1,18756,71173223.6,2799,LEGACY
2023-07-06,PPLPHARMA,Piramal Pharma,EQ,INE0DK501011,92.9,95.95,92.5,94.35,94.7,92.6,15331315,1446760068.0,35514,LEGACY
2023-07-06,SANOFI,Sanofi India,EQ,INE058A01010,6944.95,6969.95,6906.0,6930.6,6912.0,6945.75,5658,39212466.25,1909,LEGACY
2023-07-06,STAR,Strides Pharma Science,EQ,INE939A01011,454.7,454.7,437.5,441.85,444.0,451.55,1160627,517140133.1,22821,LEGACY
2023-07-06,SUNPHARMA,Sun Pharmaceutical Industries,EQ,INE044A01036,1040.0,1056.6,1040.0,1042.5,1042.0,1044.7,2551103,2672899523.1,84171,LEGACY
2023-07-06,TORNTPHARM,Torrent Pharmaceuticals,EQ,INE685A01028,1898.6,1918.4,1885.05,1899.4,1899.55,1886.0,387583,737608138.9,22047,LEGACY
2023-07-06,WOCKPHARMA,Wockhardt,EQ,INE049B01025,242.7,251.8,241.2,246.2,247.3,242.7,2762259,684451508.35,32362,LEGACY
2023-07-06,ZYDUSLIFE,Zydus Lifesciences,EQ,INE010B01027,585.0,592.0,576.0,588.1,591.0,585.0,773658,454843563.05,26789,LEGACY
2023-07-07,ABBOTINDIA,Abbott India,EQ,INE358A01014,23815.0,23815.0,23451.05,23499.4,23452.75,23825.75,6240,147266533.55,2674,LEGACY
2023-07-07,AJANTPHARM,Ajanta Pharma,EQ,INE031B01049,1435.0,1447.45,1396.45,1421.3,1415.55,1426.35,165128,233689715.4,17095,LEGACY
2023-07-07,ALKEM,Alkem Laboratories,EQ,INE540L01014,3540.0,3540.0,3477.05,3490.75,3498.0,3523.25,85096,299251618.8,10767,LEGACY
2023-07-07,APLLTD,Alembic Pharmaceuticals,EQ,INE901L01018,653.7,663.0,642.1,656.9,655.05,656.75,150551,98609390.1,9340,LEGACY
2023-07-07,AUROPHARMA,Aurobindo Pharma,EQ,INE406A01037,750.95,763.25,737.0,745.6,746.35,761.3,3142157,2344556259.15,69675,LEGACY
2023-07-07,BIOCON,Biocon,EQ,INE376G01013,258.45,259.95,253.0,253.95,254.0,259.5,2992725,765168790.05,28604,LEGACY
2023-07-07,CIPLA,Cipla,EQ,INE059A01026,1009.45,1028.75,998.05,1020.65,1022.95,1021.25,1914093,1944325045.3,82918,LEGACY
2023-07-07,DIVISLAB,Divi's Laboratories,EQ,INE361B01024,3717.0,3740.0,3661.15,3668.65,3673.3,3736.85,489065,1812330631.85,45714,LEGACY
2023-07-07,DRREDDY,Dr. Reddy's Laboratories,EQ,INE089A01023,5230.0,5273.15,5110.0,5182.5,5182.2,5231.8,554344,2896422467.2,41034,LEGACY
2023-07-07,GLAND,Gland Pharma,EQ,INE068V01023,1058.0,1068.25,1042.0,1046.15,1047.0,1060.45,317782,334502500.15,28468,LEGACY
2023-07-07,GLAXO,GlaxoSmithKline Pharmaceuticals,EQ,INE159A01016,1406.2,1414.25,1395.45,1400.45,1404.0,1415.5,54164,75955574.05,3770,LEGACY
2023-07-07,GLENMARK,Glenmark Pharmaceuticals,EQ,INE935A01035,668.25,693.8,664.15,689.25,689.15,668.25,2797202,1905938486.45,44586,LEGACY
2023-07-07,GRANULES,Granules India,EQ,INE101D01020,301.0,315.4,300.0,311.9,311.8,300.9,11444581,3538324734.85,91370,LEGACY
2023-07-07,IPCALAB,IPCA Laboratories,EQ,INE571A01038,759.95,765.9,754.85,759.3,760.0,760.05,428284,326039436.8,17963,LEGACY
2023-07-07,JBCHEPHARM,JB Chemicals & Pharmaceuticals,EQ,INE572A01028,2305.0,2325.0,2275.0,2295.35,2296.95,2313.65,23986,55312731.95,2945,LEGACY
2023-07-07,LAURUSLABS,Laurus Labs,EQ,INE947Q01028,368.0,376.9,363.4,364.95,365.05,367.7,4506526,1666480094.25,41136,LEGACY
2023-07-07,LUPIN,Lupin,EQ,INE326A01037,899.2,921.0,889.75,900.6,904.7,905.3,1494460,1354146604.95,47197,LEGACY
2023-07-07,MANKIND,Mankind Pharma,EQ,INE634S01028,1708.5,1749.95,1701.15,1733.8,1724.05,1707.9,360481,624204633.8,19639,LEGACY
2023-07-07,NATCOPHARM,Natco Pharma,EQ,INE987B01026,696.7,700.85,675.9,681.35,683.4,696.7,476390,326792993.55,18631,LEGACY
2023-07-07,PEL,Piramal Enterprises,EQ,INE140A01024,943.0,944.7,915.3,926.7,926.4,940.65,1734505,1611658948.95,46306,LEGACY
2023-07-07,PFIZER,Pfizer,EQ,INE182A01018,3781.65,3820.0,3781.65,3800.35,3800.0,3781.65,41453,157384105.6,2681,LEGACY
2023-07-07,PPLPHARMA,Piramal Pharma,EQ,INE0DK501011,94.5,94.7,91.2,91.9,92.0,94.35,5575117,514712548.85,22841,LEGACY
2023-07-07,SANOFI,Sanofi India,EQ,INE058A01010,6929.95,6957.95,6904.75,6913.15,6905.0,6930.6,5462,37789265.15,1860,LEGACY
2023-07-07,STAR,Strides Pharma Science,EQ,INE939A01011,443.0,458.0,438.85,441.85,442.95,441.85,962498,432353327.75,20221,LEGACY
2023-07-07,SUNPHARMA,Sun Pharmaceutical Industries,EQ,INE044A01036,1033.5,1051.2,1028.75,1035.7,1038.0,1042.5,1721224,1790949429.7,107015,LEGACY
2023-07-07,TORNTPHARM,Torrent Pharmaceuticals,EQ,INE685A01028,1898.0,1949.0,1891.25,1902.25,1905.0,1899.4,542361,1038776216.35,26363,LEGACY
2023-07-07,WOCKPHARMA,Wockhardt,EQ,INE049B01025,246.4,254.6,245.3,247.45,247.5,246.2,2394360,597079313.75,26339,LEGACY
2023-07-07,ZYDUSLIFE,Zydus Lifesciences,EQ,INE010B01027,586.0,589.95,580.05,582.25,582.95,588.1,448177,261741050.55,23521,LEGACY
2023-07-10,ABBOTINDIA,Abbott India,EQ,INE358A01014,23500.0,23614.7,23283.75,23470.45,23600.0,23499.4,4870,114354322.25,1908,LEGACY
2023-07-10,AJANTPHARM,Ajanta Pharma,EQ,INE031B01049,1420.0,1441.7,1399.15,1406.6,1411.4,1421.3,89784,126311411.15,14191,LEGACY
2023-07-10,ALKEM,Alkem Laboratories,EQ,INE540L01014,3492.4,3529.95,3476.15,3487.65,3500.0,3490.75,50264,175646632.3,7285,LEGACY
2023-07-10,APLLTD,Alembic Pharmaceuticals,EQ,INE901L01018,656.95,657.15,646.05,647.7,646.8,656.9,45664,29745180.55,5020,LEGACY
2023-07-10,AUROPHARMA,Aurobindo Pharma,EQ,INE406A01037,750.8,751.6,725.25,735.5,737.0,745.6,2256565,1663448620.85,54781,LEGACY
2023-07-10,BIOCON,Biocon,EQ,INE376G01013,255.0,256.35,251.55,254.7,254.7,253.95,3929446,1000715839.65,39917,LEGACY
2023-07-10,CIPLA,Cipla,EQ,INE059A01026,1024.0,1026.0,1013.0,1016.7,1018.6,1020.65,1142988,1165880485.8,46747,LEGACY
2023-07-10,DIVISLAB,Divi's Laboratories,EQ,INE361B01024,3685.0,3685.0,3590.75,3639.95,3645.0,3668.65,289377,1050090740.25,29445,LEGACY
2023-07-10,DRREDDY,Dr. Reddy's Laboratories,EQ,INE089A01023,5194.95,5215.0,5145.0,5154.95,5145.0,5182.5,200725,1037570338.05,27124,LEGACY
2023-07-10,GLAND,Gland Pharma,EQ,INE068V01023,1059.0,1135.85,1056.65,1084.75,1085.1,1046.15,3176023,3497615199.5,109840,LEGACY
2023-07-10,GLAXO,GlaxoSmithKline Pharmaceuticals,EQ,INE159A01016,1405.0,1412.65,1394.3,1397.3,1397.0,1400.45,75127,105105012.8,4081,LEGACY
2023-07-10,GLENMARK,Glenmark Pharmaceuticals,EQ,INE935A01035,691.9,693.75,662.15,663.8,663.4,689.25,1485596,1006570269.25,34698,LEGACY
2023-07-10,GRANULES,Granules India,EQ,INE101D01020,314.7,317.45,309.05,310.05,310.1,311.9,3468004,1084820043.05,32699,LEGACY
2023-07-10,IPCALAB,IPCA Laboratories,EQ,INE571A01038,763.05,763.05,748.95,755.05,756.0,759.3,154970,117028015.1,13426,LEGACY
2023-07-10,JBCHEPHARM,JB Chemicals & Pharmaceuticals,EQ,INE572A01028,2299.75,2344.5,2286.25,2338.9,2339.0,2295.35,37770,87271370.8,7650,LEGACY
2023-07-10,LAURUSLABS,Laurus Labs,EQ,INE947Q01028,366.75,366.75,356.05,358.0,357.2,364.95,1523991,547785661.8,20929,LEGACY
2023-07-10,LUPIN,Lupin,EQ,INE326A01037,903.45,908.65,896.4,900.85,904.0,900.6,472539,426055358.2,15928,LEGACY
2023-07-10,MANKIND,Mankind Pharma,EQ,INE634S01028,1744.0,1745.95,1717.8,1727.5,1721.05,1733.8,192521,332640406.4,11447,LEGACY
2023-07-10,NATCOPHARM,Natco Pharma,EQ,INE987B01026,684.1,699.75,681.1,683.85,683.5,681.35,557756,384850555.0,21148,LEGACY
2023-07-10,PEL,Piramal Enterprises,EQ,INE140A01024,930.0,944.35,918.35,940.35,939.6,926.7,1733801,1618247440.2,53234,LEGACY
2023-07-10,PFIZER,Pfizer,EQ,INE182A01018,3810.0,3810.0,3775.0,3792.9,3791.5,3800.35,26561,100450783.75,1644,LEGACY
2023-07-10,PPLPHARMA,Piramal Pharma,EQ,INE0DK501011,92.2,93.1,91.1,91.3,91.45,91.9,3033362,278463539.45,14242,LEGACY
2023-07-10,SANOFI,Sanofi India,EQ,INE058A01010,6907.5,6940.0,6900.0,6912.5,6910.15,6913.15,6983,48278013.7,1960,LEGACY
2023-07-10,STAR,Strides Pharma Science,EQ,INE939A01011,442.9,444.95,432.5,435.85,434.7,441.85,359544,157139505.25,8698,LEGACY
2023-07-10,SUNPHARMA,Sun Pharmaceutical Industries,EQ,INE044A01036,1036.0,1051.0,1031.1,1045.0,1049.0,1035.7,1221769,1275299205.6,68522,LEGACY
2023-07-10,TORNTPHARM,Torrent Pharmaceuticals,EQ,INE685A01028,1919.4,1919.4,1888.2,1911.95,1915.9,1902.25,194986,372023337.85,10548,LEGACY
2023-07-10,WOCKPHARMA,Wockhardt,EQ,INE049B01025,247.5,249.95,242.9,244.45,245.1,247.45,1258907,310006090.0,12571,LEGACY
2023-07-10,ZYDUSLIFE,Zydus Lifesciences,EQ,INE010B01027,585.2,588.1,580.1,581.6,582.0,582.25,721120,420540684.35,15871,LEGACY
2023-07-11,ABBOTINDIA,Abbott India,EQ,INE358A01014,23550.0,23806.95,23307.45,23693.2,23661.0,23470.45,11542,272435554.85,3634,LEGACY
2023-07-11,AJANTPHARM,Ajanta Pharma,EQ,INE031B01049,1413.65,1430.65,1386.6,1400.7,1400.0,1406.6,115392,162663405.35,16858,LEGACY
2023-07-11,ALKEM,Alkem Laboratories,EQ,INE540L01014,3488.65,3523.8,3475.0,3514.05,3515.95,3487.65,33453,117472232.4,6099,LEGACY
2023-07-11,APLLTD,Alembic Pharmaceuticals,EQ,INE901L01018,650.05,662.5,646.0,657.6,657.5,647.7,105847,69446262.1,7951,LEGACY
2023-07-11,AUROPHARMA,Aurobindo Pharma,EQ,INE406A01037,738.0,743.35,735.0,736.4,736.0,735.5,1051143,776646663.15,24069,LEGACY
2023-07-11,BIOCON,Biocon,EQ,INE376G01013,256.0,256.4,252.55,254.2,254.9,254.7,2604446,661469890.2,31704,LEGACY
2023-07-11,CIPLA,Cipla,EQ,INE059A01026,1018.95,1033.5,1018.0,1027.8,1024.0,1016.7,814514,837158590.8,40769,LEGACY
2023-07-11,DIVISLAB,Divi's Laboratories,EQ,INE361B01024,3661.0,3697.0,3632.45,3641.45,3645.0,3639.95,257208,940557540.4,28122,LEGACY
2023-07-11,DRREDDY,Dr. Reddy's Laboratories,EQ,INE089A01023,5144.0,5215.0,5113.55,5165.85,5145.0,5154.95,211361,1093883341.95,25369,LEGACY
2023-07-11,GLAND,Gland Pharma,EQ,INE068V01023,1092.0,1109.15,1073.4,1104.3,1103.05,1084.75,751557,826222821.8,52799,LEGACY
2023-07-11,GLAXO,GlaxoSmithKline Pharmaceuticals,EQ,INE159A01016,1385.0,1408.75,1380.4,1389.35,1395.0,1397.3,202879,282469232.6,6875,LEGACY
2023-07-11,GLENMARK,Glenmark Pharmaceuticals,EQ,INE935A01035,668.0,675.5,661.0,670.6,670.5,663.8,612181,410784068.4,14727,LEGACY
2023-07-11,GRANULES,Granules India,EQ,INE101D01020,311.9,313.5,306.55,309.95,310.4,310.05,1606249,497239512.05,16779,LEGACY
2023-07-11,IPCALAB,IPCA Laboratories,EQ,INE571A01038,754.15,770.3,752.6,765.25,765.3,755.05,448744,343370834.35,12990,LEGACY
2023-07-11,JBCHEPHARM,JB Chemicals & Pharmaceuticals,EQ,INE572A01028,2345.0,2464.65,2339.1,2449.75,2464.0,2338.9,120808,292328567.45,11424,LEGACY
2023-07-11,LAURUSLABS,Laurus Labs,EQ,INE947Q01028,358.5,361.0,355.55,356.8,356.85,358.0,1153140,412453205.7,17667,LEGACY
2023-07-11,LUPIN,Lupin,EQ,INE326A01037,904.0,919.1,902.1,914.2,918.0,900.85,671785,612522085.8,21711,LEGACY
2023-07-11,MANKIND,Mankind Pharma,EQ,INE634S01028,1728.2,1743.0,1724.0,1731.4,1733.0,1727.5,128332,222671396.2,7936,LEGACY
2023-07-11,NATCOPHARM,Natco Pharma,EQ,INE987B01026,688.5,688.9,672.1,673.3,674.0,683.85,398047,270056738.55,21989,LEGACY
2023-07-11,PEL,Piramal Enterprises,EQ,INE140A01024,944.45,948.9,935.0,937.95,936.75,940.35,1221022,1149849380.5,44310,LEGACY
2023-07-11,PFIZER,Pfizer,EQ,INE182A01018,3794.1,3811.85,3777.2,3791.55,3791.0,3792.9,48318,183155538.1,2109,LEGACY
2023-07-11,PPLPHARMA,Piramal Pharma,EQ,INE0DK501011,91.65,92.9,91.45,91.8,91.9,91.3,3212121,296291300.85,12076,LEGACY
2023-07-11,SANOFI,Sanofi India,EQ,INE058A01010,6934.95,6939.0,6901.2,6927.9,6915.05,6912.5,7275,50329119.5,2006,LEGACY
2023-07-11,STAR,Strides Pharma Science,EQ,INE939A01011,439.5,439.5,432.0,434.0,432.0,435.85,215084,93548833.95,7617,LEGACY
2023-07-11,SUNPHARMA,Sun Pharmaceutical Industries,EQ,INE044A01036,1052.0,1074.75,1049.05,1072.25,1073.95,1045.0,4369937,4658058891.3,116910,LEGACY
2023-07-11,TORNTPHARM,Torrent Pharmaceuticals,EQ,INE685A01028,1916.9,1944.75,1906.75,1941.6,1936.45,1911.95,285210,551843923.7,19572,LEGACY
2023-07-11,WOCKPHARMA,Wockhardt,EQ,INE049B01025,245.85,250.8,244.15,247.1,246.95,244.45,1276555,315800279.4,13332,LEGACY
2023-07-11,ZYDUSLIFE,Zydus Lifesciences,EQ,INE010B01027,581.6,591.75,581.6,584.85,586.0,581.6,774090,454281432.5,18658,LEGACY
2023-07-12,ABBOTINDIA,Abbott India,EQ,INE358A01014,23661.0,23850.0,23501.6,23564.5,23598.95,23693.2,7679,181335224.85,3152,LEGACY
2023-07-12,AJANTPHARM,Ajanta Pharma,EQ,INE031B01049,1408.1,1461.0,1403.2,1423.8,1418.0,1400.7,208528,299640852.25,21696,LEGACY
2023-07-12,ALKEM,Alkem Laboratories,EQ,INE540L01014,3535.35,3540.0,3495.05,3529.0,3524.95,3514.05,117624,414426675.4,14006,LEGACY
2023-07-12,APLLTD,Alembic Pharmaceuticals,EQ,INE901L01018,657.9,666.95,651.05,657.2,655.1,657.6,101254,66697780.05,6657,LEGACY
2023-07-12,AUROPHARMA,Aurobindo Pharma,EQ,INE406A01037,735.0,744.9,730.65,735.05,732.0,736.4,1495051,1102351444.8,35598,LEGACY
2023-07-12,BIOCON,Biocon,EQ,INE376G01013,255.0,262.35,254.3,259.15,259.35,254.2,4526585,1174674179.95,50745,LEGACY
2023-07-12,CIPLA,Cipla,EQ,INE059A01026,1025.0,1032.9,1019.95,1022.2,1024.2,1027.8,1163653,1192078818.1,46144,LEGACY
2023-07-12,DIVISLAB,Divi's Laboratories,EQ,INE361B01024,3650.0,3670.0,3596.75,3633.5,3634.9,3641.45,320760,1164483286.15,40233,LEGACY
2023-07-12,DRREDDY,Dr. Reddy's Laboratories,EQ,INE089A01023,5150.0,5198.95,5130.0,5189.0,5190.3,5165.85,240718,1246641504.0,28257,LEGACY
2023-07-12,GLAND,Gland Pharma,EQ,INE068V01023,1110.0,1110.0,1084.5,1092.7,1092.5,1104.3,526923,576358172.6,18795,LEGACY
2023-07-12,GLAXO,GlaxoSmithKline Pharmaceuticals,EQ,INE159A01016,1395.0,1410.0,1385.45,1394.9,1403.0,1389.35,126011,176114932.05,8432,LEGACY
2023-07-12,GLENMARK,Glenmark Pharmaceuticals,EQ,INE935A01035,671.8,686.4,671.35,676.65,676.95,670.6,748458,507543611.55,28987,LEGACY
2023-07-12,GRANULES,Granules India,EQ,INE101D01020,311.5,314.55,308.1,308.9,309.5,309.95,2050698,638228994.45,19131,LEGACY
2023-07-12,IPCALAB,IPCA Laboratories,EQ,INE571A01038,765.3,772.0,758.4,764.9,765.5,765.25,167625,128200911.55,9130,LEGACY
2023-07-12,JBCHEPHARM,JB Chemicals & Pharmaceuticals,EQ,INE572A01028,2469.0,2773.95,2446.0,2603.5,2600.4,2449.75,1117073,2928663832.95,90936,LEGACY
2023-07-12,LAURUSLABS,Laurus Labs,EQ,INE947Q01028,357.05,362.0,352.05,352.75,353.0,356.8,1872479,665154442.25,24802,LEGACY
2023-07-12,LUPIN,Lupin,EQ,INE326A01037,930.0,942.95,915.05,940.5,941.0,914.2,2286940,2126625238.85,65283,LEGACY
2023-07-12,MANKIND,Mankind Pharma,EQ,INE634S01028,1737.65,1897.9,1730.6,1878.45,1875.0,1731.4,972037,1795518472.2,49936,LEGACY
2023-07-12,NATCOPHARM,Natco Pharma,EQ,INE987B01026,676.25,684.8,667.8,671.15,674.0,673.3,321508,216846632.3,14562,LEGACY
2023-07-12,PEL,Piramal Enterprises,EQ,INE140A01024,940.0,977.9,936.05,969.15,967.0,937.95,3508314,3376514587.05,106369,LEGACY
2023-07-12,PFIZER,Pfizer,EQ,INE182A01018,3796.4,3834.7,3796.4,3809.45,3805.0,3791.55,14279,54510540.5,2476,LEGACY
2023-07-12,PPLPHARMA,Piramal Pharma,EQ,INE0DK501011,92.7,93.8,92.5,93.05,93.05,91.8,7031907,654711881.35,23478,LEGACY
2023-07-12,SANOFI,Sanofi India,EQ,INE058A01010,6939.0,6982.0,6908.05,6930.35,6935.0,6927.9,5191,36019108.95,1761,LEGACY
2023-07-12,STAR,Strides Pharma Science,EQ,INE939A01011,435.5,449.0,432.75,442.9,442.0,434.0,515079,227493431.35,15226,LEGACY
2023-07-12,SUNPHARMA,Sun Pharmaceutical Industries,EQ,INE044A01036,1075.0,1083.75,1070.0,1078.75,1077.0,1072.25,5088473,5487950769.15,183302,LEGACY
2023-07-12,TORNTPHARM,Torrent Pharmaceuticals,EQ,INE685A01028,1944.0,1950.4,1917.0,1930.0,1924.05,1941.6,191619,369890571.0,13368,LEGACY
2023-07-12,WOCKPHARMA,Wockhardt,EQ,INE049B01025,248.35,252.4,242.9,244.3,243.5,247.1,1823826,451296171.45,19979,LEGACY
2023-07-12,ZYDUSLIFE,Zydus Lifesciences,EQ,INE010B01027,587.0,595.4,583.3,593.4,592.5,584.85,1073272,634322063.1,40365,LEGACY
2023-07-13,ABBOTINDIA,Abbott India,EQ,INE358A01014,23600.0,23678.05,23300.0,23392.55,23400.0,23564.5,7927,186158914.3,3250,LEGACY
2023-07-13,AJANTPHARM,Ajanta Pharma,EQ,INE031B01049,1431.25,1444.35,1404.4,1411.15,1415.0,1423.8,92860,131420351.7,11751,LEGACY
2023-07-13,ALKEM,Alkem Laboratories,EQ,INE540L01014,3525.1,3550.0,3495.0,3511.15,3506.0,3529.0,146039,516266269.7,11163,LEGACY
2023-07-13,APLLTD,Alembic Pharmaceuticals,EQ,INE901L01018,660.0,660.0,643.95,652.75,655.0,657.2,87883,57239215.2,6307,LEGACY
2023-07-13,AUROPHARMA,Aurobindo Pharma,EQ,INE406A01037,742.4,742.9,720.55,724.4,725.4,735.05,1090657,796768756.7,24931,LEGACY
2023-07-13,BIOCON,Biocon,EQ,INE376G01013,260.4,261.65,256.0,257.15,257.25,259.15,2780982,718860972.55,31082,LEGACY
2023-07-13,CIPLA,Cipla,EQ,INE059A01026,1027.85,1036.0,1018.05,1020.7,1022.0,1022.2,1419223,1453976367.3,54317,LEGACY
2023-07-13,DIVISLAB,Divi's Laboratories,EQ,INE361B01024,3646.0,3674.65,3610.05,3620.9,3625.8,3633.5,227125,828119754.3,50404,LEGACY
2023-07-13,DRREDDY,Dr. Reddy's Laboratories,EQ,INE089A01023,5190.0,5203.15,5134.9,5142.45,5145.55,5189.0,406983,2103921492.7,33074,LEGACY
2023-07-13,GLAND,Gland Pharma,EQ,INE068V01023,1097.0,1110.0,1086.1,1105.8,1107.0,1092.7,619965,682525215.0,23856,LEGACY
2023-07-13,GLAXO,GlaxoSmithKline Pharmaceuticals,EQ,INE159A01016,1399.9,1406.1,1395.0,1401.0,1402.75,1394.9,205403,287457724.5,3783,LEGACY
2023-07-13,GLENMARK,Glenmark Pharmaceuticals,EQ,INE935A01035,678.25,688.8,677.3,683.25,683.05,676.65,1041642,711194227.15,23184,LEGACY
2023-07-13,GRANULES,Granules India,EQ,INE101D01020,311.25,312.7,300.5,302.35,302.7,308.9,2840536,871915804.65,33877,LEGACY
2023-07-13,IPCALAB,IPCA Laboratories,EQ,INE571A01038,764.95,772.0,760.25,769.25,769.0,764.9,417921,321064743.75,18531,LEGACY
2023-07-13,JBCHEPHARM,JB Chemicals & Pharmaceuticals,EQ,INE572A01028,2620.0,2736.55,2472.65,2522.15,2516.25,2603.5,328520,859643540.8,35497,LEGACY
2023-07-13,LAURUSLABS,Laurus Labs,EQ,INE947Q01028,354.55,355.65,343.65,347.1,348.5,352.75,1349936,471903399.45,23726,LEGACY
2023-07-13,LUPIN,Lupin,EQ,INE326A01037,940.5,942.1,921.9,930.75,928.65,940.5,1070687,995326280.8,31763,LEGACY
2023-07-13,MANKIND,Mankind Pharma,EQ,INE634S01028,1889.65,1895.4,1785.0,1820.3,1819.9,1878.45,482228,884237142.5,43889,LEGACY
2023-07-13,NATCOPHARM,Natco Pharma,EQ,INE987B01026,678.0,685.0,672.3,681.4,684.65,671.15,426841,289967128.85,22603,LEGACY
2023-07-13,PEL,Piramal Enterprises,EQ,INE140A01024,973.15,999.85,962.5,973.8,975.0,969.15,4268724,4206803884.95,124057,LEGACY
2023-07-13,PFIZER,Pfizer,EQ,INE182A01018,3806.0,3839.95,3780.0,3786.1,3781.0,3809.45,10492,39965080.65,2804,LEGACY
2023-07-13,PPLPHARMA,Piramal Pharma,EQ,INE0DK501011,93.4,94.2,91.25,91.85,92.1,93.05,3663484,340800510.55,16651,LEGACY
2023-07-13,SANOFI,Sanofi India,EQ,INE058A01010,6970.0,6970.0,6850.0,6878.2,6872.55,6930.35,7890,54486874.1,2612,LEGACY
2023-07-13,STAR,Strides Pharma Science,EQ,INE939A01011,446.8,446.85,433.0,433.85,433.25,442.9,302597,132352650.85,12125,LEGACY
2023-07-13,SUNPHARMA,Sun Pharmaceutical Industries,EQ,INE044A01036,1081.9,1081.9,1071.7,1075.65,1075.0,1078.75,1541690,1658900421.2,70714,LEGACY
2023-07-13,TORNTPHARM,Torrent Pharmaceuticals,EQ,INE685A01028,1938.0,1942.7,1919.1,1930.35,1934.6,1930.0,83865,162281397.9,10475,LEGACY
2023-07-13,WOCKPHARMA,Wockhardt,EQ,INE049B01025,245.0,246.85,232.45,234.6,234.3,244.3,1396440,335164377.15,16733,LEGACY
2023-07-13,ZYDUSLIFE,Zydus Lifesciences,EQ,INE010B01027,594.0,597.0,588.85,591.45,591.4,593.4,729376,431147866.8,17161,LEGACY
2023-07-14,ABBOTINDIA,Abbott India,EQ,INE358A01014,23394.95,23450.05,23163.05,23293.9,23300.0,23392.55,4693,109353880.75,2427,LEGACY
2023-07-14,AJANTPHARM,Ajanta Pharma,EQ,INE031B01049,1418.55,1450.4,1413.85,1444.15,1442.15,1411.15,153194,220818481.55,17743,LEGACY
2023-07-14,ALKEM,Alkem Laboratories,EQ,INE540L01014,3510.25,3531.0,3500.05,3519.35,3513.45,3511.15,28120,98883061.45,6571,LEGACY
2023-07-14,APLLTD,Alembic Pharmaceuticals,EQ,INE901L01018,657.0,661.25,641.25,658.2,660.0,652.75,132314,86525758.15,10181,LEGACY
2023-07-14,AUROPHARMA,Aurobindo Pharma,EQ,INE406A01037,728.8,742.95,723.4,738.95,739.5,724.4,1288118,950539504.15,24991,LEGACY
2023-07-14,BIOCON,Biocon,EQ,INE376G01013,258.05,263.4,256.15,262.2,261.95,257.15,2624910,684505872.25,34971,LEGACY
2023-07-14,CIPLA,Cipla,EQ,INE059A01026,1026.15,1034.8,1019.35,1030.9,1034.0,1020.7,787233,808754790.0,46708,LEGACY
2023-07-14,DIVISLAB,Divi's Laboratories,EQ,INE361B01024,3659.0,3690.0,3627.0,3677.2,3684.0,3620.9,295738,1082362337.6,43379,LEGACY
2023-07-14,DRREDDY,Dr. Reddy's Laboratories,EQ,INE089A01023,5155.0,5164.9,5076.25,5092.05,5101.0,5142.45,388409,1982424671.05,61707,LEGACY
2023-07-14,GLAND,Gland Pharma,EQ,INE068V01023,1112.0,1147.0,1109.0,1136.75,1136.0,1105.8,1085336,1231138764.8,54922,LEGACY
2023-07-14,GLAXO,GlaxoSmithKline Pharmaceuticals,EQ,INE159A01016,1403.0,1403.0,1386.0,1387.4,1387.95,1401.0,100421,140032745.8,4054,LEGACY
2023-07-14,GLENMARK,Glenmark Pharmaceuticals,EQ,INE935A01035,685.25,704.9,681.05,702.1,701.4,683.25,1533088,1069597514.95,35604,LEGACY
2023-07-14,GRANULES,Granules India,EQ,INE101D01020,305.3,310.45,302.35,308.8,308.95,302.35,1777667,544768665.0,21106,LEGACY
2023-07-14,IPCALAB,IPCA Laboratories,EQ,INE571A01038,768.0,778.4,767.0,774.95,775.0,769.25,338658,262237646.5,13346,LEGACY
2023-07-14,JBCHEPHARM,JB Chemicals & Pharmaceuticals,EQ,INE572A01028,2535.0,2585.0,2489.95,2569.05,2560.0,2522.15,118877,302024478.4,13497,LEGACY
2023-07-14,LAURUSLABS,Laurus Labs,EQ,INE947Q01028,348.85,354.75,347.7,351.5,352.0,347.1,1307405,459054251.7,21041,LEGACY
2023-07-14,LUPIN,Lupin,EQ,INE326A01037,931.95,934.9,925.35,930.95,930.55,930.75,603409,561305702.45,20688,LEGACY
2023-07-14,MANKIND,Mankind Pharma,EQ,INE634S01028,1829.95,1854.0,1810.15,1819.9,1818.0,1820.3,276149,505771214.85,20451,LEGACY
2023-07-14,NATCOPHARM,Natco Pharma,EQ,INE987B01026,690.0,721.95,687.5,714.0,715.05,681.4,1881755,1336670896.05,59574,LEGACY
2023-07-14,PEL,Piramal Enterprises,EQ,INE140A01024,980.0,1004.0,975.3,995.3,996.0,973.8,3055144,3040759566.35,78925,LEGACY
2023-07-14,PFIZER,Pfizer,EQ,INE182A01018,3806.0,3810.0,3778.0,3788.0,3800.0,3786.1,7900,29976179.6,2026,LEGACY
2023-07-14,PPLPHARMA,Piramal Pharma,EQ,INE0DK501011,92.4,92.9,91.4,92.6,92.6,91.85,3143903,289831040.95,15089,LEGACY
2023-07-14,SANOFI,Sanofi India,EQ,INE058A01010,6878.2,6914.4,6872.6,6901.95,6900.0,6878.2,5213,35946770.6,1725,LEGACY
2023-07-14,STAR,Strides Pharma Science,EQ,INE939A01011,436.05,442.8,432.1,435.8,434.0,433.85,268129,117180928.85,7590,LEGACY
2023-07-14,SUNPHARMA,Sun Pharmaceutical Industries,EQ,INE044A01036,1079.95,1080.0,1065.0,1072.95,1072.5,1075.65,2641580,2831536417.0,105318,LEGACY
2023-07-14,TORNTPHARM,Torrent Pharmaceuticals,EQ,INE685A01028,1930.0,1949.0,1916.4,1945.2,1941.0,1930.35,127180,246220681.2,18991,LEGACY
2023-07-14,WOCKPHARMA,Wockhardt,EQ,INE049B01025,234.6,237.8,232.55,235.7,236.95,234.6,955378,224452391.25,11914,LEGACY
2023-07-14,ZYDUSLIFE,Zydus Lifesciences,EQ,INE010B01027,591.1,597.9,589.1,595.35,595.0,591.45,954798,567389580.9,22271,LEGACY
2023-07-17,ABBOTINDIA,Abbott India,EQ,INE358A01014,23350.0,23519.95,23079.05,23151.95,23199.95,23293.9,16350,380404513.25,5343,LEGACY
2023-07-17,AJANTPHARM,Ajanta Pharma,EQ,INE031B01049,1451.4,1464.35,1422.1,1433.5,1444.0,1444.15,98399,141855409.45,12583,LEGACY
2023-07-17,ALKEM,Alkem Laboratories,EQ,INE540L01014,3516.15,3656.6,3508.3,3628.6,3631.0,3519.35,345756,1248748765.05,28361,LEGACY
2023-07-17,APLLTD,Alembic Pharmaceuticals,EQ,INE901L01018,663.9,663.9,652.2,662.1,662.35,658.2,88248,58166495.75,6933,LEGACY
2023-07-17,AUROPHARMA,Aurobindo Pharma,EQ,INE406A01037,739.05,745.95,734.9,736.85,737.95,738.95,957397,708167654.95,20111,LEGACY
2023-07-17,BIOCON,Biocon,EQ,INE376G01013,263.0,268.0,262.6,264.6,265.3,262.2,6311920,1676352163.1,47645,LEGACY
2023-07-17,CIPLA,Cipla,EQ,INE059A01026,1036.2,1039.0,1025.4,1032.65,1033.35,1030.9,1047614,1081294410.1,43655,LEGACY
2023-07-17,DIVISLAB,Divi's Laboratories,EQ,INE361B01024,3684.0,3704.05,3650.2,3662.9,3662.0,3677.2,232501,854431763.45,19853,LEGACY
2023-07-17,DRREDDY,Dr. Reddy's Laboratories,EQ,INE089A01023,5099.65,5245.0,5093.0,5229.75,5220.3,5092.05,395354,2054442702.9,52898,LEGACY
2023-07-17,GLAND,Gland Pharma,EQ,INE068V01023,1145.8,1184.0,1136.75,1171.4,1172.05,1136.75,795524,930276234.3,42939,LEGACY
2023-07-17,GLAXO,GlaxoSmithKline Pharmaceuticals,EQ,INE159A01016,1401.0,1460.0,1394.45,1416.25,1417.9,1387.4,241291,347481129.35,13330,LEGACY
2023-07-17,GLENMARK,Glenmark Pharmaceuticals,EQ,INE935A01035,702.5,709.35,695.0,702.4,703.1,702.1,930624,653403050.75,21005,LEGACY
2023-07-17,GRANULES,Granules India,EQ,INE101D01020,312.0,314.5,310.1,311.3,310.85,308.8,1315832,410684648.75,16019,LEGACY
2023-07-17,IPCALAB,IPCA Laboratories,EQ,INE571A01038,778.8,787.9,775.05,786.7,785.0,774.95,513770,401614565.1,19272,LEGACY
2023-07-17,JBCHEPHARM,JB Chemicals & Pharmaceuticals,EQ,INE572A01028,2581.0,2588.95,2544.05,2574.3,2574.2,2569.05,41072,105232231.7,4796,LEGACY
2023-07-17,LAURUSLABS,Laurus Labs,EQ,INE947Q01028,354.95,358.9,350.5,351.35,351.1,351.5,1408715,498679213.8,19253,LEGACY
2023-07-17,LUPIN,Lupin,EQ,INE326A01037,937.0,941.4,931.45,934.4,932.95,930.95,694918,650821711.35,24991,LEGACY
2023-07-17,MANKIND,Mankind Pharma,EQ,INE634S01028,1819.7,1876.0,1815.9,1842.25,1845.8,1819.9,203252,375824729.35,13728,LEGACY
2023-07-17,NATCOPHARM,Natco Pharma,EQ,INE987B01026,721.0,729.95,708.15,719.1,721.0,714.0,697909,504003307.75,24100,LEGACY
2023-07-17,PEL,Piramal Enterprises,EQ,INE140A01024,999.0,1003.45,984.0,986.6,985.0,995.3,1157693,1146084538.95,31852,LEGACY
2023-07-17,PFIZER,Pfizer,EQ,INE182A01018,3799.95,3898.0,3782.15,3866.0,3898.0,3788.0,20361,78196368.6,4338,LEGACY
2023-07-17,PPLPHARMA,Piramal Pharma,EQ,INE0DK501011,92.65,103.0,92.5,101.1,100.45,92.6,31759161,3157720491.1,102213,LEGACY
2023-07-17,SANOFI,Sanofi India,EQ,INE058A01010,6900.0,6999.3,6900.0,6965.1,6969.0,6901.95,11111,77405341.7,2947,LEGACY
2023-07-17,STAR,Strides Pharma Science,EQ,INE939A01011,438.95,447.0,437.45,444.0,444.0,435.8,350813,155377932.75,11156,LEGACY
2023-07-17,SUNPHARMA,Sun Pharmaceutical Industries,EQ,INE044A01036,1073.7,1081.05,1070.5,1077.6,1077.0,1072.95,1254025,1349425686.55,59813,LEGACY
2023-07-17,TORNTPHARM,Torrent Pharmaceuticals,EQ,INE685A01028,1945.2,1968.55,1940.05,1942.8,1940.75,1945.2,116965,228257611.45,12836,LEGACY
2023-07-17,WOCKPHARMA,Wockhardt,EQ,INE049B01025,237.0,240.8,235.3,238.3,238.45,235.7,985649,234424769.0,11720,LEGACY
2023-07-17,ZYDUSLIFE,Zydus Lifesciences,EQ,INE010B01027,593.7,606.0,593.0,603.05,602.5,595.35,929744,560048995.55,33099,LEGACY
2023-07-18,ABBOTINDIA,Abbott India,EQ,INE358A01014,23250.0,23399.0,22990.6,23345.65,23341.2,23151.95,8260,191737582.35,2847,LEGACY
2023-07-18,AJANTPHARM,Ajanta Pharma,EQ,INE031B01049,1444.3,1457.05,1404.15,1417.4,1415.0,1433.5,107502,152896215.6,13491,LEGACY
2023-07-18,ALKEM,Alkem Laboratories,EQ,INE540L01014,3648.0,3671.7,3618.05,3666.65,3670.0,3628.6,156037,569394811.9,17697,LEGACY
2023-07-18,APLLTD,Alembic Pharmaceuticals,EQ,INE901L01018,663.9,669.0,656.2,659.2,663.0,662.1,143687,95286286.2,6494,LEGACY
2023-07-18,AUROPHARMA,Aurobindo Pharma,EQ,INE406A01037,740.05,757.2,730.45,753.1,754.1,736.85,1220281,908357050.7,30255,LEGACY
2023-07-18,BIOCON,Biocon,EQ,INE376G01013,265.25,269.7,265.0,266.1,266.0,264.6,3653085,975249291.45,30216,LEGACY
2023-07-18,CIPLA,Cipla,EQ,INE059A01026,1032.65,1035.2,1019.5,1030.8,1030.0,1032.65,780402,801481076.15,54660,LEGACY
2023-07-18,DIVISLAB,Divi's Laboratories,EQ,INE361B01024,3670.0,3683.0,3567.0,3626.65,3630.0,3662.9,385790,1392959858.1,40258,LEGACY
2023-07-18,DRREDDY,Dr. Reddy's Laboratories,EQ,INE089A01023,5203.5,5215.7,5146.55,5191.0,5187.35,5229.75,257391,1333104444.7,36017,LEGACY
2023-07-18,GLAND,Gland Pharma,EQ,INE068V01023,1180.0,1182.8,1148.3,1161.2,1160.15,1171.4,315290,366752101.5,16733,LEGACY
2023-07-18,GLAXO,GlaxoSmithKline Pharmaceuticals,EQ,INE159A01016,1428.0,1428.0,1398.05,1413.45,1410.3,1416.25,118423,166748178.05,7111,LEGACY
2023-07-18,GLENMARK,Glenmark Pharmaceuticals,EQ,INE935A01035,702.45,727.8,702.0,721.15,726.9,702.4,1320815,942939344.8,33531,LEGACY
2023-07-18,GRANULES,Granules India,EQ,INE101D01020,312.1,312.75,306.0,310.0,310.0,311.3,974968,301755010.05,12113,LEGACY
2023-07-18,IPCALAB,IPCA Laboratories,EQ,INE571A01038,786.75,795.45,780.45,793.4,792.4,786.7,418879,329915669.25,17577,LEGACY
2023-07-18,JBCHEPHARM,JB Chemicals & Pharmaceuticals,EQ,INE572A01028,2593.1,2593.1,2462.1,2509.05,2510.0,2574.3,49013,122837260.05,9149,LEGACY
2023-07-18,LAURUSLABS,Laurus Labs,EQ,INE947Q01028,352.0,354.4,347.15,353.05,353.0,351.35,1292170,453829551.3,16357,LEGACY
2023-07-18,LUPIN,Lupin,EQ,INE326A01037,934.4,939.85,928.65,933.95,935.0,934.4,585709,546869553.5,17110,LEGACY
2023-07-18,MANKIND,Mankind Pharma,EQ,INE634S01028,1857.0,1920.95,1825.65,1843.9,1840.5,1842.25,375476,699466996.95,24174,LEGACY
2023-07-18,NATCOPHARM,Natco Pharma,EQ,INE987B01026,722.7,726.7,708.05,713.6,714.0,719.1,370935,265610332.4,13574,LEGACY
2023-07-18,PEL,Piramal Enterprises,EQ,INE140A01024,986.65,990.0,965.15,967.85,970.0,986.6,1129923,1100056604.35,38453,LEGACY
2023-07-18,PFIZER,Pfizer,EQ,INE182A01018,3880.0,3897.85,3850.0,3861.15,3852.0,3866.0,22781,88273241.45,3343,LEGACY
2023-07-18,PPLPHARMA,Piramal Pharma,EQ,INE0DK501011,101.45,103.5,98.2,100.05,100.45,101.1,11336558,1135418591.6,48426,LEGACY
2023-07-18,SANOFI,Sanofi India,EQ,INE058A01010,6969.0,7020.0,6915.15,6974.9,6983.0,6965.1,11689,81574606.5,4169,LEGACY
2023-07-18,STAR,Strides Pharma Science,EQ,INE939A01011,444.0,449.85,433.95,436.45,435.95,444.0,403199,178406719.3,13359,LEGACY
2023-07-18,SUNPHARMA,Sun Pharmaceutical Industries,EQ,INE044A01036,1078.45,1078.9,1064.35,1067.15,1066.15,1077.6,2238739,2391237890.35,60871,LEGACY
2023-07-18,TORNTPHARM,Torrent Pharmaceuticals,EQ,INE685A01028,1942.8,1955.0,1925.0,1928.5,1930.0,1942.8,95652,184667947.8,10829,LEGACY
2023-07-18,WOCKPHARMA,Wockhardt,EQ,INE049B01025,239.0,243.4,235.3,238.35,237.95,238.3,1013270,242360001.2,12265,LEGACY
2023-07-18,ZYDUSLIFE,Zydus Lifesciences,EQ,INE010B01027,603.05,605.8,594.7,602.05,601.2,603.05,602135,361582440.65,23020,LEGACY
2023-07-19,ABBOTINDIA,Abbott India,EQ,INE358A01014,23341.2,23568.85,23200.0,23468.65,23515.0,23345.65,15305,357121355.0,3496,LEGACY
2023-07-19,AJANTPHARM,Ajanta Pharma,EQ,INE031B01049,1418.0,1433.15,1400.4,1402.75,1404.95,1417.4,61431,86599546.15,9314,LEGACY
2023-07-19,ALKEM,Alkem Laboratories,EQ,INE540L01014,3670.0,3685.7,3605.0,3639.45,3646.8,3666.65,157152,572515576.65,18900,LEGACY
2023-07-19,APLLTD,Alembic Pharmaceuticals,EQ,INE901L01018,659.95,665.35,657.05,662.9,663.25,659.2,360281,237891092.45,6151,LEGACY
2023-07-19,AUROPHARMA,Aurobindo Pharma,EQ,INE406A01037,757.1,773.8,746.05,751.1,751.0,753.1,3269001,2482661238.9,77748,LEGACY
2023-07-19,BIOCON,Biocon,EQ,INE376G01013,266.55,268.2,265.25,266.8,266.3,266.1,3708586,987722986.0,25101,LEGACY
2023-07-19,CIPLA,Cipla,EQ,INE059A01026,1030.0,1042.0,1022.7,1035.8,1035.0,1030.8,1069988,1105439927.3,59072,LEGACY
2023-07-19,DIVISLAB,Divi's Laboratories,EQ,INE361B01024,3626.65,3675.0,3625.0,3638.05,3638.65,3626.65,328518,1198152460.4,30519,LEGACY
2023-07-19,DRREDDY,Dr. Reddy's Laboratories,EQ,INE089A01023,5184.0,5270.0,5161.6,5221.35,5225.2,5191.0,392317,2046444319.25,45433,LEGACY
2023-07-19,GLAND,Gland Pharma,EQ,INE068V01023,1163.7,1216.0,1158.0,1191.15,1193.0,1161.2,1136747,1357072404.75,54966,LEGACY
2023-07-19,GLAXO,GlaxoSmithKline Pharmaceuticals,EQ,INE159A01016,1420.0,1420.0,1397.45,1401.85,1403.95,1413.45,124968,175135758.0,6853,LEGACY
2023-07-19,GLENMARK,Glenmark Pharmaceuticals,EQ,INE935A01035,725.05,728.75,711.1,720.1,720.0,721.15,775148,557690741.95,19694,LEGACY
2023-07-19,GRANULES,Granules India,EQ,INE101D01020,310.95,317.95,310.05,313.45,313.2,310.0,2578074,812489009.0,28691,LEGACY
2023-07-19,IPCALAB,IPCA Laboratories,EQ,INE571A01038,798.25,806.25,786.3,794.9,793.9,793.4,479492,381198330.7,20033,LEGACY
2023-07-19,JBCHEPHARM,JB Chemicals & Pharmaceuticals,EQ,INE572A01028,2520.0,2538.2,2501.3,2523.35,2511.0,2509.05,13206,33230993.8,2703,LEGACY
2023-07-19,LAURUSLABS,Laurus Labs,EQ,INE947Q01028,353.05,358.05,350.0,350.8,351.45,353.05,1381188,488920254.2,17371,LEGACY
2023-07-19,LUPIN,Lupin,EQ,INE326A01037,935.0,941.9,929.25,932.75,932.45,933.95,334525,312635416.45,14452,LEGACY
2023-07-19,MANKIND,Mankind Pharma,EQ,INE634S01028,1850.0,1906.0,1850.0,1878.3,1873.0,1843.9,256530,483145743.0,23184,LEGACY
2023-07-19,NATCOPHARM,Natco Pharma,EQ,INE987B01026,714.9,739.7,711.75,714.65,712.55,713.6,698978,506634825.9,22012,LEGACY
2023-07-19,PEL,Piramal Enterprises,EQ,INE140A01024,970.0,993.9,966.05,975.6,977.1,967.85,2059763,2023343425.2,52990,LEGACY
2023-07-19,PFIZER,Pfizer,EQ,INE182A01018,3863.2,3890.0,3852.05,3865.9,3869.8,3861.15,6413,24817901.85,1896,LEGACY
2023-07-19,PPLPHARMA,Piramal Pharma,EQ,INE0DK501011,101.0,102.5,99.55,101.25,101.0,100.05,6487002,655764597.05,27461,LEGACY
2023-07-19,SANOFI,Sanofi India,EQ,INE058A01010,6970.05,7075.0,6920.1,7022.75,7035.0,6974.9,14347,100767512.25,3993,LEGACY
2023-07-19,STAR,Strides Pharma Science,EQ,INE939A01011,440.4,443.35,431.95,434.2,432.0,436.45,428966,187589448.8,13499,LEGACY
2023-07-19,SUNPHARMA,Sun Pharmaceutical Industries,EQ,INE044A01036,1067.15,1086.0,1063.85,1081.85,1085.5,1067.15,2311282,2488160623.25,78899,LEGACY
2023-07-19,TORNTPHARM,Torrent Pharmaceuticals,EQ,INE685A01028,1933.95,1949.0,1917.0,1924.55,1925.0,1928.5,251803,485675438.0,14213,LEGACY
2023-07-19,WOCKPHARMA,Wockhardt,EQ,INE049B01025,238.0,238.95,232.25,234.25,233.8,238.35,528529,124648909.85,8187,LEGACY
2023-07-19,ZYDUSLIFE,Zydus Lifesciences,EQ,INE010B01027,602.95,608.8,595.3,607.5,607.6,602.05,599435,361576768.75,24404,LEGACY
2023-07-20,ABBOTINDIA,Abbott India,EQ,INE358A01014,23588.3,23725.0,23450.2,23665.1,23600.0,23468.65,7312,172694468.85,3021,LEGACY
2023-07-20,AJANTPHARM,Ajanta Pharma,EQ,INE031B01049,1410.1,1422.05,1391.0,1414.35,1402.0,1402.75,63026,88258780.95,9347,LEGACY
2023-07-20,ALKEM,Alkem Laboratories,EQ,INE540L01014,3635.0,3747.3,3635.0,3690.1,3670.2,3639.45,426629,1583008227.8,44420,LEGACY
2023-07-20,APLLTD,Alembic Pharmaceuticals,EQ,INE901L01018,662.9,720.0,662.05,711.5,712.0,662.9,2393622,1683691085.25,58018,LEGACY
2023-07-20,AUROPHARMA,Aurobindo Pharma,EQ,INE406A01037,753.9,774.4,748.05,772.6,774.3,751.1,2310017,1769301108.85,69222,LEGACY
2023-07-20,BIOCON,Biocon,EQ,INE376G01013,267.25,268.75,264.9,266.25,266.0,266.8,3529099,941129903.8,20898,LEGACY
2023-07-20,CIPLA,Cipla,EQ,INE059A01026,1038.95,1057.9,1027.0,1056.55,1055.0,1035.8,1280545,1339417967.15,57180,LEGACY
2023-07-20,DIVISLAB,Divi's Laboratories,EQ,INE361B01024,3650.0,3679.15,3620.05,3666.55,3663.0,3638.05,336955,1231019505.6,56817,LEGACY
2023-07-20,DRREDDY,Dr. Reddy's Laboratories,EQ,INE089A01023,5249.0,5394.7,5240.0,5339.3,5324.0,5221.35,1203206,6417467446.8,95673,LEGACY
2023-07-20,GLAND,Gland Pharma,EQ,INE068V01023,1198.5,1243.15,1198.5,1237.05,1237.15,1191.15,1658008,2043462969.0,84519,LEGACY
2023-07-20,GLAXO,GlaxoSmithKline Pharmaceuticals,EQ,INE159A01016,1408.9,1408.9,1390.05,1393.7,1395.6,1401.85,26689,37225733.55,3832,LEGACY
2023-07-20,GLENMARK,Glenmark Pharmaceuticals,EQ,INE935A01035,717.0,746.4,715.2,740.65,738.6,720.1,2154696,1586922574.05,39417,LEGACY
2023-07-20,GRANULES,Granules India,EQ,INE101D01020,314.7,315.1,310.7,311.45,311.0,313.45,895845,280319443.4,10537,LEGACY
2023-07-20,IPCALAB,IPCA Laboratories,EQ,INE571A01038,796.0,800.0,782.3,785.25,785.0,794.9,315248,249396024.65,17603,LEGACY
2023-07-20,JBCHEPHARM,JB Chemicals & Pharmaceuticals,EQ,INE572A01028,2523.35,2523.35,2493.85,2502.55,2511.0,2523.35,11643,29168710.0,2902,LEGACY
2023-07-20,LAURUSLABS,Laurus Labs,EQ,INE947Q01028,349.95,355.6,347.6,350.8,350.5,350.8,1538823,541754104.0,18193,LEGACY
2023-07-20,LUPIN,Lupin,EQ,INE326A01037,935.95,947.45,933.6,946.1,945.7,932.75,707123,665966363.1,26202,LEGACY
2023-07-20,MANKIND,Mankind Pharma,EQ,INE634S01028,1884.9,1944.0,1880.0,1888.6,1900.0,1878.3,700772,1330911338.2,21373,LEGACY
2023-07-20,NATCOPHARM,Natco Pharma,EQ,INE987B01026,717.0,758.8,716.95,752.95,751.3,714.65,1760161,1309287903.85,47740,LEGACY
2023-07-20,PEL,Piramal Enterprises,EQ,INE140A01024,975.85,981.3,966.55,976.05,976.35,975.6,741958,722635174.75,21215,LEGACY
2023-07-20,PFIZER,Pfizer,EQ,INE182A01018,3875.0,3910.0,3859.6,3897.9,3896.0,3865.9,14037,54574574.4,2812,LEGACY
2023-07-20,PPLPHARMA,Piramal Pharma,EQ,INE0DK501011,101.75,102.3,99.7,100.1,99.85,101.25,6048605,609396696.9,22996,LEGACY
2023-07-20,SANOFI,Sanofi India,EQ,INE058A01010,7020.0,7064.35,6915.05,6935.6,6929.95,7022.75,8125,56786741.35,3017,LEGACY
2023-07-20,STAR,Strides Pharma Science,EQ,INE939A01011,436.95,443.65,431.8,438.55,439.0,434.2,547536,239596444.55,14689,LEGACY
2023-07-20,SUNPHARMA,Sun Pharmaceutical Industries,EQ,INE044A01036,1086.05,1104.5,1082.3,1097.65,1096.1,1081.85,5218991,5714267633.85,126872,LEGACY
2023-07-20,TORNTPHARM,Torrent Pharmaceuticals,EQ,INE685A01028,1934.7,1941.95,1925.8,1930.35,1927.75,1924.55,217774,420578280.6,15784,LEGACY
2023-07-20,WOCKPHARMA,Wockhardt,EQ,INE049B01025,235.85,238.2,232.85,236.1,236.5,234.25,679244,159831699.0,9356,LEGACY
2023-07-20,ZYDUSLIFE,Zydus Lifesciences,EQ,INE010B01027,608.85,618.9,605.6,617.55,614.2,607.5,1260480,774262014.55,29475,LEGACY
2023-07-21,ABBOTINDIA,Abbott India,EQ,INE358A01014,23400.0,23522.95,23150.0,23183.85,23219.95,23665.1,7258,169116077.6,2761,LEGACY
2023-07-21,AJANTPHARM,Ajanta Pharma,EQ,INE031B01049,1414.05,1428.35,1405.25,1411.7,1411.0,1414.35,55165,77963455.25,5173,LEGACY
2023-07-21,ALKEM,Alkem Laboratories,EQ,INE540L01014,3685.4,3711.7,3651.1,3700.95,3705.0,3690.1,255522,944063943.6,21065,LEGACY
2023-07-21,APLLTD,Alembic Pharmaceuticals,EQ,INE901L01018,712.0,712.05,687.35,690.75,690.9,711.5,235068,163062172.2,11202,LEGACY
2023-07-21,AUROPHARMA,Aurobindo Pharma,EQ,INE406A01037,775.0,791.55,771.0,779.55,780.0,772.6,2314570,1808638225.05,75949,LEGACY
2023-07-21,BIOCON,Biocon,EQ,INE376G01013,266.0,267.25,262.75,263.95,264.15,266.25,2515077,667052244.55,16815,LEGACY
2023-07-21,CIPLA,Cipla,EQ,INE059A01026,1048.9,1062.0,1045.05,1048.95,1047.05,1056.55,879139,924133118.2,38467,LEGACY
2023-07-21,DIVISLAB,Divi's Laboratories,EQ,INE361B01024,3661.0,3747.0,3638.45,3688.3,3690.0,3666.55,629513,2329937133.2,59976,LEGACY
2023-07-21,DRREDDY,Dr. Reddy's Laboratories,EQ,INE089A01023,5323.3,5339.75,5277.6,5288.2,5286.55,5339.3,230074,1220443957.45,40513,LEGACY
2023-07-21,GLAND,Gland Pharma,EQ,INE068V01023,1240.9,1268.0,1225.15,1235.65,1234.9,1237.05,770898,964756585.15,39397,LEGACY
2023-07-21,GLAXO,GlaxoSmithKline Pharmaceuticals,EQ,INE159A01016,1394.2,1404.2,1377.25,1398.35,1400.0,1393.7,50612,70413446.7,7221,LEGACY
2023-07-21,GLENMARK,Glenmark Pharmaceuticals,EQ,INE935A01035,740.0,755.0,736.45,753.15,753.05,740.65,1381203,1034696492.45,31151,LEGACY
2023-07-21,GRANULES,Granules India,EQ,INE101D01020,310.55,314.9,309.0,309.8,309.95,311.45,1282195,399851467.35,14584,LEGACY
2023-07-21,IPCALAB,IPCA Laboratories,EQ,INE571A01038,783.0,797.85,780.1,794.65,794.7,785.25,293537,232711246.6,14244,LEGACY
2023-07-21,JBCHEPHARM,JB Chemicals & Pharmaceuticals,EQ,INE572A01028,2505.0,2521.1,2490.0,2511.25,2501.35,2502.55,12052,30241619.15,3115,LEGACY
2023-07-21,LAURUSLABS,Laurus Labs,EQ,INE947Q01028,350.9,355.35,348.0,348.75,349.3,350.8,1425521,500184843.5,15854,LEGACY
2023-07-21,LUPIN,Lupin,EQ,INE326A01037,944.5,947.45,933.25,936.7,933.7,946.1,417874,392925539.0,18079,LEGACY
2023-07-21,MANKIND,Mankind Pharma,EQ,INE634S01028,1903.55,1925.0,1886.55,1899.45,1899.9,1888.6,242413,461217473.3,13287,LEGACY
2023-07-21,NATCOPHARM,Natco Pharma,EQ,INE987B01026,780.0,780.0,750.0,768.5,763.5,752.95,1132997,862629560.7,34784,LEGACY
2023-07-21,PEL,Piramal Enterprises,EQ,INE140A01024,973.95,1002.95,972.6,995.05,991.5,976.05,2335221,2319432062.3,56941,LEGACY
2023-07-21,PFIZER,Pfizer,EQ,INE182A01018,3897.9,3897.95,3852.05,3887.65,3894.0,3897.9,10404,40432637.25,2343,LEGACY
2023-07-21,PPLPHARMA,Piramal Pharma,EQ,INE0DK501011,99.65,105.55,98.65,104.4,104.3,100.1,15794965,1639207883.05,66829,LEGACY
2023-07-21,SANOFI,Sanofi India,EQ,INE058A01010,6935.6,6980.0,6900.2,6912.85,6900.5,6935.6,7289,50497596.45,2636,LEGACY
2023-07-21,STAR,Strides Pharma Science,EQ,INE939A01011,441.55,443.2,436.25,440.6,439.25,438.55,354390,155884564.9,11354,LEGACY
2023-07-21,SUNPHARMA,Sun Pharmaceutical Industries,EQ,INE044A01036,1103.4,1104.2,1090.35,1097.15,1094.5,1097.65,1879610,2063317088.8,56056,LEGACY
2023-07-21,TORNTPHARM,Torrent Pharmaceuticals,EQ,INE685A01028,1915.0,1983.1,1915.0,1938.75,1943.8,1930.35,247640,484444528.3,21521,LEGACY
2023-07-21,WOCKPHARMA,Wockhardt,EQ,INE049B01025,235.95,247.9,234.55,243.2,242.15,236.1,1832335,444761430.3,23876,LEGACY
2023-07-21,ZYDUSLIFE,Zydus Lifesciences,EQ,INE010B01027,617.0,618.5,611.35,613.2,613.95,617.55,382346,234824849.1,16939,LEGACY
2023-07-24,ABBOTINDIA,Abbott India,EQ,INE358A01014,23219.95,23347.95,23008.45,23171.25,23225.1,23183.85,10909,252505582.35,4093,LEGACY
2023-07-24,AJANTPHARM,Ajanta Pharma,EQ,INE031B01049,1419.05,1469.65,1398.9,1425.0,1410.0,1411.7,134053,193640601.8,13915,LEGACY
2023-07-24,ALKEM,Alkem Laboratories,EQ,INE540L01014,3709.95,3794.9,3693.65,3781.8,3785.0,3700.95,227440,855133043.95,22637,LEGACY
2023-07-24,APLLTD,Alembic Pharmaceuticals,EQ,INE901L01018,694.25,707.0,682.3,687.5,688.95,690.75,194376,134980053.0,13185,LEGACY
2023-07-24,AUROPHARMA,Aurobindo Pharma,EQ,INE406A01037,776.6,792.0,771.0,785.3,786.0,779.55,1792192,1408801725.2,41186,LEGACY
2023-07-24,BIOCON,Biocon,EQ,INE376G01013,260.0,260.4,248.5,249.5,249.25,263.95,8242031,2079865687.45,72391,LEGACY
2023-07-24,CIPLA,Cipla,EQ,INE059A01026,1048.95,1053.0,1038.0,1048.95,1048.9,1048.95,936947,981007029.0,31148,LEGACY
2023-07-24,DIVISLAB,Divi's Laboratories,EQ,INE361B01024,3688.25,3710.0,3656.95,3686.0,3688.0,3688.3,304318,1119751237.7,25344,LEGACY
2023-07-24,DRREDDY,Dr. Reddy's Laboratories,EQ,INE089A01023,5278.25,5436.85,5278.25,5391.7,5390.0,5288.2,423905,2277234858.95,43543,LEGACY
2023-07-24,GLAND,Gland Pharma,EQ,INE068V01023,1235.65,1246.45,1211.05,1239.35,1240.0,1235.65,402752,498797742.4,29795,LEGACY
2023-07-24,GLAXO,GlaxoSmithKline Pharmaceuticals,EQ,INE159A01016,1405.0,1409.2,1385.25,1391.9,1392.4,1398.35,43477,60589288.25,6400,LEGACY
2023-07-24,GLENMARK,Glenmark Pharmaceuticals,EQ,INE935A01035,754.0,794.0,754.0,788.3,784.2,753.15,2761866,2155028311.8,61310,LEGACY
2023-07-24,GRANULES,Granules India,EQ,INE101D01020,309.95,312.2,306.05,306.95,306.3,309.8,914154,281587582.7,11887,LEGACY
2023-07-24,IPCALAB,IPCA Laboratories,EQ,INE571A01038,791.9,798.65,786.3,792.5,793.9,794.65,147925,117377655.25,8631,LEGACY
2023-07-24,JBCHEPHARM,JB Chemicals & Pharmaceuticals,EQ,INE572A01028,2494.0,2520.0,2424.3,2437.45,2430.0,2511.25,23633,58223402.35,4138,LEGACY
2023-07-24,LAURUSLABS,Laurus Labs,EQ,INE947Q01028,349.9,352.5,346.8,348.65,348.5,348.75,1110595,387913669.65,13541,LEGACY
2023-07-24,LUPIN,Lupin,EQ,INE326A01037,937.8,944.85,933.8,936.8,937.75,936.7,421864,396433668.25,17114,LEGACY
2023-07-24,MANKIND,Mankind Pharma,EQ,INE634S01028,1925.0,1949.0,1898.5,1901.8,1908.0,1899.45,219482,420565568.85,26148,LEGACY
2023-07-24,NATCOPHARM,Natco Pharma,EQ,INE987B01026,772.45,773.0,748.0,769.75,771.0,768.5,653789,496992631.65,22756,LEGACY
2023-07-24,PEL,Piramal Enterprises,EQ,INE140A01024,995.05,1018.5,988.55,991.8,989.0,995.05,1678934,1683595378.25,45889,LEGACY
2023-07-24,PFIZER,Pfizer,EQ,INE182A01018,3914.9,3935.45,3841.55,3855.95,3868.0,3887.65,12912,50107371.6,3105,LEGACY
2023-07-24,PPLPHARMA,Piramal Pharma,EQ,INE0DK501011,105.4,108.1,104.4,105.05,104.45,104.4,9548495,1012294516.6,47280,LEGACY
2023-07-24,SANOFI,Sanofi India,EQ,INE058A01010,6913.0,6944.1,6890.05,6911.45,6916.95,6912.85,23670,163509731.75,1772,LEGACY
2023-07-24,STAR,Strides Pharma Science,EQ,INE939A01011,441.65,449.0,436.2,445.0,446.0,440.6,464582,206317004.9,11535,LEGACY
2023-07-24,SUNPHARMA,Sun Pharmaceutical Industries,EQ,INE044A01036,1094.0,1107.35,1092.5,1100.4,1100.0,1097.15,2130036,2345550219.05,67987,LEGACY
2023-07-24,TORNTPHARM,Torrent Pharmaceuticals,EQ,INE685A01028,1946.95,1953.5,1930.05,1941.0,1946.2,1938.75,170993,331846940.15,14239,LEGACY
2023-07-24,WOCKPHARMA,Wockhardt,EQ,INE049B01025,244.0,247.4,238.0,240.3,238.8,243.2,834084,202775461.3,11298,LEGACY
2023-07-24,ZYDUSLIFE,Zydus Lifesciences,EQ,INE010B01027,613.2,616.5,611.75,613.8,614.8,613.2,476304,292472316.3,10517,LEGACY
2023-07-25,ABBOTINDIA,Abbott India,EQ,INE358A01014,23250.0,23251.05,22884.7,22986.4,22924.65,23171.25,8996,206679261.05,3277,LEGACY
2023-07-25,AJANTPHARM,Ajanta Pharma,EQ,INE031B01049,1426.95,1567.75,1420.45,1511.75,1510.8,1425.0,1109512,1689814658.9,66536,LEGACY
2023-07-25,ALKEM,Alkem Laboratories,EQ,INE540L01014,3800.0,3987.3,3781.9,3950.65,3950.05,3781.8,720563,2812587033.2,69240,LEGACY
2023-07-25,APLLTD,Alembic Pharmaceuticals,EQ,INE901L01018,688.9,704.4,685.05,693.7,693.0,687.5,139429,97148003.55,8826,LEGACY
2023-07-25,AUROPHARMA,Aurobindo Pharma,EQ,INE406A01037,785.3,791.0,775.65,787.75,788.2,785.3,1176168,923928945.05,34304,LEGACY
2023-07-25,BIOCON,Biocon,EQ,INE376G01013,251.75,251.75,243.4,245.7,245.6,249.5,4702511,1156471864.65,54993,LEGACY
2023-07-25,CIPLA,Cipla,EQ,INE059A01026,1058.0,1061.75,1049.4,1054.75,1055.0,1048.95,599999,633084143.25,35375,LEGACY
2023-07-25,DIVISLAB,Divi's Laboratories,EQ,INE361B01024,3695.0,3743.0,3681.1,3719.4,3720.0,3686.0,323039,1201292789.95,32471,LEGACY
2023-07-25,DRREDDY,Dr. Reddy's Laboratories,EQ,INE089A01023,5420.0,5479.95,5391.85,5425.4,5410.75,5391.7,432431,2349908277.95,47328,LEGACY
2023-07-25,GLAND,Gland Pharma,EQ,INE068V01023,1244.7,1264.5,1218.1,1227.15,1229.85,1239.35,328087,405857418.0,23350,LEGACY
2023-07-25,GLAXO,GlaxoSmithKline Pharmaceuticals,EQ,INE159A01016,1392.0,1407.0,1380.1,1402.8,1400.65,1391.9,98368,137411616.95,7753,LEGACY
2023-07-25,GLENMARK,Glenmark Pharmaceuticals,EQ,INE935A01035,791.25,795.0,779.75,784.05,782.6,788.3,891016,701049430.7,22532,LEGACY
2023-07-25,GRANULES,Granules India,EQ,INE101D01020,308.0,311.1,306.7,308.95,309.9,306.95,943549,291546644.8,14442,LEGACY
2023-07-25,IPCALAB,IPCA Laboratories,EQ,INE571A01038,792.5,807.95,789.8,798.9,800.2,792.5,293742,234829358.75,12321,LEGACY
2023-07-25,JBCHEPHARM,JB Chemicals & Pharmaceuticals,EQ,INE572A01028,2437.45,2494.4,2431.25,2489.05,2493.0,2437.45,74816,184856082.3,6242,LEGACY
2023-07-25,LAURUSLABS,Laurus Labs,EQ,INE947Q01028,349.75,350.85,345.0,346.9,346.3,348.65,946680,329237371.45,19137,LEGACY
2023-07-25,LUPIN,Lupin,EQ,INE326A01037,937.95,944.15,931.5,937.6,938.0,936.8,254173,238416407.6,11245,LEGACY
2023-07-25,MANKIND,Mankind Pharma,EQ,INE634S01028,1912.0,1937.4,1908.0,1918.55,1917.0,1901.8,531253,1019296204.9,9692,LEGACY
2023-07-25,NATCOPHARM,Natco Pharma,EQ,INE987B01026,771.0,784.0,755.3,779.6,779.5,769.75,503812,389090927.8,15819,LEGACY
2023-07-25,PEL,Piramal Enterprises,EQ,INE140A01024,992.0,1013.0,988.15,1004.0,1005.0,991.8,1460583,1459335225.6,48119,LEGACY
2023-07-25,PFIZER,Pfizer,EQ,INE182A01018,3860.0,3885.0,3842.5,3850.2,3851.0,3855.95,6941,26774565.7,1708,LEGACY
2023-07-25,PPLPHARMA,Piramal Pharma,EQ,INE0DK501011,105.85,106.4,102.3,103.95,103.9,105.05,6151814,638541141.2,30647,LEGACY
2023-07-25,SANOFI,Sanofi India,EQ,INE058A01010,6929.9,6935.0,6872.6,6901.5,6920.0,6911.45,6609,45638171.0,2102,LEGACY
2023-07-25,STAR,Strides Pharma Science,EQ,INE939A01011,442.0,450.0,441.45,445.25,443.7,445.0,345638,154051886.5,8634,LEGACY
2023-07-25,SUNPHARMA,Sun Pharmaceutical Industries,EQ,INE044A01036,1110.0,1110.0,1090.8,1095.05,1099.8,1100.4,1702900,1871636134.4,77928,LEGACY
2023-07-25,TORNTPHARM,Torrent Pharmaceuticals,EQ,INE685A01028,1948.9,1982.0,1941.55,1972.5,1979.0,1941.0,299707,588543591.7,21661,LEGACY
2023-07-25,WOCKPHARMA,Wockhardt,EQ,INE049B01025,239.55,240.25,232.5,233.4,234.1,240.3,858332,201820328.25,11500,LEGACY
2023-07-25,ZYDUSLIFE,Zydus Lifesciences,EQ,INE010B01027,614.95,624.0,613.0,621.75,621.0,613.8,743777,461905274.25,24108,LEGACY
2023-07-26,ABBOTINDIA,Abbott India,EQ,INE358A01014,22986.4,23039.75,22870.0,22945.45,22930.0,22986.4,9666,221610983.85,2078,LEGACY
2023-07-26,AJANTPHARM,Ajanta Pharma,EQ,INE031B01049,1516.0,1535.0,1494.05,1505.85,1510.0,1511.75,201401,304917771.5,25204,LEGACY
2023-07-26,ALKEM,Alkem Laboratories,EQ,INE540L01014,3936.65,4030.0,3914.7,4004.9,3991.0,3950.65,313896,1255504060.7,30694,LEGACY
2023-07-26,APLLTD,Alembic Pharmaceuticals,EQ,INE901L01018,703.95,718.0,701.0,708.2,706.7,693.7,215274,152694738.2,10949,LEGACY
2023-07-26,AUROPHARMA,Aurobindo Pharma,EQ,INE406A01037,787.5,796.5,784.55,789.45,790.15,787.75,1123149,887539760.75,37860,LEGACY
2023-07-26,BIOCON,Biocon,EQ,INE376G01013,247.0,250.2,245.0,249.45,249.6,245.7,2240553,557435572.05,26345,LEGACY
2023-07-26,CIPLA,Cipla,EQ,INE059A01026,1060.0,1082.05,1042.15,1068.5,1079.0,1054.75,1854416,1964156171.25,83812,LEGACY
2023-07-26,DIVISLAB,Divi's Laboratories,EQ,INE361B01024,3743.0,3743.0,3673.55,3680.45,3681.0,3719.4,293630,1085196409.65,25131,LEGACY
2023-07-26,DRREDDY,Dr. Reddy's Laboratories,EQ,INE089A01023,5440.0,5490.0,5401.05,5475.65,5475.35,5425.4,340212,1854177297.45,37077,LEGACY
2023-07-26,GLAND,Gland Pharma,EQ,INE068V01023,1231.95,1245.0,1190.0,1194.55,1192.6,1227.15,306247,370964915.15,22282,LEGACY
2023-07-26,GLAXO,GlaxoSmithKline Pharmaceuticals,EQ,INE159A01016,1407.0,1414.85,1386.55,1401.4,1400.0,1402.8,122943,171830035.1,8657,LEGACY
2023-07-26,GLENMARK,Glenmark Pharmaceuticals,EQ,INE935A01035,785.0,808.5,784.05,806.3,804.45,784.05,1324361,1055850455.7,34975,LEGACY
2023-07-26,GRANULES,Granules India,EQ,INE101D01020,310.0,312.4,306.7,308.1,309.5,308.95,853913,264499974.35,11191,LEGACY
2023-07-26,IPCALAB,IPCA Laboratories,EQ,INE571A01038,800.9,803.3,792.6,795.3,795.85,798.9,110504,88100223.85,6594,LEGACY
2023-07-26,JBCHEPHARM,JB Chemicals & Pharmaceuticals,EQ,INE572A01028,2488.85,2516.0,2434.6,2449.8,2450.0,2489.05,46546,115642808.45,8292,LEGACY
2023-07-26,LAURUSLABS,Laurus Labs,EQ,INE947Q01028,347.5,349.2,340.0,341.15,340.95,346.9,2214958,759038266.9,30807,LEGACY
2023-07-26,LUPIN,Lupin,EQ,INE326A01037,941.0,945.6,937.6,941.4,943.15,937.6,363219,342180340.3,19312,LEGACY
2023-07-26,MANKIND,Mankind Pharma,EQ,INE634S01028,1933.0,1935.0,1820.0,1828.1,1825.0,1918.55,387554,718374059.9,39930,LEGACY
2023-07-26,NATCOPHARM,Natco Pharma,EQ,INE987B01026,785.15,797.8,773.65,793.85,793.0,779.6,511459,403472945.2,21139,LEGACY
2023-07-26,PEL,Piramal Enterprises,EQ,INE140A01024,1042.0,1094.9,1018.05,1084.2,1081.0,1004.0,9127576,9652596303.95,200934,LEGACY
2023-07-26,PFIZER,Pfizer,EQ,INE182A01018,3857.05,3870.5,3816.05,3850.45,3850.0,3850.2,7219,27789762.0,2079,LEGACY
2023-07-26,PPLPHARMA,Piramal Pharma,EQ,INE0DK501011,104.6,105.3,103.55,104.4,104.7,103.95,6333724,662221431.4,50696,LEGACY
2023-07-26,SANOFI,Sanofi India,EQ,INE058A01010,6903.8,6957.3,6895.95,6913.5,6925.85,6901.5,4487,31045071.95,1572,LEGACY
2023-07-26,STAR,Strides Pharma Science,EQ,INE939A01011,444.75,447.95,439.8,441.5,440.65,445.25,207575,92131427.25,8650,LEGACY
2023-07-26,SUNPHARMA,Sun Pharmaceutical Industries,EQ,INE044A01036,1097.05,1114.4,1094.1,1112.0,1113.5,1095.05,1321572,1464105572.0,75654,LEGACY
2023-07-26,TORNTPHARM,Torrent Pharmaceuticals,EQ,INE685A01028,1981.6,1993.2,1959.0,1970.8,1971.0,1972.5,216093,426655278.35,15558,LEGACY
2023-07-26,WOCKPHARMA,Wockhardt,EQ,INE049B01025,234.5,236.8,231.15,232.55,232.2,233.4,787676,184374680.4,9976,LEGACY
2023-07-26,ZYDUSLIFE,Zydus Lifesciences,EQ,INE010B01027,623.0,625.1,618.9,622.75,623.85,621.75,670959,417084854.1,18101,LEGACY
2023-07-27,ABBOTINDIA,Abbott India,EQ,INE358A01014,22945.45,23813.85,22909.95,23705.85,23640.0,22945.45,24755,584048440.15,7214,LEGACY
2023-07-27,AJANTPHARM,Ajanta Pharma,EQ,INE031B01049,1505.85,1574.5,1505.85,1552.55,1550.0,1505.85,446368,693717442.2,41993,LEGACY
2023-07-27,ALKEM,Alkem Laboratories,EQ,INE540L01014,4002.5,4050.0,3996.0,4028.35,4029.2,4004.9,365382,1471210904.35,24194,LEGACY
2023-07-27,APLLTD,Alembic Pharmaceuticals,EQ,INE901L01018,709.95,735.3,709.65,732.5,733.0,708.2,326748,236547209.25,15492,LEGACY
2023-07-27,AUROPHARMA,Aurobindo Pharma,EQ,INE406A01037,801.6,846.5,791.05,835.55,836.0,789.45,6337801,5253039401.4,136087,LEGACY
2023-07-27,BIOCON,Biocon,EQ,INE376G01013,252.0,258.0,250.6,256.1,256.9,249.45,4530779,1155437326.6,42535,LEGACY
2023-07-27,CIPLA,Cipla,EQ,INE059A01026,1115.0,1219.4,1108.55,1171.45,1173.0,1068.5,14590950,16999172333.7,308148,LEGACY
2023-07-27,DIVISLAB,Divi's Laboratories,EQ,INE361B01024,3694.0,3795.9,3685.3,3741.9,3755.0,3680.45,875566,3285934529.6,56365,LEGACY
2023-07-27,DRREDDY,Dr. Reddy's Laboratories,EQ,INE089A01023,5530.0,5614.0,5420.05,5507.0,5515.05,5475.65,1507811,8344444051.45,103519,LEGACY
2023-07-27,GLAND,Gland Pharma,EQ,INE068V01023,1198.4,1295.0,1196.05,1266.6,1260.0,1194.55,1281876,1606455627.15,60673,LEGACY
2023-07-27,GLAXO,GlaxoSmithKline Pharmaceuticals,EQ,INE159A01016,1408.8,1409.9,1391.7,1400.3,1401.95,1401.4,79298,110993806.8,6618,LEGACY
2023-07-27,GLENMARK,Glenmark Pharmaceuticals,EQ,INE935A01035,806.3,832.9,802.4,822.35,821.5,806.3,1640659,1349503851.4,36602,LEGACY
2023-07-27,GRANULES,Granules India,EQ,INE101D01020,309.45,323.55,308.65,321.65,323.2,308.1,5886341,1876332466.5,62213,LEGACY
2023-07-27,IPCALAB,IPCA Laboratories,EQ,INE571A01038,797.0,835.0,796.95,826.75,826.1,795.3,1103966,907123868.3,34283,LEGACY
2023-07-27,JBCHEPHARM,JB Chemicals & Pharmaceuticals,EQ,INE572A01028,2462.7,2467.0,2415.0,2423.75,2428.3,2449.8,21957,53480949.3,4877,LEGACY
2023-07-27,LAURUSLABS,Laurus Labs,EQ,INE947Q01028,341.15,350.0,328.15,343.9,345.0,341.15,10793375,3684190502.8,101917,LEGACY
2023-07-27,LUPIN,Lupin,EQ,INE326A01037,956.0,990.15,941.05,979.7,979.5,941.4,3313759,3225813168.15,83277,LEGACY
2023-07-27,MANKIND,Mankind Pharma,EQ,INE634S01028,1837.2,1886.0,1800.0,1851.3,1849.9,1828.1,421438,777667807.8,26397,LEGACY
2023-07-27,NATCOPHARM,Natco Pharma,EQ,INE987B01026,800.0,834.0,796.45,828.95,829.8,793.85,1391520,1142106512.15,47005,LEGACY
2023-07-27,PEL,Piramal Enterprises,EQ,INE140A01024,1086.0,1115.4,1061.55,1095.75,1096.95,1084.2,4150162,4526092788.2,116676,LEGACY
2023-07-27,PFIZER,Pfizer,EQ,INE182A01018,3851.15,3935.5,3846.85,3895.1,3885.0,3850.45,17698,68969760.65,4197,LEGACY
2023-07-27,PPLPHARMA,Piramal Pharma,EQ,INE0DK501011,105.2,110.0,104.6,108.55,108.65,104.4,13370821,1439807856.1,52030,LEGACY
2023-07-27,SANOFI,Sanofi India,EQ,INE058A01010,6909.15,6965.0,6909.15,6912.5,6920.0,6913.5,3123,21644710.65,1403,LEGACY
2023-07-27,STAR,Strides Pharma Science,EQ,INE939A01011,441.0,455.95,441.0,452.45,454.65,441.5,840391,378521111.7,22976,LEGACY
2023-07-27,SUNPHARMA,Sun Pharmaceutical Industries,EQ,INE044A01036,1128.0,1155.35,1116.3,1134.95,1137.6,1112.0,6366612,7231433665.05,163826,LEGACY
2023-07-27,TORNTPHARM,Torrent Pharmaceuticals,EQ,INE685A01028,1974.55,2008.0,1963.05,1992.0,1987.0,1970.8,389701,775966082.9,29092,LEGACY
2023-07-27,WOCKPHARMA,Wockhardt,EQ,INE049B01025,233.95,247.6,232.25,244.0,244.55,232.55,4590875,1108168123.9,48413,LEGACY
2023-07-27,ZYDUSLIFE,Zydus Lifesciences,EQ,INE010B01027,625.0,656.7,623.5,649.5,648.2,622.75,2686026,1734805984.15,64142,LEGACY
2023-07-28,ABBOTINDIA,Abbott India,EQ,INE358A01014,23800.0,24142.95,23622.0,24059.95,24040.0,23705.85,16562,395784267.4,6035,LEGACY
2023-07-28,AJANTPHARM,Ajanta Pharma,EQ,INE031B01049,1697.95,1735.0,1591.1,1615.75,1600.0,1552.55,3158947,5279289307.55,142892,LEGACY
2023-07-28,ALKEM,Alkem Laboratories,EQ,INE540L01014,4005.1,4042.55,3950.25,3995.7,4003.4,4028.35,100588,402108565.55,14632,LEGACY
2023-07-28,APLLTD,Alembic Pharmaceuticals,EQ,INE901L01018,732.9,793.5,730.0,777.2,776.0,732.5,2102194,1633288100.8,61323,LEGACY
2023-07-28,AUROPHARMA,Aurobindo Pharma,EQ,INE406A01037,825.0,838.0,824.2,837.0,836.2,835.55,1999388,1662925254.3,63824,LEGACY
2023-07-28,BIOCON,Biocon,EQ,INE376G01013,256.95,261.2,254.5,256.75,256.75,256.1,3317740,854793805.4,28977,LEGACY
2023-07-28,CIPLA,Cipla,EQ,INE059A01026,1171.45,1190.4,1155.7,1177.8,1177.0,1171.45,4454009,5219977882.05,116590,LEGACY
2023-07-28,DIVISLAB,Divi's Laboratories,EQ,INE361B01024,3769.0,3775.0,3710.0,3739.05,3735.0,3741.9,355259,1328969432.9,28096,LEGACY
2023-07-28,DRREDDY,Dr. Reddy's Laboratories,EQ,INE089A01023,5512.0,5618.0,5512.0,5583.0,5578.1,5507.0,636108,3554613666.95,59063,LEGACY
2023-07-28,GLAND,Gland Pharma,EQ,INE068V01023,1266.6,1301.0,1250.25,1292.0,1299.0,1266.6,947615,1222724992.5,44031,LEGACY
2023-07-28,GLAXO,GlaxoSmithKline Pharmaceuticals,EQ,INE159A01016,1400.3,1418.45,1387.15,1395.2,1396.8,1400.3,56528,79034526.9,8736,LEGACY
2023-07-28,GLENMARK,Glenmark Pharmaceuticals,EQ,INE935A01035,825.0,829.45,792.55,798.75,802.5,822.35,1474272,1185262688.05,40729,LEGACY
2023-07-28,GRANULES,Granules India,EQ,INE101D01020,323.5,326.9,319.75,321.3,321.4,321.65,3729513,1205308377.8,46932,LEGACY
2023-07-28,IPCALAB,IPCA Laboratories,EQ,INE571A01038,833.35,865.8,825.75,857.25,856.0,826.75,1094114,932184233.45,39049,LEGACY
2023-07-28,JBCHEPHARM,JB Chemicals & Pharmaceuticals,EQ,INE572A01028,2445.0,2445.0,2367.6,2415.9,2413.0,2423.75,27333,65978987.15,5642,LEGACY
2023-07-28,LAURUSLABS,Laurus Labs,EQ,INE947Q01028,338.0,348.8,331.5,337.8,337.25,343.9,9684678,3289285687.95,104978,LEGACY
2023-07-28,LUPIN,Lupin,EQ,INE326A01037,985.0,991.0,966.25,974.0,975.0,979.7,1139010,1116463592.65,34768,LEGACY
2023-07-28,MANKIND,Mankind Pharma,EQ,INE634S01028,1849.9,1860.0,1803.0,1814.85,1812.0,1851.3,199521,363627810.65,16569,LEGACY
2023-07-28,NATCOPHARM,Natco Pharma,EQ,INE987B01026,841.0,844.0,816.5,827.2,826.8,828.95,839456,699419447.65,28945,LEGACY
2023-07-28,PEL,Piramal Enterprises,EQ,INE140A01024,1105.7,1111.85,1060.7,1072.95,1073.0,1095.75,3756570,4051297276.1,101229,LEGACY
2023-07-28,PFIZER,Pfizer,EQ,INE182A01018,3900.0,3997.95,3900.0,3978.05,3979.95,3895.1,27101,107232046.0,6419,LEGACY
2023-07-28,PPLPHARMA,Piramal Pharma,EQ,INE0DK501011,107.4,107.4,104.8,105.75,105.75,108.55,7300290,772555447.65,38455,LEGACY
2023-07-28,SANOFI,Sanofi India,EQ,INE058A01010,6910.05,6996.0,6910.0,6937.3,6942.0,6912.5,13589,94368964.0,4592,LEGACY
2023-07-28,STAR,Strides Pharma Science,EQ,INE939A01011,456.05,461.45,453.85,459.95,458.0,452.45,497326,227688800.65,14409,LEGACY
2023-07-28,SUNPHARMA,Sun Pharmaceutical Industries,EQ,INE044A01036,1129.95,1143.9,1121.65,1138.55,1136.55,1134.95,2677679,3045068647.95,94485,LEGACY
2023-07-28,TORNTPHARM,Torrent Pharmaceuticals,EQ,INE685A01028,1995.25,2036.5,1981.05,1990.3,1990.0,1992.0,251110,502717244.4,16683,LEGACY
2023-07-28,WOCKPHARMA,Wockhardt,EQ,INE049B01025,246.0,249.0,239.9,241.25,240.0,244.0,2314988,564994969.65,25573,LEGACY
2023-07-28,ZYDUSLIFE,Zydus Lifesciences,EQ,INE010B01027,645.2,646.75,637.8,640.5,642.7,649.5,570657,366269582.35,20057,LEGACY
2023-07-31,ABBOTINDIA,Abbott India,EQ,INE358A01014,24150.0,24240.0,23954.05,24068.6,23999.35,24059.95,7074,170490229.65,2853,LEGACY
2023-07-31,AJANTPHARM,Ajanta Pharma,EQ,INE031B01049,1624.95,1717.5,1624.95,1697.2,1700.0,1615.75,1206161,2041374761.5,63113,LEGACY
2023-07-31,ALKEM,Alkem Laboratories,EQ,INE540L01014,3985.0,4017.6,3965.8,3978.75,3984.1,3995.7,89261,355400430.5,19330,LEGACY
2023-07-31,APLLTD,Alembic Pharmaceuticals,EQ,INE901L01018,778.0,778.0,748.0,774.4,774.1,777.2,320823,245665297.95,16550,LEGACY
2023-07-31,AUROPHARMA,Aurobindo Pharma,EQ,INE406A01037,836.05,840.9,816.25,822.25,823.2,837.0,1849215,1525487983.5,97176,LEGACY
2023-07-31,BIOCON,Biocon,EQ,INE376G01013,258.0,259.2,256.0,257.1,257.2,256.75,3156485,811369590.35,23991,LEGACY
2023-07-31,CIPLA,Cipla,EQ,INE059A01026,1181.8,1184.75,1165.4,1175.0,1178.0,1177.8,2221571,2605777853.85,89480,LEGACY
2023-07-31,DIVISLAB,Divi's Laboratories,EQ,INE361B01024,3640.0,3748.95,3640.0,3684.3,3699.7,3739.05,389638,1439854797.45,34330,LEGACY
2023-07-31,DRREDDY,Dr. Reddy's Laboratories,EQ,INE089A01023,5584.55,5660.4,5570.0,5640.45,5651.85,5583.0,319898,1794909094.85,37365,LEGACY
2023-07-31,GLAND,Gland Pharma,EQ,INE068V01023,1350.0,1393.95,1282.0,1307.55,1298.0,1292.0,2257573,3034079609.95,91372,LEGACY
2023-07-31,GLAXO,GlaxoSmithKline Pharmaceuticals,EQ,INE159A01016,1399.95,1414.4,1386.0,1396.1,1409.0,1395.2,54386,76068958.95,6496,LEGACY
2023-07-31,GLENMARK,Glenmark Pharmaceuticals,EQ,INE935A01035,806.0,824.45,786.0,787.85,792.4,798.75,2045604,1632996327.25,47757,LEGACY
2023-07-31,GRANULES,Granules India,EQ,INE101D01020,321.8,325.3,321.0,323.3,323.2,321.3,1262686,408344065.25,18916,LEGACY
2023-07-31,IPCALAB,IPCA Laboratories,EQ,INE571A01038,857.6,893.25,857.6,873.5,875.0,857.25,1126798,988518263.15,38354,LEGACY
2023-07-31,JBCHEPHARM,JB Chemicals & Pharmaceuticals,EQ,INE572A01028,2413.1,2517.0,2393.95,2501.1,2512.9,2415.9,57025,140994759.75,9065,LEGACY
2023-07-31,LAURUSLABS,Laurus Labs,EQ,INE947Q01028,339.0,359.5,334.15,352.0,351.9,337.8,8139255,2862943264.0,87008,LEGACY
2023-07-31,LUPIN,Lupin,EQ,INE326A01037,972.05,992.0,972.05,985.45,983.7,974.0,912283,898881439.65,34371,LEGACY
2023-07-31,MANKIND,Mankind Pharma,EQ,INE634S01028,1815.0,1824.65,1725.0,1742.75,1752.0,1814.85,495740,874288214.15,30752,LEGACY
2023-07-31,NATCOPHARM,Natco Pharma,EQ,INE987B01026,840.0,859.7,825.25,833.95,835.0,827.2,1010823,851727734.15,36367,LEGACY
2023-07-31,PEL,Piramal Enterprises,EQ,INE140A01024,1078.0,1078.0,985.45,1011.75,1013.95,1072.95,10913760,11053487328.55,204341,LEGACY
2023-07-31,PFIZER,Pfizer,EQ,INE182A01018,3988.0,4069.95,3979.05,3993.75,4010.5,3978.05,35862,144121515.85,7454,LEGACY
2023-07-31,PPLPHARMA,Piramal Pharma,EQ,INE0DK501011,105.8,106.3,103.05,104.4,104.4,105.75,6260804,654439819.2,40400,LEGACY
2023-07-31,SANOFI,Sanofi India,EQ,INE058A01010,6973.0,7109.8,6930.0,7016.8,7019.0,6937.3,19412,136349111.35,6688,LEGACY
2023-07-31,STAR,Strides Pharma Science,EQ,INE939A01011,465.0,473.95,462.2,472.15,471.5,459.95,554907,260305357.8,17409,LEGACY
2023-07-31,SUNPHARMA,Sun Pharmaceutical Industries,EQ,INE044A01036,1140.0,1145.0,1127.0,1143.4,1142.9,1138.55,1718336,1955673436.4,75917,LEGACY
2023-07-31,TORNTPHARM,Torrent Pharmaceuticals,EQ,INE685A01028,1909.0,2014.8,1909.0,2002.85,2010.0,1990.3,324909,647430455.2,25823,LEGACY
2023-07-31,WOCKPHARMA,Wockhardt,EQ,INE049B01025,240.0,245.95,236.95,238.6,238.6,241.25,1255700,302768823.1,15076,LEGACY
2023-07-31,ZYDUSLIFE,Zydus Lifesciences,EQ,INE010B01027,640.0,643.95,626.85,632.25,630.5,640.5,833188,527387310.15,37250,LEGACY
2023-08-01,ABBOTINDIA,Abbott India,EQ,INE358A01014,24094.45,24094.45,23770.0,23943.2,23980.0,24068.6,6810,162907962.3,3283,LEGACY
2023-08-01,AJANTPHARM,Ajanta Pharma,EQ,INE031B01049,1708.95,1720.0,1671.2,1685.55,1685.0,1697.2,254684,429082288.55,19556,LEGACY
2023-08-01,ALKEM,Alkem Laboratories,EQ,INE540L01014,3978.75,4009.75,3960.95,3986.5,3975.05,3978.75,140866,561669102.3,15721,LEGACY
2023-08-01,APLLTD,Alembic Pharmaceuticals,EQ,INE901L01018,778.0,778.0,762.45,775.5,776.2,774.4,193925,149723981.85,11598,LEGACY
2023-08-01,AUROPHARMA,Aurobindo Pharma,EQ,INE406A01037,827.3,832.0,816.55,818.5,818.3,822.25,1021249,839772740.8,59822,LEGACY
2023-08-01,BIOCON,Biocon,EQ,INE376G01013,258.9,260.5,254.65,255.8,256.4,257.1,3486144,897014517.2,32622,LEGACY
2023-08-01,CIPLA,Cipla,EQ,INE059A01026,1175.0,1187.3,1168.1,1178.35,1181.0,1175.0,1362536,1606688181.05,57528,LEGACY
2023-08-01,DIVISLAB,Divi's Laboratories,EQ,INE361B01024,3705.0,3720.6,3625.0,3639.5,3630.0,3684.3,369042,1352366463.75,34552,LEGACY
2023-08-01,DRREDDY,Dr. Reddy's Laboratories,EQ,INE089A01023,5639.85,5709.35,5607.1,5667.05,5656.8,5640.45,424547,2410439550.45,46986,LEGACY
2023-08-01,GLAND,Gland Pharma,EQ,INE068V01023,1306.0,1324.0,1287.0,1303.6,1311.0,1307.55,501912,656066197.95,26803,LEGACY
2023-08-01,GLAXO,GlaxoSmithKline Pharmaceuticals,EQ,INE159A01016,1403.4,1410.0,1391.35,1405.0,1401.0,1396.1,50880,71200808.8,4644,LEGACY
2023-08-01,GLENMARK,Glenmark Pharmaceuticals,EQ,INE935A01035,796.0,798.6,782.0,788.2,787.5,787.85,1079954,850932977.55,25463,LEGACY
2023-08-01,GRANULES,Granules India,EQ,INE101D01020,323.3,329.3,322.25,326.2,325.75,323.3,2337236,762186066.65,29174,LEGACY
2023-08-01,IPCALAB,IPCA Laboratories,EQ,INE571A01038,873.5,906.25,873.5,902.4,903.2,873.5,1051743,944080033.5,33167,LEGACY
2023-08-01,JBCHEPHARM,JB Chemicals & Pharmaceuticals,EQ,INE572A01028,2517.0,2607.8,2482.15,2575.35,2559.8,2501.1,89054,228032860.05,13983,LEGACY
2023-08-01,LAURUSLABS,Laurus Labs,EQ,INE947Q01028,353.75,359.0,352.0,358.3,357.4,352.0,2480872,883425769.1,30921,LEGACY
2023-08-01,LUPIN,Lupin,EQ,INE326A01037,984.8,994.9,976.7,988.2,987.5,985.45,781270,771584655.05,30497,LEGACY
2023-08-01,MANKIND,Mankind Pharma,EQ,INE634S01028,1760.0,1790.0,1726.05,1771.2,1775.0,1742.75,410651,725736299.25,25674,LEGACY
2023-08-01,NATCOPHARM,Natco Pharma,EQ,INE987B01026,837.0,838.9,820.0,824.75,825.85,833.95,390461,322693859.8,17061,LEGACY
2023-08-01,PEL,Piramal Enterprises,EQ,INE140A01024,1023.0,1024.0,998.0,1003.25,1004.85,1011.75,2278096,2295700786.3,66914,LEGACY
2023-08-01,PFIZER,Pfizer,EQ,INE182A01018,3994.0,4040.0,3993.95,4023.5,4020.0,3993.75,14278,57417147.75,3297,LEGACY
2023-08-01,PPLPHARMA,Piramal Pharma,EQ,INE0DK501011,104.9,107.75,104.6,106.45,106.5,104.4,8787356,937082008.85,28277,LEGACY
2023-08-01,SANOFI,Sanofi India,EQ,INE058A01010,7016.0,7099.2,6952.4,6999.2,7049.0,7016.8,9901,69548338.95,3121,LEGACY
2023-08-01,STAR,Strides Pharma Science,EQ,INE939A01011,474.4,489.0,472.25,480.1,478.95,472.15,1156766,557466639.7,26074,LEGACY
2023-08-01,SUNPHARMA,Sun Pharmaceutical Industries,EQ,INE044A01036,1143.4,1152.65,1136.0,1143.45,1146.0,1143.4,1448567,1658148242.0,65150,LEGACY
2023-08-01,TORNTPHARM,Torrent Pharmaceuticals,EQ,INE685A01028,2007.65,2021.9,1974.4,1983.5,1986.0,2002.85,521389,1043403404.55,22202,LEGACY
2023-08-01,WOCKPHARMA,Wockhardt,EQ,INE049B01025,239.5,245.4,238.0,243.15,243.05,238.6,1109162,268677079.9,13637,LEGACY
2023-08-01,ZYDUSLIFE,Zydus Lifesciences,EQ,INE010B01027,635.0,641.9,629.3,633.9,634.65,632.25,1159496,735317748.35,24666,LEGACY
2023-08-02,ABBOTINDIA,Abbott India,EQ,INE358A01014,23999.0,24235.0,23743.2,24084.7,24134.0,23943.2,17029,408157194.8,5917,LEGACY
2023-08-02,AJANTPHARM,Ajanta Pharma,EQ,INE031B01049,1694.9,1714.0,1666.55,1684.05,1692.65,1685.55,399949,673319136.35,19967,LEGACY
2023-08-02,ALKEM,Alkem Laboratories,EQ,INE540L01014,3971.0,3973.5,3900.0,3935.5,3930.95,3986.5,88119,346348962.1,11536,LEGACY
2023-08-02,APLLTD,Alembic Pharmaceuticals,EQ,INE901L01018,774.0,779.0,763.15,770.15,767.9,775.5,168781,130498787.0,15714,LEGACY
2023-08-02,AUROPHARMA,Aurobindo Pharma,EQ,INE406A01037,814.45,820.0,805.65,816.2,816.5,818.5,1821101,1480455358.35,83730,LEGACY
2023-08-02,BIOCON,Biocon,EQ,INE376G01013,256.7,256.7,250.65,252.95,253.0,255.8,1574491,398522049.45,15155,LEGACY
2023-08-02,CIPLA,Cipla,EQ,INE059A01026,1185.0,1185.0,1153.55,1168.3,1167.95,1178.35,1861901,2166764712.6,76503,LEGACY
2023-08-02,DIVISLAB,Divi's Laboratories,EQ,INE361B01024,3630.0,3695.0,3577.05,3690.6,3694.95,3639.5,681092,2489843636.15,55998,LEGACY
2023-08-02,DRREDDY,Dr. Reddy's Laboratories,EQ,INE089A01023,5667.1,5695.85,5634.45,5660.45,5655.0,5667.05,358359,2028902493.25,53047,LEGACY
2023-08-02,GLAND,Gland Pharma,EQ,INE068V01023,1290.05,1306.6,1265.65,1288.75,1290.95,1303.6,585291,752255050.15,36761,LEGACY
2023-08-02,GLAXO,GlaxoSmithKline Pharmaceuticals,EQ,INE159A01016,1408.9,1408.9,1388.0,1405.0,1405.0,1405.0,61211,85536315.35,6941,LEGACY
2023-08-02,GLENMARK,Glenmark Pharmaceuticals,EQ,INE935A01035,786.0,791.95,771.0,780.65,780.0,788.2,842339,656833287.15,30764,LEGACY
2023-08-02,GRANULES,Granules India,EQ,INE101D01020,327.85,327.85,313.7,317.15,317.7,326.2,2233822,713285009.1,32187,LEGACY
2023-08-02,IPCALAB,IPCA Laboratories,EQ,INE571A01038,900.0,904.45,880.35,888.2,890.0,902.4,1054599,943583459.6,31807,LEGACY
2023-08-02,JBCHEPHARM,JB Chemicals & Pharmaceuticals,EQ,INE572A01028,2574.0,2575.0,2510.6,2565.3,2552.0,2575.35,50240,128391813.0,11507,LEGACY
2023-08-02,LAURUSLABS,Laurus Labs,EQ,INE947Q01028,359.8,368.0,356.1,364.6,365.0,358.3,5966652,2167771102.5,66493,LEGACY
2023-08-02,LUPIN,Lupin,EQ,INE326A01037,987.05,998.7,975.0,994.6,995.5,988.2,865195,851848542.5,32339,LEGACY
2023-08-02,MANKIND,Mankind Pharma,EQ,INE634S01028,1778.0,1797.9,1735.0,1739.8,1739.9,1771.2,792991,1393469238.6,24219,LEGACY
2023-08-02,NATCOPHARM,Natco Pharma,EQ,INE987B01026,821.3,824.75,785.0,801.9,802.0,824.75,611555,491998646.0,26397,LEGACY
2023-08-02,PEL,Piramal Enterprises,EQ,INE140A01024,1004.95,1004.95,947.15,952.95,954.0,1003.25,3491119,3376603502.15,105879,LEGACY
2023-08-02,PFIZER,Pfizer,EQ,INE182A01018,4020.0,4032.0,3970.0,4012.7,4010.0,4023.5,18963,75893903.9,4298,LEGACY
2023-08-02,PPLPHARMA,Piramal Pharma,EQ,INE0DK501011,103.5,104.9,100.55,102.95,103.0,106.45,6183231,638157916.55,29071,LEGACY
2023-08-02,SANOFI,Sanofi India,EQ,INE058A01010,7020.0,7026.7,6870.0,6910.65,6920.0,6999.2,13149,90905104.4,4635,LEGACY
2023-08-02,STAR,Strides Pharma Science,EQ,INE939A01011,480.4,484.6,443.85,446.0,446.25,480.1,2357497,1083183260.4,65235,LEGACY
2023-08-02,SUNPHARMA,Sun Pharmaceutical Industries,EQ,INE044A01036,1143.95,1144.3,1126.45,1135.25,1140.0,1143.45,1731918,1963170503.95,84279,LEGACY
2023-08-02,TORNTPHARM,Torrent Pharmaceuticals,EQ,INE685A01028,1965.0,1988.4,1953.95,1965.8,1960.05,1983.5,207780,409895102.2,26463,LEGACY
2023-08-02,WOCKPHARMA,Wockhardt,EQ,INE049B01025,243.35,259.25,242.0,248.85,248.95,243.15,7048530,1780386375.4,69509,LEGACY
2023-08-02,ZYDUSLIFE,Zydus Lifesciences,EQ,INE010B01027,633.95,635.0,622.0,628.6,627.3,633.9,855457,537710849.8,37421,LEGACY
2023-08-03,ABBOTINDIA,Abbott India,EQ,INE358A01014,24204.7,24657.7,24034.6,24555.8,24560.0,24084.7,34082,833839593.3,8842,LEGACY
2023-08-03,AJANTPHARM,Ajanta Pharma,EQ,INE031B01049,1698.0,1777.5,1680.55,1721.55,1720.95,1684.05,705127,1227481507.55,51994,LEGACY
2023-08-03,ALKEM,Alkem Laboratories,EQ,INE540L01014,3945.0,4082.7,3927.1,4023.4,4013.0,3935.5,342605,1380554310.9,33900,LEGACY
2023-08-03,APLLTD,Alembic Pharmaceuticals,EQ,INE901L01018,767.0,785.0,764.6,781.0,781.35,770.15,177130,137883945.1,9818,LEGACY
2023-08-03,AUROPHARMA,Aurobindo Pharma,EQ,INE406A01037,818.9,855.9,817.85,840.35,837.65,816.2,3828257,3236300864.35,82764,LEGACY
2023-08-03,BIOCON,Biocon,EQ,INE376G01013,252.95,256.85,252.1,254.55,254.6,252.95,2844993,724670150.2,24984,LEGACY
2023-08-03,CIPLA,Cipla,EQ,INE059A01026,1166.05,1178.95,1150.0,1165.85,1165.0,1168.3,2574025,2995214036.65,88003,LEGACY
2023-08-03,DIVISLAB,Divi's Laboratories,EQ,INE361B01024,3700.0,3764.8,3690.2,3726.3,3722.95,3690.6,619764,2311818433.45,42076,LEGACY
2023-08-03,DRREDDY,Dr. Reddy's Laboratories,EQ,INE089A01023,5645.0,5734.0,5621.5,5659.5,5650.0,5660.45,514104,2921390471.95,56884,LEGACY
2023-08-03,GLAND,Gland Pharma,EQ,INE068V01023,1284.7,1335.95,1282.05,1329.0,1325.0,1288.75,622557,822614411.3,35963,LEGACY
2023-08-03,GLAXO,GlaxoSmithKline Pharmaceuticals,EQ,INE159A01016,1405.0,1426.2,1393.8,1402.2,1402.0,1405.0,79757,112587703.6,6933,LEGACY
2023-08-03,GLENMARK,Glenmark Pharmaceuticals,EQ,INE935A01035,780.65,805.0,777.05,792.15,794.0,780.65,1388394,1104488960.1,33645,LEGACY
2023-08-03,GRANULES,Granules India,EQ,INE101D01020,317.5,321.7,314.85,318.2,318.2,317.15,1812204,576951678.2,29443,LEGACY
2023-08-03,IPCALAB,IPCA Laboratories,EQ,INE571A01038,888.2,921.9,887.6,894.55,890.25,888.2,1862970,1686175247.0,40562,LEGACY
2023-08-03,JBCHEPHARM,JB Chemicals & Pharmaceuticals,EQ,INE572A01028,2572.8,2600.0,2464.3,2559.65,2585.0,2565.3,76673,193668135.15,12412,LEGACY
2023-08-03,LAURUSLABS,Laurus Labs,EQ,INE947Q01028,365.0,385.6,364.6,384.35,385.6,364.6,9680154,3647627848.9,93655,LEGACY
2023-08-03,LUPIN,Lupin,EQ,INE326A01037,993.95,1040.85,988.0,1035.35,1028.05,994.6,3961853,4079614497.4,120459,LEGACY
2023-08-03,MANKIND,Mankind Pharma,EQ,INE634S01028,1900.0,1913.75,1816.2,1898.15,1913.75,1739.8,2327182,4355903973.95,105200,LEGACY
2023-08-03,NATCOPHARM,Natco Pharma,EQ,INE987B01026,801.85,816.3,793.6,807.25,810.0,801.9,393264,316247554.7,17601,LEGACY
2023-08-03,PEL,Piramal Enterprises,EQ,INE140A01024,956.95,994.0,953.1,963.45,962.85,952.95,4019736,3907794306.95,103425,LEGACY
2023-08-03,PFIZER,Pfizer,EQ,INE182A01018,4020.0,4028.15,3970.0,3991.1,3987.1,4012.7,11662,46500693.85,3033,LEGACY
2023-08-03,PPLPHARMA,Piramal Pharma,EQ,INE0DK501011,102.95,108.2,101.5,105.75,105.85,102.95,7246298,765184091.85,31894,LEGACY
2023-08-03,SANOFI,Sanofi India,EQ,INE058A01010,6950.05,6964.9,6856.05,6879.25,6887.5,6910.65,7105,49062784.0,2573,LEGACY
2023-08-03,STAR,Strides Pharma Science,EQ,INE939A01011,450.0,456.85,441.2,443.8,444.2,446.0,486627,218478621.15,16264,LEGACY
2023-08-03,SUNPHARMA,Sun Pharmaceutical Industries,EQ,INE044A01036,1130.25,1169.7,1122.35,1141.0,1130.25,1135.25,8460399,9751283352.85,221684,LEGACY
2023-08-03,TORNTPHARM,Torrent Pharmaceuticals,EQ,INE685A01028,1967.9,2009.1,1963.8,1995.8,1992.6,1965.8,331574,660488540.1,28396,LEGACY
2023-08-03,WOCKPHARMA,Wockhardt,EQ,INE049B01025,248.85,258.5,247.5,255.65,256.0,248.85,2194297,558509234.35,25408,LEGACY
2023-08-03,ZYDUSLIFE,Zydus Lifesciences,EQ,INE010B01027,625.05,651.35,625.05,640.0,640.1,628.6,1434513,921761218.05,51427,LEGACY
2023-08-04,ABBOTINDIA,Abbott India,EQ,INE358A01014,24649.95,24657.45,23800.0,23864.0,23896.0,24555.8,12946,311343589.15,5424,LEGACY
2023-08-04,AJANTPHARM,Ajanta Pharma,EQ,INE031B01049,1721.8,1763.7,1721.55,1747.0,1744.0,1721.55,278870,487267158.5,26273,LEGACY
2023-08-04,ALKEM,Alkem Laboratories,EQ,INE540L01014,4015.8,4110.0,4004.2,4099.0,4099.3,4023.4,298023,1209176115.6,17771,LEGACY
2023-08-04,APLLTD,Alembic Pharmaceuticals,EQ,INE901L01018,784.85,796.3,752.75,780.4,780.1,781.0,537919,422625699.1,19365,LEGACY
2023-08-04,AUROPHARMA,Aurobindo Pharma,EQ,INE406A01037,843.55,855.4,832.0,841.55,840.0,840.35,1920051,1617826397.3,66257,LEGACY
2023-08-04,BIOCON,Biocon,EQ,INE376G01013,255.9,258.2,253.05,253.55,254.0,254.55,1988139,506037720.5,13717,LEGACY
2023-08-04,CIPLA,Cipla,EQ,INE059A01026,1171.0,1238.7,1171.0,1209.75,1206.95,1165.85,8359856,10167455341.0,258437,LEGACY
2023-08-04,DIVISLAB,Divi's Laboratories,EQ,INE361B01024,3726.3,3759.95,3723.0,3745.4,3745.0,3726.3,280240,1050105654.65,30971,LEGACY
2023-08-04,DRREDDY,Dr. Reddy's Laboratories,EQ,INE089A01023,5659.6,5711.0,5640.0,5649.55,5643.0,5659.5,345304,1957208498.75,60095,LEGACY
2023-08-04,GLAND,Gland Pharma,EQ,INE068V01023,1332.4,1364.0,1330.0,1335.45,1336.8,1329.0,639810,862663113.3,31542,LEGACY
2023-08-04,GLAXO,GlaxoSmithKline Pharmaceuticals,EQ,INE159A01016,1409.25,1410.0,1396.25,1401.6,1400.0,1402.2,13284,18629065.0,2268,LEGACY
2023-08-04,GLENMARK,Glenmark Pharmaceuticals,EQ,INE935A01035,795.5,805.0,783.85,803.55,803.8,792.15,582633,464469215.8,15570,LEGACY
2023-08-04,GRANULES,Granules India,EQ,INE101D01020,320.0,325.4,317.3,318.3,318.25,318.2,1942284,622287573.1,26048,LEGACY
2023-08-04,IPCALAB,IPCA Laboratories,EQ,INE571A01038,903.0,911.75,888.25,908.3,903.0,894.55,584186,527029416.25,19917,LEGACY
2023-08-04,JBCHEPHARM,JB Chemicals & Pharmaceuticals,EQ,INE572A01028,2567.15,2649.9,2554.05,2644.9,2631.35,2559.65,53137,139363603.1,9671,LEGACY
2023-08-04,LAURUSLABS,Laurus Labs,EQ,INE947Q01028,390.8,394.5,382.5,392.3,392.05,384.35,5661603,2199558227.65,56351,LEGACY
2023-08-04,LUPIN,Lupin,EQ,INE326A01037,1034.0,1078.45,1011.1,1064.0,1063.75,1035.35,4976674,5219181342.55,156728,LEGACY
2023-08-04,MANKIND,Mankind Pharma,EQ,INE634S01028,1918.9,1945.0,1862.35,1880.6,1873.0,1898.15,783444,1496233366.9,57459,LEGACY
2023-08-04,NATCOPHARM,Natco Pharma,EQ,INE987B01026,813.0,841.5,812.55,833.8,835.5,807.25,674194,559524324.9,21797,LEGACY
2023-08-04,PEL,Piramal Enterprises,EQ,INE140A01024,970.0,981.95,962.2,966.3,966.0,963.45,1431066,1389214686.85,62522,LEGACY
2023-08-04,PFIZER,Pfizer,EQ,INE182A01018,4010.0,4019.25,3941.05,3964.05,3960.0,3991.1,7494,29774881.65,2245,LEGACY
2023-08-04,PPLPHARMA,Piramal Pharma,EQ,INE0DK501011,103.2,104.75,102.25,103.2,103.2,105.75,7064393,731655477.6,27742,LEGACY
2023-08-04,SANOFI,Sanofi India,EQ,INE058A01010,6881.1,7020.0,6881.1,6980.55,6989.0,6879.25,11965,83213259.15,3198,LEGACY
2023-08-04,STAR,Strides Pharma Science,EQ,INE939A01011,448.2,456.0,442.8,447.65,448.75,443.8,466868,210071776.15,15979,LEGACY
2023-08-04,SUNPHARMA,Sun Pharmaceutical Industries,EQ,INE044A01036,1129.0,1145.0,1121.05,1138.95,1136.5,1141.0,3527805,4000658871.55,107011,LEGACY
2023-08-04,TORNTPHARM,Torrent Pharmaceuticals,EQ,INE685A01028,2004.8,2081.0,2004.5,2062.15,2056.25,1995.8,817028,1668803616.95,44665,LEGACY
2023-08-04,WOCKPHARMA,Wockhardt,EQ,INE049B01025,257.0,257.5,251.05,252.7,252.0,255.65,1027768,261373752.05,13448,LEGACY
2023-08-04,ZYDUSLIFE,Zydus Lifesciences,EQ,INE010B01027,648.4,655.6,642.45,649.75,648.4,640.0,1324483,862029224.65,32477,LEGACY
2023-08-07,ABBOTINDIA,Abbott India,EQ,INE358A01014,24000.0,24223.35,23618.1,23964.75,23801.0,23864.0,9545,228483301.65,3657,LEGACY
2023-08-07,AJANTPHARM,Ajanta Pharma,EQ,INE031B01049,1749.9,1770.9,1727.0,1745.75,1746.5,1747.0,167270,292090225.65,20885,LEGACY
2023-08-07,ALKEM,Alkem Laboratories,EQ,INE540L01014,4149.0,4168.7,4055.35,4131.85,4146.0,4099.0,145189,597163119.5,18890,LEGACY
2023-08-07,APLLTD,Alembic Pharmaceuticals,EQ,INE901L01018,793.8,797.0,781.1,793.3,793.9,780.4,265720,210089993.3,15783,LEGACY
2023-08-07,AUROPHARMA,Aurobindo Pharma,EQ,INE406A01037,847.05,874.3,839.05,868.25,865.3,841.55,2747477,2372205274.25,73028,LEGACY
2023-08-07,BIOCON,Biocon,EQ,INE376G01013,255.9,264.3,253.3,261.4,263.8,253.55,6179897,1592977772.65,45202,LEGACY
2023-08-07,CIPLA,Cipla,EQ,INE059A01026,1195.0,1228.5,1174.2,1223.65,1222.6,1209.75,2468250,2982996673.2,96633,LEGACY
2023-08-07,DIVISLAB,Divi's Laboratories,EQ,INE361B01024,3762.9,3920.0,3760.0,3910.55,3914.35,3745.4,1124433,4337092409.2,84815,LEGACY
2023-08-07,DRREDDY,Dr. Reddy's Laboratories,EQ,INE089A01023,5660.0,5688.0,5618.9,5630.7,5647.5,5649.55,499966,2825295853.5,50185,LEGACY
2023-08-07,GLAND,Gland Pharma,EQ,INE068V01023,1343.45,1378.0,1301.05,1342.55,1350.0,1335.45,684651,918233999.95,51236,LEGACY
2023-08-07,GLAXO,GlaxoSmithKline Pharmaceuticals,EQ,INE159A01016,1407.6,1410.0,1393.85,1399.1,1399.95,1401.6,45085,63040395.35,2762,LEGACY
2023-08-07,GLENMARK,Glenmark Pharmaceuticals,EQ,INE935A01035,807.75,817.95,800.15,816.0,815.5,803.55,1150523,935184682.3,28614,LEGACY
2023-08-07,GRANULES,Granules India,EQ,INE101D01020,320.4,322.4,317.2,320.55,320.5,318.3,970256,310974932.2,12487,LEGACY
2023-08-07,IPCALAB,IPCA Laboratories,EQ,INE571A01038,908.8,943.0,902.95,930.1,927.0,908.3,1291271,1199809363.8,46673,LEGACY
2023-08-07,JBCHEPHARM,JB Chemicals & Pharmaceuticals,EQ,INE572A01028,2657.95,2669.3,2550.0,2567.2,2570.0,2644.9,45067,116811214.7,7783,LEGACY
2023-08-07,LAURUSLABS,Laurus Labs,EQ,INE947Q01028,393.95,403.85,390.25,400.15,400.5,392.3,5202602,2071415839.6,54730,LEGACY
2023-08-07,LUPIN,Lupin,EQ,INE326A01037,1067.1,1094.7,1043.5,1081.15,1081.5,1064.0,2597689,2810690669.1,81903,LEGACY
2023-08-07,MANKIND,Mankind Pharma,EQ,INE634S01028,1879.95,1888.0,1793.85,1803.5,1809.95,1880.6,598554,1089140474.0,42488,LEGACY
2023-08-07,NATCOPHARM,Natco Pharma,EQ,INE987B01026,843.7,850.95,827.55,844.95,845.0,833.8,563598,474128610.55,23541,LEGACY
2023-08-07,PEL,Piramal Enterprises,EQ,INE140A01024,970.0,988.8,965.25,982.4,984.0,966.3,1770079,1735880711.85,59993,LEGACY
2023-08-07,PFIZER,Pfizer,EQ,INE182A01018,3965.05,3996.3,3915.55,3940.9,3942.0,3964.05,10762,42590750.1,3490,LEGACY
2023-08-07,PPLPHARMA,Piramal Pharma,EQ,INE0DK501011,104.05,104.45,101.1,101.6,101.5,103.2,3540320,362727421.0,22633,LEGACY
2023-08-07,SANOFI,Sanofi India,EQ,INE058A01010,7567.0,7590.0,7293.45,7339.85,7317.0,6980.55,123006,910219644.7,20615,LEGACY
2023-08-07,STAR,Strides Pharma Science,EQ,INE939A01011,451.35,451.35,438.3,442.5,442.4,447.65,519845,230017639.6,16666,LEGACY
2023-08-07,SUNPHARMA,Sun Pharmaceutical Industries,EQ,INE044A01036,1138.95,1166.75,1133.5,1160.8,1162.2,1138.95,3353219,3884301678.2,101559,LEGACY
2023-08-07,TORNTPHARM,Torrent Pharmaceuticals,EQ,INE685A01028,2070.65,2080.8,2043.4,2051.4,2055.0,2062.15,305278,628593981.55,22752,LEGACY
2023-08-07,WOCKPHARMA,Wockhardt,EQ,INE049B01025,253.35,264.95,252.8,259.6,261.0,252.7,1663296,433249205.6,23254,LEGACY
2023-08-07,ZYDUSLIFE,Zydus Lifesciences,EQ,INE010B01027,650.0,665.0,649.45,655.2,657.0,649.75,1163676,766450213.65,32035,LEGACY
2023-08-08,ABBOTINDIA,Abbott India,EQ,INE358A01014,23900.0,24244.0,23700.9,23774.35,23700.9,23964.75,7620,181815538.1,2434,LEGACY
2023-08-08,AJANTPHARM,Ajanta Pharma,EQ,INE031B01049,1756.65,1757.3,1737.15,1750.25,1750.0,1745.75,173098,302638375.55,16386,LEGACY
2023-08-08,ALKEM,Alkem Laboratories,EQ,INE540L01014,4149.85,4169.95,4086.95,4131.85,4167.7,4131.85,132221,545761152.75,11387,LEGACY
2023-08-08,APLLTD,Alembic Pharmaceuticals,EQ,INE901L01018,797.2,797.2,778.0,791.0,790.0,793.3,151036,119264100.0,11245,LEGACY
2023-08-08,AUROPHARMA,Aurobindo Pharma,EQ,INE406A01037,870.0,875.0,852.05,867.8,865.45,868.25,1137073,983143654.8,49014,LEGACY
2023-08-08,BIOCON,Biocon,EQ,INE376G01013,264.2,274.0,263.7,273.15,272.95,261.4,13421010,3623496278.35,108934,LEGACY
2023-08-08,CIPLA,Cipla,EQ,INE059A01026,1225.0,1269.0,1224.05,1266.45,1268.15,1223.65,5064238,6364737964.5,169925,LEGACY
2023-08-08,DIVISLAB,Divi's Laboratories,EQ,INE361B01024,3925.05,3934.7,3834.05,3846.4,3847.0,3910.55,532706,2058359007.75,44477,LEGACY
2023-08-08,DRREDDY,Dr. Reddy's Laboratories,EQ,INE089A01023,5652.0,5738.95,5645.0,5657.95,5650.0,5630.7,597402,3397680034.8,54616,LEGACY
2023-08-08,GLAND,Gland Pharma,EQ,INE068V01023,1500.0,1611.05,1430.1,1611.05,1611.05,1342.55,5995633,9305665320.55,144550,LEGACY
2023-08-08,GLAXO,GlaxoSmithKline Pharmaceuticals,EQ,INE159A01016,1399.1,1403.55,1390.0,1400.65,1402.0,1399.1,45613,63750366.85,6540,LEGACY
2023-08-08,GLENMARK,Glenmark Pharmaceuticals,EQ,INE935A01035,818.05,827.5,804.5,824.85,824.5,816.0,960683,785470419.85,17258,LEGACY
2023-08-08,GRANULES,Granules India,EQ,INE101D01020,320.9,324.9,319.95,323.1,323.45,320.55,1372128,442961109.1,20190,LEGACY
2023-08-08,IPCALAB,IPCA Laboratories,EQ,INE571A01038,933.5,937.8,905.75,910.4,909.5,930.1,805529,737338918.05,34049,LEGACY
2023-08-08,JBCHEPHARM,JB Chemicals & Pharmaceuticals,EQ,INE572A01028,2580.0,2580.05,2491.05,2548.05,2545.5,2567.2,58039,147063939.45,8994,LEGACY
2023-08-08,LAURUSLABS,Laurus Labs,EQ,INE947Q01028,401.75,413.0,400.15,411.8,411.55,400.15,4240812,1727998707.15,58779,LEGACY
2023-08-08,LUPIN,Lupin,EQ,INE326A01037,1086.95,1094.5,1071.4,1083.7,1084.05,1081.15,1136969,1232411601.55,41560,LEGACY
2023-08-08,MANKIND,Mankind Pharma,EQ,INE634S01028,1814.95,1816.0,1751.7,1779.45,1775.1,1803.5,945995,1683159140.5,50031,LEGACY
2023-08-08,NATCOPHARM,Natco Pharma,EQ,INE987B01026,845.1,880.8,845.1,875.85,880.0,844.95,1239441,1075356318.35,39437,LEGACY
2023-08-08,PEL,Piramal Enterprises,EQ,INE140A01024,987.0,1020.3,981.1,1014.25,1018.55,982.4,2461503,2466154338.25,62351,LEGACY
2023-08-08,PFIZER,Pfizer,EQ,INE182A01018,3973.0,4018.0,3903.4,3945.0,3935.0,3940.9,19858,78527974.95,4054,LEGACY
2023-08-08,PPLPHARMA,Piramal Pharma,EQ,INE0DK501011,102.05,102.55,98.05,98.45,98.5,101.6,6274551,622911029.55,32571,LEGACY
2023-08-08,SANOFI,Sanofi India,EQ,INE058A01010,7317.1,7384.0,7257.0,7324.8,7350.0,7339.85,18357,134379578.75,4562,LEGACY
2023-08-08,STAR,Strides Pharma Science,EQ,INE939A01011,445.55,445.55,433.8,440.75,440.7,442.5,339598,149174013.4,11449,LEGACY
2023-08-08,SUNPHARMA,Sun Pharmaceutical Industries,EQ,INE044A01036,1162.2,1164.6,1139.95,1148.65,1149.25,1160.8,3073468,3533758110.7,105195,LEGACY
2023-08-08,TORNTPHARM,Torrent Pharmaceuticals,EQ,INE685A01028,2069.0,2094.55,2022.65,2040.35,2038.55,2051.4,599781,1228119556.3,48760,LEGACY
2023-08-08,WOCKPHARMA,Wockhardt,EQ,INE049B01025,260.5,263.8,255.75,257.25,257.6,259.6,847662,219514772.1,11880,LEGACY
2023-08-08,ZYDUSLIFE,Zydus Lifesciences,EQ,INE010B01027,658.75,663.3,649.65,655.35,656.1,655.2,1214653,796852368.1,25513,LEGACY
2023-08-09,ABBOTINDIA,Abbott India,EQ,INE358A01014,23890.0,24100.0,23660.0,23749.1,24100.0,23774.35,23572,560373043.45,5131,LEGACY
2023-08-09,AJANTPHARM,Ajanta Pharma,EQ,INE031B01049,1759.8,1759.8,1722.0,1749.25,1745.85,1750.25,75891,132070185.9,12262,LEGACY
2023-08-09,ALKEM,Alkem Laboratories,EQ,INE540L01014,4131.0,4234.9,4130.6,4227.25,4230.1,4131.85,333285,1399356287.25,33941,LEGACY
2023-08-09,APLLTD,Alembic Pharmaceuticals,EQ,INE901L01018,794.95,794.95,780.0,786.2,785.1,791.0,108110,85073231.15,8632,LEGACY
2023-08-09,AUROPHARMA,Aurobindo Pharma,EQ,INE406A01037,870.1,885.0,865.0,879.25,879.0,867.8,3119899,2734311221.65,107848,LEGACY
2023-08-09,BIOCON,Biocon,EQ,INE376G01013,274.7,276.5,264.75,270.05,269.65,273.15,10018397,2719334294.45,71006,LEGACY
2023-08-09,CIPLA,Cipla,EQ,INE059A01026,1270.0,1271.65,1252.25,1266.05,1262.1,1266.45,2105178,2659280874.05,75454,LEGACY
2023-08-09,DIVISLAB,Divi's Laboratories,EQ,INE361B01024,3860.0,3860.0,3715.0,3737.7,3743.7,3846.4,749561,2815142432.0,60113,LEGACY
2023-08-09,DRREDDY,Dr. Reddy's Laboratories,EQ,INE089A01023,5671.1,5883.75,5671.1,5871.0,5879.8,5657.95,2013403,11751435947.9,122473,LEGACY
2023-08-09,GLAND,Gland Pharma,EQ,INE068V01023,1635.0,1768.0,1621.0,1671.65,1660.0,1611.05,12136886,20619121187.75,439837,LEGACY
2023-08-09,GLAXO,GlaxoSmithKline Pharmaceuticals,EQ,INE159A01016,1400.65,1442.0,1395.0,1433.3,1435.0,1400.65,97914,139971488.5,7813,LEGACY
2023-08-09,GLENMARK,Glenmark Pharmaceuticals,EQ,INE935A01035,830.0,836.9,821.2,828.6,831.0,824.85,1065585,882443358.15,21433,LEGACY
2023-08-09,GRANULES,Granules India,EQ,INE101D01020,324.75,327.5,321.0,322.4,322.35,323.1,1841196,596216438.3,21031,LEGACY
2023-08-09,IPCALAB,IPCA Laboratories,EQ,INE571A01038,910.35,943.05,903.3,911.9,912.1,910.4,1086827,1006430041.3,43056,LEGACY
2023-08-09,JBCHEPHARM,JB Chemicals & Pharmaceuticals,EQ,INE572A01028,2550.15,2725.0,2543.55,2711.15,2720.5,2548.05,308497,826099966.85,39936,LEGACY
2023-08-09,LAURUSLABS,Laurus Labs,EQ,INE947Q01028,412.95,418.0,406.35,410.35,410.2,411.8,5440150,2242534876.85,55031,LEGACY
2023-08-09,LUPIN,Lupin,EQ,INE326A01037,1093.95,1109.0,1086.85,1099.45,1099.0,1083.7,1698236,1865231289.4,56458,LEGACY
2023-08-09,MANKIND,Mankind Pharma,EQ,INE634S01028,1799.95,1809.85,1778.0,1803.85,1807.0,1779.45,623390,1119698221.0,30203,LEGACY
2023-08-09,NATCOPHARM,Natco Pharma,EQ,INE987B01026,883.9,916.6,882.6,893.65,885.0,875.85,2997852,2689534469.45,57048,LEGACY
2023-08-09,PEL,Piramal Enterprises,EQ,INE140A01024,1023.4,1043.85,1003.0,1039.6,1039.4,1014.25,4638238,4767413397.75,125893,LEGACY
2023-08-09,PFIZER,Pfizer,EQ,INE182A01018,3945.0,4055.0,3934.95,4032.85,4035.0,3945.0,66439,264990093.2,3523,LEGACY
2023-08-09,PPLPHARMA,Piramal Pharma,EQ,INE0DK501011,99.4,101.8,98.75,99.35,99.35,98.45,5788549,578103600.95,30031,LEGACY
2023-08-09,SANOFI,Sanofi India,EQ,INE058A01010,7350.0,7350.6,7222.1,7314.95,7308.45,7324.8,10121,73746358.4,3382,LEGACY
2023-08-09,STAR,Strides Pharma Science,EQ,INE939A01011,444.4,450.05,435.15,437.35,436.5,440.75,291596,128928577.65,10507,LEGACY
2023-08-09,SUNPHARMA,Sun Pharmaceutical Industries,EQ,INE044A01036,1151.15,1159.3,1140.3,1152.8,1152.8,1148.65,1306791,1501883301.55,78009,LEGACY
2023-08-09,TORNTPHARM,Torrent Pharmaceuticals,EQ,INE685A01028,2050.0,2093.95,2048.05,2073.85,2075.0,2040.35,402813,835393321.45,45532,LEGACY
2023-08-09,WOCKPHARMA,Wockhardt,EQ,INE049B01025,257.55,269.1,255.8,264.65,265.1,257.25,2684206,712392081.8,36141,LEGACY
2023-08-09,ZYDUSLIFE,Zydus Lifesciences,EQ,INE010B01027,657.5,664.75,654.6,661.55,660.3,655.35,1444623,953525662.25,32255,LEGACY
2023-08-10,ABBOTINDIA,Abbott India,EQ,INE358A01014,24349.95,24744.25,23801.0,23887.75,24000.0,23749.1,57565,1391735873.65,16253,LEGACY
2023-08-10,AJANTPHARM,Ajanta Pharma,EQ,INE031B01049,1749.3,1757.0,1733.35,1745.9,1745.0,1749.25,47451,82851887.75,8426,LEGACY
2023-08-10,ALKEM,Alkem Laboratories,EQ,INE540L01014,4233.9,4243.0,4107.05,4141.4,4140.0,4227.25,229756,955659041.05,22079,LEGACY
2023-08-10,APLLTD,Alembic Pharmaceuticals,EQ,INE901L01018,790.3,790.3,779.4,786.35,786.95,786.2,69924,54858854.3,4269,LEGACY
2023-08-10,AUROPHARMA,Aurobindo Pharma,EQ,INE406A01037,877.05,886.1,865.55,873.75,873.8,879.25,1110206,972491001.8,38908,LEGACY
2023-08-10,BIOCON,Biocon,EQ,INE376G01013,269.0,269.0,260.55,261.4,261.6,270.05,6839209,1810853046.35,56067,LEGACY
2023-08-10,CIPLA,Cipla,EQ,INE059A01026,1266.0,1277.9,1248.1,1258.95,1256.15,1266.05,2102129,2652940102.3,88092,LEGACY
2023-08-10,DIVISLAB,Divi's Laboratories,EQ,INE361B01024,3743.8,3775.55,3725.15,3745.5,3751.0,3737.7,600325,2248559135.8,48795,LEGACY
2023-08-10,DRREDDY,Dr. Reddy's Laboratories,EQ,INE089A01023,5880.1,5916.65,5806.0,5851.15,5860.4,5871.0,552662,3237957132.95,42300,LEGACY
2023-08-10,GLAND,Gland Pharma,EQ,INE068V01023,1685.0,1727.05,1643.1,1660.7,1668.0,1671.65,2445732,4086963692.5,117490,LEGACY
2023-08-10,GLAXO,GlaxoSmithKline Pharmaceuticals,EQ,INE159A01016,1440.5,1445.0,1422.0,1431.6,1430.0,1433.3,46169,66173513.75,4893,LEGACY
2023-08-10,GLENMARK,Glenmark Pharmaceuticals,EQ,INE935A01035,828.0,833.4,807.1,810.4,811.9,828.6,519828,425936780.3,15561,LEGACY
2023-08-10,GRANULES,Granules India,EQ,INE101D01020,306.25,315.0,301.0,301.9,301.5,322.4,7189682,2217430019.15,72243,LEGACY
2023-08-10,IPCALAB,IPCA Laboratories,EQ,INE571A01038,918.95,936.55,885.3,900.85,903.0,911.9,1729523,1574509761.0,62575,LEGACY
2023-08-10,JBCHEPHARM,JB Chemicals & Pharmaceuticals,EQ,INE572A01028,2764.0,2844.55,2700.0,2710.9,2710.0,2711.15,239819,664277305.35,26262,LEGACY
2023-08-10,LAURUSLABS,Laurus Labs,EQ,INE947Q01028,409.95,413.65,395.2,398.6,399.0,410.35,5297620,2117917483.5,51249,LEGACY
2023-08-10,LUPIN,Lupin,EQ,INE326A01037,1102.0,1105.5,1080.9,1085.35,1084.75,1099.45,946674,1032313325.65,31024,LEGACY
2023-08-10,MANKIND,Mankind Pharma,EQ,INE634S01028,1808.4,1850.0,1803.85,1841.6,1839.0,1803.85,264559,485530130.7,21530,LEGACY
2023-08-10,NATCOPHARM,Natco Pharma,EQ,INE987B01026,916.0,916.0,867.25,876.05,875.05,893.65,1452810,1283682684.55,49109,LEGACY
2023-08-10,PEL,Piramal Enterprises,EQ,INE140A01024,1040.0,1049.4,1032.05,1040.1,1039.5,1039.6,1232992,1282982837.3,37602,LEGACY
2023-08-10,PFIZER,Pfizer,EQ,INE182A01018,4061.9,4134.3,4001.0,4039.6,4045.0,4032.85,37017,150984254.1,7778,LEGACY
2023-08-10,PPLPHARMA,Piramal Pharma,EQ,INE0DK501011,99.4,101.3,99.1,99.55,99.4,99.35,5773917,576415196.8,25128,LEGACY
2023-08-10,SANOFI,Sanofi India,EQ,INE058A01010,7314.95,7379.0,7264.75,7322.95,7316.05,7314.95,12449,91158555.3,3524,LEGACY
2023-08-10,STAR,Strides Pharma Science,EQ,INE939A01011,438.0,442.25,436.1,437.35,438.0,437.35,375120,164912478.0,9949,LEGACY
2023-08-10,SUNPHARMA,Sun Pharmaceutical Industries,EQ,INE044A01036,1150.6,1157.9,1143.6,1150.3,1152.5,1152.8,1443067,1659121214.4,101224,LEGACY
2023-08-10,TORNTPHARM,Torrent Pharmaceuticals,EQ,INE685A01028,2074.9,2074.9,2023.5,2030.45,2035.15,2073.85,99313,202818485.75,13948,LEGACY
2023-08-10,WOCKPHARMA,Wockhardt,EQ,INE049B01025,265.55,267.95,255.0,256.55,255.95,264.65,1160063,303013707.8,16679,LEGACY
2023-08-10,ZYDUSLIFE,Zydus Lifesciences,EQ,INE010B01027,661.55,668.75,653.25,657.85,656.8,661.55,1305954,864076165.95,33492,LEGACY
2023-08-11,ABBOTINDIA,Abbott India,EQ,INE358A01014,24248.0,24248.0,23701.0,23732.8,23711.0,23887.75,12075,288830002.95,4177,LEGACY
2023-08-11,AJANTPHARM,Ajanta Pharma,EQ,INE031B01049,1742.05,1757.4,1692.45,1725.95,1729.95,1745.9,71259,123204299.9,12081,LEGACY
2023-08-11,ALKEM,Alkem Laboratories,EQ,INE540L01014,4100.5,4123.0,3800.05,3822.1,3814.0,4141.4,941049,3641049760.85,68636,LEGACY
2023-08-11,APLLTD,Alembic Pharmaceuticals,EQ,INE901L01018,790.05,792.0,778.55,788.9,789.0,786.35,115090,90662195.2,6421,LEGACY
2023-08-11,AUROPHARMA,Aurobindo Pharma,EQ,INE406A01037,881.0,881.65,858.3,863.15,864.25,873.75,1781776,1540435907.0,48228,LEGACY
2023-08-11,BIOCON,Biocon,EQ,INE376G01013,256.95,265.25,249.7,256.2,256.0,261.4,20590950,5295012915.0,168357,LEGACY
2023-08-11,CIPLA,Cipla,EQ,INE059A01026,1258.3,1258.8,1245.0,1250.2,1249.45,1258.95,1286301,1611197464.45,49908,LEGACY
2023-08-11,DIVISLAB,Divi's Laboratories,EQ,INE361B01024,3732.95,3742.8,3671.05,3679.15,3674.0,3745.5,339619,1256319533.5,34390,LEGACY
2023-08-11,DRREDDY,Dr. Reddy's Laboratories,EQ,INE089A01023,5854.0,5885.05,5808.15,5823.0,5826.0,5851.15,451392,2633591957.45,44922,LEGACY
2023-08-11,GLAND,Gland Pharma,EQ,INE068V01023,1665.0,1692.0,1605.0,1648.0,1653.0,1660.7,856415,1401893530.0,55391,LEGACY
2023-08-11,GLAXO,GlaxoSmithKline Pharmaceuticals,EQ,INE159A01016,1431.6,1455.1,1428.85,1441.6,1438.0,1431.6,92402,133735513.3,7127,LEGACY
2023-08-11,GLENMARK,Glenmark Pharmaceuticals,EQ,INE935A01035,814.7,816.0,792.3,801.35,801.5,810.4,541008,434044500.7,21686,LEGACY
2023-08-11,GRANULES,Granules India,EQ,INE101D01020,302.0,303.15,297.0,299.9,298.45,301.9,1712787,512322221.5,23016,LEGACY
2023-08-11,IPCALAB,IPCA Laboratories,EQ,INE571A01038,906.0,918.95,900.1,907.05,905.0,900.85,1458498,1330663408.0,32289,LEGACY
2023-08-11,JBCHEPHARM,JB Chemicals & Pharmaceuticals,EQ,INE572A01028,2740.0,2753.0,2662.1,2679.95,2690.0,2710.9,76653,205652485.35,10743,LEGACY
2023-08-11,LAURUSLABS,Laurus Labs,EQ,INE947Q01028,399.0,403.9,386.55,388.25,388.8,398.6,2756466,1087064660.7,35379,LEGACY
2023-08-11,LUPIN,Lupin,EQ,INE326A01037,1087.95,1091.2,1072.75,1076.9,1076.5,1085.35,975221,1054991024.8,43189,LEGACY
2023-08-11,MANKIND,Mankind Pharma,EQ,INE634S01028,1845.0,1850.0,1816.05,1831.85,1836.0,1841.6,227997,417540979.4,23689,LEGACY
2023-08-11,NATCOPHARM,Natco Pharma,EQ,INE987B01026,882.4,887.45,845.1,848.25,847.95,876.05,834032,717662935.2,34816,LEGACY
2023-08-11,PEL,Piramal Enterprises,EQ,INE140A01024,1042.9,1046.25,1023.0,1024.95,1026.0,1040.1,1764601,1820030188.1,38528,LEGACY
2023-08-11,PFIZER,Pfizer,EQ,INE182A01018,4033.0,4045.0,3949.55,3965.25,3975.0,4039.6,15037,60003311.9,3133,LEGACY
2023-08-11,PPLPHARMA,Piramal Pharma,EQ,INE0DK501011,99.9,100.35,98.0,98.2,98.0,99.55,2141193,212106883.7,11803,LEGACY
2023-08-11,SANOFI,Sanofi India,EQ,INE058A01010,7265.3,7299.9,7025.45,7124.6,7130.3,7322.95,55303,394107153.2,7914,LEGACY
2023-08-11,STAR,Strides Pharma Science,EQ,INE939A01011,440.85,442.95,426.5,430.05,428.0,437.35,253095,110022095.65,8868,LEGACY
2023-08-11,SUNPHARMA,Sun Pharmaceutical Industries,EQ,INE044A01036,1150.05,1151.0,1130.5,1132.35,1133.0,1150.3,1756630,1994115251.1,103680,LEGACY
2023-08-11,TORNTPHARM,Torrent Pharmaceuticals,EQ,INE685A01028,2053.25,2053.25,1990.05,1995.25,1990.3,2030.45,226071,453068005.6,28482,LEGACY
2023-08-11,WOCKPHARMA,Wockhardt,EQ,INE049B01025,257.5,258.2,250.5,253.75,252.5,256.55,684947,174302210.45,11361,LEGACY
2023-08-11,ZYDUSLIFE,Zydus Lifesciences,EQ,INE010B01027,661.8,666.6,644.95,650.95,651.0,657.85,3093437,2025174823.9,86352,LEGACY
2023-08-14,ABBOTINDIA,Abbott India,EQ,INE358A01014,23700.0,23756.5,23168.6,23637.8,23504.85,23732.8,18629,437610554.9,6024,LEGACY
2023-08-14,AJANTPHARM,Ajanta Pharma,EQ,INE031B01049,1716.1,1745.0,1676.4,1738.6,1740.0,1725.95,126369,216774179.35,13785,LEGACY
2023-08-14,ALKEM,Alkem Laboratories,EQ,INE540L01014,3829.9,3845.0,3745.05,3795.45,3802.0,3822.1,128454,486683627.75,15802,LEGACY
2023-08-14,APLLTD,Alembic Pharmaceuticals,EQ,INE901L01018,782.0,798.0,762.7,790.6,790.0,788.9,183541,144297100.2,12218,LEGACY
2023-08-14,AUROPHARMA,Aurobindo Pharma,EQ,INE406A01037,866.55,887.7,850.65,871.65,870.85,863.15,3631606,3165164069.85,89550,LEGACY
2023-08-14,BIOCON,Biocon,EQ,INE376G01013,258.15,263.7,253.3,254.6,254.1,256.2,6885295,1776477455.2,52144,LEGACY
2023-08-14,CIPLA,Cipla,EQ,INE059A01026,1250.2,1252.0,1231.65,1235.6,1233.0,1250.2,830936,1029623880.2,59139,LEGACY
2023-08-14,DIVISLAB,Divi's Laboratories,EQ,INE361B01024,3645.1,3747.45,3601.75,3730.55,3744.8,3679.15,1295993,4752951899.4,94268,LEGACY
2023-08-14,DRREDDY,Dr. Reddy's Laboratories,EQ,INE089A01023,5829.95,5879.0,5800.0,5823.35,5812.05,5823.0,433519,2531027108.55,42394,LEGACY
2023-08-14,GLAND,Gland Pharma,EQ,INE068V01023,1649.0,1649.0,1550.0,1602.8,1598.0,1648.0,410355,655391880.35,36850,LEGACY
2023-08-14,GLAXO,GlaxoSmithKline Pharmaceuticals,EQ,INE159A01016,1436.0,1436.0,1409.1,1415.1,1415.0,1441.6,70554,99908711.0,3073,LEGACY
2023-08-14,GLENMARK,Glenmark Pharmaceuticals,EQ,INE935A01035,815.0,815.0,795.25,797.65,795.65,801.35,921760,740268539.9,24352,LEGACY
2023-08-14,GRANULES,Granules India,EQ,INE101D01020,298.0,298.4,287.7,291.85,291.8,299.9,2167364,630621969.6,31579,LEGACY
2023-08-14,IPCALAB,IPCA Laboratories,EQ,INE571A01038,903.05,912.7,847.3,884.45,887.2,907.05,2052925,1821520496.35,49370,LEGACY
2023-08-14,JBCHEPHARM,JB Chemicals & Pharmaceuticals,EQ,INE572A01028,2632.35,2725.0,2632.0,2675.3,2700.0,2679.95,87281,233727602.6,12544,LEGACY
2023-08-14,LAURUSLABS,Laurus Labs,EQ,INE947Q01028,388.2,388.6,380.2,384.75,385.0,388.25,1483808,570685869.2,22248,LEGACY
2023-08-14,LUPIN,Lupin,EQ,INE326A01037,1080.0,1105.95,1078.0,1082.0,1080.25,1076.9,2339896,2554912767.6,85539,LEGACY
2023-08-14,MANKIND,Mankind Pharma,EQ,INE634S01028,1829.0,1846.9,1806.0,1819.75,1825.0,1831.85,246751,449646794.8,10449,LEGACY
2023-08-14,NATCOPHARM,Natco Pharma,EQ,INE987B01026,845.1,852.25,818.95,825.35,829.9,848.25,669589,558824107.4,30276,LEGACY
2023-08-14,PEL,Piramal Enterprises,EQ,INE140A01024,1030.0,1037.25,1013.2,1025.25,1023.5,1024.95,1694156,1737457400.8,43836,LEGACY
2023-08-14,PFIZER,Pfizer,EQ,INE182A01018,3906.2,3906.3,3811.55,3844.9,3850.0,3965.25,35763,137497176.0,6726,LEGACY
2023-08-14,PPLPHARMA,Piramal Pharma,EQ,INE0DK501011,98.45,98.6,95.05,96.5,96.6,98.2,2824795,271597067.1,16948,LEGACY
2023-08-14,SANOFI,Sanofi India,EQ,INE058A01010,7085.1,7169.0,7001.2,7107.05,7080.05,7124.6,16955,120011800.9,4052,LEGACY
2023-08-14,STAR,Strides Pharma Science,EQ,INE939A01011,431.0,445.0,420.15,443.45,441.8,430.05,406725,177316883.7,14779,LEGACY
2023-08-14,SUNPHARMA,Sun Pharmaceutical Industries,EQ,INE044A01036,1131.0,1142.0,1120.5,1134.25,1131.4,1132.35,1824622,2070923487.1,102829,LEGACY
2023-08-14,TORNTPHARM,Torrent Pharmaceuticals,EQ,INE685A01028,1986.95,1990.0,1960.45,1971.9,1967.3,1995.25,431664,852894814.3,21269,LEGACY
2023-08-14,WOCKPHARMA,Wockhardt,EQ,INE049B01025,253.4,253.4,240.8,243.0,244.0,253.75,1868649,460741072.95,30004,LEGACY
2023-08-14,ZYDUSLIFE,Zydus Lifesciences,EQ,INE010B01027,656.9,657.1,636.6,641.65,640.3,650.95,1309342,842805595.2,27308,LEGACY
2023-08-16,ABBOTINDIA,Abbott India,EQ,INE358A01014,23650.05,23980.2,23400.0,23904.2,23894.95,23637.8,7441,176416368.4,3271,LEGACY
2023-08-16,AJANTPHARM,Ajanta Pharma,EQ,INE031B01049,1745.0,1805.0,1736.25,1772.65,1768.85,1738.6,255250,452543001.95,28151,LEGACY
2023-08-16,ALKEM,Alkem Laboratories,EQ,INE540L01014,3785.0,3819.95,3746.2,3794.7,3799.0,3795.45,73525,278554767.05,10719,LEGACY
2023-08-16,APLLTD,Alembic Pharmaceuticals,EQ,INE901L01018,795.0,795.85,770.55,781.45,773.0,790.6,244006,191051244.3,9814,LEGACY
2023-08-16,AUROPHARMA,Aurobindo Pharma,EQ,INE406A01037,872.0,884.35,855.05,873.75,874.85,871.65,2868829,2502774252.5,55532,LEGACY
2023-08-16,BIOCON,Biocon,EQ,INE376G01013,254.0,258.0,251.65,257.15,256.3,254.6,3619987,924722873.35,42505,LEGACY
2023-08-16,CIPLA,Cipla,EQ,INE059A01026,1231.55,1246.0,1226.05,1243.55,1240.3,1235.6,1665083,2062946874.3,55081,LEGACY
2023-08-16,DIVISLAB,Divi's Laboratories,EQ,INE361B01024,3731.0,3740.0,3653.0,3712.1,3710.0,3730.55,632601,2339281177.5,42405,LEGACY
2023-08-16,DRREDDY,Dr. Reddy's Laboratories,EQ,INE089A01023,5830.0,5889.5,5775.0,5857.85,5882.25,5823.35,861653,5027584089.3,63631,LEGACY
2023-08-16,GLAND,Gland Pharma,EQ,INE068V01023,1564.95,1594.95,1535.1,1546.25,1540.2,1602.8,210746,329652496.9,19476,LEGACY
2023-08-16,GLAXO,GlaxoSmithKline Pharmaceuticals,EQ,INE159A01016,1419.8,1421.7,1408.0,1416.35,1414.0,1415.1,21967,31120813.0,3665,LEGACY
2023-08-16,GLENMARK,Glenmark Pharmaceuticals,EQ,INE935A01035,791.8,800.0,776.4,797.45,797.55,797.65,1111577,875844453.6,25066,LEGACY
2023-08-16,GRANULES,Granules India,EQ,INE101D01020,291.0,296.0,288.0,294.1,294.0,291.85,1010235,295951062.2,13672,LEGACY
2023-08-16,IPCALAB,IPCA Laboratories,EQ,INE571A01038,888.0,894.45,873.6,889.65,889.0,884.45,391865,347514702.15,14580,LEGACY
2023-08-16,JBCHEPHARM,JB Chemicals & Pharmaceuticals,EQ,INE572A01028,2689.5,2713.15,2600.0,2626.35,2619.7,2675.3,56573,150909265.7,11096,LEGACY
2023-08-16,LAURUSLABS,Laurus Labs,EQ,INE947Q01028,384.55,393.4,379.1,390.25,390.95,384.75,2562359,993169815.25,34955,LEGACY
2023-08-16,LUPIN,Lupin,EQ,INE326A01037,1087.9,1116.0,1078.35,1112.85,1113.5,1082.0,1494771,1645037654.25,58051,LEGACY
2023-08-16,MANKIND,Mankind Pharma,EQ,INE634S01028,1814.9,1828.45,1803.95,1819.65,1825.0,1819.75,173663,315151593.65,19782,LEGACY
2023-08-16,NATCOPHARM,Natco Pharma,EQ,INE987B01026,820.4,841.95,812.0,831.5,830.0,825.35,841353,699866551.8,24270,LEGACY
2023-08-16,PEL,Piramal Enterprises,EQ,INE140A01024,1023.8,1068.8,1017.1,1064.65,1063.1,1025.25,3381758,3559573238.95,78321,LEGACY
2023-08-16,PFIZER,Pfizer,EQ,INE182A01018,3844.9,3905.7,3827.8,3863.75,3864.0,3844.9,10205,39454929.35,2907,LEGACY
2023-08-16,PPLPHARMA,Piramal Pharma,EQ,INE0DK501011,96.45,101.5,95.2,101.1,100.8,96.5,7155133,710261286.1,33219,LEGACY
2023-08-16,SANOFI,Sanofi India,EQ,INE058A01010,7035.0,7096.75,7000.0,7010.05,7003.0,7107.05,9252,65038003.25,2756,LEGACY
2023-08-16,STAR,Strides Pharma Science,EQ,INE939A01011,441.5,442.25,423.4,426.2,426.1,443.45,362920,156976081.5,10372,LEGACY
2023-08-16,SUNPHARMA,Sun Pharmaceutical Industries,EQ,INE044A01036,1134.95,1145.5,1121.85,1143.65,1145.0,1134.25,1224080,1392819724.55,76366,LEGACY
2023-08-16,TORNTPHARM,Torrent Pharmaceuticals,EQ,INE685A01028,1960.0,1994.95,1958.3,1986.3,1988.0,1971.9,206300,409025425.5,24391,LEGACY
2023-08-16,WOCKPHARMA,Wockhardt,EQ,INE049B01025,241.0,244.45,239.2,242.9,242.0,243.0,680747,164928981.0,12240,LEGACY
2023-08-16,ZYDUSLIFE,Zydus Lifesciences,EQ,INE010B01027,640.0,659.8,637.6,657.4,656.6,641.65,1810847,1180763519.6,56861,LEGACY
2023-08-17,ABBOTINDIA,Abbott India,EQ,INE358A01014,23893.95,23893.95,23630.0,23658.75,23650.0,23904.2,5845,138497238.75,2258,LEGACY
2023-08-17,AJANTPHARM,Ajanta Pharma,EQ,INE031B01049,1772.0,1805.0,1763.55,1781.55,1788.0,1772.65,95717,170563563.05,14761,LEGACY
2023-08-17,ALKEM,Alkem Laboratories,EQ,INE540L01014,3794.0,3815.9,3768.35,3789.65,3789.85,3794.7,29622,112269377.95,5617,LEGACY
2023-08-17,APLLTD,Alembic Pharmaceuticals,EQ,INE901L01018,776.0,785.0,734.65,746.8,741.95,781.45,345959,264798777.95,19837,LEGACY
2023-08-17,AUROPHARMA,Aurobindo Pharma,EQ,INE406A01037,881.0,882.85,864.1,866.5,866.95,873.75,1392089,1214077399.6,67317,LEGACY
2023-08-17,BIOCON,Biocon,EQ,INE376G01013,257.15,258.0,255.1,255.85,256.55,257.15,1982358,507608220.15,25206,LEGACY
2023-08-17,CIPLA,Cipla,EQ,INE059A01026,1235.0,1245.85,1226.05,1241.0,1245.0,1243.55,1855386,2289685030.45,90953,LEGACY
2023-08-17,DIVISLAB,Divi's Laboratories,EQ,INE361B01024,3700.0,3714.1,3636.1,3654.75,3661.8,3712.1,453444,1661329571.55,49733,LEGACY
2023-08-17,DRREDDY,Dr. Reddy's Laboratories,EQ,INE089A01023,5871.35,5907.05,5855.9,5880.65,5890.35,5857.85,427614,2513595509.85,38073,LEGACY
2023-08-17,GLAND,Gland Pharma,EQ,INE068V01023,1535.0,1664.65,1526.65,1617.55,1615.0,1546.25,554036,901717242.9,40763,LEGACY
2023-08-17,GLAXO,GlaxoSmithKline Pharmaceuticals,EQ,INE159A01016,1414.9,1422.25,1405.0,1408.85,1407.0,1416.35,17477,24658775.2,2485,LEGACY
2023-08-17,GLENMARK,Glenmark Pharmaceuticals,EQ,INE935A01035,804.4,804.4,776.2,779.3,778.0,797.45,726647,569900429.05,29318,LEGACY
2023-08-17,GRANULES,Granules India,EQ,INE101D01020,293.8,296.4,291.2,294.05,292.95,294.1,800663,234968991.35,10702,LEGACY
2023-08-17,IPCALAB,IPCA Laboratories,EQ,INE571A01038,889.0,900.95,886.3,888.5,889.7,889.65,197980,176705089.3,7973,LEGACY
2023-08-17,JBCHEPHARM,JB Chemicals & Pharmaceuticals,EQ,INE572A01028,2626.35,2626.35,2582.1,2594.8,2596.95,2626.35,31963,83019236.0,5769,LEGACY
2023-08-17,LAURUSLABS,Laurus Labs,EQ,INE947Q01028,392.25,395.25,386.0,386.85,388.0,390.25,1379332,537680039.35,18524,LEGACY
2023-08-17,LUPIN,Lupin,EQ,INE326A01037,1125.0,1143.95,1087.35,1092.1,1090.0,1112.85,3221359,3577254234.2,101827,LEGACY
2023-08-17,MANKIND,Mankind Pharma,EQ,INE634S01028,1822.9,1839.05,1820.85,1831.0,1828.6,1819.65,206081,377089240.0,9141,LEGACY
2023-08-17,NATCOPHARM,Natco Pharma,EQ,INE987B01026,834.55,860.0,834.05,856.15,859.95,831.5,1026231,871408565.5,43136,LEGACY
2023-08-17,PEL,Piramal Enterprises,EQ,INE140A01024,1068.95,1077.0,1055.0,1061.2,1061.05,1064.65,2008514,2136473115.25,53023,LEGACY
2023-08-17,PFIZER,Pfizer,EQ,INE182A01018,3898.9,3912.9,3840.0,3846.95,3847.0,3863.75,15978,61815361.45,2711,LEGACY
2023-08-17,PPLPHARMA,Piramal Pharma,EQ,INE0DK501011,101.7,102.3,98.65,99.55,99.3,101.1,3069616,307025227.55,19763,LEGACY
2023-08-17,SANOFI,Sanofi India,EQ,INE058A01010,7014.9,7170.0,7011.55,7156.15,7150.0,7010.05,21920,155609837.3,4548,LEGACY
2023-08-17,STAR,Strides Pharma Science,EQ,INE939A01011,429.0,433.15,421.3,423.0,423.9,426.2,213155,90746065.7,8759,LEGACY
2023-08-17,SUNPHARMA,Sun Pharmaceutical Industries,EQ,INE044A01036,1143.65,1148.95,1137.5,1144.8,1142.45,1143.65,1964341,2246722817.25,96466,LEGACY
2023-08-17,TORNTPHARM,Torrent Pharmaceuticals,EQ,INE685A01028,1988.0,1989.55,1961.5,1983.25,1984.3,1986.3,246659,488441342.15,23057,LEGACY
2023-08-17,WOCKPHARMA,Wockhardt,EQ,INE049B01025,242.9,245.95,239.25,240.8,239.7,242.9,390147,94604213.95,7239,LEGACY
2023-08-17,ZYDUSLIFE,Zydus Lifesciences,EQ,INE010B01027,658.0,659.65,643.0,644.85,646.0,657.4,816030,528717976.2,37947,LEGACY
2023-08-18,ABBOTINDIA,Abbott India,EQ,INE358A01014,23670.0,23726.15,23352.1,23399.6,23425.0,23658.75,4753,111760090.35,2297,LEGACY
2023-08-18,AJANTPHARM,Ajanta Pharma,EQ,INE031B01049,1790.0,1790.5,1737.75,1769.9,1772.0,1781.55,111929,197674391.9,12995,LEGACY
2023-08-18,ALKEM,Alkem Laboratories,EQ,INE540L01014,3790.0,3808.95,3694.05,3801.3,3797.0,3789.65,186925,702241743.5,18094,LEGACY
2023-08-18,APLLTD,Alembic Pharmaceuticals,EQ,INE901L01018,744.75,786.45,743.0,780.7,783.0,746.8,705347,549536254.25,30542,LEGACY
2023-08-18,AUROPHARMA,Aurobindo Pharma,EQ,INE406A01037,866.0,878.0,851.3,857.8,856.95,866.5,1630059,1407624442.25,46815,LEGACY
2023-08-18,BIOCON,Biocon,EQ,INE376G01013,255.25,260.9,255.25,258.2,258.15,255.85,4142938,1070997898.25,56089,LEGACY
2023-08-18,CIPLA,Cipla,EQ,INE059A01026,1239.0,1257.0,1231.0,1236.4,1231.0,1241.0,1292509,1607516076.25,68975,LEGACY
2023-08-18,DIVISLAB,Divi's Laboratories,EQ,INE361B01024,3661.75,3682.15,3621.0,3654.9,3650.05,3654.75,436067,1589726040.95,48857,LEGACY
2023-08-18,DRREDDY,Dr. Reddy's Laboratories,EQ,INE089A01023,5899.5,5980.0,5840.6,5874.45,5842.95,5880.65,856329,5065922042.9,74972,LEGACY
2023-08-18,GLAND,Gland Pharma,EQ,INE068V01023,1617.25,1631.25,1521.65,1568.7,1575.0,1617.55,378777,598466900.4,28127,LEGACY
2023-08-18,GLAXO,GlaxoSmithKline Pharmaceuticals,EQ,INE159A01016,1406.1,1418.05,1396.2,1410.2,1408.0,1408.85,47620,66898562.6,4506,LEGACY
2023-08-18,GLENMARK,Glenmark Pharmaceuticals,EQ,INE935A01035,779.0,783.85,763.15,766.2,763.5,779.3,702335,541697418.2,21122,LEGACY
2023-08-18,GRANULES,Granules India,EQ,INE101D01020,293.5,297.5,288.1,290.35,290.0,294.05,1290513,376563308.25,14026,LEGACY
2023-08-18,IPCALAB,IPCA Laboratories,EQ,INE571A01038,892.05,893.45,875.0,877.75,879.0,888.5,232148,204709812.2,10151,LEGACY
2023-08-18,JBCHEPHARM,JB Chemicals & Pharmaceuticals,EQ,INE572A01028,2608.0,2688.0,2555.0,2668.15,2674.0,2594.8,83391,219584087.25,16117,LEGACY
2023-08-18,LAURUSLABS,Laurus Labs,EQ,INE947Q01028,388.0,390.2,380.15,381.35,381.75,386.85,1033595,397163506.7,15167,LEGACY
2023-08-18,LUPIN,Lupin,EQ,INE326A01037,1096.9,1096.9,1064.1,1067.6,1065.95,1092.1,1346398,1449128908.95,46934,LEGACY
2023-08-18,MANKIND,Mankind Pharma,EQ,INE634S01028,1821.1,1894.0,1821.1,1848.1,1853.0,1831.0,590476,1093081645.5,25731,LEGACY
2023-08-18,NATCOPHARM,Natco Pharma,EQ,INE987B01026,860.3,872.9,853.05,864.95,865.0,856.15,1010173,873438153.3,29745,LEGACY
2023-08-18,PEL,Piramal Enterprises,EQ,INE140A01024,1059.7,1072.0,1055.2,1063.0,1061.0,1061.2,1388591,1476949925.1,37930,LEGACY
2023-08-18,PFIZER,Pfizer,EQ,INE182A01018,3878.0,3959.95,3842.0,3912.85,3915.0,3846.95,26376,103010217.7,6348,LEGACY
2023-08-18,PPLPHARMA,Piramal Pharma,EQ,INE0DK501011,99.3,100.9,98.05,98.8,98.9,99.55,2497865,248086038.15,13624,LEGACY
2023-08-18,SANOFI,Sanofi India,EQ,INE058A01010,7140.0,7225.0,7119.4,7145.3,7175.0,7156.15,26253,188634936.2,4229,LEGACY
2023-08-18,STAR,Strides Pharma Science,EQ,INE939A01011,425.0,426.4,412.1,414.2,414.0,423.0,234484,98156829.35,10013,LEGACY
2023-08-18,SUNPHARMA,Sun Pharmaceutical Industries,EQ,INE044A01036,1141.0,1149.3,1129.0,1134.9,1129.05,1144.8,1473774,1676298792.65,87710,LEGACY
2023-08-18,TORNTPHARM,Torrent Pharmaceuticals,EQ,INE685A01028,1982.45,1991.05,1953.2,1980.6,1981.0,1983.25,260080,514123478.5,15793,LEGACY
2023-08-18,WOCKPHARMA,Wockhardt,EQ,INE049B01025,241.05,242.9,225.65,227.6,227.55,240.8,1200452,278207267.6,22808,LEGACY
2023-08-18,ZYDUSLIFE,Zydus Lifesciences,EQ,INE010B01027,650.9,659.0,643.85,647.85,649.0,644.85,2031459,1320850458.05,45498,LEGACY
2023-08-21,ABBOTINDIA,Abbott India,EQ,INE358A01014,23481.9,23585.0,23310.0,23436.05,23458.35,23399.6,5014,117630236.7,2721,LEGACY
2023-08-21,AJANTPHARM,Ajanta Pharma,EQ,INE031B01049,1769.9,1795.15,1740.85,1789.35,1781.15,1769.9,126877,224380345.4,18316,LEGACY
2023-08-21,ALKEM,Alkem Laboratories,EQ,INE540L01014,3801.3,3864.0,3784.5,3823.1,3830.0,3801.3,92641,355039484.3,13045,LEGACY
2023-08-21,APLLTD,Alembic Pharmaceuticals,EQ,INE901L01018,778.95,785.35,770.0,775.25,775.0,780.7,72487,56230788.4,5746,LEGACY
2023-08-21,AUROPHARMA,Aurobindo Pharma,EQ,INE406A01037,858.0,866.85,848.6,853.4,854.1,857.8,1494034,1282498244.25,57659,LEGACY
2023-08-21,BIOCON,Biocon,EQ,INE376G01013,257.95,260.0,257.25,259.45,259.5,258.2,1392931,361288241.1,18479,LEGACY
2023-08-21,CIPLA,Cipla,EQ,INE059A01026,1237.45,1245.3,1230.3,1233.8,1233.5,1236.4,1101408,1361868648.3,41901,LEGACY
2023-08-21,DIVISLAB,Divi's Laboratories,EQ,INE361B01024,3650.05,3683.5,3646.25,3665.25,3666.0,3654.9,242728,889382168.15,25442,LEGACY
2023-08-21,DRREDDY,Dr. Reddy's Laboratories,EQ,INE089A01023,5870.25,5925.0,5853.95,5910.85,5921.0,5874.45,266928,1573255955.2,38322,LEGACY
2023-08-21,GLAND,Gland Pharma,EQ,INE068V01023,1570.0,1599.0,1545.0,1589.85,1593.0,1568.7,210564,331483431.0,21028,LEGACY
2023-08-21,GLAXO,GlaxoSmithKline Pharmaceuticals,EQ,INE159A01016,1417.6,1417.6,1397.0,1404.6,1405.0,1410.2,39644,55695868.55,5571,LEGACY
2023-08-21,GLENMARK,Glenmark Pharmaceuticals,EQ,INE935A01035,765.0,777.95,761.1,775.05,775.85,766.2,691810,534457034.55,25789,LEGACY
2023-08-21,GRANULES,Granules India,EQ,INE101D01020,293.0,299.85,290.35,298.3,298.3,290.35,1166153,344833295.25,14137,LEGACY
2023-08-21,IPCALAB,IPCA Laboratories,EQ,INE571A01038,882.4,894.7,877.0,887.0,885.1,877.75,463250,410420588.8,16869,LEGACY
2023-08-21,JBCHEPHARM,JB Chemicals & Pharmaceuticals,EQ,INE572A01028,2669.95,2688.0,2630.0,2665.65,2645.0,2668.15,29100,77638375.65,5004,LEGACY
2023-08-21,LAURUSLABS,Laurus Labs,EQ,INE947Q01028,383.5,390.5,381.75,388.75,388.8,381.35,1399713,541267369.65,21400,LEGACY
2023-08-21,LUPIN,Lupin,EQ,INE326A01037,1066.0,1090.0,1064.25,1086.35,1089.0,1067.6,1497826,1617990588.85,65180,LEGACY
2023-08-21,MANKIND,Mankind Pharma,EQ,INE634S01028,1863.1,1863.1,1834.8,1837.45,1840.0,1848.1,261866,483550897.9,7926,LEGACY
2023-08-21,NATCOPHARM,Natco Pharma,EQ,INE987B01026,869.0,876.0,860.0,861.5,861.0,864.95,566804,491393533.2,20201,LEGACY
2023-08-21,PEL,Piramal Enterprises,EQ,INE140A01024,1065.95,1080.4,1061.7,1067.05,1066.5,1063.0,1709595,1830301914.25,46565,LEGACY
2023-08-21,PFIZER,Pfizer,EQ,INE182A01018,3914.45,3938.0,3871.05,3890.75,3900.35,3912.85,14688,57253000.25,3155,LEGACY
2023-08-21,PPLPHARMA,Piramal Pharma,EQ,INE0DK501011,99.15,100.5,98.9,99.9,99.9,98.8,2051546,204564117.05,10871,LEGACY
2023-08-21,SANOFI,Sanofi India,EQ,INE058A01010,7140.0,7228.0,7095.0,7200.9,7171.5,7145.3,10092,72351311.1,3227,LEGACY
2023-08-21,STAR,Strides Pharma Science,EQ,INE939A01011,415.0,423.85,415.0,418.35,418.7,414.2,220654,92501339.0,9038,LEGACY
2023-08-21,SUNPHARMA,Sun Pharmaceutical Industries,EQ,INE044A01036,1129.95,1143.9,1127.15,1137.4,1136.1,1134.9,941384,1070804960.45,58103,LEGACY
2023-08-21,TORNTPHARM,Torrent Pharmaceuticals,EQ,INE685A01028,1980.6,1992.55,1962.65,1975.75,1974.95,1980.6,312698,618687372.55,18105,LEGACY
2023-08-21,WOCKPHARMA,Wockhardt,EQ,INE049B01025,227.55,233.7,226.2,231.1,231.0,227.6,689810,158596294.8,13967,LEGACY
2023-08-21,ZYDUSLIFE,Zydus Lifesciences,EQ,INE010B01027,649.95,656.7,645.1,653.1,653.0,647.85,1328521,866151238.05,34089,LEGACY
2023-08-22,ABBOTINDIA,Abbott India,EQ,INE358A01014,23436.05,23583.85,23328.7,23478.35,23401.5,23436.05,6529,153336950.95,2848,LEGACY
2023-08-22,AJANTPHARM,Ajanta Pharma,EQ,INE031B01049,1790.95,1790.95,1753.2,1772.15,1770.0,1789.35,129798,230030243.2,16452,LEGACY
2023-08-22,ALKEM,Alkem Laboratories,EQ,INE540L01014,3833.95,3844.65,3763.8,3767.75,3773.0,3823.1,81156,307240336.55,12026,LEGACY
2023-08-22,APLLTD,Alembic Pharmaceuticals,EQ,INE901L01018,770.0,777.7,760.0,765.4,766.5,775.25,88882,68074840.5,9140,LEGACY
2023-08-22,AUROPHARMA,Aurobindo Pharma,EQ,INE406A01037,843.1,848.0,828.8,842.65,841.05,853.4,2898526,2429654203.85,86855,LEGACY
2023-08-22,BIOCON,Biocon,EQ,INE376G01013,259.7,262.2,258.75,260.0,260.0,259.45,1855647,482733146.05,21256,LEGACY
2023-08-22,CIPLA,Cipla,EQ,INE059A01026,1233.8,1240.25,1218.05,1221.0,1221.0,1233.8,1379445,1687016099.15,49759,LEGACY
2023-08-22,DIVISLAB,Divi's Laboratories,EQ,INE361B01024,3665.25,3681.45,3638.8,3653.25,3655.2,3665.25,244583,893739358.7,21531,LEGACY
2023-08-22,DRREDDY,Dr. Reddy's Laboratories,EQ,INE089A01023,5919.0,5945.0,5872.8,5925.55,5920.0,5910.85,337645,2001555721.0,41292,LEGACY
2023-08-22,GLAND,Gland Pharma,EQ,INE068V01023,1597.0,1625.0,1596.95,1606.1,1602.3,1589.85,228887,367367949.6,21659,LEGACY
2023-08-22,GLAXO,GlaxoSmithKline Pharmaceuticals,EQ,INE159A01016,1410.0,1410.0,1397.75,1401.65,1401.0,1404.6,13996,19629902.95,3761,LEGACY
2023-08-22,GLENMARK,Glenmark Pharmaceuticals,EQ,INE935A01035,778.05,782.25,755.1,759.0,759.65,775.05,1228002,940273043.0,32555,LEGACY
2023-08-22,GRANULES,Granules India,EQ,INE101D01020,298.5,299.15,294.55,295.55,294.95,298.3,1153324,341216069.35,15363,LEGACY
2023-08-22,IPCALAB,IPCA Laboratories,EQ,INE571A01038,891.7,896.75,883.35,884.95,884.9,887.0,263267,233586000.45,11583,LEGACY
2023-08-22,JBCHEPHARM,JB Chemicals & Pharmaceuticals,EQ,INE572A01028,2676.65,2676.65,2638.3,2650.25,2654.45,2665.65,214355,568196929.5,6098,LEGACY
2023-08-22,LAURUSLABS,Laurus Labs,EQ,INE947Q01028,389.0,392.6,386.7,391.25,390.85,388.75,1358589,529885534.25,17371,LEGACY
2023-08-22,LUPIN,Lupin,EQ,INE326A01037,1091.35,1094.0,1085.95,1091.1,1092.2,1086.35,886779,966369610.7,49183,LEGACY
2023-08-22,MANKIND,Mankind Pharma,EQ,INE634S01028,1850.0,1876.4,1825.0,1850.15,1850.0,1837.45,227294,420590380.4,25619,LEGACY
2023-08-22,NATCOPHARM,Natco Pharma,EQ,INE987B01026,857.0,892.6,856.95,876.85,877.0,861.5,955158,836416970.9,34905,LEGACY
2023-08-22,PEL,Piramal Enterprises,EQ,INE140A01024,1072.0,1075.7,1052.5,1059.3,1057.65,1067.05,2013454,2136699549.95,43038,LEGACY
2023-08-22,PFIZER,Pfizer,EQ,INE182A01018,3905.0,3925.0,3880.25,3904.45,3902.9,3890.75,10464,40829102.9,2103,LEGACY
2023-08-22,PPLPHARMA,Piramal Pharma,EQ,INE0DK501011,99.3,100.9,99.1,99.7,99.5,99.9,3409258,340805710.35,16593,LEGACY
2023-08-22,SANOFI,Sanofi India,EQ,INE058A01010,7235.0,7235.0,7141.8,7204.2,7195.2,7200.9,8620,62001322.9,3864,LEGACY
2023-08-22,STAR,Strides Pharma Science,EQ,INE939A01011,419.2,421.8,415.0,417.05,418.45,418.35,139935,58443787.35,7044,LEGACY
2023-08-22,SUNPHARMA,Sun Pharmaceutical Industries,EQ,INE044A01036,1135.0,1147.0,1130.0,1137.55,1135.8,1137.4,1438879,1636250647.95,57339,LEGACY
2023-08-22,TORNTPHARM,Torrent Pharmaceuticals,EQ,INE685A01028,1986.1,1986.1,1963.05,1976.6,1981.0,1975.75,294912,581444759.35,10859,LEGACY
2023-08-22,WOCKPHARMA,Wockhardt,EQ,INE049B01025,231.9,236.55,231.6,233.5,233.1,231.1,464660,108811285.2,10746,LEGACY
2023-08-22,ZYDUSLIFE,Zydus Lifesciences,EQ,INE010B01027,653.45,660.85,647.8,650.9,650.05,653.1,899216,586960355.35,22523,LEGACY
2023-08-23,ABBOTINDIA,Abbott India,EQ,INE358A01014,23600.0,23600.0,23071.9,23231.1,23239.95,23478.35,7668,179075026.65,2944,LEGACY
2023-08-23,AJANTPHARM,Ajanta Pharma,EQ,INE031B01049,1781.05,1783.25,1745.0,1766.75,1749.95,1772.15,81760,144565887.3,8016,LEGACY
2023-08-23,ALKEM,Alkem Laboratories,EQ,INE540L01014,3779.9,3780.9,3749.15,3760.2,3768.5,3767.75,38486,144991109.4,5374,LEGACY
2023-08-23,APLLTD,Alembic Pharmaceuticals,EQ,INE901L01018,769.25,778.95,758.4,767.7,766.7,765.4,112310,86221641.4,7005,LEGACY
2023-08-23,AUROPHARMA,Aurobindo Pharma,EQ,INE406A01037,843.45,852.55,836.1,838.85,836.1,842.65,1314776,1108697497.15,30274,LEGACY
2023-08-23,BIOCON,Biocon,EQ,INE376G01013,260.05,261.95,259.8,260.35,260.25,260.0,1152160,300490212.75,18693,LEGACY
2023-08-23,CIPLA,Cipla,EQ,INE059A01026,1252.05,1259.9,1225.05,1230.65,1233.6,1221.0,2562635,3166162945.95,111471,LEGACY
2023-08-23,DIVISLAB,Divi's Laboratories,EQ,INE361B01024,3671.0,3728.8,3660.05,3704.15,3710.0,3653.25,472425,1749997145.2,45545,LEGACY
2023-08-23,DRREDDY,Dr. Reddy's Laboratories,EQ,INE089A01023,5920.0,5974.95,5912.0,5953.35,5955.8,5925.55,628526,3742715164.55,48143,LEGACY
2023-08-23,GLAND,Gland Pharma,EQ,INE068V01023,1613.0,1613.0,1572.05,1581.2,1587.0,1606.1,172375,273555838.15,14650,LEGACY
2023-08-23,GLAXO,GlaxoSmithKline Pharmaceuticals,EQ,INE159A01016,1401.65,1426.65,1387.8,1421.55,1422.95,1401.65,162685,229563390.5,5645,LEGACY
2023-08-23,GLENMARK,Glenmark Pharmaceuticals,EQ,INE935A01035,763.0,768.0,753.5,758.35,760.0,759.0,856915,650921142.8,21724,LEGACY
2023-08-23,GRANULES,Granules India,EQ,INE101D01020,295.95,297.25,294.3,294.65,295.0,295.55,486835,143737431.1,8313,LEGACY
2023-08-23,IPCALAB,IPCA Laboratories,EQ,INE571A01038,884.3,891.5,875.05,877.05,876.2,884.95,167935,148262180.7,6274,LEGACY
2023-08-23,JBCHEPHARM,JB Chemicals & Pharmaceuticals,EQ,INE572A01028,2664.2,2875.0,2664.2,2814.0,2775.0,2650.25,391247,1084537882.05,41321,LEGACY
2023-08-23,LAURUSLABS,Laurus Labs,EQ,INE947Q01028,393.0,397.75,391.25,395.2,395.3,391.25,1251767,494632216.35,19016,LEGACY
2023-08-23,LUPIN,Lupin,EQ,INE326A01037,1092.0,1104.7,1086.4,1094.1,1092.4,1091.1,778892,853518947.9,29682,LEGACY
2023-08-23,MANKIND,Mankind Pharma,EQ,INE634S01028,1859.65,1859.65,1830.1,1833.45,1832.4,1850.15,219250,402711697.4,11622,LEGACY
2023-08-23,NATCOPHARM,Natco Pharma,EQ,INE987B01026,881.3,895.0,878.1,889.85,889.55,876.85,865444,770136730.6,24027,LEGACY
2023-08-23,PEL,Piramal Enterprises,EQ,INE140A01024,1060.05,1079.9,1060.05,1075.65,1076.15,1059.3,2169759,2326038557.2,54685,LEGACY
2023-08-23,PFIZER,Pfizer,EQ,INE182A01018,3916.1,3918.15,3872.25,3897.5,3872.5,3904.45,17328,67517636.15,2327,LEGACY
2023-08-23,PPLPHARMA,Piramal Pharma,EQ,INE0DK501011,99.5,102.1,99.0,101.05,101.0,99.7,4631995,465776472.9,19502,LEGACY
2023-08-23,SANOFI,Sanofi India,EQ,INE058A01010,7194.95,7215.2,7146.05,7159.4,7160.0,7204.2,6675,47823696.35,1854,LEGACY
2023-08-23,STAR,Strides Pharma Science,EQ,INE939A01011,419.0,430.65,416.95,428.3,428.1,417.05,355623,151627513.2,11348,LEGACY
2023-08-23,SUNPHARMA,Sun Pharmaceutical Industries,EQ,INE044A01036,1128.0,1130.45,1110.6,1123.7,1121.95,1137.55,3050418,3424499322.1,102087,LEGACY
2023-08-23,TORNTPHARM,Torrent Pharmaceuticals,EQ,INE685A01028,1999.15,2009.1,1928.0,1938.5,1937.0,1976.6,400707,781776884.0,24697,LEGACY
2023-08-23,WOCKPHARMA,Wockhardt,EQ,INE049B01025,233.95,236.55,231.05,231.85,231.75,233.5,434431,101188718.55,8357,LEGACY
2023-08-23,ZYDUSLIFE,Zydus Lifesciences,EQ,INE010B01027,652.9,656.45,641.85,645.35,646.05,650.9,730040,473338341.95,17761,LEGACY
2023-08-24,ABBOTINDIA,Abbott India,EQ,INE358A01014,23239.95,23444.0,23150.0,23164.65,23199.0,23231.1,8568,199740287.9,3592,LEGACY
2023-08-24,AJANTPHARM,Ajanta Pharma,EQ,INE031B01049,1766.0,1772.55,1706.05,1717.75,1720.0,1766.75,116071,201342923.15,19315,LEGACY
2023-08-24,ALKEM,Alkem Laboratories,EQ,INE540L01014,3760.2,3791.95,3700.0,3715.05,3715.0,3760.2,76264,285030197.9,11429,LEGACY
2023-08-24,APLLTD,Alembic Pharmaceuticals,EQ,INE901L01018,769.8,771.0,736.6,747.25,747.0,767.7,181667,136681803.1,11194,LEGACY
2023-08-24,AUROPHARMA,Aurobindo Pharma,EQ,INE406A01037,840.2,846.85,831.5,833.65,833.8,838.85,895317,751543520.0,33317,LEGACY
2023-08-24,BIOCON,Biocon,EQ,INE376G01013,260.4,264.0,259.9,260.5,260.3,260.35,2373743,622510128.25,28391,LEGACY
2023-08-24,CIPLA,Cipla,EQ,INE059A01026,1235.2,1239.65,1217.0,1220.5,1220.0,1230.65,848018,1040499974.95,44805,LEGACY
2023-08-24,DIVISLAB,Divi's Laboratories,EQ,INE361B01024,3710.0,3739.75,3644.0,3664.25,3648.0,3704.15,414907,1523967023.75,28573,LEGACY
2023-08-24,DRREDDY,Dr. Reddy's Laboratories,EQ,INE089A01023,5980.0,5989.7,5891.2,5907.15,5921.9,5953.35,824946,4902461887.45,57085,LEGACY
2023-08-24,GLAND,Gland Pharma,EQ,INE068V01023,1594.4,1627.8,1564.1,1572.0,1573.0,1581.2,335450,535963099.9,29229,LEGACY
2023-08-24,GLAXO,GlaxoSmithKline Pharmaceuticals,EQ,INE159A01016,1422.95,1424.0,1407.0,1411.45,1412.6,1421.55,59709,84746788.25,4185,LEGACY
2023-08-24,GLENMARK,Glenmark Pharmaceuticals,EQ,INE935A01035,761.0,762.9,746.35,749.15,749.0,758.35,595869,450426944.45,18614,LEGACY
2023-08-24,GRANULES,Granules India,EQ,INE101D01020,295.9,299.35,293.8,294.8,295.0,294.65,1075290,319373538.1,14619,LEGACY
2023-08-24,IPCALAB,IPCA Laboratories,EQ,INE571A01038,889.0,918.75,878.0,883.45,887.0,877.05,1350171,1214004502.5,42622,LEGACY
2023-08-24,JBCHEPHARM,JB Chemicals & Pharmaceuticals,EQ,INE572A01028,2798.05,2798.05,2751.6,2764.45,2772.5,2814.0,65458,181128792.1,11066,LEGACY
2023-08-24,LAURUSLABS,Laurus Labs,EQ,INE947Q01028,397.0,398.0,388.55,390.05,391.0,395.2,1122569,440051052.3,14631,LEGACY
2023-08-24,LUPIN,Lupin,EQ,INE326A01037,1094.45,1100.0,1085.0,1089.5,1088.0,1094.1,437569,478998181.25,21591,LEGACY
2023-08-24,MANKIND,Mankind Pharma,EQ,INE634S01028,1846.7,1846.7,1825.0,1827.85,1825.6,1833.45,191685,351788347.1,10480,LEGACY
2023-08-24,NATCOPHARM,Natco Pharma,EQ,INE987B01026,896.1,904.0,890.0,891.7,892.0,889.85,590842,530311587.0,22034,LEGACY
2023-08-24,PEL,Piramal Enterprises,EQ,INE140A01024,1080.6,1087.7,1052.9,1055.35,1054.9,1075.65,2869614,3065364400.8,58434,LEGACY
2023-08-24,PFIZER,Pfizer,EQ,INE182A01018,3882.0,3900.5,3848.0,3854.9,3850.0,3897.5,32888,127469029.3,3104,LEGACY
2023-08-24,PPLPHARMA,Piramal Pharma,EQ,INE0DK501011,100.95,102.6,99.75,100.1,100.45,101.05,4853481,491678225.4,19708,LEGACY
2023-08-24,SANOFI,Sanofi India,EQ,INE058A01010,7195.65,7195.65,7130.0,7164.55,7168.0,7159.4,8924,63923951.75,3018,LEGACY
2023-08-24,STAR,Strides Pharma Science,EQ,INE939A01011,427.35,439.45,425.2,438.0,439.45,428.3,267624,116411071.2,10035,LEGACY
2023-08-24,SUNPHARMA,Sun Pharmaceutical Industries,EQ,INE044A01036,1123.6,1133.1,1113.2,1118.3,1118.05,1123.7,1575291,1769908734.15,157843,LEGACY
2023-08-24,TORNTPHARM,Torrent Pharmaceuticals,EQ,INE685A01028,1970.0,1978.0,1945.0,1961.95,1965.0,1938.5,430022,844020964.4,34258,LEGACY
2023-08-24,WOCKPHARMA,Wockhardt,EQ,INE049B01025,232.95,238.95,232.35,235.85,236.7,231.85,675858,159654271.6,13828,LEGACY
2023-08-24,ZYDUSLIFE,Zydus Lifesciences,EQ,INE010B01027,648.1,652.5,639.0,640.85,641.45,645.35,840328,542392898.1,23629,LEGACY
2023-08-25,ABBOTINDIA,Abbott India,EQ,INE358A01014,23096.0,23267.95,23028.1,23221.0,23158.0,23164.65,8733,202188372.0,3570,LEGACY
2023-08-25,AJANTPHARM,Ajanta Pharma,EQ,INE031B01049,1725.0,1738.95,1680.25,1694.65,1690.0,1717.75,138289,234541633.15,15818,LEGACY
2023-08-25,ALKEM,Alkem Laboratories,EQ,INE540L01014,3715.0,3729.45,3670.05,3677.75,3680.1,3715.05,135710,501727007.4,8277,LEGACY
2023-08-25,APLLTD,Alembic Pharmaceuticals,EQ,INE901L01018,757.0,759.55,740.85,754.15,753.0,747.25,78745,59130958.35,7618,LEGACY
2023-08-25,AUROPHARMA,Aurobindo Pharma,EQ,INE406A01037,836.0,841.0,824.95,828.5,825.85,833.65,1481896,1233596211.05,41536,LEGACY
2023-08-25,BIOCON,Biocon,EQ,INE376G01013,259.8,260.5,254.1,255.4,255.2,260.5,1994407,512713387.1,28567,LEGACY
2023-08-25,CIPLA,Cipla,EQ,INE059A01026,1217.95,1219.9,1205.0,1209.4,1212.0,1220.5,887533,1075848330.9,55547,LEGACY
2023-08-25,DIVISLAB,Divi's Laboratories,EQ,INE361B01024,3641.7,3653.95,3616.05,3636.5,3632.25,3664.25,217537,790500044.8,22489,LEGACY
2023-08-25,DRREDDY,Dr. Reddy's Laboratories,EQ,INE089A01023,5890.0,5890.0,5770.55,5779.25,5785.0,5907.15,942648,5490085097.95,88869,LEGACY
2023-08-25,GLAND,Gland Pharma,EQ,INE068V01023,1572.1,1584.3,1540.0,1546.6,1545.9,1572.0,156296,243210166.75,15312,LEGACY
2023-08-25,GLAXO,GlaxoSmithKline Pharmaceuticals,EQ,INE159A01016,1410.0,1425.0,1397.1,1420.4,1417.0,1411.45,46656,65864520.3,4590,LEGACY
2023-08-25,GLENMARK,Glenmark Pharmaceuticals,EQ,INE935A01035,747.5,753.1,737.35,739.45,739.2,749.15,593002,440144081.4,22113,LEGACY
2023-08-25,GRANULES,Granules India,EQ,INE101D01020,296.3,300.8,292.65,294.1,293.5,294.8,1645734,488549656.15,20276,LEGACY
2023-08-25,IPCALAB,IPCA Laboratories,EQ,INE571A01038,887.0,902.0,878.95,883.95,880.65,883.45,941439,839318911.45,35256,LEGACY
2023-08-25,JBCHEPHARM,JB Chemicals & Pharmaceuticals,EQ,INE572A01028,2775.65,2860.0,2730.0,2841.9,2822.85,2764.45,97336,272223129.5,18499,LEGACY
2023-08-25,LAURUSLABS,Laurus Labs,EQ,INE947Q01028,389.95,393.75,384.75,387.55,387.9,390.05,1025584,398251889.7,17979,LEGACY
2023-08-25,LUPIN,Lupin,EQ,INE326A01037,1091.0,1093.05,1072.2,1077.6,1075.5,1089.5,640246,692261854.9,41562,LEGACY
2023-08-25,MANKIND,Mankind Pharma,EQ,INE634S01028,1809.55,1827.7,1780.0,1785.35,1787.0,1827.85,292066,523085509.9,28278,LEGACY
2023-08-25,NATCOPHARM,Natco Pharma,EQ,INE987B01026,887.0,891.45,875.5,884.3,884.5,891.7,455050,402465130.2,27142,LEGACY
2023-08-25,PEL,Piramal Enterprises,EQ,INE140A01024,1029.9,1109.0,1016.3,1059.35,1058.85,1055.35,5883623,6281170786.15,147998,LEGACY
2023-08-25,PFIZER,Pfizer,EQ,INE182A01018,3855.0,3870.0,3830.0,3843.1,3840.65,3854.9,6307,24261271.55,1914,LEGACY
2023-08-25,PPLPHARMA,Piramal Pharma,EQ,INE0DK501011,99.85,100.4,98.7,99.4,99.0,100.1,3277207,326322635.85,13990,LEGACY
2023-08-25,SANOFI,Sanofi India,EQ,INE058A01010,7150.0,7173.45,7106.05,7117.7,7110.0,7164.55,4735,33779428.6,2481,LEGACY
2023-08-25,STAR,Strides Pharma Science,EQ,INE939A01011,438.0,442.95,430.0,440.2,439.1,438.0,229108,100294252.9,8908,LEGACY
2023-08-25,SUNPHARMA,Sun Pharmaceutical Industries,EQ,INE044A01036,1118.0,1123.3,1100.25,1106.3,1103.9,1118.3,1515282,1681285457.0,96634,LEGACY
2023-08-25,TORNTPHARM,Torrent Pharmaceuticals,EQ,INE685A01028,1960.0,1964.35,1925.0,1937.8,1926.0,1961.95,228849,445158192.5,15933,LEGACY
2023-08-25,WOCKPHARMA,Wockhardt,EQ,INE049B01025,235.0,235.45,226.25,227.45,227.95,235.85,547464,125842733.65,11467,LEGACY
2023-08-25,ZYDUSLIFE,Zydus Lifesciences,EQ,INE010B01027,640.85,644.2,627.5,629.3,628.5,640.85,801024,508079940.85,20847,LEGACY
2023-08-28,ABBOTINDIA,Abbott India,EQ,INE358A01014,23299.9,23457.95,23115.0,23388.45,23421.0,23221.0,6122,142664691.15,2271,LEGACY
2023-08-28,AJANTPHARM,Ajanta Pharma,EQ,INE031B01049,1708.0,1740.0,1695.25,1724.5,1724.5,1694.65,95015,164045026.35,13859,LEGACY
2023-08-28,ALKEM,Alkem Laboratories,EQ,INE540L01014,3677.75,3756.95,3666.0,3712.4,3710.0,3677.75,137962,514252338.65,10474,LEGACY
2023-08-28,APLLTD,Alembic Pharmaceuticals,EQ,INE901L01018,754.15,765.45,749.0,750.1,753.0,754.15,45358,34237776.15,4380,LEGACY
2023-08-28,AUROPHARMA,Aurobindo Pharma,EQ,INE406A01037,829.9,833.75,820.25,828.95,828.5,828.5,1736298,1436950788.35,62449,LEGACY
2023-08-28,BIOCON,Biocon,EQ,INE376G01013,255.95,260.5,253.85,259.9,260.2,255.4,1511554,389664583.05,15138,LEGACY
2023-08-28,CIPLA,Cipla,EQ,INE059A01026,1212.0,1237.0,1211.0,1228.9,1232.95,1209.4,1666004,2047743842.0,63527,LEGACY
2023-08-28,DIVISLAB,Divi's Laboratories,EQ,INE361B01024,3630.0,3656.95,3621.1,3633.25,3628.0,3636.5,196064,712946099.05,21993,LEGACY
2023-08-28,DRREDDY,Dr. Reddy's Laboratories,EQ,INE089A01023,5780.0,5829.0,5727.2,5775.9,5781.95,5779.25,470154,2719281848.15,50432,LEGACY
2023-08-28,GLAND,Gland Pharma,EQ,INE068V01023,1535.6,1594.95,1535.6,1570.75,1570.0,1546.6,240603,379051407.55,26024,LEGACY
2023-08-28,GLAXO,GlaxoSmithKline Pharmaceuticals,EQ,INE159A01016,1420.75,1448.0,1410.0,1412.75,1414.0,1420.4,90350,129484177.05,7094,LEGACY
2023-08-28,GLENMARK,Glenmark Pharmaceuticals,EQ,INE935A01035,744.2,769.0,738.65,767.15,767.8,739.45,1203807,911799281.55,31025,LEGACY
2023-08-28,GRANULES,Granules India,EQ,INE101D01020,295.05,302.45,294.2,298.95,298.0,294.1,1182305,353812796.2,14831,LEGACY
2023-08-28,IPCALAB,IPCA Laboratories,EQ,INE571A01038,894.25,897.85,881.55,893.65,892.0,883.95,305486,271956987.95,18948,LEGACY
2023-08-28,JBCHEPHARM,JB Chemicals & Pharmaceuticals,EQ,INE572A01028,2833.95,2937.0,2820.05,2921.0,2920.0,2841.9,168592,490296014.3,29008,LEGACY
2023-08-28,LAURUSLABS,Laurus Labs,EQ,INE947Q01028,388.95,393.2,385.65,391.5,387.9,387.55,1055770,411767924.35,19492,LEGACY
2023-08-28,LUPIN,Lupin,EQ,INE326A01037,1078.05,1111.1,1075.25,1108.0,1106.0,1077.6,831240,910999836.8,38712,LEGACY
2023-08-28,MANKIND,Mankind Pharma,EQ,INE634S01028,1785.35,1797.45,1762.0,1773.05,1775.0,1785.35,296616,528657952.0,10178,LEGACY
2023-08-28,NATCOPHARM,Natco Pharma,EQ,INE987B01026,888.9,908.95,873.1,895.8,893.9,884.3,757882,679413270.45,27844,LEGACY
2023-08-28,PEL,Piramal Enterprises,EQ,INE140A01024,1064.0,1123.3,1063.35,1106.65,1109.9,1059.35,5315327,5852097919.55,121793,LEGACY
2023-08-28,PFIZER,Pfizer,EQ,INE182A01018,3859.95,3860.0,3829.0,3840.2,3850.0,3843.1,7006,26923333.0,1933,LEGACY
2023-08-28,PPLPHARMA,Piramal Pharma,EQ,INE0DK501011,99.6,102.25,99.5,100.8,100.6,99.4,4469200,451807489.6,17610,LEGACY
2023-08-28,SANOFI,Sanofi India,EQ,INE058A01010,7114.55,7167.5,7041.0,7070.5,7041.0,7117.7,6592,46933327.45,3543,LEGACY
2023-08-28,STAR,Strides Pharma Science,BL,INE939A01011,438.0,438.0,438.0,438.0,438.0,653.55,230000,100740000.0,1,LEGACY
2023-08-28,STAR,Strides Pharma Science,EQ,INE939A01011,441.45,442.9,435.7,438.2,436.75,440.2,263242,115422337.8,8350,LEGACY
2023-08-28,SUNPHARMA,Sun Pharmaceutical Industries,EQ,INE044A01036,1110.05,1124.15,1105.15,1117.0,1117.0,1106.3,1959645,2189075881.1,91005,LEGACY
2023-08-28,TORNTPHARM,Torrent Pharmaceuticals,EQ,INE685A01028,1941.1,1962.85,1934.85,1958.15,1961.75,1937.8,206578,402437642.9,23944,LEGACY
2023-08-28,WOCKPHARMA,Wockhardt,EQ,INE049B01025,228.95,232.35,228.9,230.1,229.7,227.45,289989,66729956.55,6258,LEGACY
2023-08-28,ZYDUSLIFE,Zydus Lifesciences,EQ,INE010B01027,630.95,639.25,627.0,634.3,636.25,629.3,1129082,715294607.85,25189,LEGACY
2023-08-29,ABBOTINDIA,Abbott India,EQ,INE358A01014,23474.9,23474.9,23215.85,23414.95,23434.1,23388.45,11307,264326014.1,4002,LEGACY
2023-08-29,AJANTPHARM,Ajanta Pharma,EQ,INE031B01049,1729.35,1733.15,1697.4,1724.65,1725.0,1724.5,90717,156117121.65,11599,LEGACY
2023-08-29,ALKEM,Alkem Laboratories,EQ,INE540L01014,3719.0,3739.0,3691.55,3702.2,3704.5,3712.4,235050,874102478.5,9017,LEGACY
2023-08-29,APLLTD,Alembic Pharmaceuticals,EQ,INE901L01018,753.8,772.0,751.85,767.1,766.9,750.1,92373,70465021.9,6877,LEGACY
2023-08-29,AUROPHARMA,Aurobindo Pharma,EQ,INE406A01037,830.0,842.5,826.15,828.8,827.05,828.95,1490604,1238063145.05,49751,LEGACY
2023-08-29,BIOCON,Biocon,EQ,INE376G01013,260.15,261.15,257.55,259.15,259.1,259.9,1535249,398005923.35,14793,LEGACY
2023-08-29,CIPLA,Cipla,EQ,INE059A01026,1232.0,1245.65,1227.3,1229.75,1230.2,1228.9,1209087,1492802847.15,52476,LEGACY
2023-08-29,DIVISLAB,Divi's Laboratories,EQ,INE361B01024,3625.05,3673.8,3625.05,3657.1,3654.75,3633.25,239552,877268776.2,22660,LEGACY
2023-08-29,DRREDDY,Dr. Reddy's Laboratories,EQ,INE089A01023,5770.0,5786.5,5715.0,5723.8,5725.4,5775.9,651617,3741635914.45,76427,LEGACY
2023-08-29,GLAND,Gland Pharma,EQ,INE068V01023,1579.95,1618.0,1567.1,1574.15,1575.0,1570.75,379168,605445489.1,28325,LEGACY
2023-08-29,GLAXO,GlaxoSmithKline Pharmaceuticals,EQ,INE159A01016,1419.85,1431.7,1411.0,1413.5,1411.0,1412.75,27644,39261954.15,2885,LEGACY
2023-08-29,GLENMARK,Glenmark Pharmaceuticals,EQ,INE935A01035,769.8,777.0,751.4,756.55,757.0,767.15,878253,669795784.5,24718,LEGACY
2023-08-29,GRANULES,Granules India,EQ,INE101D01020,298.9,302.9,298.3,301.65,301.75,298.95,1238077,373107157.2,14412,LEGACY
2023-08-29,IPCALAB,IPCA Laboratories,EQ,INE571A01038,898.4,901.65,886.0,888.4,887.0,893.65,721700,643351489.15,23906,LEGACY
2023-08-29,JBCHEPHARM,JB Chemicals & Pharmaceuticals,EQ,INE572A01028,2920.0,2935.65,2825.25,2850.1,2847.0,2921.0,215009,614543273.75,16321,LEGACY
2023-08-29,LAURUSLABS,Laurus Labs,EQ,INE947Q01028,392.0,392.95,388.5,391.05,391.5,391.5,1089965,426159226.9,15289,LEGACY
2023-08-29,LUPIN,Lupin,EQ,INE326A01037,1111.95,1116.95,1090.35,1097.7,1098.0,1108.0,1074379,1185170366.25,41138,LEGACY
2023-08-29,MANKIND,Mankind Pharma,EQ,INE634S01028,1780.05,1793.7,1776.0,1782.7,1782.95,1773.05,132419,236126583.5,13845,LEGACY
2023-08-29,NATCOPHARM,Natco Pharma,EQ,INE987B01026,899.0,907.0,893.0,895.0,895.95,895.8,389284,350172654.75,15831,LEGACY
2023-08-29,PEL,Piramal Enterprises,EQ,INE140A01024,1093.0,1093.0,1053.5,1060.1,1059.05,1106.65,4321121,4612628191.65,100651,LEGACY
2023-08-29,PFIZER,Pfizer,EQ,INE182A01018,3869.9,3881.45,3832.1,3839.2,3834.05,3840.2,6186,23822462.1,1647,LEGACY
2023-08-29,PPLPHARMA,Piramal Pharma,EQ,INE0DK501011,101.5,102.05,99.4,99.55,99.55,100.8,2382931,239040789.0,10828,LEGACY
2023-08-29,SANOFI,Sanofi India,EQ,INE058A01010,7095.0,7175.1,7055.0,7152.2,7141.7,7070.5,24299,173668463.75,4173,LEGACY
2023-08-29,STAR,Strides Pharma Science,EQ,INE939A01011,440.1,443.3,434.95,436.0,436.5,438.2,172476,75773336.6,7951,LEGACY
2023-08-29,SUNPHARMA,Sun Pharmaceutical Industries,EQ,INE044A01036,1125.05,1125.05,1106.45,1111.6,1114.0,1117.0,1749707,1949782547.65,90543,LEGACY
2023-08-29,TORNTPHARM,Torrent Pharmaceuticals,EQ,INE685A01028,1974.0,1974.0,1946.0,1958.8,1950.05,1958.15,342802,670931185.1,23577,LEGACY
2023-08-29,WOCKPHARMA,Wockhardt,EQ,INE049B01025,230.7,238.85,230.25,236.05,236.0,230.1,655239,154174565.35,12717,LEGACY
2023-08-29,ZYDUSLIFE,Zydus Lifesciences,EQ,INE010B01027,636.0,641.0,629.5,631.95,631.0,634.3,1042536,661301118.35,27291,LEGACY
2023-08-30,ABBOTINDIA,Abbott India,EQ,INE358A01014,23485.0,23485.0,23251.0,23363.65,23283.7,23414.95,8440,197522410.3,3057,LEGACY
2023-08-30,AJANTPHARM,Ajanta Pharma,EQ,INE031B01049,1725.0,1732.0,1703.15,1728.05,1731.8,1724.65,137429,236323276.5,10882,LEGACY
2023-08-30,ALKEM,Alkem Laboratories,EQ,INE540L01014,3700.15,3737.05,3683.0,3693.85,3685.0,3702.2,122505,455535595.65,8568,LEGACY
2023-08-30,APLLTD,Alembic Pharmaceuticals,EQ,INE901L01018,769.85,773.0,759.0,770.45,770.0,767.1,184956,142419846.15,7368,LEGACY
2023-08-30,AUROPHARMA,Aurobindo Pharma,EQ,INE406A01037,830.85,841.25,828.65,834.95,834.0,828.8,1523473,1273071483.2,35752,LEGACY
2023-08-30,BIOCON,Biocon,EQ,INE376G01013,260.0,262.0,259.3,260.0,259.95,259.15,1662468,433340463.9,19307,LEGACY
2023-08-30,CIPLA,Cipla,EQ,INE059A01026,1234.7,1256.8,1231.15,1236.15,1236.0,1229.75,1282450,1594264096.3,53059,LEGACY
2023-08-30,DIVISLAB,Divi's Laboratories,EQ,INE361B01024,3657.1,3678.2,3623.0,3630.8,3631.8,3657.1,309108,1129214011.8,23344,LEGACY
2023-08-30,DRREDDY,Dr. Reddy's Laboratories,EQ,INE089A01023,5737.8,5756.05,5640.0,5649.75,5649.0,5723.8,710363,4043459394.75,86330,LEGACY
2023-08-30,GLAND,Gland Pharma,EQ,INE068V01023,1580.0,1614.95,1580.0,1595.4,1598.05,1574.15,207143,331490723.0,17477,LEGACY
2023-08-30,GLAXO,GlaxoSmithKline Pharmaceuticals,EQ,INE159A01016,1415.05,1420.9,1405.0,1414.15,1410.1,1413.5,24202,34217670.75,2738,LEGACY
2023-08-30,GLENMARK,Glenmark Pharmaceuticals,EQ,INE935A01035,763.45,769.95,752.55,755.35,755.75,756.55,504687,384560861.6,15996,LEGACY
2023-08-30,GRANULES,Granules India,EQ,INE101D01020,301.8,305.1,300.35,302.0,300.65,301.65,827421,250965084.85,9354,LEGACY
2023-08-30,IPCALAB,IPCA Laboratories,EQ,INE571A01038,889.0,905.0,888.7,890.55,890.0,888.4,435866,390655059.35,16123,LEGACY
2023-08-30,JBCHEPHARM,JB Chemicals & Pharmaceuticals,EQ,INE572A01028,2905.2,2909.85,2720.0,2746.2,2750.0,2850.1,191947,541621797.15,17999,LEGACY
2023-08-30,LAURUSLABS,Laurus Labs,EQ,INE947Q01028,390.95,405.65,390.3,400.0,399.0,391.05,2913840,1169953896.35,32444,LEGACY
2023-08-30,LUPIN,Lupin,EQ,INE326A01037,1115.0,1115.6,1098.0,1100.8,1100.3,1097.7,541426,598081954.1,23584,LEGACY
2023-08-30,MANKIND,Mankind Pharma,EQ,INE634S01028,1786.7,1792.0,1772.2,1779.95,1781.5,1782.7,227462,404943502.25,9245,LEGACY
2023-08-30,NATCOPHARM,Natco Pharma,EQ,INE987B01026,899.0,915.0,889.2,906.1,901.1,895.0,627575,568508850.4,21710,LEGACY
2023-08-30,PEL,Piramal Enterprises,EQ,INE140A01024,1064.0,1065.3,1037.2,1053.7,1052.0,1060.1,2527269,2658516315.5,52642,LEGACY
2023-08-30,PFIZER,Pfizer,EQ,INE182A01018,3839.2,3852.15,3831.1,3840.1,3841.2,3839.2,8584,32955842.4,2022,LEGACY
2023-08-30,PPLPHARMA,Piramal Pharma,EQ,INE0DK501011,100.3,100.8,99.5,100.3,100.4,99.55,2807816,281191857.25,12370,LEGACY
2023-08-30,SANOFI,Sanofi India,EQ,INE058A01010,7152.5,7152.55,7096.45,7136.9,7137.0,7152.2,25018,178150493.6,3454,LEGACY
2023-08-30,STAR,Strides Pharma Science,EQ,INE939A01011,436.5,446.0,436.0,438.75,439.0,436.0,228914,100736423.0,12143,LEGACY
2023-08-30,SUNPHARMA,Sun Pharmaceutical Industries,EQ,INE044A01036,1117.5,1119.15,1110.5,1114.9,1115.55,1111.6,1543173,1719751218.55,71365,LEGACY
2023-08-30,TORNTPHARM,Torrent Pharmaceuticals,EQ,INE685A01028,1969.1,1983.4,1947.5,1954.7,1953.0,1958.8,441134,865685491.9,19976,LEGACY
2023-08-30,WOCKPHARMA,Wockhardt,EQ,INE049B01025,237.25,244.15,235.15,237.05,237.9,236.05,1180260,284007591.85,18049,LEGACY
2023-08-30,ZYDUSLIFE,Zydus Lifesciences,EQ,INE010B01027,633.55,637.8,624.8,628.1,630.9,631.95,609277,384538618.85,17062,LEGACY
2023-08-31,ABBOTINDIA,Abbott India,EQ,INE358A01014,23363.65,23420.65,23070.85,23109.55,23118.0,23363.65,6976,162247801.1,3501,LEGACY
2023-08-31,AJANTPHARM,Ajanta Pharma,EQ,INE031B01049,1772.0,1802.35,1712.3,1727.4,1726.0,1728.05,420152,732484836.05,48888,LEGACY
2023-08-31,ALKEM,Alkem Laboratories,EQ,INE540L01014,3693.85,3699.9,3635.0,3642.85,3640.0,3693.85,129929,475211920.3,9060,LEGACY
2023-08-31,APLLTD,Alembic Pharmaceuticals,EQ,INE901L01018,774.5,779.75,766.2,776.7,777.5,770.45,88720,68682332.75,6914,LEGACY
2023-08-31,AUROPHARMA,Aurobindo Pharma,EQ,INE406A01037,838.0,840.55,823.5,830.0,831.45,834.95,1901171,1581512107.35,41701,LEGACY
2023-08-31,BIOCON,Biocon,EQ,INE376G01013,260.3,261.75,256.95,259.35,260.0,260.0,1952045,506785238.3,18861,LEGACY
2023-08-31,CIPLA,Cipla,EQ,INE059A01026,1240.15,1266.1,1223.2,1257.6,1253.4,1236.15,3103295,3864960693.05,79713,LEGACY
2023-08-31,DIVISLAB,Divi's Laboratories,EQ,INE361B01024,3645.0,3656.45,3575.5,3592.1,3584.0,3630.8,600001,2163220523.15,41109,LEGACY
2023-08-31,DRREDDY,Dr. Reddy's Laboratories,EQ,INE089A01023,5649.75,5695.0,5590.0,5607.85,5620.05,5649.75,635775,3578614292.6,48579,LEGACY
2023-08-31,GLAND,Gland Pharma,EQ,INE068V01023,1604.95,1775.8,1597.05,1741.45,1749.8,1595.4,1493037,2534828988.75,66593,LEGACY
2023-08-31,GLAXO,GlaxoSmithKline Pharmaceuticals,EQ,INE159A01016,1414.95,1446.25,1414.95,1429.5,1435.0,1414.15,166401,238627589.75,9956,LEGACY
2023-08-31,GLENMARK,Glenmark Pharmaceuticals,EQ,INE935A01035,755.35,769.95,752.3,766.85,768.5,755.35,1127664,858980761.8,18021,LEGACY
2023-08-31,GRANULES,Granules India,EQ,INE101D01020,301.55,302.85,296.55,297.6,299.0,302.0,873128,261494766.8,12194,LEGACY
2023-08-31,IPCALAB,IPCA Laboratories,EQ,INE571A01038,893.05,893.05,869.8,873.45,873.9,890.55,561536,492201183.95,17999,LEGACY
2023-08-31,JBCHEPHARM,JB Chemicals & Pharmaceuticals,EQ,INE572A01028,2774.35,2789.8,2745.25,2768.5,2779.0,2746.2,54171,149682962.9,9530,LEGACY
2023-08-31,LAURUSLABS,Laurus Labs,EQ,INE947Q01028,400.0,401.95,394.15,399.6,398.4,400.0,1653231,658581607.5,21638,LEGACY
2023-08-31,LUPIN,Lupin,EQ,INE326A01037,1103.95,1110.0,1090.5,1097.85,1091.9,1100.8,1236209,1361764352.7,29865,LEGACY
2023-08-31,MANKIND,Mankind Pharma,EQ,INE634S01028,1780.0,1826.45,1752.0,1802.9,1800.0,1779.95,318453,566662036.4,19129,LEGACY
2023-08-31,NATCOPHARM,Natco Pharma,EQ,INE987B01026,914.9,916.0,905.95,913.65,914.0,906.1,537807,490111477.75,16466,LEGACY
2023-08-31,PEL,Piramal Enterprises,EQ,INE140A01024,1060.0,1067.7,1047.45,1053.3,1055.25,1053.7,1246032,1318071627.0,39947,LEGACY
2023-08-31,PFIZER,Pfizer,EQ,INE182A01018,3844.6,3859.85,3801.05,3818.55,3823.0,3840.1,9024,34493688.9,2796,LEGACY
2023-08-31,PPLPHARMA,Piramal Pharma,EQ,INE0DK501011,101.0,104.15,100.55,102.5,102.4,100.3,7535394,773332449.75,30891,LEGACY
2023-08-31,SANOFI,Sanofi India,EQ,INE058A01010,7126.9,7150.4,7055.05,7104.9,7100.0,7136.9,7485,53127420.5,2190,LEGACY
2023-08-31,STAR,Strides Pharma Science,EQ,INE939A01011,439.7,444.95,434.05,443.45,442.0,438.75,375411,165375110.4,12709,LEGACY
2023-08-31,SUNPHARMA,Sun Pharmaceutical Industries,EQ,INE044A01036,1118.85,1118.85,1101.7,1111.6,1113.35,1114.9,4782404,5307157221.7,107825,LEGACY
2023-08-31,TORNTPHARM,Torrent Pharmaceuticals,EQ,INE685A01028,1950.2,1954.65,1837.75,1842.5,1844.0,1954.7,1411236,2645726571.0,68536,LEGACY
2023-08-31,WOCKPHARMA,Wockhardt,EQ,INE049B01025,238.05,240.5,235.65,237.85,238.0,237.05,606841,144524352.05,12519,LEGACY
2023-08-31,ZYDUSLIFE,Zydus Lifesciences,EQ,INE010B01027,632.1,633.9,622.0,625.85,625.55,628.1,1094063,685797602.3,27085,LEGACY
2023-09-01,ABBOTINDIA,Abbott India,EQ,INE358A01014,23120.0,23237.55,22535.05,22704.65,22700.0,23109.55,18058,410676465.55,6327,LEGACY
2023-09-01,AJANTPHARM,Ajanta Pharma,EQ,INE031B01049,1738.85,1738.85,1708.0,1718.35,1708.0,1727.4,74254,127745443.35,9680,LEGACY
2023-09-01,ALKEM,Alkem Laboratories,EQ,INE540L01014,3642.85,3662.0,3606.6,3614.75,3617.5,3642.85,247511,895894385.3,10216,LEGACY
2023-09-01,APLLTD,Alembic Pharmaceuticals,EQ,INE901L01018,776.75,778.35,760.3,770.5,770.0,776.7,46719,35991109.55,4238,LEGACY
2023-09-01,AUROPHARMA,Aurobindo Pharma,EQ,INE406A01037,830.0,838.95,819.35,825.55,824.3,830.0,1064301,883699519.0,43165,LEGACY
2023-09-01,BIOCON,Biocon,EQ,INE376G01013,259.85,263.35,258.8,260.8,260.05,259.35,2015580,526020879.75,17109,LEGACY
2023-09-01,CIPLA,Cipla,EQ,INE059A01026,1264.9,1268.9,1239.65,1245.4,1244.95,1257.6,1167597,1463984134.45,63732,LEGACY
2023-09-01,DIVISLAB,Divi's Laboratories,EQ,INE361B01024,3586.0,3600.0,3529.75,3589.3,3595.05,3592.1,586290,2093380762.05,41484,LEGACY
2023-09-01,DRREDDY,Dr. Reddy's Laboratories,EQ,INE089A01023,5630.0,5634.25,5550.1,5578.55,5576.3,5607.85,221056,1234869608.1,25339,LEGACY
2023-09-01,GLAND,Gland Pharma,EQ,INE068V01023,1749.75,1810.85,1718.45,1768.1,1753.0,1741.45,1268319,2250214570.5,74157,LEGACY
2023-09-01,GLAXO,GlaxoSmithKline Pharmaceuticals,EQ,INE159A01016,1420.0,1468.0,1416.5,1438.3,1439.0,1429.5,114833,165878858.9,10131,LEGACY
2023-09-01,GLENMARK,Glenmark Pharmaceuticals,EQ,INE935A01035,772.0,772.0,754.0,757.05,757.6,766.85,602134,457933205.8,19445,LEGACY
2023-09-01,GRANULES,Granules India,EQ,INE101D01020,300.1,303.5,298.25,302.3,302.05,297.6,809021,243951513.25,10703,LEGACY
2023-09-01,IPCALAB,IPCA Laboratories,EQ,INE571A01038,875.0,879.0,863.05,866.8,863.05,873.45,288410,250605979.65,16550,LEGACY
2023-09-01,JBCHEPHARM,JB Chemicals & Pharmaceuticals,EQ,INE572A01028,2789.0,2820.0,2778.9,2796.15,2800.0,2768.5,64040,179007619.85,9618,LEGACY
2023-09-01,LAURUSLABS,Laurus Labs,EQ,INE947Q01028,402.0,403.75,393.45,396.45,396.85,399.6,1102597,437963338.75,13710,LEGACY
2023-09-01,LUPIN,Lupin,EQ,INE326A01037,1095.95,1099.4,1087.35,1093.85,1094.95,1097.85,384388,420687874.35,19539,LEGACY
2023-09-01,MANKIND,Mankind Pharma,EQ,INE634S01028,1802.9,1816.45,1686.15,1716.55,1717.9,1802.9,472576,828871114.95,27481,LEGACY
2023-09-01,NATCOPHARM,Natco Pharma,EQ,INE987B01026,918.65,926.9,899.5,902.6,902.0,913.65,462907,422161767.75,24931,LEGACY
2023-09-01,PEL,Piramal Enterprises,EQ,INE140A01024,1058.9,1086.65,1052.05,1078.25,1078.7,1053.3,1561551,1678059959.45,45650,LEGACY
2023-09-01,PFIZER,Pfizer,EQ,INE182A01018,3829.2,3853.0,3800.1,3815.55,3817.0,3818.55,15069,57517407.2,2074,LEGACY
2023-09-01,PPLPHARMA,Piramal Pharma,EQ,INE0DK501011,102.85,104.6,101.85,103.95,103.8,102.5,5413456,560920019.15,22796,LEGACY
2023-09-01,SANOFI,Sanofi India,EQ,INE058A01010,7104.9,7151.25,7050.2,7115.9,7105.0,7104.9,7556,53649108.75,2706,LEGACY
2023-09-01,STAR,Strides Pharma Science,EQ,INE939A01011,444.0,446.0,433.7,438.15,439.5,443.45,240861,105349034.45,7057,LEGACY
2023-09-01,SUNPHARMA,Sun Pharmaceutical Industries,EQ,INE044A01036,1112.0,1117.5,1105.75,1109.0,1110.0,1111.6,2715249,3012708790.8,114401,LEGACY
2023-09-01,TORNTPHARM,Torrent Pharmaceuticals,EQ,INE685A01028,1850.0,1851.6,1772.05,1785.8,1786.1,1842.5,2429819,4350273538.85,94026,LEGACY
2023-09-01,WOCKPHARMA,Wockhardt,EQ,INE049B01025,239.2,246.1,236.05,242.7,242.6,237.85,873480,211897213.45,17273,LEGACY
2023-09-01,ZYDUSLIFE,Zydus Lifesciences,EQ,INE010B01027,625.85,629.1,612.6,613.95,615.0,625.85,1008229,621458833.25,27635,LEGACY
2023-09-04,ABBOTINDIA,Abbott India,EQ,INE358A01014,22898.6,22999.95,22320.05,22345.25,22350.55,22704.65,15081,339285143.8,4567,LEGACY
2023-09-04,AJANTPHARM,Ajanta Pharma,EQ,INE031B01049,1727.0,1732.75,1703.35,1719.55,1719.0,1718.35,77063,132362635.95,13580,LEGACY
2023-09-04,ALKEM,Alkem Laboratories,EQ,INE540L01014,3619.5,3678.55,3614.35,3650.65,3657.4,3614.75,53544,195485747.6,7216,LEGACY
2023-09-04,APLLTD,Alembic Pharmaceuticals,EQ,INE901L01018,771.75,774.4,761.1,770.15,770.0,770.5,48154,36935025.15,6765,LEGACY
2023-09-04,AUROPHARMA,Aurobindo Pharma,EQ,INE406A01037,829.0,831.1,815.8,819.6,822.2,825.55,1692624,1389881754.75,44354,LEGACY
2023-09-04,BIOCON,Biocon,EQ,INE376G01013,262.45,264.95,260.7,261.35,261.55,260.8,2135956,559465828.8,20372,LEGACY
2023-09-04,CIPLA,Cipla,EQ,INE059A01026,1250.3,1255.4,1232.55,1238.85,1241.9,1245.4,1126182,1395606847.45,62307,LEGACY
2023-09-04,DIVISLAB,Divi's Laboratories,EQ,INE361B01024,3590.05,3638.0,3587.0,3629.35,3628.9,3589.3,336522,1217487683.0,37183,LEGACY
2023-09-04,DRREDDY,Dr. Reddy's Laboratories,EQ,INE089A01023,5585.0,5666.7,5578.55,5659.45,5664.85,5578.55,294604,1661003945.6,27228,LEGACY
2023-09-04,GLAND,Gland Pharma,EQ,INE068V01023,1774.0,1779.8,1705.0,1709.0,1714.0,1768.1,499342,862094131.15,40751,LEGACY
2023-09-04,GLAXO,GlaxoSmithKline Pharmaceuticals,EQ,INE159A01016,1447.95,1474.0,1421.1,1426.1,1432.5,1438.3,88766,128709832.45,10769,LEGACY
2023-09-04,GLENMARK,Glenmark Pharmaceuticals,EQ,INE935A01035,756.0,769.0,755.0,761.5,763.2,757.05,690379,524816802.85,16787,LEGACY
2023-09-04,GRANULES,Granules India,EQ,INE101D01020,303.45,307.9,301.4,305.6,305.9,302.3,1137149,346717442.35,16720,LEGACY
2023-09-04,IPCALAB,IPCA Laboratories,EQ,INE571A01038,869.9,884.15,856.8,876.95,882.2,866.8,345178,300842326.55,12563,LEGACY
2023-09-04,JBCHEPHARM,JB Chemicals & Pharmaceuticals,EQ,INE572A01028,2817.95,2817.95,2758.6,2780.9,2785.0,2796.15,34794,96687224.65,8581,LEGACY
2023-09-04,LAURUSLABS,Laurus Labs,EQ,INE947Q01028,397.0,399.3,390.25,394.3,395.0,396.45,1838617,724485975.8,28225,LEGACY
2023-09-04,LUPIN,Lupin,EQ,INE326A01037,1095.0,1102.5,1093.25,1097.4,1096.15,1093.85,513979,564235486.55,26754,LEGACY
2023-09-04,MANKIND,Mankind Pharma,EQ,INE634S01028,1748.0,1755.0,1705.25,1750.65,1751.25,1716.55,266429,462278437.9,17922,LEGACY
2023-09-04,NATCOPHARM,Natco Pharma,EQ,INE987B01026,910.95,912.6,893.85,902.0,900.0,902.6,676993,611019508.7,25117,LEGACY
2023-09-04,PEL,Piramal Enterprises,EQ,INE140A01024,1079.9,1098.55,1078.7,1085.7,1085.2,1078.25,919287,1000994804.45,38685,LEGACY
2023-09-04,PFIZER,Pfizer,EQ,INE182A01018,3850.0,3875.0,3815.55,3857.85,3860.0,3815.55,21502,82904709.15,3686,LEGACY
2023-09-04,PPLPHARMA,Piramal Pharma,EQ,INE0DK501011,104.3,105.6,104.0,104.5,104.2,103.95,3878813,406102420.45,22831,LEGACY
2023-09-04,SANOFI,Sanofi India,EQ,INE058A01010,7133.3,7166.65,7087.0,7109.05,7114.0,7115.9,9752,69295839.0,2875,LEGACY
2023-09-04,STAR,Strides Pharma Science,EQ,INE939A01011,440.9,454.0,440.5,444.15,443.9,438.15,489443,219830791.65,17031,LEGACY
2023-09-04,SUNPHARMA,Sun Pharmaceutical Industries,EQ,INE044A01036,1114.0,1114.0,1102.0,1108.9,1111.0,1109.0,1205294,1333239802.5,80131,LEGACY
2023-09-04,TORNTPHARM,Torrent Pharmaceuticals,EQ,INE685A01028,1805.0,1851.85,1795.4,1827.0,1828.25,1785.8,1189152,2174215629.35,39283,LEGACY
2023-09-04,WOCKPHARMA,Wockhardt,EQ,INE049B01025,244.15,247.6,239.0,241.05,241.8,242.7,638251,155627290.4,11517,LEGACY
2023-09-04,ZYDUSLIFE,Zydus Lifesciences,EQ,INE010B01027,615.95,625.55,615.05,620.5,621.0,613.95,1201335,745491279.55,54458,LEGACY
2023-09-05,ABBOTINDIA,Abbott India,EQ,INE358A01014,22533.05,22899.0,22358.3,22793.25,22810.0,22345.25,25555,577582528.8,8241,LEGACY
2023-09-05,AJANTPHARM,Ajanta Pharma,EQ,INE031B01049,1728.6,1737.55,1670.05,1710.0,1710.0,1719.55,162291,276815253.5,18190,LEGACY
2023-09-05,ALKEM,Alkem Laboratories,EQ,INE540L01014,3669.9,3673.0,3620.0,3646.1,3661.0,3650.65,238994,871355344.3,16161,LEGACY
2023-09-05,APLLTD,Alembic Pharmaceuticals,EQ,INE901L01018,770.9,787.55,768.25,778.3,779.95,770.15,130775,101919122.05,11697,LEGACY
2023-09-05,AUROPHARMA,Aurobindo Pharma,EQ,INE406A01037,820.15,858.7,820.1,851.6,858.65,819.6,1884702,1584090282.95,66415,LEGACY
2023-09-05,BIOCON,Biocon,EQ,INE376G01013,262.0,269.3,261.5,267.1,267.45,261.35,5013357,1335034937.2,37411,LEGACY
2023-09-05,CIPLA,Cipla,EQ,INE059A01026,1255.0,1266.0,1235.1,1238.95,1239.5,1238.85,2179947,2717403122.65,75640,LEGACY
2023-09-05,DIVISLAB,Divi's Laboratories,EQ,INE361B01024,3629.35,3667.3,3620.05,3642.3,3643.0,3629.35,449961,1640614207.45,28000,LEGACY
2023-09-05,DRREDDY,Dr. Reddy's Laboratories,EQ,INE089A01023,5640.0,5640.0,5560.55,5578.9,5580.0,5659.45,393694,2201006516.3,30619,LEGACY
2023-09-05,GLAND,Gland Pharma,EQ,INE068V01023,1730.0,1767.85,1680.3,1690.15,1692.0,1709.0,667630,1148961920.7,47548,LEGACY
2023-09-05,GLAXO,GlaxoSmithKline Pharmaceuticals,EQ,INE159A01016,1430.0,1461.25,1422.85,1457.5,1457.5,1426.1,78092,113141407.8,8581,LEGACY
2023-09-05,GLENMARK,Glenmark Pharmaceuticals,EQ,INE935A01035,763.2,798.0,761.5,791.75,795.5,761.5,1858292,1455148962.8,40757,LEGACY
2023-09-05,GRANULES,Granules India,EQ,INE101D01020,306.45,314.0,305.9,311.55,311.05,305.6,1552527,482083589.35,21565,LEGACY
2023-09-05,IPCALAB,IPCA Laboratories,EQ,INE571A01038,879.1,900.4,877.35,892.6,892.3,876.95,357542,318620028.75,14975,LEGACY
2023-09-05,JBCHEPHARM,JB Chemicals & Pharmaceuticals,EQ,INE572A01028,2795.5,2837.85,2783.85,2808.85,2803.3,2780.9,106697,300511191.05,7738,LEGACY
2023-09-05,LAURUSLABS,Laurus Labs,EQ,INE947Q01028,396.0,410.95,394.45,406.6,406.9,394.3,2428536,982000571.25,30320,LEGACY
2023-09-05,LUPIN,Lupin,EQ,INE326A01037,1098.0,1128.9,1095.9,1119.25,1121.0,1097.4,1225586,1364658453.0,40464,LEGACY
2023-09-05,MANKIND,Mankind Pharma,EQ,INE634S01028,1740.0,1784.0,1734.25,1772.15,1773.25,1750.65,141018,248864891.25,13043,LEGACY
2023-09-05,NATCOPHARM,Natco Pharma,EQ,INE987B01026,902.05,910.0,899.1,900.2,901.95,902.0,400985,361978572.25,25307,LEGACY
2023-09-05,PEL,Piramal Enterprises,EQ,INE140A01024,1085.7,1116.0,1084.05,1098.9,1097.75,1085.7,1529529,1686516313.8,56192,LEGACY
2023-09-05,PFIZER,Pfizer,EQ,INE182A01018,3875.0,3905.0,3821.15,3867.2,3880.0,3857.85,128806,498653995.05,7051,LEGACY
2023-09-05,PPLPHARMA,Piramal Pharma,EQ,INE0DK501011,104.95,104.95,102.2,103.1,103.15,104.5,3451957,357120322.85,15886,LEGACY
2023-09-05,SANOFI,Sanofi India,EQ,INE058A01010,7109.05,7182.4,7066.25,7091.4,7090.0,7109.05,14624,104255249.7,5696,LEGACY
2023-09-05,STAR,Strides Pharma Science,EQ,INE939A01011,449.0,455.5,447.0,453.6,453.5,444.15,398821,180493987.65,10622,LEGACY
2023-09-05,SUNPHARMA,Sun Pharmaceutical Industries,EQ,INE044A01036,1110.0,1136.0,1107.2,1131.9,1132.0,1108.9,1698118,1912997064.85,63448,LEGACY
2023-09-05,TORNTPHARM,Torrent Pharmaceuticals,EQ,INE685A01028,1846.5,1876.0,1833.7,1873.5,1868.0,1827.0,811765,1510456756.15,58438,LEGACY
2023-09-05,WOCKPHARMA,Wockhardt,EQ,INE049B01025,242.05,245.3,238.4,244.0,243.45,241.05,725495,176140850.65,12509,LEGACY
2023-09-05,ZYDUSLIFE,Zydus Lifesciences,EQ,INE010B01027,623.8,636.3,622.85,634.05,635.0,620.5,1144729,721050356.0,36512,LEGACY
2023-09-06,ABBOTINDIA,Abbott India,EQ,INE358A01014,22900.3,23160.0,22754.2,23106.6,23081.75,22793.25,26456,609752692.8,8399,LEGACY
2023-09-06,AJANTPHARM,Ajanta Pharma,EQ,INE031B01049,1709.15,1755.4,1705.85,1739.65,1729.0,1710.0,122176,212174590.6,26056,LEGACY
2023-09-06,ALKEM,Alkem Laboratories,EQ,INE540L01014,3660.0,3706.95,3633.0,3655.1,3656.0,3646.1,173948,638135729.95,9650,LEGACY
2023-09-06,APLLTD,Alembic Pharmaceuticals,EQ,INE901L01018,778.0,789.85,765.2,785.3,785.0,778.3,177859,138874442.25,12427,LEGACY
2023-09-06,AUROPHARMA,Aurobindo Pharma,EQ,INE406A01037,856.0,869.8,850.65,863.25,863.9,851.6,2158917,1859213583.15,41660,LEGACY
2023-09-06,BIOCON,Biocon,EQ,INE376G01013,267.95,273.5,265.65,269.4,269.05,267.1,3864756,1041979411.8,32110,LEGACY
2023-09-06,CIPLA,Cipla,EQ,INE059A01026,1246.15,1267.0,1242.6,1256.75,1256.0,1238.95,2721714,3419989336.0,78983,LEGACY
2023-09-06,DIVISLAB,Divi's Laboratories,EQ,INE361B01024,3642.3,3714.9,3632.3,3707.95,3706.65,3642.3,407338,1504142409.95,39513,LEGACY
2023-09-06,DRREDDY,Dr. Reddy's Laboratories,EQ,INE089A01023,5579.8,5634.95,5559.25,5583.3,5576.6,5578.9,451329,2523117420.3,45152,LEGACY
2023-09-06,GLAND,Gland Pharma,EQ,INE068V01023,1715.0,1716.6,1676.65,1691.35,1692.0,1690.15,626792,1063890965.75,29768,LEGACY
2023-09-06,GLAXO,GlaxoSmithKline Pharmaceuticals,EQ,INE159A01016,1463.9,1464.75,1443.0,1446.9,1445.35,1457.5,32865,47583069.45,4925,LEGACY
2023-09-06,GLENMARK,Glenmark Pharmaceuticals,EQ,INE935A01035,799.0,799.4,780.0,792.95,792.5,791.75,1115483,881203121.75,33669,LEGACY
2023-09-06,GRANULES,Granules India,EQ,INE101D01020,312.65,315.0,309.5,310.95,310.5,311.55,949875,296530637.9,12722,LEGACY
2023-09-06,IPCALAB,IPCA Laboratories,EQ,INE571A01038,893.4,909.4,890.05,897.45,898.0,892.6,348082,313116514.65,15635,LEGACY
2023-09-06,JBCHEPHARM,JB Chemicals & Pharmaceuticals,EQ,INE572A01028,2824.9,2888.25,2808.05,2838.9,2836.25,2808.85,78501,224528934.0,16382,LEGACY
2023-09-06,LAURUSLABS,Laurus Labs,EQ,INE947Q01028,408.4,411.4,401.8,407.3,407.5,406.6,1939530,789201662.85,23591,LEGACY
2023-09-06,LUPIN,Lupin,EQ,INE326A01037,1125.0,1143.0,1118.9,1139.05,1139.4,1119.25,2210022,2504861111.0,57391,LEGACY
2023-09-06,MANKIND,Mankind Pharma,EQ,INE634S01028,1760.0,1803.3,1760.0,1795.0,1785.0,1772.15,271959,486364798.3,13859,LEGACY
2023-09-06,NATCOPHARM,Natco Pharma,EQ,INE987B01026,909.1,918.5,891.0,895.35,896.65,900.2,518352,468249361.65,30307,LEGACY
2023-09-06,PEL,Piramal Enterprises,EQ,INE140A01024,1098.65,1104.9,1072.65,1077.05,1077.5,1098.9,1142685,1242501044.9,35264,LEGACY
2023-09-06,PFIZER,Pfizer,EQ,INE182A01018,3870.0,3919.95,3835.85,3849.7,3850.0,3867.2,22285,86197753.2,2924,LEGACY
2023-09-06,PPLPHARMA,Piramal Pharma,EQ,INE0DK501011,103.3,104.9,103.2,103.7,103.85,103.1,3883161,403950251.25,17385,LEGACY
2023-09-06,SANOFI,Sanofi India,EQ,INE058A01010,7091.1,7140.0,7080.05,7113.9,7135.0,7091.4,8656,61512804.75,2235,LEGACY
2023-09-06,STAR,Strides Pharma Science,EQ,INE939A01011,453.0,463.0,453.0,458.7,460.0,453.6,353988,162110900.35,8513,LEGACY
2023-09-06,SUNPHARMA,Sun Pharmaceutical Industries,EQ,INE044A01036,1137.0,1149.0,1129.05,1142.35,1141.7,1131.9,2960249,3378573966.0,93004,LEGACY
2023-09-06,TORNTPHARM,Torrent Pharmaceuticals,EQ,INE685A01028,1885.0,1938.35,1874.1,1922.05,1920.0,1873.5,1201476,2302319584.0,69261,LEGACY
2023-09-06,WOCKPHARMA,Wockhardt,EQ,INE049B01025,244.25,253.5,242.3,248.1,248.05,244.0,1494331,371262509.5,19360,LEGACY
2023-09-06,ZYDUSLIFE,Zydus Lifesciences,EQ,INE010B01027,638.0,643.95,634.4,636.4,636.3,634.05,943628,601703404.95,26565,LEGACY
2023-09-07,ABBOTINDIA,Abbott India,EQ,INE358A01014,23055.0,23189.9,22940.05,23029.05,23000.0,23106.6,12869,296974650.0,4756,LEGACY
2023-09-07,AJANTPHARM,Ajanta Pharma,EQ,INE031B01049,1740.0,1780.0,1740.0,1761.95,1759.9,1739.65,84041,148161444.5,20043,LEGACY
2023-09-07,ALKEM,Alkem Laboratories,EQ,INE540L01014,3674.0,3700.55,3632.5,3637.1,3634.0,3655.1,182190,668375858.6,17432,LEGACY
2023-09-07,APLLTD,Alembic Pharmaceuticals,EQ,INE901L01018,785.3,785.3,767.3,777.7,776.0,785.3,78963,61140917.0,9377,LEGACY
2023-09-07,AUROPHARMA,Aurobindo Pharma,EQ,INE406A01037,863.45,868.6,856.2,861.7,861.15,863.25,1927370,1665623043.45,39898,LEGACY
2023-09-07,BIOCON,Biocon,EQ,INE376G01013,271.75,271.75,266.2,267.6,267.65,269.4,2855904,767283204.4,38013,LEGACY
2023-09-07,CIPLA,Cipla,EQ,INE059A01026,1259.0,1261.0,1245.0,1249.3,1248.0,1256.75,849621,1062064383.1,37414,LEGACY
2023-09-07,DIVISLAB,Divi's Laboratories,EQ,INE361B01024,3707.95,3732.75,3660.65,3694.0,3692.7,3707.95,556079,2054049566.3,41100,LEGACY
2023-09-07,DRREDDY,Dr. Reddy's Laboratories,EQ,INE089A01023,5582.95,5654.5,5581.25,5615.15,5615.9,5583.3,526843,2961754729.6,60433,LEGACY
2023-09-07,GLAND,Gland Pharma,EQ,INE068V01023,1698.0,1709.95,1680.0,1699.45,1699.95,1691.35,329329,559371569.9,41398,LEGACY
2023-09-07,GLAXO,GlaxoSmithKline Pharmaceuticals,EQ,INE159A01016,1435.0,1468.0,1435.0,1444.25,1442.55,1446.9,104757,151957379.35,8927,LEGACY
2023-09-07,GLENMARK,Glenmark Pharmaceuticals,EQ,INE935A01035,799.65,805.0,788.0,793.85,793.4,792.95,888778,708120203.95,28840,LEGACY
2023-09-07,GRANULES,Granules India,EQ,INE101D01020,311.0,323.5,310.95,316.25,316.0,310.95,3527630,1124527615.25,40722,LEGACY
2023-09-07,IPCALAB,IPCA Laboratories,EQ,INE571A01038,900.0,905.0,894.4,897.5,896.05,897.45,199959,179688470.5,8293,LEGACY
2023-09-07,JBCHEPHARM,JB Chemicals & Pharmaceuticals,EQ,INE572A01028,2848.0,2863.85,2781.0,2790.5,2802.0,2838.9,35933,100803560.5,9995,LEGACY
2023-09-07,LAURUSLABS,Laurus Labs,EQ,INE947Q01028,409.0,409.85,403.6,405.2,404.45,407.3,684985,278473864.25,11997,LEGACY
2023-09-07,LUPIN,Lupin,EQ,INE326A01037,1144.9,1148.75,1128.15,1136.2,1137.45,1139.05,827172,941315329.35,30824,LEGACY
2023-09-07,MANKIND,Mankind Pharma,EQ,INE634S01028,1800.0,1803.45,1771.45,1779.7,1783.0,1795.0,168270,299545913.8,10705,LEGACY
2023-09-07,NATCOPHARM,Natco Pharma,EQ,INE987B01026,900.0,928.0,897.2,914.25,914.0,895.35,909087,835768159.75,40211,LEGACY
2023-09-07,PEL,Piramal Enterprises,EQ,INE140A01024,1079.95,1093.0,1070.4,1072.25,1072.95,1077.05,1069371,1154782202.15,31757,LEGACY
2023-09-07,PFIZER,Pfizer,EQ,INE182A01018,3855.4,3880.7,3829.7,3850.1,3842.85,3849.7,199480,769904326.7,4523,LEGACY
2023-09-07,PPLPHARMA,Piramal Pharma,EQ,INE0DK501011,104.65,108.9,103.9,107.15,107.1,103.7,12008797,1287827239.2,47761,LEGACY
2023-09-07,SANOFI,Sanofi India,EQ,INE058A01010,7140.0,7145.0,7091.05,7117.2,7110.0,7113.9,4895,34850932.95,2059,LEGACY
2023-09-07,STAR,Strides Pharma Science,EQ,INE939A01011,460.0,488.8,460.0,476.2,476.0,458.7,2016180,967638139.1,44224,LEGACY
2023-09-07,SUNPHARMA,Sun Pharmaceutical Industries,EQ,INE044A01036,1140.0,1141.45,1128.6,1133.05,1134.0,1142.35,1863837,2111326291.75,62442,LEGACY
2023-09-07,TORNTPHARM,Torrent Pharmaceuticals,EQ,INE685A01028,1927.45,1927.8,1884.25,1891.5,1885.45,1922.05,528543,1007855577.05,36969,LEGACY
2023-09-07,WOCKPHARMA,Wockhardt,EQ,INE049B01025,248.1,259.8,248.1,254.8,257.0,248.1,2023177,517125025.2,23508,LEGACY
2023-09-07,ZYDUSLIFE,Zydus Lifesciences,EQ,INE010B01027,639.75,643.7,631.25,633.0,633.0,636.4,990927,630697461.7,45689,LEGACY
2023-09-08,ABBOTINDIA,Abbott India,EQ,INE358A01014,23029.95,23154.0,22800.05,23002.3,23056.2,23029.05,8725,200481975.4,3590,LEGACY
2023-09-08,AJANTPHARM,Ajanta Pharma,EQ,INE031B01049,1765.0,1778.5,1721.6,1731.6,1729.95,1761.95,175474,304873618.45,14794,LEGACY
2023-09-08,ALKEM,Alkem Laboratories,EQ,INE540L01014,3655.0,3656.95,3612.45,3621.25,3618.0,3637.1,119771,434625960.55,8249,LEGACY
2023-09-08,APLLTD,Alembic Pharmaceuticals,EQ,INE901L01018,781.6,781.6,761.05,764.45,765.3,777.7,91855,70617953.3,8717,LEGACY
2023-09-08,AUROPHARMA,Aurobindo Pharma,EQ,INE406A01037,862.0,863.8,850.0,858.5,857.95,861.7,1037792,888434066.45,30573,LEGACY
2023-09-08,BIOCON,Biocon,EQ,INE376G01013,268.05,269.25,265.9,266.4,266.6,267.6,1573069,420159442.45,14777,LEGACY
2023-09-08,CIPLA,Cipla,EQ,INE059A01026,1249.5,1262.0,1239.0,1244.6,1243.0,1249.3,787710,982411850.1,54343,LEGACY
2023-09-08,DIVISLAB,Divi's Laboratories,EQ,INE361B01024,3692.7,3711.7,3668.25,3698.8,3700.0,3694.0,247373,913801610.05,16663,LEGACY
2023-09-08,DRREDDY,Dr. Reddy's Laboratories,EQ,INE089A01023,5631.0,5633.65,5570.0,5583.8,5579.95,5615.15,184790,1033498336.8,19114,LEGACY
2023-09-08,GLAND,Gland Pharma,EQ,INE068V01023,1709.9,1709.9,1685.0,1692.35,1696.85,1699.45,151817,257550088.4,14006,LEGACY
2023-09-08,GLAXO,GlaxoSmithKline Pharmaceuticals,EQ,INE159A01016,1425.2,1465.65,1425.2,1461.5,1460.0,1444.25,79063,115150112.05,5593,LEGACY
2023-09-08,GLENMARK,Glenmark Pharmaceuticals,EQ,INE935A01035,794.8,795.55,771.25,776.85,778.0,793.85,1198297,933413744.9,27052,LEGACY
2023-09-08,GRANULES,Granules India,EQ,INE101D01020,317.8,319.0,311.7,312.85,312.7,316.25,1136470,358567574.7,16437,LEGACY
2023-09-08,IPCALAB,IPCA Laboratories,EQ,INE571A01038,897.5,906.4,889.3,902.85,898.95,897.5,300163,270101624.7,14975,LEGACY
2023-09-08,JBCHEPHARM,JB Chemicals & Pharmaceuticals,EQ,INE572A01028,2790.5,2799.85,2765.1,2782.95,2781.0,2790.5,97476,271514423.8,11078,LEGACY
2023-09-08,LAURUSLABS,Laurus Labs,EQ,INE947Q01028,407.2,411.5,401.15,410.25,410.0,405.2,2428273,991218871.65,28595,LEGACY
2023-09-08,LUPIN,Lupin,EQ,INE326A01037,1143.0,1143.45,1118.65,1128.6,1129.5,1136.2,578212,651591976.3,24624,LEGACY
2023-09-08,MANKIND,Mankind Pharma,EQ,INE634S01028,1775.05,1788.95,1753.0,1756.55,1757.5,1779.7,541562,954047797.35,11743,LEGACY
2023-09-08,NATCOPHARM,Natco Pharma,EQ,INE987B01026,914.0,925.75,878.05,881.75,882.05,914.25,1173324,1048634670.45,41780,LEGACY
2023-09-08,PEL,Piramal Enterprises,EQ,INE140A01024,1074.6,1095.0,1073.3,1089.45,1089.0,1072.25,774334,841735870.55,29862,LEGACY
2023-09-08,PFIZER,Pfizer,EQ,INE182A01018,3861.6,3942.85,3841.85,3847.55,3847.0,3850.1,20739,80230965.45,3737,LEGACY
2023-09-08,PPLPHARMA,Piramal Pharma,EQ,INE0DK501011,108.15,108.75,105.4,105.75,106.0,107.15,5054988,540162586.6,25767,LEGACY
2023-09-08,SANOFI,Sanofi India,EQ,INE058A01010,7108.45,7145.6,7105.0,7129.6,7132.0,7117.2,4971,35448356.35,1951,LEGACY
2023-09-08,STAR,Strides Pharma Science,EQ,INE939A01011,480.95,490.05,475.05,480.85,481.3,476.2,648235,312772059.35,19451,LEGACY
2023-09-08,SUNPHARMA,Sun Pharmaceutical Industries,EQ,INE044A01036,1133.0,1138.05,1128.5,1130.45,1129.15,1133.05,1789037,2025138786.2,54572,LEGACY
2023-09-08,TORNTPHARM,Torrent Pharmaceuticals,EQ,INE685A01028,1898.2,1899.9,1862.0,1872.75,1872.1,1891.5,498277,934366626.35,30247,LEGACY
2023-09-08,WOCKPHARMA,Wockhardt,EQ,INE049B01025,256.15,261.3,256.0,260.15,259.0,254.8,1595311,413283661.8,17739,LEGACY
2023-09-08,ZYDUSLIFE,Zydus Lifesciences,EQ,INE010B01027,635.7,635.75,622.3,628.15,628.3,633.0,544572,341486128.75,20849,LEGACY
2023-09-11,ABBOTINDIA,Abbott India,EQ,INE358A01014,23050.0,23135.55,22851.1,22985.1,23029.05,23002.3,8108,185966270.7,3457,LEGACY
2023-09-11,AJANTPHARM,Ajanta Pharma,EQ,INE031B01049,1739.7,1771.1,1718.05,1728.45,1735.9,1731.6,127654,221974675.8,15572,LEGACY
2023-09-11,ALKEM,Alkem Laboratories,EQ,INE540L01014,3635.0,3674.05,3621.25,3630.0,3640.0,3621.25,165271,600492963.4,10186,LEGACY
2023-09-11,APLLTD,Alembic Pharmaceuticals,EQ,INE901L01018,768.5,773.05,759.0,764.8,765.0,764.45,61065,46746812.35,5463,LEGACY
2023-09-11,AUROPHARMA,Aurobindo Pharma,EQ,INE406A01037,858.5,873.35,855.1,867.8,868.45,858.5,1626866,1410261550.2,44879,LEGACY
2023-09-11,BIOCON,Biocon,EQ,INE376G01013,268.35,278.05,266.85,276.4,275.9,266.4,4969656,1360110767.55,35331,LEGACY
2023-09-11,CIPLA,Cipla,EQ,INE059A01026,1244.6,1252.75,1236.5,1247.35,1247.9,1244.6,1162138,1443017580.4,54182,LEGACY
2023-09-11,DIVISLAB,Divi's Laboratories,EQ,INE361B01024,3700.0,3748.9,3691.8,3736.25,3722.1,3698.8,379770,1414678898.45,24656,LEGACY
2023-09-11,DRREDDY,Dr. Reddy's Laboratories,EQ,INE089A01023,5595.0,5664.0,5585.05,5613.8,5610.0,5583.8,262786,1477668165.65,25864,LEGACY
2023-09-11,GLAND,Gland Pharma,EQ,INE068V01023,1701.95,1709.0,1671.0,1685.2,1684.0,1692.35,269595,453592849.75,22559,LEGACY
2023-09-11,GLAXO,GlaxoSmithKline Pharmaceuticals,EQ,INE159A01016,1465.0,1480.85,1454.1,1460.45,1462.0,1461.5,79087,115848892.9,8246,LEGACY
2023-09-11,GLENMARK,Glenmark Pharmaceuticals,EQ,INE935A01035,779.05,813.2,779.05,810.95,810.75,776.85,1996311,1603315995.9,41259,LEGACY
2023-09-11,GRANULES,Granules India,EQ,INE101D01020,312.85,317.75,312.85,313.95,314.0,312.85,752473,237153141.1,11843,LEGACY
2023-09-11,IPCALAB,IPCA Laboratories,EQ,INE571A01038,902.0,904.85,894.1,899.7,900.0,902.85,109609,98539150.85,5489,LEGACY
2023-09-11,JBCHEPHARM,JB Chemicals & Pharmaceuticals,EQ,INE572A01028,2785.55,2855.0,2785.55,2843.55,2850.0,2782.95,96615,273753452.75,8875,LEGACY
2023-09-11,LAURUSLABS,Laurus Labs,EQ,INE947Q01028,411.9,415.5,405.3,407.4,407.0,410.25,1303882,534738503.6,21384,LEGACY
2023-09-11,LUPIN,Lupin,EQ,INE326A01037,1129.45,1134.9,1121.95,1126.5,1129.6,1128.6,1263543,1422330968.35,32839,LEGACY
2023-09-11,MANKIND,Mankind Pharma,EQ,INE634S01028,1766.5,1793.0,1752.05,1770.5,1765.1,1756.55,136095,241103509.55,11629,LEGACY
2023-09-11,NATCOPHARM,Natco Pharma,EQ,INE987B01026,863.0,865.0,811.0,813.3,811.5,881.75,3005988,2507976205.0,97130,LEGACY
2023-09-11,PEL,Piramal Enterprises,EQ,INE140A01024,1090.0,1139.95,1085.1,1127.2,1124.75,1089.45,2001551,2254089117.0,64196,LEGACY
2023-09-11,PFIZER,Pfizer,EQ,INE182A01018,3850.0,3899.9,3842.0,3846.2,3845.0,3847.55,33702,129990910.95,4418,LEGACY
2023-09-11,PPLPHARMA,Piramal Pharma,EQ,INE0DK501011,106.35,106.7,104.1,105.0,105.1,105.75,2989571,314413705.35,19356,LEGACY
2023-09-11,SANOFI,Sanofi India,EQ,INE058A01010,7149.95,7163.1,7090.0,7105.2,7115.0,7129.6,5961,42427940.7,2153,LEGACY
2023-09-11,STAR,Strides Pharma Science,EQ,INE939A01011,490.0,490.0,468.0,471.75,469.0,480.85,472805,226147371.5,13251,LEGACY
2023-09-11,SUNPHARMA,Sun Pharmaceutical Industries,EQ,INE044A01036,1130.45,1140.0,1125.7,1136.9,1138.2,1130.45,2032253,2300564482.55,80999,LEGACY
2023-09-11,TORNTPHARM,Torrent Pharmaceuticals,EQ,INE685A01028,1876.25,1897.65,1860.0,1867.25,1870.05,1872.75,707356,1322568330.7,32209,LEGACY
2023-09-11,WOCKPHARMA,Wockhardt,EQ,INE049B01025,261.0,262.7,252.5,253.1,253.15,260.15,726302,186690842.9,16141,LEGACY
2023-09-11,ZYDUSLIFE,Zydus Lifesciences,EQ,INE010B01027,632.0,634.9,626.4,628.55,628.1,628.15,701381,441626895.9,25131,LEGACY
2023-09-12,ABBOTINDIA,Abbott India,EQ,INE358A01014,23029.0,23250.0,22746.3,22897.25,22842.6,22985.1,18817,432317891.7,4203,LEGACY
2023-09-12,AJANTPHARM,Ajanta Pharma,EQ,INE031B01049,1735.2,1755.0,1700.0,1715.7,1718.0,1728.45,57955,99817224.2,9663,LEGACY
2023-09-12,ALKEM,Alkem Laboratories,EQ,INE540L01014,3655.0,3674.7,3622.1,3635.35,3636.0,3630.0,224129,815449022.4,24350,LEGACY
2023-09-12,APLLTD,Alembic Pharmaceuticals,EQ,INE901L01018,765.8,799.95,741.55,751.05,755.0,764.8,411646,317628308.3,30559,LEGACY
2023-09-12,AUROPHARMA,Aurobindo Pharma,EQ,INE406A01037,870.0,886.0,857.0,871.2,869.5,867.8,2376829,2072878521.1,52101,LEGACY
2023-09-12,BIOCON,Biocon,EQ,INE376G01013,277.3,277.3,265.55,267.3,267.75,276.4,5319049,1432830372.1,38884,LEGACY
2023-09-12,CIPLA,Cipla,EQ,INE059A01026,1247.95,1259.9,1234.95,1239.8,1238.7,1247.35,1132283,1408271837.1,67123,LEGACY
2023-09-12,DIVISLAB,Divi's Laboratories,EQ,INE361B01024,3749.0,3848.0,3725.25,3787.8,3786.7,3736.25,736438,2795837859.05,61123,LEGACY
2023-09-12,DRREDDY,Dr. Reddy's Laboratories,EQ,INE089A01023,5639.95,5717.0,5626.0,5673.8,5693.0,5613.8,516243,2931293484.6,55764,LEGACY
2023-09-12,GLAND,Gland Pharma,EQ,INE068V01023,1695.0,1703.3,1634.05,1653.6,1655.85,1685.2,326411,541268808.5,31690,LEGACY
2023-09-12,GLAXO,GlaxoSmithKline Pharmaceuticals,EQ,INE159A01016,1466.1,1480.55,1439.0,1461.75,1458.5,1460.45,59029,86270342.7,7724,LEGACY
2023-09-12,GLENMARK,Glenmark Pharmaceuticals,EQ,INE935A01035,812.0,820.0,789.0,814.2,816.1,810.95,1640273,1328730899.75,40016,LEGACY
2023-09-12,GRANULES,Granules India,EQ,INE101D01020,314.0,317.95,305.9,307.75,307.35,313.95,1519165,472235791.95,22901,LEGACY
2023-09-12,IPCALAB,IPCA Laboratories,EQ,INE571A01038,900.0,913.55,886.05,896.7,891.75,899.7,348393,312572449.5,14179,LEGACY
2023-09-12,JBCHEPHARM,JB Chemicals & Pharmaceuticals,EQ,INE572A01028,2858.5,3040.0,2853.05,2924.1,2921.0,2843.55,637194,1881899123.35,59140,LEGACY
2023-09-12,LAURUSLABS,Laurus Labs,EQ,INE947Q01028,399.9,404.85,377.25,384.1,384.15,407.4,6868926,2671834111.5,65781,LEGACY
2023-09-12,LUPIN,Lupin,EQ,INE326A01037,1137.95,1174.5,1132.05,1138.45,1134.75,1126.5,2799580,3223336417.4,99100,LEGACY
2023-09-12,MANKIND,Mankind Pharma,EQ,INE634S01028,1770.0,1798.0,1764.55,1784.35,1780.0,1770.5,564933,1007882431.8,29365,LEGACY
2023-09-12,NATCOPHARM,Natco Pharma,EQ,INE987B01026,813.3,834.0,805.3,819.15,822.45,813.3,1326376,1090866541.85,49041,LEGACY
2023-09-12,PEL,Piramal Enterprises,EQ,INE140A01024,1135.0,1136.0,1059.05,1063.65,1067.95,1127.2,2238875,2417650073.4,76900,LEGACY
2023-09-12,PFIZER,Pfizer,EQ,INE182A01018,3887.85,3890.05,3805.0,3841.7,3848.85,3846.2,33305,128196740.5,7827,LEGACY
2023-09-12,PPLPHARMA,Piramal Pharma,EQ,INE0DK501011,105.3,105.9,99.3,100.3,100.6,105.0,6566148,665513176.1,29189,LEGACY
2023-09-12,SANOFI,Sanofi India,EQ,INE058A01010,7105.2,7168.0,7090.0,7151.25,7160.0,7105.2,18509,132209177.35,6487,LEGACY
2023-09-12,STAR,Strides Pharma Science,EQ,INE939A01011,471.55,477.2,452.5,457.05,458.0,471.75,428508,197397940.25,14014,LEGACY
2023-09-12,SUNPHARMA,Sun Pharmaceutical Industries,EQ,INE044A01036,1142.05,1153.8,1137.1,1145.25,1145.0,1136.9,3989578,4576336815.75,97014,LEGACY
2023-09-12,TORNTPHARM,Torrent Pharmaceuticals,EQ,INE685A01028,1879.0,1885.75,1847.35,1857.5,1859.0,1867.25,359243,667936295.8,29285,LEGACY
2023-09-12,WOCKPHARMA,Wockhardt,EQ,INE049B01025,254.8,258.5,238.85,239.85,240.0,253.1,1073026,263746734.2,15723,LEGACY
2023-09-12,ZYDUSLIFE,Zydus Lifesciences,EQ,INE010B01027,629.75,643.0,623.8,627.75,626.3,628.55,879018,554690178.75,29562,LEGACY
2023-09-13,ABBOTINDIA,Abbott India,EQ,INE358A01014,22997.0,23050.0,22555.0,23004.15,23017.0,22897.25,15208,346790707.45,4971,LEGACY
2023-09-13,AJANTPHARM,Ajanta Pharma,EQ,INE031B01049,1724.25,1904.45,1715.0,1821.25,1830.25,1715.7,1671499,3079222523.25,112716,LEGACY
2023-09-13,ALKEM,Alkem Laboratories,EQ,INE540L01014,3635.9,3750.0,3635.9,3744.75,3748.7,3635.35,287827,1067711153.15,27622,LEGACY
2023-09-13,APLLTD,Alembic Pharmaceuticals,EQ,INE901L01018,754.8,778.85,746.05,773.9,775.0,751.05,88721,68024178.95,8258,LEGACY
2023-09-13,AUROPHARMA,Aurobindo Pharma,EQ,INE406A01037,871.0,907.7,871.0,902.5,899.0,871.2,5086869,4540632460.1,112230,LEGACY
2023-09-13,BIOCON,Biocon,EQ,INE376G01013,267.3,271.95,265.85,270.85,270.3,267.3,2367997,638022866.35,20784,LEGACY
2023-09-13,CIPLA,Cipla,EQ,INE059A01026,1242.0,1250.0,1223.3,1228.5,1226.85,1239.8,1627384,2004415662.2,62990,LEGACY
2023-09-13,DIVISLAB,Divi's Laboratories,EQ,INE361B01024,3800.0,3826.0,3740.0,3750.85,3752.1,3787.8,319699,1203050943.7,32907,LEGACY
2023-09-13,DRREDDY,Dr. Reddy's Laboratories,EQ,INE089A01023,5710.0,5759.5,5671.3,5738.9,5748.0,5673.8,314323,1798650732.8,30853,LEGACY
2023-09-13,GLAND,Gland Pharma,EQ,INE068V01023,1653.55,1670.95,1616.45,1639.9,1635.75,1653.6,226760,371467061.45,21405,LEGACY
2023-09-13,GLAXO,GlaxoSmithKline Pharmaceuticals,EQ,INE159A01016,1465.95,1552.0,1455.4,1544.05,1542.5,1461.75,335670,510333822.4,23296,LEGACY
2023-09-13,GLENMARK,Glenmark Pharmaceuticals,EQ,INE935A01035,819.2,864.7,812.8,861.9,864.0,814.2,4770907,4045781585.2,97087,LEGACY
2023-09-13,GRANULES,Granules India,EQ,INE101D01020,313.7,325.85,312.85,320.55,321.2,307.75,8981723,2878680167.1,84518,LEGACY
2023-09-13,IPCALAB,IPCA Laboratories,EQ,INE571A01038,898.95,908.5,886.1,888.25,890.15,896.7,320127,286021382.15,15514,LEGACY
2023-09-13,JBCHEPHARM,JB Chemicals & Pharmaceuticals,EQ,INE572A01028,2924.0,3049.0,2905.2,2941.0,2970.0,2924.1,232885,693057137.9,27165,LEGACY
2023-09-13,LAURUSLABS,Laurus Labs,EQ,INE947Q01028,379.5,395.0,379.5,388.1,389.45,384.1,2216349,863032018.25,26964,LEGACY
2023-09-13,LUPIN,Lupin,EQ,INE326A01037,1142.35,1153.2,1133.4,1145.5,1146.0,1138.45,831001,951177429.95,35437,LEGACY
2023-09-13,MANKIND,Mankind Pharma,EQ,INE634S01028,1783.0,1819.9,1777.05,1813.5,1812.0,1784.35,392747,703592090.75,11406,LEGACY
2023-09-13,NATCOPHARM,Natco Pharma,EQ,INE987B01026,819.95,881.95,819.85,856.1,856.0,819.15,1424485,1210956918.45,44646,LEGACY
2023-09-13,PEL,Piramal Enterprises,EQ,INE140A01024,1060.0,1078.95,1036.5,1073.7,1072.0,1063.65,2681128,2850375975.4,73957,LEGACY
2023-09-13,PFIZER,Pfizer,EQ,INE182A01018,3849.9,3870.0,3835.55,3849.6,3850.0,3841.7,55192,212783748.45,3792,LEGACY
2023-09-13,PPLPHARMA,Piramal Pharma,EQ,INE0DK501011,99.0,103.25,98.8,103.0,103.0,100.3,4940446,500231589.95,20248,LEGACY
2023-09-13,SANOFI,Sanofi India,EQ,INE058A01010,7171.0,7345.0,7100.05,7267.15,7272.0,7151.25,34041,246869661.0,8384,LEGACY
2023-09-13,STAR,Strides Pharma Science,EQ,INE939A01011,460.0,472.0,453.1,465.75,466.0,457.05,285808,132372557.65,14415,LEGACY
2023-09-13,SUNPHARMA,Sun Pharmaceutical Industries,EQ,INE044A01036,1149.0,1156.7,1142.3,1148.75,1147.75,1145.25,2115524,2431896795.0,83111,LEGACY
2023-09-13,TORNTPHARM,Torrent Pharmaceuticals,EQ,INE685A01028,1864.65,1876.95,1848.2,1868.55,1870.05,1857.5,338259,629488959.45,31984,LEGACY
2023-09-13,WOCKPHARMA,Wockhardt,EQ,INE049B01025,240.6,254.7,239.1,251.1,251.25,239.85,1269555,315314963.3,19499,LEGACY
2023-09-13,ZYDUSLIFE,Zydus Lifesciences,EQ,INE010B01027,625.15,644.45,625.15,643.25,643.2,627.75,1167179,743967850.8,46058,LEGACY
2023-09-14,ABBOTINDIA,Abbott India,EQ,INE358A01014,23141.35,23186.3,22860.05,22910.6,23000.0,23004.15,16366,375914052.55,10988,LEGACY
2023-09-14,AJANTPHARM,Ajanta Pharma,EQ,INE031B01049,1845.0,1858.0,1785.05,1793.05,1798.65,1821.25,185457,336421917.5,15383,LEGACY
2023-09-14,ALKEM,Alkem Laboratories,EQ,INE540L01014,3753.2,3770.95,3671.05,3709.45,3725.0,3744.75,244362,906412775.65,42455,LEGACY
2023-09-14,APLLTD,Alembic Pharmaceuticals,EQ,INE901L01018,777.8,784.8,769.95,772.8,774.4,773.9,45393,35250988.0,5721,LEGACY
2023-09-14,AUROPHARMA,Aurobindo Pharma,EQ,INE406A01037,904.05,904.5,885.1,895.75,896.0,902.5,1481077,1322800208.65,42941,LEGACY
2023-09-14,BIOCON,Biocon,EQ,INE376G01013,272.65,275.4,271.5,274.95,274.65,270.85,2486100,680631737.45,26402,LEGACY
2023-09-14,CIPLA,Cipla,EQ,INE059A01026,1230.0,1244.25,1225.0,1233.75,1234.8,1228.5,1713142,2112644634.55,111102,LEGACY
2023-09-14,DIVISLAB,Divi's Laboratories,EQ,INE361B01024,3755.55,3827.95,3755.55,3817.9,3826.0,3750.85,483608,1837546402.45,56485,LEGACY
2023-09-14,DRREDDY,Dr. Reddy's Laboratories,EQ,INE089A01023,5770.0,5776.3,5704.55,5744.65,5738.0,5738.9,227946,1307293898.4,42337,LEGACY
2023-09-14,GLAND,Gland Pharma,EQ,INE068V01023,1645.0,1676.35,1641.05,1659.9,1660.0,1639.9,144972,240835619.7,14573,LEGACY
2023-09-14,GLAXO,GlaxoSmithKline Pharmaceuticals,EQ,INE159A01016,1552.0,1554.0,1531.0,1538.55,1538.45,1544.05,96048,147817597.5,7495,LEGACY
2023-09-14,GLENMARK,Glenmark Pharmaceuticals,EQ,INE935A01035,864.0,870.0,854.1,865.4,864.95,861.9,1081354,933979980.85,29115,LEGACY
2023-09-14,GRANULES,Granules India,EQ,INE101D01020,323.25,335.4,321.0,334.4,334.85,320.55,4735174,1561972664.05,47739,LEGACY
2023-09-14,IPCALAB,IPCA Laboratories,EQ,INE571A01038,895.25,903.2,890.15,901.4,899.6,888.25,164954,148160424.25,8348,LEGACY
2023-09-14,JBCHEPHARM,JB Chemicals & Pharmaceuticals,EQ,INE572A01028,2955.75,3035.0,2949.05,2975.5,2993.85,2941.0,130461,389746890.35,12114,LEGACY
2023-09-14,LAURUSLABS,Laurus Labs,EQ,INE947Q01028,389.5,402.45,388.05,399.2,398.35,388.1,1884107,746384242.5,28041,LEGACY
2023-09-14,LUPIN,Lupin,EQ,INE326A01037,1143.0,1160.4,1141.05,1155.65,1153.3,1145.5,633507,730224188.45,34877,LEGACY
2023-09-14,MANKIND,Mankind Pharma,EQ,INE634S01028,1820.95,1839.9,1785.0,1797.75,1798.95,1813.5,426602,769986037.45,15611,LEGACY
2023-09-14,NATCOPHARM,Natco Pharma,EQ,INE987B01026,854.95,868.95,850.0,862.1,860.4,856.1,444207,382789606.95,23445,LEGACY
2023-09-14,PEL,Piramal Enterprises,EQ,INE140A01024,1052.5,1075.0,1048.85,1068.7,1067.75,1073.7,5601758,5953384090.95,119327,LEGACY
2023-09-14,PFIZER,Pfizer,EQ,INE182A01018,3849.85,3880.8,3845.0,3849.2,3848.0,3849.6,12977,50007478.95,2404,LEGACY
2023-09-14,PPLPHARMA,Piramal Pharma,EQ,INE0DK501011,103.35,104.4,101.95,102.2,102.45,103.0,3098969,319175538.65,15002,LEGACY
2023-09-14,SANOFI,Sanofi India,EQ,INE058A01010,7250.0,7324.9,7206.15,7262.1,7274.0,7267.15,7948,57750572.15,2919,LEGACY
2023-09-14,STAR,Strides Pharma Science,EQ,INE939A01011,467.0,471.0,463.35,468.15,470.0,465.75,145536,67925471.65,5676,LEGACY
2023-09-14,SUNPHARMA,Sun Pharmaceutical Industries,EQ,INE044A01036,1148.75,1150.9,1138.75,1143.8,1145.4,1148.75,2065163,2362550392.45,92766,LEGACY
2023-09-14,TORNTPHARM,Torrent Pharmaceuticals,EQ,INE685A01028,1880.0,1885.9,1837.6,1839.7,1840.0,1868.55,593724,1098905452.3,29665,LEGACY
2023-09-14,WOCKPHARMA,Wockhardt,EQ,INE049B01025,253.0,258.3,251.5,256.15,255.05,251.1,1010467,258179521.7,14674,LEGACY
2023-09-14,ZYDUSLIFE,Zydus Lifesciences,EQ,INE010B01027,648.3,648.5,637.25,639.9,640.0,643.25,780283,501002443.75,28368,LEGACY
2023-09-15,ABBOTINDIA,Abbott India,EQ,INE358A01014,22910.6,23645.95,22901.0,23351.15,23290.0,22910.6,22279,518799825.6,6765,LEGACY
2023-09-15,AJANTPHARM,Ajanta Pharma,EQ,INE031B01049,1802.45,1836.0,1691.5,1711.1,1699.45,1793.05,400656,699261939.4,30818,LEGACY
2023-09-15,ALKEM,Alkem Laboratories,EQ,INE540L01014,3700.0,3748.0,3664.0,3675.95,3679.95,3709.45,168718,624239784.4,20738,LEGACY
2023-09-15,APLLTD,Alembic Pharmaceuticals,EQ,INE901L01018,776.05,790.5,772.8,784.55,784.65,772.8,151691,118711430.65,12029,LEGACY
2023-09-15,AUROPHARMA,Aurobindo Pharma,EQ,INE406A01037,898.8,904.9,892.95,898.85,896.7,895.75,2310793,2077400408.05,49875,LEGACY
2023-09-15,BIOCON,Biocon,EQ,INE376G01013,275.0,279.9,273.25,276.75,276.3,274.95,6956452,1931556800.15,54514,LEGACY
2023-09-15,CIPLA,Cipla,EQ,INE059A01026,1234.8,1241.95,1228.3,1235.5,1235.0,1233.75,1938487,2392529048.65,56569,LEGACY
2023-09-15,DIVISLAB,Divi's Laboratories,EQ,INE361B01024,3825.9,3845.0,3805.4,3815.5,3819.65,3817.9,315409,1205914075.8,30726,LEGACY
2023-09-15,DRREDDY,Dr. Reddy's Laboratories,EQ,INE089A01023,5776.6,5842.85,5733.1,5819.5,5829.95,5744.65,413821,2397873725.9,40830,LEGACY
2023-09-15,GLAND,Gland Pharma,EQ,INE068V01023,1670.0,1715.0,1635.05,1696.15,1705.0,1659.9,269279,452002403.3,17151,LEGACY
2023-09-15,GLAXO,GlaxoSmithKline Pharmaceuticals,EQ,INE159A01016,1538.55,1615.05,1499.25,1600.25,1592.75,1538.55,306690,479698203.45,23110,LEGACY
2023-09-15,GLENMARK,Glenmark Pharmaceuticals,EQ,INE935A01035,866.0,873.0,852.0,856.5,858.4,865.4,1238233,1063821594.9,23413,LEGACY
2023-09-15,GRANULES,Granules India,EQ,INE101D01020,336.5,338.25,330.65,331.25,331.35,334.4,2432640,813563461.1,33541,LEGACY
2023-09-15,IPCALAB,IPCA Laboratories,EQ,INE571A01038,904.0,939.0,901.65,930.75,932.0,901.4,1953868,1811043144.85,56944,LEGACY
2023-09-15,JBCHEPHARM,JB Chemicals & Pharmaceuticals,EQ,INE572A01028,2999.7,3035.0,2929.95,2956.95,2949.0,2975.5,93492,276820418.45,12484,LEGACY
2023-09-15,LAURUSLABS,Laurus Labs,EQ,INE947Q01028,399.95,407.25,397.6,400.95,400.05,399.2,2134121,858393334.95,27724,LEGACY
2023-09-15,LUPIN,Lupin,EQ,INE326A01037,1162.3,1162.75,1148.05,1150.7,1150.0,1155.65,967345,1115633762.75,23836,LEGACY
2023-09-15,MANKIND,Mankind Pharma,EQ,INE634S01028,1785.2,1794.95,1761.55,1765.65,1769.0,1797.75,165612,293407772.1,10778,LEGACY
2023-09-15,NATCOPHARM,Natco Pharma,EQ,INE987B01026,866.4,889.2,865.05,882.25,882.6,862.1,796970,700889787.4,32268,LEGACY
2023-09-15,PEL,Piramal Enterprises,EQ,INE140A01024,1069.0,1078.3,1052.25,1070.8,1067.0,1068.7,1978567,2107857980.55,46224,LEGACY
2023-09-15,PFIZER,Pfizer,EQ,INE182A01018,3868.0,3915.0,3845.0,3905.05,3885.0,3849.2,31182,120965950.65,4014,LEGACY
2023-09-15,PPLPHARMA,Piramal Pharma,EQ,INE0DK501011,102.5,103.6,101.5,101.7,101.9,102.2,5351540,547262548.75,25691,LEGACY
2023-09-15,SANOFI,Sanofi India,EQ,INE058A01010,7301.0,7301.0,7142.5,7181.25,7160.0,7262.1,7060,50891930.4,2033,LEGACY
2023-09-15,STAR,Strides Pharma Science,EQ,INE939A01011,489.0,522.75,480.1,493.95,492.9,468.15,6847119,3467342191.85,124125,LEGACY
2023-09-15,SUNPHARMA,Sun Pharmaceutical Industries,EQ,INE044A01036,1144.0,1153.8,1144.0,1149.8,1151.0,1143.8,2404169,2764500082.9,78056,LEGACY
2023-09-15,TORNTPHARM,Torrent Pharmaceuticals,EQ,INE685A01028,1850.0,1875.0,1846.5,1872.0,1865.35,1839.7,525652,979851183.5,25619,LEGACY
2023-09-15,WOCKPHARMA,Wockhardt,EQ,INE049B01025,257.7,262.0,242.75,246.8,247.5,256.15,1549698,390170411.05,20785,LEGACY
2023-09-15,ZYDUSLIFE,Zydus Lifesciences,EQ,INE010B01027,642.95,648.95,640.35,645.35,647.5,639.9,1436938,926016570.2,33828,LEGACY
2023-09-18,ABBOTINDIA,Abbott India,EQ,INE358A01014,23351.15,23504.0,23116.05,23308.35,23299.7,23351.15,18594,433455406.4,5583,LEGACY
2023-09-18,AJANTPHARM,Ajanta Pharma,EQ,INE031B01049,1735.75,1735.75,1665.5,1667.05,1670.85,1711.1,192742,325126805.55,22003,LEGACY
2023-09-18,ALKEM,Alkem Laboratories,EQ,INE540L01014,3690.95,3709.85,3635.8,3659.9,3664.4,3675.95,119029,435859423.0,14685,LEGACY
2023-09-18,APLLTD,Alembic Pharmaceuticals,EQ,INE901L01018,788.5,789.95,775.15,783.3,782.95,784.55,54546,42656799.95,6240,LEGACY
2023-09-18,AUROPHARMA,Aurobindo Pharma,EQ,INE406A01037,897.95,907.2,884.75,894.6,894.65,898.85,1573211,1410532925.7,40779,LEGACY
2023-09-18,BIOCON,Biocon,EQ,INE376G01013,277.8,278.4,272.0,273.2,272.8,276.75,2554179,704845284.95,23548,LEGACY
2023-09-18,CIPLA,Cipla,EQ,INE059A01026,1240.95,1257.6,1237.05,1240.55,1244.0,1235.5,1864030,2322728841.05,56089,LEGACY
2023-09-18,DIVISLAB,Divi's Laboratories,EQ,INE361B01024,3808.2,3820.0,3771.5,3785.3,3775.0,3815.5,185723,704294308.5,18088,LEGACY
2023-09-18,DRREDDY,Dr. Reddy's Laboratories,EQ,INE089A01023,5821.0,5828.8,5721.9,5728.0,5722.0,5819.5,251348,1446205670.15,25484,LEGACY
2023-09-18,GLAND,Gland Pharma,EQ,INE068V01023,1704.95,1714.25,1685.0,1696.95,1687.0,1696.15,191037,324883840.9,18841,LEGACY
2023-09-18,GLAXO,GlaxoSmithKline Pharmaceuticals,EQ,INE159A01016,1593.45,1624.0,1578.65,1592.95,1595.0,1600.25,138150,221382601.25,11306,LEGACY
2023-09-18,GLENMARK,Glenmark Pharmaceuticals,EQ,INE935A01035,857.0,865.3,844.0,851.55,853.9,856.5,1094585,933297961.6,25027,LEGACY
2023-09-18,GRANULES,Granules India,EQ,INE101D01020,333.0,334.75,326.0,326.9,326.8,331.25,1229038,405581739.25,19482,LEGACY
2023-09-18,IPCALAB,IPCA Laboratories,EQ,INE571A01038,938.4,955.0,924.0,927.55,927.0,930.75,1040865,976491897.0,36993,LEGACY
2023-09-18,JBCHEPHARM,JB Chemicals & Pharmaceuticals,EQ,INE572A01036,1478.0,1503.85,1477.8,1484.7,1485.0,2956.95,161359,239919530.85,10265,LEGACY
2023-09-18,LAURUSLABS,Laurus Labs,EQ,INE947Q01028,400.95,405.45,391.7,393.7,394.5,400.95,1568717,621782399.15,22693,LEGACY
2023-09-18,LUPIN,Lupin,EQ,INE326A01037,1145.5,1157.75,1131.0,1139.55,1139.5,1150.7,706005,805094601.2,23948,LEGACY
2023-09-18,MANKIND,Mankind Pharma,EQ,INE634S01028,1770.0,1773.4,1731.05,1734.45,1734.0,1765.65,135735,236344986.85,15329,LEGACY
2023-09-18,NATCOPHARM,Natco Pharma,EQ,INE987B01026,882.25,888.0,862.0,868.35,870.0,882.25,313226,273353485.15,21075,LEGACY
2023-09-18,PEL,Piramal Enterprises,EQ,INE140A01024,1068.05,1092.95,1063.1,1082.7,1078.7,1070.8,1978697,2141915634.6,57562,LEGACY
2023-09-18,PFIZER,Pfizer,EQ,INE182A01018,3905.05,3937.95,3894.5,3913.6,3901.55,3905.05,41603,162812477.35,3469,LEGACY
2023-09-18,PPLPHARMA,Piramal Pharma,EQ,INE0DK501011,101.75,103.8,100.55,101.05,101.05,101.7,4781937,485557378.0,23321,LEGACY
2023-09-18,SANOFI,Sanofi India,EQ,INE058A01010,7201.4,7216.95,7135.5,7144.0,7142.0,7181.25,4828,34570427.85,1843,LEGACY
2023-09-18,STAR,Strides Pharma Science,EQ,INE939A01011,492.95,498.4,483.1,486.25,484.0,493.95,582940,285260283.1,18156,LEGACY
2023-09-18,SUNPHARMA,Sun Pharmaceutical Industries,EQ,INE044A01036,1149.0,1157.0,1142.55,1147.65,1149.0,1149.8,962842,1105664937.85,40003,LEGACY
2023-09-18,TORNTPHARM,Torrent Pharmaceuticals,EQ,INE685A01028,1879.0,1897.35,1863.25,1884.45,1882.0,1872.0,246025,462767339.55,16540,LEGACY
2023-09-18,WOCKPHARMA,Wockhardt,EQ,INE049B01025,247.0,250.7,240.15,242.15,241.55,246.8,1504437,369362822.1,10251,LEGACY
2023-09-18,ZYDUSLIFE,Zydus Lifesciences,EQ,INE010B01027,645.35,653.9,640.6,643.4,643.0,645.35,1030256,667512413.75,29460,LEGACY
2023-09-20,ABBOTINDIA,Abbott India,EQ,INE358A01014,23299.95,23365.05,23137.4,23191.5,23150.05,23308.35,4759,110527759.1,1727,LEGACY
2023-09-20,AJANTPHARM,Ajanta Pharma,EQ,INE031B01049,1667.05,1732.75,1667.05,1701.45,1691.05,1667.05,309605,529769640.05,31949,LEGACY
2023-09-20,ALKEM,Alkem Laboratories,EQ,INE540L01014,3659.85,3694.0,3616.95,3685.25,3685.7,3659.9,62007,227067950.25,8824,LEGACY
2023-09-20,APLLTD,Alembic Pharmaceuticals,EQ,INE901L01018,794.0,826.75,770.4,776.35,774.4,783.3,1062232,856208183.65,39273,LEGACY
2023-09-20,AUROPHARMA,Aurobindo Pharma,EQ,INE406A01037,894.6,899.5,886.25,890.0,890.0,894.6,1612327,1437462252.05,33982,LEGACY
2023-09-20,BIOCON,Biocon,EQ,INE376G01013,273.95,275.65,268.5,273.2,273.65,273.2,3260778,888891393.25,31693,LEGACY
2023-09-20,CIPLA,Cipla,EQ,INE059A01026,1243.25,1252.6,1236.0,1239.7,1240.2,1240.55,1701959,2114968701.9,64777,LEGACY
2023-09-20,DIVISLAB,Divi's Laboratories,EQ,INE361B01024,3774.0,3803.4,3755.0,3779.6,3785.0,3785.3,201038,759936815.75,22428,LEGACY
2023-09-20,DRREDDY,Dr. Reddy's Laboratories,EQ,INE089A01023,5721.85,5721.85,5602.0,5615.05,5610.0,5728.0,453281,2559088628.75,53445,LEGACY
2023-09-20,GLAND,Gland Pharma,EQ,INE068V01023,1688.95,1694.45,1665.0,1680.9,1676.85,1696.95,125725,211324457.75,13802,LEGACY
2023-09-20,GLAXO,GlaxoSmithKline Pharmaceuticals,EQ,INE159A01016,1595.0,1605.05,1560.0,1568.85,1568.0,1592.95,46263,73084160.65,5866,LEGACY
2023-09-20,GLENMARK,Glenmark Pharmaceuticals,EQ,INE935A01035,853.0,863.0,828.1,856.6,859.95,851.55,1526780,1298698799.35,32106,LEGACY
2023-09-20,GRANULES,Granules India,EQ,INE101D01020,325.0,333.95,321.0,331.6,332.2,326.9,1988574,654503525.0,29243,LEGACY
2023-09-20,IPCALAB,IPCA Laboratories,EQ,INE571A01038,924.05,925.95,905.0,913.25,916.85,927.55,538630,492195015.2,17027,LEGACY
2023-09-20,JBCHEPHARM,JB Chemicals & Pharmaceuticals,EQ,INE572A01036,1500.7,1513.25,1472.45,1478.65,1478.0,1484.7,108715,161576263.25,9063,LEGACY
2023-09-20,LAURUSLABS,Laurus Labs,EQ,INE947Q01028,393.7,396.2,388.4,395.1,394.4,393.7,943214,370315855.85,14558,LEGACY
2023-09-20,LUPIN,Lupin,EQ,INE326A01037,1135.0,1158.0,1134.35,1149.55,1147.35,1139.55,1089288,1249575262.3,40860,LEGACY
2023-09-20,MANKIND,Mankind Pharma,EQ,INE634S01028,1733.0,1733.0,1693.6,1707.95,1707.4,1734.45,183570,313111466.8,32081,LEGACY
2023-09-20,NATCOPHARM,Natco Pharma,EQ,INE987B01026,868.35,882.0,863.65,868.9,868.95,868.35,311935,272048206.7,17516,LEGACY
2023-09-20,PEL,Piramal Enterprises,EQ,INE140A01024,1075.0,1087.3,1064.0,1067.95,1068.05,1082.7,932628,1001088939.6,31631,LEGACY
2023-09-20,PFIZER,Pfizer,EQ,INE182A01018,3913.6,3919.7,3860.0,3890.15,3871.0,3913.6,54435,210719646.15,4207,LEGACY
2023-09-20,PPLPHARMA,Piramal Pharma,EQ,INE0DK501011,100.9,101.2,99.2,99.75,100.0,101.05,2984202,298960312.35,11291,LEGACY
2023-09-20,SANOFI,Sanofi India,EQ,INE058A01010,7135.5,7250.0,7100.0,7127.8,7106.9,7144.0,6266,44670372.95,1823,LEGACY
2023-09-20,STAR,Strides Pharma Science,EQ,INE939A01011,481.2,493.25,473.0,488.05,487.95,486.25,627023,304515278.7,18085,LEGACY
2023-09-20,SUNPHARMA,Sun Pharmaceutical Industries,EQ,INE044A01036,1148.0,1156.0,1139.0,1153.15,1152.75,1147.65,2303191,2654318935.5,105153,LEGACY
2023-09-20,TORNTPHARM,Torrent Pharmaceuticals,EQ,INE685A01028,1887.4,1892.95,1871.15,1884.15,1887.0,1884.45,318131,598779873.65,28329,LEGACY
2023-09-20,WOCKPHARMA,Wockhardt,EQ,INE049B01025,243.0,248.05,239.0,240.4,241.3,242.15,1230926,298887610.8,19917,LEGACY
2023-09-20,ZYDUSLIFE,Zydus Lifesciences,EQ,INE010B01027,645.0,646.95,623.6,624.75,626.15,643.4,1228062,773937577.45,27808,LEGACY
2023-09-21,ABBOTINDIA,Abbott India,EQ,INE358A01014,23101.0,23188.65,22800.0,22838.35,22849.0,23191.5,4203,96530665.6,1729,LEGACY
2023-09-21,AJANTPHARM,Ajanta Pharma,EQ,INE031B01049,1700.05,1748.5,1692.45,1722.7,1729.7,1701.45,199236,343412179.45,23993,LEGACY
2023-09-21,ALKEM,Alkem Laboratories,EQ,INE540L01014,3690.0,3690.0,3645.0,3651.85,3650.0,3685.25,146526,536083679.45,17030,LEGACY
2023-09-21,APLLTD,Alembic Pharmaceuticals,EQ,INE901L01018,774.4,788.45,762.0,764.85,768.0,776.35,117367,91022641.65,7243,LEGACY
2023-09-21,AUROPHARMA,Aurobindo Pharma,EQ,INE406A01037,888.0,897.1,873.05,876.45,875.0,890.0,702319,622811885.25,23447,LEGACY
2023-09-21,BIOCON,Biocon,EQ,INE376G01013,275.0,276.0,266.2,267.0,267.45,273.2,4855030,1311129190.4,35675,LEGACY
2023-09-21,CIPLA,Cipla,EQ,INE059A01026,1232.0,1240.25,1204.0,1206.4,1209.1,1239.7,1895731,2304875159.55,89908,LEGACY
2023-09-21,DIVISLAB,Divi's Laboratories,EQ,INE361B01024,3775.55,3798.2,3733.1,3746.8,3743.05,3779.6,262481,986195399.45,41144,LEGACY
2023-09-21,DRREDDY,Dr. Reddy's Laboratories,EQ,INE089A01023,5615.5,5697.0,5612.85,5668.5,5677.0,5615.05,585343,3309224816.0,57621,LEGACY
2023-09-21,GLAND,Gland Pharma,EQ,INE068V01023,1679.4,1709.0,1665.45,1694.85,1689.8,1680.9,200954,339616211.85,16971,LEGACY
2023-09-21,GLAXO,GlaxoSmithKline Pharmaceuticals,EQ,INE159A01016,1560.75,1595.8,1545.4,1555.8,1554.5,1568.85,92022,143311469.2,8196,LEGACY
2023-09-21,GLENMARK,Glenmark Pharmaceuticals,EQ,INE935A01035,860.0,880.0,821.5,827.7,831.95,856.6,3621515,3106291294.6,80197,LEGACY
2023-09-21,GRANULES,Granules India,EQ,INE101D01020,332.75,333.65,322.2,323.2,323.0,331.6,1323430,433760176.0,19400,LEGACY
2023-09-21,IPCALAB,IPCA Laboratories,EQ,INE571A01038,913.0,919.15,896.0,900.05,898.0,913.25,273994,248884974.5,12799,LEGACY
2023-09-21,JBCHEPHARM,JB Chemicals & Pharmaceuticals,EQ,INE572A01036,1470.0,1477.85,1400.05,1442.15,1425.45,1478.65,280853,404089986.05,34594,LEGACY
2023-09-21,LAURUSLABS,Laurus Labs,EQ,INE947Q01028,395.6,397.75,389.7,390.7,390.35,395.1,890350,349695414.5,15738,LEGACY
2023-09-21,LUPIN,Lupin,EQ,INE326A01037,1142.0,1149.85,1122.8,1127.3,1125.5,1149.55,635556,722896732.0,26554,LEGACY
2023-09-21,MANKIND,Mankind Pharma,EQ,INE634S01028,1707.0,1748.8,1701.0,1739.8,1743.5,1707.95,471622,806900954.4,9783,LEGACY
2023-09-21,NATCOPHARM,Natco Pharma,EQ,INE987B01026,869.0,877.4,854.05,859.95,861.0,868.9,318269,275133397.2,22002,LEGACY
2023-09-21,PEL,Piramal Enterprises,EQ,INE140A01024,1064.8,1076.5,1043.8,1046.65,1047.45,1067.95,920096,971574695.95,32389,LEGACY
2023-09-21,PFIZER,Pfizer,EQ,INE182A01018,3910.0,3910.0,3802.0,3831.9,3828.55,3890.15,42121,161779641.75,4839,LEGACY
2023-09-21,PPLPHARMA,Piramal Pharma,EQ,INE0DK501011,99.75,100.8,96.2,96.65,96.8,99.75,5306384,519659391.3,27551,LEGACY
2023-09-21,SANOFI,Sanofi India,EQ,INE058A01010,7150.0,7163.9,7080.2,7148.35,7150.0,7127.8,12598,89882399.7,3114,LEGACY
2023-09-21,STAR,Strides Pharma Science,EQ,INE939A01011,490.0,494.65,483.8,487.1,485.3,488.05,458067,223745257.9,15502,LEGACY
2023-09-21,SUNPHARMA,Sun Pharmaceutical Industries,EQ,INE044A01036,1149.0,1156.95,1141.15,1146.15,1144.5,1153.15,2088934,2397619812.25,119838,LEGACY
2023-09-21,TORNTPHARM,Torrent Pharmaceuticals,EQ,INE685A01028,1882.0,1887.55,1863.5,1874.4,1874.6,1884.15,386004,722792649.1,10298,LEGACY
2023-09-21,WOCKPHARMA,Wockhardt,EQ,INE049B01025,240.5,244.5,228.95,231.8,230.7,240.4,1494188,354742779.2,11602,LEGACY
2023-09-21,ZYDUSLIFE,Zydus Lifesciences,EQ,INE010B01027,628.5,635.3,613.85,615.65,617.0,624.75,1390821,866339583.75,34451,LEGACY
2023-09-22,ABBOTINDIA,Abbott India,EQ,INE358A01014,22838.35,22938.0,22359.0,22543.25,22500.05,22838.35,9333,210316096.3,3930,LEGACY
2023-09-22,AJANTPHARM,Ajanta Pharma,EQ,INE031B01049,1731.7,1731.7,1673.5,1705.9,1702.0,1722.7,140919,239449748.75,18116,LEGACY
2023-09-22,ALKEM,Alkem Laboratories,EQ,INE540L01014,3651.15,3662.15,3541.05,3550.65,3552.0,3651.85,267533,952003363.9,18115,LEGACY
2023-09-22,APLLTD,Alembic Pharmaceuticals,EQ,INE901L01018,768.65,782.45,745.0,752.2,754.65,764.85,160911,122178626.35,15543,LEGACY
2023-09-22,AUROPHARMA,Aurobindo Pharma,EQ,INE406A01037,876.0,876.05,845.15,866.4,869.0,876.45,1427856,1233118189.35,46915,LEGACY
2023-09-22,BIOCON,Biocon,EQ,INE376G01013,267.0,269.25,261.3,264.35,263.7,267.0,3614837,954226760.95,32149,LEGACY
2023-09-22,CIPLA,Cipla,EQ,INE059A01026,1207.4,1209.1,1168.55,1185.9,1186.4,1206.4,2796199,3308010853.15,75486,LEGACY
2023-09-22,DIVISLAB,Divi's Laboratories,EQ,INE361B01024,3721.0,3742.0,3685.0,3705.05,3701.0,3746.8,190002,705110085.5,24102,LEGACY
2023-09-22,DRREDDY,Dr. Reddy's Laboratories,EQ,INE089A01023,5668.5,5693.9,5502.0,5517.05,5537.0,5668.5,489557,2717992452.95,47580,LEGACY
2023-09-22,GLAND,Gland Pharma,EQ,INE068V01023,1697.8,1704.55,1681.25,1693.2,1693.0,1694.85,170216,288687866.15,14580,LEGACY
2023-09-22,GLAXO,GlaxoSmithKline Pharmaceuticals,EQ,INE159A01016,1565.0,1575.45,1544.75,1560.55,1568.2,1555.8,143149,222778904.3,9547,LEGACY
2023-09-22,GLENMARK,Glenmark Pharmaceuticals,EQ,INE935A01035,805.0,829.9,775.0,802.8,803.05,827.7,6359197,5060074123.4,112725,LEGACY
2023-09-22,GRANULES,Granules India,EQ,INE101D01020,323.2,338.55,320.8,336.8,336.5,323.2,3802198,1263858495.6,46339,LEGACY
2023-09-22,IPCALAB,IPCA Laboratories,EQ,INE571A01038,900.05,903.7,878.0,894.25,893.95,900.05,474060,423512685.75,17427,LEGACY
2023-09-22,JBCHEPHARM,JB Chemicals & Pharmaceuticals,EQ,INE572A01036,1425.0,1429.75,1371.1,1377.7,1384.0,1442.15,208543,288832347.2,25312,LEGACY
2023-09-22,LAURUSLABS,Laurus Labs,EQ,INE947Q01028,390.5,391.9,382.1,386.6,386.9,390.7,1355645,524076504.95,21208,LEGACY
2023-09-22,LUPIN,Lupin,EQ,INE326A01037,1127.25,1134.25,1091.5,1097.45,1098.55,1127.3,1273489,1405339957.45,47522,LEGACY
2023-09-22,MANKIND,Mankind Pharma,EQ,INE634S01028,1749.0,1756.9,1719.0,1751.8,1745.0,1739.8,123106,214395667.55,9204,LEGACY
2023-09-22,NATCOPHARM,Natco Pharma,EQ,INE987B01026,860.95,865.15,844.1,849.15,853.0,859.95,445927,380362016.0,29770,LEGACY
2023-09-22,PEL,Piramal Enterprises,EQ,INE140A01024,1048.85,1064.4,1040.0,1045.15,1044.5,1046.65,671915,706079091.55,27709,LEGACY
2023-09-22,PFIZER,Pfizer,EQ,INE182A01018,3835.25,3864.7,3822.05,3857.95,3857.15,3831.9,8581,33010743.8,2229,LEGACY
2023-09-22,PPLPHARMA,Piramal Pharma,EQ,INE0DK501011,96.95,98.8,95.85,98.15,98.3,96.65,3624966,353423156.15,17110,LEGACY
2023-09-22,SANOFI,Sanofi India,EQ,INE058A01010,7185.1,7185.1,7099.05,7106.65,7109.9,7148.35,3812,27125725.4,1546,LEGACY
2023-09-22,STAR,Strides Pharma Science,EQ,INE939A01011,490.0,508.65,488.85,498.75,498.95,487.1,815837,407382682.2,22988,LEGACY
2023-09-22,SUNPHARMA,Sun Pharmaceutical Industries,EQ,INE044A01036,1142.5,1148.0,1128.3,1132.35,1134.0,1146.15,1585418,1796215410.45,79508,LEGACY
2023-09-22,TORNTPHARM,Torrent Pharmaceuticals,EQ,INE685A01028,1875.0,1875.0,1835.0,1850.4,1854.5,1874.4,498682,922087564.4,18230,LEGACY
2023-09-22,WOCKPHARMA,Wockhardt,EQ,INE049B01025,232.0,233.8,225.8,227.4,228.6,231.8,951171,217912619.0,10422,LEGACY
2023-09-22,ZYDUSLIFE,Zydus Lifesciences,EQ,INE010B01027,616.0,618.8,594.3,595.6,596.05,615.65,1581468,950852265.6,36279,LEGACY
2023-09-25,ABBOTINDIA,Abbott India,EQ,INE358A01014,22594.95,22735.95,22338.05,22650.65,22605.2,22543.25,4373,98732647.3,2047,LEGACY
2023-09-25,AJANTPHARM,Ajanta Pharma,EQ,INE031B01049,1706.0,1713.95,1671.8,1681.35,1680.0,1705.9,192702,323565176.8,16619,LEGACY
2023-09-25,ALKEM,Alkem Laboratories,EQ,INE540L01014,3552.6,3575.65,3512.05,3555.95,3545.0,3550.65,49899,177155447.15,8928,LEGACY
2023-09-25,APLLTD,Alembic Pharmaceuticals,EQ,INE901L01018,755.0,771.95,746.55,761.3,766.95,752.2,100273,76566133.15,10129,LEGACY
2023-09-25,AUROPHARMA,Aurobindo Pharma,EQ,INE406A01037,866.6,875.9,852.2,873.65,871.05,866.4,1913142,1655139305.8,59325,LEGACY
2023-09-25,BIOCON,Biocon,EQ,INE376G01013,264.35,266.15,262.8,264.1,264.1,264.35,1072534,283269697.25,11869,LEGACY
2023-09-25,CIPLA,Cipla,EQ,INE059A01026,1186.0,1197.15,1177.0,1179.35,1177.8,1185.9,1267600,1500055822.6,35092,LEGACY
2023-09-25,DIVISLAB,Divi's Laboratories,EQ,INE361B01024,3690.0,3750.0,3688.0,3728.5,3725.9,3705.05,206150,766848658.75,22978,LEGACY
2023-09-25,DRREDDY,Dr. Reddy's Laboratories,EQ,INE089A01023,5529.85,5539.9,5428.0,5438.75,5449.0,5517.05,243409,1331230183.2,33489,LEGACY
2023-09-25,GLAND,Gland Pharma,EQ,INE068V01023,1690.0,1748.0,1643.2,1659.8,1653.0,1693.2,320246,542789009.75,30212,LEGACY
2023-09-25,GLAXO,GlaxoSmithKline Pharmaceuticals,EQ,INE159A01016,1560.55,1578.9,1532.85,1539.65,1538.05,1560.55,49380,76603399.8,6104,LEGACY
2023-09-25,GLENMARK,Glenmark Pharmaceuticals,EQ,INE935A01035,802.8,806.55,782.05,785.55,786.6,802.8,1690718,1339267370.5,31952,LEGACY
2023-09-25,GRANULES,Granules India,EQ,INE101D01020,338.8,341.0,330.1,333.75,330.7,336.8,2284760,768576770.7,27230,LEGACY
2023-09-25,IPCALAB,IPCA Laboratories,EQ,INE571A01038,895.0,901.15,887.8,892.2,892.0,894.25,135256,120711648.25,6023,LEGACY
2023-09-25,JBCHEPHARM,JB Chemicals & Pharmaceuticals,EQ,INE572A01036,1377.7,1453.5,1377.3,1433.0,1424.0,1377.7,230279,328576445.1,27885,LEGACY
2023-09-25,LAURUSLABS,Laurus Labs,EQ,INE947Q01028,388.0,391.0,379.55,388.8,386.4,386.6,1631981,630502414.95,31337,LEGACY
2023-09-25,LUPIN,Lupin,EQ,INE326A01037,1099.0,1115.0,1093.85,1110.55,1110.0,1097.45,560175,620237600.45,26213,LEGACY
2023-09-25,MANKIND,Mankind Pharma,EQ,INE634S01028,1759.9,1759.9,1721.55,1742.55,1752.8,1751.8,78971,137083063.6,7022,LEGACY
2023-09-25,NATCOPHARM,Natco Pharma,EQ,INE987B01026,850.0,855.25,842.05,848.5,853.5,849.15,191384,162752163.1,16447,LEGACY
2023-09-25,PEL,Piramal Enterprises,EQ,INE140A01024,1047.15,1065.5,1036.15,1064.0,1065.5,1045.15,879454,927103141.0,25333,LEGACY
2023-09-25,PFIZER,Pfizer,EQ,INE182A01018,3857.95,3878.05,3825.0,3838.4,3840.0,3857.95,6108,23511937.6,1839,LEGACY
2023-09-25,PPLPHARMA,Piramal Pharma,EQ,INE0DK501011,98.4,99.15,96.65,97.0,97.0,98.15,2413916,235452856.6,11904,LEGACY
2023-09-25,SANOFI,Sanofi India,EQ,INE058A01010,7100.0,7185.0,7080.0,7101.4,7100.0,7106.65,4819,34274052.1,1529,LEGACY
2023-09-25,STAR,Strides Pharma Science,EQ,INE939A01011,518.0,549.0,507.0,535.85,539.7,498.75,4529459,2386090343.15,91640,LEGACY
2023-09-25,SUNPHARMA,Sun Pharmaceutical Industries,EQ,INE044A01036,1126.2,1136.8,1121.65,1124.05,1124.0,1132.35,1009279,1136975947.15,53229,LEGACY
2023-09-25,TORNTPHARM,Torrent Pharmaceuticals,EQ,INE685A01028,1850.0,1855.5,1830.0,1847.15,1845.65,1850.4,284735,525849558.4,18028,LEGACY
2023-09-25,WOCKPHARMA,Wockhardt,EQ,INE049B01025,228.0,234.75,228.0,230.7,230.15,227.4,1257720,290078405.05,12388,LEGACY
2023-09-25,ZYDUSLIFE,Zydus Lifesciences,EQ,INE010B01027,591.1,606.0,589.15,603.35,601.45,595.6,1428844,855566720.65,43777,LEGACY
2023-09-26,ABBOTINDIA,Abbott India,EQ,INE358A01014,22740.0,23015.45,22522.0,22710.8,22622.65,22650.65,11513,262217877.85,4686,LEGACY
2023-09-26,AJANTPHARM,Ajanta Pharma,EQ,INE031B01049,1690.0,1690.0,1673.4,1680.7,1684.0,1681.35,134036,224821906.65,12656,LEGACY
2023-09-26,ALKEM,Alkem Laboratories,EQ,INE540L01014,3555.0,3564.9,3523.05,3530.4,3529.9,3555.95,49301,174472572.7,5560,LEGACY
2023-09-26,APLLTD,Alembic Pharmaceuticals,EQ,INE901L01018,753.25,758.4,746.25,754.1,754.95,761.3,116694,87795064.1,14231,LEGACY
2023-09-26,AUROPHARMA,Aurobindo Pharma,EQ,INE406A01037,874.25,879.7,855.95,857.45,859.7,873.65,976441,845645956.55,34749,LEGACY
2023-09-26,BIOCON,Biocon,EQ,INE376G01013,264.85,266.0,260.9,261.65,261.6,264.1,1175241,309415682.5,14746,LEGACY
2023-09-26,CIPLA,Cipla,EQ,INE059A01026,1181.0,1185.0,1161.5,1163.65,1163.15,1179.35,1056359,1238033309.1,47251,LEGACY
2023-09-26,DIVISLAB,Divi's Laboratories,EQ,INE361B01024,3719.95,3764.4,3707.0,3753.8,3751.0,3728.5,251701,943016265.25,32955,LEGACY
2023-09-26,DRREDDY,Dr. Reddy's Laboratories,EQ,INE089A01023,5459.0,5526.95,5449.0,5467.75,5455.0,5438.75,275983,1515071751.2,29423,LEGACY
2023-09-26,GLAND,Gland Pharma,EQ,INE068V01023,1658.75,1700.0,1623.0,1630.7,1631.0,1659.8,362456,601421152.85,27307,LEGACY
2023-09-26,GLAXO,GlaxoSmithKline Pharmaceuticals,EQ,INE159A01016,1541.65,1559.0,1514.9,1524.8,1525.0,1539.65,71372,109937162.7,8114,LEGACY
2023-09-26,GLENMARK,Glenmark Pharmaceuticals,EQ,INE935A01035,788.0,789.45,760.2,762.25,761.95,785.55,1241742,957429134.65,31033,LEGACY
2023-09-26,GRANULES,Granules India,EQ,INE101D01020,333.25,338.3,329.45,336.5,337.4,333.75,1792919,601102710.25,17920,LEGACY
2023-09-26,IPCALAB,IPCA Laboratories,EQ,INE571A01038,893.0,909.0,885.65,905.1,909.0,892.2,365406,327008158.1,11616,LEGACY
2023-09-26,JBCHEPHARM,JB Chemicals & Pharmaceuticals,EQ,INE572A01036,1428.1,1444.05,1402.2,1407.15,1411.0,1433.0,75416,106535147.15,9473,LEGACY
2023-09-26,LAURUSLABS,Laurus Labs,EQ,INE947Q01028,388.0,391.3,384.3,385.3,385.15,388.8,674853,261627915.0,13131,LEGACY
2023-09-26,LUPIN,Lupin,EQ,INE326A01037,1113.0,1118.6,1105.35,1110.55,1107.45,1110.55,329870,366726132.6,19180,LEGACY
2023-09-26,MANKIND,Mankind Pharma,EQ,INE634S01028,1776.1,1776.55,1747.05,1750.7,1751.5,1742.55,84803,149540860.25,7796,LEGACY
2023-09-26,NATCOPHARM,Natco Pharma,EQ,INE987B01026,853.0,878.7,850.75,871.6,873.05,848.5,415943,362754830.35,38871,LEGACY
2023-09-26,PEL,Piramal Enterprises,EQ,INE140A01024,1063.95,1068.8,1041.45,1043.3,1044.0,1064.0,698056,734561475.85,24347,LEGACY
2023-09-26,PFIZER,Pfizer,EQ,INE182A01018,3840.0,3875.95,3840.0,3858.65,3862.4,3838.4,11228,43343157.6,2490,LEGACY
2023-09-26,PPLPHARMA,Piramal Pharma,EQ,INE0DK501011,97.0,97.75,94.8,95.25,95.4,97.0,4390006,421657904.9,20031,LEGACY
2023-09-26,SANOFI,Sanofi India,EQ,INE058A01010,7104.2,7127.5,7048.0,7073.4,7077.0,7101.4,6099,43129856.3,2092,LEGACY
2023-09-26,STAR,Strides Pharma Science,EQ,INE939A01011,538.0,545.0,518.05,524.45,526.0,535.85,1922284,1018039391.4,40319,LEGACY
2023-09-26,SUNPHARMA,Sun Pharmaceutical Industries,EQ,INE044A01036,1125.0,1130.0,1118.5,1125.85,1127.15,1124.05,1966198,2209136674.65,67504,LEGACY
2023-09-26,TORNTPHARM,Torrent Pharmaceuticals,EQ,INE685A01028,1845.0,1849.95,1821.45,1832.6,1829.3,1847.15,502205,922128268.8,22569,LEGACY
2023-09-26,WOCKPHARMA,Wockhardt,EQ,INE049B01025,231.0,236.3,230.25,231.5,233.0,230.7,745197,173692919.65,10994,LEGACY
2023-09-26,ZYDUSLIFE,Zydus Lifesciences,EQ,INE010B01027,603.45,605.95,596.5,598.05,599.0,603.35,963978,577812162.85,37069,LEGACY
2023-09-27,ABBOTINDIA,Abbott India,EQ,INE358A01014,22710.8,22803.35,22379.7,22743.3,22603.15,22710.8,9786,221080041.9,3631,LEGACY
2023-09-27,AJANTPHARM,Ajanta Pharma,EQ,INE031B01049,1687.95,1743.95,1680.7,1734.7,1739.0,1680.7,395211,677972329.65,22430,LEGACY
2023-09-27,ALKEM,Alkem Laboratories,EQ,INE540L01014,3523.6,3567.1,3521.2,3559.45,3555.15,3530.4,101011,358265092.55,9890,LEGACY
2023-09-27,APLLTD,Alembic Pharmaceuticals,EQ,INE901L01018,754.3,763.3,742.55,759.2,757.7,754.1,90143,67882213.15,7895,LEGACY
2023-09-27,AUROPHARMA,Aurobindo Pharma,EQ,INE406A01037,857.1,882.3,852.9,880.25,880.5,857.45,1669835,1457890623.2,48297,LEGACY
2023-09-27,BIOCON,Biocon,EQ,INE376G01013,262.8,265.8,261.65,264.65,264.0,261.65,1584824,419212546.7,15928,LEGACY
2023-09-27,CIPLA,Cipla,EQ,INE059A01026,1187.0,1189.0,1170.1,1180.5,1180.0,1163.65,2165043,2556285921.55,80463,LEGACY
2023-09-27,DIVISLAB,Divi's Laboratories,EQ,INE361B01024,3755.85,3859.5,3755.85,3768.0,3768.7,3753.8,803962,3058446498.5,63615,LEGACY
2023-09-27,DRREDDY,Dr. Reddy's Laboratories,EQ,INE089A01023,5514.0,5605.0,5480.05,5496.45,5512.1,5467.75,488778,2710724437.65,54785,LEGACY
2023-09-27,GLAND,Gland Pharma,EQ,INE068V01023,1636.0,1666.0,1636.0,1656.7,1660.15,1630.7,164385,272140851.25,13604,LEGACY
2023-09-27,GLAXO,GlaxoSmithKline Pharmaceuticals,EQ,INE159A01016,1527.6,1545.0,1515.2,1525.3,1537.0,1524.8,42896,65681298.75,5985,LEGACY
2023-09-27,GLENMARK,Glenmark Pharmaceuticals,EQ,INE935A01035,760.1,779.0,760.0,776.4,775.5,762.25,1063498,821376701.45,21293,LEGACY
2023-09-27,GRANULES,Granules India,EQ,INE101D01020,335.0,351.5,334.2,349.75,349.8,336.5,6579578,2275952731.95,63159,LEGACY
2023-09-27,IPCALAB,IPCA Laboratories,EQ,INE571A01038,909.9,931.0,897.5,922.7,922.75,905.1,694015,633570381.8,26415,LEGACY
2023-09-27,JBCHEPHARM,JB Chemicals & Pharmaceuticals,EQ,INE572A01036,1411.0,1421.6,1394.45,1411.3,1411.25,1407.15,68407,96137811.9,10189,LEGACY
2023-09-27,LAURUSLABS,Laurus Labs,EQ,INE947Q01028,384.9,396.0,384.25,394.05,395.35,385.3,1531447,598505601.05,20836,LEGACY
2023-09-27,LUPIN,Lupin,EQ,INE326A01037,1108.0,1134.8,1105.1,1132.35,1131.85,1110.55,983157,1108750724.55,42104,LEGACY
2023-09-27,MANKIND,Mankind Pharma,EQ,INE634S01028,1759.0,1759.9,1742.75,1756.5,1755.3,1750.7,54955,96373817.35,5281,LEGACY
2023-09-27,NATCOPHARM,Natco Pharma,EQ,INE987B01026,871.6,888.0,871.6,878.9,878.7,871.6,347269,305748641.45,30840,LEGACY
2023-09-27,PEL,Piramal Enterprises,EQ,INE140A01024,1044.8,1052.4,1037.05,1043.6,1044.25,1043.3,579568,605907502.6,23918,LEGACY
2023-09-27,PFIZER,Pfizer,EQ,INE182A01018,3852.9,3866.45,3843.45,3856.7,3858.0,3858.65,6098,23510178.1,1850,LEGACY
2023-09-27,PPLPHARMA,Piramal Pharma,EQ,INE0DK501011,95.4,97.25,95.1,96.85,97.15,95.25,3382417,325048502.25,12769,LEGACY
2023-09-27,SANOFI,Sanofi India,EQ,INE058A01010,7073.4,7123.95,7073.4,7108.9,7110.0,7073.4,9222,65555427.7,1771,LEGACY
2023-09-27,STAR,Strides Pharma Science,EQ,INE939A01011,524.05,530.65,512.15,515.9,513.0,524.45,484882,252882513.65,12616,LEGACY
2023-09-27,SUNPHARMA,Sun Pharmaceutical Industries,EQ,INE044A01036,1126.15,1145.9,1123.2,1139.95,1139.0,1125.85,2332018,2651642676.3,88875,LEGACY
2023-09-27,TORNTPHARM,Torrent Pharmaceuticals,EQ,INE685A01028,1837.4,1850.0,1832.6,1847.8,1850.0,1832.6,434743,802381524.95,31980,LEGACY
2023-09-27,WOCKPHARMA,Wockhardt,EQ,INE049B01025,232.0,234.75,231.3,232.45,232.65,231.5,484333,112767645.25,6202,LEGACY
2023-09-27,ZYDUSLIFE,Zydus Lifesciences,EQ,INE010B01027,599.15,607.9,596.25,605.15,606.5,598.05,1299692,785804318.65,27527,LEGACY
2023-09-28,ABBOTINDIA,Abbott India,EQ,INE358A01014,22843.0,22843.0,22000.0,22370.65,22227.0,22743.3,17582,393128339.25,5981,LEGACY
2023-09-28,AJANTPHARM,Ajanta Pharma,EQ,INE031B01049,1743.35,1744.95,1714.9,1731.5,1730.0,1734.7,78795,136043805.2,6642,LEGACY
2023-09-28,ALKEM,Alkem Laboratories,EQ,INE540L01014,3559.0,3562.9,3514.05,3524.8,3531.0,3559.45,156118,551528516.2,14227,LEGACY
2023-09-28,APLLTD,Alembic Pharmaceuticals,EQ,INE901L01018,756.0,769.85,755.0,762.85,763.4,759.2,52115,39783486.4,7576,LEGACY
2023-09-28,AUROPHARMA,Aurobindo Pharma,EQ,INE406A01037,882.0,885.0,868.0,873.6,875.7,880.25,1404057,1227304002.45,37402,LEGACY
2023-09-28,BIOCON,Biocon,EQ,INE376G01013,265.15,269.75,264.25,266.9,266.35,264.65,4594900,1227982160.35,34494,LEGACY
2023-09-28,CIPLA,Cipla,EQ,INE059A01026,1180.5,1185.0,1158.9,1164.05,1164.3,1180.5,1303811,1522974534.0,91373,LEGACY
2023-09-28,DIVISLAB,Divi's Laboratories,EQ,INE361B01024,3778.2,3799.95,3651.0,3665.0,3690.7,3768.0,347090,1288135909.9,41747,LEGACY
2023-09-28,DRREDDY,Dr. Reddy's Laboratories,EQ,INE089A01023,5507.45,5507.45,5411.0,5429.1,5430.0,5496.45,386311,2108906639.9,49613,LEGACY
2023-09-28,GLAND,Gland Pharma,EQ,INE068V01023,1667.0,1684.3,1642.05,1650.8,1654.85,1656.7,238276,395282790.95,17962,LEGACY
2023-09-28,GLAXO,GlaxoSmithKline Pharmaceuticals,EQ,INE159A01016,1528.4,1540.0,1501.25,1512.15,1521.0,1525.3,27217,41365599.05,5364,LEGACY
2023-09-28,GLENMARK,Glenmark Pharmaceuticals,EQ,INE935A01035,779.75,782.4,769.75,776.95,778.25,776.4,1303738,1011213381.95,21277,LEGACY
2023-09-28,GRANULES,Granules India,EQ,INE101D01020,349.75,350.75,340.1,341.85,342.5,349.75,3518868,1214263242.0,24958,LEGACY
2023-09-28,IPCALAB,IPCA Laboratories,EQ,INE571A01038,922.7,929.2,913.5,923.9,926.9,922.7,745247,687293843.75,25707,LEGACY
2023-09-28,JBCHEPHARM,JB Chemicals & Pharmaceuticals,EQ,INE572A01036,1418.4,1421.95,1401.0,1408.95,1419.0,1411.3,100314,141506802.5,5640,LEGACY
2023-09-28,LAURUSLABS,Laurus Labs,EQ,INE947Q01028,396.95,401.7,388.0,390.9,390.05,394.05,1768224,700829690.75,25525,LEGACY
2023-09-28,LUPIN,Lupin,EQ,INE326A01037,1133.95,1140.0,1125.25,1133.05,1129.5,1132.35,451445,511354892.15,21131,LEGACY
2023-09-28,MANKIND,Mankind Pharma,EQ,INE634S01028,1750.0,1767.3,1745.05,1764.45,1765.0,1756.5,68207,120094118.75,7690,LEGACY
2023-09-28,NATCOPHARM,Natco Pharma,EQ,INE987B01026,886.2,898.7,868.05,872.95,871.7,878.9,397481,351189960.9,26864,LEGACY
2023-09-28,PEL,Piramal Enterprises,EQ,INE140A01024,1049.9,1049.95,1011.75,1015.25,1020.55,1043.6,1197474,1230194022.85,35514,LEGACY
2023-09-28,PFIZER,Pfizer,EQ,INE182A01018,3856.7,3865.95,3824.75,3849.35,3859.85,3856.7,9667,37219718.7,2020,LEGACY
2023-09-28,PPLPHARMA,Piramal Pharma,EQ,INE0DK501011,96.85,97.9,95.75,97.55,97.3,96.85,2456669,238627000.25,17443,LEGACY
2023-09-28,SANOFI,Sanofi India,EQ,INE058A01010,7108.9,7177.0,7050.0,7070.9,7050.0,7108.9,19684,140339724.95,3348,LEGACY
2023-09-28,STAR,Strides Pharma Science,EQ,INE939A01011,515.9,519.6,500.0,502.2,502.3,515.9,317246,161171745.25,10523,LEGACY
2023-09-28,SUNPHARMA,Sun Pharmaceutical Industries,EQ,INE044A01036,1142.95,1152.0,1128.85,1132.3,1135.85,1139.95,2685663,3069600661.95,75207,LEGACY
2023-09-28,TORNTPHARM,Torrent Pharmaceuticals,EQ,INE685A01028,1849.7,1879.0,1848.4,1863.6,1870.0,1847.8,381282,709740417.5,24014,LEGACY
2023-09-28,WOCKPHARMA,Wockhardt,EQ,INE049B01025,232.95,234.35,229.6,230.85,231.0,232.45,808072,187138261.75,6195,LEGACY
2023-09-28,ZYDUSLIFE,Zydus Lifesciences,EQ,INE010B01027,609.95,609.95,599.1,602.75,601.1,605.15,5303814,3201631338.75,91784,LEGACY
2023-09-29,ABBOTINDIA,Abbott India,EQ,INE358A01014,22470.0,23245.0,22201.75,23179.45,23090.0,22370.65,18207,417790090.0,7660,LEGACY
2023-09-29,AJANTPHARM,Ajanta Pharma,EQ,INE031B01049,1740.0,1835.0,1725.05,1799.9,1791.0,1731.5,381731,687416922.05,31653,LEGACY
2023-09-29,ALKEM,Alkem Laboratories,EQ,INE540L01014,3524.8,3626.3,3522.0,3605.9,3615.0,3524.8,100498,362014467.3,12008,LEGACY
2023-09-29,APLLTD,Alembic Pharmaceuticals,EQ,INE901L01018,769.75,789.0,760.75,784.45,784.15,762.85,97484,76063410.35,8867,LEGACY
2023-09-29,AUROPHARMA,Aurobindo Pharma,EQ,INE406A01037,910.0,930.0,901.0,914.35,917.0,873.6,7776048,7156979134.5,147965,LEGACY
2023-09-29,BIOCON,Biocon,EQ,INE376G01013,268.7,274.0,265.1,272.2,271.85,266.9,2867446,776639468.2,26691,LEGACY
2023-09-29,CIPLA,Cipla,EQ,INE059A01026,1169.9,1199.2,1165.0,1186.15,1189.0,1164.05,1878381,2231452144.0,97400,LEGACY
2023-09-29,DIVISLAB,Divi's Laboratories,EQ,INE361B01024,3687.0,3784.0,3687.0,3765.15,3764.0,3665.0,296674,1113600956.85,34966,LEGACY
2023-09-29,DRREDDY,Dr. Reddy's Laboratories,EQ,INE089A01023,5469.0,5630.0,5453.25,5587.0,5590.5,5429.1,620391,3463769924.6,56241,LEGACY
2023-09-29,GLAND,Gland Pharma,EQ,INE068V01023,1667.8,1713.0,1664.35,1675.1,1665.15,1650.8,421444,710864791.35,28551,LEGACY
2023-09-29,GLAXO,GlaxoSmithKline Pharmaceuticals,EQ,INE159A01016,1513.35,1568.1,1512.2,1548.25,1547.8,1512.15,71984,111469825.6,10297,LEGACY
2023-09-29,GLENMARK,Glenmark Pharmaceuticals,EQ,INE935A01035,783.75,861.7,782.1,855.5,854.8,776.95,9406251,7907765854.6,142245,LEGACY
2023-09-29,GRANULES,Granules India,EQ,INE101D01020,344.9,356.0,343.0,354.75,355.05,341.85,2385607,839871184.8,27056,LEGACY
2023-09-29,IPCALAB,IPCA Laboratories,EQ,INE571A01038,928.85,948.0,920.5,935.65,936.9,923.9,914891,857866431.75,22689,LEGACY
2023-09-29,JBCHEPHARM,JB Chemicals & Pharmaceuticals,EQ,INE572A01036,1416.0,1489.5,1406.75,1482.1,1480.95,1408.95,180320,264161518.6,15319,LEGACY
2023-09-29,LAURUSLABS,Laurus Labs,EQ,INE947Q01028,393.0,400.95,391.75,395.4,396.0,390.9,1846759,733719090.2,22791,LEGACY
2023-09-29,LUPIN,Lupin,EQ,INE326A01037,1133.1,1184.7,1133.1,1171.25,1168.35,1133.05,1933854,2259073646.45,71637,LEGACY
2023-09-29,MANKIND,Mankind Pharma,EQ,INE634S01028,1769.95,1845.0,1763.95,1795.3,1790.0,1764.45,379814,684258339.4,27516,LEGACY
2023-09-29,NATCOPHARM,Natco Pharma,EQ,INE987B01026,877.65,896.5,870.1,873.05,871.6,872.95,417250,370106064.55,22034,LEGACY
2023-09-29,PEL,Piramal Enterprises,EQ,INE140A01024,1023.85,1056.95,1021.4,1049.35,1048.45,1015.25,952731,996487546.0,31312,LEGACY
2023-09-29,PFIZER,Pfizer,EQ,INE182A01018,3849.95,3905.0,3830.85,3859.65,3851.35,3849.35,21912,84798263.25,5411,LEGACY
2023-09-29,PPLPHARMA,Piramal Pharma,EQ,INE0DK501011,96.5,102.6,96.35,102.05,102.0,97.55,10091452,1014570240.8,35197,LEGACY
2023-09-29,SANOFI,Sanofi India,EQ,INE058A01010,7107.3,7219.95,7087.1,7207.3,7209.0,7070.9,28300,203537662.05,4541,LEGACY
2023-09-29,STAR,Strides Pharma Science,EQ,INE939A01011,503.95,518.25,502.9,508.1,508.95,502.2,705394,358016036.25,15913,LEGACY
2023-09-29,SUNPHARMA,Sun Pharmaceutical Industries,EQ,INE044A01036,1134.3,1167.4,1134.3,1158.65,1159.55,1132.3,2288577,2654000609.4,95096,LEGACY
2023-09-29,TORNTPHARM,Torrent Pharmaceuticals,EQ,INE685A01028,1864.55,1945.0,1864.55,1929.1,1927.0,1863.6,509887,978560618.25,31048,LEGACY
2023-09-29,WOCKPHARMA,Wockhardt,EQ,INE049B01025,233.5,239.4,233.0,235.25,235.95,230.85,700135,165629917.95,10516,LEGACY
2023-09-29,ZYDUSLIFE,Zydus Lifesciences,EQ,INE010B01027,604.0,621.95,601.5,615.0,616.5,602.75,1132784,696425912.65,30826,LEGACY
2023-10-03,ABBOTINDIA,Abbott India,EQ,INE358A01014,23244.95,23300.0,22732.0,23121.8,23027.5,23179.45,13820,319229829.55,4402,LEGACY
2023-10-03,AJANTPHARM,Ajanta Pharma,EQ,INE031B01049,1800.0,1815.0,1771.0,1791.8,1785.1,1799.9,125148,224545652.3,17500,LEGACY
2023-10-03,ALKEM,Alkem Laboratories,EQ,INE540L01014,3629.95,3649.0,3566.9,3573.55,3568.5,3605.9,97703,352604007.15,11995,LEGACY
2023-10-03,APLLTD,Alembic Pharmaceuticals,EQ,INE901L01018,784.0,794.35,775.0,790.75,791.0,784.45,101974,80222510.6,10636,LEGACY
2023-10-03,AUROPHARMA,Aurobindo Pharma,EQ,INE406A01037,917.0,917.45,881.1,908.65,909.0,914.35,2579401,2311000234.55,76485,LEGACY
2023-10-03,BIOCON,Biocon,EQ,INE376G01013,269.1,274.9,269.1,272.7,273.0,272.2,1984718,541669726.95,25022,LEGACY
2023-10-03,CIPLA,Cipla,EQ,INE059A01026,1184.0,1185.7,1170.95,1182.8,1183.0,1186.15,1581125,1869606296.25,61774,LEGACY
2023-10-03,DIVISLAB,Divi's Laboratories,EQ,INE361B01024,3760.05,3764.0,3705.05,3724.45,3728.2,3765.15,210945,787373971.5,47158,LEGACY
2023-10-03,DRREDDY,Dr. Reddy's Laboratories,EQ,INE089A01023,5586.9,5586.9,5450.0,5461.7,5458.05,5587.0,413048,2271455806.95,51659,LEGACY
2023-10-03,GLAND,Gland Pharma,EQ,INE068V01023,1674.9,1718.0,1670.05,1686.1,1686.0,1675.1,335836,568654772.85,27023,LEGACY
2023-10-03,GLAXO,GlaxoSmithKline Pharmaceuticals,EQ,INE159A01016,1549.0,1578.0,1535.0,1570.4,1572.8,1548.25,160141,250772989.15,11600,LEGACY
2023-10-03,GLENMARK,Glenmark Pharmaceuticals,EQ,INE935A01035,852.05,859.9,840.95,842.6,843.0,855.5,1501069,1273299910.95,31909,LEGACY
2023-10-03,GRANULES,Granules India,EQ,INE101D01020,358.0,359.95,353.15,356.35,356.2,354.75,2034947,724313778.45,23808,LEGACY
2023-10-03,IPCALAB,IPCA Laboratories,EQ,INE571A01038,935.65,946.45,926.1,935.45,933.2,935.65,438049,411264398.9,16266,LEGACY
2023-10-03,JBCHEPHARM,JB Chemicals & Pharmaceuticals,EQ,INE572A01036,1477.95,1508.0,1459.55,1502.15,1504.95,1482.1,321522,481891535.1,14976,LEGACY
2023-10-03,LAURUSLABS,Laurus Labs,EQ,INE947Q01028,395.4,399.7,394.25,397.45,396.95,395.4,1154173,458481084.3,19810,LEGACY
2023-10-03,LUPIN,Lupin,EQ,INE326A01037,1171.0,1181.45,1156.15,1174.2,1173.75,1171.25,1043096,1221983909.0,37884,LEGACY
2023-10-03,MANKIND,Mankind Pharma,EQ,INE634S01028,1790.0,1806.95,1766.85,1798.4,1798.0,1795.3,122697,220342783.3,15941,LEGACY
2023-10-03,NATCOPHARM,Natco Pharma,EQ,INE987B01026,880.0,881.0,860.2,868.3,868.0,873.05,284502,247357365.15,19417,LEGACY
2023-10-03,PEL,Piramal Enterprises,EQ,INE140A01024,1046.05,1055.75,1036.35,1050.85,1052.8,1049.35,717441,750251369.55,23396,LEGACY
2023-10-03,PFIZER,Pfizer,EQ,INE182A01018,3874.0,3916.0,3850.0,3912.9,3916.0,3859.65,15738,61371654.7,4066,LEGACY
2023-10-03,PPLPHARMA,Piramal Pharma,EQ,INE0DK501011,102.2,102.65,100.75,102.05,102.0,102.05,2510898,255516779.1,12532,LEGACY
2023-10-03,SANOFI,Sanofi India,EQ,INE058A01010,7207.0,7256.05,7160.0,7243.4,7215.1,7207.3,10304,74373419.7,2873,LEGACY
2023-10-03,STAR,Strides Pharma Science,EQ,INE939A01011,508.6,512.85,495.0,496.1,495.6,508.1,640690,323187544.7,10150,LEGACY
2023-10-03,SUNPHARMA,Sun Pharmaceutical Industries,EQ,INE044A01036,1159.55,1161.95,1139.25,1141.45,1140.0,1158.65,1946966,2231978422.55,76319,LEGACY
2023-10-03,TORNTPHARM,Torrent Pharmaceuticals,EQ,INE685A01028,1927.0,1949.0,1874.05,1880.25,1882.35,1929.1,458399,870216452.25,23284,LEGACY
2023-10-03,WOCKPHARMA,Wockhardt,EQ,INE049B01025,236.0,238.55,233.1,237.3,237.4,235.25,349572,82319860.4,5260,LEGACY
2023-10-03,ZYDUSLIFE,Zydus Lifesciences,EQ,INE010B01027,616.4,618.0,608.1,611.05,610.95,615.0,1221938,747277958.75,23765,LEGACY
2023-10-04,ABBOTINDIA,Abbott India,EQ,INE358A01014,23100.0,23200.0,22716.0,22815.95,22830.0,23121.8,4764,109133840.4,2260,LEGACY
2023-10-04,AJANTPHARM,Ajanta Pharma,EQ,INE031B01049,1794.05,1794.05,1747.0,1774.75,1780.1,1791.8,208036,365990743.4,13623,LEGACY
2023-10-04,ALKEM,Alkem Laboratories,EQ,INE540L01014,3580.0,3596.05,3452.4,3476.0,3483.3,3573.55,152449,533398258.55,13850,LEGACY
2023-10-04,APLLTD,Alembic Pharmaceuticals,EQ,INE901L01018,786.05,798.0,771.6,777.75,778.4,790.75,134721,106068816.15,15248,LEGACY
2023-10-04,AUROPHARMA,Aurobindo Pharma,EQ,INE406A01037,907.0,907.55,871.05,882.3,885.0,908.65,2293823,2031926062.3,91613,LEGACY
2023-10-04,BIOCON,Biocon,EQ,INE376G01013,271.75,271.75,262.7,264.85,265.4,272.7,2557186,680376809.9,28611,LEGACY
2023-10-04,CIPLA,Cipla,EQ,INE059A01026,1178.1,1185.0,1161.3,1167.05,1165.8,1182.8,999123,1169386014.9,69615,LEGACY
2023-10-04,DIVISLAB,Divi's Laboratories,EQ,INE361B01024,3700.0,3732.0,3653.4,3707.75,3705.0,3724.45,241798,893354083.4,29121,LEGACY
2023-10-04,DRREDDY,Dr. Reddy's Laboratories,EQ,INE089A01023,5465.0,5499.0,5401.5,5417.8,5415.7,5461.7,421906,2297510064.15,43227,LEGACY
2023-10-04,GLAND,Gland Pharma,EQ,INE068V01023,1686.8,1698.5,1657.1,1675.7,1672.0,1686.1,137458,230808150.25,11591,LEGACY
2023-10-04,GLAXO,GlaxoSmithKline Pharmaceuticals,EQ,INE159A01016,1550.0,1572.15,1536.2,1560.9,1559.0,1570.4,233489,364235077.6,6069,LEGACY
2023-10-04,GLENMARK,Glenmark Pharmaceuticals,EQ,INE935A01035,837.0,841.9,803.1,807.1,807.0,842.6,1304868,1065493976.75,29481,LEGACY
2023-10-04,GRANULES,Granules India,EQ,INE101D01020,356.0,360.85,349.05,359.55,359.8,356.35,3430857,1223545591.25,28926,LEGACY
2023-10-04,IPCALAB,IPCA Laboratories,EQ,INE571A01038,935.45,936.8,917.0,921.5,921.0,935.45,286445,265335099.1,12533,LEGACY
2023-10-04,JBCHEPHARM,JB Chemicals & Pharmaceuticals,EQ,INE572A01036,1506.95,1514.0,1480.05,1494.35,1503.0,1502.15,394987,591865358.3,14634,LEGACY
2023-10-04,LAURUSLABS,Laurus Labs,EQ,INE947Q01028,395.0,396.95,386.45,391.2,391.7,397.45,797891,311880394.3,13171,LEGACY
2023-10-04,LUPIN,Lupin,EQ,INE326A01037,1172.4,1172.75,1142.05,1151.5,1150.6,1174.2,669860,773760929.95,27710,LEGACY
2023-10-04,MANKIND,Mankind Pharma,EQ,INE634S01028,1797.95,1818.8,1771.2,1808.0,1801.55,1798.4,241713,434434553.9,13571,LEGACY
2023-10-04,NATCOPHARM,Natco Pharma,EQ,INE987B01026,865.0,880.0,857.0,865.3,866.1,868.3,267523,232872032.05,16368,LEGACY
2023-10-04,PEL,Piramal Enterprises,EQ,INE140A01024,1048.8,1054.75,1033.05,1045.75,1045.25,1050.85,782127,816766239.0,27027,LEGACY
2023-10-04,PFIZER,Pfizer,EQ,INE182A01018,3930.0,3932.5,3885.1,3916.6,3920.0,3912.9,17232,67450287.55,4123,LEGACY
2023-10-04,PPLPHARMA,Piramal Pharma,EQ,INE0DK501011,101.35,102.35,99.9,100.05,100.0,102.05,2601853,262405958.15,12405,LEGACY
2023-10-04,SANOFI,Sanofi India,EQ,INE058A01010,7234.95,7271.6,7188.0,7221.0,7230.0,7243.4,8156,58842389.9,2650,LEGACY
2023-10-04,STAR,Strides Pharma Science,EQ,INE939A01011,497.7,516.8,496.5,508.1,508.25,496.1,978140,497719657.55,32346,LEGACY
2023-10-04,SUNPHARMA,Sun Pharmaceutical Industries,EQ,INE044A01036,1138.1,1139.0,1113.0,1123.8,1124.5,1141.45,1803871,2024497036.65,82161,LEGACY
2023-10-04,TORNTPHARM,Torrent Pharmaceuticals,EQ,INE685A01028,1880.3,1881.8,1851.2,1864.15,1860.9,1880.25,187618,348956560.05,10643,LEGACY
2023-10-04,WOCKPHARMA,Wockhardt,EQ,INE049B01025,235.5,236.1,227.0,229.6,229.05,237.3,446299,103127272.85,7044,LEGACY
2023-10-04,ZYDUSLIFE,Zydus Lifesciences,EQ,INE010B01027,611.0,613.6,597.85,603.45,605.1,611.05,2247374,1355610510.6,30117,LEGACY
2023-10-05,ABBOTINDIA,Abbott India,EQ,INE358A01014,22948.0,22999.9,22750.05,22861.95,22909.0,22815.95,3094,70773013.05,1711,LEGACY
2023-10-05,AJANTPHARM,Ajanta Pharma,EQ,INE031B01049,1784.1,1797.6,1751.0,1758.55,1755.0,1774.75,200270,355126024.35,12336,LEGACY
2023-10-05,ALKEM,Alkem Laboratories,EQ,INE540L01014,3494.25,3516.9,3447.0,3457.5,3447.0,3476.0,104226,363237507.65,10277,LEGACY
2023-10-05,APLLTD,Alembic Pharmaceuticals,EQ,INE901L01018,779.05,785.95,770.25,775.9,774.2,777.75,46095,35857609.45,5408,LEGACY
2023-10-05,AUROPHARMA,Aurobindo Pharma,EQ,INE406A01037,884.0,889.95,872.35,877.25,875.75,882.3,1111578,976747716.95,43933,LEGACY
2023-10-05,BIOCON,Biocon,EQ,INE376G01013,266.8,267.65,263.25,263.6,263.55,264.85,897722,237519178.45,13225,LEGACY
2023-10-05,CIPLA,Cipla,EQ,INE059A01026,1170.1,1172.95,1155.25,1161.1,1162.4,1167.05,1446743,1682177658.2,105658,LEGACY
2023-10-05,DIVISLAB,Divi's Laboratories,EQ,INE361B01024,3665.0,3705.5,3655.05,3697.2,3696.5,3707.75,344288,1267088766.2,35953,LEGACY
2023-10-05,DRREDDY,Dr. Reddy's Laboratories,EQ,INE089A01023,5460.0,5475.0,5400.0,5407.25,5404.0,5417.8,411706,2233823192.75,40659,LEGACY
2023-10-05,GLAND,Gland Pharma,EQ,INE068V01023,1694.95,1694.95,1665.0,1670.75,1674.3,1675.7,76024,127307987.05,7173,LEGACY
2023-10-05,GLAXO,GlaxoSmithKline Pharmaceuticals,EQ,INE159A01016,1565.0,1568.75,1537.0,1540.55,1537.0,1560.9,26736,41517594.65,6005,LEGACY
2023-10-05,GLENMARK,Glenmark Pharmaceuticals,EQ,INE935A01035,813.0,815.95,790.7,793.2,793.5,807.1,924422,738813848.55,23341,LEGACY
2023-10-05,GRANULES,Granules India,EQ,INE101D01020,360.95,361.85,352.2,354.35,354.5,359.55,1335740,475508025.85,15375,LEGACY
2023-10-05,IPCALAB,IPCA Laboratories,EQ,INE571A01038,922.0,934.95,919.85,926.95,930.7,921.5,225041,208059791.55,10605,LEGACY
2023-10-05,JBCHEPHARM,JB Chemicals & Pharmaceuticals,EQ,INE572A01036,1510.5,1510.5,1465.0,1494.9,1493.0,1494.35,143680,214128777.6,13909,LEGACY
2023-10-05,LAURUSLABS,Laurus Labs,EQ,INE947Q01028,394.0,397.95,389.05,394.65,393.75,391.2,889525,350882560.3,13306,LEGACY
2023-10-05,LUPIN,Lupin,EQ,INE326A01037,1151.9,1162.35,1142.15,1149.2,1150.0,1151.5,328358,377706619.8,21547,LEGACY
2023-10-05,MANKIND,Mankind Pharma,EQ,INE634S01028,1812.55,1816.65,1770.6,1776.65,1775.0,1808.0,106130,189074044.95,11124,LEGACY
2023-10-05,NATCOPHARM,Natco Pharma,EQ,INE987B01026,869.55,873.65,856.2,866.25,861.0,865.3,152705,131881400.45,8927,LEGACY
2023-10-05,PEL,Piramal Enterprises,EQ,INE140A01024,1050.0,1068.8,1048.5,1060.0,1057.95,1045.75,687024,727160783.05,24638,LEGACY
2023-10-05,PFIZER,Pfizer,EQ,INE182A01018,3927.05,3966.9,3910.9,3960.2,3965.7,3916.6,23696,93633166.7,5986,LEGACY
2023-10-05,PPLPHARMA,Piramal Pharma,EQ,INE0DK501011,100.3,101.05,99.9,100.25,100.45,100.05,1550950,155569676.75,8730,LEGACY
2023-10-05,SANOFI,Sanofi India,EQ,INE058A01010,7225.0,7311.0,7200.1,7292.4,7286.05,7221.0,24765,179809310.3,3398,LEGACY
2023-10-05,STAR,Strides Pharma Science,EQ,INE939A01011,512.0,518.95,504.0,508.9,510.6,508.1,338075,172347472.65,10276,LEGACY
2023-10-05,SUNPHARMA,Sun Pharmaceutical Industries,EQ,INE044A01036,1124.65,1128.65,1111.8,1119.1,1124.6,1123.8,2348562,2626369646.5,122744,LEGACY
2023-10-05,TORNTPHARM,Torrent Pharmaceuticals,EQ,INE685A01028,1865.2,1868.2,1842.0,1850.6,1852.15,1864.15,517609,959011710.55,16320,LEGACY
2023-10-05,WOCKPHARMA,Wockhardt,EQ,INE049B01025,231.0,233.5,230.5,231.6,232.25,229.6,338534,78487872.7,4636,LEGACY
2023-10-05,ZYDUSLIFE,Zydus Lifesciences,EQ,INE010B01027,605.05,613.2,600.5,605.05,605.85,603.45,1294635,783131487.8,30686,LEGACY
2023-10-06,ABBOTINDIA,Abbott India,EQ,INE358A01014,22899.0,23118.0,22829.95,23036.4,23040.0,22861.95,5532,127141923.15,2321,LEGACY
2023-10-06,AJANTPHARM,Ajanta Pharma,EQ,INE031B01049,1759.55,1766.45,1741.85,1747.45,1750.0,1758.55,163758,286079363.7,7166,LEGACY
2023-10-06,ALKEM,Alkem Laboratories,EQ,INE540L01014,3457.5,3535.0,3457.5,3522.5,3520.0,3457.5,259891,912794651.5,15519,LEGACY
2023-10-06,APLLTD,Alembic Pharmaceuticals,EQ,INE901L01018,775.9,787.3,770.45,772.85,773.0,775.9,621193,481066889.0,7164,LEGACY
2023-10-06,AUROPHARMA,Aurobindo Pharma,EQ,INE406A01037,877.1,903.5,877.1,900.85,901.0,877.25,1973985,1760356167.0,67326,LEGACY
2023-10-06,BIOCON,Biocon,EQ,INE376G01013,264.0,265.85,262.6,264.55,264.95,263.6,1215958,321557399.7,10718,LEGACY
2023-10-06,CIPLA,Cipla,EQ,INE059A01026,1165.0,1181.7,1160.45,1163.0,1160.45,1161.1,928951,1084715867.85,51150,LEGACY
2023-10-06,DIVISLAB,Divi's Laboratories,EQ,INE361B01024,3700.0,3728.8,3697.2,3721.8,3723.0,3697.2,244389,908831411.05,18005,LEGACY
2023-10-06,DRREDDY,Dr. Reddy's Laboratories,EQ,INE089A01023,5435.0,5487.2,5409.2,5424.9,5420.0,5407.25,314598,1710832814.2,28165,LEGACY
2023-10-06,GLAND,Gland Pharma,EQ,INE068V01023,1675.0,1684.7,1665.4,1671.5,1665.6,1670.75,57765,96716350.25,6265,LEGACY
2023-10-06,GLAXO,GlaxoSmithKline Pharmaceuticals,EQ,INE159A01016,1548.1,1570.8,1536.25,1555.0,1562.0,1540.55,50525,78598484.55,5420,LEGACY
2023-10-06,GLENMARK,Glenmark Pharmaceuticals,EQ,INE935A01035,794.9,799.65,785.5,793.6,795.8,793.2,928077,734718150.55,18047,LEGACY
2023-10-06,GRANULES,Granules India,EQ,INE101D01020,355.5,365.25,352.3,362.1,361.3,354.35,2263674,818107580.85,23168,LEGACY
2023-10-06,IPCALAB,IPCA Laboratories,EQ,INE571A01038,931.55,938.45,927.05,933.9,938.0,926.95,325290,303548275.7,14972,LEGACY
2023-10-06,JBCHEPHARM,JB Chemicals & Pharmaceuticals,EQ,INE572A01036,1500.45,1519.7,1477.0,1490.25,1500.0,1494.9,207884,310201405.5,12079,LEGACY
2023-10-06,LAURUSLABS,Laurus Labs,EQ,INE947Q01028,396.0,404.0,394.65,398.45,398.9,394.65,1456537,582552121.95,20363,LEGACY
2023-10-06,LUPIN,Lupin,EQ,INE326A01037,1159.05,1167.95,1152.6,1155.05,1156.2,1149.2,569805,659452257.25,23545,LEGACY
2023-10-06,MANKIND,Mankind Pharma,EQ,INE634S01028,1768.4,1805.85,1746.65,1799.45,1796.05,1776.65,203884,362783787.25,15360,LEGACY
2023-10-06,NATCOPHARM,Natco Pharma,EQ,INE987B01026,869.0,871.95,858.05,860.25,861.95,866.25,176780,152819829.2,11740,LEGACY
2023-10-06,PEL,Piramal Enterprises,EQ,INE140A01024,1060.95,1083.2,1060.75,1070.35,1069.0,1060.0,971501,1040483202.35,33072,LEGACY
2023-10-06,PFIZER,Pfizer,EQ,INE182A01018,3967.25,3995.0,3949.0,3989.1,3987.0,3960.2,15424,61404124.4,4547,LEGACY
2023-10-06,PPLPHARMA,Piramal Pharma,EQ,INE0DK501011,100.5,100.75,99.6,99.95,100.1,100.25,1813824,181317207.9,9526,LEGACY
2023-10-06,SANOFI,Sanofi India,EQ,INE058A01010,7300.0,7444.9,7294.6,7338.75,7330.0,7292.4,18339,135125846.65,5822,LEGACY
2023-10-06,STAR,Strides Pharma Science,EQ,INE939A01011,513.35,515.2,498.2,500.45,501.0,508.9,1467855,736216232.05,24544,LEGACY
2023-10-06,SUNPHARMA,Sun Pharmaceutical Industries,EQ,INE044A01036,1128.0,1132.15,1123.1,1127.3,1125.0,1119.1,1056281,1191596873.15,60192,LEGACY
2023-10-06,TORNTPHARM,Torrent Pharmaceuticals,EQ,INE685A01028,1857.7,1899.0,1855.95,1894.05,1891.55,1850.6,408253,768769563.7,21648,LEGACY
2023-10-06,WOCKPHARMA,Wockhardt,EQ,INE049B01025,232.7,233.5,228.6,229.55,229.5,231.6,374152,86190561.35,5298,LEGACY
2023-10-06,ZYDUSLIFE,Zydus Lifesciences,EQ,INE010B01027,607.3,610.65,599.6,603.75,605.0,605.05,1145725,692788552.4,36252,LEGACY
2023-10-09,ABBOTINDIA,Abbott India,EQ,INE358A01014,22970.0,23111.7,22800.0,22962.55,22859.15,23036.4,9485,217610991.2,5133,LEGACY
2023-10-09,AJANTPHARM,Ajanta Pharma,EQ,INE031B01049,1739.9,1765.9,1715.9,1740.5,1740.0,1747.45,201965,351002241.8,16137,LEGACY
2023-10-09,ALKEM,Alkem Laboratories,EQ,INE540L01014,3502.5,3558.65,3490.05,3551.55,3557.0,3522.5,82563,292067984.75,9839,LEGACY
2023-10-09,APLLTD,Alembic Pharmaceuticals,EQ,INE901L01018,765.8,784.35,756.0,759.85,763.0,772.85,82231,63130867.7,8812,LEGACY
2023-10-09,AUROPHARMA,Aurobindo Pharma,EQ,INE406A01037,893.0,915.7,887.85,911.15,911.05,900.85,2758288,2497595952.75,68289,LEGACY
2023-10-09,BIOCON,Biocon,EQ,INE376G01013,261.2,263.85,259.65,260.45,260.35,264.55,1225855,320239612.7,13219,LEGACY
2023-10-09,CIPLA,Cipla,EQ,INE059A01026,1159.0,1166.85,1151.65,1159.5,1159.65,1163.0,822110,953752979.45,36596,LEGACY
2023-10-09,DIVISLAB,Divi's Laboratories,EQ,INE361B01024,3700.0,3796.5,3683.85,3705.3,3705.6,3721.8,447464,1667535904.9,36806,LEGACY
2023-10-09,DRREDDY,Dr. Reddy's Laboratories,EQ,INE089A01023,5410.05,5527.35,5400.15,5494.85,5486.0,5424.9,473622,2602664143.55,42759,LEGACY
2023-10-09,GLAND,Gland Pharma,EQ,INE068V01023,1650.0,1656.15,1604.05,1614.95,1613.0,1671.5,160537,260722813.35,15376,LEGACY
2023-10-09,GLAXO,GlaxoSmithKline Pharmaceuticals,EQ,INE159A01016,1548.0,1570.0,1530.0,1539.95,1531.7,1555.0,48806,75570264.1,6080,LEGACY
2023-10-09,GLENMARK,Glenmark Pharmaceuticals,EQ,INE935A01035,790.0,797.25,781.45,784.4,783.45,793.6,749063,589670284.7,15528,LEGACY
2023-10-09,GRANULES,Granules India,EQ,INE101D01020,353.0,364.7,353.0,355.8,354.25,362.1,1988089,716486317.8,17589,LEGACY
2023-10-09,IPCALAB,IPCA Laboratories,EQ,INE571A01038,930.95,956.35,925.25,936.1,934.55,933.9,659239,621614893.45,24285,LEGACY
2023-10-09,JBCHEPHARM,JB Chemicals & Pharmaceuticals,EQ,INE572A01036,1479.05,1518.7,1455.9,1474.45,1474.95,1490.25,158423,236317660.65,18575,LEGACY
2023-10-09,LAURUSLABS,Laurus Labs,EQ,INE947Q01028,394.3,402.0,393.0,399.15,398.45,398.45,1156839,461223554.6,20024,LEGACY
2023-10-09,LUPIN,Lupin,EQ,INE326A01037,1138.6,1160.0,1138.05,1149.45,1150.0,1155.05,281609,323993098.45,14820,LEGACY
2023-10-09,MANKIND,Mankind Pharma,EQ,INE634S01028,1800.0,1800.05,1757.25,1768.1,1761.95,1799.45,52615,93469874.0,4857,LEGACY
2023-10-09,NATCOPHARM,Natco Pharma,EQ,INE987B01026,855.0,864.0,847.0,852.65,850.0,860.25,170167,145758442.65,11404,LEGACY
2023-10-09,PEL,Piramal Enterprises,EQ,INE140A01024,1057.95,1059.0,1037.05,1044.15,1044.0,1070.35,592463,620540749.85,22768,LEGACY
2023-10-09,PFIZER,Pfizer,EQ,INE182A01018,3984.0,3990.0,3938.4,3960.9,3960.05,3989.1,9805,38834216.3,2360,LEGACY
2023-10-09,PPLPHARMA,Piramal Pharma,EQ,INE0DK501011,99.6,99.7,96.9,97.45,97.3,99.95,1837002,179754507.0,10810,LEGACY
2023-10-09,SANOFI,Sanofi India,EQ,INE058A01010,7286.8,7295.75,7227.05,7258.75,7260.0,7338.75,15006,108921506.8,2662,LEGACY
2023-10-09,STAR,Strides Pharma Science,EQ,INE939A01011,501.0,506.0,490.8,500.65,500.5,500.45,378268,189004734.0,11223,LEGACY
2023-10-09,SUNPHARMA,Sun Pharmaceutical Industries,EQ,INE044A01036,1111.0,1133.8,1109.0,1123.05,1120.1,1127.3,1080276,1214424086.9,50056,LEGACY
2023-10-09,TORNTPHARM,Torrent Pharmaceuticals,EQ,INE685A01028,1880.0,1906.2,1877.35,1890.65,1886.3,1894.05,169472,320771897.55,27965,LEGACY
2023-10-09,WOCKPHARMA,Wockhardt,EQ,INE049B01025,230.0,232.0,226.55,227.7,227.0,229.55,653348,149728633.65,9728,LEGACY
2023-10-09,ZYDUSLIFE,Zydus Lifesciences,EQ,INE010B01027,600.05,607.2,595.1,601.2,600.3,603.75,720986,434819825.75,22199,LEGACY
2023-10-10,ABBOTINDIA,Abbott India,EQ,INE358A01014,22989.95,22989.95,22700.0,22748.05,22780.5,22962.55,6996,159580950.1,2793,LEGACY
2023-10-10,AJANTPHARM,Ajanta Pharma,EQ,INE031B01049,1765.0,1789.95,1753.7,1778.95,1775.0,1740.5,124900,222138494.3,16854,LEGACY
2023-10-10,ALKEM,Alkem Laboratories,EQ,INE540L01014,3570.0,3592.0,3530.05,3585.75,3578.35,3551.55,130100,464821168.85,12499,LEGACY
2023-10-10,APLLTD,Alembic Pharmaceuticals,EQ,INE901L01018,759.8,785.0,758.5,766.95,765.55,759.85,79934,61594403.25,8209,LEGACY
2023-10-10,AUROPHARMA,Aurobindo Pharma,EQ,INE406A01037,911.1,918.0,898.7,900.95,900.85,911.15,1358743,1227587825.6,50825,LEGACY
2023-10-10,BIOCON,Biocon,EQ,INE376G01013,261.0,261.7,255.65,257.9,258.0,260.45,2682999,691649687.0,23313,LEGACY
2023-10-10,CIPLA,Cipla,EQ,INE059A01026,1160.1,1163.6,1150.5,1155.05,1153.65,1159.5,822199,949276480.25,50367,LEGACY
2023-10-10,DIVISLAB,Divi's Laboratories,EQ,INE361B01024,3706.95,3725.55,3685.2,3713.65,3719.0,3705.3,147622,547121139.85,19116,LEGACY
2023-10-10,DRREDDY,Dr. Reddy's Laboratories,EQ,INE089A01023,5484.0,5487.0,5428.0,5478.55,5485.9,5494.85,303926,1659151671.85,38381,LEGACY
2023-10-10,GLAND,Gland Pharma,EQ,INE068V01023,1628.0,1645.0,1621.0,1626.5,1621.0,1614.95,84443,137764731.4,10460,LEGACY
2023-10-10,GLAXO,GlaxoSmithKline Pharmaceuticals,EQ,INE159A01016,1539.3,1552.0,1535.0,1547.5,1549.0,1539.95,51752,79885393.65,6365,LEGACY
2023-10-10,GLENMARK,Glenmark Pharmaceuticals,EQ,INE935A01035,795.0,796.7,784.05,785.85,787.0,784.4,693597,546171226.6,15914,LEGACY
2023-10-10,GRANULES,Granules India,EQ,INE101D01020,356.8,362.4,356.55,357.8,357.25,355.8,782904,281401781.2,9831,LEGACY
2023-10-10,IPCALAB,IPCA Laboratories,EQ,INE571A01038,940.0,958.15,932.1,951.7,952.0,936.1,600190,570402434.25,21835,LEGACY
2023-10-10,JBCHEPHARM,JB Chemicals & Pharmaceuticals,EQ,INE572A01036,1476.05,1499.25,1466.55,1474.0,1473.1,1474.45,74564,110350370.9,11665,LEGACY
2023-10-10,LAURUSLABS,Laurus Labs,EQ,INE947Q01028,399.15,405.35,399.0,400.15,400.85,399.15,1307687,525633232.25,20662,LEGACY
2023-10-10,LUPIN,Lupin,EQ,INE326A01037,1149.95,1161.9,1146.5,1155.45,1157.0,1149.45,500300,578798924.45,37634,LEGACY
2023-10-10,MANKIND,Mankind Pharma,EQ,INE634S01028,1784.9,1800.0,1767.0,1770.65,1770.6,1768.1,59861,106708879.1,6727,LEGACY
2023-10-10,NATCOPHARM,Natco Pharma,EQ,INE987B01026,853.25,861.55,845.6,847.6,848.0,852.65,216102,184376243.95,14508,LEGACY
2023-10-10,PEL,Piramal Enterprises,EQ,INE140A01024,1055.0,1064.0,1046.65,1058.05,1059.55,1044.15,615282,650830542.5,17916,LEGACY
2023-10-10,PFIZER,Pfizer,EQ,INE182A01018,3960.9,3995.0,3939.0,3958.6,3948.0,3960.9,24153,95516810.1,2915,LEGACY
2023-10-10,PPLPHARMA,Piramal Pharma,EQ,INE0DK501011,97.55,101.25,97.55,99.75,100.0,97.45,2559901,255733174.0,10898,LEGACY
2023-10-10,SANOFI,Sanofi India,EQ,INE058A01010,7256.35,7415.5,7256.35,7399.5,7401.0,7258.75,22840,168855830.85,6563,LEGACY
2023-10-10,STAR,Strides Pharma Science,EQ,INE939A01011,501.8,509.0,501.8,504.9,504.5,500.65,288991,146247765.7,8079,LEGACY
2023-10-10,SUNPHARMA,Sun Pharmaceutical Industries,EQ,INE044A01036,1122.0,1130.4,1119.8,1126.5,1126.0,1123.05,1092093,1228814505.95,112847,LEGACY
2023-10-10,TORNTPHARM,Torrent Pharmaceuticals,EQ,INE685A01028,1897.95,1898.9,1865.0,1868.25,1869.0,1890.65,88144,165241189.3,14261,LEGACY
2023-10-10,WOCKPHARMA,Wockhardt,EQ,INE049B01025,229.0,231.9,228.35,230.85,231.9,227.7,312011,71774113.25,5331,LEGACY
2023-10-10,ZYDUSLIFE,Zydus Lifesciences,EQ,INE010B01027,601.95,604.95,597.15,600.0,600.0,601.2,852136,510942736.35,35757,LEGACY
2023-10-11,ABBOTINDIA,Abbott India,EQ,INE358A01014,22800.0,22979.65,22380.0,22430.25,22400.0,22748.05,20037,452553555.45,5388,LEGACY
2023-10-11,AJANTPHARM,Ajanta Pharma,EQ,INE031B01049,1785.35,1805.95,1744.0,1749.15,1750.0,1778.95,110604,195759581.0,19141,LEGACY
2023-10-11,ALKEM,Alkem Laboratories,EQ,INE540L01014,3585.75,3617.75,3531.25,3539.75,3541.0,3585.75,147842,529292874.0,12738,LEGACY
2023-10-11,APLLTD,Alembic Pharmaceuticals,EQ,INE901L01018,769.95,820.4,767.05,810.3,804.8,766.95,1030671,832100325.5,45757,LEGACY
2023-10-11,AUROPHARMA,Aurobindo Pharma,EQ,INE406A01037,903.75,909.2,895.1,899.9,900.1,900.95,1514502,1367097449.15,51963,LEGACY
2023-10-11,BIOCON,Biocon,EQ,INE376G01013,258.8,259.8,257.1,257.4,257.5,257.9,1496819,386344444.15,22395,LEGACY
2023-10-11,CIPLA,Cipla,EQ,INE059A01026,1151.0,1175.0,1146.5,1171.95,1171.05,1155.05,1465239,1712592882.55,66942,LEGACY
2023-10-11,DIVISLAB,Divi's Laboratories,EQ,INE361B01024,3729.0,3767.0,3718.75,3750.55,3745.0,3713.65,205216,768918849.05,29614,LEGACY
2023-10-11,DRREDDY,Dr. Reddy's Laboratories,EQ,INE089A01023,5510.0,5588.0,5510.0,5567.6,5564.0,5478.55,392248,2183371852.35,48319,LEGACY
2023-10-11,GLAND,Gland Pharma,EQ,INE068V01023,1635.7,1685.35,1626.0,1633.85,1638.0,1626.5,854253,1398328250.65,32117,LEGACY
2023-10-11,GLAXO,GlaxoSmithKline Pharmaceuticals,EQ,INE159A01016,1543.85,1568.4,1529.95,1533.2,1530.1,1547.5,30150,46521320.65,4187,LEGACY
2023-10-11,GLENMARK,Glenmark Pharmaceuticals,EQ,INE935A01035,788.95,796.8,778.8,780.7,782.9,785.85,980950,773755927.3,19108,LEGACY
2023-10-11,GRANULES,Granules India,EQ,INE101D01020,359.8,359.8,352.05,353.2,352.5,357.8,941498,333670522.5,11872,LEGACY
2023-10-11,IPCALAB,IPCA Laboratories,EQ,INE571A01038,955.7,963.0,937.2,941.75,938.5,951.7,328292,312337644.5,13251,LEGACY
2023-10-11,JBCHEPHARM,JB Chemicals & Pharmaceuticals,EQ,INE572A01036,1487.45,1505.0,1474.0,1497.5,1503.0,1474.0,68233,102019124.35,10902,LEGACY
2023-10-11,LAURUSLABS,Laurus Labs,EQ,INE947Q01028,401.9,407.25,399.75,400.3,400.4,400.15,1590156,641924740.05,19683,LEGACY
2023-10-11,LUPIN,Lupin,EQ,INE326A01037,1151.0,1168.25,1151.0,1159.85,1156.0,1155.45,880739,1021908472.45,32675,LEGACY
2023-10-11,MANKIND,Mankind Pharma,EQ,INE634S01028,1780.0,1790.0,1766.05,1775.1,1776.85,1770.65,54993,97811849.1,5630,LEGACY
2023-10-11,NATCOPHARM,Natco Pharma,EQ,INE987B01026,850.45,863.0,847.1,850.85,851.65,847.6,269312,229583266.6,10659,LEGACY
2023-10-11,PEL,Piramal Enterprises,EQ,INE140A01024,1060.0,1078.0,1059.55,1067.95,1069.6,1058.05,514226,550506259.3,25134,LEGACY
2023-10-11,PFIZER,Pfizer,EQ,INE182A01018,3970.0,4023.1,3941.0,3981.1,3968.0,3958.6,91288,363813206.95,3368,LEGACY
2023-10-11,PPLPHARMA,Piramal Pharma,EQ,INE0DK501011,100.3,101.0,98.0,98.55,98.95,99.75,2176459,216653009.6,10148,LEGACY
2023-10-11,SANOFI,Sanofi India,EQ,INE058A01010,7401.0,7469.95,7401.0,7458.05,7450.0,7399.5,78886,587563936.2,4666,LEGACY
2023-10-11,STAR,Strides Pharma Science,EQ,INE939A01011,505.55,510.5,501.05,506.1,505.1,504.9,196145,99043671.0,8221,LEGACY
2023-10-11,SUNPHARMA,Sun Pharmaceutical Industries,EQ,INE044A01036,1128.0,1134.45,1122.35,1128.75,1126.5,1126.5,1456045,1642145653.25,58163,LEGACY
2023-10-11,TORNTPHARM,Torrent Pharmaceuticals,EQ,INE685A01028,1875.45,1908.55,1872.1,1885.5,1873.1,1868.25,267605,506886924.05,20400,LEGACY
2023-10-11,WOCKPHARMA,Wockhardt,EQ,INE049B01025,232.0,234.5,231.95,232.45,232.3,230.85,374416,87244240.0,5725,LEGACY
2023-10-11,ZYDUSLIFE,Zydus Lifesciences,EQ,INE010B01027,603.3,607.0,598.0,599.85,601.0,600.0,1380342,829510452.15,25246,LEGACY
2023-10-12,ABBOTINDIA,Abbott India,EQ,INE358A01014,22577.95,22577.95,22270.0,22306.8,22345.0,22430.25,7647,170962130.75,3640,LEGACY
2023-10-12,AJANTPHARM,Ajanta Pharma,EQ,INE031B01049,1758.4,1812.0,1751.05,1779.9,1775.85,1749.15,167113,298679573.45,21842,LEGACY
2023-10-12,ALKEM,Alkem Laboratories,EQ,INE540L01014,3555.95,3604.0,3546.75,3594.95,3591.75,3539.75,154901,555019229.75,12134,LEGACY
2023-10-12,APLLTD,Alembic Pharmaceuticals,EQ,INE901L01018,810.3,817.7,793.5,799.75,800.0,810.3,679712,544259721.75,19804,LEGACY
2023-10-12,AUROPHARMA,Aurobindo Pharma,EQ,INE406A01037,918.0,924.45,909.3,915.9,914.85,899.9,2904639,2664227349.9,102061,LEGACY
2023-10-12,BIOCON,Biocon,EQ,INE376G01013,258.0,261.25,257.4,260.1,260.2,257.4,1572827,408844450.3,14309,LEGACY
2023-10-12,CIPLA,Cipla,EQ,INE059A01026,1179.05,1186.35,1152.45,1157.9,1159.0,1171.95,2533930,2942214395.2,94256,LEGACY
2023-10-12,DIVISLAB,Divi's Laboratories,EQ,INE361B01024,3799.0,3799.0,3729.15,3755.25,3756.05,3750.55,323652,1214598003.9,38285,LEGACY
2023-10-12,DRREDDY,Dr. Reddy's Laboratories,EQ,INE089A01023,5567.6,5584.05,5515.0,5530.2,5527.6,5567.6,339049,1876863241.25,47461,LEGACY
2023-10-12,GLAND,Gland Pharma,EQ,INE068V01023,1640.0,1677.6,1620.0,1625.55,1627.0,1633.85,188356,308911420.7,22105,LEGACY
2023-10-12,GLAXO,GlaxoSmithKline Pharmaceuticals,EQ,INE159A01016,1525.5,1546.9,1515.0,1521.75,1523.35,1533.2,27165,41535831.2,4007,LEGACY
2023-10-12,GLENMARK,Glenmark Pharmaceuticals,EQ,INE935A01035,785.85,794.5,783.5,792.2,794.5,780.7,648967,512368580.35,16710,LEGACY
2023-10-12,GRANULES,Granules India,EQ,INE101D01020,353.2,358.5,353.2,356.0,355.0,353.2,576820,205373998.5,9102,LEGACY
2023-10-12,IPCALAB,IPCA Laboratories,EQ,INE571A01038,941.75,956.0,939.15,945.55,941.55,941.75,354535,336185566.25,20125,LEGACY
2023-10-12,JBCHEPHARM,JB Chemicals & Pharmaceuticals,EQ,INE572A01036,1500.0,1500.0,1457.05,1473.95,1476.0,1497.5,186585,274930603.0,17840,LEGACY
2023-10-12,LAURUSLABS,Laurus Labs,EQ,INE947Q01028,400.3,402.5,395.6,401.6,400.85,400.3,1166929,466650805.3,17423,LEGACY
2023-10-12,LUPIN,Lupin,EQ,INE326A01037,1163.95,1193.0,1160.1,1172.85,1169.65,1159.85,1474920,1734362243.05,53376,LEGACY
2023-10-12,MANKIND,Mankind Pharma,EQ,INE634S01028,1780.0,1804.8,1767.25,1774.7,1771.0,1775.1,85438,152412474.35,6992,LEGACY
2023-10-12,NATCOPHARM,Natco Pharma,EQ,INE987B01026,858.3,872.85,855.0,869.95,865.0,850.85,253528,219120306.85,13324,LEGACY
2023-10-12,PEL,Piramal Enterprises,EQ,INE140A01024,1072.15,1076.2,1054.95,1058.15,1058.95,1067.95,728489,774438811.45,14189,LEGACY
2023-10-12,PFIZER,Pfizer,EQ,INE182A01018,4040.0,4040.0,3954.0,3967.55,3954.0,3981.1,10042,40004207.55,2484,LEGACY
2023-10-12,PPLPHARMA,Piramal Pharma,EQ,INE0DK501011,99.2,100.3,97.3,98.15,98.15,98.55,3561269,350642371.05,14976,LEGACY
2023-10-12,SANOFI,Sanofi India,EQ,INE058A01010,7458.05,7542.35,7432.1,7471.3,7462.0,7458.05,13629,101867732.85,4374,LEGACY
2023-10-12,STAR,Strides Pharma Science,EQ,INE939A01011,509.1,522.8,506.2,515.15,514.8,506.1,874367,452046069.7,19431,LEGACY
2023-10-12,SUNPHARMA,Sun Pharmaceutical Industries,EQ,INE044A01036,1129.0,1132.55,1121.2,1130.4,1131.1,1128.75,1221965,1377816360.6,73003,LEGACY
2023-10-12,TORNTPHARM,Torrent Pharmaceuticals,EQ,INE685A01028,1893.0,1896.9,1873.35,1881.5,1876.6,1885.5,162795,306424286.15,17888,LEGACY
2023-10-12,WOCKPHARMA,Wockhardt,EQ,INE049B01025,233.0,249.0,233.0,245.1,244.35,232.45,4301541,1048849374.2,45795,LEGACY
2023-10-12,ZYDUSLIFE,Zydus Lifesciences,EQ,INE010B01027,604.9,604.9,591.8,593.95,593.25,599.85,1231587,734371825.65,30289,LEGACY
2023-10-13,ABBOTINDIA,Abbott India,EQ,INE358A01014,22200.0,22486.85,22134.9,22389.25,22307.35,22306.8,5334,119288072.9,2711,LEGACY
2023-10-13,AJANTPHARM,Ajanta Pharma,EQ,INE031B01049,1780.0,1796.0,1768.9,1777.75,1774.15,1779.9,66143,117746964.9,8445,LEGACY
2023-10-13,ALKEM,Alkem Laboratories,EQ,INE540L01014,3600.85,3646.3,3570.0,3612.45,3610.2,3594.95,148801,537435759.45,9741,LEGACY
2023-10-13,APLLTD,Alembic Pharmaceuticals,EQ,INE901L01018,798.5,818.35,793.55,800.9,802.0,799.75,259985,209962385.05,19569,LEGACY
2023-10-13,AUROPHARMA,Aurobindo Pharma,EQ,INE406A01037,911.6,922.0,906.5,920.0,920.0,915.9,1240460,1136874019.5,47637,LEGACY
2023-10-13,BIOCON,Biocon,EQ,INE376G01013,259.45,259.5,254.0,254.55,254.6,260.1,2764245,707427369.0,25886,LEGACY
2023-10-13,CIPLA,Cipla,EQ,INE059A01026,1156.0,1169.2,1150.0,1167.75,1167.8,1157.9,940547,1095707800.45,55605,LEGACY
2023-10-13,DIVISLAB,Divi's Laboratories,EQ,INE361B01024,3740.8,3762.45,3730.0,3735.35,3735.0,3755.25,109845,411262149.75,21595,LEGACY
2023-10-13,DRREDDY,Dr. Reddy's Laboratories,EQ,INE089A01023,5427.2,5524.1,5421.6,5460.2,5457.0,5530.2,326651,1789771580.1,30951,LEGACY
2023-10-13,GLAND,Gland Pharma,EQ,INE068V01023,1617.0,1638.0,1615.1,1622.15,1620.0,1625.55,79400,128945758.3,8259,LEGACY
2023-10-13,GLAXO,GlaxoSmithKline Pharmaceuticals,EQ,INE159A01016,1515.0,1544.15,1515.0,1527.75,1525.0,1521.75,38054,58286943.7,4377,LEGACY
2023-10-13,GLENMARK,Glenmark Pharmaceuticals,EQ,INE935A01035,793.0,809.45,788.65,798.35,796.65,792.2,1034587,828697535.6,21863,LEGACY
2023-10-13,GRANULES,Granules India,EQ,INE101D01020,356.0,358.3,352.15,353.6,352.5,356.0,711449,253066623.65,13004,LEGACY
2023-10-13,IPCALAB,IPCA Laboratories,EQ,INE571A01038,944.65,962.55,942.0,959.15,955.1,945.55,416685,398625842.85,34567,LEGACY
2023-10-13,JBCHEPHARM,JB Chemicals & Pharmaceuticals,EQ,INE572A01036,1475.95,1484.15,1446.0,1456.0,1446.0,1473.95,95711,140095019.3,10727,LEGACY
2023-10-13,LAURUSLABS,Laurus Labs,EQ,INE947Q01028,398.05,408.85,397.6,404.0,403.05,401.6,1330438,537966711.1,18366,LEGACY
2023-10-13,LUPIN,Lupin,EQ,INE326A01037,1171.9,1191.65,1166.1,1187.9,1190.65,1172.85,589089,696013754.3,34609,LEGACY
2023-10-13,MANKIND,Mankind Pharma,EQ,INE634S01028,1774.7,1794.95,1767.05,1789.4,1787.0,1774.7,56719,101005087.8,5752,LEGACY
2023-10-13,NATCOPHARM,Natco Pharma,EQ,INE987B01026,868.95,874.45,848.05,850.6,850.0,869.95,322932,277450039.5,16012,LEGACY
2023-10-13,PEL,Piramal Enterprises,EQ,INE140A01024,1051.0,1064.05,1050.05,1054.3,1053.0,1058.15,284799,301153583.05,12840,LEGACY
2023-10-13,PFIZER,Pfizer,EQ,INE182A01018,3951.0,4002.25,3951.0,3976.1,3957.25,3967.55,9885,39353401.4,2540,LEGACY
2023-10-13,PPLPHARMA,Piramal Pharma,EQ,INE0DK501011,97.9,98.15,96.85,97.1,97.1,98.15,2594413,252532549.75,15466,LEGACY
2023-10-13,SANOFI,Sanofi India,EQ,INE058A01010,7410.05,7527.25,7410.05,7474.15,7479.95,7471.3,7803,58386469.5,2654,LEGACY
2023-10-13,STAR,Strides Pharma Science,EQ,INE939A01011,513.0,516.6,506.35,510.2,510.15,515.15,196129,100146481.0,5556,LEGACY
2023-10-13,SUNPHARMA,Sun Pharmaceutical Industries,EQ,INE044A01036,1126.1,1147.2,1122.0,1145.3,1143.85,1130.4,1934884,2202639146.15,87774,LEGACY
2023-10-13,TORNTPHARM,Torrent Pharmaceuticals,EQ,INE685A01028,1880.0,1914.75,1871.55,1895.6,1891.15,1881.5,276953,526074103.45,29234,LEGACY
2023-10-13,WOCKPHARMA,Wockhardt,EQ,INE049B01025,244.7,259.9,243.75,253.1,253.15,245.1,5714469,1447761990.55,46993,LEGACY
2023-10-13,ZYDUSLIFE,Zydus Lifesciences,EQ,INE010B01027,588.5,594.75,587.5,591.95,591.0,593.95,1033792,610207681.65,30380,LEGACY
2023-10-16,ABBOTINDIA,Abbott India,EQ,INE358A01014,22307.35,22750.0,22100.0,22476.9,22400.4,22389.25,16710,376044537.2,6531,LEGACY
2023-10-16,AJANTPHARM,Ajanta Pharma,EQ,INE031B01049,1777.75,1790.0,1745.0,1759.9,1756.0,1777.75,63270,111466847.05,7943,LEGACY
2023-10-16,ALKEM,Alkem Laboratories,EQ,INE540L01014,3615.0,3619.9,3582.1,3609.35,3614.0,3612.45,82519,297576772.35,6836,LEGACY
2023-10-16,APLLTD,Alembic Pharmaceuticals,EQ,INE901L01018,804.5,813.75,800.55,806.8,810.0,800.9,120899,97417906.55,7461,LEGACY
2023-10-16,AUROPHARMA,Aurobindo Pharma,EQ,INE406A01037,917.95,918.75,907.1,909.5,908.0,920.0,1232225,1123850618.55,34849,LEGACY
2023-10-16,BIOCON,Biocon,EQ,INE376G01013,254.5,255.05,252.5,254.2,254.3,254.55,1514070,384695386.1,13712,LEGACY
2023-10-16,CIPLA,Cipla,EQ,INE059A01026,1166.3,1170.1,1158.8,1164.4,1165.5,1167.75,802207,935397505.65,44994,LEGACY
2023-10-16,DIVISLAB,Divi's Laboratories,EQ,INE361B01024,3711.05,3726.6,3639.75,3655.2,3650.0,3735.35,274847,1010120476.7,30718,LEGACY
2023-10-16,DRREDDY,Dr. Reddy's Laboratories,EQ,INE089A01023,5489.0,5507.0,5460.0,5493.1,5485.0,5460.2,171844,942554567.7,20856,LEGACY
2023-10-16,GLAND,Gland Pharma,EQ,INE068V01023,1622.0,1628.7,1566.1,1573.8,1567.55,1622.15,332145,526973989.1,22009,LEGACY
2023-10-16,GLAXO,GlaxoSmithKline Pharmaceuticals,EQ,INE159A01016,1533.0,1598.2,1524.65,1537.5,1530.0,1527.75,116405,182331805.95,9685,LEGACY
2023-10-16,GLENMARK,Glenmark Pharmaceuticals,EQ,INE935A01035,798.3,803.95,792.05,797.8,797.0,798.35,493894,394017915.9,14698,LEGACY
2023-10-16,GRANULES,Granules India,EQ,INE101D01020,355.65,356.0,350.8,352.5,352.15,353.6,642939,227222462.55,10761,LEGACY
2023-10-16,IPCALAB,IPCA Laboratories,EQ,INE571A01038,960.0,970.0,954.4,963.8,967.0,959.15,517819,499543224.2,32098,LEGACY
2023-10-16,JBCHEPHARM,JB Chemicals & Pharmaceuticals,EQ,INE572A01036,1455.05,1459.45,1400.05,1405.95,1414.0,1456.0,169616,240858128.35,17903,LEGACY
2023-10-16,LAURUSLABS,Laurus Labs,EQ,INE947Q01028,409.0,411.0,396.0,398.7,398.25,404.0,3502171,1402695640.05,37139,LEGACY
2023-10-16,LUPIN,Lupin,EQ,INE326A01037,1191.65,1201.55,1185.45,1198.3,1199.8,1187.9,673918,806923678.25,28153,LEGACY
2023-10-16,MANKIND,Mankind Pharma,EQ,INE634S01028,1789.85,1828.45,1774.15,1814.25,1811.5,1789.4,221570,402326743.55,16866,LEGACY
2023-10-16,NATCOPHARM,Natco Pharma,EQ,INE987B01026,850.6,858.0,833.05,839.8,840.0,850.6,240666,203189567.8,14976,LEGACY
2023-10-16,PEL,Piramal Enterprises,EQ,INE140A01024,1055.0,1067.85,1048.1,1056.6,1054.95,1054.3,401331,424621893.1,17268,LEGACY
2023-10-16,PFIZER,Pfizer,EQ,INE182A01018,3979.0,4009.95,3926.05,3939.7,3949.2,3976.1,11317,44914697.2,2770,LEGACY
2023-10-16,PPLPHARMA,Piramal Pharma,EQ,INE0DK501011,97.35,98.4,96.6,96.95,97.0,97.1,2382878,231644635.7,11002,LEGACY
2023-10-16,SANOFI,Sanofi India,EQ,INE058A01010,7519.95,7532.55,7474.25,7512.25,7501.0,7474.15,39023,293196777.2,3292,LEGACY
2023-10-16,STAR,Strides Pharma Science,EQ,INE939A01011,508.9,519.95,508.8,510.65,510.2,510.2,249566,128032783.8,10409,LEGACY
2023-10-16,SUNPHARMA,Sun Pharmaceutical Industries,EQ,INE044A01036,1141.5,1147.25,1133.05,1135.3,1133.15,1145.3,1144308,1303983103.2,73344,LEGACY
2023-10-16,TORNTPHARM,Torrent Pharmaceuticals,EQ,INE685A01028,1895.6,1939.0,1894.55,1912.35,1906.9,1895.6,510628,974623300.2,42992,LEGACY
2023-10-16,WOCKPHARMA,Wockhardt,EQ,INE049B01025,254.1,257.95,246.8,248.8,248.95,253.1,1845457,468375339.6,18333,LEGACY
2023-10-16,ZYDUSLIFE,Zydus Lifesciences,EQ,INE010B01027,591.0,592.1,586.0,591.2,590.0,591.95,509125,300515074.75,18406,LEGACY
2023-10-17,ABBOTINDIA,Abbott India,EQ,INE358A01014,22497.05,22576.45,22368.05,22422.65,22379.0,22476.9,4443,99834803.75,1929,LEGACY
2023-10-17,AJANTPHARM,Ajanta Pharma,EQ,INE031B01049,1760.5,1783.95,1760.5,1774.95,1775.1,1759.9,114475,202753102.25,14056,LEGACY
2023-10-17,ALKEM,Alkem Laboratories,EQ,INE540L01014,3621.9,3634.9,3581.25,3620.3,3620.9,3609.35,122872,443690831.65,11012,LEGACY
2023-10-17,APLLTD,Alembic Pharmaceuticals,EQ,INE901L01018,806.85,828.2,797.95,805.5,803.25,806.8,322995,263962086.5,14616,LEGACY
2023-10-17,AUROPHARMA,Aurobindo Pharma,EQ,INE406A01037,913.0,921.95,905.2,908.2,905.4,909.5,956735,873271176.85,28853,LEGACY
2023-10-17,BIOCON,Biocon,EQ,INE376G01013,255.0,257.5,253.7,254.9,254.0,254.2,2999430,765849536.25,11922,LEGACY
2023-10-17,CIPLA,Cipla,EQ,INE059A01026,1168.0,1178.05,1160.65,1173.5,1172.0,1164.4,877856,1029773163.8,40669,LEGACY
2023-10-17,DIVISLAB,Divi's Laboratories,EQ,INE361B01024,3698.65,3698.65,3627.0,3646.6,3649.95,3655.2,273198,998995944.2,27081,LEGACY
2023-10-17,DRREDDY,Dr. Reddy's Laboratories,EQ,INE089A01023,5487.0,5573.0,5485.05,5544.1,5540.0,5493.1,325352,1802722454.75,51045,LEGACY
2023-10-17,GLAND,Gland Pharma,EQ,INE068V01023,1582.4,1603.95,1575.0,1592.65,1591.0,1573.8,502917,797045786.4,19445,LEGACY
2023-10-17,GLAXO,GlaxoSmithKline Pharmaceuticals,EQ,INE159A01016,1544.95,1551.95,1529.7,1533.9,1535.0,1537.5,79587,122704474.45,4194,LEGACY
2023-10-17,GLENMARK,Glenmark Pharmaceuticals,EQ,INE935A01035,800.0,811.75,797.9,801.65,802.1,797.8,569676,458389516.8,16132,LEGACY
2023-10-17,GRANULES,Granules India,EQ,INE101D01020,352.55,356.1,351.5,355.0,353.0,352.5,574892,203595371.9,9476,LEGACY
2023-10-17,IPCALAB,IPCA Laboratories,EQ,INE571A01038,968.35,979.75,965.05,973.15,972.4,963.8,415476,404357770.9,18259,LEGACY
2023-10-17,JBCHEPHARM,JB Chemicals & Pharmaceuticals,EQ,INE572A01036,1419.5,1422.25,1402.7,1409.45,1418.0,1405.95,72084,101765079.45,6908,LEGACY
2023-10-17,LAURUSLABS,Laurus Labs,EQ,INE947Q01028,401.05,402.75,398.7,400.25,400.1,398.7,1408037,563479791.15,16098,LEGACY
2023-10-17,LUPIN,Lupin,EQ,INE326A01037,1204.8,1215.4,1193.65,1197.65,1198.0,1198.3,908050,1094424134.05,29797,LEGACY
2023-10-17,MANKIND,Mankind Pharma,EQ,INE634S01028,1815.0,1827.95,1801.2,1810.6,1810.0,1814.25,82680,149634069.4,7887,LEGACY
2023-10-17,NATCOPHARM,Natco Pharma,EQ,INE987B01026,848.9,853.9,836.85,839.75,840.8,839.8,262253,221542358.85,16442,LEGACY
2023-10-17,PEL,Piramal Enterprises,EQ,INE140A01024,1058.0,1079.0,1049.7,1053.85,1050.0,1056.6,650451,690762131.25,20603,LEGACY
2023-10-17,PFIZER,Pfizer,EQ,INE182A01018,3979.5,3990.0,3954.05,3967.25,3955.95,3939.7,7478,29681482.5,1600,LEGACY
2023-10-17,PPLPHARMA,Piramal Pharma,EQ,INE0DK501011,99.05,100.8,98.15,99.1,99.0,96.95,5733207,570286232.7,20359,LEGACY
2023-10-17,SANOFI,Sanofi India,EQ,INE058A01010,7540.0,7547.95,7404.05,7433.9,7465.0,7512.25,4948,36959289.85,2395,LEGACY
2023-10-17,STAR,Strides Pharma Science,EQ,INE939A01011,512.0,522.0,508.3,519.05,520.1,510.65,538355,277750177.2,14097,LEGACY
2023-10-17,SUNPHARMA,Sun Pharmaceutical Industries,EQ,INE044A01036,1138.65,1144.0,1134.0,1136.8,1135.05,1135.3,798807,910188783.7,61710,LEGACY
2023-10-17,TORNTPHARM,Torrent Pharmaceuticals,EQ,INE685A01028,1917.25,1936.35,1902.3,1921.55,1920.45,1912.35,300335,577621676.35,18479,LEGACY
2023-10-17,WOCKPHARMA,Wockhardt,EQ,INE049B01025,250.4,251.6,244.8,246.55,246.75,248.8,1007394,249697738.75,10892,LEGACY
2023-10-17,ZYDUSLIFE,Zydus Lifesciences,EQ,INE010B01027,593.3,597.4,588.45,590.3,589.0,591.2,1122317,664794518.6,22493,LEGACY
2023-10-18,ABBOTINDIA,Abbott India,EQ,INE358A01014,22422.0,22600.0,22314.55,22427.95,22351.0,22422.65,5601,125728134.95,2038,LEGACY
2023-10-18,AJANTPHARM,Ajanta Pharma,EQ,INE031B01049,1772.0,1799.0,1750.0,1792.9,1792.1,1774.95,204189,360535980.05,18342,LEGACY
2023-10-18,ALKEM,Alkem Laboratories,EQ,INE540L01014,3632.0,3650.0,3614.95,3632.9,3626.1,3620.3,177578,645130393.3,9641,LEGACY
2023-10-18,APLLTD,Alembic Pharmaceuticals,EQ,INE901L01018,806.0,825.0,794.15,815.0,824.0,805.5,251242,203360543.4,17874,LEGACY
2023-10-18,AUROPHARMA,Aurobindo Pharma,EQ,INE406A01037,906.6,911.8,890.05,899.9,899.9,908.2,2354306,2119120528.35,48885,LEGACY
2023-10-18,BIOCON,Biocon,EQ,INE376G01013,251.5,252.0,236.7,238.65,239.15,254.9,13082442,3159530462.5,110886,LEGACY
2023-10-18,CIPLA,Cipla,EQ,INE059A01026,1185.0,1219.45,1176.15,1210.6,1214.55,1173.5,7367540,8888867093.25,160333,LEGACY
2023-10-18,DIVISLAB,Divi's Laboratories,EQ,INE361B01024,3660.0,3684.2,3633.5,3641.2,3637.85,3646.6,192368,704797866.6,23818,LEGACY
2023-10-18,DRREDDY,Dr. Reddy's Laboratories,EQ,INE089A01023,5544.5,5694.75,5541.8,5677.45,5665.0,5544.1,602971,3404830939.5,65083,LEGACY
2023-10-18,GLAND,Gland Pharma,EQ,INE068V01023,1597.0,1617.75,1587.05,1609.5,1611.0,1592.65,160244,257218754.1,15600,LEGACY
2023-10-18,GLAXO,GlaxoSmithKline Pharmaceuticals,EQ,INE159A01016,1535.0,1542.0,1513.1,1517.85,1520.8,1533.9,37947,57719826.95,4255,LEGACY
2023-10-18,GLENMARK,Glenmark Pharmaceuticals,EQ,INE935A01035,804.5,815.0,798.0,799.8,801.2,801.65,664700,534609101.9,16214,LEGACY
2023-10-18,GRANULES,Granules India,EQ,INE101D01020,355.0,359.0,351.0,355.95,355.3,355.0,724141,257245027.45,12860,LEGACY
2023-10-18,IPCALAB,IPCA Laboratories,EQ,INE571A01038,973.15,981.3,955.4,964.45,967.0,973.15,452642,438055222.45,26318,LEGACY
2023-10-18,JBCHEPHARM,JB Chemicals & Pharmaceuticals,EQ,INE572A01036,1411.0,1411.0,1340.2,1390.0,1380.5,1409.45,321269,440990912.3,28298,LEGACY
2023-10-18,LAURUSLABS,Laurus Labs,EQ,INE947Q01028,400.25,403.0,396.8,399.05,400.0,400.25,1964185,784189115.85,21842,LEGACY
2023-10-18,LUPIN,Lupin,EQ,INE326A01037,1193.65,1208.0,1184.35,1191.05,1189.4,1197.65,1827034,2187850385.8,72321,LEGACY
2023-10-18,MANKIND,Mankind Pharma,EQ,INE634S01028,1810.0,1848.0,1791.0,1801.4,1798.05,1810.6,176986,322332065.5,13832,LEGACY
2023-10-18,NATCOPHARM,Natco Pharma,EQ,INE987B01026,838.0,850.0,835.0,845.4,845.0,839.75,375700,317198482.75,16699,LEGACY
2023-10-18,PEL,Piramal Enterprises,EQ,INE140A01024,1057.0,1057.95,1010.0,1016.35,1016.35,1053.85,1159447,1191926027.5,37756,LEGACY
2023-10-18,PFIZER,Pfizer,EQ,INE182A01018,3967.35,4030.0,3960.25,3972.35,3963.0,3967.25,116240,464886143.55,3987,LEGACY
2023-10-18,PPLPHARMA,Piramal Pharma,EQ,INE0DK501011,99.3,101.3,98.85,99.45,99.55,99.1,4971717,496199238.25,16826,LEGACY
2023-10-18,SANOFI,Sanofi India,EQ,INE058A01010,7453.9,7477.4,7364.1,7462.7,7440.0,7433.9,6761,50277932.2,2202,LEGACY
2023-10-18,STAR,Strides Pharma Science,EQ,INE939A01011,518.85,528.3,510.0,513.85,511.55,519.05,631186,328555856.1,19919,LEGACY
2023-10-18,SUNPHARMA,Sun Pharmaceutical Industries,EQ,INE044A01036,1137.0,1161.8,1134.05,1153.4,1153.15,1136.8,2178517,2512330266.1,99531,LEGACY
2023-10-18,TORNTPHARM,Torrent Pharmaceuticals,EQ,INE685A01028,1924.1,1939.0,1906.1,1917.0,1916.9,1921.55,405999,778748864.7,26522,LEGACY
2023-10-18,WOCKPHARMA,Wockhardt,EQ,INE049B01025,247.85,252.25,242.0,242.85,243.35,246.55,1064413,262238549.55,12235,LEGACY
2023-10-18,ZYDUSLIFE,Zydus Lifesciences,EQ,INE010B01027,590.3,596.55,581.5,583.8,583.7,590.3,880308,517545691.7,23685,LEGACY
2023-10-19,ABBOTINDIA,Abbott India,EQ,INE358A01014,22444.0,22682.9,22251.0,22656.1,22650.0,22427.95,6679,150493376.6,2653,LEGACY
2023-10-19,AJANTPHARM,Ajanta Pharma,EQ,INE031B01049,1794.0,1794.0,1760.7,1771.95,1775.0,1792.9,41278,72990828.1,10329,LEGACY
2023-10-19,ALKEM,Alkem Laboratories,EQ,INE540L01014,3629.95,3639.45,3574.9,3615.85,3601.1,3632.9,163185,590004798.7,11013,LEGACY
2023-10-19,APLLTD,Alembic Pharmaceuticals,EQ,INE901L01018,810.15,839.0,803.8,808.45,804.1,815.0,195730,160409440.8,18049,LEGACY
2023-10-19,AUROPHARMA,Aurobindo Pharma,EQ,INE406A01037,896.6,900.15,880.85,883.65,885.75,899.9,1082100,961630500.75,42641,LEGACY
2023-10-19,BIOCON,Biocon,EQ,INE376G01013,239.0,239.5,233.4,235.4,235.55,238.65,5417771,1275380962.55,76046,LEGACY
2023-10-19,CIPLA,Cipla,EQ,INE059A01026,1210.5,1225.0,1189.65,1223.3,1222.0,1210.6,2157683,2613385308.1,87930,LEGACY
2023-10-19,DIVISLAB,Divi's Laboratories,EQ,INE361B01024,3641.0,3656.85,3600.5,3637.75,3635.95,3641.2,350687,1272782350.35,55877,LEGACY
2023-10-19,DRREDDY,Dr. Reddy's Laboratories,EQ,INE089A01023,5674.75,5674.75,5610.5,5630.9,5618.0,5677.45,505169,2850149815.65,75126,LEGACY
2023-10-19,GLAND,Gland Pharma,EQ,INE068V01023,1605.1,1612.85,1585.0,1608.5,1608.0,1609.5,88008,141281115.05,11268,LEGACY
2023-10-19,GLAXO,GlaxoSmithKline Pharmaceuticals,EQ,INE159A01016,1519.95,1544.0,1516.0,1537.05,1532.0,1517.85,119518,182398389.75,15406,LEGACY
2023-10-19,GLENMARK,Glenmark Pharmaceuticals,EQ,INE935A01035,795.1,799.75,789.55,793.15,793.0,799.8,277693,220570229.2,6931,LEGACY
2023-10-19,GRANULES,Granules India,EQ,INE101D01020,355.9,355.9,350.1,353.35,352.5,355.95,669522,236158083.55,12706,LEGACY
2023-10-19,IPCALAB,IPCA Laboratories,EQ,INE571A01038,958.75,965.0,941.1,946.9,947.4,964.45,542285,515955762.45,24820,LEGACY
2023-10-19,JBCHEPHARM,JB Chemicals & Pharmaceuticals,EQ,INE572A01036,1380.1,1387.05,1335.0,1338.15,1340.0,1390.0,163900,221347426.0,16638,LEGACY
2023-10-19,LAURUSLABS,Laurus Labs,EQ,INE947Q01028,398.9,401.9,394.5,396.4,395.9,399.05,1285554,511386814.35,13480,LEGACY
2023-10-19,LUPIN,Lupin,EQ,INE326A01037,1185.1,1202.0,1178.7,1200.0,1197.6,1191.05,654948,781840635.0,29900,LEGACY
2023-10-19,MANKIND,Mankind Pharma,EQ,INE634S01028,1791.4,1814.95,1789.3,1800.45,1798.0,1801.4,79418,142982152.1,9024,LEGACY
2023-10-19,NATCOPHARM,Natco Pharma,EQ,INE987B01026,840.0,859.0,832.0,833.75,834.45,845.4,276740,232482754.8,18574,LEGACY
2023-10-19,PEL,Piramal Enterprises,EQ,INE140A01024,1016.35,1025.6,997.4,1021.3,1021.0,1016.35,547936,557847333.6,22381,LEGACY
2023-10-19,PFIZER,Pfizer,EQ,INE182A01018,3970.0,3988.8,3930.0,3955.25,3964.0,3972.35,10603,42028581.9,3403,LEGACY
2023-10-19,PPLPHARMA,Piramal Pharma,EQ,INE0DK501011,98.85,100.25,98.5,99.1,99.2,99.45,2541002,252200897.25,16029,LEGACY
2023-10-19,SANOFI,Sanofi India,EQ,INE058A01010,7397.6,7469.9,7372.05,7453.5,7464.95,7462.7,5949,44278972.85,2378,LEGACY
2023-10-19,STAR,Strides Pharma Science,EQ,INE939A01011,507.3,517.0,507.3,512.4,512.85,513.85,206246,105838719.55,6542,LEGACY
2023-10-19,SUNPHARMA,Sun Pharmaceutical Industries,EQ,INE044A01036,1147.4,1150.0,1135.0,1141.5,1136.6,1153.4,1765065,2019669976.15,82887,LEGACY
2023-10-19,TORNTPHARM,Torrent Pharmaceuticals,EQ,INE685A01028,1920.25,1922.95,1897.55,1919.2,1920.0,1917.0,101361,193859666.75,17544,LEGACY
2023-10-19,WOCKPHARMA,Wockhardt,EQ,INE049B01025,242.0,252.9,240.4,248.4,249.0,242.85,2027771,504857664.05,23194,LEGACY
2023-10-19,ZYDUSLIFE,Zydus Lifesciences,EQ,INE010B01027,583.8,591.3,580.65,590.2,590.6,583.8,1011894,595419730.45,28386,LEGACY
2023-10-20,ABBOTINDIA,Abbott India,EQ,INE358A01014,22650.1,22727.0,22332.05,22640.25,22555.0,22656.1,9241,208459740.65,3235,LEGACY
2023-10-20,AJANTPHARM,Ajanta Pharma,EQ,INE031B01049,1771.0,1786.0,1741.55,1753.5,1744.0,1771.95,109201,192599358.2,15296,LEGACY
2023-10-20,ALKEM,Alkem Laboratories,EQ,INE540L01014,3585.0,3608.75,3540.0,3585.6,3586.1,3615.85,90781,323973373.05,12425,LEGACY
2023-10-20,APLLTD,Alembic Pharmaceuticals,EQ,INE901L01018,804.0,812.95,792.05,798.2,799.0,808.45,103644,83229006.25,10201,LEGACY
2023-10-20,AUROPHARMA,Aurobindo Pharma,EQ,INE406A01037,883.0,883.0,862.5,866.2,865.0,883.65,1222902,1064988315.7,44625,LEGACY
2023-10-20,BIOCON,Biocon,EQ,INE376G01013,235.5,236.6,230.5,230.95,230.55,235.4,4771316,1111769037.95,62899,LEGACY
2023-10-20,CIPLA,Cipla,EQ,INE059A01026,1221.85,1221.85,1198.25,1200.2,1200.4,1223.3,692067,834032761.35,47962,LEGACY
2023-10-20,DIVISLAB,Divi's Laboratories,EQ,INE361B01024,3620.0,3634.4,3534.0,3554.3,3566.7,3637.75,465355,1663356109.95,43270,LEGACY
2023-10-20,DRREDDY,Dr. Reddy's Laboratories,EQ,INE089A01023,5620.05,5620.05,5551.0,5569.3,5570.0,5630.9,228275,1272729474.95,37892,LEGACY
2023-10-20,GLAND,Gland Pharma,EQ,INE068V01023,1607.4,1613.75,1547.1,1558.9,1566.0,1608.5,136295,215270509.45,14891,LEGACY
2023-10-20,GLAXO,GlaxoSmithKline Pharmaceuticals,EQ,INE159A01016,1536.6,1548.05,1520.0,1525.25,1525.0,1537.05,98398,151172209.05,3704,LEGACY
2023-10-20,GLENMARK,Glenmark Pharmaceuticals,EQ,INE935A01035,793.0,793.0,775.6,781.15,781.2,793.15,462247,361219104.8,21531,LEGACY
2023-10-20,GRANULES,Granules India,EQ,INE101D01020,354.1,354.1,343.0,344.75,343.85,353.35,931467,323687836.35,15673,LEGACY
2023-10-20,IPCALAB,IPCA Laboratories,EQ,INE571A01038,946.9,949.85,933.1,935.9,935.0,946.9,163420,153777383.4,8658,LEGACY
2023-10-20,JBCHEPHARM,JB Chemicals & Pharmaceuticals,EQ,INE572A01036,1340.0,1353.6,1317.2,1345.6,1346.1,1338.15,140193,187312010.05,11509,LEGACY
2023-10-20,LAURUSLABS,Laurus Labs,EQ,INE947Q01028,396.0,411.4,386.25,400.95,400.2,396.4,6929875,2753879074.6,53534,LEGACY
2023-10-20,LUPIN,Lupin,EQ,INE326A01037,1199.95,1199.95,1173.35,1179.65,1183.0,1200.0,450975,533829655.55,27896,LEGACY
2023-10-20,MANKIND,Mankind Pharma,EQ,INE634S01028,1781.55,1815.0,1781.55,1799.8,1799.9,1800.45,96027,173057753.45,10334,LEGACY
2023-10-20,NATCOPHARM,Natco Pharma,EQ,INE987B01026,825.55,831.6,820.55,822.05,821.05,833.75,1142328,942338243.6,17670,LEGACY
2023-10-20,PEL,Piramal Enterprises,EQ,INE140A01024,1019.0,1030.0,1009.8,1015.4,1015.0,1021.3,429016,436733640.7,19412,LEGACY
2023-10-20,PFIZER,Pfizer,EQ,INE182A01018,3976.1,3976.1,3928.0,3955.05,3954.0,3955.25,5300,20918635.65,1402,LEGACY
2023-10-20,PPLPHARMA,Piramal Pharma,EQ,INE0DK501011,99.05,100.4,98.7,99.45,99.25,99.1,2838000,283047837.85,15949,LEGACY
2023-10-20,SANOFI,Sanofi India,EQ,INE058A01010,7423.5,7497.9,7423.5,7475.8,7475.0,7453.5,6853,51163892.25,3278,LEGACY
2023-10-20,STAR,Strides Pharma Science,EQ,INE939A01011,513.0,515.0,496.0,497.55,496.75,512.4,179526,90427053.0,6573,LEGACY
2023-10-20,SUNPHARMA,Sun Pharmaceutical Industries,EQ,INE044A01036,1138.0,1145.0,1133.1,1142.2,1141.85,1141.5,957910,1093431855.9,75083,LEGACY
2023-10-20,TORNTPHARM,Torrent Pharmaceuticals,EQ,INE685A01028,1911.3,1939.9,1882.05,1891.6,1898.4,1919.2,299259,572395019.7,21887,LEGACY
2023-10-20,WOCKPHARMA,Wockhardt,EQ,INE049B01025,247.0,250.0,241.0,244.15,245.5,248.4,705328,172878221.85,9000,LEGACY
2023-10-20,ZYDUSLIFE,Zydus Lifesciences,EQ,INE010B01027,590.0,590.2,573.5,578.9,577.4,590.2,1265465,732143240.65,33875,LEGACY
2023-10-23,ABBOTINDIA,Abbott India,EQ,INE358A01014,22601.0,22755.0,22404.05,22716.05,22755.0,22640.25,14792,334495293.95,7471,LEGACY
2023-10-23,AJANTPHARM,Ajanta Pharma,EQ,INE031B01049,1759.9,1759.9,1715.0,1725.75,1725.0,1753.5,146106,252798308.55,10312,LEGACY
2023-10-23,ALKEM,Alkem Laboratories,EQ,INE540L01014,3576.0,3610.7,3521.6,3533.85,3530.0,3585.6,117576,421416059.9,9924,LEGACY
2023-10-23,APLLTD,Alembic Pharmaceuticals,EQ,INE901L01018,797.85,800.95,735.5,754.1,745.0,798.2,220539,169438878.35,16139,LEGACY
2023-10-23,AUROPHARMA,Aurobindo Pharma,EQ,INE406A01037,864.7,884.95,859.05,874.8,871.7,866.2,2406093,2098040987.55,63079,LEGACY
2023-10-23,BIOCON,Biocon,EQ,INE376G01013,231.45,233.4,225.1,226.25,225.95,230.95,3841041,878668761.5,32781,LEGACY
2023-10-23,CIPLA,Cipla,EQ,INE059A01026,1200.0,1210.2,1178.45,1183.8,1185.7,1200.2,957929,1141233890.65,60481,LEGACY
2023-10-23,DIVISLAB,Divi's Laboratories,EQ,INE361B01024,3536.15,3625.0,3491.0,3500.95,3506.75,3554.3,427540,1515024486.2,42093,LEGACY
2023-10-23,DRREDDY,Dr. Reddy's Laboratories,EQ,INE089A01023,5525.5,5666.95,5525.5,5551.95,5562.45,5569.3,361957,2026052481.4,44513,LEGACY
2023-10-23,GLAND,Gland Pharma,EQ,INE068V01023,1559.95,1568.0,1488.3,1519.3,1519.0,1558.9,360481,546798938.65,24194,LEGACY
2023-10-23,GLAXO,GlaxoSmithKline Pharmaceuticals,EQ,INE159A01016,1525.25,1529.55,1458.85,1463.8,1463.0,1525.25,54803,81822629.4,5979,LEGACY
2023-10-23,GLENMARK,Glenmark Pharmaceuticals,EQ,INE935A01035,780.0,791.15,756.1,759.9,757.85,781.15,423543,327351256.4,13541,LEGACY
2023-10-23,GRANULES,Granules India,EQ,INE101D01020,342.0,345.6,330.3,332.6,331.0,344.75,1089917,367629682.0,21734,LEGACY
2023-10-23,IPCALAB,IPCA Laboratories,EQ,INE571A01038,980.0,1009.0,958.05,998.8,993.0,935.9,6124600,6101575106.45,154433,LEGACY
2023-10-23,JBCHEPHARM,JB Chemicals & Pharmaceuticals,EQ,INE572A01036,1352.0,1359.95,1275.0,1287.35,1284.0,1345.6,95544,126031240.2,14175,LEGACY
2023-10-23,LAURUSLABS,Laurus Labs,EQ,INE947Q01028,388.0,401.65,355.0,362.4,363.0,400.95,14689676,5459130838.65,128616,LEGACY
2023-10-23,LUPIN,Lupin,EQ,INE326A01037,1173.1,1188.65,1159.2,1168.0,1161.0,1179.65,311340,365061190.05,21617,LEGACY
2023-10-23,MANKIND,Mankind Pharma,EQ,INE634S01028,1800.0,1807.95,1742.0,1749.4,1749.0,1799.8,132448,233949850.0,22727,LEGACY
2023-10-23,NATCOPHARM,Natco Pharma,EQ,INE987B01026,826.1,829.5,804.0,806.8,805.9,822.05,737388,599762826.45,17276,LEGACY
2023-10-23,PEL,Piramal Enterprises,EQ,INE140A01024,1013.9,1015.9,965.9,971.75,970.0,1015.4,788481,779071329.25,35779,LEGACY
2023-10-23,PFIZER,Pfizer,EQ,INE182A01018,3925.0,4051.25,3915.0,3928.75,3940.0,3955.05,12777,50375252.45,2981,LEGACY
2023-10-23,PPLPHARMA,Piramal Pharma,EQ,INE0DK501011,99.45,100.3,92.85,93.8,93.4,99.45,4371037,419997890.8,20563,LEGACY
2023-10-23,SANOFI,Sanofi India,EQ,INE058A01010,7475.8,7500.0,7403.15,7476.75,7440.0,7475.8,29531,220750109.45,4911,LEGACY
2023-10-23,STAR,Strides Pharma Science,EQ,INE939A01011,509.45,509.45,481.2,485.25,485.0,497.55,590768,288871383.0,15234,LEGACY
2023-10-23,SUNPHARMA,Sun Pharmaceutical Industries,EQ,INE044A01036,1135.0,1149.2,1118.0,1122.45,1121.15,1142.2,702730,795005864.7,63766,LEGACY
2023-10-23,TORNTPHARM,Torrent Pharmaceuticals,EQ,INE685A01028,1898.3,1910.95,1867.75,1877.3,1875.8,1891.6,224516,425318519.55,20675,LEGACY
2023-10-23,WOCKPHARMA,Wockhardt,EQ,INE049B01025,242.65,245.5,224.5,226.25,224.85,244.15,1055044,246221892.3,15016,LEGACY
2023-10-23,ZYDUSLIFE,Zydus Lifesciences,EQ,INE010B01027,585.0,592.45,567.95,570.35,570.0,578.9,1100411,633740011.45,27542,LEGACY
2023-10-25,ABBOTINDIA,Abbott India,EQ,INE358A01014,22719.95,22899.0,22405.7,22511.35,22499.0,22716.05,15093,340715616.45,4917,LEGACY
2023-10-25,AJANTPHARM,Ajanta Pharma,EQ,INE031B01049,1734.4,1745.65,1692.1,1718.5,1724.95,1725.75,122518,210598951.4,14355,LEGACY
2023-10-25,ALKEM,Alkem Laboratories,EQ,INE540L01014,3535.15,3592.45,3531.8,3585.35,3577.0,3533.85,108539,386426446.85,10520,LEGACY
2023-10-25,APLLTD,Alembic Pharmaceuticals,EQ,INE901L01018,754.0,773.8,741.15,758.9,760.1,754.1,113639,86162413.85,9217,LEGACY
2023-10-25,AUROPHARMA,Aurobindo Pharma,EQ,INE406A01037,878.9,880.0,854.85,861.1,860.45,874.8,1959691,1701963514.15,78130,LEGACY
2023-10-25,BIOCON,Biocon,EQ,INE376G01013,227.0,229.4,223.9,224.4,224.9,226.25,3158091,716383027.35,31869,LEGACY
2023-10-25,CIPLA,Cipla,EQ,INE059A01026,1184.5,1188.75,1154.05,1157.45,1161.25,1183.8,1433911,1669655086.75,67298,LEGACY
2023-10-25,DIVISLAB,Divi's Laboratories,EQ,INE361B01024,3500.0,3519.85,3421.35,3443.45,3445.8,3500.95,522676,1810891942.25,47853,LEGACY
2023-10-25,DRREDDY,Dr. Reddy's Laboratories,EQ,INE089A01023,5600.0,5612.2,5500.0,5513.85,5509.5,5551.95,420896,2340320850.65,45953,LEGACY
2023-10-25,GLAND,Gland Pharma,EQ,INE068V01023,1519.95,1541.7,1481.0,1510.65,1520.0,1519.3,166865,251790142.0,16795,LEGACY
2023-10-25,GLAXO,GlaxoSmithKline Pharmaceuticals,EQ,INE159A01016,1483.75,1488.95,1454.0,1462.35,1460.0,1463.8,103120,150992247.6,7857,LEGACY
2023-10-25,GLENMARK,Glenmark Pharmaceuticals,EQ,INE935A01035,755.15,762.0,741.7,750.8,747.6,759.9,832310,627489229.75,22237,LEGACY
2023-10-25,GRANULES,Granules India,EQ,INE101D01020,333.65,335.05,325.55,329.65,328.9,332.6,607043,200213310.9,12991,LEGACY
2023-10-25,IPCALAB,IPCA Laboratories,EQ,INE571A01038,998.0,999.9,980.8,993.6,996.6,998.8,806195,799958223.45,29812,LEGACY
2023-10-25,JBCHEPHARM,JB Chemicals & Pharmaceuticals,EQ,INE572A01036,1287.35,1309.95,1260.0,1297.45,1300.0,1287.35,102679,132795279.3,10877,LEGACY
2023-10-25,LAURUSLABS,Laurus Labs,EQ,INE947Q01028,363.0,368.1,351.7,356.65,357.45,362.4,3930630,1408515551.75,39148,LEGACY
2023-10-25,LUPIN,Lupin,EQ,INE326A01037,1190.0,1190.0,1135.25,1143.7,1141.0,1168.0,1055178,1216140777.7,30900,LEGACY
2023-10-25,MANKIND,Mankind Pharma,EQ,INE634S01028,1750.0,1751.95,1705.3,1729.15,1735.9,1749.4,148948,256646758.4,16549,LEGACY
2023-10-25,NATCOPHARM,Natco Pharma,EQ,INE987B01026,815.0,820.0,793.1,798.15,797.0,806.8,262672,211450619.55,21518,LEGACY
2023-10-25,PEL,Piramal Enterprises,EQ,INE140A01024,978.95,996.15,968.55,975.15,973.2,971.75,586947,575763636.9,29108,LEGACY
2023-10-25,PFIZER,Pfizer,EQ,INE182A01018,3911.0,4050.1,3838.0,3986.6,3980.0,3928.75,20597,81179197.7,4583,LEGACY
2023-10-25,PPLPHARMA,Piramal Pharma,EQ,INE0DK501011,94.9,95.65,89.95,91.3,91.55,93.8,4086047,376482029.3,21011,LEGACY
2023-10-25,SANOFI,Sanofi India,EQ,INE058A01010,7476.0,7500.05,7408.8,7473.2,7465.0,7476.75,11481,85676402.05,4226,LEGACY
2023-10-25,STAR,Strides Pharma Science,EQ,INE939A01011,495.2,495.2,477.0,485.45,483.0,485.25,272460,131839481.2,12147,LEGACY
2023-10-25,SUNPHARMA,Sun Pharmaceutical Industries,EQ,INE044A01036,1125.0,1129.7,1112.8,1120.3,1119.0,1122.45,1800673,2017129899.45,115227,LEGACY
2023-10-25,TORNTPHARM,Torrent Pharmaceuticals,EQ,INE685A01028,1909.0,1954.05,1822.55,1922.25,1918.85,1877.3,1682093,3224338209.1,94036,LEGACY
2023-10-25,WOCKPHARMA,Wockhardt,EQ,INE049B01025,227.4,232.2,221.0,222.9,223.35,226.25,678218,153664817.0,11628,LEGACY
2023-10-25,ZYDUSLIFE,Zydus Lifesciences,EQ,INE010B01027,569.6,576.55,569.1,574.7,574.9,570.35,719859,411851809.7,15995,LEGACY
2023-10-26,ABBOTINDIA,Abbott India,EQ,INE358A01014,22480.0,22481.0,22051.0,22232.4,22274.0,22511.35,12651,281611212.75,4942,LEGACY
2023-10-26,AJANTPHARM,Ajanta Pharma,EQ,INE031B01049,1703.0,1725.0,1650.05,1707.7,1688.0,1718.5,425508,719379239.65,24457,LEGACY
2023-10-26,ALKEM,Alkem Laboratories,EQ,INE540L01014,3584.9,3586.0,3509.95,3560.8,3570.0,3585.35,61488,217943774.75,11737,LEGACY
2023-10-26,APLLTD,Alembic Pharmaceuticals,EQ,INE901L01018,752.0,761.0,720.0,746.75,749.4,758.9,164615,122244914.95,15641,LEGACY
2023-10-26,AUROPHARMA,Aurobindo Pharma,EQ,INE406A01037,858.0,860.0,845.0,854.05,855.6,861.1,1937880,1650420684.45,56096,LEGACY
2023-10-26,BIOCON,Biocon,EQ,INE376G01013,224.7,226.05,218.0,222.1,223.75,224.4,3304417,729729711.7,31590,LEGACY
2023-10-26,CIPLA,Cipla,EQ,INE059A01026,1154.8,1155.0,1132.0,1150.85,1152.0,1157.45,2016469,2305175639.55,166796,LEGACY
2023-10-26,DIVISLAB,Divi's Laboratories,EQ,INE361B01024,3430.7,3433.75,3380.0,3406.4,3407.0,3443.45,538755,1834198336.45,56439,LEGACY
2023-10-26,DRREDDY,Dr. Reddy's Laboratories,EQ,INE089A01023,5498.0,5517.5,5340.9,5421.95,5423.9,5513.85,308829,1673002521.4,54189,LEGACY
2023-10-26,GLAND,Gland Pharma,EQ,INE068V01023,1488.0,1549.5,1475.05,1537.55,1535.05,1510.65,257149,387900495.15,26573,LEGACY
2023-10-26,GLAXO,GlaxoSmithKline Pharmaceuticals,EQ,INE159A01016,1432.2,1455.0,1432.2,1440.3,1449.55,1462.35,63644,91900603.0,8187,LEGACY
2023-10-26,GLENMARK,Glenmark Pharmaceuticals,EQ,INE935A01035,745.25,756.4,731.5,749.1,747.35,750.8,884483,657175933.05,17031,LEGACY
2023-10-26,GRANULES,Granules India,EQ,INE101D01020,327.0,329.6,318.95,324.4,323.95,329.65,756435,244359028.8,18318,LEGACY
2023-10-26,IPCALAB,IPCA Laboratories,EQ,INE571A01038,998.0,998.0,960.0,979.75,984.0,993.6,681224,668332015.85,19938,LEGACY
2023-10-26,JBCHEPHARM,JB Chemicals & Pharmaceuticals,EQ,INE572A01036,1297.45,1316.3,1244.45,1309.35,1310.0,1297.45,146348,186656583.55,22477,LEGACY
2023-10-26,LAURUSLABS,Laurus Labs,EQ,INE947Q01028,353.1,362.55,349.4,359.1,358.5,356.65,5130895,1828668865.3,29784,LEGACY
2023-10-26,LUPIN,Lupin,EQ,INE326A01037,1143.0,1149.4,1125.05,1141.6,1139.6,1143.7,490371,556244019.55,22336,LEGACY
2023-10-26,MANKIND,Mankind Pharma,EQ,INE634S01028,1733.4,1735.0,1690.0,1700.85,1700.0,1729.15,268477,456765748.25,18116,LEGACY
2023-10-26,NATCOPHARM,Natco Pharma,EQ,INE987B01026,799.9,806.95,789.55,793.6,799.75,798.15,427209,341180888.15,28536,LEGACY
2023-10-26,PEL,Piramal Enterprises,EQ,INE140A01024,972.55,973.0,931.9,951.6,951.55,975.15,1033445,975994736.95,42331,LEGACY
2023-10-26,PFIZER,Pfizer,EQ,INE182A01018,3995.0,3998.8,3932.4,3933.75,3932.4,3986.6,34360,136116381.35,3798,LEGACY
2023-10-26,PPLPHARMA,Piramal Pharma,EQ,INE0DK501011,91.0,91.0,87.5,89.65,89.9,91.3,3186920,283393107.8,17383,LEGACY
2023-10-26,SANOFI,Sanofi India,EQ,INE058A01010,7460.0,7460.0,7250.05,7325.4,7334.0,7473.2,22423,163958846.0,6057,LEGACY
2023-10-26,STAR,Strides Pharma Science,EQ,INE939A01011,485.05,486.4,469.35,475.6,477.2,485.45,179657,85367469.35,8706,LEGACY
2023-10-26,SUNPHARMA,Sun Pharmaceutical Industries,EQ,INE044A01036,1115.95,1117.95,1097.5,1103.7,1106.0,1120.3,2223975,2455732208.75,143679,LEGACY
2023-10-26,TORNTPHARM,Torrent Pharmaceuticals,EQ,INE685A01028,1919.8,1919.8,1859.55,1889.65,1902.0,1922.25,433022,817886458.95,41364,LEGACY
2023-10-26,WOCKPHARMA,Wockhardt,EQ,INE049B01025,219.05,222.0,213.25,219.6,220.2,222.9,740844,161422695.95,11616,LEGACY
2023-10-26,ZYDUSLIFE,Zydus Lifesciences,EQ,INE010B01027,571.9,574.4,567.75,571.3,574.0,574.7,452936,258308198.75,12540,LEGACY
2023-10-27,ABBOTINDIA,Abbott India,EQ,INE358A01014,22800.0,22800.0,22330.1,22670.7,22699.0,22232.4,6072,137294039.15,2935,LEGACY
2023-10-27,AJANTPHARM,Ajanta Pharma,EQ,INE031B01049,1707.7,1783.0,1704.3,1755.9,1752.6,1707.7,182120,321458446.55,21918,LEGACY
2023-10-27,ALKEM,Alkem Laboratories,EQ,INE540L01014,3586.8,3687.0,3558.0,3675.15,3687.0,3560.8,101943,372165695.1,11027,LEGACY
2023-10-27,APLLTD,Alembic Pharmaceuticals,EQ,INE901L01018,747.05,769.3,745.35,747.25,748.0,746.75,81105,61296910.5,7599,LEGACY
2023-10-27,AUROPHARMA,Aurobindo Pharma,EQ,INE406A01037,856.9,864.95,851.55,854.45,855.5,854.05,1025711,880229474.45,38309,LEGACY
2023-10-27,BIOCON,Biocon,EQ,INE376G01013,224.1,226.0,222.45,222.7,222.8,222.1,2766883,620295924.9,27995,LEGACY
2023-10-27,CIPLA,Cipla,EQ,INE059A01026,1152.0,1197.9,1149.25,1174.25,1176.0,1150.85,1775011,2087973738.8,71513,LEGACY
2023-10-27,DIVISLAB,Divi's Laboratories,EQ,INE361B01024,3407.0,3437.4,3396.45,3411.95,3410.0,3406.4,283983,969913372.65,32250,LEGACY
2023-10-27,DRREDDY,Dr. Reddy's Laboratories,EQ,INE089A01023,5421.9,5453.95,5351.0,5397.3,5420.0,5421.95,431945,2332395786.6,43091,LEGACY
2023-10-27,GLAND,Gland Pharma,EQ,INE068V01023,1548.0,1570.0,1538.2,1550.95,1553.5,1537.55,125030,193992278.5,10481,LEGACY
2023-10-27,GLAXO,GlaxoSmithKline Pharmaceuticals,EQ,INE159A01016,1449.55,1453.9,1430.05,1434.4,1435.0,1440.3,81687,117611949.75,3692,LEGACY
2023-10-27,GLENMARK,Glenmark Pharmaceuticals,EQ,INE935A01035,746.25,754.5,740.05,743.15,745.3,749.1,514179,384535182.55,17009,LEGACY
2023-10-27,GRANULES,Granules India,EQ,INE101D01020,326.65,330.25,324.8,326.3,326.0,324.4,531185,173666116.35,12696,LEGACY
2023-10-27,IPCALAB,IPCA Laboratories,EQ,INE571A01038,979.95,996.0,979.95,983.0,984.0,979.75,239178,235915700.35,10385,LEGACY
2023-10-27,JBCHEPHARM,JB Chemicals & Pharmaceuticals,EQ,INE572A01036,1315.9,1364.7,1302.15,1361.1,1356.0,1309.35,58695,79078902.75,7962,LEGACY
2023-10-27,LAURUSLABS,Laurus Labs,EQ,INE947Q01028,362.0,363.55,356.0,356.8,357.9,359.1,1305960,469443355.35,17893,LEGACY
2023-10-27,LUPIN,Lupin,EQ,INE326A01037,1141.6,1151.75,1129.1,1131.65,1131.65,1141.6,453195,516085728.75,19553,LEGACY
2023-10-27,MANKIND,Mankind Pharma,EQ,INE634S01028,1710.95,1784.35,1710.95,1758.85,1757.0,1700.85,114938,199676993.75,12677,LEGACY
2023-10-27,NATCOPHARM,Natco Pharma,EQ,INE987B01026,800.4,827.95,797.75,805.65,804.95,793.6,344406,280209728.4,19308,LEGACY
2023-10-27,PEL,Piramal Enterprises,EQ,INE140A01024,963.0,985.95,960.1,977.65,980.0,951.6,678914,660619889.65,25062,LEGACY
2023-10-27,PFIZER,Pfizer,EQ,INE182A01018,3935.05,3962.5,3885.15,3936.55,3935.0,3933.75,12196,47937184.8,2475,LEGACY
2023-10-27,PPLPHARMA,Piramal Pharma,EQ,INE0DK501011,90.0,93.45,90.0,92.5,92.0,89.65,2790959,255958976.3,12957,LEGACY
2023-10-27,SANOFI,Sanofi India,EQ,INE058A01010,7301.0,7511.95,7301.0,7494.05,7490.0,7325.4,23460,174979912.15,6985,LEGACY
2023-10-27,STAR,Strides Pharma Science,EQ,INE939A01011,477.35,503.0,477.3,498.25,502.0,475.6,290444,142667717.3,8711,LEGACY
2023-10-27,SUNPHARMA,Sun Pharmaceutical Industries,EQ,INE044A01036,1112.0,1119.8,1107.65,1111.3,1117.0,1103.7,1250965,1393052154.35,102620,LEGACY
2023-10-27,TORNTPHARM,Torrent Pharmaceuticals,EQ,INE685A01028,1895.55,1950.8,1895.4,1920.65,1938.05,1889.65,695215,1339265928.9,35945,LEGACY
2023-10-27,WOCKPHARMA,Wockhardt,EQ,INE049B01025,221.1,224.95,219.4,223.65,224.3,219.6,604293,134554838.3,10918,LEGACY
2023-10-27,ZYDUSLIFE,Zydus Lifesciences,EQ,INE010B01027,574.0,579.85,572.5,575.05,573.55,571.3,544189,313539122.85,13604,LEGACY
2023-10-30,ABBOTINDIA,Abbott India,EQ,INE358A01014,22550.05,22890.9,22400.0,22481.75,22500.1,22670.7,10699,241780239.45,5538,LEGACY
2023-10-30,AJANTPHARM,Ajanta Pharma,EQ,INE031B01049,1755.9,1761.55,1730.9,1754.3,1759.0,1755.9,73252,127899499.05,14050,LEGACY
2023-10-30,ALKEM,Alkem Laboratories,EQ,INE540L01014,3694.5,3700.0,3650.2,3691.75,3684.0,3675.15,169649,624869822.15,28812,LEGACY
2023-10-30,APLLTD,Alembic Pharmaceuticals,EQ,INE901L01018,749.1,750.0,730.2,734.65,734.0,747.25,134991,99442668.3,15486,LEGACY
2023-10-30,AUROPHARMA,Aurobindo Pharma,EQ,INE406A01037,862.9,869.65,850.4,861.35,862.6,854.45,2023423,1739027465.05,46435,LEGACY
2023-10-30,BIOCON,Biocon,EQ,INE376G01013,223.0,224.05,219.85,221.9,221.7,222.7,2213338,489932629.8,30097,LEGACY
2023-10-30,CIPLA,Cipla,EQ,INE059A01026,1186.0,1212.4,1177.5,1193.45,1194.5,1174.25,2853500,3423038183.9,113814,LEGACY
2023-10-30,DIVISLAB,Divi's Laboratories,EQ,INE361B01024,3429.0,3447.2,3384.5,3403.4,3404.8,3411.95,244149,830408722.5,20934,LEGACY
2023-10-30,DRREDDY,Dr. Reddy's Laboratories,EQ,INE089A01023,5393.95,5393.95,5205.55,5345.35,5351.05,5397.3,538320,2878567487.75,56711,LEGACY
2023-10-30,GLAND,Gland Pharma,EQ,INE068V01023,1550.95,1565.1,1513.4,1534.2,1538.8,1550.95,1157918,1795992883.3,26593,LEGACY
2023-10-30,GLAXO,GlaxoSmithKline Pharmaceuticals,EQ,INE159A01016,1433.3,1437.65,1425.0,1429.65,1430.0,1434.4,26951,38527569.2,3660,LEGACY
2023-10-30,GLENMARK,Glenmark Pharmaceuticals,EQ,INE935A01035,739.6,754.85,734.6,750.15,753.65,743.15,567688,423761730.15,14835,LEGACY
2023-10-30,GRANULES,Granules India,EQ,INE101D01020,326.3,327.95,322.5,326.0,325.5,326.3,384027,124715652.5,9809,LEGACY
2023-10-30,IPCALAB,IPCA Laboratories,EQ,INE571A01038,978.05,992.0,978.0,979.75,978.5,983.0,184582,181490205.9,11850,LEGACY
2023-10-30,JBCHEPHARM,JB Chemicals & Pharmaceuticals,EQ,INE572A01036,1374.0,1394.75,1363.05,1391.9,1391.65,1361.1,108119,149925939.1,14389,LEGACY
2023-10-30,LAURUSLABS,Laurus Labs,EQ,INE947Q01028,358.0,364.85,352.85,361.35,361.4,356.8,972811,350446366.6,13860,LEGACY
2023-10-30,LUPIN,Lupin,EQ,INE326A01037,1139.0,1149.0,1127.55,1140.35,1136.95,1131.65,1570477,1788329909.8,50974,LEGACY
2023-10-30,MANKIND,Mankind Pharma,EQ,INE634S01028,1764.8,1764.85,1715.1,1752.75,1748.2,1758.85,110192,191638366.65,13241,LEGACY
2023-10-30,NATCOPHARM,Natco Pharma,EQ,INE987B01026,809.9,815.45,791.1,795.1,797.0,805.65,246832,197486145.85,19411,LEGACY
2023-10-30,PEL,Piramal Enterprises,EQ,INE140A01024,978.0,982.65,960.1,965.5,967.0,977.65,432912,418450227.95,18036,LEGACY
2023-10-30,PFIZER,Pfizer,EQ,INE182A01018,3850.05,3975.15,3848.0,3944.1,3932.3,3936.55,26622,103990220.75,5665,LEGACY
2023-10-30,PPLPHARMA,Piramal Pharma,EQ,INE0DK501011,98.0,100.4,94.7,95.45,95.4,92.5,22924321,2234603643.25,72697,LEGACY
2023-10-30,SANOFI,Sanofi India,EQ,INE058A01010,7375.0,7509.9,7344.35,7460.1,7415.0,7494.05,16184,120325436.05,3353,LEGACY
2023-10-30,STAR,Strides Pharma Science,EQ,INE939A01011,505.0,515.9,486.0,488.85,489.0,498.25,1419009,712946431.05,44753,LEGACY
2023-10-30,SUNPHARMA,Sun Pharmaceutical Industries,EQ,INE044A01036,1115.7,1119.95,1103.85,1115.2,1115.55,1111.3,1078813,1200250431.85,90412,LEGACY
2023-10-30,TORNTPHARM,Torrent Pharmaceuticals,EQ,INE685A01028,1930.05,1951.4,1918.6,1930.35,1934.9,1920.65,287857,556496907.4,19209,LEGACY
2023-10-30,WOCKPHARMA,Wockhardt,EQ,INE049B01025,223.9,228.75,221.05,227.15,227.0,223.65,397808,89729135.25,8010,LEGACY
2023-10-30,ZYDUSLIFE,Zydus Lifesciences,EQ,INE010B01027,578.0,582.45,574.25,580.25,581.0,575.05,788028,456783960.6,17794,LEGACY
2023-10-31,ABBOTINDIA,Abbott India,EQ,INE358A01014,22481.8,22616.85,22358.05,22413.65,22460.0,22481.75,5232,117582683.85,1989,LEGACY
2023-10-31,AJANTPHARM,Ajanta Pharma,EQ,INE031B01049,1761.85,1783.05,1736.2,1763.2,1765.0,1754.3,364265,641879740.9,34884,LEGACY
2023-10-31,ALKEM,Alkem Laboratories,EQ,INE540L01014,3700.0,3735.0,3679.95,3721.85,3720.0,3691.75,140710,522747215.9,19436,LEGACY
2023-10-31,APLLTD,Alembic Pharmaceuticals,EQ,INE901L01018,738.3,738.3,707.15,713.05,713.0,734.65,207596,148724724.85,16520,LEGACY
2023-10-31,AUROPHARMA,Aurobindo Pharma,EQ,INE406A01037,865.0,870.25,846.85,849.5,848.9,861.35,1002465,857585333.85,25814,LEGACY
2023-10-31,BIOCON,Biocon,EQ,INE376G01013,222.2,223.45,217.5,219.65,219.9,221.9,1965042,432051286.3,20872,LEGACY
2023-10-31,CIPLA,Cipla,EQ,INE059A01026,1199.95,1206.1,1191.1,1200.0,1203.1,1193.45,1720955,2062226334.55,70614,LEGACY
2023-10-31,DIVISLAB,Divi's Laboratories,EQ,INE361B01024,3400.4,3422.95,3372.3,3388.35,3395.0,3403.4,220543,748414761.6,37432,LEGACY
2023-10-31,DRREDDY,Dr. Reddy's Laboratories,EQ,INE089A01023,5374.0,5440.95,5353.1,5367.55,5364.0,5345.35,376814,2032492682.05,42501,LEGACY
2023-10-31,GLAND,Gland Pharma,EQ,INE068V01023,1538.95,1564.75,1535.45,1546.0,1540.6,1534.2,127442,197079180.2,8944,LEGACY
2023-10-31,GLAXO,GlaxoSmithKline Pharmaceuticals,EQ,INE159A01016,1429.7,1434.8,1415.65,1423.35,1424.0,1429.65,30612,43669966.35,3833,LEGACY
2023-10-31,GLENMARK,Glenmark Pharmaceuticals,EQ,INE935A01035,754.1,761.85,744.0,747.75,750.4,750.15,361013,271245750.1,11436,LEGACY
2023-10-31,GRANULES,Granules India,EQ,INE101D01020,325.95,327.45,321.1,325.9,325.75,326.0,461624,149860765.25,13047,LEGACY
2023-10-31,IPCALAB,IPCA Laboratories,EQ,INE571A01038,984.6,999.7,981.95,983.75,986.0,979.75,392014,387630588.0,12397,LEGACY
2023-10-31,JBCHEPHARM,JB Chemicals & Pharmaceuticals,EQ,INE572A01036,1398.9,1416.0,1376.05,1398.25,1396.0,1391.9,98141,137492351.55,12754,LEGACY
2023-10-31,LAURUSLABS,Laurus Labs,EQ,INE947Q01028,363.45,364.9,360.45,361.75,362.0,361.35,706396,256127072.5,9857,LEGACY
2023-10-31,LUPIN,Lupin,EQ,INE326A01037,1141.1,1151.05,1123.0,1128.15,1125.55,1140.35,822793,933592340.6,26991,LEGACY
2023-10-31,MANKIND,Mankind Pharma,EQ,INE634S01028,1769.9,1773.0,1733.7,1741.55,1745.0,1752.75,207461,362965674.75,7699,LEGACY
2023-10-31,NATCOPHARM,Natco Pharma,EQ,INE987B01026,797.0,820.0,795.0,800.35,798.0,795.1,651930,522260057.6,19441,LEGACY
2023-10-31,PEL,Piramal Enterprises,EQ,INE140A01024,968.05,980.55,965.0,975.35,975.15,965.5,386798,376625846.25,17335,LEGACY
2023-10-31,PFIZER,Pfizer,EQ,INE182A01018,3975.0,3975.0,3915.15,3934.4,3936.0,3944.1,6147,24195468.8,1942,LEGACY
2023-10-31,PPLPHARMA,Piramal Pharma,EQ,INE0DK501011,96.2,109.4,95.1,104.5,103.9,95.45,55864867,5811033170.3,149942,LEGACY
2023-10-31,SANOFI,Sanofi India,EQ,INE058A01010,7455.05,7575.0,7428.85,7560.2,7535.0,7460.1,23781,178975021.55,5334,LEGACY
2023-10-31,STAR,Strides Pharma Science,EQ,INE939A01011,492.8,497.0,472.85,476.85,478.0,488.85,358426,172249707.45,12330,LEGACY
2023-10-31,SUNPHARMA,Sun Pharmaceutical Industries,EQ,INE044A01036,1119.45,1119.6,1068.35,1088.6,1085.0,1115.2,6475786,7028558734.1,189476,LEGACY
2023-10-31,TORNTPHARM,Torrent Pharmaceuticals,EQ,INE685A01028,1944.8,1944.8,1918.0,1924.25,1930.9,1930.35,184243,354884752.25,19182,LEGACY
2023-10-31,WOCKPHARMA,Wockhardt,EQ,INE049B01025,228.5,232.1,226.2,226.8,226.55,227.15,393839,90202385.45,7422,LEGACY
2023-10-31,ZYDUSLIFE,Zydus Lifesciences,EQ,INE010B01027,580.1,583.0,572.0,573.55,575.9,580.25,876894,505633470.6,24614,LEGACY
2023-11-01,ABBOTINDIA,Abbott India,EQ,INE358A01014,22420.95,22517.95,22152.05,22234.95,22246.0,22413.65,5098,113431310.6,2371,LEGACY
2023-11-01,AJANTPHARM,Ajanta Pharma,EQ,INE031B01049,1795.05,1854.0,1750.0,1827.55,1824.0,1763.2,599815,1094137703.2,63068,LEGACY
2023-11-01,ALKEM,Alkem Laboratories,EQ,INE540L01014,3734.0,3741.8,3676.05,3722.65,3717.65,3721.85,126203,468762511.2,12205,LEGACY
2023-11-01,APLLTD,Alembic Pharmaceuticals,EQ,INE901L01018,714.0,736.3,708.3,712.55,713.8,713.05,81969,58891324.95,9405,LEGACY
2023-11-01,AUROPHARMA,Aurobindo Pharma,EQ,INE406A01037,850.0,862.5,834.65,859.2,858.2,849.5,2290941,1945358770.9,55187,LEGACY
2023-11-01,BIOCON,Biocon,EQ,INE376G01013,221.0,221.6,218.3,218.7,219.1,219.65,1171523,257584834.05,11558,LEGACY
2023-11-01,CIPLA,Cipla,EQ,INE059A01026,1200.0,1208.7,1186.55,1201.25,1200.35,1200.0,1051902,1260627035.1,53762,LEGACY
2023-11-01,DIVISLAB,Divi's Laboratories,EQ,INE361B01024,3400.0,3408.75,3340.0,3346.05,3347.45,3388.35,292897,987849367.75,32307,LEGACY
2023-11-01,DRREDDY,Dr. Reddy's Laboratories,EQ,INE089A01023,5385.0,5420.4,5314.5,5346.45,5340.0,5367.55,275333,1474195985.05,35170,LEGACY
2023-11-01,GLAND,Gland Pharma,EQ,INE068V01023,1551.0,1553.2,1520.0,1533.95,1525.0,1546.0,111658,171404063.7,11071,LEGACY
2023-11-01,GLAXO,GlaxoSmithKline Pharmaceuticals,EQ,INE159A01016,1424.0,1428.25,1400.05,1406.85,1408.95,1423.35,42210,59643571.2,6322,LEGACY
2023-11-01,GLENMARK,Glenmark Pharmaceuticals,EQ,INE935A01035,750.0,751.35,741.05,746.1,745.0,747.75,333271,248907367.15,11582,LEGACY
2023-11-01,GRANULES,Granules India,EQ,INE101D01020,325.95,340.5,322.75,337.4,337.9,325.9,2349145,786783225.5,36654,LEGACY
2023-11-01,IPCALAB,IPCA Laboratories,EQ,INE571A01038,991.95,991.95,972.05,978.75,977.2,983.75,175757,172227743.35,12523,LEGACY
2023-11-01,JBCHEPHARM,JB Chemicals & Pharmaceuticals,EQ,INE572A01036,1398.0,1417.95,1396.8,1400.15,1399.0,1398.25,45010,63103668.8,4827,LEGACY
2023-11-01,LAURUSLABS,Laurus Labs,EQ,INE947Q01028,362.0,363.0,356.65,358.9,359.25,361.75,848357,305090743.35,11851,LEGACY
2023-11-01,LUPIN,Lupin,EQ,INE326A01037,1137.05,1142.2,1128.0,1132.75,1135.1,1128.15,1037234,1178270478.65,29402,LEGACY
2023-11-01,MANKIND,Mankind Pharma,EQ,INE634S01028,1730.0,1755.0,1683.05,1743.6,1750.0,1741.55,303228,521880884.55,23151,LEGACY
2023-11-01,NATCOPHARM,Natco Pharma,EQ,INE987B01026,809.9,809.9,731.5,741.55,738.0,800.35,1624981,1242761407.95,78765,LEGACY
2023-11-01,PEL,Piramal Enterprises,EQ,INE140A01024,980.0,983.95,965.25,966.75,966.9,975.35,367749,357958695.85,17160,LEGACY
2023-11-01,PFIZER,Pfizer,EQ,INE182A01018,3935.0,3947.65,3860.4,3883.25,3880.0,3934.4,15275,59414726.25,3003,LEGACY
2023-11-01,PPLPHARMA,Piramal Pharma,EQ,INE0DK501011,103.0,107.2,102.45,106.6,106.5,104.5,20239054,2129363319.05,66128,LEGACY
2023-11-01,SANOFI,Sanofi India,EQ,INE058A01010,7560.2,7638.95,7525.0,7593.4,7580.05,7560.2,19393,147196841.1,7779,LEGACY
2023-11-01,STAR,Strides Pharma Science,EQ,INE939A01011,479.8,485.0,479.4,481.1,481.0,476.85,173963,83862771.0,6050,LEGACY
2023-11-01,SUNPHARMA,Sun Pharmaceutical Industries,EQ,INE044A01036,1092.0,1132.55,1082.6,1116.2,1117.0,1088.6,3973264,4398866706.9,163867,LEGACY
2023-11-01,TORNTPHARM,Torrent Pharmaceuticals,EQ,INE685A01028,1929.8,1941.55,1913.35,1920.05,1917.55,1924.25,249601,480692947.3,28965,LEGACY
2023-11-01,WOCKPHARMA,Wockhardt,EQ,INE049B01025,226.8,228.45,222.55,223.7,223.5,226.8,300188,67606538.75,5632,LEGACY
2023-11-01,ZYDUSLIFE,Zydus Lifesciences,EQ,INE010B01027,575.4,577.0,570.25,575.4,577.0,573.55,369416,211963060.05,13520,LEGACY
2023-11-02,ABBOTINDIA,Abbott India,EQ,INE358A01014,22348.9,22636.25,22160.0,22382.1,22368.5,22234.95,7027,157204637.75,3978,LEGACY
2023-11-02,AJANTPHARM,Ajanta Pharma,EQ,INE031B01049,1827.55,1835.05,1782.3,1828.7,1819.55,1827.55,199010,362055362.85,25988,LEGACY
2023-11-02,ALKEM,Alkem Laboratories,EQ,INE540L01014,3723.0,3806.0,3723.0,3792.25,3806.0,3722.65,321314,1215448216.1,23959,LEGACY
2023-11-02,APLLTD,Alembic Pharmaceuticals,EQ,INE901L01018,715.9,732.0,712.1,723.8,721.15,712.55,102880,74377628.25,9804,LEGACY
2023-11-02,AUROPHARMA,Aurobindo Pharma,EQ,INE406A01037,860.15,871.6,854.95,855.95,856.0,859.2,1397643,1205131296.75,28232,LEGACY
2023-11-02,BIOCON,Biocon,EQ,INE376G01013,220.45,223.6,220.25,221.75,221.8,218.7,2216990,491191962.5,20348,LEGACY
2023-11-02,CIPLA,Cipla,EQ,INE059A01026,1205.5,1211.85,1194.65,1208.5,1209.75,1201.25,1556467,1877060626.05,83742,LEGACY
2023-11-02,DIVISLAB,Divi's Laboratories,EQ,INE361B01024,3360.6,3407.75,3330.05,3343.7,3341.75,3346.05,406645,1369093031.95,50884,LEGACY
2023-11-02,DRREDDY,Dr. Reddy's Laboratories,EQ,INE089A01023,5380.0,5415.0,5323.4,5338.5,5344.65,5346.45,473167,2534360431.55,49147,LEGACY
2023-11-02,GLAND,Gland Pharma,EQ,INE068V01023,1544.35,1548.35,1486.65,1490.75,1490.0,1533.95,158507,239057750.6,14157,LEGACY
2023-11-02,GLAXO,GlaxoSmithKline Pharmaceuticals,EQ,INE159A01016,1413.9,1418.55,1385.05,1390.25,1391.0,1406.85,45459,63511138.45,6572,LEGACY
2023-11-02,GLENMARK,Glenmark Pharmaceuticals,EQ,INE935A01035,748.0,760.95,748.0,750.9,751.05,746.1,472694,356267045.1,16107,LEGACY
2023-11-02,GRANULES,Granules India,EQ,INE101D01020,340.6,346.7,338.6,341.65,342.5,337.4,1125070,385575985.55,20200,LEGACY
2023-11-02,IPCALAB,IPCA Laboratories,EQ,INE571A01038,983.9,986.4,973.5,975.3,977.15,978.75,121667,119281089.45,6324,LEGACY
2023-11-02,JBCHEPHARM,JB Chemicals & Pharmaceuticals,EQ,INE572A01036,1396.0,1412.1,1395.0,1400.2,1404.0,1400.15,74432,104304599.4,4567,LEGACY
2023-11-02,LAURUSLABS,Laurus Labs,EQ,INE947Q01028,358.9,366.35,358.0,362.3,363.35,358.9,899272,327480930.5,14489,LEGACY
2023-11-02,LUPIN,Lupin,EQ,INE326A01037,1139.8,1184.1,1135.0,1169.2,1170.5,1132.75,2294662,2690075388.9,71892,LEGACY
2023-11-02,MANKIND,Mankind Pharma,EQ,INE634S01028,1756.2,1825.0,1734.6,1800.65,1805.2,1743.6,324368,578214865.1,23963,LEGACY
2023-11-02,NATCOPHARM,Natco Pharma,EQ,INE987B01026,748.0,773.75,724.2,733.6,731.2,741.55,1582803,1187512418.8,58084,LEGACY
2023-11-02,PEL,Piramal Enterprises,EQ,INE140A01024,976.0,989.5,971.8,978.0,978.05,966.75,687903,674395627.45,31555,LEGACY
2023-11-02,PFIZER,Pfizer,EQ,INE182A01018,3884.0,3910.0,3884.0,3893.35,3910.0,3883.25,5888,22936484.1,1938,LEGACY
2023-11-02,PPLPHARMA,Piramal Pharma,EQ,INE0DK501011,107.55,108.25,105.8,106.55,106.35,106.6,9163347,978181119.45,32196,LEGACY
2023-11-02,SANOFI,Sanofi India,EQ,INE058A01010,7600.0,7636.0,7533.05,7600.85,7575.05,7593.4,23705,179993539.45,3920,LEGACY
2023-11-02,STAR,Strides Pharma Science,EQ,INE939A01011,482.35,512.3,481.95,501.9,501.5,481.1,1287351,646064401.15,32967,LEGACY
2023-11-02,SUNPHARMA,Sun Pharmaceutical Industries,EQ,INE044A01036,1127.85,1137.55,1110.6,1132.85,1132.0,1116.2,3454692,3899066103.85,181853,LEGACY
2023-11-02,TORNTPHARM,Torrent Pharmaceuticals,EQ,INE685A01028,1926.85,1945.0,1921.5,1927.4,1930.0,1920.05,220680,426091430.95,25531,LEGACY
2023-11-02,WOCKPHARMA,Wockhardt,EQ,INE049B01025,225.65,227.5,223.7,224.85,225.0,223.7,425628,95852498.15,6282,LEGACY
2023-11-02,ZYDUSLIFE,Zydus Lifesciences,EQ,INE010B01027,578.9,580.5,571.55,577.8,578.0,575.4,858339,495899018.1,28181,LEGACY
2023-11-03,ABBOTINDIA,Abbott India,EQ,INE358A01014,22900.0,22900.0,22316.05,22796.15,22802.0,22382.1,10127,229001684.75,3998,LEGACY
2023-11-03,AJANTPHARM,Ajanta Pharma,EQ,INE031B01049,1838.0,1841.55,1808.2,1825.8,1818.0,1828.7,93526,171181327.75,13767,LEGACY
2023-11-03,ALKEM,Alkem Laboratories,EQ,INE540L01014,3810.0,3855.0,3790.1,3808.95,3793.0,3792.25,261006,995861415.75,25588,LEGACY
2023-11-03,APLLTD,Alembic Pharmaceuticals,EQ,INE901L01018,723.85,733.0,722.0,727.45,726.0,723.8,164864,119607001.95,6015,LEGACY
2023-11-03,AUROPHARMA,Aurobindo Pharma,EQ,INE406A01037,861.05,864.6,850.1,854.3,856.5,855.95,1177359,1008493224.8,29871,LEGACY
2023-11-03,BIOCON,Biocon,EQ,INE376G01013,223.7,228.0,223.0,224.5,224.8,221.75,3721458,839432509.15,39283,LEGACY
2023-11-03,CIPLA,Cipla,EQ,INE059A01026,1215.0,1219.75,1204.0,1206.35,1205.0,1208.5,772013,935609041.85,37294,LEGACY
2023-11-03,DIVISLAB,Divi's Laboratories,EQ,INE361B01024,3368.0,3387.9,3340.1,3350.7,3349.0,3343.7,352546,1185706259.55,38281,LEGACY
2023-11-03,DRREDDY,Dr. Reddy's Laboratories,EQ,INE089A01023,5377.0,5377.0,5247.1,5263.05,5272.0,5338.5,584361,3087413454.65,48797,LEGACY
2023-11-03,GLAND,Gland Pharma,EQ,INE068V01023,1499.2,1539.95,1493.2,1510.5,1508.0,1490.75,187883,284240906.35,13247,LEGACY
2023-11-03,GLAXO,GlaxoSmithKline Pharmaceuticals,EQ,INE159A01016,1397.45,1412.7,1388.95,1405.15,1400.0,1390.25,220999,308201634.25,9114,LEGACY
2023-11-03,GLENMARK,Glenmark Pharmaceuticals,EQ,INE935A01035,751.5,759.35,745.2,746.6,746.1,750.9,371947,279659603.7,11397,LEGACY
2023-11-03,GRANULES,Granules India,EQ,INE101D01020,343.0,353.55,342.0,351.85,350.8,341.65,917227,319986917.4,14757,LEGACY
2023-11-03,IPCALAB,IPCA Laboratories,EQ,INE571A01038,980.15,984.95,966.4,969.8,969.8,975.3,178554,173732856.35,9471,LEGACY
2023-11-03,JBCHEPHARM,JB Chemicals & Pharmaceuticals,EQ,INE572A01036,1407.2,1417.0,1385.05,1402.7,1400.0,1400.2,42132,59294333.35,6443,LEGACY
2023-11-03,LAURUSLABS,Laurus Labs,EQ,INE947Q01028,364.4,368.0,363.05,364.3,364.0,362.3,425928,155419814.75,7386,LEGACY
2023-11-03,LUPIN,Lupin,EQ,INE326A01037,1175.0,1202.55,1174.95,1186.55,1186.0,1169.2,1320335,1572591885.75,36142,LEGACY
2023-11-03,MANKIND,Mankind Pharma,EQ,INE634S01028,1810.0,1815.0,1762.2,1775.1,1767.0,1800.65,79326,142104787.85,9624,LEGACY
2023-11-03,NATCOPHARM,Natco Pharma,EQ,INE987B01026,740.0,752.4,737.0,743.6,743.0,733.6,554509,413490081.8,37410,LEGACY
2023-11-03,PEL,Piramal Enterprises,EQ,INE140A01024,984.05,995.0,981.45,985.55,983.7,978.0,375012,370341162.8,18548,LEGACY
2023-11-03,PFIZER,Pfizer,EQ,INE182A01018,3913.8,3927.85,3877.85,3886.15,3890.0,3893.35,4218,16419310.85,1373,LEGACY
2023-11-03,PPLPHARMA,Piramal Pharma,EQ,INE0DK501011,107.0,108.2,104.1,104.65,104.3,106.55,6558232,694651937.4,29101,LEGACY
2023-11-03,SANOFI,Sanofi India,EQ,INE058A01010,7600.0,7640.0,7554.55,7625.85,7614.75,7600.85,19448,147577470.45,3306,LEGACY
2023-11-03,STAR,Strides Pharma Science,EQ,INE939A01011,501.9,504.05,468.5,473.5,469.95,501.9,936693,452345485.15,30146,LEGACY
2023-11-03,SUNPHARMA,Sun Pharmaceutical Industries,EQ,INE044A01036,1138.5,1145.7,1131.5,1141.1,1141.8,1132.85,1741756,1990281064.85,95463,LEGACY
2023-11-03,TORNTPHARM,Torrent Pharmaceuticals,EQ,INE685A01028,1935.4,1967.9,1932.65,1960.4,1960.0,1927.4,401602,784710950.25,28533,LEGACY
2023-11-03,WOCKPHARMA,Wockhardt,EQ,INE049B01025,226.0,240.95,226.0,238.7,238.0,224.85,2098353,497084188.7,29786,LEGACY
2023-11-03,ZYDUSLIFE,Zydus Lifesciences,EQ,INE010B01027,579.1,588.0,579.1,584.85,586.5,577.8,667824,390456420.4,16573,LEGACY
2023-11-06,ABBOTINDIA,Abbott India,EQ,INE358A01014,22798.0,23394.9,22710.0,23314.0,23140.0,22796.15,13291,307455757.25,5686,LEGACY
2023-11-06,AJANTPHARM,Ajanta Pharma,EQ,INE031B01049,1835.0,1835.0,1795.65,1817.35,1820.0,1825.8,160338,292258631.15,13308,LEGACY
2023-11-06,ALKEM,Alkem Laboratories,EQ,INE540L01014,3809.0,3850.0,3783.55,3825.2,3830.0,3808.95,166232,634601688.7,13787,LEGACY
2023-11-06,APLLTD,Alembic Pharmaceuticals,EQ,INE901L01018,730.25,738.35,722.5,730.55,731.5,727.45,83752,61138106.0,5584,LEGACY
2023-11-06,AUROPHARMA,Aurobindo Pharma,EQ,INE406A01037,858.15,879.0,856.35,873.8,878.0,854.3,1807592,1566585881.45,50307,LEGACY
2023-11-06,BIOCON,Biocon,EQ,INE376G01013,225.6,226.9,223.6,224.85,225.0,224.5,3115669,700702605.3,29877,LEGACY
2023-11-06,CIPLA,Cipla,EQ,INE059A01026,1211.95,1217.0,1197.25,1204.1,1203.2,1206.35,1262938,1520125233.3,63013,LEGACY
2023-11-06,DIVISLAB,Divi's Laboratories,EQ,INE361B01024,3360.0,3530.9,3295.3,3506.7,3522.4,3350.7,1821472,6184087034.85,138254,LEGACY
2023-11-06,DRREDDY,Dr. Reddy's Laboratories,EQ,INE089A01023,5300.0,5357.15,5283.2,5338.1,5341.25,5263.05,569497,3028493422.05,36659,LEGACY
2023-11-06,GLAND,Gland Pharma,EQ,INE068V01023,1519.95,1632.7,1509.3,1574.85,1578.95,1510.5,805148,1277450401.95,47497,LEGACY
2023-11-06,GLAXO,GlaxoSmithKline Pharmaceuticals,EQ,INE159A01016,1408.15,1455.55,1408.15,1431.25,1433.0,1405.15,200487,288527832.0,10747,LEGACY
2023-11-06,GLENMARK,Glenmark Pharmaceuticals,EQ,INE935A01035,752.4,762.5,749.0,755.45,760.35,746.6,742091,559457709.0,16700,LEGACY
2023-11-06,GRANULES,Granules India,EQ,INE101D01020,351.85,353.85,346.55,350.75,349.75,351.85,744222,260104025.45,15175,LEGACY
2023-11-06,IPCALAB,IPCA Laboratories,EQ,INE571A01038,979.0,986.0,971.0,984.65,981.55,969.8,249994,245203009.25,12417,LEGACY
2023-11-06,JBCHEPHARM,JB Chemicals & Pharmaceuticals,EQ,INE572A01036,1405.7,1430.0,1397.45,1413.6,1420.9,1402.7,128267,180525060.4,8502,LEGACY
2023-11-06,LAURUSLABS,Laurus Labs,EQ,INE947Q01028,364.3,373.45,364.3,372.4,372.95,364.3,1274993,471941832.4,24313,LEGACY
2023-11-06,LUPIN,Lupin,EQ,INE326A01037,1194.0,1201.8,1185.25,1199.3,1201.0,1186.55,666171,794020900.75,28368,LEGACY
2023-11-06,MANKIND,Mankind Pharma,EQ,INE634S01028,1775.0,1775.0,1733.0,1762.15,1760.5,1775.1,321321,560651086.8,17132,LEGACY
2023-11-06,NATCOPHARM,Natco Pharma,EQ,INE987B01026,751.75,767.0,743.6,748.2,748.9,743.6,502693,378065574.2,30692,LEGACY
2023-11-06,PEL,Piramal Enterprises,EQ,INE140A01024,991.5,1008.9,988.2,1004.8,1004.0,985.55,401860,401348386.05,16728,LEGACY
2023-11-06,PFIZER,Pfizer,EQ,INE182A01018,3924.0,3951.2,3854.5,3912.35,3906.0,3886.15,15837,61595454.5,2436,LEGACY
2023-11-06,PPLPHARMA,Piramal Pharma,EQ,INE0DK501011,106.0,110.9,104.35,108.5,108.6,104.65,14099282,1528867612.8,47386,LEGACY
2023-11-06,SANOFI,Sanofi India,EQ,INE058A01010,7640.0,7716.65,7542.05,7698.75,7705.0,7625.85,33616,257187016.6,5357,LEGACY
2023-11-06,STAR,Strides Pharma Science,EQ,INE939A01011,475.8,488.05,467.0,482.0,482.0,473.5,533667,253613225.75,18119,LEGACY
2023-11-06,SUNPHARMA,Sun Pharmaceutical Industries,EQ,INE044A01036,1140.1,1151.0,1140.0,1150.0,1150.0,1141.1,1428537,1640134834.1,87956,LEGACY
2023-11-06,TORNTPHARM,Torrent Pharmaceuticals,EQ,INE685A01028,1978.4,1994.0,1954.55,1966.5,1962.4,1960.4,221392,435525835.15,20179,LEGACY
2023-11-06,WOCKPHARMA,Wockhardt,EQ,INE049B01025,238.7,238.95,232.4,233.55,234.4,238.7,472345,111101287.4,7543,LEGACY
2023-11-06,ZYDUSLIFE,Zydus Lifesciences,EQ,INE010B01027,587.1,589.5,579.35,584.85,584.75,584.85,943223,549609476.05,18459,LEGACY
2023-11-07,ABBOTINDIA,Abbott India,EQ,INE358A01014,23160.05,23850.0,23156.05,23786.45,23800.0,23314.0,22283,525956245.75,4224,LEGACY
2023-11-07,AJANTPHARM,Ajanta Pharma,EQ,INE031B01049,1818.0,1833.95,1802.55,1826.9,1824.0,1817.35,179126,326099486.2,21338,LEGACY
2023-11-07,ALKEM,Alkem Laboratories,EQ,INE540L01014,3825.2,4050.0,3814.8,4027.35,4043.0,3825.2,662357,2624794214.5,68495,LEGACY
2023-11-07,APLLTD,Alembic Pharmaceuticals,EQ,INE901L01018,735.0,751.95,724.5,740.0,740.0,730.55,154595,114100507.6,11942,LEGACY
2023-11-07,AUROPHARMA,Aurobindo Pharma,EQ,INE406A01037,874.3,905.0,871.25,902.55,903.0,873.8,2091026,1872019244.2,45518,LEGACY
2023-11-07,BIOCON,Biocon,EQ,INE376G01013,225.15,225.9,223.6,225.35,225.55,224.85,2717764,610722780.65,22050,LEGACY
2023-11-07,CIPLA,Cipla,EQ,INE059A01026,1205.0,1217.5,1200.75,1216.45,1216.85,1204.1,1210644,1469027874.6,37291,LEGACY
2023-11-07,DIVISLAB,Divi's Laboratories,EQ,INE361B01024,3435.6,3568.8,3401.05,3481.4,3481.3,3506.7,1291049,4505561727.1,100619,LEGACY
2023-11-07,DRREDDY,Dr. Reddy's Laboratories,EQ,INE089A01023,5374.0,5473.05,5319.8,5404.35,5411.65,5338.1,699747,3796532429.8,53982,LEGACY
2023-11-07,GLAND,Gland Pharma,EQ,INE068V01023,1645.0,1676.95,1625.05,1653.15,1652.95,1574.85,1913123,3167017298.15,81802,LEGACY
2023-11-07,GLAXO,GlaxoSmithKline Pharmaceuticals,EQ,INE159A01016,1435.0,1439.6,1416.0,1421.4,1423.0,1431.25,27305,38977980.3,3496,LEGACY
2023-11-07,GLENMARK,Glenmark Pharmaceuticals,EQ,INE935A01035,760.35,772.0,755.45,759.15,761.5,755.45,713316,543984258.0,23177,LEGACY
2023-11-07,GRANULES,Granules India,EQ,INE101D01020,349.0,355.5,347.55,354.45,354.5,350.75,846255,299046489.25,13023,LEGACY
2023-11-07,IPCALAB,IPCA Laboratories,EQ,INE571A01038,989.7,1019.45,984.35,1006.5,1012.25,984.65,701972,705001061.6,29452,LEGACY
2023-11-07,JBCHEPHARM,JB Chemicals & Pharmaceuticals,EQ,INE572A01036,1412.75,1470.65,1407.05,1452.75,1462.0,1413.6,105723,152020169.2,14735,LEGACY
2023-11-07,LAURUSLABS,Laurus Labs,EQ,INE947Q01028,373.95,374.2,368.9,369.95,369.2,372.4,499601,185414866.25,8939,LEGACY
2023-11-07,LUPIN,Lupin,EQ,INE326A01037,1200.0,1212.35,1188.0,1189.7,1190.0,1199.3,1726919,2072448857.15,45248,LEGACY
2023-11-07,MANKIND,Mankind Pharma,EQ,INE634S01028,1770.0,1809.8,1760.6,1793.8,1792.0,1762.15,127778,229231873.45,12678,LEGACY
2023-11-07,NATCOPHARM,Natco Pharma,EQ,INE987B01026,749.3,758.6,744.2,748.65,749.0,748.2,636323,476659150.65,17365,LEGACY
2023-11-07,PEL,Piramal Enterprises,EQ,INE140A01024,1004.95,1007.8,993.1,1000.85,1004.4,1004.8,268082,268274001.1,14222,LEGACY
2023-11-07,PEL,Piramal Enterprises,N0,INE140A07757,990.25,995.05,990.25,995.01,995.0,1000.0,31,30840.7,6,LEGACY
2023-11-07,PEL,Piramal Enterprises,N1,INE140A07740,998.4,998.4,991.0,995.53,995.99,1000.0,3087,3075019.69,50,LEGACY
2023-11-07,PEL,Piramal Enterprises,N2,INE140A07765,991.0,1000.0,991.0,1000.0,1000.0,1000.0,101,100991.0,2,LEGACY
2023-11-07,PEL,Piramal Enterprises,N3,INE140A07773,1000.0,1000.0,995.0,995.0,995.0,1000.0,855,851389.27,12,LEGACY
2023-11-07,PFIZER,Pfizer,EQ,INE182A01018,3910.0,3910.0,3880.0,3884.3,3882.5,3912.35,4258,16550091.95,1336,LEGACY
2023-11-07,PPLPHARMA,Piramal Pharma,EQ,INE0DK501011,108.75,116.6,108.75,113.05,113.05,108.5,31919318,3629607402.05,109673,LEGACY
2023-11-07,SANOFI,Sanofi India,EQ,INE058A01010,7698.7,7800.0,7653.3,7777.15,7780.0,7698.75,16185,125462480.7,4811,LEGACY
2023-11-07,STAR,Strides Pharma Science,EQ,INE939A01011,486.0,489.35,479.3,487.15,486.0,482.0,198127,96179184.1,8461,LEGACY
2023-11-07,SUNPHARMA,Sun Pharmaceutical Industries,EQ,INE044A01036,1149.0,1173.55,1146.55,1170.95,1173.0,1150.0,1811831,2111659196.7,104978,LEGACY
2023-11-07,TORNTPHARM,Torrent Pharmaceuticals,EQ,INE685A01028,1968.8,2001.0,1966.25,1998.4,1999.0,1966.5,295281,586848140.4,29140,LEGACY
2023-11-07,WOCKPHARMA,Wockhardt,EQ,INE049B01025,234.6,242.65,234.2,239.9,241.3,233.55,828740,198160861.5,14311,LEGACY
2023-11-07,ZYDUSLIFE,Zydus Lifesciences,EQ,INE010B01027,588.0,602.4,587.65,597.3,598.8,584.85,2232265,1330850839.75,42855,LEGACY
2023-11-08,ABBOTINDIA,Abbott India,EQ,INE358A01014,23700.0,24297.15,23650.3,24265.7,24250.0,23786.45,18187,438061059.95,5090,LEGACY
2023-11-08,AJANTPHARM,Ajanta Pharma,EQ,INE031B01049,1830.0,1834.4,1783.5,1801.25,1800.0,1826.9,202559,366797479.65,15729,LEGACY
2023-11-08,ALKEM,Alkem Laboratories,EQ,INE540L01014,4055.25,4300.0,4011.05,4232.7,4242.0,4027.35,1222642,5171309863.3,99342,LEGACY
2023-11-08,APLLTD,Alembic Pharmaceuticals,EQ,INE901L01018,741.0,743.1,725.0,732.8,734.85,740.0,391685,286405822.65,10953,LEGACY
2023-11-08,AUROPHARMA,Aurobindo Pharma,EQ,INE406A01037,906.8,947.7,903.5,936.55,936.0,902.55,4414035,4117932254.55,97858,LEGACY
2023-11-08,BIOCON,Biocon,EQ,INE376G01013,226.2,229.35,225.45,226.85,226.65,225.35,3110053,707158327.4,30308,LEGACY
2023-11-08,CIPLA,Cipla,EQ,INE059A01026,1222.0,1242.4,1220.0,1241.0,1240.0,1216.45,1107006,1366851790.8,46836,LEGACY
2023-11-08,DIVISLAB,Divi's Laboratories,EQ,INE361B01024,3485.0,3536.65,3481.65,3490.9,3485.45,3481.4,480765,1684465991.7,42032,LEGACY
2023-11-08,DRREDDY,Dr. Reddy's Laboratories,EQ,INE089A01023,5428.9,5500.35,5406.6,5453.55,5443.1,5404.35,419391,2293604618.0,46364,LEGACY
2023-11-08,GLAND,Gland Pharma,EQ,INE068V01023,1659.7,1659.7,1620.0,1625.2,1625.0,1653.15,329861,539025042.95,24290,LEGACY
2023-11-08,GLAXO,GlaxoSmithKline Pharmaceuticals,EQ,INE159A01016,1421.45,1480.6,1421.45,1445.2,1447.1,1421.4,345839,502088259.7,11567,LEGACY
2023-11-08,GLENMARK,Glenmark Pharmaceuticals,EQ,INE935A01035,761.45,788.75,761.0,785.95,788.5,759.15,1048266,816850711.6,29732,LEGACY
2023-11-08,GRANULES,Granules India,EQ,INE101D01020,354.6,366.85,354.6,358.05,357.2,354.45,2962408,1068459126.35,37624,LEGACY
2023-11-08,IPCALAB,IPCA Laboratories,EQ,INE571A01038,1015.0,1062.5,1010.85,1053.95,1053.9,1006.5,931525,973217334.45,45628,LEGACY
2023-11-08,JBCHEPHARM,JB Chemicals & Pharmaceuticals,EQ,INE572A01036,1456.0,1497.8,1436.25,1462.2,1470.0,1452.75,169088,247660377.7,18346,LEGACY
2023-11-08,LAURUSLABS,Laurus Labs,EQ,INE947Q01028,369.95,378.5,369.4,371.65,370.7,369.95,1642816,615687657.6,18584,LEGACY
2023-11-08,LUPIN,Lupin,EQ,INE326A01037,1202.8,1224.9,1195.6,1211.1,1205.65,1189.7,2038402,2469081270.1,62589,LEGACY
2023-11-08,MANKIND,Mankind Pharma,EQ,INE634S01028,1803.0,1877.75,1797.2,1843.6,1843.8,1793.8,777503,1441411301.95,45508,LEGACY
2023-11-08,NATCOPHARM,Natco Pharma,EQ,INE987B01026,750.0,767.0,745.1,747.7,748.4,748.65,872148,658056889.35,32848,LEGACY
2023-11-08,PEL,Piramal Enterprises,EQ,INE140A01024,1006.0,1012.85,985.45,988.35,989.0,1000.85,531492,528797792.7,21769,LEGACY
2023-11-08,PEL,Piramal Enterprises,N0,INE140A07757,997.0,997.0,990.0,990.0,990.0,995.01,290,288709.67,7,LEGACY
2023-11-08,PEL,Piramal Enterprises,N1,INE140A07740,995.0,995.0,994.0,994.0,994.0,995.53,1652,1643088.2,10,LEGACY
2023-11-08,PEL,Piramal Enterprises,N2,INE140A07765,1015.0,1015.0,1015.0,1015.0,1015.0,1000.0,1,1015.0,1,LEGACY
2023-11-08,PEL,Piramal Enterprises,N3,INE140A07773,999.94,999.94,996.0,999.9,999.9,995.0,64,63798.76,3,LEGACY
2023-11-08,PFIZER,Pfizer,EQ,INE182A01018,3900.05,4051.25,3850.0,3945.25,3930.0,3884.3,26667,103958538.95,4332,LEGACY
2023-11-08,PPLPHARMA,Piramal Pharma,EQ,INE0DK501011,114.8,120.95,95.3,115.6,117.95,113.05,30546978,3596420959.4,104602,LEGACY
2023-11-08,SANOFI,Sanofi India,EQ,INE058A01010,7777.15,7801.25,7740.0,7780.2,7800.0,7777.15,19559,152078106.8,2969,LEGACY
2023-11-08,STAR,Strides Pharma Science,EQ,INE939A01011,486.0,491.95,483.35,487.3,486.95,487.15,165847,80942322.3,5562,LEGACY
2023-11-08,SUNPHARMA,Sun Pharmaceutical Industries,EQ,INE044A01036,1175.0,1182.9,1171.0,1176.7,1173.25,1170.95,1702301,2005108412.95,70576,LEGACY
2023-11-08,TORNTPHARM,Torrent Pharmaceuticals,EQ,INE685A01028,2017.1,2053.6,2002.1,2028.1,2027.0,1998.4,439459,891775114.55,36802,LEGACY
2023-11-08,WOCKPHARMA,Wockhardt,EQ,INE049B01025,243.9,246.5,239.0,240.25,240.45,239.9,1171517,283653217.5,13938,LEGACY
2023-11-08,ZYDUSLIFE,Zydus Lifesciences,EQ,INE010B01027,601.5,634.0,598.05,625.2,626.7,597.3,4262389,2653655159.45,78838,LEGACY
2023-11-09,ABBOTINDIA,Abbott India,EQ,INE358A01014,24263.0,24455.05,23800.15,23879.45,23899.95,24265.7,24641,595056304.55,8063,LEGACY
2023-11-09,AJANTPHARM,Ajanta Pharma,EQ,INE031B01049,1811.2,1898.0,1797.1,1875.15,1875.0,1801.25,394380,731355444.25,28032,LEGACY
2023-11-09,ALKEM,Alkem Laboratories,EQ,INE540L01014,4260.15,4337.5,4232.7,4282.7,4270.7,4232.7,520821,2232990838.15,55845,LEGACY
2023-11-09,APLLTD,Alembic Pharmaceuticals,EQ,INE901L01018,729.0,741.95,729.0,734.2,735.0,732.8,51316,37850003.15,4734,LEGACY
2023-11-09,AUROPHARMA,Aurobindo Pharma,EQ,INE406A01037,939.0,958.15,929.3,950.75,949.0,936.55,2550759,2421077434.15,75321,LEGACY
2023-11-09,BIOCON,Biocon,EQ,INE376G01013,228.95,229.5,225.9,227.05,227.1,226.85,1989025,451871388.9,19890,LEGACY
2023-11-09,CIPLA,Cipla,EQ,INE059A01026,1242.0,1245.0,1232.0,1238.15,1239.25,1241.0,751433,931499748.7,45050,LEGACY
2023-11-09,DIVISLAB,Divi's Laboratories,EQ,INE361B01024,3510.0,3520.0,3471.1,3498.5,3497.0,3490.9,296978,1039473599.2,33658,LEGACY
2023-11-09,DRREDDY,Dr. Reddy's Laboratories,EQ,INE089A01023,5478.9,5498.95,5440.0,5457.95,5466.0,5453.55,328532,1797951549.4,44311,LEGACY
2023-11-09,GLAND,Gland Pharma,EQ,INE068V01023,1633.4,1634.4,1594.0,1612.65,1615.95,1625.2,137308,221238560.05,12478,LEGACY
2023-11-09,GLAXO,GlaxoSmithKline Pharmaceuticals,EQ,INE159A01016,1446.3,1479.95,1441.15,1449.4,1450.0,1445.2,47955,70065538.1,5062,LEGACY
2023-11-09,GLENMARK,Glenmark Pharmaceuticals,EQ,INE935A01035,793.8,793.8,773.1,784.1,785.5,785.95,989686,774162601.85,27478,LEGACY
2023-11-09,GRANULES,Granules India,EQ,INE101D01020,360.9,374.8,353.4,370.1,369.0,358.05,4196966,1540422225.7,53513,LEGACY
2023-11-09,IPCALAB,IPCA Laboratories,EQ,INE571A01038,1058.9,1058.9,1042.2,1046.4,1045.0,1053.95,309979,325859288.45,20020,LEGACY
2023-11-09,JBCHEPHARM,JB Chemicals & Pharmaceuticals,EQ,INE572A01036,1490.0,1536.25,1481.3,1503.3,1507.05,1462.2,430291,647703345.3,28342,LEGACY
2023-11-09,LAURUSLABS,Laurus Labs,EQ,INE947Q01028,372.0,375.4,368.3,369.7,369.7,371.65,711151,263929624.55,14483,LEGACY
2023-11-09,LUPIN,Lupin,EQ,INE326A01037,1222.0,1238.45,1201.75,1204.55,1204.0,1211.1,4003157,4878709364.55,104735,LEGACY
2023-11-09,MANKIND,Mankind Pharma,EQ,INE634S01028,1851.05,1857.65,1801.55,1817.1,1820.0,1843.6,160916,295181603.1,17520,LEGACY
2023-11-09,NATCOPHARM,Natco Pharma,EQ,INE987B01026,752.0,766.25,729.1,733.95,735.45,747.7,1611408,1205626064.35,53973,LEGACY
2023-11-09,PEL,Piramal Enterprises,EQ,INE140A01024,994.6,999.5,982.3,986.4,984.5,988.35,515349,510370784.1,22588,LEGACY
2023-11-09,PEL,Piramal Enterprises,N0,INE140A07757,998.1,998.1,991.0,991.0,991.0,990.0,20,19881.0,3,LEGACY
2023-11-09,PEL,Piramal Enterprises,N1,INE140A07740,994.2,995.5,994.0,994.23,994.0,994.0,1575,1565806.4,14,LEGACY
2023-11-09,PEL,Piramal Enterprises,N2,INE140A07765,1015.0,1015.0,1015.0,1015.0,1015.0,1015.0,25,25375.0,1,LEGACY
2023-11-09,PEL,Piramal Enterprises,N3,INE140A07773,999.85,999.85,999.85,999.85,999.85,999.9,23,22996.55,1,LEGACY
2023-11-09,PFIZER,Pfizer,EQ,INE182A01018,3945.25,3949.95,3874.2,3891.05,3918.0,3945.25,8116,31715193.05,2065,LEGACY
2023-11-09,PPLPHARMA,Piramal Pharma,EQ,INE0DK501011,117.95,120.4,116.1,117.6,117.95,115.6,15565507,1841528239.5,61514,LEGACY
2023-11-09,SANOFI,Sanofi India,EQ,INE058A01010,7820.0,7860.05,7744.55,7795.0,7800.0,7780.2,8770,68390889.95,2950,LEGACY
2023-11-09,STAR,Strides Pharma Science,EQ,INE939A01011,485.5,489.45,480.1,482.1,480.1,487.3,89551,43438043.8,4803,LEGACY
2023-11-09,SUNPHARMA,Sun Pharmaceutical Industries,EQ,INE044A01036,1181.0,1183.25,1166.85,1176.2,1179.8,1176.7,1849169,2176919817.8,88586,LEGACY
2023-11-09,TORNTPHARM,Torrent Pharmaceuticals,EQ,INE685A01028,2034.45,2059.9,2016.9,2051.2,2059.9,2028.1,308733,629714964.65,28387,LEGACY
2023-11-09,WOCKPHARMA,Wockhardt,EQ,INE049B01025,241.7,243.7,238.6,239.75,239.15,240.25,559132,135080578.8,8469,LEGACY
2023-11-09,ZYDUSLIFE,Zydus Lifesciences,EQ,INE010B01027,625.2,627.55,609.15,612.45,611.15,625.2,1601334,986309361.15,40691,LEGACY
2023-11-10,ABBOTINDIA,Abbott India,EQ,INE358A01014,23879.45,24142.9,23505.05,23705.65,23680.0,23879.45,13934,331535019.25,5691,LEGACY
2023-11-10,AJANTPHARM,Ajanta Pharma,EQ,INE031B01049,1875.0,1910.0,1858.1,1887.85,1885.0,1875.15,235241,444544381.9,13691,LEGACY
2023-11-10,ALKEM,Alkem Laboratories,EQ,INE540L01014,4275.1,4325.0,4212.5,4306.25,4310.0,4282.7,361432,1546582424.05,33210,LEGACY
2023-11-10,APLLTD,Alembic Pharmaceuticals,EQ,INE901L01018,736.45,741.75,724.0,726.6,726.0,734.2,74862,54826472.7,8933,LEGACY
2023-11-10,AUROPHARMA,Aurobindo Pharma,EQ,INE406A01037,964.0,984.0,941.55,979.7,977.15,950.75,5495149,5323413894.25,123031,LEGACY
2023-11-10,BIOCON,Biocon,EQ,INE376G01013,227.85,228.65,222.55,227.4,228.3,227.05,2629871,592159950.05,25729,LEGACY
2023-11-10,CIPLA,Cipla,EQ,INE059A01026,1237.85,1242.0,1230.0,1240.1,1239.1,1238.15,576673,713042730.5,25842,LEGACY
2023-11-10,DIVISLAB,Divi's Laboratories,EQ,INE361B01024,3491.05,3499.0,3472.25,3493.2,3493.75,3498.5,121439,423584698.1,16604,LEGACY
2023-11-10,DRREDDY,Dr. Reddy's Laboratories,EQ,INE089A01023,5439.95,5450.7,5372.0,5424.9,5423.8,5457.95,228984,1240259187.6,27559,LEGACY
2023-11-10,GLAND,Gland Pharma,EQ,INE068V01023,1615.0,1632.0,1596.4,1627.05,1628.0,1612.65,95050,153481045.65,8993,LEGACY
2023-11-10,GLAXO,GlaxoSmithKline Pharmaceuticals,EQ,INE159A01016,1472.0,1496.95,1449.05,1471.8,1465.0,1449.4,282109,419016514.3,13479,LEGACY
2023-11-10,GLENMARK,Glenmark Pharmaceuticals,EQ,INE935A01035,786.0,786.0,767.0,777.85,776.2,784.1,605913,471128903.55,18861,LEGACY
2023-11-10,GRANULES,Granules India,EQ,INE101D01020,369.0,371.95,364.15,366.55,366.45,370.1,1089859,400422245.15,18646,LEGACY
2023-11-10,IPCALAB,IPCA Laboratories,EQ,INE571A01038,1045.2,1058.0,1031.0,1050.75,1052.15,1046.4,1089417,1142061827.9,47579,LEGACY
2023-11-10,JBCHEPHARM,JB Chemicals & Pharmaceuticals,EQ,INE572A01036,1502.0,1510.0,1486.0,1502.45,1505.0,1503.3,70067,105297630.0,9106,LEGACY
2023-11-10,LAURUSLABS,Laurus Labs,EQ,INE947Q01028,369.45,370.0,365.4,368.95,369.85,369.7,383187,141142933.6,8480,LEGACY
2023-11-10,LUPIN,Lupin,EQ,INE326A01037,1206.55,1212.7,1173.0,1180.15,1177.6,1204.55,2115284,2510068440.2,77090,LEGACY
2023-11-10,MANKIND,Mankind Pharma,EQ,INE634S01028,1820.0,1852.0,1810.0,1833.3,1823.05,1817.1,102103,187768982.2,7791,LEGACY
2023-11-10,NATCOPHARM,Natco Pharma,EQ,INE987B01026,737.65,779.8,735.55,766.55,762.0,733.95,2437432,1859817990.9,68402,LEGACY
2023-11-10,PEL,Piramal Enterprises,EQ,INE140A01024,959.0,983.3,935.45,945.75,945.75,986.4,2235350,2118362036.15,62931,LEGACY
2023-11-10,PEL,Piramal Enterprises,N1,INE140A07740,995.0,996.0,993.0,993.24,993.0,994.23,4160,4132353.77,46,LEGACY
2023-11-10,PEL,Piramal Enterprises,N2,INE140A07765,1015.0,1015.0,1015.0,1015.0,1015.0,1015.0,90,91350.0,2,LEGACY
2023-11-10,PEL,Piramal Enterprises,N3,INE140A07773,999.85,999.85,999.85,999.85,999.85,999.85,4,3999.4,1,LEGACY
2023-11-10,PFIZER,Pfizer,EQ,INE182A01018,3911.5,3911.5,3876.35,3889.7,3886.0,3891.05,6662,25895088.75,1629,LEGACY
2023-11-10,PPLPHARMA,Piramal Pharma,EQ,INE0DK501011,117.0,119.3,116.4,118.1,117.9,117.6,5636909,665016035.05,24476,LEGACY
2023-11-10,SANOFI,Sanofi India,EQ,INE058A01010,7751.05,7847.1,7691.0,7754.35,7787.1,7795.0,25830,200068402.15,7540,LEGACY
2023-11-10,STAR,Strides Pharma Science,EQ,INE939A01011,483.0,489.3,476.95,482.75,479.05,482.1,155317,75045253.2,8016,LEGACY
2023-11-10,SUNPHARMA,Sun Pharmaceutical Industries,EQ,INE044A01036,1174.05,1181.5,1170.1,1179.35,1181.45,1176.2,957539,1128208335.65,69989,LEGACY
2023-11-10,TORNTPHARM,Torrent Pharmaceuticals,EQ,INE685A01028,2061.2,2068.9,2044.25,2058.2,2062.0,2051.2,206637,425560314.85,21472,LEGACY
2023-11-10,WOCKPHARMA,Wockhardt,EQ,INE049B01025,239.3,257.0,237.1,250.5,252.0,239.75,6026110,1515036858.75,55136,LEGACY
2023-11-10,ZYDUSLIFE,Zydus Lifesciences,EQ,INE010B01027,609.5,621.15,606.05,619.9,620.0,612.45,1024488,630824299.8,24624,LEGACY
2023-11-13,ABBOTINDIA,Abbott India,EQ,INE358A01014,23881.65,23946.95,23100.0,23152.65,23149.0,23815.85,18257,424825021.05,7548,LEGACY
2023-11-13,AJANTPHARM,Ajanta Pharma,EQ,INE031B01049,1891.15,1899.0,1840.1,1868.85,1859.95,1883.75,57027,106216909.05,7542,LEGACY
2023-11-13,ALKEM,Alkem Laboratories,EQ,INE540L01014,4299.6,4345.0,4289.15,4299.95,4299.95,4316.2,131420,566623218.5,19176,LEGACY
2023-11-13,APLLTD,Alembic Pharmaceuticals,EQ,INE901L01018,737.35,741.85,730.85,737.15,741.7,738.05,113384,83497438.9,5821,LEGACY
2023-11-13,AUROPHARMA,Aurobindo Pharma,EQ,INE406A01037,977.05,1015.0,972.0,979.6,974.0,979.35,3934167,3904879150.35,77333,LEGACY
2023-11-13,BIOCON,Biocon,EQ,INE376G01013,230.1,231.85,224.35,227.35,227.75,234.8,8590243,1949508811.05,56362,LEGACY
2023-11-13,CIPLA,Cipla,EQ,INE059A01026,1243.0,1243.0,1230.65,1240.55,1241.25,1243.95,689808,853061713.1,25619,LEGACY
2023-11-13,DIVISLAB,Divi's Laboratories,EQ,INE361B01024,3500.0,3562.9,3487.25,3510.0,3505.0,3516.9,235202,828261840.45,25960,LEGACY
2023-11-13,DRREDDY,Dr. Reddy's Laboratories,EQ,INE089A01023,5430.0,5481.8,5382.1,5419.85,5420.95,5449.75,171182,928863838.1,25271,LEGACY
2023-11-13,GLAND,Gland Pharma,EQ,INE068V01023,1644.0,1644.0,1617.0,1625.75,1630.0,1636.9,66266,107689458.3,6300,LEGACY
2023-11-13,GLAXO,GlaxoSmithKline Pharmaceuticals,EQ,INE159A01016,1481.8,1509.95,1463.0,1471.2,1480.5,1481.8,64633,96103106.75,7334,LEGACY
2023-11-13,GLENMARK,Glenmark Pharmaceuticals,EQ,INE935A01035,757.0,758.0,722.1,724.45,723.9,762.85,3656128,2682101612.9,71816,LEGACY
2023-11-13,GRANULES,Granules India,EQ,INE101D01020,369.35,371.0,361.15,368.95,369.25,369.05,760188,280330240.15,14858,LEGACY
2023-11-13,IPCALAB,IPCA Laboratories,EQ,INE571A01038,1033.0,1059.8,1025.55,1054.45,1055.0,1032.8,396417,415536297.25,30567,LEGACY
2023-11-13,JBCHEPHARM,JB Chemicals & Pharmaceuticals,EQ,INE572A01036,1507.25,1540.0,1494.25,1499.8,1496.55,1499.75,170152,258437048.05,17096,LEGACY
2023-11-13,LAURUSLABS,Laurus Labs,EQ,INE947Q01028,371.25,374.05,368.05,373.15,373.0,371.3,394090,146322250.4,8701,LEGACY
2023-11-13,LUPIN,Lupin,EQ,INE326A01037,1179.1,1188.9,1153.55,1173.25,1171.45,1179.0,1254592,1468177276.2,48000,LEGACY
2023-11-13,MANKIND,Mankind Pharma,EQ,INE634S01028,1839.0,1860.0,1823.5,1835.95,1835.65,1837.1,86773,159777258.5,7635,LEGACY
2023-11-13,NATCOPHARM,Natco Pharma,EQ,INE987B01026,794.9,798.65,779.0,794.25,795.0,791.85,424651,334866890.3,14758,LEGACY
2023-11-13,PEL,Piramal Enterprises,EQ,INE140A01024,954.0,954.95,935.0,945.4,947.2,953.05,749844,706794695.2,26501,LEGACY
2023-11-13,PEL,Piramal Enterprises,N0,INE140A07757,993.0,1001.0,993.0,1001.0,1001.0,991.0,160,160080.0,4,LEGACY
2023-11-13,PFIZER,Pfizer,EQ,INE182A01018,3920.0,3940.0,3896.1,3911.3,3918.95,3904.8,4580,17909995.4,1518,LEGACY
2023-11-13,PPLPHARMA,Piramal Pharma,EQ,INE0DK501011,121.35,122.85,119.6,120.2,119.85,121.35,8577054,1037742017.6,34288,LEGACY
2023-11-13,SANOFI,Sanofi India,EQ,INE058A01010,7804.75,7825.7,7720.1,7797.25,7761.4,7804.2,6010,46838522.3,2094,LEGACY
2023-11-13,STAR,Strides Pharma Science,EQ,INE939A01011,482.95,487.7,477.0,478.9,478.0,483.5,119639,57593482.55,5802,LEGACY
2023-11-13,SUNPHARMA,Sun Pharmaceutical Industries,EQ,INE044A01036,1180.1,1187.55,1173.75,1177.8,1178.1,1180.6,816825,964148694.85,52378,LEGACY
2023-11-13,TORNTPHARM,Torrent Pharmaceuticals,EQ,INE685A01028,2056.2,2075.6,2049.25,2066.0,2060.0,2063.9,188309,388319272.6,13392,LEGACY
2023-11-13,WOCKPHARMA,Wockhardt,EQ,INE049B01025,256.9,287.8,252.2,285.0,283.0,256.95,13462065,3712430908.3,122145,LEGACY
2023-11-13,ZYDUSLIFE,Zydus Lifesciences,EQ,INE010B01027,622.05,622.4,616.05,620.25,621.85,623.35,845300,523587036.5,23953,LEGACY
2023-11-15,ABBOTINDIA,Abbott India,EQ,INE358A01014,23299.65,23386.6,22865.05,22926.25,22988.65,23152.65,17952,413129023.75,4844,LEGACY
2023-11-15,AJANTPHARM,Ajanta Pharma,EQ,INE031B01049,1874.65,1965.2,1853.0,1949.3,1941.75,1868.85,476147,920583951.35,30957,LEGACY
2023-11-15,ALKEM,Alkem Laboratories,EQ,INE540L01014,4337.05,4383.95,4300.3,4344.95,4358.65,4299.95,274824,1190126484.7,28589,LEGACY
2023-11-15,APLLTD,Alembic Pharmaceuticals,EQ,INE901L01018,738.0,756.95,738.0,755.35,755.0,737.15,92837,69749587.85,5733,LEGACY
2023-11-15,AUROPHARMA,Aurobindo Pharma,EQ,INE406A01037,980.35,983.45,961.85,966.9,965.4,979.6,1931977,1876513906.55,72262,LEGACY
2023-11-15,BIOCON,Biocon,EQ,INE376G01013,231.5,231.75,228.45,229.1,228.85,227.35,3215676,737791836.6,45529,LEGACY
2023-11-15,CIPLA,Cipla,EQ,INE059A01026,1260.0,1260.0,1237.7,1241.75,1240.0,1240.55,1323010,1644027866.75,81230,LEGACY
2023-11-15,DIVISLAB,Divi's Laboratories,EQ,INE361B01024,3534.95,3540.0,3501.25,3536.85,3535.0,3510.0,256472,903980542.2,36583,LEGACY
2023-11-15,DRREDDY,Dr. Reddy's Laboratories,EQ,INE089A01023,5430.95,5455.15,5405.0,5419.95,5415.0,5419.85,284481,1544250123.85,37480,LEGACY
2023-11-15,GLAND,Gland Pharma,EQ,INE068V01023,1630.0,1639.8,1605.6,1616.8,1617.0,1625.75,136104,220483176.8,11917,LEGACY
2023-11-15,GLAXO,GlaxoSmithKline Pharmaceuticals,EQ,INE159A01016,1483.2,1570.0,1481.85,1552.7,1555.0,1471.2,308507,474021593.95,21594,LEGACY
2023-11-15,GLENMARK,Glenmark Pharmaceuticals,EQ,INE935A01035,730.05,754.5,730.05,751.05,749.6,724.45,2495889,1861735270.85,43188,LEGACY
2023-11-15,GRANULES,Granules India,EQ,INE101D01020,370.0,372.0,364.8,366.25,365.4,368.95,650795,239203656.05,10902,LEGACY
2023-11-15,IPCALAB,IPCA Laboratories,EQ,INE571A01038,1055.25,1067.4,1042.0,1057.35,1057.05,1054.45,166090,175152529.2,12939,LEGACY
2023-11-15,JBCHEPHARM,JB Chemicals & Pharmaceuticals,EQ,INE572A01036,1515.0,1535.95,1491.2,1513.95,1500.55,1499.8,177937,268463305.45,10088,LEGACY
2023-11-15,LAURUSLABS,Laurus Labs,EQ,INE947Q01028,373.4,378.9,368.6,369.95,369.4,373.15,1673116,620260595.15,18278,LEGACY
2023-11-15,LUPIN,Lupin,EQ,INE326A01037,1188.0,1188.0,1168.75,1170.25,1170.6,1173.25,1256791,1475725247.05,40021,LEGACY
2023-11-15,MANKIND,Mankind Pharma,EQ,INE634S01028,1839.95,1885.0,1839.95,1862.35,1861.5,1835.95,146241,272459394.4,13032,LEGACY
2023-11-15,NATCOPHARM,Natco Pharma,EQ,INE987B01026,829.9,829.9,754.55,758.65,759.0,794.25,3211304,2498853937.25,92482,LEGACY
2023-11-15,PEL,Piramal Enterprises,EQ,INE140A01024,956.95,977.0,945.4,964.8,964.4,945.4,1107202,1067231060.25,40664,LEGACY
2023-11-15,PEL,Piramal Enterprises,N0,INE140A07757,995.0,995.0,995.0,995.0,995.0,1001.0,15,14925.0,2,LEGACY
2023-11-15,PEL,Piramal Enterprises,N1,INE140A07740,995.5,996.0,992.0,993.56,992.0,998.0,434,431667.4,12,LEGACY
2023-11-15,PEL,Piramal Enterprises,N3,INE140A07773,1000.99,1000.99,990.1,990.1,990.1,983.0,31,30965.35,2,LEGACY
2023-11-15,PFIZER,Pfizer,EQ,INE182A01018,3918.45,3929.85,3896.45,3918.45,3922.0,3911.3,8451,33097874.55,2787,LEGACY
2023-11-15,PPLPHARMA,Piramal Pharma,EQ,INE0DK501011,122.2,122.25,117.85,118.25,118.05,120.2,5755334,686267086.25,24952,LEGACY
2023-11-15,SANOFI,Sanofi India,EQ,INE058A01010,7838.0,7838.0,7777.0,7797.0,7799.95,7797.25,4959,38677560.05,1373,LEGACY
2023-11-15,STAR,Strides Pharma Science,EQ,INE939A01011,480.9,488.0,480.05,484.2,483.3,478.9,150975,73024592.75,5796,LEGACY
2023-11-15,SUNPHARMA,Sun Pharmaceutical Industries,EQ,INE044A01036,1179.5,1184.4,1171.0,1180.9,1182.5,1177.8,2246320,2645035851.55,77134,LEGACY
2023-11-15,TORNTPHARM,Torrent Pharmaceuticals,EQ,INE685A01028,2084.75,2084.75,2048.75,2054.6,2050.55,2066.0,179655,369230689.25,20117,LEGACY
2023-11-15,WOCKPHARMA,Wockhardt,EQ,INE049B01025,280.0,292.8,275.1,280.8,279.7,285.0,8119252,2317808346.8,67749,LEGACY
2023-11-15,ZYDUSLIFE,Zydus Lifesciences,EQ,INE010B01027,624.0,625.55,618.85,621.15,622.0,620.25,458592,285231526.95,12097,LEGACY
2023-11-16,ABBOTINDIA,Abbott India,EQ,INE358A01014,22930.0,23345.45,22896.1,23293.55,23320.25,22926.25,23823,549185818.25,3774,LEGACY
2023-11-16,AJANTPHARM,Ajanta Pharma,EQ,INE031B01049,1950.0,1974.95,1920.05,1930.1,1928.35,1949.3,138095,269199508.3,16451,LEGACY
2023-11-16,ALKEM,Alkem Laboratories,EQ,INE540L01014,4359.0,4380.0,4322.25,4361.25,4362.0,4344.95,113150,493780432.25,15017,LEGACY
2023-11-16,APLLTD,Alembic Pharmaceuticals,EQ,INE901L01018,755.35,759.1,742.0,744.8,745.4,755.35,60031,44841969.95,6110,LEGACY
2023-11-16,AUROPHARMA,Aurobindo Pharma,EQ,INE406A01037,968.1,980.0,959.0,976.55,978.0,966.9,2432781,2363896637.7,42360,LEGACY
2023-11-16,BIOCON,Biocon,EQ,INE376G01013,229.6,234.2,228.25,231.9,231.8,229.1,4508925,1044532686.8,37263,LEGACY
2023-11-16,CIPLA,Cipla,EQ,INE059A01026,1241.05,1246.3,1232.65,1234.8,1235.65,1241.75,1251094,1549534943.5,103525,LEGACY
2023-11-16,DIVISLAB,Divi's Laboratories,EQ,INE361B01024,3536.85,3570.4,3520.0,3548.25,3550.0,3536.85,249987,887234461.1,45861,LEGACY
2023-11-16,DRREDDY,Dr. Reddy's Laboratories,EQ,INE089A01023,5425.0,5575.0,5420.85,5544.25,5535.4,5419.95,339012,1867094243.7,61761,LEGACY
2023-11-16,GLAND,Gland Pharma,EQ,INE068V01023,1617.95,1656.45,1610.0,1615.25,1618.0,1616.8,167870,274509533.85,18195,LEGACY
2023-11-16,GLAXO,GlaxoSmithKline Pharmaceuticals,EQ,INE159A01016,1557.7,1644.9,1557.7,1587.95,1583.95,1552.7,520343,832400971.05,47068,LEGACY
2023-11-16,GLENMARK,Glenmark Pharmaceuticals,EQ,INE935A01035,746.55,783.4,746.55,770.75,770.0,751.05,2439746,1884939084.8,57215,LEGACY
2023-11-16,GRANULES,Granules India,EQ,INE101D01020,365.95,370.5,363.95,366.9,367.3,366.25,575239,211439106.55,14199,LEGACY
2023-11-16,IPCALAB,IPCA Laboratories,EQ,INE571A01038,1059.0,1078.2,1051.0,1071.85,1073.0,1057.35,337724,361390042.8,23920,LEGACY
2023-11-16,JBCHEPHARM,JB Chemicals & Pharmaceuticals,EQ,INE572A01036,1523.85,1528.1,1498.0,1502.55,1507.0,1513.95,56819,85975900.8,15387,LEGACY
2023-11-16,LAURUSLABS,Laurus Labs,EQ,INE947Q01028,372.0,376.0,369.05,373.85,373.45,369.95,1629038,605888759.35,31392,LEGACY
2023-11-16,LUPIN,Lupin,EQ,INE326A01037,1176.75,1199.45,1170.85,1194.0,1194.0,1170.25,946578,1124470458.05,36783,LEGACY
2023-11-16,MANKIND,Mankind Pharma,EQ,INE634S01028,1862.0,1897.95,1857.0,1873.85,1871.95,1862.35,170239,320059061.45,15058,LEGACY
2023-11-16,NATCOPHARM,Natco Pharma,EQ,INE987B01026,768.15,780.0,756.0,773.35,774.0,758.65,1237085,954960472.7,34349,LEGACY
2023-11-16,PEL,Piramal Enterprises,EQ,INE140A01024,966.3,975.65,959.5,966.4,964.5,964.8,600954,582575019.0,21659,LEGACY
2023-11-16,PEL,Piramal Enterprises,N0,INE140A07757,1001.0,1001.0,1001.0,1001.0,1001.0,995.0,15,15015.0,1,LEGACY
2023-11-16,PEL,Piramal Enterprises,N1,INE140A07740,995.0,995.0,991.05,994.9,994.9,993.56,638,633636.45,12,LEGACY
2023-11-16,PEL,Piramal Enterprises,N3,INE140A07773,1001.0,1001.0,1000.99,1000.99,1000.99,990.1,140,140139.1,5,LEGACY
2023-11-16,PFIZER,Pfizer,EQ,INE182A01018,3918.45,4012.35,3918.0,3967.75,3968.0,3918.45,20878,82927505.0,4794,LEGACY
2023-11-16,PPLPHARMA,Piramal Pharma,EQ,INE0DK501011,118.25,120.4,116.05,116.85,116.75,118.25,4757812,562637569.0,22268,LEGACY
2023-11-16,SANOFI,Sanofi India,EQ,INE058A01010,7788.3,7814.95,7697.05,7706.7,7700.0,7797.0,11591,89678816.8,3146,LEGACY
2023-11-16,STAR,Strides Pharma Science,EQ,INE939A01011,484.2,487.25,478.2,479.85,479.5,484.2,172938,83366407.35,5612,LEGACY
2023-11-16,SUNPHARMA,Sun Pharmaceutical Industries,EQ,INE044A01036,1182.0,1194.9,1179.6,1189.55,1191.0,1180.9,2205723,2623610590.85,90190,LEGACY
2023-11-16,TORNTPHARM,Torrent Pharmaceuticals,EQ,INE685A01028,2057.95,2057.95,2033.95,2039.55,2037.3,2054.6,342090,699079175.1,32329,LEGACY
2023-11-16,WOCKPHARMA,Wockhardt,EQ,INE049B01025,280.0,336.95,278.85,320.65,320.5,280.8,34797513,11046003903.45,237709,LEGACY
2023-11-16,ZYDUSLIFE,Zydus Lifesciences,EQ,INE010B01027,622.7,635.45,619.0,631.85,631.95,621.15,1293030,813225517.85,30786,LEGACY
2023-11-17,ABBOTINDIA,Abbott India,EQ,INE358A01014,23300.0,23699.0,23250.0,23625.5,23599.0,23293.55,25702,602656452.45,7080,LEGACY
2023-11-17,AJANTPHARM,Ajanta Pharma,EQ,INE031B01049,1940.0,1975.45,1909.9,1921.4,1916.15,1930.1,146005,284849959.75,16941,LEGACY
2023-11-17,ALKEM,Alkem Laboratories,EQ,INE540L01014,4384.2,4450.0,4372.85,4448.45,4449.9,4361.25,228005,1007026942.45,28088,LEGACY
2023-11-17,APLLTD,Alembic Pharmaceuticals,EQ,INE901L01018,748.4,751.35,731.0,737.3,738.0,744.8,71506,53046988.6,10918,LEGACY
2023-11-17,AUROPHARMA,Aurobindo Pharma,EQ,INE406A01037,977.9,1009.2,974.15,1007.35,1004.4,976.55,2294853,2284843925.95,47166,LEGACY
2023-11-17,BIOCON,Biocon,EQ,INE376G01013,231.9,233.5,231.5,232.75,232.5,231.9,1783108,414679000.0,16180,LEGACY
2023-11-17,CIPLA,Cipla,EQ,INE059A01026,1236.0,1256.1,1235.5,1249.4,1248.2,1234.8,992848,1239349824.85,52816,LEGACY
2023-11-17,DIVISLAB,Divi's Laboratories,EQ,INE361B01024,3550.0,3619.0,3550.0,3600.85,3600.0,3548.25,297110,1069177211.85,37242,LEGACY
2023-11-17,DRREDDY,Dr. Reddy's Laboratories,EQ,INE089A01023,5565.0,5639.5,5545.0,5611.55,5609.0,5544.25,424126,2376016433.6,35805,LEGACY
2023-11-17,GLAND,Gland Pharma,EQ,INE068V01023,1615.7,1648.9,1615.7,1628.85,1630.75,1615.25,110227,179878979.6,12180,LEGACY
2023-11-17,GLAXO,GlaxoSmithKline Pharmaceuticals,EQ,INE159A01016,1591.0,1614.75,1566.3,1576.65,1585.0,1587.95,167085,265949369.35,12360,LEGACY
2023-11-17,GLENMARK,Glenmark Pharmaceuticals,EQ,INE935A01035,770.75,780.0,767.9,775.95,775.0,770.75,723967,561175714.85,17935,LEGACY
2023-11-17,GRANULES,Granules India,EQ,INE101D01020,367.0,376.0,366.25,372.85,372.9,366.9,2597809,968875264.4,30240,LEGACY
2023-11-17,IPCALAB,IPCA Laboratories,EQ,INE571A01038,1068.0,1092.0,1068.0,1081.05,1081.0,1071.85,243023,262489345.2,14461,LEGACY
2023-11-17,JBCHEPHARM,JB Chemicals & Pharmaceuticals,EQ,INE572A01036,1503.05,1523.0,1485.65,1516.35,1512.0,1502.55,68817,103502290.0,11633,LEGACY
2023-11-17,LAURUSLABS,Laurus Labs,EQ,INE947Q01028,373.85,374.5,368.0,369.85,369.5,373.85,1941545,718763902.45,14065,LEGACY
2023-11-17,LUPIN,Lupin,EQ,INE326A01037,1197.5,1211.4,1190.0,1196.3,1198.15,1194.0,1349231,1618417723.8,52691,LEGACY
2023-11-17,MANKIND,Mankind Pharma,EQ,INE634S01028,1871.0,1925.0,1868.35,1920.1,1918.0,1873.85,307131,586643276.2,24771,LEGACY
2023-11-17,NATCOPHARM,Natco Pharma,EQ,INE987B01026,775.0,786.0,769.05,780.35,780.0,773.35,721072,562723991.35,27524,LEGACY
2023-11-17,PEL,Piramal Enterprises,EQ,INE140A01024,950.0,955.65,930.9,937.55,936.5,966.4,1648731,1551869771.9,60184,LEGACY
2023-11-17,PEL,Piramal Enterprises,N0,INE140A07757,999.0,999.0,999.0,999.0,999.0,1001.0,10,9990.0,1,LEGACY
2023-11-17,PEL,Piramal Enterprises,N1,INE140A07740,997.0,997.0,992.11,992.19,995.9,994.9,6864,6822201.63,63,LEGACY
2023-11-17,PEL,Piramal Enterprises,N3,INE140A07773,1000.01,1000.01,998.66,998.98,998.66,1000.99,181,180918.41,17,LEGACY
2023-11-17,PFIZER,Pfizer,EQ,INE182A01018,3988.0,3995.0,3947.05,3985.95,3980.0,3967.75,8335,33114875.8,2038,LEGACY
2023-11-17,PPLPHARMA,Piramal Pharma,EQ,INE0DK501011,117.0,119.0,115.8,116.75,116.45,116.85,2878297,338383963.95,16829,LEGACY
2023-11-17,SANOFI,Sanofi India,EQ,INE058A01010,7707.0,7739.95,7642.6,7703.45,7707.35,7706.7,7903,60830398.45,2784,LEGACY
2023-11-17,STAR,Strides Pharma Science,EQ,INE939A01011,475.85,489.9,472.3,485.05,482.85,479.85,464796,223045603.7,11988,LEGACY
2023-11-17,SUNPHARMA,Sun Pharmaceutical Industries,EQ,INE044A01036,1189.8,1198.4,1187.95,1194.6,1192.45,1189.55,891965,1065208418.75,70313,LEGACY
2023-11-17,TORNTPHARM,Torrent Pharmaceuticals,EQ,INE685A01028,2039.6,2088.0,2024.65,2082.35,2075.6,2039.55,147474,305691332.5,21833,LEGACY
2023-11-17,WOCKPHARMA,Wockhardt,EQ,INE049B01025,322.35,333.35,318.35,326.45,325.9,320.65,10340931,3362605397.65,100470,LEGACY
2023-11-17,ZYDUSLIFE,Zydus Lifesciences,EQ,INE010B01027,634.8,639.9,632.85,636.55,636.45,631.85,996812,634545705.15,18560,LEGACY
2023-11-20,ABBOTINDIA,Abbott India,EQ,INE358A01014,23599.8,24050.05,23333.0,23975.8,24049.85,23625.5,17365,412514321.65,5577,LEGACY
2023-11-20,AJANTPHARM,Ajanta Pharma,EQ,INE031B01049,1931.05,1980.0,1908.55,1971.65,1967.95,1921.4,192467,376601204.25,19666,LEGACY
2023-11-20,ALKEM,Alkem Laboratories,EQ,INE540L01014,4450.0,4450.0,4380.8,4390.55,4398.75,4448.45,173174,761781773.2,29495,LEGACY
2023-11-20,APLLTD,Alembic Pharmaceuticals,EQ,INE901L01018,735.0,755.25,734.55,749.25,745.3,737.3,60719,45435293.75,6011,LEGACY
2023-11-20,AUROPHARMA,Aurobindo Pharma,EQ,INE406A01037,1011.0,1024.95,991.6,998.1,1001.85,1007.35,3106595,3128176980.1,92389,LEGACY
2023-11-20,BIOCON,Biocon,EQ,INE376G01013,233.0,238.7,232.3,235.0,235.2,232.75,4820490,1137554331.25,36301,LEGACY
2023-11-20,CIPLA,Cipla,EQ,INE059A01026,1241.5,1256.0,1241.0,1247.1,1248.75,1249.4,848916,1058681113.95,45123,LEGACY
2023-11-20,DIVISLAB,Divi's Laboratories,EQ,INE361B01024,3609.95,3757.0,3604.1,3672.95,3672.5,3600.85,1601236,5928996152.25,109075,LEGACY
2023-11-20,DRREDDY,Dr. Reddy's Laboratories,EQ,INE089A01023,5614.95,5656.1,5585.9,5604.15,5605.0,5611.55,400325,2246993449.2,29064,LEGACY
2023-11-20,GLAND,Gland Pharma,EQ,INE068V01023,1633.0,1707.0,1618.4,1629.2,1630.0,1628.85,647850,1081893038.4,45692,LEGACY
2023-11-20,GLAXO,GlaxoSmithKline Pharmaceuticals,EQ,INE159A01016,1577.0,1675.0,1577.0,1647.95,1630.0,1576.65,586297,966662354.8,34061,LEGACY
2023-11-20,GLENMARK,Glenmark Pharmaceuticals,EQ,INE935A01035,775.95,796.45,775.95,785.2,785.9,775.95,1251772,985523519.85,41242,LEGACY
2023-11-20,GRANULES,Granules India,EQ,INE101D01020,373.0,373.95,363.65,367.15,367.0,372.85,1339118,495297052.5,18583,LEGACY
2023-11-20,IPCALAB,IPCA Laboratories,EQ,INE571A01038,1081.05,1091.7,1059.1,1060.75,1059.55,1081.05,248129,265653939.25,16594,LEGACY
2023-11-20,JBCHEPHARM,JB Chemicals & Pharmaceuticals,EQ,INE572A01036,1510.0,1525.0,1502.0,1511.35,1515.0,1516.35,48460,73295090.95,10382,LEGACY
2023-11-20,LAURUSLABS,Laurus Labs,EQ,INE947Q01028,369.6,371.9,366.05,368.05,368.0,369.85,1079165,398351648.8,13819,LEGACY
2023-11-20,LUPIN,Lupin,EQ,INE326A01037,1196.3,1215.7,1192.35,1198.5,1200.3,1196.3,1191689,1434559852.25,38467,LEGACY
2023-11-20,MANKIND,Mankind Pharma,EQ,INE634S01028,1949.0,2035.0,1942.2,2012.9,2012.0,1920.1,801122,1601609474.7,44234,LEGACY
2023-11-20,NATCOPHARM,Natco Pharma,EQ,INE987B01026,784.0,792.0,779.5,780.9,782.0,780.35,814087,638006661.15,20841,LEGACY
2023-11-20,PEL,Piramal Enterprises,EQ,INE140A01024,940.0,943.6,930.0,931.25,930.45,937.55,459306,429287119.4,18988,LEGACY
2023-11-20,PEL,Piramal Enterprises,N1,INE140A07740,993.0,994.9,992.3,992.3,992.3,992.19,144,143030.9,9,LEGACY
2023-11-20,PEL,Piramal Enterprises,N2,INE140A07765,1007.0,1007.0,1000.25,1001.33,1003.0,1015.0,440,441223.25,9,LEGACY
2023-11-20,PEL,Piramal Enterprises,N3,INE140A07773,999.96,999.96,999.5,999.91,999.5,998.98,1100,1099910.0,9,LEGACY
2023-11-20,PFIZER,Pfizer,EQ,INE182A01018,3999.95,4016.9,3975.05,3986.9,3994.55,3985.95,8846,35306769.0,2739,LEGACY
2023-11-20,PPLPHARMA,Piramal Pharma,EQ,INE0DK501011,117.1,121.2,116.85,119.6,119.4,116.75,9615823,1149747813.65,69363,LEGACY
2023-11-20,SANOFI,Sanofi India,EQ,INE058A01010,7703.95,7759.95,7684.75,7729.05,7718.0,7703.45,10107,78211512.6,2875,LEGACY
2023-11-20,STAR,Strides Pharma Science,EQ,INE939A01011,485.0,497.8,482.9,490.55,490.15,485.05,364803,179317828.25,14736,LEGACY
2023-11-20,SUNPHARMA,Sun Pharmaceutical Industries,EQ,INE044A01036,1196.0,1198.25,1185.25,1188.0,1188.0,1194.6,1054810,1256126068.35,55055,LEGACY
2023-11-20,TORNTPHARM,Torrent Pharmaceuticals,EQ,INE685A01028,2082.35,2118.8,2081.8,2110.75,2115.5,2082.35,318186,668186359.85,24827,LEGACY
2023-11-20,WOCKPHARMA,Wockhardt,EQ,INE049B01025,325.9,339.4,321.0,330.8,330.2,326.45,4053666,1342378499.65,32644,LEGACY
2023-11-20,ZYDUSLIFE,Zydus Lifesciences,EQ,INE010B01027,640.0,644.6,633.45,636.0,636.3,636.55,834768,532606152.15,18795,LEGACY
2023-11-21,ABBOTINDIA,Abbott India,EQ,INE358A01014,24005.0,24173.2,23811.2,23950.6,23901.0,23975.8,7418,177798573.85,3717,LEGACY
2023-11-21,AJANTPHARM,Ajanta Pharma,EQ,INE031B01049,1979.95,1980.0,1951.05,1969.15,1967.0,1971.65,63363,124867246.05,10267,LEGACY
2023-11-21,ALKEM,Alkem Laboratories,EQ,INE540L01014,4410.0,4500.0,4401.05,4488.3,4498.15,4390.55,246036,1100755248.05,31787,LEGACY
2023-11-21,APLLTD,Alembic Pharmaceuticals,EQ,INE901L01018,748.9,752.4,735.8,743.25,742.5,749.25,40681,30368040.75,5075,LEGACY
2023-11-21,AUROPHARMA,Aurobindo Pharma,EQ,INE406A01037,1004.0,1030.5,998.75,1027.25,1029.8,998.1,1580297,1607492526.95,54405,LEGACY
2023-11-21,BIOCON,Biocon,EQ,INE376G01013,236.8,236.8,232.9,233.7,234.0,235.0,1697203,397417075.45,17590,LEGACY
2023-11-21,CIPLA,Cipla,EQ,INE059A01026,1246.95,1255.0,1242.15,1253.25,1254.0,1247.1,594738,743673883.5,33686,LEGACY
2023-11-21,DIVISLAB,Divi's Laboratories,EQ,INE361B01024,3681.9,3734.3,3654.0,3721.6,3725.0,3672.95,388729,1440209979.9,41988,LEGACY
2023-11-21,DRREDDY,Dr. Reddy's Laboratories,EQ,INE089A01023,5610.0,5678.95,5605.5,5646.45,5645.25,5604.15,380693,2151651257.5,28468,LEGACY
2023-11-21,GLAND,Gland Pharma,EQ,INE068V01023,1645.1,1681.0,1635.15,1653.3,1666.0,1629.2,604053,1003417711.7,40774,LEGACY
2023-11-21,GLAXO,GlaxoSmithKline Pharmaceuticals,EQ,INE159A01016,1647.95,1688.0,1646.05,1660.1,1658.0,1647.95,217055,362357372.55,21414,LEGACY
2023-11-21,GLENMARK,Glenmark Pharmaceuticals,EQ,INE935A01035,786.6,793.45,773.25,777.6,777.2,785.2,915318,716498254.0,20444,LEGACY
2023-11-21,GRANULES,Granules India,EQ,INE101D01020,368.8,369.55,365.6,367.25,368.25,367.15,687037,252591301.65,10432,LEGACY
2023-11-21,IPCALAB,IPCA Laboratories,EQ,INE571A01038,1070.0,1083.1,1045.55,1074.9,1081.5,1060.75,261943,279756923.4,14377,LEGACY
2023-11-21,JBCHEPHARM,JB Chemicals & Pharmaceuticals,EQ,INE572A01036,1520.0,1525.0,1488.0,1497.3,1508.0,1511.35,51145,77264893.45,7553,LEGACY
2023-11-21,LAURUSLABS,Laurus Labs,EQ,INE947Q01028,368.15,382.9,368.1,373.7,373.75,368.05,2498492,941452794.2,30506,LEGACY
2023-11-21,LUPIN,Lupin,EQ,INE326A01037,1204.9,1225.95,1198.5,1221.55,1224.15,1198.5,1371835,1670366700.4,49577,LEGACY
2023-11-21,MANKIND,Mankind Pharma,EQ,INE634S01028,2020.0,2041.15,1925.3,1946.65,1949.95,2012.9,295838,585270733.0,23752,LEGACY
2023-11-21,NATCOPHARM,Natco Pharma,EQ,INE987B01026,784.8,791.95,777.7,779.55,780.0,780.9,469768,368207612.55,19694,LEGACY
2023-11-21,PEL,Piramal Enterprises,EQ,INE140A01024,934.6,937.35,925.0,927.4,929.0,931.25,550036,511978020.0,22688,LEGACY
2023-11-21,PEL,Piramal Enterprises,N1,INE140A07740,994.0,997.0,994.0,997.0,997.0,992.3,7090,7068240.0,77,LEGACY
2023-11-21,PEL,Piramal Enterprises,N2,INE140A07765,1002.0,1003.0,1001.0,1001.55,1003.0,1001.33,118,118228.0,4,LEGACY
2023-11-21,PEL,Piramal Enterprises,N3,INE140A07773,999.98,999.98,999.89,999.89,999.89,999.91,465,464975.7,3,LEGACY
2023-11-21,PFIZER,Pfizer,EQ,INE182A01018,3982.2,4095.0,3980.45,4036.3,4037.0,3986.9,30630,124074849.85,6202,LEGACY
2023-11-21,PPLPHARMA,Piramal Pharma,EQ,INE0DK501011,120.0,120.8,118.75,119.9,120.0,119.6,6484172,776977347.2,26376,LEGACY
2023-11-21,SANOFI,Sanofi India,EQ,INE058A01010,7759.95,7784.0,7550.5,7733.75,7700.0,7729.05,20369,157677964.1,3589,LEGACY
2023-11-21,STAR,Strides Pharma Science,EQ,INE939A01011,491.5,509.4,491.5,495.45,495.0,490.55,702644,351937653.0,20610,LEGACY
2023-11-21,SUNPHARMA,Sun Pharmaceutical Industries,EQ,INE044A01036,1189.0,1205.0,1186.25,1201.4,1203.4,1188.0,999135,1197419902.8,66115,LEGACY
2023-11-21,TORNTPHARM,Torrent Pharmaceuticals,EQ,INE685A01028,2134.0,2145.0,2109.55,2119.65,2115.6,2110.75,288221,613255734.2,16980,LEGACY
2023-11-21,WOCKPHARMA,Wockhardt,EQ,INE049B01025,334.1,346.85,332.4,337.55,338.0,330.8,4348069,1477447673.4,32957,LEGACY
2023-11-21,ZYDUSLIFE,Zydus Lifesciences,EQ,INE010B01027,639.95,644.4,636.6,639.05,640.0,636.0,698901,447641503.35,12551,LEGACY
2023-11-22,ABBOTINDIA,Abbott India,EQ,INE358A01014,23921.1,24167.45,23777.5,23904.25,23891.0,23950.6,5685,136193030.0,2449,LEGACY
2023-11-22,AJANTPHARM,Ajanta Pharma,EQ,INE031B01049,1962.0,1979.0,1903.55,1918.55,1918.9,1969.15,108420,210226390.45,14027,LEGACY
2023-11-22,ALKEM,Alkem Laboratories,EQ,INE540L01014,4500.0,4572.95,4466.75,4530.95,4539.9,4488.3,398114,1801898697.75,46146,LEGACY
2023-11-22,APLLTD,Alembic Pharmaceuticals,EQ,INE901L01018,743.25,746.95,726.8,728.4,728.3,743.25,86107,63057515.35,13971,LEGACY
2023-11-22,AUROPHARMA,Aurobindo Pharma,EQ,INE406A01037,1035.0,1058.0,1021.1,1055.75,1054.45,1027.25,3502535,3656643774.25,74091,LEGACY
2023-11-22,BIOCON,Biocon,EQ,INE376G01013,234.45,237.5,233.7,236.0,236.05,233.7,2803434,661493810.65,24070,LEGACY
2023-11-22,CIPLA,Cipla,EQ,INE059A01026,1256.95,1283.55,1254.0,1271.5,1272.9,1253.25,1735497,2209746968.15,74055,LEGACY
2023-11-22,DIVISLAB,Divi's Laboratories,EQ,INE361B01024,3710.0,3743.55,3685.0,3701.7,3705.1,3721.6,317027,1176841388.85,27798,LEGACY
2023-11-22,DRREDDY,Dr. Reddy's Laboratories,EQ,INE089A01023,5655.1,5730.0,5655.1,5664.55,5662.45,5646.45,424916,2417822787.25,38029,LEGACY
2023-11-22,GLAND,Gland Pharma,EQ,INE068V01023,1669.7,1725.0,1663.4,1719.2,1720.3,1653.3,1649940,2826424868.75,46440,LEGACY
2023-11-22,GLAXO,GlaxoSmithKline Pharmaceuticals,EQ,INE159A01016,1680.0,1727.0,1666.35,1694.95,1699.95,1660.1,366111,625555713.6,27818,LEGACY
2023-11-22,GLENMARK,Glenmark Pharmaceuticals,EQ,INE935A01035,777.6,790.85,773.5,776.25,777.9,777.6,1072580,839667324.55,44625,LEGACY
2023-11-22,GRANULES,Granules India,EQ,INE101D01020,368.0,372.45,360.1,363.2,363.35,367.25,1757764,644452600.5,20132,LEGACY
2023-11-22,IPCALAB,IPCA Laboratories,EQ,INE571A01038,1080.0,1102.05,1075.35,1090.3,1086.2,1074.9,457384,497502010.55,24014,LEGACY
2023-11-22,JBCHEPHARM,JB Chemicals & Pharmaceuticals,EQ,INE572A01036,1504.65,1512.05,1494.05,1501.45,1501.95,1497.3,45437,68246994.3,11167,LEGACY
2023-11-22,LAURUSLABS,Laurus Labs,EQ,INE947Q01028,373.95,379.0,371.65,374.45,373.55,373.7,1227034,460104655.1,13849,LEGACY
2023-11-22,LUPIN,Lupin,EQ,INE326A01037,1226.6,1240.3,1213.8,1218.6,1218.0,1221.55,1916776,2351154243.3,51550,LEGACY
2023-11-22,MANKIND,Mankind Pharma,EQ,INE634S01028,1955.0,1959.95,1910.2,1934.9,1932.7,1946.65,149212,289345353.55,16435,LEGACY
2023-11-22,NATCOPHARM,Natco Pharma,EQ,INE987B01026,784.7,812.2,780.1,799.6,800.0,779.55,1926532,1543592707.95,56994,LEGACY
2023-11-22,PEL,Piramal Enterprises,EQ,INE140A01024,928.0,932.25,910.95,914.8,913.95,927.4,828804,760828473.25,34483,LEGACY
2023-11-22,PEL,Piramal Enterprises,N0,INE140A07757,1001.0,1001.0,1001.0,1001.0,1001.0,999.0,2,2002.0,1,LEGACY
2023-11-22,PEL,Piramal Enterprises,N1,INE140A07740,994.9,995.0,993.0,994.0,994.0,997.0,2221,2209058.74,17,LEGACY
2023-11-22,PEL,Piramal Enterprises,N3,INE140A07773,999.0,999.0,999.0,999.0,999.0,999.89,253,252747.0,3,LEGACY
2023-11-22,PFIZER,Pfizer,EQ,INE182A01018,4036.95,4130.95,4035.0,4095.0,4110.0,4036.3,64593,264721923.4,11622,LEGACY
2023-11-22,PPLPHARMA,Piramal Pharma,EQ,INE0DK501011,120.0,123.4,118.7,119.1,118.95,119.9,7792598,942445866.85,41293,LEGACY
2023-11-22,SANOFI,Sanofi India,EQ,INE058A01010,7734.0,7993.75,7708.05,7861.9,7877.0,7733.75,48449,383297395.85,12162,LEGACY
2023-11-22,STAR,Strides Pharma Science,EQ,INE939A01011,497.85,497.95,485.15,486.85,486.15,495.45,157265,77320457.85,8095,LEGACY
2023-11-22,SUNPHARMA,Sun Pharmaceutical Industries,EQ,INE044A01036,1205.0,1214.8,1199.0,1204.1,1203.45,1201.4,1401782,1691883945.4,76384,LEGACY
2023-11-22,TORNTPHARM,Torrent Pharmaceuticals,EQ,INE685A01028,2116.2,2132.4,2083.4,2111.55,2123.1,2119.65,164055,345409194.45,12801,LEGACY
2023-11-22,WOCKPHARMA,Wockhardt,EQ,INE049B01025,338.5,341.5,322.0,332.15,333.4,337.55,2303962,764737170.05,22361,LEGACY
2023-11-22,ZYDUSLIFE,Zydus Lifesciences,EQ,INE010B01027,642.4,649.05,639.4,642.05,642.0,639.05,798769,514894134.2,16289,LEGACY
2023-11-23,ABBOTINDIA,Abbott India,EQ,INE358A01014,23996.05,24000.0,23775.35,23886.5,23900.0,23904.25,2820,67282531.2,1431,LEGACY
2023-11-23,AJANTPHARM,Ajanta Pharma,EQ,INE031B01049,1924.0,1980.0,1916.0,1962.05,1951.4,1918.55,119167,233060000.15,11256,LEGACY
2023-11-23,ALKEM,Alkem Laboratories,EQ,INE540L01014,4540.0,4574.4,4502.65,4521.15,4530.0,4530.95,310248,1404984734.15,32685,LEGACY
2023-11-23,APLLTD,Alembic Pharmaceuticals,EQ,INE901L01018,728.3,740.0,714.0,722.45,715.1,728.4,124161,89968156.0,14386,LEGACY
2023-11-23,AUROPHARMA,Aurobindo Pharma,EQ,INE406A01037,1055.0,1055.0,1025.0,1028.75,1031.7,1055.75,1884144,1950221261.5,58797,LEGACY
2023-11-23,BIOCON,Biocon,EQ,INE376G01013,236.5,236.5,233.2,234.65,234.8,236.0,1158811,271990721.05,12016,LEGACY
2023-11-23,CIPLA,Cipla,EQ,INE059A01026,1270.0,1270.0,1164.55,1170.65,1174.4,1271.5,7643376,9122020404.3,227099,LEGACY
2023-11-23,DIVISLAB,Divi's Laboratories,EQ,INE361B01024,3705.55,3725.0,3640.1,3688.5,3695.0,3701.7,252188,926703326.5,32263,LEGACY
2023-11-23,DRREDDY,Dr. Reddy's Laboratories,EQ,INE089A01023,5675.0,5684.45,5608.85,5644.65,5655.0,5664.55,302260,1707037158.3,37219,LEGACY
2023-11-23,GLAND,Gland Pharma,EQ,INE068V01023,1725.0,1736.35,1696.9,1707.8,1708.25,1719.2,310410,530878135.45,21320,LEGACY
2023-11-23,GLAXO,GlaxoSmithKline Pharmaceuticals,EQ,INE159A01016,1700.0,1706.25,1677.85,1684.2,1684.0,1694.95,146593,247484692.45,11535,LEGACY
2023-11-23,GLENMARK,Glenmark Pharmaceuticals,EQ,INE935A01035,777.9,781.5,761.0,775.35,777.0,776.25,1140665,879281637.45,30303,LEGACY
2023-11-23,GRANULES,Granules India,EQ,INE101D01020,364.75,371.5,360.9,370.1,369.6,363.2,1281712,471113921.8,17057,LEGACY
2023-11-23,IPCALAB,IPCA Laboratories,EQ,INE571A01038,1089.65,1089.65,1061.05,1066.35,1071.0,1090.3,205070,219736982.05,14492,LEGACY
2023-11-23,JBCHEPHARM,JB Chemicals & Pharmaceuticals,EQ,INE572A01036,1501.95,1508.95,1430.0,1438.95,1440.0,1501.45,135797,197189002.95,20464,LEGACY
2023-11-23,LAURUSLABS,Laurus Labs,EQ,INE947Q01028,374.0,375.7,368.2,369.35,369.5,374.45,787952,292086408.4,11675,LEGACY
2023-11-23,LUPIN,Lupin,EQ,INE326A01037,1223.0,1223.9,1183.55,1198.15,1197.35,1218.6,940782,1125990936.4,35004,LEGACY
2023-11-23,MANKIND,Mankind Pharma,EQ,INE634S01028,1938.8,1942.0,1920.0,1934.0,1934.0,1934.9,75203,145310484.3,9894,LEGACY
2023-11-23,NATCOPHARM,Natco Pharma,EQ,INE987B01026,806.9,813.35,785.25,789.25,790.0,799.6,530035,422133597.2,21158,LEGACY
2023-11-23,PEL,Piramal Enterprises,EQ,INE140A01024,920.0,922.8,904.25,906.65,906.3,914.8,1009954,919176369.55,35031,LEGACY
2023-11-23,PEL,Piramal Enterprises,N0,INE140A07757,1000.0,1000.0,1000.0,1000.0,1000.0,1001.0,10,10000.0,1,LEGACY
2023-11-23,PEL,Piramal Enterprises,N1,INE140A07740,994.0,994.85,994.0,994.85,994.85,994.0,85,84502.85,6,LEGACY
2023-11-23,PEL,Piramal Enterprises,N3,INE140A07773,999.7,999.7,999.5,999.5,999.5,999.0,76,75972.0,4,LEGACY
2023-11-23,PFIZER,Pfizer,EQ,INE182A01018,4120.0,4164.0,4050.0,4130.35,4108.0,4095.0,25157,103971275.35,5493,LEGACY
2023-11-23,PPLPHARMA,Piramal Pharma,EQ,INE0DK501011,119.8,125.3,119.7,124.1,124.45,119.1,18788150,2316713944.65,70433,LEGACY
2023-11-23,SANOFI,Sanofi India,EQ,INE058A01010,7900.0,8080.0,7881.05,7984.9,7995.0,7861.9,42808,340732819.95,5845,LEGACY
2023-11-23,STAR,Strides Pharma Science,EQ,INE939A01011,491.6,502.0,487.35,495.25,494.45,486.85,413642,205196771.7,15683,LEGACY
2023-11-23,SUNPHARMA,Sun Pharmaceutical Industries,EQ,INE044A01036,1203.55,1209.9,1194.75,1198.8,1199.15,1204.1,1177434,1413885941.7,78017,LEGACY
2023-11-23,TORNTPHARM,Torrent Pharmaceuticals,EQ,INE685A01028,2135.05,2135.95,2082.0,2106.55,2106.95,2111.55,189688,398816672.7,22165,LEGACY
2023-11-23,WOCKPHARMA,Wockhardt,EQ,INE049B01025,333.6,345.7,326.95,343.3,342.7,332.15,3237177,1095992573.65,29195,LEGACY
2023-11-23,ZYDUSLIFE,Zydus Lifesciences,EQ,INE010B01027,645.45,645.45,629.45,631.6,633.0,642.05,1008710,642141424.7,26525,LEGACY
2023-11-24,ABBOTINDIA,Abbott India,EQ,INE358A01014,23886.5,24095.0,23826.65,24045.85,24000.0,23886.5,6351,152341390.2,2483,LEGACY
2023-11-24,AJANTPHARM,Ajanta Pharma,EQ,INE031B01049,1962.05,1969.8,1946.0,1957.95,1947.0,1962.05,68129,133276762.0,8815,LEGACY
2023-11-24,ALKEM,Alkem Laboratories,EQ,INE540L01014,4532.25,4593.45,4526.3,4557.8,4560.0,4521.15,198443,905523066.3,36657,LEGACY
2023-11-24,APLLTD,Alembic Pharmaceuticals,EQ,INE901L01018,724.5,739.6,710.25,725.45,726.55,722.45,164798,119318554.35,19285,LEGACY
2023-11-24,AUROPHARMA,Aurobindo Pharma,EQ,INE406A01037,1033.8,1042.3,1028.95,1032.8,1031.9,1028.75,1332120,1378601475.1,47592,LEGACY
2023-11-24,BIOCON,Biocon,EQ,INE376G01013,235.45,238.95,234.9,235.35,235.5,234.65,2203816,522098285.5,18464,LEGACY
2023-11-24,CIPLA,Cipla,EQ,INE059A01026,1190.05,1205.0,1178.0,1198.65,1196.25,1170.65,5331201,6374138842.65,150404,LEGACY
2023-11-24,DIVISLAB,Divi's Laboratories,EQ,INE361B01024,3688.5,3778.95,3686.95,3764.8,3760.0,3688.5,829615,3118715611.7,80104,LEGACY
2023-11-24,DRREDDY,Dr. Reddy's Laboratories,EQ,INE089A01023,5649.95,5756.85,5615.0,5646.15,5625.0,5644.65,461081,2630978579.3,43944,LEGACY
2023-11-24,GLAND,Gland Pharma,EQ,INE068V01023,1714.7,1817.7,1710.0,1756.5,1757.0,1707.8,1523081,2700359460.0,71041,LEGACY
2023-11-24,GLAXO,GlaxoSmithKline Pharmaceuticals,EQ,INE159A01016,1688.0,1706.0,1622.5,1644.75,1639.0,1684.2,158716,265694805.2,9245,LEGACY
2023-11-24,GLENMARK,Glenmark Pharmaceuticals,EQ,INE935A01035,777.25,799.8,777.2,786.9,786.5,775.35,1799088,1423628519.05,41963,LEGACY
2023-11-24,GRANULES,Granules India,EQ,INE101D01020,372.0,389.95,371.1,387.2,386.0,370.1,7834685,3007565513.35,80322,LEGACY
2023-11-24,IPCALAB,IPCA Laboratories,EQ,INE571A01038,1066.35,1097.15,1063.05,1091.8,1085.1,1066.35,241174,261908562.75,12431,LEGACY
2023-11-24,JBCHEPHARM,JB Chemicals & Pharmaceuticals,EQ,INE572A01036,1450.0,1464.0,1417.0,1420.2,1419.0,1438.95,116226,166335655.6,16278,LEGACY
2023-11-24,LAURUSLABS,Laurus Labs,EQ,INE947Q01028,370.85,378.9,370.75,372.75,372.7,369.35,1379967,517973423.0,15737,LEGACY
2023-11-24,LUPIN,Lupin,EQ,INE326A01037,1220.0,1245.0,1211.6,1243.2,1242.85,1198.15,2748793,3392603141.8,80145,LEGACY
2023-11-24,MANKIND,Mankind Pharma,EQ,INE634S01028,1934.0,1943.7,1901.0,1912.95,1909.0,1934.0,97869,188244138.45,9981,LEGACY
2023-11-24,NATCOPHARM,Natco Pharma,EQ,INE987B01026,789.25,798.2,777.45,780.45,781.05,789.25,349819,274312607.1,17669,LEGACY
2023-11-24,PEL,Piramal Enterprises,EQ,INE140A01024,910.0,910.85,889.0,890.9,890.6,906.65,1440642,1292508164.9,54275,LEGACY
2023-11-24,PEL,Piramal Enterprises,N1,INE140A07740,994.99,999.99,994.99,999.99,999.99,994.85,110,109498.9,2,LEGACY
2023-11-24,PEL,Piramal Enterprises,N2,INE140A07765,1003.0,1003.0,1003.0,1003.0,1003.0,1001.55,13,13039.0,2,LEGACY
2023-11-24,PEL,Piramal Enterprises,N3,INE140A07773,999.5,999.5,992.61,992.61,992.61,999.5,21,20915.6,3,LEGACY
2023-11-24,PFIZER,Pfizer,EQ,INE182A01018,4101.05,4137.95,4055.0,4072.3,4065.0,4130.35,15876,64830046.8,4498,LEGACY
2023-11-24,PPLPHARMA,Piramal Pharma,EQ,INE0DK501011,125.0,126.8,121.95,122.95,123.15,124.1,10227902,1273949021.7,43702,LEGACY
2023-11-24,SANOFI,Sanofi India,EQ,INE058A01010,8025.25,8047.35,7970.65,8029.5,8030.0,7984.9,31910,255685379.9,5514,LEGACY
2023-11-24,STAR,Strides Pharma Science,EQ,INE939A01011,497.7,505.9,495.1,496.05,495.5,495.25,334528,167526730.6,12392,LEGACY
2023-11-24,SUNPHARMA,Sun Pharmaceutical Industries,EQ,INE044A01036,1200.0,1209.6,1192.8,1195.45,1194.05,1198.8,1376695,1650350494.7,70298,LEGACY
2023-11-24,TORNTPHARM,Torrent Pharmaceuticals,EQ,INE685A01028,2109.9,2129.0,2083.3,2090.8,2084.75,2106.55,157910,331976669.55,24107,LEGACY
2023-11-24,WOCKPHARMA,Wockhardt,EQ,INE049B01025,343.8,348.3,336.9,338.35,339.4,343.3,2113335,723640321.55,19514,LEGACY
2023-11-24,ZYDUSLIFE,Zydus Lifesciences,EQ,INE010B01027,634.8,648.0,634.0,639.9,639.0,631.6,690395,443472832.65,21080,LEGACY
2023-11-28,ABBOTINDIA,Abbott India,EQ,INE358A01014,24001.25,24066.7,23670.0,23697.75,23678.95,24045.85,4778,113732403.5,2172,LEGACY
2023-11-28,AJANTPHARM,Ajanta Pharma,EQ,INE031B01049,1964.9,1969.65,1912.1,1919.6,1921.0,1957.95,77476,149399000.2,10702,LEGACY
2023-11-28,ALKEM,Alkem Laboratories,EQ,INE540L01014,4587.0,4613.55,4515.05,4554.2,4559.7,4557.8,401971,1834183170.95,30067,LEGACY
2023-11-28,APLLTD,Alembic Pharmaceuticals,EQ,INE901L01018,725.45,735.35,718.0,720.05,723.9,725.45,81303,58762964.05,10989,LEGACY
2023-11-28,AUROPHARMA,Aurobindo Pharma,EQ,INE406A01037,1032.8,1034.75,1009.4,1016.15,1015.25,1032.8,2365708,2405150967.35,69472,LEGACY
2023-11-28,BIOCON,Biocon,EQ,INE376G01013,235.4,236.25,231.25,233.1,233.7,235.35,2846098,664466116.9,21914,LEGACY
2023-11-28,CIPLA,Cipla,EQ,INE059A01026,1200.0,1202.75,1188.0,1192.3,1191.5,1198.65,1691543,2021926441.15,101863,LEGACY
2023-11-28,DIVISLAB,Divi's Laboratories,EQ,INE361B01024,3770.0,3786.35,3743.45,3760.15,3760.4,3764.8,197926,743831371.35,24221,LEGACY
2023-11-28,DRREDDY,Dr. Reddy's Laboratories,EQ,INE089A01023,5647.0,5714.45,5647.0,5675.8,5664.0,5646.15,311158,1768779031.9,44618,LEGACY
2023-11-28,GLAND,Gland Pharma,EQ,INE068V01023,1769.7,1797.95,1766.0,1785.1,1776.95,1756.5,630302,1125160211.5,73769,LEGACY
2023-11-28,GLAXO,GlaxoSmithKline Pharmaceuticals,EQ,INE159A01016,1646.05,1709.9,1638.0,1644.0,1655.0,1644.75,194289,324571367.75,16353,LEGACY
2023-11-28,GLENMARK,Glenmark Pharmaceuticals,EQ,INE935A01035,786.9,790.95,769.9,771.0,770.65,786.9,719949,560600540.25,25237,LEGACY
2023-11-28,GRANULES,Granules India,EQ,INE101D01020,388.5,388.5,375.5,377.95,378.0,387.2,3072295,1168671158.0,37512,LEGACY
2023-11-28,IPCALAB,IPCA Laboratories,EQ,INE571A01038,1106.7,1111.85,1092.05,1097.65,1101.0,1091.8,559276,615247834.3,27697,LEGACY
2023-11-28,JBCHEPHARM,JB Chemicals & Pharmaceuticals,EQ,INE572A01036,1420.0,1425.25,1371.0,1392.8,1385.0,1420.2,112979,158424237.55,18299,LEGACY
2023-11-28,LAURUSLABS,Laurus Labs,EQ,INE947Q01028,372.4,374.95,369.15,370.75,370.65,372.75,606473,225467265.2,13161,LEGACY
2023-11-28,LUPIN,Lupin,EQ,INE326A01037,1243.3,1251.55,1235.75,1244.95,1243.95,1243.2,806664,1003035208.4,35866,LEGACY
2023-11-28,MANKIND,Mankind Pharma,EQ,INE634S01028,1912.95,1935.0,1890.0,1896.35,1903.0,1912.95,125665,240127715.4,10897,LEGACY
2023-11-28,NATCOPHARM,Natco Pharma,EQ,INE987B01026,784.8,787.2,771.7,774.05,774.95,780.45,479334,372174025.9,20835,LEGACY
2023-11-28,PEL,Piramal Enterprises,EQ,INE140A01024,894.35,911.25,885.3,908.3,910.0,890.9,2135427,1922051973.2,54370,LEGACY
2023-11-28,PEL,Piramal Enterprises,N1,INE140A07740,1000.0,1000.0,1000.0,1000.0,1000.0,999.99,3040,3040000.0,27,LEGACY
2023-11-28,PEL,Piramal Enterprises,N2,INE140A07765,1003.0,1003.0,1003.0,1003.0,1003.0,1003.0,9,9027.0,1,LEGACY
2023-11-28,PFIZER,Pfizer,EQ,INE182A01018,4072.3,4093.95,4030.0,4060.65,4034.0,4072.3,11863,48264980.65,2868,LEGACY
2023-11-28,PPLPHARMA,Piramal Pharma,EQ,INE0DK501011,123.9,124.7,121.5,122.0,122.35,122.95,4545906,559400152.3,27545,LEGACY
2023-11-28,SANOFI,Sanofi India,EQ,INE058A01010,8032.0,8069.95,7913.25,8024.3,8001.35,8029.5,8704,69674671.35,3260,LEGACY
2023-11-28,STAR,Strides Pharma Science,EQ,INE939A01011,498.0,502.75,493.65,495.8,494.65,496.05,189149,94104510.05,9680,LEGACY
2023-11-28,SUNPHARMA,Sun Pharmaceutical Industries,EQ,INE044A01036,1197.15,1200.35,1189.75,1191.35,1190.1,1195.45,886708,1057397506.55,89363,LEGACY
2023-11-28,TORNTPHARM,Torrent Pharmaceuticals,EQ,INE685A01028,2099.8,2105.2,2072.25,2079.0,2075.3,2090.8,306047,639499726.85,25427,LEGACY
2023-11-28,WOCKPHARMA,Wockhardt,EQ,INE049B01025,339.8,340.75,327.95,330.85,331.0,338.35,1230371,409518263.25,12639,LEGACY
2023-11-28,ZYDUSLIFE,Zydus Lifesciences,EQ,INE010B01027,639.9,641.05,628.1,629.8,630.0,639.9,606266,383557179.65,20026,LEGACY
2023-11-29,ABBOTINDIA,Abbott India,EQ,INE358A01014,23698.0,23779.75,23500.0,23537.8,23539.5,23697.75,5327,125910368.6,2136,LEGACY
2023-11-29,AJANTPHARM,Ajanta Pharma,EQ,INE031B01049,1922.0,1966.95,1908.0,1949.05,1948.85,1919.6,61813,120167955.15,11012,LEGACY
2023-11-29,ALKEM,Alkem Laboratories,EQ,INE540L01014,4600.0,4606.7,4543.0,4567.25,4597.0,4554.2,147770,674459788.75,25454,LEGACY
2023-11-29,APLLTD,Alembic Pharmaceuticals,EQ,INE901L01018,723.8,730.6,714.75,719.4,721.0,720.05,61616,44449330.1,6485,LEGACY
2023-11-29,AUROPHARMA,Aurobindo Pharma,EQ,INE406A01037,1018.0,1031.9,1010.0,1021.45,1019.85,1016.15,2341505,2393164252.1,59621,LEGACY
2023-11-29,BIOCON,Biocon,EQ,INE376G01013,233.2,237.4,233.2,236.75,237.0,233.1,2307166,544972730.95,16787,LEGACY
2023-11-29,CIPLA,Cipla,EQ,INE059A01026,1198.75,1206.8,1191.75,1201.55,1201.1,1192.3,2173427,2608543883.15,76153,LEGACY
2023-11-29,DIVISLAB,Divi's Laboratories,EQ,INE361B01024,3761.0,3775.95,3720.95,3729.75,3729.85,3760.15,329180,1234132266.7,40281,LEGACY
2023-11-29,DRREDDY,Dr. Reddy's Laboratories,EQ,INE089A01023,5697.9,5744.0,5654.0,5715.35,5711.0,5675.8,320477,1826961021.05,36799,LEGACY
2023-11-29,GLAND,Gland Pharma,EQ,INE068V01023,1793.6,1798.0,1748.35,1788.85,1787.0,1785.1,475555,845258733.15,20365,LEGACY
2023-11-29,GLAXO,GlaxoSmithKline Pharmaceuticals,EQ,INE159A01016,1657.1,1679.75,1616.9,1633.4,1630.0,1644.0,175879,287449001.9,13016,LEGACY
2023-11-29,GLENMARK,Glenmark Pharmaceuticals,EQ,INE935A01035,777.4,777.4,764.5,770.1,770.45,771.0,726023,558935234.75,33134,LEGACY
2023-11-29,GRANULES,Granules India,EQ,INE101D01020,380.05,388.0,379.8,387.15,387.95,377.95,2926150,1125543967.5,27012,LEGACY
2023-11-29,IPCALAB,IPCA Laboratories,EQ,INE571A01038,1105.0,1129.2,1098.0,1120.85,1119.0,1097.65,414405,462658099.35,22077,LEGACY
2023-11-29,JBCHEPHARM,JB Chemicals & Pharmaceuticals,EQ,INE572A01036,1393.0,1422.35,1393.0,1410.35,1410.0,1392.8,225949,318155648.15,33308,LEGACY
2023-11-29,LAURUSLABS,Laurus Labs,EQ,INE947Q01028,373.0,376.75,372.0,374.8,375.0,370.75,3412948,1279824612.75,18194,LEGACY
2023-11-29,LUPIN,Lupin,EQ,INE326A01037,1253.0,1254.0,1243.85,1249.55,1247.5,1244.95,982589,1227139482.75,28903,LEGACY
2023-11-29,MANKIND,Mankind Pharma,EQ,INE634S01028,1896.95,1933.5,1886.5,1898.6,1897.0,1896.35,106430,203273041.8,12475,LEGACY
2023-11-29,NATCOPHARM,Natco Pharma,EQ,INE987B01026,777.9,786.95,772.1,780.25,782.0,774.05,801640,624669049.7,18502,LEGACY
2023-11-29,PEL,Piramal Enterprises,EQ,INE140A01024,914.55,920.8,908.0,919.35,918.3,908.3,731027,669257741.6,32042,LEGACY
2023-11-29,PEL,Piramal Enterprises,N3,INE140A07773,1000.0,1000.0,999.99,999.99,999.99,992.61,110,109999.9,2,LEGACY
2023-11-29,PFIZER,Pfizer,EQ,INE182A01018,4074.0,4077.7,4023.3,4036.65,4041.0,4060.65,11436,46149571.75,3346,LEGACY
2023-11-29,PPLPHARMA,Piramal Pharma,EQ,INE0DK501011,122.9,124.7,122.0,123.6,123.1,122.0,4241044,523075847.2,22046,LEGACY
2023-11-29,SANOFI,Sanofi India,EQ,INE058A01010,8030.0,8080.0,7913.5,8045.2,8015.05,8024.3,21537,172377999.25,6653,LEGACY
2023-11-29,STAR,Strides Pharma Science,EQ,INE939A01011,498.0,499.45,483.05,485.95,484.9,495.8,402370,197328884.15,9371,LEGACY
2023-11-29,SUNPHARMA,Sun Pharmaceutical Industries,EQ,INE044A01036,1191.95,1209.5,1184.5,1202.2,1206.25,1191.35,1813462,2171026110.35,98385,LEGACY
2023-11-29,TORNTPHARM,Torrent Pharmaceuticals,EQ,INE685A01028,2081.0,2124.95,2074.3,2091.85,2094.4,2079.0,209338,439733195.35,22625,LEGACY
2023-11-29,WOCKPHARMA,Wockhardt,EQ,INE049B01025,332.05,334.0,323.5,325.5,324.95,330.85,1209174,396715497.25,18402,LEGACY
2023-11-29,ZYDUSLIFE,Zydus Lifesciences,EQ,INE010B01027,633.25,637.85,630.05,635.05,635.0,629.8,777475,493510510.0,25814,LEGACY
2023-11-30,ABBOTINDIA,Abbott India,EQ,INE358A01014,23590.0,23850.0,23431.3,23805.15,23840.0,23537.8,7069,167538974.25,3259,LEGACY
2023-11-30,AJANTPHARM,Ajanta Pharma,EQ,INE031B01049,1954.95,1995.95,1941.15,1976.15,1975.0,1949.05,221227,436661595.6,25475,LEGACY
2023-11-30,ALKEM,Alkem Laboratories,EQ,INE540L01014,4591.3,4795.5,4561.05,4723.55,4770.0,4567.25,372051,1740907688.9,37638,LEGACY
2023-11-30,APLLTD,Alembic Pharmaceuticals,EQ,INE901L01018,723.2,835.4,722.85,745.8,745.05,719.4,5183456,4052168098.2,169017,LEGACY
2023-11-30,AUROPHARMA,Aurobindo Pharma,EQ,INE406A01037,1021.5,1047.9,1021.5,1041.55,1045.0,1021.45,3149289,3273496192.85,57819,LEGACY
2023-11-30,BIOCON,Biocon,EQ,INE376G01013,236.75,239.15,236.15,238.3,239.0,236.75,3794118,902354961.5,28673,LEGACY
2023-11-30,CIPLA,Cipla,EQ,INE059A01026,1200.0,1217.65,1198.1,1212.3,1213.5,1201.55,3219799,3885077639.35,112471,LEGACY
2023-11-30,DIVISLAB,Divi's Laboratories,EQ,INE361B01024,3729.55,3809.0,3729.55,3788.7,3779.8,3729.75,887438,3360758858.05,68042,LEGACY
2023-11-30,DRREDDY,Dr. Reddy's Laboratories,EQ,INE089A01023,5725.0,5800.0,5716.0,5788.15,5784.3,5715.35,853552,4927119829.35,77873,LEGACY
2023-11-30,GLAND,Gland Pharma,EQ,INE068V01023,1798.8,1798.8,1755.05,1774.65,1780.0,1788.85,325983,580580214.65,21872,LEGACY
2023-11-30,GLAXO,GlaxoSmithKline Pharmaceuticals,EQ,INE159A01016,1640.5,1695.5,1640.5,1657.1,1654.5,1633.4,215735,360282331.75,18093,LEGACY
2023-11-30,GLENMARK,Glenmark Pharmaceuticals,EQ,INE935A01035,771.0,788.45,771.0,779.95,781.85,770.1,1139226,889397378.45,32796,LEGACY
2023-11-30,GRANULES,Granules India,EQ,INE101D01020,387.5,404.0,387.5,399.55,401.0,387.15,6996856,2788393159.65,70343,LEGACY
2023-11-30,IPCALAB,IPCA Laboratories,EQ,INE571A01038,1124.95,1138.0,1116.3,1132.95,1136.95,1120.85,298026,336251319.2,24322,LEGACY
2023-11-30,JBCHEPHARM,JB Chemicals & Pharmaceuticals,EQ,INE572A01036,1415.0,1495.0,1412.0,1450.9,1495.0,1410.35,355908,515824614.15,24935,LEGACY
2023-11-30,LAURUSLABS,Laurus Labs,EQ,INE947Q01028,375.5,381.8,374.3,380.85,380.7,374.8,1709134,647850845.5,32697,LEGACY
2023-11-30,LUPIN,Lupin,EQ,INE326A01037,1252.0,1290.0,1250.0,1280.9,1285.0,1249.55,2636118,3353897115.3,78123,LEGACY
2023-11-30,MANKIND,Mankind Pharma,EQ,INE634S01028,1905.0,1915.0,1845.5,1897.6,1899.55,1898.6,279598,529309315.1,26858,LEGACY
2023-11-30,NATCOPHARM,Natco Pharma,EQ,INE987B01026,784.9,794.95,780.9,792.5,792.95,780.25,612194,483405563.3,21318,LEGACY
2023-11-30,PEL,Piramal Enterprises,EQ,INE140A01024,919.35,931.25,915.65,926.45,928.5,919.35,1088357,1006958620.9,30595,LEGACY
2023-11-30,PEL,Piramal Enterprises,N1,INE140A07740,1000.0,1000.0,1000.0,1000.0,1000.0,1000.0,100,100000.0,2,LEGACY
2023-11-30,PEL,Piramal Enterprises,N2,INE140A07765,1003.0,1003.0,1003.0,1003.0,1003.0,1003.0,160,160480.0,3,LEGACY
2023-11-30,PEL,Piramal Enterprises,N3,INE140A07773,999.99,999.99,998.0,998.0,998.0,999.99,201,200763.5,10,LEGACY
2023-11-30,PFIZER,Pfizer,EQ,INE182A01018,4037.0,4090.0,4024.05,4084.8,4085.0,4036.65,11369,46226272.7,3123,LEGACY
2023-11-30,PPLPHARMA,Piramal Pharma,EQ,INE0DK501011,123.45,127.55,122.5,126.6,126.3,123.6,10657017,1339839624.15,50253,LEGACY
2023-11-30,SANOFI,Sanofi India,EQ,INE058A01010,8049.95,8076.9,7947.1,8043.7,8025.0,8045.2,17608,141241769.0,6327,LEGACY
2023-11-30,STAR,Strides Pharma Science,EQ,INE939A01011,488.0,494.9,485.2,486.65,487.6,485.95,210319,102775644.55,11195,LEGACY
2023-11-30,SUNPHARMA,Sun Pharmaceutical Industries,EQ,INE044A01036,1192.35,1231.15,1192.35,1225.85,1225.5,1202.2,4672807,5691224751.25,118222,LEGACY
2023-11-30,TORNTPHARM,Torrent Pharmaceuticals,EQ,INE685A01028,2091.85,2140.0,2077.85,2126.55,2136.6,2091.85,529836,1123230903.95,22812,LEGACY
2023-11-30,WOCKPHARMA,Wockhardt,EQ,INE049B01025,326.85,349.7,324.9,345.3,343.4,325.5,4631956,1574137011.95,55822,LEGACY
2023-11-30,ZYDUSLIFE,Zydus Lifesciences,EQ,INE010B01027,635.55,640.75,633.45,637.55,636.0,635.05,1357375,864605061.35,35042,LEGACY
2023-12-01,ABBOTINDIA,Abbott India,EQ,INE358A01014,23751.1,23925.9,23614.2,23679.5,23654.9,23805.15,6396,151764219.6,2673,LEGACY
2023-12-01,AJANTPHARM,Ajanta Pharma,EQ,INE031B01049,1986.6,1998.65,1947.8,1963.0,1964.7,1976.15,48090,94602049.95,9255,LEGACY
2023-12-01,ALKEM,Alkem Laboratories,EQ,INE540L01014,4724.9,4741.95,4621.75,4647.9,4645.0,4723.55,264101,1229662762.9,26030,LEGACY
2023-12-01,APLLTD,Alembic Pharmaceuticals,EQ,INE901L01018,757.0,758.95,740.35,751.15,747.9,745.8,317173,237834589.8,19472,LEGACY
2023-12-01,AUROPHARMA,Aurobindo Pharma,EQ,INE406A01037,1049.0,1059.65,1031.0,1033.75,1033.0,1041.55,1227116,1278689887.15,36617,LEGACY
2023-12-01,BIOCON,Biocon,EQ,INE376G01013,241.0,245.1,240.05,240.65,240.3,238.3,3020077,731058719.2,24157,LEGACY
2023-12-01,CIPLA,Cipla,EQ,INE059A01026,1213.45,1217.85,1203.5,1205.7,1204.9,1212.3,1078680,1303260970.75,50050,LEGACY
2023-12-01,DIVISLAB,Divi's Laboratories,EQ,INE361B01024,3799.0,3819.7,3772.0,3792.7,3785.05,3788.7,260031,987128181.45,27205,LEGACY
2023-12-01,DRREDDY,Dr. Reddy's Laboratories,EQ,INE089A01023,5800.0,5856.55,5739.45,5749.4,5748.0,5788.15,278300,1611452997.65,28809,LEGACY
2023-12-01,GLAND,Gland Pharma,EQ,INE068V01023,1796.8,1840.0,1780.0,1809.35,1800.0,1774.65,407645,737678473.4,29059,LEGACY
2023-12-01,GLAXO,GlaxoSmithKline Pharmaceuticals,EQ,INE159A01016,1670.0,1708.0,1669.95,1678.15,1674.0,1657.1,215618,364429569.15,17907,LEGACY
2023-12-01,GLENMARK,Glenmark Pharmaceuticals,EQ,INE935A01035,781.8,798.0,778.85,792.6,791.9,779.95,773301,611819636.35,31262,LEGACY
2023-12-01,GRANULES,Granules India,EQ,INE101D01020,404.0,404.9,391.5,392.85,393.15,399.55,1694425,672759342.9,21831,LEGACY
2023-12-01,IPCALAB,IPCA Laboratories,EQ,INE571A01038,1133.0,1153.0,1123.95,1149.7,1150.0,1132.95,304454,347338717.45,19538,LEGACY
2023-12-01,JBCHEPHARM,JB Chemicals & Pharmaceuticals,EQ,INE572A01036,1469.75,1498.8,1452.8,1460.45,1456.25,1450.9,88621,130976398.25,11637,LEGACY
2023-12-01,LAURUSLABS,Laurus Labs,EQ,INE947Q01028,383.0,386.5,377.6,378.75,377.6,380.85,1091037,415789582.3,18140,LEGACY
2023-12-01,LUPIN,Lupin,EQ,INE326A01037,1280.9,1305.2,1276.45,1296.65,1300.0,1280.9,1377103,1781615258.5,44296,LEGACY
2023-12-01,MANKIND,Mankind Pharma,EQ,INE634S01028,1898.05,1939.0,1898.05,1914.0,1905.0,1897.6,183029,351955881.65,26729,LEGACY
2023-12-01,NATCOPHARM,Natco Pharma,EQ,INE987B01026,794.95,802.9,784.0,785.4,785.0,792.5,441547,349754080.7,26105,LEGACY
2023-12-01,PEL,Piramal Enterprises,EQ,INE140A01024,933.0,941.9,927.1,929.15,927.3,926.45,873288,815030935.55,33092,LEGACY
2023-12-01,PEL,Piramal Enterprises,N0,INE140A07757,1000.0,1000.0,1000.0,1000.0,1000.0,1000.0,30,30000.0,1,LEGACY
2023-12-01,PEL,Piramal Enterprises,N1,INE140A07740,1000.0,1000.0,994.01,997.0,997.0,1000.0,612,611347.3,19,LEGACY
2023-12-01,PEL,Piramal Enterprises,N3,INE140A07773,998.01,998.01,995.0,995.0,995.0,998.0,500,498085.89,18,LEGACY
2023-12-01,PFIZER,Pfizer,EQ,INE182A01018,4085.05,4123.5,4085.0,4101.4,4112.45,4084.8,12531,51373384.95,3396,LEGACY
2023-12-01,PPLPHARMA,Piramal Pharma,EQ,INE0DK501011,126.45,128.2,124.2,126.2,126.0,126.6,7239820,914977027.65,41066,LEGACY
2023-12-01,SANOFI,Sanofi India,EQ,INE058A01010,8050.0,8236.0,8001.3,8218.75,8201.0,8043.7,19915,162305268.65,5407,LEGACY
2023-12-01,STAR,Strides Pharma Science,EQ,INE939A01011,489.0,505.9,489.0,502.35,502.3,486.65,833660,417079279.6,20010,LEGACY
2023-12-01,SUNPHARMA,Sun Pharmaceutical Industries,EQ,INE044A01036,1233.05,1241.85,1225.0,1231.25,1228.0,1225.85,1749751,2155645442.15,82398,LEGACY
2023-12-01,TORNTPHARM,Torrent Pharmaceuticals,EQ,INE685A01028,2135.0,2157.45,2118.5,2151.25,2147.0,2126.55,308776,662225957.9,26797,LEGACY
2023-12-01,WOCKPHARMA,Wockhardt,EQ,INE049B01025,349.0,361.65,344.35,351.35,350.9,345.3,3046927,1079767723.45,45480,LEGACY
2023-12-01,ZYDUSLIFE,Zydus Lifesciences,EQ,INE010B01027,641.7,648.95,637.5,639.7,640.0,637.55,1135068,729171516.1,26041,LEGACY
2023-12-04,ABBOTINDIA,Abbott India,EQ,INE358A01014,23920.0,23920.0,23350.0,23398.75,23500.0,23679.5,18405,432566740.6,5247,LEGACY
2023-12-04,AJANTPHARM,Ajanta Pharma,EQ,INE031B01049,1973.3,1998.7,1932.2,1959.35,1943.0,1963.0,92484,180371170.15,18030,LEGACY
2023-12-04,ALKEM,Alkem Laboratories,EQ,INE540L01014,4649.0,4667.15,4601.0,4613.15,4615.0,4647.9,197993,915224095.0,33093,LEGACY
2023-12-04,APLLTD,Alembic Pharmaceuticals,EQ,INE901L01018,765.85,765.85,736.95,751.15,751.25,751.15,200084,149792600.1,11797,LEGACY
2023-12-04,AUROPHARMA,Aurobindo Pharma,EQ,INE406A01037,1042.0,1046.0,1023.25,1042.65,1041.3,1033.75,1976331,2046795334.5,89651,LEGACY
2023-12-04,BIOCON,Biocon,EQ,INE376G01013,243.3,243.4,238.9,240.65,240.9,240.65,1817846,437225510.75,19103,LEGACY
2023-12-04,CIPLA,Cipla,EQ,INE059A01026,1212.3,1219.1,1206.25,1216.5,1218.5,1205.7,2097408,2543881031.8,88951,LEGACY
2023-12-04,DIVISLAB,Divi's Laboratories,EQ,INE361B01024,3810.0,3835.05,3790.0,3798.1,3800.0,3792.7,318936,1214159338.8,34495,LEGACY
2023-12-04,DRREDDY,Dr. Reddy's Laboratories,EQ,INE089A01023,5800.0,5800.0,5728.4,5756.0,5775.0,5749.4,224260,1289674713.65,30111,LEGACY
2023-12-04,GLAND,Gland Pharma,EQ,INE068V01023,1820.95,1841.8,1782.0,1807.85,1809.85,1809.35,256546,462445191.25,20295,LEGACY
2023-12-04,GLAXO,GlaxoSmithKline Pharmaceuticals,EQ,INE159A01016,1710.0,1739.75,1691.1,1695.65,1697.5,1678.15,197430,337441932.0,16473,LEGACY
2023-12-04,GLENMARK,Glenmark Pharmaceuticals,EQ,INE935A01035,798.95,802.0,774.0,775.75,779.95,792.6,3228588,2529318097.5,71562,LEGACY
2023-12-04,GRANULES,Granules India,EQ,INE101D01020,399.1,399.25,390.4,391.5,393.0,392.85,1564970,616643225.85,24447,LEGACY
2023-12-04,IPCALAB,IPCA Laboratories,EQ,INE571A01038,1155.0,1159.7,1134.1,1142.55,1144.1,1149.7,252860,289207772.1,17641,LEGACY
2023-12-04,JBCHEPHARM,JB Chemicals & Pharmaceuticals,EQ,INE572A01036,1474.0,1483.9,1432.05,1471.4,1465.0,1460.45,226470,328257042.35,16900,LEGACY
2023-12-04,LAURUSLABS,Laurus Labs,EQ,INE947Q01028,384.0,384.0,376.65,379.25,379.8,378.75,878907,333182235.75,18236,LEGACY
2023-12-04,LUPIN,Lupin,EQ,INE326A01037,1308.95,1308.95,1256.0,1260.55,1262.5,1296.65,1725134,2184936705.1,61818,LEGACY
2023-12-04,MANKIND,Mankind Pharma,EQ,INE634S01028,1944.95,1973.8,1889.95,1923.85,1911.0,1914.0,211858,412200685.65,28018,LEGACY
2023-12-04,NATCOPHARM,Natco Pharma,EQ,INE987B01026,800.05,807.7,788.1,792.15,792.0,785.4,429289,341403745.0,23227,LEGACY
2023-12-04,PEL,Piramal Enterprises,EQ,INE140A01024,936.2,945.95,934.4,940.15,941.5,929.15,909723,855480307.3,33090,LEGACY
2023-12-04,PEL,Piramal Enterprises,N0,INE140A07757,1000.0,1005.0,1000.0,1005.0,1005.0,1000.0,106,106325.0,5,LEGACY
2023-12-04,PEL,Piramal Enterprises,N1,INE140A07740,999.99,1001.99,999.0,1001.99,1001.99,997.0,960,960285.0,8,LEGACY
2023-12-04,PEL,Piramal Enterprises,N3,INE140A07773,1005.0,1005.0,1005.0,1005.0,1005.0,995.0,10,10050.0,1,LEGACY
2023-12-04,PFIZER,Pfizer,EQ,INE182A01018,4122.0,4141.0,3967.0,4051.0,4054.9,4101.4,19824,80481928.3,5422,LEGACY
2023-12-04,PPLPHARMA,Piramal Pharma,EQ,INE0DK501011,128.0,128.45,125.0,125.45,125.15,126.2,5645726,714802986.4,29910,LEGACY
2023-12-04,SANOFI,Sanofi India,EQ,INE058A01010,8250.0,8277.8,8058.0,8104.85,8103.0,8218.75,18875,153764998.45,6310,LEGACY
2023-12-04,STAR,Strides Pharma Science,EQ,INE939A01011,521.0,522.0,495.4,496.25,496.0,502.35,556812,280177375.15,16556,LEGACY
2023-12-04,SUNPHARMA,Sun Pharmaceutical Industries,EQ,INE044A01036,1237.25,1240.0,1220.5,1231.15,1230.0,1231.25,1615837,1985699926.35,104593,LEGACY
2023-12-04,TORNTPHARM,Torrent Pharmaceuticals,EQ,INE685A01028,2170.0,2172.55,2112.3,2133.6,2131.4,2151.25,272694,582000470.65,19577,LEGACY
2023-12-04,WOCKPHARMA,Wockhardt,EQ,INE049B01025,358.0,364.75,351.4,357.3,357.0,351.35,2055321,734015614.15,28112,LEGACY
2023-12-04,ZYDUSLIFE,Zydus Lifesciences,EQ,INE010B01027,648.0,648.35,630.0,633.4,635.2,639.7,883822,561209214.45,32595,LEGACY
2023-12-05,ABBOTINDIA,Abbott India,EQ,INE358A01014,23500.0,23686.95,23000.05,23110.45,23159.7,23398.75,32166,750811922.75,7742,LEGACY
2023-12-05,AJANTPHARM,Ajanta Pharma,EQ,INE031B01049,1959.9,1981.65,1920.1,1966.85,1962.0,1959.35,101775,198615434.65,17875,LEGACY
2023-12-05,ALKEM,Alkem Laboratories,EQ,INE540L01014,4649.95,4667.45,4589.25,4652.85,4630.1,4613.15,254553,1177914013.75,34094,LEGACY
2023-12-05,APLLTD,Alembic Pharmaceuticals,EQ,INE901L01018,755.1,771.0,749.55,761.5,761.0,751.15,215628,164632557.55,14126,LEGACY
2023-12-05,AUROPHARMA,Aurobindo Pharma,EQ,INE406A01037,1047.8,1047.8,1012.75,1025.95,1025.0,1042.65,1328945,1363349065.05,53727,LEGACY
2023-12-05,BIOCON,Biocon,EQ,INE376G01013,242.1,243.4,240.3,243.1,243.15,240.65,2272088,550849621.55,20938,LEGACY
2023-12-05,CIPLA,Cipla,EQ,INE059A01026,1222.6,1229.0,1216.0,1224.45,1221.5,1216.5,2132150,2606088795.15,105344,LEGACY
2023-12-05,DIVISLAB,Divi's Laboratories,EQ,INE361B01024,3789.05,3810.0,3724.05,3741.15,3743.6,3798.1,449862,1691531287.5,48437,LEGACY
2023-12-05,DRREDDY,Dr. Reddy's Laboratories,EQ,INE089A01023,5765.0,5819.0,5742.0,5776.45,5778.0,5756.0,224375,1296057527.45,32065,LEGACY
2023-12-05,GLAND,Gland Pharma,EQ,INE068V01023,1807.85,1819.0,1790.0,1810.8,1810.0,1807.85,163897,296189342.15,20513,LEGACY
2023-12-05,GLAXO,GlaxoSmithKline Pharmaceuticals,EQ,INE159A01016,1700.0,1725.55,1686.75,1691.7,1692.0,1695.65,169007,288227661.35,9397,LEGACY
2023-12-05,GLENMARK,Glenmark Pharmaceuticals,EQ,INE935A01035,782.55,785.8,772.4,779.05,781.0,775.75,545761,425031056.85,24776,LEGACY
2023-12-05,GRANULES,Granules India,EQ,INE101D01020,390.0,395.25,383.8,389.1,388.0,391.5,1816714,708719872.1,30578,LEGACY
2023-12-05,IPCALAB,IPCA Laboratories,EQ,INE571A01038,1147.9,1161.85,1136.3,1144.6,1139.45,1142.55,205227,236018886.2,16971,LEGACY
2023-12-05,JBCHEPHARM,JB Chemicals & Pharmaceuticals,EQ,INE572A01036,1474.95,1489.9,1447.4,1476.0,1470.0,1471.4,101897,149123430.1,12872,LEGACY
2023-12-05,LAURUSLABS,Laurus Labs,EQ,INE947Q01028,379.4,385.4,375.25,376.35,376.0,379.25,1486569,564447261.55,17343,LEGACY
2023-12-05,LUPIN,Lupin,EQ,INE326A01037,1265.9,1273.4,1253.65,1258.2,1263.45,1260.55,1104617,1394572356.45,57961,LEGACY
2023-12-05,MANKIND,Mankind Pharma,EQ,INE634S01028,1943.1,1962.05,1912.9,1949.7,1948.25,1923.85,552800,1073869768.6,24064,LEGACY
2023-12-05,NATCOPHARM,Natco Pharma,EQ,INE987B01026,794.5,794.7,778.5,780.2,780.9,792.15,484920,380496193.5,29329,LEGACY
2023-12-05,PEL,Piramal Enterprises,EQ,INE140A01024,943.9,944.85,920.55,936.25,934.5,940.15,904856,845729530.1,45930,LEGACY
2023-12-05,PEL,Piramal Enterprises,N1,INE140A07740,998.0,998.01,995.06,998.0,998.0,1001.99,239,238399.5,10,LEGACY
2023-12-05,PEL,Piramal Enterprises,N3,INE140A07773,1000.0,1000.0,1000.0,1000.0,1000.0,1005.0,25,25000.0,2,LEGACY
2023-12-05,PFIZER,Pfizer,EQ,INE182A01018,4069.9,4071.9,4025.0,4031.9,4036.0,4051.0,10572,42702487.75,2568,LEGACY
2023-12-05,PPLPHARMA,Piramal Pharma,EQ,INE0DK501011,126.0,126.7,123.35,126.0,126.05,125.45,5233867,656595792.95,21843,LEGACY
2023-12-05,SANOFI,Sanofi India,EQ,INE058A01010,8085.05,8199.1,8066.2,8175.2,8193.65,8104.85,15011,122360092.45,5321,LEGACY
2023-12-05,STAR,Strides Pharma Science,EQ,INE939A01011,498.2,501.6,488.25,490.8,489.9,496.25,399543,197818852.55,8543,LEGACY
2023-12-05,SUNPHARMA,Sun Pharmaceutical Industries,EQ,INE044A01036,1225.9,1243.6,1220.55,1239.55,1242.0,1231.15,930042,1147985496.8,73720,LEGACY
2023-12-05,TORNTPHARM,Torrent Pharmaceuticals,EQ,INE685A01028,2135.75,2160.0,2096.05,2100.0,2099.9,2133.6,676468,1434409603.3,33466,LEGACY
2023-12-05,WOCKPHARMA,Wockhardt,EQ,INE049B01025,359.0,359.05,337.2,350.3,351.0,357.3,2439989,847509256.75,35551,LEGACY
2023-12-05,ZYDUSLIFE,Zydus Lifesciences,EQ,INE010B01027,637.9,643.45,632.4,634.05,634.5,633.4,718008,456936556.6,22038,LEGACY
2023-12-06,ABBOTINDIA,Abbott India,EQ,INE358A01014,23287.2,23319.0,22880.0,23078.05,23085.0,23110.45,18107,417547599.65,6028,LEGACY
2023-12-06,AJANTPHARM,Ajanta Pharma,EQ,INE031B01049,1969.85,2067.4,1935.0,1946.65,1947.0,1966.85,613818,1200360567.3,30850,LEGACY
2023-12-06,ALKEM,Alkem Laboratories,EQ,INE540L01014,4677.0,4807.0,4660.0,4725.8,4719.0,4652.85,367725,1743278293.6,44495,LEGACY
2023-12-06,APLLTD,Alembic Pharmaceuticals,EQ,INE901L01018,761.0,769.0,757.45,765.25,766.8,761.5,120337,91989722.3,8648,LEGACY
2023-12-06,AUROPHARMA,Aurobindo Pharma,EQ,INE406A01037,1031.3,1031.3,1009.4,1016.65,1017.15,1025.95,1959229,1997048084.55,68475,LEGACY
2023-12-06,BIOCON,Biocon,EQ,INE376G01013,243.5,244.45,240.0,240.4,240.7,243.1,2329446,562417514.0,19303,LEGACY
2023-12-06,CIPLA,Cipla,EQ,INE059A01026,1225.0,1229.85,1201.0,1205.2,1207.0,1224.45,1416770,1712332146.95,72777,LEGACY
2023-12-06,DIVISLAB,Divi's Laboratories,EQ,INE361B01024,3762.85,3781.6,3716.35,3734.45,3738.55,3741.15,298255,1116268149.85,39363,LEGACY
2023-12-06,DRREDDY,Dr. Reddy's Laboratories,EQ,INE089A01023,5796.0,5820.0,5708.05,5730.35,5740.0,5776.45,531941,3054616518.35,54717,LEGACY
2023-12-06,GLAND,Gland Pharma,EQ,INE068V01023,1814.95,1825.0,1735.0,1767.85,1774.0,1810.8,617042,1101718618.1,25848,LEGACY
2023-12-06,GLAXO,GlaxoSmithKline Pharmaceuticals,EQ,INE159A01016,1708.8,1715.0,1681.0,1686.35,1689.9,1691.7,140250,236761071.7,10557,LEGACY
2023-12-06,GLENMARK,Glenmark Pharmaceuticals,EQ,INE935A01035,780.0,819.0,778.8,806.5,804.1,779.05,1504305,1202838417.35,47952,LEGACY
2023-12-06,GRANULES,Granules India,EQ,INE101D01020,390.05,395.0,385.85,392.25,391.5,389.1,1427287,558057150.45,20667,LEGACY
2023-12-06,IPCALAB,IPCA Laboratories,EQ,INE571A01038,1147.0,1156.75,1120.35,1126.5,1126.0,1144.6,201245,228829641.2,20248,LEGACY
2023-12-06,JBCHEPHARM,JB Chemicals & Pharmaceuticals,EQ,INE572A01036,1474.95,1497.7,1469.95,1491.2,1485.55,1476.0,102647,152766298.25,15457,LEGACY
2023-12-06,LAURUSLABS,Laurus Labs,EQ,INE947Q01028,376.05,381.5,375.8,379.1,379.0,376.35,1332527,504426034.75,31531,LEGACY
2023-12-06,LUPIN,Lupin,EQ,INE326A01037,1258.2,1266.9,1238.65,1243.5,1244.0,1258.2,1449739,1809201803.8,42374,LEGACY
2023-12-06,MANKIND,Mankind Pharma,EQ,INE634S01028,1959.95,2016.8,1940.0,1949.8,1951.0,1949.7,277862,547611953.9,26618,LEGACY
2023-12-06,NATCOPHARM,Natco Pharma,EQ,INE987B01026,784.15,790.0,777.45,786.3,786.0,780.2,348929,273932834.85,16309,LEGACY
2023-12-06,PEL,Piramal Enterprises,EQ,INE140A01024,936.2,953.45,932.5,939.4,939.9,936.25,1089425,1025795113.65,36833,LEGACY
2023-12-06,PEL,Piramal Enterprises,N0,INE140A07757,1005.0,1005.0,1005.0,1005.0,1005.0,1005.0,59,59295.0,1,LEGACY
2023-12-06,PEL,Piramal Enterprises,N1,INE140A07740,999.0,1000.0,999.0,1000.0,1000.0,998.0,130,129965.0,3,LEGACY
2023-12-06,PFIZER,Pfizer,EQ,INE182A01018,4031.95,4058.0,3991.9,4040.05,4040.0,4031.9,110510,443849244.2,6486,LEGACY
2023-12-06,PPLPHARMA,Piramal Pharma,EQ,INE0DK501011,126.5,127.8,125.6,126.35,126.35,126.0,4277399,542076875.65,27757,LEGACY
2023-12-06,SANOFI,Sanofi India,EQ,INE058A01010,8216.45,8239.95,8167.55,8214.3,8173.0,8175.2,37016,304225921.45,3557,LEGACY
2023-12-06,STAR,Strides Pharma Science,EQ,INE939A01011,492.95,494.7,484.6,487.3,484.65,490.8,401943,196913391.25,9518,LEGACY
2023-12-06,SUNPHARMA,Sun Pharmaceutical Industries,EQ,INE044A01036,1248.55,1258.0,1233.3,1240.35,1240.7,1239.55,1704590,2122504763.15,74807,LEGACY
2023-12-06,TORNTPHARM,Torrent Pharmaceuticals,EQ,INE685A01028,2106.8,2125.0,2075.0,2079.95,2080.0,2100.0,183439,383608300.7,23143,LEGACY
2023-12-06,WOCKPHARMA,Wockhardt,EQ,INE049B01025,353.1,357.05,342.0,343.2,343.45,350.3,993549,345405712.05,16724,LEGACY
2023-12-06,ZYDUSLIFE,Zydus Lifesciences,EQ,INE010B01027,637.65,644.0,634.0,635.45,634.0,634.05,1501698,958463057.9,36604,LEGACY
2023-12-07,ABBOTINDIA,Abbott India,EQ,INE358A01014,23020.0,23271.75,22960.1,23073.4,23100.0,23078.05,22327,515118906.35,5630,LEGACY
2023-12-07,AJANTPHARM,Ajanta Pharma,EQ,INE031B01049,1935.25,1968.65,1935.25,1958.55,1958.0,1946.65,68749,134498007.9,5063,LEGACY
2023-12-07,ALKEM,Alkem Laboratories,EQ,INE540L01014,4712.15,4900.0,4701.9,4889.5,4866.7,4725.8,374821,1815663615.1,46895,LEGACY
2023-12-07,APLLTD,Alembic Pharmaceuticals,EQ,INE901L01018,762.15,771.4,762.15,768.1,769.0,765.25,84853,65173195.2,6457,LEGACY
2023-12-07,AUROPHARMA,Aurobindo Pharma,EQ,INE406A01037,1016.6,1029.4,1009.65,1023.95,1024.1,1016.65,2472883,2527497221.0,60361,LEGACY
2023-12-07,BIOCON,Biocon,EQ,INE376G01013,240.95,243.75,240.55,242.25,242.0,240.4,1857120,450337075.25,13676,LEGACY
2023-12-07,CIPLA,Cipla,EQ,INE059A01026,1206.0,1225.0,1197.0,1222.8,1223.95,1205.2,1269290,1546418296.75,66851,LEGACY
2023-12-07,DIVISLAB,Divi's Laboratories,EQ,INE361B01024,3734.45,3772.9,3724.0,3734.35,3735.0,3734.45,281509,1054110149.25,49962,LEGACY
2023-12-07,DRREDDY,Dr. Reddy's Laboratories,EQ,INE089A01023,5770.35,5849.9,5750.35,5785.1,5776.2,5730.35,758230,4400659989.5,81488,LEGACY
2023-12-07,GLAND,Gland Pharma,EQ,INE068V01023,1775.0,1784.35,1738.0,1763.2,1763.0,1767.85,204312,359727932.3,21346,LEGACY
2023-12-07,GLAXO,GlaxoSmithKline Pharmaceuticals,EQ,INE159A01016,1694.8,1710.0,1684.0,1688.85,1685.0,1686.35,161953,274178534.55,10738,LEGACY
2023-12-07,GLENMARK,Glenmark Pharmaceuticals,EQ,INE935A01035,809.6,825.0,803.95,821.9,822.0,806.5,1573712,1283412723.95,49937,LEGACY
2023-12-07,GRANULES,Granules India,EQ,INE101D01020,392.95,399.8,388.25,395.1,395.5,392.25,1145100,452312541.6,19941,LEGACY
2023-12-07,IPCALAB,IPCA Laboratories,EQ,INE571A01038,1126.5,1135.15,1109.95,1132.35,1131.5,1126.5,360818,404792049.3,25581,LEGACY
2023-12-07,JBCHEPHARM,JB Chemicals & Pharmaceuticals,EQ,INE572A01036,1498.95,1556.5,1479.95,1498.4,1486.55,1491.2,182265,276020200.35,23121,LEGACY
2023-12-07,LAURUSLABS,Laurus Labs,EQ,INE947Q01028,379.1,392.0,375.95,390.05,390.0,379.1,2452034,947707922.15,30753,LEGACY
2023-12-07,LUPIN,Lupin,EQ,INE326A01037,1246.05,1266.75,1245.45,1249.0,1250.95,1243.5,1598861,2005051098.15,68239,LEGACY
2023-12-07,MANKIND,Mankind Pharma,EQ,INE634S01028,1958.0,2010.0,1949.8,1992.25,1995.5,1949.8,180769,359533506.05,11735,LEGACY
2023-12-07,NATCOPHARM,Natco Pharma,EQ,INE987B01026,783.05,792.0,777.65,782.5,783.15,786.3,325808,256070029.7,14752,LEGACY
2023-12-07,PEL,Piramal Enterprises,EQ,INE140A01024,939.4,944.0,914.45,925.9,926.2,939.4,1509864,1404135517.8,44886,LEGACY
2023-12-07,PEL,Piramal Enterprises,N0,INE140A07757,1005.0,1005.0,1005.0,1005.0,1005.0,1005.0,500,502500.0,1,LEGACY
2023-12-07,PEL,Piramal Enterprises,N1,INE140A07740,1001.99,1002.99,1001.99,1001.99,1001.99,1000.0,130,130268.7,6,LEGACY
2023-12-07,PEL,Piramal Enterprises,N3,INE140A07773,1000.0,1005.0,1000.0,1005.0,1005.0,1000.0,11,11005.0,3,LEGACY
2023-12-07,PFIZER,Pfizer,EQ,INE182A01018,4050.0,4059.0,4010.5,4043.5,4052.6,4040.05,10944,44176711.7,2313,LEGACY
2023-12-07,PPLPHARMA,Piramal Pharma,EQ,INE0DK501011,126.45,128.3,125.15,126.4,126.75,126.35,4684044,595360860.9,19553,LEGACY
2023-12-07,SANOFI,Sanofi India,EQ,INE058A01010,8230.0,8231.05,8106.2,8205.95,8205.0,8214.3,11485,93719518.1,3080,LEGACY
2023-12-07,STAR,Strides Pharma Science,EQ,INE939A01011,487.3,498.95,482.0,486.15,485.0,487.3,408964,200529897.0,11633,LEGACY
2023-12-07,SUNPHARMA,Sun Pharmaceutical Industries,EQ,INE044A01036,1231.0,1241.9,1228.9,1239.3,1240.0,1240.35,1478355,1825922370.5,114813,LEGACY
2023-12-07,TORNTPHARM,Torrent Pharmaceuticals,EQ,INE685A01028,2085.4,2107.95,2074.5,2100.55,2100.0,2079.95,145283,304161476.55,14583,LEGACY
2023-12-07,WOCKPHARMA,Wockhardt,EQ,INE049B01025,342.9,349.5,338.0,341.9,340.85,343.2,864089,297464552.85,17993,LEGACY
2023-12-07,ZYDUSLIFE,Zydus Lifesciences,EQ,INE010B01027,639.2,659.6,634.9,657.95,659.0,635.45,2533954,1649110683.7,60591,LEGACY
2023-12-08,ABBOTINDIA,Abbott India,EQ,INE358A01014,23139.95,23150.0,22728.65,22858.0,22899.9,23073.4,8428,192972192.8,3700,LEGACY
2023-12-08,AJANTPHARM,Ajanta Pharma,EQ,INE031B01049,1955.0,1956.25,1910.1,1926.95,1925.0,1958.55,144173,279098034.9,6776,LEGACY
2023-12-08,ALKEM,Alkem Laboratories,EQ,INE540L01014,4875.0,4897.8,4750.6,4796.05,4799.0,4889.5,305427,1466900196.65,57568,LEGACY
2023-12-08,APLLTD,Alembic Pharmaceuticals,EQ,INE901L01018,771.9,795.95,765.05,773.6,772.35,768.1,186925,146001663.75,12179,LEGACY
2023-12-08,AUROPHARMA,Aurobindo Pharma,EQ,INE406A01037,1033.75,1033.75,1004.55,1017.4,1018.0,1023.95,979442,996586196.6,32908,LEGACY
2023-12-08,BIOCON,Biocon,EQ,INE376G01013,242.6,243.8,236.9,239.0,239.0,242.25,2350010,562775311.35,17936,LEGACY
2023-12-08,CIPLA,Cipla,EQ,INE059A01026,1225.0,1231.2,1204.0,1219.1,1219.0,1222.8,1453955,1767822679.5,121005,LEGACY
2023-12-08,DIVISLAB,Divi's Laboratories,EQ,INE361B01024,3739.0,3747.45,3662.4,3681.75,3680.0,3734.35,455037,1677966934.1,50299,LEGACY
2023-12-08,DRREDDY,Dr. Reddy's Laboratories,EQ,INE089A01023,5784.85,5784.85,5712.0,5763.9,5768.0,5785.1,228505,1314568708.1,26221,LEGACY
2023-12-08,GLAND,Gland Pharma,EQ,INE068V01023,1770.0,1793.4,1752.1,1777.75,1771.0,1763.2,300130,534648426.85,29026,LEGACY
2023-12-08,GLAXO,GlaxoSmithKline Pharmaceuticals,EQ,INE159A01016,1705.0,1713.95,1682.05,1690.1,1688.0,1688.85,110263,186812017.45,8673,LEGACY
2023-12-08,GLENMARK,Glenmark Pharmaceuticals,EQ,INE935A01035,825.0,827.0,787.1,795.95,797.1,821.9,2402310,1926676525.6,49405,LEGACY
2023-12-08,GRANULES,Granules India,EQ,INE101D01020,397.5,399.55,384.5,388.45,387.65,395.1,801967,313365963.7,13583,LEGACY
2023-12-08,IPCALAB,IPCA Laboratories,EQ,INE571A01038,1136.0,1138.7,1108.2,1119.3,1117.95,1132.35,242631,271901595.85,12899,LEGACY
2023-12-08,JBCHEPHARM,JB Chemicals & Pharmaceuticals,EQ,INE572A01036,1506.05,1516.05,1441.0,1452.8,1457.5,1498.4,105318,155182876.75,12881,LEGACY
2023-12-08,LAURUSLABS,Laurus Labs,EQ,INE947Q01028,393.0,396.3,381.5,383.65,384.95,390.05,3322977,1295831762.95,39624,LEGACY
2023-12-08,LUPIN,Lupin,EQ,INE326A01037,1251.2,1256.0,1230.6,1239.35,1239.5,1249.0,560463,694160770.65,34187,LEGACY
2023-12-08,MANKIND,Mankind Pharma,EQ,INE634S01028,2008.95,2016.05,1945.0,1952.85,1958.0,1992.25,100528,198762363.0,12987,LEGACY
2023-12-08,NATCOPHARM,Natco Pharma,EQ,INE987B01026,782.35,789.7,776.95,780.25,780.5,782.5,310653,242868688.4,13961,LEGACY
2023-12-08,PEL,Piramal Enterprises,EQ,INE140A01024,931.5,931.5,911.5,918.9,918.0,925.9,802166,738783331.9,30362,LEGACY
2023-12-08,PEL,Piramal Enterprises,N2,INE140A07765,1000.0,1000.0,1000.0,1000.0,1000.0,1003.0,5,5000.0,1,LEGACY
2023-12-08,PEL,Piramal Enterprises,N3,INE140A07773,1005.0,1005.0,1005.0,1005.0,1005.0,1005.0,8,8040.0,2,LEGACY
2023-12-08,PFIZER,Pfizer,EQ,INE182A01018,4050.0,4091.05,4050.0,4080.6,4084.0,4043.5,16224,66100177.6,2703,LEGACY
2023-12-08,PPLPHARMA,Piramal Pharma,EQ,INE0DK501011,126.1,129.25,125.9,126.75,126.55,126.4,5295295,675067298.7,46127,LEGACY
2023-12-08,SANOFI,Sanofi India,EQ,INE058A01010,8200.0,8280.0,8101.05,8130.2,8111.0,8205.95,9888,81164061.45,2961,LEGACY
2023-12-08,STAR,Strides Pharma Science,EQ,INE939A01011,487.8,514.75,486.5,512.25,514.0,486.15,1804295,909396906.35,34981,LEGACY
2023-12-08,SUNPHARMA,Sun Pharmaceutical Industries,EQ,INE044A01036,1236.05,1247.6,1230.65,1235.8,1234.9,1239.3,1612113,1997155518.75,97907,LEGACY
2023-12-08,TORNTPHARM,Torrent Pharmaceuticals,EQ,INE685A01028,2099.5,2103.9,2044.15,2053.45,2059.0,2100.55,221098,456522973.3,22166,LEGACY
2023-12-08,WOCKPHARMA,Wockhardt,EQ,INE049B01025,343.6,346.7,326.35,335.85,337.05,341.9,953385,320870637.1,23020,LEGACY
2023-12-08,ZYDUSLIFE,Zydus Lifesciences,EQ,INE010B01027,661.3,664.95,630.85,638.55,639.8,657.95,2333950,1508747448.3,58606,LEGACY
2023-12-11,ABBOTINDIA,Abbott India,EQ,INE358A01014,22984.05,23095.0,22690.05,23046.55,23060.0,22858.0,13002,298449370.65,5519,LEGACY
2023-12-11,AJANTPHARM,Ajanta Pharma,EQ,INE031B01049,1926.95,1930.95,1875.85,1887.0,1885.0,1926.95,183358,346781302.4,15808,LEGACY
2023-12-11,ALKEM,Alkem Laboratories,EQ,INE540L01014,4795.95,4795.95,4681.9,4725.25,4739.0,4796.05,240894,1135830654.4,34384,LEGACY
2023-12-11,APLLTD,Alembic Pharmaceuticals,EQ,INE901L01018,775.0,777.75,762.5,766.2,764.5,773.6,69521,53298758.35,5821,LEGACY
2023-12-11,AUROPHARMA,Aurobindo Pharma,EQ,INE406A01037,1015.0,1016.0,996.3,1004.45,1004.4,1017.4,2556055,2567215926.55,55850,LEGACY
2023-12-11,BIOCON,Biocon,EQ,INE376G01013,239.8,240.55,237.65,240.05,240.0,239.0,1612669,386443678.25,16973,LEGACY
2023-12-11,CIPLA,Cipla,EQ,INE059A01026,1217.6,1218.95,1195.05,1202.3,1204.0,1219.1,1565455,1881555307.65,53005,LEGACY
2023-12-11,DIVISLAB,Divi's Laboratories,EQ,INE361B01024,3679.0,3693.55,3641.75,3670.5,3668.0,3681.75,247368,907299422.5,34446,LEGACY
2023-12-11,DRREDDY,Dr. Reddy's Laboratories,EQ,INE089A01023,5500.0,5578.0,5370.0,5473.5,5475.7,5763.9,1898630,10339077438.45,166581,LEGACY
2023-12-11,GLAND,Gland Pharma,EQ,INE068V01023,1779.95,1807.2,1756.55,1800.95,1803.0,1777.75,297589,534302480.4,17458,LEGACY
2023-12-11,GLAXO,GlaxoSmithKline Pharmaceuticals,EQ,INE159A01016,1693.0,1697.95,1673.95,1679.85,1679.95,1690.1,58764,98762700.0,5662,LEGACY
2023-12-11,GLENMARK,Glenmark Pharmaceuticals,EQ,INE935A01035,800.0,830.95,791.75,819.1,819.4,795.95,2857825,2347194597.1,62924,LEGACY
2023-12-11,GRANULES,Granules India,EQ,INE101D01020,388.0,388.0,383.45,385.35,383.7,388.45,661312,254960554.9,11035,LEGACY
2023-12-11,IPCALAB,IPCA Laboratories,EQ,INE571A01038,1119.9,1125.7,1104.8,1108.85,1109.25,1119.3,120663,134271139.75,10812,LEGACY
2023-12-11,JBCHEPHARM,JB Chemicals & Pharmaceuticals,EQ,INE572A01036,1469.7,1470.0,1436.0,1460.0,1454.3,1452.8,192648,280353109.6,12802,LEGACY
2023-12-11,LAURUSLABS,Laurus Labs,EQ,INE947Q01028,385.0,393.9,381.95,390.75,390.9,383.65,1911692,745492669.1,38909,LEGACY
2023-12-11,LUPIN,Lupin,EQ,INE326A01037,1239.5,1247.2,1224.05,1229.65,1229.2,1239.35,621598,766382174.55,38181,LEGACY
2023-12-11,MANKIND,Mankind Pharma,EQ,INE634S01028,1957.95,1957.95,1906.05,1920.05,1920.05,1952.85,225223,432496198.4,13524,LEGACY
2023-12-11,NATCOPHARM,Natco Pharma,EQ,INE987B01026,782.6,784.75,771.0,772.55,774.4,780.25,289577,224890735.65,17956,LEGACY
2023-12-11,PEL,Piramal Enterprises,EQ,INE140A01024,920.1,929.1,909.0,910.6,911.5,918.9,822597,755822018.6,39052,LEGACY
2023-12-11,PEL,Piramal Enterprises,N1,INE140A07740,1001.25,1001.25,1000.0,1000.0,1000.0,1001.99,140,140145.0,5,LEGACY
2023-12-11,PEL,Piramal Enterprises,N3,INE140A07773,1000.0,1005.0,1000.0,1002.42,1000.0,1005.0,210,210500.0,5,LEGACY
2023-12-11,PFIZER,Pfizer,EQ,INE182A01018,4096.0,4096.0,4060.6,4089.4,4093.0,4080.6,11556,47201766.0,2441,LEGACY
2023-12-11,PPLPHARMA,Piramal Pharma,EQ,INE0DK501011,127.05,131.85,125.25,127.4,127.75,126.75,18623248,2385532585.05,60548,LEGACY
2023-12-11,SANOFI,Sanofi India,EQ,INE058A01010,8160.0,8220.0,8060.0,8153.3,8200.0,8130.2,9128,74157033.7,2864,LEGACY
2023-12-11,STAR,Strides Pharma Science,EQ,INE939A01011,516.3,562.7,512.75,537.7,536.1,512.25,4950261,2699213782.0,124719,LEGACY
2023-12-11,SUNPHARMA,Sun Pharmaceutical Industries,EQ,INE044A01036,1236.0,1246.35,1215.1,1241.4,1235.3,1235.8,1172972,1449320748.2,78685,LEGACY
2023-12-11,TORNTPHARM,Torrent Pharmaceuticals,EQ,INE685A01028,2058.8,2080.0,2037.7,2078.35,2071.5,2053.45,254019,524496993.7,24267,LEGACY
2023-12-11,WOCKPHARMA,Wockhardt,EQ,INE049B01025,335.9,399.0,335.9,383.5,384.0,335.85,11954810,4556285697.3,155798,LEGACY
2023-12-11,ZYDUSLIFE,Zydus Lifesciences,EQ,INE010B01027,644.45,645.3,632.0,633.6,633.0,638.55,1399797,891354585.15,51512,LEGACY
2023-12-12,ABBOTINDIA,Abbott India,EQ,INE358A01014,23046.55,23165.9,22760.5,22825.0,22887.75,23046.55,12943,296656250.65,5168,LEGACY
2023-12-12,AJANTPHARM,Ajanta Pharma,EQ,INE031B01049,1896.9,1905.0,1870.55,1888.6,1890.0,1887.0,64460,121581055.15,14413,LEGACY
2023-12-12,ALKEM,Alkem Laboratories,EQ,INE540L01014,4734.8,4813.35,4726.0,4795.2,4805.0,4725.25,261701,1249023254.8,34371,LEGACY
2023-12-12,APLLTD,Alembic Pharmaceuticals,EQ,INE901L01018,766.35,771.45,750.15,752.65,753.5,766.2,120247,91028168.1,13606,LEGACY
2023-12-12,AUROPHARMA,Aurobindo Pharma,EQ,INE406A01037,1005.0,1022.95,1001.55,1011.3,1013.2,1004.45,2407714,2443240553.55,61013,LEGACY
2023-12-12,BIOCON,Biocon,EQ,INE376G01013,240.45,243.0,238.25,238.65,238.55,240.05,1455169,350301272.15,13789,LEGACY
2023-12-12,CIPLA,Cipla,EQ,INE059A01026,1210.6,1214.25,1195.2,1198.65,1198.0,1202.3,899911,1082238214.8,50796,LEGACY
2023-12-12,DIVISLAB,Divi's Laboratories,EQ,INE361B01024,3670.5,3694.95,3631.0,3647.6,3651.0,3670.5,188686,691160494.85,29738,LEGACY
2023-12-12,DRREDDY,Dr. Reddy's Laboratories,EQ,INE089A01023,5500.0,5634.8,5477.4,5540.35,5541.0,5473.5,856305,4758736947.2,85169,LEGACY
2023-12-12,GLAND,Gland Pharma,EQ,INE068V01023,1828.0,1839.9,1800.95,1810.2,1818.5,1800.95,478889,870030454.65,40287,LEGACY
2023-12-12,GLAXO,GlaxoSmithKline Pharmaceuticals,EQ,INE159A01016,1682.0,1697.0,1661.35,1676.8,1675.0,1679.85,72890,122015782.15,7816,LEGACY
2023-12-12,GLENMARK,Glenmark Pharmaceuticals,EQ,INE935A01035,822.8,825.0,790.4,797.35,799.15,819.1,1337480,1078119537.3,48248,LEGACY
2023-12-12,GRANULES,Granules India,EQ,INE101D01020,387.0,393.35,384.75,388.35,389.0,385.35,1265610,493340181.8,19890,LEGACY
2023-12-12,IPCALAB,IPCA Laboratories,EQ,INE571A01038,1114.9,1114.9,1087.35,1091.55,1089.05,1108.85,131343,144343141.8,11723,LEGACY
2023-12-12,JBCHEPHARM,JB Chemicals & Pharmaceuticals,EQ,INE572A01036,1471.7,1480.5,1437.0,1457.8,1459.55,1460.0,203660,297358142.6,14282,LEGACY
2023-12-12,LAURUSLABS,Laurus Labs,EQ,INE947Q01028,394.9,397.0,387.2,388.25,390.15,390.75,1856834,730237446.7,29349,LEGACY
2023-12-12,LUPIN,Lupin,EQ,INE326A01037,1234.65,1250.9,1228.45,1240.15,1242.0,1229.65,1159956,1442908937.45,33898,LEGACY
2023-12-12,MANKIND,Mankind Pharma,EQ,INE634S01028,1847.0,2039.1,1827.5,1853.1,1850.0,1920.05,26919105,49552694203.9,202080,LEGACY
2023-12-12,NATCOPHARM,Natco Pharma,EQ,INE987B01026,775.2,776.2,752.45,756.3,757.0,772.55,771100,586091536.45,40041,LEGACY
2023-12-12,PEL,Piramal Enterprises,EQ,INE140A01024,910.0,921.55,887.05,889.85,888.8,910.6,1350616,1218734829.7,54653,LEGACY
2023-12-12,PEL,Piramal Enterprises,N0,INE140A07757,1005.0,1005.0,1005.0,1005.0,1005.0,1005.0,5,5025.0,1,LEGACY
2023-12-12,PEL,Piramal Enterprises,N1,INE140A07740,1005.0,1005.0,1004.0,1004.8,1004.8,1000.0,1175,1180667.5,6,LEGACY
2023-12-12,PEL,Piramal Enterprises,N3,INE140A07773,1000.0,1000.0,1000.0,1000.0,1000.0,1002.42,294,294000.0,6,LEGACY
2023-12-12,PFIZER,Pfizer,EQ,INE182A01018,4098.8,4105.0,4044.9,4095.35,4103.0,4089.4,16762,68547990.8,4008,LEGACY
2023-12-12,PPLPHARMA,Piramal Pharma,EQ,INE0DK501011,129.0,130.8,126.8,127.2,127.15,127.4,5246709,674963259.85,43475,LEGACY
2023-12-12,SANOFI,Sanofi India,EQ,INE058A01010,8153.35,8223.2,8090.0,8111.9,8129.4,8153.3,31331,256926439.55,2824,LEGACY
2023-12-12,STAR,Strides Pharma Science,EQ,INE939A01011,540.0,552.9,532.65,546.9,546.0,537.7,1178906,639816411.65,28945,LEGACY
2023-12-12,SUNPHARMA,Sun Pharmaceutical Industries,EQ,INE044A01036,1249.0,1250.0,1212.65,1218.0,1217.05,1241.4,2832873,3473077235.5,147237,LEGACY
2023-12-12,TORNTPHARM,Torrent Pharmaceuticals,EQ,INE685A01028,2070.0,2097.0,2032.0,2048.0,2036.25,2078.35,279183,575830626.8,33577,LEGACY
2023-12-12,WOCKPHARMA,Wockhardt,EQ,INE049B01025,385.15,408.8,381.0,399.15,398.9,383.5,7233093,2873347054.25,103872,LEGACY
2023-12-12,ZYDUSLIFE,Zydus Lifesciences,EQ,INE010B01027,636.8,640.3,633.6,635.4,635.5,633.6,1109868,705985644.5,31297,LEGACY
2023-12-13,ABBOTINDIA,Abbott India,EQ,INE358A01014,22825.0,22948.0,22722.1,22780.85,22924.0,22825.0,8835,201457644.3,2122,LEGACY
2023-12-13,AJANTPHARM,Ajanta Pharma,EQ,INE031B01049,1898.6,1923.95,1872.4,1902.2,1899.0,1888.6,29992,57179118.4,5741,LEGACY
2023-12-13,ALKEM,Alkem Laboratories,EQ,INE540L01014,4805.0,4900.0,4780.1,4885.35,4900.0,4795.2,313944,1521838343.9,38974,LEGACY
2023-12-13,APLLTD,Alembic Pharmaceuticals,EQ,INE901L01018,755.25,761.35,751.7,754.9,758.95,752.65,33773,25535190.05,4766,LEGACY
2023-12-13,AUROPHARMA,Aurobindo Pharma,EQ,INE406A01037,1014.7,1041.0,1010.3,1035.85,1037.0,1011.3,2340828,2419099917.7,78657,LEGACY
2023-12-13,BIOCON,Biocon,EQ,INE376G01013,239.8,250.0,239.0,249.3,248.7,238.65,4745442,1168805968.9,34450,LEGACY
2023-12-13,CIPLA,Cipla,EQ,INE059A01026,1198.65,1217.95,1195.2,1216.5,1213.0,1198.65,1809563,2188676331.8,52220,LEGACY
2023-12-13,DIVISLAB,Divi's Laboratories,EQ,INE361B01024,3669.8,3676.0,3612.0,3656.0,3666.15,3647.6,355453,1294868510.45,51986,LEGACY
2023-12-13,DRREDDY,Dr. Reddy's Laboratories,EQ,INE089A01023,5564.45,5610.0,5530.35,5598.65,5587.6,5540.35,622395,3471878569.9,75295,LEGACY
2023-12-13,GLAND,Gland Pharma,EQ,INE068V01023,1829.95,1829.95,1796.7,1803.7,1802.2,1810.2,126283,227642047.8,9096,LEGACY
2023-12-13,GLAXO,GlaxoSmithKline Pharmaceuticals,EQ,INE159A01016,1693.55,1747.0,1667.05,1732.95,1731.5,1676.8,244835,419395653.6,15655,LEGACY
2023-12-13,GLENMARK,Glenmark Pharmaceuticals,EQ,INE935A01035,806.05,815.75,801.0,812.35,809.25,797.35,782180,633302025.85,24805,LEGACY
2023-12-13,GRANULES,Granules India,EQ,INE101D01020,390.3,391.35,382.55,384.8,385.15,388.35,885312,341414870.75,18031,LEGACY
2023-12-13,IPCALAB,IPCA Laboratories,EQ,INE571A01038,1083.1,1120.5,1083.1,1099.45,1096.9,1091.55,231051,255234128.85,17036,LEGACY
2023-12-13,JBCHEPHARM,JB Chemicals & Pharmaceuticals,EQ,INE572A01036,1458.0,1465.1,1436.0,1451.9,1449.8,1457.8,127008,183701674.6,15694,LEGACY
2023-12-13,LAURUSLABS,Laurus Labs,EQ,INE947Q01028,376.05,384.5,373.1,381.35,381.6,388.25,2574239,975689789.55,36143,LEGACY
2023-12-13,LUPIN,Lupin,EQ,INE326A01037,1244.65,1256.0,1234.9,1251.9,1251.7,1240.15,718971,898212991.7,32931,LEGACY
2023-12-13,MANKIND,Mankind Pharma,EQ,INE634S01028,1854.8,1879.0,1848.05,1858.05,1853.4,1853.1,1431718,2663729549.65,66489,LEGACY
2023-12-13,NATCOPHARM,Natco Pharma,EQ,INE987B01026,764.55,767.3,754.25,758.8,762.35,756.3,454187,345049628.7,27160,LEGACY
2023-12-13,PEL,Piramal Enterprises,EQ,INE140A01024,894.2,914.95,890.05,913.35,912.95,889.85,1113635,1008320384.65,52367,LEGACY
2023-12-13,PEL,Piramal Enterprises,N0,INE140A07757,1007.0,1007.0,1004.0,1007.0,1007.0,1005.0,1508,1518529.0,6,LEGACY
2023-12-13,PEL,Piramal Enterprises,N1,INE140A07740,1004.4,1004.4,1004.0,1004.0,1004.0,1004.8,165,165686.0,3,LEGACY
2023-12-13,PEL,Piramal Enterprises,N3,INE140A07773,1006.99,1006.99,1000.01,1006.99,1006.99,1000.0,605,609198.0,6,LEGACY
2023-12-13,PFIZER,Pfizer,EQ,INE182A01018,4115.0,4121.3,4050.7,4097.6,4102.0,4095.35,11264,46072099.1,3356,LEGACY
2023-12-13,PPLPHARMA,Piramal Pharma,EQ,INE0DK501011,127.45,128.05,125.7,126.55,126.55,127.2,3297294,418259147.15,19075,LEGACY
2023-12-13,SANOFI,Sanofi India,EQ,INE058A01010,8140.0,8199.0,8092.0,8178.4,8195.0,8111.9,40171,327682502.25,3219,LEGACY
2023-12-13,STAR,Strides Pharma Science,EQ,INE939A01011,550.1,588.7,548.75,583.2,583.0,546.9,3493723,1990136380.15,61815,LEGACY
2023-12-13,SUNPHARMA,Sun Pharmaceutical Industries,EQ,INE044A01036,1218.3,1239.6,1212.65,1233.1,1232.15,1218.0,2448178,2993454444.25,95968,LEGACY
2023-12-13,TORNTPHARM,Torrent Pharmaceuticals,EQ,INE685A01028,2046.1,2086.55,2025.7,2079.1,2075.0,2048.0,267134,550027933.65,25882,LEGACY
2023-12-13,WOCKPHARMA,Wockhardt,EQ,INE049B01025,400.0,417.8,392.85,404.3,404.0,399.15,4031117,1639504794.8,58287,LEGACY
2023-12-13,ZYDUSLIFE,Zydus Lifesciences,EQ,INE010B01027,635.0,648.6,633.3,642.4,640.25,635.4,1415919,908976079.5,31940,LEGACY
2023-12-14,ABBOTINDIA,Abbott India,EQ,INE358A01014,22870.0,22906.15,22502.05,22742.0,22800.0,22780.85,12923,293101026.75,4790,LEGACY
2023-12-14,AJANTPHARM,Ajanta Pharma,EQ,INE031B01049,1912.55,1918.15,1872.5,1879.0,1878.0,1902.2,45209,85587374.25,9820,LEGACY
2023-12-14,ALKEM,Alkem Laboratories,EQ,INE540L01014,4900.0,4925.0,4848.0,4857.2,4860.1,4885.35,301947,1474259568.95,19418,LEGACY
2023-12-14,APLLTD,Alembic Pharmaceuticals,EQ,INE901L01018,760.0,762.0,751.0,755.3,755.0,754.9,51789,39122425.15,4855,LEGACY
2023-12-14,AUROPHARMA,Aurobindo Pharma,EQ,INE406A01037,1038.25,1049.8,1029.0,1045.35,1046.0,1035.85,1361652,1413839298.05,39822,LEGACY
2023-12-14,BIOCON,Biocon,EQ,INE376G01013,251.65,251.65,246.9,248.05,248.9,249.3,7398830,1839817014.4,34993,LEGACY
2023-12-14,CIPLA,Cipla,EQ,INE059A01026,1219.05,1222.55,1201.1,1204.65,1205.0,1216.5,1809248,2186425633.0,67310,LEGACY
2023-12-14,DIVISLAB,Divi's Laboratories,EQ,INE361B01024,3663.9,3703.95,3641.0,3683.2,3680.05,3656.0,448099,1648168629.7,70150,LEGACY
2023-12-14,DRREDDY,Dr. Reddy's Laboratories,EQ,INE089A01023,5611.85,5626.6,5567.9,5573.35,5579.0,5598.65,632912,3541650552.6,75543,LEGACY
2023-12-14,GLAND,Gland Pharma,EQ,INE068V01023,1811.95,1857.5,1796.25,1829.55,1831.3,1803.7,371139,679308902.15,18585,LEGACY
2023-12-14,GLAXO,GlaxoSmithKline Pharmaceuticals,EQ,INE159A01016,1740.95,1770.0,1740.1,1746.1,1752.3,1732.95,256509,450738256.15,16257,LEGACY
2023-12-14,GLENMARK,Glenmark Pharmaceuticals,EQ,INE935A01035,813.15,831.0,812.1,829.05,827.15,812.35,964081,791728770.7,33865,LEGACY
2023-12-14,GRANULES,Granules India,EQ,INE101D01020,387.0,390.0,383.95,386.6,387.2,384.8,704503,272263913.5,10972,LEGACY
2023-12-14,IPCALAB,IPCA Laboratories,EQ,INE571A01038,1111.0,1111.2,1096.45,1104.4,1102.25,1099.45,467652,516263167.45,27225,LEGACY
2023-12-14,JBCHEPHARM,JB Chemicals & Pharmaceuticals,EQ,INE572A01036,1452.0,1459.2,1415.0,1419.15,1421.0,1451.9,95779,137030283.15,12044,LEGACY
2023-12-14,LAURUSLABS,Laurus Labs,EQ,INE947Q01028,383.85,388.5,381.2,385.55,386.0,381.35,1230066,473259792.35,19691,LEGACY
2023-12-14,LUPIN,Lupin,EQ,INE326A01037,1252.0,1261.4,1242.0,1256.35,1253.45,1251.9,760814,950873734.9,28037,LEGACY
2023-12-14,MANKIND,Mankind Pharma,EQ,INE634S01028,1851.0,1900.0,1821.0,1888.6,1871.0,1858.05,1544597,2886353651.7,80939,LEGACY
2023-12-14,NATCOPHARM,Natco Pharma,EQ,INE987B01026,768.0,769.9,761.25,765.15,765.3,758.8,436386,333905107.3,19689,LEGACY
2023-12-14,PEL,Piramal Enterprises,EQ,INE140A01024,925.0,961.45,920.0,942.85,952.6,913.35,4368243,4125287946.6,90426,LEGACY
2023-12-14,PEL,Piramal Enterprises,N0,INE140A07757,1007.0,1007.0,995.0,1007.0,1007.0,1007.0,76,76172.0,14,LEGACY
2023-12-14,PEL,Piramal Enterprises,N1,INE140A07740,1002.0,1004.0,1002.0,1003.95,1003.95,1004.0,475,476698.75,8,LEGACY
2023-12-14,PEL,Piramal Enterprises,N2,INE140A07765,1002.0,1002.0,1002.0,1002.0,1002.0,1000.0,90,90180.0,2,LEGACY
2023-12-14,PEL,Piramal Enterprises,N3,INE140A07773,1010.0,1010.0,1010.0,1010.0,1010.0,1006.99,535,540350.0,3,LEGACY
2023-12-14,PFIZER,Pfizer,EQ,INE182A01018,4100.0,4175.45,4093.5,4158.95,4166.0,4097.6,80631,333951468.6,8549,LEGACY
2023-12-14,PPLPHARMA,Piramal Pharma,EQ,INE0DK501011,128.0,130.2,127.2,128.7,128.6,126.55,8946285,1154601107.6,30348,LEGACY
2023-12-14,SANOFI,Sanofi India,EQ,INE058A01010,8220.3,8230.0,8057.15,8084.55,8090.0,8178.4,7368,59892281.55,2792,LEGACY
2023-12-14,STAR,Strides Pharma Science,EQ,INE939A01011,585.1,591.9,578.1,587.3,584.5,583.2,989326,579077964.05,23908,LEGACY
2023-12-14,SUNPHARMA,Sun Pharmaceutical Industries,EQ,INE044A01036,1239.0,1239.9,1224.25,1231.3,1234.0,1233.1,2341190,2883678714.9,156357,LEGACY
2023-12-14,TORNTPHARM,Torrent Pharmaceuticals,EQ,INE685A01028,2085.0,2110.0,2073.45,2103.4,2107.0,2079.1,183980,385755965.1,25414,LEGACY
2023-12-14,WOCKPHARMA,Wockhardt,EQ,INE049B01025,405.0,409.85,398.55,405.9,406.75,404.3,2006681,810799991.05,30186,LEGACY
2023-12-14,ZYDUSLIFE,Zydus Lifesciences,EQ,INE010B01027,647.0,650.0,640.95,643.8,646.0,642.4,1194291,769729673.85,22154,LEGACY
2023-12-15,ABBOTINDIA,Abbott India,EQ,INE358A01014,22742.0,22841.05,22610.0,22694.8,22689.0,22742.0,11975,271811755.6,3520,LEGACY
2023-12-15,AJANTPHARM,Ajanta Pharma,EQ,INE031B01049,1884.0,1909.0,1862.0,1897.5,1872.15,1879.0,67020,126402496.15,10511,LEGACY
2023-12-15,ALKEM,Alkem Laboratories,EQ,INE540L01014,4880.8,5009.85,4791.55,4919.35,4943.4,4857.2,1925737,9473877418.1,59589,LEGACY
2023-12-15,APLLTD,Alembic Pharmaceuticals,EQ,INE901L01018,760.0,770.0,760.0,767.2,765.0,755.3,98000,74972587.5,8649,LEGACY
2023-12-15,AUROPHARMA,Aurobindo Pharma,EQ,INE406A01037,1050.1,1050.35,1023.1,1026.4,1031.65,1045.35,1906773,1969701811.95,37529,LEGACY
2023-12-15,BIOCON,Biocon,EQ,INE376G01013,254.95,254.95,249.25,251.7,251.2,248.05,6815893,1714033934.55,36632,LEGACY
2023-12-15,CIPLA,Cipla,EQ,INE059A01026,1215.0,1217.6,1202.85,1207.1,1205.15,1204.65,1976112,2390958535.4,64673,LEGACY
2023-12-15,DIVISLAB,Divi's Laboratories,EQ,INE361B01024,3700.0,3720.3,3679.05,3697.05,3706.0,3683.2,338280,1250879895.1,46274,LEGACY
2023-12-15,DRREDDY,Dr. Reddy's Laboratories,EQ,INE089A01023,5600.0,5615.0,5542.0,5589.45,5603.8,5573.35,727244,4057692716.8,51573,LEGACY
2023-12-15,GLAND,Gland Pharma,EQ,INE068V01023,1846.0,1846.0,1790.05,1811.9,1816.0,1829.55,112997,204527750.25,12270,LEGACY
2023-12-15,GLAXO,GlaxoSmithKline Pharmaceuticals,EQ,INE159A01016,1746.1,1778.95,1746.05,1773.9,1773.25,1746.1,211596,375235508.75,16709,LEGACY
2023-12-15,GLENMARK,Glenmark Pharmaceuticals,EQ,INE935A01035,830.0,834.9,818.0,824.0,825.5,829.05,850025,701203828.45,29721,LEGACY
2023-12-15,GRANULES,Granules India,EQ,INE101D01020,387.0,395.55,387.0,388.7,390.4,386.6,953670,372575790.45,13676,LEGACY
2023-12-15,IPCALAB,IPCA Laboratories,EQ,INE571A01038,1109.65,1120.4,1092.45,1114.35,1117.0,1104.4,352260,390568750.45,20492,LEGACY
2023-12-15,JBCHEPHARM,JB Chemicals & Pharmaceuticals,EQ,INE572A01036,1435.0,1447.45,1412.55,1419.85,1420.0,1419.15,114051,162408112.3,13339,LEGACY
2023-12-15,LAURUSLABS,Laurus Labs,EQ,INE947Q01028,386.0,388.8,384.0,385.7,386.4,385.55,863806,333782168.25,14466,LEGACY
2023-12-15,LUPIN,Lupin,EQ,INE326A01037,1260.0,1265.15,1243.0,1246.1,1250.0,1256.35,798901,999292377.75,37836,LEGACY
2023-12-15,MANKIND,Mankind Pharma,EQ,INE634S01028,1896.9,1936.6,1842.0,1892.95,1930.0,1888.6,4577479,8646986019.05,97717,LEGACY
2023-12-15,NATCOPHARM,Natco Pharma,EQ,INE987B01026,769.2,777.95,768.0,775.35,775.5,765.15,389438,301120202.75,20947,LEGACY
2023-12-15,PEL,Piramal Enterprises,EQ,INE140A01024,952.6,976.65,952.35,969.3,968.0,942.85,3527415,3409818302.55,91060,LEGACY
2023-12-15,PEL,Piramal Enterprises,N0,INE140A07757,985.01,1008.0,985.0,986.0,986.0,1007.0,47,46586.16,9,LEGACY
2023-12-15,PEL,Piramal Enterprises,N1,INE140A07740,998.1,1005.0,983.87,1003.8,1003.8,1003.95,4326,4306330.5,17,LEGACY
2023-12-15,PEL,Piramal Enterprises,N2,INE140A07765,1002.0,1002.0,1002.0,1002.0,1002.0,1002.0,204,204408.0,4,LEGACY
2023-12-15,PEL,Piramal Enterprises,N3,INE140A07773,1010.0,1010.0,1010.0,1010.0,1010.0,1010.0,1144,1155440.0,7,LEGACY
2023-12-15,PFIZER,Pfizer,EQ,INE182A01018,4160.05,4215.05,4125.0,4199.65,4206.5,4158.95,22885,95730462.25,4682,LEGACY
2023-12-15,PPLPHARMA,Piramal Pharma,EQ,INE0DK501011,129.4,129.95,125.6,125.9,125.85,128.7,3634165,462554192.4,19348,LEGACY
2023-12-15,SANOFI,Sanofi India,EQ,INE058A01010,8126.05,8205.0,7922.35,8045.95,7951.0,8084.55,20689,167193310.0,7157,LEGACY
2023-12-15,STAR,Strides Pharma Science,EQ,INE939A01011,585.0,597.2,577.45,584.85,584.2,587.3,569393,335854820.15,16065,LEGACY
2023-12-15,SUNPHARMA,Sun Pharmaceutical Industries,EQ,INE044A01036,1241.0,1246.5,1233.0,1235.75,1239.0,1231.3,3474624,4304734635.0,129450,LEGACY
2023-12-15,TORNTPHARM,Torrent Pharmaceuticals,EQ,INE685A01028,2107.45,2110.0,2074.35,2093.35,2100.0,2103.4,550534,1151532031.15,51014,LEGACY
2023-12-15,WOCKPHARMA,Wockhardt,EQ,INE049B01025,408.0,424.0,406.0,414.5,412.5,405.9,2736197,1133997677.0,45468,LEGACY
2023-12-15,ZYDUSLIFE,Zydus Lifesciences,EQ,INE010B01027,647.0,650.55,642.35,645.9,646.5,643.8,953712,615748231.45,22110,LEGACY
2023-12-18,ABBOTINDIA,Abbott India,EQ,INE358A01014,22750.05,22934.9,22620.0,22780.3,22771.0,22694.8,20584,469191139.55,7190,LEGACY
2023-12-18,AJANTPHARM,Ajanta Pharma,EQ,INE031B01049,1900.0,1916.05,1878.0,1890.25,1888.0,1897.5,126064,238970971.8,13528,LEGACY
2023-12-18,ALKEM,Alkem Laboratories,EQ,INE540L01014,4899.1,4960.35,4852.55,4903.25,4894.0,4919.35,161198,790336229.25,20169,LEGACY
2023-12-18,APLLTD,Alembic Pharmaceuticals,EQ,INE901L01018,774.15,793.45,770.55,774.75,780.25,767.2,227280,177267912.05,18776,LEGACY
2023-12-18,AUROPHARMA,Aurobindo Pharma,EQ,INE406A01037,1026.4,1042.0,1018.75,1022.15,1024.35,1026.4,1467996,1515230380.95,35098,LEGACY
2023-12-18,BIOCON,Biocon,EQ,INE376G01013,251.9,256.8,249.05,254.1,253.9,251.7,4310027,1097517992.75,33194,LEGACY
2023-12-18,CIPLA,Cipla,EQ,INE059A01026,1205.6,1218.95,1192.1,1216.8,1215.0,1207.1,1995091,2420390106.15,76889,LEGACY
2023-12-18,DIVISLAB,Divi's Laboratories,EQ,INE361B01024,3690.0,3773.95,3687.25,3713.05,3710.45,3697.05,457133,1706707144.6,58074,LEGACY
2023-12-18,DRREDDY,Dr. Reddy's Laboratories,EQ,INE089A01023,5585.0,5689.0,5574.95,5591.05,5593.0,5589.45,655852,3692699406.8,54088,LEGACY
2023-12-18,GLAND,Gland Pharma,EQ,INE068V01023,1800.0,1853.4,1775.05,1839.95,1842.0,1811.9,212493,389415824.75,17843,LEGACY
2023-12-18,GLAXO,GlaxoSmithKline Pharmaceuticals,EQ,INE159A01016,1782.0,1782.0,1732.1,1742.1,1735.05,1773.9,96290,169703301.5,7933,LEGACY
2023-12-18,GLENMARK,Glenmark Pharmaceuticals,EQ,INE935A01035,825.0,842.0,815.0,817.3,817.55,824.0,1178792,975289436.8,32638,LEGACY
2023-12-18,GRANULES,Granules India,EQ,INE101D01020,389.9,405.5,382.7,402.3,402.35,388.7,4433684,1765982184.7,52692,LEGACY
2023-12-18,IPCALAB,IPCA Laboratories,EQ,INE571A01038,1119.0,1131.0,1105.35,1124.55,1125.0,1114.35,362010,406815224.7,26768,LEGACY
2023-12-18,JBCHEPHARM,JB Chemicals & Pharmaceuticals,EQ,INE572A01036,1419.85,1481.0,1413.0,1471.8,1480.0,1419.85,449526,646506330.0,12468,LEGACY
2023-12-18,LAURUSLABS,Laurus Labs,EQ,INE947Q01028,386.0,401.95,385.7,399.35,399.0,385.7,4243145,1689837476.9,48892,LEGACY
2023-12-18,LUPIN,Lupin,EQ,INE326A01037,1265.0,1288.15,1250.8,1257.75,1261.0,1246.1,1846640,2350535739.0,67993,LEGACY
2023-12-18,MANKIND,Mankind Pharma,EQ,INE634S01028,1924.0,1944.0,1886.2,1929.6,1920.5,1892.95,475455,913364346.25,30857,LEGACY
2023-12-18,NATCOPHARM,Natco Pharma,EQ,INE987B01026,782.95,784.0,773.2,777.25,780.0,775.35,336645,262502609.4,21647,LEGACY
2023-12-18,PEL,Piramal Enterprises,EQ,INE140A01024,968.3,981.65,960.0,962.3,960.5,969.3,1130733,1097836494.75,38690,LEGACY
2023-12-18,PEL,Piramal Enterprises,N1,INE140A07740,1005.0,1005.0,1003.8,1003.8,1003.8,1003.8,201,201883.8,3,LEGACY
2023-12-18,PEL,Piramal Enterprises,N2,INE140A07765,1002.0,1002.0,1002.0,1002.0,1002.0,1002.0,49,49098.0,3,LEGACY
2023-12-18,PEL,Piramal Enterprises,N3,INE140A07773,1011.0,1011.0,1002.0,1011.0,1011.0,1010.0,2261,2284076.0,10,LEGACY
2023-12-18,PFIZER,Pfizer,EQ,INE182A01018,4199.65,4265.95,4149.65,4237.6,4230.0,4199.65,20521,86647099.55,5721,LEGACY
2023-12-18,PPLPHARMA,Piramal Pharma,EQ,INE0DK501011,125.9,128.95,124.25,126.6,126.6,125.9,4701061,594911723.35,24241,LEGACY
2023-12-18,SANOFI,Sanofi India,EQ,INE058A01010,8049.9,8167.4,7934.75,8111.8,8040.0,8045.95,26989,217363536.55,10751,LEGACY
2023-12-18,STAR,Strides Pharma Science,EQ,INE939A01011,581.0,596.05,577.8,590.25,587.75,584.85,404578,238564730.2,13350,LEGACY
2023-12-18,SUNPHARMA,Sun Pharmaceutical Industries,EQ,INE044A01036,1235.75,1267.9,1234.0,1252.75,1253.85,1235.75,2135393,2685751178.95,134360,LEGACY
2023-12-18,TORNTPHARM,Torrent Pharmaceuticals,EQ,INE685A01028,2096.05,2153.0,2095.2,2144.2,2152.0,2093.35,568660,1214572475.6,62301,LEGACY
2023-12-18,WOCKPHARMA,Wockhardt,EQ,INE049B01025,421.0,428.85,414.25,419.25,419.45,414.5,1767044,744545368.35,30195,LEGACY
2023-12-18,ZYDUSLIFE,Zydus Lifesciences,EQ,INE010B01027,655.0,682.35,651.1,680.6,680.7,645.9,6969702,4692834646.7,130778,LEGACY
2023-12-19,ABBOTINDIA,Abbott India,EQ,INE358A01014,22781.0,23052.5,22752.25,22902.25,22930.0,22780.3,11982,274424720.7,3003,LEGACY
2023-12-19,AJANTPHARM,Ajanta Pharma,EQ,INE031B01049,1907.0,1911.4,1887.15,1893.2,1899.3,1890.25,67591,128404305.25,10016,LEGACY
2023-12-19,ALKEM,Alkem Laboratories,EQ,INE540L01014,4889.75,4950.0,4884.9,4936.65,4921.0,4903.25,95027,469019350.6,18850,LEGACY
2023-12-19,APLLTD,Alembic Pharmaceuticals,EQ,INE901L01018,776.0,788.8,776.0,778.25,780.0,774.75,79062,61818572.0,5971,LEGACY
2023-12-19,AUROPHARMA,Aurobindo Pharma,EQ,INE406A01037,1022.35,1035.0,1009.0,1032.85,1034.8,1022.15,1158237,1190116763.85,28310,LEGACY
2023-12-19,BIOCON,Biocon,EQ,INE376G01013,255.9,256.9,249.6,252.35,252.9,254.1,4813865,1213389276.65,33622,LEGACY
2023-12-19,CIPLA,Cipla,EQ,INE059A01026,1219.45,1240.15,1212.2,1237.1,1240.0,1216.8,1738507,2131132599.7,80065,LEGACY
2023-12-19,DIVISLAB,Divi's Laboratories,EQ,INE361B01024,3713.0,3739.0,3689.2,3723.9,3725.1,3713.05,287231,1069315659.7,41581,LEGACY
2023-12-19,DRREDDY,Dr. Reddy's Laboratories,EQ,INE089A01023,5620.0,5646.0,5593.0,5637.45,5645.0,5591.05,224674,1263525021.7,30640,LEGACY
2023-12-19,GLAND,Gland Pharma,EQ,INE068V01023,1840.0,1875.0,1824.0,1859.0,1846.0,1839.95,281877,520606106.85,18984,LEGACY
2023-12-19,GLAXO,GlaxoSmithKline Pharmaceuticals,EQ,INE159A01016,1742.1,1765.0,1725.7,1744.65,1738.95,1742.1,120464,210393792.75,11662,LEGACY
2023-12-19,GLENMARK,Glenmark Pharmaceuticals,EQ,INE935A01035,817.65,831.6,810.3,823.55,820.3,817.3,791780,651692319.1,26582,LEGACY
2023-12-19,GRANULES,Granules India,EQ,INE101D01020,404.35,406.5,398.4,400.25,400.5,402.3,1791250,721015744.8,28153,LEGACY
2023-12-19,IPCALAB,IPCA Laboratories,EQ,INE571A01038,1131.0,1134.0,1105.0,1107.65,1105.95,1124.55,179963,201033378.65,16085,LEGACY
2023-12-19,JBCHEPHARM,JB Chemicals & Pharmaceuticals,EQ,INE572A01036,1493.85,1512.0,1461.0,1468.2,1469.0,1471.8,281468,417777160.5,26292,LEGACY
2023-12-19,LAURUSLABS,Laurus Labs,EQ,INE947Q01028,401.95,402.5,394.45,398.6,398.0,399.35,1357250,541473865.6,23317,LEGACY
2023-12-19,LUPIN,Lupin,EQ,INE326A01037,1263.8,1275.0,1253.15,1270.2,1272.0,1257.75,798723,1011318004.9,66092,LEGACY
2023-12-19,MANKIND,Mankind Pharma,EQ,INE634S01028,1938.5,1954.9,1925.1,1942.45,1944.95,1929.6,279840,542949185.9,23061,LEGACY
2023-12-19,NATCOPHARM,Natco Pharma,EQ,INE987B01026,781.1,784.95,774.0,778.75,779.9,777.25,359989,280298924.1,20837,LEGACY
2023-12-19,PEL,Piramal Enterprises,EQ,INE140A01024,965.0,974.6,948.05,961.65,961.0,962.3,1276621,1230194901.65,43242,LEGACY
2023-12-19,PEL,Piramal Enterprises,N0,INE140A07757,992.0,992.0,992.0,992.0,992.0,986.0,1000,992000.0,1,LEGACY
2023-12-19,PEL,Piramal Enterprises,N1,INE140A07740,1001.0,1001.0,1000.0,1000.0,1000.0,1003.8,3000,3001100.0,3,LEGACY
2023-12-19,PEL,Piramal Enterprises,N2,INE140A07765,1001.0,1001.0,1001.0,1001.0,1001.0,1002.0,230,230230.0,9,LEGACY
2023-12-19,PEL,Piramal Enterprises,N3,INE140A07773,1011.0,1115.01,1011.0,1015.0,1015.0,1011.0,2110,2241600.0,12,LEGACY
2023-12-19,PFIZER,Pfizer,EQ,INE182A01018,4235.65,4260.0,4186.55,4240.35,4244.35,4237.6,33297,141043934.1,3022,LEGACY
2023-12-19,PPLPHARMA,Piramal Pharma,EQ,INE0DK501011,128.0,132.35,127.0,129.3,129.25,126.6,8671463,1125693994.1,42374,LEGACY
2023-12-19,SANOFI,Sanofi India,EQ,INE058A01010,8120.0,8132.3,8029.8,8064.7,8040.0,8111.8,11574,93282993.0,2940,LEGACY
2023-12-19,STAR,Strides Pharma Science,EQ,INE939A01011,590.0,608.05,587.0,601.45,601.1,590.25,787711,470533413.95,23872,LEGACY
2023-12-19,SUNPHARMA,Sun Pharmaceutical Industries,EQ,INE044A01036,1264.8,1267.95,1236.5,1244.95,1247.75,1252.75,2187458,2726923923.95,212591,LEGACY
2023-12-19,TORNTPHARM,Torrent Pharmaceuticals,EQ,INE685A01028,2166.8,2184.5,2147.6,2170.55,2170.95,2144.2,342287,741179993.85,26480,LEGACY
2023-12-19,WOCKPHARMA,Wockhardt,EQ,INE049B01025,420.75,422.4,410.0,415.35,414.25,419.25,1086634,450500043.95,21266,LEGACY
2023-12-19,ZYDUSLIFE,Zydus Lifesciences,EQ,INE010B01027,684.8,694.0,671.35,685.85,685.4,680.6,2817353,1930718899.3,67769,LEGACY
2023-12-20,ABBOTINDIA,Abbott India,EQ,INE358A01014,22902.25,22959.6,22041.5,22135.15,22134.35,22902.25,24567,551924154.25,10248,LEGACY
2023-12-20,AJANTPHARM,Ajanta Pharma,EQ,INE031B01049,1903.2,1911.0,1877.95,1899.65,1900.0,1893.2,65705,124470755.15,9741,LEGACY
2023-12-20,ALKEM,Alkem Laboratories,EQ,INE540L01014,4950.0,5009.0,4864.7,4877.35,4870.0,4936.65,188500,933659533.65,24733,LEGACY
2023-12-20,APLLTD,Alembic Pharmaceuticals,EQ,INE901L01018,779.0,787.8,750.15,758.65,757.9,778.25,128604,99217343.55,9367,LEGACY
2023-12-20,AUROPHARMA,Aurobindo Pharma,EQ,INE406A01037,1035.0,1081.95,1027.0,1032.8,1034.95,1032.85,3474204,3673361332.6,103764,LEGACY
2023-12-20,BIOCON,Biocon,EQ,INE376G01013,253.75,255.55,241.4,242.6,244.0,252.35,3532183,878896460.5,33213,LEGACY
2023-12-20,CIPLA,Cipla,EQ,INE059A01026,1239.0,1248.0,1231.0,1236.2,1238.0,1237.1,2484819,3077027075.4,80777,LEGACY
2023-12-20,DIVISLAB,Divi's Laboratories,EQ,INE361B01024,3752.0,3752.0,3604.8,3620.0,3614.1,3723.9,346170,1275758276.65,44168,LEGACY
2023-12-20,DRREDDY,Dr. Reddy's Laboratories,EQ,INE089A01023,5650.0,5671.1,5552.05,5579.15,5575.7,5637.45,261446,1471818244.9,38797,LEGACY
2023-12-20,GLAND,Gland Pharma,EQ,INE068V01023,1859.75,1890.0,1771.0,1812.35,1820.0,1859.0,494507,912913778.45,41161,LEGACY
2023-12-20,GLAXO,GlaxoSmithKline Pharmaceuticals,EQ,INE159A01016,1746.05,1762.8,1677.05,1687.4,1681.4,1744.65,101221,174005330.65,10519,LEGACY
2023-12-20,GLENMARK,Glenmark Pharmaceuticals,EQ,INE935A01035,823.4,835.25,785.0,789.85,786.3,823.55,1861903,1500985195.7,45223,LEGACY
2023-12-20,GRANULES,Granules India,EQ,INE101D01020,402.95,410.0,368.5,376.2,374.45,400.25,3353174,1320560591.45,48317,LEGACY
2023-12-20,IPCALAB,IPCA Laboratories,EQ,INE571A01038,1110.5,1121.0,1055.25,1061.5,1060.0,1107.65,526670,575719847.2,40353,LEGACY
2023-12-20,JBCHEPHARM,JB Chemicals & Pharmaceuticals,EQ,INE572A01036,1478.0,1498.7,1443.05,1459.95,1460.6,1468.2,116914,171811516.55,12462,LEGACY
2023-12-20,LAURUSLABS,Laurus Labs,EQ,INE947Q01028,400.5,401.8,386.0,388.3,387.15,398.6,1472926,580821907.85,21432,LEGACY
2023-12-20,LUPIN,Lupin,EQ,INE326A01037,1274.9,1279.9,1220.0,1227.6,1225.5,1270.2,619789,777517201.6,33834,LEGACY
2023-12-20,MANKIND,Mankind Pharma,EQ,INE634S01028,1942.5,1956.95,1875.0,1882.95,1875.0,1942.45,443045,852298383.45,24922,LEGACY
2023-12-20,NATCOPHARM,Natco Pharma,EQ,INE987B01026,782.8,788.95,760.0,764.8,766.35,778.75,687527,535239425.5,32217,LEGACY
2023-12-20,PEL,Piramal Enterprises,EQ,INE140A01024,941.0,941.0,875.05,885.35,885.0,961.65,6024833,5501541686.3,145618,LEGACY
2023-12-20,PEL,Piramal Enterprises,N0,INE140A07757,995.0,995.0,995.0,995.0,995.0,992.0,1,995.0,1,LEGACY
2023-12-20,PEL,Piramal Enterprises,N3,INE140A07773,1016.0,1016.0,1015.0,1015.0,1015.0,1015.0,522,530332.0,3,LEGACY
2023-12-20,PFIZER,Pfizer,EQ,INE182A01018,4241.1,4254.45,4201.0,4240.0,4240.0,4240.35,25530,108224349.9,3775,LEGACY
2023-12-20,PPLPHARMA,Piramal Pharma,EQ,INE0DK501011,129.9,132.15,122.0,124.3,124.15,129.3,8980565,1147266514.95,45701,LEGACY
2023-12-20,SANOFI,Sanofi India,EQ,INE058A01010,8099.65,8099.65,7854.25,7947.75,7895.25,8064.7,14443,115080984.05,4711,LEGACY
2023-12-20,STAR,Strides Pharma Science,EQ,INE939A01011,602.0,617.45,566.1,575.2,574.0,601.45,1302277,783068911.7,38130,LEGACY
2023-12-20,SUNPHARMA,Sun Pharmaceutical Industries,EQ,INE044A01036,1255.0,1255.0,1228.45,1232.15,1232.8,1244.95,1837031,2273933054.85,141121,LEGACY
2023-12-20,TORNTPHARM,Torrent Pharmaceuticals,EQ,INE685A01028,2185.0,2200.0,2131.3,2147.05,2134.2,2170.55,352547,765016481.45,36413,LEGACY
2023-12-20,WOCKPHARMA,Wockhardt,EQ,INE049B01025,416.0,418.85,376.45,382.85,383.0,415.35,2267373,893755059.45,55241,LEGACY
2023-12-20,ZYDUSLIFE,Zydus Lifesciences,EQ,INE010B01027,686.0,696.5,659.1,663.75,660.0,685.85,2162161,1477806536.75,52513,LEGACY
2023-12-21,ABBOTINDIA,Abbott India,EQ,INE358A01014,22143.9,22435.0,22000.0,22354.75,22380.0,22135.15,13841,307523489.05,5378,LEGACY
2023-12-21,AJANTPHARM,Ajanta Pharma,EQ,INE031B01049,1899.65,1910.3,1850.25,1898.85,1892.0,1899.65,151733,285149410.15,13235,LEGACY
2023-12-21,ALKEM,Alkem Laboratories,EQ,INE540L01014,4858.0,4971.6,4818.65,4909.9,4922.0,4877.35,150806,739196427.5,25523,LEGACY
2023-12-21,APLLTD,Alembic Pharmaceuticals,EQ,INE901L01018,752.0,764.15,746.0,754.75,755.0,758.65,69425,52438765.7,5926,LEGACY
2023-12-21,AUROPHARMA,Aurobindo Pharma,EQ,INE406A01037,1033.0,1097.8,998.55,1092.15,1091.0,1032.8,5048465,5320614514.35,111167,LEGACY
2023-12-21,BIOCON,Biocon,EQ,INE376G01013,242.35,247.0,239.3,245.7,246.25,242.6,2124226,518466096.9,22041,LEGACY
2023-12-21,CIPLA,Cipla,EQ,INE059A01026,1236.2,1236.2,1205.85,1221.85,1229.0,1236.2,1580136,1929373640.7,108954,LEGACY
2023-12-21,DIVISLAB,Divi's Laboratories,EQ,INE361B01024,3615.0,3649.8,3565.55,3632.7,3638.2,3620.0,353261,1278075115.8,48905,LEGACY
2023-12-21,DRREDDY,Dr. Reddy's Laboratories,EQ,INE089A01023,5540.0,5594.0,5471.2,5554.5,5570.0,5579.15,336380,1865036290.6,55252,LEGACY
2023-12-21,GLAND,Gland Pharma,EQ,INE068V01023,1810.0,1832.3,1782.25,1808.5,1819.0,1812.35,144474,261981623.5,16102,LEGACY
2023-12-21,GLAXO,GlaxoSmithKline Pharmaceuticals,EQ,INE159A01016,1670.0,1740.9,1667.85,1733.6,1735.0,1687.4,190230,325563797.05,18954,LEGACY
2023-12-21,GLENMARK,Glenmark Pharmaceuticals,EQ,INE935A01035,781.0,827.7,773.2,823.6,822.85,789.85,1541173,1243705978.15,42518,LEGACY
2023-12-21,GRANULES,Granules India,EQ,INE101D01020,374.0,385.55,365.45,383.3,383.0,376.2,1443265,546158066.4,21932,LEGACY
2023-12-21,IPCALAB,IPCA Laboratories,EQ,INE571A01038,1055.0,1074.0,1041.0,1064.35,1065.0,1061.5,374400,398135423.1,25072,LEGACY
2023-12-21,JBCHEPHARM,JB Chemicals & Pharmaceuticals,EQ,INE572A01036,1452.1,1492.0,1435.0,1487.0,1488.6,1459.95,110023,162725616.2,17885,LEGACY
2023-12-21,LAURUSLABS,Laurus Labs,EQ,INE947Q01028,387.3,399.15,380.0,397.15,396.85,388.3,1246456,490534720.0,20567,LEGACY
2023-12-21,LUPIN,Lupin,EQ,INE326A01037,1217.1,1259.9,1200.15,1256.8,1254.0,1227.6,769432,951843167.35,40692,LEGACY
2023-12-21,MANKIND,Mankind Pharma,EQ,INE634S01028,1871.0,1940.0,1851.05,1904.2,1919.0,1882.95,289330,549411149.05,28179,LEGACY
2023-12-21,NATCOPHARM,Natco Pharma,EQ,INE987B01026,764.8,782.0,755.0,778.15,780.5,764.8,830228,637957220.15,35004,LEGACY
2023-12-21,PEL,Piramal Enterprises,EQ,INE140A01024,880.0,886.75,851.0,881.8,883.5,885.35,4668484,4058982635.05,114344,LEGACY
2023-12-21,PEL,Piramal Enterprises,N0,INE140A07757,995.0,1009.0,995.0,1008.0,1008.0,995.0,931,939355.0,7,LEGACY
2023-12-21,PEL,Piramal Enterprises,N2,INE140A07765,1001.0,1001.0,1001.0,1001.0,1001.0,1001.0,50,50050.0,1,LEGACY
2023-12-21,PFIZER,Pfizer,EQ,INE182A01018,4240.0,4240.0,4160.0,4220.7,4224.0,4240.0,10446,43965875.0,2611,LEGACY
2023-12-21,PPLPHARMA,Piramal Pharma,EQ,INE0DK501011,123.35,130.5,120.6,128.9,129.25,124.3,5905873,749998977.6,29943,LEGACY
2023-12-21,SANOFI,Sanofi India,EQ,INE058A01010,7900.0,7993.15,7866.5,7943.8,7952.5,7947.75,20502,162292943.25,4500,LEGACY
2023-12-21,STAR,Strides Pharma Science,EQ,INE939A01011,585.25,608.0,571.0,602.85,597.0,575.2,695755,412973466.2,29605,LEGACY
2023-12-21,SUNPHARMA,Sun Pharmaceutical Industries,EQ,INE044A01036,1224.1,1237.95,1208.55,1233.5,1237.85,1232.15,1916222,2348343439.85,226584,LEGACY
2023-12-21,TORNTPHARM,Torrent Pharmaceuticals,EQ,INE685A01028,2135.5,2206.7,2113.8,2195.2,2198.0,2147.05,272796,594427120.85,25198,LEGACY
2023-12-21,WOCKPHARMA,Wockhardt,EQ,INE049B01025,379.0,410.45,378.05,407.55,406.6,382.85,2186268,868043703.7,46874,LEGACY
2023-12-21,ZYDUSLIFE,Zydus Lifesciences,EQ,INE010B01027,657.55,674.5,648.15,671.45,674.45,663.75,1404289,932841815.05,34558,LEGACY
2023-12-22,ABBOTINDIA,Abbott India,EQ,INE358A01014,22367.3,22661.0,22324.6,22604.0,22600.0,22354.75,12474,280983177.05,6153,LEGACY
2023-12-22,AJANTPHARM,Ajanta Pharma,EQ,INE031B01049,1904.0,1981.0,1895.0,1968.2,1980.8,1898.85,225334,440096661.6,47392,LEGACY
2023-12-22,ALKEM,Alkem Laboratories,EQ,INE540L01014,4920.6,4955.0,4858.65,4914.4,4915.0,4909.9,152341,746877987.1,17805,LEGACY
2023-12-22,APLLTD,Alembic Pharmaceuticals,EQ,INE901L01018,758.55,774.9,755.5,773.2,773.8,754.75,85495,65842336.15,9846,LEGACY
2023-12-22,AUROPHARMA,Aurobindo Pharma,EQ,INE406A01037,1099.9,1099.9,1062.8,1066.4,1066.6,1092.15,2781842,2999537809.15,77959,LEGACY
2023-12-22,BIOCON,Biocon,EQ,INE376G01013,246.45,249.2,244.8,246.3,245.7,245.7,2273146,561703127.85,25150,LEGACY
2023-12-22,CIPLA,Cipla,EQ,INE059A01026,1230.05,1242.5,1221.65,1235.6,1240.0,1221.85,1969524,2429335481.0,93105,LEGACY
2023-12-22,DIVISLAB,Divi's Laboratories,EQ,INE361B01024,3650.0,3762.9,3643.95,3694.95,3699.05,3632.7,898967,3338464639.4,80697,LEGACY
2023-12-22,DRREDDY,Dr. Reddy's Laboratories,EQ,INE089A01023,5578.0,5656.0,5560.0,5627.7,5624.9,5554.5,263008,1480081217.3,36697,LEGACY
2023-12-22,GLAND,Gland Pharma,EQ,INE068V01023,1820.0,1948.0,1819.95,1867.4,1865.0,1808.5,921345,1750883561.55,67749,LEGACY
2023-12-22,GLAXO,GlaxoSmithKline Pharmaceuticals,EQ,INE159A01016,1733.6,1760.0,1715.0,1754.05,1749.0,1733.6,96728,167852681.85,9255,LEGACY
2023-12-22,GLENMARK,Glenmark Pharmaceuticals,EQ,INE935A01035,823.6,850.0,822.2,839.3,836.9,823.6,2088247,1755769566.5,62138,LEGACY
2023-12-22,GRANULES,Granules India,EQ,INE101D01020,387.0,394.0,382.8,385.8,386.5,383.3,1478727,574687565.7,18312,LEGACY
2023-12-22,IPCALAB,IPCA Laboratories,EQ,INE571A01038,1069.0,1085.95,1058.45,1062.65,1061.0,1064.35,444857,476624763.8,28288,LEGACY
2023-12-22,JBCHEPHARM,JB Chemicals & Pharmaceuticals,EQ,INE572A01036,1494.0,1631.0,1492.0,1618.85,1620.0,1487.0,1959915,3112808583.2,105291,LEGACY
2023-12-22,LAURUSLABS,Laurus Labs,EQ,INE947Q01028,397.15,422.0,397.15,414.55,415.8,397.15,9517787,3938337651.0,107588,LEGACY
2023-12-22,LUPIN,Lupin,EQ,INE326A01037,1260.55,1285.0,1252.55,1265.1,1265.0,1256.8,864378,1099799264.8,43075,LEGACY
2023-12-22,MANKIND,Mankind Pharma,EQ,INE634S01028,1919.0,1938.85,1893.0,1933.3,1931.65,1904.2,206448,397901973.65,25542,LEGACY
2023-12-22,NATCOPHARM,Natco Pharma,EQ,INE987B01026,786.9,813.0,783.05,792.2,792.1,778.15,1285219,1026033519.9,48923,LEGACY
2023-12-22,PEL,Piramal Enterprises,EQ,INE140A01024,889.9,933.7,887.15,915.1,913.55,881.8,5713480,5238872882.3,123211,LEGACY
2023-12-22,PEL,Piramal Enterprises,N0,INE140A07757,1009.0,1009.0,1009.0,1009.0,1009.0,1008.0,120,121080.0,5,LEGACY
2023-12-22,PEL,Piramal Enterprises,N1,INE140A07740,1004.0,1004.0,1004.0,1004.0,1004.0,1000.0,460,461840.0,4,LEGACY
2023-12-22,PEL,Piramal Enterprises,N2,INE140A07765,1000.0,1001.0,1000.0,1001.0,1001.0,1001.0,60,60050.0,2,LEGACY
2023-12-22,PEL,Piramal Enterprises,N3,INE140A07773,1016.0,1016.0,1015.99,1015.99,1015.99,1015.0,2410,2448536.0,9,LEGACY
2023-12-22,PFIZER,Pfizer,EQ,INE182A01018,4263.0,4265.2,4182.2,4220.3,4218.3,4220.7,10803,45579466.65,3123,LEGACY
2023-12-22,PPLPHARMA,Piramal Pharma,EQ,INE0DK501011,130.5,141.8,130.05,140.5,139.85,128.9,37708807,5214419026.2,147891,LEGACY
2023-12-22,SANOFI,Sanofi India,EQ,INE058A01010,7954.0,8071.95,7953.1,8009.45,8012.75,7943.8,12185,97515840.45,4181,LEGACY
2023-12-22,STAR,Strides Pharma Science,EQ,INE939A01011,603.0,639.0,603.0,635.65,637.0,602.85,1973109,1239239000.15,53737,LEGACY
2023-12-22,SUNPHARMA,Sun Pharmaceutical Industries,EQ,INE044A01036,1240.0,1251.0,1236.05,1243.65,1243.0,1233.5,2058127,2559751216.6,166199,LEGACY
2023-12-22,TORNTPHARM,Torrent Pharmaceuticals,EQ,INE685A01028,2197.0,2235.6,2189.35,2222.5,2219.25,2195.2,288655,638436224.1,22964,LEGACY
2023-12-22,WOCKPHARMA,Wockhardt,EQ,INE049B01025,411.0,414.8,401.6,410.65,410.0,407.55,1388775,568559417.95,27576,LEGACY
2023-12-22,ZYDUSLIFE,Zydus Lifesciences,EQ,INE010B01027,675.0,689.4,673.05,679.95,679.0,671.45,2027527,1382960843.45,41760,LEGACY
2023-12-26,ABBOTINDIA,Abbott India,EQ,INE358A01014,22599.95,22670.0,22239.05,22452.55,22500.0,22604.0,24132,540513770.3,7027,LEGACY
2023-12-26,AJANTPHARM,Ajanta Pharma,EQ,INE031B01049,1979.85,1994.8,1952.0,1986.75,1990.0,1968.2,65821,130424754.05,13220,LEGACY
2023-12-26,ALKEM,Alkem Laboratories,EQ,INE540L01014,4916.45,4997.0,4901.1,4972.5,4988.0,4914.4,83738,415680712.9,13135,LEGACY
2023-12-26,APLLTD,Alembic Pharmaceuticals,EQ,INE901L01018,775.0,783.4,770.8,777.25,777.0,773.2,57689,44800582.7,6656,LEGACY
2023-12-26,AUROPHARMA,Aurobindo Pharma,EQ,INE406A01037,1063.75,1081.0,1046.15,1063.65,1063.0,1066.4,1416282,1510149067.75,44243,LEGACY
2023-12-26,BIOCON,Biocon,EQ,INE376G01013,248.0,252.0,247.75,250.65,251.75,246.3,3586164,896997452.0,32481,LEGACY
2023-12-26,CIPLA,Cipla,EQ,INE059A01026,1240.0,1250.0,1231.85,1244.95,1246.95,1235.6,820163,1020359654.55,43628,LEGACY
2023-12-26,DIVISLAB,Divi's Laboratories,EQ,INE361B01024,3699.05,3897.0,3694.0,3863.5,3863.0,3694.95,1249185,4777517475.9,94640,LEGACY
2023-12-26,DRREDDY,Dr. Reddy's Laboratories,EQ,INE089A01023,5627.5,5695.0,5602.55,5632.15,5630.0,5627.7,331653,1875585483.35,22864,LEGACY
2023-12-26,GLAND,Gland Pharma,EQ,INE068V01023,1885.0,1904.45,1856.8,1891.0,1890.0,1867.4,240131,453492627.3,27086,LEGACY
2023-12-26,GLAXO,GlaxoSmithKline Pharmaceuticals,EQ,INE159A01016,1755.0,1775.1,1748.25,1766.85,1761.0,1754.05,154004,271845447.5,9317,LEGACY
2023-12-26,GLENMARK,Glenmark Pharmaceuticals,EQ,INE935A01035,839.0,852.0,830.55,843.95,843.0,839.3,821945,693414730.2,24713,LEGACY
2023-12-26,GRANULES,Granules India,EQ,INE101D01020,387.0,399.0,386.55,396.65,397.3,385.8,1783552,699439879.65,21355,LEGACY
2023-12-26,IPCALAB,IPCA Laboratories,EQ,INE571A01038,1065.0,1074.9,1055.15,1058.6,1058.45,1062.65,221122,234646348.8,14645,LEGACY
2023-12-26,JBCHEPHARM,JB Chemicals & Pharmaceuticals,EQ,INE572A01036,1630.0,1639.85,1589.6,1618.55,1612.0,1618.85,355920,572880639.45,34139,LEGACY
2023-12-26,LAURUSLABS,Laurus Labs,EQ,INE947Q01028,418.75,436.7,415.85,435.45,435.0,414.55,8400112,3606750965.85,98811,LEGACY
2023-12-26,LUPIN,Lupin,EQ,INE326A01037,1268.8,1290.0,1266.1,1282.65,1289.0,1265.1,869887,1109657416.75,28250,LEGACY
2023-12-26,MANKIND,Mankind Pharma,EQ,INE634S01028,1935.0,1938.0,1912.1,1925.75,1929.6,1933.3,248178,476817961.4,12685,LEGACY
2023-12-26,NATCOPHARM,Natco Pharma,EQ,INE987B01026,796.4,816.0,788.05,804.35,807.05,792.2,1002451,808956559.35,37933,LEGACY
2023-12-26,PEL,Piramal Enterprises,EQ,INE140A01024,918.15,924.2,898.95,902.9,904.75,915.1,1500750,1368426343.5,47466,LEGACY
2023-12-26,PEL,Piramal Enterprises,N0,INE140A07757,1009.0,1009.0,996.0,1009.0,1009.0,1009.0,1031,1040227.0,4,LEGACY
2023-12-26,PEL,Piramal Enterprises,N1,INE140A07740,1005.0,1005.2,1005.0,1005.2,1005.2,1004.0,110,110552.0,2,LEGACY
2023-12-26,PEL,Piramal Enterprises,N2,INE140A07765,1001.0,1001.0,1001.0,1001.0,1001.0,1001.0,179,179179.0,2,LEGACY
2023-12-26,PEL,Piramal Enterprises,N3,INE140A07773,1015.0,1015.0,1015.0,1015.0,1015.0,1015.99,101,102515.0,2,LEGACY
2023-12-26,PFIZER,Pfizer,EQ,INE182A01018,4250.0,4250.0,4203.7,4231.85,4230.0,4220.3,8034,33967632.6,1680,LEGACY
2023-12-26,PPLPHARMA,Piramal Pharma,EQ,INE0DK501011,141.2,141.9,138.05,138.6,138.5,140.5,7999633,1118256982.9,43511,LEGACY
2023-12-26,SANOFI,Sanofi India,EQ,INE058A01010,8040.0,8049.9,7985.0,8013.45,8004.1,8009.45,5700,45649421.9,2025,LEGACY
2023-12-26,STAR,Strides Pharma Science,EQ,INE939A01011,637.5,662.6,623.35,650.95,648.4,635.65,1499780,972399239.15,33093,LEGACY
2023-12-26,SUNPHARMA,Sun Pharmaceutical Industries,EQ,INE044A01036,1243.65,1250.0,1239.3,1247.5,1243.1,1243.65,1796483,2240354001.55,122724,LEGACY
2023-12-26,TORNTPHARM,Torrent Pharmaceuticals,EQ,INE685A01028,2223.9,2289.65,2223.0,2282.3,2280.0,2222.5,277523,628256607.85,27437,LEGACY
2023-12-26,WOCKPHARMA,Wockhardt,EQ,INE049B01025,412.0,427.3,410.75,419.4,420.25,410.65,1528910,641214614.4,29431,LEGACY
2023-12-26,ZYDUSLIFE,Zydus Lifesciences,EQ,INE010B01027,679.0,686.85,674.5,676.2,677.0,679.95,1323845,899409179.75,29571,LEGACY
2023-12-27,ABBOTINDIA,Abbott India,EQ,INE358A01014,22483.0,22692.95,22450.0,22570.1,22620.0,22452.55,11512,259882046.75,4827,LEGACY
2023-12-27,AJANTPHARM,Ajanta Pharma,EQ,INE031B01049,1986.75,2068.0,1975.0,1997.45,1985.55,1986.75,276282,558263045.5,28515,LEGACY
2023-12-27,ALKEM,Alkem Laboratories,EQ,INE540L01014,5010.0,5090.0,4992.45,5075.3,5080.0,4972.5,240939,1216566269.0,35339,LEGACY
2023-12-27,APLLTD,Alembic Pharmaceuticals,EQ,INE901L01018,778.0,785.0,765.35,769.45,768.1,777.25,68041,52510160.5,6516,LEGACY
2023-12-27,AUROPHARMA,Aurobindo Pharma,EQ,INE406A01037,1065.05,1081.2,1061.7,1069.6,1070.0,1063.65,1109660,1189678699.45,46500,LEGACY
2023-12-27,BIOCON,Biocon,EQ,INE376G01013,252.15,255.7,250.85,252.75,252.7,250.65,2913019,737542830.65,23652,LEGACY
2023-12-27,CIPLA,Cipla,EQ,INE059A01026,1247.0,1250.35,1236.7,1239.75,1239.55,1244.95,2528609,3139476963.7,69321,LEGACY
2023-12-27,DIVISLAB,Divi's Laboratories,EQ,INE361B01024,3894.0,3917.0,3845.5,3884.25,3887.5,3863.5,598775,2325106076.5,62418,LEGACY
2023-12-27,DRREDDY,Dr. Reddy's Laboratories,EQ,INE089A01023,5634.8,5722.0,5601.3,5714.5,5715.0,5632.15,294776,1673871387.75,41384,LEGACY
2023-12-27,GLAND,Gland Pharma,EQ,INE068V01023,1905.0,1997.0,1878.0,1947.2,1948.6,1891.0,862994,1684691242.95,52991,LEGACY
2023-12-27,GLAXO,GlaxoSmithKline Pharmaceuticals,EQ,INE159A01016,1775.0,1848.0,1762.95,1809.75,1801.8,1766.85,464701,842850924.85,29012,LEGACY
2023-12-27,GLENMARK,Glenmark Pharmaceuticals,EQ,INE935A01035,844.1,855.8,828.9,846.05,846.25,843.95,765258,644902963.65,29387,LEGACY
2023-12-27,GRANULES,Granules India,EQ,INE101D01020,397.5,400.6,393.5,397.45,396.5,396.65,1130037,448997449.4,14877,LEGACY
2023-12-27,IPCALAB,IPCA Laboratories,EQ,INE571A01038,1060.1,1066.95,1053.75,1059.05,1059.5,1058.6,333776,353509869.5,15739,LEGACY
2023-12-27,JBCHEPHARM,JB Chemicals & Pharmaceuticals,EQ,INE572A01036,1622.0,1636.1,1615.55,1624.65,1616.55,1618.55,208041,338634555.35,18927,LEGACY
2023-12-27,LAURUSLABS,Laurus Labs,EQ,INE947Q01028,438.75,438.75,426.35,432.3,431.5,435.45,3214953,1392908632.55,41649,LEGACY
2023-12-27,LUPIN,Lupin,EQ,INE326A01037,1289.0,1300.0,1280.7,1288.0,1288.0,1282.65,1004924,1298549218.65,42830,LEGACY
2023-12-27,MANKIND,Mankind Pharma,EQ,INE634S01028,1930.0,2030.95,1930.0,2002.3,2004.95,1925.75,476644,948688381.5,37291,LEGACY
2023-12-27,NATCOPHARM,Natco Pharma,EQ,INE987B01026,813.0,819.8,798.55,801.75,803.0,804.35,630277,508848860.7,26972,LEGACY
2023-12-27,PEL,Piramal Enterprises,EQ,INE140A01024,909.0,922.7,905.0,912.2,911.6,902.9,1306166,1192219670.4,36569,LEGACY
2023-12-27,PEL,Piramal Enterprises,N0,INE140A07757,1009.0,1010.0,1009.0,1009.0,1009.0,1009.0,1075,1084717.0,7,LEGACY
2023-12-27,PEL,Piramal Enterprises,N1,INE140A07740,1005.0,1005.0,1005.0,1005.0,1005.0,1005.2,1000,1005000.0,1,LEGACY
2023-12-27,PEL,Piramal Enterprises,N3,INE140A07773,1002.0,1010.0,1002.0,1010.0,1010.0,1015.0,61,61602.0,3,LEGACY
2023-12-27,PFIZER,Pfizer,EQ,INE182A01018,4231.9,4287.0,4211.2,4261.7,4250.0,4231.85,16121,68495108.85,3732,LEGACY
2023-12-27,PPLPHARMA,Piramal Pharma,EQ,INE0DK501011,139.4,142.5,138.0,138.2,138.45,138.6,5187370,726331692.15,27705,LEGACY
2023-12-27,SANOFI,Sanofi India,EQ,INE058A01010,8049.9,8053.9,7981.2,7998.7,7999.45,8013.45,25439,203330585.05,2001,LEGACY
2023-12-27,STAR,Strides Pharma Science,EQ,INE939A01011,648.0,665.0,636.6,652.7,653.0,650.95,1077477,701405560.85,31732,LEGACY
2023-12-27,SUNPHARMA,Sun Pharmaceutical Industries,EQ,INE044A01036,1250.0,1255.4,1241.25,1252.45,1253.0,1247.5,2005268,2504904711.0,159880,LEGACY
2023-12-27,TORNTPHARM,Torrent Pharmaceuticals,EQ,INE685A01028,2279.25,2302.85,2256.75,2263.75,2262.5,2282.3,244967,556683139.2,29359,LEGACY
2023-12-27,WOCKPHARMA,Wockhardt,EQ,INE049B01025,422.0,424.55,408.35,417.45,417.35,419.4,999274,416350598.9,23843,LEGACY
2023-12-27,ZYDUSLIFE,Zydus Lifesciences,EQ,INE010B01027,673.0,693.25,666.75,688.65,688.0,676.2,2108751,1436502384.45,44278,LEGACY
2023-12-28,ABBOTINDIA,Abbott India,EQ,INE358A01014,22620.0,22716.35,22500.0,22623.7,22640.0,22570.1,11577,261654741.2,4872,LEGACY
2023-12-28,AJANTPHARM,Ajanta Pharma,EQ,INE031B01049,2000.05,2017.8,1981.1,1994.25,1990.5,1997.45,91080,182361759.95,12672,LEGACY
2023-12-28,ALKEM,Alkem Laboratories,EQ,INE540L01014,5074.95,5143.0,5018.2,5126.35,5143.0,5075.3,447476,2276465019.45,52408,LEGACY
2023-12-28,APLLTD,Alembic Pharmaceuticals,EQ,INE901L01018,773.25,777.6,746.5,755.25,761.95,769.45,76174,57945877.0,6409,LEGACY
2023-12-28,AUROPHARMA,Aurobindo Pharma,EQ,INE406A01037,1074.8,1094.15,1049.05,1089.7,1087.95,1069.6,2344687,2516320985.3,66636,LEGACY
2023-12-28,BIOCON,Biocon,EQ,INE376G01013,253.05,253.3,245.0,247.35,247.7,252.75,7352066,1818238481.7,47305,LEGACY
2023-12-28,CIPLA,Cipla,EQ,INE059A01026,1239.75,1263.8,1239.75,1260.8,1262.0,1239.75,2592699,3245931730.05,74952,LEGACY
2023-12-28,DIVISLAB,Divi's Laboratories,EQ,INE361B01024,3900.0,3952.0,3861.35,3939.95,3940.0,3884.25,668311,2609838683.2,68251,LEGACY
2023-12-28,DRREDDY,Dr. Reddy's Laboratories,EQ,INE089A01023,5718.85,5890.8,5670.9,5858.55,5848.75,5714.5,977709,5667133657.8,75857,LEGACY
2023-12-28,GLAND,Gland Pharma,EQ,INE068V01023,1960.95,1969.2,1914.5,1935.35,1924.95,1947.2,235650,457611237.6,26264,LEGACY
2023-12-28,GLAXO,GlaxoSmithKline Pharmaceuticals,EQ,INE159A01016,1820.0,1928.8,1797.0,1849.55,1850.0,1809.75,765983,1439949861.75,50825,LEGACY
2023-12-28,GLENMARK,Glenmark Pharmaceuticals,EQ,INE935A01035,850.0,858.0,838.0,855.4,855.0,846.05,970942,826087991.35,30231,LEGACY
2023-12-28,GRANULES,Granules India,EQ,INE101D01020,398.0,399.3,393.1,395.0,396.0,397.45,1440484,570340591.5,15627,LEGACY
2023-12-28,IPCALAB,IPCA Laboratories,EQ,INE571A01038,1064.0,1113.4,1056.55,1099.75,1106.45,1059.05,1535682,1664350197.8,56565,LEGACY
2023-12-28,JBCHEPHARM,JB Chemicals & Pharmaceuticals,EQ,INE572A01036,1630.0,1639.0,1591.55,1600.6,1614.0,1624.65,111176,179661575.25,16971,LEGACY
2023-12-28,LAURUSLABS,Laurus Labs,EQ,INE947Q01028,433.85,434.7,422.6,426.75,427.35,432.3,1796520,766341700.75,26660,LEGACY
2023-12-28,LUPIN,Lupin,EQ,INE326A01037,1296.1,1345.75,1295.0,1339.95,1338.0,1288.0,3519154,4661613648.9,89130,LEGACY
2023-12-28,MANKIND,Mankind Pharma,EQ,INE634S01028,2010.75,2013.95,1966.0,1999.2,1988.6,2002.3,224038,444860063.15,32753,LEGACY
2023-12-28,NATCOPHARM,Natco Pharma,EQ,INE987B01026,809.95,814.25,792.05,803.15,804.9,801.75,474190,381020663.55,24997,LEGACY
2023-12-28,PEL,Piramal Enterprises,EQ,INE140A01024,918.5,926.75,910.0,915.7,915.95,912.2,1418936,1302198017.7,36500,LEGACY
2023-12-28,PEL,Piramal Enterprises,N0,INE140A07757,1007.0,1008.0,1006.0,1006.5,1006.0,1009.0,135,135940.0,5,LEGACY
2023-12-28,PEL,Piramal Enterprises,N3,INE140A07773,1017.5,1017.5,1017.5,1017.5,1017.5,1010.0,30,30525.0,1,LEGACY
2023-12-28,PFIZER,Pfizer,EQ,INE182A01018,4296.0,4311.0,4245.1,4262.5,4250.0,4261.7,15417,65939039.85,4086,LEGACY
2023-12-28,PPLPHARMA,Piramal Pharma,EQ,INE0DK501011,138.75,140.05,137.7,138.15,138.0,138.2,3597693,497888784.45,18655,LEGACY
2023-12-28,SANOFI,Sanofi India,EQ,INE058A01010,8010.0,8051.95,7960.0,7988.15,7985.0,7998.7,12892,103007029.5,4402,LEGACY
2023-12-28,STAR,Strides Pharma Science,EQ,INE939A01011,654.0,660.0,634.1,643.7,648.8,652.7,583293,378114025.6,19831,LEGACY
2023-12-28,SUNPHARMA,Sun Pharmaceutical Industries,EQ,INE044A01036,1254.95,1264.65,1249.55,1262.15,1262.8,1252.45,2043365,2572211499.3,186763,LEGACY
2023-12-28,TORNTPHARM,Torrent Pharmaceuticals,EQ,INE685A01028,2268.15,2278.15,2248.05,2255.6,2256.55,2263.75,549145,1238248517.85,66420,LEGACY
2023-12-28,WOCKPHARMA,Wockhardt,EQ,INE049B01025,418.95,420.4,408.9,411.9,410.4,417.45,849667,351544763.3,19040,LEGACY
2023-12-28,ZYDUSLIFE,Zydus Lifesciences,EQ,INE010B01027,688.65,692.35,681.4,686.4,686.3,688.65,972278,667104748.8,33943,LEGACY
2023-12-29,ABBOTINDIA,Abbott India,EQ,INE358A01014,22650.0,22900.0,22520.0,22851.25,22805.0,22623.7,19648,444873509.05,4489,LEGACY
2023-12-29,AJANTPHARM,Ajanta Pharma,EQ,INE031B01049,2002.85,2100.0,1987.7,2083.65,2077.0,1994.25,161901,331812190.85,21250,LEGACY
2023-12-29,ALKEM,Alkem Laboratories,EQ,INE540L01014,5146.6,5216.75,5104.9,5202.6,5199.0,5126.35,147213,761938359.55,20953,LEGACY
2023-12-29,APLLTD,Alembic Pharmaceuticals,EQ,INE901L01018,756.0,766.6,753.5,759.4,755.0,755.25,101064,76844977.85,6849,LEGACY
2023-12-29,AUROPHARMA,Aurobindo Pharma,EQ,INE406A01037,1094.9,1097.0,1072.85,1084.0,1085.4,1089.7,1036184,1122389183.65,31149,LEGACY
2023-12-29,BIOCON,Biocon,EQ,INE376G01013,247.4,250.75,247.4,249.65,249.6,247.35,2137811,533262745.0,16984,LEGACY
2023-12-29,CIPLA,Cipla,EQ,INE059A01026,1264.0,1267.6,1242.05,1246.3,1250.0,1260.8,1794218,2243641263.1,66140,LEGACY
2023-12-29,DIVISLAB,Divi's Laboratories,EQ,INE361B01024,3949.0,3949.0,3896.35,3903.9,3908.2,3939.95,262845,1029418013.65,28205,LEGACY
2023-12-29,DRREDDY,Dr. Reddy's Laboratories,EQ,INE089A01023,5830.1,5844.5,5761.0,5797.9,5804.0,5858.55,290523,1685598126.85,42214,LEGACY
2023-12-29,GLAND,Gland Pharma,EQ,INE068V01023,1941.9,1944.0,1910.05,1924.5,1924.0,1935.35,147405,283671949.7,13421,LEGACY
2023-12-29,GLAXO,GlaxoSmithKline Pharmaceuticals,EQ,INE159A01016,1853.0,1959.0,1846.75,1898.15,1905.9,1849.55,619830,1184373847.7,32445,LEGACY
2023-12-29,GLENMARK,Glenmark Pharmaceuticals,EQ,INE935A01035,857.0,859.0,848.05,853.95,852.0,855.4,468147,399245361.3,14311,LEGACY
2023-12-29,GRANULES,Granules India,EQ,INE101D01020,396.0,407.0,394.2,405.45,404.5,395.0,1802647,724244333.45,21798,LEGACY
2023-12-29,IPCALAB,IPCA Laboratories,EQ,INE571A01038,1096.0,1116.1,1090.05,1113.15,1105.1,1099.75,314635,348261917.8,25750,LEGACY
2023-12-29,JBCHEPHARM,JB Chemicals & Pharmaceuticals,EQ,INE572A01036,1610.0,1630.0,1591.75,1624.65,1619.85,1600.6,133763,216396978.3,17145,LEGACY
2023-12-29,LAURUSLABS,Laurus Labs,EQ,INE947Q01028,427.0,432.75,424.3,430.2,430.45,426.75,1670422,717066904.45,24605,LEGACY
2023-12-29,LUPIN,Lupin,EQ,INE326A01037,1346.85,1346.85,1318.55,1322.95,1325.0,1339.95,1330415,1763931356.5,44498,LEGACY
2023-12-29,MANKIND,Mankind Pharma,EQ,INE634S01028,2004.2,2004.2,1972.6,1982.5,1984.0,1999.2,206530,409530547.25,14771,LEGACY
2023-12-29,NATCOPHARM,Natco Pharma,EQ,INE987B01026,814.0,814.0,800.55,811.35,811.5,803.15,449932,363841819.6,18901,LEGACY
2023-12-29,PEL,Piramal Enterprises,EQ,INE140A01024,916.0,938.0,914.0,931.4,930.0,915.7,1797836,1671155037.5,43650,LEGACY
2023-12-29,PEL,Piramal Enterprises,N0,INE140A07757,1006.0,1010.0,1001.0,1010.0,1010.0,1006.5,1050,1051815.0,6,LEGACY
2023-12-29,PFIZER,Pfizer,EQ,INE182A01018,4290.0,4302.0,4230.0,4268.95,4270.05,4262.5,68213,291086442.85,9492,LEGACY
2023-12-29,PPLPHARMA,Piramal Pharma,EQ,INE0DK501011,138.45,139.7,137.05,138.85,138.8,138.15,4558412,631167496.1,23553,LEGACY
2023-12-29,SANOFI,Sanofi India,EQ,INE058A01010,7988.15,8077.0,7940.0,8067.55,8040.65,7988.15,10122,81275653.5,2723,LEGACY
2023-12-29,STAR,Strides Pharma Science,EQ,INE939A01011,644.0,655.0,636.05,649.25,650.0,643.7,1271509,820619949.7,28331,LEGACY
2023-12-29,SUNPHARMA,Sun Pharmaceutical Industries,EQ,INE044A01036,1262.1,1271.95,1252.55,1259.45,1260.05,1262.15,1840160,2317280899.5,194745,LEGACY
2023-12-29,TORNTPHARM,Torrent Pharmaceuticals,EQ,INE685A01028,2256.5,2310.15,2249.35,2305.55,2303.0,2255.6,194385,445725509.6,20618,LEGACY
2023-12-29,WOCKPHARMA,Wockhardt,EQ,INE049B01025,411.9,431.75,408.35,424.35,423.05,411.9,3091408,1310344612.1,53650,LEGACY
2023-12-29,ZYDUSLIFE,Zydus Lifesciences,EQ,INE010B01027,687.95,691.8,683.35,689.2,688.75,686.4,786848,540805297.75,27936,LEGACY
