DATE,SYMBOL,COMPANY,SERIES,ISIN,OPEN,HIGH,LOW,CLOSE,LAST,PREV_CLOSE,TOTAL_TRADED_QTY,TOTAL_TRADED_VALUE,TOTAL_TRADES,SOURCE_FORMAT
2019-01-01,ABBOTINDIA,Abbott India,EQ,INE358A01014,7550.0,7598.0,7455.15,7580.05,7598.0,7516.65,968,7311468.65,365,LEGACY
2019-01-01,AJANTPHARM,Ajanta Pharma,EQ,INE031B01049,1182.0,1186.15,1171.45,1181.7,1184.0,1185.7,114936,135678763.65,4542,LEGACY
2019-01-01,ALKEM,Alkem Laboratories,EQ,INE540L01014,1957.0,1957.0,1915.0,1940.3,1936.0,1949.2,25417,49236369.5,3019,LEGACY
2019-01-01,APLLTD,Alembic Pharmaceuticals,EQ,INE901L01018,603.0,605.65,580.0,586.85,585.5,599.7,24980,14852617.15,1348,LEGACY
2019-01-01,AUROPHARMA,Aurobindo Pharma,EQ,INE406A01037,734.0,737.5,729.6,733.15,731.1,732.95,1340165,983368777.3,28641,LEGACY
2019-01-01,BIOCON,Biocon,EQ,INE376G01013,631.45,632.1,623.15,625.8,626.4,629.05,750924,470641544.75,12774,LEGACY
2019-01-01,CADILAHC,Cadila Healthcare,EQ,INE010B01027,348.65,352.9,348.35,350.05,349.75,348.45,692062,242603500.55,11919,LEGACY
2019-01-01,CIPLA,Cipla,EQ,INE059A01026,520.0,524.0,518.65,523.05,522.75,519.5,1361809,710897917.95,19012,LEGACY
2019-01-01,DIVISLAB,Divi's Laboratories,EQ,INE361B01024,1485.0,1491.05,1469.05,1475.45,1477.0,1482.65,254899,377207696.35,8057,LEGACY
2019-01-01,DRREDDY,Dr. Reddy's Laboratories,EQ,INE089A01023,2618.1,2634.0,2600.0,2607.05,2608.0,2616.5,338757,886095302.3,14470,LEGACY
2019-01-01,GLAXO,GlaxoSmithKline Pharmaceuticals,EQ,INE159A01016,1500.35,1510.95,1490.0,1498.0,1490.05,1515.35,4785,7188543.9,1710,LEGACY
2019-01-01,GLENMARK,Glenmark Pharmaceuticals,EQ,INE935A01035,690.5,697.6,687.55,692.15,691.75,693.05,436483,302232335.0,8571,LEGACY
2019-01-01,GRANULES,Granules India,EQ,INE101D01020,89.95,91.35,89.1,90.8,90.7,89.75,747168,67608330.95,3974,LEGACY
2019-01-01,IPCALAB,IPCA Laboratories,EQ,INE571A01020,800.05,819.0,793.15,816.35,813.7,802.1,63581,51544145.95,3265,LEGACY
2019-01-01,JBCHEPHARM,JB Chemicals & Pharmaceuticals,EQ,INE572A01028,304.25,313.0,300.85,311.25,311.0,305.9,18282,5636477.3,796,LEGACY
2019-01-01,LAURUSLABS,Laurus Labs,EQ,INE947Q01010,379.05,385.4,378.0,382.95,382.05,379.55,5906,2249697.2,333,LEGACY
2019-01-01,LUPIN,Lupin,EQ,INE326A01037,848.7,852.7,839.0,841.45,842.0,844.3,1122895,948837919.45,32186,LEGACY
2019-01-01,NATCOPHARM,Natco Pharma,EQ,INE987B01026,687.0,698.5,678.5,694.35,693.95,680.05,112551,77617302.95,4540,LEGACY
2019-01-01,PEL,Piramal Enterprises,EQ,INE140A01024,2392.0,2398.9,2355.1,2395.3,2398.8,2381.75,282866,672895271.7,14244,LEGACY
2019-01-01,PFIZER,Pfizer,EQ,INE182A01018,2860.0,2893.95,2820.1,2871.55,2850.0,2854.35,19306,55119705.7,2612,LEGACY
2019-01-01,SANOFI,Sanofi India,EQ,INE058A01010,6370.0,6380.0,6300.0,6339.95,6310.0,6370.5,1412,8950307.35,521,LEGACY
2019-01-01,STAR,Strides Pharma Science,EQ,INE939A01011,463.3,471.6,460.9,466.15,466.5,461.0,709205,330889257.7,11753,LEGACY
2019-01-01,SUNPHARMA,Sun Pharmaceutical Industries,EQ,INE044A01036,432.5,438.8,429.65,433.55,432.7,430.5,8487116,3691997044.25,91786,LEGACY
2019-01-01,TORNTPHARM,Torrent Pharmaceuticals,EQ,INE685A01028,1783.95,1784.95,1761.6,1775.55,1783.9,1771.4,40853,72512968.9,2729,LEGACY
2019-01-01,WOCKPHARMA,Wockhardt,EQ,INE049B01025,523.0,536.0,522.95,528.75,529.6,523.25,1817409,965820790.9,27441,LEGACY
2019-01-02,ABBOTINDIA,Abbott India,EQ,INE358A01014,7580.0,7580.0,7506.0,7527.05,7517.0,7580.05,1013,7643031.8,359,LEGACY
2019-01-02,AJANTPHARM,Ajanta Pharma,EQ,INE031B01049,1178.5,1191.6,1154.15,1164.35,1159.15,1181.7,178595,208800509.45,7089,LEGACY
2019-01-02,ALKEM,Alkem Laboratories,EQ,INE540L01014,1925.0,1975.0,1925.0,1951.05,1950.0,1940.3,33809,65983881.4,4311,LEGACY
2019-01-02,APLLTD,Alembic Pharmaceuticals,EQ,INE901L01018,589.0,589.0,577.05,580.45,580.0,586.85,15441,8978374.45,1025,LEGACY
2019-01-02,AUROPHARMA,Aurobindo Pharma,EQ,INE406A01037,729.0,732.4,719.0,724.35,722.1,733.15,1845752,1338782310.55,49869,LEGACY
2019-01-02,BIOCON,Biocon,EQ,INE376G01013,624.8,631.2,619.0,622.8,622.85,625.8,1232572,770077386.6,19678,LEGACY
2019-01-02,CADILAHC,Cadila Healthcare,EQ,INE010B01027,348.5,350.0,342.55,346.75,346.7,350.05,558345,193766879.8,7516,LEGACY
2019-01-02,CIPLA,Cipla,EQ,INE059A01026,521.9,522.5,513.15,514.55,514.3,523.05,1243067,641939610.45,32228,LEGACY
2019-01-02,DIVISLAB,Divi's Laboratories,EQ,INE361B01024,1476.9,1483.6,1461.4,1470.9,1472.1,1475.45,247208,363913340.15,12987,LEGACY
2019-01-02,DRREDDY,Dr. Reddy's Laboratories,EQ,INE089A01023,2606.0,2618.0,2575.05,2601.05,2605.05,2607.05,417551,1085167854.2,23048,LEGACY
2019-01-02,GLAXO,GlaxoSmithKline Pharmaceuticals,EQ,INE159A01016,1512.0,1512.0,1487.75,1497.55,1494.25,1498.0,6845,10253378.55,2544,LEGACY
2019-01-02,GLENMARK,Glenmark Pharmaceuticals,EQ,INE935A01035,691.8,691.8,673.05,683.05,682.95,692.15,583438,398844827.35,9891,LEGACY
2019-01-02,GRANULES,Granules India,EQ,INE101D01020,90.3,91.2,89.05,89.9,89.8,90.8,535316,48206234.3,3025,LEGACY
2019-01-02,IPCALAB,IPCA Laboratories,EQ,INE571A01020,802.6,819.0,798.25,799.85,800.95,816.35,60411,48545150.45,5233,LEGACY
2019-01-02,JBCHEPHARM,JB Chemicals & Pharmaceuticals,EQ,INE572A01028,311.25,317.5,306.1,311.4,311.5,311.25,42498,13354293.75,2265,LEGACY
2019-01-02,LAURUSLABS,Laurus Labs,EQ,INE947Q01010,383.0,385.75,378.0,378.95,379.15,382.95,4011,1533746.85,311,LEGACY
2019-01-02,LUPIN,Lupin,EQ,INE326A01037,842.0,847.0,826.05,832.8,832.0,841.45,1115202,932125670.05,36383,LEGACY
2019-01-02,NATCOPHARM,Natco Pharma,EQ,INE987B01026,697.0,701.5,688.0,698.7,694.0,694.35,165072,114732395.1,6788,LEGACY
2019-01-02,PEL,Piramal Enterprises,EQ,INE140A01024,2386.0,2410.0,2334.5,2343.75,2340.0,2395.3,607051,1439113325.0,28962,LEGACY
2019-01-02,PFIZER,Pfizer,EQ,INE182A01018,2860.0,2860.0,2801.1,2819.95,2801.1,2871.55,18423,52141563.25,2642,LEGACY
2019-01-02,SANOFI,Sanofi India,EQ,INE058A01010,6343.3,6350.0,6216.3,6234.25,6220.0,6339.95,907,5690583.35,374,LEGACY
2019-01-02,STAR,Strides Pharma Science,EQ,INE939A01011,465.1,469.95,453.65,458.4,457.5,466.15,727613,335244894.0,12317,LEGACY
2019-01-02,SUNPHARMA,Sun Pharmaceutical Industries,EQ,INE044A01036,430.5,441.2,429.25,440.05,439.95,433.55,9656878,4207479404.85,100434,LEGACY
2019-01-02,TORNTPHARM,Torrent Pharmaceuticals,EQ,INE685A01028,1766.8,1789.0,1747.05,1777.75,1778.05,1775.55,108547,192358485.55,12075,LEGACY
2019-01-02,WOCKPHARMA,Wockhardt,EQ,INE049B01025,528.75,532.8,513.2,517.75,516.75,528.75,1114110,583036429.1,17851,LEGACY
2019-01-03,ABBOTINDIA,Abbott India,EQ,INE358A01014,7520.3,7574.0,7430.0,7471.95,7470.0,7527.05,1739,13023432.55,630,LEGACY
2019-01-03,AJANTPHARM,Ajanta Pharma,EQ,INE031B01049,1163.0,1174.45,1146.0,1150.9,1148.5,1164.35,129568,150216510.35,5949,LEGACY
2019-01-03,ALKEM,Alkem Laboratories,EQ,INE540L01014,1957.95,1969.8,1941.0,1962.4,1962.0,1951.05,17059,33360829.25,1642,LEGACY
2019-01-03,APLLTD,Alembic Pharmaceuticals,EQ,INE901L01018,580.05,595.45,580.05,581.9,580.1,580.45,31636,18638253.9,1878,LEGACY
2019-01-03,AUROPHARMA,Aurobindo Pharma,EQ,INE406A01037,721.0,723.4,710.55,715.9,712.8,724.35,1357059,974500644.05,46619,LEGACY
2019-01-03,BIOCON,Biocon,EQ,INE376G01013,622.75,626.55,611.0,612.0,612.0,622.8,886390,547306982.6,16611,LEGACY
2019-01-03,CADILAHC,Cadila Healthcare,EQ,INE010B01027,345.05,348.8,342.0,343.65,342.05,346.75,482203,166352510.7,8274,LEGACY
2019-01-03,CIPLA,Cipla,EQ,INE059A01026,516.5,520.5,511.2,512.4,512.2,514.55,2086150,1073257313.75,82151,LEGACY
2019-01-03,DIVISLAB,Divi's Laboratories,EQ,INE361B01024,1479.6,1482.8,1432.1,1437.9,1435.0,1470.9,536515,778907428.25,27421,LEGACY
2019-01-03,DRREDDY,Dr. Reddy's Laboratories,EQ,INE089A01023,2605.0,2614.8,2564.0,2577.35,2573.0,2601.05,541891,1398155158.6,38525,LEGACY
2019-01-03,GLAXO,GlaxoSmithKline Pharmaceuticals,EQ,INE159A01016,1497.55,1510.0,1444.95,1472.05,1464.0,1497.55,13004,19125987.5,4692,LEGACY
2019-01-03,GLENMARK,Glenmark Pharmaceuticals,EQ,INE935A01035,682.5,682.6,659.35,661.55,659.35,683.05,612332,409280374.5,17692,LEGACY
2019-01-03,GRANULES,Granules India,EQ,INE101D01020,89.8,90.9,89.2,89.9,89.85,89.9,455053,40946315.05,2886,LEGACY
2019-01-03,IPCALAB,IPCA Laboratories,EQ,INE571A01020,805.0,815.95,782.1,787.65,785.0,799.85,61047,48721234.1,4410,LEGACY
2019-01-03,JBCHEPHARM,JB Chemicals & Pharmaceuticals,EQ,INE572A01028,311.0,315.5,310.2,313.05,311.6,311.4,14757,4628099.65,466,LEGACY
2019-01-03,LAURUSLABS,Laurus Labs,EQ,INE947Q01010,380.0,385.05,376.05,378.25,379.0,378.95,5429,2065644.95,422,LEGACY
2019-01-03,LUPIN,Lupin,EQ,INE326A01037,836.0,840.75,818.3,821.05,822.4,832.8,987539,818788876.2,26029,LEGACY
2019-01-03,NATCOPHARM,Natco Pharma,EQ,INE987B01026,698.9,708.0,691.5,696.1,694.75,698.7,220510,154353313.0,6675,LEGACY
2019-01-03,PEL,Piramal Enterprises,EQ,INE140A01024,2343.85,2360.4,2267.55,2286.6,2290.0,2343.75,554863,1284971203.15,32001,LEGACY
2019-01-03,PFIZER,Pfizer,EQ,INE182A01018,2801.05,2835.05,2758.05,2780.35,2779.0,2819.95,16619,46338111.2,3698,LEGACY
2019-01-03,SANOFI,Sanofi India,EQ,INE058A01010,6235.0,6279.95,6210.1,6234.1,6260.0,6234.25,880,5496956.9,435,LEGACY
2019-01-03,STAR,Strides Pharma Science,EQ,INE939A01011,460.0,462.9,455.0,456.3,455.25,458.4,706431,324020255.25,14001,LEGACY
2019-01-03,SUNPHARMA,Sun Pharmaceutical Industries,EQ,INE044A01036,442.05,443.6,434.0,436.1,434.9,440.05,9479511,4170669188.55,112961,LEGACY
2019-01-03,TORNTPHARM,Torrent Pharmaceuticals,EQ,INE685A01028,1770.0,1814.0,1761.6,1805.55,1807.1,1777.75,341671,614622663.2,16216,LEGACY
2019-01-03,WOCKPHARMA,Wockhardt,EQ,INE049B01025,517.9,522.2,505.85,507.8,507.45,517.75,759014,389510220.65,18425,LEGACY
2019-01-04,ABBOTINDIA,Abbott India,EQ,INE358A01014,7510.0,7546.65,7485.1,7504.5,7500.0,7471.95,2325,17455463.7,476,LEGACY
2019-01-04,AJANTPHARM,Ajanta Pharma,EQ,INE031B01049,1155.5,1157.95,1113.3,1129.1,1128.95,1150.9,221217,250048036.45,8735,LEGACY
2019-01-04,ALKEM,Alkem Laboratories,EQ,INE540L01014,1970.0,1970.0,1918.1,1950.05,1950.0,1962.4,35398,69015342.8,3340,LEGACY
2019-01-04,APLLTD,Alembic Pharmaceuticals,EQ,INE901L01018,581.0,589.3,578.0,579.1,580.0,581.9,16412,9532729.0,747,LEGACY
2019-01-04,AUROPHARMA,Aurobindo Pharma,EQ,INE406A01037,714.0,728.0,708.25,725.85,724.5,715.9,1340101,963877355.15,37770,LEGACY
2019-01-04,BIOCON,Biocon,EQ,INE376G01013,613.1,619.85,607.25,618.55,617.1,612.0,1010951,620984486.6,19326,LEGACY
2019-01-04,CADILAHC,Cadila Healthcare,EQ,INE010B01027,345.0,345.0,339.0,344.2,344.9,343.65,579722,198172543.85,8134,LEGACY
2019-01-04,CIPLA,Cipla,EQ,INE059A01026,513.0,514.9,508.05,512.8,512.25,512.4,1651456,845246260.4,39560,LEGACY
2019-01-04,DIVISLAB,Divi's Laboratories,EQ,INE361B01024,1437.9,1471.2,1428.25,1460.5,1469.0,1437.9,391849,567634365.35,15322,LEGACY
2019-01-04,DRREDDY,Dr. Reddy's Laboratories,EQ,INE089A01023,2580.0,2606.0,2562.0,2600.0,2596.2,2577.35,407397,1054431091.8,29388,LEGACY
2019-01-04,GLAXO,GlaxoSmithKline Pharmaceuticals,EQ,INE159A01016,1478.3,1482.0,1439.95,1450.0,1444.0,1472.05,15084,21891804.5,3189,LEGACY
2019-01-04,GLENMARK,Glenmark Pharmaceuticals,EQ,INE935A01035,660.5,666.0,656.0,664.25,664.85,661.55,818827,541615632.1,15171,LEGACY
2019-01-04,GRANULES,Granules India,EQ,INE101D01020,89.85,90.9,88.35,90.3,89.95,89.9,569390,51061486.45,6501,LEGACY
2019-01-04,IPCALAB,IPCA Laboratories,EQ,INE571A01020,788.0,792.55,775.7,787.0,787.0,787.65,194488,153097915.7,4937,LEGACY
2019-01-04,JBCHEPHARM,JB Chemicals & Pharmaceuticals,EQ,INE572A01028,314.5,314.5,303.0,305.55,304.5,313.05,13420,4143047.15,568,LEGACY
2019-01-04,LAURUSLABS,Laurus Labs,EQ,INE947Q01010,378.0,382.8,371.05,380.5,374.2,378.25,106740,40559625.55,429,LEGACY
2019-01-04,LUPIN,Lupin,EQ,INE326A01037,824.0,832.0,820.3,828.9,828.5,821.05,1279403,1058491195.35,33103,LEGACY
2019-01-04,NATCOPHARM,Natco Pharma,EQ,INE987B01026,695.9,706.85,691.0,703.4,700.0,696.1,94715,66318092.05,4863,LEGACY
2019-01-04,PEL,Piramal Enterprises,EQ,INE140A01024,2298.0,2371.4,2295.7,2358.65,2363.0,2286.6,626489,1462813915.55,29746,LEGACY
2019-01-04,PFIZER,Pfizer,EQ,INE182A01018,2788.55,2813.0,2752.0,2777.25,2766.1,2780.35,33343,92901557.15,3832,LEGACY
2019-01-04,SANOFI,Sanofi India,EQ,INE058A01010,6200.35,6270.0,6101.25,6128.25,6110.0,6234.1,7096,43713314.3,1753,LEGACY
2019-01-04,STAR,Strides Pharma Science,EQ,INE939A01011,458.0,460.2,448.25,457.3,458.5,456.3,890774,404625178.35,15803,LEGACY
2019-01-04,SUNPHARMA,Sun Pharmaceutical Industries,EQ,INE044A01036,439.1,439.9,432.2,433.8,433.4,436.1,6228693,2713360797.5,81360,LEGACY
2019-01-04,TORNTPHARM,Torrent Pharmaceuticals,EQ,INE685A01028,1800.0,1826.5,1799.8,1817.15,1813.9,1805.55,324394,588913166.9,16661,LEGACY
2019-01-04,WOCKPHARMA,Wockhardt,EQ,INE049B01025,508.05,512.95,501.0,510.7,509.75,507.8,935163,474642434.5,14391,LEGACY
2019-01-07,ABBOTINDIA,Abbott India,EQ,INE358A01014,7520.1,7575.0,7520.1,7574.2,7575.0,7504.5,2894,21895258.1,407,LEGACY
2019-01-07,AJANTPHARM,Ajanta Pharma,EQ,INE031B01049,1138.0,1190.0,1130.0,1177.4,1180.0,1129.1,389485,454687960.0,13148,LEGACY
2019-01-07,ALKEM,Alkem Laboratories,EQ,INE540L01014,1950.05,1973.35,1948.0,1964.2,1960.0,1950.05,12309,24143411.7,2080,LEGACY
2019-01-07,APLLTD,Alembic Pharmaceuticals,EQ,INE901L01018,577.0,589.75,577.0,581.9,579.0,579.1,9385,5474103.5,864,LEGACY
2019-01-07,AUROPHARMA,Aurobindo Pharma,EQ,INE406A01037,726.0,731.0,719.6,724.75,724.3,725.85,1413246,1024387041.05,29264,LEGACY
2019-01-07,BIOCON,Biocon,EQ,INE376G01013,622.0,622.5,616.5,620.65,620.0,618.55,535308,331479150.55,9744,LEGACY
2019-01-07,CADILAHC,Cadila Healthcare,EQ,INE010B01027,346.75,349.65,344.2,348.9,348.0,344.2,516834,179537004.0,12328,LEGACY
2019-01-07,CIPLA,Cipla,EQ,INE059A01026,516.0,517.75,510.3,514.05,513.8,512.8,1168002,601248667.9,21091,LEGACY
2019-01-07,DIVISLAB,Divi's Laboratories,EQ,INE361B01024,1470.0,1495.0,1461.35,1486.0,1492.0,1460.5,456830,674705748.55,23829,LEGACY
2019-01-07,DRREDDY,Dr. Reddy's Laboratories,EQ,INE089A01023,2613.85,2613.85,2537.3,2558.65,2560.0,2600.0,542415,1391980671.85,32378,LEGACY
2019-01-07,GLAXO,GlaxoSmithKline Pharmaceuticals,EQ,INE159A01016,1450.0,1464.45,1442.6,1457.9,1449.0,1450.0,8561,12450242.7,3018,LEGACY
2019-01-07,GLENMARK,Glenmark Pharmaceuticals,EQ,INE935A01035,669.0,669.0,645.8,653.65,655.0,664.25,1079160,702947756.1,33081,LEGACY
2019-01-07,GRANULES,Granules India,EQ,INE101D01020,90.45,91.2,87.6,88.9,89.0,90.3,780837,69680310.7,5836,LEGACY
2019-01-07,IPCALAB,IPCA Laboratories,EQ,INE571A01020,799.0,799.0,776.0,784.1,783.0,787.0,370121,291470748.6,4399,LEGACY
2019-01-07,JBCHEPHARM,JB Chemicals & Pharmaceuticals,EQ,INE572A01028,305.95,307.55,298.2,299.35,303.0,305.55,38412,11526654.45,2155,LEGACY
2019-01-07,LAURUSLABS,Laurus Labs,EQ,INE947Q01010,381.8,382.9,376.1,378.3,378.85,380.5,3742,1416127.6,213,LEGACY
2019-01-07,LUPIN,Lupin,EQ,INE326A01037,834.05,835.0,818.5,820.45,820.4,828.9,948727,782975674.55,29223,LEGACY
2019-01-07,NATCOPHARM,Natco Pharma,EQ,INE987B01026,704.0,709.8,693.3,699.05,697.5,703.4,486342,340183838.35,3499,LEGACY
2019-01-07,PEL,Piramal Enterprises,EQ,INE140A01024,2375.0,2382.95,2270.0,2279.55,2271.0,2358.65,471723,1090895635.1,25966,LEGACY
2019-01-07,PFIZER,Pfizer,EQ,INE182A01018,2800.0,2800.0,2730.0,2743.75,2730.0,2777.25,24252,66846731.85,4108,LEGACY
2019-01-07,SANOFI,Sanofi India,EQ,INE058A01010,6147.05,6224.7,6077.0,6105.6,6077.05,6128.25,2042,12568674.65,561,LEGACY
2019-01-07,STAR,Strides Pharma Science,EQ,INE939A01011,461.0,465.9,450.5,454.35,453.8,457.3,673778,308502759.15,10114,LEGACY
2019-01-07,SUNPHARMA,Sun Pharmaceutical Industries,EQ,INE044A01036,437.1,438.0,429.3,430.8,430.85,433.8,4118235,1783963552.6,64152,LEGACY
2019-01-07,TORNTPHARM,Torrent Pharmaceuticals,EQ,INE685A01028,1828.6,1839.7,1814.0,1823.75,1824.0,1817.15,145441,265791559.75,8003,LEGACY
2019-01-07,WOCKPHARMA,Wockhardt,EQ,INE049B01025,514.65,516.45,504.25,506.7,507.45,510.7,554024,282096063.6,9239,LEGACY
2019-01-08,ABBOTINDIA,Abbott India,EQ,INE358A01014,7575.0,7798.0,7524.2,7752.05,7711.0,7574.2,6740,51524701.35,1089,LEGACY
2019-01-08,AJANTPHARM,Ajanta Pharma,EQ,INE031B01049,1177.0,1188.4,1160.3,1172.8,1167.4,1177.4,263965,309787322.05,9621,LEGACY
2019-01-08,ALKEM,Alkem Laboratories,EQ,INE540L01014,1964.2,1978.9,1949.6,1954.7,1966.0,1964.2,12197,23924801.65,1886,LEGACY
2019-01-08,APLLTD,Alembic Pharmaceuticals,EQ,INE901L01018,584.0,596.0,577.15,591.75,593.0,581.9,42020,24862197.75,2240,LEGACY
2019-01-08,AUROPHARMA,Aurobindo Pharma,EQ,INE406A01037,732.05,751.85,730.0,746.55,748.8,724.75,4416254,3280460961.15,115165,LEGACY
2019-01-08,BIOCON,Biocon,EQ,INE376G01013,621.05,634.0,618.35,629.15,628.9,620.65,1470954,923018353.75,22837,LEGACY
2019-01-08,CADILAHC,Cadila Healthcare,EQ,INE010B01027,349.2,352.95,347.1,349.25,349.5,348.9,998829,349394676.75,22276,LEGACY
2019-01-08,CIPLA,Cipla,EQ,INE059A01026,516.0,517.2,511.25,513.65,514.0,514.05,1765015,906313070.95,44095,LEGACY
2019-01-08,DIVISLAB,Divi's Laboratories,EQ,INE361B01024,1488.8,1490.0,1455.1,1458.85,1460.0,1486.0,345960,507514687.75,15611,LEGACY
2019-01-08,DRREDDY,Dr. Reddy's Laboratories,EQ,INE089A01023,2561.0,2586.85,2551.0,2570.5,2571.3,2558.65,689498,1771512417.05,31706,LEGACY
2019-01-08,GLAXO,GlaxoSmithKline Pharmaceuticals,EQ,INE159A01016,1450.1,1459.8,1431.1,1447.85,1458.8,1457.9,11747,16952702.65,4008,LEGACY
2019-01-08,GLENMARK,Glenmark Pharmaceuticals,EQ,INE935A01035,655.0,659.4,649.25,654.5,654.95,653.65,585844,383161478.05,17496,LEGACY
2019-01-08,GRANULES,Granules India,EQ,INE101D01020,88.45,90.0,88.45,89.45,89.2,88.9,458173,40948015.0,3014,LEGACY
2019-01-08,IPCALAB,IPCA Laboratories,EQ,INE571A01020,786.0,794.0,772.5,775.0,772.5,784.1,201896,157140482.4,4206,LEGACY
2019-01-08,JBCHEPHARM,JB Chemicals & Pharmaceuticals,EQ,INE572A01028,303.0,305.2,301.25,303.7,305.0,299.35,18942,5763500.35,447,LEGACY
2019-01-08,LAURUSLABS,Laurus Labs,EQ,INE947Q01010,379.55,381.0,375.9,376.9,378.0,378.3,5501,2079831.35,330,LEGACY
2019-01-08,LUPIN,Lupin,EQ,INE326A01037,823.8,843.75,821.15,841.7,840.3,820.45,1404676,1169050991.35,39283,LEGACY
2019-01-08,NATCOPHARM,Natco Pharma,EQ,INE987B01026,701.95,701.95,690.1,696.2,692.0,699.05,353502,245320120.55,5989,LEGACY
2019-01-08,PEL,Piramal Enterprises,EQ,INE140A01024,2275.0,2334.95,2259.8,2308.55,2305.0,2279.55,495313,1144121071.4,25320,LEGACY
2019-01-08,PFIZER,Pfizer,EQ,INE182A01018,2758.0,2759.8,2717.05,2745.2,2742.0,2743.75,16198,44319282.0,4967,LEGACY
2019-01-08,SANOFI,Sanofi India,EQ,INE058A01010,6121.0,6217.6,6090.1,6191.25,6185.0,6105.6,2367,14561759.9,523,LEGACY
2019-01-08,STAR,Strides Pharma Science,EQ,INE939A01011,455.0,468.8,453.95,465.85,465.8,454.35,1004187,466124197.3,15211,LEGACY
2019-01-08,SUNPHARMA,Sun Pharmaceutical Industries,EQ,INE044A01036,433.8,449.0,432.35,448.05,448.75,430.8,12368631,5479690345.9,153466,LEGACY
2019-01-08,TORNTPHARM,Torrent Pharmaceuticals,EQ,INE685A01028,1823.75,1827.5,1800.55,1817.4,1816.0,1823.75,201731,366322182.55,9726,LEGACY
2019-01-08,WOCKPHARMA,Wockhardt,EQ,INE049B01025,509.8,515.4,507.95,513.7,513.6,506.7,1056420,541530139.05,17087,LEGACY
2019-01-09,ABBOTINDIA,Abbott India,EQ,INE358A01014,7761.0,8148.0,7761.0,8004.8,8080.0,7752.05,18663,149061045.1,3087,LEGACY
2019-01-09,AJANTPHARM,Ajanta Pharma,EQ,INE031B01049,1170.35,1190.0,1146.0,1158.45,1158.0,1172.8,417835,487936424.5,15173,LEGACY
2019-01-09,ALKEM,Alkem Laboratories,EQ,INE540L01014,1955.0,1992.0,1955.0,1975.45,1978.75,1954.7,11998,23718631.85,2484,LEGACY
2019-01-09,APLLTD,Alembic Pharmaceuticals,EQ,INE901L01018,596.95,596.95,588.7,592.4,593.95,591.75,37090,21961455.3,3120,LEGACY
2019-01-09,AUROPHARMA,Aurobindo Pharma,EQ,INE406A01037,749.0,759.0,742.4,757.25,756.85,746.55,2996718,2252974211.6,72254,LEGACY
2019-01-09,BIOCON,Biocon,EQ,INE376G01013,632.7,636.0,628.4,631.85,630.45,629.15,1452880,918874626.7,24374,LEGACY
2019-01-09,CADILAHC,Cadila Healthcare,EQ,INE010B01027,349.25,352.35,344.25,347.7,347.65,349.25,536267,186718871.8,13415,LEGACY
2019-01-09,CIPLA,Cipla,EQ,INE059A01026,515.55,516.75,507.5,510.1,510.4,513.65,1929305,984697636.1,33696,LEGACY
2019-01-09,DIVISLAB,Divi's Laboratories,EQ,INE361B01024,1460.85,1477.0,1460.0,1473.25,1472.1,1458.85,248643,365273440.25,12170,LEGACY
2019-01-09,DRREDDY,Dr. Reddy's Laboratories,EQ,INE089A01023,2580.9,2610.9,2580.9,2603.1,2597.9,2570.5,464336,1205346029.0,28282,LEGACY
2019-01-09,GLAXO,GlaxoSmithKline Pharmaceuticals,EQ,INE159A01016,1447.9,1473.95,1441.0,1464.55,1472.7,1447.85,16430,23980388.85,2958,LEGACY
2019-01-09,GLENMARK,Glenmark Pharmaceuticals,EQ,INE935A01035,655.5,660.45,648.3,656.7,653.85,654.5,589840,385741601.6,33098,LEGACY
2019-01-09,GRANULES,Granules India,EQ,INE101D01020,89.55,91.4,88.8,90.8,91.1,89.45,687883,62051863.45,6848,LEGACY
2019-01-09,IPCALAB,IPCA Laboratories,EQ,INE571A01020,784.9,787.35,775.0,777.05,775.0,775.0,44510,34672704.9,3971,LEGACY
2019-01-09,JBCHEPHARM,JB Chemicals & Pharmaceuticals,EQ,INE572A01028,308.0,308.0,300.35,302.9,301.15,303.7,7344,2235316.25,425,LEGACY
2019-01-09,LAURUSLABS,Laurus Labs,EQ,INE947Q01010,375.6,379.95,370.1,374.65,370.15,376.9,20190,7574444.4,446,LEGACY
2019-01-09,LUPIN,Lupin,EQ,INE326A01037,844.0,844.9,830.05,838.15,836.6,841.7,928337,776323924.85,26296,LEGACY
2019-01-09,NATCOPHARM,Natco Pharma,EQ,INE987B01026,698.25,699.5,684.8,686.85,687.2,696.2,73594,50844836.25,3883,LEGACY
2019-01-09,PEL,Piramal Enterprises,EQ,INE140A01024,2320.0,2352.5,2310.0,2341.9,2338.0,2308.55,446843,1042643805.0,25491,LEGACY
2019-01-09,PFIZER,Pfizer,EQ,INE182A01018,2740.05,2750.0,2720.1,2736.85,2735.2,2745.2,31787,86952789.25,2768,LEGACY
2019-01-09,SANOFI,Sanofi India,EQ,INE058A01010,6145.05,6297.95,6130.15,6224.75,6207.0,6191.25,20766,128030293.25,1401,LEGACY
2019-01-09,STAR,Strides Pharma Science,EQ,INE939A01011,466.15,481.0,464.15,476.3,480.7,465.85,1496974,705483105.45,24826,LEGACY
2019-01-09,SUNPHARMA,Sun Pharmaceutical Industries,EQ,INE044A01036,450.5,453.65,443.7,448.75,447.15,448.05,9034282,4059790450.05,129984,LEGACY
2019-01-09,TORNTPHARM,Torrent Pharmaceuticals,EQ,INE685A01028,1820.0,1835.75,1815.2,1830.2,1830.0,1817.4,211987,387388964.5,14691,LEGACY
2019-01-09,WOCKPHARMA,Wockhardt,EQ,INE049B01025,516.0,517.8,504.45,510.35,509.05,513.7,729692,372952169.0,14314,LEGACY
2019-01-10,ABBOTINDIA,Abbott India,EQ,INE358A01014,8011.0,8200.0,8011.0,8113.65,8127.0,8004.8,6160,50074441.25,1364,LEGACY
2019-01-10,AJANTPHARM,Ajanta Pharma,EQ,INE031B01049,1163.9,1172.0,1150.0,1162.85,1167.0,1158.45,187754,217880264.7,8409,LEGACY
2019-01-10,ALKEM,Alkem Laboratories,EQ,INE540L01014,1957.35,1984.7,1955.0,1969.95,1978.75,1975.45,5277,10400636.75,1076,LEGACY
2019-01-10,APLLTD,Alembic Pharmaceuticals,EQ,INE901L01018,590.0,597.85,590.0,591.3,593.6,592.4,11518,6827431.8,986,LEGACY
2019-01-10,AUROPHARMA,Aurobindo Pharma,EQ,INE406A01037,756.0,779.0,753.15,776.95,775.5,757.25,4276190,3288312839.8,64171,LEGACY
2019-01-10,BIOCON,Biocon,EQ,INE376G01013,631.0,632.25,620.15,630.45,630.0,631.85,1476768,924914128.5,35288,LEGACY
2019-01-10,CADILAHC,Cadila Healthcare,EQ,INE010B01027,346.9,351.3,345.85,350.0,350.45,347.7,497887,173955206.7,12168,LEGACY
2019-01-10,CIPLA,Cipla,EQ,INE059A01026,509.0,514.9,509.0,513.25,514.5,510.1,1252439,642102129.75,29306,LEGACY
2019-01-10,DIVISLAB,Divi's Laboratories,EQ,INE361B01024,1470.7,1525.55,1467.25,1520.45,1523.0,1473.25,1072651,1616808742.8,37663,LEGACY
2019-01-10,DRREDDY,Dr. Reddy's Laboratories,EQ,INE089A01023,2598.1,2610.0,2583.15,2600.4,2609.25,2603.1,390414,1013238958.2,21434,LEGACY
2019-01-10,GLAXO,GlaxoSmithKline Pharmaceuticals,EQ,INE159A01016,1465.0,1496.8,1446.35,1483.0,1488.9,1464.55,12102,17763553.75,3849,LEGACY
2019-01-10,GLENMARK,Glenmark Pharmaceuticals,EQ,INE935A01035,655.9,670.0,652.0,667.85,669.7,656.7,571292,378687024.55,22615,LEGACY
2019-01-10,GRANULES,Granules India,EQ,INE101D01020,90.7,91.35,89.5,90.55,90.2,90.8,505800,45720306.7,3120,LEGACY
2019-01-10,IPCALAB,IPCA Laboratories,EQ,INE571A01020,779.5,794.0,775.0,782.1,780.0,777.05,89333,69740073.65,4975,LEGACY
2019-01-10,JBCHEPHARM,JB Chemicals & Pharmaceuticals,EQ,INE572A01028,302.4,304.0,298.9,300.65,300.0,302.9,18720,5638965.65,1775,LEGACY
2019-01-10,LAURUSLABS,Laurus Labs,EQ,INE947Q01010,382.0,382.0,370.1,373.0,371.75,374.65,20814,7768109.0,492,LEGACY
2019-01-10,LUPIN,Lupin,EQ,INE326A01037,836.6,842.9,833.5,838.0,835.3,838.15,737445,618129676.2,18574,LEGACY
2019-01-10,NATCOPHARM,Natco Pharma,EQ,INE987B01026,689.85,694.85,685.0,685.7,686.0,686.85,75318,51808215.8,6578,LEGACY
2019-01-10,PEL,Piramal Enterprises,EQ,INE140A01024,2340.0,2344.95,2280.55,2305.05,2305.3,2341.9,266252,615593994.1,20078,LEGACY
2019-01-10,PFIZER,Pfizer,EQ,INE182A01018,2725.0,2770.0,2717.3,2748.65,2743.0,2736.85,18948,52025800.2,3614,LEGACY
2019-01-10,SANOFI,Sanofi India,EQ,INE058A01010,6262.85,6342.1,6211.8,6231.4,6233.6,6224.75,2292,14361422.85,1042,LEGACY
2019-01-10,STAR,Strides Pharma Science,EQ,INE939A01011,479.8,483.0,470.2,480.05,479.15,476.3,1478612,706709843.65,28641,LEGACY
2019-01-10,SUNPHARMA,Sun Pharmaceutical Industries,EQ,INE044A01036,445.1,448.0,440.45,444.6,444.2,448.75,3672333,1631245839.25,58266,LEGACY
2019-01-10,TORNTPHARM,Torrent Pharmaceuticals,EQ,INE685A01028,1835.0,1881.0,1828.8,1856.5,1859.15,1830.2,595646,1108469799.95,42687,LEGACY
2019-01-10,WOCKPHARMA,Wockhardt,EQ,INE049B01025,510.35,520.5,507.0,517.1,516.2,510.35,868139,447638784.15,15759,LEGACY
2019-01-11,ABBOTINDIA,Abbott India,EQ,INE358A01014,8113.65,8175.85,8040.95,8083.45,8060.0,8113.65,6203,50336289.15,1015,LEGACY
2019-01-11,AJANTPHARM,Ajanta Pharma,EQ,INE031B01049,1165.5,1172.85,1153.05,1159.75,1160.9,1162.85,141511,164267412.05,6228,LEGACY
2019-01-11,ALKEM,Alkem Laboratories,EQ,INE540L01014,1967.2,1977.5,1955.05,1967.3,1955.2,1969.95,7144,14043489.75,1778,LEGACY
2019-01-11,APLLTD,Alembic Pharmaceuticals,EQ,INE901L01018,590.3,595.95,589.85,590.3,592.0,591.3,21437,12666112.0,935,LEGACY
2019-01-11,AUROPHARMA,Aurobindo Pharma,EQ,INE406A01037,775.5,775.5,763.5,769.85,769.95,776.95,2470794,1900078415.4,51520,LEGACY
2019-01-11,BIOCON,Biocon,EQ,INE376G01013,630.85,643.65,628.1,642.5,642.1,630.45,1775791,1133671428.65,43618,LEGACY
2019-01-11,CADILAHC,Cadila Healthcare,EQ,INE010B01027,348.3,352.7,347.25,348.3,347.6,350.0,891386,311434095.55,16559,LEGACY
2019-01-11,CIPLA,Cipla,EQ,INE059A01026,513.4,519.0,508.25,510.2,510.95,513.25,2051418,1051988870.2,32322,LEGACY
2019-01-11,DIVISLAB,Divi's Laboratories,EQ,INE361B01024,1519.95,1533.7,1497.85,1505.15,1504.25,1520.45,1149372,1745915812.7,39655,LEGACY
2019-01-11,DRREDDY,Dr. Reddy's Laboratories,EQ,INE089A01023,2610.8,2610.8,2580.0,2588.15,2585.35,2600.4,316787,821040207.35,19199,LEGACY
2019-01-11,GLAXO,GlaxoSmithKline Pharmaceuticals,EQ,INE159A01016,1477.0,1495.0,1451.0,1484.05,1488.0,1483.0,12593,18563142.15,4001,LEGACY
2019-01-11,GLENMARK,Glenmark Pharmaceuticals,EQ,INE935A01035,668.5,673.35,647.7,651.3,650.9,667.85,1007280,660164232.4,50349,LEGACY
2019-01-11,GRANULES,Granules India,EQ,INE101D01020,90.4,90.5,89.5,90.1,89.7,90.55,338496,30455741.9,3036,LEGACY
2019-01-11,IPCALAB,IPCA Laboratories,EQ,INE571A01020,782.0,793.0,778.05,780.5,781.0,782.1,107209,84201962.5,9217,LEGACY
2019-01-11,JBCHEPHARM,JB Chemicals & Pharmaceuticals,EQ,INE572A01028,301.35,302.0,297.65,300.45,301.0,300.65,15488,4646593.3,588,LEGACY
2019-01-11,LAURUSLABS,Laurus Labs,EQ,INE947Q01010,374.7,376.0,368.55,374.6,375.0,373.0,100916,37781967.55,964,LEGACY
2019-01-11,LUPIN,Lupin,EQ,INE326A01037,838.5,842.0,828.1,839.35,837.0,838.0,824260,688762839.6,19532,LEGACY
2019-01-11,NATCOPHARM,Natco Pharma,EQ,INE987B01026,689.95,696.0,681.6,689.65,686.1,685.7,90058,62090011.3,4054,LEGACY
2019-01-11,PEL,Piramal Enterprises,EQ,INE140A01024,2315.7,2334.15,2275.05,2296.85,2295.0,2305.05,289619,666810810.95,21728,LEGACY
2019-01-11,PFIZER,Pfizer,EQ,INE182A01018,2748.95,2770.0,2729.5,2761.15,2745.0,2748.65,70828,194400319.75,3741,LEGACY
2019-01-11,SANOFI,Sanofi India,EQ,INE058A01010,6250.0,6299.85,6201.0,6232.85,6228.0,6231.4,2082,12991733.25,764,LEGACY
2019-01-11,STAR,Strides Pharma Science,EQ,INE939A01011,480.0,482.35,473.0,480.7,480.4,480.05,643711,307570499.3,13314,LEGACY
2019-01-11,SUNPHARMA,Sun Pharmaceutical Industries,EQ,INE044A01036,445.05,449.75,441.6,444.4,443.05,444.6,3778103,1683855704.65,52429,LEGACY
2019-01-11,TORNTPHARM,Torrent Pharmaceuticals,EQ,INE685A01028,1860.0,1890.0,1855.05,1885.7,1890.0,1856.5,434542,815714019.7,24437,LEGACY
2019-01-11,WOCKPHARMA,Wockhardt,EQ,INE049B01025,516.0,523.0,511.5,515.1,513.45,517.1,772958,399421734.2,11832,LEGACY
2019-01-14,ABBOTINDIA,Abbott India,EQ,INE358A01014,8083.45,8100.65,7939.2,8027.1,8025.0,8083.45,1596,12815900.25,398,LEGACY
2019-01-14,AJANTPHARM,Ajanta Pharma,EQ,INE031B01049,1160.1,1178.2,1154.35,1174.45,1176.05,1159.75,183229,214509446.4,8710,LEGACY
2019-01-14,ALKEM,Alkem Laboratories,EQ,INE540L01014,1928.0,1951.8,1896.1,1941.65,1931.0,1967.3,23641,45479347.9,3745,LEGACY
2019-01-14,APLLTD,Alembic Pharmaceuticals,EQ,INE901L01018,586.1,607.1,586.0,596.95,597.0,590.3,42234,25331770.9,3432,LEGACY
2019-01-14,AUROPHARMA,Aurobindo Pharma,EQ,INE406A01037,769.95,778.9,765.6,770.2,771.85,769.85,1789500,1382760970.0,44938,LEGACY
2019-01-14,BIOCON,Biocon,EQ,INE376G01013,645.0,647.75,638.25,645.5,646.0,642.5,1857352,1197240597.7,39404,LEGACY
2019-01-14,CADILAHC,Cadila Healthcare,EQ,INE010B01027,350.25,355.9,349.6,353.7,354.8,348.3,1672294,590729933.25,25497,LEGACY
2019-01-14,CIPLA,Cipla,EQ,INE059A01026,510.2,514.0,505.6,511.95,513.25,510.2,1472415,748876394.75,26968,LEGACY
2019-01-14,DIVISLAB,Divi's Laboratories,EQ,INE361B01024,1504.9,1538.85,1504.25,1530.45,1530.0,1505.15,965710,1471093310.9,27729,LEGACY
2019-01-14,DRREDDY,Dr. Reddy's Laboratories,EQ,INE089A01023,2585.35,2605.0,2555.0,2578.8,2574.25,2588.15,394478,1018118690.95,33557,LEGACY
2019-01-14,GLAXO,GlaxoSmithKline Pharmaceuticals,EQ,INE159A01016,1504.8,1504.8,1453.4,1469.35,1462.0,1484.05,12912,18966884.35,4232,LEGACY
2019-01-14,GLENMARK,Glenmark Pharmaceuticals,EQ,INE935A01035,651.9,670.05,648.25,666.7,667.5,651.3,679289,449327603.7,28171,LEGACY
2019-01-14,GRANULES,Granules India,EQ,INE101D01020,89.6,89.7,87.25,87.7,87.45,90.1,568163,50109272.3,3272,LEGACY
2019-01-14,IPCALAB,IPCA Laboratories,EQ,INE571A01020,781.0,789.75,775.3,785.15,783.65,780.5,38326,30029029.0,3527,LEGACY
2019-01-14,JBCHEPHARM,JB Chemicals & Pharmaceuticals,EQ,INE572A01028,301.95,302.5,297.6,301.3,301.0,300.45,11716,3524911.75,463,LEGACY
2019-01-14,LAURUSLABS,Laurus Labs,EQ,INE947Q01010,380.0,387.0,375.1,377.25,378.0,374.6,29842,11374016.85,920,LEGACY
2019-01-14,LUPIN,Lupin,EQ,INE326A01037,837.8,840.95,828.5,834.75,833.6,839.35,922667,770595554.65,38396,LEGACY
2019-01-14,NATCOPHARM,Natco Pharma,EQ,INE987B01026,694.9,694.9,680.2,685.5,684.5,689.65,102838,70737479.15,2359,LEGACY
2019-01-14,PEL,Piramal Enterprises,EQ,INE140A01024,2296.75,2296.75,2250.0,2275.75,2260.0,2296.85,276534,627437593.9,15833,LEGACY
2019-01-14,PFIZER,Pfizer,EQ,INE182A01018,2756.0,2756.0,2678.2,2691.85,2682.05,2761.15,17512,47420754.1,3155,LEGACY
2019-01-14,SANOFI,Sanofi India,EQ,INE058A01010,6232.9,6289.9,6192.05,6270.25,6265.0,6232.85,1199,7486131.85,629,LEGACY
2019-01-14,STAR,Strides Pharma Science,EQ,INE939A01011,480.4,522.35,480.4,520.0,519.4,480.7,7452650,3793592381.05,101448,LEGACY
2019-01-14,SUNPHARMA,Sun Pharmaceutical Industries,EQ,INE044A01036,447.0,452.0,443.75,450.85,451.5,444.4,5784064,2590136190.75,87550,LEGACY
2019-01-14,TORNTPHARM,Torrent Pharmaceuticals,EQ,INE685A01028,1891.05,1894.0,1872.2,1885.25,1882.05,1885.7,209469,394855819.1,13910,LEGACY
2019-01-14,WOCKPHARMA,Wockhardt,EQ,INE049B01025,515.0,518.8,508.1,509.65,509.7,515.1,670517,343807360.3,11360,LEGACY
2019-01-15,ABBOTINDIA,Abbott India,EQ,INE358A01014,8025.0,8144.7,8025.0,8111.65,8100.0,8027.1,2973,24094617.8,523,LEGACY
2019-01-15,AJANTPHARM,Ajanta Pharma,EQ,INE031B01049,1176.1,1183.55,1155.35,1160.3,1161.4,1174.45,286076,333666957.85,13235,LEGACY
2019-01-15,ALKEM,Alkem Laboratories,EQ,INE540L01014,1949.9,1949.9,1907.0,1921.45,1912.5,1941.65,6329,12193237.6,1309,LEGACY
2019-01-15,APLLTD,Alembic Pharmaceuticals,EQ,INE901L01018,595.1,602.0,593.0,597.8,598.0,596.95,11507,6877044.25,603,LEGACY
2019-01-15,AUROPHARMA,Aurobindo Pharma,EQ,INE406A01037,774.0,788.95,771.1,786.55,786.55,770.2,1884570,1473110624.15,55737,LEGACY
2019-01-15,BIOCON,Biocon,EQ,INE376G01013,650.1,651.45,643.05,647.7,648.9,645.5,1217601,788408814.85,21824,LEGACY
2019-01-15,CADILAHC,Cadila Healthcare,EQ,INE010B01027,355.1,357.85,352.9,355.9,353.9,353.7,1068589,380339435.25,16063,LEGACY
2019-01-15,CIPLA,Cipla,EQ,INE059A01026,514.5,515.35,509.5,514.95,515.0,511.95,1177377,604436661.5,20168,LEGACY
2019-01-15,DIVISLAB,Divi's Laboratories,EQ,INE361B01024,1531.0,1535.0,1515.5,1522.2,1520.0,1530.45,383535,584953737.0,16852,LEGACY
2019-01-15,DRREDDY,Dr. Reddy's Laboratories,EQ,INE089A01023,2585.0,2604.0,2581.35,2594.8,2601.0,2578.8,357577,927494962.65,31809,LEGACY
2019-01-15,GLAXO,GlaxoSmithKline Pharmaceuticals,EQ,INE159A01016,1461.25,1479.75,1441.0,1444.5,1442.0,1469.35,15233,22066455.65,3014,LEGACY
2019-01-15,GLENMARK,Glenmark Pharmaceuticals,EQ,INE935A01035,670.0,671.45,659.45,665.05,665.1,666.7,587843,390853480.05,19714,LEGACY
2019-01-15,GRANULES,Granules India,EQ,INE101D01020,88.2,88.7,87.7,88.3,88.6,87.7,489627,43185789.45,3653,LEGACY
2019-01-15,IPCALAB,IPCA Laboratories,EQ,INE571A01020,785.05,789.9,776.0,783.4,779.05,785.15,31116,24467030.85,2865,LEGACY
2019-01-15,JBCHEPHARM,JB Chemicals & Pharmaceuticals,EQ,INE572A01028,301.3,327.85,301.3,315.75,316.0,301.3,232571,73841972.35,5961,LEGACY
2019-01-15,LAURUSLABS,Laurus Labs,EQ,INE947Q01010,379.6,381.0,378.0,378.6,380.0,377.25,13741,5215427.6,446,LEGACY
2019-01-15,LUPIN,Lupin,EQ,INE326A01037,836.5,853.0,833.05,849.7,850.5,834.75,1071980,906849834.8,48026,LEGACY
2019-01-15,NATCOPHARM,Natco Pharma,EQ,INE987B01026,685.5,694.7,685.5,692.7,693.5,685.5,193766,133585485.95,4761,LEGACY
2019-01-15,PEL,Piramal Enterprises,EQ,INE140A01024,2284.0,2350.0,2276.65,2345.75,2341.0,2275.75,345271,801817816.65,17670,LEGACY
2019-01-15,PFIZER,Pfizer,EQ,INE182A01018,2680.4,2722.45,2680.4,2700.5,2701.0,2691.85,9368,25295603.35,1956,LEGACY
2019-01-15,SANOFI,Sanofi India,EQ,INE058A01010,6264.2,6327.0,6206.6,6293.65,6206.6,6270.25,10543,66317487.45,1838,LEGACY
2019-01-15,STAR,Strides Pharma Science,EQ,INE939A01011,519.55,528.5,511.35,514.45,516.0,520.0,3559117,1847454772.95,54930,LEGACY
2019-01-15,SUNPHARMA,Sun Pharmaceutical Industries,EQ,INE044A01036,453.25,454.5,449.5,452.45,452.0,450.85,4291873,1940120067.9,58911,LEGACY
2019-01-15,TORNTPHARM,Torrent Pharmaceuticals,EQ,INE685A01028,1893.0,1912.95,1882.05,1891.7,1892.0,1885.25,273671,519449045.6,20998,LEGACY
2019-01-15,WOCKPHARMA,Wockhardt,EQ,INE049B01025,513.0,514.9,506.8,509.4,508.95,509.65,749516,382418444.0,9642,LEGACY
2019-01-16,ABBOTINDIA,Abbott India,EQ,INE358A01014,8168.0,8168.0,8050.0,8092.05,8100.0,8111.65,2028,16385590.3,377,LEGACY
2019-01-16,AJANTPHARM,Ajanta Pharma,EQ,INE031B01049,1162.95,1163.8,1134.9,1138.8,1140.0,1160.3,301146,344964685.85,14160,LEGACY
2019-01-16,ALKEM,Alkem Laboratories,EQ,INE540L01014,1926.1,1932.0,1880.0,1887.45,1883.0,1921.45,14051,26686939.05,3679,LEGACY
2019-01-16,APLLTD,Alembic Pharmaceuticals,EQ,INE901L01018,607.95,607.95,594.0,596.35,596.0,597.8,10674,6382539.6,941,LEGACY
2019-01-16,AUROPHARMA,Aurobindo Pharma,EQ,INE406A01037,784.85,791.6,779.0,788.3,788.55,786.55,1884849,1481286975.9,45655,LEGACY
2019-01-16,BIOCON,Biocon,EQ,INE376G01013,648.9,655.0,645.0,650.7,651.5,647.7,937081,610384902.25,22744,LEGACY
2019-01-16,CADILAHC,Cadila Healthcare,EQ,INE010B01027,355.0,359.75,351.1,352.55,353.0,355.9,1206297,428362925.5,18158,LEGACY
2019-01-16,CIPLA,Cipla,EQ,INE059A01026,515.0,515.95,509.0,511.5,511.3,514.95,1446921,740353906.6,31996,LEGACY
2019-01-16,DIVISLAB,Divi's Laboratories,EQ,INE361B01024,1526.05,1526.05,1512.65,1519.8,1519.9,1522.2,362391,550654955.8,20435,LEGACY
2019-01-16,DRREDDY,Dr. Reddy's Laboratories,EQ,INE089A01023,2580.0,2627.7,2575.3,2616.95,2615.15,2594.8,946148,2465338217.15,41517,LEGACY
2019-01-16,GLAXO,GlaxoSmithKline Pharmaceuticals,EQ,INE159A01016,1445.6,1455.15,1436.0,1440.5,1436.0,1444.5,9552,13792154.2,2159,LEGACY
2019-01-16,GLENMARK,Glenmark Pharmaceuticals,EQ,INE935A01035,664.5,669.0,652.5,655.95,654.7,665.05,786856,518679277.75,29300,LEGACY
2019-01-16,GRANULES,Granules India,EQ,INE101D01020,88.35,92.4,88.0,91.3,90.55,88.3,1044008,94314802.15,4982,LEGACY
2019-01-16,IPCALAB,IPCA Laboratories,EQ,INE571A01020,786.0,789.5,780.1,788.8,789.0,783.4,38234,30138313.9,3046,LEGACY
2019-01-16,JBCHEPHARM,JB Chemicals & Pharmaceuticals,EQ,INE572A01028,316.0,321.55,315.25,319.3,318.2,315.75,35990,11510504.85,1934,LEGACY
2019-01-16,LAURUSLABS,Laurus Labs,EQ,INE947Q01010,381.0,381.0,376.0,377.15,376.0,378.6,14536,5491715.4,286,LEGACY
2019-01-16,LUPIN,Lupin,EQ,INE326A01037,850.4,865.5,845.1,863.2,860.5,849.7,1681645,1443485631.05,30564,LEGACY
2019-01-16,NATCOPHARM,Natco Pharma,EQ,INE987B01026,695.0,699.0,673.5,680.0,677.0,692.7,804818,548266268.15,4953,LEGACY
2019-01-16,PEL,Piramal Enterprises,EQ,INE140A01024,2355.0,2377.0,2327.05,2372.15,2375.0,2345.75,437127,1031547401.8,22066,LEGACY
2019-01-16,PFIZER,Pfizer,EQ,INE182A01018,2700.4,2738.95,2690.0,2722.5,2699.05,2700.5,18917,51322800.7,3154,LEGACY
2019-01-16,SANOFI,Sanofi India,EQ,INE058A01010,6261.9,6413.95,6261.9,6383.35,6345.0,6293.65,4904,31215208.05,2160,LEGACY
2019-01-16,STAR,Strides Pharma Science,EQ,INE939A01011,518.0,532.55,514.6,525.25,524.95,514.45,2111625,1108956890.75,39758,LEGACY
2019-01-16,SUNPHARMA,Sun Pharmaceutical Industries,EQ,INE044A01036,451.4,457.4,447.15,453.8,452.2,452.45,5879148,2665258503.1,71804,LEGACY
2019-01-16,TORNTPHARM,Torrent Pharmaceuticals,EQ,INE685A01028,1898.4,1962.0,1890.05,1946.95,1951.5,1891.7,449206,865556797.75,21063,LEGACY
2019-01-16,WOCKPHARMA,Wockhardt,EQ,INE049B01025,509.8,516.2,507.9,510.45,510.85,509.4,681044,348923604.65,9957,LEGACY
2019-01-17,ABBOTINDIA,Abbott India,EQ,INE358A01014,8077.0,8170.0,8075.0,8138.4,8170.0,8092.05,945,7679528.45,460,LEGACY
2019-01-17,AJANTPHARM,Ajanta Pharma,EQ,INE031B01049,1140.15,1156.0,1132.3,1151.55,1149.4,1138.8,318987,365222746.4,14877,LEGACY
2019-01-17,ALKEM,Alkem Laboratories,EQ,INE540L01014,1881.0,1905.0,1875.1,1890.15,1892.7,1887.45,7336,13865416.1,1647,LEGACY
2019-01-17,APLLTD,Alembic Pharmaceuticals,EQ,INE901L01018,598.0,600.0,581.7,591.4,590.75,596.35,113613,67493509.45,9354,LEGACY
2019-01-17,AUROPHARMA,Aurobindo Pharma,EQ,INE406A01037,788.55,791.3,769.25,775.0,775.25,788.3,1308601,1023256247.8,42845,LEGACY
2019-01-17,BIOCON,Biocon,EQ,INE376G01013,652.1,660.0,649.4,657.65,658.0,650.7,1100775,719867464.7,20750,LEGACY
2019-01-17,CADILAHC,Cadila Healthcare,EQ,INE010B01027,353.0,358.4,351.5,355.85,354.25,352.55,1053793,375451595.4,23372,LEGACY
2019-01-17,CIPLA,Cipla,EQ,INE059A01026,512.5,514.95,507.6,509.6,509.25,511.5,1598184,816444144.75,38581,LEGACY
2019-01-17,DIVISLAB,Divi's Laboratories,EQ,INE361B01024,1526.0,1548.0,1499.2,1505.35,1504.85,1519.8,927211,1413141502.5,40802,LEGACY
2019-01-17,DRREDDY,Dr. Reddy's Laboratories,EQ,INE089A01023,2620.0,2628.8,2600.0,2619.15,2619.5,2616.95,649802,1697880808.6,33739,LEGACY
2019-01-17,GLAXO,GlaxoSmithKline Pharmaceuticals,EQ,INE159A01016,1440.1,1450.0,1405.5,1437.9,1438.0,1440.5,14037,20093821.75,3330,LEGACY
2019-01-17,GLENMARK,Glenmark Pharmaceuticals,EQ,INE935A01035,655.75,664.0,651.25,661.5,661.1,655.95,599607,394132928.9,32793,LEGACY
2019-01-17,GRANULES,Granules India,EQ,INE101D01020,91.0,91.0,89.5,90.2,89.7,91.3,526781,47591975.7,3939,LEGACY
2019-01-17,IPCALAB,IPCA Laboratories,EQ,INE571A01020,798.0,798.0,775.6,787.95,785.4,788.8,174576,137688872.1,5303,LEGACY
2019-01-17,JBCHEPHARM,JB Chemicals & Pharmaceuticals,EQ,INE572A01028,320.15,320.15,314.1,315.65,315.0,319.3,9141,2895052.9,462,LEGACY
2019-01-17,LAURUSLABS,Laurus Labs,EQ,INE947Q01010,378.05,379.0,374.2,376.7,375.2,377.15,121274,45500277.8,2747,LEGACY
2019-01-17,LUPIN,Lupin,EQ,INE326A01037,863.65,875.0,860.1,868.75,865.05,863.2,1995674,1730560531.8,43604,LEGACY
2019-01-17,NATCOPHARM,Natco Pharma,EQ,INE987B01026,681.0,692.9,681.0,689.6,692.9,680.0,85930,59121743.55,5411,LEGACY
2019-01-17,PEL,Piramal Enterprises,EQ,INE140A01024,2375.0,2395.0,2370.0,2387.9,2385.0,2372.15,367656,876266770.45,19741,LEGACY
2019-01-17,PFIZER,Pfizer,EQ,INE182A01018,2725.0,2729.0,2626.05,2685.0,2676.5,2722.5,29250,78480409.7,4109,LEGACY
2019-01-17,SANOFI,Sanofi India,EQ,INE058A01010,6399.5,6420.0,6335.05,6388.25,6390.0,6383.35,10102,64460328.35,600,LEGACY
2019-01-17,STAR,Strides Pharma Science,EQ,INE939A01011,525.0,531.0,521.45,528.4,527.3,525.25,1131121,595476278.45,18750,LEGACY
2019-01-17,SUNPHARMA,Sun Pharmaceutical Industries,EQ,INE044A01036,455.0,455.4,422.5,426.55,423.8,453.8,8343750,3657325601.95,131151,LEGACY
2019-01-17,TORNTPHARM,Torrent Pharmaceuticals,EQ,INE685A01028,1951.0,1955.0,1878.5,1886.0,1888.05,1946.95,381301,725983002.65,33773,LEGACY
2019-01-17,WOCKPHARMA,Wockhardt,EQ,INE049B01025,513.05,513.7,499.0,501.3,500.05,510.45,846304,427619183.45,14042,LEGACY
2019-01-18,ABBOTINDIA,Abbott India,EQ,INE358A01014,8177.9,8177.9,8060.75,8098.35,8100.0,8138.4,965,7830610.4,318,LEGACY
2019-01-18,AJANTPHARM,Ajanta Pharma,EQ,INE031B01049,1149.4,1151.65,1129.1,1140.8,1140.15,1151.55,171263,195533115.4,8401,LEGACY
2019-01-18,ALKEM,Alkem Laboratories,EQ,INE540L01014,1890.9,1969.0,1877.0,1897.25,1890.0,1890.15,46132,88588950.1,4987,LEGACY
2019-01-18,APLLTD,Alembic Pharmaceuticals,EQ,INE901L01018,594.8,614.0,583.75,588.5,587.0,591.4,461074,272582520.75,3568,LEGACY
2019-01-18,AUROPHARMA,Aurobindo Pharma,EQ,INE406A01037,780.1,781.0,763.0,770.05,774.0,775.0,2473473,1906962306.15,53065,LEGACY
2019-01-18,BIOCON,Biocon,EQ,INE376G01013,660.0,672.5,650.0,652.05,651.15,657.65,3525582,2341158854.35,66650,LEGACY
2019-01-18,CADILAHC,Cadila Healthcare,EQ,INE010B01027,353.3,354.45,343.05,347.05,347.0,355.85,1220994,423298940.35,28680,LEGACY
2019-01-18,CIPLA,Cipla,EQ,INE059A01026,510.2,513.0,507.3,509.4,509.2,509.6,1502360,766454916.15,53768,LEGACY
2019-01-18,DIVISLAB,Divi's Laboratories,EQ,INE361B01024,1512.75,1520.0,1483.45,1509.15,1510.95,1505.35,454592,683509979.7,18746,LEGACY
2019-01-18,DRREDDY,Dr. Reddy's Laboratories,EQ,INE089A01023,2605.0,2629.35,2594.5,2596.8,2600.0,2619.15,536273,1397175683.75,26318,LEGACY
2019-01-18,GLAXO,GlaxoSmithKline Pharmaceuticals,EQ,INE159A01016,1435.0,1435.0,1415.0,1417.7,1416.0,1437.9,8132,11554172.65,2375,LEGACY
2019-01-18,GLENMARK,Glenmark Pharmaceuticals,EQ,INE935A01035,659.9,663.0,635.0,640.4,639.85,661.5,959374,615171081.5,29300,LEGACY
2019-01-18,GRANULES,Granules India,EQ,INE101D01020,90.2,90.25,86.2,88.3,88.3,90.2,723677,63747299.0,3422,LEGACY
2019-01-18,IPCALAB,IPCA Laboratories,EQ,INE571A01020,785.6,786.55,763.9,771.0,769.0,787.95,45673,35321287.15,4220,LEGACY
2019-01-18,JBCHEPHARM,JB Chemicals & Pharmaceuticals,EQ,INE572A01028,316.0,321.9,306.0,310.45,307.75,315.65,43763,13893188.4,2689,LEGACY
2019-01-18,LAURUSLABS,Laurus Labs,EQ,INE947Q01010,377.0,379.0,374.0,375.5,375.0,376.7,42933,16123208.45,764,LEGACY
2019-01-18,LUPIN,Lupin,EQ,INE326A01037,861.1,867.35,851.85,862.3,859.0,868.75,1824696,1570018693.55,40800,LEGACY
2019-01-18,NATCOPHARM,Natco Pharma,EQ,INE987B01026,694.8,694.8,683.3,686.85,683.3,689.6,41694,28667054.35,2953,LEGACY
2019-01-18,PEL,Piramal Enterprises,EQ,INE140A01024,2381.1,2384.0,2275.05,2296.2,2297.0,2387.9,427320,990491442.4,23227,LEGACY
2019-01-18,PFIZER,Pfizer,EQ,INE182A01018,2685.85,2700.4,2650.0,2664.45,2666.0,2685.0,11573,30964218.15,2341,LEGACY
2019-01-18,SANOFI,Sanofi India,EQ,INE058A01010,6362.75,6438.0,6326.95,6389.15,6388.0,6388.25,1891,12103586.75,710,LEGACY
2019-01-18,STAR,Strides Pharma Science,EQ,INE939A01011,527.3,529.4,504.5,517.25,519.5,528.4,1678240,861553294.4,27288,LEGACY
2019-01-18,SUNPHARMA,Sun Pharmaceutical Industries,EQ,INE044A01036,424.05,424.1,370.2,390.75,390.25,426.55,82906214,31898866834.2,855830,LEGACY
2019-01-18,TORNTPHARM,Torrent Pharmaceuticals,EQ,INE685A01028,1899.5,1927.45,1888.0,1897.75,1899.95,1886.0,348517,665437700.0,18209,LEGACY
2019-01-18,WOCKPHARMA,Wockhardt,EQ,INE049B01025,503.0,503.6,486.6,489.35,487.7,501.3,1504398,739866796.6,25549,LEGACY
2019-01-21,ABBOTINDIA,Abbott India,EQ,INE358A01014,8122.45,8250.0,8086.0,8212.9,8200.0,8098.35,3174,26033495.7,889,LEGACY
2019-01-21,AJANTPHARM,Ajanta Pharma,EQ,INE031B01049,1147.5,1152.5,1138.7,1145.3,1142.05,1140.8,156511,179470924.1,11411,LEGACY
2019-01-21,ALKEM,Alkem Laboratories,EQ,INE540L01014,1912.45,1913.9,1889.5,1902.25,1895.05,1897.25,11228,21337103.35,2254,LEGACY
2019-01-21,APLLTD,Alembic Pharmaceuticals,EQ,INE901L01018,585.2,599.5,582.4,590.65,589.35,588.5,26880,15823788.6,1218,LEGACY
2019-01-21,AUROPHARMA,Aurobindo Pharma,EQ,INE406A01037,770.4,784.8,767.2,776.2,775.8,770.05,1640124,1278942568.25,40418,LEGACY
2019-01-21,BIOCON,Biocon,EQ,INE376G01013,654.8,671.3,654.3,663.0,664.0,652.05,1826408,1212791063.05,37882,LEGACY
2019-01-21,CADILAHC,Cadila Healthcare,EQ,INE010B01027,345.95,351.7,343.55,344.6,344.25,347.05,786496,272865594.7,17126,LEGACY
2019-01-21,CIPLA,Cipla,EQ,INE059A01026,510.0,514.2,508.2,509.25,509.05,509.4,1150380,587513166.6,20035,LEGACY
2019-01-21,DIVISLAB,Divi's Laboratories,EQ,INE361B01024,1515.0,1518.15,1493.65,1497.2,1496.25,1509.15,351617,529218835.75,14987,LEGACY
2019-01-21,DRREDDY,Dr. Reddy's Laboratories,EQ,INE089A01023,2605.0,2642.0,2581.8,2599.8,2593.9,2596.8,595064,1559742817.4,43260,LEGACY
2019-01-21,GLAXO,GlaxoSmithKline Pharmaceuticals,EQ,INE159A01016,1412.0,1425.1,1398.0,1404.8,1403.0,1417.7,11513,16207844.0,3224,LEGACY
2019-01-21,GLENMARK,Glenmark Pharmaceuticals,EQ,INE935A01035,639.75,654.75,637.1,646.1,645.8,640.4,796703,516359873.35,24753,LEGACY
2019-01-21,GRANULES,Granules India,EQ,INE101D01020,87.8,88.85,87.55,88.1,88.0,88.3,379061,33409857.35,1655,LEGACY
2019-01-21,IPCALAB,IPCA Laboratories,EQ,INE571A01020,772.0,785.0,771.0,779.75,780.0,771.0,45881,35743644.95,4389,LEGACY
2019-01-21,JBCHEPHARM,JB Chemicals & Pharmaceuticals,EQ,INE572A01028,307.75,317.45,306.7,309.55,306.85,310.45,14978,4692046.3,1273,LEGACY
2019-01-21,LAURUSLABS,Laurus Labs,EQ,INE947Q01010,376.85,380.0,375.25,379.1,379.0,375.5,15438,5845239.75,621,LEGACY
2019-01-21,LUPIN,Lupin,EQ,INE326A01037,857.0,879.7,857.0,866.65,870.9,862.3,1712240,1488300577.75,47219,LEGACY
2019-01-21,NATCOPHARM,Natco Pharma,EQ,INE987B01026,685.0,689.0,673.4,676.5,677.0,686.85,83491,56729737.5,3608,LEGACY
2019-01-21,PEL,Piramal Enterprises,D1,INE140A08SX5,90000.0,92000.0,87840.0,92000.0,92000.0,92000.0,5184,455526321.0,18,LEGACY
2019-01-21,PEL,Piramal Enterprises,EQ,INE140A01024,2305.0,2328.4,2262.65,2281.7,2281.0,2296.2,401128,923874956.95,30117,LEGACY
2019-01-21,PFIZER,Pfizer,EQ,INE182A01018,2667.0,2693.9,2649.95,2674.9,2671.2,2664.45,11790,31475910.35,2590,LEGACY
2019-01-21,SANOFI,Sanofi India,EQ,INE058A01010,6388.0,6445.0,6350.0,6430.55,6434.0,6389.15,1901,12189443.95,477,LEGACY
2019-01-21,STAR,Strides Pharma Science,EQ,INE939A01011,519.5,526.75,512.0,514.75,512.05,517.25,929532,482668654.4,15226,LEGACY
2019-01-21,SUNPHARMA,Sun Pharmaceutical Industries,EQ,INE044A01036,390.1,406.55,390.05,398.3,398.55,390.75,48936782,19597585114.35,437860,LEGACY
2019-01-21,TORNTPHARM,Torrent Pharmaceuticals,EQ,INE685A01028,1899.95,1917.0,1865.9,1874.3,1871.95,1897.75,236667,447016995.95,15668,LEGACY
2019-01-21,WOCKPHARMA,Wockhardt,EQ,INE049B01025,491.7,504.85,491.4,494.7,493.5,489.35,1701061,847457914.65,27101,LEGACY
2019-01-22,ABBOTINDIA,Abbott India,EQ,INE358A01014,8203.05,8241.65,8160.6,8212.4,8200.05,8212.9,1183,9707503.55,501,LEGACY
2019-01-22,AJANTPHARM,Ajanta Pharma,EQ,INE031B01049,1138.55,1173.0,1138.55,1166.45,1165.6,1145.3,432766,503577706.05,18131,LEGACY
2019-01-22,ALKEM,Alkem Laboratories,EQ,INE540L01014,1895.8,1912.8,1877.05,1881.55,1878.0,1902.25,4639,8763124.25,1402,LEGACY
2019-01-22,APLLTD,Alembic Pharmaceuticals,EQ,INE901L01018,592.0,614.0,585.25,590.2,596.0,590.65,288590,174342134.4,12618,LEGACY
2019-01-22,AUROPHARMA,Aurobindo Pharma,EQ,INE406A01037,780.05,790.2,777.1,788.95,787.95,776.2,1850566,1453288285.5,50754,LEGACY
2019-01-22,BIOCON,Biocon,EQ,INE376G01013,664.7,671.9,660.1,668.6,671.5,663.0,1185290,790039445.75,27893,LEGACY
2019-01-22,CADILAHC,Cadila Healthcare,EQ,INE010B01027,343.95,347.6,340.3,346.05,345.8,344.6,504192,173718696.05,11488,LEGACY
2019-01-22,CIPLA,Cipla,EQ,INE059A01026,510.0,511.4,502.45,507.1,506.85,509.25,1455953,737265270.6,35308,LEGACY
2019-01-22,DIVISLAB,Divi's Laboratories,EQ,INE361B01024,1492.0,1521.8,1485.0,1503.65,1500.1,1497.2,710962,1069299082.4,23618,LEGACY
2019-01-22,DRREDDY,Dr. Reddy's Laboratories,EQ,INE089A01023,2599.1,2645.0,2589.95,2640.3,2639.2,2599.8,776066,2037352619.3,59467,LEGACY
2019-01-22,GLAXO,GlaxoSmithKline Pharmaceuticals,EQ,INE159A01016,1409.25,1438.0,1391.3,1425.1,1432.0,1404.8,9683,13660256.3,2658,LEGACY
2019-01-22,GLENMARK,Glenmark Pharmaceuticals,EQ,INE935A01035,642.05,658.7,642.05,656.95,655.35,646.1,567971,370545287.45,26171,LEGACY
2019-01-22,GRANULES,Granules India,EQ,INE101D01020,88.0,88.4,86.5,86.95,86.55,88.1,509963,44464889.6,3856,LEGACY
2019-01-22,IPCALAB,IPCA Laboratories,EQ,INE571A01020,776.1,777.4,761.1,772.85,775.0,779.75,101789,78516838.55,9432,LEGACY
2019-01-22,JBCHEPHARM,JB Chemicals & Pharmaceuticals,EQ,INE572A01028,305.2,312.9,303.0,309.9,312.4,309.55,10206,3133986.75,562,LEGACY
2019-01-22,LAURUSLABS,Laurus Labs,EQ,INE947Q01010,377.15,380.1,373.55,376.7,375.35,379.1,12985,4883255.75,455,LEGACY
2019-01-22,LUPIN,Lupin,EQ,INE326A01037,866.0,872.4,851.0,865.45,865.0,866.65,1258723,1082342254.2,37212,LEGACY
2019-01-22,NATCOPHARM,Natco Pharma,EQ,INE987B01026,676.5,693.0,675.0,689.85,692.1,676.5,81525,55796464.65,3183,LEGACY
2019-01-22,PEL,Piramal Enterprises,EQ,INE140A01024,2281.0,2343.95,2261.0,2339.15,2339.8,2281.7,407512,940524092.65,22376,LEGACY
2019-01-22,PFIZER,Pfizer,EQ,INE182A01018,2677.35,2720.0,2656.45,2706.55,2706.0,2674.9,32019,85637254.1,3077,LEGACY
2019-01-22,SANOFI,Sanofi India,EQ,INE058A01010,6440.0,6468.85,6352.0,6408.5,6430.0,6430.55,2692,17314752.5,1066,LEGACY
2019-01-22,STAR,Strides Pharma Science,EQ,INE939A01011,512.0,551.4,508.45,548.3,547.0,514.75,3120508,1679028471.05,47329,LEGACY
2019-01-22,SUNPHARMA,Sun Pharmaceutical Industries,EQ,INE044A01036,411.0,423.5,409.4,418.95,417.4,398.3,38255365,15971114920.4,379155,LEGACY
2019-01-22,TORNTPHARM,Torrent Pharmaceuticals,EQ,INE685A01028,1874.1,1929.7,1871.35,1917.65,1929.0,1874.3,252161,481486978.35,16375,LEGACY
2019-01-22,WOCKPHARMA,Wockhardt,EQ,INE049B01025,495.0,497.9,488.2,494.95,495.0,494.7,815987,402056888.15,13236,LEGACY
2019-01-23,ABBOTINDIA,Abbott India,EQ,INE358A01014,8265.0,8265.0,8164.3,8199.95,8200.0,8212.4,1965,16114525.5,674,LEGACY
2019-01-23,AJANTPHARM,Ajanta Pharma,EQ,INE031B01049,1170.0,1192.0,1157.15,1165.4,1166.05,1166.45,399472,470758686.85,14167,LEGACY
2019-01-23,ALKEM,Alkem Laboratories,EQ,INE540L01014,1891.35,1911.9,1872.0,1878.45,1874.0,1881.55,7378,13955320.25,1566,LEGACY
2019-01-23,APLLTD,Alembic Pharmaceuticals,EQ,INE901L01018,594.9,604.9,583.0,589.25,592.5,590.2,40984,24410745.05,1901,LEGACY
2019-01-23,AUROPHARMA,Aurobindo Pharma,EQ,INE406A01037,792.0,793.4,780.35,783.1,784.15,788.95,1819565,1433037562.35,55310,LEGACY
2019-01-23,BIOCON,Biocon,EQ,INE376G01013,673.5,677.2,666.05,670.65,670.65,668.6,2429064,1631767492.05,45536,LEGACY
2019-01-23,CADILAHC,Cadila Healthcare,EQ,INE010B01027,346.0,346.0,340.7,342.05,341.3,346.05,573513,196527560.65,8956,LEGACY
2019-01-23,CIPLA,Cipla,EQ,INE059A01026,510.0,511.7,507.1,509.3,509.05,507.1,1358623,692038421.9,29151,LEGACY
2019-01-23,DIVISLAB,Divi's Laboratories,EQ,INE361B01024,1508.0,1512.55,1496.05,1503.3,1505.0,1503.65,302963,455769028.55,13302,LEGACY
2019-01-23,DRREDDY,Dr. Reddy's Laboratories,EQ,INE089A01023,2639.85,2660.0,2630.0,2646.75,2641.5,2640.3,754526,1997365708.8,41722,LEGACY
2019-01-23,GLAXO,GlaxoSmithKline Pharmaceuticals,EQ,INE159A01016,1429.3,1432.3,1402.0,1408.85,1405.75,1425.1,11710,16549850.5,3249,LEGACY
2019-01-23,GLENMARK,Glenmark Pharmaceuticals,EQ,INE935A01035,655.95,655.95,645.95,649.4,649.9,656.95,429188,278784394.5,17609,LEGACY
2019-01-23,GRANULES,Granules India,EQ,INE101D01020,86.9,94.5,85.05,93.3,93.35,86.95,2802897,254867320.85,16195,LEGACY
2019-01-23,IPCALAB,IPCA Laboratories,EQ,INE571A01020,775.0,785.0,770.9,781.75,780.1,772.85,28985,22560779.25,3946,LEGACY
2019-01-23,JBCHEPHARM,JB Chemicals & Pharmaceuticals,EQ,INE572A01028,309.85,322.0,308.85,319.55,319.0,309.9,52555,16756410.75,3259,LEGACY
2019-01-23,LAURUSLABS,Laurus Labs,EQ,INE947Q01010,377.95,377.95,375.0,375.7,375.05,376.7,3491,1312575.2,159,LEGACY
2019-01-23,LUPIN,Lupin,EQ,INE326A01037,866.0,873.6,859.25,864.6,864.15,865.45,837289,725026773.5,23855,LEGACY
2019-01-23,NATCOPHARM,Natco Pharma,EQ,INE987B01026,689.85,698.4,681.0,688.85,685.0,689.85,100863,69595059.3,4473,LEGACY
2019-01-23,PEL,Piramal Enterprises,D1,INE140A08SX5,94500.0,94500.0,94500.0,94500.0,94500.0,92000.0,1,94500.0,1,LEGACY
2019-01-23,PEL,Piramal Enterprises,EQ,INE140A01024,2346.7,2375.0,2335.0,2357.85,2356.6,2339.15,436540,1030498724.15,21418,LEGACY
2019-01-23,PFIZER,Pfizer,EQ,INE182A01018,2710.0,2718.0,2651.1,2662.65,2654.0,2706.55,15777,42271246.6,4648,LEGACY
2019-01-23,SANOFI,Sanofi India,EQ,INE058A01010,6410.7,6452.35,6375.15,6403.3,6400.0,6408.5,1218,7800973.05,871,LEGACY
2019-01-23,STAR,Strides Pharma Science,EQ,INE939A01011,546.0,548.5,520.5,531.5,530.1,548.3,2603393,1395301362.7,46762,LEGACY
2019-01-23,SUNPHARMA,Sun Pharmaceutical Industries,EQ,INE044A01036,417.7,434.4,411.65,431.0,430.4,418.95,26921274,11465549263.25,263272,LEGACY
2019-01-23,TORNTPHARM,Torrent Pharmaceuticals,EQ,INE685A01028,1920.6,1930.0,1897.15,1909.2,1910.45,1917.65,113438,217110913.0,7995,LEGACY
2019-01-23,WOCKPHARMA,Wockhardt,EQ,INE049B01025,496.0,500.95,490.4,492.25,491.5,494.95,666872,330494858.8,11086,LEGACY
2019-01-24,ABBOTINDIA,Abbott India,EQ,INE358A01014,8205.05,8255.0,8165.2,8242.6,8250.0,8199.95,1897,15595893.05,607,LEGACY
2019-01-24,AJANTPHARM,Ajanta Pharma,EQ,INE031B01049,1171.0,1176.45,1152.4,1164.65,1156.0,1165.4,153019,178228550.85,7307,LEGACY
2019-01-24,ALKEM,Alkem Laboratories,EQ,INE540L01014,1866.5,1909.9,1866.5,1900.65,1894.0,1878.45,10897,20609769.1,2597,LEGACY
2019-01-24,APLLTD,Alembic Pharmaceuticals,EQ,INE901L01018,594.9,595.7,586.0,588.55,586.95,589.25,25002,14730045.85,1889,LEGACY
2019-01-24,AUROPHARMA,Aurobindo Pharma,EQ,INE406A01037,785.0,795.7,779.3,788.8,791.15,783.1,1853657,1462082389.8,52204,LEGACY
2019-01-24,BIOCON,Biocon,EQ,INE376G01013,673.7,673.7,665.25,670.1,668.55,670.65,1514939,1014424997.4,29494,LEGACY
2019-01-24,CADILAHC,Cadila Healthcare,EQ,INE010B01027,342.1,347.0,341.3,346.1,346.0,342.05,545629,188016559.95,12005,LEGACY
2019-01-24,CIPLA,Cipla,EQ,INE059A01026,510.0,510.7,496.1,500.7,501.35,509.3,1620195,816611408.6,40058,LEGACY
2019-01-24,DIVISLAB,Divi's Laboratories,EQ,INE361B01024,1508.3,1518.0,1489.6,1493.25,1492.45,1503.3,365424,549115888.7,22100,LEGACY
2019-01-24,DRREDDY,Dr. Reddy's Laboratories,EQ,INE089A01023,2642.05,2674.7,2642.05,2668.45,2668.25,2646.75,611565,1628728727.85,52031,LEGACY
2019-01-24,GLAXO,GlaxoSmithKline Pharmaceuticals,EQ,INE159A01016,1405.0,1421.0,1398.0,1406.25,1403.6,1408.85,7663,10796873.9,1964,LEGACY
2019-01-24,GLENMARK,Glenmark Pharmaceuticals,EQ,INE935A01035,653.95,658.0,641.7,649.75,652.0,649.4,523889,340779636.65,23691,LEGACY
2019-01-24,GRANULES,Granules India,EQ,INE101D01020,94.7,98.1,93.2,96.3,96.9,93.3,3701722,353259008.3,19331,LEGACY
2019-01-24,IPCALAB,IPCA Laboratories,EQ,INE571A01020,778.35,790.0,775.15,784.35,784.0,781.75,87845,68573785.0,7182,LEGACY
2019-01-24,JBCHEPHARM,JB Chemicals & Pharmaceuticals,EQ,INE572A01028,322.0,322.0,316.4,318.0,318.0,319.55,8916,2833883.4,269,LEGACY
2019-01-24,LAURUSLABS,Laurus Labs,EQ,INE947Q01010,385.0,385.0,375.2,377.7,378.0,375.7,11600,4381047.25,372,LEGACY
2019-01-24,LUPIN,Lupin,EQ,INE326A01037,866.0,870.95,858.2,868.4,870.95,864.6,701634,607235570.05,18164,LEGACY
2019-01-24,NATCOPHARM,Natco Pharma,EQ,INE987B01026,693.8,693.8,675.05,680.55,678.0,688.85,219246,149206707.7,9436,LEGACY
2019-01-24,PEL,Piramal Enterprises,EQ,INE140A01024,2356.65,2357.0,2290.1,2307.75,2295.0,2357.85,377837,872559661.95,25160,LEGACY
2019-01-24,PFIZER,Pfizer,EQ,INE182A01018,2665.15,2695.0,2662.1,2682.55,2682.0,2662.65,12659,33928775.1,2836,LEGACY
2019-01-24,SANOFI,Sanofi India,EQ,INE058A01010,6399.5,6449.5,6355.1,6403.45,6410.0,6403.3,729,4674444.9,365,LEGACY
2019-01-24,STAR,Strides Pharma Science,EQ,INE939A01011,531.0,544.1,523.5,530.85,528.05,531.5,1859191,995109533.7,34583,LEGACY
2019-01-24,SUNPHARMA,Sun Pharmaceutical Industries,EQ,INE044A01036,431.0,438.0,417.1,423.0,423.65,431.0,18446490,7867156280.8,208733,LEGACY
2019-01-24,TORNTPHARM,Torrent Pharmaceuticals,EQ,INE685A01028,1912.0,1923.85,1879.0,1889.05,1887.0,1909.2,176527,334476737.65,16413,LEGACY
2019-01-24,WOCKPHARMA,Wockhardt,EQ,INE049B01025,492.9,496.8,480.2,483.6,484.7,492.25,794794,387181211.65,15203,LEGACY
2019-01-25,ABBOTINDIA,Abbott India,EQ,INE358A01014,8249.95,8273.5,8200.0,8205.3,8205.0,8242.6,2332,19167246.3,505,LEGACY
2019-01-25,AJANTPHARM,Ajanta Pharma,EQ,INE031B01049,1165.0,1165.0,1121.45,1126.85,1126.85,1164.65,250199,285018896.95,10979,LEGACY
2019-01-25,ALKEM,Alkem Laboratories,EQ,INE540L01014,1900.65,1912.2,1877.25,1889.65,1894.55,1900.65,9149,17260543.25,2923,LEGACY
2019-01-25,APLLTD,Alembic Pharmaceuticals,EQ,INE901L01018,588.5,597.0,588.15,589.7,596.95,588.55,35773,21098207.55,2965,LEGACY
2019-01-25,AUROPHARMA,Aurobindo Pharma,EQ,INE406A01037,790.0,794.7,780.05,786.15,787.45,788.8,1464004,1151991160.5,46161,LEGACY
2019-01-25,BIOCON,Biocon,EQ,INE376G01013,681.0,682.45,656.3,664.7,663.0,670.1,8429182,5637093823.45,126498,LEGACY
2019-01-25,CADILAHC,Cadila Healthcare,EQ,INE010B01027,346.0,350.9,343.0,343.7,344.15,346.1,784074,272421358.45,12934,LEGACY
2019-01-25,CIPLA,Cipla,EQ,INE059A01026,502.1,508.6,501.35,507.65,508.4,500.7,1193442,602992984.8,26499,LEGACY
2019-01-25,DIVISLAB,Divi's Laboratories,EQ,INE361B01024,1500.5,1508.0,1487.0,1495.35,1493.0,1493.25,195017,292292351.3,9291,LEGACY
2019-01-25,DRREDDY,Dr. Reddy's Laboratories,EQ,INE089A01023,2670.5,2691.0,2645.5,2672.4,2662.0,2668.45,609282,1628882931.5,32973,LEGACY
2019-01-25,GLAXO,GlaxoSmithKline Pharmaceuticals,EQ,INE159A01016,1405.0,1413.0,1388.25,1402.4,1397.0,1406.25,9285,12998895.6,1588,LEGACY
2019-01-25,GLENMARK,Glenmark Pharmaceuticals,EQ,INE935A01035,651.8,656.0,640.65,646.9,647.5,649.75,273361,177209687.25,14801,LEGACY
2019-01-25,GRANULES,Granules India,EQ,INE101D01020,96.9,97.95,91.1,94.7,94.0,96.3,1947917,186563857.25,14767,LEGACY
2019-01-25,IPCALAB,IPCA Laboratories,EQ,INE571A01020,786.7,787.6,777.4,779.95,780.0,784.35,92588,72397123.0,5372,LEGACY
2019-01-25,JBCHEPHARM,JB Chemicals & Pharmaceuticals,EQ,INE572A01028,316.05,321.5,303.1,308.25,313.0,318.0,26406,8277028.45,572,LEGACY
2019-01-25,LAURUSLABS,Laurus Labs,EQ,INE947Q01010,377.65,378.0,367.05,370.15,370.5,377.7,107573,40218815.55,1444,LEGACY
2019-01-25,LUPIN,Lupin,EQ,INE326A01037,870.0,879.4,855.1,865.05,865.0,868.4,1345215,1164737299.75,41678,LEGACY
2019-01-25,NATCOPHARM,Natco Pharma,EQ,INE987B01026,678.0,686.0,670.05,674.65,671.95,680.55,120708,81888698.65,8259,LEGACY
2019-01-25,PEL,Piramal Enterprises,EQ,INE140A01024,2315.0,2324.95,2275.1,2299.2,2295.25,2307.75,372935,855754130.55,26970,LEGACY
2019-01-25,PFIZER,Pfizer,EQ,INE182A01018,2810.0,2848.25,2750.05,2762.65,2777.35,2682.55,103684,289606728.2,10382,LEGACY
2019-01-25,SANOFI,Sanofi India,EQ,INE058A01010,6403.15,6480.0,6231.1,6277.95,6243.0,6403.45,16531,105737454.0,1592,LEGACY
2019-01-25,STAR,Strides Pharma Science,EQ,INE939A01011,532.0,537.3,510.4,518.6,517.65,530.85,1048270,549067601.2,23170,LEGACY
2019-01-25,SUNPHARMA,Sun Pharmaceutical Industries,EQ,INE044A01036,425.4,429.75,419.35,422.4,422.0,423.0,8720973,3711309101.15,108007,LEGACY
2019-01-25,TORNTPHARM,Torrent Pharmaceuticals,EQ,INE685A01028,1901.0,1901.0,1855.85,1861.65,1865.0,1889.05,156709,293708948.85,12910,LEGACY
2019-01-25,WOCKPHARMA,Wockhardt,EQ,INE049B01025,486.85,489.4,475.3,478.9,478.9,483.6,766588,369648030.4,18730,LEGACY
2019-01-28,ABBOTINDIA,Abbott India,EQ,INE358A01014,8250.0,8250.0,7950.0,8076.3,8013.0,8205.3,3864,31119500.45,2399,LEGACY
2019-01-28,AJANTPHARM,Ajanta Pharma,EQ,INE031B01049,1134.4,1140.0,1083.8,1133.55,1130.0,1126.85,273215,307053823.25,12899,LEGACY
2019-01-28,ALKEM,Alkem Laboratories,EQ,INE540L01014,1880.55,1899.9,1852.75,1877.1,1866.0,1889.65,6747,12646839.85,1363,LEGACY
2019-01-28,APLLTD,Alembic Pharmaceuticals,EQ,INE901L01018,590.0,602.8,574.0,592.15,590.15,589.7,21378,12709326.7,3948,LEGACY
2019-01-28,AUROPHARMA,Aurobindo Pharma,EQ,INE406A01037,784.75,784.75,745.45,755.6,755.5,786.15,2576685,1957086995.9,56509,LEGACY
2019-01-28,BIOCON,Biocon,EQ,INE376G01013,665.0,666.5,641.05,649.05,651.5,664.7,1809772,1176201442.2,36943,LEGACY
2019-01-28,CADILAHC,Cadila Healthcare,EQ,INE010B01027,343.0,343.6,325.1,334.35,334.4,343.7,1483625,494373162.95,24052,LEGACY
2019-01-28,CIPLA,Cipla,EQ,INE059A01026,509.0,509.0,489.1,492.15,491.9,507.65,3215535,1586441907.1,63859,LEGACY
2019-01-28,DIVISLAB,Divi's Laboratories,EQ,INE361B01024,1499.4,1499.4,1460.1,1473.45,1473.0,1495.35,211598,311723457.9,10818,LEGACY
2019-01-28,DRREDDY,Dr. Reddy's Laboratories,EQ,INE089A01023,2671.9,2671.9,2597.05,2624.75,2627.25,2672.4,684994,1806510426.5,45191,LEGACY
2019-01-28,GLAXO,GlaxoSmithKline Pharmaceuticals,EQ,INE159A01016,1424.8,1424.8,1379.8,1392.75,1396.9,1402.4,8305,11559339.75,1395,LEGACY
2019-01-28,GLENMARK,Glenmark Pharmaceuticals,EQ,INE935A01035,647.95,647.95,629.05,631.6,633.15,646.9,358789,227896026.8,15086,LEGACY
2019-01-28,GRANULES,Granules India,EQ,INE101D01020,94.15,94.95,88.0,89.3,89.25,94.7,1116698,100786836.85,10543,LEGACY
2019-01-28,IPCALAB,IPCA Laboratories,EQ,INE571A01020,770.05,791.1,770.05,779.9,778.45,779.95,105990,82948358.3,7073,LEGACY
2019-01-28,JBCHEPHARM,JB Chemicals & Pharmaceuticals,EQ,INE572A01028,310.55,315.95,304.8,309.85,311.95,308.25,38265,11877726.15,1168,LEGACY
2019-01-28,LAURUSLABS,Laurus Labs,EQ,INE947Q01010,370.15,372.95,360.0,363.7,363.0,370.15,23919,8831472.05,521,LEGACY
2019-01-28,LUPIN,Lupin,EQ,INE326A01037,849.15,870.65,844.3,865.25,865.0,865.05,2416180,2083667153.65,61437,LEGACY
2019-01-28,NATCOPHARM,Natco Pharma,EQ,INE987B01026,676.1,678.0,659.4,669.55,665.15,674.65,96658,64608511.0,8365,LEGACY
2019-01-28,PEL,Piramal Enterprises,EQ,INE140A01024,2299.9,2299.9,2111.1,2170.5,2160.0,2299.2,1195252,2602186787.6,61162,LEGACY
2019-01-28,PFIZER,Pfizer,EQ,INE182A01018,2798.0,2824.25,2760.1,2804.5,2816.75,2762.65,23540,65692802.8,3791,LEGACY
2019-01-28,SANOFI,Sanofi India,EQ,INE058A01010,6339.65,6347.95,6211.0,6324.6,6320.0,6277.95,3561,22443638.0,961,LEGACY
2019-01-28,STAR,Strides Pharma Science,EQ,INE939A01011,511.0,516.8,492.35,504.5,504.0,518.6,1189348,598817273.15,23556,LEGACY
2019-01-28,SUNPHARMA,Sun Pharmaceutical Industries,EQ,INE044A01036,424.0,424.75,410.15,411.75,411.55,422.4,5809082,2404295136.15,75505,LEGACY
2019-01-28,TORNTPHARM,Torrent Pharmaceuticals,EQ,INE685A01028,1868.0,1868.35,1820.0,1846.8,1850.0,1861.65,73752,135679036.8,5698,LEGACY
2019-01-28,WOCKPHARMA,Wockhardt,EQ,INE049B01025,481.0,481.0,426.85,444.95,446.0,478.9,3243195,1447466604.25,56802,LEGACY
2019-01-29,ABBOTINDIA,Abbott India,EQ,INE358A01014,8059.9,8169.8,7999.0,8048.0,8057.0,8076.3,2772,22421462.2,445,LEGACY
2019-01-29,AJANTPHARM,Ajanta Pharma,EQ,INE031B01049,1127.85,1128.9,1082.75,1090.8,1096.0,1133.55,487884,536009557.9,31118,LEGACY
2019-01-29,ALKEM,Alkem Laboratories,EQ,INE540L01014,1899.0,1899.0,1870.05,1893.95,1895.0,1877.1,8026,15158589.4,2694,LEGACY
2019-01-29,APLLTD,Alembic Pharmaceuticals,EQ,INE901L01018,595.05,601.7,586.4,598.15,597.6,592.15,28081,16806961.4,5279,LEGACY
2019-01-29,AUROPHARMA,Aurobindo Pharma,EQ,INE406A01037,750.0,771.9,744.05,762.9,763.05,755.6,1651135,1260628755.25,52544,LEGACY
2019-01-29,BIOCON,Biocon,EQ,INE376G01013,648.0,654.75,644.0,648.2,647.0,649.05,1741264,1131410576.4,47405,LEGACY
2019-01-29,CADILAHC,Cadila Healthcare,EQ,INE010B01027,331.0,332.9,318.55,321.7,322.0,334.35,1477021,478473967.8,27809,LEGACY
2019-01-29,CIPLA,Cipla,EQ,INE059A01026,489.1,507.55,483.75,505.05,501.0,492.15,2675481,1337086291.6,48348,LEGACY
2019-01-29,DIVISLAB,Divi's Laboratories,EQ,INE361B01024,1475.0,1514.9,1466.0,1504.8,1505.0,1473.45,424613,637480874.95,14955,LEGACY
2019-01-29,DRREDDY,Dr. Reddy's Laboratories,EQ,INE089A01023,2616.0,2684.0,2603.0,2666.45,2660.0,2624.75,867696,2311845935.95,51985,LEGACY
2019-01-29,GLAXO,GlaxoSmithKline Pharmaceuticals,EQ,INE159A01016,1378.0,1423.0,1378.0,1408.4,1418.0,1392.75,8147,11387633.0,1566,LEGACY
2019-01-29,GLENMARK,Glenmark Pharmaceuticals,EQ,INE935A01035,635.9,649.4,623.75,645.65,645.8,631.6,452693,288644522.0,24650,LEGACY
2019-01-29,GRANULES,Granules India,EQ,INE101D01020,89.95,90.0,87.25,88.45,88.25,89.3,748454,66329197.5,14518,LEGACY
2019-01-29,IPCALAB,IPCA Laboratories,EQ,INE571A01020,775.05,782.2,775.05,779.6,779.75,779.9,56459,44031794.4,9022,LEGACY
2019-01-29,JBCHEPHARM,JB Chemicals & Pharmaceuticals,EQ,INE572A01028,314.0,314.0,302.05,304.2,305.4,309.85,19254,5874088.45,609,LEGACY
2019-01-29,LAURUSLABS,Laurus Labs,EQ,INE947Q01010,365.05,368.0,350.2,355.5,353.0,363.7,13790,4954801.0,951,LEGACY
2019-01-29,LUPIN,Lupin,EQ,INE326A01037,863.7,875.0,855.0,860.65,862.4,865.25,1468995,1272605499.2,29635,LEGACY
2019-01-29,NATCOPHARM,Natco Pharma,EQ,INE987B01026,660.0,674.0,660.0,665.95,672.0,669.55,150269,99830527.05,13152,LEGACY
2019-01-29,PEL,Piramal Enterprises,EQ,INE140A01024,2160.0,2210.0,2076.35,2124.4,2140.0,2170.5,1002399,2136072295.7,42329,LEGACY
2019-01-29,PFIZER,Pfizer,EQ,INE182A01018,2795.7,2940.0,2790.25,2913.2,2900.7,2804.5,68969,199554572.2,10850,LEGACY
2019-01-29,SANOFI,Sanofi India,EQ,INE058A01010,6292.05,6400.0,6278.4,6350.75,6380.0,6324.6,11082,70367640.6,582,LEGACY
2019-01-29,STAR,Strides Pharma Science,EQ,INE939A01011,504.5,543.0,480.0,490.6,490.6,504.5,10993126,5580537338.9,177358,LEGACY
2019-01-29,SUNPHARMA,Sun Pharmaceutical Industries,EQ,INE044A01036,410.5,424.75,406.25,422.4,422.1,411.75,7472930,3135760760.95,121582,LEGACY
2019-01-29,TORNTPHARM,Torrent Pharmaceuticals,EQ,INE685A01028,1841.05,1886.95,1836.0,1876.05,1873.55,1846.8,124106,231975857.1,11110,LEGACY
2019-01-29,WOCKPHARMA,Wockhardt,EQ,INE049B01025,444.0,456.65,437.35,449.05,448.5,444.95,1494060,670139073.9,23710,LEGACY
2019-01-30,ABBOTINDIA,Abbott India,EQ,INE358A01014,8079.95,8080.9,8010.3,8042.25,8074.95,8048.0,2067,16623311.45,632,LEGACY
2019-01-30,AJANTPHARM,Ajanta Pharma,EQ,INE031B01049,1094.0,1107.8,1065.9,1088.85,1074.0,1090.8,563045,611489707.9,32711,LEGACY
2019-01-30,ALKEM,Alkem Laboratories,EQ,INE540L01014,1893.95,1895.15,1865.0,1869.5,1868.0,1893.95,13331,24980614.8,1931,LEGACY
2019-01-30,APLLTD,Alembic Pharmaceuticals,EQ,INE901L01018,600.0,610.0,594.0,599.25,595.0,598.15,64704,39153218.75,7271,LEGACY
2019-01-30,AUROPHARMA,Aurobindo Pharma,EQ,INE406A01037,764.0,781.0,764.0,778.3,778.0,762.9,1404668,1086917369.6,41335,LEGACY
2019-01-30,BIOCON,Biocon,EQ,INE376G01013,650.0,654.65,643.55,646.1,648.5,648.2,1865144,1210402870.4,36455,LEGACY
2019-01-30,CADILAHC,Cadila Healthcare,EQ,INE010B01027,321.0,325.9,314.4,319.15,319.0,321.7,1276905,407545102.35,28855,LEGACY
2019-01-30,CIPLA,Cipla,EQ,INE059A01026,504.95,507.1,497.7,505.8,504.25,505.05,1524621,767831113.35,36388,LEGACY
2019-01-30,DIVISLAB,Divi's Laboratories,EQ,INE361B01024,1505.95,1512.95,1492.05,1503.15,1498.7,1504.8,218871,328573647.95,7636,LEGACY
2019-01-30,DRREDDY,Dr. Reddy's Laboratories,EQ,INE089A01023,2655.05,2680.0,2637.45,2665.4,2654.65,2666.45,657014,1746604753.75,47687,LEGACY
2019-01-30,GLAXO,GlaxoSmithKline Pharmaceuticals,EQ,INE159A01016,1417.4,1444.0,1400.35,1426.6,1408.0,1408.4,10102,14356991.5,1468,LEGACY
2019-01-30,GLENMARK,Glenmark Pharmaceuticals,EQ,INE935A01035,644.0,645.1,630.25,638.6,637.8,645.65,367742,234446230.15,12378,LEGACY
2019-01-30,GRANULES,Granules India,EQ,INE101D01020,94.3,96.0,90.7,92.35,91.85,88.45,4417308,408199550.1,32552,LEGACY
2019-01-30,IPCALAB,IPCA Laboratories,EQ,INE571A01020,776.0,784.8,772.3,781.75,777.0,779.6,47528,37107502.3,7455,LEGACY
2019-01-30,JBCHEPHARM,JB Chemicals & Pharmaceuticals,EQ,INE572A01028,307.1,313.95,305.05,311.35,313.0,304.2,10034,3108053.15,366,LEGACY
2019-01-30,LAURUSLABS,Laurus Labs,EQ,INE947Q01010,356.95,362.15,354.7,358.05,357.4,355.5,9027,3232332.15,463,LEGACY
2019-01-30,LUPIN,Lupin,EQ,INE326A01037,861.0,872.5,861.0,866.9,868.0,860.65,930968,807687276.3,38013,LEGACY
2019-01-30,NATCOPHARM,Natco Pharma,EQ,INE987B01026,664.25,686.0,664.25,679.7,685.9,665.95,112219,75710711.85,14641,LEGACY
2019-01-30,PEL,Piramal Enterprises,EQ,INE140A01024,2156.0,2166.0,2001.0,2075.35,2067.0,2124.4,1233683,2529208284.1,82179,LEGACY
2019-01-30,PFIZER,Pfizer,EQ,INE182A01018,2940.0,3016.0,2920.05,2998.2,2994.95,2913.2,102581,305597923.2,13964,LEGACY
2019-01-30,SANOFI,Sanofi India,EQ,INE058A01010,6371.85,6530.0,6326.15,6441.5,6438.0,6350.75,28772,185203592.3,2201,LEGACY
2019-01-30,STAR,Strides Pharma Science,EQ,INE939A01011,492.8,512.1,471.2,476.8,479.8,490.6,4188404,2058989163.55,85210,LEGACY
2019-01-30,SUNPHARMA,Sun Pharmaceutical Industries,EQ,INE044A01036,424.0,426.0,416.2,417.95,417.0,422.4,4351530,1829576695.15,86419,LEGACY
2019-01-30,TORNTPHARM,Torrent Pharmaceuticals,EQ,INE685A01028,1875.05,1880.0,1840.45,1850.05,1852.0,1876.05,112962,209413378.85,7299,LEGACY
2019-01-30,WOCKPHARMA,Wockhardt,EQ,INE049B01025,446.0,451.2,440.1,443.8,444.7,449.05,706195,313692481.15,13460,LEGACY
2019-01-31,ABBOTINDIA,Abbott India,EQ,INE358A01014,8042.25,8094.95,8012.1,8070.1,8050.0,8042.25,2640,21289519.3,337,LEGACY
2019-01-31,AJANTPHARM,Ajanta Pharma,EQ,INE031B01049,1035.0,1075.0,1009.0,1020.65,1021.0,1088.85,1573401,1626448341.9,50697,LEGACY
2019-01-31,ALKEM,Alkem Laboratories,EQ,INE540L01014,1840.0,1912.95,1840.0,1883.2,1882.0,1869.5,63904,119971741.15,2448,LEGACY
2019-01-31,APLLTD,Alembic Pharmaceuticals,EQ,INE901L01018,599.95,609.9,586.7,593.65,593.0,599.25,38267,23015965.0,3055,LEGACY
2019-01-31,AUROPHARMA,Aurobindo Pharma,EQ,INE406A01037,779.05,790.0,777.1,787.8,785.2,778.3,1513974,1187658037.1,37021,LEGACY
2019-01-31,BIOCON,Biocon,EQ,INE376G01013,650.0,655.35,646.0,648.3,650.9,646.1,953052,619236766.95,33112,LEGACY
2019-01-31,CADILAHC,Cadila Healthcare,EQ,INE010B01027,320.0,322.85,317.45,318.95,318.35,319.15,982622,314013633.75,23577,LEGACY
2019-01-31,CIPLA,Cipla,EQ,INE059A01026,506.0,519.85,504.25,517.3,516.15,505.8,2203919,1129445711.65,39157,LEGACY
2019-01-31,DIVISLAB,Divi's Laboratories,EQ,INE361B01024,1508.9,1519.9,1494.5,1506.2,1511.0,1503.15,512854,773465298.55,22332,LEGACY
2019-01-31,DRREDDY,Dr. Reddy's Laboratories,EQ,INE089A01023,2665.0,2728.55,2651.0,2720.8,2718.15,2665.4,1231518,3316439590.55,72684,LEGACY
2019-01-31,GLAXO,GlaxoSmithKline Pharmaceuticals,EQ,INE159A01016,1418.75,1425.0,1389.95,1409.25,1407.0,1426.6,24542,34622742.45,1998,LEGACY
2019-01-31,GLENMARK,Glenmark Pharmaceuticals,EQ,INE935A01035,638.05,654.0,636.75,651.65,652.5,638.6,366009,235906480.7,15638,LEGACY
2019-01-31,GRANULES,Granules India,EQ,INE101D01020,92.8,93.85,90.3,91.35,91.1,92.35,1297284,119704562.85,11872,LEGACY
2019-01-31,IPCALAB,IPCA Laboratories,EQ,INE571A01020,780.65,783.8,761.05,769.45,763.0,781.75,259955,202742513.85,16303,LEGACY
2019-01-31,JBCHEPHARM,JB Chemicals & Pharmaceuticals,EQ,INE572A01028,314.0,320.0,311.0,317.2,315.95,311.35,29082,9196029.2,663,LEGACY
2019-01-31,LAURUSLABS,Laurus Labs,EQ,INE947Q01010,358.75,375.0,357.0,370.3,370.5,358.05,25859,9504407.05,1737,LEGACY
2019-01-31,LUPIN,Lupin,EQ,INE326A01037,868.15,885.95,866.0,875.7,875.2,866.9,2347389,2058503754.65,57274,LEGACY
2019-01-31,NATCOPHARM,Natco Pharma,EQ,INE987B01026,695.0,701.0,672.05,692.4,688.05,679.7,479903,328749071.6,13182,LEGACY
2019-01-31,PEL,Piramal Enterprises,EQ,INE140A01024,2075.35,2090.2,2014.45,2032.45,2017.0,2075.35,769269,1573252857.1,43604,LEGACY
2019-01-31,PFIZER,Pfizer,EQ,INE182A01018,3000.05,3060.0,2984.8,3037.15,3031.0,2998.2,27282,82530361.5,4374,LEGACY
2019-01-31,SANOFI,Sanofi India,EQ,INE058A01010,6400.0,6519.0,6400.0,6464.65,6460.0,6441.5,19493,126569812.55,1226,LEGACY
2019-01-31,STAR,Strides Pharma Science,EQ,INE939A01011,482.75,484.9,456.5,461.35,459.5,476.8,2492391,1162219744.75,39210,LEGACY
2019-01-31,SUNPHARMA,Sun Pharmaceutical Industries,EQ,INE044A01036,419.0,431.35,413.7,423.45,420.9,417.95,16672076,7035010065.5,110913,LEGACY
2019-01-31,TORNTPHARM,Torrent Pharmaceuticals,EQ,INE685A01028,1890.0,1894.0,1796.55,1818.8,1825.0,1850.05,777787,1424681401.1,40739,LEGACY
2019-01-31,WOCKPHARMA,Wockhardt,EQ,INE049B01025,444.8,448.0,435.0,441.45,441.85,443.8,706054,311149053.55,13119,LEGACY
2019-02-01,ABBOTINDIA,Abbott India,EQ,INE358A01014,8120.0,8193.15,8035.3,8098.9,8080.1,8070.1,2057,16681303.85,642,LEGACY
2019-02-01,AJANTPHARM,Ajanta Pharma,EQ,INE031B01049,1025.0,1030.9,976.6,982.8,982.0,1020.65,801470,793572491.4,37183,LEGACY
2019-02-01,ALKEM,Alkem Laboratories,EQ,INE540L01014,1878.55,1908.0,1872.3,1888.45,1904.9,1883.2,8300,15707800.5,1876,LEGACY
2019-02-01,APLLTD,Alembic Pharmaceuticals,EQ,INE901L01018,596.6,602.9,588.0,591.85,594.3,593.65,23201,13795521.1,4308,LEGACY
2019-02-01,AUROPHARMA,Aurobindo Pharma,EQ,INE406A01037,782.05,802.0,780.0,797.8,797.8,787.8,1212130,956842278.7,43160,LEGACY
2019-02-01,BIOCON,Biocon,EQ,INE376G01013,641.0,669.5,641.0,666.25,668.0,648.3,1520377,1002531961.65,34811,LEGACY
2019-02-01,CADILAHC,Cadila Healthcare,EQ,INE010B01027,319.4,325.0,316.5,323.6,324.2,318.95,657757,210919471.05,16327,LEGACY
2019-02-01,CIPLA,Cipla,EQ,INE059A01026,517.65,522.55,512.5,521.35,521.3,517.3,1380838,715949647.7,25601,LEGACY
2019-02-01,DIVISLAB,Divi's Laboratories,EQ,INE361B01024,1511.2,1548.05,1488.65,1532.35,1548.05,1506.2,609053,923018659.95,24524,LEGACY
2019-02-01,DRREDDY,Dr. Reddy's Laboratories,EQ,INE089A01023,2717.7,2819.0,2715.15,2791.25,2811.05,2720.8,1450995,4004339246.25,76667,LEGACY
2019-02-01,GLAXO,GlaxoSmithKline Pharmaceuticals,EQ,INE159A01016,1404.5,1415.0,1396.3,1407.55,1407.95,1409.25,10985,15442469.05,802,LEGACY
2019-02-01,GLENMARK,Glenmark Pharmaceuticals,EQ,INE935A01035,654.8,665.0,646.5,661.85,663.3,651.65,398672,261100350.4,23143,LEGACY
2019-02-01,GRANULES,Granules India,EQ,INE101D01020,91.1,92.2,88.4,89.2,88.6,91.35,829138,74787872.7,6552,LEGACY
2019-02-01,IPCALAB,IPCA Laboratories,EQ,INE571A01020,766.1,779.2,751.55,760.6,755.7,769.45,55003,42050581.35,7837,LEGACY
2019-02-01,JBCHEPHARM,JB Chemicals & Pharmaceuticals,EQ,INE572A01028,315.0,320.0,308.0,309.7,310.0,317.2,57644,18179311.35,1849,LEGACY
2019-02-01,LAURUSLABS,Laurus Labs,EQ,INE947Q01010,361.0,366.25,351.0,353.6,353.5,370.3,141783,50360742.8,2252,LEGACY
2019-02-01,LUPIN,Lupin,EQ,INE326A01037,879.7,888.0,870.3,883.1,881.0,875.7,1032450,908675876.9,31961,LEGACY
2019-02-01,NATCOPHARM,Natco Pharma,EQ,INE987B01026,691.0,699.9,681.05,691.4,690.05,692.4,145415,100063234.0,4875,LEGACY
2019-02-01,PEL,Piramal Enterprises,EQ,INE140A01024,2032.65,2175.0,2025.1,2155.3,2157.0,2032.45,1071248,2278146655.75,55389,LEGACY
2019-02-01,PFIZER,Pfizer,EQ,INE182A01018,3040.1,3068.25,2999.0,3039.25,3049.0,3037.15,17067,51809796.65,4106,LEGACY
2019-02-01,SANOFI,Sanofi India,EQ,INE058A01010,6464.0,6599.3,6382.8,6533.2,6560.0,6464.65,6523,42499424.9,1946,LEGACY
2019-02-01,STAR,Strides Pharma Science,EQ,INE939A01011,463.7,465.0,439.2,445.8,445.1,461.35,2506519,1124291837.9,42443,LEGACY
2019-02-01,SUNPHARMA,Sun Pharmaceutical Industries,EQ,INE044A01036,421.2,428.0,417.0,423.25,422.2,423.45,3950126,1667765653.95,61192,LEGACY
2019-02-01,TORNTPHARM,Torrent Pharmaceuticals,EQ,INE685A01028,1833.7,1833.95,1781.25,1798.7,1793.25,1818.8,245242,441549101.4,13721,LEGACY
2019-02-01,WOCKPHARMA,Wockhardt,EQ,INE049B01025,443.7,455.0,438.5,449.75,453.0,441.45,805950,358767653.55,14450,LEGACY
2019-02-04,ABBOTINDIA,Abbott India,EQ,INE358A01014,8070.0,8174.8,7971.4,7993.9,7980.0,8098.9,4290,34503036.2,829,LEGACY
2019-02-04,AJANTPHARM,Ajanta Pharma,EQ,INE031B01049,980.0,995.5,951.1,959.55,958.0,982.8,823508,799071768.1,34183,LEGACY
2019-02-04,ALKEM,Alkem Laboratories,EQ,INE540L01014,1888.0,1929.0,1873.7,1900.35,1900.0,1888.45,16686,31828088.4,3828,LEGACY
2019-02-04,APLLTD,Alembic Pharmaceuticals,EQ,INE901L01018,599.95,599.95,583.85,587.25,586.25,591.85,14150,8365252.7,2262,LEGACY
2019-02-04,AUROPHARMA,Aurobindo Pharma,EQ,INE406A01037,797.8,804.95,759.1,763.95,760.0,797.8,2659793,2065784443.4,49553,LEGACY
2019-02-04,BIOCON,Biocon,EQ,INE376G01013,668.1,668.1,650.2,652.45,651.0,666.25,931368,611769040.7,22356,LEGACY
2019-02-04,CADILAHC,Cadila Healthcare,EQ,INE010B01027,323.5,326.9,315.5,318.9,319.0,323.6,994074,318534191.4,15856,LEGACY
2019-02-04,CIPLA,Cipla,EQ,INE059A01026,521.0,521.0,506.2,509.6,509.45,521.35,1480952,756988299.55,28727,LEGACY
2019-02-04,DIVISLAB,Divi's Laboratories,EQ,INE361B01024,1563.95,1619.95,1546.25,1609.45,1615.8,1532.35,2399611,3832555518.9,72831,LEGACY
2019-02-04,DRREDDY,Dr. Reddy's Laboratories,EQ,INE089A01023,2807.9,2878.0,2715.25,2735.2,2735.25,2791.25,2149582,6033056426.4,99783,LEGACY
2019-02-04,GLAXO,GlaxoSmithKline Pharmaceuticals,EQ,INE159A01016,1420.0,1420.35,1356.6,1404.1,1401.3,1407.55,61773,86076607.45,14096,LEGACY
2019-02-04,GLENMARK,Glenmark Pharmaceuticals,EQ,INE935A01035,663.0,664.7,641.25,646.3,645.05,661.85,537394,349109193.2,9780,LEGACY
2019-02-04,GRANULES,Granules India,EQ,INE101D01020,89.1,90.8,85.1,85.5,85.5,89.2,1233003,107473855.7,11899,LEGACY
2019-02-04,IPCALAB,IPCA Laboratories,EQ,INE571A01020,759.5,764.4,735.0,740.9,742.0,760.6,76224,56626441.1,8171,LEGACY
2019-02-04,JBCHEPHARM,JB Chemicals & Pharmaceuticals,EQ,INE572A01028,310.0,314.95,306.6,311.8,311.0,309.7,11498,3582401.35,412,LEGACY
2019-02-04,LAURUSLABS,Laurus Labs,EQ,INE947Q01010,365.0,372.55,350.5,352.3,350.5,353.6,29889,10683052.9,1173,LEGACY
2019-02-04,LUPIN,Lupin,EQ,INE326A01037,882.95,888.65,848.55,855.9,849.5,883.1,1352120,1170534170.4,42972,LEGACY
2019-02-04,NATCOPHARM,Natco Pharma,EQ,INE987B01026,694.05,694.9,679.0,681.6,681.0,691.4,72544,49562755.7,8143,LEGACY
2019-02-04,PEL,Piramal Enterprises,EQ,INE140A01024,2158.0,2159.3,2070.25,2107.9,2106.55,2155.3,549669,1158367087.6,26992,LEGACY
2019-02-04,PFIZER,Pfizer,EQ,INE182A01018,3040.0,3071.95,3021.0,3055.9,3051.0,3039.25,10478,31986431.4,2420,LEGACY
2019-02-04,SANOFI,Sanofi India,EQ,INE058A01010,6529.0,6547.1,6400.0,6444.5,6400.0,6533.2,1998,12928032.15,702,LEGACY
2019-02-04,STAR,Strides Pharma Science,EQ,INE939A01011,443.05,455.9,431.3,436.25,435.0,445.8,1841977,814970378.15,30504,LEGACY
2019-02-04,SUNPHARMA,Sun Pharmaceutical Industries,EQ,INE044A01036,422.3,423.0,409.2,414.8,414.85,423.25,3679517,1527464497.0,58517,LEGACY
2019-02-04,TORNTPHARM,Torrent Pharmaceuticals,EQ,INE685A01028,1788.05,1849.4,1788.05,1839.05,1840.0,1798.7,352471,645645007.2,10758,LEGACY
2019-02-04,WOCKPHARMA,Wockhardt,EQ,INE049B01025,450.5,451.35,418.55,422.0,421.35,449.75,1757302,754201665.3,27094,LEGACY
2019-02-05,ABBOTINDIA,Abbott India,EQ,INE358A01014,7980.0,8130.05,7963.9,8098.0,8110.0,7993.9,2492,20108834.7,569,LEGACY
2019-02-05,AJANTPHARM,Ajanta Pharma,EQ,INE031B01049,958.4,965.0,920.25,924.75,922.5,959.55,697589,652654339.55,26597,LEGACY
2019-02-05,ALKEM,Alkem Laboratories,EQ,INE540L01014,1900.35,1919.35,1890.05,1899.65,1900.0,1900.35,14334,27265312.5,2017,LEGACY
2019-02-05,APLLTD,Alembic Pharmaceuticals,EQ,INE901L01018,589.0,594.25,580.05,582.7,580.1,587.25,14549,8537585.65,2330,LEGACY
2019-02-05,AUROPHARMA,Aurobindo Pharma,EQ,INE406A01037,762.0,768.7,736.9,743.5,742.0,763.95,2602950,1954701817.25,89670,LEGACY
2019-02-05,BIOCON,Biocon,EQ,INE376G01013,655.5,659.3,646.0,649.3,649.25,652.45,613560,399925565.15,17644,LEGACY
2019-02-05,CADILAHC,Cadila Healthcare,EQ,INE010B01027,319.9,319.9,311.95,314.85,314.65,318.9,696394,219947266.8,10627,LEGACY
2019-02-05,CIPLA,Cipla,EQ,INE059A01026,506.55,514.0,501.2,508.0,509.9,509.6,4358002,2209666966.45,56429,LEGACY
2019-02-05,DIVISLAB,Divi's Laboratories,EQ,INE361B01024,1615.8,1637.0,1610.2,1616.15,1614.05,1609.45,1031235,1673954590.35,38606,LEGACY
2019-02-05,DRREDDY,Dr. Reddy's Laboratories,EQ,INE089A01023,2775.2,2859.85,2773.0,2821.45,2817.05,2735.2,1653331,4647071404.35,78972,LEGACY
2019-02-05,GLAXO,GlaxoSmithKline Pharmaceuticals,EQ,INE159A01016,1405.05,1409.3,1384.9,1396.1,1396.75,1404.1,12480,17429809.2,3713,LEGACY
2019-02-05,GLENMARK,Glenmark Pharmaceuticals,EQ,INE935A01035,645.05,652.65,630.75,635.45,633.5,646.3,293822,188028284.5,10810,LEGACY
2019-02-05,GRANULES,Granules India,EQ,INE101D01020,85.95,88.0,85.25,85.9,85.85,85.5,729234,63285435.2,7251,LEGACY
2019-02-05,IPCALAB,IPCA Laboratories,EQ,INE571A01020,743.15,747.5,717.0,723.0,725.0,740.9,122513,89657359.35,8201,LEGACY
2019-02-05,JBCHEPHARM,JB Chemicals & Pharmaceuticals,EQ,INE572A01028,312.15,317.0,311.65,315.5,316.2,311.8,18338,5760943.0,337,LEGACY
2019-02-05,LAURUSLABS,Laurus Labs,EQ,INE947Q01010,358.9,358.95,349.0,350.3,350.0,352.3,8288,2909755.4,376,LEGACY
2019-02-05,LUPIN,Lupin,EQ,INE326A01037,855.5,855.5,830.35,837.7,835.8,855.9,1344930,1130388097.0,34159,LEGACY
2019-02-05,NATCOPHARM,Natco Pharma,EQ,INE987B01026,687.9,688.0,677.0,678.6,678.5,681.6,36180,24607987.3,2054,LEGACY
2019-02-05,PEL,Piramal Enterprises,EQ,INE140A01024,2107.0,2178.35,2085.0,2171.1,2175.0,2107.9,430224,924685882.15,24918,LEGACY
2019-02-05,PFIZER,Pfizer,EQ,INE182A01018,3030.65,3055.9,2975.0,3013.0,3003.25,3055.9,9373,28286489.2,2353,LEGACY
2019-02-05,SANOFI,Sanofi India,EQ,INE058A01010,6445.0,6460.0,6370.0,6386.35,6375.0,6444.5,1097,7016819.0,321,LEGACY
2019-02-05,STAR,Strides Pharma Science,EQ,INE939A01011,436.0,438.85,406.7,421.75,423.0,436.25,2511964,1058937457.9,39263,LEGACY
2019-02-05,SUNPHARMA,Sun Pharmaceutical Industries,EQ,INE044A01036,414.8,418.5,406.55,409.9,409.15,414.8,3523707,1450876934.65,54428,LEGACY
2019-02-05,TORNTPHARM,Torrent Pharmaceuticals,EQ,INE685A01028,1832.6,1859.9,1811.85,1824.0,1822.05,1839.05,222019,408465360.2,11643,LEGACY
2019-02-05,WOCKPHARMA,Wockhardt,EQ,INE049B01025,420.7,424.5,406.4,411.0,409.55,422.0,1228930,510836114.35,21134,LEGACY
2019-02-06,ABBOTINDIA,Abbott India,EQ,INE358A01014,8098.0,8139.95,8053.1,8119.7,8117.5,8098.0,46062,373160819.8,536,LEGACY
2019-02-06,AJANTPHARM,Ajanta Pharma,EQ,INE031B01049,922.0,942.0,903.0,930.55,934.0,924.75,986269,913544014.2,37766,LEGACY
2019-02-06,ALKEM,Alkem Laboratories,EQ,INE540L01014,1918.9,1918.9,1838.0,1889.45,1899.0,1899.65,51750,97811670.3,6872,LEGACY
2019-02-06,APLLTD,Alembic Pharmaceuticals,EQ,INE901L01018,583.4,588.95,574.9,579.65,576.9,582.7,28878,16710419.65,3510,LEGACY
2019-02-06,AUROPHARMA,Aurobindo Pharma,EQ,INE406A01037,745.5,764.75,738.0,759.85,762.05,743.5,2020397,1517085291.0,55660,LEGACY
2019-02-06,BIOCON,Biocon,EQ,INE376G01013,650.6,652.55,628.1,634.55,634.2,649.3,1179571,749479872.9,31075,LEGACY
2019-02-06,CADILAHC,Cadila Healthcare,EQ,INE010B01027,314.0,325.0,311.3,317.95,323.05,314.85,998197,315520440.05,16775,LEGACY
2019-02-06,CIPLA,Cipla,EQ,INE059A01026,510.5,546.7,504.1,534.95,545.1,508.0,8775759,4589285443.0,106389,LEGACY
2019-02-06,DIVISLAB,Divi's Laboratories,EQ,INE361B01024,1616.15,1659.95,1610.0,1653.25,1656.8,1616.15,916887,1499136552.3,54379,LEGACY
2019-02-06,DRREDDY,Dr. Reddy's Laboratories,EQ,INE089A01023,2816.0,2816.0,2761.0,2789.7,2792.0,2821.45,881795,2452389301.75,44911,LEGACY
2019-02-06,GLAXO,GlaxoSmithKline Pharmaceuticals,EQ,INE159A01016,1400.65,1403.75,1368.1,1385.0,1385.0,1396.1,15666,21611763.8,2923,LEGACY
2019-02-06,GLENMARK,Glenmark Pharmaceuticals,EQ,INE935A01035,633.0,644.55,627.5,641.5,643.0,635.45,377161,240291932.8,10817,LEGACY
2019-02-06,GRANULES,Granules India,EQ,INE101D01020,86.05,86.7,84.45,85.6,85.6,85.9,664726,56726205.75,6623,LEGACY
2019-02-06,IPCALAB,IPCA Laboratories,EQ,INE571A01020,744.0,758.95,729.95,750.3,751.35,723.0,918904,687475352.5,11833,LEGACY
2019-02-06,JBCHEPHARM,JB Chemicals & Pharmaceuticals,EQ,INE572A01028,316.9,317.0,313.25,316.05,317.0,315.5,22614,7136711.25,489,LEGACY
2019-02-06,LAURUSLABS,Laurus Labs,EQ,INE947Q01010,352.2,352.2,345.0,346.25,349.0,350.3,8748,3039505.95,411,LEGACY
2019-02-06,LUPIN,Lupin,EQ,INE326A01037,838.0,851.5,805.0,842.1,847.5,837.7,6429178,5339422691.95,124456,LEGACY
2019-02-06,NATCOPHARM,Natco Pharma,EQ,INE987B01026,687.5,687.5,672.0,679.9,682.0,678.6,62058,42266754.1,3758,LEGACY
2019-02-06,PEL,Piramal Enterprises,EQ,INE140A01024,2167.1,2198.75,2112.0,2171.3,2169.0,2171.1,669449,1443803008.5,27231,LEGACY
2019-02-06,PFIZER,Pfizer,EQ,INE182A01018,3000.0,3079.0,2971.0,3048.2,3067.1,3013.0,14293,43025127.0,3513,LEGACY
2019-02-06,SANOFI,Sanofi India,EQ,INE058A01010,6340.2,6530.0,6340.2,6452.3,6450.0,6386.35,3908,25228891.0,1260,LEGACY
2019-02-06,STAR,Strides Pharma Science,EQ,INE939A01011,427.9,433.45,402.5,416.85,417.0,421.75,3901870,1614374925.9,62727,LEGACY
2019-02-06,SUNPHARMA,Sun Pharmaceutical Industries,EQ,INE044A01036,410.0,419.0,403.3,416.6,418.35,409.9,5638849,2322678847.25,79788,LEGACY
2019-02-06,TORNTPHARM,Torrent Pharmaceuticals,EQ,INE685A01028,1827.0,1827.05,1778.55,1798.5,1794.0,1824.0,302738,544255552.55,9752,LEGACY
2019-02-06,WOCKPHARMA,Wockhardt,EQ,INE049B01025,409.5,412.7,380.35,400.0,406.0,411.0,2385005,944710345.75,58794,LEGACY
2019-02-07,ABBOTINDIA,Abbott India,EQ,INE358A01014,8129.6,8325.0,8099.1,8238.95,8231.6,8119.7,4141,34121499.65,943,LEGACY
2019-02-07,AJANTPHARM,Ajanta Pharma,EQ,INE031B01049,939.55,979.0,931.5,963.95,969.0,930.55,803486,768217982.3,27898,LEGACY
2019-02-07,ALKEM,Alkem Laboratories,EQ,INE540L01014,1889.45,1904.2,1867.0,1887.35,1884.0,1889.45,95793,181111794.3,2580,LEGACY
2019-02-07,APLLTD,Alembic Pharmaceuticals,EQ,INE901L01018,582.2,584.7,570.5,574.05,573.45,579.65,13456,7773832.55,2800,LEGACY
2019-02-07,AUROPHARMA,Aurobindo Pharma,EQ,INE406A01037,765.0,782.0,760.0,778.45,774.0,759.85,2022287,1564672422.05,38718,LEGACY
2019-02-07,BIOCON,Biocon,EQ,INE376G01013,634.95,658.8,633.15,655.6,656.0,634.55,1614530,1050788364.6,41575,LEGACY
2019-02-07,CADILAHC,Cadila Healthcare,EQ,INE010B01027,320.05,334.5,318.25,321.95,323.3,317.95,7512981,2452639282.8,85815,LEGACY
2019-02-07,CIPLA,Cipla,EQ,INE059A01026,537.1,546.6,528.15,532.9,532.0,534.95,4417618,2365347684.4,67663,LEGACY
2019-02-07,DIVISLAB,Divi's Laboratories,EQ,INE361B01024,1645.0,1675.0,1640.05,1670.15,1666.9,1653.25,753538,1252454565.0,41027,LEGACY
2019-02-07,DRREDDY,Dr. Reddy's Laboratories,EQ,INE089A01023,2791.0,2835.0,2791.0,2821.8,2821.8,2789.7,561804,1582913248.3,28363,LEGACY
2019-02-07,GLAXO,GlaxoSmithKline Pharmaceuticals,EQ,INE159A01016,1385.0,1409.0,1372.0,1400.5,1394.1,1385.0,12766,17786907.3,2387,LEGACY
2019-02-07,GLENMARK,Glenmark Pharmaceuticals,EQ,INE935A01035,647.95,647.95,633.55,639.9,640.0,641.5,351239,225020803.7,10385,LEGACY
2019-02-07,GRANULES,Granules India,EQ,INE101D01020,85.15,88.2,85.05,87.25,87.0,85.6,661450,57439968.35,5770,LEGACY
2019-02-07,IPCALAB,IPCA Laboratories,EQ,INE571A01020,750.3,762.8,736.0,744.7,739.15,750.3,202393,152782161.55,9252,LEGACY
2019-02-07,JBCHEPHARM,JB Chemicals & Pharmaceuticals,EQ,INE572A01028,315.95,331.05,314.05,326.8,326.0,316.05,146456,47926684.25,2221,LEGACY
2019-02-07,LAURUSLABS,Laurus Labs,EQ,INE947Q01010,347.2,350.75,345.25,347.9,348.0,346.25,9544,3327497.8,503,LEGACY
2019-02-07,LUPIN,Lupin,EQ,INE326A01037,832.0,844.55,810.4,822.8,822.85,842.1,3613894,2976544363.8,77649,LEGACY
2019-02-07,NATCOPHARM,Natco Pharma,EQ,INE987B01026,678.0,685.0,676.9,679.75,680.0,679.9,75300,51355714.85,6338,LEGACY
2019-02-07,PEL,Piramal Enterprises,EQ,INE140A01024,2168.85,2246.0,2156.35,2237.35,2237.0,2171.3,443006,981962817.0,19526,LEGACY
2019-02-07,PFIZER,Pfizer,EQ,INE182A01018,3070.1,3153.0,3026.3,3070.8,3060.05,3048.2,33625,104103754.6,5543,LEGACY
2019-02-07,SANOFI,Sanofi India,EQ,INE058A01010,6529.0,6549.0,6435.0,6451.25,6465.55,6452.3,2512,16274949.1,1059,LEGACY
2019-02-07,STAR,Strides Pharma Science,EQ,INE939A01011,417.05,432.0,413.3,429.2,428.6,416.85,2331015,987615652.75,49514,LEGACY
2019-02-07,SUNPHARMA,Sun Pharmaceutical Industries,EQ,INE044A01036,423.0,445.8,421.1,434.9,433.8,416.6,18187249,7911972682.8,212776,LEGACY
2019-02-07,TORNTPHARM,Torrent Pharmaceuticals,EQ,INE685A01028,1786.0,1830.3,1786.0,1805.4,1810.0,1798.5,140575,254455326.55,8035,LEGACY
2019-02-07,WOCKPHARMA,Wockhardt,EQ,INE049B01025,404.9,428.5,403.4,419.0,418.85,400.0,2522836,1057712627.15,40549,LEGACY
2019-02-08,ABBOTINDIA,Abbott India,EQ,INE358A01014,8250.0,8298.8,7952.0,8042.0,7965.0,8238.95,3341,27136580.8,727,LEGACY
2019-02-08,AJANTPHARM,Ajanta Pharma,EQ,INE031B01049,969.8,976.0,952.3,960.9,967.0,963.95,586610,564682445.05,19389,LEGACY
2019-02-08,ALKEM,Alkem Laboratories,EQ,INE540L01014,1879.4,1915.0,1876.15,1903.6,1904.6,1887.35,33996,64586048.9,5770,LEGACY
2019-02-08,APLLTD,Alembic Pharmaceuticals,EQ,INE901L01018,576.0,576.0,564.45,565.6,564.55,574.05,10454,5971186.45,1481,LEGACY
2019-02-08,AUROPHARMA,Aurobindo Pharma,EQ,INE406A01037,789.9,789.9,750.5,761.15,761.2,778.45,5241158,4022809952.75,84342,LEGACY
2019-02-08,BIOCON,Biocon,EQ,INE376G01013,656.0,663.7,646.2,654.3,656.0,655.6,1033097,677260338.8,21858,LEGACY
2019-02-08,CADILAHC,Cadila Healthcare,EQ,INE010B01027,327.7,327.7,319.6,322.15,321.9,321.95,1635258,528796253.2,24354,LEGACY
2019-02-08,CIPLA,Cipla,EQ,INE059A01026,532.85,543.7,531.2,534.25,534.7,532.9,2747159,1477186464.85,41109,LEGACY
2019-02-08,DIVISLAB,Divi's Laboratories,EQ,INE361B01024,1667.0,1700.0,1656.0,1685.1,1684.55,1670.15,1045291,1754817842.65,45580,LEGACY
2019-02-08,DRREDDY,Dr. Reddy's Laboratories,EQ,INE089A01023,2818.0,2818.0,2751.65,2769.7,2776.2,2821.8,714193,1978870066.65,27135,LEGACY
2019-02-08,GLAXO,GlaxoSmithKline Pharmaceuticals,EQ,INE159A01016,1404.9,1409.95,1383.0,1401.0,1400.0,1400.5,9600,13380226.5,1952,LEGACY
2019-02-08,GLENMARK,Glenmark Pharmaceuticals,EQ,INE935A01035,640.9,645.0,611.2,614.45,613.5,639.9,832818,517062964.3,22345,LEGACY
2019-02-08,GRANULES,Granules India,EQ,INE101D01020,87.25,87.4,85.1,86.65,87.3,87.25,462676,39976223.9,4734,LEGACY
2019-02-08,IPCALAB,IPCA Laboratories,EQ,INE571A01020,739.15,740.0,730.25,732.75,732.05,744.7,19032,13971396.9,2079,LEGACY
2019-02-08,JBCHEPHARM,JB Chemicals & Pharmaceuticals,EQ,INE572A01028,324.9,331.55,321.05,327.3,325.0,326.8,114570,37463737.55,3185,LEGACY
2019-02-08,LAURUSLABS,Laurus Labs,EQ,INE947Q01010,347.95,349.85,344.85,346.4,349.75,347.9,12793,4442222.6,375,LEGACY
2019-02-08,LUPIN,Lupin,EQ,INE326A01037,822.0,836.3,805.1,830.75,834.75,822.8,2050927,1683134529.35,41277,LEGACY
2019-02-08,NATCOPHARM,Natco Pharma,EQ,INE987B01026,683.0,709.75,672.0,681.95,680.2,679.75,148361,101588025.8,8171,LEGACY
2019-02-08,PEL,Piramal Enterprises,EQ,INE140A01024,2218.0,2238.95,2175.0,2207.45,2200.0,2237.35,417452,921748174.7,20401,LEGACY
2019-02-08,PFIZER,Pfizer,EQ,INE182A01018,3091.8,3099.0,3052.15,3064.25,3060.0,3070.8,8527,26180856.55,1361,LEGACY
2019-02-08,SANOFI,Sanofi India,EQ,INE058A01010,6432.9,6593.0,6421.25,6555.75,6589.0,6451.25,2960,19356214.85,1563,LEGACY
2019-02-08,STAR,Strides Pharma Science,EQ,INE939A01011,428.7,430.1,415.45,419.9,417.0,429.2,1619130,682771436.35,28802,LEGACY
2019-02-08,SUNPHARMA,Sun Pharmaceutical Industries,EQ,INE044A01036,434.0,435.9,424.5,431.05,431.1,434.9,6133747,2638896513.55,71143,LEGACY
2019-02-08,TORNTPHARM,Torrent Pharmaceuticals,EQ,INE685A01028,1807.95,1807.95,1766.1,1797.55,1800.5,1805.4,190286,340155292.95,12893,LEGACY
2019-02-08,WOCKPHARMA,Wockhardt,EQ,INE049B01025,419.0,422.35,405.2,415.15,411.1,419.0,1071755,442788823.95,18258,LEGACY
2019-02-11,ABBOTINDIA,Abbott India,EQ,INE358A01014,8050.0,8050.0,7600.0,7666.4,7750.0,8042.0,21425,165357906.75,4850,LEGACY
2019-02-11,AJANTPHARM,Ajanta Pharma,EQ,INE031B01049,930.0,1015.0,924.35,1002.85,1010.0,960.9,1269473,1237202706.6,38451,LEGACY
2019-02-11,ALKEM,Alkem Laboratories,EQ,INE540L01014,1860.0,1914.7,1859.95,1891.7,1896.0,1903.6,29265,55352647.9,8277,LEGACY
2019-02-11,APLLTD,Alembic Pharmaceuticals,EQ,INE901L01018,563.0,586.9,551.15,554.85,553.3,565.6,38678,21754014.45,3686,LEGACY
2019-02-11,AUROPHARMA,Aurobindo Pharma,EQ,INE406A01037,764.0,770.0,749.2,763.15,764.65,761.15,1976232,1502512317.45,43984,LEGACY
2019-02-11,BIOCON,Biocon,EQ,INE376G01013,654.9,655.0,641.15,644.2,645.1,654.3,730783,472614288.9,13066,LEGACY
2019-02-11,CADILAHC,Cadila Healthcare,EQ,INE010B01027,322.5,326.25,320.0,324.4,324.0,322.15,875355,283043873.8,21192,LEGACY
2019-02-11,CIPLA,Cipla,EQ,INE059A01026,538.7,545.9,535.85,543.3,543.2,534.25,2989919,1621538876.45,48846,LEGACY
2019-02-11,DIVISLAB,Divi's Laboratories,EQ,INE361B01024,1677.1,1680.0,1626.0,1635.0,1633.0,1685.1,880642,1447742804.35,31747,LEGACY
2019-02-11,DRREDDY,Dr. Reddy's Laboratories,EQ,INE089A01023,2660.1,2707.95,2559.35,2615.35,2615.0,2769.7,1895462,4976678911.95,102722,LEGACY
2019-02-11,GLAXO,GlaxoSmithKline Pharmaceuticals,EQ,INE159A01016,1400.0,1405.85,1385.0,1388.05,1385.0,1401.0,7467,10377867.7,1233,LEGACY
2019-02-11,GLENMARK,Glenmark Pharmaceuticals,EQ,INE935A01035,614.0,624.1,598.0,602.65,601.5,614.45,628726,381319781.8,17707,LEGACY
2019-02-11,GRANULES,Granules India,EQ,INE101D01020,87.4,87.6,84.3,87.2,87.0,86.65,639100,55084673.85,3959,LEGACY
2019-02-11,IPCALAB,IPCA Laboratories,EQ,INE571A01020,727.2,748.75,722.1,730.65,730.1,732.75,192668,141199064.55,9030,LEGACY
2019-02-11,JBCHEPHARM,JB Chemicals & Pharmaceuticals,EQ,INE572A01028,328.7,328.7,313.7,318.85,317.95,327.3,95618,30644345.85,3093,LEGACY
2019-02-11,LAURUSLABS,Laurus Labs,EQ,INE947Q01010,347.05,347.05,325.6,339.0,338.6,346.4,42627,14365315.15,3079,LEGACY
2019-02-11,LUPIN,Lupin,EQ,INE326A01037,821.5,829.75,808.0,820.5,820.0,830.75,1689390,1383699040.3,37774,LEGACY
2019-02-11,NATCOPHARM,Natco Pharma,EQ,INE987B01026,677.8,683.0,670.0,672.85,671.45,681.95,89306,60340003.6,5024,LEGACY
2019-02-11,PEL,Piramal Enterprises,D1,INE140A08SX5,84500.0,85000.0,83500.0,85000.0,85000.0,94500.0,6,506500.0,3,LEGACY
2019-02-11,PEL,Piramal Enterprises,EQ,INE140A01024,2175.75,2191.0,2088.0,2119.25,2120.95,2207.45,538568,1143045735.0,28591,LEGACY
2019-02-11,PFIZER,Pfizer,EQ,INE182A01018,3040.0,3040.0,2936.9,2962.3,2958.0,3064.25,15611,46643115.5,3734,LEGACY
2019-02-11,SANOFI,Sanofi India,EQ,INE058A01010,6533.95,6555.4,6270.0,6348.2,6316.1,6555.75,19274,122284879.25,2902,LEGACY
2019-02-11,STAR,Strides Pharma Science,EQ,INE939A01011,419.0,419.0,397.2,402.05,401.7,419.9,1741696,703287097.75,34806,LEGACY
2019-02-11,SUNPHARMA,Sun Pharmaceutical Industries,EQ,INE044A01036,432.25,433.6,420.85,428.55,427.5,431.05,4945054,2110297255.35,66602,LEGACY
2019-02-11,TORNTPHARM,Torrent Pharmaceuticals,EQ,INE685A01028,1796.65,1814.5,1774.55,1798.9,1809.0,1797.55,142796,255981852.1,14383,LEGACY
2019-02-11,WOCKPHARMA,Wockhardt,EQ,INE049B01025,412.6,413.45,399.25,407.2,406.4,415.15,1012571,411113543.45,14858,LEGACY
2019-02-12,ABBOTINDIA,Abbott India,EQ,INE358A01014,7700.1,7787.0,7640.0,7754.55,7730.15,7666.4,5889,45265200.55,1939,LEGACY
2019-02-12,AJANTPHARM,Ajanta Pharma,EQ,INE031B01049,1002.5,1020.1,982.55,1008.7,1011.0,1002.85,1237487,1249521083.45,35197,LEGACY
2019-02-12,ALKEM,Alkem Laboratories,EQ,INE540L01014,1896.3,1897.9,1835.0,1839.95,1840.0,1891.7,19310,35780977.6,6185,LEGACY
2019-02-12,APLLTD,Alembic Pharmaceuticals,EQ,INE901L01018,550.0,559.0,525.85,550.45,547.0,554.85,87773,47552596.0,5890,LEGACY
2019-02-12,AUROPHARMA,Aurobindo Pharma,EQ,INE406A01037,770.0,772.0,760.1,767.9,767.0,763.15,1282888,984383802.6,30274,LEGACY
2019-02-12,BIOCON,Biocon,EQ,INE376G01013,643.0,653.4,636.8,643.55,644.0,644.2,1306820,842267296.45,31436,LEGACY
2019-02-12,CADILAHC,Cadila Healthcare,EQ,INE010B01027,324.5,326.35,318.4,319.6,319.0,324.4,975106,313340160.9,17633,LEGACY
2019-02-12,CIPLA,Cipla,EQ,INE059A01026,540.05,545.7,536.1,543.3,543.05,543.3,2252766,1222844596.65,48641,LEGACY
2019-02-12,DIVISLAB,Divi's Laboratories,EQ,INE361B01024,1638.0,1651.2,1613.2,1638.1,1639.3,1635.0,795159,1293801921.15,31854,LEGACY
2019-02-12,DRREDDY,Dr. Reddy's Laboratories,EQ,INE089A01023,2619.0,2676.45,2584.0,2652.5,2663.0,2615.35,1309324,3447217768.7,67209,LEGACY
2019-02-12,GLAXO,GlaxoSmithKline Pharmaceuticals,EQ,INE159A01016,1400.0,1401.9,1372.0,1376.8,1377.0,1388.05,12999,17944485.1,2383,LEGACY
2019-02-12,GLENMARK,Glenmark Pharmaceuticals,EQ,INE935A01035,605.0,611.0,593.05,601.4,602.1,602.65,604163,363936928.7,15152,LEGACY
2019-02-12,GRANULES,Granules India,EQ,INE101D01020,86.9,87.75,85.9,86.55,87.0,87.2,671318,58258743.05,5934,LEGACY
2019-02-12,IPCALAB,IPCA Laboratories,EQ,INE571A01020,730.65,751.5,727.0,741.05,743.35,730.65,396881,294167188.75,18783,LEGACY
2019-02-12,JBCHEPHARM,JB Chemicals & Pharmaceuticals,EQ,INE572A01028,313.05,316.85,312.2,314.55,315.0,318.85,37617,11857982.35,1786,LEGACY
2019-02-12,LAURUSLABS,Laurus Labs,EQ,INE947Q01010,340.6,341.95,330.0,333.6,335.05,339.0,17252,5777604.25,1096,LEGACY
2019-02-12,LUPIN,Lupin,EQ,INE326A01037,822.55,824.75,806.25,810.95,812.8,820.5,1711425,1396340648.15,56119,LEGACY
2019-02-12,NATCOPHARM,Natco Pharma,EQ,INE987B01026,668.5,684.35,658.0,666.7,664.0,672.85,151057,101915148.55,7322,LEGACY
2019-02-12,PEL,Piramal Enterprises,EQ,INE140A01024,2122.0,2193.0,2122.0,2178.8,2177.0,2119.25,501401,1083847837.85,20816,LEGACY
2019-02-12,PFIZER,Pfizer,EQ,INE182A01018,2965.0,2965.0,2872.05,2899.95,2927.85,2962.3,17587,51036617.8,4503,LEGACY
2019-02-12,SANOFI,Sanofi India,EQ,INE058A01010,6284.7,6397.8,6265.0,6311.9,6305.0,6348.2,12801,80743837.9,2144,LEGACY
2019-02-12,STAR,Strides Pharma Science,EQ,INE939A01011,401.8,417.85,400.0,412.25,412.65,402.05,1485899,610029623.15,24908,LEGACY
2019-02-12,SUNPHARMA,Sun Pharmaceutical Industries,EQ,INE044A01036,427.2,444.0,424.05,436.6,442.45,428.55,8559968,3707058637.5,117920,LEGACY
2019-02-12,TORNTPHARM,Torrent Pharmaceuticals,EQ,INE685A01028,1803.9,1815.0,1788.0,1798.95,1804.0,1798.9,80129,144398642.9,10463,LEGACY
2019-02-12,WOCKPHARMA,Wockhardt,EQ,INE049B01025,407.0,415.55,403.7,407.85,407.8,407.2,818406,334842488.45,14317,LEGACY
2019-02-13,ABBOTINDIA,Abbott India,EQ,INE358A01014,7735.0,7775.0,7600.0,7638.15,7610.0,7754.55,3915,30064452.75,1896,LEGACY
2019-02-13,AJANTPHARM,Ajanta Pharma,EQ,INE031B01049,1008.0,1022.0,968.2,973.7,970.55,1008.7,551010,545880250.7,30953,LEGACY
2019-02-13,ALKEM,Alkem Laboratories,EQ,INE540L01014,1840.5,1868.8,1800.0,1804.5,1800.0,1839.95,166014,302881031.4,6430,LEGACY
2019-02-13,APLLTD,Alembic Pharmaceuticals,EQ,INE901L01018,558.0,566.0,536.1,538.5,537.5,550.45,23671,13069257.95,2045,LEGACY
2019-02-13,AUROPHARMA,Aurobindo Pharma,EQ,INE406A01037,765.0,769.75,729.3,749.7,747.85,767.9,5241348,3894734115.8,89436,LEGACY
2019-02-13,BIOCON,Biocon,EQ,INE376G01013,646.0,646.65,637.05,639.65,638.45,643.55,583245,373385891.6,26909,LEGACY
2019-02-13,CADILAHC,Cadila Healthcare,EQ,INE010B01027,320.0,321.8,316.0,320.8,321.2,319.6,612984,195746377.95,11512,LEGACY
2019-02-13,CIPLA,Cipla,EQ,INE059A01026,543.0,545.65,538.2,543.5,542.95,543.3,1752070,949930331.25,55342,LEGACY
2019-02-13,DIVISLAB,Divi's Laboratories,EQ,INE361B01024,1644.9,1662.2,1632.5,1639.1,1633.3,1638.1,441100,727032069.2,22460,LEGACY
2019-02-13,DRREDDY,Dr. Reddy's Laboratories,EQ,INE089A01023,2665.0,2681.75,2632.0,2648.7,2652.5,2652.5,676457,1791174967.95,42602,LEGACY
2019-02-13,GLAXO,GlaxoSmithKline Pharmaceuticals,EQ,INE159A01016,1386.25,1397.95,1367.2,1383.05,1380.3,1376.8,20270,28010093.5,1919,LEGACY
2019-02-13,GLENMARK,Glenmark Pharmaceuticals,EQ,INE935A01035,604.45,610.75,595.0,596.9,596.6,601.4,759786,456817335.35,24161,LEGACY
2019-02-13,GRANULES,Granules India,EQ,INE101D01020,86.6,87.0,84.85,85.75,85.6,86.55,483713,41498986.05,5139,LEGACY
2019-02-13,IPCALAB,IPCA Laboratories,EQ,INE571A01020,750.0,757.0,740.1,751.2,751.0,741.05,390793,294519754.1,18250,LEGACY
2019-02-13,JBCHEPHARM,JB Chemicals & Pharmaceuticals,EQ,INE572A01028,315.35,318.15,301.1,308.8,309.0,314.55,28357,8876578.2,2134,LEGACY
2019-02-13,LAURUSLABS,Laurus Labs,EQ,INE947Q01010,334.8,336.5,333.0,334.15,335.0,333.6,8626,2887354.6,328,LEGACY
2019-02-13,LUPIN,Lupin,EQ,INE326A01037,816.0,820.0,782.55,791.4,791.0,810.95,2906224,2309869168.25,68752,LEGACY
2019-02-13,NATCOPHARM,Natco Pharma,EQ,INE987B01026,650.0,651.0,632.1,635.85,634.75,666.7,319898,204189561.8,10882,LEGACY
2019-02-13,PEL,Piramal Enterprises,D1,INE140A08SX5,87000.0,89000.0,87000.0,89000.0,89000.0,85000.0,2,176000.0,2,LEGACY
2019-02-13,PEL,Piramal Enterprises,EQ,INE140A01024,2174.0,2210.0,2154.0,2190.7,2187.0,2178.8,414770,907306074.3,24970,LEGACY
2019-02-13,PFIZER,Pfizer,EQ,INE182A01018,2937.0,2975.0,2894.25,2940.95,2940.0,2899.95,14399,42242614.05,3160,LEGACY
2019-02-13,SANOFI,Sanofi India,EQ,INE058A01010,6351.4,6396.0,6277.1,6309.3,6308.8,6311.9,707,4476951.25,264,LEGACY
2019-02-13,STAR,Strides Pharma Science,EQ,INE939A01011,414.8,421.0,400.1,405.55,402.05,412.25,1692065,689000419.25,30964,LEGACY
2019-02-13,SUNPHARMA,Sun Pharmaceutical Industries,EQ,INE044A01036,454.9,455.0,426.45,431.25,428.7,436.6,31434625,13911691475.0,347373,LEGACY
2019-02-13,TORNTPHARM,Torrent Pharmaceuticals,EQ,INE685A01028,1813.35,1813.35,1779.0,1792.0,1788.95,1798.95,135554,242557175.1,12757,LEGACY
2019-02-13,WOCKPHARMA,Wockhardt,EQ,INE049B01025,410.7,413.85,392.0,396.85,393.45,407.85,1018978,410673333.15,16436,LEGACY
2019-02-14,ABBOTINDIA,Abbott India,EQ,INE358A01014,7684.25,7693.85,7465.35,7644.75,7615.0,7638.15,5685,43155020.95,2073,LEGACY
2019-02-14,AJANTPHARM,Ajanta Pharma,EQ,INE031B01049,973.0,995.9,956.0,983.7,982.6,973.7,386328,378979552.75,14587,LEGACY
2019-02-14,ALKEM,Alkem Laboratories,EQ,INE540L01014,1815.05,1845.0,1804.7,1810.65,1810.0,1804.5,27053,49290068.4,6337,LEGACY
2019-02-14,APLLTD,Alembic Pharmaceuticals,EQ,INE901L01018,539.9,546.0,526.05,531.2,530.0,538.5,14576,7811403.7,1305,LEGACY
2019-02-14,AUROPHARMA,Aurobindo Pharma,EQ,INE406A01037,747.0,757.0,744.55,748.75,748.95,749.7,1560056,1169425947.75,40321,LEGACY
2019-02-14,BIOCON,Biocon,EQ,INE376G01013,638.45,644.4,634.1,641.85,640.15,639.65,947580,605592701.3,25419,LEGACY
2019-02-14,CADILAHC,Cadila Healthcare,EQ,INE010B01027,319.0,323.3,315.7,318.5,319.0,320.8,834172,266402454.8,15486,LEGACY
2019-02-14,CIPLA,Cipla,EQ,INE059A01026,542.9,556.0,537.4,542.9,542.1,543.5,2766535,1511389735.0,67102,LEGACY
2019-02-14,DIVISLAB,Divi's Laboratories,EQ,INE361B01024,1640.0,1648.95,1615.05,1637.45,1634.35,1639.1,469510,766769264.55,22397,LEGACY
2019-02-14,DRREDDY,Dr. Reddy's Laboratories,EQ,INE089A01023,2648.7,2674.95,2616.0,2667.25,2660.0,2648.7,597409,1581801546.65,38745,LEGACY
2019-02-14,GLAXO,GlaxoSmithKline Pharmaceuticals,EQ,INE159A01016,1390.25,1400.9,1363.55,1396.35,1396.25,1383.05,10764,14883008.75,2428,LEGACY
2019-02-14,GLENMARK,Glenmark Pharmaceuticals,EQ,INE935A01035,597.9,614.05,591.2,609.2,612.0,596.9,744340,448454763.85,19511,LEGACY
2019-02-14,GRANULES,Granules India,EQ,INE101D01020,85.0,86.05,84.65,85.7,85.45,85.75,343494,29325112.95,4436,LEGACY
2019-02-14,IPCALAB,IPCA Laboratories,EQ,INE571A01020,752.95,763.15,742.45,756.85,756.8,751.2,630390,472746705.7,14989,LEGACY
2019-02-14,JBCHEPHARM,JB Chemicals & Pharmaceuticals,EQ,INE572A01028,308.65,317.4,295.0,312.1,311.0,308.8,33399,10453827.45,1336,LEGACY
2019-02-14,LAURUSLABS,Laurus Labs,EQ,INE947Q01010,333.55,340.1,325.7,336.35,334.0,334.15,27014,8972876.25,740,LEGACY
2019-02-14,LUPIN,Lupin,EQ,INE326A01037,793.05,812.0,790.5,810.2,808.65,791.4,1848763,1486248139.6,40718,LEGACY
2019-02-14,NATCOPHARM,Natco Pharma,EQ,INE987B01026,647.0,647.0,600.1,608.35,605.65,635.85,381071,231766534.6,23517,LEGACY
2019-02-14,PEL,Piramal Enterprises,D1,INE140A08SX5,89000.0,89000.0,89000.0,89000.0,89000.0,89000.0,1,89000.0,1,LEGACY
2019-02-14,PEL,Piramal Enterprises,EQ,INE140A01024,2182.0,2243.0,2160.9,2209.75,2210.0,2190.7,405048,890671684.9,20208,LEGACY
2019-02-14,PFIZER,Pfizer,EQ,INE182A01018,2950.0,2987.5,2950.0,2982.05,2975.0,2940.95,10933,32546878.3,2688,LEGACY
2019-02-14,SANOFI,Sanofi India,EQ,INE058A01010,6310.0,6338.2,6270.0,6280.1,6274.0,6309.3,5199,32788449.85,268,LEGACY
2019-02-14,STAR,Strides Pharma Science,EQ,INE939A01011,403.0,414.15,400.1,409.0,410.8,405.55,1363358,555279677.25,26691,LEGACY
2019-02-14,SUNPHARMA,Sun Pharmaceutical Industries,EQ,INE044A01036,432.0,444.9,428.65,440.9,440.85,431.25,9040227,3943146579.75,123225,LEGACY
2019-02-14,TORNTPHARM,Torrent Pharmaceuticals,EQ,INE685A01028,1790.0,1792.5,1765.85,1771.3,1771.0,1792.0,118549,210671321.75,15397,LEGACY
2019-02-14,WOCKPHARMA,Wockhardt,EQ,INE049B01025,392.8,416.9,390.3,405.1,406.15,396.85,1532295,616554912.6,21707,LEGACY
2019-02-15,ABBOTINDIA,Abbott India,EQ,INE358A01014,7721.2,7721.2,7400.0,7442.45,7439.95,7644.75,5351,40145271.4,2226,LEGACY
2019-02-15,AJANTPHARM,Ajanta Pharma,EQ,INE031B01049,984.0,992.95,966.0,974.25,974.35,983.7,441647,431271286.95,17184,LEGACY
2019-02-15,ALKEM,Alkem Laboratories,EQ,INE540L01014,1821.95,1821.95,1785.0,1796.7,1804.0,1810.65,23429,42102720.2,3632,LEGACY
2019-02-15,APLLTD,Alembic Pharmaceuticals,EQ,INE901L01018,537.0,548.0,534.2,541.8,542.8,531.2,21185,11408669.55,2631,LEGACY
2019-02-15,AUROPHARMA,Aurobindo Pharma,EQ,INE406A01037,749.95,749.95,718.0,722.6,722.0,748.75,2894602,2100285086.9,58274,LEGACY
2019-02-15,BIOCON,Biocon,EQ,INE376G01013,639.9,642.0,610.85,615.25,616.8,641.85,1454160,901260617.9,56381,LEGACY
2019-02-15,CADILAHC,Cadila Healthcare,EQ,INE010B01027,317.8,319.0,305.95,314.0,314.0,318.5,1947521,606675706.35,35294,LEGACY
2019-02-15,CIPLA,Cipla,EQ,INE059A01026,540.0,551.4,528.5,540.55,541.9,542.9,2491806,1341296846.9,54833,LEGACY
2019-02-15,DIVISLAB,Divi's Laboratories,EQ,INE361B01024,1617.0,1629.4,1530.65,1621.35,1620.55,1637.45,2159194,3425874668.45,72210,LEGACY
2019-02-15,DRREDDY,Dr. Reddy's Laboratories,EQ,INE089A01023,2660.0,2660.0,1872.95,2563.35,2555.95,2667.25,6756271,16579594361.2,354965,LEGACY
2019-02-15,GLAXO,GlaxoSmithKline Pharmaceuticals,EQ,INE159A01016,1396.35,1405.05,1361.35,1371.55,1375.0,1396.35,21363,29264202.6,3017,LEGACY
2019-02-15,GLENMARK,Glenmark Pharmaceuticals,EQ,INE935A01035,609.2,609.2,554.0,569.35,569.8,609.2,4210524,2404408795.6,88769,LEGACY
2019-02-15,GRANULES,Granules India,EQ,INE101D01020,85.45,86.9,84.55,86.55,86.55,85.7,715309,61369909.1,7728,LEGACY
2019-02-15,IPCALAB,IPCA Laboratories,EQ,INE571A01020,757.0,779.85,750.0,775.35,777.0,756.85,74544,56971878.95,4941,LEGACY
2019-02-15,JBCHEPHARM,JB Chemicals & Pharmaceuticals,EQ,INE572A01028,311.0,313.0,301.9,312.15,312.0,312.1,65022,20065433.8,2930,LEGACY
2019-02-15,LAURUSLABS,Laurus Labs,EQ,INE947Q01010,335.8,336.0,326.1,327.4,326.5,336.35,28698,9490718.5,890,LEGACY
2019-02-15,LUPIN,Lupin,EQ,INE326A01037,809.0,809.95,767.1,774.75,774.0,810.2,2939666,2291816366.55,76039,LEGACY
2019-02-15,NATCOPHARM,Natco Pharma,EQ,INE987B01026,605.0,605.1,584.0,586.8,588.0,608.35,268550,158814297.35,17290,LEGACY
2019-02-15,PEL,Piramal Enterprises,EQ,INE140A01024,2190.1,2214.95,2121.0,2161.75,2154.05,2209.75,461358,994052922.95,29126,LEGACY
2019-02-15,PFIZER,Pfizer,EQ,INE182A01018,2985.0,2990.0,2845.6,2906.2,2900.0,2982.05,24843,72060345.9,5689,LEGACY
2019-02-15,SANOFI,Sanofi India,EQ,INE058A01010,6264.25,6328.65,6170.0,6195.8,6180.1,6280.1,12115,75644548.35,1345,LEGACY
2019-02-15,STAR,Strides Pharma Science,EQ,INE939A01011,409.45,409.7,392.2,402.15,400.15,409.0,1878358,754298484.95,35334,LEGACY
2019-02-15,SUNPHARMA,Sun Pharmaceutical Industries,EQ,INE044A01036,440.75,440.75,416.45,422.9,423.0,440.9,10206627,4331871612.7,143520,LEGACY
2019-02-15,TORNTPHARM,Torrent Pharmaceuticals,EQ,INE685A01028,1767.0,1790.0,1746.45,1775.7,1771.65,1771.3,294949,521681666.1,20535,LEGACY
2019-02-15,WOCKPHARMA,Wockhardt,EQ,INE049B01025,405.4,405.4,389.5,392.7,392.0,405.1,1148491,453863007.7,19289,LEGACY
2019-02-18,ABBOTINDIA,Abbott India,EQ,INE358A01014,7500.0,7500.0,7211.0,7264.2,7211.0,7442.45,2938,21478023.1,721,LEGACY
2019-02-18,AJANTPHARM,Ajanta Pharma,EQ,INE031B01049,974.95,983.75,952.25,967.85,975.0,974.25,678163,655726750.65,11637,LEGACY
2019-02-18,ALKEM,Alkem Laboratories,EQ,INE540L01014,1776.0,1849.0,1776.0,1838.7,1836.0,1796.7,32556,59560714.9,9824,LEGACY
2019-02-18,APLLTD,Alembic Pharmaceuticals,EQ,INE901L01018,544.75,554.0,540.9,544.45,542.4,541.8,24145,13255108.95,2090,LEGACY
2019-02-18,AUROPHARMA,Aurobindo Pharma,EQ,INE406A01037,725.3,726.8,714.05,716.75,716.45,722.6,1914606,1378651275.2,41770,LEGACY
2019-02-18,BIOCON,Biocon,EQ,INE376G01013,621.9,625.9,604.0,605.85,607.45,615.25,2041693,1249855420.95,64356,LEGACY
2019-02-18,CADILAHC,Cadila Healthcare,EQ,INE010B01027,310.4,317.35,309.3,311.8,311.75,314.0,772468,240874236.3,14168,LEGACY
2019-02-18,CIPLA,Cipla,BL,INE059A01026,540.55,540.55,540.55,540.55,540.55,380.15,2904657,1570112341.35,1,LEGACY
2019-02-18,CIPLA,Cipla,EQ,INE059A01026,542.0,545.05,532.3,541.15,541.0,540.55,1590101,855158051.2,50576,LEGACY
2019-02-18,DIVISLAB,Divi's Laboratories,EQ,INE361B01024,1617.9,1621.05,1559.0,1574.75,1574.5,1621.35,890862,1406461692.85,27270,LEGACY
2019-02-18,DRREDDY,Dr. Reddy's Laboratories,BL,INE089A01023,2563.35,2563.35,2563.35,2563.35,2563.35,1460.0,570529,1462465512.15,1,LEGACY
2019-02-18,DRREDDY,Dr. Reddy's Laboratories,EQ,INE089A01023,2650.0,2689.65,2545.05,2565.55,2564.05,2563.35,2687581,6974167520.5,137088,LEGACY
2019-02-18,GLAXO,GlaxoSmithKline Pharmaceuticals,EQ,INE159A01016,1365.0,1365.0,1332.0,1341.15,1336.1,1371.55,15158,20356099.5,2437,LEGACY
2019-02-18,GLENMARK,Glenmark Pharmaceuticals,EQ,INE935A01035,575.0,580.0,562.7,577.1,576.1,569.35,1093956,626111702.45,24374,LEGACY
2019-02-18,GRANULES,Granules India,EQ,INE101D01020,86.0,87.95,85.0,87.05,87.1,86.55,824336,71178190.25,4106,LEGACY
2019-02-18,IPCALAB,IPCA Laboratories,EQ,INE571A01020,788.0,828.85,776.05,808.25,804.0,775.35,390989,316183069.45,24007,LEGACY
2019-02-18,JBCHEPHARM,JB Chemicals & Pharmaceuticals,EQ,INE572A01028,310.05,315.75,307.85,314.35,315.0,312.15,22618,7095605.35,2874,LEGACY
2019-02-18,LAURUSLABS,Laurus Labs,EQ,INE947Q01010,327.35,330.0,321.35,329.5,327.5,327.4,11545,3770132.65,335,LEGACY
2019-02-18,LUPIN,Lupin,EQ,INE326A01037,778.1,785.0,760.5,770.9,773.0,774.75,2332485,1796804536.7,69292,LEGACY
2019-02-18,NATCOPHARM,Natco Pharma,EQ,INE987B01026,593.0,593.0,568.6,575.15,574.05,586.8,200962,115548163.6,10963,LEGACY
2019-02-18,PEL,Piramal Enterprises,EQ,INE140A01024,2155.25,2200.0,2148.05,2176.75,2170.0,2161.75,460417,1001173269.15,16710,LEGACY
2019-02-18,PFIZER,Pfizer,EQ,INE182A01018,2906.2,2929.45,2863.55,2904.0,2920.0,2906.2,15644,45187714.35,2925,LEGACY
2019-02-18,SANOFI,Sanofi India,EQ,INE058A01010,6182.0,6266.85,5940.0,5961.4,5950.0,6195.8,5524,33423762.25,2118,LEGACY
2019-02-18,STAR,Strides Pharma Science,EQ,INE939A01011,401.5,416.9,398.45,408.35,408.2,402.15,2126026,869736054.45,34142,LEGACY
2019-02-18,SUNPHARMA,Sun Pharmaceutical Industries,EQ,INE044A01036,424.5,428.0,413.3,414.65,414.65,422.9,6210412,2603673488.25,89798,LEGACY
2019-02-18,TORNTPHARM,Torrent Pharmaceuticals,EQ,INE685A01028,1771.0,1782.15,1751.2,1763.5,1769.0,1775.7,84515,149201012.45,10131,LEGACY
2019-02-18,WOCKPHARMA,Wockhardt,EQ,INE049B01025,394.7,397.0,387.5,389.6,390.35,392.7,815106,318491347.0,12299,LEGACY
2019-02-19,ABBOTINDIA,Abbott India,EQ,INE358A01014,7270.05,7371.95,7210.5,7234.75,7218.0,7264.2,2117,15424130.45,585,LEGACY
2019-02-19,AJANTPHARM,Ajanta Pharma,EQ,INE031B01049,973.0,973.9,946.2,954.1,948.15,967.85,846578,813685826.05,11244,LEGACY
2019-02-19,ALKEM,Alkem Laboratories,EQ,INE540L01014,1840.2,1860.0,1825.25,1847.2,1855.0,1838.7,15294,28238159.7,4283,LEGACY
2019-02-19,APLLTD,Alembic Pharmaceuticals,EQ,INE901L01018,550.0,550.0,536.65,539.55,539.1,544.45,8413,4557768.4,1035,LEGACY
2019-02-19,AUROPHARMA,Aurobindo Pharma,EQ,INE406A01037,717.5,721.35,706.0,708.05,706.8,716.75,1579099,1126882700.4,38173,LEGACY
2019-02-19,BIOCON,Biocon,EQ,INE376G01013,608.4,620.7,605.2,616.15,613.35,605.85,1394619,857071494.4,32175,LEGACY
2019-02-19,CADILAHC,Cadila Healthcare,EQ,INE010B01027,312.0,315.1,310.5,311.9,311.8,311.8,568174,177273193.25,17104,LEGACY
2019-02-19,CIPLA,Cipla,EQ,INE059A01026,544.8,545.0,536.75,539.65,539.45,541.15,1879600,1017299772.3,40079,LEGACY
2019-02-19,DIVISLAB,Divi's Laboratories,EQ,INE361B01024,1570.05,1617.7,1525.0,1587.85,1584.35,1574.75,1840314,2890729386.95,59357,LEGACY
2019-02-19,DRREDDY,Dr. Reddy's Laboratories,EQ,INE089A01023,2583.95,2610.0,2505.1,2536.9,2537.0,2565.55,2269798,5781532302.7,93327,LEGACY
2019-02-19,GLAXO,GlaxoSmithKline Pharmaceuticals,EQ,INE159A01016,1336.25,1368.0,1336.0,1349.2,1336.1,1341.15,16484,22155038.05,3880,LEGACY
2019-02-19,GLENMARK,Glenmark Pharmaceuticals,EQ,INE935A01035,577.7,592.0,574.0,579.15,577.55,577.1,700823,408918625.65,23624,LEGACY
2019-02-19,GRANULES,Granules India,EQ,INE101D01020,87.4,89.85,86.55,88.0,87.9,87.05,914053,80859888.15,5338,LEGACY
2019-02-19,IPCALAB,IPCA Laboratories,EQ,INE571A01020,807.85,815.45,786.4,804.85,811.0,808.25,161743,130461015.4,6912,LEGACY
2019-02-19,JBCHEPHARM,JB Chemicals & Pharmaceuticals,EQ,INE572A01028,313.05,322.05,308.55,321.05,321.8,314.35,22326,7109971.7,1049,LEGACY
2019-02-19,LAURUSLABS,Laurus Labs,EQ,INE947Q01010,329.65,333.1,326.55,330.4,330.65,329.5,6718,2223682.75,380,LEGACY
2019-02-19,LUPIN,Lupin,EQ,INE326A01037,776.0,776.0,761.1,763.1,762.2,770.9,1382541,1058733587.4,36138,LEGACY
2019-02-19,NATCOPHARM,Natco Pharma,EQ,INE987B01026,581.7,581.75,566.0,569.8,571.25,575.15,127545,73365250.1,5629,LEGACY
2019-02-19,PEL,Piramal Enterprises,EQ,INE140A01024,2185.95,2199.85,2164.05,2179.6,2174.55,2176.75,339199,739194162.85,17628,LEGACY
2019-02-19,PFIZER,Pfizer,EQ,INE182A01018,2879.35,2974.95,2879.3,2927.1,2970.0,2904.0,15727,45900304.6,3103,LEGACY
2019-02-19,SANOFI,Sanofi India,EQ,INE058A01010,5949.95,6030.0,5851.55,5899.95,5880.0,5961.4,3995,23697885.7,992,LEGACY
2019-02-19,STAR,Strides Pharma Science,EQ,INE939A01011,410.5,413.0,402.85,404.1,403.5,408.35,1262469,514478058.7,24996,LEGACY
2019-02-19,SUNPHARMA,Sun Pharmaceutical Industries,EQ,INE044A01036,417.15,422.4,412.35,413.65,413.7,414.65,4742270,1980219012.25,64796,LEGACY
2019-02-19,TORNTPHARM,Torrent Pharmaceuticals,EQ,INE685A01028,1758.0,1777.2,1755.7,1763.35,1767.0,1763.5,80143,141575411.9,12290,LEGACY
2019-02-19,WOCKPHARMA,Wockhardt,EQ,INE049B01025,391.7,401.3,388.45,392.15,391.65,389.6,906772,357567607.1,15178,LEGACY
2019-02-20,ABBOTINDIA,Abbott India,EQ,INE358A01014,7250.0,7315.0,7250.0,7295.1,7280.0,7234.75,1760,12833577.5,458,LEGACY
2019-02-20,AJANTPHARM,Ajanta Pharma,EQ,INE031B01049,957.95,976.9,950.0,970.65,970.7,954.1,310199,299651696.0,13787,LEGACY
2019-02-20,ALKEM,Alkem Laboratories,EQ,INE540L01014,1855.3,1855.3,1828.0,1835.8,1837.95,1847.2,11486,21099050.3,2684,LEGACY
2019-02-20,APLLTD,Alembic Pharmaceuticals,EQ,INE901L01018,535.0,545.45,526.0,528.35,527.0,539.55,27537,14821789.8,2374,LEGACY
2019-02-20,AUROPHARMA,Aurobindo Pharma,EQ,INE406A01037,708.55,724.8,708.55,722.8,722.8,708.05,2207544,1582501007.65,48559,LEGACY
2019-02-20,BIOCON,Biocon,EQ,INE376G01013,616.8,621.0,611.2,619.4,620.5,616.15,1046992,645168172.8,40000,LEGACY
2019-02-20,CADILAHC,Cadila Healthcare,EQ,INE010B01027,311.8,314.75,310.0,313.2,312.5,311.9,643033,200727567.2,16442,LEGACY
2019-02-20,CIPLA,Cipla,EQ,INE059A01026,540.2,543.2,538.65,541.1,543.2,539.65,1208930,653847907.95,53118,LEGACY
2019-02-20,DIVISLAB,Divi's Laboratories,EQ,INE361B01024,1594.9,1594.9,1553.45,1560.55,1558.0,1587.85,775963,1212942450.4,33737,LEGACY
2019-02-20,DRREDDY,Dr. Reddy's Laboratories,EQ,INE089A01023,2574.9,2584.0,2508.55,2525.15,2528.0,2536.9,1559722,3949988141.2,79284,LEGACY
2019-02-20,GLAXO,GlaxoSmithKline Pharmaceuticals,EQ,INE159A01016,1349.7,1352.95,1325.0,1335.9,1326.8,1349.2,18314,24512588.85,2987,LEGACY
2019-02-20,GLENMARK,Glenmark Pharmaceuticals,EQ,INE935A01035,579.6,590.4,579.2,586.95,587.0,579.15,435907,254861310.7,14046,LEGACY
2019-02-20,GRANULES,Granules India,EQ,INE101D01020,88.15,91.45,88.15,90.9,90.7,88.0,852054,76606498.5,7290,LEGACY
2019-02-20,IPCALAB,IPCA Laboratories,EQ,INE571A01020,809.7,815.0,793.0,799.05,795.85,804.85,154199,123666069.2,11936,LEGACY
2019-02-20,JBCHEPHARM,JB Chemicals & Pharmaceuticals,EQ,INE572A01028,320.0,323.2,314.1,321.95,315.5,321.05,21765,6974746.95,1020,LEGACY
2019-02-20,LAURUSLABS,Laurus Labs,EQ,INE947Q01010,327.1,335.0,324.0,328.45,326.45,330.4,14331,4722804.85,691,LEGACY
2019-02-20,LUPIN,Lupin,EQ,INE326A01037,766.0,768.45,752.6,762.65,762.9,763.1,1452620,1107315448.45,37237,LEGACY
2019-02-20,NATCOPHARM,Natco Pharma,EQ,INE987B01026,570.1,579.0,570.1,575.8,576.5,569.8,171271,98405742.1,27707,LEGACY
2019-02-20,PEL,Piramal Enterprises,EQ,INE140A01024,2182.95,2219.0,2178.6,2197.45,2196.9,2179.6,504402,1108942608.1,19690,LEGACY
2019-02-20,PFIZER,Pfizer,EQ,INE182A01018,2968.0,2968.0,2890.7,2910.55,2900.0,2927.1,21138,61737278.75,4935,LEGACY
2019-02-20,SANOFI,Sanofi India,EQ,INE058A01010,5920.25,5999.0,5880.05,5979.0,5984.4,5899.95,23446,138485659.05,1350,LEGACY
2019-02-20,STAR,Strides Pharma Science,EQ,INE939A01011,408.0,411.95,404.0,409.45,407.4,404.1,1426368,581945220.55,23259,LEGACY
2019-02-20,SUNPHARMA,Sun Pharmaceutical Industries,EQ,INE044A01036,418.0,424.45,416.05,422.35,423.5,413.65,4385350,1839936062.2,58494,LEGACY
2019-02-20,TORNTPHARM,Torrent Pharmaceuticals,EQ,INE685A01028,1757.0,1771.0,1743.1,1768.75,1767.65,1763.35,99807,175354480.5,12995,LEGACY
2019-02-20,WOCKPHARMA,Wockhardt,EQ,INE049B01025,393.4,395.7,389.1,392.65,392.7,392.15,824487,323396194.45,13355,LEGACY
2019-02-21,ABBOTINDIA,Abbott India,EQ,INE358A01014,7295.1,7310.0,7176.25,7246.2,7200.1,7295.1,3112,22520484.95,895,LEGACY
2019-02-21,AJANTPHARM,Ajanta Pharma,EQ,INE031B01049,977.8,1005.65,972.0,992.1,991.5,970.65,579345,576166058.25,30385,LEGACY
2019-02-21,ALKEM,Alkem Laboratories,EQ,INE540L01014,1836.95,1845.2,1793.45,1803.3,1797.0,1835.8,128991,232481247.75,6134,LEGACY
2019-02-21,APLLTD,Alembic Pharmaceuticals,EQ,INE901L01018,532.0,535.0,516.4,522.8,517.0,528.35,39225,20564680.2,5854,LEGACY
2019-02-21,AUROPHARMA,Aurobindo Pharma,EQ,INE406A01037,723.0,732.9,720.2,731.1,730.0,722.8,1818817,1322281985.9,50647,LEGACY
2019-02-21,BIOCON,Biocon,EQ,INE376G01013,620.2,624.9,617.4,621.65,621.0,619.4,789303,490678994.75,55570,LEGACY
2019-02-21,CADILAHC,Cadila Healthcare,EQ,INE010B01027,314.95,315.0,310.7,313.15,312.5,313.2,884693,276203746.3,29887,LEGACY
2019-02-21,CIPLA,Cipla,EQ,INE059A01026,542.85,547.9,540.5,545.5,546.0,541.1,1093548,595979525.2,29438,LEGACY
2019-02-21,DIVISLAB,Divi's Laboratories,EQ,INE361B01024,1553.1,1560.65,1540.0,1550.0,1546.5,1560.55,799999,1240715026.15,56091,LEGACY
2019-02-21,DRREDDY,Dr. Reddy's Laboratories,EQ,INE089A01023,2550.0,2606.0,2519.85,2586.3,2604.05,2525.15,1310397,3338049135.85,59922,LEGACY
2019-02-21,GLAXO,GlaxoSmithKline Pharmaceuticals,EQ,INE159A01016,1335.1,1345.0,1315.6,1331.1,1327.8,1335.9,13667,18136731.1,3733,LEGACY
2019-02-21,GLENMARK,Glenmark Pharmaceuticals,EQ,INE935A01035,591.0,591.75,581.2,586.85,586.65,586.95,402915,236263436.0,14040,LEGACY
2019-02-21,GRANULES,Granules India,EQ,INE101D01020,90.85,92.85,89.1,91.25,91.4,90.9,898838,82015281.8,9358,LEGACY
2019-02-21,IPCALAB,IPCA Laboratories,EQ,INE571A01020,795.0,810.0,792.55,800.2,797.9,799.05,340746,272505803.6,13706,LEGACY
2019-02-21,JBCHEPHARM,JB Chemicals & Pharmaceuticals,EQ,INE572A01028,321.8,326.55,317.1,320.25,318.8,321.95,63155,20282603.4,1149,LEGACY
2019-02-21,LAURUSLABS,Laurus Labs,EQ,INE947Q01010,332.0,339.55,329.0,333.5,336.0,328.45,10192,3400170.3,464,LEGACY
2019-02-21,LUPIN,Lupin,EQ,INE326A01037,760.55,772.0,755.0,769.8,770.2,762.65,1554032,1183669076.25,29812,LEGACY
2019-02-21,NATCOPHARM,Natco Pharma,EQ,INE987B01026,579.0,584.15,572.45,575.55,574.0,575.8,337998,195621613.15,16852,LEGACY
2019-02-21,PEL,Piramal Enterprises,EQ,INE140A01024,2192.0,2255.0,2191.1,2240.25,2243.9,2197.45,484063,1078614727.7,23416,LEGACY
2019-02-21,PFIZER,Pfizer,EQ,INE182A01018,2900.0,2973.8,2855.0,2940.85,2959.0,2910.55,36198,105093990.85,9607,LEGACY
2019-02-21,SANOFI,Sanofi India,EQ,INE058A01010,5979.0,6074.0,5965.4,6006.05,6029.95,5979.0,15419,92196773.6,977,LEGACY
2019-02-21,STAR,Strides Pharma Science,EQ,INE939A01011,409.5,424.7,408.65,419.4,420.9,409.45,1686624,704347986.55,28301,LEGACY
2019-02-21,SUNPHARMA,Sun Pharmaceutical Industries,EQ,INE044A01036,425.2,432.0,422.7,429.7,430.35,422.35,4736317,2024963795.55,93156,LEGACY
2019-02-21,TORNTPHARM,Torrent Pharmaceuticals,EQ,INE685A01028,1763.2,1777.2,1761.15,1768.3,1766.35,1768.75,92686,163872793.6,12230,LEGACY
2019-02-21,WOCKPHARMA,Wockhardt,EQ,INE049B01025,393.6,404.0,392.9,397.4,397.15,392.65,1814014,724405527.85,25501,LEGACY
2019-02-22,ABBOTINDIA,Abbott India,EQ,INE358A01014,7260.15,7260.25,7151.2,7230.55,7248.0,7246.2,3940,28381858.1,628,LEGACY
2019-02-22,AJANTPHARM,Ajanta Pharma,EQ,INE031B01049,994.85,1005.0,981.0,984.25,984.3,992.1,314119,311016455.2,14306,LEGACY
2019-02-22,ALKEM,Alkem Laboratories,EQ,INE540L01014,1805.3,1839.15,1800.0,1809.65,1800.1,1803.3,37759,68363080.55,5274,LEGACY
2019-02-22,APLLTD,Alembic Pharmaceuticals,EQ,INE901L01018,518.0,529.5,516.0,525.5,525.05,522.8,15841,8311029.2,1881,LEGACY
2019-02-22,AUROPHARMA,Aurobindo Pharma,EQ,INE406A01037,731.1,736.5,726.8,731.2,730.85,731.1,1190262,871623170.9,32256,LEGACY
2019-02-22,BIOCON,Biocon,EQ,INE376G01013,622.4,627.8,618.6,621.2,621.9,621.65,704110,439447384.4,23011,LEGACY
2019-02-22,CADILAHC,Cadila Healthcare,EQ,INE010B01027,314.0,317.5,312.45,315.2,315.1,313.15,581643,183179394.85,9870,LEGACY
2019-02-22,CIPLA,Cipla,EQ,INE059A01026,543.8,546.1,539.1,541.3,541.5,545.5,1592112,861821992.25,53226,LEGACY
2019-02-22,DIVISLAB,Divi's Laboratories,EQ,INE361B01024,1550.1,1573.45,1546.7,1565.0,1572.0,1550.0,611185,953680184.35,31646,LEGACY
2019-02-22,DRREDDY,Dr. Reddy's Laboratories,EQ,INE089A01023,2584.75,2650.0,2555.7,2639.5,2630.0,2586.3,1378159,3604222549.5,59939,LEGACY
2019-02-22,GLAXO,GlaxoSmithKline Pharmaceuticals,EQ,INE159A01016,1331.0,1353.8,1324.8,1346.8,1350.0,1331.1,11894,15948653.5,2011,LEGACY
2019-02-22,GLENMARK,Glenmark Pharmaceuticals,EQ,INE935A01035,589.8,598.0,583.3,593.0,591.3,586.85,513603,304892536.25,17913,LEGACY
2019-02-22,GRANULES,Granules India,EQ,INE101D01020,91.45,94.7,91.3,94.05,94.25,91.25,1096826,102477885.8,8137,LEGACY
2019-02-22,IPCALAB,IPCA Laboratories,EQ,INE571A01020,800.2,806.0,789.0,792.85,789.95,800.2,161042,128150787.5,6120,LEGACY
2019-02-22,JBCHEPHARM,JB Chemicals & Pharmaceuticals,EQ,INE572A01028,318.0,332.65,318.0,329.65,329.05,320.25,66684,21900764.65,2888,LEGACY
2019-02-22,LAURUSLABS,Laurus Labs,EQ,INE947Q01010,336.8,337.9,330.35,336.15,336.0,333.5,5782,1940196.65,398,LEGACY
2019-02-22,LUPIN,Lupin,EQ,INE326A01037,771.95,782.65,767.05,777.7,774.5,769.8,1503832,1165685220.15,40223,LEGACY
2019-02-22,NATCOPHARM,Natco Pharma,EQ,INE987B01026,579.0,590.9,572.55,587.15,582.1,575.55,215267,125318959.45,9799,LEGACY
2019-02-22,PEL,Piramal Enterprises,EQ,INE140A01024,2255.0,2315.15,2243.15,2308.05,2302.0,2240.25,617831,1412270557.95,28677,LEGACY
2019-02-22,PFIZER,Pfizer,EQ,INE182A01018,2936.0,3024.0,2906.0,3005.7,3010.0,2940.85,25645,76394578.5,5963,LEGACY
2019-02-22,SANOFI,Sanofi India,EQ,INE058A01010,6029.95,6040.0,5950.0,5980.15,5980.05,6006.05,10503,62822002.15,615,LEGACY
2019-02-22,STAR,Strides Pharma Science,EQ,INE939A01011,425.1,426.2,416.7,419.4,419.4,419.4,1482759,624345745.5,22749,LEGACY
2019-02-22,SUNPHARMA,Sun Pharmaceutical Industries,EQ,INE044A01036,431.0,436.75,428.45,430.5,428.95,429.7,4373261,1890363828.95,59083,LEGACY
2019-02-22,TORNTPHARM,Torrent Pharmaceuticals,EQ,INE685A01028,1764.05,1774.9,1756.0,1765.5,1763.25,1768.3,155546,274794431.2,17821,LEGACY
2019-02-22,WOCKPHARMA,Wockhardt,EQ,INE049B01025,398.8,402.0,392.35,393.7,393.45,397.4,951506,377626228.7,14069,LEGACY
2019-02-25,ABBOTINDIA,Abbott India,EQ,INE358A01014,7231.0,7384.95,7220.0,7375.0,7375.0,7230.55,2228,16334601.5,514,LEGACY
2019-02-25,AJANTPHARM,Ajanta Pharma,EQ,INE031B01049,984.25,990.0,965.0,972.1,971.9,984.25,341286,332330598.15,9804,LEGACY
2019-02-25,ALKEM,Alkem Laboratories,EQ,INE540L01014,1814.65,1821.05,1761.1,1779.4,1777.25,1809.65,119469,212836434.3,7938,LEGACY
2019-02-25,APLLTD,Alembic Pharmaceuticals,EQ,INE901L01018,525.5,544.0,521.05,539.6,540.05,525.5,23986,12750088.85,2264,LEGACY
2019-02-25,AUROPHARMA,Aurobindo Pharma,EQ,INE406A01037,738.5,738.5,705.0,708.85,708.45,731.2,5273045,3769821254.85,56651,LEGACY
2019-02-25,BIOCON,Biocon,EQ,INE376G01013,622.9,623.35,615.55,617.85,616.65,621.2,497127,307329530.65,13599,LEGACY
2019-02-25,CADILAHC,Cadila Healthcare,EQ,INE010B01027,317.1,317.6,313.05,313.75,313.5,315.2,681427,215030804.25,16465,LEGACY
2019-02-25,CIPLA,Cipla,BL,INE059A01026,541.3,541.3,541.3,541.3,541.3,540.55,2660656,1440213092.8,2,LEGACY
2019-02-25,CIPLA,Cipla,EQ,INE059A01026,541.5,550.85,541.0,548.3,547.05,541.3,1961905,1073662735.8,60071,LEGACY
2019-02-25,DIVISLAB,Divi's Laboratories,EQ,INE361B01024,1573.0,1604.9,1561.0,1594.75,1593.0,1565.0,599083,952445304.4,27668,LEGACY
2019-02-25,DRREDDY,Dr. Reddy's Laboratories,BL,INE089A01023,2639.5,2639.5,2639.5,2639.5,2639.5,2563.35,586236,1547369922.0,2,LEGACY
2019-02-25,DRREDDY,Dr. Reddy's Laboratories,EQ,INE089A01023,2640.25,2694.95,2622.8,2666.9,2656.0,2639.5,1275515,3407068135.85,60493,LEGACY
2019-02-25,GLAXO,GlaxoSmithKline Pharmaceuticals,EQ,INE159A01016,1353.0,1354.0,1331.0,1341.9,1336.1,1346.8,12365,16566297.15,2046,LEGACY
2019-02-25,GLENMARK,Glenmark Pharmaceuticals,EQ,INE935A01035,593.05,603.35,590.15,593.0,591.5,593.0,496779,296752331.55,14952,LEGACY
2019-02-25,GRANULES,Granules India,EQ,INE101D01020,95.0,95.0,93.3,94.65,94.4,94.05,703907,66299637.75,4527,LEGACY
2019-02-25,IPCALAB,IPCA Laboratories,EQ,INE571A01020,793.6,819.8,793.0,796.1,795.0,792.85,245429,197574403.4,5872,LEGACY
2019-02-25,JBCHEPHARM,JB Chemicals & Pharmaceuticals,EQ,INE572A01028,330.0,338.8,328.0,333.3,333.0,329.65,204780,68389158.65,2687,LEGACY
2019-02-25,LAURUSLABS,Laurus Labs,EQ,INE947Q01010,332.0,339.2,332.0,336.4,335.0,336.15,10647,3559298.4,612,LEGACY
2019-02-25,LUPIN,Lupin,EQ,INE326A01037,778.0,784.8,770.5,777.45,776.0,777.7,1069147,831874643.75,22703,LEGACY
2019-02-25,NATCOPHARM,Natco Pharma,EQ,INE987B01026,590.0,590.0,573.0,575.4,573.8,587.15,190419,110046668.65,8712,LEGACY
2019-02-25,PEL,Piramal Enterprises,EQ,INE140A01024,2313.0,2338.0,2285.0,2323.2,2316.1,2308.05,533083,1233195877.4,24785,LEGACY
2019-02-25,PFIZER,Pfizer,EQ,INE182A01018,3005.0,3049.0,2995.35,3036.85,3027.1,3005.7,19195,58080926.2,4366,LEGACY
2019-02-25,SANOFI,Sanofi India,EQ,INE058A01010,5995.0,6218.0,5979.65,6176.1,6180.0,5980.15,5985,36693191.3,1971,LEGACY
2019-02-25,STAR,Strides Pharma Science,EQ,INE939A01011,421.5,427.7,417.0,419.05,417.95,419.4,990223,418554511.3,17352,LEGACY
2019-02-25,SUNPHARMA,Sun Pharmaceutical Industries,EQ,INE044A01036,431.4,438.75,427.5,436.1,436.75,430.5,4849697,2109644422.45,73742,LEGACY
2019-02-25,TORNTPHARM,Torrent Pharmaceuticals,EQ,INE685A01028,1769.8,1821.0,1766.0,1805.6,1812.15,1765.5,200602,361676912.5,16075,LEGACY
2019-02-25,WOCKPHARMA,Wockhardt,EQ,INE049B01025,395.75,404.4,394.2,397.5,397.9,393.7,1551423,620139770.75,22406,LEGACY
2019-02-26,ABBOTINDIA,Abbott India,EQ,INE358A01014,7302.0,7380.0,7262.15,7359.8,7379.0,7375.0,1961,14363640.95,589,LEGACY
2019-02-26,AJANTPHARM,Ajanta Pharma,EQ,INE031B01049,957.0,1007.5,954.4,999.4,999.45,972.1,642117,636986328.45,22582,LEGACY
2019-02-26,ALKEM,Alkem Laboratories,EQ,INE540L01014,1759.05,1783.9,1755.0,1758.35,1760.0,1779.4,30072,52923935.6,6748,LEGACY
2019-02-26,APLLTD,Alembic Pharmaceuticals,EQ,INE901L01018,540.0,542.05,529.1,534.55,539.95,539.6,18937,10124300.9,2622,LEGACY
2019-02-26,AUROPHARMA,Aurobindo Pharma,EQ,INE406A01037,700.0,724.4,695.0,719.25,718.8,708.85,3498295,2495565782.35,77384,LEGACY
2019-02-26,BIOCON,Biocon,EQ,INE376G01013,614.7,621.75,607.3,619.6,619.5,617.85,930824,573422580.1,15303,LEGACY
2019-02-26,CADILAHC,Cadila Healthcare,EQ,INE010B01027,311.75,313.9,308.15,312.45,313.25,313.75,607951,189459546.3,11540,LEGACY
2019-02-26,CIPLA,Cipla,EQ,INE059A01026,545.1,553.65,538.05,550.4,547.95,548.3,1952961,1067348624.65,72549,LEGACY
2019-02-26,DIVISLAB,Divi's Laboratories,EQ,INE361B01024,1570.0,1629.9,1570.0,1621.45,1627.45,1594.75,857201,1374812516.25,33892,LEGACY
2019-02-26,DRREDDY,Dr. Reddy's Laboratories,EQ,INE089A01023,2653.9,2659.9,2628.95,2647.8,2641.0,2666.9,1013114,2681434213.3,42155,LEGACY
2019-02-26,GLAXO,GlaxoSmithKline Pharmaceuticals,EQ,INE159A01016,1332.0,1335.7,1316.0,1322.5,1319.0,1341.9,14836,19660113.65,2441,LEGACY
2019-02-26,GLENMARK,Glenmark Pharmaceuticals,EQ,INE935A01035,588.8,598.0,571.75,588.75,590.05,593.0,788030,460804998.35,22738,LEGACY
2019-02-26,GRANULES,Granules India,EQ,INE101D01020,93.5,94.75,90.5,93.45,93.35,94.65,905815,84218927.05,6934,LEGACY
2019-02-26,IPCALAB,IPCA Laboratories,EQ,INE571A01020,795.0,810.0,784.0,800.35,799.5,796.1,45780,36472450.85,3852,LEGACY
2019-02-26,JBCHEPHARM,JB Chemicals & Pharmaceuticals,EQ,INE572A01028,335.5,335.5,323.4,331.1,333.0,333.3,23305,7677848.35,901,LEGACY
2019-02-26,LAURUSLABS,Laurus Labs,EQ,INE947Q01010,340.5,340.5,331.6,334.55,335.0,336.4,6412,2144076.7,347,LEGACY
2019-02-26,LUPIN,Lupin,EQ,INE326A01037,777.0,781.0,764.1,776.1,775.0,777.45,1303086,1007182535.6,36421,LEGACY
2019-02-26,NATCOPHARM,Natco Pharma,EQ,INE987B01026,570.0,578.05,562.0,575.4,576.45,575.4,162623,92950261.5,9393,LEGACY
2019-02-26,PEL,Piramal Enterprises,D1,INE140A08SX5,98000.0,98000.0,98000.0,98000.0,98000.0,89000.0,1,98000.0,1,LEGACY
2019-02-26,PEL,Piramal Enterprises,EQ,INE140A01024,2285.0,2332.25,2267.5,2317.5,2325.0,2323.2,424802,980251730.1,20328,LEGACY
2019-02-26,PFIZER,Pfizer,EQ,INE182A01018,3030.0,3124.0,2981.15,3098.25,3116.0,3036.85,27692,84781041.45,5709,LEGACY
2019-02-26,SANOFI,Sanofi India,EQ,INE058A01010,6185.1,6190.0,6032.25,6068.6,6078.0,6176.1,4548,27716372.95,1777,LEGACY
2019-02-26,STAR,Strides Pharma Science,EQ,INE939A01011,412.0,421.1,405.25,416.55,417.0,419.05,1269643,525411942.55,17425,LEGACY
2019-02-26,SUNPHARMA,Sun Pharmaceutical Industries,EQ,INE044A01036,430.5,440.0,422.85,435.75,435.0,436.1,5255113,2276146713.05,76265,LEGACY
2019-02-26,TORNTPHARM,Torrent Pharmaceuticals,EQ,INE685A01028,1812.0,1833.9,1765.3,1812.15,1806.85,1805.6,235898,427495760.95,13682,LEGACY
2019-02-26,WOCKPHARMA,Wockhardt,EQ,INE049B01025,393.0,394.75,383.0,391.7,394.4,397.5,1798575,700783025.35,21363,LEGACY
2019-02-27,ABBOTINDIA,Abbott India,EQ,INE358A01014,7359.95,7440.0,7355.0,7372.7,7360.0,7359.8,4282,31704940.3,686,LEGACY
2019-02-27,AJANTPHARM,Ajanta Pharma,EQ,INE031B01049,1001.0,1019.0,986.0,996.45,993.0,999.4,584323,586951666.3,21989,LEGACY
2019-02-27,ALKEM,Alkem Laboratories,EQ,INE540L01014,1798.0,1800.0,1747.65,1758.8,1759.0,1758.35,24921,43862539.55,3096,LEGACY
2019-02-27,APLLTD,Alembic Pharmaceuticals,EQ,INE901L01018,540.0,549.0,539.0,546.1,545.0,534.55,22463,12230705.2,3291,LEGACY
2019-02-27,AUROPHARMA,Aurobindo Pharma,EQ,INE406A01037,720.0,730.6,715.0,719.45,717.2,719.25,1895988,1369372911.95,49717,LEGACY
2019-02-27,BIOCON,Biocon,EQ,INE376G01013,623.0,629.4,612.5,616.4,616.9,619.6,1213213,752717452.85,43291,LEGACY
2019-02-27,CADILAHC,Cadila Healthcare,EQ,INE010B01027,313.25,327.8,312.5,319.6,319.5,312.45,2145842,691857004.3,40187,LEGACY
2019-02-27,CIPLA,Cipla,EQ,INE059A01026,551.0,555.35,544.25,551.9,550.2,550.4,2389977,1315522200.75,76900,LEGACY
2019-02-27,DIVISLAB,Divi's Laboratories,EQ,INE361B01024,1628.0,1650.0,1618.0,1638.45,1632.45,1621.45,556471,911149211.6,30152,LEGACY
2019-02-27,DRREDDY,Dr. Reddy's Laboratories,EQ,INE089A01023,2664.5,2683.0,2630.05,2646.9,2645.5,2647.8,793098,2109931399.65,45839,LEGACY
2019-02-27,GLAXO,GlaxoSmithKline Pharmaceuticals,EQ,INE159A01016,1322.5,1341.7,1311.1,1325.8,1326.0,1322.5,13795,18278947.15,4113,LEGACY
2019-02-27,GLENMARK,Glenmark Pharmaceuticals,EQ,INE935A01035,590.85,597.95,580.0,583.55,582.0,588.75,398269,233980683.1,18213,LEGACY
2019-02-27,GRANULES,Granules India,EQ,INE101D01020,93.5,97.0,92.5,95.05,94.85,93.45,1412950,134470605.55,9714,LEGACY
2019-02-27,IPCALAB,IPCA Laboratories,EQ,INE571A01020,805.05,812.0,784.0,803.4,801.3,800.35,164738,132423050.3,8914,LEGACY
2019-02-27,JBCHEPHARM,JB Chemicals & Pharmaceuticals,EQ,INE572A01028,331.1,338.35,319.95,322.9,320.0,331.1,66266,21931111.8,1184,LEGACY
2019-02-27,LAURUSLABS,Laurus Labs,EQ,INE947Q01010,335.45,339.55,328.15,333.6,331.0,334.55,12367,4133403.55,503,LEGACY
2019-02-27,LUPIN,Lupin,EQ,INE326A01037,778.0,787.0,765.0,768.0,765.05,776.1,1370928,1062301059.25,36676,LEGACY
2019-02-27,NATCOPHARM,Natco Pharma,EQ,INE987B01026,576.0,579.3,569.5,574.75,573.25,575.4,191612,110238103.55,13041,LEGACY
2019-02-27,PEL,Piramal Enterprises,EQ,INE140A01024,2335.0,2349.0,2300.55,2318.45,2320.0,2317.5,527102,1224784451.8,30152,LEGACY
2019-02-27,PFIZER,Pfizer,EQ,INE182A01018,3124.0,3174.95,3060.0,3129.0,3120.0,3098.25,40570,126892125.1,8556,LEGACY
2019-02-27,SANOFI,Sanofi India,EQ,INE058A01010,6080.0,6189.0,5872.0,5954.85,5984.0,6068.6,27358,163189918.6,4205,LEGACY
2019-02-27,STAR,Strides Pharma Science,EQ,INE939A01011,420.5,424.0,408.65,414.5,414.3,416.55,1127391,469109781.45,15964,LEGACY
2019-02-27,SUNPHARMA,Sun Pharmaceutical Industries,EQ,INE044A01036,436.5,451.65,436.0,442.7,441.35,435.75,12232682,5440102093.95,158338,LEGACY
2019-02-27,TORNTPHARM,Torrent Pharmaceuticals,EQ,INE685A01028,1811.0,1839.9,1802.4,1813.1,1811.0,1812.15,213976,389963025.15,11602,LEGACY
2019-02-27,WOCKPHARMA,Wockhardt,EQ,INE049B01025,396.0,404.1,391.0,394.85,394.85,391.7,1481908,589070794.0,20756,LEGACY
2019-02-28,ABBOTINDIA,Abbott India,EQ,INE358A01014,7370.0,7590.0,7340.0,7437.6,7379.95,7372.7,9266,69190121.55,2600,LEGACY
2019-02-28,AJANTPHARM,Ajanta Pharma,EQ,INE031B01049,999.55,1015.0,961.05,978.9,981.0,996.45,564838,563034424.35,24124,LEGACY
2019-02-28,ALKEM,Alkem Laboratories,EQ,INE540L01014,1760.05,1774.9,1736.9,1743.8,1740.0,1758.8,26812,46912183.45,4009,LEGACY
2019-02-28,APLLTD,Alembic Pharmaceuticals,EQ,INE901L01018,546.25,556.0,543.05,554.95,555.0,546.1,92229,51112791.95,7670,LEGACY
2019-02-28,AUROPHARMA,Aurobindo Pharma,EQ,INE406A01037,719.1,726.9,710.0,712.05,710.7,719.45,2831108,2030959534.3,77390,LEGACY
2019-02-28,BIOCON,Biocon,EQ,INE376G01013,620.1,628.8,617.75,621.45,621.0,616.4,1727329,1078924595.35,35867,LEGACY
2019-02-28,CADILAHC,Cadila Healthcare,EQ,INE010B01027,321.5,329.35,315.15,318.7,318.05,319.6,4430968,1421356557.9,45658,LEGACY
2019-02-28,CIPLA,Cipla,EQ,INE059A01026,555.0,558.3,546.0,554.55,555.25,551.9,2618486,1444944177.5,52407,LEGACY
2019-02-28,DIVISLAB,Divi's Laboratories,EQ,INE361B01024,1650.0,1663.4,1635.0,1654.25,1660.0,1638.45,578587,953689109.5,36677,LEGACY
2019-02-28,DRREDDY,Dr. Reddy's Laboratories,EQ,INE089A01023,2669.0,2669.0,2615.25,2631.65,2619.0,2646.9,669759,1771474762.1,41838,LEGACY
2019-02-28,GLAXO,GlaxoSmithKline Pharmaceuticals,EQ,INE159A01016,1332.0,1339.0,1321.4,1334.7,1330.0,1325.8,9104,12099926.8,2831,LEGACY
2019-02-28,GLENMARK,Glenmark Pharmaceuticals,EQ,INE935A01035,587.8,598.3,584.25,596.55,596.0,583.55,588615,349191847.1,18416,LEGACY
2019-02-28,GRANULES,Granules India,EQ,INE101D01020,94.5,98.8,94.5,97.7,98.5,95.05,1255642,121780910.65,10067,LEGACY
2019-02-28,IPCALAB,IPCA Laboratories,EQ,INE571A01020,804.0,814.6,799.65,809.8,810.35,803.4,161969,131064731.05,6074,LEGACY
2019-02-28,JBCHEPHARM,JB Chemicals & Pharmaceuticals,EQ,INE572A01028,325.0,329.0,323.0,326.2,325.45,322.9,13324,4336049.6,721,LEGACY
2019-02-28,LAURUSLABS,Laurus Labs,EQ,INE947Q01010,331.9,335.05,331.8,333.45,333.95,333.6,7782,2592462.6,651,LEGACY
2019-02-28,LUPIN,Lupin,EQ,INE326A01037,765.05,773.5,761.05,763.75,766.0,768.0,2419997,1851889172.4,64841,LEGACY
2019-02-28,NATCOPHARM,Natco Pharma,EQ,INE987B01026,580.8,581.0,572.4,575.6,578.1,574.75,129110,74363154.65,6007,LEGACY
2019-02-28,PEL,Piramal Enterprises,EQ,INE140A01024,2340.0,2344.0,2311.5,2326.55,2315.0,2318.45,406560,946682357.8,20836,LEGACY
2019-02-28,PFIZER,Pfizer,EQ,INE182A01018,3126.0,3262.0,3126.0,3237.4,3262.0,3129.0,49079,157432681.8,9208,LEGACY
2019-02-28,SANOFI,Sanofi India,EQ,INE058A01010,5999.0,6030.0,5920.15,5970.1,5922.0,5954.85,23818,142071709.3,2828,LEGACY
2019-02-28,STAR,Strides Pharma Science,EQ,INE939A01011,419.3,423.8,416.05,420.9,420.4,414.5,1002531,421110757.9,15640,LEGACY
2019-02-28,SUNPHARMA,Sun Pharmaceutical Industries,EQ,INE044A01036,446.6,451.5,442.1,445.15,446.5,442.7,10862473,4853115862.0,104144,LEGACY
2019-02-28,TORNTPHARM,Torrent Pharmaceuticals,EQ,INE685A01028,1818.0,1836.0,1790.0,1801.95,1805.0,1813.1,215030,388580246.25,16694,LEGACY
2019-02-28,WOCKPHARMA,Wockhardt,EQ,INE049B01025,397.0,401.85,393.1,396.0,398.0,394.85,1111206,441660832.3,15668,LEGACY
2019-03-01,ABBOTINDIA,Abbott India,EQ,INE358A01014,7429.8,7435.0,7313.0,7333.4,7313.0,7437.6,7366,54287088.1,1617,LEGACY
2019-03-01,AJANTPHARM,Ajanta Pharma,EQ,INE031B01049,988.0,996.0,981.25,987.05,991.5,978.9,472765,467458689.3,14826,LEGACY
2019-03-01,ALKEM,Alkem Laboratories,EQ,INE540L01014,1759.9,1787.9,1751.15,1780.05,1782.0,1743.8,16378,28994066.45,4514,LEGACY
2019-03-01,APLLTD,Alembic Pharmaceuticals,EQ,INE901L01018,559.7,562.05,542.0,553.65,542.25,554.95,39418,21801854.1,2676,LEGACY
2019-03-01,AUROPHARMA,Aurobindo Pharma,EQ,INE406A01037,715.0,727.7,713.7,724.95,722.5,712.05,1775302,1280488535.35,46146,LEGACY
2019-03-01,BIOCON,Biocon,EQ,INE376G01013,624.0,634.4,623.0,632.9,631.0,621.45,848570,533515888.85,15110,LEGACY
2019-03-01,CADILAHC,Cadila Healthcare,EQ,INE010B01027,320.65,324.2,317.45,323.2,322.7,318.7,970103,311384478.1,23858,LEGACY
2019-03-01,CIPLA,Cipla,EQ,INE059A01026,555.0,555.3,547.4,551.55,550.7,554.55,2430914,1337226766.3,59250,LEGACY
2019-03-01,DIVISLAB,Divi's Laboratories,EQ,INE361B01024,1650.05,1675.0,1650.05,1669.8,1663.45,1654.25,480280,800176087.05,24222,LEGACY
2019-03-01,DRREDDY,Dr. Reddy's Laboratories,EQ,INE089A01023,2638.0,2657.1,2580.05,2646.0,2648.0,2631.65,885795,2317939567.35,49859,LEGACY
2019-03-01,GLAXO,GlaxoSmithKline Pharmaceuticals,EQ,INE159A01016,1328.0,1342.4,1326.0,1329.3,1329.8,1334.7,12975,17253051.65,1236,LEGACY
2019-03-01,GLENMARK,Glenmark Pharmaceuticals,EQ,INE935A01035,593.0,602.0,587.65,599.05,598.85,596.55,519603,309095100.55,15683,LEGACY
2019-03-01,GRANULES,Granules India,EQ,INE101D01020,98.5,104.3,98.45,103.95,103.8,97.7,2699352,276539519.4,22972,LEGACY
2019-03-01,IPCALAB,IPCA Laboratories,EQ,INE571A01020,809.1,862.9,809.1,851.55,849.0,809.8,679847,576628754.25,36970,LEGACY
2019-03-01,JBCHEPHARM,JB Chemicals & Pharmaceuticals,EQ,INE572A01028,326.2,335.0,325.1,334.05,335.0,326.2,103009,34147482.6,2032,LEGACY
2019-03-01,LAURUSLABS,Laurus Labs,EQ,INE947Q01010,333.0,342.5,332.3,341.7,342.0,333.45,26372,8970843.85,931,LEGACY
2019-03-01,LUPIN,Lupin,EQ,INE326A01037,771.2,790.55,768.45,786.6,790.55,763.75,2349879,1827252931.25,35836,LEGACY
2019-03-01,NATCOPHARM,Natco Pharma,EQ,INE987B01026,578.2,580.5,568.35,569.95,569.95,575.6,206053,118001765.25,4879,LEGACY
2019-03-01,PEL,Piramal Enterprises,EQ,INE140A01024,2319.0,2388.9,2319.0,2372.0,2366.05,2326.55,352540,835020006.15,14066,LEGACY
2019-03-01,PFIZER,Pfizer,EQ,INE182A01018,3258.8,3324.0,3250.0,3299.45,3275.0,3237.4,23114,75943274.15,3731,LEGACY
2019-03-01,SANOFI,Sanofi India,EQ,INE058A01010,5991.0,6019.0,5861.1,5877.25,5865.25,5970.1,10222,60468923.8,4328,LEGACY
2019-03-01,STAR,Strides Pharma Science,EQ,INE939A01011,422.1,437.0,422.1,433.75,432.8,420.9,1366454,588675065.75,19627,LEGACY
2019-03-01,SUNPHARMA,Sun Pharmaceutical Industries,EQ,INE044A01036,447.9,451.0,445.05,447.35,447.1,445.15,5608805,2515108045.1,62891,LEGACY
2019-03-01,TORNTPHARM,Torrent Pharmaceuticals,EQ,INE685A01028,1798.0,1809.5,1775.0,1785.8,1788.0,1801.95,269906,483056547.8,21182,LEGACY
2019-03-01,WOCKPHARMA,Wockhardt,EQ,INE049B01025,400.8,427.0,396.2,420.65,424.65,396.0,3206426,1319442647.1,42617,LEGACY
2019-03-05,ABBOTINDIA,Abbott India,EQ,INE358A01014,7400.0,7400.0,7250.0,7297.35,7299.95,7333.4,7477,54735071.3,1194,LEGACY
2019-03-05,AJANTPHARM,Ajanta Pharma,EQ,INE031B01049,995.7,1001.45,987.1,992.45,990.55,987.05,441054,438677974.95,16577,LEGACY
2019-03-05,ALKEM,Alkem Laboratories,EQ,INE540L01014,1785.0,1796.75,1745.0,1750.25,1754.0,1780.05,71686,125950490.1,14981,LEGACY
2019-03-05,APLLTD,Alembic Pharmaceuticals,EQ,INE901L01018,553.0,553.0,545.05,549.75,550.0,553.65,125363,68866911.0,7139,LEGACY
2019-03-05,AUROPHARMA,Aurobindo Pharma,EQ,INE406A01037,729.0,740.75,720.0,736.1,734.0,724.95,2277803,1670842087.8,93153,LEGACY
2019-03-05,BIOCON,Biocon,EQ,INE376G01013,633.2,633.25,623.5,626.9,626.0,632.9,1257934,789056028.75,30425,LEGACY
2019-03-05,CADILAHC,Cadila Healthcare,EQ,INE010B01027,320.0,332.75,320.0,331.3,331.1,323.2,2292914,752135129.8,40899,LEGACY
2019-03-05,CIPLA,Cipla,EQ,INE059A01026,550.0,551.5,546.55,548.65,547.65,551.55,1644098,903011019.15,54255,LEGACY
2019-03-05,DIVISLAB,Divi's Laboratories,EQ,INE361B01024,1674.0,1682.95,1659.25,1663.7,1670.0,1669.8,529749,884424592.55,52768,LEGACY
2019-03-05,DRREDDY,Dr. Reddy's Laboratories,EQ,INE089A01023,2635.0,2668.8,2604.6,2654.1,2660.0,2646.0,646711,1702656142.8,37878,LEGACY
2019-03-05,GLAXO,GlaxoSmithKline Pharmaceuticals,EQ,INE159A01016,1332.0,1336.25,1318.5,1323.6,1323.9,1329.3,25206,33388781.45,5807,LEGACY
2019-03-05,GLENMARK,Glenmark Pharmaceuticals,EQ,INE935A01035,600.0,608.0,598.45,604.35,604.0,599.05,387115,233958906.95,15227,LEGACY
2019-03-05,GRANULES,Granules India,EQ,INE101D01020,103.65,107.9,103.65,106.9,106.8,103.95,1942778,206917740.75,25492,LEGACY
2019-03-05,IPCALAB,IPCA Laboratories,EQ,INE571A01020,854.0,888.45,851.55,875.35,875.0,851.55,411490,360254410.25,11264,LEGACY
2019-03-05,JBCHEPHARM,JB Chemicals & Pharmaceuticals,EQ,INE572A01028,330.45,345.0,330.45,343.1,343.0,334.05,142217,48487783.95,2232,LEGACY
2019-03-05,LAURUSLABS,Laurus Labs,EQ,INE947Q01010,337.0,349.0,337.0,348.65,349.0,341.7,19449,6727954.0,2447,LEGACY
2019-03-05,LUPIN,Lupin,EQ,INE326A01037,791.55,791.6,778.1,784.6,785.2,786.6,1220769,957530328.9,32625,LEGACY
2019-03-05,NATCOPHARM,Natco Pharma,EQ,INE987B01026,574.5,576.0,564.0,566.6,564.9,569.95,439590,249469925.25,15749,LEGACY
2019-03-05,PEL,Piramal Enterprises,D1,INE140A08SX5,98000.0,98000.0,98000.0,98000.0,98000.0,98000.0,1,98000.0,1,LEGACY
2019-03-05,PEL,Piramal Enterprises,EQ,INE140A01024,2371.5,2475.0,2364.95,2460.7,2469.35,2372.0,545779,1322913713.3,34160,LEGACY
2019-03-05,PFIZER,Pfizer,EQ,INE182A01018,3300.0,3350.0,3253.25,3320.8,3349.0,3299.45,27380,90281568.6,5062,LEGACY
2019-03-05,SANOFI,Sanofi India,EQ,INE058A01010,5870.0,5980.0,5770.0,5788.8,5780.0,5877.25,24312,141761685.45,6743,LEGACY
2019-03-05,STAR,Strides Pharma Science,EQ,INE939A01011,433.0,439.55,431.25,436.7,437.0,433.75,1114888,485926786.7,16109,LEGACY
2019-03-05,SUNPHARMA,Sun Pharmaceutical Industries,EQ,INE044A01036,447.85,456.9,445.35,455.9,455.7,447.35,5251255,2376804041.6,113346,LEGACY
2019-03-05,TORNTPHARM,Torrent Pharmaceuticals,EQ,INE685A01028,1783.0,1788.0,1763.25,1772.75,1770.5,1785.8,187581,332501133.15,18647,LEGACY
2019-03-05,WOCKPHARMA,Wockhardt,EQ,INE049B01025,424.8,431.6,420.1,425.85,425.0,420.65,2428343,1033898945.95,38192,LEGACY
2019-03-06,ABBOTINDIA,Abbott India,EQ,INE358A01014,7320.0,7400.0,7310.0,7362.7,7370.0,7297.35,4894,36062450.9,783,LEGACY
2019-03-06,AJANTPHARM,Ajanta Pharma,EQ,INE031B01049,997.4,1003.45,984.15,991.95,991.85,992.45,368274,366253932.95,11691,LEGACY
2019-03-06,ALKEM,Alkem Laboratories,EQ,INE540L01014,1756.0,1778.0,1740.0,1746.8,1744.9,1750.25,52958,92516533.6,13381,LEGACY
2019-03-06,APLLTD,Alembic Pharmaceuticals,EQ,INE901L01018,550.0,555.5,541.3,548.25,546.55,549.75,28297,15570842.3,5124,LEGACY
2019-03-06,AUROPHARMA,Aurobindo Pharma,EQ,INE406A01037,743.8,745.35,730.85,733.35,731.0,736.1,1846913,1360962933.5,69578,LEGACY
2019-03-06,BIOCON,Biocon,EQ,INE376G01013,630.4,634.4,624.25,626.1,627.0,626.9,1157958,728145385.85,28995,LEGACY
2019-03-06,CADILAHC,Cadila Healthcare,EQ,INE010B01027,332.0,338.3,327.5,330.35,329.7,331.3,1355928,450354130.3,17380,LEGACY
2019-03-06,CIPLA,Cipla,EQ,INE059A01026,551.0,552.0,541.95,547.55,546.8,548.65,1587182,867600860.2,37920,LEGACY
2019-03-06,DIVISLAB,Divi's Laboratories,EQ,INE361B01024,1670.0,1725.0,1652.05,1705.9,1707.0,1663.7,692075,1168353364.55,26981,LEGACY
2019-03-06,DRREDDY,Dr. Reddy's Laboratories,EQ,INE089A01023,2660.6,2708.5,2656.65,2693.65,2692.5,2654.1,852395,2291730510.05,39494,LEGACY
2019-03-06,GLAXO,GlaxoSmithKline Pharmaceuticals,EQ,INE159A01016,1336.8,1338.0,1296.75,1301.1,1298.2,1323.6,30534,39923573.8,4310,LEGACY
2019-03-06,GLENMARK,Glenmark Pharmaceuticals,EQ,INE935A01035,605.1,610.0,597.3,603.65,603.55,604.35,593887,358805465.9,17405,LEGACY
2019-03-06,GRANULES,Granules India,EQ,INE101D01020,107.0,108.9,102.75,105.6,105.35,106.9,1869667,198249542.9,8544,LEGACY
2019-03-06,IPCALAB,IPCA Laboratories,EQ,INE571A01020,877.1,887.7,865.35,872.8,870.0,875.35,258075,225328404.05,16594,LEGACY
2019-03-06,JBCHEPHARM,JB Chemicals & Pharmaceuticals,EQ,INE572A01028,346.0,350.1,333.5,335.65,335.0,343.1,70211,24163313.7,2242,LEGACY
2019-03-06,LAURUSLABS,Laurus Labs,EQ,INE947Q01010,352.0,362.3,351.95,355.5,355.6,348.65,12767,4555874.8,600,LEGACY
2019-03-06,LUPIN,Lupin,EQ,INE326A01037,786.0,794.6,781.05,789.05,787.5,784.6,1395812,1100041063.55,34828,LEGACY
2019-03-06,NATCOPHARM,Natco Pharma,EQ,INE987B01026,572.7,575.0,557.55,561.0,560.4,566.6,340728,193161259.5,10241,LEGACY
2019-03-06,PEL,Piramal Enterprises,D1,INE140A08SX5,95000.0,103000.0,95000.0,103000.0,103000.0,98000.0,6,597000.0,4,LEGACY
2019-03-06,PEL,Piramal Enterprises,EQ,INE140A01024,2470.0,2599.0,2470.0,2577.05,2571.0,2460.7,1026683,2626040092.7,60681,LEGACY
2019-03-06,PFIZER,Pfizer,EQ,INE182A01018,3306.85,3392.95,3253.0,3286.1,3268.75,3320.8,15251,50644590.85,2492,LEGACY
2019-03-06,SANOFI,Sanofi India,EQ,INE058A01010,5790.1,5848.8,5680.45,5706.35,5709.8,5788.8,23066,133287900.95,2998,LEGACY
2019-03-06,STAR,Strides Pharma Science,EQ,INE939A01011,439.85,444.8,430.2,438.2,437.0,436.7,1477102,647391186.2,27313,LEGACY
2019-03-06,SUNPHARMA,Sun Pharmaceutical Industries,EQ,INE044A01036,457.0,469.35,446.95,460.55,455.8,455.9,13004184,5975283330.55,162356,LEGACY
2019-03-06,TORNTPHARM,Torrent Pharmaceuticals,EQ,INE685A01028,1770.8,1818.5,1765.0,1800.5,1799.0,1772.75,451134,812304234.15,19214,LEGACY
2019-03-06,WOCKPHARMA,Wockhardt,EQ,INE049B01025,427.5,437.85,421.25,430.55,432.0,425.85,3709997,1592699944.95,41571,LEGACY
2019-03-07,ABBOTINDIA,Abbott India,EQ,INE358A01014,7360.0,7400.0,7261.5,7280.65,7285.0,7362.7,2927,21451845.2,879,LEGACY
2019-03-07,AJANTPHARM,Ajanta Pharma,EQ,INE031B01049,992.0,994.4,967.0,973.45,971.9,991.95,322181,315868518.0,13816,LEGACY
2019-03-07,ALKEM,Alkem Laboratories,EQ,INE540L01014,1758.95,1758.95,1745.0,1750.15,1750.0,1746.8,31521,55157167.75,4919,LEGACY
2019-03-07,APLLTD,Alembic Pharmaceuticals,EQ,INE901L01018,542.5,546.4,541.3,544.15,545.5,548.25,29294,15935540.75,3384,LEGACY
2019-03-07,AUROPHARMA,Aurobindo Pharma,EQ,INE406A01037,735.0,740.8,720.1,725.2,722.4,733.35,1309875,960984071.6,50151,LEGACY
2019-03-07,BIOCON,Biocon,EQ,INE376G01013,607.05,621.35,607.05,611.55,611.2,626.1,4866730,2993481746.65,78379,LEGACY
2019-03-07,CADILAHC,Cadila Healthcare,EQ,INE010B01027,330.95,333.65,324.0,326.6,325.95,330.35,1173766,386242919.85,18137,LEGACY
2019-03-07,CIPLA,Cipla,EQ,INE059A01026,547.65,550.0,539.65,541.35,542.95,547.55,1144534,622725277.25,23616,LEGACY
2019-03-07,DIVISLAB,Divi's Laboratories,EQ,INE361B01024,1707.0,1714.45,1642.0,1650.9,1658.0,1705.9,800855,1338433187.9,36749,LEGACY
2019-03-07,DRREDDY,Dr. Reddy's Laboratories,EQ,INE089A01023,2690.0,2725.9,2668.9,2680.75,2669.1,2693.65,916759,2476308547.9,39663,LEGACY
2019-03-07,GLAXO,GlaxoSmithKline Pharmaceuticals,EQ,INE159A01016,1300.0,1321.0,1290.05,1299.55,1299.4,1301.1,23016,29978340.1,6183,LEGACY
2019-03-07,GLENMARK,Glenmark Pharmaceuticals,EQ,INE935A01035,600.9,621.35,600.9,611.4,612.85,603.65,962522,592059850.75,29333,LEGACY
2019-03-07,GRANULES,Granules India,EQ,INE101D01020,105.35,106.9,103.15,104.2,104.2,105.6,570443,59432515.85,4034,LEGACY
2019-03-07,IPCALAB,IPCA Laboratories,EQ,INE571A01020,872.0,880.3,861.95,870.45,869.9,872.8,230404,201138600.75,11844,LEGACY
2019-03-07,JBCHEPHARM,JB Chemicals & Pharmaceuticals,EQ,INE572A01028,334.9,341.35,334.25,337.45,337.5,335.65,31202,10530445.2,656,LEGACY
2019-03-07,LAURUSLABS,Laurus Labs,EQ,INE947Q01010,365.0,365.0,350.3,351.1,350.65,355.5,7571,2678108.85,627,LEGACY
2019-03-07,LUPIN,Lupin,EQ,INE326A01037,788.0,803.5,785.3,792.0,792.0,789.05,1852651,1475972466.6,42480,LEGACY
2019-03-07,NATCOPHARM,Natco Pharma,EQ,INE987B01026,563.6,570.25,563.2,569.0,569.05,561.0,327036,185963068.0,12792,LEGACY
2019-03-07,PEL,Piramal Enterprises,D1,INE140A08SX5,103500.0,103500.0,103500.0,103500.0,103500.0,103000.0,4,414000.0,2,LEGACY
2019-03-07,PEL,Piramal Enterprises,EQ,INE140A01024,2568.0,2585.85,2525.9,2575.25,2579.9,2577.05,608039,1561905064.15,30201,LEGACY
2019-03-07,PFIZER,Pfizer,EQ,INE182A01018,3300.85,3305.25,3211.0,3234.5,3220.0,3286.1,10454,34096116.95,1921,LEGACY
2019-03-07,SANOFI,Sanofi India,EQ,INE058A01010,5706.35,5720.0,5553.1,5593.95,5610.0,5706.35,106777,597171079.65,5181,LEGACY
2019-03-07,STAR,Strides Pharma Science,EQ,INE939A01011,441.35,451.45,436.05,439.0,440.0,438.2,1708452,758408770.15,27306,LEGACY
2019-03-07,SUNPHARMA,Sun Pharmaceutical Industries,EQ,INE044A01036,459.5,463.0,448.8,450.9,450.65,460.55,10701581,4870886813.85,114160,LEGACY
2019-03-07,TORNTPHARM,Torrent Pharmaceuticals,EQ,INE685A01028,1816.0,1816.0,1770.0,1775.4,1771.95,1800.5,131809,234685569.05,11966,LEGACY
2019-03-07,WOCKPHARMA,Wockhardt,EQ,INE049B01025,430.55,436.4,423.05,427.15,423.95,430.55,1915292,826563887.45,23304,LEGACY
2019-03-08,ABBOTINDIA,Abbott India,EQ,INE358A01014,7345.0,7390.0,7281.4,7363.85,7345.0,7280.65,3337,24520628.05,501,LEGACY
2019-03-08,AJANTPHARM,Ajanta Pharma,EQ,INE031B01049,971.9,972.0,945.5,956.4,958.5,973.45,950296,906477411.1,23866,LEGACY
2019-03-08,ALKEM,Alkem Laboratories,EQ,INE540L01014,1752.55,1767.7,1745.95,1750.0,1750.0,1750.15,41793,73184028.1,7616,LEGACY
2019-03-08,APLLTD,Alembic Pharmaceuticals,EQ,INE901L01018,540.0,545.85,540.0,543.8,544.9,544.15,29085,15817884.4,3072,LEGACY
2019-03-08,AUROPHARMA,Aurobindo Pharma,EQ,INE406A01037,722.4,737.65,716.55,735.85,735.45,725.2,2051628,1500647313.15,55988,LEGACY
2019-03-08,BIOCON,Biocon,EQ,INE376G01013,613.0,619.5,611.6,614.8,614.3,611.55,1355805,835442432.3,33972,LEGACY
2019-03-08,CADILAHC,Cadila Healthcare,EQ,INE010B01027,326.0,336.0,324.2,324.95,324.95,326.6,599037,195490549.75,9655,LEGACY
2019-03-08,CIPLA,Cipla,EQ,INE059A01026,541.0,543.4,538.25,539.95,538.75,541.35,2618767,1416853802.7,53007,LEGACY
2019-03-08,DIVISLAB,Divi's Laboratories,EQ,INE361B01024,1658.0,1665.9,1636.0,1647.4,1647.0,1650.9,428683,707392957.05,21436,LEGACY
2019-03-08,DRREDDY,Dr. Reddy's Laboratories,EQ,INE089A01023,2668.0,2685.95,2606.5,2615.05,2623.0,2680.75,684806,1805207639.0,31680,LEGACY
2019-03-08,GLAXO,GlaxoSmithKline Pharmaceuticals,EQ,INE159A01016,1319.8,1319.8,1279.75,1311.7,1314.0,1299.55,17079,22198565.5,4775,LEGACY
2019-03-08,GLENMARK,Glenmark Pharmaceuticals,EQ,INE935A01035,611.5,614.0,595.6,598.05,600.0,611.4,533133,320717071.5,16957,LEGACY
2019-03-08,GRANULES,Granules India,EQ,INE101D01020,104.55,114.4,101.75,111.3,111.0,104.2,12350943,1366519716.55,65389,LEGACY
2019-03-08,IPCALAB,IPCA Laboratories,EQ,INE571A01020,873.0,917.4,864.0,887.05,890.0,870.45,485914,433955848.5,19873,LEGACY
2019-03-08,JBCHEPHARM,JB Chemicals & Pharmaceuticals,EQ,INE572A01028,340.25,341.0,333.05,336.55,334.0,337.45,18313,6181857.9,601,LEGACY
2019-03-08,LAURUSLABS,Laurus Labs,EQ,INE947Q01010,344.0,357.9,344.0,350.15,350.95,351.1,1507950,527931508.25,1733,LEGACY
2019-03-08,LUPIN,Lupin,EQ,INE326A01037,797.9,799.8,775.35,779.15,776.0,792.0,1971916,1558862521.65,42651,LEGACY
2019-03-08,NATCOPHARM,Natco Pharma,EQ,INE987B01026,573.0,573.5,563.0,568.75,567.35,569.0,330186,187708258.45,15103,LEGACY
2019-03-08,PEL,Piramal Enterprises,EQ,INE140A01024,2574.0,2604.4,2536.8,2582.05,2585.0,2575.25,548731,1414946977.85,26230,LEGACY
2019-03-08,PFIZER,Pfizer,EQ,INE182A01018,3225.0,3260.45,3185.1,3214.8,3190.9,3234.5,17697,56952676.95,3329,LEGACY
2019-03-08,SANOFI,Sanofi India,EQ,INE058A01010,5592.65,5624.8,5461.55,5547.2,5580.0,5593.95,33010,182682791.7,6404,LEGACY
2019-03-08,STAR,Strides Pharma Science,EQ,INE939A01011,441.4,442.7,430.7,432.65,431.6,439.0,900847,393391881.35,12638,LEGACY
2019-03-08,SUNPHARMA,Sun Pharmaceutical Industries,EQ,INE044A01036,449.5,457.9,447.3,454.95,454.9,450.9,5040326,2291243909.1,78653,LEGACY
2019-03-08,TORNTPHARM,Torrent Pharmaceuticals,EQ,INE685A01028,1769.9,1787.0,1758.5,1782.2,1785.0,1775.4,210024,372415645.15,17000,LEGACY
2019-03-08,WOCKPHARMA,Wockhardt,EQ,INE049B01025,424.8,429.9,416.0,421.8,421.8,427.15,1531464,647109929.85,21495,LEGACY
2019-03-11,ABBOTINDIA,Abbott India,EQ,INE358A01014,7400.0,7444.0,7360.0,7397.05,7400.0,7363.85,2650,19637011.25,705,LEGACY
2019-03-11,AJANTPHARM,Ajanta Pharma,EQ,INE031B01049,961.85,990.0,960.6,986.15,989.0,956.4,443013,434079783.65,12559,LEGACY
2019-03-11,ALKEM,Alkem Laboratories,EQ,INE540L01014,1758.75,1762.0,1741.1,1748.75,1741.2,1750.0,107320,187827275.9,4913,LEGACY
2019-03-11,APLLTD,Alembic Pharmaceuticals,EQ,INE901L01018,543.3,551.35,540.8,549.6,551.0,543.8,117457,64257058.7,4669,LEGACY
2019-03-11,AUROPHARMA,Aurobindo Pharma,EQ,INE406A01037,739.55,752.75,737.0,750.75,752.4,735.85,1866365,1395483653.45,42442,LEGACY
2019-03-11,BIOCON,Biocon,EQ,INE376G01013,615.0,624.15,614.85,623.0,623.95,614.8,802978,498157629.45,17058,LEGACY
2019-03-11,CADILAHC,Cadila Healthcare,EQ,INE010B01027,326.95,333.85,325.0,332.85,333.8,324.95,728477,241026022.25,14043,LEGACY
2019-03-11,CIPLA,Cipla,EQ,INE059A01026,542.0,542.0,535.5,540.1,540.0,539.95,2342102,1263481202.3,71032,LEGACY
2019-03-11,DIVISLAB,Divi's Laboratories,EQ,INE361B01024,1650.1,1695.35,1650.1,1690.65,1691.0,1647.4,637436,1072797641.45,37863,LEGACY
2019-03-11,DRREDDY,Dr. Reddy's Laboratories,EQ,INE089A01023,2628.0,2656.0,2611.05,2626.15,2630.0,2615.05,1113712,2933316353.55,36068,LEGACY
2019-03-11,GLAXO,GlaxoSmithKline Pharmaceuticals,EQ,INE159A01016,1309.0,1326.4,1309.0,1322.65,1319.65,1311.7,26449,34935486.95,3960,LEGACY
2019-03-11,GLENMARK,Glenmark Pharmaceuticals,EQ,INE935A01035,598.0,617.5,598.0,616.25,616.0,598.05,387004,236773259.4,18649,LEGACY
2019-03-11,GRANULES,Granules India,EQ,INE101D01020,111.0,114.65,110.1,113.85,114.45,111.3,2292707,260119039.5,15216,LEGACY
2019-03-11,IPCALAB,IPCA Laboratories,EQ,INE571A01020,890.0,941.8,887.5,929.05,929.0,887.05,843189,775018059.65,29680,LEGACY
2019-03-11,JBCHEPHARM,JB Chemicals & Pharmaceuticals,EQ,INE572A01028,337.0,348.0,327.0,336.95,346.0,336.55,114038,38171209.3,2288,LEGACY
2019-03-11,LAURUSLABS,Laurus Labs,EQ,INE947Q01010,361.0,372.3,358.0,366.2,364.1,350.15,395427,144381976.5,17419,LEGACY
2019-03-11,LUPIN,Lupin,EQ,INE326A01037,780.8,797.0,779.25,795.3,794.85,779.15,1413263,1116667503.5,35897,LEGACY
2019-03-11,NATCOPHARM,Natco Pharma,EQ,INE987B01026,573.45,575.0,566.1,572.8,572.8,568.75,849922,483493970.65,12325,LEGACY
2019-03-11,PEL,Piramal Enterprises,D1,INE140A08SX5,104000.0,107000.0,104000.0,107000.0,107000.0,103500.0,2,211000.0,2,LEGACY
2019-03-11,PEL,Piramal Enterprises,EQ,INE140A01024,2600.0,2674.0,2590.45,2655.3,2659.0,2582.05,515547,1365396732.5,31874,LEGACY
2019-03-11,PFIZER,Pfizer,EQ,INE182A01018,3215.0,3237.7,3181.1,3199.05,3196.0,3214.8,10808,34641794.95,2084,LEGACY
2019-03-11,SANOFI,Sanofi India,EQ,INE058A01010,5592.0,5625.55,5541.1,5616.25,5600.0,5547.2,11361,63505270.45,4190,LEGACY
2019-03-11,STAR,Strides Pharma Science,EQ,INE939A01011,432.9,446.8,432.9,443.95,443.15,432.65,928630,410009959.0,14581,LEGACY
2019-03-11,SUNPHARMA,Sun Pharmaceutical Industries,EQ,INE044A01036,456.0,461.45,454.0,459.45,459.0,454.95,4628360,2124013853.25,69324,LEGACY
2019-03-11,TORNTPHARM,Torrent Pharmaceuticals,EQ,INE685A01028,1782.3,1796.45,1771.3,1789.85,1789.3,1782.2,130542,232960391.15,11814,LEGACY
2019-03-11,WOCKPHARMA,Wockhardt,EQ,INE049B01025,424.0,442.7,423.0,439.7,440.0,421.8,1849523,803277533.15,25523,LEGACY
2019-03-12,ABBOTINDIA,Abbott India,EQ,INE358A01014,7395.15,7487.95,7345.0,7355.45,7351.1,7397.05,7505,55458141.0,842,LEGACY
2019-03-12,AJANTPHARM,Ajanta Pharma,EQ,INE031B01049,990.0,1059.0,990.0,1043.05,1044.2,986.15,1794844,1844871621.55,38473,LEGACY
2019-03-12,ALKEM,Alkem Laboratories,EQ,INE540L01014,1753.0,1763.85,1731.05,1736.25,1732.0,1748.75,71286,124283370.3,9215,LEGACY
2019-03-12,APLLTD,Alembic Pharmaceuticals,EQ,INE901L01018,553.0,558.4,549.4,550.05,550.9,549.6,90113,49626504.65,4097,LEGACY
2019-03-12,AUROPHARMA,Aurobindo Pharma,EQ,INE406A01037,759.8,785.9,742.85,773.25,775.5,750.75,4515564,3476052870.95,97034,LEGACY
2019-03-12,BIOCON,Biocon,EQ,INE376G01013,625.0,641.95,624.0,636.35,638.0,623.0,2108547,1338778865.4,36243,LEGACY
2019-03-12,CADILAHC,Cadila Healthcare,EQ,INE010B01027,333.3,342.8,333.3,336.35,336.35,332.85,1840847,622691535.95,40874,LEGACY
2019-03-12,CIPLA,Cipla,EQ,INE059A01026,541.9,543.65,537.3,538.75,538.0,540.1,2049339,1106576347.95,42050,LEGACY
2019-03-12,DIVISLAB,Divi's Laboratories,EQ,INE361B01024,1700.0,1729.9,1692.65,1699.95,1698.0,1690.65,885899,1515190085.2,44079,LEGACY
2019-03-12,DRREDDY,Dr. Reddy's Laboratories,EQ,INE089A01023,2647.0,2676.0,2638.0,2666.85,2663.0,2626.15,544868,1449392016.9,30259,LEGACY
2019-03-12,GLAXO,GlaxoSmithKline Pharmaceuticals,EQ,INE159A01016,1325.9,1330.9,1313.2,1317.85,1318.0,1322.65,17794,23482851.4,3351,LEGACY
2019-03-12,GLENMARK,Glenmark Pharmaceuticals,EQ,INE935A01035,618.9,642.0,618.0,635.25,632.75,616.25,1518843,964329154.95,35086,LEGACY
2019-03-12,GRANULES,Granules India,EQ,INE101D01020,114.45,115.8,111.65,113.75,114.4,113.85,1663484,189400895.65,11610,LEGACY
2019-03-12,IPCALAB,IPCA Laboratories,EQ,INE571A01020,934.85,941.75,918.6,928.2,928.1,929.05,227185,212156474.6,15238,LEGACY
2019-03-12,JBCHEPHARM,JB Chemicals & Pharmaceuticals,EQ,INE572A01028,338.55,344.0,335.25,337.05,339.0,336.95,23629,8015619.25,1310,LEGACY
2019-03-12,LAURUSLABS,Laurus Labs,EQ,INE947Q01010,372.2,372.2,358.3,363.6,363.1,366.2,213655,78228957.35,4654,LEGACY
2019-03-12,LUPIN,Lupin,EQ,INE326A01037,794.55,810.8,794.55,800.6,800.7,795.3,2029769,1631619422.1,47684,LEGACY
2019-03-12,NATCOPHARM,Natco Pharma,EQ,INE987B01026,579.7,597.1,573.5,583.9,583.9,572.8,637452,373310781.6,14874,LEGACY
2019-03-12,PEL,Piramal Enterprises,EQ,INE140A01024,2682.0,2707.0,2607.55,2632.45,2617.0,2655.3,633693,1692979174.65,32771,LEGACY
2019-03-12,PFIZER,Pfizer,EQ,INE182A01018,3205.0,3252.3,3183.5,3227.7,3211.0,3199.05,12408,39919454.85,2552,LEGACY
2019-03-12,SANOFI,Sanofi India,EQ,INE058A01010,5616.25,5855.0,5616.05,5729.85,5850.0,5616.25,39354,223181153.8,6368,LEGACY
2019-03-12,STAR,Strides Pharma Science,EQ,INE939A01011,447.0,452.9,441.85,447.6,445.6,443.95,1416662,635377557.95,26373,LEGACY
2019-03-12,SUNPHARMA,Sun Pharmaceutical Industries,EQ,INE044A01036,463.0,471.65,462.0,470.3,471.0,459.45,8660320,4053041140.65,113877,LEGACY
2019-03-12,TORNTPHARM,Torrent Pharmaceuticals,EQ,INE685A01028,1792.0,1854.6,1792.0,1841.9,1840.0,1789.85,382303,699126128.25,15431,LEGACY
2019-03-12,WOCKPHARMA,Wockhardt,EQ,INE049B01025,444.0,450.8,435.0,439.0,436.85,439.7,2179203,968126103.95,34811,LEGACY
2019-03-13,ABBOTINDIA,Abbott India,EQ,INE358A01014,7379.9,7385.0,7300.0,7353.15,7327.05,7355.45,7709,56609221.15,1890,LEGACY
2019-03-13,AJANTPHARM,Ajanta Pharma,EQ,INE031B01049,1047.5,1057.0,1004.25,1012.3,1010.0,1043.05,659796,686872441.0,24553,LEGACY
2019-03-13,ALKEM,Alkem Laboratories,EQ,INE540L01014,1743.0,1753.0,1730.0,1734.9,1733.0,1736.25,22051,38417184.45,2392,LEGACY
2019-03-13,APLLTD,Alembic Pharmaceuticals,EQ,INE901L01018,550.0,555.8,545.4,550.1,550.0,550.05,47911,26366942.4,6004,LEGACY
2019-03-13,AUROPHARMA,Aurobindo Pharma,EQ,INE406A01037,776.0,782.9,755.1,766.25,767.0,773.25,2951290,2275415795.0,56291,LEGACY
2019-03-13,BIOCON,Biocon,EQ,INE376G01013,636.95,636.95,616.0,618.55,617.7,636.35,1130509,707190222.5,28200,LEGACY
2019-03-13,CADILAHC,Cadila Healthcare,EQ,INE010B01027,336.75,338.4,327.35,330.65,331.0,336.35,2257887,748032422.2,16276,LEGACY
2019-03-13,CIPLA,Cipla,EQ,INE059A01026,542.0,542.5,531.0,532.8,533.0,538.75,1582245,846974426.45,31512,LEGACY
2019-03-13,DIVISLAB,Divi's Laboratories,EQ,INE361B01024,1700.0,1712.25,1661.4,1667.0,1669.0,1699.95,639516,1078644545.9,37696,LEGACY
2019-03-13,DRREDDY,Dr. Reddy's Laboratories,EQ,INE089A01023,2663.0,2710.0,2644.6,2655.85,2655.0,2666.85,704078,1890558573.45,43330,LEGACY
2019-03-13,GLAXO,GlaxoSmithKline Pharmaceuticals,EQ,INE159A01016,1315.0,1328.0,1308.45,1314.95,1311.5,1317.85,17669,23244370.0,2222,LEGACY
2019-03-13,GLENMARK,Glenmark Pharmaceuticals,EQ,INE935A01035,633.4,645.65,630.0,632.35,631.15,635.25,713677,454995719.8,23321,LEGACY
2019-03-13,GRANULES,Granules India,EQ,INE101D01020,114.0,114.0,111.0,112.05,112.65,113.75,957235,107363410.25,7092,LEGACY
2019-03-13,IPCALAB,IPCA Laboratories,EQ,INE571A01020,930.0,931.0,909.15,917.55,912.6,928.2,142721,131093649.15,27704,LEGACY
2019-03-13,JBCHEPHARM,JB Chemicals & Pharmaceuticals,EQ,INE572A01028,339.9,344.9,332.25,336.55,336.0,337.05,34249,11553634.5,1403,LEGACY
2019-03-13,LAURUSLABS,Laurus Labs,EQ,INE947Q01010,365.0,384.0,357.0,362.15,360.45,363.6,392792,145517927.85,9884,LEGACY
2019-03-13,LUPIN,Lupin,EQ,INE326A01037,802.0,805.45,757.0,763.3,765.0,800.6,3638081,2823860761.75,72381,LEGACY
2019-03-13,NATCOPHARM,Natco Pharma,EQ,INE987B01026,587.4,595.0,581.0,582.7,584.0,583.9,178489,104552342.4,5426,LEGACY
2019-03-13,PEL,Piramal Enterprises,EQ,INE140A01024,2640.0,2642.0,2581.0,2601.25,2596.0,2632.45,422479,1100769117.4,17941,LEGACY
2019-03-13,PFIZER,Pfizer,EQ,INE182A01018,3221.0,3235.0,3132.3,3170.2,3142.05,3227.7,14695,46811457.55,2424,LEGACY
2019-03-13,SANOFI,Sanofi India,EQ,INE058A01010,5765.35,5850.0,5690.0,5719.45,5692.0,5729.85,9382,54092485.4,3748,LEGACY
2019-03-13,STAR,Strides Pharma Science,EQ,INE939A01011,448.0,449.4,436.5,439.5,440.0,447.6,966230,427797042.0,20607,LEGACY
2019-03-13,SUNPHARMA,Sun Pharmaceutical Industries,EQ,INE044A01036,473.0,475.0,452.5,456.5,455.6,470.3,7156428,3335907239.55,87623,LEGACY
2019-03-13,TORNTPHARM,Torrent Pharmaceuticals,EQ,INE685A01028,1850.1,1878.15,1805.25,1815.2,1829.0,1841.9,358554,662828540.9,17949,LEGACY
2019-03-13,WOCKPHARMA,Wockhardt,EQ,INE049B01025,438.7,444.0,425.55,427.0,426.2,439.0,1241150,539954602.9,20362,LEGACY
2019-03-14,ABBOTINDIA,Abbott India,EQ,INE358A01014,7379.2,7394.3,7261.0,7331.0,7352.95,7353.15,4261,31125850.55,721,LEGACY
2019-03-14,AJANTPHARM,Ajanta Pharma,EQ,INE031B01049,1009.1,1034.2,998.0,1026.85,1025.05,1012.3,475164,485141826.3,18692,LEGACY
2019-03-14,ALKEM,Alkem Laboratories,EQ,INE540L01014,1739.0,1739.0,1702.0,1719.6,1712.9,1734.9,46849,80510603.25,6861,LEGACY
2019-03-14,APLLTD,Alembic Pharmaceuticals,EQ,INE901L01018,554.65,554.65,547.1,548.9,548.0,550.1,51008,28047102.6,3806,LEGACY
2019-03-14,AUROPHARMA,Aurobindo Pharma,EQ,INE406A01037,767.0,786.0,764.0,778.65,778.85,766.25,2419483,1883394849.85,49891,LEGACY
2019-03-14,BIOCON,Biocon,EQ,INE376G01013,618.0,624.0,611.6,617.5,618.4,618.55,1043247,644339422.85,30494,LEGACY
2019-03-14,CADILAHC,Cadila Healthcare,EQ,INE010B01027,332.45,335.7,328.5,330.65,330.0,330.65,953743,316568450.75,15202,LEGACY
2019-03-14,CIPLA,Cipla,EQ,INE059A01026,532.05,534.1,530.5,532.75,532.55,532.8,1490894,794042596.85,25972,LEGACY
2019-03-14,DIVISLAB,Divi's Laboratories,EQ,INE361B01024,1676.65,1704.0,1671.35,1694.5,1694.0,1667.0,672355,1136630718.25,54265,LEGACY
2019-03-14,DRREDDY,Dr. Reddy's Laboratories,EQ,INE089A01023,2655.85,2670.9,2616.0,2647.9,2647.95,2655.85,483712,1275850651.05,37307,LEGACY
2019-03-14,GLAXO,GlaxoSmithKline Pharmaceuticals,EQ,INE159A01016,1320.0,1320.0,1296.65,1313.4,1304.25,1314.95,15823,20669187.95,3242,LEGACY
2019-03-14,GLENMARK,Glenmark Pharmaceuticals,EQ,INE935A01035,632.35,636.55,625.1,631.1,630.0,632.35,424422,267197418.25,14044,LEGACY
2019-03-14,GRANULES,Granules India,EQ,INE101D01020,112.05,114.25,110.45,112.75,113.75,112.05,942316,105465686.9,10278,LEGACY
2019-03-14,IPCALAB,IPCA Laboratories,EQ,INE571A01020,919.0,920.8,895.0,899.45,896.75,917.55,108577,97726678.45,14589,LEGACY
2019-03-14,JBCHEPHARM,JB Chemicals & Pharmaceuticals,EQ,INE572A01028,341.55,341.55,333.3,337.7,340.0,336.55,23706,7984909.4,2113,LEGACY
2019-03-14,LAURUSLABS,Laurus Labs,EQ,INE947Q01010,364.7,386.75,351.9,377.95,378.7,362.15,1848069,685779817.75,30967,LEGACY
2019-03-14,LUPIN,Lupin,EQ,INE326A01037,757.6,782.0,755.5,764.2,765.95,763.3,3897827,2990031054.0,70236,LEGACY
2019-03-14,NATCOPHARM,Natco Pharma,EQ,INE987B01026,587.0,587.0,575.0,575.8,577.0,582.7,177656,102663138.2,6238,LEGACY
2019-03-14,PEL,Piramal Enterprises,EQ,INE140A01024,2601.0,2675.0,2568.75,2651.55,2651.55,2601.25,714528,1884224077.35,26907,LEGACY
2019-03-14,PFIZER,Pfizer,EQ,INE182A01018,3160.0,3173.95,3120.0,3150.25,3142.0,3170.2,12085,37972315.45,2166,LEGACY
2019-03-14,SANOFI,Sanofi India,EQ,INE058A01010,5799.0,5819.9,5622.05,5760.1,5766.0,5719.45,7938,45388983.55,2479,LEGACY
2019-03-14,STAR,Strides Pharma Science,EQ,INE939A01011,440.9,456.95,438.3,449.25,449.15,439.5,1379460,618827587.95,28913,LEGACY
2019-03-14,SUNPHARMA,Sun Pharmaceutical Industries,EQ,INE044A01036,456.9,468.5,456.0,466.15,466.4,456.5,8039525,3730984724.55,87995,LEGACY
2019-03-14,TORNTPHARM,Torrent Pharmaceuticals,EQ,INE685A01028,1830.0,1846.7,1820.15,1840.95,1839.9,1815.2,176098,323588730.85,17983,LEGACY
2019-03-14,WOCKPHARMA,Wockhardt,EQ,INE049B01025,428.9,439.6,421.05,431.65,434.0,427.0,1537188,661154989.7,21762,LEGACY
2019-03-15,ABBOTINDIA,Abbott India,EQ,INE358A01014,7330.0,7374.9,7275.0,7291.5,7280.0,7331.0,2273,16631754.5,662,LEGACY
2019-03-15,AJANTPHARM,Ajanta Pharma,EQ,INE031B01049,1031.9,1044.7,1009.65,1014.2,1011.15,1026.85,336768,344057870.0,10948,LEGACY
2019-03-15,ALKEM,Alkem Laboratories,EQ,INE540L01014,1728.2,1781.0,1728.2,1760.4,1730.0,1719.6,349087,614343788.7,43218,LEGACY
2019-03-15,APLLTD,Alembic Pharmaceuticals,EQ,INE901L01018,550.0,553.1,546.25,547.15,546.75,548.9,30958,16969207.4,1098,LEGACY
2019-03-15,AUROPHARMA,Aurobindo Pharma,EQ,INE406A01037,782.0,785.0,768.4,771.6,771.6,778.65,1860397,1439981231.35,42884,LEGACY
2019-03-15,BIOCON,Biocon,EQ,INE376G01013,620.1,628.9,618.0,623.0,623.8,617.5,975101,608290578.35,21883,LEGACY
2019-03-15,CADILAHC,Cadila Healthcare,EQ,INE010B01027,331.15,349.45,329.4,342.45,341.3,330.65,3777187,1279847033.3,39124,LEGACY
2019-03-15,CIPLA,Cipla,EQ,INE059A01026,534.1,535.4,528.95,532.6,532.2,532.75,2019240,1075695822.75,46517,LEGACY
2019-03-15,DIVISLAB,Divi's Laboratories,EQ,INE361B01024,1697.0,1726.6,1695.0,1708.0,1710.0,1694.5,830304,1418744692.95,41372,LEGACY
2019-03-15,DRREDDY,Dr. Reddy's Laboratories,EQ,INE089A01023,2655.5,2693.75,2640.95,2658.9,2657.95,2647.9,1436054,3827537640.65,46009,LEGACY
2019-03-15,GLAXO,GlaxoSmithKline Pharmaceuticals,EQ,INE159A01016,1310.0,1313.95,1296.8,1301.15,1303.0,1313.4,14562,18980222.35,2735,LEGACY
2019-03-15,GLENMARK,Glenmark Pharmaceuticals,EQ,INE935A01035,634.3,652.0,633.1,641.55,641.5,631.1,1533529,988750799.7,22889,LEGACY
2019-03-15,GRANULES,Granules India,EQ,INE101D01020,113.0,115.95,111.5,113.95,113.95,112.75,1694712,194155371.4,10444,LEGACY
2019-03-15,IPCALAB,IPCA Laboratories,EQ,INE571A01020,907.7,914.8,875.55,885.55,895.0,899.45,183627,163751573.45,10179,LEGACY
2019-03-15,JBCHEPHARM,JB Chemicals & Pharmaceuticals,EQ,INE572A01028,335.9,343.55,326.0,332.85,330.0,337.7,49318,16642543.05,1703,LEGACY
2019-03-15,LAURUSLABS,Laurus Labs,EQ,INE947Q01010,379.9,393.9,379.0,386.75,385.05,377.95,814652,314899070.65,11745,LEGACY
2019-03-15,LUPIN,Lupin,EQ,INE326A01037,767.0,789.6,767.0,785.15,786.0,764.2,3651344,2838868374.45,52116,LEGACY
2019-03-15,NATCOPHARM,Natco Pharma,EQ,INE987B01026,578.5,590.0,578.5,587.95,588.5,575.8,265760,155230879.9,8411,LEGACY
2019-03-15,PEL,Piramal Enterprises,EQ,INE140A01024,2651.0,2684.0,2627.0,2643.9,2636.95,2651.55,524233,1393455672.55,23460,LEGACY
2019-03-15,PFIZER,Pfizer,EQ,INE182A01018,3148.9,3223.85,3121.1,3199.95,3206.2,3150.25,13329,42325141.65,2433,LEGACY
2019-03-15,SANOFI,Sanofi India,EQ,INE058A01010,5800.0,5800.0,5644.25,5719.5,5715.0,5760.1,14942,85247530.15,3520,LEGACY
2019-03-15,STAR,Strides Pharma Science,EQ,INE939A01011,446.55,449.9,434.9,437.35,437.0,449.25,1974699,871996716.7,48541,LEGACY
2019-03-15,SUNPHARMA,Sun Pharmaceutical Industries,EQ,INE044A01036,466.2,469.95,462.3,464.35,465.8,466.15,5877969,2736386347.25,69853,LEGACY
2019-03-15,TORNTPHARM,Torrent Pharmaceuticals,EQ,INE685A01028,1839.9,1865.35,1822.5,1856.15,1856.0,1840.95,179119,330794769.6,12300,LEGACY
2019-03-15,WOCKPHARMA,Wockhardt,EQ,INE049B01025,431.8,438.5,428.0,430.55,430.5,431.65,1782635,771195114.15,25841,LEGACY
2019-03-18,ABBOTINDIA,Abbott India,EQ,INE358A01014,7300.05,7404.0,7200.0,7362.3,7388.0,7291.5,16273,118190649.3,2884,LEGACY
2019-03-18,AJANTPHARM,Ajanta Pharma,EQ,INE031B01049,1015.05,1042.0,1010.15,1016.75,1020.0,1014.2,371535,381443726.25,16265,LEGACY
2019-03-18,ALKEM,Alkem Laboratories,EQ,INE540L01014,1751.0,1804.75,1751.0,1783.55,1797.0,1760.4,35640,63170198.0,4393,LEGACY
2019-03-18,APLLTD,Alembic Pharmaceuticals,EQ,INE901L01018,545.0,551.2,540.0,541.3,542.5,547.15,20343,11122886.25,1233,LEGACY
2019-03-18,AUROPHARMA,Aurobindo Pharma,EQ,INE406A01037,776.0,780.7,764.4,777.35,776.9,771.6,1210629,936097262.4,30618,LEGACY
2019-03-18,BIOCON,Biocon,EQ,INE376G01013,625.0,632.0,620.2,628.85,629.05,623.0,952515,598467355.65,20807,LEGACY
2019-03-18,CADILAHC,Cadila Healthcare,EQ,INE010B01027,345.45,345.45,337.8,339.25,339.3,342.45,983011,334264411.6,13646,LEGACY
2019-03-18,CIPLA,Cipla,EQ,INE059A01026,533.05,535.8,529.0,534.5,535.0,532.6,1266863,675790418.7,35249,LEGACY
2019-03-18,DIVISLAB,Divi's Laboratories,EQ,INE361B01024,1718.0,1722.55,1684.1,1689.35,1688.0,1708.0,464384,790099947.75,23156,LEGACY
2019-03-18,DRREDDY,Dr. Reddy's Laboratories,EQ,INE089A01023,2658.4,2674.3,2643.15,2669.45,2660.0,2658.9,454563,1209409034.3,22546,LEGACY
2019-03-18,GLAXO,GlaxoSmithKline Pharmaceuticals,EQ,INE159A01016,1301.85,1310.95,1288.85,1297.6,1307.0,1301.15,13629,17671524.5,3366,LEGACY
2019-03-18,GLENMARK,Glenmark Pharmaceuticals,EQ,INE935A01035,640.5,646.3,631.1,643.85,644.7,641.55,444082,284222866.75,19594,LEGACY
2019-03-18,GRANULES,Granules India,EQ,INE101D01020,114.1,115.45,112.0,112.85,112.35,113.95,545912,61800811.45,3792,LEGACY
2019-03-18,IPCALAB,IPCA Laboratories,EQ,INE571A01020,892.7,898.0,878.75,885.9,888.5,885.55,93782,83277405.8,7121,LEGACY
2019-03-18,JBCHEPHARM,JB Chemicals & Pharmaceuticals,EQ,INE572A01028,326.2,331.7,323.05,328.2,329.0,332.85,30917,10122042.95,1435,LEGACY
2019-03-18,LAURUSLABS,Laurus Labs,EQ,INE947Q01010,388.0,405.8,380.05,392.55,393.5,386.75,367353,145075384.6,9415,LEGACY
2019-03-18,LUPIN,Lupin,EQ,INE326A01037,762.2,762.85,740.0,754.2,753.9,785.15,4929178,3701878806.25,104448,LEGACY
2019-03-18,NATCOPHARM,Natco Pharma,EQ,INE987B01026,592.75,605.0,587.7,600.85,601.95,587.95,608318,362741435.45,15669,LEGACY
2019-03-18,PEL,Piramal Enterprises,EQ,INE140A01024,2650.0,2685.6,2627.9,2639.4,2638.1,2643.9,434508,1151375529.35,17951,LEGACY
2019-03-18,PFIZER,Pfizer,EQ,INE182A01018,3228.0,3250.0,3152.9,3235.55,3217.05,3199.95,12351,39696676.3,4238,LEGACY
2019-03-18,SANOFI,Sanofi India,EQ,INE058A01010,5726.35,5779.0,5588.0,5610.9,5591.0,5719.5,11768,66261675.5,4295,LEGACY
2019-03-18,STAR,Strides Pharma Science,EQ,INE939A01011,440.3,442.85,434.0,436.95,437.0,437.35,1050444,460398360.35,25161,LEGACY
2019-03-18,SUNPHARMA,Sun Pharmaceutical Industries,EQ,INE044A01036,466.0,469.9,458.65,465.65,465.65,464.35,4382489,2039148926.3,66374,LEGACY
2019-03-18,TORNTPHARM,Torrent Pharmaceuticals,EQ,INE685A01028,1856.0,1873.35,1841.1,1851.55,1848.0,1856.15,149856,278210204.75,12476,LEGACY
2019-03-18,WOCKPHARMA,Wockhardt,EQ,INE049B01025,434.95,434.95,426.6,429.0,429.25,430.55,962282,413557583.0,14080,LEGACY
2019-03-19,ABBOTINDIA,Abbott India,EQ,INE358A01014,7420.0,7420.0,7321.4,7359.15,7350.0,7362.3,894,6583194.5,274,LEGACY
2019-03-19,AJANTPHARM,Ajanta Pharma,EQ,INE031B01049,1019.8,1048.8,1019.0,1030.8,1031.0,1016.75,606977,629904856.6,18482,LEGACY
2019-03-19,ALKEM,Alkem Laboratories,EQ,INE540L01014,1783.6,1816.0,1750.0,1772.9,1779.0,1783.55,67295,120003954.5,6276,LEGACY
2019-03-19,APLLTD,Alembic Pharmaceuticals,EQ,INE901L01018,544.6,547.0,535.0,540.0,542.0,541.3,49169,26573552.7,1623,LEGACY
2019-03-19,AUROPHARMA,Aurobindo Pharma,EQ,INE406A01037,778.0,792.0,771.0,777.35,776.95,777.35,2691354,2110892924.5,58112,LEGACY
2019-03-19,BIOCON,Biocon,EQ,INE376G01013,633.0,633.25,623.6,629.4,628.5,628.85,824569,519331776.35,19989,LEGACY
2019-03-19,CADILAHC,Cadila Healthcare,EQ,INE010B01027,340.85,344.4,335.8,337.15,337.2,339.25,855722,291535202.9,13694,LEGACY
2019-03-19,CIPLA,Cipla,EQ,INE059A01026,537.15,537.7,530.2,533.65,533.4,534.5,874797,467351140.8,31354,LEGACY
2019-03-19,DIVISLAB,Divi's Laboratories,EQ,INE361B01024,1698.0,1713.35,1681.55,1696.0,1692.0,1689.35,283112,481356132.5,18712,LEGACY
2019-03-19,DRREDDY,Dr. Reddy's Laboratories,EQ,INE089A01023,2670.0,2717.25,2669.45,2708.7,2713.0,2669.45,918056,2482949526.3,43837,LEGACY
2019-03-19,GLAXO,GlaxoSmithKline Pharmaceuticals,EQ,INE159A01016,1305.0,1318.0,1293.05,1312.95,1304.55,1297.6,12571,16420866.65,1523,LEGACY
2019-03-19,GLENMARK,Glenmark Pharmaceuticals,EQ,INE935A01035,643.85,651.65,640.85,645.6,646.1,643.85,519407,335600369.25,18874,LEGACY
2019-03-19,GRANULES,Granules India,EQ,INE101D01020,113.0,118.2,112.0,117.75,117.5,112.85,2078737,242055389.65,20614,LEGACY
2019-03-19,IPCALAB,IPCA Laboratories,EQ,INE571A01020,893.5,929.45,893.5,919.2,918.8,885.9,251283,231122847.45,13952,LEGACY
2019-03-19,JBCHEPHARM,JB Chemicals & Pharmaceuticals,EQ,INE572A01028,326.0,336.0,326.0,331.0,333.3,328.2,29183,9692118.8,1061,LEGACY
2019-03-19,LAURUSLABS,Laurus Labs,EQ,INE947Q01010,395.7,401.6,388.0,391.95,391.55,392.55,166280,65770409.35,4507,LEGACY
2019-03-19,LUPIN,Lupin,EQ,INE326A01037,753.9,765.8,751.5,755.05,755.7,754.2,1909056,1450213493.8,43625,LEGACY
2019-03-19,NATCOPHARM,Natco Pharma,EQ,INE987B01026,604.6,610.8,595.0,597.8,596.9,600.85,939673,564761996.65,9999,LEGACY
2019-03-19,PEL,Piramal Enterprises,EQ,INE140A01024,2643.9,2678.0,2640.0,2649.85,2651.0,2639.4,384879,1023536423.25,21822,LEGACY
2019-03-19,PFIZER,Pfizer,EQ,INE182A01018,3255.0,3255.0,3160.0,3176.05,3168.0,3235.55,27831,88741569.4,7585,LEGACY
2019-03-19,SANOFI,Sanofi India,EQ,INE058A01010,5610.0,5630.0,5505.5,5606.8,5600.05,5610.9,43427,241811814.55,7754,LEGACY
2019-03-19,STAR,Strides Pharma Science,EQ,INE939A01011,442.0,455.95,439.2,448.5,447.9,436.95,2172762,975472915.85,32696,LEGACY
2019-03-19,SUNPHARMA,Sun Pharmaceutical Industries,EQ,INE044A01036,467.5,475.25,466.65,468.95,469.9,465.65,6725926,3172947148.8,89618,LEGACY
2019-03-19,TORNTPHARM,Torrent Pharmaceuticals,EQ,INE685A01028,1853.85,1885.0,1853.05,1862.9,1865.0,1851.55,166834,312211095.85,8608,LEGACY
2019-03-19,WOCKPHARMA,Wockhardt,EQ,INE049B01025,430.7,436.6,429.05,431.15,432.1,429.0,755735,326980337.5,13546,LEGACY
2019-03-20,ABBOTINDIA,Abbott India,EQ,INE358A01014,7355.05,7370.0,7331.15,7355.9,7351.0,7359.15,784,5768209.8,269,LEGACY
2019-03-20,AJANTPHARM,Ajanta Pharma,EQ,INE031B01049,1031.0,1042.0,1016.75,1021.05,1021.0,1030.8,424849,437549554.3,11889,LEGACY
2019-03-20,ALKEM,Alkem Laboratories,EQ,INE540L01014,1780.0,1794.0,1745.0,1754.35,1755.0,1772.9,36040,63676848.5,4191,LEGACY
2019-03-20,APLLTD,Alembic Pharmaceuticals,EQ,INE901L01018,544.75,545.0,536.95,541.1,540.1,540.0,9573,5177676.35,874,LEGACY
2019-03-20,AUROPHARMA,Aurobindo Pharma,EQ,INE406A01037,779.9,786.5,775.0,776.6,777.75,777.35,1306974,1018020159.95,42927,LEGACY
2019-03-20,BIOCON,Biocon,EQ,INE376G01013,630.9,637.2,626.35,628.15,628.0,629.4,1469705,928603727.7,18050,LEGACY
2019-03-20,CADILAHC,Cadila Healthcare,EQ,INE010B01027,337.5,341.9,336.25,337.9,337.3,337.15,498505,168883449.6,7346,LEGACY
2019-03-20,CIPLA,Cipla,EQ,INE059A01026,532.0,534.8,531.1,533.25,533.25,533.65,1255306,669149244.95,37978,LEGACY
2019-03-20,DIVISLAB,Divi's Laboratories,EQ,INE361B01024,1694.0,1711.0,1671.25,1675.35,1678.5,1696.0,426057,718500664.55,21362,LEGACY
2019-03-20,DRREDDY,Dr. Reddy's Laboratories,EQ,INE089A01023,2709.0,2760.0,2709.0,2751.65,2757.85,2708.7,1151949,3162001436.15,58163,LEGACY
2019-03-20,GLAXO,GlaxoSmithKline Pharmaceuticals,EQ,INE159A01016,1312.85,1327.0,1296.05,1319.1,1326.7,1312.95,17959,23492026.0,1620,LEGACY
2019-03-20,GLENMARK,Glenmark Pharmaceuticals,EQ,INE935A01035,646.0,658.0,640.9,649.3,647.15,645.6,624294,406516840.85,16640,LEGACY
2019-03-20,GRANULES,Granules India,EQ,INE101D01020,118.0,118.35,115.15,115.8,116.0,117.75,775541,90004631.35,7409,LEGACY
2019-03-20,IPCALAB,IPCA Laboratories,EQ,INE571A01020,917.7,949.0,912.05,938.4,940.0,919.2,273666,256737800.7,14571,LEGACY
2019-03-20,JBCHEPHARM,JB Chemicals & Pharmaceuticals,EQ,INE572A01028,331.0,335.95,331.0,333.85,335.0,331.0,22436,7494318.0,754,LEGACY
2019-03-20,LAURUSLABS,Laurus Labs,EQ,INE947Q01010,390.0,395.0,384.0,385.85,387.85,391.95,78599,30581355.95,2297,LEGACY
2019-03-20,LUPIN,Lupin,EQ,INE326A01037,758.0,759.9,747.05,753.4,755.5,755.05,1204781,906322076.35,29900,LEGACY
2019-03-20,NATCOPHARM,Natco Pharma,EQ,INE987B01026,600.7,603.55,593.0,595.75,593.75,597.8,131640,78714649.45,4098,LEGACY
2019-03-20,PEL,Piramal Enterprises,EQ,INE140A01024,2659.0,2679.0,2590.1,2607.2,2610.0,2649.85,542681,1435518809.05,21528,LEGACY
2019-03-20,PFIZER,Pfizer,EQ,INE182A01018,3176.05,3235.0,3152.55,3205.45,3210.0,3176.05,13625,43479971.8,2343,LEGACY
2019-03-20,SANOFI,Sanofi India,EQ,INE058A01010,5606.8,5649.1,5560.0,5599.5,5583.0,5606.8,10209,57055243.7,2448,LEGACY
2019-03-20,STAR,Strides Pharma Science,EQ,INE939A01011,450.0,452.7,438.5,441.95,441.95,448.5,1199211,533065566.25,24161,LEGACY
2019-03-20,SUNPHARMA,Sun Pharmaceutical Industries,EQ,INE044A01036,470.75,476.8,466.0,474.75,475.4,468.95,4235163,2000646842.9,62850,LEGACY
2019-03-20,TORNTPHARM,Torrent Pharmaceuticals,EQ,INE685A01028,1873.85,1880.0,1855.25,1867.9,1869.0,1862.9,77457,144685521.6,4504,LEGACY
2019-03-20,WOCKPHARMA,Wockhardt,EQ,INE049B01025,430.8,433.85,424.25,427.15,427.95,431.15,757132,324018223.55,11312,LEGACY
2019-03-22,ABBOTINDIA,Abbott India,EQ,INE358A01014,7301.0,7420.0,7301.0,7383.85,7395.0,7355.9,13072,96137032.35,564,LEGACY
2019-03-22,AJANTPHARM,Ajanta Pharma,EQ,INE031B01049,1024.9,1033.0,999.35,1006.2,1006.15,1021.05,423459,429200583.65,16439,LEGACY
2019-03-22,ALKEM,Alkem Laboratories,EQ,INE540L01014,1763.1,1765.7,1710.0,1717.7,1718.55,1754.35,36224,62514732.6,3849,LEGACY
2019-03-22,APLLTD,Alembic Pharmaceuticals,EQ,INE901L01018,541.1,542.0,537.0,540.25,541.4,541.1,19392,10462613.7,1931,LEGACY
2019-03-22,AUROPHARMA,Aurobindo Pharma,EQ,INE406A01037,779.0,786.9,762.15,768.3,769.9,776.6,1680669,1298155926.85,51369,LEGACY
2019-03-22,BIOCON,Biocon,EQ,INE376G01013,630.0,630.0,616.0,616.95,617.0,628.15,760804,472532589.35,27452,LEGACY
2019-03-22,CADILAHC,Cadila Healthcare,EQ,INE010B01027,337.9,342.35,330.75,332.85,332.45,337.9,1028812,345120385.85,14466,LEGACY
2019-03-22,CIPLA,Cipla,EQ,INE059A01026,534.9,539.0,523.6,526.8,527.0,533.25,1579084,838214435.85,37579,LEGACY
2019-03-22,DIVISLAB,Divi's Laboratories,EQ,INE361B01024,1680.1,1691.6,1655.55,1663.65,1666.0,1675.35,459571,766946254.95,24201,LEGACY
2019-03-22,DRREDDY,Dr. Reddy's Laboratories,EQ,INE089A01023,2779.0,2779.0,2738.5,2751.3,2749.25,2751.65,685401,1888345631.15,42012,LEGACY
2019-03-22,GLAXO,GlaxoSmithKline Pharmaceuticals,EQ,INE159A01016,1319.9,1333.25,1300.1,1327.6,1326.0,1319.1,19273,25436365.5,4619,LEGACY
2019-03-22,GLENMARK,Glenmark Pharmaceuticals,EQ,INE935A01035,651.0,655.45,640.0,645.25,642.0,649.3,328279,212805860.4,16170,LEGACY
2019-03-22,GRANULES,Granules India,EQ,INE101D01020,116.0,116.3,111.8,113.1,112.25,115.8,592609,67364280.6,4273,LEGACY
2019-03-22,IPCALAB,IPCA Laboratories,EQ,INE571A01020,936.7,937.35,925.0,928.1,925.2,938.4,79180,73664487.65,5551,LEGACY
2019-03-22,JBCHEPHARM,JB Chemicals & Pharmaceuticals,EQ,INE572A01028,333.55,340.7,328.25,336.75,336.0,333.85,35703,11973881.6,1552,LEGACY
2019-03-22,LAURUSLABS,Laurus Labs,EQ,INE947Q01010,385.0,395.0,383.2,384.9,387.55,385.85,79388,30853235.65,3066,LEGACY
2019-03-22,LUPIN,Lupin,EQ,INE326A01037,755.0,758.0,740.25,743.2,743.8,753.4,1414802,1058706358.9,61124,LEGACY
2019-03-22,NATCOPHARM,Natco Pharma,EQ,INE987B01026,598.9,598.9,583.0,585.55,585.5,595.75,201496,118163581.6,16989,LEGACY
2019-03-22,PEL,Piramal Enterprises,EQ,INE140A01024,2616.05,2654.2,2590.3,2600.7,2604.2,2607.2,355859,931703940.35,16543,LEGACY
2019-03-22,PFIZER,Pfizer,EQ,INE182A01018,3207.0,3215.05,3172.0,3199.8,3175.7,3205.45,11996,38289499.75,2658,LEGACY
2019-03-22,SANOFI,Sanofi India,EQ,INE058A01010,5649.95,5649.95,5510.0,5522.0,5510.0,5599.5,9858,54687163.55,2927,LEGACY
2019-03-22,STAR,Strides Pharma Science,EQ,INE939A01011,443.9,449.75,436.25,442.15,441.95,441.95,1494843,662803877.1,38172,LEGACY
2019-03-22,SUNPHARMA,Sun Pharmaceutical Industries,BL,INE044A01036,474.75,474.75,474.75,474.75,474.75,480.0,836851,397295012.25,1,LEGACY
2019-03-22,SUNPHARMA,Sun Pharmaceutical Industries,EQ,INE044A01036,475.8,479.7,469.35,473.25,472.2,474.75,6125288,2907068959.2,102987,LEGACY
2019-03-22,TORNTPHARM,Torrent Pharmaceuticals,EQ,INE685A01028,1869.95,1876.45,1861.0,1869.75,1871.9,1867.9,70245,131182061.7,3190,LEGACY
2019-03-22,WOCKPHARMA,Wockhardt,EQ,INE049B01025,428.95,430.2,422.5,427.85,427.9,427.15,836694,356883053.75,11704,LEGACY
2019-03-25,ABBOTINDIA,Abbott India,EQ,INE358A01014,7389.0,7419.0,7317.5,7399.8,7406.0,7383.85,10833,80093958.25,2044,LEGACY
2019-03-25,AJANTPHARM,Ajanta Pharma,EQ,INE031B01049,1002.0,1009.7,986.2,996.75,995.85,1006.2,333817,333027031.0,9397,LEGACY
2019-03-25,ALKEM,Alkem Laboratories,EQ,INE540L01014,1715.25,1754.0,1690.0,1738.05,1754.0,1717.7,51703,88281467.95,7097,LEGACY
2019-03-25,APLLTD,Alembic Pharmaceuticals,EQ,INE901L01018,540.0,543.65,534.0,536.9,536.9,540.25,11060,5966047.4,2009,LEGACY
2019-03-25,AUROPHARMA,Aurobindo Pharma,BL,INE406A01037,768.3,768.3,768.3,768.3,768.3,682.0,181220,139231326.0,1,LEGACY
2019-03-25,AUROPHARMA,Aurobindo Pharma,EQ,INE406A01037,767.0,779.0,758.25,775.85,777.45,768.3,1430024,1103447010.65,35963,LEGACY
2019-03-25,BIOCON,Biocon,EQ,INE376G01013,614.2,616.0,608.2,610.25,610.8,616.95,1574371,962365208.8,25639,LEGACY
2019-03-25,CADILAHC,Cadila Healthcare,EQ,INE010B01027,332.65,334.0,325.05,332.1,333.0,332.85,627229,207661996.8,7616,LEGACY
2019-03-25,CIPLA,Cipla,EQ,INE059A01026,525.6,528.7,516.2,526.85,526.0,526.8,1874898,981213600.45,37511,LEGACY
2019-03-25,DIVISLAB,Divi's Laboratories,EQ,INE361B01024,1659.8,1710.0,1651.1,1705.75,1708.65,1663.65,684585,1159875888.05,34319,LEGACY
2019-03-25,DRREDDY,Dr. Reddy's Laboratories,EQ,INE089A01023,2744.9,2798.0,2726.75,2780.95,2766.0,2751.3,1009863,2802847772.15,43327,LEGACY
2019-03-25,GLAXO,GlaxoSmithKline Pharmaceuticals,EQ,INE159A01016,1320.0,1320.0,1295.0,1298.55,1297.0,1327.6,20671,26935705.75,3428,LEGACY
2019-03-25,GLENMARK,Glenmark Pharmaceuticals,EQ,INE935A01035,634.5,642.0,630.3,635.65,637.65,645.25,690354,439623887.65,31821,LEGACY
2019-03-25,GRANULES,Granules India,EQ,INE101D01020,110.5,111.95,109.35,110.55,110.0,113.1,512367,56562767.3,4878,LEGACY
2019-03-25,IPCALAB,IPCA Laboratories,EQ,INE571A01020,925.7,925.7,910.05,916.85,919.0,928.1,102501,93843244.05,3459,LEGACY
2019-03-25,JBCHEPHARM,JB Chemicals & Pharmaceuticals,EQ,INE572A01028,333.9,341.5,322.5,340.4,338.9,336.75,33962,11439064.15,998,LEGACY
2019-03-25,LAURUSLABS,Laurus Labs,EQ,INE947Q01010,384.9,384.9,369.1,373.9,373.0,384.9,108441,40941562.2,7982,LEGACY
2019-03-25,LUPIN,Lupin,EQ,INE326A01037,743.8,745.95,727.0,729.05,731.0,743.2,2523406,1849918696.45,51078,LEGACY
2019-03-25,NATCOPHARM,Natco Pharma,EQ,INE987B01026,580.1,584.2,564.2,572.9,575.0,585.55,362716,207269682.6,12617,LEGACY
2019-03-25,PEL,Piramal Enterprises,BL,INE140A01024,2600.7,2600.7,2600.7,2600.7,2600.7,534.0,42653,110927657.1,1,LEGACY
2019-03-25,PEL,Piramal Enterprises,EQ,INE140A01024,2599.0,2599.0,2553.0,2573.5,2570.0,2600.7,279779,719429050.45,11468,LEGACY
2019-03-25,PFIZER,Pfizer,EQ,INE182A01018,3166.0,3200.05,3135.0,3180.65,3160.1,3199.8,15472,49010671.7,3544,LEGACY
2019-03-25,SANOFI,Sanofi India,EQ,INE058A01010,5555.0,5620.0,5525.0,5585.1,5565.0,5522.0,5507,30587757.7,1458,LEGACY
2019-03-25,STAR,Strides Pharma Science,EQ,INE939A01011,439.85,441.35,434.45,436.7,435.5,442.15,564801,247321766.25,11143,LEGACY
2019-03-25,SUNPHARMA,Sun Pharmaceutical Industries,EQ,INE044A01036,468.5,469.45,461.2,464.65,465.0,473.25,4043446,1878441559.75,51359,LEGACY
2019-03-25,TORNTPHARM,Torrent Pharmaceuticals,EQ,INE685A01028,1851.0,1879.5,1845.2,1866.3,1865.15,1869.75,98498,183967805.65,7768,LEGACY
2019-03-25,WOCKPHARMA,Wockhardt,EQ,INE049B01025,427.0,438.7,416.5,420.3,418.55,427.85,2388588,1029859331.4,33088,LEGACY
2019-03-26,ABBOTINDIA,Abbott India,EQ,INE358A01014,7341.2,7418.95,7302.0,7346.45,7350.0,7399.8,4225,31118023.85,616,LEGACY
2019-03-26,AJANTPHARM,Ajanta Pharma,EQ,INE031B01049,998.8,1019.05,998.8,1010.95,1011.0,996.75,232476,234665116.85,9069,LEGACY
2019-03-26,ALKEM,Alkem Laboratories,EQ,INE540L01014,1746.0,1785.0,1716.1,1775.35,1765.1,1738.05,68288,119954727.75,4878,LEGACY
2019-03-26,APLLTD,Alembic Pharmaceuticals,EQ,INE901L01018,539.3,540.9,527.0,530.0,530.0,536.9,63161,33499511.8,1664,LEGACY
2019-03-26,AUROPHARMA,Aurobindo Pharma,EQ,INE406A01037,779.95,783.75,770.5,781.9,783.0,775.85,1250197,972963759.45,23874,LEGACY
2019-03-26,BIOCON,Biocon,EQ,INE376G01013,614.9,615.9,610.4,611.4,611.7,610.25,839784,514170780.45,24816,LEGACY
2019-03-26,CADILAHC,Cadila Healthcare,EQ,INE010B01027,332.35,336.9,331.7,335.95,335.5,332.1,860971,287700149.65,13027,LEGACY
2019-03-26,CIPLA,Cipla,EQ,INE059A01026,528.5,532.5,525.7,529.3,529.15,526.85,3044792,1609231645.65,40088,LEGACY
2019-03-26,DIVISLAB,Divi's Laboratories,EQ,INE361B01024,1710.0,1774.95,1686.65,1707.85,1705.2,1705.75,509657,868351838.95,21841,LEGACY
2019-03-26,DRREDDY,Dr. Reddy's Laboratories,EQ,INE089A01023,2791.0,2793.95,2762.5,2782.35,2776.65,2780.95,484102,1345468982.2,30991,LEGACY
2019-03-26,GLAXO,GlaxoSmithKline Pharmaceuticals,EQ,INE159A01016,1298.0,1300.05,1291.55,1299.55,1295.0,1298.55,35527,46113025.75,2551,LEGACY
2019-03-26,GLENMARK,Glenmark Pharmaceuticals,EQ,INE935A01035,639.9,651.05,636.3,649.0,649.9,635.65,600366,388469365.9,14627,LEGACY
2019-03-26,GRANULES,Granules India,EQ,INE101D01020,109.4,113.15,108.65,112.35,111.85,110.55,569233,63634153.5,3486,LEGACY
2019-03-26,IPCALAB,IPCA Laboratories,EQ,INE571A01020,921.0,932.0,915.05,924.95,929.0,916.85,284198,262326294.2,9589,LEGACY
2019-03-26,JBCHEPHARM,JB Chemicals & Pharmaceuticals,EQ,INE572A01028,340.35,345.5,335.5,343.45,345.0,340.4,57242,19435349.05,999,LEGACY
2019-03-26,LAURUSLABS,Laurus Labs,EQ,INE947Q01010,372.95,397.7,372.0,392.15,389.1,373.9,329006,127673354.75,15367,LEGACY
2019-03-26,LUPIN,Lupin,EQ,INE326A01037,733.0,738.65,731.15,734.8,734.65,729.05,1444465,1060938956.45,31894,LEGACY
2019-03-26,NATCOPHARM,Natco Pharma,EQ,INE987B01026,578.7,578.7,564.2,566.0,565.0,572.9,215943,122493497.1,9095,LEGACY
2019-03-26,PEL,Piramal Enterprises,EQ,INE140A01024,2585.0,2645.0,2558.35,2628.05,2627.25,2573.5,308518,804875425.75,21606,LEGACY
2019-03-26,PFIZER,Pfizer,EQ,INE182A01018,3165.0,3287.95,3144.0,3230.0,3245.0,3180.65,31056,99137904.05,4412,LEGACY
2019-03-26,SANOFI,Sanofi India,EQ,INE058A01010,5620.0,5880.0,5561.8,5712.85,5770.0,5585.1,25028,140713781.55,3052,LEGACY
2019-03-26,STAR,Strides Pharma Science,EQ,INE939A01011,438.95,447.65,437.45,445.85,446.0,436.7,876769,388346062.2,21070,LEGACY
2019-03-26,SUNPHARMA,Sun Pharmaceutical Industries,EQ,INE044A01036,467.0,471.5,462.1,469.8,470.15,464.65,3843580,1793047964.1,66524,LEGACY
2019-03-26,TORNTPHARM,Torrent Pharmaceuticals,EQ,INE685A01028,1864.95,1897.5,1860.0,1883.95,1886.0,1866.3,160958,303553655.0,9888,LEGACY
2019-03-26,WOCKPHARMA,Wockhardt,EQ,INE049B01025,422.1,424.5,417.45,421.9,421.65,420.3,1058358,445598294.0,14368,LEGACY
2019-03-27,ABBOTINDIA,Abbott India,EQ,INE358A01014,7399.0,7399.0,7209.95,7227.35,7230.0,7346.45,4519,32834456.75,1657,LEGACY
2019-03-27,AJANTPHARM,Ajanta Pharma,EQ,INE031B01049,1014.8,1024.0,979.1,1000.95,1002.4,1010.95,322229,325324881.1,9687,LEGACY
2019-03-27,ALKEM,Alkem Laboratories,EQ,INE540L01014,1775.0,1780.4,1749.0,1750.35,1750.0,1775.35,45278,79643819.3,5750,LEGACY
2019-03-27,APLLTD,Alembic Pharmaceuticals,EQ,INE901L01018,530.0,539.0,525.1,529.1,528.0,530.0,46898,25081880.9,2800,LEGACY
2019-03-27,AUROPHARMA,Aurobindo Pharma,EQ,INE406A01037,783.0,788.7,769.4,775.05,771.15,781.9,1732033,1350430205.2,31970,LEGACY
2019-03-27,BIOCON,Biocon,EQ,INE376G01013,614.7,617.5,600.0,602.3,600.4,611.4,1276907,778012457.65,40201,LEGACY
2019-03-27,CADILAHC,Cadila Healthcare,EQ,INE010B01027,336.0,341.7,329.15,330.0,330.2,335.95,964560,322931179.7,12206,LEGACY
2019-03-27,CIPLA,Cipla,EQ,INE059A01026,531.4,533.6,524.05,525.5,525.3,529.3,1217387,640951433.85,33832,LEGACY
2019-03-27,DIVISLAB,Divi's Laboratories,EQ,INE361B01024,1706.0,1720.0,1661.05,1665.9,1671.7,1707.85,460961,776870947.05,19251,LEGACY
2019-03-27,DRREDDY,Dr. Reddy's Laboratories,EQ,INE089A01023,2781.05,2814.0,2744.1,2765.05,2764.0,2782.35,659032,1837231440.25,34571,LEGACY
2019-03-27,GLAXO,GlaxoSmithKline Pharmaceuticals,EQ,INE159A01016,1295.05,1300.15,1270.0,1298.95,1297.0,1299.55,52124,67340729.2,4001,LEGACY
2019-03-27,GLENMARK,Glenmark Pharmaceuticals,EQ,INE935A01035,649.4,651.0,640.0,641.25,641.0,649.0,296494,191817438.15,11182,LEGACY
2019-03-27,GRANULES,Granules India,EQ,INE101D01020,112.95,118.3,111.55,117.55,117.7,112.35,1497989,173137233.1,7663,LEGACY
2019-03-27,IPCALAB,IPCA Laboratories,EQ,INE571A01020,924.95,935.0,917.0,925.65,922.0,924.95,137578,127486123.6,8353,LEGACY
2019-03-27,JBCHEPHARM,JB Chemicals & Pharmaceuticals,EQ,INE572A01028,345.0,357.0,341.25,354.1,355.0,343.45,135601,47511625.85,3448,LEGACY
2019-03-27,LAURUSLABS,Laurus Labs,EQ,INE947Q01010,395.9,405.5,390.0,400.5,401.0,392.15,450457,180186530.0,9663,LEGACY
2019-03-27,LUPIN,Lupin,EQ,INE326A01037,735.5,740.85,722.3,723.7,723.95,734.8,1881343,1376405338.15,85164,LEGACY
2019-03-27,NATCOPHARM,Natco Pharma,EQ,INE987B01026,570.0,570.1,555.0,558.55,555.15,566.0,357098,201446145.6,14061,LEGACY
2019-03-27,PEL,Piramal Enterprises,D1,INE140A08SX5,106002.0,106002.0,106002.0,106002.0,106002.0,107000.0,1,106002.0,1,LEGACY
2019-03-27,PEL,Piramal Enterprises,EQ,INE140A01024,2644.0,2675.0,2607.05,2631.3,2618.0,2628.05,383022,1012291342.3,24990,LEGACY
2019-03-27,PFIZER,Pfizer,EQ,INE182A01018,3220.6,3287.95,3191.05,3267.1,3228.0,3230.0,26351,85619432.45,5860,LEGACY
2019-03-27,SANOFI,Sanofi India,EQ,INE058A01010,5700.05,5860.0,5666.0,5748.85,5725.0,5712.85,31412,179789518.6,5578,LEGACY
2019-03-27,STAR,Strides Pharma Science,EQ,INE939A01011,452.0,469.35,448.55,459.65,458.6,445.85,3637869,1678178411.95,49462,LEGACY
2019-03-27,SUNPHARMA,Sun Pharmaceutical Industries,EQ,INE044A01036,471.8,477.35,459.75,464.85,464.85,469.8,6016947,2819092484.65,95994,LEGACY
2019-03-27,TORNTPHARM,Torrent Pharmaceuticals,EQ,INE685A01028,1887.0,1918.5,1872.05,1887.05,1888.0,1883.95,320339,607662103.35,18679,LEGACY
2019-03-27,WOCKPHARMA,Wockhardt,EQ,INE049B01025,432.0,443.15,427.5,429.5,428.75,421.9,3894774,1693732827.9,52738,LEGACY
2019-03-28,ABBOTINDIA,Abbott India,EQ,INE358A01014,7259.95,7331.0,7242.1,7274.9,7265.0,7227.35,26845,195054934.5,1161,LEGACY
2019-03-28,AJANTPHARM,Ajanta Pharma,EQ,INE031B01049,1008.0,1030.8,1005.3,1025.4,1029.0,1000.95,308064,313088811.1,10831,LEGACY
2019-03-28,ALKEM,Alkem Laboratories,EQ,INE540L01014,1757.0,1768.8,1735.4,1741.7,1740.0,1750.35,65921,115340128.7,5185,LEGACY
2019-03-28,APLLTD,Alembic Pharmaceuticals,EQ,INE901L01018,534.4,534.75,519.95,520.9,520.9,529.1,22016,11540934.15,2333,LEGACY
2019-03-28,AUROPHARMA,Aurobindo Pharma,EQ,INE406A01037,779.9,779.9,765.75,769.25,770.25,775.05,2428881,1869646186.15,29719,LEGACY
2019-03-28,BIOCON,Biocon,EQ,INE376G01013,600.0,608.75,592.1,606.95,608.0,602.3,2312733,1387350573.3,69972,LEGACY
2019-03-28,CADILAHC,Cadila Healthcare,EQ,INE010B01027,332.0,337.8,330.5,335.95,337.7,330.0,770606,257621106.85,10184,LEGACY
2019-03-28,CIPLA,Cipla,EQ,INE059A01026,525.3,527.35,522.3,525.6,525.6,525.5,4133379,2171557356.4,96008,LEGACY
2019-03-28,DIVISLAB,Divi's Laboratories,EQ,INE361B01024,1669.9,1699.0,1641.5,1654.55,1667.0,1665.9,1681103,2782661966.4,50201,LEGACY
2019-03-28,DRREDDY,Dr. Reddy's Laboratories,EQ,INE089A01023,2774.7,2774.7,2708.0,2717.2,2723.0,2765.05,663559,1807282799.2,39918,LEGACY
2019-03-28,GLAXO,GlaxoSmithKline Pharmaceuticals,EQ,INE159A01016,1296.1,1300.0,1290.8,1296.55,1295.05,1298.95,13448,17447583.1,2382,LEGACY
2019-03-28,GLENMARK,Glenmark Pharmaceuticals,EQ,INE935A01035,645.0,651.0,637.55,650.3,650.45,641.25,471259,305511254.7,14264,LEGACY
2019-03-28,GRANULES,Granules India,EQ,INE101D01020,117.65,119.85,114.75,116.65,115.0,117.55,1360016,159476428.8,6892,LEGACY
2019-03-28,IPCALAB,IPCA Laboratories,EQ,INE571A01020,925.0,967.5,913.2,959.55,967.5,925.65,107479,101171089.35,8514,LEGACY
2019-03-28,JBCHEPHARM,JB Chemicals & Pharmaceuticals,EQ,INE572A01028,357.85,364.1,351.0,357.9,357.9,354.1,136044,48917013.5,3371,LEGACY
2019-03-28,LAURUSLABS,Laurus Labs,EQ,INE947Q01010,401.0,406.0,400.5,405.3,404.45,400.5,137151,55364049.65,5282,LEGACY
2019-03-28,LUPIN,Lupin,EQ,INE326A01037,728.8,733.0,719.8,724.85,728.0,723.7,2916948,2114606334.45,54710,LEGACY
2019-03-28,NATCOPHARM,Natco Pharma,EQ,INE987B01026,560.0,570.0,559.05,566.0,567.9,558.55,187959,106253506.8,5341,LEGACY
2019-03-28,PEL,Piramal Enterprises,D1,INE140A08SX5,112000.0,112000.0,112000.0,112000.0,112000.0,106002.0,1,112000.0,1,LEGACY
2019-03-28,PEL,Piramal Enterprises,EQ,INE140A01024,2641.0,2708.0,2620.0,2693.65,2698.0,2631.3,791109,2118464198.15,33122,LEGACY
2019-03-28,PFIZER,Pfizer,EQ,INE182A01018,3251.0,3321.0,3230.0,3290.25,3273.9,3267.1,22424,73367553.5,3915,LEGACY
2019-03-28,SANOFI,Sanofi India,EQ,INE058A01010,5770.0,5849.9,5704.95,5762.0,5789.95,5748.85,31632,181764095.55,3715,LEGACY
2019-03-28,STAR,Strides Pharma Science,EQ,INE939A01011,462.0,469.7,458.2,465.75,464.55,459.65,1134863,527291144.45,20905,LEGACY
2019-03-28,SUNPHARMA,Sun Pharmaceutical Industries,EQ,INE044A01036,465.0,479.8,465.0,475.45,475.45,464.85,10590187,5031391589.0,101302,LEGACY
2019-03-28,TORNTPHARM,Torrent Pharmaceuticals,EQ,INE685A01028,1885.0,1939.75,1885.0,1933.45,1936.1,1887.05,200397,384529206.1,17156,LEGACY
2019-03-28,WOCKPHARMA,Wockhardt,EQ,INE049B01025,428.0,437.45,426.0,432.7,433.55,429.5,1590555,687140302.9,19543,LEGACY
2019-03-29,ABBOTINDIA,Abbott India,EQ,INE358A01014,7349.85,7349.85,7272.0,7304.8,7310.0,7274.9,2470,18021946.1,426,LEGACY
2019-03-29,AJANTPHARM,Ajanta Pharma,EQ,INE031B01049,1030.0,1064.4,1028.1,1035.2,1031.0,1025.4,716645,750191556.3,21094,LEGACY
2019-03-29,ALKEM,Alkem Laboratories,EQ,INE540L01014,1750.4,1770.0,1730.0,1750.85,1760.0,1741.7,74407,129959060.05,9460,LEGACY
2019-03-29,APLLTD,Alembic Pharmaceuticals,EQ,INE901L01018,520.9,544.9,509.6,537.8,540.0,520.9,326229,171150294.1,13710,LEGACY
2019-03-29,AUROPHARMA,Aurobindo Pharma,EQ,INE406A01037,774.0,802.55,774.0,784.25,786.5,769.25,3809173,3011255422.35,86605,LEGACY
2019-03-29,BIOCON,Biocon,EQ,INE376G01013,611.5,619.0,606.1,610.55,612.0,606.95,1377832,845086819.3,46947,LEGACY
2019-03-29,CADILAHC,Cadila Healthcare,EQ,INE010B01027,337.65,349.2,336.25,347.05,345.2,335.95,1608323,553876984.05,28391,LEGACY
2019-03-29,CIPLA,Cipla,EQ,INE059A01026,525.75,530.7,524.0,528.9,527.45,525.6,2162632,1140712756.85,63745,LEGACY
2019-03-29,DIVISLAB,Divi's Laboratories,EQ,INE361B01024,1661.0,1714.9,1661.0,1703.1,1709.0,1654.55,1026220,1746040240.9,46575,LEGACY
2019-03-29,DRREDDY,Dr. Reddy's Laboratories,EQ,INE089A01023,2739.7,2787.95,2733.2,2780.25,2782.0,2717.2,578347,1597232270.75,38492,LEGACY
2019-03-29,GLAXO,GlaxoSmithKline Pharmaceuticals,EQ,INE159A01016,1298.05,1301.35,1286.0,1297.45,1294.75,1296.55,15790,20493410.9,1474,LEGACY
2019-03-29,GLENMARK,Glenmark Pharmaceuticals,EQ,INE935A01035,650.45,666.8,644.2,647.2,645.0,650.3,1051327,689145655.5,73745,LEGACY
2019-03-29,GRANULES,Granules India,EQ,INE101D01020,116.7,117.2,113.9,114.45,114.55,116.65,907925,104934632.85,3810,LEGACY
2019-03-29,IPCALAB,IPCA Laboratories,EQ,INE571A01020,965.0,1046.0,960.0,981.85,978.0,959.55,716174,716501871.85,37677,LEGACY
2019-03-29,JBCHEPHARM,JB Chemicals & Pharmaceuticals,EQ,INE572A01028,358.0,363.95,352.6,362.4,358.45,357.9,36073,12990594.1,927,LEGACY
2019-03-29,LAURUSLABS,Laurus Labs,EQ,INE947Q01010,405.0,412.05,396.0,399.55,397.25,405.3,135541,55038259.35,5083,LEGACY
2019-03-29,LUPIN,Lupin,EQ,INE326A01037,731.0,745.45,730.0,739.6,738.95,724.85,2556737,1889348267.05,58952,LEGACY
2019-03-29,NATCOPHARM,Natco Pharma,EQ,INE987B01026,571.8,579.0,566.0,573.45,569.95,566.0,273614,156776363.35,10114,LEGACY
2019-03-29,PEL,Piramal Enterprises,EQ,INE140A01024,2725.0,2772.65,2715.0,2763.25,2754.05,2693.65,647398,1783503131.15,39966,LEGACY
2019-03-29,PFIZER,Pfizer,EQ,INE182A01018,3300.0,3348.0,3265.0,3326.0,3275.05,3290.25,33841,112320367.15,7419,LEGACY
2019-03-29,SANOFI,Sanofi India,EQ,INE058A01010,5762.0,6009.95,5750.0,5847.85,5902.0,5762.0,43524,253593527.4,5706,LEGACY
2019-03-29,STAR,Strides Pharma Science,EQ,INE939A01011,466.05,479.7,465.3,472.4,471.6,465.75,1384333,654481816.3,27708,LEGACY
2019-03-29,SUNPHARMA,Sun Pharmaceutical Industries,EQ,INE044A01036,475.55,482.95,472.3,478.85,477.8,475.45,5625338,2691665414.0,78822,LEGACY
2019-03-29,TORNTPHARM,Torrent Pharmaceuticals,EQ,INE685A01028,1937.0,1962.0,1930.7,1949.75,1961.0,1933.45,186886,363872028.8,12838,LEGACY
2019-03-29,WOCKPHARMA,Wockhardt,EQ,INE049B01025,435.8,449.9,433.05,443.0,442.8,432.7,2592668,1148060848.1,32677,LEGACY
2019-04-01,ABBOTINDIA,Abbott India,EQ,INE358A01014,7350.0,7396.55,7275.0,7296.85,7300.0,7304.8,37164,272938963.1,899,LEGACY
2019-04-01,AJANTPHARM,Ajanta Pharma,EQ,INE031B01049,1038.1,1050.0,1028.55,1034.9,1038.0,1035.2,171635,178642446.5,5516,LEGACY
2019-04-01,ALKEM,Alkem Laboratories,EQ,INE540L01014,1762.0,1783.95,1743.05,1747.45,1745.0,1750.85,62734,110215717.8,5822,LEGACY
2019-04-01,APLLTD,Alembic Pharmaceuticals,EQ,INE901L01018,541.0,545.0,538.05,541.85,542.0,537.8,15619,8469574.3,1386,LEGACY
2019-04-01,AUROPHARMA,Aurobindo Pharma,EQ,INE406A01037,792.9,807.8,788.0,792.35,792.0,784.25,2459846,1962477645.9,56275,LEGACY
2019-04-01,BIOCON,Biocon,EQ,INE376G01013,616.0,623.0,612.5,619.5,620.0,610.55,1202378,743741184.3,35743,LEGACY
2019-04-01,CADILAHC,Cadila Healthcare,EQ,INE010B01027,348.95,352.6,343.15,344.25,344.2,347.05,1190335,413879846.0,15180,LEGACY
2019-04-01,CIPLA,Cipla,EQ,INE059A01026,516.3,528.75,516.3,525.65,526.75,528.9,4091454,2148258620.6,81440,LEGACY
2019-04-01,DIVISLAB,Divi's Laboratories,EQ,INE361B01024,1709.0,1742.0,1709.0,1723.3,1729.0,1703.1,888473,1536166469.85,28406,LEGACY
2019-04-01,DRREDDY,Dr. Reddy's Laboratories,EQ,INE089A01023,2798.95,2822.75,2782.0,2794.8,2800.0,2780.25,791811,2218888349.65,41556,LEGACY
2019-04-01,GLAXO,GlaxoSmithKline Pharmaceuticals,EQ,INE159A01016,1300.0,1300.0,1293.3,1299.6,1300.0,1297.45,12753,16561509.15,826,LEGACY
2019-04-01,GLENMARK,Glenmark Pharmaceuticals,EQ,INE935A01035,648.0,656.85,642.1,653.15,652.55,647.2,363614,236629558.2,13969,LEGACY
2019-04-01,GRANULES,Granules India,EQ,INE101D01020,114.6,117.3,113.0,113.8,113.25,114.45,849734,97720972.85,7059,LEGACY
2019-04-01,IPCALAB,IPCA Laboratories,EQ,INE571A01020,987.4,1000.0,965.5,972.75,975.0,981.85,98334,96422825.95,8661,LEGACY
2019-04-01,JBCHEPHARM,JB Chemicals & Pharmaceuticals,EQ,INE572A01028,365.0,373.85,362.0,369.85,368.6,362.4,132722,49011253.2,3047,LEGACY
2019-04-01,LAURUSLABS,Laurus Labs,EQ,INE947Q01010,403.7,405.65,390.5,396.15,394.0,399.55,43354,17372981.15,1645,LEGACY
2019-04-01,LUPIN,Lupin,EQ,INE326A01037,740.0,771.0,740.0,766.2,766.3,739.6,3236300,2462618176.6,73574,LEGACY
2019-04-01,NATCOPHARM,Natco Pharma,EQ,INE987B01026,577.9,577.9,564.0,565.2,564.25,573.45,265237,150771006.8,8473,LEGACY
2019-04-01,PEL,Piramal Enterprises,EQ,INE140A01024,2785.0,2787.7,2675.0,2693.55,2693.0,2763.25,555213,1506758320.7,35138,LEGACY
2019-04-01,PFIZER,Pfizer,EQ,INE182A01018,3325.0,3342.05,3285.1,3308.85,3295.0,3326.0,11020,36517797.35,2730,LEGACY
2019-04-01,SANOFI,Sanofi India,EQ,INE058A01010,5901.0,5938.9,5812.65,5832.0,5830.0,5847.85,8094,47527768.55,3110,LEGACY
2019-04-01,STAR,Strides Pharma Science,EQ,INE939A01011,476.9,484.45,470.0,476.15,476.0,472.4,1030603,493028650.55,19298,LEGACY
2019-04-01,SUNPHARMA,Sun Pharmaceutical Industries,EQ,INE044A01036,480.95,484.25,475.6,478.85,480.0,478.85,3583589,1719604750.35,64436,LEGACY
2019-04-01,TORNTPHARM,Torrent Pharmaceuticals,EQ,INE685A01028,1950.0,1950.0,1890.0,1899.95,1899.65,1949.75,373438,711293236.55,39747,LEGACY
2019-04-01,WOCKPHARMA,Wockhardt,EQ,INE049B01025,446.4,470.9,442.7,455.0,457.45,443.0,3331749,1531043930.35,49158,LEGACY
2019-04-02,ABBOTINDIA,Abbott India,EQ,INE358A01014,7293.8,7340.0,7280.7,7309.2,7300.0,7296.85,2242,16386171.95,409,LEGACY
2019-04-02,AJANTPHARM,Ajanta Pharma,EQ,INE031B01049,1046.0,1047.45,1021.6,1032.4,1030.0,1034.9,221973,230081454.0,8572,LEGACY
2019-04-02,ALKEM,Alkem Laboratories,EQ,INE540L01014,1752.0,1756.0,1730.0,1736.45,1730.0,1747.45,54925,95476920.1,5114,LEGACY
2019-04-02,APLLTD,Alembic Pharmaceuticals,EQ,INE901L01018,541.2,544.5,535.65,543.65,543.7,541.85,10635,5760722.3,1182,LEGACY
2019-04-02,AUROPHARMA,Aurobindo Pharma,EQ,INE406A01037,795.0,801.9,781.25,786.25,787.0,792.35,1323530,1046047619.45,42418,LEGACY
2019-04-02,BIOCON,Biocon,EQ,INE376G01013,621.0,625.5,612.65,615.2,615.65,619.5,736441,455799134.75,27894,LEGACY
2019-04-02,CADILAHC,Cadila Healthcare,EQ,INE010B01027,346.3,348.7,342.3,344.05,343.15,344.25,778319,268796565.95,14513,LEGACY
2019-04-02,CIPLA,Cipla,EQ,INE059A01026,529.95,529.95,521.15,522.65,522.25,525.65,1268431,664657979.85,36463,LEGACY
2019-04-02,DIVISLAB,Divi's Laboratories,EQ,INE361B01024,1725.5,1734.4,1693.7,1699.05,1694.0,1723.3,508894,868351551.0,21814,LEGACY
2019-04-02,DRREDDY,Dr. Reddy's Laboratories,EQ,INE089A01023,2804.0,2820.0,2780.0,2798.75,2792.0,2794.8,588391,1644066534.5,56964,LEGACY
2019-04-02,GLAXO,GlaxoSmithKline Pharmaceuticals,EQ,INE159A01016,1300.0,1300.4,1294.0,1299.45,1299.95,1299.6,15779,20494261.6,2018,LEGACY
2019-04-02,GLENMARK,Glenmark Pharmaceuticals,EQ,INE935A01035,657.35,657.35,645.9,650.7,650.5,653.15,291133,189186241.4,12465,LEGACY
2019-04-02,GRANULES,Granules India,EQ,INE101D01020,114.35,114.35,112.2,113.3,113.2,113.8,690669,78108515.7,6411,LEGACY
2019-04-02,IPCALAB,IPCA Laboratories,EQ,INE571A01020,975.0,979.7,948.1,952.75,948.85,972.75,93337,89700107.6,14382,LEGACY
2019-04-02,JBCHEPHARM,JB Chemicals & Pharmaceuticals,EQ,INE572A01028,373.85,373.85,357.05,360.1,357.5,369.85,36817,13350435.2,2201,LEGACY
2019-04-02,LAURUSLABS,Laurus Labs,EQ,INE947Q01010,397.9,399.0,389.0,390.5,390.0,396.15,39357,15489432.65,2018,LEGACY
2019-04-02,LUPIN,Lupin,EQ,INE326A01037,767.0,783.65,759.05,777.75,776.5,766.2,2666766,2067134968.0,62199,LEGACY
2019-04-02,NATCOPHARM,Natco Pharma,EQ,INE987B01026,565.2,570.75,564.1,568.45,568.0,565.2,168513,95558745.15,6197,LEGACY
2019-04-02,PEL,Piramal Enterprises,EQ,INE140A01024,2709.0,2709.0,2619.0,2639.1,2637.0,2693.55,436268,1152134115.8,31113,LEGACY
2019-04-02,PFIZER,Pfizer,EQ,INE182A01018,3296.1,3329.95,3280.0,3313.7,3290.1,3308.85,12471,41242537.8,3268,LEGACY
2019-04-02,SANOFI,Sanofi India,EQ,INE058A01010,5832.0,5947.95,5810.95,5917.45,5905.0,5832.0,5583,32851357.25,2606,LEGACY
2019-04-02,STAR,Strides Pharma Science,EQ,INE939A01011,480.0,482.7,470.05,474.25,474.0,476.15,1082823,515240397.4,21656,LEGACY
2019-04-02,SUNPHARMA,Sun Pharmaceutical Industries,EQ,INE044A01036,482.0,483.9,467.1,469.7,470.45,478.85,4034802,1918686012.15,59391,LEGACY
2019-04-02,TORNTPHARM,Torrent Pharmaceuticals,EQ,INE685A01028,1900.0,1915.0,1888.0,1890.35,1890.1,1899.95,498392,946046745.7,23876,LEGACY
2019-04-02,WOCKPHARMA,Wockhardt,EQ,INE049B01025,457.2,458.4,442.1,445.9,446.5,455.0,1190846,535883839.7,16352,LEGACY
2019-04-03,ABBOTINDIA,Abbott India,EQ,INE358A01014,7310.25,7370.0,7310.0,7329.0,7330.0,7309.2,923,6765979.75,326,LEGACY
2019-04-03,AJANTPHARM,Ajanta Pharma,EQ,INE031B01049,1032.5,1039.75,1016.15,1023.4,1023.5,1032.4,160471,164922687.0,5625,LEGACY
2019-04-03,ALKEM,Alkem Laboratories,EQ,INE540L01014,1744.0,1747.0,1727.15,1739.3,1744.8,1736.45,52369,90968873.7,7361,LEGACY
2019-04-03,APLLTD,Alembic Pharmaceuticals,EQ,INE901L01018,543.7,543.7,530.0,532.15,536.0,543.65,13510,7256387.8,1697,LEGACY
2019-04-03,AUROPHARMA,Aurobindo Pharma,EQ,INE406A01037,787.0,795.6,770.3,772.65,774.0,786.25,1320439,1031615011.25,46036,LEGACY
2019-04-03,BIOCON,Biocon,EQ,INE376G01013,616.05,618.5,606.6,607.9,608.0,615.2,631713,386454156.7,16657,LEGACY
2019-04-03,CADILAHC,Cadila Healthcare,EQ,INE010B01027,345.8,346.25,337.55,338.75,338.8,344.05,609970,208422082.1,8929,LEGACY
2019-04-03,CIPLA,Cipla,EQ,INE059A01026,523.0,524.8,519.1,520.45,520.5,522.65,3276338,1713000982.6,42519,LEGACY
2019-04-03,DIVISLAB,Divi's Laboratories,EQ,INE361B01024,1707.55,1707.55,1665.45,1675.8,1673.2,1699.05,393202,663119708.85,20087,LEGACY
2019-04-03,DRREDDY,Dr. Reddy's Laboratories,EQ,INE089A01023,2808.0,2808.8,2758.45,2765.2,2768.95,2798.75,368516,1024159457.65,32686,LEGACY
2019-04-03,GLAXO,GlaxoSmithKline Pharmaceuticals,EQ,INE159A01016,1300.55,1300.55,1290.0,1297.65,1300.0,1299.45,12763,16551820.7,1726,LEGACY
2019-04-03,GLENMARK,Glenmark Pharmaceuticals,EQ,INE935A01035,647.6,653.4,636.3,641.35,639.85,650.7,259558,167055880.2,13660,LEGACY
2019-04-03,GRANULES,Granules India,EQ,INE101D01020,113.3,114.4,108.0,109.65,109.55,113.3,1172451,130323510.05,6843,LEGACY
2019-04-03,IPCALAB,IPCA Laboratories,EQ,INE571A01020,947.0,1008.6,947.0,963.3,960.0,952.75,424650,420340315.85,22980,LEGACY
2019-04-03,JBCHEPHARM,JB Chemicals & Pharmaceuticals,EQ,INE572A01028,356.2,360.0,349.1,351.35,351.0,360.1,29758,10531203.85,1017,LEGACY
2019-04-03,LAURUSLABS,Laurus Labs,EQ,INE947Q01010,391.15,404.15,384.0,385.45,385.2,390.5,80929,31720864.55,2623,LEGACY
2019-04-03,LUPIN,Lupin,EQ,INE326A01037,776.5,789.8,769.85,773.6,772.0,777.75,2585485,2015689514.6,54561,LEGACY
2019-04-03,NATCOPHARM,Natco Pharma,EQ,INE987B01026,568.0,570.2,559.0,561.7,560.0,568.45,163461,92280451.0,4772,LEGACY
2019-04-03,PEL,Piramal Enterprises,EQ,INE140A01024,2638.0,2657.1,2587.0,2604.7,2596.0,2639.1,591950,1545415960.85,28080,LEGACY
2019-04-03,PFIZER,Pfizer,EQ,INE182A01018,3305.0,3325.85,3260.0,3275.25,3260.1,3313.7,10286,33804462.15,2585,LEGACY
2019-04-03,SANOFI,Sanofi India,EQ,INE058A01010,5904.0,5965.5,5853.1,5904.85,5900.0,5917.45,8589,50778135.0,3920,LEGACY
2019-04-03,STAR,Strides Pharma Science,EQ,INE939A01011,476.65,481.5,470.75,474.5,474.5,474.25,706217,335765541.25,13200,LEGACY
2019-04-03,SUNPHARMA,Sun Pharmaceutical Industries,EQ,INE044A01036,471.0,473.9,459.15,462.0,461.1,469.7,4715586,2198939541.65,64306,LEGACY
2019-04-03,TORNTPHARM,Torrent Pharmaceuticals,EQ,INE685A01028,1891.0,1911.95,1891.0,1903.85,1900.0,1890.35,153128,291110208.15,11391,LEGACY
2019-04-03,WOCKPHARMA,Wockhardt,EQ,INE049B01025,445.0,453.15,434.25,437.25,436.45,445.9,1192108,528423107.15,18319,LEGACY
2019-04-04,ABBOTINDIA,Abbott India,EQ,INE358A01014,7321.25,7330.0,7236.05,7260.4,7245.0,7329.0,3341,24318020.25,612,LEGACY
2019-04-04,AJANTPHARM,Ajanta Pharma,EQ,INE031B01049,1023.7,1030.0,1008.75,1020.75,1020.8,1023.4,143511,146055327.25,5980,LEGACY
2019-04-04,ALKEM,Alkem Laboratories,EQ,INE540L01014,1748.0,1762.0,1734.5,1756.9,1755.25,1739.3,46718,81432558.1,2471,LEGACY
2019-04-04,APLLTD,Alembic Pharmaceuticals,EQ,INE901L01018,525.05,542.0,525.05,537.1,534.0,532.15,6868,3669252.2,857,LEGACY
2019-04-04,AUROPHARMA,Aurobindo Pharma,EQ,INE406A01037,775.0,789.5,772.8,784.35,788.5,772.65,1277490,994768166.0,46449,LEGACY
2019-04-04,BIOCON,Biocon,EQ,INE376G01013,607.0,614.45,605.45,612.75,614.0,607.9,616733,376524869.45,23976,LEGACY
2019-04-04,CADILAHC,Cadila Healthcare,EQ,INE010B01027,339.7,346.0,337.45,344.4,345.7,338.75,554711,189622371.6,13229,LEGACY
2019-04-04,CIPLA,Cipla,EQ,INE059A01026,519.0,522.0,517.5,521.0,520.1,520.45,5555991,2892449704.3,76315,LEGACY
2019-04-04,DIVISLAB,Divi's Laboratories,EQ,INE361B01024,1679.95,1714.0,1675.8,1701.05,1698.0,1675.8,590246,1002811221.55,27909,LEGACY
2019-04-04,DRREDDY,Dr. Reddy's Laboratories,EQ,INE089A01023,2772.75,2792.55,2753.5,2771.35,2770.0,2765.2,438496,1216836938.85,46123,LEGACY
2019-04-04,GLAXO,GlaxoSmithKline Pharmaceuticals,EQ,INE159A01016,1298.4,1298.95,1279.9,1294.5,1287.0,1297.65,11916,15377603.2,1940,LEGACY
2019-04-04,GLENMARK,Glenmark Pharmaceuticals,EQ,INE935A01035,644.6,656.4,637.55,654.4,655.45,641.35,632258,411559324.7,23326,LEGACY
2019-04-04,GRANULES,Granules India,EQ,INE101D01020,108.5,109.5,106.5,108.9,108.3,109.65,1040997,112471750.95,5978,LEGACY
2019-04-04,IPCALAB,IPCA Laboratories,EQ,INE571A01020,963.0,975.0,951.1,962.45,966.75,963.3,89817,86021219.5,12434,LEGACY
2019-04-04,JBCHEPHARM,JB Chemicals & Pharmaceuticals,EQ,INE572A01028,352.1,355.75,343.1,348.25,348.0,351.35,31047,10857585.25,1344,LEGACY
2019-04-04,LAURUSLABS,Laurus Labs,EQ,INE947Q01010,387.8,393.55,385.0,386.15,386.0,385.45,44038,17089095.4,1813,LEGACY
2019-04-04,LUPIN,Lupin,EQ,INE326A01037,775.9,792.5,771.0,789.05,790.0,773.6,1267750,991297581.35,33624,LEGACY
2019-04-04,NATCOPHARM,Natco Pharma,EQ,INE987B01026,563.0,564.8,551.0,554.75,554.0,561.7,142843,79461224.35,5817,LEGACY
2019-04-04,PEL,Piramal Enterprises,EQ,INE140A01024,2601.0,2627.5,2582.1,2615.1,2610.0,2604.7,320267,834879871.5,20379,LEGACY
2019-04-04,PFIZER,Pfizer,EQ,INE182A01018,3236.0,3270.0,3205.0,3255.0,3243.0,3275.25,9980,32343520.55,2787,LEGACY
2019-04-04,SANOFI,Sanofi India,EQ,INE058A01010,5900.0,5933.0,5845.8,5861.1,5860.0,5904.85,10694,62975258.1,2077,LEGACY
2019-04-04,STAR,Strides Pharma Science,EQ,INE939A01011,478.0,504.0,471.2,496.1,503.3,474.5,2063348,1006223263.7,32204,LEGACY
2019-04-04,SUNPHARMA,Sun Pharmaceutical Industries,EQ,INE044A01036,463.0,469.9,459.5,465.6,465.5,462.0,4151406,1931221879.5,66863,LEGACY
2019-04-04,TORNTPHARM,Torrent Pharmaceuticals,EQ,INE685A01028,1900.0,1923.4,1895.1,1900.1,1900.05,1903.85,275610,524858506.3,10937,LEGACY
2019-04-04,WOCKPHARMA,Wockhardt,EQ,INE049B01025,437.8,448.5,434.0,444.8,447.5,437.25,1339876,591266092.9,20619,LEGACY
2019-04-05,ABBOTINDIA,Abbott India,EQ,INE358A01014,7275.0,7340.0,7275.0,7302.2,7310.0,7260.4,1201,8768899.25,374,LEGACY
2019-04-05,AJANTPHARM,Ajanta Pharma,EQ,INE031B01049,1025.0,1036.5,1015.85,1026.0,1023.4,1020.75,194247,199444483.5,6374,LEGACY
2019-04-05,ALKEM,Alkem Laboratories,EQ,INE540L01014,1765.7,1773.55,1750.0,1751.55,1750.0,1756.9,48463,85096212.75,6387,LEGACY
2019-04-05,APLLTD,Alembic Pharmaceuticals,EQ,INE901L01018,541.0,543.0,535.45,539.75,541.0,537.1,17053,9192698.2,1574,LEGACY
2019-04-05,AUROPHARMA,Aurobindo Pharma,EQ,INE406A01037,788.3,793.4,784.2,786.6,786.4,784.35,949870,748813225.15,34718,LEGACY
2019-04-05,BIOCON,Biocon,EQ,INE376G01013,614.2,615.75,610.1,611.5,610.8,612.75,622322,381220538.6,15603,LEGACY
2019-04-05,CADILAHC,Cadila Healthcare,EQ,INE010B01027,346.15,348.95,343.4,345.4,344.55,344.4,749516,259339709.3,14063,LEGACY
2019-04-05,CIPLA,Cipla,EQ,INE059A01026,531.4,541.0,526.0,532.1,532.1,521.0,9784780,5235852144.25,119899,LEGACY
2019-04-05,DIVISLAB,Divi's Laboratories,EQ,INE361B01024,1707.0,1722.6,1691.15,1719.0,1714.7,1701.05,464487,795449069.4,20191,LEGACY
2019-04-05,DRREDDY,Dr. Reddy's Laboratories,EQ,INE089A01023,2775.8,2778.0,2742.5,2754.35,2752.95,2771.35,445093,1226852680.6,38302,LEGACY
2019-04-05,GLAXO,GlaxoSmithKline Pharmaceuticals,EQ,INE159A01016,1297.95,1300.0,1293.05,1299.0,1295.0,1294.5,6946,9017129.5,1692,LEGACY
2019-04-05,GLENMARK,Glenmark Pharmaceuticals,EQ,INE935A01035,657.7,658.45,642.0,644.55,645.55,654.4,418976,271798929.9,15017,LEGACY
2019-04-05,GRANULES,Granules India,EQ,INE101D01020,109.25,112.2,109.25,110.1,109.5,108.9,573910,63519972.4,4454,LEGACY
2019-04-05,IPCALAB,IPCA Laboratories,EQ,INE571A01020,966.75,976.55,951.1,956.8,953.5,962.45,61734,59327760.8,5890,LEGACY
2019-04-05,JBCHEPHARM,JB Chemicals & Pharmaceuticals,EQ,INE572A01028,348.5,355.2,348.5,353.2,354.95,348.25,26419,9295934.45,1508,LEGACY
2019-04-05,LAURUSLABS,Laurus Labs,EQ,INE947Q01010,388.5,394.0,388.3,390.25,391.7,386.15,23166,9066256.05,1500,LEGACY
2019-04-05,LUPIN,Lupin,EQ,INE326A01037,793.75,798.15,782.05,788.35,788.0,789.05,1350218,1066252667.2,29107,LEGACY
2019-04-05,NATCOPHARM,Natco Pharma,EQ,INE987B01026,557.4,564.0,557.4,561.25,561.95,554.75,99021,55585123.35,3635,LEGACY
2019-04-05,PEL,Piramal Enterprises,EQ,INE140A01024,2625.0,2642.4,2606.15,2613.9,2616.0,2615.1,351347,919428471.75,13567,LEGACY
2019-04-05,PFIZER,Pfizer,EQ,INE182A01018,3250.0,3324.0,3236.85,3296.15,3310.0,3255.0,13379,43999037.8,2285,LEGACY
2019-04-05,SANOFI,Sanofi India,EQ,INE058A01010,5861.0,5920.0,5842.95,5904.6,5900.0,5861.1,4487,26458364.05,1126,LEGACY
2019-04-05,STAR,Strides Pharma Science,EQ,INE939A01011,502.0,505.8,490.05,494.85,493.05,496.1,1450202,720862143.75,23150,LEGACY
2019-04-05,SUNPHARMA,Sun Pharmaceutical Industries,EQ,INE044A01036,467.1,470.0,461.5,463.15,463.7,465.6,2205935,1025634319.95,35835,LEGACY
2019-04-05,TORNTPHARM,Torrent Pharmaceuticals,EQ,INE685A01028,1905.0,1914.95,1832.0,1841.65,1845.0,1900.1,541566,1005577558.9,32489,LEGACY
2019-04-05,WOCKPHARMA,Wockhardt,EQ,INE049B01025,447.05,452.0,440.25,443.1,443.0,444.8,916376,407892091.55,14926,LEGACY
2019-04-08,ABBOTINDIA,Abbott India,EQ,INE358A01014,7302.2,7330.0,7280.0,7315.15,7330.0,7302.2,1141,8331789.95,343,LEGACY
2019-04-08,AJANTPHARM,Ajanta Pharma,EQ,INE031B01049,1029.2,1037.0,1010.6,1019.05,1014.5,1026.0,150824,154381900.55,6060,LEGACY
2019-04-08,ALKEM,Alkem Laboratories,EQ,INE540L01014,1755.0,1760.3,1737.45,1743.65,1742.0,1751.55,48309,84406221.65,3482,LEGACY
2019-04-08,APLLTD,Alembic Pharmaceuticals,EQ,INE901L01018,543.0,543.85,531.6,537.45,542.0,539.75,12637,6817185.4,1535,LEGACY
2019-04-08,AUROPHARMA,Aurobindo Pharma,EQ,INE406A01037,783.25,796.0,773.7,782.1,780.0,786.6,1600520,1255746664.05,41053,LEGACY
2019-04-08,BIOCON,Biocon,EQ,INE376G01013,616.4,616.5,605.5,606.7,606.55,611.5,769326,468592072.8,24637,LEGACY
2019-04-08,CADILAHC,Cadila Healthcare,EQ,INE010B01027,346.0,350.0,340.3,342.45,342.7,345.4,1622334,560722104.0,12334,LEGACY
2019-04-08,CIPLA,Cipla,EQ,INE059A01026,536.5,536.9,522.7,525.4,526.25,532.1,2429845,1279642559.9,82647,LEGACY
2019-04-08,DIVISLAB,Divi's Laboratories,EQ,INE361B01024,1714.7,1719.0,1677.2,1684.45,1690.0,1719.0,461738,780304005.3,20647,LEGACY
2019-04-08,DRREDDY,Dr. Reddy's Laboratories,EQ,INE089A01023,2760.0,2780.0,2745.5,2763.7,2761.0,2754.35,307007,848184947.55,26062,LEGACY
2019-04-08,GLAXO,GlaxoSmithKline Pharmaceuticals,EQ,INE159A01016,1294.0,1300.4,1293.05,1298.8,1300.0,1299.0,9636,12516797.6,1212,LEGACY
2019-04-08,GLENMARK,Glenmark Pharmaceuticals,EQ,INE935A01035,644.65,650.85,638.7,644.7,643.0,644.55,287618,185635231.25,12112,LEGACY
2019-04-08,GRANULES,Granules India,EQ,INE101D01020,110.75,112.8,110.2,112.1,112.1,110.1,628227,70113336.6,7204,LEGACY
2019-04-08,IPCALAB,IPCA Laboratories,EQ,INE571A01020,950.0,959.9,913.55,937.45,945.0,956.8,245184,228295549.0,23417,LEGACY
2019-04-08,JBCHEPHARM,JB Chemicals & Pharmaceuticals,EQ,INE572A01028,347.25,353.0,342.65,345.75,344.0,353.2,14431,5008768.9,515,LEGACY
2019-04-08,LAURUSLABS,Laurus Labs,EQ,INE947Q01010,386.1,400.5,385.0,399.6,399.95,390.25,123419,48940905.3,5608,LEGACY
2019-04-08,LUPIN,Lupin,EQ,INE326A01037,788.0,802.0,785.35,792.65,792.15,788.35,1883664,1494847780.5,46126,LEGACY
2019-04-08,NATCOPHARM,Natco Pharma,EQ,INE987B01026,565.0,570.0,562.7,566.65,565.2,561.25,114692,65028002.4,6915,LEGACY
2019-04-08,PEL,Piramal Enterprises,D1,INE140A08SX5,105555.0,105555.0,105555.0,105555.0,105555.0,112000.0,2,211110.0,1,LEGACY
2019-04-08,PEL,Piramal Enterprises,EQ,INE140A01024,2624.0,2654.9,2605.05,2642.6,2650.0,2613.9,333662,875726474.2,11745,LEGACY
2019-04-08,PFIZER,Pfizer,EQ,INE182A01018,3320.0,3327.35,3260.0,3301.3,3303.0,3296.15,6854,22581092.15,2137,LEGACY
2019-04-08,SANOFI,Sanofi India,EQ,INE058A01010,5866.0,5929.95,5840.0,5864.75,5865.0,5904.6,9591,56263884.0,1378,LEGACY
2019-04-08,STAR,Strides Pharma Science,EQ,INE939A01011,498.0,499.35,489.5,492.0,490.65,494.85,575372,283614131.65,10693,LEGACY
2019-04-08,SUNPHARMA,Sun Pharmaceutical Industries,EQ,INE044A01036,464.6,467.2,460.45,462.45,461.1,463.15,2274003,1052705119.95,44773,LEGACY
2019-04-08,TORNTPHARM,Torrent Pharmaceuticals,EQ,INE685A01028,1840.0,1840.0,1786.0,1794.9,1788.05,1841.65,577164,1041320049.35,28889,LEGACY
2019-04-08,WOCKPHARMA,Wockhardt,EQ,INE049B01025,448.0,460.0,440.25,443.1,442.85,443.1,2306149,1039128818.2,37527,LEGACY
2019-04-09,ABBOTINDIA,Abbott India,EQ,INE358A01014,7313.0,7379.0,7300.0,7332.3,7312.0,7315.15,1381,10135778.75,388,LEGACY
2019-04-09,AJANTPHARM,Ajanta Pharma,EQ,INE031B01049,1020.05,1025.9,1008.0,1021.2,1017.5,1019.05,119349,121517795.8,4761,LEGACY
2019-04-09,ALKEM,Alkem Laboratories,EQ,INE540L01014,1750.0,1768.85,1720.0,1734.5,1733.9,1743.65,84798,147700420.95,8393,LEGACY
2019-04-09,APLLTD,Alembic Pharmaceuticals,EQ,INE901L01018,539.45,543.3,531.5,539.3,537.0,537.45,8730,4700384.1,1723,LEGACY
2019-04-09,AUROPHARMA,Aurobindo Pharma,EQ,INE406A01037,783.9,789.0,771.9,785.95,784.0,782.1,1694712,1323587742.45,45784,LEGACY
2019-04-09,BIOCON,Biocon,EQ,INE376G01013,607.0,619.9,603.55,618.8,619.05,606.7,1624259,997531853.4,40960,LEGACY
2019-04-09,CADILAHC,Cadila Healthcare,EQ,INE010B01027,342.5,344.5,339.05,341.6,341.5,342.45,445165,152033066.7,9713,LEGACY
2019-04-09,CIPLA,Cipla,EQ,INE059A01026,526.25,534.5,525.4,532.0,531.5,525.4,2301681,1220697377.05,38666,LEGACY
2019-04-09,DIVISLAB,Divi's Laboratories,EQ,INE361B01024,1693.0,1719.75,1685.25,1715.85,1715.75,1684.45,392667,670170349.9,26061,LEGACY
2019-04-09,DRREDDY,Dr. Reddy's Laboratories,EQ,INE089A01023,2764.0,2765.95,2736.9,2753.3,2751.55,2763.7,413081,1135162735.7,29304,LEGACY
2019-04-09,GLAXO,GlaxoSmithKline Pharmaceuticals,EQ,INE159A01016,1298.75,1300.0,1290.05,1299.9,1300.0,1298.8,8969,11649143.95,821,LEGACY
2019-04-09,GLENMARK,Glenmark Pharmaceuticals,EQ,INE935A01035,642.0,644.7,635.1,640.9,640.95,644.7,202389,129372369.8,9473,LEGACY
2019-04-09,GRANULES,Granules India,EQ,INE101D01020,112.1,113.35,110.8,112.2,111.9,112.1,419535,46997927.45,4971,LEGACY
2019-04-09,IPCALAB,IPCA Laboratories,EQ,INE571A01020,944.3,944.3,917.35,936.15,933.0,937.45,235974,218940261.1,17807,LEGACY
2019-04-09,JBCHEPHARM,JB Chemicals & Pharmaceuticals,EQ,INE572A01028,346.0,356.95,339.0,353.75,355.95,345.75,27438,9537989.85,935,LEGACY
2019-04-09,LAURUSLABS,Laurus Labs,EQ,INE947Q01010,401.5,405.5,398.05,400.85,401.0,399.6,48865,19594351.7,1427,LEGACY
2019-04-09,LUPIN,Lupin,EQ,INE326A01037,795.0,813.4,790.2,810.75,810.15,792.65,2248850,1809306068.0,59164,LEGACY
2019-04-09,NATCOPHARM,Natco Pharma,EQ,INE987B01026,569.85,569.9,563.15,565.1,565.1,566.65,77665,43934950.55,6200,LEGACY
2019-04-09,PEL,Piramal Enterprises,EQ,INE140A01024,2647.8,2659.5,2617.4,2636.25,2636.3,2642.6,291683,769134014.6,13907,LEGACY
2019-04-09,PFIZER,Pfizer,EQ,INE182A01018,3318.95,3318.95,3230.0,3252.75,3240.0,3301.3,11316,36925874.65,3045,LEGACY
2019-04-09,SANOFI,Sanofi India,EQ,INE058A01010,5900.0,5915.5,5830.05,5854.3,5830.05,5864.75,5671,33310010.85,2248,LEGACY
2019-04-09,STAR,Strides Pharma Science,EQ,INE939A01011,492.0,492.95,482.5,489.9,489.9,492.0,817192,398376096.45,15513,LEGACY
2019-04-09,SUNPHARMA,Sun Pharmaceutical Industries,EQ,INE044A01036,457.25,472.4,454.8,470.95,468.8,462.45,4345243,2020863666.35,78977,LEGACY
2019-04-09,TORNTPHARM,Torrent Pharmaceuticals,EQ,INE685A01028,1795.0,1874.05,1790.05,1866.85,1866.1,1794.9,649105,1199984132.45,27618,LEGACY
2019-04-09,WOCKPHARMA,Wockhardt,EQ,INE049B01025,442.9,446.15,433.0,444.0,443.75,443.1,2811272,1236739891.75,30586,LEGACY
2019-04-10,ABBOTINDIA,Abbott India,EQ,INE358A01014,7375.0,7375.0,7309.95,7338.25,7369.0,7332.3,959,7041793.4,284,LEGACY
2019-04-10,AJANTPHARM,Ajanta Pharma,EQ,INE031B01049,1017.0,1023.95,1008.55,1013.9,1010.55,1021.2,212712,216292081.3,6957,LEGACY
2019-04-10,ALKEM,Alkem Laboratories,EQ,INE540L01014,1734.5,1762.35,1730.0,1742.2,1736.0,1734.5,47515,82934954.4,3684,LEGACY
2019-04-10,APLLTD,Alembic Pharmaceuticals,EQ,INE901L01018,539.9,542.5,535.2,537.6,535.25,539.3,5999,3230810.8,576,LEGACY
2019-04-10,AUROPHARMA,Aurobindo Pharma,EQ,INE406A01037,782.0,801.45,780.25,790.05,789.75,785.95,2341755,1851592365.95,57227,LEGACY
2019-04-10,BIOCON,Biocon,EQ,INE376G01013,619.9,636.75,613.8,627.8,628.5,618.8,2419841,1518891120.15,45826,LEGACY
2019-04-10,CADILAHC,Cadila Healthcare,EQ,INE010B01027,340.6,348.9,339.25,343.4,343.0,341.6,998246,343961244.45,22144,LEGACY
2019-04-10,CIPLA,Cipla,EQ,INE059A01026,531.55,551.75,530.8,546.45,546.45,532.0,5992326,3274229711.2,77283,LEGACY
2019-04-10,DIVISLAB,Divi's Laboratories,EQ,INE361B01024,1713.85,1732.5,1706.0,1722.55,1721.0,1715.85,484391,833766813.9,23924,LEGACY
2019-04-10,DRREDDY,Dr. Reddy's Laboratories,EQ,INE089A01023,2752.15,2835.9,2746.1,2765.0,2761.05,2753.3,1077211,3004337677.4,62976,LEGACY
2019-04-10,GLAXO,GlaxoSmithKline Pharmaceuticals,EQ,INE159A01016,1299.8,1300.2,1293.0,1298.0,1300.0,1299.9,16688,21675212.7,1585,LEGACY
2019-04-10,GLENMARK,Glenmark Pharmaceuticals,EQ,INE935A01035,640.0,654.85,638.0,649.9,648.1,640.9,385828,250278137.7,15477,LEGACY
2019-04-10,GRANULES,Granules India,EQ,INE101D01020,112.0,113.2,111.5,112.7,113.2,112.2,452826,50898171.6,2699,LEGACY
2019-04-10,IPCALAB,IPCA Laboratories,EQ,INE571A01020,936.0,959.25,931.75,945.15,945.15,936.15,90431,85624956.4,6659,LEGACY
2019-04-10,JBCHEPHARM,JB Chemicals & Pharmaceuticals,EQ,INE572A01028,353.75,353.75,346.6,348.7,349.4,353.75,38874,13665606.9,1068,LEGACY
2019-04-10,LAURUSLABS,Laurus Labs,EQ,INE947Q01010,395.3,405.0,395.3,403.35,404.0,400.85,27739,11151511.45,1072,LEGACY
2019-04-10,LUPIN,Lupin,EQ,INE326A01037,810.5,817.5,799.05,804.75,805.2,810.75,1951096,1576567243.3,43926,LEGACY
2019-04-10,NATCOPHARM,Natco Pharma,EQ,INE987B01026,568.9,569.4,558.0,565.05,566.9,565.1,246932,139048254.45,5737,LEGACY
2019-04-10,PEL,Piramal Enterprises,D1,INE140A08SX5,100000.15,108000.0,100000.15,108000.0,108000.0,105555.0,101,10108015.0,3,LEGACY
2019-04-10,PEL,Piramal Enterprises,EQ,INE140A01024,2625.0,2694.9,2625.0,2683.9,2676.45,2636.25,444043,1189452394.95,18982,LEGACY
2019-04-10,PFIZER,Pfizer,EQ,INE182A01018,3242.2,3296.7,3217.1,3259.55,3275.0,3252.75,9343,30449147.4,2652,LEGACY
2019-04-10,SANOFI,Sanofi India,EQ,INE058A01010,5875.0,5877.55,5763.0,5791.2,5780.15,5854.3,6007,34813425.4,2166,LEGACY
2019-04-10,STAR,Strides Pharma Science,EQ,INE939A01011,491.0,508.05,488.1,495.9,494.55,489.9,2036281,1018692978.85,40489,LEGACY
2019-04-10,SUNPHARMA,Sun Pharmaceutical Industries,EQ,INE044A01036,468.0,479.9,467.35,471.95,472.5,470.95,3887388,1843751001.7,54907,LEGACY
2019-04-10,TORNTPHARM,Torrent Pharmaceuticals,EQ,INE685A01028,1866.0,1872.0,1836.85,1861.85,1860.0,1866.85,317317,590518115.25,15948,LEGACY
2019-04-10,WOCKPHARMA,Wockhardt,EQ,INE049B01025,442.9,451.5,440.15,442.4,441.5,444.0,2214572,986984709.4,26039,LEGACY
2019-04-11,ABBOTINDIA,Abbott India,EQ,INE358A01014,7355.0,7370.0,7300.0,7367.7,7361.0,7338.25,2098,15409845.45,442,LEGACY
2019-04-11,AJANTPHARM,Ajanta Pharma,EQ,INE031B01049,1018.4,1022.0,1009.0,1014.65,1011.8,1013.9,130582,132707843.6,4905,LEGACY
2019-04-11,ALKEM,Alkem Laboratories,EQ,INE540L01014,1750.0,1760.0,1728.9,1757.35,1755.0,1742.2,26910,46949326.6,1824,LEGACY
2019-04-11,APLLTD,Alembic Pharmaceuticals,EQ,INE901L01018,537.0,540.9,531.85,534.7,536.0,537.6,6109,3287853.4,619,LEGACY
2019-04-11,AUROPHARMA,Aurobindo Pharma,EQ,INE406A01037,794.25,797.0,775.2,782.85,782.8,790.05,1748275,1367800022.75,54315,LEGACY
2019-04-11,BIOCON,Biocon,EQ,INE376G01013,628.75,634.0,623.6,629.6,629.3,627.8,955280,601798677.4,21905,LEGACY
2019-04-11,CADILAHC,Cadila Healthcare,EQ,INE010B01027,344.9,346.35,342.45,345.1,345.0,343.4,590665,203648760.05,10362,LEGACY
2019-04-11,CIPLA,Cipla,EQ,INE059A01026,546.35,554.7,542.0,544.85,545.3,546.45,2977870,1634911740.8,67860,LEGACY
2019-04-11,DIVISLAB,Divi's Laboratories,EQ,INE361B01024,1715.5,1723.95,1704.05,1718.4,1717.0,1722.55,357943,613394473.1,34486,LEGACY
2019-04-11,DRREDDY,Dr. Reddy's Laboratories,EQ,INE089A01023,2772.65,2815.0,2757.85,2811.75,2808.0,2765.0,637345,1783844342.05,37852,LEGACY
2019-04-11,GLAXO,GlaxoSmithKline Pharmaceuticals,EQ,INE159A01016,1300.0,1300.1,1292.0,1299.7,1295.1,1298.0,8783,11393479.3,893,LEGACY
2019-04-11,GLENMARK,Glenmark Pharmaceuticals,EQ,INE935A01035,647.5,653.05,646.1,651.25,651.45,649.9,238947,155341721.45,9894,LEGACY
2019-04-11,GRANULES,Granules India,EQ,INE101D01020,113.2,113.9,111.55,112.15,112.0,112.7,346041,38976750.05,4786,LEGACY
2019-04-11,IPCALAB,IPCA Laboratories,EQ,INE571A01020,945.7,953.7,939.05,946.3,944.0,945.15,55527,52414752.75,6135,LEGACY
2019-04-11,JBCHEPHARM,JB Chemicals & Pharmaceuticals,EQ,INE572A01028,345.05,352.5,342.1,348.8,345.75,348.7,10662,3705098.7,707,LEGACY
2019-04-11,LAURUSLABS,Laurus Labs,EQ,INE947Q01010,407.5,408.5,398.0,400.55,399.0,403.35,75281,30511415.0,2743,LEGACY
2019-04-11,LUPIN,Lupin,EQ,INE326A01037,805.0,812.7,802.5,809.35,811.1,804.75,877285,708424621.8,25230,LEGACY
2019-04-11,NATCOPHARM,Natco Pharma,EQ,INE987B01026,567.95,568.65,561.65,565.85,563.5,565.05,195521,110401291.2,8017,LEGACY
2019-04-11,PEL,Piramal Enterprises,D1,INE140A08SX5,107000.0,107000.0,107000.0,107000.0,107000.0,108000.0,100,10700000.0,20,LEGACY
2019-04-11,PEL,Piramal Enterprises,EQ,INE140A01024,2691.8,2695.0,2645.55,2667.15,2675.0,2683.9,441137,1174668812.55,18817,LEGACY
2019-04-11,PFIZER,Pfizer,EQ,INE182A01018,3254.1,3275.95,3225.0,3240.6,3225.7,3259.55,9699,31516417.7,2188,LEGACY
2019-04-11,SANOFI,Sanofi India,EQ,INE058A01010,5857.0,5857.0,5762.6,5802.25,5800.0,5791.2,7650,44454549.55,2327,LEGACY
2019-04-11,STAR,Strides Pharma Science,EQ,INE939A01011,496.0,503.0,489.1,497.05,496.2,495.9,1291453,641430381.1,28166,LEGACY
2019-04-11,SUNPHARMA,Sun Pharmaceutical Industries,EQ,INE044A01036,465.25,470.9,461.6,465.55,465.3,471.95,4429596,2065721975.05,65526,LEGACY
2019-04-11,TORNTPHARM,Torrent Pharmaceuticals,EQ,INE685A01028,1873.0,1873.0,1810.8,1835.5,1836.0,1861.85,254650,466676162.35,10121,LEGACY
2019-04-11,WOCKPHARMA,Wockhardt,EQ,INE049B01025,450.0,457.8,445.0,446.9,446.8,442.4,3501357,1579435307.15,40284,LEGACY
2019-04-12,ABBOTINDIA,Abbott India,EQ,INE358A01014,7379.0,7443.7,7326.5,7400.3,7438.95,7367.7,29298,216811811.2,558,LEGACY
2019-04-12,AJANTPHARM,Ajanta Pharma,EQ,INE031B01049,1017.85,1029.4,1014.65,1019.55,1018.0,1014.65,221188,225953116.5,6538,LEGACY
2019-04-12,ALKEM,Alkem Laboratories,EQ,INE540L01014,1748.55,1762.85,1746.0,1755.85,1750.75,1757.35,19420,34042881.8,2503,LEGACY
2019-04-12,APLLTD,Alembic Pharmaceuticals,EQ,INE901L01018,532.55,539.35,532.0,535.1,533.5,534.7,4415,2366342.3,300,LEGACY
2019-04-12,AUROPHARMA,Aurobindo Pharma,EQ,INE406A01037,784.8,791.7,770.0,776.95,776.2,782.85,3483503,2707466215.0,75378,LEGACY
2019-04-12,BIOCON,Biocon,EQ,INE376G01013,629.4,633.55,624.5,629.0,627.25,629.6,673647,423482014.75,20113,LEGACY
2019-04-12,CADILAHC,Cadila Healthcare,EQ,INE010B01027,343.25,347.15,341.2,341.9,341.5,345.1,501500,172462751.2,6040,LEGACY
2019-04-12,CIPLA,Cipla,EQ,INE059A01026,547.95,556.7,545.3,554.85,553.0,544.85,4347530,2402737961.55,51634,LEGACY
2019-04-12,DIVISLAB,Divi's Laboratories,EQ,INE361B01024,1717.0,1736.75,1713.0,1732.1,1728.0,1718.4,370739,640692400.7,21216,LEGACY
2019-04-12,DRREDDY,Dr. Reddy's Laboratories,EQ,INE089A01023,2800.0,2821.0,2786.05,2807.05,2796.25,2811.75,606222,1701971539.8,42272,LEGACY
2019-04-12,GLAXO,GlaxoSmithKline Pharmaceuticals,EQ,INE159A01016,1298.8,1299.95,1295.0,1297.75,1298.0,1299.7,6765,8776251.0,902,LEGACY
2019-04-12,GLENMARK,Glenmark Pharmaceuticals,EQ,INE935A01035,649.65,659.3,645.05,648.8,648.5,651.25,672693,440038694.45,20355,LEGACY
2019-04-12,GRANULES,Granules India,EQ,INE101D01020,112.1,115.8,112.1,114.6,114.5,112.15,1006284,115046945.35,7296,LEGACY
2019-04-12,IPCALAB,IPCA Laboratories,EQ,INE571A01020,949.8,953.9,939.85,951.8,952.4,946.3,53909,51001534.55,9144,LEGACY
2019-04-12,JBCHEPHARM,JB Chemicals & Pharmaceuticals,EQ,INE572A01028,349.95,356.0,346.05,353.1,353.0,348.8,12313,4317029.15,945,LEGACY
2019-04-12,LAURUSLABS,Laurus Labs,EQ,INE947Q01010,402.05,404.95,395.65,399.35,400.0,400.55,28592,11455280.35,1708,LEGACY
2019-04-12,LUPIN,Lupin,EQ,INE326A01037,811.95,836.0,811.0,832.75,834.45,809.35,4350085,3607368560.65,125678,LEGACY
2019-04-12,NATCOPHARM,Natco Pharma,EQ,INE987B01026,567.8,568.5,562.5,565.5,565.35,565.85,78990,44672554.15,3920,LEGACY
2019-04-12,PEL,Piramal Enterprises,EQ,INE140A01024,2664.7,2686.9,2656.05,2671.7,2664.25,2667.15,129193,345066186.65,8594,LEGACY
2019-04-12,PFIZER,Pfizer,EQ,INE182A01018,3230.0,3273.95,3216.2,3260.65,3236.3,3240.6,4610,14996393.75,1067,LEGACY
2019-04-12,SANOFI,Sanofi India,EQ,INE058A01010,5803.0,5835.9,5664.9,5726.25,5725.0,5802.25,32810,189162825.9,3703,LEGACY
2019-04-12,STAR,Strides Pharma Science,EQ,INE939A01011,498.65,498.65,488.5,494.45,494.15,497.05,805335,397192883.45,13133,LEGACY
2019-04-12,SUNPHARMA,Sun Pharmaceutical Industries,EQ,INE044A01036,467.0,468.5,462.3,465.05,464.0,465.55,3332732,1550733502.65,58200,LEGACY
2019-04-12,TORNTPHARM,Torrent Pharmaceuticals,EQ,INE685A01028,1834.8,1848.0,1822.55,1834.0,1833.65,1835.5,110022,201878741.3,5053,LEGACY
2019-04-12,WOCKPHARMA,Wockhardt,EQ,INE049B01025,448.0,453.95,446.5,449.6,448.7,446.9,1870391,843659681.8,19389,LEGACY
2019-04-15,ABBOTINDIA,Abbott India,EQ,INE358A01014,7428.0,7900.0,7428.0,7827.1,7860.0,7400.3,12336,94704723.3,2277,LEGACY
2019-04-15,AJANTPHARM,Ajanta Pharma,EQ,INE031B01049,1020.5,1030.0,1019.5,1027.15,1028.0,1019.55,137548,141095376.25,4653,LEGACY
2019-04-15,ALKEM,Alkem Laboratories,EQ,INE540L01014,1760.0,1775.0,1752.0,1754.25,1752.0,1755.85,22086,38894897.85,2602,LEGACY
2019-04-15,APLLTD,Alembic Pharmaceuticals,EQ,INE901L01018,541.0,541.0,533.55,534.45,534.0,535.1,17140,9199801.15,668,LEGACY
2019-04-15,AUROPHARMA,Aurobindo Pharma,EQ,INE406A01037,778.0,781.25,772.2,777.6,778.2,776.95,892794,693351620.15,23000,LEGACY
2019-04-15,BIOCON,Biocon,EQ,INE376G01013,629.05,630.95,619.1,622.35,622.0,629.0,593607,370050716.7,17682,LEGACY
2019-04-15,CADILAHC,Cadila Healthcare,EQ,INE010B01027,341.55,344.2,338.8,341.0,340.8,341.9,508153,173518445.65,9204,LEGACY
2019-04-15,CIPLA,Cipla,EQ,INE059A01026,555.0,569.2,552.0,566.3,566.7,554.85,2252373,1261588698.9,33617,LEGACY
2019-04-15,DIVISLAB,Divi's Laboratories,EQ,INE361B01024,1730.0,1749.0,1720.3,1744.85,1745.0,1732.1,422148,733613947.8,11138,LEGACY
2019-04-15,DRREDDY,Dr. Reddy's Laboratories,EQ,INE089A01023,2821.6,2829.8,2781.0,2792.8,2790.15,2807.05,556519,1556132685.6,29474,LEGACY
2019-04-15,GLAXO,GlaxoSmithKline Pharmaceuticals,EQ,INE159A01016,1302.6,1328.8,1295.55,1299.4,1297.0,1297.75,23810,31024583.9,2465,LEGACY
2019-04-15,GLENMARK,Glenmark Pharmaceuticals,EQ,INE935A01035,652.3,653.0,641.1,644.8,646.0,648.8,299389,193236301.25,9926,LEGACY
2019-04-15,GRANULES,Granules India,EQ,INE101D01020,115.35,115.35,113.3,114.1,114.0,114.6,355689,40620568.25,4212,LEGACY
2019-04-15,IPCALAB,IPCA Laboratories,EQ,INE571A01020,952.0,960.0,940.0,942.85,943.0,951.8,135662,128058651.75,12160,LEGACY
2019-04-15,JBCHEPHARM,JB Chemicals & Pharmaceuticals,EQ,INE572A01028,355.9,355.95,347.1,354.95,351.4,353.1,63017,22338132.4,1327,LEGACY
2019-04-15,LAURUSLABS,Laurus Labs,EQ,INE947Q01010,400.55,405.5,400.55,403.65,403.0,399.35,54818,22144851.7,3542,LEGACY
2019-04-15,LUPIN,Lupin,EQ,INE326A01037,830.0,834.2,825.3,831.6,832.05,832.75,776744,643964623.5,18032,LEGACY
2019-04-15,NATCOPHARM,Natco Pharma,EQ,INE987B01026,568.0,568.0,562.0,564.6,563.85,565.5,105312,59396600.1,3671,LEGACY
2019-04-15,PEL,Piramal Enterprises,D1,INE140A08SX5,108000.0,108000.0,107000.0,107517.24,107000.0,107000.0,35,3766000.0,18,LEGACY
2019-04-15,PEL,Piramal Enterprises,EQ,INE140A01024,2665.0,2695.0,2650.3,2688.9,2691.0,2671.7,163973,439051145.6,7136,LEGACY
2019-04-15,PFIZER,Pfizer,EQ,INE182A01018,3263.95,3264.85,3225.1,3238.85,3240.0,3260.65,8487,27573889.15,1625,LEGACY
2019-04-15,SANOFI,Sanofi India,EQ,INE058A01010,5750.0,5844.0,5750.0,5798.05,5800.0,5726.25,2762,16020653.75,836,LEGACY
2019-04-15,STAR,Strides Pharma Science,EQ,INE939A01011,497.95,501.95,490.35,498.7,500.0,494.45,652055,323283054.3,11101,LEGACY
2019-04-15,SUNPHARMA,Sun Pharmaceutical Industries,EQ,INE044A01036,465.3,466.8,457.5,458.65,458.65,465.05,3770497,1734177771.1,60985,LEGACY
2019-04-15,TORNTPHARM,Torrent Pharmaceuticals,EQ,INE685A01028,1835.25,1841.1,1815.0,1826.3,1825.0,1834.0,79171,144513177.6,5767,LEGACY
2019-04-15,WOCKPHARMA,Wockhardt,EQ,INE049B01025,456.0,460.0,450.1,452.9,453.75,449.6,1654310,751030894.15,21892,LEGACY
2019-04-16,ABBOTINDIA,Abbott India,EQ,INE358A01014,7898.7,8080.0,7840.0,8030.5,8044.9,7827.1,12768,102051285.3,2550,LEGACY
2019-04-16,AJANTPHARM,Ajanta Pharma,EQ,INE031B01049,1031.0,1050.0,1028.05,1032.6,1035.0,1027.15,428766,446563420.1,11281,LEGACY
2019-04-16,ALKEM,Alkem Laboratories,EQ,INE540L01014,1757.0,1760.0,1705.25,1715.85,1720.0,1754.25,60519,104131826.6,4723,LEGACY
2019-04-16,APLLTD,Alembic Pharmaceuticals,EQ,INE901L01018,534.45,538.0,528.05,533.8,535.0,534.45,11104,5920173.6,569,LEGACY
2019-04-16,AUROPHARMA,Aurobindo Pharma,EQ,INE406A01037,781.3,786.5,774.0,782.4,783.55,777.6,1275788,996234448.7,36471,LEGACY
2019-04-16,BIOCON,Biocon,EQ,INE376G01013,624.25,626.35,619.8,622.5,622.0,622.35,714673,445315240.1,25300,LEGACY
2019-04-16,CADILAHC,Cadila Healthcare,EQ,INE010B01027,341.05,342.8,336.9,337.9,337.35,341.0,951058,322623110.85,29535,LEGACY
2019-04-16,CIPLA,Cipla,EQ,INE059A01026,570.0,571.75,556.6,559.35,558.65,566.3,2246831,1262167293.35,62946,LEGACY
2019-04-16,DIVISLAB,Divi's Laboratories,EQ,INE361B01024,1748.3,1753.9,1711.3,1714.6,1713.0,1744.85,530087,915105353.5,16561,LEGACY
2019-04-16,DRREDDY,Dr. Reddy's Laboratories,EQ,INE089A01023,2831.0,2840.0,2807.0,2825.1,2823.6,2792.8,771487,2178776505.2,40270,LEGACY
2019-04-16,GLAXO,GlaxoSmithKline Pharmaceuticals,EQ,INE159A01016,1300.0,1300.0,1295.1,1299.7,1297.0,1299.4,16904,21962637.65,1576,LEGACY
2019-04-16,GLENMARK,Glenmark Pharmaceuticals,EQ,INE935A01035,645.1,654.9,640.8,642.85,645.0,644.8,570877,368686887.7,19529,LEGACY
2019-04-16,GRANULES,Granules India,EQ,INE101D01020,114.4,114.8,113.3,113.95,114.1,114.1,367684,41920564.7,2482,LEGACY
2019-04-16,IPCALAB,IPCA Laboratories,EQ,INE571A01020,947.7,955.0,926.0,946.3,948.0,942.85,159431,149681467.3,14764,LEGACY
2019-04-16,JBCHEPHARM,JB Chemicals & Pharmaceuticals,EQ,INE572A01028,352.6,365.0,341.65,354.7,353.8,354.95,39218,13950082.7,1396,LEGACY
2019-04-16,LAURUSLABS,Laurus Labs,EQ,INE947Q01010,401.0,405.0,395.55,401.25,403.0,403.65,67162,26882081.7,3881,LEGACY
2019-04-16,LUPIN,Lupin,EQ,INE326A01037,834.1,844.5,826.4,832.95,831.35,831.6,1338479,1119208941.1,39823,LEGACY
2019-04-16,NATCOPHARM,Natco Pharma,EQ,INE987B01026,566.5,566.5,558.1,561.3,559.7,564.6,132868,74705944.5,6992,LEGACY
2019-04-16,PEL,Piramal Enterprises,EQ,INE140A01024,2695.0,2731.2,2664.9,2672.95,2688.0,2688.9,252983,684135306.05,12282,LEGACY
2019-04-16,PFIZER,Pfizer,EQ,INE182A01018,3245.0,3257.0,3216.1,3223.6,3221.1,3238.85,9673,31273969.25,1485,LEGACY
2019-04-16,SANOFI,Sanofi India,EQ,INE058A01010,5849.95,5888.95,5790.0,5817.95,5822.0,5798.05,6403,37312506.45,1190,LEGACY
2019-04-16,STAR,Strides Pharma Science,EQ,INE939A01011,502.5,502.5,492.85,495.15,494.3,498.7,608113,302003561.85,13090,LEGACY
2019-04-16,SUNPHARMA,Sun Pharmaceutical Industries,EQ,INE044A01036,459.45,464.5,458.65,462.55,463.0,458.65,2825105,1303189649.15,83382,LEGACY
2019-04-16,TORNTPHARM,Torrent Pharmaceuticals,EQ,INE685A01028,1826.3,1843.5,1821.5,1839.1,1834.5,1826.3,91273,167497701.6,5925,LEGACY
2019-04-16,WOCKPHARMA,Wockhardt,EQ,INE049B01025,455.75,457.5,451.6,453.75,453.5,452.9,1025747,466084493.0,14658,LEGACY
2019-04-18,ABBOTINDIA,Abbott India,EQ,INE358A01014,8099.0,8099.0,7796.0,7825.1,7850.0,8030.5,3456,27375218.3,923,LEGACY
2019-04-18,AJANTPHARM,Ajanta Pharma,EQ,INE031B01049,1043.0,1043.0,1018.9,1027.0,1022.95,1032.6,745277,768935129.2,7534,LEGACY
2019-04-18,ALKEM,Alkem Laboratories,EQ,INE540L01014,1713.0,1729.9,1710.05,1721.15,1720.0,1715.85,27692,47668003.35,2518,LEGACY
2019-04-18,APLLTD,Alembic Pharmaceuticals,EQ,INE901L01018,530.0,539.5,530.0,535.55,539.5,533.8,32758,17543724.1,1161,LEGACY
2019-04-18,AUROPHARMA,Aurobindo Pharma,EQ,INE406A01037,785.0,794.0,779.0,789.55,789.15,782.4,1602160,1261196148.0,41864,LEGACY
2019-04-18,BIOCON,Biocon,EQ,INE376G01013,624.0,624.9,612.4,615.2,615.35,622.5,804519,495675182.3,33119,LEGACY
2019-04-18,CADILAHC,Cadila Healthcare,EQ,INE010B01027,339.65,340.4,334.25,336.5,336.9,337.9,896846,302177939.0,26966,LEGACY
2019-04-18,CIPLA,Cipla,EQ,INE059A01026,562.0,566.65,553.2,561.55,561.0,559.35,2306549,1292807482.05,62659,LEGACY
2019-04-18,DIVISLAB,Divi's Laboratories,EQ,INE361B01024,1716.0,1731.75,1713.0,1724.35,1721.0,1714.6,334997,577204689.55,25394,LEGACY
2019-04-18,DRREDDY,Dr. Reddy's Laboratories,EQ,INE089A01023,2827.95,2827.95,2791.35,2799.1,2802.5,2825.1,433608,1216009491.25,58667,LEGACY
2019-04-18,GLAXO,GlaxoSmithKline Pharmaceuticals,EQ,INE159A01016,1293.0,1300.15,1292.4,1299.9,1295.8,1299.7,10622,13787574.3,1417,LEGACY
2019-04-18,GLENMARK,Glenmark Pharmaceuticals,EQ,INE935A01035,646.0,648.6,633.9,639.15,638.65,642.85,496634,318002067.6,24375,LEGACY
2019-04-18,GRANULES,Granules India,EQ,INE101D01020,116.0,116.4,112.1,113.95,113.65,113.95,758332,86379070.3,6067,LEGACY
2019-04-18,IPCALAB,IPCA Laboratories,EQ,INE571A01020,946.0,984.9,945.5,964.05,975.0,946.3,250525,243096010.3,18251,LEGACY
2019-04-18,JBCHEPHARM,JB Chemicals & Pharmaceuticals,EQ,INE572A01028,349.0,353.9,344.45,347.3,345.15,354.7,18174,6315385.55,1607,LEGACY
2019-04-18,LAURUSLABS,Laurus Labs,EQ,INE947Q01010,401.0,402.05,390.1,397.05,396.5,401.25,61678,24449274.65,5027,LEGACY
2019-04-18,LUPIN,Lupin,EQ,INE326A01037,833.0,837.6,820.95,835.8,835.8,832.95,1120493,931774553.9,30053,LEGACY
2019-04-18,NATCOPHARM,Natco Pharma,EQ,INE987B01026,558.3,560.95,536.95,539.05,542.0,561.3,661937,362029588.75,28301,LEGACY
2019-04-18,PEL,Piramal Enterprises,EQ,INE140A01024,2681.6,2694.75,2613.55,2649.85,2647.0,2672.95,237612,630291165.4,11448,LEGACY
2019-04-18,PFIZER,Pfizer,EQ,INE182A01018,3215.05,3247.75,3210.0,3221.55,3210.0,3223.6,12235,39432537.6,2052,LEGACY
2019-04-18,SANOFI,Sanofi India,EQ,INE058A01010,5800.0,5819.95,5751.0,5766.95,5770.0,5817.95,22313,128871343.75,3319,LEGACY
2019-04-18,STAR,Strides Pharma Science,EQ,INE939A01011,495.8,497.5,482.85,487.65,484.0,495.15,446536,218948320.6,9483,LEGACY
2019-04-18,SUNPHARMA,Sun Pharmaceutical Industries,EQ,INE044A01036,463.9,466.0,456.7,463.2,463.2,462.55,3567327,1647534754.15,63883,LEGACY
2019-04-18,TORNTPHARM,Torrent Pharmaceuticals,EQ,INE685A01028,1839.15,1848.75,1814.0,1836.6,1835.8,1839.1,260138,475225927.1,7072,LEGACY
2019-04-18,WOCKPHARMA,Wockhardt,EQ,INE049B01025,453.5,456.25,435.8,439.15,440.0,453.75,1175477,522637604.5,16403,LEGACY
2019-04-22,ABBOTINDIA,Abbott India,EQ,INE358A01014,7770.0,7813.75,7668.65,7715.05,7767.0,7825.1,2227,17211963.25,706,LEGACY
2019-04-22,AJANTPHARM,Ajanta Pharma,EQ,INE031B01049,1020.0,1020.0,1001.25,1015.0,1017.75,1027.0,197332,199908862.1,6109,LEGACY
2019-04-22,ALKEM,Alkem Laboratories,EQ,INE540L01014,1722.0,1739.15,1714.55,1725.85,1725.0,1721.15,17843,30825188.55,1580,LEGACY
2019-04-22,APLLTD,Alembic Pharmaceuticals,EQ,INE901L01018,535.0,560.0,530.5,557.9,559.9,535.55,75048,41383035.9,4388,LEGACY
2019-04-22,AUROPHARMA,Aurobindo Pharma,EQ,INE406A01037,785.0,788.55,773.8,780.15,779.2,789.55,994985,777014371.55,29380,LEGACY
2019-04-22,BIOCON,Biocon,EQ,INE376G01013,615.5,615.5,606.65,607.75,608.5,615.2,990844,604356478.4,38751,LEGACY
2019-04-22,CADILAHC,Cadila Healthcare,EQ,INE010B01027,332.0,335.8,329.35,330.7,330.1,336.5,459004,152828398.2,10324,LEGACY
2019-04-22,CIPLA,Cipla,EQ,INE059A01026,560.0,566.0,556.6,561.1,560.0,561.55,1205612,677612519.6,31923,LEGACY
2019-04-22,DIVISLAB,Divi's Laboratories,EQ,INE361B01024,1721.0,1737.8,1695.0,1701.5,1704.0,1724.35,324129,557054208.35,17810,LEGACY
2019-04-22,DRREDDY,Dr. Reddy's Laboratories,EQ,INE089A01023,2810.0,2819.95,2775.0,2795.7,2797.95,2799.1,347230,971444262.4,18450,LEGACY
2019-04-22,GLAXO,GlaxoSmithKline Pharmaceuticals,EQ,INE159A01016,1299.95,1300.0,1282.15,1295.75,1290.25,1299.9,11565,14954587.7,1156,LEGACY
2019-04-22,GLENMARK,Glenmark Pharmaceuticals,EQ,INE935A01035,639.0,640.9,623.4,626.1,624.05,639.15,334980,212222288.0,9004,LEGACY
2019-04-22,GRANULES,Granules India,EQ,INE101D01020,113.95,120.4,112.75,117.25,116.5,113.95,1703312,199748390.55,16561,LEGACY
2019-04-22,IPCALAB,IPCA Laboratories,EQ,INE571A01020,965.0,970.0,945.6,963.75,965.0,964.05,73074,70315710.3,5685,LEGACY
2019-04-22,JBCHEPHARM,JB Chemicals & Pharmaceuticals,EQ,INE572A01028,344.0,349.45,341.9,342.7,343.0,347.3,9682,3328008.1,809,LEGACY
2019-04-22,LAURUSLABS,Laurus Labs,EQ,INE947Q01010,394.45,394.9,383.25,387.85,386.55,397.05,94724,36722037.3,3641,LEGACY
2019-04-22,LUPIN,Lupin,EQ,INE326A01037,831.6,837.9,826.85,831.65,828.0,835.8,1088049,906690261.55,43633,LEGACY
2019-04-22,NATCOPHARM,Natco Pharma,EQ,INE987B01026,543.8,543.9,526.8,533.65,533.5,539.05,397498,211371115.95,21052,LEGACY
2019-04-22,PEL,Piramal Enterprises,EQ,INE140A01024,2628.05,2650.0,2525.1,2550.2,2530.0,2649.85,435380,1131079881.4,19755,LEGACY
2019-04-22,PFIZER,Pfizer,EQ,INE182A01018,3222.0,3222.3,3160.1,3185.45,3190.0,3221.55,7033,22409746.9,1463,LEGACY
2019-04-22,SANOFI,Sanofi India,EQ,INE058A01010,5824.95,5824.95,5730.0,5763.85,5764.0,5766.95,3378,19495557.55,713,LEGACY
2019-04-22,STAR,Strides Pharma Science,EQ,INE939A01011,485.0,492.0,472.5,477.7,476.6,487.65,906536,436735402.3,18108,LEGACY
2019-04-22,SUNPHARMA,Sun Pharmaceutical Industries,EQ,INE044A01036,464.0,465.05,452.4,454.5,453.5,463.2,1828896,837571686.2,34911,LEGACY
2019-04-22,TORNTPHARM,Torrent Pharmaceuticals,EQ,INE685A01028,1830.0,1832.0,1795.0,1811.9,1818.95,1836.6,127603,231182014.95,7623,LEGACY
2019-04-22,WOCKPHARMA,Wockhardt,EQ,INE049B01025,437.4,440.8,423.0,424.7,423.6,439.15,990998,427540567.9,14888,LEGACY
2019-04-23,ABBOTINDIA,Abbott India,EQ,INE358A01014,7747.8,7935.0,7502.0,7789.85,7800.0,7715.05,5083,39456990.1,1240,LEGACY
2019-04-23,AJANTPHARM,Ajanta Pharma,EQ,INE031B01049,1013.0,1038.0,1009.0,1028.05,1028.1,1015.0,615035,629044203.75,6848,LEGACY
2019-04-23,ALKEM,Alkem Laboratories,EQ,INE540L01014,1734.5,1743.0,1725.0,1725.8,1725.0,1725.85,20939,36315213.45,3019,LEGACY
2019-04-23,APLLTD,Alembic Pharmaceuticals,EQ,INE901L01018,564.0,564.9,540.0,542.75,540.05,557.9,33778,18712763.05,1961,LEGACY
2019-04-23,AUROPHARMA,Aurobindo Pharma,EQ,INE406A01037,779.4,793.4,776.25,778.6,777.75,780.15,1186522,931582680.95,35019,LEGACY
2019-04-23,BIOCON,Biocon,EQ,INE376G01013,618.0,619.1,609.6,613.7,614.3,607.75,1937158,1187694338.55,48861,LEGACY
2019-04-23,CADILAHC,Cadila Healthcare,EQ,INE010B01027,332.0,333.4,327.85,328.75,328.1,330.7,512716,169046958.9,15815,LEGACY
2019-04-23,CIPLA,Cipla,EQ,INE059A01026,562.5,575.95,560.4,561.7,562.0,561.1,2179959,1234610677.3,42020,LEGACY
2019-04-23,DIVISLAB,Divi's Laboratories,EQ,INE361B01024,1703.0,1713.1,1682.2,1686.95,1685.9,1701.5,340440,575626311.1,27350,LEGACY
2019-04-23,DRREDDY,Dr. Reddy's Laboratories,EQ,INE089A01023,2800.5,2832.65,2800.5,2822.15,2822.3,2795.7,475888,1343200575.75,27902,LEGACY
2019-04-23,GLAXO,GlaxoSmithKline Pharmaceuticals,EQ,INE159A01016,1295.7,1295.75,1285.0,1293.9,1295.0,1295.75,9218,11920649.85,1266,LEGACY
2019-04-23,GLENMARK,Glenmark Pharmaceuticals,EQ,INE935A01035,625.0,632.8,616.55,629.3,628.25,626.1,440451,275025847.0,11692,LEGACY
2019-04-23,GRANULES,Granules India,EQ,INE101D01020,117.7,118.75,114.4,115.55,116.0,117.25,755307,88231268.6,11632,LEGACY
2019-04-23,IPCALAB,IPCA Laboratories,EQ,INE571A01020,969.8,1033.1,965.4,975.45,978.95,963.75,678273,670444643.15,13568,LEGACY
2019-04-23,JBCHEPHARM,JB Chemicals & Pharmaceuticals,EQ,INE572A01028,342.1,348.45,341.25,343.55,348.0,342.7,9120,3133262.85,448,LEGACY
2019-04-23,LAURUSLABS,Laurus Labs,EQ,INE947Q01010,389.0,390.95,385.0,388.2,388.2,387.85,50492,19578355.5,3762,LEGACY
2019-04-23,LUPIN,Lupin,EQ,INE326A01037,836.0,871.0,836.0,867.6,864.0,831.65,4467214,3846838933.2,115271,LEGACY
2019-04-23,NATCOPHARM,Natco Pharma,EQ,INE987B01026,539.4,543.4,535.0,537.35,535.0,533.65,181089,97681298.05,9544,LEGACY
2019-04-23,PEL,Piramal Enterprises,EQ,INE140A01024,2540.0,2566.7,2515.35,2539.1,2546.5,2550.2,260111,660701530.6,14316,LEGACY
2019-04-23,PFIZER,Pfizer,EQ,INE182A01018,3185.45,3185.45,3120.0,3140.5,3120.0,3185.45,9298,29262066.3,2070,LEGACY
2019-04-23,SANOFI,Sanofi India,EQ,INE058A01010,5797.0,5798.0,5700.0,5707.85,5710.0,5763.85,7032,40168920.1,1913,LEGACY
2019-04-23,STAR,Strides Pharma Science,EQ,INE939A01011,479.65,486.85,474.0,475.75,475.55,477.7,642754,308855132.7,14037,LEGACY
2019-04-23,SUNPHARMA,Sun Pharmaceutical Industries,EQ,INE044A01036,453.0,472.4,453.0,468.55,468.0,454.5,5292341,2465223126.7,92790,LEGACY
2019-04-23,TORNTPHARM,Torrent Pharmaceuticals,EQ,INE685A01028,1820.0,1829.75,1795.7,1806.15,1803.5,1811.9,71946,130143194.5,3010,LEGACY
2019-04-23,WOCKPHARMA,Wockhardt,EQ,INE049B01025,425.5,431.25,422.05,427.1,429.0,424.7,1060845,452469729.55,16655,LEGACY
2019-04-24,ABBOTINDIA,Abbott India,EQ,INE358A01014,7753.15,7847.9,7740.0,7825.75,7830.0,7789.85,1391,10845883.3,399,LEGACY
2019-04-24,AJANTPHARM,Ajanta Pharma,EQ,INE031B01049,1029.05,1039.5,1016.0,1023.35,1021.8,1028.05,118471,121542060.8,4254,LEGACY
2019-04-24,ALKEM,Alkem Laboratories,EQ,INE540L01014,1733.9,1740.0,1713.0,1722.2,1718.0,1725.8,19153,33151325.55,2925,LEGACY
2019-04-24,APLLTD,Alembic Pharmaceuticals,EQ,INE901L01018,532.0,547.9,529.85,530.3,531.65,542.75,43078,23135657.3,2684,LEGACY
2019-04-24,AUROPHARMA,Aurobindo Pharma,EQ,INE406A01037,781.45,787.0,777.2,785.3,784.8,778.6,872050,681912527.1,28209,LEGACY
2019-04-24,BIOCON,Biocon,EQ,INE376G01013,617.0,617.1,609.5,613.4,616.0,613.7,1399422,857641892.95,32899,LEGACY
2019-04-24,CADILAHC,Cadila Healthcare,EQ,INE010B01027,329.6,330.8,326.1,329.55,329.0,328.75,807639,265113648.6,14421,LEGACY
2019-04-24,CIPLA,Cipla,EQ,INE059A01026,561.4,564.5,553.2,558.55,558.7,561.7,1896565,1059439547.4,37383,LEGACY
2019-04-24,DIVISLAB,Divi's Laboratories,EQ,INE361B01024,1687.0,1750.0,1687.0,1742.7,1737.0,1686.95,573966,991689354.7,30460,LEGACY
2019-04-24,DRREDDY,Dr. Reddy's Laboratories,EQ,INE089A01023,2835.0,2875.0,2813.1,2859.4,2853.7,2822.15,748185,2126230231.4,53828,LEGACY
2019-04-24,GLAXO,GlaxoSmithKline Pharmaceuticals,EQ,INE159A01016,1295.0,1295.0,1275.0,1294.95,1294.95,1293.9,8843,11432327.85,1115,LEGACY
2019-04-24,GLENMARK,Glenmark Pharmaceuticals,EQ,INE935A01035,633.0,638.6,627.95,636.4,636.9,629.3,472069,299171548.3,30746,LEGACY
2019-04-24,GRANULES,Granules India,EQ,INE101D01020,116.0,118.0,114.5,115.9,115.5,115.55,653730,75792922.1,9669,LEGACY
2019-04-24,IPCALAB,IPCA Laboratories,EQ,INE571A01020,984.0,988.15,960.0,965.3,965.0,975.45,116415,113074520.35,16511,LEGACY
2019-04-24,JBCHEPHARM,JB Chemicals & Pharmaceuticals,EQ,INE572A01028,348.7,360.0,342.0,347.9,348.0,343.55,101206,35658710.8,3984,LEGACY
2019-04-24,LAURUSLABS,Laurus Labs,EQ,INE947Q01010,388.0,392.8,385.1,389.6,389.0,388.2,53306,20696694.6,3246,LEGACY
2019-04-24,LUPIN,Lupin,EQ,INE326A01037,838.5,867.6,835.0,864.25,863.5,867.6,2961143,2534789629.15,62745,LEGACY
2019-04-24,NATCOPHARM,Natco Pharma,EQ,INE987B01026,539.9,548.65,536.15,539.95,540.0,537.35,288275,156098221.35,10425,LEGACY
2019-04-24,PEL,Piramal Enterprises,EQ,INE140A01024,2553.95,2592.0,2526.1,2585.7,2565.0,2539.1,192756,494197143.7,13748,LEGACY
2019-04-24,PFIZER,Pfizer,EQ,INE182A01018,3130.65,3159.85,3105.5,3149.3,3150.0,3140.5,9528,29887808.75,2676,LEGACY
2019-04-24,SANOFI,Sanofi India,EQ,INE058A01010,5710.0,5744.0,5655.0,5669.0,5672.0,5707.85,3288,18665251.6,1489,LEGACY
2019-04-24,STAR,Strides Pharma Science,EQ,INE939A01011,477.85,479.05,465.25,474.75,474.5,475.75,680596,321524120.85,13924,LEGACY
2019-04-24,SUNPHARMA,Sun Pharmaceutical Industries,EQ,INE044A01036,469.1,470.0,462.5,469.35,469.85,468.55,2821522,1317548171.6,48682,LEGACY
2019-04-24,TORNTPHARM,Torrent Pharmaceuticals,EQ,INE685A01028,1800.0,1800.0,1773.0,1779.85,1780.0,1806.15,158186,282189589.45,7462,LEGACY
2019-04-24,WOCKPHARMA,Wockhardt,EQ,INE049B01025,429.3,429.5,422.6,426.85,427.7,427.1,667246,284177516.65,10463,LEGACY
2019-04-25,ABBOTINDIA,Abbott India,EQ,INE358A01014,7825.0,7890.0,7613.0,7640.25,7660.0,7825.75,3733,28787304.5,932,LEGACY
2019-04-25,AJANTPHARM,Ajanta Pharma,EQ,INE031B01049,1022.0,1046.0,1022.0,1029.9,1033.8,1023.35,251012,260012982.85,7592,LEGACY
2019-04-25,ALKEM,Alkem Laboratories,EQ,INE540L01014,1727.05,1734.0,1700.0,1703.45,1704.9,1722.2,741693,1263858298.9,4032,LEGACY
2019-04-25,APLLTD,Alembic Pharmaceuticals,EQ,INE901L01018,529.95,536.1,529.95,533.2,533.85,530.3,17796,9492064.4,1014,LEGACY
2019-04-25,AUROPHARMA,Aurobindo Pharma,EQ,INE406A01037,786.0,815.0,785.1,795.55,800.0,785.3,4568333,3665499945.45,90315,LEGACY
2019-04-25,BIOCON,Biocon,EQ,INE376G01013,621.05,623.7,614.5,620.2,620.15,613.4,2320661,1437975573.65,38384,LEGACY
2019-04-25,CADILAHC,Cadila Healthcare,EQ,INE010B01027,329.55,331.35,323.0,323.95,324.3,329.55,1722880,563718240.9,19744,LEGACY
2019-04-25,CIPLA,Cipla,EQ,INE059A01026,558.7,563.95,551.15,555.6,558.25,558.55,2416194,1347614397.2,44387,LEGACY
2019-04-25,DIVISLAB,Divi's Laboratories,EQ,INE361B01024,1736.25,1742.5,1710.55,1716.3,1720.5,1742.7,334093,575318835.05,21745,LEGACY
2019-04-25,DRREDDY,Dr. Reddy's Laboratories,EQ,INE089A01023,2851.65,2940.0,2839.45,2924.9,2936.7,2859.4,1087724,3163089128.7,54646,LEGACY
2019-04-25,GLAXO,GlaxoSmithKline Pharmaceuticals,EQ,INE159A01016,1294.95,1295.0,1284.9,1290.3,1288.0,1294.95,5502,7097301.85,675,LEGACY
2019-04-25,GLENMARK,Glenmark Pharmaceuticals,EQ,INE935A01035,638.0,645.65,636.4,641.2,642.6,636.4,978919,628944645.65,24246,LEGACY
2019-04-25,GRANULES,Granules India,EQ,INE101D01020,116.25,117.0,113.65,114.85,115.0,115.9,509371,58592684.05,3673,LEGACY
2019-04-25,IPCALAB,IPCA Laboratories,EQ,INE571A01020,977.0,987.6,975.7,979.0,979.0,965.3,142908,140353747.6,10458,LEGACY
2019-04-25,JBCHEPHARM,JB Chemicals & Pharmaceuticals,EQ,INE572A01028,346.0,355.95,344.0,350.15,351.8,347.9,26340,9222633.45,1689,LEGACY
2019-04-25,LAURUSLABS,Laurus Labs,EQ,INE947Q01010,388.25,390.0,386.5,387.9,388.25,389.6,45969,17835164.85,4904,LEGACY
2019-04-25,LUPIN,Lupin,EQ,INE326A01037,860.0,874.9,853.1,869.2,873.1,864.25,2087687,1807511997.4,51728,LEGACY
2019-04-25,NATCOPHARM,Natco Pharma,EQ,INE987B01026,543.0,543.7,531.0,532.75,533.0,539.95,131032,70021315.8,7833,LEGACY
2019-04-25,PEL,Piramal Enterprises,EQ,INE140A01024,2578.0,2584.35,2531.3,2555.1,2558.2,2585.7,723542,1850207783.5,21271,LEGACY
2019-04-25,PFIZER,Pfizer,EQ,INE182A01018,3160.0,3160.85,3104.75,3123.75,3104.75,3149.3,3960,12396508.6,1098,LEGACY
2019-04-25,SANOFI,Sanofi India,EQ,INE058A01010,5650.0,5650.0,5601.0,5615.15,5610.0,5669.0,6460,36287394.2,2171,LEGACY
2019-04-25,STAR,Strides Pharma Science,EQ,INE939A01011,475.0,484.5,474.0,477.15,478.2,474.75,607507,291459786.5,11172,LEGACY
2019-04-25,SUNPHARMA,Sun Pharmaceutical Industries,EQ,INE044A01036,465.25,474.6,459.5,461.0,463.25,469.35,5244937,2440765419.65,64135,LEGACY
2019-04-25,TORNTPHARM,Torrent Pharmaceuticals,EQ,INE685A01028,1789.45,1790.0,1720.2,1728.4,1720.2,1779.85,733347,1272793492.2,27127,LEGACY
2019-04-25,WOCKPHARMA,Wockhardt,EQ,INE049B01025,428.6,435.95,425.2,428.9,429.0,426.85,1044876,450679909.4,13995,LEGACY
2019-04-26,ABBOTINDIA,Abbott India,EQ,INE358A01014,7694.0,7717.0,7350.0,7467.5,7450.05,7640.25,4937,37041061.2,1158,LEGACY
2019-04-26,AJANTPHARM,Ajanta Pharma,EQ,INE031B01049,1025.2,1037.3,1006.3,1026.65,1032.7,1029.9,437260,445889159.55,11069,LEGACY
2019-04-26,ALKEM,Alkem Laboratories,EQ,INE540L01014,1704.85,1729.0,1695.1,1710.1,1703.0,1703.45,34599,59301622.65,3451,LEGACY
2019-04-26,APLLTD,Alembic Pharmaceuticals,EQ,INE901L01018,535.0,582.8,535.0,567.85,568.5,533.2,269707,153526974.05,16123,LEGACY
2019-04-26,AUROPHARMA,Aurobindo Pharma,EQ,INE406A01037,800.5,835.6,799.05,831.15,835.0,795.55,5509641,4543862019.05,114989,LEGACY
2019-04-26,BIOCON,Biocon,EQ,INE376G01013,628.0,628.0,611.1,620.6,621.25,620.2,4409774,2736917160.2,93396,LEGACY
2019-04-26,CADILAHC,Cadila Healthcare,EQ,INE010B01027,325.0,331.25,324.95,328.0,327.6,323.95,1025254,336826491.25,19705,LEGACY
2019-04-26,CIPLA,Cipla,EQ,INE059A01026,558.25,572.9,557.2,567.95,568.6,555.6,2593397,1471611372.75,83683,LEGACY
2019-04-26,DIVISLAB,Divi's Laboratories,EQ,INE361B01024,1733.95,1739.95,1716.15,1722.35,1723.1,1716.3,333124,575425762.75,21702,LEGACY
2019-04-26,DRREDDY,Dr. Reddy's Laboratories,EQ,INE089A01023,2934.0,2953.5,2875.55,2892.25,2895.15,2924.9,925723,2694744693.8,38640,LEGACY
2019-04-26,GLAXO,GlaxoSmithKline Pharmaceuticals,EQ,INE159A01016,1290.0,1295.0,1284.0,1289.9,1290.0,1290.3,12431,16024042.9,1184,LEGACY
2019-04-26,GLENMARK,Glenmark Pharmaceuticals,EQ,INE935A01035,644.0,654.9,641.5,647.8,646.0,641.2,844766,548605439.45,22749,LEGACY
2019-04-26,GRANULES,Granules India,EQ,INE101D01020,115.0,116.4,113.5,113.8,113.9,114.85,442138,50652327.45,7065,LEGACY
2019-04-26,IPCALAB,IPCA Laboratories,EQ,INE571A01020,978.7,985.4,961.1,968.2,965.75,979.0,166002,160303366.45,5609,LEGACY
2019-04-26,JBCHEPHARM,JB Chemicals & Pharmaceuticals,EQ,INE572A01028,351.0,351.25,345.05,346.45,346.15,350.15,19961,6940968.45,1764,LEGACY
2019-04-26,LAURUSLABS,Laurus Labs,EQ,INE947Q01010,389.45,390.0,385.0,387.75,388.05,387.9,48620,18855173.7,1594,LEGACY
2019-04-26,LUPIN,Lupin,EQ,INE326A01037,869.2,881.35,861.25,868.35,866.3,869.2,1756524,1530844197.75,40828,LEGACY
2019-04-26,NATCOPHARM,Natco Pharma,EQ,INE987B01026,536.75,541.8,528.0,530.4,528.5,532.75,195400,104215579.3,12068,LEGACY
2019-04-26,PEL,Piramal Enterprises,EQ,INE140A01024,2564.9,2564.9,2385.0,2403.8,2391.0,2555.1,1619630,4006447591.7,71274,LEGACY
2019-04-26,PFIZER,Pfizer,EQ,INE182A01018,3124.0,3165.0,3091.0,3150.6,3142.05,3123.75,14610,45922995.85,2396,LEGACY
2019-04-26,SANOFI,Sanofi India,EQ,INE058A01010,5624.0,5695.0,5601.0,5643.1,5622.3,5615.15,14683,82685396.3,1165,LEGACY
2019-04-26,STAR,Strides Pharma Science,EQ,INE939A01011,479.05,491.3,477.4,479.6,479.95,477.15,1086569,526448146.05,17434,LEGACY
2019-04-26,SUNPHARMA,Sun Pharmaceutical Industries,EQ,INE044A01036,464.0,469.4,462.6,464.1,463.5,461.0,2903286,1350675704.1,44737,LEGACY
2019-04-26,TORNTPHARM,Torrent Pharmaceuticals,EQ,INE685A01028,1724.15,1775.0,1724.15,1753.75,1754.95,1728.4,428694,751973155.3,19675,LEGACY
2019-04-26,WOCKPHARMA,Wockhardt,EQ,INE049B01025,430.3,435.7,426.0,427.95,426.4,428.9,795480,342005115.0,11737,LEGACY
2019-04-30,ABBOTINDIA,Abbott India,EQ,INE358A01014,7475.0,7550.0,7380.0,7421.35,7411.0,7467.5,3145,23354959.85,1704,LEGACY
2019-04-30,AJANTPHARM,Ajanta Pharma,EQ,INE031B01049,1032.65,1035.0,984.0,990.4,992.0,1026.65,323047,323042666.95,10279,LEGACY
2019-04-30,ALKEM,Alkem Laboratories,EQ,INE540L01014,1720.0,1723.7,1701.3,1718.35,1711.45,1710.1,12412,21241048.3,2602,LEGACY
2019-04-30,APLLTD,Alembic Pharmaceuticals,EQ,INE901L01018,567.0,568.0,543.75,557.25,555.0,567.85,37579,20800075.2,2055,LEGACY
2019-04-30,AUROPHARMA,Aurobindo Pharma,EQ,INE406A01037,831.15,838.0,810.85,819.05,816.75,831.15,4118956,3392727316.6,110049,LEGACY
2019-04-30,BIOCON,Biocon,EQ,INE376G01013,619.8,619.8,585.4,593.5,594.05,620.6,3967777,2387560733.25,80469,LEGACY
2019-04-30,CADILAHC,Cadila Healthcare,EQ,INE010B01027,328.0,328.85,320.5,325.45,327.9,328.0,1221560,395229682.4,21622,LEGACY
2019-04-30,CIPLA,Cipla,EQ,INE059A01026,569.9,571.05,558.65,565.0,563.0,567.95,1914026,1079264961.85,34234,LEGACY
2019-04-30,DIVISLAB,Divi's Laboratories,EQ,INE361B01024,1722.35,1750.0,1707.05,1746.85,1745.0,1722.35,557187,966024093.45,29494,LEGACY
2019-04-30,DRREDDY,Dr. Reddy's Laboratories,EQ,INE089A01023,2903.95,2950.0,2895.3,2933.75,2933.8,2892.25,601275,1762332376.25,60244,LEGACY
2019-04-30,GLAXO,GlaxoSmithKline Pharmaceuticals,EQ,INE159A01016,1285.7,1294.0,1275.0,1284.45,1281.0,1289.9,17144,21978353.9,1626,LEGACY
2019-04-30,GLENMARK,Glenmark Pharmaceuticals,EQ,INE935A01035,647.3,654.2,631.85,638.4,634.0,647.8,515973,332837604.3,15693,LEGACY
2019-04-30,GRANULES,Granules India,EQ,INE101D01020,114.2,115.3,111.55,112.15,111.8,113.8,407228,46095843.8,6718,LEGACY
2019-04-30,IPCALAB,IPCA Laboratories,EQ,INE571A01020,960.4,960.45,944.0,952.5,958.5,968.2,255343,242728267.15,14928,LEGACY
2019-04-30,JBCHEPHARM,JB Chemicals & Pharmaceuticals,EQ,INE572A01028,345.0,350.0,341.75,344.4,344.75,346.45,14381,4946883.85,1041,LEGACY
2019-04-30,LAURUSLABS,Laurus Labs,EQ,INE947Q01010,385.1,387.75,377.25,382.3,383.85,387.75,62696,24004320.35,3521,LEGACY
2019-04-30,LUPIN,Lupin,EQ,INE326A01037,868.35,875.15,863.0,872.05,871.5,868.35,884555,768596296.35,29731,LEGACY
2019-04-30,NATCOPHARM,Natco Pharma,EQ,INE987B01026,533.4,549.7,520.2,545.3,540.0,530.4,235533,126059246.65,9177,LEGACY
2019-04-30,PEL,Piramal Enterprises,EQ,INE140A01024,2400.0,2400.0,2300.0,2362.0,2350.0,2403.8,817825,1913434604.5,45809,LEGACY
2019-04-30,PFIZER,Pfizer,EQ,INE182A01018,3177.45,3180.0,3090.0,3142.9,3150.05,3150.6,28196,87714041.5,2129,LEGACY
2019-04-30,SANOFI,Sanofi India,EQ,INE058A01010,5640.0,5659.95,5600.0,5611.05,5605.0,5643.1,21415,120030699.3,2543,LEGACY
2019-04-30,STAR,Strides Pharma Science,EQ,INE939A01011,480.6,484.2,466.3,479.6,479.9,479.6,753958,359012414.3,12768,LEGACY
2019-04-30,SUNPHARMA,Sun Pharmaceutical Industries,EQ,INE044A01036,464.0,464.0,446.0,457.65,455.6,464.1,6586352,2992829978.05,83515,LEGACY
2019-04-30,TORNTPHARM,Torrent Pharmaceuticals,EQ,INE685A01028,1744.25,1799.9,1715.7,1791.9,1799.9,1753.75,383080,678742645.9,20761,LEGACY
2019-04-30,WOCKPHARMA,Wockhardt,EQ,INE049B01025,428.4,428.7,406.0,413.1,411.6,427.95,1197089,494157254.85,19533,LEGACY
2019-05-02,ABBOTINDIA,Abbott India,EQ,INE358A01014,7425.15,7486.1,7400.0,7420.6,7425.0,7421.35,2239,16659270.0,860,LEGACY
2019-05-02,AJANTPHARM,Ajanta Pharma,EQ,INE031B01049,970.0,1089.4,970.0,1072.9,1070.2,990.4,2810694,2951259529.5,66565,LEGACY
2019-05-02,ALKEM,Alkem Laboratories,EQ,INE540L01014,1709.75,1727.5,1709.75,1720.9,1721.0,1718.35,11453,19711983.45,2361,LEGACY
2019-05-02,APLLTD,Alembic Pharmaceuticals,EQ,INE901L01018,551.0,558.0,541.75,544.7,541.75,557.25,17480,9579444.65,892,LEGACY
2019-05-02,AUROPHARMA,Aurobindo Pharma,EQ,INE406A01037,815.5,830.0,789.2,799.3,791.3,819.05,2571204,2094821972.95,63057,LEGACY
2019-05-02,BIOCON,Biocon,EQ,INE376G01013,593.9,593.9,554.0,557.85,555.0,593.5,5329159,3027146370.85,106219,LEGACY
2019-05-02,CADILAHC,Cadila Healthcare,EQ,INE010B01027,323.85,324.3,313.2,314.9,313.75,325.45,1091370,347588924.45,18961,LEGACY
2019-05-02,CIPLA,Cipla,EQ,INE059A01026,563.0,569.7,556.7,565.6,568.0,565.0,1700976,958002277.6,31137,LEGACY
2019-05-02,DIVISLAB,Divi's Laboratories,EQ,INE361B01024,1741.4,1771.45,1707.1,1714.3,1710.1,1746.85,686686,1191993727.6,37835,LEGACY
2019-05-02,DRREDDY,Dr. Reddy's Laboratories,EQ,INE089A01023,2925.0,2964.0,2905.0,2919.9,2906.65,2933.75,588092,1728205884.65,41762,LEGACY
2019-05-02,GLAXO,GlaxoSmithKline Pharmaceuticals,EQ,INE159A01016,1285.1,1290.0,1275.55,1289.25,1290.0,1284.45,10755,13832050.15,1399,LEGACY
2019-05-02,GLENMARK,Glenmark Pharmaceuticals,EQ,INE935A01035,636.7,638.35,622.0,626.9,622.15,638.4,313580,197322587.75,9829,LEGACY
2019-05-02,GRANULES,Granules India,EQ,INE101D01020,112.0,114.45,110.6,111.2,111.3,112.15,319506,35824773.55,2707,LEGACY
2019-05-02,IPCALAB,IPCA Laboratories,EQ,INE571A01020,955.0,984.0,954.5,973.0,980.0,952.5,114044,110795202.7,9013,LEGACY
2019-05-02,JBCHEPHARM,JB Chemicals & Pharmaceuticals,EQ,INE572A01028,340.0,353.0,340.0,343.0,343.0,344.4,17432,6036176.9,1090,LEGACY
2019-05-02,LAURUSLABS,Laurus Labs,EQ,INE947Q01010,380.5,407.5,380.5,404.65,402.6,382.3,162263,64337350.95,6514,LEGACY
2019-05-02,LUPIN,Lupin,EQ,INE326A01037,870.0,884.0,867.0,877.2,877.0,872.05,936068,821957050.85,28089,LEGACY
2019-05-02,NATCOPHARM,Natco Pharma,EQ,INE987B01026,547.45,553.75,533.0,538.35,536.85,545.3,312792,169395190.45,10911,LEGACY
2019-05-02,PEL,Piramal Enterprises,EQ,INE140A01024,2360.0,2375.0,2285.0,2366.6,2373.0,2362.0,532129,1248699736.0,33108,LEGACY
2019-05-02,PFIZER,Pfizer,EQ,INE182A01018,3145.0,3169.95,3113.5,3150.4,3150.25,3142.9,6580,20711096.35,1391,LEGACY
2019-05-02,SANOFI,Sanofi India,EQ,INE058A01010,5655.0,5670.0,5575.0,5599.55,5597.95,5611.05,32123,180479498.1,3487,LEGACY
2019-05-02,STAR,Strides Pharma Science,EQ,INE939A01011,479.9,487.8,477.0,484.05,484.1,479.6,795059,383940576.0,13652,LEGACY
2019-05-02,SUNPHARMA,Sun Pharmaceutical Industries,EQ,INE044A01036,456.95,461.7,450.5,452.2,452.5,457.65,3732218,1702555564.2,76903,LEGACY
2019-05-02,TORNTPHARM,Torrent Pharmaceuticals,EQ,INE685A01028,1794.9,1801.0,1747.35,1768.9,1770.0,1791.9,233813,413310384.75,10434,LEGACY
2019-05-02,WOCKPHARMA,Wockhardt,EQ,INE049B01025,411.4,414.7,404.7,406.35,405.05,413.1,784087,320750881.2,12204,LEGACY
2019-05-03,ABBOTINDIA,Abbott India,EQ,INE358A01014,7429.95,7466.9,7361.3,7387.95,7394.0,7420.6,1278,9467725.4,492,LEGACY
2019-05-03,AJANTPHARM,Ajanta Pharma,EQ,INE031B01049,1060.0,1084.65,1041.0,1051.7,1049.25,1072.9,686186,724667733.65,18370,LEGACY
2019-05-03,ALKEM,Alkem Laboratories,EQ,INE540L01014,1727.95,1727.95,1701.55,1704.1,1703.5,1720.9,12632,21578787.45,2923,LEGACY
2019-05-03,APLLTD,Alembic Pharmaceuticals,EQ,INE901L01018,542.1,551.45,537.3,542.85,543.3,544.7,12654,6885707.2,1726,LEGACY
2019-05-03,AUROPHARMA,Aurobindo Pharma,EQ,INE406A01037,798.8,799.3,777.35,779.05,778.6,799.3,1530678,1203003405.7,40856,LEGACY
2019-05-03,BIOCON,Biocon,EQ,INE376G01013,558.0,563.0,549.2,551.05,551.4,557.85,4428154,2461734321.4,63184,LEGACY
2019-05-03,CADILAHC,Cadila Healthcare,EQ,INE010B01027,312.5,318.8,300.05,303.85,301.0,314.9,2044853,629442911.55,30028,LEGACY
2019-05-03,CIPLA,Cipla,EQ,INE059A01026,568.0,573.0,561.65,564.5,562.95,565.6,2758638,1563608340.55,31378,LEGACY
2019-05-03,DIVISLAB,Divi's Laboratories,EQ,INE361B01024,1718.0,1725.0,1696.25,1701.9,1698.0,1714.3,344975,590085433.05,20850,LEGACY
2019-05-03,DRREDDY,Dr. Reddy's Laboratories,EQ,INE089A01023,2910.1,2932.75,2890.7,2907.45,2906.1,2919.9,364533,1060779581.85,23615,LEGACY
2019-05-03,GLAXO,GlaxoSmithKline Pharmaceuticals,EQ,INE159A01016,1289.0,1289.25,1275.0,1283.85,1280.1,1289.25,15152,19388813.7,2093,LEGACY
2019-05-03,GLENMARK,Glenmark Pharmaceuticals,EQ,INE935A01035,626.0,635.4,619.0,633.2,634.7,626.9,482047,302105083.45,18783,LEGACY
2019-05-03,GRANULES,Granules India,EQ,INE101D01020,111.0,113.8,111.0,113.35,113.5,111.2,347484,39184440.65,2608,LEGACY
2019-05-03,IPCALAB,IPCA Laboratories,EQ,INE571A01020,979.05,982.4,967.45,977.0,975.0,973.0,60249,58738103.75,7130,LEGACY
2019-05-03,JBCHEPHARM,JB Chemicals & Pharmaceuticals,EQ,INE572A01028,343.0,347.65,342.0,345.05,344.85,343.0,10627,3653840.95,1824,LEGACY
2019-05-03,LAURUSLABS,Laurus Labs,EQ,INE947Q01010,399.95,405.95,389.0,399.25,397.2,404.65,104475,41649392.65,3944,LEGACY
2019-05-03,LUPIN,Lupin,EQ,INE326A01037,880.0,880.8,864.8,870.8,866.35,877.2,848496,738044223.9,29992,LEGACY
2019-05-03,NATCOPHARM,Natco Pharma,EQ,INE987B01026,539.7,542.65,531.2,534.0,532.15,538.35,211492,113111988.05,7709,LEGACY
2019-05-03,PEL,Piramal Enterprises,EQ,INE140A01024,2373.0,2373.0,2302.4,2317.05,2305.25,2366.6,428298,998017120.0,26895,LEGACY
2019-05-03,PFIZER,Pfizer,EQ,INE182A01018,3144.7,3159.95,3120.0,3127.65,3121.0,3150.4,7727,24197687.7,2527,LEGACY
2019-05-03,SANOFI,Sanofi India,EQ,INE058A01010,5575.0,5622.15,5502.0,5513.05,5526.0,5599.55,3579,19798657.25,1084,LEGACY
2019-05-03,STAR,Strides Pharma Science,EQ,INE939A01011,484.1,486.3,476.05,483.35,482.0,484.05,619728,298227384.7,8915,LEGACY
2019-05-03,SUNPHARMA,Sun Pharmaceutical Industries,EQ,INE044A01036,455.0,456.2,448.85,453.25,452.45,452.2,2585548,1169317216.9,54237,LEGACY
2019-05-03,TORNTPHARM,Torrent Pharmaceuticals,EQ,INE685A01028,1760.0,1784.05,1721.5,1750.15,1726.55,1768.9,145452,256387094.55,13996,LEGACY
2019-05-03,WOCKPHARMA,Wockhardt,EQ,INE049B01025,407.7,410.0,402.35,407.75,408.7,406.35,785890,319445947.2,11990,LEGACY
2019-05-06,ABBOTINDIA,Abbott India,EQ,INE358A01014,7370.05,7430.0,7360.0,7381.0,7373.65,7387.95,1411,10430686.65,460,LEGACY
2019-05-06,AJANTPHARM,Ajanta Pharma,EQ,INE031B01049,1030.0,1075.0,1028.45,1067.7,1075.0,1051.7,606570,642361761.1,17986,LEGACY
2019-05-06,ALKEM,Alkem Laboratories,EQ,INE540L01014,1712.5,1716.5,1676.1,1710.85,1711.9,1704.1,21823,36949051.05,3221,LEGACY
2019-05-06,APLLTD,Alembic Pharmaceuticals,EQ,INE901L01018,536.0,562.5,536.0,559.65,562.0,542.85,39065,21660400.75,2491,LEGACY
2019-05-06,AUROPHARMA,Aurobindo Pharma,EQ,INE406A01037,775.0,786.8,773.0,778.9,777.05,779.05,1276526,997557457.8,41153,LEGACY
2019-05-06,BIOCON,Biocon,EQ,INE376G01013,548.0,555.0,540.15,543.35,544.5,551.05,2636216,1440206049.7,53813,LEGACY
2019-05-06,CADILAHC,Cadila Healthcare,EQ,INE010B01027,293.0,311.45,292.85,307.45,307.45,303.85,4497822,1370180211.05,41653,LEGACY
2019-05-06,CIPLA,Cipla,EQ,INE059A01026,556.0,564.5,556.0,563.35,564.0,564.5,1715311,962740281.95,38504,LEGACY
2019-05-06,DIVISLAB,Divi's Laboratories,EQ,INE361B01024,1697.95,1714.1,1690.05,1694.65,1694.95,1701.9,246788,419946747.5,15553,LEGACY
2019-05-06,DRREDDY,Dr. Reddy's Laboratories,EQ,INE089A01023,2896.95,2929.95,2888.0,2920.6,2916.5,2907.45,411016,1197722959.7,20237,LEGACY
2019-05-06,GLAXO,GlaxoSmithKline Pharmaceuticals,EQ,INE159A01016,1283.85,1290.0,1275.0,1288.2,1290.0,1283.85,10749,13777678.55,1457,LEGACY
2019-05-06,GLENMARK,Glenmark Pharmaceuticals,EQ,INE935A01035,631.5,637.5,618.35,623.75,621.95,633.2,433045,271850549.9,13491,LEGACY
2019-05-06,GRANULES,Granules India,EQ,INE101D01020,112.7,114.6,111.45,112.15,111.8,113.35,516304,58260140.35,2807,LEGACY
2019-05-06,IPCALAB,IPCA Laboratories,EQ,INE571A01020,969.1,969.9,950.05,954.5,950.8,977.0,57195,54674294.85,7439,LEGACY
2019-05-06,JBCHEPHARM,JB Chemicals & Pharmaceuticals,EQ,INE572A01028,345.1,347.95,331.05,338.1,340.0,345.05,41793,14230637.55,2573,LEGACY
2019-05-06,LAURUSLABS,Laurus Labs,EQ,INE947Q01010,399.0,399.0,388.0,390.0,389.35,399.25,24277,9499407.85,1577,LEGACY
2019-05-06,LUPIN,Lupin,EQ,INE326A01037,852.05,870.45,852.05,867.45,865.4,870.8,849572,731405746.75,21347,LEGACY
2019-05-06,NATCOPHARM,Natco Pharma,EQ,INE987B01026,536.0,538.0,527.1,533.3,538.0,534.0,126752,67333836.65,5270,LEGACY
2019-05-06,PEL,Piramal Enterprises,EQ,INE140A01024,2280.0,2305.9,2250.0,2266.35,2260.1,2317.05,594869,1359362826.85,24518,LEGACY
2019-05-06,PFIZER,Pfizer,EQ,INE182A01018,3123.95,3170.0,3095.1,3138.1,3146.15,3127.65,5907,18443476.1,1728,LEGACY
2019-05-06,SANOFI,Sanofi India,EQ,INE058A01010,5526.0,5574.6,5489.1,5537.5,5530.0,5513.05,35943,198785072.65,782,LEGACY
2019-05-06,STAR,Strides Pharma Science,EQ,INE939A01011,476.0,487.3,451.65,456.45,454.0,483.35,2561117,1205651521.65,37060,LEGACY
2019-05-06,SUNPHARMA,Sun Pharmaceutical Industries,EQ,INE044A01036,448.0,455.9,446.45,453.15,452.55,453.25,3104707,1405587292.05,54759,LEGACY
2019-05-06,TORNTPHARM,Torrent Pharmaceuticals,EQ,INE685A01028,1730.25,1736.0,1710.4,1725.35,1719.35,1750.15,278670,480861010.75,9971,LEGACY
2019-05-06,WOCKPHARMA,Wockhardt,EQ,INE049B01025,396.15,414.35,396.15,409.0,408.0,407.75,1475083,598086140.65,22161,LEGACY
2019-05-07,ABBOTINDIA,Abbott India,EQ,INE358A01014,7420.0,7430.0,7252.3,7287.3,7280.0,7381.0,3922,28708025.35,808,LEGACY
2019-05-07,AJANTPHARM,Ajanta Pharma,EQ,INE031B01049,1075.0,1080.0,1046.0,1051.4,1053.95,1067.7,352776,375100703.05,10294,LEGACY
2019-05-07,ALKEM,Alkem Laboratories,EQ,INE540L01014,1712.1,1714.25,1670.0,1684.05,1676.0,1710.85,21201,36026496.3,3608,LEGACY
2019-05-07,APLLTD,Alembic Pharmaceuticals,EQ,INE901L01018,557.75,565.0,546.75,549.7,549.0,559.65,18531,10292525.95,1601,LEGACY
2019-05-07,AUROPHARMA,Aurobindo Pharma,EQ,INE406A01037,782.7,789.65,764.45,770.7,770.7,778.9,1597737,1244260500.3,63588,LEGACY
2019-05-07,BIOCON,Biocon,EQ,INE376G01013,548.5,558.95,545.25,550.9,550.75,543.35,2693607,1490698118.0,48635,LEGACY
2019-05-07,CADILAHC,Cadila Healthcare,EQ,INE010B01027,307.0,310.0,297.25,299.2,299.5,307.45,1434753,434899000.45,17974,LEGACY
2019-05-07,CIPLA,Cipla,EQ,INE059A01026,564.0,566.3,555.15,557.95,557.25,563.35,1478212,828716850.2,27928,LEGACY
2019-05-07,DIVISLAB,Divi's Laboratories,EQ,INE361B01024,1670.0,1706.3,1670.0,1689.15,1688.0,1694.65,559625,946638380.7,40520,LEGACY
2019-05-07,DRREDDY,Dr. Reddy's Laboratories,EQ,INE089A01023,2936.0,2952.0,2925.25,2942.45,2942.5,2920.6,458140,1347836995.4,32395,LEGACY
2019-05-07,GLAXO,GlaxoSmithKline Pharmaceuticals,EQ,INE159A01016,1286.0,1290.0,1267.0,1283.15,1287.9,1288.2,23672,30201006.3,2300,LEGACY
2019-05-07,GLENMARK,Glenmark Pharmaceuticals,EQ,INE935A01035,624.05,639.0,624.0,634.85,634.9,623.75,377102,238260595.85,17715,LEGACY
2019-05-07,GRANULES,Granules India,EQ,INE101D01020,111.2,117.25,110.1,111.0,110.1,112.15,965666,110089934.55,6013,LEGACY
2019-05-07,IPCALAB,IPCA Laboratories,EQ,INE571A01020,963.0,977.0,946.5,955.35,961.0,954.5,90555,86839139.15,7733,LEGACY
2019-05-07,JBCHEPHARM,JB Chemicals & Pharmaceuticals,EQ,INE572A01028,343.2,343.2,325.75,330.2,329.45,338.1,17200,5773063.0,1506,LEGACY
2019-05-07,LAURUSLABS,Laurus Labs,EQ,INE947Q01010,393.9,395.95,381.2,386.65,384.75,390.0,34463,13474111.45,4281,LEGACY
2019-05-07,LUPIN,Lupin,EQ,INE326A01037,869.0,870.8,851.55,854.7,856.4,867.45,793964,683590719.1,25136,LEGACY
2019-05-07,NATCOPHARM,Natco Pharma,EQ,INE987B01026,538.0,539.9,527.0,534.65,539.0,533.3,158251,84327182.2,4475,LEGACY
2019-05-07,PEL,Piramal Enterprises,EQ,INE140A01024,2285.0,2319.0,2225.1,2267.95,2259.5,2266.35,723460,1638981876.55,39237,LEGACY
2019-05-07,PFIZER,Pfizer,EQ,INE182A01018,3160.0,3164.0,3105.0,3127.85,3138.15,3138.1,6651,20839194.95,1746,LEGACY
2019-05-07,SANOFI,Sanofi India,EQ,INE058A01010,5576.1,5660.0,5500.0,5628.85,5630.0,5537.5,23476,131428467.8,4329,LEGACY
2019-05-07,STAR,Strides Pharma Science,EQ,INE939A01011,459.5,493.9,453.5,489.5,487.8,456.45,4227819,2037604248.3,56795,LEGACY
2019-05-07,SUNPHARMA,Sun Pharmaceutical Industries,EQ,INE044A01036,456.0,456.0,446.45,448.2,447.25,453.15,4189396,1891915823.7,60790,LEGACY
2019-05-07,TORNTPHARM,Torrent Pharmaceuticals,EQ,INE685A01028,1721.9,1734.1,1691.95,1701.25,1708.0,1725.35,324082,555402115.85,12643,LEGACY
2019-05-07,WOCKPHARMA,Wockhardt,EQ,INE049B01025,418.95,418.95,395.0,400.2,400.3,409.0,2527438,1024048445.9,40925,LEGACY
2019-05-08,ABBOTINDIA,Abbott India,EQ,INE358A01014,7300.0,7314.0,7260.0,7267.9,7265.0,7287.3,7624,55620306.35,837,LEGACY
2019-05-08,AJANTPHARM,Ajanta Pharma,EQ,INE031B01049,1048.0,1064.9,1043.0,1057.95,1063.0,1051.4,202055,213011176.65,6947,LEGACY
2019-05-08,ALKEM,Alkem Laboratories,EQ,INE540L01014,1684.05,1987.2,1680.0,1687.15,1682.4,1684.05,20667,35248861.45,3573,LEGACY
2019-05-08,APLLTD,Alembic Pharmaceuticals,EQ,INE901L01018,557.95,568.7,540.75,551.45,545.1,549.7,228052,126571277.4,7653,LEGACY
2019-05-08,AUROPHARMA,Aurobindo Pharma,EQ,INE406A01037,770.0,776.0,754.55,765.2,763.05,770.7,1648180,1261995739.5,43797,LEGACY
2019-05-08,BIOCON,Biocon,EQ,INE376G01013,555.0,560.0,543.3,545.7,545.7,550.9,2470546,1355662598.45,40256,LEGACY
2019-05-08,CADILAHC,Cadila Healthcare,EQ,INE010B01027,298.9,300.0,284.65,286.6,285.95,299.2,2044037,592252467.85,36072,LEGACY
2019-05-08,CIPLA,Cipla,EQ,INE059A01026,556.0,561.4,549.0,558.0,560.0,557.95,1890174,1050132122.95,37924,LEGACY
2019-05-08,DIVISLAB,Divi's Laboratories,EQ,INE361B01024,1686.6,1695.9,1654.1,1668.5,1661.0,1689.15,443167,739593727.5,22146,LEGACY
2019-05-08,DRREDDY,Dr. Reddy's Laboratories,EQ,INE089A01023,2943.0,2947.8,2882.6,2900.5,2897.15,2942.45,450398,1308511622.15,33704,LEGACY
2019-05-08,GLAXO,GlaxoSmithKline Pharmaceuticals,EQ,INE159A01016,1283.15,1283.15,1261.0,1270.0,1264.85,1283.15,11748,14927128.25,1287,LEGACY
2019-05-08,GLENMARK,Glenmark Pharmaceuticals,EQ,INE935A01035,636.45,636.45,596.1,603.7,597.2,634.85,931282,568801285.15,25792,LEGACY
2019-05-08,GRANULES,Granules India,EQ,INE101D01020,111.9,112.9,108.0,108.85,109.5,111.0,842868,92814346.2,9494,LEGACY
2019-05-08,IPCALAB,IPCA Laboratories,EQ,INE571A01020,947.7,960.0,940.6,950.05,944.15,955.35,84590,80353801.25,9659,LEGACY
2019-05-08,JBCHEPHARM,JB Chemicals & Pharmaceuticals,EQ,INE572A01028,326.5,328.3,320.0,325.7,328.0,330.2,71446,23107464.9,4981,LEGACY
2019-05-08,LAURUSLABS,Laurus Labs,EQ,INE947Q01010,390.4,390.4,380.0,380.65,380.0,386.65,47516,18243765.25,1958,LEGACY
2019-05-08,LUPIN,Lupin,EQ,INE326A01037,850.0,858.8,844.0,850.95,848.55,854.7,926036,789050499.4,23433,LEGACY
2019-05-08,NATCOPHARM,Natco Pharma,EQ,INE987B01026,538.5,542.85,528.6,538.1,540.0,534.65,132018,70552696.8,4242,LEGACY
2019-05-08,PEL,Piramal Enterprises,EQ,INE140A01024,2279.0,2279.0,2180.0,2193.1,2181.0,2267.95,507849,1126993797.0,30311,LEGACY
2019-05-08,PFIZER,Pfizer,EQ,INE182A01018,3142.0,3150.0,3016.05,3039.4,3046.3,3127.85,13246,40769626.1,2609,LEGACY
2019-05-08,SANOFI,Sanofi India,EQ,INE058A01010,5602.0,5634.85,5521.0,5565.7,5560.0,5628.85,7909,44174257.5,1292,LEGACY
2019-05-08,STAR,Strides Pharma Science,EQ,INE939A01011,485.0,498.7,480.7,489.1,488.7,489.5,2567139,1261627185.55,35397,LEGACY
2019-05-08,SUNPHARMA,Sun Pharmaceutical Industries,EQ,INE044A01036,447.75,449.85,433.45,439.15,436.0,448.2,4885249,2153903821.25,74176,LEGACY
2019-05-08,TORNTPHARM,Torrent Pharmaceuticals,EQ,INE685A01028,1692.2,1721.0,1682.0,1693.95,1697.0,1701.25,93600,159127713.8,6792,LEGACY
2019-05-08,WOCKPHARMA,Wockhardt,EQ,INE049B01025,396.5,399.55,387.0,388.55,387.25,400.2,1001335,393876729.0,15334,LEGACY
2019-05-09,ABBOTINDIA,Abbott India,EQ,INE358A01014,7285.0,7319.9,7235.15,7282.2,7295.0,7267.9,2015,14655497.3,658,LEGACY
2019-05-09,AJANTPHARM,Ajanta Pharma,EQ,INE031B01049,1050.0,1069.9,1048.5,1064.4,1060.5,1057.95,191893,203291169.65,7458,LEGACY
2019-05-09,ALKEM,Alkem Laboratories,EQ,INE540L01014,1678.7,1742.25,1670.45,1725.1,1720.0,1687.15,30799,52618603.45,4440,LEGACY
2019-05-09,APLLTD,Alembic Pharmaceuticals,EQ,INE901L01018,548.95,548.95,534.05,539.55,540.0,551.45,60642,32727109.85,2664,LEGACY
2019-05-09,AUROPHARMA,Aurobindo Pharma,EQ,INE406A01037,762.0,767.0,751.25,756.65,756.5,765.2,1182727,897085914.25,39987,LEGACY
2019-05-09,BIOCON,Biocon,EQ,INE376G01013,545.0,547.9,522.2,531.25,531.4,545.7,3794341,2011922997.3,62720,LEGACY
2019-05-09,CADILAHC,Cadila Healthcare,EQ,INE010B01027,284.25,292.45,282.3,290.55,291.3,286.6,2109439,608098371.6,34433,LEGACY
2019-05-09,CIPLA,Cipla,EQ,INE059A01026,559.9,561.05,548.7,557.75,556.1,558.0,1672967,927262424.85,28267,LEGACY
2019-05-09,DIVISLAB,Divi's Laboratories,EQ,INE361B01024,1661.5,1664.75,1615.0,1625.55,1619.0,1668.5,553836,908874616.2,29183,LEGACY
2019-05-09,DRREDDY,Dr. Reddy's Laboratories,EQ,INE089A01023,2882.25,2909.3,2838.6,2900.6,2908.4,2900.5,731120,2097150261.9,40021,LEGACY
2019-05-09,GLAXO,GlaxoSmithKline Pharmaceuticals,EQ,INE159A01016,1270.0,1270.0,1246.6,1259.35,1267.0,1270.0,18048,22685233.45,2458,LEGACY
2019-05-09,GLENMARK,Glenmark Pharmaceuticals,EQ,INE935A01035,600.0,613.0,600.0,610.3,611.1,603.7,555141,336994237.75,24983,LEGACY
2019-05-09,GRANULES,Granules India,EQ,INE101D01020,109.0,115.5,108.3,113.6,114.5,108.85,2855845,322337929.45,15973,LEGACY
2019-05-09,IPCALAB,IPCA Laboratories,EQ,INE571A01020,957.0,981.6,943.0,968.35,979.0,950.05,67628,64772065.65,9180,LEGACY
2019-05-09,JBCHEPHARM,JB Chemicals & Pharmaceuticals,EQ,INE572A01028,323.1,330.0,319.35,327.0,325.05,325.7,23747,7710125.6,1562,LEGACY
2019-05-09,LAURUSLABS,Laurus Labs,EQ,INE947Q01010,383.7,385.5,380.1,383.85,384.2,380.65,18912,7247473.9,1345,LEGACY
2019-05-09,LUPIN,Lupin,EQ,INE326A01037,847.0,868.0,835.0,865.0,866.05,850.95,1349553,1152258118.15,26309,LEGACY
2019-05-09,NATCOPHARM,Natco Pharma,EQ,INE987B01026,538.3,549.0,531.35,547.4,545.0,538.1,157331,85529412.55,4375,LEGACY
2019-05-09,PEL,Piramal Enterprises,EQ,INE140A01024,2180.95,2205.25,2146.0,2181.65,2179.95,2193.1,534274,1164151254.1,29255,LEGACY
2019-05-09,PFIZER,Pfizer,EQ,INE182A01018,3039.95,3039.95,2957.35,2993.5,3010.0,3039.4,14067,42048669.7,3421,LEGACY
2019-05-09,SANOFI,Sanofi India,EQ,INE058A01010,5565.45,5628.0,5500.0,5504.4,5500.05,5565.7,13902,77203872.0,1766,LEGACY
2019-05-09,STAR,Strides Pharma Science,EQ,INE939A01011,486.4,488.95,481.05,484.45,483.5,489.1,681193,330610308.15,13506,LEGACY
2019-05-09,SUNPHARMA,Sun Pharmaceutical Industries,EQ,INE044A01036,436.0,442.7,431.55,439.35,439.25,439.15,3550114,1553525484.5,57904,LEGACY
2019-05-09,TORNTPHARM,Torrent Pharmaceuticals,EQ,INE685A01028,1696.95,1709.95,1662.0,1669.9,1665.25,1693.95,239381,400605417.9,6726,LEGACY
2019-05-09,WOCKPHARMA,Wockhardt,EQ,INE049B01025,387.8,390.65,381.0,383.3,382.0,388.55,989204,381084586.5,14646,LEGACY
2019-05-10,ABBOTINDIA,Abbott India,EQ,INE358A01014,7282.1,7310.0,7265.05,7276.0,7280.0,7282.2,1088,7924220.55,400,LEGACY
2019-05-10,AJANTPHARM,Ajanta Pharma,EQ,INE031B01049,1070.95,1082.0,1056.05,1068.35,1068.95,1064.4,290847,311582274.5,11133,LEGACY
2019-05-10,ALKEM,Alkem Laboratories,EQ,INE540L01014,1716.45,1739.9,1700.5,1735.9,1730.0,1725.1,14415,24892063.4,2133,LEGACY
2019-05-10,APLLTD,Alembic Pharmaceuticals,EQ,INE901L01018,540.4,544.25,531.7,533.95,532.0,539.55,25302,13628677.25,1025,LEGACY
2019-05-10,AUROPHARMA,Aurobindo Pharma,EQ,INE406A01037,756.95,762.65,743.25,748.25,744.2,756.65,1096638,825452501.0,32318,LEGACY
2019-05-10,BIOCON,Biocon,EQ,INE376G01013,532.0,544.85,531.4,538.95,537.0,531.25,2063636,1115305905.4,52229,LEGACY
2019-05-10,CADILAHC,Cadila Healthcare,EQ,INE010B01027,288.0,294.9,286.65,289.25,289.0,290.55,917658,266031074.0,16890,LEGACY
2019-05-10,CIPLA,Cipla,EQ,INE059A01026,557.75,562.7,551.0,555.55,552.8,557.75,1687480,940338775.35,40212,LEGACY
2019-05-10,DIVISLAB,Divi's Laboratories,EQ,INE361B01024,1609.2,1657.8,1603.0,1650.35,1652.8,1625.55,637110,1046097559.2,24029,LEGACY
2019-05-10,DRREDDY,Dr. Reddy's Laboratories,EQ,INE089A01023,2908.0,2917.2,2866.35,2876.4,2873.0,2900.6,339092,977760484.45,27127,LEGACY
2019-05-10,GLAXO,GlaxoSmithKline Pharmaceuticals,EQ,INE159A01016,1259.0,1280.0,1250.0,1274.85,1280.0,1259.35,10870,13751274.4,1123,LEGACY
2019-05-10,GLENMARK,Glenmark Pharmaceuticals,EQ,INE935A01035,614.9,627.0,607.25,617.25,616.4,610.3,524495,324349901.65,20053,LEGACY
2019-05-10,GRANULES,Granules India,EQ,INE101D01020,113.9,115.1,108.55,110.15,110.2,113.6,1935987,216772251.05,17481,LEGACY
2019-05-10,IPCALAB,IPCA Laboratories,EQ,INE571A01020,976.1,984.95,960.0,973.15,975.0,968.35,49662,48118088.9,6276,LEGACY
2019-05-10,JBCHEPHARM,JB Chemicals & Pharmaceuticals,EQ,INE572A01028,325.5,326.35,321.2,324.75,325.0,327.0,14732,4779398.1,1409,LEGACY
2019-05-10,LAURUSLABS,Laurus Labs,EQ,INE947Q01010,382.05,389.1,382.05,386.15,385.0,383.85,14817,5718284.0,1081,LEGACY
2019-05-10,LUPIN,Lupin,EQ,INE326A01037,867.0,867.0,831.45,835.9,833.0,865.0,1590833,1346400047.15,42038,LEGACY
2019-05-10,NATCOPHARM,Natco Pharma,EQ,INE987B01026,546.9,546.9,536.0,541.95,536.1,547.4,165707,89793224.75,3792,LEGACY
2019-05-10,PEL,Piramal Enterprises,EQ,INE140A01024,2181.65,2230.0,2166.45,2199.65,2190.95,2181.65,376281,826962941.45,29343,LEGACY
2019-05-10,PFIZER,Pfizer,EQ,INE182A01018,3009.8,3058.0,2990.0,3025.95,3049.0,2993.5,5936,17918101.2,1221,LEGACY
2019-05-10,SANOFI,Sanofi India,EQ,INE058A01010,5499.85,5534.05,5405.3,5413.9,5410.0,5504.4,9989,54305815.8,3352,LEGACY
2019-05-10,STAR,Strides Pharma Science,EQ,INE939A01011,484.45,506.55,478.55,484.45,482.2,484.45,2943603,1443986187.95,57731,LEGACY
2019-05-10,SUNPHARMA,Sun Pharmaceutical Industries,EQ,INE044A01036,437.0,442.65,434.45,437.75,437.65,439.35,3482485,1526655373.55,62727,LEGACY
2019-05-10,TORNTPHARM,Torrent Pharmaceuticals,EQ,INE685A01028,1669.75,1696.0,1655.0,1682.45,1677.9,1669.9,265645,446428264.2,10344,LEGACY
2019-05-10,WOCKPHARMA,Wockhardt,EQ,INE049B01025,380.85,384.6,377.2,379.7,379.0,383.3,968599,369249582.25,14330,LEGACY
2019-05-13,ABBOTINDIA,Abbott India,EQ,INE358A01014,7251.0,7325.0,7241.0,7283.85,7275.0,7276.0,4122,30037114.3,476,LEGACY
2019-05-13,AJANTPHARM,Ajanta Pharma,EQ,INE031B01049,1066.0,1068.0,1034.0,1043.8,1042.8,1068.35,162163,170818500.6,5276,LEGACY
2019-05-13,ALKEM,Alkem Laboratories,EQ,INE540L01014,1702.55,1739.0,1702.55,1712.05,1712.0,1735.9,15285,26291065.35,4101,LEGACY
2019-05-13,APLLTD,Alembic Pharmaceuticals,EQ,INE901L01018,533.3,534.2,527.4,530.2,527.4,533.95,16911,8969183.75,1479,LEGACY
2019-05-13,AUROPHARMA,Aurobindo Pharma,EQ,INE406A01037,745.0,747.15,701.0,717.2,717.45,748.25,1882969,1370063345.9,59017,LEGACY
2019-05-13,BIOCON,Biocon,EQ,INE376G01013,538.0,540.95,520.55,525.2,523.8,538.95,1181187,625754576.5,22682,LEGACY
2019-05-13,CADILAHC,Cadila Healthcare,EQ,INE010B01027,279.65,284.05,265.0,268.85,270.0,289.25,3848880,1059406842.15,37286,LEGACY
2019-05-13,CIPLA,Cipla,EQ,INE059A01026,552.0,556.75,529.6,546.7,550.15,555.55,2027570,1113590824.85,43071,LEGACY
2019-05-13,DIVISLAB,Divi's Laboratories,EQ,INE361B01024,1652.8,1652.8,1613.9,1625.15,1630.5,1650.35,255768,417878306.8,9867,LEGACY
2019-05-13,DRREDDY,Dr. Reddy's Laboratories,EQ,INE089A01023,2850.05,2859.95,2777.65,2802.75,2801.15,2876.4,659200,1864223577.3,30574,LEGACY
2019-05-13,GLAXO,GlaxoSmithKline Pharmaceuticals,EQ,INE159A01016,1273.95,1280.0,1258.8,1278.1,1280.0,1274.85,10272,13105432.6,1304,LEGACY
2019-05-13,GLENMARK,Glenmark Pharmaceuticals,EQ,INE935A01035,611.0,616.75,589.1,592.35,593.45,617.25,720449,434746949.0,21697,LEGACY
2019-05-13,GRANULES,Granules India,EQ,INE101D01020,110.1,112.9,108.35,109.65,110.4,110.15,1407739,154536061.05,28809,LEGACY
2019-05-13,IPCALAB,IPCA Laboratories,EQ,INE571A01020,977.9,977.9,915.55,929.5,925.0,973.15,127575,119495651.85,5697,LEGACY
2019-05-13,JBCHEPHARM,JB Chemicals & Pharmaceuticals,EQ,INE572A01028,323.1,324.55,313.0,318.0,318.3,324.75,32584,10388144.4,1475,LEGACY
2019-05-13,LAURUSLABS,Laurus Labs,EQ,INE947Q01010,390.0,396.0,375.5,378.15,377.25,386.15,38407,14596422.6,1231,LEGACY
2019-05-13,LUPIN,Lupin,EQ,INE326A01037,833.0,835.0,783.1,800.25,803.0,835.9,1594702,1295740874.95,31252,LEGACY
2019-05-13,NATCOPHARM,Natco Pharma,EQ,INE987B01026,542.0,544.25,528.55,540.1,531.0,541.95,258711,139262687.1,5699,LEGACY
2019-05-13,PEL,Piramal Enterprises,EQ,INE140A01024,2200.0,2208.0,2107.45,2118.6,2110.0,2199.65,410475,877413614.7,24932,LEGACY
2019-05-13,PFIZER,Pfizer,EQ,INE182A01018,3043.0,3043.0,2959.55,3008.9,2986.45,3025.95,9277,27819425.85,2060,LEGACY
2019-05-13,SANOFI,Sanofi India,EQ,INE058A01010,5413.9,5544.0,5362.25,5448.25,5450.0,5413.9,12887,69895164.6,1682,LEGACY
2019-05-13,STAR,Strides Pharma Science,EQ,INE939A01011,482.0,482.15,429.65,435.5,436.0,484.45,5098364,2285630852.9,73436,LEGACY
2019-05-13,SUNPHARMA,Sun Pharmaceutical Industries,EQ,INE044A01036,437.75,437.75,344.55,398.1,414.0,437.75,24079258,9657555365.45,260840,LEGACY
2019-05-13,TORNTPHARM,Torrent Pharmaceuticals,EQ,INE685A01028,1652.15,1674.1,1635.75,1648.85,1643.55,1682.45,350893,580878389.2,12554,LEGACY
2019-05-13,WOCKPHARMA,Wockhardt,EQ,INE049B01025,377.1,377.15,349.0,358.6,356.9,379.7,1547936,566953939.85,25233,LEGACY
2019-05-14,ABBOTINDIA,Abbott India,EQ,INE358A01014,7270.0,7285.0,7198.0,7261.35,7279.75,7283.85,1935,14008522.85,561,LEGACY
2019-05-14,AJANTPHARM,Ajanta Pharma,EQ,INE031B01049,1033.25,1060.0,1032.15,1054.25,1057.6,1043.8,173550,182247085.85,5926,LEGACY
2019-05-14,ALKEM,Alkem Laboratories,EQ,INE540L01014,1703.5,1735.15,1703.5,1719.95,1718.0,1712.05,35987,61992386.95,4646,LEGACY
2019-05-14,APLLTD,Alembic Pharmaceuticals,EQ,INE901L01018,524.0,531.95,520.0,529.45,531.9,530.2,16576,8712344.15,1251,LEGACY
2019-05-14,AUROPHARMA,Aurobindo Pharma,EQ,INE406A01037,718.45,719.8,702.4,714.9,713.5,717.2,2081793,1482804789.05,44643,LEGACY
2019-05-14,BIOCON,Biocon,EQ,INE376G01013,525.2,537.95,518.2,529.4,530.0,525.2,1731873,919512281.5,44821,LEGACY
2019-05-14,CADILAHC,Cadila Healthcare,EQ,INE010B01027,268.0,269.0,259.4,260.65,261.2,268.85,2820073,743255251.6,39175,LEGACY
2019-05-14,CIPLA,Cipla,EQ,INE059A01026,546.0,560.75,541.2,556.0,555.6,546.7,1822829,1006336457.55,35328,LEGACY
2019-05-14,DIVISLAB,Divi's Laboratories,EQ,INE361B01024,1634.85,1634.85,1594.0,1617.35,1618.0,1625.15,422106,681360296.9,18671,LEGACY
2019-05-14,DRREDDY,Dr. Reddy's Laboratories,EQ,INE089A01023,2785.8,2827.0,2760.05,2807.6,2812.0,2802.75,484950,1356994306.45,27142,LEGACY
2019-05-14,GLAXO,GlaxoSmithKline Pharmaceuticals,EQ,INE159A01016,1278.0,1280.0,1268.0,1279.9,1280.0,1278.1,12862,16444050.65,1206,LEGACY
2019-05-14,GLENMARK,Glenmark Pharmaceuticals,EQ,INE935A01035,584.0,608.9,582.85,602.7,603.0,592.35,701925,419323560.6,21234,LEGACY
2019-05-14,GRANULES,Granules India,EQ,INE101D01020,108.5,110.9,108.35,110.2,110.75,109.65,608880,66831715.25,13096,LEGACY
2019-05-14,IPCALAB,IPCA Laboratories,EQ,INE571A01020,920.2,938.15,897.0,926.05,934.0,929.5,225770,207746770.65,27975,LEGACY
2019-05-14,JBCHEPHARM,JB Chemicals & Pharmaceuticals,EQ,INE572A01028,313.15,327.0,311.95,325.9,324.0,318.0,40420,12913846.05,2112,LEGACY
2019-05-14,LAURUSLABS,Laurus Labs,EQ,INE947Q01010,378.15,381.0,367.6,378.85,379.0,378.15,43873,16462682.55,2521,LEGACY
2019-05-14,LUPIN,Lupin,EQ,INE326A01037,796.5,817.75,794.5,810.4,807.5,800.25,1569711,1265776873.35,49384,LEGACY
2019-05-14,NATCOPHARM,Natco Pharma,EQ,INE987B01026,536.8,545.8,529.0,533.25,531.15,540.1,386097,207913915.15,8795,LEGACY
2019-05-14,PEL,Piramal Enterprises,EQ,INE140A01024,2112.0,2179.9,2075.4,2143.9,2143.95,2118.6,470385,1002155451.7,28242,LEGACY
2019-05-14,PFIZER,Pfizer,EQ,INE182A01018,2976.0,3014.45,2951.1,2979.2,2969.0,3008.9,10873,32442581.1,3218,LEGACY
2019-05-14,SANOFI,Sanofi India,EQ,INE058A01010,5448.8,5460.0,5361.55,5445.4,5410.0,5448.25,45644,247067110.1,7751,LEGACY
2019-05-14,STAR,Strides Pharma Science,EQ,INE939A01011,437.0,444.35,431.0,438.8,438.85,435.5,1477907,648727991.25,22576,LEGACY
2019-05-14,SUNPHARMA,Sun Pharmaceutical Industries,EQ,INE044A01036,406.05,424.5,403.25,419.45,420.5,398.1,18797497,7768770750.85,222948,LEGACY
2019-05-14,TORNTPHARM,Torrent Pharmaceuticals,EQ,INE685A01028,1622.5,1661.95,1622.5,1649.4,1654.45,1648.85,405433,666670115.45,21446,LEGACY
2019-05-14,WOCKPHARMA,Wockhardt,EQ,INE049B01025,358.3,384.0,349.1,379.95,383.0,358.6,1958714,720965899.45,27638,LEGACY
2019-05-15,ABBOTINDIA,Abbott India,EQ,INE358A01014,7277.6,7300.0,7221.55,7274.75,7251.0,7261.35,982,7139416.55,389,LEGACY
2019-05-15,AJANTPHARM,Ajanta Pharma,EQ,INE031B01049,1057.25,1093.15,1036.0,1045.2,1045.0,1054.25,508358,544040229.75,14417,LEGACY
2019-05-15,ALKEM,Alkem Laboratories,EQ,INE540L01014,1728.8,1728.8,1690.95,1712.95,1700.5,1719.95,41247,70462075.2,3949,LEGACY
2019-05-15,APLLTD,Alembic Pharmaceuticals,EQ,INE901L01018,530.0,534.9,521.35,529.75,525.0,529.45,19463,10302449.8,2500,LEGACY
2019-05-15,AUROPHARMA,Aurobindo Pharma,EQ,INE406A01037,713.5,736.85,705.35,709.55,709.6,714.9,2926292,2113873225.25,74144,LEGACY
2019-05-15,BIOCON,Biocon,EQ,INE376G01013,532.45,536.9,525.05,530.6,528.85,529.4,1304612,694690871.75,33757,LEGACY
2019-05-15,CADILAHC,Cadila Healthcare,EQ,INE010B01027,263.0,264.55,255.1,260.45,259.7,260.65,2946302,769426248.6,27741,LEGACY
2019-05-15,CIPLA,Cipla,EQ,INE059A01026,554.0,562.5,551.5,555.7,555.0,556.0,1396473,778160305.45,34557,LEGACY
2019-05-15,DIVISLAB,Divi's Laboratories,EQ,INE361B01024,1610.5,1654.0,1602.0,1608.85,1609.0,1617.35,639846,1046143837.3,27871,LEGACY
2019-05-15,DRREDDY,Dr. Reddy's Laboratories,EQ,INE089A01023,2811.0,2853.85,2792.0,2813.55,2812.1,2807.6,478805,1353252521.75,38179,LEGACY
2019-05-15,GLAXO,GlaxoSmithKline Pharmaceuticals,EQ,INE159A01016,1277.15,1280.2,1266.2,1279.95,1278.4,1279.9,15030,19215321.25,657,LEGACY
2019-05-15,GLENMARK,Glenmark Pharmaceuticals,EQ,INE935A01035,605.0,614.0,586.2,588.45,587.2,602.7,466689,279206253.5,19105,LEGACY
2019-05-15,GRANULES,Granules India,EQ,INE101D01020,109.7,111.55,109.7,110.35,110.5,110.2,273236,30213447.3,5572,LEGACY
2019-05-15,IPCALAB,IPCA Laboratories,EQ,INE571A01020,921.0,960.0,912.7,917.5,915.0,926.05,124381,115268238.65,9098,LEGACY
2019-05-15,JBCHEPHARM,JB Chemicals & Pharmaceuticals,EQ,INE572A01028,325.9,333.0,320.25,329.4,329.95,325.9,49303,16035220.95,1134,LEGACY
2019-05-15,LAURUSLABS,Laurus Labs,EQ,INE947Q01010,381.25,381.25,368.25,370.1,368.3,378.85,26976,10076342.0,1108,LEGACY
2019-05-15,LUPIN,Lupin,EQ,INE326A01037,810.0,819.45,768.2,782.15,779.05,810.4,4169535,3323147585.45,83336,LEGACY
2019-05-15,NATCOPHARM,Natco Pharma,EQ,INE987B01026,535.9,537.75,526.0,529.1,527.0,533.25,65269,34771535.35,2095,LEGACY
2019-05-15,PEL,Piramal Enterprises,EQ,INE140A01024,2159.8,2172.0,2122.45,2139.3,2132.0,2143.9,594336,1274588067.0,18823,LEGACY
2019-05-15,PFIZER,Pfizer,EQ,INE182A01018,2950.35,3039.0,2950.0,2994.55,3025.0,2979.2,6912,20592570.5,1109,LEGACY
2019-05-15,SANOFI,Sanofi India,EQ,INE058A01010,5450.3,5472.1,5409.3,5433.35,5430.3,5445.4,1451,7892102.8,544,LEGACY
2019-05-15,STAR,Strides Pharma Science,EQ,INE939A01011,442.3,446.0,413.9,419.05,418.7,438.8,1437405,618027931.85,23019,LEGACY
2019-05-15,SUNPHARMA,Sun Pharmaceutical Industries,EQ,INE044A01036,420.0,424.5,407.1,409.75,411.0,419.45,7581005,3151082906.15,101795,LEGACY
2019-05-15,TORNTPHARM,Torrent Pharmaceuticals,EQ,INE685A01028,1649.5,1659.65,1615.3,1631.55,1635.5,1649.4,264178,431816653.2,15758,LEGACY
2019-05-15,WOCKPHARMA,Wockhardt,EQ,INE049B01025,383.0,386.9,375.25,378.45,378.5,379.95,1365184,519628666.8,20191,LEGACY
2019-05-16,ABBOTINDIA,Abbott India,EQ,INE358A01014,7298.95,7299.0,7160.0,7191.05,7251.0,7274.75,4140,29809606.1,1056,LEGACY
2019-05-16,AJANTPHARM,Ajanta Pharma,EQ,INE031B01049,1049.0,1052.0,1020.95,1036.4,1033.3,1045.2,202476,209467692.9,6489,LEGACY
2019-05-16,ALKEM,Alkem Laboratories,EQ,INE540L01014,1713.15,1713.15,1678.05,1686.75,1681.0,1712.95,7052,11927013.0,1792,LEGACY
2019-05-16,APLLTD,Alembic Pharmaceuticals,EQ,INE901L01018,527.05,531.0,524.25,527.2,530.0,529.75,20504,10835659.55,1350,LEGACY
2019-05-16,AUROPHARMA,Aurobindo Pharma,EQ,INE406A01037,712.95,728.7,691.3,726.3,724.85,709.55,2766633,1976962480.55,63138,LEGACY
2019-05-16,BIOCON,Biocon,EQ,INE376G01013,531.0,533.0,519.2,525.55,525.0,530.6,1924062,1011139052.15,55278,LEGACY
2019-05-16,CADILAHC,Cadila Healthcare,EQ,INE010B01027,260.2,261.0,241.75,257.7,256.05,260.45,8000269,2001687961.1,84002,LEGACY
2019-05-16,CIPLA,Cipla,EQ,INE059A01026,554.0,556.7,541.05,550.2,549.15,555.7,2589467,1422280304.0,38029,LEGACY
2019-05-16,DIVISLAB,Divi's Laboratories,EQ,INE361B01024,1612.2,1648.35,1597.9,1640.3,1636.2,1608.85,494855,805215124.75,27521,LEGACY
2019-05-16,DRREDDY,Dr. Reddy's Laboratories,EQ,INE089A01023,2813.15,2826.35,2760.2,2801.0,2810.0,2813.55,385300,1077134248.5,32877,LEGACY
2019-05-16,GLAXO,GlaxoSmithKline Pharmaceuticals,EQ,INE159A01016,1279.6,1280.0,1265.3,1279.75,1272.55,1279.95,10967,13986595.35,1009,LEGACY
2019-05-16,GLENMARK,Glenmark Pharmaceuticals,EQ,INE935A01035,592.0,593.85,567.0,576.2,576.15,588.45,861242,495976284.7,30039,LEGACY
2019-05-16,GRANULES,Granules India,EQ,INE101D01020,110.5,111.05,106.95,107.4,107.8,110.35,445547,48429475.8,5496,LEGACY
2019-05-16,IPCALAB,IPCA Laboratories,EQ,INE571A01020,920.0,927.9,903.65,910.05,913.0,917.5,61912,56928800.15,6182,LEGACY
2019-05-16,JBCHEPHARM,JB Chemicals & Pharmaceuticals,EQ,INE572A01028,330.6,332.4,322.9,330.95,328.05,329.4,12155,3992495.9,494,LEGACY
2019-05-16,LAURUSLABS,Laurus Labs,EQ,INE947Q01010,372.3,375.15,368.9,373.4,375.0,370.1,44696,16662447.5,1031,LEGACY
2019-05-16,LUPIN,Lupin,EQ,INE326A01037,766.05,788.75,736.4,782.6,774.0,782.15,10072198,7661880237.7,188367,LEGACY
2019-05-16,NATCOPHARM,Natco Pharma,EQ,INE987B01026,533.4,533.4,522.15,523.9,523.0,529.1,75301,39625294.0,2838,LEGACY
2019-05-16,PEL,Piramal Enterprises,EQ,INE140A01024,2139.3,2140.0,2022.1,2046.6,2048.05,2139.3,1249692,2570571578.95,50547,LEGACY
2019-05-16,PFIZER,Pfizer,EQ,INE182A01018,3023.0,3023.0,2972.0,2988.95,2980.0,2994.55,10386,31073693.2,2665,LEGACY
2019-05-16,SANOFI,Sanofi India,EQ,INE058A01010,5425.05,5440.45,5390.0,5409.3,5407.0,5433.35,8285,44871191.15,729,LEGACY
2019-05-16,STAR,Strides Pharma Science,EQ,INE939A01011,421.5,423.55,408.65,417.0,416.2,419.05,1250290,520935558.25,19796,LEGACY
2019-05-16,SUNPHARMA,Sun Pharmaceutical Industries,EQ,INE044A01036,411.5,419.6,379.05,412.4,412.15,409.75,25156049,10059672073.35,279863,LEGACY
2019-05-16,TORNTPHARM,Torrent Pharmaceuticals,EQ,INE685A01028,1640.05,1669.9,1611.75,1661.65,1656.55,1631.55,354217,579170650.95,16665,LEGACY
2019-05-16,WOCKPHARMA,Wockhardt,EQ,INE049B01025,379.6,379.6,358.0,363.55,364.2,378.45,1457518,532029353.6,21543,LEGACY
2019-05-17,ABBOTINDIA,Abbott India,EQ,INE358A01014,7212.0,7424.0,7200.0,7401.7,7400.0,7191.05,2681,19650995.8,764,LEGACY
2019-05-17,AJANTPHARM,Ajanta Pharma,EQ,INE031B01049,1040.0,1040.0,1015.1,1026.0,1024.0,1036.4,214428,219881791.85,8026,LEGACY
2019-05-17,ALKEM,Alkem Laboratories,EQ,INE540L01014,1678.3,1702.75,1675.05,1691.95,1694.0,1686.75,18338,30936260.2,3032,LEGACY
2019-05-17,APLLTD,Alembic Pharmaceuticals,EQ,INE901L01018,527.35,530.05,524.75,528.2,528.0,527.2,7684,4057468.4,424,LEGACY
2019-05-17,AUROPHARMA,Aurobindo Pharma,EQ,INE406A01037,728.4,728.4,662.0,670.45,670.1,726.3,11691715,7902767927.4,198627,LEGACY
2019-05-17,BIOCON,Biocon,EQ,INE376G01013,523.5,525.0,515.7,520.75,519.0,525.55,2056296,1070014978.65,48706,LEGACY
2019-05-17,CADILAHC,Cadila Healthcare,EQ,INE010B01027,257.7,260.2,247.2,249.65,250.05,257.7,4218861,1056808524.5,63445,LEGACY
2019-05-17,CIPLA,Cipla,EQ,INE059A01026,549.0,551.95,541.0,544.15,542.85,550.2,1194005,650569870.0,37695,LEGACY
2019-05-17,DIVISLAB,Divi's Laboratories,EQ,INE361B01024,1636.0,1653.0,1622.1,1632.7,1638.0,1640.3,363216,594556500.15,21999,LEGACY
2019-05-17,DRREDDY,Dr. Reddy's Laboratories,EQ,INE089A01023,2791.0,2810.0,2667.45,2745.0,2724.75,2801.0,1160721,3198687548.9,66208,LEGACY
2019-05-17,GLAXO,GlaxoSmithKline Pharmaceuticals,EQ,INE159A01016,1277.05,1280.0,1269.0,1278.2,1279.95,1279.75,13817,17630093.2,984,LEGACY
2019-05-17,GLENMARK,Glenmark Pharmaceuticals,EQ,INE935A01035,578.0,585.95,569.65,581.1,579.4,576.2,454240,262953860.5,17591,LEGACY
2019-05-17,GRANULES,Granules India,EQ,INE101D01020,107.25,109.4,104.6,105.85,106.65,107.4,1064640,112508614.1,7802,LEGACY
2019-05-17,IPCALAB,IPCA Laboratories,EQ,INE571A01020,917.4,949.0,910.5,919.35,923.0,910.05,73463,67593853.65,3778,LEGACY
2019-05-17,JBCHEPHARM,JB Chemicals & Pharmaceuticals,EQ,INE572A01028,329.95,337.6,329.0,335.05,335.2,330.95,99794,32962904.3,2260,LEGACY
2019-05-17,LAURUSLABS,Laurus Labs,EQ,INE947Q01010,376.85,376.85,370.0,373.0,371.2,373.4,59953,22343560.1,1576,LEGACY
2019-05-17,LUPIN,Lupin,EQ,INE326A01037,771.0,773.0,746.3,753.15,753.5,782.6,2931867,2222401071.05,64346,LEGACY
2019-05-17,NATCOPHARM,Natco Pharma,EQ,INE987B01026,525.8,525.8,518.0,521.0,520.0,523.9,121447,63188281.95,3958,LEGACY
2019-05-17,PEL,Piramal Enterprises,EQ,INE140A01024,2040.0,2150.0,2035.65,2132.8,2130.0,2046.6,905037,1892641269.15,37098,LEGACY
2019-05-17,PFIZER,Pfizer,EQ,INE182A01018,2968.0,3029.0,2960.0,3011.25,2995.15,2988.95,9006,26936469.9,1983,LEGACY
2019-05-17,SANOFI,Sanofi India,EQ,INE058A01010,5410.2,5439.95,5360.75,5380.6,5377.0,5409.3,25775,139306607.8,2898,LEGACY
2019-05-17,STAR,Strides Pharma Science,EQ,INE939A01011,416.4,423.55,411.0,414.1,417.6,417.0,1061216,442373101.5,20838,LEGACY
2019-05-17,SUNPHARMA,Sun Pharmaceutical Industries,EQ,INE044A01036,409.05,416.0,401.7,409.1,409.6,412.4,7747301,3155512081.25,131130,LEGACY
2019-05-17,TORNTPHARM,Torrent Pharmaceuticals,EQ,INE685A01028,1665.0,1674.9,1635.75,1647.85,1650.0,1661.65,210604,348583976.85,22918,LEGACY
2019-05-17,WOCKPHARMA,Wockhardt,EQ,INE049B01025,364.2,368.5,359.45,364.85,368.0,363.55,1011321,367469971.9,15563,LEGACY
2019-05-20,ABBOTINDIA,Abbott India,EQ,INE358A01014,7420.0,7540.05,7404.0,7497.6,7510.0,7401.7,3029,22606612.3,716,LEGACY
2019-05-20,AJANTPHARM,Ajanta Pharma,EQ,INE031B01049,1041.55,1054.95,1007.6,1026.9,1028.05,1026.0,467152,481255867.6,11621,LEGACY
2019-05-20,ALKEM,Alkem Laboratories,EQ,INE540L01014,1700.0,1735.0,1675.05,1720.9,1714.0,1691.95,18395,31341495.5,3168,LEGACY
2019-05-20,APLLTD,Alembic Pharmaceuticals,EQ,INE901L01018,534.0,534.0,524.9,529.5,530.0,528.2,16968,8972272.15,1491,LEGACY
2019-05-20,AUROPHARMA,Aurobindo Pharma,EQ,INE406A01037,682.5,683.85,657.3,664.25,664.0,670.45,5163329,3444982706.5,157620,LEGACY
2019-05-20,BIOCON,Biocon,EQ,INE376G01013,533.0,533.0,508.75,523.05,522.0,520.75,2821290,1468199990.45,50853,LEGACY
2019-05-20,CADILAHC,Cadila Healthcare,EQ,INE010B01027,251.05,257.45,248.0,250.55,250.0,249.65,3865005,972380447.9,36218,LEGACY
2019-05-20,CIPLA,Cipla,EQ,INE059A01026,560.0,567.0,550.4,565.45,565.9,544.15,1586746,888870091.7,25841,LEGACY
2019-05-20,DIVISLAB,Divi's Laboratories,EQ,INE361B01024,1680.0,1690.0,1640.0,1659.7,1655.3,1632.7,482091,799845446.65,33321,LEGACY
2019-05-20,DRREDDY,Dr. Reddy's Laboratories,EQ,INE089A01023,2778.0,2779.0,2542.55,2589.4,2594.0,2745.0,2659265,6902189650.85,130910,LEGACY
2019-05-20,GLAXO,GlaxoSmithKline Pharmaceuticals,EQ,INE159A01016,1282.65,1288.9,1269.7,1279.75,1277.0,1278.2,46415,59341520.8,2176,LEGACY
2019-05-20,GLENMARK,Glenmark Pharmaceuticals,EQ,INE935A01035,586.0,596.3,574.25,576.7,576.9,581.1,377365,219017772.25,13649,LEGACY
2019-05-20,GRANULES,Granules India,EQ,INE101D01020,107.9,109.2,107.35,108.05,108.25,105.85,486247,52648546.05,4792,LEGACY
2019-05-20,IPCALAB,IPCA Laboratories,EQ,INE571A01020,930.0,946.0,918.75,932.3,928.75,919.35,89701,83453449.45,4544,LEGACY
2019-05-20,JBCHEPHARM,JB Chemicals & Pharmaceuticals,EQ,INE572A01028,339.0,343.0,335.0,340.25,343.0,335.05,74835,25188121.45,1197,LEGACY
2019-05-20,LAURUSLABS,Laurus Labs,EQ,INE947Q01010,381.0,381.0,373.55,376.55,376.1,373.0,34490,13024487.2,1226,LEGACY
2019-05-20,LUPIN,Lupin,EQ,INE326A01037,770.0,770.8,746.05,759.55,757.0,753.15,1925792,1455636144.9,39595,LEGACY
2019-05-20,NATCOPHARM,Natco Pharma,EQ,INE987B01026,528.05,537.0,521.2,525.35,524.2,521.0,103486,54378616.4,3481,LEGACY
2019-05-20,PEL,Piramal Enterprises,EQ,INE140A01024,2200.0,2299.0,2190.0,2287.85,2290.0,2132.8,1284365,2910525516.75,46578,LEGACY
2019-05-20,PFIZER,Pfizer,EQ,INE182A01018,3060.0,3224.0,2998.0,3142.4,3190.0,3011.25,20260,62893693.4,3261,LEGACY
2019-05-20,SANOFI,Sanofi India,EQ,INE058A01010,5488.0,5534.9,5408.65,5480.7,5489.9,5380.6,15430,84566975.7,2571,LEGACY
2019-05-20,STAR,Strides Pharma Science,EQ,INE939A01011,424.0,426.95,416.5,422.25,422.3,414.1,658732,277543605.9,16000,LEGACY
2019-05-20,SUNPHARMA,Sun Pharmaceutical Industries,EQ,INE044A01036,420.0,429.0,410.2,413.5,414.2,409.1,3809738,1580786620.7,53992,LEGACY
2019-05-20,TORNTPHARM,Torrent Pharmaceuticals,EQ,INE685A01028,1660.05,1689.15,1644.95,1654.4,1658.95,1647.85,119474,198015842.95,10084,LEGACY
2019-05-20,WOCKPHARMA,Wockhardt,EQ,INE049B01025,370.0,391.9,370.0,387.7,389.75,364.85,1241797,474649291.2,19240,LEGACY
2019-05-21,ABBOTINDIA,Abbott India,EQ,INE358A01014,7540.0,7835.0,7497.6,7696.75,7725.0,7497.6,9070,70149191.3,1890,LEGACY
2019-05-21,AJANTPHARM,Ajanta Pharma,EQ,INE031B01049,1035.0,1044.0,1005.35,1016.25,1014.1,1026.9,271207,276847325.0,7685,LEGACY
2019-05-21,ALKEM,Alkem Laboratories,EQ,INE540L01014,1700.2,1721.85,1685.0,1692.45,1687.0,1720.9,8815,14936211.55,1941,LEGACY
2019-05-21,APLLTD,Alembic Pharmaceuticals,EQ,INE901L01018,529.0,539.8,526.6,527.35,529.6,529.5,42105,22423786.65,3307,LEGACY
2019-05-21,AUROPHARMA,Aurobindo Pharma,EQ,INE406A01037,665.0,680.0,658.85,666.45,665.5,664.25,4277829,2864154097.95,108235,LEGACY
2019-05-21,BIOCON,Biocon,EQ,INE376G01013,529.0,531.85,517.65,518.85,519.05,523.05,1537925,806171324.35,34346,LEGACY
2019-05-21,CADILAHC,Cadila Healthcare,EQ,INE010B01027,251.7,255.0,243.0,244.75,244.8,250.55,3941548,973236513.7,56662,LEGACY
2019-05-21,CIPLA,Cipla,EQ,INE059A01026,565.45,580.0,552.75,559.35,558.65,565.45,4286383,2430185293.5,69702,LEGACY
2019-05-21,DIVISLAB,Divi's Laboratories,EQ,INE361B01024,1658.0,1715.0,1658.0,1696.5,1697.95,1659.7,494321,838817905.7,23798,LEGACY
2019-05-21,DRREDDY,Dr. Reddy's Laboratories,EQ,INE089A01023,2594.0,2699.95,2594.0,2667.0,2665.0,2589.4,2008336,5368657940.75,104334,LEGACY
2019-05-21,GLAXO,GlaxoSmithKline Pharmaceuticals,EQ,INE159A01016,1272.0,1283.2,1265.3,1275.6,1272.4,1279.75,16432,20931343.8,1624,LEGACY
2019-05-21,GLENMARK,Glenmark Pharmaceuticals,EQ,INE935A01035,580.0,585.4,566.2,575.45,575.2,576.7,516221,296438573.0,20461,LEGACY
2019-05-21,GRANULES,Granules India,EQ,INE101D01020,107.6,111.0,107.6,108.1,107.65,108.05,507219,55306644.4,4479,LEGACY
2019-05-21,IPCALAB,IPCA Laboratories,EQ,INE571A01020,939.85,940.4,915.0,919.35,920.05,932.3,80339,74515082.45,5005,LEGACY
2019-05-21,JBCHEPHARM,JB Chemicals & Pharmaceuticals,EQ,INE572A01028,340.0,354.0,337.45,345.25,343.15,340.25,125849,43686206.05,2297,LEGACY
2019-05-21,LAURUSLABS,Laurus Labs,EQ,INE947Q01010,372.1,375.8,369.05,371.6,372.55,376.55,25905,9654536.55,1478,LEGACY
2019-05-21,LUPIN,Lupin,EQ,INE326A01037,756.0,776.5,745.0,747.4,746.45,759.55,1976172,1501461907.45,53662,LEGACY
2019-05-21,NATCOPHARM,Natco Pharma,EQ,INE987B01026,529.85,529.85,518.4,521.1,522.9,525.35,130308,68107812.45,5359,LEGACY
2019-05-21,PEL,Piramal Enterprises,EQ,INE140A01024,2290.0,2383.25,2216.1,2228.4,2224.9,2287.85,1308047,2989912341.35,58840,LEGACY
2019-05-21,PFIZER,Pfizer,EQ,INE182A01018,3151.05,3275.0,3151.05,3196.9,3190.05,3142.4,23164,74683246.95,3607,LEGACY
2019-05-21,SANOFI,Sanofi India,EQ,INE058A01010,5464.0,5522.35,5432.0,5486.95,5509.0,5480.7,28763,157776957.0,1703,LEGACY
2019-05-21,STAR,Strides Pharma Science,EQ,INE939A01011,426.0,436.95,408.5,411.75,411.5,422.25,1780909,751530072.25,31630,LEGACY
2019-05-21,SUNPHARMA,Sun Pharmaceutical Industries,EQ,INE044A01036,414.2,423.75,405.65,408.85,408.6,413.5,6228488,2584147178.95,100521,LEGACY
2019-05-21,TORNTPHARM,Torrent Pharmaceuticals,EQ,INE685A01028,1619.0,1619.0,1525.35,1601.5,1600.0,1654.4,1675815,2643668991.85,70066,LEGACY
2019-05-21,WOCKPHARMA,Wockhardt,EQ,INE049B01025,389.0,399.7,381.1,383.8,382.1,387.7,1344357,524185243.4,22680,LEGACY
2019-05-22,ABBOTINDIA,Abbott India,EQ,INE358A01014,7773.7,7829.0,7640.7,7783.65,7800.0,7696.75,2474,19163722.5,623,LEGACY
2019-05-22,AJANTPHARM,Ajanta Pharma,EQ,INE031B01049,1012.1,1029.9,1004.55,1025.65,1023.05,1016.25,195035,198310552.0,7508,LEGACY
2019-05-22,ALKEM,Alkem Laboratories,EQ,INE540L01014,1694.9,1708.25,1685.1,1691.35,1685.1,1692.45,6641,11239699.25,1232,LEGACY
2019-05-22,APLLTD,Alembic Pharmaceuticals,EQ,INE901L01018,527.9,531.0,523.3,525.1,526.8,527.35,56799,29844109.5,2346,LEGACY
2019-05-22,AUROPHARMA,Aurobindo Pharma,EQ,INE406A01037,670.0,674.8,663.0,664.55,664.3,666.45,1519832,1015378210.95,36535,LEGACY
2019-05-22,BIOCON,Biocon,EQ,INE376G01013,520.85,523.95,516.0,518.35,517.5,518.85,1096396,569790163.5,25473,LEGACY
2019-05-22,CADILAHC,Cadila Healthcare,EQ,INE010B01027,244.4,251.65,242.1,250.35,250.2,244.75,3185013,788799339.6,54084,LEGACY
2019-05-22,CIPLA,Cipla,EQ,INE059A01026,562.0,574.0,550.05,553.0,553.9,559.35,7762734,4369865685.6,133426,LEGACY
2019-05-22,DIVISLAB,Divi's Laboratories,EQ,INE361B01024,1704.9,1706.2,1670.0,1680.2,1695.0,1696.5,342013,575699349.75,24550,LEGACY
2019-05-22,DRREDDY,Dr. Reddy's Laboratories,EQ,INE089A01023,2664.9,2679.9,2621.85,2657.75,2670.0,2667.0,765196,2032136221.8,47900,LEGACY
2019-05-22,GLAXO,GlaxoSmithKline Pharmaceuticals,EQ,INE159A01016,1277.0,1280.0,1271.0,1278.9,1276.0,1275.6,24664,31490193.15,2524,LEGACY
2019-05-22,GLENMARK,Glenmark Pharmaceuticals,EQ,INE935A01035,577.85,577.85,567.0,570.05,575.8,575.45,467037,267519285.65,22345,LEGACY
2019-05-22,GRANULES,Granules India,EQ,INE101D01020,108.25,109.0,105.7,106.65,107.3,108.1,431872,46229933.8,5061,LEGACY
2019-05-22,IPCALAB,IPCA Laboratories,EQ,INE571A01020,924.95,932.0,911.55,924.45,925.0,919.35,300508,277681940.15,8653,LEGACY
2019-05-22,JBCHEPHARM,JB Chemicals & Pharmaceuticals,EQ,INE572A01028,359.85,378.0,350.0,364.9,365.4,345.25,786949,287087199.5,20099,LEGACY
2019-05-22,LAURUSLABS,Laurus Labs,EQ,INE947Q01010,370.0,379.3,367.9,375.75,376.0,371.6,24552,9209168.45,775,LEGACY
2019-05-22,LUPIN,Lupin,EQ,INE326A01037,748.0,760.95,741.65,757.2,760.0,747.4,1557588,1174591635.35,48176,LEGACY
2019-05-22,NATCOPHARM,Natco Pharma,EQ,INE987B01026,522.8,524.0,518.05,520.5,519.65,521.1,106038,55306487.8,5627,LEGACY
2019-05-22,PEL,Piramal Enterprises,EQ,INE140A01024,2209.05,2218.55,2140.0,2184.7,2184.0,2228.4,943267,2047218321.95,51491,LEGACY
2019-05-22,PFIZER,Pfizer,EQ,INE182A01018,3181.0,3222.05,3161.0,3198.65,3185.1,3196.9,8648,27596721.4,1989,LEGACY
2019-05-22,SANOFI,Sanofi India,EQ,INE058A01010,5524.6,5578.15,5470.0,5528.25,5550.0,5486.95,9358,51761304.3,4649,LEGACY
2019-05-22,STAR,Strides Pharma Science,EQ,INE939A01011,411.0,417.95,403.05,414.25,414.0,411.75,1127302,463688162.6,18954,LEGACY
2019-05-22,SUNPHARMA,Sun Pharmaceutical Industries,EQ,INE044A01036,409.0,423.55,408.0,421.2,423.0,408.85,7277731,3049539861.8,124840,LEGACY
2019-05-22,TORNTPHARM,Torrent Pharmaceuticals,EQ,INE685A01028,1601.45,1601.45,1537.15,1559.5,1555.15,1601.5,408485,635676461.0,29829,LEGACY
2019-05-22,WOCKPHARMA,Wockhardt,EQ,INE049B01025,383.8,398.0,378.25,394.3,394.95,383.8,1344188,525644172.75,22203,LEGACY
2019-05-23,ABBOTINDIA,Abbott India,EQ,INE358A01014,7785.1,7849.95,7645.0,7665.35,7660.0,7783.65,2762,21284648.65,847,LEGACY
2019-05-23,AJANTPHARM,Ajanta Pharma,EQ,INE031B01049,1033.65,1039.0,1005.2,1008.9,1008.5,1025.65,150346,153283136.55,6445,LEGACY
2019-05-23,ALKEM,Alkem Laboratories,EQ,INE540L01014,1698.95,1710.35,1676.05,1681.95,1683.0,1691.35,8571,14484043.4,2475,LEGACY
2019-05-23,APLLTD,Alembic Pharmaceuticals,EQ,INE901L01018,530.0,533.75,523.55,528.65,528.95,525.1,56360,29610676.9,4241,LEGACY
2019-05-23,AUROPHARMA,Aurobindo Pharma,EQ,INE406A01037,670.0,691.4,656.5,672.15,670.5,664.55,3325461,2242069499.55,93597,LEGACY
2019-05-23,BIOCON,Biocon,EQ,INE376G01013,525.95,526.0,508.5,510.6,511.05,518.35,1839483,952941724.05,44596,LEGACY
2019-05-23,CADILAHC,Cadila Healthcare,EQ,INE010B01027,253.0,255.7,248.7,250.3,249.95,250.35,4433569,1116711903.95,33383,LEGACY
2019-05-23,CIPLA,Cipla,EQ,INE059A01026,561.9,568.9,543.75,564.75,565.2,553.0,5640728,3160630322.85,108433,LEGACY
2019-05-23,DIVISLAB,Divi's Laboratories,EQ,INE361B01024,1710.0,1744.0,1692.0,1732.45,1739.95,1680.2,543073,934619887.0,40811,LEGACY
2019-05-23,DRREDDY,Dr. Reddy's Laboratories,EQ,INE089A01023,2680.0,2699.9,2626.4,2637.3,2630.0,2657.75,546632,1453081853.05,43628,LEGACY
2019-05-23,GLAXO,GlaxoSmithKline Pharmaceuticals,EQ,INE159A01016,1277.25,1285.45,1265.0,1271.0,1266.0,1278.9,23685,30101129.95,2183,LEGACY
2019-05-23,GLENMARK,Glenmark Pharmaceuticals,EQ,INE935A01035,576.5,581.75,559.15,562.35,560.85,570.05,783801,447281198.2,19751,LEGACY
2019-05-23,GRANULES,Granules India,EQ,INE101D01020,107.8,109.35,105.1,106.5,106.4,106.65,442835,47743376.55,6368,LEGACY
2019-05-23,IPCALAB,IPCA Laboratories,EQ,INE571A01020,935.0,936.85,905.0,914.5,915.6,924.45,217816,200168784.35,11265,LEGACY
2019-05-23,JBCHEPHARM,JB Chemicals & Pharmaceuticals,EQ,INE572A01028,370.0,372.4,357.0,370.0,369.95,364.9,136219,49902046.5,5688,LEGACY
2019-05-23,LAURUSLABS,Laurus Labs,EQ,INE947Q01010,377.6,382.45,372.85,374.9,373.15,375.75,43494,16333664.3,1576,LEGACY
2019-05-23,LUPIN,Lupin,EQ,INE326A01037,763.55,768.0,747.0,749.95,748.0,757.2,1332580,1011465953.55,55363,LEGACY
2019-05-23,NATCOPHARM,Natco Pharma,EQ,INE987B01026,521.4,523.9,510.0,511.55,510.05,520.5,102088,52787728.45,4743,LEGACY
2019-05-23,PEL,Piramal Enterprises,EQ,INE140A01024,2225.0,2280.2,2151.4,2166.4,2168.0,2184.7,1497940,3326301689.15,67740,LEGACY
2019-05-23,PFIZER,Pfizer,EQ,INE182A01018,3225.0,3273.95,3082.0,3099.4,3086.75,3198.65,27081,85068267.7,5661,LEGACY
2019-05-23,SANOFI,Sanofi India,EQ,INE058A01010,5599.7,5599.7,5401.0,5480.85,5500.0,5528.25,38219,209969825.25,3910,LEGACY
2019-05-23,STAR,Strides Pharma Science,EQ,INE939A01011,420.0,426.4,410.55,415.1,415.0,414.25,842952,352449508.6,18867,LEGACY
2019-05-23,SUNPHARMA,Sun Pharmaceutical Industries,EQ,INE044A01036,425.0,427.0,410.2,412.95,413.45,421.2,5906044,2474659236.15,97297,LEGACY
2019-05-23,TORNTPHARM,Torrent Pharmaceuticals,EQ,INE685A01028,1561.0,1587.95,1541.85,1552.2,1552.2,1559.5,296363,461837274.65,31604,LEGACY
2019-05-23,WOCKPHARMA,Wockhardt,EQ,INE049B01025,399.0,403.7,388.55,391.35,392.35,394.3,902335,358216843.2,15532,LEGACY
2019-05-24,ABBOTINDIA,Abbott India,EQ,INE358A01014,7770.0,7941.0,7709.95,7909.15,7910.0,7665.35,5151,40601227.7,1095,LEGACY
2019-05-24,AJANTPHARM,Ajanta Pharma,EQ,INE031B01049,1009.15,1044.95,1007.15,1039.25,1044.5,1008.9,169474,173742936.05,7034,LEGACY
2019-05-24,ALKEM,Alkem Laboratories,EQ,INE540L01014,1683.1,1715.0,1680.05,1711.0,1710.0,1681.95,13442,22853341.05,2161,LEGACY
2019-05-24,APLLTD,Alembic Pharmaceuticals,EQ,INE901L01018,525.0,529.95,518.5,519.7,520.0,528.65,15645,8166338.85,1200,LEGACY
2019-05-24,AUROPHARMA,Aurobindo Pharma,EQ,INE406A01037,675.0,684.55,671.75,680.65,679.8,672.15,1385499,940345815.55,47685,LEGACY
2019-05-24,BIOCON,Biocon,EQ,INE376G01013,511.85,535.95,511.55,534.6,535.8,510.6,3107094,1643869182.55,57820,LEGACY
2019-05-24,CADILAHC,Cadila Healthcare,EQ,INE010B01027,249.05,256.8,247.65,252.8,252.3,250.3,3132312,790386492.8,34107,LEGACY
2019-05-24,CIPLA,Cipla,EQ,INE059A01026,569.2,572.5,559.45,570.6,570.3,564.75,1796355,1019898069.85,55681,LEGACY
2019-05-24,DIVISLAB,Divi's Laboratories,EQ,INE361B01024,1742.1,1774.0,1737.0,1765.65,1774.0,1732.45,572794,1004878221.45,23976,LEGACY
2019-05-24,DRREDDY,Dr. Reddy's Laboratories,EQ,INE089A01023,2650.0,2673.95,2626.2,2663.9,2662.0,2637.3,471150,1250694106.05,30920,LEGACY
2019-05-24,GLAXO,GlaxoSmithKline Pharmaceuticals,EQ,INE159A01016,1277.0,1280.0,1267.0,1279.65,1275.4,1271.0,21604,27576311.45,1984,LEGACY
2019-05-24,GLENMARK,Glenmark Pharmaceuticals,EQ,INE935A01035,564.2,567.0,555.0,559.0,557.8,562.35,707301,395347839.95,13311,LEGACY
2019-05-24,GRANULES,Granules India,EQ,INE101D01020,106.8,113.5,106.8,110.7,111.0,106.5,828164,91742822.0,6837,LEGACY
2019-05-24,IPCALAB,IPCA Laboratories,EQ,INE571A01020,920.0,941.4,918.05,933.65,939.0,914.5,116996,109085144.1,7439,LEGACY
2019-05-24,JBCHEPHARM,JB Chemicals & Pharmaceuticals,EQ,INE572A01028,375.0,379.0,367.65,376.3,375.0,370.0,109522,40933942.15,2762,LEGACY
2019-05-24,LAURUSLABS,Laurus Labs,EQ,INE947Q01010,374.95,380.35,371.0,373.9,375.0,374.9,32757,12292035.05,1794,LEGACY
2019-05-24,LUPIN,Lupin,EQ,INE326A01037,747.0,766.15,747.0,763.3,762.0,749.95,762430,580004840.15,16542,LEGACY
2019-05-24,NATCOPHARM,Natco Pharma,EQ,INE987B01026,512.0,516.0,507.7,510.2,510.0,511.55,153699,78510538.9,3970,LEGACY
2019-05-24,PEL,Piramal Enterprises,EQ,INE140A01024,2152.3,2219.85,2152.3,2199.25,2199.95,2166.4,536383,1177593185.2,36652,LEGACY
2019-05-24,PFIZER,Pfizer,EQ,INE182A01018,3123.0,3194.5,3062.25,3149.45,3165.05,3099.4,15953,49885345.25,2976,LEGACY
2019-05-24,SANOFI,Sanofi India,EQ,INE058A01010,5500.0,5500.0,5385.0,5395.45,5397.0,5480.85,6913,37425266.75,3110,LEGACY
2019-05-24,STAR,Strides Pharma Science,EQ,INE939A01011,416.75,423.6,411.65,421.45,421.5,415.1,603250,252660455.2,12034,LEGACY
2019-05-24,SUNPHARMA,Sun Pharmaceutical Industries,EQ,INE044A01036,416.7,418.0,411.65,415.75,416.4,412.95,3010407,1249377997.8,56560,LEGACY
2019-05-24,TORNTPHARM,Torrent Pharmaceuticals,EQ,INE685A01028,1554.8,1566.9,1511.2,1528.45,1530.0,1552.2,326421,499585859.3,28429,LEGACY
2019-05-24,WOCKPHARMA,Wockhardt,EQ,INE049B01025,392.0,409.4,389.25,407.1,408.0,391.35,983792,394557422.6,17330,LEGACY
2019-05-27,ABBOTINDIA,Abbott India,EQ,INE358A01014,7999.85,8098.0,7927.4,8000.95,8010.0,7909.15,11783,94305504.6,1596,LEGACY
2019-05-27,AJANTPHARM,Ajanta Pharma,EQ,INE031B01049,1048.85,1057.05,1035.2,1051.6,1047.0,1039.25,221439,231780121.8,8578,LEGACY
2019-05-27,ALKEM,Alkem Laboratories,EQ,INE540L01014,1710.0,1732.0,1705.65,1725.4,1720.0,1711.0,9556,16456541.6,2955,LEGACY
2019-05-27,APLLTD,Alembic Pharmaceuticals,EQ,INE901L01018,524.0,524.5,517.7,519.25,519.5,519.7,21002,10926823.9,1425,LEGACY
2019-05-27,AUROPHARMA,Aurobindo Pharma,EQ,INE406A01037,682.4,684.85,672.05,681.7,679.9,680.65,1587132,1077323733.85,37777,LEGACY
2019-05-27,BIOCON,Biocon,EQ,INE376G01013,534.6,553.45,531.9,550.9,552.0,534.6,2766564,1516290944.0,44074,LEGACY
2019-05-27,CADILAHC,Cadila Healthcare,EQ,INE010B01027,254.6,259.75,253.0,255.0,255.05,252.8,2755381,703941458.65,30039,LEGACY
2019-05-27,CIPLA,Cipla,EQ,INE059A01026,570.0,586.0,568.0,578.7,577.5,570.6,1959075,1136031108.55,44831,LEGACY
2019-05-27,DIVISLAB,Divi's Laboratories,EQ,INE361B01024,1729.5,1730.05,1578.05,1593.45,1590.0,1765.65,3084161,4997785603.45,118228,LEGACY
2019-05-27,DRREDDY,Dr. Reddy's Laboratories,EQ,INE089A01023,2664.0,2669.0,2632.45,2658.0,2658.15,2663.9,340656,903400693.85,19527,LEGACY
2019-05-27,GLAXO,GlaxoSmithKline Pharmaceuticals,EQ,INE159A01016,1278.85,1280.0,1273.0,1279.8,1280.0,1279.65,16007,20470538.05,1375,LEGACY
2019-05-27,GLENMARK,Glenmark Pharmaceuticals,EQ,INE935A01035,560.0,564.8,556.5,559.45,560.0,559.0,432832,242442913.1,16661,LEGACY
2019-05-27,GRANULES,Granules India,EQ,INE101D01020,113.0,114.0,111.1,111.9,111.8,110.7,386549,43341715.0,4182,LEGACY
2019-05-27,IPCALAB,IPCA Laboratories,EQ,INE571A01020,941.2,944.25,920.1,926.5,923.0,933.65,76399,70859726.75,3472,LEGACY
2019-05-27,JBCHEPHARM,JB Chemicals & Pharmaceuticals,EQ,INE572A01028,376.0,380.9,371.3,375.4,379.8,376.3,53635,20162807.85,1041,LEGACY
2019-05-27,LAURUSLABS,Laurus Labs,EQ,INE947Q01010,377.4,377.4,369.05,372.35,372.0,373.9,25777,9614081.45,965,LEGACY
2019-05-27,LUPIN,Lupin,EQ,INE326A01037,742.55,755.9,720.0,743.3,745.1,763.3,3299637,2435712963.5,69274,LEGACY
2019-05-27,NATCOPHARM,Natco Pharma,EQ,INE987B01026,510.7,530.0,510.7,524.95,525.95,510.2,215853,113272771.8,7644,LEGACY
2019-05-27,PEL,Piramal Enterprises,EQ,INE140A01024,2235.0,2235.0,2176.35,2188.8,2185.0,2199.25,394659,868074573.75,17080,LEGACY
2019-05-27,PFIZER,Pfizer,EQ,INE182A01018,3198.0,3223.0,3138.05,3184.35,3180.85,3149.45,10604,33722641.95,1661,LEGACY
2019-05-27,SANOFI,Sanofi India,EQ,INE058A01010,5395.45,5499.0,5362.0,5419.8,5410.0,5395.45,2396,13021642.75,839,LEGACY
2019-05-27,STAR,Strides Pharma Science,EQ,INE939A01011,424.0,428.35,417.5,423.85,424.0,421.45,678567,287278868.5,11234,LEGACY
2019-05-27,SUNPHARMA,Sun Pharmaceutical Industries,EQ,INE044A01036,416.95,421.5,411.55,414.85,414.5,415.75,3886561,1616614717.9,52845,LEGACY
2019-05-27,TORNTPHARM,Torrent Pharmaceuticals,EQ,INE685A01028,1515.5,1527.15,1505.05,1511.0,1507.0,1528.45,249882,378443385.3,12497,LEGACY
2019-05-27,WOCKPHARMA,Wockhardt,EQ,INE049B01025,408.0,413.0,401.2,406.15,407.0,407.1,789157,320841497.0,13347,LEGACY
2019-05-28,ABBOTINDIA,Abbott India,EQ,INE358A01014,8050.0,8065.0,7655.0,7696.6,7730.0,8000.95,16428,127615314.35,5806,LEGACY
2019-05-28,AJANTPHARM,Ajanta Pharma,EQ,INE031B01049,1053.05,1066.0,1031.6,1038.65,1036.7,1051.6,285528,299364939.05,12608,LEGACY
2019-05-28,ALKEM,Alkem Laboratories,EQ,INE540L01014,1733.0,1739.45,1711.0,1729.85,1730.0,1725.4,4827,8325337.0,1408,LEGACY
2019-05-28,APLLTD,Alembic Pharmaceuticals,EQ,INE901L01018,521.5,537.5,521.0,532.5,536.5,519.25,57545,30446687.1,5119,LEGACY
2019-05-28,AUROPHARMA,Aurobindo Pharma,EQ,INE406A01037,683.0,690.95,672.5,674.7,674.5,681.7,2727292,1853065525.5,70029,LEGACY
2019-05-28,BIOCON,Biocon,EQ,INE376G01013,550.0,557.8,533.65,541.1,543.0,550.9,3198994,1744261696.7,61408,LEGACY
2019-05-28,CADILAHC,Cadila Healthcare,EQ,INE010B01027,256.25,263.95,250.7,258.25,261.95,255.0,24803528,6389457689.95,144856,LEGACY
2019-05-28,CIPLA,Cipla,EQ,INE059A01026,579.0,584.2,571.5,577.95,578.05,578.7,2469586,1427500704.85,104488,LEGACY
2019-05-28,DIVISLAB,Divi's Laboratories,EQ,INE361B01024,1600.0,1629.0,1585.6,1617.85,1615.0,1593.45,1231843,1990568412.35,57262,LEGACY
2019-05-28,DRREDDY,Dr. Reddy's Laboratories,EQ,INE089A01023,2665.0,2684.0,2626.4,2651.95,2651.7,2658.0,1252297,3323526487.5,68649,LEGACY
2019-05-28,GLAXO,GlaxoSmithKline Pharmaceuticals,EQ,INE159A01016,1277.7,1282.45,1275.0,1278.95,1275.15,1279.8,35010,44791323.7,2261,LEGACY
2019-05-28,GLENMARK,Glenmark Pharmaceuticals,EQ,INE935A01035,564.0,565.7,555.5,557.05,556.0,559.45,735034,410064168.5,31826,LEGACY
2019-05-28,GRANULES,Granules India,EQ,INE101D01020,112.4,115.25,112.4,114.8,115.0,111.9,808514,92381511.45,7608,LEGACY
2019-05-28,IPCALAB,IPCA Laboratories,EQ,INE571A01020,928.0,950.0,907.0,931.6,933.25,926.5,120042,111212827.05,6803,LEGACY
2019-05-28,JBCHEPHARM,JB Chemicals & Pharmaceuticals,EQ,INE572A01028,382.3,407.0,375.1,385.25,386.0,375.4,239005,93314707.8,6960,LEGACY
2019-05-28,LAURUSLABS,Laurus Labs,EQ,INE947Q01010,367.25,374.55,352.4,359.55,361.8,372.35,88322,31997021.2,7706,LEGACY
2019-05-28,LUPIN,Lupin,EQ,INE326A01037,749.0,754.65,742.05,743.7,744.0,743.3,1658011,1236074968.4,58596,LEGACY
2019-05-28,NATCOPHARM,Natco Pharma,EQ,INE987B01026,480.0,533.0,480.0,529.9,532.95,524.95,1464661,758368452.15,38950,LEGACY
2019-05-28,PEL,Piramal Enterprises,EQ,INE140A01024,2190.0,2214.95,2181.6,2198.6,2198.65,2188.8,602614,1324448323.15,32574,LEGACY
2019-05-28,PFIZER,Pfizer,EQ,INE182A01018,3181.0,3318.0,3181.0,3291.0,3313.0,3184.35,27840,90562118.55,6157,LEGACY
2019-05-28,SANOFI,Sanofi India,EQ,INE058A01010,5445.0,5519.0,5420.05,5491.65,5480.0,5419.8,18508,101555584.5,3846,LEGACY
2019-05-28,STAR,Strides Pharma Science,EQ,INE939A01011,427.3,431.9,421.25,428.85,431.0,423.85,675295,288059287.7,15201,LEGACY
2019-05-28,SUNPHARMA,Sun Pharmaceutical Industries,EQ,INE044A01036,417.0,420.5,410.2,412.75,414.5,414.85,7987111,3313934120.85,110149,LEGACY
2019-05-28,TORNTPHARM,Torrent Pharmaceuticals,EQ,INE685A01028,1507.05,1544.0,1507.0,1523.5,1527.95,1511.0,175281,268387822.55,7369,LEGACY
2019-05-28,WOCKPHARMA,Wockhardt,EQ,INE049B01025,405.0,413.45,398.0,400.15,399.9,406.15,867202,351752945.35,15609,LEGACY
2019-05-29,ABBOTINDIA,Abbott India,EQ,INE358A01014,7749.9,7839.95,7737.45,7806.35,7800.0,7696.6,5816,45261028.25,1537,LEGACY
2019-05-29,AJANTPHARM,Ajanta Pharma,EQ,INE031B01049,1034.5,1044.5,1022.5,1032.45,1023.5,1038.65,137245,141745634.85,5540,LEGACY
2019-05-29,ALKEM,Alkem Laboratories,EQ,INE540L01014,1722.0,1734.0,1712.65,1729.15,1728.0,1729.85,5936,10242286.1,1369,LEGACY
2019-05-29,APLLTD,Alembic Pharmaceuticals,EQ,INE901L01018,534.5,535.1,520.15,521.55,520.65,532.5,13982,7351541.7,1006,LEGACY
2019-05-29,AUROPHARMA,Aurobindo Pharma,EQ,INE406A01037,685.0,698.0,670.1,686.75,685.4,674.7,6191891,4259914742.15,121600,LEGACY
2019-05-29,BIOCON,Biocon,EQ,INE376G01013,541.1,549.35,538.6,541.7,542.15,541.1,1855522,1011168872.05,39260,LEGACY
2019-05-29,CADILAHC,Cadila Healthcare,EQ,INE010B01027,264.0,270.7,257.55,263.75,263.1,258.25,10126701,2677269645.7,105878,LEGACY
2019-05-29,CIPLA,Cipla,EQ,INE059A01026,577.4,582.45,559.9,564.35,561.75,577.95,1948077,1114218559.3,54016,LEGACY
2019-05-29,DIVISLAB,Divi's Laboratories,EQ,INE361B01024,1618.0,1624.4,1585.2,1589.1,1594.8,1617.85,474654,758298330.05,21369,LEGACY
2019-05-29,DRREDDY,Dr. Reddy's Laboratories,EQ,INE089A01023,2650.0,2650.0,2592.45,2610.75,2607.5,2651.95,774498,2024068004.8,36470,LEGACY
2019-05-29,GLAXO,GlaxoSmithKline Pharmaceuticals,EQ,INE159A01016,1285.0,1285.0,1270.1,1277.1,1273.0,1278.95,15740,20113614.9,2129,LEGACY
2019-05-29,GLENMARK,Glenmark Pharmaceuticals,EQ,INE935A01035,556.9,559.0,537.25,544.6,537.25,557.05,726540,398723029.6,22861,LEGACY
2019-05-29,GRANULES,Granules India,EQ,INE101D01020,114.0,114.85,112.5,113.25,113.0,114.8,277702,31562344.1,2237,LEGACY
2019-05-29,IPCALAB,IPCA Laboratories,EQ,INE571A01020,939.9,952.95,921.0,928.6,929.3,931.6,455877,425272649.35,20434,LEGACY
2019-05-29,JBCHEPHARM,JB Chemicals & Pharmaceuticals,EQ,INE572A01028,385.0,386.9,371.0,372.75,376.5,385.25,55819,20946361.25,1257,LEGACY
2019-05-29,LAURUSLABS,Laurus Labs,EQ,INE947Q01010,361.8,365.35,354.2,362.4,364.0,359.55,59188,21391257.85,3431,LEGACY
2019-05-29,LUPIN,Lupin,EQ,INE326A01037,741.0,748.95,730.0,732.55,732.3,743.7,2456808,1819566960.55,45963,LEGACY
2019-05-29,NATCOPHARM,Natco Pharma,EQ,INE987B01026,530.75,537.5,522.0,526.2,526.5,529.9,255417,134600273.85,4996,LEGACY
2019-05-29,PEL,Piramal Enterprises,EQ,INE140A01024,2209.7,2218.8,2143.45,2157.05,2149.1,2198.6,470821,1028188344.05,27398,LEGACY
2019-05-29,PFIZER,Pfizer,EQ,INE182A01018,3230.0,3239.0,3152.25,3181.3,3178.0,3291.0,25619,81875889.5,4197,LEGACY
2019-05-29,SANOFI,Sanofi India,EQ,INE058A01010,5491.65,5520.05,5385.1,5405.5,5405.0,5491.65,11288,61356661.7,5260,LEGACY
2019-05-29,STAR,Strides Pharma Science,EQ,INE939A01011,431.0,435.5,422.25,428.0,428.0,428.85,970634,416833591.25,18141,LEGACY
2019-05-29,SUNPHARMA,Sun Pharmaceutical Industries,EQ,INE044A01036,418.05,427.8,403.55,423.8,422.05,412.75,28086149,11726190001.45,287806,LEGACY
2019-05-29,TORNTPHARM,Torrent Pharmaceuticals,EQ,INE685A01028,1532.95,1543.0,1508.1,1510.95,1510.0,1523.5,180825,276340275.7,10063,LEGACY
2019-05-29,WOCKPHARMA,Wockhardt,EQ,INE049B01025,400.55,403.4,390.85,392.45,392.3,400.15,741957,294862340.65,13451,LEGACY
2019-05-30,ABBOTINDIA,Abbott India,EQ,INE358A01014,7801.0,7930.0,7720.05,7836.8,7844.3,7806.35,27759,217952138.7,1650,LEGACY
2019-05-30,AJANTPHARM,Ajanta Pharma,EQ,INE031B01049,1037.85,1044.3,1023.4,1040.0,1039.8,1032.45,184805,191071904.8,6965,LEGACY
2019-05-30,ALKEM,Alkem Laboratories,EQ,INE540L01014,1726.2,1799.0,1720.5,1760.15,1760.0,1729.15,157294,278386545.3,12297,LEGACY
2019-05-30,APLLTD,Alembic Pharmaceuticals,EQ,INE901L01018,522.5,528.0,517.85,519.25,517.85,521.55,14043,7309431.15,1546,LEGACY
2019-05-30,AUROPHARMA,Aurobindo Pharma,EQ,INE406A01037,691.8,702.0,682.0,684.35,684.5,686.75,4929479,3404322657.2,69745,LEGACY
2019-05-30,BIOCON,Biocon,EQ,INE376G01013,543.0,550.7,541.0,542.9,544.0,541.7,2157753,1174476217.95,52047,LEGACY
2019-05-30,CADILAHC,Cadila Healthcare,EQ,INE010B01027,264.85,265.35,253.6,256.85,257.0,263.75,4298962,1108400356.9,37111,LEGACY
2019-05-30,CIPLA,Cipla,EQ,INE059A01026,560.1,563.5,554.25,561.95,562.0,564.35,2577559,1444405598.45,47057,LEGACY
2019-05-30,DIVISLAB,Divi's Laboratories,EQ,INE361B01024,1599.0,1626.8,1580.8,1585.45,1584.0,1589.1,925477,1481306573.85,35507,LEGACY
2019-05-30,DRREDDY,Dr. Reddy's Laboratories,EQ,INE089A01023,2613.0,2659.9,2593.35,2652.4,2650.05,2610.75,727619,1918775476.2,45438,LEGACY
2019-05-30,GLAXO,GlaxoSmithKline Pharmaceuticals,EQ,INE159A01016,1276.4,1279.7,1260.4,1269.85,1268.85,1277.1,15979,20286582.95,1808,LEGACY
2019-05-30,GLENMARK,Glenmark Pharmaceuticals,EQ,INE935A01035,537.8,557.8,537.25,554.05,551.3,544.6,1894226,1043279238.0,38293,LEGACY
2019-05-30,GRANULES,Granules India,EQ,INE101D01020,112.85,114.4,109.7,112.6,112.95,113.25,277333,31238133.75,3719,LEGACY
2019-05-30,IPCALAB,IPCA Laboratories,EQ,INE571A01020,935.9,949.95,927.4,933.8,934.0,928.6,87953,82444869.4,6005,LEGACY
2019-05-30,JBCHEPHARM,JB Chemicals & Pharmaceuticals,EQ,INE572A01028,373.0,379.6,368.0,371.15,372.5,372.75,24604,9212385.0,2236,LEGACY
2019-05-30,LAURUSLABS,Laurus Labs,EQ,INE947Q01010,363.05,365.0,359.05,362.85,363.75,362.4,34635,12575732.4,1081,LEGACY
2019-05-30,LUPIN,Lupin,EQ,INE326A01037,735.0,745.8,734.0,744.0,745.0,732.55,1478014,1093766234.95,39073,LEGACY
2019-05-30,NATCOPHARM,Natco Pharma,EQ,INE987B01026,524.45,525.2,510.65,516.7,518.0,526.2,333918,172872321.65,10048,LEGACY
2019-05-30,PEL,Piramal Enterprises,EQ,INE140A01024,2163.0,2215.0,2152.2,2198.3,2205.9,2157.05,1194909,2624006815.95,35136,LEGACY
2019-05-30,PFIZER,Pfizer,EQ,INE182A01018,3162.1,3219.75,3162.1,3201.95,3185.0,3181.3,10737,34291041.4,1747,LEGACY
2019-05-30,SANOFI,Sanofi India,EQ,INE058A01010,5410.0,5434.9,5335.0,5356.3,5365.0,5405.5,12303,66199190.4,2900,LEGACY
2019-05-30,STAR,Strides Pharma Science,EQ,INE939A01011,430.0,434.7,424.35,429.0,429.65,428.0,546022,234073059.45,9866,LEGACY
2019-05-30,SUNPHARMA,Sun Pharmaceutical Industries,EQ,INE044A01036,421.25,422.7,411.2,412.75,412.9,423.8,9082367,3772814178.55,101191,LEGACY
2019-05-30,TORNTPHARM,Torrent Pharmaceuticals,EQ,INE685A01028,1526.0,1576.75,1513.2,1563.0,1568.0,1510.95,622757,969025166.35,25124,LEGACY
2019-05-30,WOCKPHARMA,Wockhardt,EQ,INE049B01025,393.15,404.4,393.0,402.75,403.5,392.45,813772,324787910.65,12704,LEGACY
2019-05-31,ABBOTINDIA,Abbott India,EQ,INE358A01014,7780.0,7929.95,7700.0,7777.55,7800.0,7836.8,2943,22849736.3,1018,LEGACY
2019-05-31,AJANTPHARM,Ajanta Pharma,EQ,INE031B01049,1041.4,1049.9,1031.2,1045.55,1042.15,1040.0,274551,286157311.6,7862,LEGACY
2019-05-31,ALKEM,Alkem Laboratories,EQ,INE540L01014,1820.0,1820.0,1765.1,1794.35,1795.0,1760.15,72681,130186910.2,6409,LEGACY
2019-05-31,APLLTD,Alembic Pharmaceuticals,EQ,INE901L01018,522.0,524.65,516.0,518.1,516.0,519.25,9176,4765835.35,1426,LEGACY
2019-05-31,AUROPHARMA,Aurobindo Pharma,EQ,INE406A01037,687.5,692.5,665.25,672.4,668.8,684.35,2821414,1924481473.2,60061,LEGACY
2019-05-31,BIOCON,Biocon,EQ,INE376G01013,544.0,547.0,538.35,541.9,541.0,542.9,877526,475482868.45,34421,LEGACY
2019-05-31,CADILAHC,Cadila Healthcare,EQ,INE010B01027,256.85,256.85,244.5,248.0,247.5,256.85,5127827,1275674484.45,51817,LEGACY
2019-05-31,CIPLA,Cipla,EQ,INE059A01026,562.7,569.0,550.85,558.85,558.55,561.95,1912387,1072376365.35,43444,LEGACY
2019-05-31,DIVISLAB,Divi's Laboratories,EQ,INE361B01024,1595.95,1609.8,1583.0,1592.3,1592.5,1585.45,787381,1256527593.15,45123,LEGACY
2019-05-31,DRREDDY,Dr. Reddy's Laboratories,EQ,INE089A01023,2659.5,2688.0,2626.4,2678.35,2671.0,2652.4,939491,2506964865.6,47430,LEGACY
2019-05-31,GLAXO,GlaxoSmithKline Pharmaceuticals,EQ,INE159A01016,1271.0,1273.4,1262.0,1265.0,1264.0,1269.85,9638,12201512.9,1007,LEGACY
2019-05-31,GLENMARK,Glenmark Pharmaceuticals,EQ,INE935A01035,543.0,548.65,536.65,545.35,544.45,554.05,1412679,767483368.4,38218,LEGACY
2019-05-31,GRANULES,Granules India,EQ,INE101D01020,113.0,114.25,108.75,110.6,110.0,112.6,331821,36939438.2,5295,LEGACY
2019-05-31,IPCALAB,IPCA Laboratories,EQ,INE571A01020,935.5,950.95,930.35,938.15,934.0,933.8,379637,357317515.4,18464,LEGACY
2019-05-31,JBCHEPHARM,JB Chemicals & Pharmaceuticals,EQ,INE572A01028,375.5,376.8,368.7,375.0,375.0,371.15,54052,20227774.95,2076,LEGACY
2019-05-31,LAURUSLABS,Laurus Labs,EQ,INE947Q01010,367.0,367.0,359.0,360.55,360.0,362.85,29470,10653288.1,1205,LEGACY
2019-05-31,LUPIN,Lupin,EQ,INE326A01037,746.5,749.0,737.55,745.55,744.8,744.0,1198282,892101142.15,34669,LEGACY
2019-05-31,NATCOPHARM,Natco Pharma,EQ,INE987B01026,520.9,535.0,514.9,531.3,533.6,516.7,224087,118084766.8,6462,LEGACY
2019-05-31,PEL,Piramal Enterprises,EQ,INE140A01024,2220.0,2259.9,2193.85,2222.95,2221.0,2198.3,811116,1806421570.7,46639,LEGACY
2019-05-31,PFIZER,Pfizer,EQ,INE182A01018,3182.05,3198.65,3162.2,3179.55,3170.0,3201.95,9525,30277363.8,2206,LEGACY
2019-05-31,SANOFI,Sanofi India,EQ,INE058A01010,5409.95,5500.0,5361.7,5465.6,5465.0,5356.3,7731,42103293.1,3472,LEGACY
2019-05-31,STAR,Strides Pharma Science,EQ,INE939A01011,432.0,434.0,418.6,422.4,421.0,429.0,598766,254099582.85,10000,LEGACY
2019-05-31,SUNPHARMA,Sun Pharmaceutical Industries,EQ,INE044A01036,414.8,417.1,406.05,409.85,410.65,412.75,5643400,2321383893.0,75853,LEGACY
2019-05-31,TORNTPHARM,Torrent Pharmaceuticals,EQ,INE685A01028,1572.0,1581.0,1555.0,1564.85,1558.0,1563.0,230632,362439605.4,12112,LEGACY
2019-05-31,WOCKPHARMA,Wockhardt,EQ,INE049B01025,404.8,405.25,386.1,390.15,390.55,402.75,993892,391263586.2,16666,LEGACY
2019-06-03,ABBOTINDIA,Abbott India,EQ,INE358A01014,7791.0,7910.0,7711.2,7884.25,7850.0,7777.55,17758,138977107.3,870,LEGACY
2019-06-03,AJANTPHARM,Ajanta Pharma,EQ,INE031B01049,1045.0,1051.2,1030.05,1048.0,1049.95,1045.55,239541,249926843.75,9209,LEGACY
2019-06-03,ALKEM,Alkem Laboratories,EQ,INE540L01014,1776.4,1804.9,1765.0,1772.7,1765.3,1794.35,15548,27714169.9,3226,LEGACY
2019-06-03,APLLTD,Alembic Pharmaceuticals,EQ,INE901L01018,516.25,520.0,516.25,518.95,519.9,518.1,114454,59397499.35,1395,LEGACY
2019-06-03,AUROPHARMA,Aurobindo Pharma,EQ,INE406A01037,659.0,660.85,640.0,656.85,657.0,672.4,5404361,3510728176.55,90794,LEGACY
2019-06-03,BIOCON,Biocon,EQ,INE376G01013,546.0,558.8,541.0,553.4,554.8,541.9,2047703,1128566765.9,40726,LEGACY
2019-06-03,CADILAHC,Cadila Healthcare,EQ,INE010B01027,249.0,254.7,245.45,252.85,251.75,248.0,2657220,668538105.05,32306,LEGACY
2019-06-03,CIPLA,Cipla,EQ,INE059A01026,559.0,569.45,552.5,568.25,568.0,558.85,1284381,721993789.75,25347,LEGACY
2019-06-03,DIVISLAB,Divi's Laboratories,EQ,INE361B01024,1597.25,1621.0,1566.55,1616.25,1620.55,1592.3,765932,1221243696.0,36886,LEGACY
2019-06-03,DRREDDY,Dr. Reddy's Laboratories,EQ,INE089A01023,2679.8,2739.0,2652.4,2724.1,2723.4,2678.35,558848,1511783028.25,23368,LEGACY
2019-06-03,GLAXO,GlaxoSmithKline Pharmaceuticals,EQ,INE159A01016,1272.25,1279.95,1264.45,1273.95,1272.0,1265.0,10978,13957518.25,1562,LEGACY
2019-06-03,GLENMARK,Glenmark Pharmaceuticals,EQ,INE935A01035,547.0,549.0,540.3,546.35,548.0,545.35,489718,266975856.6,13730,LEGACY
2019-06-03,GRANULES,Granules India,EQ,INE101D01020,110.5,110.9,108.45,110.1,110.5,110.6,338710,37193615.65,5292,LEGACY
2019-06-03,IPCALAB,IPCA Laboratories,EQ,INE571A01020,944.9,949.85,920.85,925.0,920.9,938.15,91732,85709925.45,16907,LEGACY
2019-06-03,JBCHEPHARM,JB Chemicals & Pharmaceuticals,EQ,INE572A01028,379.95,379.95,370.05,375.95,375.0,375.0,26568,9936157.2,2917,LEGACY
2019-06-03,LAURUSLABS,Laurus Labs,EQ,INE947Q01010,360.05,362.0,357.65,360.7,360.0,360.55,17947,6462705.9,1087,LEGACY
2019-06-03,LUPIN,Lupin,EQ,INE326A01037,748.4,749.65,741.2,745.25,745.0,745.55,987180,735705971.75,30527,LEGACY
2019-06-03,NATCOPHARM,Natco Pharma,EQ,INE987B01026,531.2,538.0,527.0,535.4,534.5,531.3,106421,56771808.4,5729,LEGACY
2019-06-03,PEL,Piramal Enterprises,EQ,INE140A01024,2230.0,2235.0,2193.0,2223.3,2225.1,2222.95,375321,832198501.2,23848,LEGACY
2019-06-03,PFIZER,Pfizer,EQ,INE182A01018,3189.95,3189.95,3110.05,3131.05,3120.0,3179.55,14976,46915730.8,4842,LEGACY
2019-06-03,SANOFI,Sanofi India,EQ,INE058A01010,5498.0,5499.9,5410.0,5435.85,5410.0,5465.6,10181,55691488.1,2785,LEGACY
2019-06-03,STAR,Strides Pharma Science,EQ,INE939A01011,424.0,437.4,418.55,434.95,435.8,422.4,917422,395171618.45,17548,LEGACY
2019-06-03,SUNPHARMA,Sun Pharmaceutical Industries,EQ,INE044A01036,411.0,418.6,407.5,416.8,417.0,409.85,4611475,1912528553.85,56279,LEGACY
2019-06-03,TORNTPHARM,Torrent Pharmaceuticals,EQ,INE685A01028,1568.0,1573.85,1530.6,1537.8,1541.3,1564.85,179196,276803141.4,8601,LEGACY
2019-06-03,WOCKPHARMA,Wockhardt,EQ,INE049B01025,392.0,402.5,382.55,398.5,401.15,390.15,956751,375487867.2,15768,LEGACY
2019-06-04,ABBOTINDIA,Abbott India,EQ,INE358A01014,7861.0,7902.0,7800.0,7879.05,7855.95,7884.25,5106,39963445.8,527,LEGACY
2019-06-04,AJANTPHARM,Ajanta Pharma,EQ,INE031B01049,1055.75,1076.0,1030.0,1032.65,1036.0,1048.0,385914,406173604.75,13771,LEGACY
2019-06-04,ALKEM,Alkem Laboratories,EQ,INE540L01014,1778.0,1790.0,1754.95,1760.25,1760.0,1772.7,29896,52797338.15,1804,LEGACY
2019-06-04,APLLTD,Alembic Pharmaceuticals,EQ,INE901L01018,520.0,524.0,509.0,511.15,512.85,518.95,26155,13477886.5,1715,LEGACY
2019-06-04,AUROPHARMA,Aurobindo Pharma,EQ,INE406A01037,650.0,659.75,648.4,653.75,653.7,656.85,2104475,1375606136.65,52189,LEGACY
2019-06-04,BIOCON,Biocon,EQ,INE376G01013,557.3,560.5,540.0,540.65,541.05,553.4,2369245,1295727707.45,57256,LEGACY
2019-06-04,CADILAHC,Cadila Healthcare,EQ,INE010B01027,253.0,260.25,250.9,257.3,258.3,252.85,2303202,588570670.55,34181,LEGACY
2019-06-04,CIPLA,Cipla,EQ,INE059A01026,564.0,575.0,561.1,562.65,561.2,568.25,1558827,883110952.65,31433,LEGACY
2019-06-04,DIVISLAB,Divi's Laboratories,EQ,INE361B01024,1610.0,1610.0,1580.4,1586.35,1585.0,1616.25,803652,1278060377.25,43767,LEGACY
2019-06-04,DRREDDY,Dr. Reddy's Laboratories,EQ,INE089A01023,2750.0,2798.45,2400.0,2665.35,2657.95,2724.1,2438393,6556854242.9,123406,LEGACY
2019-06-04,GLAXO,GlaxoSmithKline Pharmaceuticals,EQ,INE159A01016,1272.3,1278.8,1265.6,1270.0,1267.0,1273.95,23231,29528946.7,1081,LEGACY
2019-06-04,GLENMARK,Glenmark Pharmaceuticals,EQ,INE935A01035,547.0,552.6,539.2,540.6,540.65,546.35,463313,251565366.05,15305,LEGACY
2019-06-04,GRANULES,Granules India,EQ,INE101D01020,110.0,111.1,109.1,109.7,109.35,110.1,180533,19862843.6,2102,LEGACY
2019-06-04,IPCALAB,IPCA Laboratories,EQ,INE571A01020,929.9,938.95,929.9,933.6,934.0,925.0,96294,89935413.2,16839,LEGACY
2019-06-04,JBCHEPHARM,JB Chemicals & Pharmaceuticals,EQ,INE572A01028,374.9,389.9,370.05,384.05,384.0,375.95,76549,29181921.9,3075,LEGACY
2019-06-04,LAURUSLABS,Laurus Labs,EQ,INE947Q01010,365.95,365.95,356.95,358.7,359.0,360.7,33479,12039572.8,979,LEGACY
2019-06-04,LUPIN,Lupin,EQ,INE326A01037,746.7,755.0,738.3,740.1,740.75,745.25,811822,603373820.15,27935,LEGACY
2019-06-04,NATCOPHARM,Natco Pharma,EQ,INE987B01026,531.25,549.4,523.0,542.5,545.0,535.4,254338,135709836.3,5168,LEGACY
2019-06-04,PEL,Piramal Enterprises,EQ,INE140A01024,2220.0,2241.75,2182.5,2209.2,2210.2,2223.3,506924,1120199826.05,23665,LEGACY
2019-06-04,PFIZER,Pfizer,EQ,INE182A01018,3115.05,3125.6,3098.0,3115.55,3111.1,3131.05,8722,27119172.35,2220,LEGACY
2019-06-04,SANOFI,Sanofi India,EQ,INE058A01010,5474.9,5474.9,5367.0,5391.25,5380.0,5435.85,16517,89127363.15,2502,LEGACY
2019-06-04,STAR,Strides Pharma Science,EQ,INE939A01011,435.8,436.85,424.5,433.3,432.3,434.95,627923,270387622.9,12225,LEGACY
2019-06-04,SUNPHARMA,Sun Pharmaceutical Industries,EQ,INE044A01036,414.8,417.9,409.1,411.15,411.25,416.8,3279047,1355109727.45,66951,LEGACY
2019-06-04,TORNTPHARM,Torrent Pharmaceuticals,EQ,INE685A01028,1543.0,1557.7,1523.45,1533.35,1532.5,1537.8,118779,182546193.15,8393,LEGACY
2019-06-04,WOCKPHARMA,Wockhardt,EQ,INE049B01025,398.5,410.65,395.2,405.75,405.8,398.5,1130032,453993869.2,23093,LEGACY
2019-06-06,ABBOTINDIA,Abbott India,EQ,INE358A01014,7800.15,7928.4,7782.0,7905.35,7919.0,7879.05,3369,26554214.55,939,LEGACY
2019-06-06,AJANTPHARM,Ajanta Pharma,EQ,INE031B01049,1030.0,1042.1,1003.3,1009.5,1007.1,1032.65,423588,433047335.5,18035,LEGACY
2019-06-06,ALKEM,Alkem Laboratories,EQ,INE540L01014,1767.3,1775.0,1746.2,1760.45,1760.0,1760.25,30616,53946841.3,2737,LEGACY
2019-06-06,APLLTD,Alembic Pharmaceuticals,EQ,INE901L01018,516.0,516.0,500.1,503.5,500.55,511.15,38424,19542406.1,2009,LEGACY
2019-06-06,AUROPHARMA,Aurobindo Pharma,EQ,INE406A01037,653.65,653.7,621.75,624.55,623.25,653.75,4729934,2997277126.95,132537,LEGACY
2019-06-06,BIOCON,Biocon,EQ,INE376G01013,544.0,553.0,541.1,544.5,545.5,540.65,2336252,1276915215.25,67177,LEGACY
2019-06-06,CADILAHC,Cadila Healthcare,EQ,INE010B01027,256.5,258.9,245.0,245.7,245.75,257.3,2941237,732693571.15,31434,LEGACY
2019-06-06,CIPLA,Cipla,EQ,INE059A01026,565.0,568.3,556.55,559.8,559.85,562.65,1750285,985275084.9,28006,LEGACY
2019-06-06,DIVISLAB,Divi's Laboratories,EQ,INE361B01024,1598.0,1598.0,1554.45,1580.35,1574.95,1586.35,925968,1454508920.85,41417,LEGACY
2019-06-06,DRREDDY,Dr. Reddy's Laboratories,EQ,INE089A01023,2701.55,2709.9,2644.0,2657.3,2655.9,2665.35,608496,1623984362.65,32651,LEGACY
2019-06-06,GLAXO,GlaxoSmithKline Pharmaceuticals,EQ,INE159A01016,1270.05,1272.05,1260.25,1269.9,1265.0,1270.0,11911,15115783.15,1073,LEGACY
2019-06-06,GLENMARK,Glenmark Pharmaceuticals,EQ,INE935A01035,543.3,544.7,535.25,537.9,535.65,540.6,489409,264564393.5,15925,LEGACY
2019-06-06,GRANULES,Granules India,EQ,INE101D01020,109.35,110.4,107.9,108.8,108.4,109.7,178360,19433637.05,2493,LEGACY
2019-06-06,IPCALAB,IPCA Laboratories,EQ,INE571A01020,930.5,939.15,921.05,924.6,922.5,933.6,146119,136482441.7,13250,LEGACY
2019-06-06,JBCHEPHARM,JB Chemicals & Pharmaceuticals,EQ,INE572A01028,384.05,385.0,375.0,379.7,380.0,384.05,18620,7071300.3,1469,LEGACY
2019-06-06,LAURUSLABS,Laurus Labs,EQ,INE947Q01010,363.9,363.9,354.5,355.05,354.55,358.7,32727,11640693.1,1366,LEGACY
2019-06-06,LUPIN,Lupin,EQ,INE326A01037,747.85,751.0,730.0,732.3,732.0,740.1,1094898,808933916.1,28103,LEGACY
2019-06-06,NATCOPHARM,Natco Pharma,EQ,INE987B01026,547.0,555.0,530.1,540.2,539.0,542.5,461212,250289932.25,13634,LEGACY
2019-06-06,PEL,Piramal Enterprises,EQ,INE140A01024,2190.0,2190.0,2042.5,2065.1,2054.95,2209.2,1069956,2259645284.45,44753,LEGACY
2019-06-06,PFIZER,Pfizer,EQ,INE182A01018,3111.0,3151.0,3081.85,3128.2,3130.0,3115.55,9460,29398645.05,1916,LEGACY
2019-06-06,SANOFI,Sanofi India,EQ,INE058A01010,5400.0,5471.0,5345.35,5434.9,5420.0,5391.25,26931,146952224.2,1539,LEGACY
2019-06-06,STAR,Strides Pharma Science,EQ,INE939A01011,434.4,434.4,408.8,411.8,412.5,433.3,1108775,462304623.5,19671,LEGACY
2019-06-06,SUNPHARMA,Sun Pharmaceutical Industries,EQ,INE044A01036,411.25,413.5,402.6,404.15,404.0,411.15,3483633,1418295297.85,50842,LEGACY
2019-06-06,TORNTPHARM,Torrent Pharmaceuticals,EQ,INE685A01028,1538.0,1557.0,1513.9,1519.1,1516.75,1533.35,127916,196684097.45,8643,LEGACY
2019-06-06,WOCKPHARMA,Wockhardt,EQ,INE049B01025,407.8,408.25,386.25,388.7,386.95,405.75,1045180,416604419.3,17416,LEGACY
2019-06-07,ABBOTINDIA,Abbott India,EQ,INE358A01014,7807.4,8010.0,7801.0,7965.35,7980.0,7905.35,3506,27772747.05,598,LEGACY
2019-06-07,AJANTPHARM,Ajanta Pharma,EQ,INE031B01049,1009.75,1015.9,976.2,1001.65,1000.9,1009.5,346872,344808137.4,26058,LEGACY
2019-06-07,ALKEM,Alkem Laboratories,EQ,INE540L01014,1767.5,1844.0,1753.4,1817.7,1833.0,1760.45,31918,57601304.55,5328,LEGACY
2019-06-07,APLLTD,Alembic Pharmaceuticals,EQ,INE901L01018,507.5,511.0,496.3,504.45,503.65,503.5,39384,19887444.2,1500,LEGACY
2019-06-07,AUROPHARMA,Aurobindo Pharma,EQ,INE406A01037,625.0,633.0,610.25,619.4,619.5,624.55,3627243,2257613998.5,71939,LEGACY
2019-06-07,BIOCON,Biocon,EQ,INE376G01013,545.95,546.0,525.0,528.85,528.15,544.5,2635227,1396817140.25,48501,LEGACY
2019-06-07,CADILAHC,Cadila Healthcare,EQ,INE010B01027,244.5,245.5,241.0,242.7,242.4,245.7,4955644,1206298910.0,24611,LEGACY
2019-06-07,CIPLA,Cipla,EQ,INE059A01026,565.0,565.0,542.0,549.5,549.55,559.8,2696228,1480186755.6,55944,LEGACY
2019-06-07,DIVISLAB,Divi's Laboratories,EQ,INE361B01024,1575.0,1580.65,1553.05,1566.25,1564.0,1580.35,632011,989632078.25,32517,LEGACY
2019-06-07,DRREDDY,Dr. Reddy's Laboratories,EQ,INE089A01023,2650.0,2656.15,2555.25,2580.7,2580.0,2657.3,782434,2025621748.1,52539,LEGACY
2019-06-07,GLAXO,GlaxoSmithKline Pharmaceuticals,EQ,INE159A01016,1275.0,1280.0,1259.15,1276.75,1279.0,1269.9,15727,19992061.1,1578,LEGACY
2019-06-07,GLENMARK,Glenmark Pharmaceuticals,EQ,INE935A01035,535.8,538.6,518.25,527.35,529.0,537.9,697488,366572598.25,19579,LEGACY
2019-06-07,GRANULES,Granules India,EQ,INE101D01020,108.8,109.45,104.7,105.8,105.7,108.8,382995,40813127.4,4973,LEGACY
2019-06-07,IPCALAB,IPCA Laboratories,EQ,INE571A01020,924.0,946.9,924.0,938.55,939.0,924.6,95743,89896804.4,10996,LEGACY
2019-06-07,JBCHEPHARM,JB Chemicals & Pharmaceuticals,EQ,INE572A01028,382.3,384.75,372.0,372.6,372.1,379.7,26491,9897428.0,1815,LEGACY
2019-06-07,LAURUSLABS,Laurus Labs,EQ,INE947Q01010,354.65,355.1,352.05,353.0,353.0,355.05,21020,7418519.85,946,LEGACY
2019-06-07,LUPIN,Lupin,EQ,INE326A01037,728.0,737.0,713.05,730.2,726.7,732.3,1378460,1003603217.9,30743,LEGACY
2019-06-07,NATCOPHARM,Natco Pharma,EQ,INE987B01026,535.8,546.5,533.0,544.15,543.9,540.2,148671,80350789.1,4999,LEGACY
2019-06-07,PEL,Piramal Enterprises,EQ,INE140A01024,2047.0,2133.0,2021.3,2106.45,2100.0,2065.1,952563,2000366727.75,44885,LEGACY
2019-06-07,PFIZER,Pfizer,EQ,INE182A01018,3120.0,3187.35,3090.0,3165.35,3155.0,3128.2,9273,29113463.5,2008,LEGACY
2019-06-07,SANOFI,Sanofi India,EQ,INE058A01010,5381.0,5460.0,5381.0,5435.6,5435.0,5434.9,2446,13302925.4,594,LEGACY
2019-06-07,STAR,Strides Pharma Science,EQ,INE939A01011,410.0,419.8,405.35,413.85,413.65,411.8,1022384,421233369.4,18672,LEGACY
2019-06-07,SUNPHARMA,Sun Pharmaceutical Industries,EQ,INE044A01036,405.0,406.9,395.1,399.25,399.0,404.15,4668474,1867168031.5,63580,LEGACY
2019-06-07,TORNTPHARM,Torrent Pharmaceuticals,EQ,INE685A01028,1528.0,1538.85,1495.3,1523.6,1521.6,1519.1,106488,162292917.45,9397,LEGACY
2019-06-07,WOCKPHARMA,Wockhardt,EQ,INE049B01025,387.95,389.8,376.5,380.75,381.0,388.7,1032189,394635976.95,18899,LEGACY
2019-06-10,ABBOTINDIA,Abbott India,EQ,INE358A01014,7965.0,8340.0,7920.15,8282.45,8330.0,7965.35,11342,92685465.05,2813,LEGACY
2019-06-10,AJANTPHARM,Ajanta Pharma,EQ,INE031B01049,1006.8,1030.0,1001.7,1019.65,1020.1,1001.65,186241,188897023.0,7694,LEGACY
2019-06-10,ALKEM,Alkem Laboratories,EQ,INE540L01014,1817.7,1824.55,1782.35,1796.8,1795.0,1817.7,12223,22008263.05,2424,LEGACY
2019-06-10,APLLTD,Alembic Pharmaceuticals,EQ,INE901L01018,504.45,509.0,496.2,500.95,503.95,504.45,12710,6374030.6,909,LEGACY
2019-06-10,AUROPHARMA,Aurobindo Pharma,EQ,INE406A01037,622.35,629.5,616.45,627.15,628.0,619.4,1835124,1144893329.45,42500,LEGACY
2019-06-10,BIOCON,Biocon,EQ,INE376G01013,530.4,533.7,525.0,530.35,530.8,528.85,1617739,857528006.65,38447,LEGACY
2019-06-10,CADILAHC,Cadila Healthcare,EQ,INE010B01027,244.9,250.75,241.1,247.6,248.1,242.7,3582549,881248975.6,26854,LEGACY
2019-06-10,CIPLA,Cipla,EQ,INE059A01026,550.6,562.6,550.0,554.55,554.35,549.5,1708042,949373536.1,26618,LEGACY
2019-06-10,DIVISLAB,Divi's Laboratories,EQ,INE361B01024,1562.0,1579.0,1556.05,1561.05,1560.5,1566.25,363052,569065610.0,24248,LEGACY
2019-06-10,DRREDDY,Dr. Reddy's Laboratories,EQ,INE089A01023,2608.1,2637.8,2569.65,2629.25,2631.0,2580.7,622985,1622454241.55,33414,LEGACY
2019-06-10,GLAXO,GlaxoSmithKline Pharmaceuticals,EQ,INE159A01016,1275.0,1275.0,1258.0,1270.15,1265.25,1276.75,21679,27508724.65,1628,LEGACY
2019-06-10,GLENMARK,Glenmark Pharmaceuticals,EQ,INE935A01035,527.0,536.05,526.0,533.3,534.9,527.35,296990,157900550.95,13718,LEGACY
2019-06-10,GRANULES,Granules India,EQ,INE101D01020,106.2,107.95,106.0,107.15,106.4,105.8,287768,30813068.65,4622,LEGACY
2019-06-10,IPCALAB,IPCA Laboratories,EQ,INE571A01020,944.4,945.95,917.0,928.1,930.0,938.55,131945,123181515.15,6091,LEGACY
2019-06-10,JBCHEPHARM,JB Chemicals & Pharmaceuticals,EQ,INE572A01028,374.4,381.65,368.15,370.45,370.2,372.6,27494,10267161.85,1845,LEGACY
2019-06-10,LAURUSLABS,Laurus Labs,EQ,INE947Q01010,353.5,357.35,346.15,349.65,350.0,353.0,72289,25285268.7,1268,LEGACY
2019-06-10,LUPIN,Lupin,EQ,INE326A01037,730.1,734.5,721.8,727.55,725.0,730.2,1022190,742079243.1,44941,LEGACY
2019-06-10,NATCOPHARM,Natco Pharma,EQ,INE987B01026,545.0,548.0,538.4,547.3,547.0,544.15,155321,84558105.85,6841,LEGACY
2019-06-10,PEL,Piramal Enterprises,EQ,INE140A01024,2115.0,2150.45,2094.2,2125.45,2122.0,2106.45,496755,1054818368.0,28225,LEGACY
2019-06-10,PFIZER,Pfizer,EQ,INE182A01018,3175.0,3182.95,3100.0,3147.6,3140.0,3165.35,13616,42634196.25,3977,LEGACY
2019-06-10,SANOFI,Sanofi India,EQ,INE058A01010,5475.0,5475.0,5411.2,5424.5,5425.0,5435.6,8416,45667744.45,1092,LEGACY
2019-06-10,STAR,Strides Pharma Science,EQ,INE939A01011,415.0,431.55,414.5,429.1,427.85,413.85,1023746,434206708.6,17503,LEGACY
2019-06-10,SUNPHARMA,Sun Pharmaceutical Industries,EQ,INE044A01036,402.0,405.8,394.05,402.05,403.55,399.25,4966075,1988774431.8,86051,LEGACY
2019-06-10,TORNTPHARM,Torrent Pharmaceuticals,EQ,INE685A01028,1524.05,1541.05,1504.0,1521.55,1521.0,1523.6,126892,192177491.15,5550,LEGACY
2019-06-10,WOCKPHARMA,Wockhardt,EQ,INE049B01025,383.4,386.9,373.9,380.8,379.0,380.75,964917,366347940.9,15075,LEGACY
2019-06-11,ABBOTINDIA,Abbott India,EQ,INE358A01014,8280.0,8655.05,8245.6,8588.45,8650.0,8282.45,17844,152408682.4,3824,LEGACY
2019-06-11,AJANTPHARM,Ajanta Pharma,EQ,INE031B01049,1024.8,1024.8,984.5,996.55,994.0,1019.65,472659,469588463.9,20854,LEGACY
2019-06-11,ALKEM,Alkem Laboratories,EQ,INE540L01014,1782.45,1816.0,1782.45,1811.05,1810.0,1796.8,19200,34734900.5,2000,LEGACY
2019-06-11,APLLTD,Alembic Pharmaceuticals,EQ,INE901L01018,502.85,505.0,496.05,500.3,502.8,500.95,22028,11068124.8,1927,LEGACY
2019-06-11,AUROPHARMA,Aurobindo Pharma,EQ,INE406A01037,632.2,654.75,618.8,652.2,652.8,627.15,4636446,2978681977.9,71129,LEGACY
2019-06-11,BIOCON,Biocon,EQ,INE376G01013,533.5,544.35,525.5,537.1,536.2,530.35,3553675,1902263423.65,45446,LEGACY
2019-06-11,CADILAHC,Cadila Healthcare,EQ,INE010B01027,247.2,252.7,241.5,250.8,252.5,247.6,3836151,948336182.15,36483,LEGACY
2019-06-11,CIPLA,Cipla,EQ,INE059A01026,555.4,566.4,551.0,559.85,562.0,554.55,2518184,1411648068.6,47399,LEGACY
2019-06-11,DIVISLAB,Divi's Laboratories,EQ,INE361B01024,1567.0,1571.85,1552.0,1555.8,1555.0,1561.05,475514,741640646.65,33092,LEGACY
2019-06-11,DRREDDY,Dr. Reddy's Laboratories,EQ,INE089A01023,2635.95,2635.95,2593.5,2605.85,2611.0,2629.25,521153,1359227026.3,42036,LEGACY
2019-06-11,GLAXO,GlaxoSmithKline Pharmaceuticals,EQ,INE159A01016,1269.5,1270.0,1264.0,1269.9,1270.0,1270.15,12710,16127075.15,863,LEGACY
2019-06-11,GLENMARK,Glenmark Pharmaceuticals,EQ,INE935A01035,534.95,534.95,525.0,527.7,528.9,533.3,346085,183010484.45,12631,LEGACY
2019-06-11,GRANULES,Granules India,EQ,INE101D01020,106.85,106.95,104.6,105.25,105.6,107.15,354606,37405200.95,5902,LEGACY
2019-06-11,IPCALAB,IPCA Laboratories,EQ,INE571A01020,927.65,940.0,918.35,924.7,924.95,928.1,189534,175926080.0,10967,LEGACY
2019-06-11,JBCHEPHARM,JB Chemicals & Pharmaceuticals,EQ,INE572A01028,374.9,381.6,368.0,379.3,380.0,370.45,64506,24233439.45,2454,LEGACY
2019-06-11,LAURUSLABS,Laurus Labs,EQ,INE947Q01010,350.0,350.1,342.9,345.55,345.6,349.65,30252,10459635.8,807,LEGACY
2019-06-11,LUPIN,Lupin,EQ,INE326A01037,729.9,730.9,722.0,728.6,729.0,727.55,921515,670399252.2,30824,LEGACY
2019-06-11,NATCOPHARM,Natco Pharma,EQ,INE987B01026,545.0,545.55,538.05,543.0,542.5,547.3,130022,70558740.55,2768,LEGACY
2019-06-11,PEL,Piramal Enterprises,EQ,INE140A01024,2122.0,2189.6,2075.05,2169.35,2175.95,2125.45,598279,1281485672.9,30950,LEGACY
2019-06-11,PFIZER,Pfizer,EQ,INE182A01018,3152.05,3223.0,3120.2,3208.15,3210.0,3147.6,14477,46172857.0,2375,LEGACY
2019-06-11,SANOFI,Sanofi India,EQ,INE058A01010,5459.0,5625.0,5459.0,5595.6,5599.0,5424.5,26048,145264812.0,3491,LEGACY
2019-06-11,STAR,Strides Pharma Science,EQ,INE939A01011,427.0,432.4,422.5,430.85,430.2,429.1,524978,224744827.75,10090,LEGACY
2019-06-11,SUNPHARMA,Sun Pharmaceutical Industries,EQ,INE044A01036,396.0,397.8,384.0,389.95,391.5,402.05,13833555,5378967851.1,211702,LEGACY
2019-06-11,TORNTPHARM,Torrent Pharmaceuticals,EQ,INE685A01028,1515.0,1539.0,1511.65,1534.65,1530.0,1521.55,91084,139241804.95,7194,LEGACY
2019-06-11,WOCKPHARMA,Wockhardt,EQ,INE049B01025,379.25,399.0,376.1,396.75,397.8,380.8,1079601,418978826.0,17593,LEGACY
2019-06-12,ABBOTINDIA,Abbott India,EQ,INE358A01014,8600.0,8700.05,8550.0,8609.75,8600.0,8588.45,5761,49518032.1,960,LEGACY
2019-06-12,AJANTPHARM,Ajanta Pharma,EQ,INE031B01049,990.65,1004.55,983.4,992.3,994.0,996.55,322116,320562093.1,8960,LEGACY
2019-06-12,ALKEM,Alkem Laboratories,EQ,INE540L01014,1783.0,1820.0,1783.0,1792.35,1790.5,1811.05,10175,18312565.55,1708,LEGACY
2019-06-12,APLLTD,Alembic Pharmaceuticals,EQ,INE901L01018,501.0,505.0,496.05,499.9,501.0,500.3,22984,11516650.15,2067,LEGACY
2019-06-12,AUROPHARMA,Aurobindo Pharma,EQ,INE406A01037,651.5,654.3,636.2,641.55,641.0,652.2,2872644,1852796298.65,49830,LEGACY
2019-06-12,BIOCON,Biocon,EQ,INE376G01013,269.9,271.35,256.05,257.9,257.0,537.1,4531522,1186019294.25,61790,LEGACY
2019-06-12,CADILAHC,Cadila Healthcare,EQ,INE010B01027,251.0,253.85,245.0,246.2,245.75,250.8,2014255,500096293.75,19491,LEGACY
2019-06-12,CIPLA,Cipla,EQ,INE059A01026,558.9,567.0,556.25,561.6,562.0,559.85,1253337,705445985.15,18676,LEGACY
2019-06-12,DIVISLAB,Divi's Laboratories,EQ,INE361B01024,1555.8,1560.0,1530.75,1534.55,1540.0,1555.8,500761,772845596.65,31560,LEGACY
2019-06-12,DRREDDY,Dr. Reddy's Laboratories,EQ,INE089A01023,2612.0,2628.8,2572.5,2589.7,2591.0,2605.85,528873,1373245402.55,33739,LEGACY
2019-06-12,GLAXO,GlaxoSmithKline Pharmaceuticals,EQ,INE159A01016,1265.85,1270.0,1263.4,1265.65,1265.0,1269.9,12833,16252363.2,839,LEGACY
2019-06-12,GLENMARK,Glenmark Pharmaceuticals,EQ,INE935A01035,527.0,530.2,520.75,523.2,522.2,527.7,317673,166741795.65,9208,LEGACY
2019-06-12,GRANULES,Granules India,EQ,INE101D01020,104.8,105.75,103.5,104.75,105.45,105.25,313866,32771071.25,7276,LEGACY
2019-06-12,IPCALAB,IPCA Laboratories,EQ,INE571A01020,924.6,926.8,917.0,918.9,920.0,924.7,55521,51090485.75,6164,LEGACY
2019-06-12,JBCHEPHARM,JB Chemicals & Pharmaceuticals,EQ,INE572A01028,379.0,379.0,369.5,372.0,373.5,379.3,26835,10021067.65,2155,LEGACY
2019-06-12,LAURUSLABS,Laurus Labs,EQ,INE947Q01010,345.3,347.0,340.05,341.7,340.05,345.55,20716,7095520.95,1513,LEGACY
2019-06-12,LUPIN,Lupin,EQ,INE326A01037,728.0,730.0,722.15,726.3,725.1,728.6,914347,663457679.65,24359,LEGACY
2019-06-12,NATCOPHARM,Natco Pharma,EQ,INE987B01026,542.65,548.3,535.0,545.6,542.0,543.0,93673,50840479.7,7401,LEGACY
2019-06-12,PEL,Piramal Enterprises,EQ,INE140A01024,2155.05,2164.95,2112.2,2131.2,2130.1,2169.35,447421,952629205.9,19805,LEGACY
2019-06-12,PFIZER,Pfizer,EQ,INE182A01018,3218.0,3250.0,3210.0,3211.35,3210.0,3208.15,12150,39145524.8,2741,LEGACY
2019-06-12,SANOFI,Sanofi India,EQ,INE058A01010,5600.0,5650.0,5395.1,5428.45,5407.0,5595.6,14393,79060043.0,4276,LEGACY
2019-06-12,STAR,Strides Pharma Science,EQ,INE939A01011,427.0,434.5,424.5,432.5,432.1,430.85,681636,293226231.5,12617,LEGACY
2019-06-12,SUNPHARMA,Sun Pharmaceutical Industries,EQ,INE044A01036,391.0,397.0,385.25,391.4,391.5,389.95,7739283,3031784679.05,89095,LEGACY
2019-06-12,TORNTPHARM,Torrent Pharmaceuticals,EQ,INE685A01028,1541.95,1569.8,1528.5,1543.7,1537.65,1534.65,701749,1094802841.0,16331,LEGACY
2019-06-12,WOCKPHARMA,Wockhardt,EQ,INE049B01025,395.0,399.75,385.05,387.55,386.95,396.75,859342,336151724.2,14178,LEGACY
2019-06-13,ABBOTINDIA,Abbott India,EQ,INE358A01014,8680.0,8698.8,8501.25,8560.65,8552.0,8609.75,3928,33762468.0,840,LEGACY
2019-06-13,AJANTPHARM,Ajanta Pharma,EQ,INE031B01049,993.8,994.65,973.55,979.55,976.15,992.3,240763,236333557.5,9961,LEGACY
2019-06-13,ALKEM,Alkem Laboratories,EQ,INE540L01014,1792.35,1815.15,1760.0,1799.75,1790.0,1792.35,24944,44406619.0,5461,LEGACY
2019-06-13,APLLTD,Alembic Pharmaceuticals,EQ,INE901L01018,496.0,501.55,495.05,500.25,501.0,499.9,10956,5477757.55,1186,LEGACY
2019-06-13,AUROPHARMA,Aurobindo Pharma,EQ,INE406A01037,639.8,642.75,628.7,637.1,635.5,641.55,1907504,1211734474.0,39760,LEGACY
2019-06-13,BIOCON,Biocon,EQ,INE376G01013,256.9,258.7,250.05,257.0,257.3,257.9,4247264,1079125895.55,42779,LEGACY
2019-06-13,CADILAHC,Cadila Healthcare,EQ,INE010B01027,246.2,248.15,244.15,245.8,246.3,246.2,1509325,371039505.75,12373,LEGACY
2019-06-13,CIPLA,Cipla,EQ,INE059A01026,560.05,566.6,559.25,564.6,563.0,561.6,1594956,899252138.9,34577,LEGACY
2019-06-13,DIVISLAB,Divi's Laboratories,EQ,INE361B01024,1539.95,1554.4,1517.0,1546.55,1550.0,1534.55,597842,916156769.55,21942,LEGACY
2019-06-13,DRREDDY,Dr. Reddy's Laboratories,EQ,INE089A01023,2591.0,2602.6,2557.4,2588.25,2589.05,2589.7,368693,950490686.05,35011,LEGACY
2019-06-13,GLAXO,GlaxoSmithKline Pharmaceuticals,EQ,INE159A01016,1268.0,1268.8,1252.0,1258.1,1252.0,1265.65,17923,22578910.85,1218,LEGACY
2019-06-13,GLENMARK,Glenmark Pharmaceuticals,EQ,INE935A01035,523.2,529.75,519.25,523.2,523.0,523.2,486208,254997437.8,15591,LEGACY
2019-06-13,GRANULES,Granules India,EQ,INE101D01020,104.4,105.05,101.0,102.45,102.0,104.75,557115,57309328.85,5813,LEGACY
2019-06-13,IPCALAB,IPCA Laboratories,EQ,INE571A01020,919.0,962.55,919.0,934.4,935.0,918.9,241355,227521054.15,19144,LEGACY
2019-06-13,JBCHEPHARM,JB Chemicals & Pharmaceuticals,EQ,INE572A01028,373.4,375.0,369.55,372.4,371.5,372.0,35499,13208612.6,2390,LEGACY
2019-06-13,LAURUSLABS,Laurus Labs,EQ,INE947Q01010,345.0,345.0,331.5,338.35,337.1,341.7,49192,16546182.95,1317,LEGACY
2019-06-13,LUPIN,Lupin,EQ,INE326A01037,725.0,729.5,705.05,720.8,719.9,726.3,1483612,1063186350.75,35827,LEGACY
2019-06-13,NATCOPHARM,Natco Pharma,EQ,INE987B01026,545.0,545.0,534.1,538.6,537.3,545.6,83131,44806223.55,3562,LEGACY
2019-06-13,PEL,Piramal Enterprises,EQ,INE140A01024,2109.05,2117.95,2055.0,2077.15,2066.5,2131.2,565204,1178660826.25,28330,LEGACY
2019-06-13,PFIZER,Pfizer,EQ,INE182A01018,3234.95,3234.95,3152.2,3194.35,3215.0,3211.35,10182,32447575.5,3007,LEGACY
2019-06-13,SANOFI,Sanofi India,EQ,INE058A01010,5410.0,5428.45,5360.0,5404.05,5405.0,5428.45,7435,40106488.05,2702,LEGACY
2019-06-13,STAR,Strides Pharma Science,EQ,INE939A01011,429.0,439.0,417.85,436.0,437.4,432.5,865447,370181393.3,15564,LEGACY
2019-06-13,SUNPHARMA,Sun Pharmaceutical Industries,EQ,INE044A01036,391.0,393.75,385.4,389.75,389.8,391.4,4090663,1590671215.4,68453,LEGACY
2019-06-13,TORNTPHARM,Torrent Pharmaceuticals,EQ,INE685A01028,1546.5,1552.5,1527.2,1536.6,1532.2,1543.7,186503,287107488.4,8276,LEGACY
2019-06-13,WOCKPHARMA,Wockhardt,EQ,INE049B01025,387.95,390.4,377.05,383.1,383.0,387.55,859071,329063890.55,12530,LEGACY
2019-06-14,ABBOTINDIA,Abbott India,EQ,INE358A01014,8552.0,8638.3,8552.0,8606.7,8600.0,8560.65,2979,25609544.75,639,LEGACY
2019-06-14,AJANTPHARM,Ajanta Pharma,EQ,INE031B01049,970.6,975.0,928.4,960.3,955.0,979.55,932672,886659653.65,28172,LEGACY
2019-06-14,ALKEM,Alkem Laboratories,EQ,INE540L01014,1805.0,1831.2,1771.25,1819.6,1785.0,1799.75,29459,53494866.5,5445,LEGACY
2019-06-14,APLLTD,Alembic Pharmaceuticals,EQ,INE901L01018,499.0,510.4,496.0,497.05,496.5,500.25,47389,23712407.8,3543,LEGACY
2019-06-14,AUROPHARMA,Aurobindo Pharma,EQ,INE406A01037,637.0,637.0,602.8,616.9,616.5,637.1,5559974,3423993347.15,112284,LEGACY
2019-06-14,BIOCON,Biocon,EQ,INE376G01013,257.3,258.55,247.0,248.3,247.4,257.0,3790765,950996431.15,42138,LEGACY
2019-06-14,CADILAHC,Cadila Healthcare,EQ,INE010B01027,246.85,248.65,241.5,245.6,245.0,245.8,2055435,502985176.7,20842,LEGACY
2019-06-14,CIPLA,Cipla,EQ,INE059A01026,560.15,564.45,554.15,555.6,555.6,564.6,1808363,1010028891.85,65197,LEGACY
2019-06-14,DIVISLAB,Divi's Laboratories,EQ,INE361B01024,1542.0,1550.0,1495.05,1522.3,1518.05,1546.55,993176,1506269495.4,44268,LEGACY
2019-06-14,DRREDDY,Dr. Reddy's Laboratories,EQ,INE089A01023,2582.0,2582.0,2529.0,2565.15,2561.6,2588.25,689207,1761347726.55,41149,LEGACY
2019-06-14,GLAXO,GlaxoSmithKline Pharmaceuticals,EQ,INE159A01016,1251.1,1270.0,1251.0,1263.05,1267.0,1258.1,18472,23292007.55,1426,LEGACY
2019-06-14,GLENMARK,Glenmark Pharmaceuticals,EQ,INE935A01035,523.2,533.0,518.2,525.75,528.2,523.2,528225,277740060.3,25060,LEGACY
2019-06-14,GRANULES,Granules India,EQ,INE101D01020,102.4,103.4,100.1,101.15,100.65,102.45,254815,25988915.4,4447,LEGACY
2019-06-14,IPCALAB,IPCA Laboratories,EQ,INE571A01020,937.8,944.0,931.0,937.7,934.35,934.4,82733,77624058.95,4317,LEGACY
2019-06-14,JBCHEPHARM,JB Chemicals & Pharmaceuticals,EQ,INE572A01028,370.05,384.0,370.05,376.05,377.0,372.4,51727,19490941.0,3170,LEGACY
2019-06-14,LAURUSLABS,Laurus Labs,EQ,INE947Q01010,336.0,342.0,333.75,338.75,342.0,338.35,30938,10416880.65,1299,LEGACY
2019-06-14,LUPIN,Lupin,EQ,INE326A01037,723.0,725.9,710.0,723.2,723.25,720.8,1364037,980547012.2,27987,LEGACY
2019-06-14,NATCOPHARM,Natco Pharma,EQ,INE987B01026,542.0,542.0,527.75,532.95,532.0,538.6,161154,85871589.2,11043,LEGACY
2019-06-14,PEL,Piramal Enterprises,EQ,INE140A01024,2075.0,2094.0,2052.7,2072.75,2064.0,2077.15,379249,786199024.15,24904,LEGACY
2019-06-14,PFIZER,Pfizer,EQ,INE182A01018,3191.0,3224.4,3129.4,3165.95,3216.0,3194.35,13537,42856676.3,2688,LEGACY
2019-06-14,SANOFI,Sanofi India,EQ,INE058A01010,5405.0,5461.1,5380.0,5419.7,5382.0,5404.05,6714,36403068.5,2478,LEGACY
2019-06-14,STAR,Strides Pharma Science,EQ,INE939A01011,431.05,435.45,425.0,428.2,426.0,436.0,644900,277021291.3,11959,LEGACY
2019-06-14,SUNPHARMA,Sun Pharmaceutical Industries,EQ,INE044A01036,390.0,394.85,376.55,392.55,391.7,389.75,9786375,3786392032.45,100560,LEGACY
2019-06-14,TORNTPHARM,Torrent Pharmaceuticals,EQ,INE685A01028,1530.3,1543.95,1480.05,1495.65,1501.0,1536.6,285601,429706168.95,13917,LEGACY
2019-06-14,WOCKPHARMA,Wockhardt,EQ,INE049B01025,390.0,397.35,384.3,387.25,387.45,383.1,2802428,1092875096.45,36975,LEGACY
2019-06-17,ABBOTINDIA,Abbott India,EQ,INE358A01014,8638.0,8638.0,8501.0,8511.95,8515.0,8606.7,2261,19397784.6,601,LEGACY
2019-06-17,AJANTPHARM,Ajanta Pharma,EQ,INE031B01049,960.3,973.4,952.0,960.45,957.2,960.3,214292,206578564.95,7701,LEGACY
2019-06-17,ALKEM,Alkem Laboratories,EQ,INE540L01014,1819.6,1829.0,1776.05,1810.7,1796.75,1819.6,18885,34044992.6,2912,LEGACY
2019-06-17,APLLTD,Alembic Pharmaceuticals,EQ,INE901L01018,497.9,500.0,487.5,490.0,489.25,497.05,46897,23052771.55,1943,LEGACY
2019-06-17,AUROPHARMA,Aurobindo Pharma,EQ,INE406A01037,619.5,629.0,613.45,623.3,624.0,616.9,1957331,1220994645.0,31771,LEGACY
2019-06-17,BIOCON,Biocon,EQ,INE376G01013,248.0,248.3,244.25,245.3,244.9,248.3,1917379,472093028.95,25444,LEGACY
2019-06-17,CADILAHC,Cadila Healthcare,EQ,INE010B01027,246.5,248.85,242.0,242.9,242.5,245.6,1508702,369690780.65,35398,LEGACY
2019-06-17,CIPLA,Cipla,EQ,INE059A01026,555.5,556.6,543.85,545.15,545.15,555.6,1267159,695879344.45,23599,LEGACY
2019-06-17,DIVISLAB,Divi's Laboratories,EQ,INE361B01024,1539.3,1582.9,1532.4,1540.5,1545.0,1522.3,1053764,1641431408.85,38731,LEGACY
2019-06-17,DRREDDY,Dr. Reddy's Laboratories,EQ,INE089A01023,2567.0,2580.45,2538.6,2554.15,2555.15,2565.15,526924,1345578277.05,37428,LEGACY
2019-06-17,GLAXO,GlaxoSmithKline Pharmaceuticals,EQ,INE159A01016,1256.0,1264.2,1251.0,1257.85,1251.0,1263.05,9528,11976143.85,1147,LEGACY
2019-06-17,GLENMARK,Glenmark Pharmaceuticals,EQ,INE935A01035,528.7,531.4,519.1,520.65,523.0,525.75,528454,277376626.0,16898,LEGACY
2019-06-17,GRANULES,Granules India,EQ,INE101D01020,100.5,101.0,96.25,97.0,96.6,101.15,448393,44256533.7,6155,LEGACY
2019-06-17,IPCALAB,IPCA Laboratories,EQ,INE571A01020,939.0,939.0,895.5,909.65,906.9,937.7,61818,57077074.6,2936,LEGACY
2019-06-17,JBCHEPHARM,JB Chemicals & Pharmaceuticals,EQ,INE572A01028,377.75,382.0,373.0,381.2,382.0,376.05,39288,14866511.35,2683,LEGACY
2019-06-17,LAURUSLABS,Laurus Labs,EQ,INE947Q01010,349.9,349.9,340.0,341.6,343.95,338.75,50737,17406430.7,2139,LEGACY
2019-06-17,LUPIN,Lupin,EQ,INE326A01037,720.0,720.0,705.0,706.95,705.05,723.2,1427590,1015703724.5,34888,LEGACY
2019-06-17,NATCOPHARM,Natco Pharma,EQ,INE987B01026,537.0,537.05,515.0,518.95,520.2,532.95,78595,41174144.1,7053,LEGACY
2019-06-17,PEL,Piramal Enterprises,EQ,INE140A01024,2090.0,2126.25,1990.0,2002.2,1998.15,2072.75,986962,2020855762.8,48417,LEGACY
2019-06-17,PFIZER,Pfizer,EQ,INE182A01018,3194.0,3199.0,3120.0,3186.7,3165.0,3165.95,10760,34089696.55,2098,LEGACY
2019-06-17,SANOFI,Sanofi India,EQ,INE058A01010,5425.0,5449.8,5400.0,5424.7,5449.8,5419.7,40043,217218216.05,846,LEGACY
2019-06-17,STAR,Strides Pharma Science,EQ,INE939A01011,429.0,430.0,410.95,412.85,412.6,428.2,836980,349735863.5,13211,LEGACY
2019-06-17,SUNPHARMA,Sun Pharmaceutical Industries,EQ,INE044A01036,391.7,394.5,379.85,382.9,381.4,392.55,6558933,2537710887.1,82184,LEGACY
2019-06-17,TORNTPHARM,Torrent Pharmaceuticals,EQ,INE685A01028,1486.35,1505.2,1462.6,1498.05,1493.05,1495.65,158145,235574788.75,9163,LEGACY
2019-06-17,WOCKPHARMA,Wockhardt,EQ,INE049B01025,389.3,390.8,372.1,374.4,373.75,387.25,1267416,482698258.3,20575,LEGACY
2019-06-18,ABBOTINDIA,Abbott India,EQ,INE358A01014,8500.0,8545.0,8500.0,8519.7,8510.0,8511.95,2493,21208131.0,665,LEGACY
2019-06-18,AJANTPHARM,Ajanta Pharma,EQ,INE031B01049,960.0,966.45,935.25,940.65,938.0,960.45,294578,278737388.55,10573,LEGACY
2019-06-18,ALKEM,Alkem Laboratories,EQ,INE540L01014,1802.0,1814.95,1772.0,1778.85,1774.2,1810.7,23670,42513991.35,6280,LEGACY
2019-06-18,APLLTD,Alembic Pharmaceuticals,EQ,INE901L01018,491.65,491.65,477.05,481.25,480.0,490.0,14937,7222375.15,2090,LEGACY
2019-06-18,AUROPHARMA,Aurobindo Pharma,EQ,INE406A01037,624.0,627.9,620.6,622.25,623.0,623.3,1796832,1120874435.9,34061,LEGACY
2019-06-18,BIOCON,Biocon,EQ,INE376G01013,247.05,247.4,239.0,243.2,242.65,245.3,3112519,758809945.65,51710,LEGACY
2019-06-18,CADILAHC,Cadila Healthcare,EQ,INE010B01027,242.5,244.0,233.0,233.95,233.0,242.9,2792448,662175746.1,52877,LEGACY
2019-06-18,CIPLA,Cipla,EQ,INE059A01026,545.2,555.5,545.05,547.6,549.5,545.15,1257992,692678954.15,37926,LEGACY
2019-06-18,DIVISLAB,Divi's Laboratories,EQ,INE361B01024,1545.0,1552.0,1525.0,1543.0,1547.85,1540.5,548508,845661908.8,31131,LEGACY
2019-06-18,DRREDDY,Dr. Reddy's Laboratories,EQ,INE089A01023,2555.0,2600.0,2542.05,2591.25,2584.05,2554.15,665057,1714258933.4,27132,LEGACY
2019-06-18,GLAXO,GlaxoSmithKline Pharmaceuticals,EQ,INE159A01016,1259.55,1259.55,1247.0,1252.85,1247.0,1257.85,15647,19591276.15,1191,LEGACY
2019-06-18,GLENMARK,Glenmark Pharmaceuticals,EQ,INE935A01035,522.0,537.85,520.2,527.15,527.0,520.65,798533,424529622.7,37820,LEGACY
2019-06-18,GRANULES,Granules India,EQ,INE101D01020,97.0,97.0,90.2,91.2,91.55,97.0,706705,66152585.65,8621,LEGACY
2019-06-18,IPCALAB,IPCA Laboratories,EQ,INE571A01020,913.0,917.0,898.5,905.3,906.9,909.65,89907,81963556.0,8082,LEGACY
2019-06-18,JBCHEPHARM,JB Chemicals & Pharmaceuticals,EQ,INE572A01028,378.75,384.65,373.2,377.3,380.0,381.2,55796,21124191.85,1703,LEGACY
2019-06-18,LAURUSLABS,Laurus Labs,EQ,INE947Q01010,340.0,342.45,337.25,339.1,339.0,341.6,22491,7642333.95,641,LEGACY
2019-06-18,LUPIN,Lupin,EQ,INE326A01037,708.7,714.0,705.1,709.0,705.95,706.95,976987,693282663.1,33243,LEGACY
2019-06-18,NATCOPHARM,Natco Pharma,EQ,INE987B01026,518.95,524.95,511.05,516.7,515.8,518.95,127516,66271975.75,4683,LEGACY
2019-06-18,PEL,Piramal Enterprises,EQ,INE140A01024,2009.0,2038.5,1851.3,1871.2,1864.95,2002.2,1722823,3339213949.15,84120,LEGACY
2019-06-18,PFIZER,Pfizer,EQ,INE182A01018,3183.0,3189.7,3144.0,3159.8,3156.0,3186.7,14290,45157964.8,2604,LEGACY
2019-06-18,SANOFI,Sanofi India,EQ,INE058A01010,5437.8,5447.5,5406.0,5419.55,5425.0,5424.7,1495,8108591.55,316,LEGACY
2019-06-18,STAR,Strides Pharma Science,EQ,INE939A01011,412.85,417.4,406.95,412.65,414.0,412.85,961768,396603961.4,15666,LEGACY
2019-06-18,SUNPHARMA,Sun Pharmaceutical Industries,EQ,INE044A01036,381.4,385.6,374.3,378.45,377.05,382.9,3761637,1432535570.4,75409,LEGACY
2019-06-18,TORNTPHARM,Torrent Pharmaceuticals,EQ,INE685A01028,1495.0,1514.9,1476.05,1511.55,1514.0,1498.05,177135,265355911.55,15019,LEGACY
2019-06-18,WOCKPHARMA,Wockhardt,EQ,INE049B01025,371.9,377.85,369.0,374.35,375.7,374.4,1039993,388868044.55,18554,LEGACY
2019-06-19,ABBOTINDIA,Abbott India,EQ,INE358A01014,8519.7,8575.0,8450.0,8461.25,8494.0,8519.7,3892,33054717.6,1751,LEGACY
2019-06-19,AJANTPHARM,Ajanta Pharma,EQ,INE031B01049,936.1,947.25,911.0,922.6,920.0,940.65,317793,294744555.95,11531,LEGACY
2019-06-19,ALKEM,Alkem Laboratories,EQ,INE540L01014,1772.0,1797.5,1725.55,1742.65,1734.0,1778.85,14865,26083062.3,4464,LEGACY
2019-06-19,APLLTD,Alembic Pharmaceuticals,EQ,INE901L01018,480.05,483.5,468.0,470.1,470.0,481.25,55766,26363703.4,2621,LEGACY
2019-06-19,AUROPHARMA,Aurobindo Pharma,EQ,INE406A01037,626.0,626.5,607.5,612.4,610.15,622.25,1716645,1055448443.65,38866,LEGACY
2019-06-19,BIOCON,Biocon,EQ,INE376G01013,244.2,252.5,242.7,250.95,250.35,243.2,4023193,997138689.85,64994,LEGACY
2019-06-19,CADILAHC,Cadila Healthcare,EQ,INE010B01027,232.1,239.0,231.8,237.9,237.8,233.95,2588680,609822909.55,44125,LEGACY
2019-06-19,CIPLA,Cipla,EQ,INE059A01026,550.6,551.9,532.55,533.7,533.3,547.6,1137906,615945772.4,23504,LEGACY
2019-06-19,DIVISLAB,Divi's Laboratories,EQ,INE361B01024,1550.0,1554.85,1533.3,1540.4,1540.05,1543.0,420314,648488659.65,32619,LEGACY
2019-06-19,DRREDDY,Dr. Reddy's Laboratories,EQ,INE089A01023,2584.0,2590.85,2537.5,2550.85,2549.0,2591.25,845595,2171770225.2,31908,LEGACY
2019-06-19,GLAXO,GlaxoSmithKline Pharmaceuticals,EQ,INE159A01016,1258.7,1258.7,1236.7,1245.65,1244.95,1252.85,13670,16995487.2,1207,LEGACY
2019-06-19,GLENMARK,Glenmark Pharmaceuticals,EQ,INE935A01035,527.0,528.05,505.1,509.25,508.95,527.15,956860,492594916.65,26854,LEGACY
2019-06-19,GRANULES,Granules India,EQ,INE101D01020,91.4,99.85,90.5,93.4,92.4,91.2,1750218,168451174.75,22491,LEGACY
2019-06-19,IPCALAB,IPCA Laboratories,EQ,INE571A01020,910.0,915.0,900.95,902.5,901.15,905.3,37362,33796383.5,3752,LEGACY
2019-06-19,JBCHEPHARM,JB Chemicals & Pharmaceuticals,EQ,INE572A01028,378.1,384.0,374.8,381.1,379.05,377.3,71211,26993145.7,3055,LEGACY
2019-06-19,LAURUSLABS,Laurus Labs,EQ,INE947Q01010,339.1,339.95,327.0,330.05,330.0,339.1,32246,10731094.25,1015,LEGACY
2019-06-19,LUPIN,Lupin,EQ,INE326A01037,710.9,712.0,697.2,703.8,703.4,709.0,1393451,981532202.9,43594,LEGACY
2019-06-19,NATCOPHARM,Natco Pharma,EQ,INE987B01026,517.0,519.9,507.0,509.4,510.05,516.7,87959,44924172.1,12598,LEGACY
2019-06-19,PEL,Piramal Enterprises,EQ,INE140A01024,1890.0,1899.35,1725.75,1741.9,1745.0,1871.2,2438298,4425440720.8,103003,LEGACY
2019-06-19,PFIZER,Pfizer,EQ,INE182A01018,3159.8,3175.25,3140.0,3163.1,3169.9,3159.8,9586,30241567.95,1681,LEGACY
2019-06-19,SANOFI,Sanofi India,EQ,INE058A01010,5419.55,5444.0,5400.0,5401.6,5400.0,5419.55,21792,118176531.95,1384,LEGACY
2019-06-19,STAR,Strides Pharma Science,EQ,INE939A01011,415.0,416.5,390.55,396.25,396.1,412.65,1150206,462599893.0,20240,LEGACY
2019-06-19,SUNPHARMA,Sun Pharmaceutical Industries,EQ,INE044A01036,380.0,382.1,368.15,375.2,375.4,378.45,7197444,2698056827.25,94873,LEGACY
2019-06-19,TORNTPHARM,Torrent Pharmaceuticals,EQ,INE685A01028,1527.8,1527.8,1477.6,1498.15,1500.0,1511.55,352338,528853656.95,24329,LEGACY
2019-06-19,WOCKPHARMA,Wockhardt,EQ,INE049B01025,377.7,378.3,330.2,344.85,342.5,374.35,3289934,1165691557.8,52279,LEGACY
2019-06-20,ABBOTINDIA,Abbott India,EQ,INE358A01014,8472.3,8472.3,8272.05,8419.95,8470.0,8461.25,4777,39936333.1,1970,LEGACY
2019-06-20,AJANTPHARM,Ajanta Pharma,EQ,INE031B01049,921.6,950.45,910.0,945.75,949.0,922.6,221334,206471468.5,9851,LEGACY
2019-06-20,ALKEM,Alkem Laboratories,EQ,INE540L01014,1743.0,1753.65,1705.0,1710.95,1708.0,1742.65,35524,60982425.2,5771,LEGACY
2019-06-20,APLLTD,Alembic Pharmaceuticals,EQ,INE901L01018,471.0,474.65,460.0,460.65,466.1,470.1,29313,13612646.95,1405,LEGACY
2019-06-20,AUROPHARMA,Aurobindo Pharma,EQ,INE406A01037,610.95,628.0,608.15,627.15,626.8,612.4,1356459,842083649.25,42329,LEGACY
2019-06-20,BIOCON,Biocon,EQ,INE376G01013,250.95,254.0,246.6,253.2,253.2,250.95,3452192,868130706.4,45422,LEGACY
2019-06-20,CADILAHC,Cadila Healthcare,EQ,INE010B01027,237.9,243.65,234.0,242.55,242.9,237.9,1534833,367749853.4,39025,LEGACY
2019-06-20,CIPLA,Cipla,EQ,INE059A01026,531.8,552.45,528.65,551.3,551.9,533.7,1986432,1075387804.7,51530,LEGACY
2019-06-20,DIVISLAB,Divi's Laboratories,EQ,INE361B01024,1548.3,1615.0,1539.1,1603.0,1598.5,1540.4,758268,1198090037.25,34319,LEGACY
2019-06-20,DRREDDY,Dr. Reddy's Laboratories,EQ,INE089A01023,2550.0,2577.25,2518.0,2564.8,2568.95,2550.85,568148,1446761148.55,41379,LEGACY
2019-06-20,GLAXO,GlaxoSmithKline Pharmaceuticals,EQ,INE159A01016,1251.7,1251.7,1234.95,1249.7,1246.1,1245.65,13641,17002600.1,1778,LEGACY
2019-06-20,GLENMARK,Glenmark Pharmaceuticals,EQ,INE935A01035,508.05,519.9,506.3,517.25,519.4,509.25,414945,212558187.15,22223,LEGACY
2019-06-20,GRANULES,Granules India,EQ,INE101D01020,93.4,95.0,91.4,93.9,94.0,93.4,583267,54428671.3,7912,LEGACY
2019-06-20,IPCALAB,IPCA Laboratories,EQ,INE571A01020,902.0,919.0,892.45,914.95,915.0,902.5,65068,59396044.5,6162,LEGACY
2019-06-20,JBCHEPHARM,JB Chemicals & Pharmaceuticals,EQ,INE572A01028,380.55,380.8,370.1,372.2,372.0,381.1,15453,5768914.75,797,LEGACY
2019-06-20,LAURUSLABS,Laurus Labs,EQ,INE947Q01010,331.0,335.0,322.0,331.75,330.25,330.05,28941,9468437.1,1197,LEGACY
2019-06-20,LUPIN,Lupin,EQ,INE326A01037,705.0,715.5,702.9,713.95,714.1,703.8,1044962,743247806.85,38048,LEGACY
2019-06-20,NATCOPHARM,Natco Pharma,EQ,INE987B01026,513.5,536.0,501.6,533.1,533.0,509.4,332676,170270060.65,6303,LEGACY
2019-06-20,PEL,Piramal Enterprises,EQ,INE140A01024,1745.0,1889.0,1705.5,1880.4,1876.15,1741.9,2472281,4487747032.1,97583,LEGACY
2019-06-20,PFIZER,Pfizer,EQ,INE182A01018,3150.0,3216.0,3140.0,3199.95,3208.0,3163.1,8739,27807340.1,2958,LEGACY
2019-06-20,SANOFI,Sanofi India,EQ,INE058A01010,5397.0,5442.0,5350.0,5421.25,5411.0,5401.6,8995,48772050.95,891,LEGACY
2019-06-20,STAR,Strides Pharma Science,EQ,INE939A01011,395.9,408.65,388.3,406.85,407.35,396.25,1158461,461500909.8,19559,LEGACY
2019-06-20,SUNPHARMA,Sun Pharmaceutical Industries,EQ,INE044A01036,368.0,392.2,368.0,390.5,389.0,375.2,8109029,3111122641.8,108867,LEGACY
2019-06-20,TORNTPHARM,Torrent Pharmaceuticals,EQ,INE685A01028,1493.0,1513.45,1487.15,1503.4,1502.4,1498.15,118422,177839865.45,8480,LEGACY
2019-06-20,WOCKPHARMA,Wockhardt,EQ,INE049B01025,334.0,366.7,319.05,362.4,365.0,344.85,5599445,1904939264.9,77686,LEGACY
2019-06-21,ABBOTINDIA,Abbott India,EQ,INE358A01014,8402.0,8550.0,8350.0,8504.15,8535.0,8419.95,1964,16620235.8,559,LEGACY
2019-06-21,AJANTPHARM,Ajanta Pharma,EQ,INE031B01049,940.0,960.2,940.0,954.55,955.0,945.75,210877,200602612.7,7282,LEGACY
2019-06-21,ALKEM,Alkem Laboratories,EQ,INE540L01014,1712.5,1790.7,1688.75,1760.45,1789.95,1710.95,52410,90476445.55,9787,LEGACY
2019-06-21,APLLTD,Alembic Pharmaceuticals,EQ,INE901L01018,466.1,485.0,435.15,473.5,479.0,460.65,163085,74849520.1,7403,LEGACY
2019-06-21,AUROPHARMA,Aurobindo Pharma,EQ,INE406A01037,625.0,625.5,578.65,602.45,603.0,627.15,7444855,4439648744.65,151489,LEGACY
2019-06-21,BIOCON,Biocon,EQ,INE376G01013,253.0,253.95,248.15,249.55,250.0,253.2,1982582,496064027.3,29137,LEGACY
2019-06-21,CADILAHC,Cadila Healthcare,EQ,INE010B01027,242.85,242.85,234.35,235.05,235.0,242.55,2472209,582589461.25,48784,LEGACY
2019-06-21,CIPLA,Cipla,EQ,INE059A01026,549.85,553.8,545.2,551.55,550.2,551.3,1534007,844273537.4,28834,LEGACY
2019-06-21,DIVISLAB,Divi's Laboratories,EQ,INE361B01024,1600.0,1600.0,1540.0,1545.75,1541.65,1603.0,1014804,1581621486.9,47921,LEGACY
2019-06-21,DRREDDY,Dr. Reddy's Laboratories,EQ,INE089A01023,2560.0,2575.0,2523.55,2551.55,2550.15,2564.8,579138,1473986257.95,37323,LEGACY
2019-06-21,GLAXO,GlaxoSmithKline Pharmaceuticals,EQ,INE159A01016,1233.0,1250.0,1225.0,1228.3,1225.0,1249.7,29307,36104500.95,3329,LEGACY
2019-06-21,GLENMARK,Glenmark Pharmaceuticals,EQ,INE935A01035,519.75,519.75,496.65,499.95,498.2,517.25,1594667,800385834.45,40987,LEGACY
2019-06-21,GRANULES,Granules India,EQ,INE101D01020,93.5,94.2,92.5,93.15,93.0,93.9,384152,35787690.0,5150,LEGACY
2019-06-21,IPCALAB,IPCA Laboratories,EQ,INE571A01020,916.05,952.0,910.0,940.8,948.0,914.95,185705,172893586.95,17723,LEGACY
2019-06-21,JBCHEPHARM,JB Chemicals & Pharmaceuticals,EQ,INE572A01028,376.0,392.0,371.0,374.1,372.95,372.2,130422,49767216.9,3764,LEGACY
2019-06-21,LAURUSLABS,Laurus Labs,EQ,INE947Q01010,333.0,333.0,326.05,331.75,332.5,331.75,21554,7095902.5,1439,LEGACY
2019-06-21,LUPIN,Lupin,EQ,INE326A01037,715.0,726.5,707.8,712.8,712.8,713.95,1844959,1320883135.75,57227,LEGACY
2019-06-21,NATCOPHARM,Natco Pharma,EQ,INE987B01026,534.95,543.0,527.0,538.9,537.95,533.1,731189,391403662.65,7704,LEGACY
2019-06-21,PEL,Piramal Enterprises,EQ,INE140A01024,1871.5,1939.4,1837.6,1890.2,1868.6,1880.4,2161931,4105891552.55,85912,LEGACY
2019-06-21,PFIZER,Pfizer,EQ,INE182A01018,3182.0,3288.0,3170.05,3264.55,3270.0,3199.95,27660,89809420.2,7049,LEGACY
2019-06-21,SANOFI,Sanofi India,EQ,INE058A01010,5419.3,5449.95,5303.05,5313.25,5315.8,5421.25,8191,43886745.95,3441,LEGACY
2019-06-21,STAR,Strides Pharma Science,EQ,INE939A01011,405.0,414.0,401.75,408.9,408.55,406.85,796398,325456070.5,15914,LEGACY
2019-06-21,SUNPHARMA,Sun Pharmaceutical Industries,EQ,INE044A01036,388.9,391.7,381.05,382.8,384.0,390.5,5389874,2070054515.85,80571,LEGACY
2019-06-21,TORNTPHARM,Torrent Pharmaceuticals,EQ,INE685A01028,1510.0,1519.9,1496.55,1500.5,1503.85,1503.4,249895,376036573.9,25468,LEGACY
2019-06-21,WOCKPHARMA,Wockhardt,EQ,INE049B01025,355.3,370.0,351.0,366.8,367.0,362.4,2484602,899239907.1,36335,LEGACY
2019-06-24,ABBOTINDIA,Abbott India,EQ,INE358A01014,8545.0,8764.9,8504.15,8541.85,8539.95,8504.15,6256,53883405.25,1386,LEGACY
2019-06-24,AJANTPHARM,Ajanta Pharma,EQ,INE031B01049,953.0,963.1,933.0,956.6,956.1,954.55,258930,245394785.6,10479,LEGACY
2019-06-24,ALKEM,Alkem Laboratories,EQ,INE540L01014,1760.75,1784.9,1700.1,1715.75,1708.9,1760.45,38423,67173142.45,7805,LEGACY
2019-06-24,APLLTD,Alembic Pharmaceuticals,EQ,INE901L01018,478.0,513.65,475.0,505.0,512.0,473.5,64604,31935055.15,3258,LEGACY
2019-06-24,AUROPHARMA,Aurobindo Pharma,EQ,INE406A01037,614.7,614.7,582.3,586.3,584.2,602.45,4412032,2597412706.3,100570,LEGACY
2019-06-24,BIOCON,Biocon,EQ,INE376G01013,249.0,250.8,246.3,249.5,248.6,249.55,1812625,451004722.4,37364,LEGACY
2019-06-24,CADILAHC,Cadila Healthcare,EQ,INE010B01027,235.7,236.75,224.55,229.05,225.4,235.05,2063844,479846759.15,27637,LEGACY
2019-06-24,CIPLA,Cipla,EQ,INE059A01026,548.55,552.45,545.1,549.9,550.0,551.55,981017,538578146.2,27360,LEGACY
2019-06-24,DIVISLAB,Divi's Laboratories,EQ,INE361B01024,1541.65,1584.35,1536.05,1576.3,1576.9,1545.75,512756,802123524.9,21250,LEGACY
2019-06-24,DRREDDY,Dr. Reddy's Laboratories,EQ,INE089A01023,2524.0,2532.0,2504.65,2513.4,2506.1,2551.55,452261,1138894888.05,33056,LEGACY
2019-06-24,GLAXO,GlaxoSmithKline Pharmaceuticals,EQ,INE159A01016,1240.0,1240.0,1228.1,1229.85,1228.1,1228.3,13786,16978421.5,1280,LEGACY
2019-06-24,GLENMARK,Glenmark Pharmaceuticals,EQ,INE935A01035,495.0,495.0,459.0,461.0,461.0,499.95,8038743,3769667115.6,152374,LEGACY
2019-06-24,GRANULES,Granules India,EQ,INE101D01020,93.0,96.5,93.0,95.7,95.8,93.15,496554,47437483.95,5054,LEGACY
2019-06-24,IPCALAB,IPCA Laboratories,EQ,INE571A01020,940.8,957.0,933.1,944.7,942.1,940.8,148619,140043310.35,3569,LEGACY
2019-06-24,JBCHEPHARM,JB Chemicals & Pharmaceuticals,EQ,INE572A01028,377.0,377.0,362.0,364.8,364.5,374.1,27281,9971668.55,1511,LEGACY
2019-06-24,LAURUSLABS,Laurus Labs,EQ,INE947Q01010,332.0,333.7,326.6,328.95,330.0,331.75,13426,4443039.25,658,LEGACY
2019-06-24,LUPIN,Lupin,EQ,INE326A01037,731.0,742.5,725.0,732.8,732.1,712.8,2572927,1888008335.65,77610,LEGACY
2019-06-24,NATCOPHARM,Natco Pharma,EQ,INE987B01026,538.9,548.45,528.0,546.1,544.0,538.9,553271,296478605.45,4759,LEGACY
2019-06-24,PEL,Piramal Enterprises,EQ,INE140A01024,1909.2,1988.55,1909.2,1943.1,1943.1,1890.2,1588437,3100919629.1,67944,LEGACY
2019-06-24,PFIZER,Pfizer,EQ,INE182A01018,3250.0,3289.0,3000.05,3274.0,3268.0,3264.55,12658,41156466.65,2811,LEGACY
2019-06-24,SANOFI,Sanofi India,EQ,INE058A01010,5358.0,5480.0,5280.0,5435.8,5430.0,5313.25,10299,55608780.55,2919,LEGACY
2019-06-24,STAR,Strides Pharma Science,EQ,INE939A01011,409.85,412.6,402.9,405.15,406.0,408.9,561986,228255435.95,10142,LEGACY
2019-06-24,SUNPHARMA,Sun Pharmaceutical Industries,EQ,INE044A01036,381.8,385.4,377.5,383.45,383.2,382.8,3702836,1412577372.5,85717,LEGACY
2019-06-24,TORNTPHARM,Torrent Pharmaceuticals,EQ,INE685A01028,1504.0,1516.0,1494.0,1512.1,1515.9,1500.5,99794,150111187.65,7070,LEGACY
2019-06-24,WOCKPHARMA,Wockhardt,EQ,INE049B01025,364.0,373.3,357.7,370.05,370.0,366.8,1903793,701226221.8,24711,LEGACY
2019-06-25,ABBOTINDIA,Abbott India,EQ,INE358A01014,8600.0,8600.0,8500.0,8557.75,8550.0,8541.85,2575,22012311.2,474,LEGACY
2019-06-25,AJANTPHARM,Ajanta Pharma,EQ,INE031B01049,950.1,977.7,936.4,974.35,973.8,956.6,350276,335415141.65,10288,LEGACY
2019-06-25,ALKEM,Alkem Laboratories,EQ,INE540L01014,1708.9,1735.15,1686.0,1697.4,1695.0,1715.75,28254,48133441.4,6740,LEGACY
2019-06-25,APLLTD,Alembic Pharmaceuticals,EQ,INE901L01018,508.45,518.0,493.65,501.2,499.0,505.0,55429,28339610.55,3353,LEGACY
2019-06-25,AUROPHARMA,Aurobindo Pharma,EQ,INE406A01037,586.0,601.35,576.0,599.7,598.75,586.3,3327392,1962090324.3,60393,LEGACY
2019-06-25,BIOCON,Biocon,EQ,INE376G01013,249.0,250.0,245.2,246.3,245.7,249.5,1754510,434257547.4,36074,LEGACY
2019-06-25,CADILAHC,Cadila Healthcare,EQ,INE010B01027,226.0,232.8,223.15,230.4,231.0,229.05,2327066,532505193.7,36611,LEGACY
2019-06-25,CIPLA,Cipla,EQ,INE059A01026,548.95,554.95,546.55,550.05,550.05,549.9,805704,443848912.95,19184,LEGACY
2019-06-25,DIVISLAB,Divi's Laboratories,EQ,INE361B01024,1566.8,1609.0,1565.0,1602.4,1597.1,1576.3,457699,728424559.3,16982,LEGACY
2019-06-25,DRREDDY,Dr. Reddy's Laboratories,EQ,INE089A01023,2502.1,2552.45,2488.05,2536.05,2538.0,2513.4,437218,1108134394.7,30439,LEGACY
2019-06-25,GLAXO,GlaxoSmithKline Pharmaceuticals,EQ,INE159A01016,1225.5,1233.55,1225.1,1227.2,1230.0,1229.85,38779,47662133.85,1132,LEGACY
2019-06-25,GLENMARK,Glenmark Pharmaceuticals,EQ,INE935A01035,468.9,468.9,451.6,455.55,457.45,461.0,5483276,2500176049.85,84015,LEGACY
2019-06-25,GRANULES,Granules India,EQ,INE101D01020,95.45,98.4,94.0,97.65,97.6,95.7,318838,30915981.25,3003,LEGACY
2019-06-25,IPCALAB,IPCA Laboratories,EQ,INE571A01020,944.7,944.7,928.0,930.85,934.35,944.7,34979,32689279.8,5503,LEGACY
2019-06-25,JBCHEPHARM,JB Chemicals & Pharmaceuticals,EQ,INE572A01028,360.2,365.0,353.1,357.2,357.7,364.8,17290,6216560.05,1054,LEGACY
2019-06-25,LAURUSLABS,Laurus Labs,EQ,INE947Q01010,326.0,330.0,323.05,327.6,328.65,328.95,21296,6940772.25,1190,LEGACY
2019-06-25,LUPIN,Lupin,EQ,INE326A01037,731.0,758.0,730.55,754.45,753.6,732.8,2389911,1783615305.55,63036,LEGACY
2019-06-25,NATCOPHARM,Natco Pharma,EQ,INE987B01026,542.0,545.8,532.65,534.6,535.0,546.1,91042,48980399.95,2860,LEGACY
2019-06-25,PEL,Piramal Enterprises,EQ,INE140A01024,1955.0,1974.3,1861.0,1901.15,1885.0,1943.1,2861279,5441062116.55,112746,LEGACY
2019-06-25,PFIZER,Pfizer,EQ,INE182A01018,3251.0,3270.95,3231.1,3250.25,3248.0,3274.0,9768,31721768.35,2270,LEGACY
2019-06-25,SANOFI,Sanofi India,EQ,INE058A01010,5450.0,5515.0,5419.65,5500.35,5510.0,5435.8,7092,38917785.25,1391,LEGACY
2019-06-25,STAR,Strides Pharma Science,EQ,INE939A01011,405.15,415.0,397.45,410.45,410.5,405.15,870472,354895289.95,15427,LEGACY
2019-06-25,SUNPHARMA,Sun Pharmaceutical Industries,EQ,INE044A01036,382.5,387.5,377.55,385.75,384.4,383.45,4480306,1712982568.7,70562,LEGACY
2019-06-25,TORNTPHARM,Torrent Pharmaceuticals,EQ,INE685A01028,1511.2,1553.0,1500.5,1546.35,1550.0,1512.1,289131,445687221.85,12470,LEGACY
2019-06-25,WOCKPHARMA,Wockhardt,EQ,INE049B01025,366.05,391.35,365.2,386.5,385.45,370.05,2028042,771079664.2,27744,LEGACY
2019-06-26,ABBOTINDIA,Abbott India,EQ,INE358A01014,8501.0,8950.0,8501.0,8775.8,8950.0,8557.75,8090,70707480.7,1444,LEGACY
2019-06-26,AJANTPHARM,Ajanta Pharma,EQ,INE031B01049,974.35,974.35,950.0,959.6,960.0,974.35,464571,444896661.25,13931,LEGACY
2019-06-26,ALKEM,Alkem Laboratories,EQ,INE540L01014,1697.4,1724.5,1690.9,1696.9,1697.0,1697.4,29636,50420680.4,8281,LEGACY
2019-06-26,APLLTD,Alembic Pharmaceuticals,EQ,INE901L01018,502.0,507.0,486.0,489.95,491.0,501.2,25009,12440230.9,1526,LEGACY
2019-06-26,AUROPHARMA,Aurobindo Pharma,EQ,INE406A01037,600.0,625.7,600.0,621.2,619.0,599.7,4593681,2840746642.05,75855,LEGACY
2019-06-26,BIOCON,Biocon,EQ,INE376G01013,246.2,253.75,244.5,252.75,251.85,246.3,3178466,798073085.3,39856,LEGACY
2019-06-26,CADILAHC,Cadila Healthcare,EQ,INE010B01027,230.0,240.0,228.4,238.9,238.25,230.4,2899131,686321718.55,37083,LEGACY
2019-06-26,CIPLA,Cipla,EQ,INE059A01026,550.0,558.8,548.0,556.55,556.85,550.05,1020879,566945446.15,18612,LEGACY
2019-06-26,DIVISLAB,Divi's Laboratories,EQ,INE361B01024,1587.0,1611.0,1580.2,1597.95,1594.0,1602.4,461263,736576645.25,22395,LEGACY
2019-06-26,DRREDDY,Dr. Reddy's Laboratories,EQ,INE089A01023,2534.95,2587.45,2512.7,2578.95,2580.0,2536.05,501267,1286276704.5,27608,LEGACY
2019-06-26,GLAXO,GlaxoSmithKline Pharmaceuticals,EQ,INE159A01016,1238.4,1238.4,1215.0,1220.0,1220.0,1227.2,28328,34613598.25,3088,LEGACY
2019-06-26,GLENMARK,Glenmark Pharmaceuticals,EQ,INE935A01035,457.45,463.0,451.6,453.35,452.5,455.55,2398269,1097504748.3,45902,LEGACY
2019-06-26,GRANULES,Granules India,EQ,INE101D01020,96.95,97.95,96.1,97.05,96.8,97.65,242894,23568811.2,3224,LEGACY
2019-06-26,IPCALAB,IPCA Laboratories,EQ,INE571A01020,933.0,937.45,921.25,927.85,933.0,930.85,56514,52424855.75,8097,LEGACY
2019-06-26,JBCHEPHARM,JB Chemicals & Pharmaceuticals,EQ,INE572A01028,354.15,366.35,354.15,360.3,359.1,357.2,36513,13135679.15,2937,LEGACY
2019-06-26,LAURUSLABS,Laurus Labs,EQ,INE947Q01010,323.1,334.0,323.1,330.95,331.05,327.6,9536,3158625.8,647,LEGACY
2019-06-26,LUPIN,Lupin,EQ,INE326A01037,754.0,773.55,750.95,768.7,766.65,754.45,2059502,1575075001.65,84836,LEGACY
2019-06-26,NATCOPHARM,Natco Pharma,EQ,INE987B01026,530.8,543.95,528.2,536.5,535.1,534.6,782611,422216987.05,10021,LEGACY
2019-06-26,PEL,Piramal Enterprises,EQ,INE140A01024,1881.0,1902.0,1865.0,1880.75,1883.05,1901.15,1884765,3547106257.1,58518,LEGACY
2019-06-26,PFIZER,Pfizer,EQ,INE182A01018,3232.0,3264.7,3221.0,3254.45,3231.05,3250.25,11222,36398052.0,2733,LEGACY
2019-06-26,SANOFI,Sanofi India,EQ,INE058A01010,5510.0,5550.0,5425.0,5520.05,5500.0,5500.35,4188,23038036.0,1644,LEGACY
2019-06-26,STAR,Strides Pharma Science,EQ,INE939A01011,408.7,422.6,407.0,414.1,412.15,410.45,964776,401624259.0,21078,LEGACY
2019-06-26,SUNPHARMA,Sun Pharmaceutical Industries,EQ,INE044A01036,385.0,403.55,384.65,399.45,398.7,385.75,9571797,3804954321.05,115235,LEGACY
2019-06-26,TORNTPHARM,Torrent Pharmaceuticals,EQ,INE685A01028,1548.0,1560.7,1533.0,1545.9,1543.0,1546.35,246903,382742131.25,13017,LEGACY
2019-06-26,WOCKPHARMA,Wockhardt,EQ,INE049B01025,379.05,403.8,375.05,398.85,396.75,386.5,2989359,1170953353.6,39431,LEGACY
2019-06-27,ABBOTINDIA,Abbott India,EQ,INE358A01014,8839.0,8995.0,8804.05,8914.6,8914.7,8775.8,13274,118207124.5,3083,LEGACY
2019-06-27,AJANTPHARM,Ajanta Pharma,EQ,INE031B01049,960.0,969.6,928.0,956.1,956.0,959.6,337496,321859701.6,12802,LEGACY
2019-06-27,ALKEM,Alkem Laboratories,EQ,INE540L01014,1687.0,1707.95,1680.0,1682.5,1680.0,1696.9,37381,63000333.55,9457,LEGACY
2019-06-27,APLLTD,Alembic Pharmaceuticals,EQ,INE901L01018,494.75,499.95,488.15,495.75,495.0,489.95,13079,6499652.7,1170,LEGACY
2019-06-27,AUROPHARMA,Aurobindo Pharma,EQ,INE406A01037,619.0,622.0,610.2,612.25,611.55,621.2,2677649,1648456043.65,49652,LEGACY
2019-06-27,BIOCON,Biocon,EQ,INE376G01013,252.95,253.0,247.35,248.35,248.0,252.75,2117103,529309101.9,27316,LEGACY
2019-06-27,CADILAHC,Cadila Healthcare,EQ,INE010B01027,237.2,243.45,236.65,237.85,239.45,238.9,1639885,394221024.35,17878,LEGACY
2019-06-27,CIPLA,Cipla,EQ,INE059A01026,556.85,563.9,550.3,551.95,550.8,556.55,1323494,735916240.5,32787,LEGACY
2019-06-27,DIVISLAB,Divi's Laboratories,EQ,INE361B01024,1595.0,1608.0,1578.0,1601.8,1601.0,1597.95,511835,817661922.65,35078,LEGACY
2019-06-27,DRREDDY,Dr. Reddy's Laboratories,EQ,INE089A01023,2578.9,2578.9,2543.9,2565.6,2570.0,2578.95,465861,1193388729.5,31929,LEGACY
2019-06-27,GLAXO,GlaxoSmithKline Pharmaceuticals,EQ,INE159A01016,1225.0,1225.0,1215.65,1219.2,1218.2,1220.0,14915,18182379.15,2405,LEGACY
2019-06-27,GLENMARK,Glenmark Pharmaceuticals,EQ,INE935A01035,456.3,456.95,446.75,448.2,448.65,453.35,2011422,905427389.7,64213,LEGACY
2019-06-27,GRANULES,Granules India,EQ,INE101D01020,97.5,98.5,95.6,95.95,95.65,97.05,340983,33155697.8,3464,LEGACY
2019-06-27,IPCALAB,IPCA Laboratories,EQ,INE571A01020,934.9,944.0,916.0,924.8,925.0,927.85,121143,112105350.05,17086,LEGACY
2019-06-27,JBCHEPHARM,JB Chemicals & Pharmaceuticals,EQ,INE572A01028,358.55,369.9,358.55,366.4,366.05,360.3,29001,10602119.45,772,LEGACY
2019-06-27,LAURUSLABS,Laurus Labs,EQ,INE947Q01010,330.0,344.0,329.0,340.75,342.0,330.95,22647,7663772.2,1166,LEGACY
2019-06-27,LUPIN,Lupin,EQ,INE326A01037,767.25,774.75,754.15,765.7,765.0,768.7,2342429,1792513202.35,71678,LEGACY
2019-06-27,NATCOPHARM,Natco Pharma,EQ,INE987B01026,534.0,540.15,529.0,532.15,530.0,536.5,38281,20494186.7,2226,LEGACY
2019-06-27,PEL,Piramal Enterprises,EQ,INE140A01024,1880.8,1954.75,1872.55,1941.3,1947.3,1880.75,2629851,5025596600.05,69267,LEGACY
2019-06-27,PFIZER,Pfizer,EQ,INE182A01018,3240.25,3297.0,3230.0,3282.65,3288.0,3254.45,14816,48465842.45,3963,LEGACY
2019-06-27,SANOFI,Sanofi India,EQ,INE058A01010,5488.3,5615.0,5469.15,5608.6,5609.0,5520.05,7030,39158323.85,1528,LEGACY
2019-06-27,STAR,Strides Pharma Science,EQ,INE939A01011,417.5,417.5,404.5,410.35,410.05,414.1,691182,283531401.0,12802,LEGACY
2019-06-27,SUNPHARMA,Sun Pharmaceutical Industries,EQ,INE044A01036,399.05,405.4,394.75,402.8,402.9,399.45,7651785,3071082103.25,100219,LEGACY
2019-06-27,TORNTPHARM,Torrent Pharmaceuticals,EQ,INE685A01028,1541.05,1553.6,1518.0,1529.35,1532.0,1545.9,209916,322494565.25,10142,LEGACY
2019-06-27,WOCKPHARMA,Wockhardt,EQ,INE049B01025,396.75,396.75,372.0,376.05,376.0,398.85,3604571,1375589594.0,44776,LEGACY
2019-06-28,ABBOTINDIA,Abbott India,EQ,INE358A01014,8920.3,8950.0,8725.15,8887.95,8875.0,8914.6,5041,44841167.2,1101,LEGACY
2019-06-28,AJANTPHARM,Ajanta Pharma,EQ,INE031B01049,960.0,966.0,945.0,955.8,957.9,956.1,82988,79297021.3,3733,LEGACY
2019-06-28,ALKEM,Alkem Laboratories,EQ,INE540L01014,1689.45,1699.5,1661.0,1669.0,1670.0,1682.5,15000,25171775.2,5391,LEGACY
2019-06-28,APLLTD,Alembic Pharmaceuticals,EQ,INE901L01018,501.0,516.7,496.05,508.75,508.0,495.75,45109,22888209.65,1798,LEGACY
2019-06-28,AUROPHARMA,Aurobindo Pharma,EQ,INE406A01037,613.25,625.95,603.2,608.05,608.0,612.25,2850389,1749419851.4,51780,LEGACY
2019-06-28,BIOCON,Biocon,EQ,INE376G01013,248.35,252.15,247.35,250.55,251.0,248.35,2143049,537140954.95,30086,LEGACY
2019-06-28,CADILAHC,Cadila Healthcare,EQ,INE010B01027,239.0,242.9,237.85,241.7,240.8,237.85,945274,227883147.35,10402,LEGACY
2019-06-28,CIPLA,Cipla,EQ,INE059A01026,551.9,556.7,546.35,553.45,552.05,551.95,996578,549764365.8,26812,LEGACY
2019-06-28,DIVISLAB,Divi's Laboratories,EQ,INE361B01024,1599.55,1634.45,1592.1,1596.95,1597.0,1601.8,551806,890707354.55,29363,LEGACY
2019-06-28,DRREDDY,Dr. Reddy's Laboratories,EQ,INE089A01023,2590.0,2615.0,2536.8,2550.45,2559.3,2565.6,859777,2220247978.35,49777,LEGACY
2019-06-28,GLAXO,GlaxoSmithKline Pharmaceuticals,EQ,INE159A01016,1215.0,1220.0,1198.0,1199.95,1198.1,1219.2,30953,37287935.2,2179,LEGACY
2019-06-28,GLENMARK,Glenmark Pharmaceuticals,EQ,INE935A01035,450.95,455.3,442.0,443.35,442.5,448.2,1875368,841126592.85,35423,LEGACY
2019-06-28,GRANULES,Granules India,EQ,INE101D01020,96.0,97.9,95.05,96.8,96.9,95.95,221390,21405706.2,1674,LEGACY
2019-06-28,IPCALAB,IPCA Laboratories,EQ,INE571A01020,922.5,929.9,915.0,917.75,922.0,924.8,115151,105979183.85,7803,LEGACY
2019-06-28,JBCHEPHARM,JB Chemicals & Pharmaceuticals,EQ,INE572A01028,366.4,375.0,360.0,366.8,375.0,366.4,66290,24187445.8,3350,LEGACY
2019-06-28,LAURUSLABS,Laurus Labs,EQ,INE947Q01010,339.45,340.7,336.1,336.7,336.7,340.75,13752,4650200.25,543,LEGACY
2019-06-28,LUPIN,Lupin,EQ,INE326A01037,770.0,790.0,751.05,754.75,753.0,765.7,3642873,2803002991.45,77570,LEGACY
2019-06-28,NATCOPHARM,Natco Pharma,EQ,INE987B01026,531.55,541.05,531.55,534.9,537.0,532.15,64119,34336701.0,3066,LEGACY
2019-06-28,PEL,Piramal Enterprises,EQ,INE140A01024,1943.9,1958.0,1920.0,1946.4,1945.0,1941.3,1086120,2111384706.9,33680,LEGACY
2019-06-28,PFIZER,Pfizer,EQ,INE182A01018,3297.85,3388.0,3272.5,3355.5,3341.3,3282.65,24622,82338735.45,3740,LEGACY
2019-06-28,SANOFI,Sanofi India,EQ,INE058A01010,5608.95,5750.9,5441.25,5650.1,5611.35,5608.6,13970,78115107.9,3720,LEGACY
2019-06-28,STAR,Strides Pharma Science,EQ,INE939A01011,412.9,420.0,392.6,398.9,396.15,410.35,1450305,585361228.4,25354,LEGACY
2019-06-28,SUNPHARMA,Sun Pharmaceutical Industries,EQ,INE044A01036,404.9,409.8,398.15,400.95,401.35,402.8,7283442,2944139196.75,87373,LEGACY
2019-06-28,TORNTPHARM,Torrent Pharmaceuticals,EQ,INE685A01028,1538.5,1552.0,1524.15,1547.3,1540.5,1529.35,158610,244335940.6,10465,LEGACY
2019-06-28,WOCKPHARMA,Wockhardt,EQ,INE049B01025,376.1,382.5,366.65,374.9,372.3,376.05,1129211,425225347.7,19131,LEGACY
2019-07-01,ABBOTINDIA,Abbott India,EQ,INE358A01014,8900.0,9000.65,8802.0,8838.05,8824.0,8887.95,3308,29501683.85,973,LEGACY
2019-07-01,AJANTPHARM,Ajanta Pharma,EQ,INE031B01049,959.8,968.95,953.0,961.2,958.0,955.8,99698,95616071.85,2054,LEGACY
2019-07-01,ALKEM,Alkem Laboratories,EQ,INE540L01014,1684.0,1688.55,1670.0,1676.25,1675.0,1669.0,11048,18547204.1,2863,LEGACY
2019-07-01,APLLTD,Alembic Pharmaceuticals,EQ,INE901L01018,514.0,517.95,500.0,502.85,503.95,508.75,32939,16708915.1,2294,LEGACY
2019-07-01,AUROPHARMA,Aurobindo Pharma,EQ,INE406A01037,610.0,617.15,607.55,615.35,614.95,608.05,1325880,812463171.25,33111,LEGACY
2019-07-01,BIOCON,Biocon,EQ,INE376G01013,251.05,253.05,249.45,252.2,252.25,250.55,1285096,323115798.75,17470,LEGACY
2019-07-01,CADILAHC,Cadila Healthcare,EQ,INE010B01027,240.0,246.25,239.05,240.35,240.5,241.7,1465009,354538714.5,13413,LEGACY
2019-07-01,CIPLA,Cipla,EQ,INE059A01026,555.7,559.35,553.15,555.8,555.0,553.45,565463,314559815.35,19423,LEGACY
2019-07-01,DIVISLAB,Divi's Laboratories,EQ,INE361B01024,1598.75,1622.0,1598.0,1610.2,1610.05,1596.95,273406,440545408.55,11116,LEGACY
2019-07-01,DRREDDY,Dr. Reddy's Laboratories,EQ,INE089A01023,2567.1,2675.0,2567.1,2654.85,2653.95,2550.45,1118522,2943628174.05,54451,LEGACY
2019-07-01,GLAXO,GlaxoSmithKline Pharmaceuticals,EQ,INE159A01016,1200.05,1204.25,1183.0,1188.0,1190.05,1199.95,21953,26180543.75,2656,LEGACY
2019-07-01,GLENMARK,Glenmark Pharmaceuticals,EQ,INE935A01035,443.3,447.85,439.0,441.25,441.1,443.35,2091239,926310350.95,35548,LEGACY
2019-07-01,GRANULES,Granules India,EQ,INE101D01020,97.0,97.8,95.85,97.3,97.1,96.8,166396,16123621.55,1215,LEGACY
2019-07-01,IPCALAB,IPCA Laboratories,EQ,INE571A01020,922.1,940.85,922.1,929.0,935.0,917.75,65922,61490076.8,8160,LEGACY
2019-07-01,JBCHEPHARM,JB Chemicals & Pharmaceuticals,EQ,INE572A01028,368.0,381.7,364.0,380.2,380.0,366.8,55524,20916247.55,1650,LEGACY
2019-07-01,LAURUSLABS,Laurus Labs,EQ,INE947Q01010,337.55,349.9,336.8,347.3,347.2,336.7,110654,38363215.6,1160,LEGACY
2019-07-01,LUPIN,Lupin,EQ,INE326A01037,758.0,774.0,758.0,772.15,771.65,754.75,1233570,946165294.25,25413,LEGACY
2019-07-01,NATCOPHARM,Natco Pharma,EQ,INE987B01026,528.0,539.0,528.0,536.2,536.5,534.9,50907,27236469.7,1598,LEGACY
2019-07-01,PEL,Piramal Enterprises,EQ,INE140A01024,1941.25,1973.0,1940.1,1965.0,1960.05,1946.4,595599,1167433392.35,21096,LEGACY
2019-07-01,PFIZER,Pfizer,EQ,INE182A01018,3350.0,3405.95,3305.0,3321.1,3308.0,3355.5,33827,112947599.95,3261,LEGACY
2019-07-01,SANOFI,Sanofi India,EQ,INE058A01010,5650.0,5799.0,5623.9,5726.45,5748.0,5650.1,9717,55832171.05,2493,LEGACY
2019-07-01,STAR,Strides Pharma Science,EQ,INE939A01011,400.4,413.2,396.1,412.1,412.5,398.9,1158184,472224238.1,21970,LEGACY
2019-07-01,SUNPHARMA,Sun Pharmaceutical Industries,EQ,INE044A01036,402.0,406.5,401.5,405.35,405.4,400.95,2254468,911553703.6,36905,LEGACY
2019-07-01,TORNTPHARM,Torrent Pharmaceuticals,EQ,INE685A01028,1558.0,1576.8,1542.4,1552.4,1553.3,1547.3,273021,425584598.8,14693,LEGACY
2019-07-01,WOCKPHARMA,Wockhardt,EQ,INE049B01025,375.95,378.0,370.05,373.95,373.2,374.9,522290,195508770.4,9208,LEGACY
2019-07-02,ABBOTINDIA,Abbott India,EQ,INE358A01014,8818.1,8870.0,8725.1,8782.95,8771.0,8838.05,1207,10605577.85,499,LEGACY
2019-07-02,AJANTPHARM,Ajanta Pharma,EQ,INE031B01049,962.5,979.5,951.65,959.15,956.1,961.2,44017,42219576.0,1737,LEGACY
2019-07-02,ALKEM,Alkem Laboratories,EQ,INE540L01014,1670.5,1724.0,1670.5,1710.75,1713.25,1676.25,14020,23856837.7,2014,LEGACY
2019-07-02,APLLTD,Alembic Pharmaceuticals,EQ,INE901L01018,503.85,534.9,503.85,530.25,530.0,502.85,331407,173806722.3,11194,LEGACY
2019-07-02,AUROPHARMA,Aurobindo Pharma,EQ,INE406A01037,616.0,618.45,606.3,610.9,610.55,615.35,912839,557376309.35,25767,LEGACY
2019-07-02,BIOCON,Biocon,EQ,INE376G01013,253.0,255.65,250.1,254.3,254.2,252.2,2097823,531631117.1,28441,LEGACY
2019-07-02,CADILAHC,Cadila Healthcare,EQ,INE010B01027,240.1,241.9,235.1,235.9,235.3,240.35,678953,160774989.05,15225,LEGACY
2019-07-02,CIPLA,Cipla,EQ,INE059A01026,557.15,558.5,551.5,555.35,555.55,555.8,565414,313622940.1,19497,LEGACY
2019-07-02,DIVISLAB,Divi's Laboratories,EQ,INE361B01024,1610.2,1623.7,1590.5,1617.25,1615.0,1610.2,300935,484070100.5,19981,LEGACY
2019-07-02,DRREDDY,Dr. Reddy's Laboratories,EQ,INE089A01023,2657.0,2661.95,2615.6,2627.65,2628.0,2654.85,666682,1756516499.4,37080,LEGACY
2019-07-02,GLAXO,GlaxoSmithKline Pharmaceuticals,EQ,INE159A01016,1190.0,1220.0,1185.1,1187.65,1187.0,1188.0,18570,22184129.6,1973,LEGACY
2019-07-02,GLENMARK,Glenmark Pharmaceuticals,EQ,INE935A01035,445.15,445.2,438.1,440.9,440.15,441.25,1921264,846805768.2,41362,LEGACY
2019-07-02,GRANULES,Granules India,EQ,INE101D01020,96.9,97.85,95.5,96.65,96.65,97.3,188872,18174351.2,4016,LEGACY
2019-07-02,IPCALAB,IPCA Laboratories,EQ,INE571A01020,936.5,981.0,931.55,965.75,978.8,929.0,137078,130669064.2,13279,LEGACY
2019-07-02,JBCHEPHARM,JB Chemicals & Pharmaceuticals,EQ,INE572A01028,384.0,385.5,368.15,374.45,377.0,380.2,42760,16016143.2,3752,LEGACY
2019-07-02,LAURUSLABS,Laurus Labs,EQ,INE947Q01010,347.25,361.6,347.25,354.6,354.75,347.3,66037,23531140.6,3217,LEGACY
2019-07-02,LUPIN,Lupin,EQ,INE326A01037,773.0,776.0,754.65,761.0,758.85,772.15,981115,748805463.0,26337,LEGACY
2019-07-02,NATCOPHARM,Natco Pharma,EQ,INE987B01026,537.2,541.55,533.0,539.55,537.5,536.2,32249,17343415.55,1691,LEGACY
2019-07-02,PEL,Piramal Enterprises,EQ,INE140A01024,1965.0,1978.0,1938.15,1947.75,1943.75,1965.0,594266,1164640526.45,25676,LEGACY
2019-07-02,PFIZER,Pfizer,EQ,INE182A01018,3315.25,3344.2,3300.2,3322.85,3301.3,3321.1,8168,27119726.45,1423,LEGACY
2019-07-02,SANOFI,Sanofi India,EQ,INE058A01010,5750.1,5781.75,5630.0,5699.25,5700.0,5726.45,2848,16234012.35,1188,LEGACY
2019-07-02,STAR,Strides Pharma Science,EQ,INE939A01011,412.1,413.6,384.8,398.2,397.55,412.1,2350139,934475880.55,57151,LEGACY
2019-07-02,SUNPHARMA,Sun Pharmaceutical Industries,EQ,INE044A01036,404.85,407.0,391.15,395.55,394.7,405.35,5539613,2192436815.65,77413,LEGACY
2019-07-02,TORNTPHARM,Torrent Pharmaceuticals,EQ,INE685A01028,1558.6,1563.9,1532.7,1552.2,1540.0,1552.4,118081,183198343.05,6383,LEGACY
2019-07-02,WOCKPHARMA,Wockhardt,EQ,INE049B01025,373.95,375.85,366.7,370.3,370.0,373.95,447600,165513954.75,10655,LEGACY
2019-07-03,ABBOTINDIA,Abbott India,EQ,INE358A01014,8726.25,8844.85,8726.25,8802.7,8799.9,8782.95,1366,12017904.05,482,LEGACY
2019-07-03,AJANTPHARM,Ajanta Pharma,EQ,INE031B01049,959.15,968.3,925.0,954.75,952.55,959.15,90323,86421474.3,4442,LEGACY
2019-07-03,ALKEM,Alkem Laboratories,EQ,INE540L01014,1711.0,1730.7,1690.0,1716.85,1722.0,1710.75,14736,25219629.2,4559,LEGACY
2019-07-03,APLLTD,Alembic Pharmaceuticals,EQ,INE901L01018,530.0,533.95,517.2,526.8,530.0,530.25,155741,82037378.8,2695,LEGACY
2019-07-03,AUROPHARMA,Aurobindo Pharma,EQ,INE406A01037,612.9,612.9,588.0,596.2,595.9,610.9,4994049,2965725786.55,91929,LEGACY
2019-07-03,BIOCON,Biocon,EQ,INE376G01013,254.25,254.95,248.25,248.85,249.05,254.3,1853775,463701073.85,34147,LEGACY
2019-07-03,CADILAHC,Cadila Healthcare,EQ,INE010B01027,235.9,238.2,232.3,237.1,237.0,235.9,1163795,273934387.0,14411,LEGACY
2019-07-03,CIPLA,Cipla,EQ,INE059A01026,555.35,556.7,549.45,553.25,554.65,555.35,797387,439826937.9,27379,LEGACY
2019-07-03,DIVISLAB,Divi's Laboratories,EQ,INE361B01024,1620.0,1640.0,1600.0,1630.6,1637.0,1617.25,598945,972041237.45,25485,LEGACY
2019-07-03,DRREDDY,Dr. Reddy's Laboratories,EQ,INE089A01023,2636.95,2636.95,2580.0,2596.7,2592.8,2627.65,626598,1625347224.4,34578,LEGACY
2019-07-03,GLAXO,GlaxoSmithKline Pharmaceuticals,EQ,INE159A01016,1196.95,1203.95,1179.45,1184.3,1180.0,1187.65,18899,22405969.15,2143,LEGACY
2019-07-03,GLENMARK,Glenmark Pharmaceuticals,EQ,INE935A01035,440.2,446.4,439.05,443.4,441.6,440.9,1011096,448585442.05,30852,LEGACY
2019-07-03,GRANULES,Granules India,EQ,INE101D01020,96.65,99.8,96.1,99.4,99.6,96.65,371103,36629877.95,3026,LEGACY
2019-07-03,IPCALAB,IPCA Laboratories,EQ,INE571A01020,971.6,971.8,957.0,959.25,960.0,965.75,94336,90973711.75,7949,LEGACY
2019-07-03,JBCHEPHARM,JB Chemicals & Pharmaceuticals,EQ,INE572A01028,373.05,381.0,364.7,365.1,365.0,374.45,174383,64794903.9,4644,LEGACY
2019-07-03,LAURUSLABS,Laurus Labs,EQ,INE947Q01010,354.6,358.4,350.15,351.1,351.0,354.6,20728,7360805.15,1485,LEGACY
2019-07-03,LUPIN,Lupin,EQ,INE326A01037,764.0,764.75,746.95,752.7,752.0,761.0,1312925,988272894.7,35862,LEGACY
2019-07-03,NATCOPHARM,Natco Pharma,EQ,INE987B01026,540.95,540.95,534.05,536.4,537.5,539.55,49419,26502403.15,1848,LEGACY
2019-07-03,PEL,Piramal Enterprises,EQ,INE140A01024,1949.0,2045.0,1949.0,2027.75,2042.0,1947.75,1037988,2074659799.15,56254,LEGACY
2019-07-03,PFIZER,Pfizer,EQ,INE182A01018,3320.25,3444.95,3307.6,3415.4,3420.0,3322.85,13494,45680400.1,2170,LEGACY
2019-07-03,SANOFI,Sanofi India,EQ,INE058A01010,5651.8,5739.95,5635.55,5689.5,5680.0,5699.25,3113,17721734.95,1181,LEGACY
2019-07-03,STAR,Strides Pharma Science,EQ,INE939A01011,400.0,402.8,392.05,395.95,395.7,398.2,1080705,427999532.25,34225,LEGACY
2019-07-03,SUNPHARMA,Sun Pharmaceutical Industries,EQ,INE044A01036,397.4,399.15,393.1,395.7,395.5,395.55,2683086,1061798270.95,50056,LEGACY
2019-07-03,TORNTPHARM,Torrent Pharmaceuticals,EQ,INE685A01028,1552.2,1557.9,1533.05,1552.85,1550.1,1552.2,86060,132971361.45,7123,LEGACY
2019-07-03,WOCKPHARMA,Wockhardt,EQ,INE049B01025,371.75,373.8,365.05,369.3,370.0,370.3,527808,194831049.65,11916,LEGACY
2019-07-04,ABBOTINDIA,Abbott India,EQ,INE358A01014,8800.0,8984.0,8790.05,8921.15,8920.0,8802.7,3593,31933419.8,906,LEGACY
2019-07-04,AJANTPHARM,Ajanta Pharma,EQ,INE031B01049,953.0,975.0,922.0,946.3,949.7,954.75,140061,132814631.6,4734,LEGACY
2019-07-04,ALKEM,Alkem Laboratories,EQ,INE540L01014,1716.85,1733.95,1703.65,1726.4,1721.0,1716.85,6533,11225910.4,1924,LEGACY
2019-07-04,APLLTD,Alembic Pharmaceuticals,EQ,INE901L01018,529.55,552.1,525.0,542.15,541.15,526.8,171921,92226720.35,3981,LEGACY
2019-07-04,AUROPHARMA,Aurobindo Pharma,EQ,INE406A01037,593.0,608.25,593.0,605.1,606.0,596.2,3852443,2318054891.9,75542,LEGACY
2019-07-04,BIOCON,Biocon,EQ,INE376G01013,249.5,250.95,246.8,248.95,248.9,248.85,1646732,410214601.5,26516,LEGACY
2019-07-04,CADILAHC,Cadila Healthcare,EQ,INE010B01027,237.7,238.6,235.25,236.75,236.2,237.1,450557,106681404.55,6602,LEGACY
2019-07-04,CIPLA,Cipla,EQ,INE059A01026,554.65,555.65,550.6,551.55,551.5,553.25,639531,353000693.8,21653,LEGACY
2019-07-04,DIVISLAB,Divi's Laboratories,EQ,INE361B01024,1631.4,1638.95,1611.95,1619.8,1616.5,1630.6,214179,347531244.35,11039,LEGACY
2019-07-04,DRREDDY,Dr. Reddy's Laboratories,EQ,INE089A01023,2601.1,2620.0,2593.05,2602.4,2601.0,2596.7,368100,960040498.95,17439,LEGACY
2019-07-04,GLAXO,GlaxoSmithKline Pharmaceuticals,EQ,INE159A01016,1187.95,1197.85,1177.0,1185.0,1182.0,1184.3,26376,31245283.75,2164,LEGACY
2019-07-04,GLENMARK,Glenmark Pharmaceuticals,EQ,INE935A01035,444.55,445.85,439.55,440.2,439.75,443.4,673117,297158022.45,20057,LEGACY
2019-07-04,GRANULES,Granules India,EQ,INE101D01020,99.5,102.1,98.5,100.25,100.05,99.4,317636,31849227.35,2573,LEGACY
2019-07-04,IPCALAB,IPCA Laboratories,EQ,INE571A01020,965.0,967.0,941.0,949.0,948.55,959.25,115577,110097157.4,6912,LEGACY
2019-07-04,JBCHEPHARM,JB Chemicals & Pharmaceuticals,EQ,INE572A01028,364.7,368.05,364.7,365.15,365.2,365.1,20790,7599340.3,574,LEGACY
2019-07-04,LAURUSLABS,Laurus Labs,EQ,INE947Q01010,351.1,355.5,351.1,351.55,352.45,351.1,22861,8076881.55,798,LEGACY
2019-07-04,LUPIN,Lupin,EQ,INE326A01037,754.7,759.75,748.15,754.35,754.35,752.7,1594101,1198565601.0,29372,LEGACY
2019-07-04,NATCOPHARM,Natco Pharma,EQ,INE987B01026,537.9,539.35,530.05,532.7,530.4,536.4,65548,35006857.5,1241,LEGACY
2019-07-04,PEL,Piramal Enterprises,EQ,INE140A01024,2020.0,2101.0,1923.4,1949.0,1945.0,2027.75,3263907,6555883583.15,105555,LEGACY
2019-07-04,PFIZER,Pfizer,EQ,INE182A01018,3440.0,3473.0,3399.05,3423.85,3434.0,3415.4,16041,55206824.5,2521,LEGACY
2019-07-04,SANOFI,Sanofi India,EQ,INE058A01010,5700.0,5730.0,5660.0,5715.95,5719.95,5689.5,19105,108914149.85,1164,LEGACY
2019-07-04,STAR,Strides Pharma Science,EQ,INE939A01011,396.95,399.05,391.0,393.4,392.0,395.95,578811,228040384.5,11657,LEGACY
2019-07-04,SUNPHARMA,Sun Pharmaceutical Industries,EQ,INE044A01036,396.7,398.05,391.2,392.1,391.5,395.7,3308295,1300713459.45,51761,LEGACY
2019-07-04,TORNTPHARM,Torrent Pharmaceuticals,EQ,INE685A01028,1554.0,1556.6,1535.05,1545.15,1545.2,1552.85,165531,256204506.4,13227,LEGACY
2019-07-04,WOCKPHARMA,Wockhardt,EQ,INE049B01025,374.3,376.95,370.2,372.45,372.5,369.3,495870,184851143.25,9764,LEGACY
2019-07-05,ABBOTINDIA,Abbott India,EQ,INE358A01014,8949.0,8959.95,8740.0,8892.0,8900.0,8921.15,3015,26657817.5,1251,LEGACY
2019-07-05,AJANTPHARM,Ajanta Pharma,EQ,INE031B01049,952.0,972.0,928.1,943.45,937.95,946.3,278011,263699204.4,3283,LEGACY
2019-07-05,ALKEM,Alkem Laboratories,EQ,INE540L01014,1718.35,1747.7,1718.35,1737.4,1733.35,1726.4,11332,19681031.0,2551,LEGACY
2019-07-05,APLLTD,Alembic Pharmaceuticals,EQ,INE901L01018,541.0,547.7,531.1,533.6,534.0,542.15,18627,10057142.95,1155,LEGACY
2019-07-05,AUROPHARMA,Aurobindo Pharma,EQ,INE406A01037,605.0,610.85,594.3,597.2,596.1,605.1,2016268,1218120912.8,45504,LEGACY
2019-07-05,BIOCON,Biocon,EQ,INE376G01013,249.0,250.35,238.85,240.1,239.35,248.95,2035287,496659599.95,28148,LEGACY
2019-07-05,CADILAHC,Cadila Healthcare,EQ,INE010B01027,237.8,237.8,226.85,228.7,230.0,236.75,1441720,332679703.05,9816,LEGACY
2019-07-05,CIPLA,Cipla,EQ,INE059A01026,551.55,554.25,549.2,550.0,550.0,551.55,796604,438514348.65,24756,LEGACY
2019-07-05,DIVISLAB,Divi's Laboratories,EQ,INE361B01024,1619.8,1619.8,1583.0,1610.8,1605.05,1619.8,607948,974448915.6,41591,LEGACY
2019-07-05,DRREDDY,Dr. Reddy's Laboratories,EQ,INE089A01023,2610.0,2619.5,2593.55,2600.95,2598.0,2602.4,491715,1281352507.5,16424,LEGACY
2019-07-05,GLAXO,GlaxoSmithKline Pharmaceuticals,EQ,INE159A01016,1182.0,1190.0,1175.0,1181.35,1185.95,1185.0,20507,24236202.0,1884,LEGACY
2019-07-05,GLENMARK,Glenmark Pharmaceuticals,EQ,INE935A01035,441.7,443.3,429.2,430.55,429.55,440.2,841708,367757347.4,18509,LEGACY
2019-07-05,GRANULES,Granules India,EQ,INE101D01020,101.4,101.4,98.55,99.2,99.2,100.25,296494,29627797.65,2544,LEGACY
2019-07-05,IPCALAB,IPCA Laboratories,EQ,INE571A01020,949.0,954.85,944.0,949.3,952.0,949.0,85563,81408074.45,7602,LEGACY
2019-07-05,JBCHEPHARM,JB Chemicals & Pharmaceuticals,EQ,INE572A01028,360.0,367.1,360.0,365.0,365.0,365.15,19592,7150451.7,1349,LEGACY
2019-07-05,LAURUSLABS,Laurus Labs,EQ,INE947Q01010,352.2,354.05,341.0,343.75,342.0,351.55,15416,5368192.55,567,LEGACY
2019-07-05,LUPIN,Lupin,EQ,INE326A01037,754.5,762.5,733.3,735.7,735.2,754.35,764023,570006924.05,22818,LEGACY
2019-07-05,NATCOPHARM,Natco Pharma,EQ,INE987B01026,532.0,537.9,520.2,530.85,530.0,532.7,1013064,535301214.1,3996,LEGACY
2019-07-05,PEL,Piramal Enterprises,EQ,INE140A01024,1949.0,2074.9,1930.0,1991.85,1985.05,1949.0,2549763,5092701436.1,104690,LEGACY
2019-07-05,PFIZER,Pfizer,EQ,INE182A01018,3443.45,3443.45,3353.05,3387.35,3400.0,3423.85,7420,25118861.75,1715,LEGACY
2019-07-05,SANOFI,Sanofi India,EQ,INE058A01010,5710.0,5780.95,5705.05,5752.4,5746.0,5715.95,5237,30113887.25,2792,LEGACY
2019-07-05,STAR,Strides Pharma Science,EQ,INE939A01011,395.4,396.0,374.5,376.45,376.0,393.4,1268116,484375167.5,22606,LEGACY
2019-07-05,SUNPHARMA,Sun Pharmaceutical Industries,EQ,INE044A01036,393.5,394.4,373.4,375.25,375.25,392.1,5446432,2086556488.1,95652,LEGACY
2019-07-05,TORNTPHARM,Torrent Pharmaceuticals,EQ,INE685A01028,1550.0,1550.0,1510.15,1525.15,1510.15,1545.15,503188,773513393.4,6769,LEGACY
2019-07-05,WOCKPHARMA,Wockhardt,EQ,INE049B01025,373.9,373.9,360.0,362.5,361.3,372.45,396277,145329358.15,9358,LEGACY
2019-07-08,ABBOTINDIA,Abbott India,EQ,INE358A01014,8804.0,8849.95,8600.0,8677.0,8662.0,8892.0,4193,36572808.35,1387,LEGACY
2019-07-08,AJANTPHARM,Ajanta Pharma,EQ,INE031B01049,943.0,943.0,913.5,921.8,924.2,943.45,89759,83028265.6,4130,LEGACY
2019-07-08,ALKEM,Alkem Laboratories,EQ,INE540L01014,1746.8,1780.0,1705.0,1772.0,1778.0,1737.4,24577,43222230.0,5545,LEGACY
2019-07-08,APLLTD,Alembic Pharmaceuticals,EQ,INE901L01018,525.65,551.8,525.65,539.65,550.0,533.6,108204,58736560.9,5447,LEGACY
2019-07-08,AUROPHARMA,Aurobindo Pharma,EQ,INE406A01037,593.0,599.75,581.75,586.8,586.0,597.2,1926774,1138401329.0,47241,LEGACY
2019-07-08,BIOCON,Biocon,EQ,INE376G01013,230.0,243.45,230.0,240.3,241.0,240.1,3786185,905634048.9,55283,LEGACY
2019-07-08,CADILAHC,Cadila Healthcare,EQ,INE010B01027,228.6,230.1,223.45,224.65,224.45,228.7,938900,212398819.35,14099,LEGACY
2019-07-08,CIPLA,Cipla,EQ,INE059A01026,547.0,549.0,534.65,538.45,539.5,550.0,1490078,807176467.25,50652,LEGACY
2019-07-08,DIVISLAB,Divi's Laboratories,EQ,INE361B01024,1600.1,1604.25,1564.5,1575.65,1577.9,1610.8,329224,520524371.35,24387,LEGACY
2019-07-08,DRREDDY,Dr. Reddy's Laboratories,EQ,INE089A01023,2585.1,2620.0,2559.0,2595.7,2590.0,2600.95,470575,1219698805.55,18267,LEGACY
2019-07-08,GLAXO,GlaxoSmithKline Pharmaceuticals,EQ,INE159A01016,1179.7,1189.0,1171.0,1180.2,1176.15,1181.35,18322,21580063.6,1533,LEGACY
2019-07-08,GLENMARK,Glenmark Pharmaceuticals,EQ,INE935A01035,429.0,438.8,423.65,436.55,437.0,430.55,932003,403968569.65,20606,LEGACY
2019-07-08,GRANULES,Granules India,EQ,INE101D01020,98.75,99.0,94.5,94.95,94.8,99.2,375137,36133239.0,3447,LEGACY
2019-07-08,IPCALAB,IPCA Laboratories,EQ,INE571A01020,948.0,950.55,919.95,944.8,942.85,949.3,174184,162591868.0,10876,LEGACY
2019-07-08,JBCHEPHARM,JB Chemicals & Pharmaceuticals,EQ,INE572A01028,362.0,369.15,362.0,367.8,369.15,365.0,20857,7616871.75,1436,LEGACY
2019-07-08,LAURUSLABS,Laurus Labs,EQ,INE947Q01010,344.0,344.0,331.8,339.75,340.5,343.75,15811,5329627.5,877,LEGACY
2019-07-08,LUPIN,Lupin,EQ,INE326A01037,725.0,740.65,725.0,734.1,733.75,735.7,964123,708655634.85,26762,LEGACY
2019-07-08,NATCOPHARM,Natco Pharma,EQ,INE987B01026,530.85,538.5,516.5,523.3,521.0,530.85,109863,57656323.0,4723,LEGACY
2019-07-08,PEL,Piramal Enterprises,EQ,INE140A01024,1968.25,2019.0,1903.1,1918.05,1936.0,1991.85,1483620,2912095629.15,58545,LEGACY
2019-07-08,PFIZER,Pfizer,EQ,INE182A01018,3385.3,3385.3,3255.0,3282.85,3287.0,3387.35,18391,60444919.25,3564,LEGACY
2019-07-08,SANOFI,Sanofi India,EQ,INE058A01010,5772.4,5839.95,5673.1,5814.35,5800.0,5752.4,16002,92214909.15,4647,LEGACY
2019-07-08,STAR,Strides Pharma Science,EQ,INE939A01011,371.0,380.45,366.15,372.1,371.85,376.45,932939,348123576.95,16759,LEGACY
2019-07-08,SUNPHARMA,Sun Pharmaceutical Industries,EQ,INE044A01036,375.0,380.9,365.4,366.8,368.0,375.25,7355520,2725488778.5,93616,LEGACY
2019-07-08,TORNTPHARM,Torrent Pharmaceuticals,EQ,INE685A01028,1513.0,1539.0,1496.3,1527.95,1534.0,1525.15,145638,222403108.6,11413,LEGACY
2019-07-08,WOCKPHARMA,Wockhardt,EQ,INE049B01025,359.8,361.55,350.0,351.35,352.2,362.5,391737,138774430.2,10667,LEGACY
2019-07-09,ABBOTINDIA,Abbott India,EQ,INE358A01014,8790.0,8790.0,8630.05,8735.4,8750.0,8677.0,1880,16362499.1,518,LEGACY
2019-07-09,AJANTPHARM,Ajanta Pharma,EQ,INE031B01049,929.7,929.7,911.1,916.2,914.45,921.8,204262,187142194.8,12731,LEGACY
2019-07-09,ALKEM,Alkem Laboratories,EQ,INE540L01014,1770.0,1778.0,1743.0,1772.95,1770.0,1772.0,8391,14836747.25,2625,LEGACY
2019-07-09,APLLTD,Alembic Pharmaceuticals,EQ,INE901L01018,545.0,546.0,525.05,532.15,526.0,539.65,46712,24981898.15,2883,LEGACY
2019-07-09,AUROPHARMA,Aurobindo Pharma,EQ,INE406A01037,586.0,607.5,581.8,603.8,602.5,586.8,2938178,1752304613.55,62988,LEGACY
2019-07-09,BIOCON,Biocon,EQ,INE376G01013,240.7,247.15,238.6,244.95,244.95,240.3,2057019,499238434.9,28613,LEGACY
2019-07-09,CADILAHC,Cadila Healthcare,EQ,INE010B01027,222.65,231.5,222.55,230.75,230.95,224.65,1215726,277309833.3,16158,LEGACY
2019-07-09,CIPLA,Cipla,EQ,INE059A01026,536.8,552.45,536.8,548.8,547.5,538.45,1472836,805344592.75,39846,LEGACY
2019-07-09,DIVISLAB,Divi's Laboratories,EQ,INE361B01024,1570.15,1615.85,1567.95,1605.1,1605.0,1575.65,548646,875468055.05,43200,LEGACY
2019-07-09,DRREDDY,Dr. Reddy's Laboratories,EQ,INE089A01023,2592.0,2625.0,2571.3,2598.85,2594.25,2595.7,408296,1062447426.8,24435,LEGACY
2019-07-09,GLAXO,GlaxoSmithKline Pharmaceuticals,EQ,INE159A01016,1176.15,1179.95,1160.8,1167.05,1162.0,1180.2,35821,41785659.05,1701,LEGACY
2019-07-09,GLENMARK,Glenmark Pharmaceuticals,EQ,INE935A01035,438.85,452.75,436.55,449.2,449.05,436.55,2423296,1083487342.05,41741,LEGACY
2019-07-09,GRANULES,Granules India,EQ,INE101D01020,94.8,97.25,93.5,96.65,96.4,94.95,325580,31090186.45,3494,LEGACY
2019-07-09,IPCALAB,IPCA Laboratories,EQ,INE571A01020,940.5,960.0,931.0,951.35,946.1,944.8,136782,129564035.6,10531,LEGACY
2019-07-09,JBCHEPHARM,JB Chemicals & Pharmaceuticals,EQ,INE572A01028,366.3,375.7,363.0,374.25,374.65,367.8,26114,9664045.4,884,LEGACY
2019-07-09,LAURUSLABS,Laurus Labs,EQ,INE947Q01010,333.05,347.7,332.05,343.7,345.25,339.75,16563,5643256.7,1335,LEGACY
2019-07-09,LUPIN,Lupin,EQ,INE326A01037,732.9,753.95,730.3,751.05,751.05,734.1,985434,734870304.1,26522,LEGACY
2019-07-09,NATCOPHARM,Natco Pharma,EQ,INE987B01026,522.0,539.9,522.0,534.15,539.9,523.3,670597,355651362.65,3090,LEGACY
2019-07-09,PEL,Piramal Enterprises,EQ,INE140A01024,1959.7,2005.0,1912.65,1990.3,1995.05,1918.05,1434175,2826065714.6,55946,LEGACY
2019-07-09,PFIZER,Pfizer,EQ,INE182A01018,3255.05,3326.9,3235.1,3283.55,3276.0,3282.85,10287,33597296.95,2273,LEGACY
2019-07-09,SANOFI,Sanofi India,EQ,INE058A01010,5765.05,5874.0,5759.35,5782.05,5780.0,5814.35,7235,41976932.4,3426,LEGACY
2019-07-09,STAR,Strides Pharma Science,EQ,INE939A01011,368.5,384.0,368.25,379.15,379.9,372.1,1280357,482549237.45,41834,LEGACY
2019-07-09,SUNPHARMA,Sun Pharmaceutical Industries,EQ,INE044A01036,367.0,395.0,367.0,386.4,387.0,366.8,15428006,5943056868.5,173961,LEGACY
2019-07-09,TORNTPHARM,Torrent Pharmaceuticals,EQ,INE685A01028,1527.9,1560.45,1517.0,1546.25,1545.4,1527.95,128721,198846923.1,6441,LEGACY
2019-07-09,WOCKPHARMA,Wockhardt,EQ,INE049B01025,350.95,367.45,347.0,360.25,359.2,351.35,716355,256871718.35,18328,LEGACY
2019-07-10,ABBOTINDIA,Abbott India,EQ,INE358A01014,8745.0,8919.9,8700.0,8883.8,8870.05,8735.4,1864,16445497.5,484,LEGACY
2019-07-10,AJANTPHARM,Ajanta Pharma,EQ,INE031B01049,918.75,922.1,907.0,910.5,908.6,916.2,117573,107134242.6,3139,LEGACY
2019-07-10,ALKEM,Alkem Laboratories,EQ,INE540L01014,1765.6,1795.0,1735.0,1776.1,1764.0,1772.95,15202,27072764.65,2654,LEGACY
2019-07-10,APLLTD,Alembic Pharmaceuticals,EQ,INE901L01018,526.3,551.9,516.3,524.25,522.45,532.15,74444,40199683.9,3482,LEGACY
2019-07-10,AUROPHARMA,Aurobindo Pharma,EQ,INE406A01037,606.4,607.0,589.35,597.1,595.3,603.8,2423999,1451127184.9,66333,LEGACY
2019-07-10,BIOCON,Biocon,EQ,INE376G01013,245.65,247.95,244.5,246.6,246.85,244.95,1261188,310659089.5,20094,LEGACY
2019-07-10,CADILAHC,Cadila Healthcare,EQ,INE010B01027,230.9,232.95,227.25,228.3,227.65,230.75,811882,187163553.0,12122,LEGACY
2019-07-10,CIPLA,Cipla,EQ,INE059A01026,545.35,551.15,541.85,544.95,544.05,548.8,1045560,571454474.2,43908,LEGACY
2019-07-10,DIVISLAB,Divi's Laboratories,EQ,INE361B01024,1609.0,1633.75,1597.55,1623.45,1625.0,1605.1,685813,1112366334.9,49163,LEGACY
2019-07-10,DRREDDY,Dr. Reddy's Laboratories,EQ,INE089A01023,2594.0,2602.9,2572.4,2584.65,2585.5,2598.85,311159,804466815.85,21785,LEGACY
2019-07-10,GLAXO,GlaxoSmithKline Pharmaceuticals,EQ,INE159A01016,1170.0,1171.75,1150.05,1165.8,1160.0,1167.05,26185,30546489.3,1536,LEGACY
2019-07-10,GLENMARK,Glenmark Pharmaceuticals,EQ,INE935A01035,451.0,451.0,441.0,445.9,445.9,449.2,1068742,476638873.15,27240,LEGACY
2019-07-10,GRANULES,Granules India,EQ,INE101D01020,96.15,97.55,94.1,95.1,94.5,96.65,333825,32081101.8,4102,LEGACY
2019-07-10,IPCALAB,IPCA Laboratories,EQ,INE571A01020,957.95,957.95,946.0,951.5,949.6,951.35,30338,28818622.95,5226,LEGACY
2019-07-10,JBCHEPHARM,JB Chemicals & Pharmaceuticals,EQ,INE572A01028,375.0,375.0,365.0,369.55,366.55,374.25,21522,7934717.45,1281,LEGACY
2019-07-10,LAURUSLABS,Laurus Labs,EQ,INE947Q01010,337.0,345.9,337.0,340.35,341.5,343.7,29292,10068537.95,611,LEGACY
2019-07-10,LUPIN,Lupin,EQ,INE326A01037,755.25,762.0,748.0,760.15,761.9,751.05,1594455,1206534715.15,37426,LEGACY
2019-07-10,NATCOPHARM,Natco Pharma,EQ,INE987B01026,538.0,538.5,528.05,532.0,531.9,534.15,64856,34574891.4,2163,LEGACY
2019-07-10,PEL,Piramal Enterprises,EQ,INE140A01024,1989.1,1998.05,1925.0,1937.05,1941.1,1990.3,763963,1497425227.25,31984,LEGACY
2019-07-10,PFIZER,Pfizer,EQ,INE182A01018,3280.0,3300.25,3170.0,3208.3,3176.0,3283.55,14199,45878548.5,3022,LEGACY
2019-07-10,SANOFI,Sanofi India,EQ,INE058A01010,5780.0,5815.0,5632.25,5700.85,5700.0,5782.05,12742,72961044.7,4219,LEGACY
2019-07-10,STAR,Strides Pharma Science,EQ,INE939A01011,378.95,381.5,369.2,374.95,374.95,379.15,817906,306692016.7,30016,LEGACY
2019-07-10,SUNPHARMA,Sun Pharmaceutical Industries,EQ,INE044A01036,386.0,397.35,380.6,392.2,390.45,386.4,10202064,3978605224.45,128191,LEGACY
2019-07-10,TORNTPHARM,Torrent Pharmaceuticals,EQ,INE685A01028,1548.8,1560.0,1534.05,1549.4,1543.9,1546.25,143464,222419448.5,7284,LEGACY
2019-07-10,WOCKPHARMA,Wockhardt,EQ,INE049B01025,359.5,359.5,352.1,355.65,354.1,360.25,487655,173305905.1,13838,LEGACY
2019-07-11,ABBOTINDIA,Abbott India,EQ,INE358A01014,8882.95,8975.0,8853.8,8916.4,8856.0,8883.8,7062,63003511.1,622,LEGACY
2019-07-11,AJANTPHARM,Ajanta Pharma,EQ,INE031B01049,911.0,919.7,873.4,907.55,902.0,910.5,421015,377397032.25,14062,LEGACY
2019-07-11,ALKEM,Alkem Laboratories,EQ,INE540L01014,1774.0,1796.8,1740.2,1794.2,1794.0,1776.1,7903,14078581.7,1696,LEGACY
2019-07-11,APLLTD,Alembic Pharmaceuticals,EQ,INE901L01018,522.45,545.4,520.7,539.15,538.0,524.25,131667,70901543.1,4138,LEGACY
2019-07-11,AUROPHARMA,Aurobindo Pharma,EQ,INE406A01037,606.8,622.0,598.65,605.3,604.05,597.1,5210981,3189556998.5,92889,LEGACY
2019-07-11,BIOCON,Biocon,EQ,INE376G01013,247.2,254.25,246.9,252.65,252.55,246.6,2645060,664202129.95,31575,LEGACY
2019-07-11,CADILAHC,Cadila Healthcare,EQ,INE010B01027,229.0,236.5,229.0,234.35,233.85,228.3,1201526,280930314.65,17216,LEGACY
2019-07-11,CIPLA,Cipla,EQ,INE059A01026,549.0,553.8,546.0,552.4,552.9,544.95,726448,400858879.45,22539,LEGACY
2019-07-11,DIVISLAB,Divi's Laboratories,EQ,INE361B01024,1637.0,1642.9,1605.0,1608.65,1609.15,1623.45,672371,1091375876.05,44883,LEGACY
2019-07-11,DRREDDY,Dr. Reddy's Laboratories,EQ,INE089A01023,2586.0,2662.0,2585.15,2653.05,2647.0,2584.65,780105,2062413455.35,35656,LEGACY
2019-07-11,GLAXO,GlaxoSmithKline Pharmaceuticals,EQ,INE159A01016,1155.8,1155.8,1138.0,1140.05,1139.0,1165.8,28947,33048705.2,2245,LEGACY
2019-07-11,GLENMARK,Glenmark Pharmaceuticals,EQ,INE935A01035,449.95,458.6,448.8,451.3,451.0,445.9,1901817,863670133.35,54598,LEGACY
2019-07-11,GRANULES,Granules India,EQ,INE101D01020,95.8,95.8,92.7,93.15,93.1,95.1,366849,34377839.6,4897,LEGACY
2019-07-11,IPCALAB,IPCA Laboratories,EQ,INE571A01020,952.55,959.95,936.45,954.35,955.0,951.5,41221,39364258.75,9011,LEGACY
2019-07-11,JBCHEPHARM,JB Chemicals & Pharmaceuticals,EQ,INE572A01028,367.25,370.65,363.3,364.4,365.0,369.55,27418,10014626.2,1080,LEGACY
2019-07-11,LAURUSLABS,Laurus Labs,EQ,INE947Q01010,341.5,348.0,341.45,346.75,344.2,340.35,12321,4262780.45,796,LEGACY
2019-07-11,LUPIN,Lupin,EQ,INE326A01037,765.0,769.3,747.4,753.65,753.3,760.15,1589107,1202386617.15,33578,LEGACY
2019-07-11,NATCOPHARM,Natco Pharma,EQ,INE987B01026,535.9,535.9,523.45,529.3,529.0,532.0,59643,31560901.05,2348,LEGACY
2019-07-11,PEL,Piramal Enterprises,EQ,INE140A01024,1965.0,1995.0,1951.3,1963.6,1967.0,1937.05,832823,1642411354.9,34421,LEGACY
2019-07-11,PFIZER,Pfizer,EQ,INE182A01018,3213.35,3213.35,3132.95,3148.8,3137.05,3208.3,17606,55662504.25,2996,LEGACY
2019-07-11,SANOFI,Sanofi India,EQ,INE058A01010,5687.15,5825.0,5672.2,5768.15,5752.35,5700.85,4446,25488451.0,1322,LEGACY
2019-07-11,STAR,Strides Pharma Science,EQ,INE939A01011,376.95,379.75,369.2,372.4,372.05,374.95,763934,285235601.5,25227,LEGACY
2019-07-11,SUNPHARMA,Sun Pharmaceutical Industries,EQ,INE044A01036,394.9,400.35,390.3,398.15,398.4,392.2,7759443,3067850283.45,92372,LEGACY
2019-07-11,TORNTPHARM,Torrent Pharmaceuticals,EQ,INE685A01028,1554.85,1578.0,1531.1,1549.25,1556.5,1549.4,405073,630189089.45,17236,LEGACY
2019-07-11,WOCKPHARMA,Wockhardt,EQ,INE049B01025,356.0,361.25,352.5,356.2,356.65,355.65,420387,149770367.75,11641,LEGACY
2019-07-12,ABBOTINDIA,Abbott India,EQ,INE358A01014,8890.0,8973.75,8850.0,8897.25,8881.05,8916.4,9218,82087771.05,705,LEGACY
2019-07-12,AJANTPHARM,Ajanta Pharma,EQ,INE031B01049,908.0,909.5,889.05,899.45,895.05,907.55,201520,181174356.15,13071,LEGACY
2019-07-12,ALKEM,Alkem Laboratories,EQ,INE540L01014,1790.0,1808.65,1775.0,1800.85,1800.0,1794.2,9710,17468439.9,1747,LEGACY
2019-07-12,APLLTD,Alembic Pharmaceuticals,EQ,INE901L01018,540.35,549.0,534.5,543.5,540.0,539.15,24659,13395569.65,1690,LEGACY
2019-07-12,AUROPHARMA,Aurobindo Pharma,EQ,INE406A01037,605.0,608.85,593.8,595.75,596.95,605.3,2350609,1412122674.1,56400,LEGACY
2019-07-12,BIOCON,Biocon,EQ,INE376G01013,252.15,255.7,251.55,253.6,254.0,252.65,2274950,577370089.4,22608,LEGACY
2019-07-12,CADILAHC,Cadila Healthcare,EQ,INE010B01027,235.0,239.2,232.5,236.2,236.0,234.35,1241440,293517833.6,16465,LEGACY
2019-07-12,CIPLA,Cipla,EQ,INE059A01026,554.0,566.5,547.2,556.8,555.8,552.4,1485506,827701934.4,43296,LEGACY
2019-07-12,DIVISLAB,Divi's Laboratories,EQ,INE361B01024,1614.95,1621.0,1587.1,1613.15,1608.0,1608.65,548484,880376958.2,46829,LEGACY
2019-07-12,DRREDDY,Dr. Reddy's Laboratories,EQ,INE089A01023,2648.0,2660.25,2585.15,2628.6,2630.0,2653.05,661837,1738273599.2,37292,LEGACY
2019-07-12,GLAXO,GlaxoSmithKline Pharmaceuticals,EQ,INE159A01016,1135.1,1157.9,1130.0,1149.7,1149.0,1140.05,19322,22068641.15,1588,LEGACY
2019-07-12,GLENMARK,Glenmark Pharmaceuticals,EQ,INE935A01035,456.0,457.55,448.0,451.35,448.35,451.3,1294664,586122033.5,36019,LEGACY
2019-07-12,GRANULES,Granules India,EQ,INE101D01020,93.8,94.95,92.7,94.4,94.5,93.15,214173,20170107.35,2417,LEGACY
2019-07-12,IPCALAB,IPCA Laboratories,EQ,INE571A01020,948.7,964.0,948.5,960.75,958.7,954.35,39442,37782485.1,6222,LEGACY
2019-07-12,JBCHEPHARM,JB Chemicals & Pharmaceuticals,EQ,INE572A01028,360.15,378.0,360.15,376.65,376.0,364.4,28962,10796453.0,2499,LEGACY
2019-07-12,LAURUSLABS,Laurus Labs,EQ,INE947Q01010,346.75,368.9,340.4,358.15,354.2,346.75,48577,17246659.55,2376,LEGACY
2019-07-12,LUPIN,Lupin,EQ,INE326A01037,757.0,764.7,752.0,761.75,761.55,753.65,1166462,886190813.45,26961,LEGACY
2019-07-12,NATCOPHARM,Natco Pharma,EQ,INE987B01026,533.6,533.6,525.0,527.85,529.5,529.3,28469,15075398.0,2456,LEGACY
2019-07-12,PEL,Piramal Enterprises,EQ,INE140A01024,1970.0,1991.0,1939.85,1945.45,1941.0,1963.6,580410,1140379803.9,26948,LEGACY
2019-07-12,PFIZER,Pfizer,EQ,INE182A01018,3153.0,3199.0,3132.95,3168.7,3180.0,3148.8,14241,45057587.15,3152,LEGACY
2019-07-12,SANOFI,Sanofi India,EQ,INE058A01010,5768.0,5849.0,5750.0,5770.9,5790.0,5768.15,6550,38039071.1,1577,LEGACY
2019-07-12,STAR,Strides Pharma Science,EQ,INE939A01011,373.95,380.4,372.55,376.0,375.9,372.4,1125862,423659210.05,36925,LEGACY
2019-07-12,SUNPHARMA,Sun Pharmaceutical Industries,EQ,INE044A01036,400.5,411.5,397.35,407.7,407.55,398.15,13549864,5487383629.45,171556,LEGACY
2019-07-12,TORNTPHARM,Torrent Pharmaceuticals,EQ,INE685A01028,1562.8,1565.0,1539.1,1556.5,1550.0,1549.25,102322,158699113.05,5568,LEGACY
2019-07-12,WOCKPHARMA,Wockhardt,EQ,INE049B01025,357.9,361.95,353.0,354.25,353.4,356.2,420796,150006168.05,10694,LEGACY
2019-07-15,ABBOTINDIA,Abbott India,EQ,INE358A01014,8875.0,8942.0,8852.0,8870.05,8861.05,8897.25,1477,13158553.55,356,LEGACY
2019-07-15,AJANTPHARM,Ajanta Pharma,EQ,INE031B01049,904.9,905.0,880.0,883.5,880.35,899.45,72572,64418921.1,4932,LEGACY
2019-07-15,ALKEM,Alkem Laboratories,EQ,INE540L01014,1799.05,1807.0,1750.0,1769.7,1755.55,1800.85,310701,544033743.95,3178,LEGACY
2019-07-15,APLLTD,Alembic Pharmaceuticals,EQ,INE901L01018,538.5,556.5,532.65,535.1,536.15,543.5,44588,24284247.3,3030,LEGACY
2019-07-15,AUROPHARMA,Aurobindo Pharma,EQ,INE406A01037,600.0,603.3,570.55,575.6,576.0,595.75,3804145,2213393902.45,78762,LEGACY
2019-07-15,BIOCON,Biocon,EQ,INE376G01013,254.25,254.85,249.2,252.7,252.7,253.6,1652668,416324711.6,31258,LEGACY
2019-07-15,CADILAHC,Cadila Healthcare,EQ,INE010B01027,236.15,238.9,230.7,238.3,237.6,236.2,1312592,309425644.25,12198,LEGACY
2019-07-15,CIPLA,Cipla,EQ,INE059A01026,559.9,560.5,548.6,550.55,551.0,556.8,842129,466521136.65,37025,LEGACY
2019-07-15,DIVISLAB,Divi's Laboratories,EQ,INE361B01024,1615.0,1631.0,1600.1,1614.4,1613.5,1613.15,331641,535347462.05,18336,LEGACY
2019-07-15,DRREDDY,Dr. Reddy's Laboratories,EQ,INE089A01023,2630.05,2670.65,2612.2,2627.6,2625.0,2628.6,499554,1315795738.7,35763,LEGACY
2019-07-15,GLAXO,GlaxoSmithKline Pharmaceuticals,EQ,INE159A01016,1149.95,1212.0,1147.0,1186.35,1184.0,1149.7,34919,41544245.6,4197,LEGACY
2019-07-15,GLENMARK,Glenmark Pharmaceuticals,EQ,INE935A01035,451.25,453.55,443.0,445.7,444.25,451.35,489116,218450682.85,15082,LEGACY
2019-07-15,GRANULES,Granules India,EQ,INE101D01020,93.9,97.3,93.5,95.85,95.5,94.4,291878,27789737.45,3862,LEGACY
2019-07-15,IPCALAB,IPCA Laboratories,EQ,INE571A01020,965.0,965.0,948.0,956.95,954.05,960.75,35750,34316495.1,6541,LEGACY
2019-07-15,JBCHEPHARM,JB Chemicals & Pharmaceuticals,EQ,INE572A01028,373.05,379.9,367.0,368.9,368.0,376.65,47579,17672290.3,1273,LEGACY
2019-07-15,LAURUSLABS,Laurus Labs,EQ,INE947Q01010,358.15,358.15,340.55,344.0,344.0,358.15,22323,7747126.55,1029,LEGACY
2019-07-15,LUPIN,Lupin,EQ,INE326A01037,765.0,767.95,750.5,765.0,763.95,761.75,861865,655220788.3,34594,LEGACY
2019-07-15,NATCOPHARM,Natco Pharma,EQ,INE987B01026,532.1,540.85,521.95,526.6,523.05,527.85,68279,36255938.5,3066,LEGACY
2019-07-15,PEL,Piramal Enterprises,EQ,INE140A01024,1946.15,2089.95,1946.15,2078.0,2071.15,1945.45,2160965,4413082210.0,110937,LEGACY
2019-07-15,PFIZER,Pfizer,EQ,INE182A01018,3178.9,3197.0,3136.0,3182.8,3172.5,3168.7,6710,21227552.6,2597,LEGACY
2019-07-15,SANOFI,Sanofi India,EQ,INE058A01010,5781.5,5835.0,5728.1,5794.95,5800.0,5770.9,3536,20455678.55,1175,LEGACY
2019-07-15,STAR,Strides Pharma Science,EQ,INE939A01011,378.7,381.15,366.1,371.25,372.0,376.0,854815,318187290.2,28010,LEGACY
2019-07-15,SUNPHARMA,Sun Pharmaceutical Industries,EQ,INE044A01036,416.25,427.7,413.65,422.95,420.4,407.7,18269604,7700236193.3,211270,LEGACY
2019-07-15,TORNTPHARM,Torrent Pharmaceuticals,EQ,INE685A01028,1551.5,1563.0,1540.1,1550.4,1548.0,1556.5,85389,132589559.15,5440,LEGACY
2019-07-15,WOCKPHARMA,Wockhardt,EQ,INE049B01025,355.4,358.8,351.1,352.35,352.5,354.25,385871,136557079.05,9611,LEGACY
2019-07-16,ABBOTINDIA,Abbott India,EQ,INE358A01014,8870.05,8912.3,8764.9,8779.25,8776.1,8870.05,3763,33153911.15,784,LEGACY
2019-07-16,AJANTPHARM,Ajanta Pharma,EQ,INE031B01049,888.0,925.0,880.0,910.4,920.0,883.5,344858,315194527.5,23197,LEGACY
2019-07-16,ALKEM,Alkem Laboratories,EQ,INE540L01014,1760.5,1789.0,1754.45,1776.6,1775.0,1769.7,6538,11600652.45,1239,LEGACY
2019-07-16,APLLTD,Alembic Pharmaceuticals,EQ,INE901L01018,534.0,540.2,520.0,523.6,522.75,535.1,29054,15312532.8,2817,LEGACY
2019-07-16,AUROPHARMA,Aurobindo Pharma,EQ,INE406A01037,576.0,585.0,571.3,581.1,582.15,575.6,3741468,2164423756.8,52673,LEGACY
2019-07-16,BIOCON,Biocon,EQ,INE376G01013,252.95,258.8,250.0,258.15,258.0,252.7,2314557,592503507.5,50972,LEGACY
2019-07-16,CADILAHC,Cadila Healthcare,EQ,INE010B01027,239.0,247.4,238.5,245.1,245.0,238.3,2930797,712200215.1,30268,LEGACY
2019-07-16,CIPLA,Cipla,EQ,INE059A01026,554.75,558.45,549.4,553.55,554.0,550.55,1460303,808802624.6,38651,LEGACY
2019-07-16,DIVISLAB,Divi's Laboratories,EQ,INE361B01024,1620.1,1654.0,1614.0,1648.6,1650.0,1614.4,399507,653441277.9,25041,LEGACY
2019-07-16,DRREDDY,Dr. Reddy's Laboratories,EQ,INE089A01023,2622.65,2684.0,2603.2,2676.5,2674.9,2627.6,592319,1572522912.85,35706,LEGACY
2019-07-16,GLAXO,GlaxoSmithKline Pharmaceuticals,EQ,INE159A01016,1140.2,1187.0,1140.2,1176.6,1170.1,1186.35,22183,25931900.2,2349,LEGACY
2019-07-16,GLENMARK,Glenmark Pharmaceuticals,EQ,INE935A01035,443.5,456.3,443.0,453.3,453.6,445.7,968731,438773357.2,26849,LEGACY
2019-07-16,GRANULES,Granules India,EQ,INE101D01020,95.05,95.5,93.75,94.05,94.05,95.85,193105,18199411.6,1594,LEGACY
2019-07-16,IPCALAB,IPCA Laboratories,EQ,INE571A01020,964.5,964.5,950.0,958.45,960.0,956.95,21959,21018824.95,3899,LEGACY
2019-07-16,JBCHEPHARM,JB Chemicals & Pharmaceuticals,EQ,INE572A01028,370.0,374.8,367.95,371.1,368.25,368.9,150737,55783819.6,1054,LEGACY
2019-07-16,LAURUSLABS,Laurus Labs,EQ,INE947Q01010,344.0,353.0,342.05,349.4,347.0,344.0,14086,4886002.25,735,LEGACY
2019-07-16,LUPIN,Lupin,EQ,INE326A01037,763.95,782.0,760.6,779.55,779.0,765.0,1130950,874153859.7,28548,LEGACY
2019-07-16,NATCOPHARM,Natco Pharma,EQ,INE987B01026,528.0,529.75,518.0,520.5,520.0,526.6,60846,31743414.45,2705,LEGACY
2019-07-16,PEL,Piramal Enterprises,EQ,INE140A01024,2070.0,2070.0,2012.8,2037.15,2039.95,2078.0,1309658,2663407370.0,52305,LEGACY
2019-07-16,PFIZER,Pfizer,EQ,INE182A01018,3163.6,3288.8,3145.05,3265.55,3280.0,3182.8,13042,42045482.4,2551,LEGACY
2019-07-16,SANOFI,Sanofi India,EQ,INE058A01010,5790.0,5858.85,5761.15,5844.05,5853.0,5794.95,21059,122129331.9,2493,LEGACY
2019-07-16,STAR,Strides Pharma Science,EQ,INE939A01011,371.2,379.3,368.95,377.85,378.3,371.25,748547,282140203.55,20121,LEGACY
2019-07-16,SUNPHARMA,Sun Pharmaceutical Industries,EQ,INE044A01036,420.8,435.0,418.65,433.3,434.05,422.95,8630766,3691901522.0,112273,LEGACY
2019-07-16,TORNTPHARM,Torrent Pharmaceuticals,EQ,INE685A01028,1550.4,1617.0,1550.4,1605.45,1616.0,1550.4,684710,1091631499.2,31291,LEGACY
2019-07-16,WOCKPHARMA,Wockhardt,EQ,INE049B01025,352.4,357.8,350.0,355.8,356.0,352.35,405008,143566232.85,9438,LEGACY
2019-07-17,ABBOTINDIA,Abbott India,EQ,INE358A01014,8849.5,8849.5,8668.1,8696.15,8686.2,8779.25,1089,9522027.9,378,LEGACY
2019-07-17,AJANTPHARM,Ajanta Pharma,EQ,INE031B01049,916.05,935.5,910.0,929.65,927.7,910.4,115187,106893074.85,6880,LEGACY
2019-07-17,ALKEM,Alkem Laboratories,EQ,INE540L01014,1774.35,1787.9,1732.3,1749.85,1745.0,1776.6,38593,67652605.95,2652,LEGACY
2019-07-17,APLLTD,Alembic Pharmaceuticals,EQ,INE901L01018,524.0,529.95,521.0,526.35,528.0,523.6,63202,33145757.35,1556,LEGACY
2019-07-17,AUROPHARMA,Aurobindo Pharma,EQ,INE406A01037,581.0,586.9,568.3,573.15,572.25,581.1,3096562,1781987948.4,64619,LEGACY
2019-07-17,BIOCON,Biocon,EQ,INE376G01013,259.95,263.8,259.0,262.9,263.5,258.15,3398831,890903082.25,38416,LEGACY
2019-07-17,CADILAHC,Cadila Healthcare,EQ,INE010B01027,246.05,246.95,238.75,240.85,240.9,245.1,2019218,489674567.25,16758,LEGACY
2019-07-17,CIPLA,Cipla,EQ,INE059A01026,554.0,558.5,547.45,557.55,557.0,553.55,1034734,573040447.55,33689,LEGACY
2019-07-17,DIVISLAB,Divi's Laboratories,EQ,INE361B01024,1652.5,1656.25,1635.6,1651.95,1652.6,1648.6,325110,535398039.5,25931,LEGACY
2019-07-17,DRREDDY,Dr. Reddy's Laboratories,EQ,INE089A01023,2665.6,2687.9,2642.45,2666.3,2666.0,2676.5,473536,1261757040.15,23857,LEGACY
2019-07-17,GLAXO,GlaxoSmithKline Pharmaceuticals,EQ,INE159A01016,1187.0,1200.7,1170.05,1184.3,1180.55,1176.6,18989,22499274.95,2435,LEGACY
2019-07-17,GLENMARK,Glenmark Pharmaceuticals,EQ,INE935A01035,453.3,457.0,445.75,446.55,447.0,453.3,738913,332619499.2,21796,LEGACY
2019-07-17,GRANULES,Granules India,EQ,INE101D01020,94.65,95.5,93.55,94.7,94.9,94.05,228203,21565436.85,3049,LEGACY
2019-07-17,IPCALAB,IPCA Laboratories,EQ,INE571A01020,957.0,959.55,921.5,939.65,935.0,958.45,94066,88200814.55,6299,LEGACY
2019-07-17,JBCHEPHARM,JB Chemicals & Pharmaceuticals,EQ,INE572A01028,370.0,378.1,367.75,371.25,373.0,371.1,15234,5687777.95,1225,LEGACY
2019-07-17,LAURUSLABS,Laurus Labs,EQ,INE947Q01010,351.0,364.75,347.55,356.5,353.0,349.4,34546,12299091.8,1874,LEGACY
2019-07-17,LUPIN,Lupin,EQ,INE326A01037,779.95,782.65,768.0,771.95,769.05,779.55,783581,606477637.85,28282,LEGACY
2019-07-17,NATCOPHARM,Natco Pharma,EQ,INE987B01026,522.85,529.0,512.0,516.8,514.0,520.5,38313,20002377.65,2667,LEGACY
2019-07-17,PEL,Piramal Enterprises,EQ,INE140A01024,2045.0,2074.7,2020.0,2056.9,2052.0,2037.15,1046627,2147537455.7,43960,LEGACY
2019-07-17,PFIZER,Pfizer,EQ,INE182A01018,3267.9,3267.9,3158.5,3194.65,3184.0,3265.55,25981,82991818.1,4846,LEGACY
2019-07-17,SANOFI,Sanofi India,EQ,INE058A01010,5859.0,5950.0,5799.95,5896.25,5900.0,5844.05,15602,91376250.65,4742,LEGACY
2019-07-17,STAR,Strides Pharma Science,EQ,INE939A01011,364.0,375.2,347.1,366.75,365.1,377.85,4910430,1782691632.3,90560,LEGACY
2019-07-17,SUNPHARMA,Sun Pharmaceutical Industries,EQ,INE044A01036,433.0,436.3,428.1,430.05,429.65,433.3,6500759,2810978546.35,88298,LEGACY
2019-07-17,TORNTPHARM,Torrent Pharmaceuticals,EQ,INE685A01028,1616.0,1628.2,1575.05,1585.7,1581.5,1605.45,354807,564046774.75,17392,LEGACY
2019-07-17,WOCKPHARMA,Wockhardt,EQ,INE049B01025,355.0,360.65,351.5,355.75,354.0,355.8,435754,155081566.55,11062,LEGACY
2019-07-18,ABBOTINDIA,Abbott India,EQ,INE358A01014,8670.1,8798.0,8522.75,8552.2,8550.0,8696.15,3954,34031456.1,712,LEGACY
2019-07-18,AJANTPHARM,Ajanta Pharma,EQ,INE031B01049,927.7,932.0,914.6,922.95,923.4,929.65,99602,91731354.0,4057,LEGACY
2019-07-18,ALKEM,Alkem Laboratories,EQ,INE540L01014,1750.1,1774.0,1732.45,1758.05,1744.0,1749.85,14113,24843520.65,2207,LEGACY
2019-07-18,APLLTD,Alembic Pharmaceuticals,EQ,INE901L01018,527.0,527.95,520.05,524.4,526.0,526.35,16047,8417867.9,2670,LEGACY
2019-07-18,AUROPHARMA,Aurobindo Pharma,EQ,INE406A01037,574.85,577.95,562.1,569.9,568.35,573.15,2424281,1382916183.0,57817,LEGACY
2019-07-18,BIOCON,Biocon,EQ,INE376G01013,263.0,265.5,260.5,263.05,263.4,262.9,2702868,712133731.75,34932,LEGACY
2019-07-18,CADILAHC,Cadila Healthcare,EQ,INE010B01027,241.35,242.75,229.0,231.15,231.6,240.85,1239743,292522706.25,17997,LEGACY
2019-07-18,CIPLA,Cipla,EQ,INE059A01026,558.85,559.0,545.5,547.0,546.1,557.55,1355289,747077582.25,46981,LEGACY
2019-07-18,DIVISLAB,Divi's Laboratories,EQ,INE361B01024,1652.6,1661.5,1635.55,1641.9,1646.9,1651.95,769446,1266745851.25,27731,LEGACY
2019-07-18,DRREDDY,Dr. Reddy's Laboratories,EQ,INE089A01023,2665.25,2679.85,2630.0,2655.55,2647.0,2666.3,434455,1152365607.05,31369,LEGACY
2019-07-18,GLAXO,GlaxoSmithKline Pharmaceuticals,EQ,INE159A01016,1184.55,1193.0,1166.0,1170.5,1170.0,1184.3,11559,13573088.45,1071,LEGACY
2019-07-18,GLENMARK,Glenmark Pharmaceuticals,EQ,INE935A01035,446.7,448.5,438.25,440.85,439.7,446.55,783574,346521766.65,31273,LEGACY
2019-07-18,GRANULES,Granules India,EQ,INE101D01020,94.05,95.0,93.1,93.55,93.25,94.7,143061,13470012.25,1978,LEGACY
2019-07-18,IPCALAB,IPCA Laboratories,EQ,INE571A01020,945.0,949.9,930.1,936.2,936.5,939.65,28858,27042268.35,4301,LEGACY
2019-07-18,JBCHEPHARM,JB Chemicals & Pharmaceuticals,EQ,INE572A01028,372.0,380.0,369.05,370.0,369.6,371.25,20524,7650095.95,894,LEGACY
2019-07-18,LAURUSLABS,Laurus Labs,EQ,INE947Q01010,355.0,358.95,350.0,350.25,350.05,356.5,14760,5200804.65,651,LEGACY
2019-07-18,LUPIN,Lupin,EQ,INE326A01037,772.4,775.0,752.7,756.15,755.75,771.95,687673,522841478.9,23382,LEGACY
2019-07-18,NATCOPHARM,Natco Pharma,EQ,INE987B01026,517.0,519.4,508.35,511.85,512.0,516.8,76328,39038509.35,4533,LEGACY
2019-07-18,PEL,Piramal Enterprises,EQ,INE140A01024,2037.0,2038.8,1981.35,1990.85,1982.1,2056.9,965673,1932826634.8,45059,LEGACY
2019-07-18,PFIZER,Pfizer,EQ,INE182A01018,3166.0,3239.95,3155.0,3193.9,3220.0,3194.65,10629,33858956.7,1646,LEGACY
2019-07-18,SANOFI,Sanofi India,EQ,INE058A01010,5900.0,5974.0,5800.05,5937.2,5969.0,5896.25,16298,95925880.95,1908,LEGACY
2019-07-18,STAR,Strides Pharma Science,EQ,INE939A01011,365.2,370.0,361.15,362.5,362.25,366.75,766333,279357329.1,13948,LEGACY
2019-07-18,SUNPHARMA,Sun Pharmaceutical Industries,EQ,INE044A01036,430.05,432.9,424.65,426.2,425.45,430.05,4711395,2016716798.7,100610,LEGACY
2019-07-18,TORNTPHARM,Torrent Pharmaceuticals,EQ,INE685A01028,1547.0,1559.9,1485.4,1545.2,1551.0,1585.7,1327620,2030471618.75,81117,LEGACY
2019-07-18,WOCKPHARMA,Wockhardt,EQ,INE049B01025,355.0,355.0,345.0,346.4,346.1,355.75,352967,123296038.65,9066,LEGACY
2019-07-19,ABBOTINDIA,Abbott India,EQ,INE358A01014,8556.0,8645.0,8500.0,8572.8,8625.0,8552.2,5249,44885245.65,875,LEGACY
2019-07-19,AJANTPHARM,Ajanta Pharma,EQ,INE031B01049,925.0,942.0,903.65,933.3,936.0,922.95,95992,88559251.4,6364,LEGACY
2019-07-19,ALKEM,Alkem Laboratories,EQ,INE540L01014,1757.35,1809.1,1735.3,1798.45,1798.95,1758.05,25683,45724071.7,3250,LEGACY
2019-07-19,APLLTD,Alembic Pharmaceuticals,EQ,INE901L01018,524.4,526.95,506.95,520.65,519.0,524.4,14631,7589670.65,1387,LEGACY
2019-07-19,AUROPHARMA,Aurobindo Pharma,EQ,INE406A01037,574.0,575.65,550.0,552.4,551.0,569.9,2521008,1408538129.1,59564,LEGACY
2019-07-19,BIOCON,Biocon,EQ,INE376G01013,263.25,264.7,238.0,240.3,240.45,263.05,17950305,4537264825.5,90327,LEGACY
2019-07-19,CADILAHC,Cadila Healthcare,EQ,INE010B01027,234.7,235.55,227.3,228.4,228.0,231.15,1479637,342051055.45,21180,LEGACY
2019-07-19,CIPLA,Cipla,EQ,INE059A01026,550.8,552.0,535.5,536.7,536.8,547.0,783708,423555775.05,24768,LEGACY
2019-07-19,DIVISLAB,Divi's Laboratories,EQ,INE361B01024,1644.1,1659.9,1620.05,1624.4,1620.05,1641.9,464691,758794075.05,53265,LEGACY
2019-07-19,DRREDDY,Dr. Reddy's Laboratories,EQ,INE089A01023,2659.95,2680.0,2604.05,2613.15,2622.0,2655.55,468248,1232571689.55,35995,LEGACY
2019-07-19,GLAXO,GlaxoSmithKline Pharmaceuticals,EQ,INE159A01016,1176.9,1181.95,1154.0,1173.95,1165.0,1170.5,10282,12036839.9,1044,LEGACY
2019-07-19,GLENMARK,Glenmark Pharmaceuticals,EQ,INE935A01035,440.8,446.8,431.0,432.85,432.25,440.85,719816,315117849.55,39504,LEGACY
2019-07-19,GRANULES,Granules India,EQ,INE101D01020,94.5,94.5,87.5,88.0,87.8,93.55,574406,51729006.75,5102,LEGACY
2019-07-19,IPCALAB,IPCA Laboratories,EQ,INE571A01020,938.0,943.0,916.0,928.9,927.0,936.2,55509,51703635.15,5702,LEGACY
2019-07-19,JBCHEPHARM,JB Chemicals & Pharmaceuticals,EQ,INE572A01028,371.0,372.9,361.95,370.95,372.0,370.0,35103,12961559.95,1553,LEGACY
2019-07-19,LAURUSLABS,Laurus Labs,EQ,INE947Q01010,353.9,353.9,350.0,351.45,351.1,350.25,46581,16312140.15,623,LEGACY
2019-07-19,LUPIN,Lupin,EQ,INE326A01037,758.0,763.0,742.15,747.35,747.0,756.15,796473,596314302.3,36997,LEGACY
2019-07-19,NATCOPHARM,Natco Pharma,EQ,INE987B01026,515.0,521.0,490.0,507.05,520.0,511.85,267017,136211231.45,4553,LEGACY
2019-07-19,PEL,Piramal Enterprises,EQ,INE140A01024,2005.0,2033.0,1885.0,1903.95,1898.15,1990.85,1399940,2735715374.75,58809,LEGACY
2019-07-19,PFIZER,Pfizer,EQ,INE182A01018,3210.05,3210.2,3150.4,3169.45,3165.05,3193.9,11398,36098477.9,1733,LEGACY
2019-07-19,SANOFI,Sanofi India,EQ,INE058A01010,5940.0,6055.0,5908.05,6022.3,6050.0,5937.2,21706,129921969.05,8127,LEGACY
2019-07-19,STAR,Strides Pharma Science,EQ,INE939A01011,362.3,366.55,346.7,347.95,349.0,362.5,1107710,393433610.3,17568,LEGACY
2019-07-19,SUNPHARMA,Sun Pharmaceutical Industries,EQ,INE044A01036,427.0,429.4,416.05,421.35,421.15,426.2,5104476,2152645630.15,75455,LEGACY
2019-07-19,TORNTPHARM,Torrent Pharmaceuticals,EQ,INE685A01028,1559.0,1567.15,1485.1,1515.45,1509.1,1545.2,390415,597405652.85,15543,LEGACY
2019-07-19,WOCKPHARMA,Wockhardt,EQ,INE049B01025,348.2,349.45,337.1,338.5,337.3,346.4,415984,141907398.8,12072,LEGACY
2019-07-22,ABBOTINDIA,Abbott India,EQ,INE358A01014,8680.0,8697.85,8501.0,8545.25,8550.0,8572.8,5625,48581904.55,1835,LEGACY
2019-07-22,AJANTPHARM,Ajanta Pharma,EQ,INE031B01049,920.05,927.25,908.1,914.7,911.0,933.3,140385,128638425.4,12379,LEGACY
2019-07-22,ALKEM,Alkem Laboratories,EQ,INE540L01014,1786.45,1806.0,1741.45,1797.9,1806.0,1798.45,20202,36031348.2,5382,LEGACY
2019-07-22,APLLTD,Alembic Pharmaceuticals,EQ,INE901L01018,520.5,524.4,508.5,514.6,524.4,520.65,17082,8787864.8,1546,LEGACY
2019-07-22,AUROPHARMA,Aurobindo Pharma,EQ,INE406A01037,552.4,574.8,546.05,570.15,571.5,552.4,3091201,1749575590.35,55368,LEGACY
2019-07-22,BIOCON,Biocon,EQ,INE376G01013,240.0,247.3,236.6,246.5,246.45,240.3,4151155,1006619625.35,31253,LEGACY
2019-07-22,CADILAHC,Cadila Healthcare,EQ,INE010B01027,228.25,236.65,225.8,235.9,236.25,228.4,1707160,399223885.5,16499,LEGACY
2019-07-22,CIPLA,Cipla,EQ,INE059A01026,536.7,540.0,526.2,530.95,530.85,536.7,1816845,970135629.45,42536,LEGACY
2019-07-22,DIVISLAB,Divi's Laboratories,EQ,INE361B01024,1618.0,1631.3,1601.0,1625.35,1628.0,1624.4,248393,402693611.15,18495,LEGACY
2019-07-22,DRREDDY,Dr. Reddy's Laboratories,EQ,INE089A01023,2619.0,2642.0,2600.2,2632.5,2629.1,2613.15,349052,916435050.05,26193,LEGACY
2019-07-22,GLAXO,GlaxoSmithKline Pharmaceuticals,EQ,INE159A01016,1172.8,1214.4,1154.0,1187.25,1171.0,1173.95,73623,87600585.95,5341,LEGACY
2019-07-22,GLENMARK,Glenmark Pharmaceuticals,EQ,INE935A01035,432.8,432.9,420.5,427.5,429.0,432.85,843733,359106969.1,18490,LEGACY
2019-07-22,GRANULES,Granules India,EQ,INE101D01020,89.0,89.0,84.9,85.4,85.35,88.0,430549,36936820.75,4877,LEGACY
2019-07-22,IPCALAB,IPCA Laboratories,EQ,INE571A01020,915.0,934.0,900.05,916.25,914.1,928.9,308691,281209248.6,8493,LEGACY
2019-07-22,JBCHEPHARM,JB Chemicals & Pharmaceuticals,EQ,INE572A01028,369.85,370.75,364.95,368.25,370.75,370.95,19548,7173548.5,1324,LEGACY
2019-07-22,LAURUSLABS,Laurus Labs,EQ,INE947Q01010,351.45,351.55,339.95,343.6,345.6,351.45,32179,11049112.5,1640,LEGACY
2019-07-22,LUPIN,Lupin,EQ,INE326A01037,743.55,765.6,741.3,756.5,757.0,747.35,781442,592140085.35,20708,LEGACY
2019-07-22,NATCOPHARM,Natco Pharma,EQ,INE987B01026,515.0,516.9,499.0,502.65,502.5,507.05,72705,36493212.3,2156,LEGACY
2019-07-22,PEL,Piramal Enterprises,EQ,INE140A01024,1911.2,1932.55,1855.8,1903.25,1897.95,1903.95,1069164,2030750535.75,44370,LEGACY
2019-07-22,PFIZER,Pfizer,EQ,INE182A01018,3158.0,3190.0,3100.0,3176.8,3170.0,3169.45,14734,46289244.05,2967,LEGACY
2019-07-22,SANOFI,Sanofi India,EQ,INE058A01010,6082.45,6083.05,5960.0,5977.2,5960.0,6022.3,6246,37408558.35,2554,LEGACY
2019-07-22,STAR,Strides Pharma Science,EQ,INE939A01011,350.1,354.5,346.75,350.15,350.5,347.95,869396,304527264.0,16379,LEGACY
2019-07-22,SUNPHARMA,Sun Pharmaceutical Industries,EQ,INE044A01036,419.1,443.3,419.0,430.25,430.0,421.35,10420113,4515273590.6,141910,LEGACY
2019-07-22,TORNTPHARM,Torrent Pharmaceuticals,EQ,INE685A01028,1510.6,1527.15,1472.5,1500.85,1495.0,1515.45,266811,399789220.05,11434,LEGACY
2019-07-22,WOCKPHARMA,Wockhardt,EQ,INE049B01025,336.8,342.5,330.75,335.3,334.4,338.5,367105,123449171.1,11509,LEGACY
2019-07-23,ABBOTINDIA,Abbott India,EQ,INE358A01014,8510.0,8675.0,8510.0,8629.35,8635.0,8545.25,5875,50759833.7,1004,LEGACY
2019-07-23,AJANTPHARM,Ajanta Pharma,EQ,INE031B01049,911.0,925.0,895.0,907.25,895.2,914.7,102083,93265931.3,9438,LEGACY
2019-07-23,ALKEM,Alkem Laboratories,EQ,INE540L01014,1800.1,1816.0,1760.15,1762.3,1762.0,1797.9,14685,26120807.95,3194,LEGACY
2019-07-23,APLLTD,Alembic Pharmaceuticals,EQ,INE901L01018,518.2,535.85,514.0,530.3,532.9,514.6,66302,35214731.55,3196,LEGACY
2019-07-23,AUROPHARMA,Aurobindo Pharma,EQ,INE406A01037,570.15,574.75,558.25,561.75,561.0,570.15,1929978,1092297362.2,42361,LEGACY
2019-07-23,BIOCON,Biocon,EQ,INE376G01013,247.7,247.7,238.2,241.95,243.55,246.5,2476080,599103090.9,29333,LEGACY
2019-07-23,CADILAHC,Cadila Healthcare,EQ,INE010B01027,236.1,237.65,233.1,235.75,236.0,235.9,932730,219535378.45,11889,LEGACY
2019-07-23,CIPLA,Cipla,EQ,INE059A01026,531.0,535.2,521.0,528.9,529.1,530.95,2353027,1238283498.05,46611,LEGACY
2019-07-23,DIVISLAB,Divi's Laboratories,EQ,INE361B01024,1630.0,1644.45,1609.1,1619.1,1613.95,1625.35,298001,484978884.25,23706,LEGACY
2019-07-23,DRREDDY,Dr. Reddy's Laboratories,EQ,INE089A01023,2640.0,2644.65,2580.45,2599.35,2598.0,2632.5,480116,1249449317.95,36748,LEGACY
2019-07-23,GLAXO,GlaxoSmithKline Pharmaceuticals,EQ,INE159A01016,1200.0,1210.0,1187.3,1200.85,1207.0,1187.25,55269,66285482.05,2467,LEGACY
2019-07-23,GLENMARK,Glenmark Pharmaceuticals,EQ,INE935A01035,429.65,431.8,418.55,421.35,420.9,427.5,903952,383753446.1,24221,LEGACY
2019-07-23,GRANULES,Granules India,EQ,INE101D01020,85.9,87.0,84.2,86.1,86.05,85.4,330155,28384208.15,4557,LEGACY
2019-07-23,IPCALAB,IPCA Laboratories,EQ,INE571A01020,905.15,942.0,905.15,936.8,940.0,916.25,586595,542516891.4,10827,LEGACY
2019-07-23,JBCHEPHARM,JB Chemicals & Pharmaceuticals,EQ,INE572A01028,366.2,370.7,366.0,368.3,366.0,368.25,7660,2823867.75,737,LEGACY
2019-07-23,LAURUSLABS,Laurus Labs,EQ,INE947Q01010,351.0,351.85,339.05,340.65,341.0,343.6,15623,5400882.25,665,LEGACY
2019-07-23,LUPIN,Lupin,EQ,INE326A01037,760.0,765.9,751.2,756.45,756.0,756.5,1286784,977980137.15,27635,LEGACY
2019-07-23,NATCOPHARM,Natco Pharma,EQ,INE987B01026,505.0,508.95,502.8,506.55,507.0,502.65,28476,14420915.75,2717,LEGACY
2019-07-23,PEL,Piramal Enterprises,EQ,INE140A01024,1915.0,1921.7,1852.8,1872.85,1865.0,1903.25,723783,1369857694.35,33630,LEGACY
2019-07-23,PFIZER,Pfizer,EQ,INE182A01018,3182.95,3229.0,3145.05,3217.0,3220.0,3176.8,9842,31441962.55,1989,LEGACY
2019-07-23,SANOFI,Sanofi India,EQ,INE058A01010,5960.0,6080.0,5960.0,6064.95,6045.0,5977.2,13681,82192548.65,2432,LEGACY
2019-07-23,STAR,Strides Pharma Science,EQ,INE939A01011,351.15,353.95,339.7,342.05,342.5,350.15,946593,325211588.0,15249,LEGACY
2019-07-23,SUNPHARMA,Sun Pharmaceutical Industries,EQ,INE044A01036,431.0,435.5,427.1,430.25,428.65,430.25,6698368,2887667934.0,91803,LEGACY
2019-07-23,TORNTPHARM,Torrent Pharmaceuticals,EQ,INE685A01028,1493.2,1500.0,1452.0,1467.8,1463.65,1500.85,380102,561076180.85,14263,LEGACY
2019-07-23,WOCKPHARMA,Wockhardt,EQ,INE049B01025,336.4,339.7,330.3,332.5,331.2,335.3,402538,134587823.1,11909,LEGACY
2019-07-24,ABBOTINDIA,Abbott India,EQ,INE358A01014,8675.0,8675.95,8517.0,8629.0,8650.0,8629.35,7720,66275562.75,543,LEGACY
2019-07-24,AJANTPHARM,Ajanta Pharma,EQ,INE031B01049,902.9,908.95,890.1,891.6,891.45,907.25,65761,58970524.25,2375,LEGACY
2019-07-24,ALKEM,Alkem Laboratories,EQ,INE540L01014,1762.0,1777.7,1750.0,1769.25,1777.7,1762.3,6231,10983454.7,1644,LEGACY
2019-07-24,APLLTD,Alembic Pharmaceuticals,EQ,INE901L01018,531.0,532.1,518.25,527.65,524.0,530.3,14453,7584318.15,1261,LEGACY
2019-07-24,AUROPHARMA,Aurobindo Pharma,EQ,INE406A01037,562.8,566.55,545.7,548.35,550.5,561.75,1988213,1105134272.8,32269,LEGACY
2019-07-24,BIOCON,Biocon,EQ,INE376G01013,243.2,243.2,235.1,238.2,238.25,241.95,1769322,421251206.45,29103,LEGACY
2019-07-24,CADILAHC,Cadila Healthcare,EQ,INE010B01027,234.2,236.5,227.0,229.55,230.35,235.75,882090,203858557.05,16196,LEGACY
2019-07-24,CIPLA,Cipla,EQ,INE059A01026,529.0,529.0,517.05,518.75,519.95,528.9,2707033,1407929684.55,40394,LEGACY
2019-07-24,DIVISLAB,Divi's Laboratories,EQ,INE361B01024,1614.0,1629.15,1595.0,1604.1,1602.8,1619.1,321561,516072283.25,15562,LEGACY
2019-07-24,DRREDDY,Dr. Reddy's Laboratories,EQ,INE089A01023,2595.0,2611.0,2555.0,2599.05,2605.95,2599.35,453664,1170064256.3,27312,LEGACY
2019-07-24,GLAXO,GlaxoSmithKline Pharmaceuticals,EQ,INE159A01016,1200.85,1207.4,1184.0,1199.85,1190.0,1200.85,26743,32080624.75,2348,LEGACY
2019-07-24,GLENMARK,Glenmark Pharmaceuticals,EQ,INE935A01035,421.4,426.55,415.05,417.6,415.95,421.35,1214708,510795031.1,29981,LEGACY
2019-07-24,GRANULES,Granules India,EQ,INE101D01020,86.8,86.8,84.9,86.1,86.55,86.1,277489,23842686.5,3770,LEGACY
2019-07-24,IPCALAB,IPCA Laboratories,EQ,INE571A01020,944.3,970.0,929.35,945.75,943.1,936.8,64095,60288074.45,6867,LEGACY
2019-07-24,JBCHEPHARM,JB Chemicals & Pharmaceuticals,EQ,INE572A01028,366.55,371.55,366.55,368.1,367.0,368.3,38774,14326475.9,1191,LEGACY
2019-07-24,LAURUSLABS,Laurus Labs,EQ,INE947Q01010,334.25,342.15,334.25,337.85,339.0,340.65,14275,4829614.8,545,LEGACY
2019-07-24,LUPIN,Lupin,EQ,INE326A01037,756.45,757.8,733.55,738.1,737.7,756.45,970269,718725232.9,21000,LEGACY
2019-07-24,NATCOPHARM,Natco Pharma,EQ,INE987B01026,509.0,509.0,500.5,505.65,505.0,506.55,40475,20403395.6,2703,LEGACY
2019-07-24,PEL,Piramal Enterprises,EQ,INE140A01024,1866.2,1881.9,1752.0,1761.15,1763.0,1872.85,1252374,2261114297.05,49116,LEGACY
2019-07-24,PFIZER,Pfizer,EQ,INE182A01018,3239.0,3240.0,3145.0,3166.6,3179.0,3217.0,15205,48436490.1,2681,LEGACY
2019-07-24,SANOFI,Sanofi India,EQ,INE058A01010,6051.7,6152.35,6005.0,6030.95,6040.5,6064.95,8840,53695431.2,2488,LEGACY
2019-07-24,STAR,Strides Pharma Science,EQ,INE939A01011,345.45,346.25,337.55,341.75,341.0,342.05,1038681,355494563.65,17221,LEGACY
2019-07-24,SUNPHARMA,Sun Pharmaceutical Industries,EQ,INE044A01036,430.0,432.45,421.7,425.55,425.45,430.25,5319256,2264721160.3,66147,LEGACY
2019-07-24,TORNTPHARM,Torrent Pharmaceuticals,EQ,INE685A01028,1490.0,1624.9,1490.0,1607.0,1595.0,1467.8,2752509,4313441709.1,99040,LEGACY
2019-07-24,WOCKPHARMA,Wockhardt,EQ,INE049B01025,333.9,334.8,323.0,325.7,323.2,332.5,370822,121440118.2,11591,LEGACY
2019-07-25,ABBOTINDIA,Abbott India,EQ,INE358A01014,8531.0,8684.8,8531.0,8599.35,8600.0,8629.0,4899,42365456.65,493,LEGACY
2019-07-25,AJANTPHARM,Ajanta Pharma,EQ,INE031B01049,891.1,908.0,867.0,884.05,878.0,891.6,242767,213912433.5,9984,LEGACY
2019-07-25,ALKEM,Alkem Laboratories,EQ,INE540L01014,1818.0,1824.8,1781.3,1815.15,1820.0,1769.25,20147,36294657.75,3387,LEGACY
2019-07-25,APLLTD,Alembic Pharmaceuticals,EQ,INE901L01018,525.05,542.95,522.7,536.75,538.45,527.65,20672,11078631.0,1657,LEGACY
2019-07-25,AUROPHARMA,Aurobindo Pharma,EQ,INE406A01037,550.5,561.85,550.5,553.9,555.0,548.35,1889831,1051260293.8,37068,LEGACY
2019-07-25,BIOCON,Biocon,EQ,INE376G01013,238.2,239.9,233.0,238.6,238.8,238.2,3109298,736444488.35,43210,LEGACY
2019-07-25,CADILAHC,Cadila Healthcare,EQ,INE010B01027,227.4,235.2,226.5,230.2,231.0,229.55,1460683,338534570.35,19734,LEGACY
2019-07-25,CIPLA,Cipla,EQ,INE059A01026,521.35,539.2,519.0,536.65,537.0,518.75,3183510,1705096646.35,57556,LEGACY
2019-07-25,DIVISLAB,Divi's Laboratories,EQ,INE361B01024,1604.0,1649.95,1603.0,1641.75,1647.9,1604.1,382130,625284535.95,21410,LEGACY
2019-07-25,DRREDDY,Dr. Reddy's Laboratories,EQ,INE089A01023,2619.8,2666.0,2607.25,2654.1,2657.55,2599.05,516388,1366128055.0,39372,LEGACY
2019-07-25,GLAXO,GlaxoSmithKline Pharmaceuticals,EQ,INE159A01016,1199.0,1201.15,1187.1,1198.95,1195.7,1199.85,15764,18864366.8,2036,LEGACY
2019-07-25,GLENMARK,Glenmark Pharmaceuticals,EQ,INE935A01035,418.0,431.0,415.0,425.6,427.5,417.6,1201471,505763429.45,29621,LEGACY
2019-07-25,GRANULES,Granules India,EQ,INE101D01020,86.8,86.8,84.35,84.8,84.5,86.1,382611,32549576.4,3820,LEGACY
2019-07-25,IPCALAB,IPCA Laboratories,EQ,INE571A01020,950.0,952.0,939.3,944.9,947.0,945.75,35607,33653597.7,7036,LEGACY
2019-07-25,JBCHEPHARM,JB Chemicals & Pharmaceuticals,EQ,INE572A01028,367.0,373.0,367.0,371.95,370.35,368.1,62870,23273170.3,788,LEGACY
2019-07-25,LAURUSLABS,Laurus Labs,EQ,INE947Q01010,334.1,343.3,334.1,339.65,339.8,337.85,20098,6800405.15,1066,LEGACY
2019-07-25,LUPIN,Lupin,EQ,INE326A01037,741.8,777.7,736.55,773.05,771.0,738.1,2578623,1982137868.9,64167,LEGACY
2019-07-25,NATCOPHARM,Natco Pharma,EQ,INE987B01026,505.0,511.4,505.0,510.65,510.7,505.65,120072,61246312.3,3468,LEGACY
2019-07-25,PEL,Piramal Enterprises,EQ,INE140A01024,1765.0,1803.8,1726.0,1751.0,1755.15,1761.15,1187078,2085959702.0,56539,LEGACY
2019-07-25,PFIZER,Pfizer,EQ,INE182A01018,3196.95,3196.95,3147.7,3174.05,3160.0,3166.6,11828,37524888.35,2904,LEGACY
2019-07-25,SANOFI,Sanofi India,EQ,INE058A01010,6007.0,6220.0,6005.0,6200.7,6205.0,6030.95,41027,253842527.15,4033,LEGACY
2019-07-25,STAR,Strides Pharma Science,EQ,INE939A01011,340.95,347.5,339.4,344.15,345.45,341.75,787466,270451296.5,11676,LEGACY
2019-07-25,SUNPHARMA,Sun Pharmaceutical Industries,EQ,INE044A01036,425.8,439.7,425.55,437.15,437.25,425.55,11412685,4956371225.75,132935,LEGACY
2019-07-25,TORNTPHARM,Torrent Pharmaceuticals,EQ,INE685A01028,1593.7,1635.0,1572.4,1624.2,1629.0,1607.0,967919,1557801998.2,45023,LEGACY
2019-07-25,WOCKPHARMA,Wockhardt,EQ,INE049B01025,325.3,330.5,319.15,321.7,321.5,325.7,492846,159530775.75,11587,LEGACY
2019-07-26,ABBOTINDIA,Abbott India,EQ,INE358A01014,8673.2,8673.2,8536.0,8571.7,8570.0,8599.35,3230,27687836.95,324,LEGACY
2019-07-26,AJANTPHARM,Ajanta Pharma,EQ,INE031B01049,882.75,911.9,874.1,901.05,904.85,884.05,247296,218643688.9,4258,LEGACY
2019-07-26,ALKEM,Alkem Laboratories,EQ,INE540L01014,1810.0,1828.0,1793.1,1815.15,1810.0,1815.15,12032,21847978.7,3015,LEGACY
2019-07-26,APLLTD,Alembic Pharmaceuticals,EQ,INE901L01018,534.8,544.0,528.05,535.6,534.7,536.75,13306,7160269.9,746,LEGACY
2019-07-26,AUROPHARMA,Aurobindo Pharma,EQ,INE406A01037,557.0,568.8,550.25,563.45,562.15,553.9,1645745,924334363.25,30554,LEGACY
2019-07-26,BIOCON,Biocon,EQ,INE376G01013,251.35,251.6,240.2,241.85,242.0,238.6,10202100,2490681885.0,102511,LEGACY
2019-07-26,CADILAHC,Cadila Healthcare,EQ,INE010B01027,231.0,234.9,228.15,234.15,234.5,230.2,608190,141243969.2,10920,LEGACY
2019-07-26,CIPLA,Cipla,EQ,INE059A01026,533.2,539.9,528.25,532.1,532.3,536.65,1371242,734737369.9,19769,LEGACY
2019-07-26,DIVISLAB,Divi's Laboratories,EQ,INE361B01024,1645.0,1674.9,1624.9,1666.7,1669.0,1641.75,586809,972810971.25,25148,LEGACY
2019-07-26,DRREDDY,Dr. Reddy's Laboratories,EQ,INE089A01023,2640.05,2714.0,2621.7,2704.95,2705.0,2654.1,537619,1437406668.45,36927,LEGACY
2019-07-26,GLAXO,GlaxoSmithKline Pharmaceuticals,EQ,INE159A01016,1197.0,1211.0,1190.0,1201.4,1207.95,1198.95,16382,19663651.05,1419,LEGACY
2019-07-26,GLENMARK,Glenmark Pharmaceuticals,EQ,INE935A01035,425.6,434.0,424.75,426.15,426.5,425.6,629174,269895095.3,16486,LEGACY
2019-07-26,GRANULES,Granules India,EQ,INE101D01020,85.7,86.4,84.0,85.75,85.5,84.8,313196,26670803.05,2836,LEGACY
2019-07-26,IPCALAB,IPCA Laboratories,EQ,INE571A01020,949.5,957.7,933.0,947.05,955.0,944.9,40615,38341920.95,5589,LEGACY
2019-07-26,JBCHEPHARM,JB Chemicals & Pharmaceuticals,EQ,INE572A01028,372.45,375.0,369.4,371.05,371.95,371.95,12251,4558001.85,763,LEGACY
2019-07-26,LAURUSLABS,Laurus Labs,EQ,INE947Q01010,331.0,340.95,331.0,338.65,338.0,339.65,13387,4530765.95,702,LEGACY
2019-07-26,LUPIN,Lupin,EQ,INE326A01037,770.0,780.0,761.0,777.3,775.9,773.05,1097292,846949557.95,28897,LEGACY
2019-07-26,NATCOPHARM,Natco Pharma,EQ,INE987B01026,510.0,521.5,509.9,517.85,517.85,510.65,59478,30567757.45,2821,LEGACY
2019-07-26,PEL,Piramal Enterprises,EQ,INE140A01024,1770.0,1839.5,1723.0,1797.85,1793.0,1751.0,1231877,2206891866.25,56096,LEGACY
2019-07-26,PFIZER,Pfizer,EQ,INE182A01018,3166.95,3178.5,3135.0,3169.65,3168.0,3174.05,7449,23541343.45,2880,LEGACY
2019-07-26,SANOFI,Sanofi India,EQ,INE058A01010,6200.0,6225.0,6126.05,6182.3,6136.0,6200.7,6752,41799822.95,1783,LEGACY
2019-07-26,STAR,Strides Pharma Science,EQ,INE939A01011,346.95,355.6,342.85,353.6,353.6,344.15,874923,307259287.7,15263,LEGACY
2019-07-26,SUNPHARMA,Sun Pharmaceutical Industries,EQ,INE044A01036,437.0,442.2,433.1,439.95,440.3,437.15,5094438,2234108413.7,66486,LEGACY
2019-07-26,TORNTPHARM,Torrent Pharmaceuticals,EQ,INE685A01028,1617.0,1683.35,1608.2,1673.75,1675.0,1624.2,618068,1022541401.3,23693,LEGACY
2019-07-26,WOCKPHARMA,Wockhardt,EQ,INE049B01025,321.55,328.7,320.1,323.35,324.0,321.7,450858,146192299.5,11633,LEGACY
2019-07-29,ABBOTINDIA,Abbott India,EQ,INE358A01014,8677.0,8677.0,8411.0,8441.4,8412.0,8571.7,1624,13816994.85,553,LEGACY
2019-07-29,AJANTPHARM,Ajanta Pharma,EQ,INE031B01049,904.7,914.0,882.05,902.4,900.0,901.05,334260,298818327.3,7514,LEGACY
2019-07-29,ALKEM,Alkem Laboratories,EQ,INE540L01014,1815.15,1836.0,1778.1,1789.65,1790.0,1815.15,14606,26407155.65,2719,LEGACY
2019-07-29,APLLTD,Alembic Pharmaceuticals,EQ,INE901L01018,539.0,560.0,523.0,530.25,527.5,535.6,228359,123751211.2,8897,LEGACY
2019-07-29,AUROPHARMA,Aurobindo Pharma,EQ,INE406A01037,561.25,565.85,546.3,551.15,551.35,563.45,1627038,898728641.25,30532,LEGACY
2019-07-29,BIOCON,Biocon,EQ,INE376G01013,243.3,243.3,234.0,237.05,237.4,241.85,4152112,983248121.05,51782,LEGACY
2019-07-29,CADILAHC,Cadila Healthcare,EQ,INE010B01027,238.0,238.3,225.8,227.3,226.6,234.15,2057154,473452276.95,23811,LEGACY
2019-07-29,CIPLA,Cipla,EQ,INE059A01026,531.6,534.95,520.25,522.25,522.1,532.1,735045,385949446.15,23061,LEGACY
2019-07-29,DIVISLAB,Divi's Laboratories,EQ,INE361B01024,1670.0,1678.7,1642.95,1653.25,1653.8,1666.7,461396,764157296.65,17121,LEGACY
2019-07-29,DRREDDY,Dr. Reddy's Laboratories,EQ,INE089A01023,2709.9,2726.8,2621.3,2653.95,2648.0,2704.95,919633,2450195551.3,52652,LEGACY
2019-07-29,GLAXO,GlaxoSmithKline Pharmaceuticals,EQ,INE159A01016,1201.05,1207.4,1189.3,1197.3,1195.0,1201.4,13693,16379509.7,1305,LEGACY
2019-07-29,GLENMARK,Glenmark Pharmaceuticals,EQ,INE935A01035,425.0,426.05,417.95,422.45,422.2,426.15,567263,239200622.7,23999,LEGACY
2019-07-29,GRANULES,Granules India,EQ,INE101D01020,85.75,92.5,85.75,91.15,91.45,85.75,1138681,102711140.25,12711,LEGACY
2019-07-29,IPCALAB,IPCA Laboratories,EQ,INE571A01020,951.75,957.95,935.15,951.5,952.0,947.05,28079,26596827.35,4935,LEGACY
2019-07-29,JBCHEPHARM,JB Chemicals & Pharmaceuticals,EQ,INE572A01028,371.95,374.0,366.2,372.75,374.0,371.05,100103,37056041.5,1531,LEGACY
2019-07-29,LAURUSLABS,Laurus Labs,EQ,INE947Q01010,340.0,340.0,336.05,339.05,340.0,338.65,22894,7754611.85,1522,LEGACY
2019-07-29,LUPIN,Lupin,EQ,INE326A01037,772.0,775.55,753.0,762.25,763.9,777.3,1032123,787379191.1,30229,LEGACY
2019-07-29,NATCOPHARM,Natco Pharma,EQ,INE987B01026,521.0,525.6,515.0,520.05,520.0,517.85,51901,27009528.1,1534,LEGACY
2019-07-29,PEL,Piramal Enterprises,EQ,INE140A01024,1790.0,1822.0,1728.5,1790.05,1779.6,1797.85,1179074,2092378379.6,53493,LEGACY
2019-07-29,PFIZER,Pfizer,EQ,INE182A01018,3175.0,3195.0,3140.0,3154.95,3148.5,3169.65,7387,23330727.35,1423,LEGACY
2019-07-29,SANOFI,Sanofi India,EQ,INE058A01010,6180.0,6194.9,6075.0,6129.1,6090.0,6182.3,3443,21150816.0,2110,LEGACY
2019-07-29,STAR,Strides Pharma Science,EQ,INE939A01011,353.6,361.15,346.45,352.75,352.4,353.6,937188,331437929.25,22364,LEGACY
2019-07-29,SUNPHARMA,Sun Pharmaceutical Industries,EQ,INE044A01036,440.0,441.7,429.2,431.05,431.0,439.95,4448863,1922120623.25,56012,LEGACY
2019-07-29,TORNTPHARM,Torrent Pharmaceuticals,EQ,INE685A01028,1667.15,1670.0,1627.0,1651.4,1649.0,1673.75,246330,406660584.95,14121,LEGACY
2019-07-29,WOCKPHARMA,Wockhardt,EQ,INE049B01025,323.0,325.8,314.05,318.7,318.45,323.35,370338,118251025.75,10975,LEGACY
2019-07-30,ABBOTINDIA,Abbott India,EQ,INE358A01014,8416.0,8575.0,8416.0,8490.8,8500.0,8441.4,7001,59686129.0,1232,LEGACY
2019-07-30,AJANTPHARM,Ajanta Pharma,EQ,INE031B01049,906.8,907.65,868.0,880.6,874.0,902.4,363493,323392461.85,4813,LEGACY
2019-07-30,ALKEM,Alkem Laboratories,EQ,INE540L01014,1799.3,1814.0,1755.0,1760.4,1758.0,1789.65,9407,16783389.7,3132,LEGACY
2019-07-30,APLLTD,Alembic Pharmaceuticals,EQ,INE901L01018,530.9,550.0,496.55,504.5,506.0,530.25,101744,54091397.2,3874,LEGACY
2019-07-30,AUROPHARMA,Aurobindo Pharma,EQ,INE406A01037,554.0,574.45,549.5,551.95,551.95,551.15,3185551,1796071183.05,58615,LEGACY
2019-07-30,BIOCON,Biocon,EQ,INE376G01013,240.0,243.6,232.8,234.1,233.6,237.05,3066345,731632207.6,33128,LEGACY
2019-07-30,CADILAHC,Cadila Healthcare,EQ,INE010B01027,228.5,231.85,219.0,220.05,219.6,227.3,1289608,289993327.8,28626,LEGACY
2019-07-30,CIPLA,Cipla,EQ,INE059A01026,522.2,533.6,517.8,520.0,518.45,522.25,1665158,870026374.1,36686,LEGACY
2019-07-30,DIVISLAB,Divi's Laboratories,EQ,INE361B01024,1653.3,1673.0,1640.0,1658.45,1645.3,1653.25,863878,1433472209.55,29326,LEGACY
2019-07-30,DRREDDY,Dr. Reddy's Laboratories,EQ,INE089A01023,2648.0,2693.5,2549.1,2560.0,2558.0,2653.95,2197242,5771831499.95,99444,LEGACY
2019-07-30,GLAXO,GlaxoSmithKline Pharmaceuticals,EQ,INE159A01016,1195.45,1203.95,1190.0,1197.75,1192.0,1197.3,24197,28991108.6,1423,LEGACY
2019-07-30,GLENMARK,Glenmark Pharmaceuticals,EQ,INE935A01035,424.1,437.35,410.2,417.9,410.2,422.45,1163187,500111098.45,33509,LEGACY
2019-07-30,GRANULES,Granules India,EQ,INE101D01020,91.1,97.4,87.0,90.1,89.0,91.15,5453283,505596300.75,39737,LEGACY
2019-07-30,IPCALAB,IPCA Laboratories,EQ,INE571A01020,951.75,975.0,947.25,959.55,951.0,951.5,197367,190366329.15,29219,LEGACY
2019-07-30,JBCHEPHARM,JB Chemicals & Pharmaceuticals,EQ,INE572A01028,376.0,378.9,369.95,370.8,372.8,372.75,20825,7730029.1,1443,LEGACY
2019-07-30,LAURUSLABS,Laurus Labs,EQ,INE947Q01010,340.0,345.4,336.0,340.25,340.0,339.05,46498,15804616.25,1378,LEGACY
2019-07-30,LUPIN,Lupin,EQ,INE326A01037,763.1,795.0,748.05,752.6,758.9,762.25,3265104,2548867395.65,73261,LEGACY
2019-07-30,NATCOPHARM,Natco Pharma,EQ,INE987B01026,521.0,529.9,518.7,520.5,521.0,520.05,87044,45552578.15,4967,LEGACY
2019-07-30,PEL,Piramal Enterprises,EQ,INE140A01024,1780.0,1862.0,1764.4,1788.15,1783.0,1790.05,2870003,5219807550.45,127578,LEGACY
2019-07-30,PFIZER,Pfizer,EQ,INE182A01018,3225.0,3225.0,3141.0,3151.75,3144.0,3154.95,13687,43528160.9,2457,LEGACY
2019-07-30,SANOFI,Sanofi India,EQ,INE058A01010,6091.0,6129.0,5885.0,6026.2,6020.0,6129.1,127755,779315727.15,5337,LEGACY
2019-07-30,STAR,Strides Pharma Science,EQ,INE939A01011,365.0,397.95,360.1,371.15,373.0,352.75,12229151,4700488192.35,179323,LEGACY
2019-07-30,SUNPHARMA,Sun Pharmaceutical Industries,EQ,INE044A01036,430.0,441.3,405.0,410.35,410.35,431.05,9461831,4018742056.3,122333,LEGACY
2019-07-30,TORNTPHARM,Torrent Pharmaceuticals,EQ,INE685A01028,1653.5,1690.0,1645.4,1653.45,1657.95,1651.4,389103,651795397.45,17333,LEGACY
2019-07-30,WOCKPHARMA,Wockhardt,EQ,INE049B01025,319.3,327.0,312.3,314.55,314.6,318.7,508194,162322501.55,13921,LEGACY
2019-07-31,ABBOTINDIA,Abbott India,EQ,INE358A01014,8500.0,8500.0,8278.0,8363.6,8340.0,8490.8,3723,31063639.65,1458,LEGACY
2019-07-31,AJANTPHARM,Ajanta Pharma,EQ,INE031B01049,875.0,889.95,825.0,881.85,886.2,880.6,127621,111104054.9,5089,LEGACY
2019-07-31,ALKEM,Alkem Laboratories,EQ,INE540L01014,1760.4,1802.8,1728.9,1741.95,1731.05,1760.4,32978,57985626.0,4003,LEGACY
2019-07-31,APLLTD,Alembic Pharmaceuticals,EQ,INE901L01018,507.0,534.05,502.5,523.9,521.3,504.5,133387,69775715.9,3971,LEGACY
2019-07-31,AUROPHARMA,Aurobindo Pharma,EQ,INE406A01037,556.0,574.25,542.0,571.25,568.2,551.95,2751306,1541337171.0,54119,LEGACY
2019-07-31,BIOCON,Biocon,EQ,INE376G01013,233.0,233.6,224.35,226.55,226.5,234.1,4007230,909104371.1,46802,LEGACY
2019-07-31,CADILAHC,Cadila Healthcare,EQ,INE010B01027,218.6,229.0,216.3,227.8,228.5,220.05,1023859,228642313.75,15932,LEGACY
2019-07-31,CIPLA,Cipla,EQ,INE059A01026,516.9,522.7,506.0,521.1,517.55,520.0,1828077,942781667.3,34837,LEGACY
2019-07-31,DIVISLAB,Divi's Laboratories,EQ,INE361B01024,1651.9,1651.9,1565.2,1633.75,1633.0,1658.45,1115866,1800188075.35,59569,LEGACY
2019-07-31,DRREDDY,Dr. Reddy's Laboratories,EQ,INE089A01023,2535.0,2590.0,2533.0,2574.6,2568.3,2560.0,834690,2142824517.6,44110,LEGACY
2019-07-31,GLAXO,GlaxoSmithKline Pharmaceuticals,EQ,INE159A01016,1190.15,1212.0,1175.5,1207.35,1205.0,1197.75,35394,42448826.55,3509,LEGACY
2019-07-31,GLENMARK,Glenmark Pharmaceuticals,EQ,INE935A01035,412.0,427.5,405.8,426.05,425.65,417.9,980592,410230211.0,27293,LEGACY
2019-07-31,GRANULES,Granules India,EQ,INE101D01020,90.75,92.9,89.6,90.9,91.0,90.1,903180,82103112.7,9402,LEGACY
2019-07-31,IPCALAB,IPCA Laboratories,EQ,INE571A01020,960.9,963.9,945.0,955.8,955.0,959.55,73777,70415485.55,12551,LEGACY
2019-07-31,JBCHEPHARM,JB Chemicals & Pharmaceuticals,EQ,INE572A01028,368.0,375.05,368.0,370.75,375.0,370.8,33278,12371452.35,864,LEGACY
2019-07-31,LAURUSLABS,Laurus Labs,EQ,INE947Q01010,340.25,341.15,333.65,335.9,337.5,340.25,18520,6227864.7,842,LEGACY
2019-07-31,LUPIN,Lupin,EQ,INE326A01037,753.9,772.45,751.0,764.8,766.05,752.6,1314423,1001237810.7,36344,LEGACY
2019-07-31,NATCOPHARM,Natco Pharma,EQ,INE987B01026,517.1,520.5,510.0,515.05,515.0,520.5,51764,26672992.4,2615,LEGACY
2019-07-31,PEL,Piramal Enterprises,EQ,INE140A01024,1798.0,1819.35,1759.6,1808.85,1815.0,1788.15,1425011,2562287031.15,58069,LEGACY
2019-07-31,PFIZER,Pfizer,EQ,INE182A01018,3144.0,3147.0,2995.0,3034.25,2995.1,3151.75,35371,108444306.7,5823,LEGACY
2019-07-31,SANOFI,Sanofi India,EQ,INE058A01010,5942.0,6194.0,5942.0,6130.75,6084.95,6026.2,34856,210362296.25,2358,LEGACY
2019-07-31,STAR,Strides Pharma Science,EQ,INE939A01011,372.0,394.0,365.1,385.45,393.5,371.15,2996692,1128119049.2,45505,LEGACY
2019-07-31,SUNPHARMA,Sun Pharmaceutical Industries,EQ,INE044A01036,410.0,428.8,409.0,426.75,426.05,410.35,7746831,3268396837.75,118535,LEGACY
2019-07-31,TORNTPHARM,Torrent Pharmaceuticals,EQ,INE685A01028,1643.0,1680.0,1634.0,1670.85,1669.0,1653.45,238511,396643599.15,13795,LEGACY
2019-07-31,WOCKPHARMA,Wockhardt,EQ,INE049B01025,314.4,315.85,309.1,312.05,311.0,314.55,338771,105837555.35,10969,LEGACY
2019-08-01,ABBOTINDIA,Abbott India,EQ,INE358A01014,8326.7,8491.0,8300.0,8447.95,8435.0,8363.6,4155,34642040.1,1235,LEGACY
2019-08-01,AJANTPHARM,Ajanta Pharma,EQ,INE031B01049,903.0,964.8,882.2,956.0,956.95,881.85,1545308,1434113766.05,51678,LEGACY
2019-08-01,ALKEM,Alkem Laboratories,EQ,INE540L01014,1764.95,1796.8,1698.2,1715.6,1708.0,1741.95,32259,56479405.5,6226,LEGACY
2019-08-01,APLLTD,Alembic Pharmaceuticals,EQ,INE901L01018,527.95,529.7,516.3,521.5,517.9,523.9,14050,7330509.0,1907,LEGACY
2019-08-01,AUROPHARMA,Aurobindo Pharma,EQ,INE406A01037,563.5,567.75,543.35,550.6,550.5,571.25,2449709,1357390662.7,50811,LEGACY
2019-08-01,BIOCON,Biocon,EQ,INE376G01013,226.0,226.45,221.25,223.55,223.65,226.55,3423702,764934061.2,37846,LEGACY
2019-08-01,CADILAHC,Cadila Healthcare,EQ,INE010B01027,227.9,229.15,222.0,226.3,228.25,227.8,1508064,338840672.05,18333,LEGACY
2019-08-01,CIPLA,Cipla,EQ,INE059A01026,516.15,519.45,509.2,512.45,512.2,521.1,1289007,660697321.1,38775,LEGACY
2019-08-01,DIVISLAB,Divi's Laboratories,EQ,INE361B01024,1620.3,1647.5,1597.3,1615.35,1618.0,1633.75,470130,760743598.0,35546,LEGACY
2019-08-01,DRREDDY,Dr. Reddy's Laboratories,EQ,INE089A01023,2573.0,2573.0,2500.05,2533.75,2532.0,2574.6,976249,2470396591.55,48943,LEGACY
2019-08-01,GLAXO,GlaxoSmithKline Pharmaceuticals,EQ,INE159A01016,1198.25,1203.95,1188.05,1194.6,1189.0,1207.35,16296,19492122.3,1984,LEGACY
2019-08-01,GLENMARK,Glenmark Pharmaceuticals,EQ,INE935A01035,422.7,433.0,417.4,423.2,423.0,426.05,797884,339376358.05,25319,LEGACY
2019-08-01,GRANULES,Granules India,EQ,INE101D01020,91.65,92.4,90.3,91.6,91.6,90.9,660106,60399523.8,8338,LEGACY
2019-08-01,IPCALAB,IPCA Laboratories,EQ,INE571A01020,945.8,1004.2,945.8,968.65,960.0,955.8,750255,741753168.25,25966,LEGACY
2019-08-01,JBCHEPHARM,JB Chemicals & Pharmaceuticals,EQ,INE572A01028,370.05,375.0,369.0,370.7,370.15,370.75,26382,9774078.95,3877,LEGACY
2019-08-01,LAURUSLABS,Laurus Labs,EQ,INE947Q01010,343.0,343.0,327.1,332.75,334.85,335.9,25736,8592651.1,822,LEGACY
2019-08-01,LUPIN,Lupin,EQ,INE326A01037,764.0,773.0,746.65,759.05,757.0,764.8,1016301,768273731.2,24515,LEGACY
2019-08-01,NATCOPHARM,Natco Pharma,EQ,INE987B01026,515.0,519.15,505.3,509.95,510.0,515.05,55499,28287304.55,5003,LEGACY
2019-08-01,PEL,Piramal Enterprises,EQ,INE140A01024,1799.0,1807.85,1718.35,1765.4,1786.9,1808.85,1318803,2329850592.8,53154,LEGACY
2019-08-01,PFIZER,Pfizer,EQ,INE182A01018,3001.0,3040.05,2831.0,2996.05,3015.6,3034.25,64718,187777672.2,12666,LEGACY
2019-08-01,SANOFI,Sanofi India,EQ,INE058A01010,6101.65,6150.0,5940.0,6125.55,6050.0,6130.75,80142,483039126.1,6625,LEGACY
2019-08-01,STAR,Strides Pharma Science,EQ,INE939A01011,385.45,405.0,380.7,400.8,400.0,385.45,3114849,1220206593.65,47632,LEGACY
2019-08-01,SUNPHARMA,Sun Pharmaceutical Industries,EQ,INE044A01036,424.8,427.75,418.0,425.1,424.95,426.75,3635110,1535068103.2,85351,LEGACY
2019-08-01,TORNTPHARM,Torrent Pharmaceuticals,EQ,INE685A01028,1676.0,1681.65,1653.1,1667.9,1673.75,1670.85,227702,379525161.0,14127,LEGACY
2019-08-01,WOCKPHARMA,Wockhardt,EQ,INE049B01025,311.3,315.0,304.5,309.35,308.1,312.05,453516,140207459.65,12908,LEGACY
2019-08-02,ABBOTINDIA,Abbott India,EQ,INE358A01014,8485.0,8529.0,8351.25,8499.3,8455.0,8447.95,3332,28119075.2,555,LEGACY
2019-08-02,AJANTPHARM,Ajanta Pharma,EQ,INE031B01049,933.15,998.8,917.4,956.4,958.0,956.0,1277864,1233957903.85,35536,LEGACY
2019-08-02,ALKEM,Alkem Laboratories,EQ,INE540L01014,1716.0,1729.85,1675.5,1680.35,1675.5,1715.6,132707,224708518.4,4862,LEGACY
2019-08-02,APLLTD,Alembic Pharmaceuticals,EQ,INE901L01018,517.35,520.45,509.05,511.3,511.0,521.5,14602,7493738.6,740,LEGACY
2019-08-02,AUROPHARMA,Aurobindo Pharma,EQ,INE406A01037,551.0,558.0,542.3,548.65,548.35,550.6,2780764,1529485986.4,58046,LEGACY
2019-08-02,BIOCON,Biocon,EQ,INE376G01013,221.0,234.0,217.05,231.25,232.5,223.55,5716497,1290922119.65,64198,LEGACY
2019-08-02,CADILAHC,Cadila Healthcare,EQ,INE010B01027,225.25,230.3,220.15,225.3,225.9,226.3,1968062,441538822.0,25675,LEGACY
2019-08-02,CIPLA,Cipla,EQ,INE059A01026,509.0,519.7,508.7,516.1,516.0,512.45,1574251,811871580.2,45524,LEGACY
2019-08-02,DIVISLAB,Divi's Laboratories,EQ,INE361B01024,1610.0,1624.0,1579.05,1598.8,1595.0,1615.35,432681,691383489.4,25891,LEGACY
2019-08-02,DRREDDY,Dr. Reddy's Laboratories,EQ,INE089A01023,2533.8,2550.0,2496.25,2529.2,2535.0,2533.75,593989,1497715372.3,35145,LEGACY
2019-08-02,GLAXO,GlaxoSmithKline Pharmaceuticals,EQ,INE159A01016,1193.95,1199.9,1180.05,1197.95,1191.0,1194.6,13814,16491571.75,2020,LEGACY
2019-08-02,GLENMARK,Glenmark Pharmaceuticals,EQ,INE935A01035,420.0,429.6,417.5,424.95,424.5,423.2,478131,202466469.7,19824,LEGACY
2019-08-02,GRANULES,Granules India,EQ,INE101D01020,91.6,93.8,89.1,92.65,92.6,91.6,512643,46985432.65,11028,LEGACY
2019-08-02,IPCALAB,IPCA Laboratories,EQ,INE571A01020,961.8,980.0,956.0,968.2,969.0,968.65,122403,118639990.3,5935,LEGACY
2019-08-02,JBCHEPHARM,JB Chemicals & Pharmaceuticals,EQ,INE572A01028,369.25,369.9,362.0,367.3,365.0,370.7,25847,9458903.25,1737,LEGACY
2019-08-02,LAURUSLABS,Laurus Labs,EQ,INE947Q01010,334.3,340.0,330.1,336.95,340.0,332.75,15809,5302813.9,900,LEGACY
2019-08-02,LUPIN,Lupin,EQ,INE326A01037,756.55,775.7,749.1,767.3,768.25,759.05,1160643,887065397.7,40435,LEGACY
2019-08-02,NATCOPHARM,Natco Pharma,EQ,INE987B01026,503.3,536.95,503.1,527.4,525.75,509.95,122418,64495260.05,6143,LEGACY
2019-08-02,PEL,Piramal Enterprises,EQ,INE140A01024,1746.0,1805.0,1712.55,1748.4,1747.45,1765.4,1641815,2887047218.2,75761,LEGACY
2019-08-02,PFIZER,Pfizer,EQ,INE182A01018,2998.75,3078.0,2931.1,3066.35,3070.0,2996.05,15893,47784334.15,2876,LEGACY
2019-08-02,SANOFI,Sanofi India,EQ,INE058A01010,6051.4,6118.0,6043.6,6059.3,6058.35,6125.55,32012,194007233.85,2239,LEGACY
2019-08-02,STAR,Strides Pharma Science,EQ,INE939A01011,393.0,398.3,385.75,392.65,391.4,400.8,2180719,854305116.35,33331,LEGACY
2019-08-02,SUNPHARMA,Sun Pharmaceutical Industries,EQ,INE044A01036,422.9,426.5,417.35,420.65,420.0,425.1,3490912,1473027768.6,64622,LEGACY
2019-08-02,TORNTPHARM,Torrent Pharmaceuticals,EQ,INE685A01028,1673.0,1689.3,1651.15,1673.25,1675.0,1667.9,270084,451680035.75,12237,LEGACY
2019-08-02,WOCKPHARMA,Wockhardt,EQ,INE049B01025,304.0,307.6,294.3,296.3,294.3,309.35,626496,187782598.15,16187,LEGACY
2019-08-05,ABBOTINDIA,Abbott India,EQ,INE358A01014,8500.0,8500.0,8320.0,8377.1,8371.95,8499.3,1599,13408960.4,502,LEGACY
2019-08-05,AJANTPHARM,Ajanta Pharma,EQ,INE031B01049,942.0,978.95,934.0,962.7,974.0,956.4,246099,236116005.75,11081,LEGACY
2019-08-05,ALKEM,Alkem Laboratories,EQ,INE540L01014,1685.0,1705.45,1660.0,1674.8,1675.0,1680.35,54911,92215311.5,6241,LEGACY
2019-08-05,APLLTD,Alembic Pharmaceuticals,EQ,INE901L01018,510.05,562.15,496.65,525.5,524.1,511.3,90394,48379713.9,5322,LEGACY
2019-08-05,AUROPHARMA,Aurobindo Pharma,EQ,INE406A01037,546.9,554.9,536.6,548.15,547.9,548.65,2122403,1158171742.8,35518,LEGACY
2019-08-05,BIOCON,Biocon,EQ,INE376G01013,228.05,235.25,223.1,228.45,228.0,231.25,3725062,852750842.45,38234,LEGACY
2019-08-05,CADILAHC,Cadila Healthcare,EQ,INE010B01027,223.7,226.9,218.85,223.6,223.45,225.3,954589,212907114.8,15906,LEGACY
2019-08-05,CIPLA,Cipla,EQ,INE059A01026,513.8,520.8,512.25,518.9,518.15,516.1,2162918,1118320691.15,51552,LEGACY
2019-08-05,DIVISLAB,Divi's Laboratories,EQ,INE361B01024,1588.5,1608.55,1566.05,1577.55,1571.1,1598.8,571020,905718791.35,27086,LEGACY
2019-08-05,DRREDDY,Dr. Reddy's Laboratories,EQ,INE089A01023,2523.0,2537.95,2500.7,2514.7,2505.5,2529.2,337575,849672532.85,21788,LEGACY
2019-08-05,GLAXO,GlaxoSmithKline Pharmaceuticals,EQ,INE159A01016,1194.0,1200.0,1181.0,1198.45,1198.55,1197.95,18787,22440054.65,1834,LEGACY
2019-08-05,GLENMARK,Glenmark Pharmaceuticals,EQ,INE935A01035,419.85,429.35,408.35,412.2,412.05,424.95,884840,364626571.5,14983,LEGACY
2019-08-05,GRANULES,Granules India,EQ,INE101D01020,92.9,92.9,88.85,89.6,89.35,92.65,725978,65531311.9,5685,LEGACY
2019-08-05,IPCALAB,IPCA Laboratories,EQ,INE571A01020,973.9,979.95,911.4,954.5,935.0,968.2,357889,341095485.9,23775,LEGACY
2019-08-05,JBCHEPHARM,JB Chemicals & Pharmaceuticals,EQ,INE572A01028,368.2,371.6,362.05,366.4,364.35,367.3,21274,7793640.65,1606,LEGACY
2019-08-05,LAURUSLABS,Laurus Labs,EQ,INE947Q01010,317.55,329.55,316.25,319.95,319.4,336.95,121652,38917865.1,2194,LEGACY
2019-08-05,LUPIN,Lupin,EQ,INE326A01037,760.4,771.15,741.1,756.7,755.2,767.3,1237328,934791514.95,28543,LEGACY
2019-08-05,NATCOPHARM,Natco Pharma,EQ,INE987B01026,523.7,538.0,511.0,534.45,537.0,527.4,124418,65387035.05,4439,LEGACY
2019-08-05,PEL,Piramal Enterprises,EQ,INE140A01024,1740.0,1754.05,1691.1,1729.4,1724.0,1748.4,1185365,2047404083.35,46447,LEGACY
2019-08-05,PFIZER,Pfizer,EQ,INE182A01018,3050.0,3050.0,2930.1,2952.05,2931.15,3066.35,11246,33452446.2,2898,LEGACY
2019-08-05,SANOFI,Sanofi India,EQ,INE058A01010,6069.3,6069.8,5941.15,6010.45,6050.0,6059.3,2395,14353895.35,1089,LEGACY
2019-08-05,STAR,Strides Pharma Science,EQ,INE939A01011,391.4,403.8,383.2,402.15,398.55,392.65,1583433,623438089.6,25886,LEGACY
2019-08-05,SUNPHARMA,Sun Pharmaceutical Industries,EQ,INE044A01036,417.65,423.75,411.05,417.15,416.75,420.65,4784904,1998544356.35,82085,LEGACY
2019-08-05,TORNTPHARM,Torrent Pharmaceuticals,EQ,INE685A01028,1660.0,1682.75,1656.5,1668.7,1660.7,1673.25,154667,257814007.5,6855,LEGACY
2019-08-05,WOCKPHARMA,Wockhardt,EQ,INE049B01025,293.0,293.0,281.25,283.3,281.25,296.3,384691,109877233.65,10824,LEGACY
2019-08-06,ABBOTINDIA,Abbott India,EQ,INE358A01014,8325.0,8476.75,8325.0,8438.55,8440.0,8377.1,24272,205525504.35,577,LEGACY
2019-08-06,AJANTPHARM,Ajanta Pharma,EQ,INE031B01049,957.0,988.0,942.55,957.05,976.0,962.7,195857,190516761.75,9481,LEGACY
2019-08-06,ALKEM,Alkem Laboratories,EQ,INE540L01014,1688.0,1690.5,1666.1,1679.55,1675.0,1674.8,63824,107383714.65,3383,LEGACY
2019-08-06,APLLTD,Alembic Pharmaceuticals,EQ,INE901L01018,525.5,533.95,513.8,518.5,515.4,525.5,20831,10929487.0,3491,LEGACY
2019-08-06,AUROPHARMA,Aurobindo Pharma,EQ,INE406A01037,548.0,566.6,547.9,562.0,561.55,548.15,2182432,1221538637.05,46590,LEGACY
2019-08-06,BIOCON,Biocon,EQ,INE376G01013,227.0,229.4,223.7,225.3,225.15,228.45,2369955,535086936.45,35503,LEGACY
2019-08-06,CADILAHC,Cadila Healthcare,EQ,INE010B01027,223.45,227.45,221.55,226.25,225.5,223.6,1429265,322425961.25,21562,LEGACY
2019-08-06,CIPLA,Cipla,EQ,INE059A01026,518.0,527.0,496.85,500.15,502.35,518.9,7425849,3753498120.45,103462,LEGACY
2019-08-06,DIVISLAB,Divi's Laboratories,EQ,INE361B01024,1568.95,1622.05,1566.8,1616.0,1612.0,1577.55,634515,1013714766.85,23066,LEGACY
2019-08-06,DRREDDY,Dr. Reddy's Laboratories,EQ,INE089A01023,2509.85,2584.9,2501.0,2556.2,2551.0,2514.7,603217,1545867982.0,53606,LEGACY
2019-08-06,GLAXO,GlaxoSmithKline Pharmaceuticals,EQ,INE159A01016,1197.9,1215.0,1190.1,1208.0,1205.0,1198.45,22269,26795837.9,3883,LEGACY
2019-08-06,GLENMARK,Glenmark Pharmaceuticals,EQ,INE935A01035,412.5,421.4,412.5,415.05,413.8,412.2,668926,279144975.0,31848,LEGACY
2019-08-06,GRANULES,Granules India,EQ,INE101D01020,89.55,92.4,89.25,92.1,92.25,89.6,517772,47400229.5,6783,LEGACY
2019-08-06,IPCALAB,IPCA Laboratories,EQ,INE571A01020,940.95,954.4,938.8,949.35,947.8,954.5,160828,152891245.4,13792,LEGACY
2019-08-06,JBCHEPHARM,JB Chemicals & Pharmaceuticals,EQ,INE572A01028,363.0,371.0,362.0,366.55,367.7,366.4,24407,8941822.65,874,LEGACY
2019-08-06,LAURUSLABS,Laurus Labs,EQ,INE947Q01010,315.0,320.05,314.05,317.2,317.95,319.95,57610,18415212.05,936,LEGACY
2019-08-06,LUPIN,Lupin,EQ,INE326A01037,756.0,771.0,742.5,750.85,750.0,756.7,1258835,950586736.35,43616,LEGACY
2019-08-06,NATCOPHARM,Natco Pharma,EQ,INE987B01026,530.15,561.95,530.15,550.35,550.0,534.45,213790,118105405.65,10625,LEGACY
2019-08-06,PEL,Piramal Enterprises,EQ,INE140A01024,1729.0,1750.0,1711.3,1718.8,1720.0,1729.4,974952,1687842988.4,42177,LEGACY
2019-08-06,PFIZER,Pfizer,EQ,INE182A01018,2952.1,2991.0,2935.1,2955.25,2948.0,2952.05,13632,40397681.55,5513,LEGACY
2019-08-06,SANOFI,Sanofi India,EQ,INE058A01010,6050.0,6050.0,5951.3,6020.9,5999.05,6010.45,12427,74614440.2,4177,LEGACY
2019-08-06,STAR,Strides Pharma Science,EQ,INE939A01011,396.5,415.7,389.25,411.15,409.9,402.15,2055719,827130713.55,36574,LEGACY
2019-08-06,SUNPHARMA,Sun Pharmaceutical Industries,EQ,INE044A01036,416.0,422.45,414.5,418.2,417.8,417.15,3204070,1340638399.2,83821,LEGACY
2019-08-06,TORNTPHARM,Torrent Pharmaceuticals,EQ,INE685A01028,1662.0,1678.7,1654.25,1672.3,1669.15,1668.7,206219,343753280.05,11605,LEGACY
2019-08-06,WOCKPHARMA,Wockhardt,EQ,INE049B01025,280.0,286.75,278.15,283.1,282.55,283.3,296715,84230737.35,8002,LEGACY
2019-08-07,ABBOTINDIA,Abbott India,EQ,INE358A01014,8439.0,8688.0,8439.0,8573.25,8578.0,8438.55,2043,17569166.25,681,LEGACY
2019-08-07,AJANTPHARM,Ajanta Pharma,EQ,INE031B01049,964.75,977.95,952.6,966.4,969.0,957.05,90189,87388139.6,5193,LEGACY
2019-08-07,ALKEM,Alkem Laboratories,EQ,INE540L01014,1680.0,1716.95,1672.4,1705.6,1700.05,1679.55,73442,124788440.95,12319,LEGACY
2019-08-07,APLLTD,Alembic Pharmaceuticals,EQ,INE901L01018,515.4,534.0,515.4,520.15,517.55,518.5,42841,22531012.6,3133,LEGACY
2019-08-07,AUROPHARMA,Aurobindo Pharma,EQ,INE406A01037,564.0,567.75,551.6,554.7,554.5,562.0,1888838,1055823891.25,43748,LEGACY
2019-08-07,BIOCON,Biocon,EQ,INE376G01013,225.2,231.65,222.9,224.95,224.1,225.3,3647449,830558210.9,44728,LEGACY
2019-08-07,CADILAHC,Cadila Healthcare,EQ,INE010B01027,226.0,233.4,218.1,227.6,226.6,226.25,3802009,857991450.05,41228,LEGACY
2019-08-07,CIPLA,Cipla,EQ,INE059A01026,502.7,525.85,501.65,518.3,513.95,500.15,4668643,2402175127.3,89442,LEGACY
2019-08-07,DIVISLAB,Divi's Laboratories,EQ,INE361B01024,1601.05,1657.0,1601.05,1633.9,1638.8,1616.0,591808,969252258.5,25302,LEGACY
2019-08-07,DRREDDY,Dr. Reddy's Laboratories,EQ,INE089A01023,2550.0,2588.85,2540.95,2556.8,2560.0,2556.2,316279,811181104.9,26781,LEGACY
2019-08-07,GLAXO,GlaxoSmithKline Pharmaceuticals,EQ,INE159A01016,1201.05,1215.0,1196.05,1211.3,1208.5,1208.0,14710,17761116.85,1777,LEGACY
2019-08-07,GLENMARK,Glenmark Pharmaceuticals,EQ,INE935A01035,415.05,417.7,410.2,414.35,413.2,415.05,715457,295814615.3,30095,LEGACY
2019-08-07,GRANULES,Granules India,EQ,INE101D01020,93.2,94.9,92.5,93.65,93.65,92.1,634085,59521268.25,12546,LEGACY
2019-08-07,IPCALAB,IPCA Laboratories,EQ,INE571A01020,953.95,953.95,925.2,930.6,929.2,949.35,45588,42809471.85,6224,LEGACY
2019-08-07,JBCHEPHARM,JB Chemicals & Pharmaceuticals,EQ,INE572A01028,365.0,369.4,365.0,365.95,366.0,366.55,9678,3544950.35,684,LEGACY
2019-08-07,LAURUSLABS,Laurus Labs,EQ,INE947Q01010,327.95,327.95,316.05,321.65,321.8,317.2,112411,35974406.5,1616,LEGACY
2019-08-07,LUPIN,Lupin,EQ,INE326A01037,750.6,786.4,748.05,781.9,776.9,750.85,3018916,2324411164.15,73858,LEGACY
2019-08-07,NATCOPHARM,Natco Pharma,EQ,INE987B01026,548.0,556.4,537.55,549.55,550.35,550.35,142829,78349185.9,4961,LEGACY
2019-08-07,PEL,Piramal Enterprises,EQ,INE140A01024,1735.0,1765.0,1652.35,1673.7,1658.3,1718.8,1357450,2343320248.25,58972,LEGACY
2019-08-07,PFIZER,Pfizer,EQ,INE182A01018,2958.0,2990.0,2921.05,2939.9,2922.2,2955.25,11042,32680366.95,4041,LEGACY
2019-08-07,SANOFI,Sanofi India,EQ,INE058A01010,6050.0,6050.0,5985.0,6014.3,6000.0,6020.9,2633,15831433.1,1203,LEGACY
2019-08-07,STAR,Strides Pharma Science,EQ,INE939A01011,409.1,418.75,404.6,416.1,415.9,411.15,1590754,656089685.9,27551,LEGACY
2019-08-07,SUNPHARMA,Sun Pharmaceutical Industries,EQ,INE044A01036,421.0,429.0,418.1,421.05,419.75,418.2,5431353,2301164508.5,88870,LEGACY
2019-08-07,TORNTPHARM,Torrent Pharmaceuticals,EQ,INE685A01028,1674.95,1717.85,1670.1,1702.9,1700.8,1672.3,331274,563219763.05,13834,LEGACY
2019-08-07,WOCKPHARMA,Wockhardt,EQ,INE049B01025,285.0,293.85,282.75,284.15,285.1,283.1,709625,204890107.2,31674,LEGACY
2019-08-08,ABBOTINDIA,Abbott India,EQ,INE358A01014,8684.0,9324.0,8521.0,9001.35,8890.0,8573.25,40146,358375605.05,7813,LEGACY
2019-08-08,AJANTPHARM,Ajanta Pharma,EQ,INE031B01049,966.5,974.7,942.35,953.85,951.2,966.4,90996,86807639.3,5234,LEGACY
2019-08-08,ALKEM,Alkem Laboratories,EQ,INE540L01014,1706.0,1725.0,1703.0,1721.15,1724.95,1705.6,11530,19778956.9,1826,LEGACY
2019-08-08,APLLTD,Alembic Pharmaceuticals,EQ,INE901L01018,520.0,540.0,518.0,529.5,529.0,520.15,115864,61915924.25,3384,LEGACY
2019-08-08,AUROPHARMA,Aurobindo Pharma,EQ,INE406A01037,580.0,602.45,571.65,598.0,599.65,554.7,12392486,7295927984.0,198709,LEGACY
2019-08-08,BIOCON,Biocon,EQ,INE376G01013,226.35,232.3,224.5,231.25,231.5,224.95,2693736,618388245.55,44644,LEGACY
2019-08-08,CADILAHC,Cadila Healthcare,EQ,INE010B01027,229.0,236.0,226.5,234.7,234.0,227.6,1979751,457292240.8,23022,LEGACY
2019-08-08,CIPLA,Cipla,EQ,INE059A01026,504.75,510.0,493.8,503.05,503.9,518.3,6750611,3381417104.5,113195,LEGACY
2019-08-08,DIVISLAB,Divi's Laboratories,EQ,INE361B01024,1644.0,1655.95,1626.05,1651.0,1651.0,1633.9,678997,1117248933.35,38290,LEGACY
2019-08-08,DRREDDY,Dr. Reddy's Laboratories,EQ,INE089A01023,2570.0,2587.95,2550.05,2571.95,2576.8,2556.8,255261,656387682.9,20480,LEGACY
2019-08-08,GLAXO,GlaxoSmithKline Pharmaceuticals,EQ,INE159A01016,1210.0,1212.35,1198.0,1204.6,1200.0,1211.3,20443,24617763.75,2155,LEGACY
2019-08-08,GLENMARK,Glenmark Pharmaceuticals,EQ,INE935A01035,414.4,430.0,414.35,426.15,428.8,414.35,854250,360561989.4,40091,LEGACY
2019-08-08,GRANULES,Granules India,EQ,INE101D01020,93.6,98.35,92.1,97.4,96.75,93.65,1054285,101586044.9,14571,LEGACY
2019-08-08,IPCALAB,IPCA Laboratories,EQ,INE571A01020,934.8,945.0,926.75,941.45,940.0,930.6,117306,110159339.2,6383,LEGACY
2019-08-08,JBCHEPHARM,JB Chemicals & Pharmaceuticals,EQ,INE572A01028,365.0,371.05,365.0,369.95,370.0,365.95,19719,7261649.6,1031,LEGACY
2019-08-08,LAURUSLABS,Laurus Labs,EQ,INE947Q01010,319.9,339.0,319.9,328.5,331.0,321.65,23079,7558951.75,1650,LEGACY
2019-08-08,LUPIN,Lupin,EQ,INE326A01037,785.8,791.4,750.4,760.95,761.0,781.9,3240635,2484165408.1,64339,LEGACY
2019-08-08,NATCOPHARM,Natco Pharma,EQ,INE987B01026,550.25,555.0,541.05,552.95,552.9,549.55,53617,29379536.85,3898,LEGACY
2019-08-08,PEL,Piramal Enterprises,EQ,INE140A01024,1689.0,1750.0,1676.35,1727.5,1746.0,1673.7,1148089,1955213709.6,46753,LEGACY
2019-08-08,PFIZER,Pfizer,EQ,INE182A01018,2939.9,2948.9,2857.1,2869.1,2870.0,2939.9,50356,145017941.45,3806,LEGACY
2019-08-08,SANOFI,Sanofi India,EQ,INE058A01010,6030.0,6050.0,6000.0,6035.6,6050.0,6014.3,4028,24259705.5,1743,LEGACY
2019-08-08,STAR,Strides Pharma Science,EQ,INE939A01011,419.85,427.0,412.2,423.9,426.8,416.1,1391338,586125500.1,24375,LEGACY
2019-08-08,SUNPHARMA,Sun Pharmaceutical Industries,EQ,INE044A01036,424.0,428.2,418.15,426.45,427.05,421.05,3157083,1335015312.55,55223,LEGACY
2019-08-08,TORNTPHARM,Torrent Pharmaceuticals,EQ,INE685A01028,1707.0,1718.45,1691.0,1710.4,1697.4,1702.9,209273,357065400.4,13926,LEGACY
2019-08-08,WOCKPHARMA,Wockhardt,EQ,INE049B01025,285.9,294.0,285.9,292.9,293.25,284.15,428736,124330297.1,25150,LEGACY
2019-08-09,ABBOTINDIA,Abbott India,EQ,INE358A01014,9099.0,9427.1,8961.6,9048.85,8999.9,9001.35,19832,181771767.05,4603,LEGACY
2019-08-09,AJANTPHARM,Ajanta Pharma,EQ,INE031B01049,951.35,963.9,947.05,952.7,948.1,953.85,125606,119801376.8,2799,LEGACY
2019-08-09,ALKEM,Alkem Laboratories,EQ,INE540L01014,1722.0,1771.3,1703.25,1762.5,1770.0,1721.15,12433,21703226.35,2108,LEGACY
2019-08-09,APLLTD,Alembic Pharmaceuticals,EQ,INE901L01018,526.3,550.0,526.3,545.65,539.95,529.5,218753,118438945.7,5051,LEGACY
2019-08-09,AUROPHARMA,Aurobindo Pharma,EQ,INE406A01037,603.0,615.0,595.4,598.85,596.75,598.0,5409291,3274168273.65,102527,LEGACY
2019-08-09,BIOCON,Biocon,EQ,INE376G01013,232.35,233.55,227.5,228.9,228.45,231.25,1976395,455245681.05,16945,LEGACY
2019-08-09,CADILAHC,Cadila Healthcare,EQ,INE010B01027,236.0,236.1,223.15,230.35,232.3,234.7,2841321,658111056.2,22242,LEGACY
2019-08-09,CIPLA,Cipla,EQ,INE059A01026,505.9,511.7,481.55,484.5,485.1,503.05,5172748,2560263420.25,69444,LEGACY
2019-08-09,DIVISLAB,Divi's Laboratories,EQ,INE361B01024,1653.0,1683.45,1642.35,1664.95,1666.8,1651.0,374284,623269607.2,20369,LEGACY
2019-08-09,DRREDDY,Dr. Reddy's Laboratories,EQ,INE089A01023,2576.75,2589.7,2560.1,2573.45,2566.0,2571.95,373925,963598223.25,22088,LEGACY
2019-08-09,GLAXO,GlaxoSmithKline Pharmaceuticals,EQ,INE159A01016,1201.2,1214.6,1195.05,1209.05,1210.2,1204.6,19851,23916164.6,2272,LEGACY
2019-08-09,GLENMARK,Glenmark Pharmaceuticals,EQ,INE935A01035,428.8,435.75,422.55,426.2,424.0,426.15,816459,351975985.65,18866,LEGACY
2019-08-09,GRANULES,Granules India,EQ,INE101D01020,98.5,99.6,95.8,96.45,96.15,97.4,485406,47443194.2,3867,LEGACY
2019-08-09,IPCALAB,IPCA Laboratories,EQ,INE571A01020,938.0,967.65,938.0,963.25,965.0,941.45,129112,123470676.5,13681,LEGACY
2019-08-09,JBCHEPHARM,JB Chemicals & Pharmaceuticals,EQ,INE572A01028,369.05,375.0,369.05,371.65,372.0,369.95,197682,73494932.0,909,LEGACY
2019-08-09,LAURUSLABS,Laurus Labs,EQ,INE947Q01010,320.1,344.4,320.1,342.0,344.0,328.5,121597,40736978.75,1433,LEGACY
2019-08-09,LUPIN,Lupin,EQ,INE326A01037,769.6,771.9,755.05,758.7,758.5,760.95,1615690,1231528657.35,43234,LEGACY
2019-08-09,NATCOPHARM,Natco Pharma,EQ,INE987B01026,555.0,555.0,528.6,551.45,555.0,552.95,395224,214391144.5,16447,LEGACY
2019-08-09,PEL,Piramal Enterprises,EQ,INE140A01024,1765.0,1821.25,1740.0,1770.6,1775.45,1727.5,1389777,2474098159.85,57116,LEGACY
2019-08-09,PFIZER,Pfizer,EQ,INE182A01018,2879.0,2998.05,2865.25,2961.45,2998.05,2869.1,185713,539580241.55,17923,LEGACY
2019-08-09,SANOFI,Sanofi India,EQ,INE058A01010,6020.0,6200.0,6020.0,6180.7,6160.1,6035.6,8991,54864371.95,3428,LEGACY
2019-08-09,STAR,Strides Pharma Science,EQ,INE939A01011,423.5,429.5,418.0,421.9,420.0,423.9,1653629,700329693.75,37747,LEGACY
2019-08-09,SUNPHARMA,Sun Pharmaceutical Industries,EQ,INE044A01036,428.0,430.35,418.45,422.0,422.5,426.45,3434604,1456845592.05,52089,LEGACY
2019-08-09,TORNTPHARM,Torrent Pharmaceuticals,EQ,INE685A01028,1701.2,1706.9,1671.05,1674.55,1675.0,1710.4,342651,577374455.0,12319,LEGACY
2019-08-09,WOCKPHARMA,Wockhardt,EQ,INE049B01025,294.4,303.05,288.5,296.2,296.2,292.9,543711,160491167.15,14900,LEGACY
2019-08-13,ABBOTINDIA,Abbott India,EQ,INE358A01014,9018.4,9299.0,8772.95,9116.8,9115.0,9048.85,17233,156889594.75,2157,LEGACY
2019-08-13,AJANTPHARM,Ajanta Pharma,EQ,INE031B01049,944.0,995.9,921.25,942.65,929.4,952.7,376688,366408410.6,13350,LEGACY
2019-08-13,ALKEM,Alkem Laboratories,EQ,INE540L01014,1799.0,1810.0,1747.0,1790.45,1810.0,1762.5,26775,47709602.95,2002,LEGACY
2019-08-13,APLLTD,Alembic Pharmaceuticals,EQ,INE901L01018,545.65,548.0,525.0,530.35,529.55,545.65,18079,9703457.55,1201,LEGACY
2019-08-13,AUROPHARMA,Aurobindo Pharma,EQ,INE406A01037,599.0,617.6,591.3,602.8,602.0,598.85,4494786,2732716579.95,90093,LEGACY
2019-08-13,BIOCON,Biocon,EQ,INE376G01013,230.6,232.25,222.8,224.05,223.7,228.9,2119261,481128711.2,39203,LEGACY
2019-08-13,CADILAHC,Cadila Healthcare,EQ,INE010B01027,233.7,233.7,218.1,219.7,219.6,230.35,2444453,546694442.25,41695,LEGACY
2019-08-13,CIPLA,Cipla,EQ,INE059A01026,484.5,486.9,473.05,475.75,476.5,484.5,2952687,1408448485.05,73285,LEGACY
2019-08-13,DIVISLAB,Divi's Laboratories,EQ,INE361B01024,1615.0,1620.0,1512.2,1524.4,1521.0,1664.95,2698990,4181423516.1,137969,LEGACY
2019-08-13,DRREDDY,Dr. Reddy's Laboratories,EQ,INE089A01023,2578.0,2599.5,2541.0,2556.35,2553.0,2573.45,374844,963569814.0,25661,LEGACY
2019-08-13,GLAXO,GlaxoSmithKline Pharmaceuticals,EQ,INE159A01016,1217.0,1217.0,1200.1,1203.3,1203.0,1209.05,37223,44789973.55,2090,LEGACY
2019-08-13,GLENMARK,Glenmark Pharmaceuticals,EQ,INE935A01035,426.2,436.0,412.0,415.6,414.8,426.2,1649499,700802299.2,35357,LEGACY
2019-08-13,GRANULES,Granules India,EQ,INE101D01020,95.0,97.0,92.4,93.4,92.95,96.45,317979,29933180.95,2948,LEGACY
2019-08-13,IPCALAB,IPCA Laboratories,EQ,INE571A01020,970.0,971.1,930.0,934.15,933.0,963.25,349506,333139210.0,20011,LEGACY
2019-08-13,JBCHEPHARM,JB Chemicals & Pharmaceuticals,EQ,INE572A01028,372.05,379.9,370.15,374.35,373.0,371.65,105376,39406018.35,3212,LEGACY
2019-08-13,LAURUSLABS,Laurus Labs,EQ,INE947Q01010,347.95,347.95,328.1,337.65,337.8,342.0,11432,3839062.7,781,LEGACY
2019-08-13,LUPIN,Lupin,EQ,INE326A01037,758.0,762.0,746.0,748.25,747.5,758.7,1188441,893549776.4,29173,LEGACY
2019-08-13,NATCOPHARM,Natco Pharma,EQ,INE987B01026,545.0,552.0,535.55,547.95,547.8,551.45,146460,79909950.05,7684,LEGACY
2019-08-13,PEL,Piramal Enterprises,EQ,INE140A01024,1781.65,1804.0,1714.0,1723.9,1730.15,1770.6,1009863,1778857964.5,47144,LEGACY
2019-08-13,PFIZER,Pfizer,EQ,INE182A01018,3025.0,3095.65,2946.05,3064.4,3060.0,2961.45,30309,92546502.9,5217,LEGACY
2019-08-13,SANOFI,Sanofi India,EQ,INE058A01010,6200.0,6393.0,6185.0,6260.45,6260.0,6180.7,4116,25836339.1,1680,LEGACY
2019-08-13,STAR,Strides Pharma Science,EQ,INE939A01011,420.8,422.75,414.35,417.15,416.0,421.9,946073,395302628.45,18633,LEGACY
2019-08-13,SUNPHARMA,Sun Pharmaceutical Industries,EQ,INE044A01036,421.5,444.5,420.75,439.25,438.35,422.0,13211835,5744724362.25,186160,LEGACY
2019-08-13,TORNTPHARM,Torrent Pharmaceuticals,EQ,INE685A01028,1630.0,1663.1,1595.0,1653.95,1657.55,1674.55,477303,780808439.15,26973,LEGACY
2019-08-13,WOCKPHARMA,Wockhardt,EQ,INE049B01025,296.9,296.9,284.5,287.45,290.0,296.2,284055,82295285.4,7525,LEGACY
2019-08-14,ABBOTINDIA,Abbott India,EQ,INE358A01014,9184.0,9248.0,9051.15,9147.5,9150.05,9116.8,9034,82795015.4,1602,LEGACY
2019-08-14,AJANTPHARM,Ajanta Pharma,EQ,INE031B01049,943.0,986.9,924.35,981.9,983.0,942.65,145019,139592877.75,6983,LEGACY
2019-08-14,ALKEM,Alkem Laboratories,EQ,INE540L01014,1810.0,1814.95,1752.0,1767.2,1783.0,1790.45,80411,143084936.95,3545,LEGACY
2019-08-14,APLLTD,Alembic Pharmaceuticals,EQ,INE901L01018,530.0,532.75,514.3,523.45,524.0,530.35,25354,13264831.8,2255,LEGACY
2019-08-14,AUROPHARMA,Aurobindo Pharma,EQ,INE406A01037,605.0,609.0,581.0,605.5,605.5,602.8,3481754,2070379255.95,73412,LEGACY
2019-08-14,BIOCON,Biocon,EQ,INE376G01013,225.5,235.8,222.15,232.45,232.5,224.05,3091928,713315050.75,40837,LEGACY
2019-08-14,CADILAHC,Cadila Healthcare,EQ,INE010B01027,222.45,222.45,213.55,218.0,218.1,219.7,2059514,444964759.6,35080,LEGACY
2019-08-14,CIPLA,Cipla,EQ,INE059A01026,477.45,483.25,465.0,478.3,479.8,475.75,2376714,1128799125.95,48806,LEGACY
2019-08-14,DIVISLAB,Divi's Laboratories,EQ,INE361B01024,1521.0,1544.8,1466.0,1531.9,1518.55,1524.4,1340125,2020003758.65,56003,LEGACY
2019-08-14,DRREDDY,Dr. Reddy's Laboratories,EQ,INE089A01023,2525.05,2537.8,2351.2,2511.95,2512.5,2556.35,1609457,3957841908.9,78696,LEGACY
2019-08-14,GLAXO,GlaxoSmithKline Pharmaceuticals,EQ,INE159A01016,1200.8,1212.0,1196.1,1208.4,1207.35,1203.3,66804,80582342.5,13381,LEGACY
2019-08-14,GLENMARK,Glenmark Pharmaceuticals,EQ,INE935A01035,401.0,406.85,379.5,384.2,383.25,415.6,3867432,1491952713.8,84298,LEGACY
2019-08-14,GRANULES,Granules India,EQ,INE101D01020,95.2,95.2,91.3,93.05,93.05,93.4,383623,35616124.6,4573,LEGACY
2019-08-14,IPCALAB,IPCA Laboratories,EQ,INE571A01020,942.0,949.0,929.0,938.55,940.0,934.15,48482,45585212.5,5750,LEGACY
2019-08-14,JBCHEPHARM,JB Chemicals & Pharmaceuticals,EQ,INE572A01028,378.0,380.9,372.6,375.45,375.05,374.35,78627,29493575.35,1767,LEGACY
2019-08-14,LAURUSLABS,Laurus Labs,EQ,INE947Q01010,335.1,343.9,335.1,341.8,340.6,337.65,11813,3988520.65,841,LEGACY
2019-08-14,LUPIN,Lupin,EQ,INE326A01037,747.0,749.8,722.05,734.3,734.0,748.25,1745944,1275425720.75,37533,LEGACY
2019-08-14,NATCOPHARM,Natco Pharma,EQ,INE987B01026,546.0,552.7,540.0,550.95,549.15,547.95,100988,55443796.15,9281,LEGACY
2019-08-14,PEL,Piramal Enterprises,EQ,INE140A01024,1770.0,1776.8,1720.0,1765.45,1764.2,1723.9,936724,1644039178.0,37712,LEGACY
2019-08-14,PFIZER,Pfizer,EQ,INE182A01018,3062.0,3072.0,2990.05,3013.9,3001.05,3064.4,15241,46090533.0,3580,LEGACY
2019-08-14,SANOFI,Sanofi India,EQ,INE058A01010,6211.0,6319.95,6211.0,6296.4,6281.05,6260.45,4929,30997673.3,2097,LEGACY
2019-08-14,STAR,Strides Pharma Science,EQ,INE939A01011,417.0,420.45,400.05,412.8,412.05,417.15,1064772,435333156.95,20845,LEGACY
2019-08-14,SUNPHARMA,Sun Pharmaceutical Industries,EQ,INE044A01036,440.0,441.0,408.05,417.15,416.5,439.25,16173302,6760844325.45,207289,LEGACY
2019-08-14,TORNTPHARM,Torrent Pharmaceuticals,EQ,INE685A01028,1669.95,1696.2,1631.4,1686.1,1690.5,1653.95,324797,544182670.75,15102,LEGACY
2019-08-14,WOCKPHARMA,Wockhardt,EQ,INE049B01025,288.75,294.9,280.0,288.5,285.0,287.45,1024739,295898181.55,24515,LEGACY
2019-08-16,ABBOTINDIA,Abbott India,EQ,INE358A01014,9147.5,9198.8,9095.0,9114.25,9140.0,9147.5,6541,59726457.85,1956,LEGACY
2019-08-16,AJANTPHARM,Ajanta Pharma,EQ,INE031B01049,965.1,1009.0,961.05,997.0,1002.0,981.9,165901,163737096.6,8759,LEGACY
2019-08-16,ALKEM,Alkem Laboratories,EQ,INE540L01014,1768.45,1781.35,1754.95,1761.85,1756.0,1767.2,71086,125607908.3,3770,LEGACY
2019-08-16,APLLTD,Alembic Pharmaceuticals,EQ,INE901L01018,523.4,526.15,512.3,514.15,513.2,523.45,26798,13920869.2,2046,LEGACY
2019-08-16,AUROPHARMA,Aurobindo Pharma,EQ,INE406A01037,605.0,611.9,595.15,602.3,601.9,605.5,1924983,1157444643.7,46346,LEGACY
2019-08-16,BIOCON,Biocon,EQ,INE376G01013,225.1,231.45,224.0,228.0,229.1,232.45,4433182,1004600388.5,72132,LEGACY
2019-08-16,CADILAHC,Cadila Healthcare,EQ,INE010B01027,218.0,219.0,214.75,217.75,216.95,218.0,1616550,350910780.05,27097,LEGACY
2019-08-16,CIPLA,Cipla,EQ,INE059A01026,477.0,483.4,474.5,476.1,477.0,478.3,1279325,611456552.45,42279,LEGACY
2019-08-16,DIVISLAB,Divi's Laboratories,EQ,INE361B01024,1522.5,1522.5,1490.25,1507.3,1499.1,1531.9,913721,1373346813.6,49727,LEGACY
2019-08-16,DRREDDY,Dr. Reddy's Laboratories,EQ,INE089A01023,2529.0,2529.0,2465.0,2492.55,2491.1,2511.95,797845,1981231647.05,51627,LEGACY
2019-08-16,GLAXO,GlaxoSmithKline Pharmaceuticals,EQ,INE159A01016,1208.0,1218.75,1196.0,1213.25,1210.0,1208.4,61631,74439042.45,4690,LEGACY
2019-08-16,GLENMARK,Glenmark Pharmaceuticals,EQ,INE935A01035,379.95,381.9,356.2,361.15,359.0,384.2,4823411,1752664813.05,85403,LEGACY
2019-08-16,GRANULES,Granules India,EQ,INE101D01020,93.1,95.5,92.0,93.9,93.35,93.05,395579,37079067.4,6151,LEGACY
2019-08-16,IPCALAB,IPCA Laboratories,EQ,INE571A01020,937.0,948.0,930.1,938.45,939.75,938.55,318214,297998686.7,21033,LEGACY
2019-08-16,JBCHEPHARM,JB Chemicals & Pharmaceuticals,EQ,INE572A01028,375.45,377.9,374.0,375.9,375.5,375.45,23045,8653942.4,422,LEGACY
2019-08-16,LAURUSLABS,Laurus Labs,EQ,INE947Q01010,345.0,345.0,331.5,337.9,336.1,341.8,12667,4257988.8,1079,LEGACY
2019-08-16,LUPIN,Lupin,EQ,INE326A01037,734.0,734.6,722.25,729.3,727.5,734.3,1076059,782704450.55,31034,LEGACY
2019-08-16,NATCOPHARM,Natco Pharma,EQ,INE987B01026,547.5,549.0,536.8,544.3,543.5,550.95,73658,40074562.85,18106,LEGACY
2019-08-16,PEL,Piramal Enterprises,EQ,INE140A01024,1764.7,1810.0,1750.05,1782.3,1784.0,1765.45,913468,1630448205.75,42901,LEGACY
2019-08-16,PFIZER,Pfizer,EQ,INE182A01018,3001.2,3020.0,2932.1,3002.65,3002.0,3013.9,18711,55856472.35,5764,LEGACY
2019-08-16,SANOFI,Sanofi India,EQ,INE058A01010,6320.0,6350.0,6205.0,6299.1,6295.0,6296.4,9749,61504202.2,3815,LEGACY
2019-08-16,STAR,Strides Pharma Science,EQ,INE939A01011,411.9,416.2,400.4,412.95,412.0,412.8,1144294,466520591.05,26917,LEGACY
2019-08-16,SUNPHARMA,Sun Pharmaceutical Industries,EQ,INE044A01036,419.4,421.4,410.0,414.7,413.4,417.15,6536156,2708786522.15,111799,LEGACY
2019-08-16,TORNTPHARM,Torrent Pharmaceuticals,EQ,INE685A01028,1694.9,1694.9,1641.1,1647.8,1652.0,1686.1,180534,299528334.8,7737,LEGACY
2019-08-16,WOCKPHARMA,Wockhardt,EQ,INE049B01025,283.2,286.95,281.0,282.25,282.1,288.5,386837,109558316.4,10011,LEGACY
2019-08-19,ABBOTINDIA,Abbott India,EQ,INE358A01014,9050.85,9299.0,9050.8,9215.4,9238.0,9114.25,7905,72734534.6,2057,LEGACY
2019-08-19,AJANTPHARM,Ajanta Pharma,EQ,INE031B01049,1001.4,1015.0,963.05,976.45,972.3,997.0,248821,245770137.7,5832,LEGACY
2019-08-19,ALKEM,Alkem Laboratories,EQ,INE540L01014,1780.0,1780.0,1737.2,1753.8,1777.0,1761.85,6369,11196714.7,1585,LEGACY
2019-08-19,APLLTD,Alembic Pharmaceuticals,EQ,INE901L01018,515.0,522.85,512.55,516.4,515.0,514.15,31960,16559407.45,2617,LEGACY
2019-08-19,AUROPHARMA,Aurobindo Pharma,EQ,INE406A01037,605.0,612.55,598.25,603.8,603.7,602.3,2267964,1370326046.65,38010,LEGACY
2019-08-19,BIOCON,Biocon,EQ,INE376G01013,231.4,231.4,214.9,216.25,216.7,228.0,5925621,1307908552.8,75224,LEGACY
2019-08-19,CADILAHC,Cadila Healthcare,EQ,INE010B01027,218.95,219.4,216.75,218.75,219.1,217.75,975033,212952703.85,10679,LEGACY
2019-08-19,CIPLA,Cipla,EQ,INE059A01026,478.5,485.55,474.6,475.85,477.0,476.1,1211272,582449177.55,27175,LEGACY
2019-08-19,DIVISLAB,Divi's Laboratories,EQ,INE361B01024,1505.3,1541.15,1500.0,1518.1,1517.65,1507.3,512242,782539921.7,31806,LEGACY
2019-08-19,DRREDDY,Dr. Reddy's Laboratories,EQ,INE089A01023,2540.0,2568.95,2495.0,2509.1,2513.5,2492.55,711303,1803967809.5,37090,LEGACY
2019-08-19,GLAXO,GlaxoSmithKline Pharmaceuticals,EQ,INE159A01016,1219.0,1219.25,1205.55,1210.7,1207.5,1213.25,57637,69737924.25,5179,LEGACY
2019-08-19,GLENMARK,Glenmark Pharmaceuticals,EQ,INE935A01035,360.8,372.3,359.1,368.15,369.5,361.15,1893825,695945974.75,31657,LEGACY
2019-08-19,GRANULES,Granules India,EQ,INE101D01020,93.35,95.35,93.05,94.8,94.8,93.9,288047,27214222.45,3820,LEGACY
2019-08-19,IPCALAB,IPCA Laboratories,EQ,INE571A01020,943.8,955.0,937.0,952.9,953.0,938.45,230934,217987562.25,16657,LEGACY
2019-08-19,JBCHEPHARM,JB Chemicals & Pharmaceuticals,EQ,INE572A01028,375.9,381.4,375.9,379.3,380.5,375.9,29102,11051160.45,1681,LEGACY
2019-08-19,LAURUSLABS,Laurus Labs,EQ,INE947Q01010,335.6,341.1,332.95,339.2,338.0,337.9,7455,2513567.25,674,LEGACY
2019-08-19,LUPIN,Lupin,EQ,INE326A01037,729.3,749.4,727.5,732.0,732.95,729.3,1153038,853142594.25,31580,LEGACY
2019-08-19,NATCOPHARM,Natco Pharma,EQ,INE987B01026,538.0,552.0,538.0,545.8,542.55,544.3,110536,60582617.55,12479,LEGACY
2019-08-19,PEL,Piramal Enterprises,EQ,INE140A01024,1795.0,1825.0,1788.0,1796.5,1797.0,1782.3,791325,1429209630.65,38132,LEGACY
2019-08-19,PFIZER,Pfizer,EQ,INE182A01018,3002.6,3035.0,2971.0,2995.15,2982.0,3002.65,6450,19364045.55,1238,LEGACY
2019-08-19,SANOFI,Sanofi India,EQ,INE058A01010,6348.6,6348.6,6216.7,6238.75,6232.0,6299.1,1957,12255537.75,703,LEGACY
2019-08-19,STAR,Strides Pharma Science,EQ,INE939A01011,413.5,414.9,402.55,406.0,405.0,412.95,944118,383991884.4,26599,LEGACY
2019-08-19,SUNPHARMA,Sun Pharmaceutical Industries,EQ,INE044A01036,424.75,434.2,421.0,426.0,426.0,414.7,11584821,4947424996.85,159019,LEGACY
2019-08-19,TORNTPHARM,Torrent Pharmaceuticals,EQ,INE685A01028,1647.8,1750.0,1647.8,1655.1,1656.1,1647.8,129085,214401762.9,7758,LEGACY
2019-08-19,WOCKPHARMA,Wockhardt,EQ,INE049B01025,283.0,287.5,276.4,279.25,279.0,282.25,563377,158906771.9,11634,LEGACY
2019-08-20,ABBOTINDIA,Abbott India,EQ,INE358A01014,9196.95,9269.55,8905.0,8986.05,8941.0,9215.4,23933,218991240.3,2699,LEGACY
2019-08-20,AJANTPHARM,Ajanta Pharma,EQ,INE031B01049,976.0,981.95,942.25,950.65,944.4,976.45,101707,97657816.45,6658,LEGACY
2019-08-20,ALKEM,Alkem Laboratories,EQ,INE540L01014,1775.0,1798.45,1731.3,1771.4,1790.0,1753.8,15718,27530096.45,2263,LEGACY
2019-08-20,APLLTD,Alembic Pharmaceuticals,EQ,INE901L01018,516.0,520.05,505.15,509.9,511.0,516.4,12931,6626488.5,1140,LEGACY
2019-08-20,AUROPHARMA,Aurobindo Pharma,EQ,INE406A01037,606.75,606.75,592.95,600.25,598.0,603.8,1739942,1043160916.9,32993,LEGACY
2019-08-20,BIOCON,Biocon,EQ,INE376G01013,215.0,220.45,211.05,218.2,217.85,216.25,10072138,2177580655.5,90763,LEGACY
2019-08-20,CADILAHC,Cadila Healthcare,EQ,INE010B01027,219.85,220.0,214.4,219.35,219.2,218.75,2018235,440483658.0,12332,LEGACY
2019-08-20,CIPLA,Cipla,EQ,INE059A01026,478.85,481.7,470.55,478.7,478.7,475.85,1606901,764058183.9,47096,LEGACY
2019-08-20,DIVISLAB,Divi's Laboratories,EQ,INE361B01024,1518.1,1541.95,1516.2,1522.15,1517.1,1518.1,382353,584619081.05,26665,LEGACY
2019-08-20,DRREDDY,Dr. Reddy's Laboratories,EQ,INE089A01023,2524.75,2564.45,2515.5,2554.6,2553.0,2509.1,609510,1549752170.7,32490,LEGACY
2019-08-20,GLAXO,GlaxoSmithKline Pharmaceuticals,EQ,INE159A01016,1206.6,1210.95,1203.6,1207.2,1205.0,1210.7,50289,60708901.5,5535,LEGACY
2019-08-20,GLENMARK,Glenmark Pharmaceuticals,EQ,INE935A01035,370.0,375.85,365.8,374.2,373.5,368.15,1538093,572480999.6,24614,LEGACY
2019-08-20,GRANULES,Granules India,EQ,INE101D01020,94.8,95.45,93.0,93.5,93.6,94.8,232692,21914002.6,3831,LEGACY
2019-08-20,IPCALAB,IPCA Laboratories,EQ,INE571A01020,951.9,970.0,945.4,967.95,969.2,952.9,166105,159545687.15,14209,LEGACY
2019-08-20,JBCHEPHARM,JB Chemicals & Pharmaceuticals,EQ,INE572A01028,378.55,382.9,377.0,380.05,380.0,379.3,40626,15426028.75,1164,LEGACY
2019-08-20,LAURUSLABS,Laurus Labs,EQ,INE947Q01010,336.05,339.8,335.5,337.6,337.2,339.2,9865,3324620.45,529,LEGACY
2019-08-20,LUPIN,Lupin,EQ,INE326A01037,736.55,742.25,728.25,736.15,736.2,732.0,923789,679357517.7,19396,LEGACY
2019-08-20,NATCOPHARM,Natco Pharma,EQ,INE987B01026,549.8,555.0,543.0,548.2,548.95,545.8,972888,534997789.05,5640,LEGACY
2019-08-20,PEL,Piramal Enterprises,EQ,INE140A01024,1802.0,1808.0,1746.4,1780.6,1787.0,1796.5,806095,1433006502.45,33623,LEGACY
2019-08-20,PFIZER,Pfizer,EQ,INE182A01018,2985.0,2989.2,2892.0,2913.4,2910.0,2995.15,32501,94819321.05,6301,LEGACY
2019-08-20,SANOFI,Sanofi India,EQ,INE058A01010,6211.0,6249.0,6110.0,6127.45,6121.0,6238.75,992,6119933.8,501,LEGACY
2019-08-20,STAR,Strides Pharma Science,EQ,INE939A01011,408.4,408.45,387.6,391.25,389.0,406.0,1335922,527324990.75,27059,LEGACY
2019-08-20,SUNPHARMA,Sun Pharmaceutical Industries,EQ,INE044A01036,426.0,426.5,417.3,420.9,420.8,426.0,5151625,2171945238.0,72097,LEGACY
2019-08-20,TORNTPHARM,Torrent Pharmaceuticals,EQ,INE685A01028,1665.4,1668.7,1627.55,1659.15,1655.1,1655.1,170004,280686855.25,9396,LEGACY
2019-08-20,WOCKPHARMA,Wockhardt,EQ,INE049B01025,279.4,280.8,273.1,275.15,274.0,279.25,319264,88252999.4,12000,LEGACY
2019-08-21,ABBOTINDIA,Abbott India,EQ,INE358A01014,8956.6,9114.0,8900.1,9001.1,8952.4,8986.05,51632,465999996.85,2864,LEGACY
2019-08-21,AJANTPHARM,Ajanta Pharma,EQ,INE031B01049,947.55,954.8,938.6,948.25,951.0,950.65,103670,98102452.7,5745,LEGACY
2019-08-21,ALKEM,Alkem Laboratories,EQ,INE540L01014,1789.95,1800.0,1708.0,1745.4,1720.0,1771.4,41815,73381556.85,3138,LEGACY
2019-08-21,APLLTD,Alembic Pharmaceuticals,EQ,INE901L01018,518.0,525.55,491.0,499.0,500.0,509.9,130120,66912682.25,3962,LEGACY
2019-08-21,AUROPHARMA,Aurobindo Pharma,EQ,INE406A01037,599.1,601.3,587.4,589.5,590.0,600.25,1292240,767706981.95,27429,LEGACY
2019-08-21,BIOCON,Biocon,EQ,INE376G01013,220.95,227.0,219.3,223.45,224.0,218.2,9297994,2078264800.1,93205,LEGACY
2019-08-21,CADILAHC,Cadila Healthcare,EQ,INE010B01027,218.05,220.3,211.1,214.15,212.1,219.35,1043656,226076434.4,10835,LEGACY
2019-08-21,CIPLA,Cipla,EQ,INE059A01026,478.6,479.0,466.95,468.05,467.9,478.7,1065506,501894407.8,19563,LEGACY
2019-08-21,DIVISLAB,Divi's Laboratories,EQ,INE361B01024,1524.0,1541.0,1516.15,1533.1,1540.0,1522.15,461174,707248514.05,39533,LEGACY
2019-08-21,DRREDDY,Dr. Reddy's Laboratories,EQ,INE089A01023,2500.0,2526.9,2491.0,2503.0,2502.5,2554.6,850994,2135046621.75,40628,LEGACY
2019-08-21,GLAXO,GlaxoSmithKline Pharmaceuticals,EQ,INE159A01016,1207.2,1248.0,1199.2,1210.85,1203.0,1207.2,31459,37987752.55,3575,LEGACY
2019-08-21,GLENMARK,Glenmark Pharmaceuticals,EQ,INE935A01035,374.7,377.15,360.9,363.1,363.5,374.2,1219825,454194482.85,34714,LEGACY
2019-08-21,GRANULES,Granules India,EQ,INE101D01020,93.95,94.35,90.25,91.6,91.4,93.5,375145,34591343.3,3857,LEGACY
2019-08-21,IPCALAB,IPCA Laboratories,EQ,INE571A01020,963.25,970.0,932.5,938.95,946.0,967.95,105759,100752009.25,11592,LEGACY
2019-08-21,JBCHEPHARM,JB Chemicals & Pharmaceuticals,EQ,INE572A01028,381.95,382.6,379.0,380.0,380.4,380.05,26003,9906846.45,1418,LEGACY
2019-08-21,LAURUSLABS,Laurus Labs,EQ,INE947Q01010,336.0,339.75,331.85,334.7,334.6,337.6,15026,5044598.65,786,LEGACY
2019-08-21,LUPIN,Lupin,EQ,INE326A01037,739.0,741.5,730.85,735.2,735.0,736.15,935198,688056508.85,15690,LEGACY
2019-08-21,NATCOPHARM,Natco Pharma,EQ,INE987B01026,550.0,554.9,538.0,540.0,540.0,548.2,67292,36464770.75,4738,LEGACY
2019-08-21,PEL,Piramal Enterprises,EQ,INE140A01024,1788.0,1799.0,1757.0,1782.8,1782.0,1780.6,642151,1144618792.9,25239,LEGACY
2019-08-21,PFIZER,Pfizer,EQ,INE182A01018,2900.0,2958.05,2900.0,2905.85,2907.0,2913.4,41580,121191938.9,4396,LEGACY
2019-08-21,SANOFI,Sanofi India,EQ,INE058A01010,6175.0,6270.0,6080.0,6107.2,6096.0,6127.45,42663,265883824.05,1674,LEGACY
2019-08-21,STAR,Strides Pharma Science,EQ,INE939A01011,389.85,395.9,384.4,385.75,385.8,391.25,1200092,467691892.5,18413,LEGACY
2019-08-21,SUNPHARMA,Sun Pharmaceutical Industries,EQ,INE044A01036,421.0,425.85,413.6,417.0,415.65,420.9,5120294,2145184872.0,74961,LEGACY
2019-08-21,TORNTPHARM,Torrent Pharmaceuticals,EQ,INE685A01028,1655.0,1678.2,1647.5,1670.2,1669.95,1659.15,274524,457892131.5,15849,LEGACY
2019-08-21,WOCKPHARMA,Wockhardt,EQ,INE049B01025,274.9,274.9,253.65,255.5,253.7,275.15,649362,170784205.7,13450,LEGACY
2019-08-22,ABBOTINDIA,Abbott India,EQ,INE358A01014,9015.0,9061.1,8800.0,8805.55,8800.0,9001.1,8880,79343277.6,1674,LEGACY
2019-08-22,AJANTPHARM,Ajanta Pharma,EQ,INE031B01049,951.0,967.0,931.0,963.2,961.9,948.25,92379,87701619.15,7763,LEGACY
2019-08-22,ALKEM,Alkem Laboratories,BL,INE540L01014,1708.45,1708.5,1708.45,1708.45,1708.5,1836.1,3660000,6252937000.0,6,LEGACY
2019-08-22,ALKEM,Alkem Laboratories,EQ,INE540L01014,1734.3,1799.0,1716.5,1753.75,1742.0,1745.4,165060,286344667.85,6469,LEGACY
2019-08-22,APLLTD,Alembic Pharmaceuticals,EQ,INE901L01018,499.0,505.15,496.0,500.6,501.65,499.0,20734,10394700.75,1334,LEGACY
2019-08-22,AUROPHARMA,Aurobindo Pharma,EQ,INE406A01037,589.5,600.7,583.85,590.8,589.2,589.5,1979062,1171624983.0,40815,LEGACY
2019-08-22,BIOCON,Biocon,EQ,INE376G01013,224.7,226.25,218.05,221.9,221.9,223.45,6412842,1427111381.45,76620,LEGACY
2019-08-22,CADILAHC,Cadila Healthcare,EQ,INE010B01027,210.0,217.3,206.5,213.85,212.65,214.15,2368701,502486532.35,35162,LEGACY
2019-08-22,CIPLA,Cipla,EQ,INE059A01026,464.9,469.95,460.6,464.0,462.0,468.05,1398888,650294743.05,28837,LEGACY
2019-08-22,DIVISLAB,Divi's Laboratories,EQ,INE361B01024,1537.6,1576.3,1531.5,1568.5,1569.0,1533.1,604653,942832858.05,29071,LEGACY
2019-08-22,DRREDDY,Dr. Reddy's Laboratories,EQ,INE089A01023,2503.0,2560.0,2503.0,2545.4,2533.05,2503.0,529785,1347467884.7,35543,LEGACY
2019-08-22,GLAXO,GlaxoSmithKline Pharmaceuticals,EQ,INE159A01016,1210.0,1219.0,1197.6,1205.15,1199.9,1210.85,34312,41471616.65,3133,LEGACY
2019-08-22,GLENMARK,Glenmark Pharmaceuticals,EQ,INE935A01035,363.5,365.65,356.3,359.9,361.4,363.1,1002173,362332878.6,20881,LEGACY
2019-08-22,GRANULES,Granules India,EQ,INE101D01020,91.45,92.6,87.95,88.55,88.8,91.6,443983,39858477.65,5145,LEGACY
2019-08-22,IPCALAB,IPCA Laboratories,EQ,INE571A01020,940.0,964.95,940.0,959.05,959.0,938.95,137563,131912076.5,19232,LEGACY
2019-08-22,JBCHEPHARM,JB Chemicals & Pharmaceuticals,EQ,INE572A01028,380.05,382.0,378.25,380.0,378.3,380.0,109039,41464737.15,2903,LEGACY
2019-08-22,LAURUSLABS,Laurus Labs,EQ,INE947Q01010,334.1,336.9,325.0,330.3,325.0,334.7,13964,4642977.45,786,LEGACY
2019-08-22,LUPIN,Lupin,EQ,INE326A01037,735.3,746.0,730.55,737.35,736.0,735.2,1029795,762123354.1,27703,LEGACY
2019-08-22,NATCOPHARM,Natco Pharma,EQ,INE987B01026,535.3,545.6,528.95,543.05,535.5,540.0,102834,55214438.55,8714,LEGACY
2019-08-22,PEL,Piramal Enterprises,EQ,INE140A01024,1777.0,1784.95,1710.85,1724.5,1724.0,1782.8,789524,1388478277.95,29660,LEGACY
2019-08-22,PFIZER,Pfizer,EQ,INE182A01018,2905.05,2905.05,2860.05,2879.35,2876.75,2905.85,10428,30028396.2,2214,LEGACY
2019-08-22,SANOFI,Sanofi India,EQ,INE058A01010,6149.95,6177.0,5926.1,5981.9,5931.2,6107.2,3203,19346230.4,1362,LEGACY
2019-08-22,STAR,Strides Pharma Science,EQ,INE939A01011,375.9,384.95,370.1,377.15,375.75,385.75,960529,362998112.25,18955,LEGACY
2019-08-22,SUNPHARMA,Sun Pharmaceutical Industries,EQ,INE044A01036,416.7,420.75,408.5,414.55,413.0,417.0,5299316,2199829453.65,94123,LEGACY
2019-08-22,TORNTPHARM,Torrent Pharmaceuticals,EQ,INE685A01028,1678.45,1682.0,1650.55,1674.85,1672.0,1670.2,230779,385374700.4,12176,LEGACY
2019-08-22,WOCKPHARMA,Wockhardt,EQ,INE049B01025,255.4,260.15,250.2,254.2,254.55,255.5,573225,146311215.5,15876,LEGACY
2019-08-23,ABBOTINDIA,Abbott India,EQ,INE358A01014,8899.5,8899.5,8700.0,8790.85,8869.0,8805.55,13284,116482499.55,2425,LEGACY
2019-08-23,AJANTPHARM,Ajanta Pharma,EQ,INE031B01049,955.7,970.0,944.0,963.85,962.2,963.2,63715,60967955.85,3503,LEGACY
2019-08-23,ALKEM,Alkem Laboratories,EQ,INE540L01014,1775.0,1800.0,1750.55,1772.35,1772.0,1753.75,37895,67527186.65,4654,LEGACY
2019-08-23,APLLTD,Alembic Pharmaceuticals,EQ,INE901L01018,502.5,505.0,494.0,500.7,500.9,500.6,14753,7399599.6,939,LEGACY
2019-08-23,AUROPHARMA,Aurobindo Pharma,EQ,INE406A01037,592.3,605.8,585.1,598.25,600.0,590.8,2321620,1388976594.2,70207,LEGACY
2019-08-23,BIOCON,Biocon,EQ,INE376G01013,222.0,225.2,215.05,224.15,224.2,221.9,4049142,893699541.45,42725,LEGACY
2019-08-23,CADILAHC,Cadila Healthcare,EQ,INE010B01027,212.1,222.15,209.4,220.4,220.4,213.85,1607869,345478085.05,13060,LEGACY
2019-08-23,CIPLA,Cipla,EQ,INE059A01026,464.0,467.35,449.2,465.9,464.15,464.0,2217428,1019585795.9,39853,LEGACY
2019-08-23,DIVISLAB,Divi's Laboratories,EQ,INE361B01024,1564.95,1577.45,1540.55,1571.6,1571.0,1568.5,469022,732319828.9,40431,LEGACY
2019-08-23,DRREDDY,Dr. Reddy's Laboratories,EQ,INE089A01023,2545.1,2560.65,2524.0,2541.25,2547.0,2545.4,572710,1455926059.85,63270,LEGACY
2019-08-23,GLAXO,GlaxoSmithKline Pharmaceuticals,EQ,INE159A01016,1205.0,1217.65,1196.0,1210.5,1204.0,1205.15,28720,34649636.2,3470,LEGACY
2019-08-23,GLENMARK,Glenmark Pharmaceuticals,EQ,INE935A01035,361.9,370.4,353.5,368.15,368.4,359.9,1190796,431705924.25,26813,LEGACY
2019-08-23,GRANULES,Granules India,EQ,INE101D01020,88.55,89.85,87.0,87.95,88.2,88.55,379713,33635977.45,3972,LEGACY
2019-08-23,IPCALAB,IPCA Laboratories,EQ,INE571A01020,961.35,963.0,947.2,957.75,959.0,959.05,197809,189526090.0,14054,LEGACY
2019-08-23,JBCHEPHARM,JB Chemicals & Pharmaceuticals,EQ,INE572A01028,380.1,380.1,370.7,374.3,374.1,380.0,27102,10133528.95,1738,LEGACY
2019-08-23,LAURUSLABS,Laurus Labs,EQ,INE947Q01010,328.45,335.0,326.95,331.35,331.9,330.3,12520,4161905.85,611,LEGACY
2019-08-23,LUPIN,Lupin,EQ,INE326A01037,736.0,745.0,711.55,738.65,739.0,737.35,1197914,873616967.9,30459,LEGACY
2019-08-23,NATCOPHARM,Natco Pharma,EQ,INE987B01026,535.5,555.0,529.3,546.35,544.2,543.05,136240,73933764.85,7109,LEGACY
2019-08-23,PEL,Piramal Enterprises,EQ,INE140A01024,1720.0,1790.0,1700.0,1779.95,1780.0,1724.5,870022,1522381760.7,35365,LEGACY
2019-08-23,PFIZER,Pfizer,EQ,INE182A01018,2856.0,2910.85,2792.25,2900.2,2900.0,2879.35,14177,40497165.65,4286,LEGACY
2019-08-23,SANOFI,Sanofi India,EQ,INE058A01010,5880.0,6099.0,5880.0,6042.45,6075.0,5981.9,2441,14608826.3,1306,LEGACY
2019-08-23,STAR,Strides Pharma Science,EQ,INE939A01011,377.15,380.9,366.85,376.3,376.95,377.15,831609,312164993.65,17408,LEGACY
2019-08-23,SUNPHARMA,Sun Pharmaceutical Industries,EQ,INE044A01036,415.0,429.95,408.9,427.8,427.9,414.55,5479802,2306093152.55,85076,LEGACY
2019-08-23,TORNTPHARM,Torrent Pharmaceuticals,EQ,INE685A01028,1673.7,1684.75,1628.2,1659.6,1659.9,1674.85,249479,413527743.65,10574,LEGACY
2019-08-23,WOCKPHARMA,Wockhardt,EQ,INE049B01025,253.7,260.9,248.05,254.65,253.1,254.2,543385,138577268.85,14675,LEGACY
2019-08-26,ABBOTINDIA,Abbott India,EQ,INE358A01014,8899.0,9275.0,8840.0,9230.65,9248.0,8790.85,7374,66825650.15,3445,LEGACY
2019-08-26,AJANTPHARM,Ajanta Pharma,EQ,INE031B01049,962.2,974.0,945.8,951.85,951.0,963.85,62441,59796714.55,4345,LEGACY
2019-08-26,ALKEM,Alkem Laboratories,EQ,INE540L01014,1772.0,1814.9,1770.0,1789.6,1783.0,1772.35,36482,65142591.25,3637,LEGACY
2019-08-26,APLLTD,Alembic Pharmaceuticals,EQ,INE901L01018,506.0,509.0,495.95,500.8,501.0,500.7,29291,14704805.25,1955,LEGACY
2019-08-26,AUROPHARMA,Aurobindo Pharma,EQ,INE406A01037,604.8,607.0,588.85,590.0,591.1,598.25,2170014,1292827189.75,39860,LEGACY
2019-08-26,BIOCON,Biocon,EQ,INE376G01013,228.0,228.0,216.8,221.95,221.8,224.15,4012642,885178159.05,39292,LEGACY
2019-08-26,CADILAHC,Cadila Healthcare,EQ,INE010B01027,222.0,223.65,214.8,219.45,220.0,220.4,1650360,360627457.95,16236,LEGACY
2019-08-26,CIPLA,Cipla,EQ,INE059A01026,468.1,470.95,454.9,466.55,467.0,465.9,2158865,1000981581.55,36079,LEGACY
2019-08-26,DIVISLAB,Divi's Laboratories,EQ,INE361B01024,1575.0,1625.0,1568.05,1620.05,1624.5,1571.6,635005,1016911726.15,21560,LEGACY
2019-08-26,DRREDDY,Dr. Reddy's Laboratories,EQ,INE089A01023,2559.95,2585.0,2542.05,2567.2,2570.0,2541.25,435006,1115756589.6,22683,LEGACY
2019-08-26,GLAXO,GlaxoSmithKline Pharmaceuticals,EQ,INE159A01016,1216.2,1218.0,1200.05,1206.95,1205.35,1210.5,25447,30719892.6,3518,LEGACY
2019-08-26,GLENMARK,Glenmark Pharmaceuticals,EQ,INE935A01035,368.0,380.8,359.4,378.25,378.0,368.15,824461,306137178.9,19197,LEGACY
2019-08-26,GRANULES,Granules India,EQ,INE101D01020,90.9,92.4,86.3,91.75,92.05,87.95,710577,63492120.2,6628,LEGACY
2019-08-26,IPCALAB,IPCA Laboratories,EQ,INE571A01020,963.9,977.0,951.0,973.35,975.0,957.75,208386,200764998.75,13662,LEGACY
2019-08-26,JBCHEPHARM,JB Chemicals & Pharmaceuticals,EQ,INE572A01028,382.3,382.3,374.1,375.2,374.1,374.3,12811,4819666.0,1281,LEGACY
2019-08-26,LAURUSLABS,Laurus Labs,EQ,INE947Q01010,335.1,339.9,328.8,330.95,330.25,331.35,13116,4347317.25,1321,LEGACY
2019-08-26,LUPIN,Lupin,EQ,INE326A01037,745.0,757.8,735.0,747.2,754.5,738.65,1501240,1123471594.95,50369,LEGACY
2019-08-26,NATCOPHARM,Natco Pharma,EQ,INE987B01026,549.35,560.9,533.5,545.35,537.8,546.35,333953,184971729.1,10811,LEGACY
2019-08-26,PEL,Piramal Enterprises,EQ,INE140A01024,1820.0,1908.85,1803.9,1881.4,1893.0,1779.95,1313843,2429108171.25,64444,LEGACY
2019-08-26,PFIZER,Pfizer,EQ,INE182A01018,2920.0,2937.1,2864.45,2903.65,2900.0,2900.2,10637,30875969.3,3686,LEGACY
2019-08-26,SANOFI,Sanofi India,EQ,INE058A01010,6175.0,6175.0,5922.05,5999.5,5932.05,6042.45,59739,358347471.1,2542,LEGACY
2019-08-26,STAR,Strides Pharma Science,EQ,INE939A01011,378.15,394.8,369.65,389.7,388.3,376.3,1198338,461838468.05,22233,LEGACY
2019-08-26,SUNPHARMA,Sun Pharmaceutical Industries,EQ,INE044A01036,428.0,429.8,415.1,419.35,418.95,427.8,6258106,2628224042.05,74984,LEGACY
2019-08-26,TORNTPHARM,Torrent Pharmaceuticals,EQ,INE685A01028,1674.85,1697.9,1653.9,1677.95,1673.25,1659.6,166518,279874537.65,8348,LEGACY
2019-08-26,WOCKPHARMA,Wockhardt,EQ,INE049B01025,258.0,258.95,250.1,254.1,253.2,254.65,526584,134405476.0,14049,LEGACY
2019-08-27,ABBOTINDIA,Abbott India,EQ,INE358A01014,9239.85,9284.95,9067.25,9142.95,9110.0,9230.65,6641,61155821.85,1212,LEGACY
2019-08-27,AJANTPHARM,Ajanta Pharma,EQ,INE031B01049,958.65,975.5,942.6,948.65,947.0,951.85,115337,110649307.45,8239,LEGACY
2019-08-27,ALKEM,Alkem Laboratories,EQ,INE540L01014,1789.6,1834.75,1785.0,1826.9,1825.0,1789.6,38617,69940923.05,4996,LEGACY
2019-08-27,APLLTD,Alembic Pharmaceuticals,EQ,INE901L01018,505.0,508.0,498.0,500.3,500.0,500.8,24848,12474346.65,1504,LEGACY
2019-08-27,AUROPHARMA,Aurobindo Pharma,EQ,INE406A01037,592.0,598.8,585.8,588.35,587.9,590.0,2554175,1510219269.1,61174,LEGACY
2019-08-27,BIOCON,Biocon,EQ,INE376G01013,223.9,229.9,221.25,228.85,228.85,221.95,3895225,879940415.2,34000,LEGACY
2019-08-27,CADILAHC,Cadila Healthcare,EQ,INE010B01027,218.0,220.75,216.1,218.15,218.0,219.45,2015139,439711022.1,26490,LEGACY
2019-08-27,CIPLA,Cipla,EQ,INE059A01026,468.5,469.85,458.45,465.35,466.3,466.55,2992115,1389291176.85,60680,LEGACY
2019-08-27,DIVISLAB,Divi's Laboratories,EQ,INE361B01024,1625.15,1628.5,1587.75,1593.55,1596.0,1620.05,645617,1031042573.45,40992,LEGACY
2019-08-27,DRREDDY,Dr. Reddy's Laboratories,EQ,INE089A01023,2575.0,2584.0,2532.8,2540.7,2540.3,2567.2,583104,1490433283.1,55432,LEGACY
2019-08-27,GLAXO,GlaxoSmithKline Pharmaceuticals,EQ,INE159A01016,1211.9,1211.9,1192.55,1198.75,1194.65,1206.95,56420,67915444.3,3657,LEGACY
2019-08-27,GLENMARK,Glenmark Pharmaceuticals,EQ,INE935A01035,376.55,383.35,372.5,374.85,374.3,378.25,1535990,579033537.25,46271,LEGACY
2019-08-27,GRANULES,Granules India,EQ,INE101D01020,92.05,94.25,91.05,93.25,93.75,91.75,304907,28369861.65,4604,LEGACY
2019-08-27,IPCALAB,IPCA Laboratories,EQ,INE571A01020,979.9,999.0,977.5,985.05,984.95,973.35,237707,234728475.75,31948,LEGACY
2019-08-27,JBCHEPHARM,JB Chemicals & Pharmaceuticals,EQ,INE572A01028,375.5,379.75,373.7,376.9,378.0,375.2,31108,11689692.15,1406,LEGACY
2019-08-27,LAURUSLABS,Laurus Labs,EQ,INE947Q01010,329.0,334.7,326.1,327.25,327.1,330.95,21040,6950913.9,735,LEGACY
2019-08-27,LUPIN,Lupin,EQ,INE326A01037,750.95,755.9,735.85,738.85,741.0,747.2,1040863,773141094.8,36054,LEGACY
2019-08-27,NATCOPHARM,Natco Pharma,EQ,INE987B01026,542.0,553.95,538.0,541.7,543.7,545.35,117702,64348210.25,8006,LEGACY
2019-08-27,PEL,Piramal Enterprises,EQ,INE140A01024,1899.0,1962.0,1895.0,1950.0,1942.0,1881.4,1416161,2745881585.5,71933,LEGACY
2019-08-27,PFIZER,Pfizer,EQ,INE182A01018,2924.0,2948.0,2881.1,2900.25,2900.0,2903.65,15832,46043336.65,3081,LEGACY
2019-08-27,SANOFI,Sanofi India,EQ,INE058A01010,5931.0,6137.25,5901.0,5995.0,5970.0,5999.5,11527,69099501.8,2373,LEGACY
2019-08-27,STAR,Strides Pharma Science,EQ,INE939A01011,388.3,391.3,374.45,378.75,378.1,389.7,1499321,569722764.05,24884,LEGACY
2019-08-27,SUNPHARMA,Sun Pharmaceutical Industries,EQ,INE044A01036,424.05,425.45,415.1,416.75,416.75,419.35,6738413,2820719749.65,105883,LEGACY
2019-08-27,TORNTPHARM,Torrent Pharmaceuticals,EQ,INE685A01028,1680.0,1704.0,1674.8,1684.5,1684.0,1677.95,139948,236763781.9,8181,LEGACY
2019-08-27,WOCKPHARMA,Wockhardt,EQ,INE049B01025,255.0,264.25,253.25,257.1,256.25,254.1,523923,135184807.55,12929,LEGACY
2019-08-28,ABBOTINDIA,Abbott India,EQ,INE358A01014,9240.0,9247.95,9015.15,9081.1,9021.0,9142.95,28209,257434164.45,867,LEGACY
2019-08-28,AJANTPHARM,Ajanta Pharma,EQ,INE031B01049,954.85,1009.45,943.6,986.05,997.0,948.65,115371,111627711.1,6453,LEGACY
2019-08-28,ALKEM,Alkem Laboratories,EQ,INE540L01014,1800.0,1844.9,1800.0,1829.85,1833.0,1826.9,33453,61207810.5,6045,LEGACY
2019-08-28,APLLTD,Alembic Pharmaceuticals,EQ,INE901L01018,503.8,504.8,494.1,497.7,494.25,500.3,7799,3897993.6,698,LEGACY
2019-08-28,AUROPHARMA,Aurobindo Pharma,EQ,INE406A01037,590.5,601.5,585.95,591.1,590.7,588.35,2561030,1521875007.55,48387,LEGACY
2019-08-28,BIOCON,Biocon,EQ,INE376G01013,228.8,228.8,218.65,220.85,219.2,228.85,3686564,825338782.95,37010,LEGACY
2019-08-28,CADILAHC,Cadila Healthcare,EQ,INE010B01027,218.0,224.7,216.55,223.25,221.65,218.15,2576820,565642094.9,20608,LEGACY
2019-08-28,CIPLA,Cipla,EQ,INE059A01026,465.8,476.2,460.15,464.25,465.0,465.35,2193022,1029014325.35,38061,LEGACY
2019-08-28,DIVISLAB,Divi's Laboratories,EQ,INE361B01024,1593.55,1616.0,1570.0,1576.65,1583.3,1593.55,419022,665234165.55,21215,LEGACY
2019-08-28,DRREDDY,Dr. Reddy's Laboratories,EQ,INE089A01023,2557.5,2569.0,2503.45,2512.1,2512.0,2540.7,423228,1069236426.75,27352,LEGACY
2019-08-28,GLAXO,GlaxoSmithKline Pharmaceuticals,EQ,INE159A01016,1202.6,1207.0,1193.95,1201.7,1200.0,1198.75,21171,25400201.3,2160,LEGACY
2019-08-28,GLENMARK,Glenmark Pharmaceuticals,EQ,INE935A01035,376.5,381.95,371.8,378.4,377.0,374.85,769987,291064047.5,14997,LEGACY
2019-08-28,GRANULES,Granules India,EQ,INE101D01020,93.0,93.5,91.55,92.85,92.55,93.25,391959,36368800.35,4787,LEGACY
2019-08-28,IPCALAB,IPCA Laboratories,EQ,INE571A01020,991.4,993.0,922.6,932.5,929.5,985.05,323475,310608116.95,32612,LEGACY
2019-08-28,JBCHEPHARM,JB Chemicals & Pharmaceuticals,EQ,INE572A01028,373.05,377.95,373.05,376.1,377.5,376.9,43073,16176771.2,2971,LEGACY
2019-08-28,LAURUSLABS,Laurus Labs,EQ,INE947Q01010,327.0,333.5,325.0,330.4,331.2,327.25,11186,3682346.0,413,LEGACY
2019-08-28,LUPIN,Lupin,EQ,INE326A01037,742.0,751.3,725.25,732.1,731.9,738.85,823769,607424743.85,24519,LEGACY
2019-08-28,NATCOPHARM,Natco Pharma,EQ,INE987B01026,535.0,544.7,531.6,538.2,538.0,541.7,75731,40725587.9,2729,LEGACY
2019-08-28,PEL,Piramal Enterprises,EQ,INE140A01024,1942.0,1951.45,1868.55,1895.6,1892.0,1950.0,845730,1618420915.5,33746,LEGACY
2019-08-28,PFIZER,Pfizer,EQ,INE182A01018,2939.8,2939.8,2891.05,2900.1,2900.0,2900.25,10825,31403512.45,2805,LEGACY
2019-08-28,SANOFI,Sanofi India,EQ,INE058A01010,5941.0,6005.95,5902.05,5926.8,5905.0,5995.0,2130,12672372.95,869,LEGACY
2019-08-28,STAR,Strides Pharma Science,EQ,INE939A01011,378.75,385.5,370.25,373.75,374.75,378.75,701015,264742024.1,13769,LEGACY
2019-08-28,SUNPHARMA,Sun Pharmaceutical Industries,EQ,INE044A01036,416.9,421.7,411.5,413.1,412.7,416.75,3441725,1432978407.6,52277,LEGACY
2019-08-28,TORNTPHARM,Torrent Pharmaceuticals,EQ,INE685A01028,1684.5,1697.3,1661.05,1668.8,1668.0,1684.5,183948,307977164.85,7937,LEGACY
2019-08-28,WOCKPHARMA,Wockhardt,EQ,INE049B01025,256.05,259.7,250.1,252.3,251.5,257.1,350982,89480342.4,8706,LEGACY
2019-08-29,ABBOTINDIA,Abbott India,EQ,INE358A01014,9021.0,9110.0,9015.05,9090.5,9100.0,9081.1,2979,26988228.25,600,LEGACY
2019-08-29,AJANTPHARM,Ajanta Pharma,EQ,INE031B01049,992.2,1009.0,978.55,1000.9,1001.85,986.05,138295,137822951.5,5964,LEGACY
2019-08-29,ALKEM,Alkem Laboratories,EQ,INE540L01014,1829.85,1829.85,1800.0,1817.75,1815.0,1829.85,5868,10664183.2,1008,LEGACY
2019-08-29,APLLTD,Alembic Pharmaceuticals,EQ,INE901L01018,499.95,500.0,490.0,498.7,498.8,497.7,8933,4440427.95,650,LEGACY
2019-08-29,AUROPHARMA,Aurobindo Pharma,EQ,INE406A01037,591.0,596.5,583.95,591.1,591.55,591.1,1732977,1023702747.25,31147,LEGACY
2019-08-29,BIOCON,Biocon,EQ,INE376G01013,218.9,228.95,218.9,227.95,228.0,220.85,4041972,912678557.65,33655,LEGACY
2019-08-29,CADILAHC,Cadila Healthcare,EQ,INE010B01027,221.9,222.55,216.95,219.8,219.7,223.25,1306042,287730311.3,12418,LEGACY
2019-08-29,CIPLA,Cipla,EQ,INE059A01026,465.5,468.0,456.55,465.2,463.75,464.25,1410078,653927407.25,30803,LEGACY
2019-08-29,DIVISLAB,Divi's Laboratories,EQ,INE361B01024,1581.1,1634.0,1572.0,1615.0,1623.0,1576.65,479265,767941580.95,18087,LEGACY
2019-08-29,DRREDDY,Dr. Reddy's Laboratories,EQ,INE089A01023,2515.0,2535.0,2493.95,2527.8,2527.85,2512.1,504970,1271452580.0,33058,LEGACY
2019-08-29,GLAXO,GlaxoSmithKline Pharmaceuticals,EQ,INE159A01016,1196.2,1200.55,1185.05,1192.25,1191.0,1201.7,18419,21937479.9,2354,LEGACY
2019-08-29,GLENMARK,Glenmark Pharmaceuticals,EQ,INE935A01035,376.5,386.0,376.05,383.15,386.0,378.4,1477289,564609032.4,25615,LEGACY
2019-08-29,GRANULES,Granules India,EQ,INE101D01020,93.0,93.0,90.45,90.95,91.1,92.85,314488,28742842.5,4098,LEGACY
2019-08-29,IPCALAB,IPCA Laboratories,EQ,INE571A01020,937.65,948.8,905.0,938.8,945.0,932.5,374521,342086313.9,25291,LEGACY
2019-08-29,JBCHEPHARM,JB Chemicals & Pharmaceuticals,EQ,INE572A01028,371.0,380.0,371.0,377.0,378.0,376.1,100352,37802849.85,819,LEGACY
2019-08-29,LAURUSLABS,Laurus Labs,EQ,INE947Q01010,328.65,330.4,327.0,329.05,329.0,330.4,6658,2189763.35,566,LEGACY
2019-08-29,LUPIN,Lupin,EQ,INE326A01037,739.0,740.45,728.55,735.05,734.65,732.1,775980,569245564.5,21621,LEGACY
2019-08-29,NATCOPHARM,Natco Pharma,EQ,INE987B01026,542.0,544.95,535.1,540.4,538.95,538.2,65234,35200212.95,2480,LEGACY
2019-08-29,PEL,Piramal Enterprises,EQ,INE140A01024,1875.0,1999.75,1835.0,1981.6,1980.0,1895.6,1898896,3642176292.2,71489,LEGACY
2019-08-29,PFIZER,Pfizer,EQ,INE182A01018,2915.0,2918.85,2876.0,2899.6,2912.25,2900.1,7249,21028426.45,797,LEGACY
2019-08-29,SANOFI,Sanofi India,EQ,INE058A01010,5975.0,6029.95,5926.8,5961.6,5951.0,5926.8,2388,14284248.35,1166,LEGACY
2019-08-29,STAR,Strides Pharma Science,EQ,INE939A01011,375.95,380.35,365.65,371.0,370.7,373.75,1354668,504375174.1,17498,LEGACY
2019-08-29,SUNPHARMA,Sun Pharmaceutical Industries,EQ,INE044A01036,428.0,438.6,421.1,434.65,434.0,413.1,19967263,8590893304.6,222713,LEGACY
2019-08-29,TORNTPHARM,Torrent Pharmaceuticals,EQ,INE685A01028,1672.0,1694.0,1657.95,1674.95,1693.5,1668.8,115576,193131568.1,3905,LEGACY
2019-08-29,WOCKPHARMA,Wockhardt,EQ,INE049B01025,249.85,249.85,242.5,246.4,246.0,252.3,473428,116567223.0,10028,LEGACY
2019-08-30,ABBOTINDIA,Abbott India,EQ,INE358A01014,9125.0,9174.0,9055.15,9148.6,9160.0,9090.5,4001,36571858.45,702,LEGACY
2019-08-30,AJANTPHARM,Ajanta Pharma,EQ,INE031B01049,1000.9,1030.0,988.05,1022.75,1017.0,1000.9,108326,109559717.5,5714,LEGACY
2019-08-30,ALKEM,Alkem Laboratories,EQ,INE540L01014,1813.35,1830.95,1799.05,1817.7,1830.0,1817.75,22394,40738124.05,10795,LEGACY
2019-08-30,APLLTD,Alembic Pharmaceuticals,EQ,INE901L01018,500.3,501.8,495.65,497.9,498.6,498.7,7413,3696739.0,871,LEGACY
2019-08-30,AUROPHARMA,Aurobindo Pharma,EQ,INE406A01037,593.95,603.65,591.0,600.7,603.0,591.1,2574874,1540242716.8,46375,LEGACY
2019-08-30,BIOCON,Biocon,EQ,INE376G01013,227.95,237.2,224.5,235.6,235.6,227.95,3564896,825927064.85,44479,LEGACY
2019-08-30,CADILAHC,Cadila Healthcare,EQ,INE010B01027,220.8,226.4,219.0,225.25,225.8,219.8,1195227,267855752.7,13450,LEGACY
2019-08-30,CIPLA,Cipla,EQ,INE059A01026,468.0,475.2,461.45,472.45,473.0,465.2,1126818,527907714.35,32258,LEGACY
2019-08-30,DIVISLAB,Divi's Laboratories,EQ,INE361B01024,1611.6,1643.35,1601.45,1625.4,1643.35,1615.0,357258,577341114.0,21965,LEGACY
2019-08-30,DRREDDY,Dr. Reddy's Laboratories,EQ,INE089A01023,2530.2,2568.0,2513.0,2557.5,2558.15,2527.8,575277,1459249651.55,47962,LEGACY
2019-08-30,GLAXO,GlaxoSmithKline Pharmaceuticals,EQ,INE159A01016,1193.5,1222.0,1190.0,1215.2,1213.0,1192.25,62058,75094121.45,3294,LEGACY
2019-08-30,GLENMARK,Glenmark Pharmaceuticals,EQ,INE935A01035,384.9,391.75,379.8,384.3,387.1,383.15,1328650,512622568.25,29843,LEGACY
2019-08-30,GRANULES,Granules India,EQ,INE101D01020,91.0,91.6,89.5,90.45,90.2,90.95,249990,22602351.15,4109,LEGACY
2019-08-30,IPCALAB,IPCA Laboratories,EQ,INE571A01020,947.95,970.0,945.0,959.05,968.0,938.8,216878,206978570.75,12261,LEGACY
2019-08-30,JBCHEPHARM,JB Chemicals & Pharmaceuticals,EQ,INE572A01028,377.0,390.5,376.1,382.75,380.05,377.0,152177,58333380.75,2713,LEGACY
2019-08-30,LAURUSLABS,Laurus Labs,EQ,INE947Q01010,325.25,334.9,325.25,328.75,330.95,329.05,5740,1888986.85,389,LEGACY
2019-08-30,LUPIN,Lupin,EQ,INE326A01037,735.9,744.55,720.05,741.0,743.0,735.05,1509463,1103642856.15,36759,LEGACY
2019-08-30,NATCOPHARM,Natco Pharma,EQ,INE987B01026,543.9,547.75,540.0,542.05,545.0,540.4,69666,37805402.0,4351,LEGACY
2019-08-30,PEL,Piramal Enterprises,EQ,INE140A01024,1982.0,2050.0,1962.1,2030.4,2047.0,1981.6,1608790,3218979347.05,69137,LEGACY
2019-08-30,PFIZER,Pfizer,EQ,INE182A01018,2914.8,2948.0,2852.2,2925.35,2947.0,2899.6,21032,60990818.4,5742,LEGACY
2019-08-30,SANOFI,Sanofi India,EQ,INE058A01010,5990.0,6195.0,5959.5,6139.1,6179.0,5961.6,6427,39026626.6,1638,LEGACY
2019-08-30,STAR,Strides Pharma Science,EQ,INE939A01011,373.0,382.0,371.6,381.25,381.0,371.0,779101,294366478.2,14857,LEGACY
2019-08-30,SUNPHARMA,Sun Pharmaceutical Industries,EQ,INE044A01036,432.95,453.4,429.75,450.4,452.15,434.65,12308149,5452630294.25,172404,LEGACY
2019-08-30,TORNTPHARM,Torrent Pharmaceuticals,EQ,INE685A01028,1684.0,1720.0,1684.0,1707.6,1704.1,1674.95,427101,730225725.15,15115,LEGACY
2019-08-30,WOCKPHARMA,Wockhardt,EQ,INE049B01025,246.85,248.8,243.1,244.9,243.6,246.4,272182,66846475.95,7275,LEGACY
2019-09-03,ABBOTINDIA,Abbott India,EQ,INE358A01014,9150.0,9534.15,9150.0,9445.9,9435.0,9148.6,22605,213231711.45,3554,LEGACY
2019-09-03,AJANTPHARM,Ajanta Pharma,EQ,INE031B01049,1013.6,1038.0,1010.0,1019.45,1021.0,1022.75,109778,112253715.8,5229,LEGACY
2019-09-03,ALKEM,Alkem Laboratories,EQ,INE540L01014,1800.1,1850.0,1783.85,1840.4,1836.6,1817.7,13114,23914916.35,2202,LEGACY
2019-09-03,APLLTD,Alembic Pharmaceuticals,EQ,INE901L01018,488.35,499.65,488.35,493.7,491.7,497.9,11401,5634955.25,1076,LEGACY
2019-09-03,AUROPHARMA,Aurobindo Pharma,EQ,INE406A01037,603.9,616.35,601.0,605.05,602.2,600.7,3613731,2205445177.45,59983,LEGACY
2019-09-03,BIOCON,Biocon,EQ,INE376G01013,226.1,233.0,224.15,225.4,225.45,235.6,3311896,757929945.4,32792,LEGACY
2019-09-03,CADILAHC,Cadila Healthcare,EQ,INE010B01027,224.8,230.85,223.05,228.95,229.2,225.25,2155289,491514426.2,33492,LEGACY
2019-09-03,CIPLA,Cipla,EQ,INE059A01026,467.0,471.25,461.0,469.55,470.95,472.45,1564714,731101999.45,41596,LEGACY
2019-09-03,DIVISLAB,Divi's Laboratories,EQ,INE361B01024,1625.5,1659.0,1625.5,1639.45,1645.2,1625.4,697815,1148776429.55,30328,LEGACY
2019-09-03,DRREDDY,Dr. Reddy's Laboratories,EQ,INE089A01023,2558.35,2567.0,2522.8,2532.8,2526.15,2557.5,385453,982605815.3,22281,LEGACY
2019-09-03,GLAXO,GlaxoSmithKline Pharmaceuticals,EQ,INE159A01016,1225.0,1247.0,1219.0,1239.05,1238.0,1215.2,61509,76207814.75,8505,LEGACY
2019-09-03,GLENMARK,Glenmark Pharmaceuticals,EQ,INE935A01035,385.95,394.85,382.0,390.85,390.1,384.3,717621,279960312.65,17939,LEGACY
2019-09-03,GRANULES,Granules India,EQ,INE101D01020,90.0,91.45,89.4,90.1,90.4,90.45,246718,22262064.85,2400,LEGACY
2019-09-03,IPCALAB,IPCA Laboratories,EQ,INE571A01020,967.95,989.9,956.0,961.1,965.0,959.05,114359,110798358.7,13040,LEGACY
2019-09-03,JBCHEPHARM,JB Chemicals & Pharmaceuticals,EQ,INE572A01028,383.0,389.95,377.0,377.7,377.0,382.75,135504,52052436.7,1588,LEGACY
2019-09-03,LAURUSLABS,Laurus Labs,EQ,INE947Q01010,332.65,332.65,325.0,328.05,326.3,328.75,10256,3367671.4,771,LEGACY
2019-09-03,LUPIN,Lupin,EQ,INE326A01037,735.0,746.0,730.25,735.5,733.4,741.0,893057,659377120.85,21633,LEGACY
2019-09-03,NATCOPHARM,Natco Pharma,EQ,INE987B01026,541.0,546.85,538.1,542.3,539.9,542.05,31096,16850447.1,2237,LEGACY
2019-09-03,PEL,Piramal Enterprises,EQ,INE140A01024,2010.0,2015.95,1955.15,1968.5,1959.2,2030.4,988414,1962079463.9,42874,LEGACY
2019-09-03,PFIZER,Pfizer,EQ,INE182A01018,2926.1,2979.0,2905.05,2930.85,2930.0,2925.35,7024,20633905.55,1378,LEGACY
2019-09-03,SANOFI,Sanofi India,EQ,INE058A01010,6197.85,6248.0,6010.65,6137.45,6199.15,6139.1,3797,23258832.5,1227,LEGACY
2019-09-03,STAR,Strides Pharma Science,EQ,INE939A01011,379.0,385.2,376.35,379.0,379.0,381.25,573823,218493518.25,11001,LEGACY
2019-09-03,SUNPHARMA,Sun Pharmaceutical Industries,EQ,INE044A01036,450.0,456.0,434.3,439.35,438.5,450.4,9396440,4207661955.9,131154,LEGACY
2019-09-03,TORNTPHARM,Torrent Pharmaceuticals,EQ,INE685A01028,1705.9,1730.0,1690.0,1713.4,1714.1,1707.6,251539,431838197.3,10095,LEGACY
2019-09-03,WOCKPHARMA,Wockhardt,EQ,INE049B01025,242.7,244.5,235.7,238.35,238.5,244.9,279806,67301420.05,6799,LEGACY
2019-09-04,ABBOTINDIA,Abbott India,EQ,INE358A01014,9450.0,9600.0,9440.0,9508.1,9500.0,9445.9,14708,140321554.15,3158,LEGACY
2019-09-04,AJANTPHARM,Ajanta Pharma,EQ,INE031B01049,1024.95,1048.0,1015.0,1041.5,1031.1,1019.45,102192,105360676.9,8373,LEGACY
2019-09-04,ALKEM,Alkem Laboratories,EQ,INE540L01014,1880.0,1880.0,1812.0,1823.45,1812.15,1840.4,18193,33521933.15,2908,LEGACY
2019-09-04,APLLTD,Alembic Pharmaceuticals,EQ,INE901L01018,495.5,496.95,489.0,493.35,491.0,493.7,9582,4723062.95,465,LEGACY
2019-09-04,AUROPHARMA,Aurobindo Pharma,EQ,INE406A01037,606.0,606.6,588.05,599.15,596.25,605.05,1962278,1171046650.1,39905,LEGACY
2019-09-04,BIOCON,Biocon,EQ,INE376G01013,226.9,232.0,223.05,231.3,231.4,225.4,3538906,806676567.45,42868,LEGACY
2019-09-04,CADILAHC,Cadila Healthcare,EQ,INE010B01027,229.2,231.15,223.2,230.25,230.5,228.95,1614066,366937942.65,15253,LEGACY
2019-09-04,CIPLA,Cipla,EQ,INE059A01026,471.1,475.0,467.05,471.4,471.0,469.55,2339657,1101219228.95,52463,LEGACY
2019-09-04,DIVISLAB,Divi's Laboratories,EQ,INE361B01024,1648.0,1671.0,1592.05,1663.45,1662.2,1639.45,817587,1334655648.6,44836,LEGACY
2019-09-04,DRREDDY,Dr. Reddy's Laboratories,EQ,INE089A01023,2539.9,2611.55,2532.9,2602.7,2600.2,2532.8,819257,2113710098.45,50312,LEGACY
2019-09-04,GLAXO,GlaxoSmithKline Pharmaceuticals,EQ,INE159A01016,1240.0,1262.0,1232.45,1251.3,1246.0,1239.05,41381,51692876.3,4087,LEGACY
2019-09-04,GLENMARK,Glenmark Pharmaceuticals,EQ,INE935A01035,392.3,392.3,372.4,382.65,382.0,390.85,1296542,492277459.15,33679,LEGACY
2019-09-04,GRANULES,Granules India,EQ,INE101D01020,90.1,93.2,90.0,91.65,92.85,90.1,418627,38374136.75,6078,LEGACY
2019-09-04,IPCALAB,IPCA Laboratories,EQ,INE571A01020,961.1,970.4,953.85,957.9,958.0,961.1,182737,175259735.8,8229,LEGACY
2019-09-04,JBCHEPHARM,JB Chemicals & Pharmaceuticals,EQ,INE572A01028,377.0,383.95,374.05,376.4,376.4,377.7,34061,12836099.7,4496,LEGACY
2019-09-04,LAURUSLABS,Laurus Labs,EQ,INE947Q01010,326.35,329.05,321.0,325.2,326.0,328.05,4892,1592316.1,453,LEGACY
2019-09-04,LUPIN,Lupin,EQ,INE326A01037,738.0,744.8,728.3,741.95,742.0,735.5,1105451,815023788.3,29755,LEGACY
2019-09-04,NATCOPHARM,Natco Pharma,EQ,INE987B01026,535.0,543.85,535.0,542.65,542.0,542.3,25605,13885739.6,1029,LEGACY
2019-09-04,PEL,Piramal Enterprises,EQ,INE140A01024,1973.0,1990.0,1927.55,1948.8,1940.0,1968.5,1025121,1999231020.95,38340,LEGACY
2019-09-04,PFIZER,Pfizer,EQ,INE182A01018,2920.0,2980.0,2910.0,2960.95,2967.95,2930.85,5704,16878648.35,981,LEGACY
2019-09-04,SANOFI,Sanofi India,EQ,INE058A01010,6189.0,6189.0,6092.0,6129.25,6105.0,6137.45,6181,38005323.65,719,LEGACY
2019-09-04,STAR,Strides Pharma Science,EQ,INE939A01011,381.0,382.2,369.05,379.75,380.95,379.0,660168,248006011.85,12478,LEGACY
2019-09-04,SUNPHARMA,Sun Pharmaceutical Industries,EQ,INE044A01036,424.55,429.45,401.3,426.45,426.0,439.35,33952423,14139402138.55,355813,LEGACY
2019-09-04,TORNTPHARM,Torrent Pharmaceuticals,EQ,INE685A01028,1721.0,1724.1,1685.7,1690.6,1687.05,1713.4,149460,253470192.5,10332,LEGACY
2019-09-04,WOCKPHARMA,Wockhardt,EQ,INE049B01025,237.0,238.7,231.2,233.65,232.1,238.35,339175,79334002.1,9039,LEGACY
2019-09-05,ABBOTINDIA,Abbott India,EQ,INE358A01014,9570.0,9570.0,9405.0,9489.8,9500.0,9508.1,5777,54857405.95,1305,LEGACY
2019-09-05,AJANTPHARM,Ajanta Pharma,EQ,INE031B01049,1046.3,1060.0,1032.35,1039.4,1033.15,1041.5,79750,83263883.05,5045,LEGACY
2019-09-05,ALKEM,Alkem Laboratories,EQ,INE540L01014,1824.8,1851.8,1818.0,1847.4,1849.0,1823.45,10999,20254431.55,3336,LEGACY
2019-09-05,APLLTD,Alembic Pharmaceuticals,EQ,INE901L01018,495.0,496.15,491.8,494.0,492.7,493.35,6149,3035391.85,487,LEGACY
2019-09-05,AUROPHARMA,Aurobindo Pharma,EQ,INE406A01037,600.1,615.0,600.1,613.05,614.0,599.15,2171314,1322854704.65,36178,LEGACY
2019-09-05,BIOCON,Biocon,EQ,INE376G01013,232.0,232.7,227.7,229.55,228.5,231.3,2314469,531501980.5,26710,LEGACY
2019-09-05,CADILAHC,Cadila Healthcare,EQ,INE010B01027,232.0,237.7,231.05,236.05,236.0,230.25,1730107,406308508.6,19904,LEGACY
2019-09-05,CIPLA,Cipla,EQ,INE059A01026,472.0,479.75,470.6,478.4,477.1,471.4,1216510,579301813.25,44134,LEGACY
2019-09-05,DIVISLAB,Divi's Laboratories,EQ,INE361B01024,1660.3,1666.2,1633.6,1639.0,1638.0,1663.45,312286,514778490.1,34364,LEGACY
2019-09-05,DRREDDY,Dr. Reddy's Laboratories,EQ,INE089A01023,2636.75,2694.8,2636.75,2682.45,2684.95,2602.7,897710,2393009895.85,46832,LEGACY
2019-09-05,GLAXO,GlaxoSmithKline Pharmaceuticals,EQ,INE159A01016,1254.7,1259.0,1241.45,1251.9,1252.05,1251.3,21053,26346702.8,3046,LEGACY
2019-09-05,GLENMARK,Glenmark Pharmaceuticals,EQ,INE935A01035,383.1,391.8,383.1,390.0,389.3,382.65,452389,176113131.35,9175,LEGACY
2019-09-05,GRANULES,Granules India,EQ,INE101D01020,91.2,93.05,91.2,92.1,91.65,91.65,162072,14956283.95,1924,LEGACY
2019-09-05,IPCALAB,IPCA Laboratories,EQ,INE571A01020,964.7,964.7,951.0,958.2,957.1,957.9,80437,77084436.35,12601,LEGACY
2019-09-05,JBCHEPHARM,JB Chemicals & Pharmaceuticals,EQ,INE572A01028,377.0,385.0,376.1,378.0,380.05,376.4,56604,21514548.15,6041,LEGACY
2019-09-05,LAURUSLABS,Laurus Labs,EQ,INE947Q01010,325.7,337.9,325.0,335.3,336.0,325.2,37448,12480950.2,1651,LEGACY
2019-09-05,LUPIN,Lupin,EQ,INE326A01037,745.85,769.9,741.0,765.35,766.1,741.95,2637041,2006024420.6,68166,LEGACY
2019-09-05,NATCOPHARM,Natco Pharma,EQ,INE987B01026,549.0,566.8,543.1,557.4,557.1,542.65,259137,145083038.45,7564,LEGACY
2019-09-05,PEL,Piramal Enterprises,EQ,INE140A01024,1949.9,1970.0,1923.0,1938.35,1941.45,1948.8,774417,1501707128.7,31587,LEGACY
2019-09-05,PFIZER,Pfizer,EQ,INE182A01018,2950.05,3034.0,2950.05,2997.9,2975.0,2960.95,16378,49129259.55,1998,LEGACY
2019-09-05,SANOFI,Sanofi India,EQ,INE058A01010,6169.95,6280.0,6130.0,6191.1,6160.0,6129.25,6985,43076620.4,889,LEGACY
2019-09-05,STAR,Strides Pharma Science,EQ,INE939A01011,381.0,389.6,379.5,383.5,383.45,379.75,612600,235496911.4,10764,LEGACY
2019-09-05,SUNPHARMA,Sun Pharmaceutical Industries,EQ,INE044A01036,428.0,433.95,423.35,431.8,432.7,426.45,8793166,3776266451.8,128452,LEGACY
2019-09-05,TORNTPHARM,Torrent Pharmaceuticals,EQ,INE685A01028,1691.05,1733.0,1691.05,1711.75,1721.0,1690.6,128252,219883086.9,7048,LEGACY
2019-09-05,WOCKPHARMA,Wockhardt,EQ,INE049B01025,234.9,239.85,233.3,235.7,235.1,233.65,452582,106770579.6,11212,LEGACY
2019-09-06,ABBOTINDIA,Abbott India,EQ,INE358A01014,9479.9,9779.0,9470.0,9726.25,9770.0,9489.8,5567,53602792.05,1724,LEGACY
2019-09-06,AJANTPHARM,Ajanta Pharma,EQ,INE031B01049,1040.2,1040.9,1021.6,1033.1,1039.0,1039.4,108658,112221722.7,6008,LEGACY
2019-09-06,ALKEM,Alkem Laboratories,EQ,INE540L01014,1851.75,1855.0,1815.0,1835.9,1828.0,1847.4,11061,20350364.75,4640,LEGACY
2019-09-06,APLLTD,Alembic Pharmaceuticals,EQ,INE901L01018,494.45,500.0,492.3,493.7,493.3,494.0,11085,5488777.4,588,LEGACY
2019-09-06,AUROPHARMA,Aurobindo Pharma,EQ,INE406A01037,616.5,621.55,611.85,619.45,618.5,613.05,2360423,1457575579.6,57577,LEGACY
2019-09-06,BIOCON,Biocon,EQ,INE376G01013,230.55,237.0,229.35,236.45,236.0,229.55,3702650,868408635.65,44080,LEGACY
2019-09-06,CADILAHC,Cadila Healthcare,EQ,INE010B01027,236.0,240.8,233.1,238.8,238.65,236.05,1675968,399435701.0,15904,LEGACY
2019-09-06,CIPLA,Cipla,EQ,INE059A01026,479.0,482.5,473.75,474.9,474.2,478.4,1668897,795758937.3,48990,LEGACY
2019-09-06,DIVISLAB,Divi's Laboratories,EQ,INE361B01024,1645.0,1654.8,1620.95,1637.6,1637.0,1639.0,426978,699065013.4,24070,LEGACY
2019-09-06,DRREDDY,Dr. Reddy's Laboratories,EQ,INE089A01023,2684.1,2746.95,2675.05,2739.95,2730.65,2682.45,791834,2153056075.35,47686,LEGACY
2019-09-06,GLAXO,GlaxoSmithKline Pharmaceuticals,EQ,INE159A01016,1250.2,1287.85,1250.2,1278.35,1276.45,1251.9,40944,52073763.05,5035,LEGACY
2019-09-06,GLENMARK,Glenmark Pharmaceuticals,EQ,INE935A01035,389.3,393.75,382.4,390.95,389.8,390.0,675693,262473544.9,24844,LEGACY
2019-09-06,GRANULES,Granules India,EQ,INE101D01020,91.7,93.75,91.15,92.45,92.2,92.1,306769,28328303.3,2700,LEGACY
2019-09-06,IPCALAB,IPCA Laboratories,EQ,INE571A01020,957.0,963.95,931.0,935.15,932.5,958.2,189779,178567168.55,7631,LEGACY
2019-09-06,JBCHEPHARM,JB Chemicals & Pharmaceuticals,EQ,INE572A01028,378.0,382.4,375.1,379.1,379.55,378.0,31638,11938631.1,1820,LEGACY
2019-09-06,LAURUSLABS,Laurus Labs,EQ,INE947Q01010,332.3,344.1,332.3,341.05,340.0,335.3,13737,4665501.2,862,LEGACY
2019-09-06,LUPIN,Lupin,EQ,INE326A01037,769.2,774.65,757.0,773.0,772.1,765.35,1349319,1036856752.1,27948,LEGACY
2019-09-06,NATCOPHARM,Natco Pharma,EQ,INE987B01026,558.7,567.1,555.95,564.35,566.0,557.4,77518,43622847.25,3219,LEGACY
2019-09-06,PEL,Piramal Enterprises,EQ,INE140A01024,1960.0,1965.0,1859.85,1882.2,1876.05,1938.35,1253771,2373007328.0,43815,LEGACY
2019-09-06,PFIZER,Pfizer,EQ,INE182A01018,2995.8,3030.0,2982.05,3021.45,3023.9,2997.9,8010,24124411.0,1306,LEGACY
2019-09-06,SANOFI,Sanofi India,EQ,INE058A01010,6203.1,6241.95,6124.0,6181.2,6124.0,6191.1,2538,15710553.9,710,LEGACY
2019-09-06,STAR,Strides Pharma Science,EQ,INE939A01011,384.6,393.95,382.3,392.55,392.3,383.5,615584,239660268.5,10352,LEGACY
2019-09-06,SUNPHARMA,Sun Pharmaceutical Industries,EQ,INE044A01036,416.7,427.2,414.45,425.1,425.0,431.8,12513040,5264867282.75,142052,LEGACY
2019-09-06,TORNTPHARM,Torrent Pharmaceuticals,EQ,INE685A01028,1714.0,1749.65,1714.0,1739.15,1743.9,1711.75,215030,373672198.6,10994,LEGACY
2019-09-06,WOCKPHARMA,Wockhardt,EQ,INE049B01025,236.9,242.0,234.6,238.8,237.55,235.7,403717,96356759.45,10026,LEGACY
2019-09-09,ABBOTINDIA,Abbott India,EQ,INE358A01014,9675.0,9999.0,9675.0,9944.4,9950.0,9726.25,13588,134771931.75,3465,LEGACY
2019-09-09,AJANTPHARM,Ajanta Pharma,EQ,INE031B01049,1033.1,1055.65,990.0,1015.9,1005.1,1033.1,169480,176196561.05,6448,LEGACY
2019-09-09,ALKEM,Alkem Laboratories,EQ,INE540L01014,1829.0,1829.0,1795.0,1800.0,1800.9,1835.9,113497,204511763.45,2018,LEGACY
2019-09-09,APLLTD,Alembic Pharmaceuticals,EQ,INE901L01018,494.95,498.9,493.6,497.7,497.1,493.7,6782,3367886.35,379,LEGACY
2019-09-09,AUROPHARMA,Aurobindo Pharma,EQ,INE406A01037,620.0,627.8,616.7,625.75,624.4,619.45,2147540,1337704921.2,32817,LEGACY
2019-09-09,BIOCON,Biocon,EQ,INE376G01013,236.95,237.2,232.0,233.45,232.7,236.45,2259752,529012904.25,28294,LEGACY
2019-09-09,CADILAHC,Cadila Healthcare,EQ,INE010B01027,235.65,240.25,234.55,236.3,236.45,238.8,1760792,418339772.3,16772,LEGACY
2019-09-09,CIPLA,Cipla,EQ,INE059A01026,475.0,478.7,472.1,475.0,475.0,474.9,780846,371722621.9,15998,LEGACY
2019-09-09,DIVISLAB,Divi's Laboratories,EQ,INE361B01024,1636.0,1653.65,1617.0,1627.15,1629.0,1637.6,405327,661149039.55,22382,LEGACY
2019-09-09,DRREDDY,Dr. Reddy's Laboratories,EQ,INE089A01023,2729.1,2764.65,2729.1,2749.2,2750.0,2739.95,639935,1758300467.1,32425,LEGACY
2019-09-09,GLAXO,GlaxoSmithKline Pharmaceuticals,EQ,INE159A01016,1280.0,1366.0,1280.0,1329.05,1327.1,1278.35,431129,572776150.15,10579,LEGACY
2019-09-09,GLENMARK,Glenmark Pharmaceuticals,EQ,INE935A01035,392.9,392.9,381.2,384.6,383.45,390.95,635977,245549875.5,24407,LEGACY
2019-09-09,GRANULES,Granules India,EQ,INE101D01020,93.0,94.8,91.5,92.9,92.65,92.45,340170,31715125.8,2703,LEGACY
2019-09-09,IPCALAB,IPCA Laboratories,EQ,INE571A01020,940.75,953.4,931.0,935.05,933.0,935.15,74083,69722637.6,6344,LEGACY
2019-09-09,JBCHEPHARM,JB Chemicals & Pharmaceuticals,EQ,INE572A01028,375.05,383.9,375.05,380.75,383.05,379.1,153966,58309337.55,4790,LEGACY
2019-09-09,LAURUSLABS,Laurus Labs,EQ,INE947Q01010,344.9,355.0,344.0,351.1,352.0,341.05,8928,3129892.1,703,LEGACY
2019-09-09,LUPIN,Lupin,EQ,INE326A01037,772.0,778.65,764.5,766.7,765.5,773.0,929898,716106469.7,28182,LEGACY
2019-09-09,NATCOPHARM,Natco Pharma,EQ,INE987B01026,566.0,587.4,565.0,583.45,587.0,564.35,160474,92894888.35,5279,LEGACY
2019-09-09,PEL,Piramal Enterprises,EQ,INE140A01024,1887.0,1913.0,1871.1,1892.05,1890.0,1882.2,685772,1296617740.15,28188,LEGACY
2019-09-09,PFIZER,Pfizer,EQ,INE182A01018,3019.9,3231.95,2998.15,3190.0,3185.4,3021.45,27107,84726478.8,4028,LEGACY
2019-09-09,SANOFI,Sanofi India,EQ,INE058A01010,6180.0,6300.0,6148.55,6279.05,6300.0,6181.2,10250,64011718.5,1877,LEGACY
2019-09-09,STAR,Strides Pharma Science,EQ,INE939A01011,393.0,400.25,390.3,398.8,397.95,392.55,661751,261923478.85,11547,LEGACY
2019-09-09,SUNPHARMA,Sun Pharmaceutical Industries,EQ,INE044A01036,426.0,432.5,426.0,428.8,428.2,425.1,5488753,2357555861.5,69471,LEGACY
2019-09-09,TORNTPHARM,Torrent Pharmaceuticals,EQ,INE685A01028,1729.4,1746.55,1700.0,1717.1,1712.0,1739.15,166323,285371991.8,9572,LEGACY
2019-09-09,WOCKPHARMA,Wockhardt,EQ,INE049B01025,239.0,244.8,235.75,242.75,242.75,238.8,397230,95949102.45,9484,LEGACY
2019-09-11,ABBOTINDIA,Abbott India,EQ,INE358A01014,9950.0,9979.9,9757.0,9800.55,9784.0,9944.4,17643,174777290.3,1810,LEGACY
2019-09-11,AJANTPHARM,Ajanta Pharma,EQ,INE031B01049,1011.95,1026.0,1003.55,1012.85,1008.0,1015.9,76103,77243012.7,3440,LEGACY
2019-09-11,ALKEM,Alkem Laboratories,EQ,INE540L01014,1818.95,1850.0,1808.85,1847.65,1849.9,1800.0,16086,29530716.5,2802,LEGACY
2019-09-11,APLLTD,Alembic Pharmaceuticals,EQ,INE901L01018,498.0,504.85,498.0,503.7,503.0,497.7,7361,3696205.65,730,LEGACY
2019-09-11,AUROPHARMA,Aurobindo Pharma,EQ,INE406A01037,624.0,630.3,622.0,628.4,626.95,625.75,1326159,831059925.9,29097,LEGACY
2019-09-11,BIOCON,Biocon,EQ,INE376G01013,233.6,238.8,232.05,234.8,234.0,233.45,3450784,812885858.85,34425,LEGACY
2019-09-11,CADILAHC,Cadila Healthcare,EQ,INE010B01027,236.75,242.5,236.75,239.6,239.0,236.3,1464866,351972565.25,29481,LEGACY
2019-09-11,CIPLA,Cipla,EQ,INE059A01026,474.0,478.3,468.05,471.8,470.7,475.0,996410,471002312.2,26998,LEGACY
2019-09-11,DIVISLAB,Divi's Laboratories,EQ,INE361B01024,1629.0,1638.95,1606.4,1616.55,1621.0,1627.15,464103,750315681.85,36008,LEGACY
2019-09-11,DRREDDY,Dr. Reddy's Laboratories,EQ,INE089A01023,2752.0,2778.4,2741.0,2761.0,2766.0,2749.2,634349,1750451134.35,49667,LEGACY
2019-09-11,GLAXO,GlaxoSmithKline Pharmaceuticals,EQ,INE159A01016,1334.15,1400.0,1334.15,1383.45,1377.8,1329.05,172436,237079850.5,23791,LEGACY
2019-09-11,GLENMARK,Glenmark Pharmaceuticals,EQ,INE935A01035,389.0,391.0,382.5,384.75,383.5,384.6,1206799,465146959.5,22054,LEGACY
2019-09-11,GRANULES,Granules India,EQ,INE101D01020,94.05,99.6,93.1,99.0,99.5,92.9,797215,77254040.1,6592,LEGACY
2019-09-11,IPCALAB,IPCA Laboratories,EQ,INE571A01020,936.1,959.9,919.0,928.45,924.0,935.05,188286,176158396.0,19256,LEGACY
2019-09-11,JBCHEPHARM,JB Chemicals & Pharmaceuticals,EQ,INE572A01028,383.0,383.95,379.75,381.1,381.0,380.75,35222,13419726.35,883,LEGACY
2019-09-11,LAURUSLABS,Laurus Labs,EQ,INE947Q01010,351.1,353.45,344.4,346.1,346.85,351.1,9762,3400734.5,577,LEGACY
2019-09-11,LUPIN,Lupin,EQ,INE326A01037,767.0,769.0,756.0,759.55,758.05,766.7,1101660,838184361.7,44349,LEGACY
2019-09-11,NATCOPHARM,Natco Pharma,EQ,INE987B01026,586.0,591.6,574.25,578.95,579.0,583.45,99368,57964576.65,4369,LEGACY
2019-09-11,PEL,Piramal Enterprises,EQ,INE140A01024,1925.0,1990.0,1911.0,1983.05,1975.0,1892.05,1414764,2773884269.8,71484,LEGACY
2019-09-11,PFIZER,Pfizer,EQ,INE182A01018,3210.0,3275.05,3185.0,3195.8,3197.0,3190.0,27866,89928640.7,3619,LEGACY
2019-09-11,SANOFI,Sanofi India,EQ,INE058A01010,6250.0,6279.0,5980.0,5987.1,5981.5,6279.05,27863,168950106.2,4647,LEGACY
2019-09-11,STAR,Strides Pharma Science,EQ,INE939A01011,400.0,403.0,393.25,398.55,398.35,398.8,683467,272145593.85,12318,LEGACY
2019-09-11,SUNPHARMA,Sun Pharmaceutical Industries,EQ,INE044A01036,432.0,435.0,421.25,422.2,422.6,428.8,7742635,3301510735.6,94865,LEGACY
2019-09-11,TORNTPHARM,Torrent Pharmaceuticals,EQ,INE685A01028,1723.5,1733.7,1692.0,1698.3,1697.2,1717.1,144358,246722947.65,8013,LEGACY
2019-09-11,WOCKPHARMA,Wockhardt,EQ,INE049B01025,244.0,291.3,242.35,291.3,291.3,242.75,2712010,750374786.65,44352,LEGACY
2019-09-12,ABBOTINDIA,Abbott India,EQ,INE358A01014,9810.0,9890.0,9720.1,9761.55,9770.0,9800.55,7157,70120312.35,1296,LEGACY
2019-09-12,AJANTPHARM,Ajanta Pharma,EQ,INE031B01049,1012.8,1053.6,1011.05,1046.8,1049.7,1012.85,112364,116547916.95,6256,LEGACY
2019-09-12,ALKEM,Alkem Laboratories,EQ,INE540L01014,1847.0,1869.95,1815.0,1828.55,1823.0,1847.65,37394,69126403.9,2429,LEGACY
2019-09-12,APLLTD,Alembic Pharmaceuticals,EQ,INE901L01018,504.6,513.0,504.6,510.8,511.0,503.7,12065,6148691.75,1005,LEGACY
2019-09-12,AUROPHARMA,Aurobindo Pharma,EQ,INE406A01037,630.75,632.0,623.4,628.25,627.6,628.4,1364003,857358492.45,25419,LEGACY
2019-09-12,BIOCON,Biocon,EQ,INE376G01013,235.75,236.85,230.05,232.2,231.0,234.8,3058922,716817961.7,65307,LEGACY
2019-09-12,CADILAHC,Cadila Healthcare,EQ,INE010B01027,241.5,243.8,236.9,239.35,239.4,239.6,1996765,477129636.9,14392,LEGACY
2019-09-12,CIPLA,Cipla,EQ,INE059A01026,474.0,474.0,464.4,467.8,467.4,471.8,1179858,553596742.35,32983,LEGACY
2019-09-12,DIVISLAB,Divi's Laboratories,EQ,INE361B01024,1625.0,1656.0,1613.0,1645.15,1645.0,1616.55,426448,699859034.9,15876,LEGACY
2019-09-12,DRREDDY,Dr. Reddy's Laboratories,EQ,INE089A01023,2766.0,2788.0,2747.1,2767.05,2765.65,2761.0,469462,1298990563.55,25990,LEGACY
2019-09-12,GLAXO,GlaxoSmithKline Pharmaceuticals,EQ,INE159A01016,1390.0,1403.05,1362.1,1375.8,1372.0,1383.45,31626,43788261.4,5392,LEGACY
2019-09-12,GLENMARK,Glenmark Pharmaceuticals,EQ,INE935A01035,383.2,389.4,380.2,382.15,381.6,384.75,954743,366578186.45,40904,LEGACY
2019-09-12,GRANULES,Granules India,EQ,INE101D01020,99.8,105.9,99.6,104.0,104.0,99.0,1843233,191081497.1,15467,LEGACY
2019-09-12,IPCALAB,IPCA Laboratories,EQ,INE571A01020,929.9,949.4,929.9,944.55,946.75,928.45,99729,93969348.45,11570,LEGACY
2019-09-12,JBCHEPHARM,JB Chemicals & Pharmaceuticals,EQ,INE572A01028,384.9,384.9,379.15,380.55,380.0,381.1,12901,4916041.85,995,LEGACY
2019-09-12,LAURUSLABS,Laurus Labs,EQ,INE947Q01010,345.0,348.0,342.9,343.95,344.6,346.1,5902,2034446.0,574,LEGACY
2019-09-12,LUPIN,Lupin,EQ,INE326A01037,762.8,767.9,754.75,759.05,760.0,759.55,880238,669790179.85,18397,LEGACY
2019-09-12,NATCOPHARM,Natco Pharma,EQ,INE987B01026,576.2,583.6,558.1,562.1,560.5,578.95,79378,45293235.3,4149,LEGACY
2019-09-12,PEL,Piramal Enterprises,EQ,INE140A01024,1982.3,1998.85,1958.0,1965.0,1963.85,1983.05,810110,1604471297.4,38074,LEGACY
2019-09-12,PFIZER,Pfizer,EQ,INE182A01018,3201.4,3324.0,3201.05,3243.5,3250.0,3195.8,25340,82779445.05,3712,LEGACY
2019-09-12,SANOFI,Sanofi India,EQ,INE058A01010,6029.4,6029.4,5907.0,5926.1,5919.0,5987.1,20076,119303256.85,5838,LEGACY
2019-09-12,STAR,Strides Pharma Science,EQ,INE939A01011,402.8,406.0,393.7,396.45,395.65,398.55,823943,329797319.15,18690,LEGACY
2019-09-12,SUNPHARMA,Sun Pharmaceutical Industries,EQ,INE044A01036,424.75,439.8,419.45,427.8,427.7,422.2,9896642,4260507643.0,108689,LEGACY
2019-09-12,TORNTPHARM,Torrent Pharmaceuticals,EQ,INE685A01028,1698.0,1723.6,1695.0,1709.3,1711.7,1698.3,93474,159851557.55,3857,LEGACY
2019-09-12,WOCKPHARMA,Wockhardt,EQ,INE049B01025,299.9,343.75,297.0,324.3,320.1,291.3,8770371,2880217423.3,117331,LEGACY
2019-09-13,ABBOTINDIA,Abbott India,EQ,INE358A01014,9721.05,9887.8,9721.05,9833.25,9875.0,9761.55,4298,42211682.2,1393,LEGACY
2019-09-13,AJANTPHARM,Ajanta Pharma,EQ,INE031B01049,1051.9,1067.35,1041.7,1059.3,1054.55,1046.8,133503,140998440.15,6804,LEGACY
2019-09-13,ALKEM,Alkem Laboratories,EQ,INE540L01014,1837.6,1869.4,1822.3,1839.65,1850.0,1828.55,28454,52785828.1,3440,LEGACY
2019-09-13,APLLTD,Alembic Pharmaceuticals,EQ,INE901L01018,511.2,513.5,503.75,508.05,504.25,510.8,7902,4026738.3,639,LEGACY
2019-09-13,AUROPHARMA,Aurobindo Pharma,EQ,INE406A01037,630.6,631.0,618.0,629.25,628.6,628.25,1042686,652034975.65,23892,LEGACY
2019-09-13,BIOCON,Biocon,EQ,INE376G01013,237.5,237.5,230.45,232.65,231.85,232.2,4257695,990597863.65,64599,LEGACY
2019-09-13,CADILAHC,Cadila Healthcare,EQ,INE010B01027,240.0,242.75,235.65,241.9,241.2,239.35,1048816,251921000.05,12178,LEGACY
2019-09-13,CIPLA,Cipla,EQ,INE059A01026,468.05,469.65,464.5,469.0,469.45,467.8,818854,382611868.9,17603,LEGACY
2019-09-13,DIVISLAB,Divi's Laboratories,EQ,INE361B01024,1655.0,1655.0,1610.05,1628.35,1627.0,1645.15,455745,740214908.15,18236,LEGACY
2019-09-13,DRREDDY,Dr. Reddy's Laboratories,EQ,INE089A01023,2781.65,2794.95,2692.75,2731.55,2728.65,2767.05,1189800,3247331855.75,80371,LEGACY
2019-09-13,GLAXO,GlaxoSmithKline Pharmaceuticals,EQ,INE159A01016,1380.05,1386.0,1352.1,1362.7,1360.05,1375.8,21691,29680129.0,2304,LEGACY
2019-09-13,GLENMARK,Glenmark Pharmaceuticals,EQ,INE935A01035,376.1,379.8,365.2,368.9,369.05,382.15,2097047,773661689.5,41754,LEGACY
2019-09-13,GRANULES,Granules India,EQ,INE101D01020,104.15,104.4,100.5,102.65,102.3,104.0,414186,42295800.5,3597,LEGACY
2019-09-13,IPCALAB,IPCA Laboratories,EQ,INE571A01020,941.0,958.85,941.0,943.05,943.0,944.55,79000,74744187.85,17980,LEGACY
2019-09-13,JBCHEPHARM,JB Chemicals & Pharmaceuticals,EQ,INE572A01028,383.9,411.0,379.75,404.55,405.8,380.55,298669,119775583.0,8387,LEGACY
2019-09-13,LAURUSLABS,Laurus Labs,EQ,INE947Q01010,343.25,344.0,337.05,341.25,341.0,343.95,4304,1462715.45,420,LEGACY
2019-09-13,LUPIN,Lupin,EQ,INE326A01037,762.4,766.0,753.6,764.1,764.5,759.05,519219,394944799.9,14065,LEGACY
2019-09-13,NATCOPHARM,Natco Pharma,EQ,INE987B01026,560.0,570.25,553.05,568.65,569.9,562.1,86558,48884840.5,5156,LEGACY
2019-09-13,PEL,Piramal Enterprises,EQ,INE140A01024,1972.0,1972.0,1852.4,1903.5,1904.0,1965.0,1873033,3537264279.7,82984,LEGACY
2019-09-13,PFIZER,Pfizer,EQ,INE182A01018,3318.0,3344.0,3265.0,3287.2,3295.0,3243.5,26753,88192426.25,3580,LEGACY
2019-09-13,SANOFI,Sanofi India,EQ,INE058A01010,5919.05,5975.8,5909.0,5929.25,5925.0,5926.1,9791,58355467.85,1152,LEGACY
2019-09-13,STAR,Strides Pharma Science,EQ,INE939A01011,399.85,399.85,385.4,392.1,392.35,396.45,716422,280280466.0,10636,LEGACY
2019-09-13,SUNPHARMA,Sun Pharmaceutical Industries,EQ,INE044A01036,430.45,432.85,421.1,422.85,421.8,427.8,6847742,2910060585.25,66390,LEGACY
2019-09-13,TORNTPHARM,Torrent Pharmaceuticals,EQ,INE685A01028,1711.15,1727.0,1696.0,1721.25,1727.0,1709.3,73763,126220288.65,4218,LEGACY
2019-09-13,WOCKPHARMA,Wockhardt,EQ,INE049B01025,323.05,323.05,305.6,314.8,313.0,324.3,2992749,939069617.8,44577,LEGACY
2019-09-16,ABBOTINDIA,Abbott India,EQ,INE358A01014,9897.95,10025.1,9808.0,9828.65,9820.0,9833.25,14209,140940101.25,2216,LEGACY
2019-09-16,AJANTPHARM,Ajanta Pharma,EQ,INE031B01049,1055.0,1062.25,1046.2,1058.9,1055.0,1059.3,78392,82880800.05,5681,LEGACY
2019-09-16,ALKEM,Alkem Laboratories,EQ,INE540L01014,1851.0,1867.0,1817.65,1859.8,1857.9,1839.65,90045,166112705.45,5859,LEGACY
2019-09-16,APLLTD,Alembic Pharmaceuticals,EQ,INE901L01018,504.0,510.9,498.7,505.1,505.1,508.05,23186,11698933.5,2694,LEGACY
2019-09-16,AUROPHARMA,Aurobindo Pharma,EQ,INE406A01037,628.0,639.3,626.15,636.6,638.1,629.25,2113886,1343707142.25,35157,LEGACY
2019-09-16,BIOCON,Biocon,EQ,INE376G01013,230.55,234.7,228.75,230.85,230.75,232.65,2295895,532396340.85,24203,LEGACY
2019-09-16,CADILAHC,Cadila Healthcare,EQ,INE010B01027,240.1,248.0,239.55,242.3,241.7,241.9,1348642,328472527.7,15491,LEGACY
2019-09-16,CIPLA,Cipla,EQ,INE059A01026,467.0,472.0,464.1,470.5,470.0,469.0,1257381,590151135.7,24611,LEGACY
2019-09-16,DIVISLAB,Divi's Laboratories,EQ,INE361B01024,1618.35,1659.5,1615.3,1644.8,1647.0,1628.35,363401,597958421.85,20699,LEGACY
2019-09-16,DRREDDY,Dr. Reddy's Laboratories,EQ,INE089A01023,2731.0,2762.6,2703.1,2725.3,2722.0,2731.55,818425,2233150224.65,37646,LEGACY
2019-09-16,GLAXO,GlaxoSmithKline Pharmaceuticals,EQ,INE159A01016,1362.7,1399.4,1354.0,1385.25,1375.0,1362.7,72937,101107591.1,11906,LEGACY
2019-09-16,GLENMARK,Glenmark Pharmaceuticals,EQ,INE935A01035,366.0,381.95,363.2,374.05,373.5,368.9,1683232,631061437.7,27461,LEGACY
2019-09-16,GRANULES,Granules India,EQ,INE101D01020,102.0,104.5,101.4,103.95,103.65,102.65,591936,61052393.15,6475,LEGACY
2019-09-16,IPCALAB,IPCA Laboratories,EQ,INE571A01020,943.05,961.4,935.1,946.55,954.0,943.05,78073,73957582.9,7886,LEGACY
2019-09-16,JBCHEPHARM,JB Chemicals & Pharmaceuticals,EQ,INE572A01028,403.9,409.6,392.05,394.75,395.0,404.55,168621,67832438.3,5147,LEGACY
2019-09-16,LAURUSLABS,Laurus Labs,EQ,INE947Q01010,335.0,345.0,335.0,341.05,340.5,341.25,6399,2176864.3,407,LEGACY
2019-09-16,LUPIN,Lupin,EQ,INE326A01037,764.1,780.0,760.7,769.15,767.95,764.1,1522424,1175419405.05,25185,LEGACY
2019-09-16,NATCOPHARM,Natco Pharma,EQ,INE987B01026,565.0,574.45,557.3,563.1,559.0,568.65,158150,89950350.15,7069,LEGACY
2019-09-16,PEL,Piramal Enterprises,EQ,INE140A01024,1899.5,1934.8,1875.5,1900.3,1906.0,1903.5,1147191,2188020983.5,47782,LEGACY
2019-09-16,PFIZER,Pfizer,EQ,INE182A01018,3287.2,3354.0,3275.15,3321.2,3327.95,3287.2,19384,64633640.55,2743,LEGACY
2019-09-16,SANOFI,Sanofi India,EQ,INE058A01010,5947.95,5947.95,5850.0,5884.8,5885.0,5929.25,5212,30664031.75,1042,LEGACY
2019-09-16,STAR,Strides Pharma Science,EQ,INE939A01011,388.85,393.75,378.5,380.25,380.0,392.1,1150361,441368295.15,21955,LEGACY
2019-09-16,SUNPHARMA,Sun Pharmaceutical Industries,EQ,INE044A01036,421.0,429.5,419.95,426.8,426.0,422.85,5239616,2231460430.4,84062,LEGACY
2019-09-16,TORNTPHARM,Torrent Pharmaceuticals,EQ,INE685A01028,1722.0,1742.8,1705.65,1709.65,1709.0,1721.25,148668,256432084.65,6465,LEGACY
2019-09-16,WOCKPHARMA,Wockhardt,EQ,INE049B01025,312.6,346.8,308.1,326.8,325.0,314.8,4664574,1569568024.15,80053,LEGACY
2019-09-17,ABBOTINDIA,Abbott India,EQ,INE358A01014,9830.0,9940.0,9718.0,9746.0,9749.0,9828.65,3220,31668059.75,1130,LEGACY
2019-09-17,AJANTPHARM,Ajanta Pharma,EQ,INE031B01049,1058.05,1064.0,1038.05,1047.0,1047.0,1058.9,109079,114408842.9,6407,LEGACY
2019-09-17,ALKEM,Alkem Laboratories,EQ,INE540L01014,1868.95,1880.5,1811.6,1838.7,1838.0,1859.8,104387,194871206.25,5608,LEGACY
2019-09-17,APLLTD,Alembic Pharmaceuticals,EQ,INE901L01018,505.0,510.75,492.0,495.05,497.0,505.1,40820,20458196.05,2505,LEGACY
2019-09-17,AUROPHARMA,Aurobindo Pharma,EQ,INE406A01037,637.0,639.0,614.5,616.7,615.8,636.6,1699899,1059700185.55,40650,LEGACY
2019-09-17,BIOCON,Biocon,EQ,INE376G01013,231.95,234.0,226.3,228.05,227.0,230.85,2059261,474931548.75,28878,LEGACY
2019-09-17,CADILAHC,Cadila Healthcare,EQ,INE010B01027,242.0,243.35,237.1,238.95,238.5,242.3,1302061,312743994.3,9930,LEGACY
2019-09-17,CIPLA,Cipla,EQ,INE059A01026,471.95,472.4,457.0,460.65,459.7,470.5,1753611,810042876.1,59467,LEGACY
2019-09-17,DIVISLAB,Divi's Laboratories,EQ,INE361B01024,1646.05,1647.0,1598.0,1601.4,1598.2,1644.8,486724,788203575.9,27518,LEGACY
2019-09-17,DRREDDY,Dr. Reddy's Laboratories,EQ,INE089A01023,2735.0,2762.4,2730.6,2738.05,2739.9,2725.3,468543,1285352744.15,37689,LEGACY
2019-09-17,GLAXO,GlaxoSmithKline Pharmaceuticals,EQ,INE159A01016,1385.25,1406.45,1361.0,1364.55,1363.95,1385.25,50446,70014196.95,5039,LEGACY
2019-09-17,GLENMARK,Glenmark Pharmaceuticals,EQ,INE935A01035,371.25,378.6,367.1,370.6,368.75,374.05,908245,339866503.05,26083,LEGACY
2019-09-17,GRANULES,Granules India,EQ,INE101D01020,104.1,106.45,102.2,104.25,104.0,103.95,817914,85088708.5,12861,LEGACY
2019-09-17,IPCALAB,IPCA Laboratories,EQ,INE571A01020,942.0,951.9,925.0,930.15,929.7,946.55,190280,177742236.5,22746,LEGACY
2019-09-17,JBCHEPHARM,JB Chemicals & Pharmaceuticals,EQ,INE572A01028,395.95,402.55,387.55,392.1,389.65,394.75,107912,42414994.85,3498,LEGACY
2019-09-17,LAURUSLABS,Laurus Labs,EQ,INE947Q01010,342.05,347.0,338.5,341.2,347.0,341.05,15467,5276057.8,457,LEGACY
2019-09-17,LUPIN,Lupin,EQ,INE326A01037,770.0,773.0,754.6,757.85,757.45,769.15,1174682,894115452.3,27891,LEGACY
2019-09-17,NATCOPHARM,Natco Pharma,EQ,INE987B01026,563.5,571.5,559.85,567.6,566.8,563.1,99246,56365107.2,3239,LEGACY
2019-09-17,PEL,Piramal Enterprises,EQ,INE140A01024,1906.0,1916.8,1813.75,1826.4,1821.65,1900.3,804507,1506471453.15,38112,LEGACY
2019-09-17,PFIZER,Pfizer,EQ,INE182A01018,3323.0,3347.7,3218.05,3250.15,3240.0,3321.2,18723,61431386.8,2769,LEGACY
2019-09-17,SANOFI,Sanofi India,EQ,INE058A01010,5886.0,5924.0,5757.8,5793.55,5788.0,5884.8,6069,35353291.45,1666,LEGACY
2019-09-17,STAR,Strides Pharma Science,EQ,INE939A01011,376.0,384.9,364.4,366.15,366.0,380.25,1381092,516876188.9,25194,LEGACY
2019-09-17,SUNPHARMA,Sun Pharmaceutical Industries,EQ,INE044A01036,426.7,427.55,419.15,420.65,420.8,426.8,3367950,1424012609.0,58872,LEGACY
2019-09-17,TORNTPHARM,Torrent Pharmaceuticals,EQ,INE685A01028,1701.2,1717.85,1680.15,1686.7,1681.3,1709.65,77956,132516074.15,4046,LEGACY
2019-09-17,WOCKPHARMA,Wockhardt,EQ,INE049B01025,329.0,341.85,317.3,321.45,325.05,326.8,1995555,660242247.75,41308,LEGACY
2019-09-18,ABBOTINDIA,Abbott India,EQ,INE358A01014,9775.0,9960.0,9775.0,9936.15,9941.8,9746.0,13899,137871383.3,3096,LEGACY
2019-09-18,AJANTPHARM,Ajanta Pharma,EQ,INE031B01049,1047.0,1065.0,1034.5,1059.9,1061.0,1047.0,87455,92029565.25,7798,LEGACY
2019-09-18,ALKEM,Alkem Laboratories,EQ,INE540L01014,1865.0,1930.0,1855.0,1896.25,1902.0,1838.7,72262,137572164.45,6318,LEGACY
2019-09-18,APLLTD,Alembic Pharmaceuticals,EQ,INE901L01018,497.65,525.75,495.2,520.55,520.25,495.05,95305,49369195.55,2472,LEGACY
2019-09-18,AUROPHARMA,Aurobindo Pharma,EQ,INE406A01037,620.0,622.5,609.5,618.75,618.8,616.7,1452851,895419079.5,26162,LEGACY
2019-09-18,BIOCON,Biocon,EQ,INE376G01013,230.5,230.5,225.55,227.85,227.6,228.05,2470092,564166218.95,20743,LEGACY
2019-09-18,CADILAHC,Cadila Healthcare,EQ,INE010B01027,240.0,242.3,236.05,241.25,241.2,238.95,842491,202241082.1,12918,LEGACY
2019-09-18,CIPLA,Cipla,EQ,INE059A01026,461.4,462.8,454.35,458.65,458.7,460.65,1656705,758249140.3,33826,LEGACY
2019-09-18,DIVISLAB,Divi's Laboratories,EQ,INE361B01024,1612.5,1626.0,1605.0,1616.15,1617.85,1601.4,457444,738750009.9,25499,LEGACY
2019-09-18,DRREDDY,Dr. Reddy's Laboratories,EQ,INE089A01023,2739.8,2761.95,2715.15,2743.65,2737.0,2738.05,364302,999245074.45,23246,LEGACY
2019-09-18,GLAXO,GlaxoSmithKline Pharmaceuticals,EQ,INE159A01016,1366.0,1414.0,1355.0,1409.45,1406.35,1364.55,84862,118467369.1,10564,LEGACY
2019-09-18,GLENMARK,Glenmark Pharmaceuticals,EQ,INE935A01035,370.9,371.9,360.3,362.85,362.0,370.6,1099344,401036803.3,23749,LEGACY
2019-09-18,GRANULES,Granules India,EQ,INE101D01020,105.3,108.3,103.05,106.8,106.75,104.25,1036014,110624036.0,9030,LEGACY
2019-09-18,IPCALAB,IPCA Laboratories,EQ,INE571A01020,934.0,952.9,925.65,948.0,947.0,930.15,86139,81266766.5,22704,LEGACY
2019-09-18,JBCHEPHARM,JB Chemicals & Pharmaceuticals,EQ,INE572A01028,397.0,402.95,386.0,391.3,391.2,392.1,49859,19708055.25,1931,LEGACY
2019-09-18,LAURUSLABS,Laurus Labs,EQ,INE947Q01010,338.35,357.0,335.0,347.2,348.0,341.2,103428,35071341.6,1414,LEGACY
2019-09-18,LUPIN,Lupin,EQ,INE326A01037,761.0,762.0,753.0,759.1,761.0,757.85,468504,355054999.95,10062,LEGACY
2019-09-18,NATCOPHARM,Natco Pharma,EQ,INE987B01026,566.0,571.25,564.05,566.5,565.0,567.6,80619,45896702.6,2417,LEGACY
2019-09-18,PEL,Piramal Enterprises,EQ,INE140A01024,1840.0,1855.85,1806.1,1825.15,1826.0,1826.4,763550,1398255739.0,29562,LEGACY
2019-09-18,PFIZER,Pfizer,EQ,INE182A01018,3250.15,3324.8,3248.0,3308.95,3300.0,3250.15,7550,24831610.35,1310,LEGACY
2019-09-18,SANOFI,Sanofi India,EQ,INE058A01010,5825.0,5845.3,5762.2,5803.3,5806.0,5793.55,59705,346345398.25,1586,LEGACY
2019-09-18,STAR,Strides Pharma Science,EQ,INE939A01011,372.0,372.0,360.55,366.45,367.2,366.15,1351028,493260253.25,19657,LEGACY
2019-09-18,SUNPHARMA,Sun Pharmaceutical Industries,EQ,INE044A01036,423.9,424.6,414.25,416.8,417.3,420.65,3728621,1560619058.7,70685,LEGACY
2019-09-18,TORNTPHARM,Torrent Pharmaceuticals,EQ,INE685A01028,1710.0,1710.0,1667.8,1670.95,1670.5,1686.7,76614,128615276.45,6069,LEGACY
2019-09-18,WOCKPHARMA,Wockhardt,EQ,INE049B01025,328.0,336.0,318.95,322.2,324.6,321.45,1158001,376600482.55,24270,LEGACY
2019-09-19,ABBOTINDIA,Abbott India,EQ,INE358A01014,9941.8,9941.8,9710.0,9837.3,9875.0,9936.15,32364,318885646.15,1452,LEGACY
2019-09-19,AJANTPHARM,Ajanta Pharma,EQ,INE031B01049,1059.9,1091.0,1040.0,1077.95,1090.0,1059.9,81430,86659133.6,4755,LEGACY
2019-09-19,ALKEM,Alkem Laboratories,EQ,INE540L01014,1914.0,1914.0,1849.05,1866.75,1850.0,1896.25,66603,125305732.85,2418,LEGACY
2019-09-19,APLLTD,Alembic Pharmaceuticals,EQ,INE901L01018,521.0,523.2,507.05,512.2,512.0,520.55,17685,9097270.2,1081,LEGACY
2019-09-19,AUROPHARMA,Aurobindo Pharma,EQ,INE406A01037,618.8,619.8,603.0,606.2,604.35,618.75,1098334,668120478.2,40037,LEGACY
2019-09-19,BIOCON,Biocon,EQ,INE376G01013,225.2,229.9,225.0,227.3,227.5,227.85,2775405,632378757.3,33500,LEGACY
2019-09-19,CADILAHC,Cadila Healthcare,EQ,INE010B01027,242.0,242.45,234.7,238.05,238.95,241.25,867107,206452911.4,9114,LEGACY
2019-09-19,CIPLA,Cipla,EQ,INE059A01026,458.65,461.95,449.9,452.05,450.5,458.65,1027073,467811317.6,23529,LEGACY
2019-09-19,DIVISLAB,Divi's Laboratories,EQ,INE361B01024,1621.0,1630.1,1570.5,1582.4,1577.4,1616.15,400672,636188054.65,24327,LEGACY
2019-09-19,DRREDDY,Dr. Reddy's Laboratories,EQ,INE089A01023,2740.1,2748.2,2708.65,2732.55,2722.2,2743.65,463919,1263908527.4,26247,LEGACY
2019-09-19,GLAXO,GlaxoSmithKline Pharmaceuticals,EQ,INE159A01016,1419.7,1424.95,1380.1,1395.6,1384.0,1409.45,57231,80124155.55,5277,LEGACY
2019-09-19,GLENMARK,Glenmark Pharmaceuticals,EQ,INE935A01035,361.1,363.7,356.8,358.35,359.0,362.85,862346,309986779.5,22541,LEGACY
2019-09-19,GRANULES,Granules India,EQ,INE101D01020,106.75,106.8,103.6,104.6,104.3,106.8,441488,46153358.0,4227,LEGACY
2019-09-19,IPCALAB,IPCA Laboratories,EQ,INE571A01020,948.0,959.0,935.2,947.9,941.0,948.0,97861,93044076.2,24212,LEGACY
2019-09-19,JBCHEPHARM,JB Chemicals & Pharmaceuticals,EQ,INE572A01028,383.0,392.9,383.0,383.7,384.4,391.3,39786,15342433.0,1557,LEGACY
2019-09-19,LAURUSLABS,Laurus Labs,EQ,INE947Q01010,352.65,352.65,335.0,340.25,341.05,347.2,89029,30370534.9,1332,LEGACY
2019-09-19,LUPIN,Lupin,EQ,INE326A01037,760.25,762.75,733.75,741.25,742.0,759.1,2245346,1670063101.4,46326,LEGACY
2019-09-19,NATCOPHARM,Natco Pharma,EQ,INE987B01026,568.8,570.25,556.0,559.2,557.05,566.5,422928,237936805.85,2240,LEGACY
2019-09-19,PEL,Piramal Enterprises,EQ,INE140A01024,1830.0,1833.5,1741.7,1764.15,1759.95,1825.15,966166,1715815236.85,38474,LEGACY
2019-09-19,PFIZER,Pfizer,EQ,INE182A01018,3308.0,3360.0,3232.9,3244.5,3241.05,3308.95,9010,29541037.7,1786,LEGACY
2019-09-19,SANOFI,Sanofi India,EQ,INE058A01010,5845.3,5845.3,5607.0,5668.45,5630.3,5803.3,17406,98490286.55,6412,LEGACY
2019-09-19,STAR,Strides Pharma Science,EQ,INE939A01011,366.2,368.85,355.15,359.55,358.9,366.45,748889,270122096.6,12148,LEGACY
2019-09-19,SUNPHARMA,Sun Pharmaceutical Industries,EQ,INE044A01036,416.8,418.9,408.2,411.15,410.7,416.8,4238714,1746003914.1,73253,LEGACY
2019-09-19,TORNTPHARM,Torrent Pharmaceuticals,EQ,INE685A01028,1676.0,1714.2,1668.05,1702.1,1697.2,1670.95,211798,359763653.65,14924,LEGACY
2019-09-19,WOCKPHARMA,Wockhardt,EQ,INE049B01025,326.0,327.95,302.0,307.15,306.3,322.2,1144562,357262140.25,30602,LEGACY
2019-09-20,ABBOTINDIA,Abbott India,EQ,INE358A01014,9837.3,10250.0,9822.0,10219.15,10221.5,9837.3,43696,444161167.3,2915,LEGACY
2019-09-20,AJANTPHARM,Ajanta Pharma,EQ,INE031B01049,1084.05,1095.0,1041.05,1059.2,1056.0,1077.95,195891,208858078.6,9293,LEGACY
2019-09-20,ALKEM,Alkem Laboratories,EQ,INE540L01014,1885.0,1974.4,1865.0,1948.2,1954.0,1866.75,101998,196345374.85,14016,LEGACY
2019-09-20,APLLTD,Alembic Pharmaceuticals,EQ,INE901L01018,511.0,523.0,508.25,518.05,520.0,512.2,24586,12735056.25,2169,LEGACY
2019-09-20,AUROPHARMA,Aurobindo Pharma,EQ,INE406A01037,609.0,625.15,597.25,619.15,617.1,606.2,2865516,1760331529.5,65474,LEGACY
2019-09-20,BIOCON,Biocon,EQ,INE376G01013,228.0,232.9,223.5,228.05,227.75,227.3,4510119,1030052134.7,33862,LEGACY
2019-09-20,CADILAHC,Cadila Healthcare,EQ,INE010B01027,238.0,249.55,234.65,247.45,244.5,238.05,1626395,396759634.6,24184,LEGACY
2019-09-20,CIPLA,Cipla,EQ,INE059A01026,454.2,465.0,445.5,463.3,463.0,452.05,2558072,1172195132.85,67138,LEGACY
2019-09-20,DIVISLAB,Divi's Laboratories,EQ,INE361B01024,1596.0,1660.5,1575.1,1637.95,1633.0,1582.4,592869,966489059.1,32790,LEGACY
2019-09-20,DRREDDY,Dr. Reddy's Laboratories,EQ,INE089A01023,2738.0,2862.0,2711.05,2837.8,2840.05,2732.55,766105,2138436666.0,45646,LEGACY
2019-09-20,GLAXO,GlaxoSmithKline Pharmaceuticals,EQ,INE159A01016,1381.0,1423.0,1366.8,1384.2,1377.0,1395.6,141731,197967679.7,14570,LEGACY
2019-09-20,GLENMARK,Glenmark Pharmaceuticals,EQ,INE935A01035,355.05,361.05,348.0,352.5,351.85,358.35,2747720,968782728.9,62067,LEGACY
2019-09-20,GRANULES,Granules India,EQ,INE101D01020,102.15,108.95,102.15,107.25,107.9,104.6,1091564,117244058.2,9357,LEGACY
2019-09-20,IPCALAB,IPCA Laboratories,EQ,INE571A01020,947.55,985.0,940.2,956.1,949.0,947.9,107413,103445227.8,18238,LEGACY
2019-09-20,JBCHEPHARM,JB Chemicals & Pharmaceuticals,EQ,INE572A01028,381.15,403.5,381.15,395.25,391.0,383.7,96188,38005341.3,4272,LEGACY
2019-09-20,LAURUSLABS,Laurus Labs,EQ,INE947Q01010,341.0,351.0,341.0,345.75,350.0,340.25,23782,8235573.05,1329,LEGACY
2019-09-20,LUPIN,Lupin,EQ,INE326A01037,747.7,758.85,734.15,756.3,757.0,741.25,2689710,2017474491.85,75152,LEGACY
2019-09-20,NATCOPHARM,Natco Pharma,EQ,INE987B01026,561.0,571.0,557.0,565.85,568.0,559.2,255921,144976939.8,5438,LEGACY
2019-09-20,PEL,Piramal Enterprises,EQ,INE140A01024,1777.5,1891.0,1760.0,1848.45,1847.05,1764.15,1837970,3378422190.8,79123,LEGACY
2019-09-20,PFIZER,Pfizer,EQ,INE182A01018,3250.0,3399.8,3225.0,3267.85,3240.0,3244.5,55678,184699680.95,12166,LEGACY
2019-09-20,SANOFI,Sanofi India,EQ,INE058A01010,5675.0,5984.0,5642.0,5890.2,5895.0,5668.45,34767,204448124.0,4343,LEGACY
2019-09-20,STAR,Strides Pharma Science,EQ,INE939A01011,362.5,373.5,356.8,360.1,358.6,359.55,1166038,424407352.1,20181,LEGACY
2019-09-20,SUNPHARMA,Sun Pharmaceutical Industries,EQ,INE044A01036,413.9,420.8,408.0,413.7,414.2,411.15,11785529,4892058627.3,144373,LEGACY
2019-09-20,TORNTPHARM,Torrent Pharmaceuticals,EQ,INE685A01028,1706.5,1757.3,1696.55,1727.2,1730.0,1702.1,398247,687186953.85,24477,LEGACY
2019-09-20,WOCKPHARMA,Wockhardt,EQ,INE049B01025,310.0,318.55,298.25,302.4,301.05,307.15,1646426,506604690.0,34576,LEGACY
2019-09-23,ABBOTINDIA,Abbott India,EQ,INE358A01014,10400.0,10950.0,10400.0,10716.3,10705.0,10219.15,28089,303130945.65,3246,LEGACY
2019-09-23,AJANTPHARM,Ajanta Pharma,EQ,INE031B01049,1060.0,1069.85,1002.2,1023.5,1014.0,1059.2,146536,151781589.5,8255,LEGACY
2019-09-23,ALKEM,Alkem Laboratories,EQ,INE540L01014,1961.9,1997.05,1884.0,1928.85,1925.0,1948.2,40185,78503856.3,5250,LEGACY
2019-09-23,APLLTD,Alembic Pharmaceuticals,EQ,INE901L01018,510.0,568.1,510.0,538.2,536.35,518.05,141194,77268026.65,4765,LEGACY
2019-09-23,AUROPHARMA,Aurobindo Pharma,EQ,INE406A01037,635.0,638.0,612.9,616.95,615.1,619.15,1339477,829058275.85,33190,LEGACY
2019-09-23,BIOCON,Biocon,EQ,INE376G01013,228.0,229.95,224.15,225.2,225.15,228.05,2443651,553426781.55,31002,LEGACY
2019-09-23,CADILAHC,Cadila Healthcare,EQ,INE010B01027,250.0,253.75,242.2,247.6,244.15,247.45,1213827,300392865.45,18430,LEGACY
2019-09-23,CIPLA,Cipla,EQ,INE059A01026,468.0,472.3,445.0,448.9,447.45,463.3,2819792,1276056403.0,57777,LEGACY
2019-09-23,DIVISLAB,Divi's Laboratories,EQ,INE361B01024,1641.0,1658.0,1603.05,1611.7,1614.0,1637.95,944775,1524231985.7,29799,LEGACY
2019-09-23,DRREDDY,Dr. Reddy's Laboratories,EQ,INE089A01023,2840.0,2840.0,2701.0,2767.25,2725.8,2837.8,929038,2547177366.8,68724,LEGACY
2019-09-23,GLAXO,GlaxoSmithKline Pharmaceuticals,EQ,INE159A01016,1398.45,1468.0,1386.55,1459.4,1462.0,1384.2,270792,387949368.1,11840,LEGACY
2019-09-23,GLENMARK,Glenmark Pharmaceuticals,EQ,INE935A01035,354.95,357.5,347.7,352.55,349.0,352.5,949053,334257188.2,19152,LEGACY
2019-09-23,GRANULES,Granules India,EQ,INE101D01020,108.0,109.75,105.9,107.05,107.15,107.25,596111,63872685.95,4478,LEGACY
2019-09-23,IPCALAB,IPCA Laboratories,EQ,INE571A01020,959.0,1002.0,947.05,952.6,950.0,956.1,247525,242400499.1,10859,LEGACY
2019-09-23,JBCHEPHARM,JB Chemicals & Pharmaceuticals,EQ,INE572A01028,406.5,407.25,383.15,387.05,385.25,395.25,155752,60650588.6,3376,LEGACY
2019-09-23,LAURUSLABS,Laurus Labs,EQ,INE947Q01010,352.0,354.3,340.0,350.2,347.45,345.75,47610,16490571.7,3576,LEGACY
2019-09-23,LUPIN,Lupin,EQ,INE326A01037,762.0,765.3,723.4,732.05,731.3,756.3,2252984,1651735208.2,60279,LEGACY
2019-09-23,NATCOPHARM,Natco Pharma,EQ,INE987B01026,570.8,610.0,565.1,572.3,573.0,565.85,320594,189340709.15,15941,LEGACY
2019-09-23,PEL,Piramal Enterprises,EQ,INE140A01024,1900.0,1903.4,1820.0,1845.7,1832.15,1848.45,1069771,1986099780.45,41143,LEGACY
2019-09-23,PFIZER,Pfizer,EQ,INE182A01018,3318.9,3420.0,3272.85,3403.65,3387.0,3267.85,44960,151437474.45,9174,LEGACY
2019-09-23,SANOFI,Sanofi India,EQ,INE058A01010,6050.0,6074.95,5900.1,5998.15,5993.1,5890.2,46925,281415403.5,4210,LEGACY
2019-09-23,STAR,Strides Pharma Science,EQ,INE939A01011,364.8,366.0,352.1,357.95,357.3,360.1,665185,238075498.0,12193,LEGACY
2019-09-23,SUNPHARMA,Sun Pharmaceutical Industries,EQ,INE044A01036,418.0,424.3,405.4,409.45,407.0,413.7,7342291,3031394597.25,106069,LEGACY
2019-09-23,TORNTPHARM,Torrent Pharmaceuticals,EQ,INE685A01028,1720.0,1775.0,1691.1,1713.0,1711.5,1727.2,306828,525815670.2,19447,LEGACY
2019-09-23,WOCKPHARMA,Wockhardt,EQ,INE049B01025,306.6,313.9,297.0,303.35,304.0,302.4,1047948,319799143.95,19624,LEGACY
2019-09-24,ABBOTINDIA,Abbott India,EQ,INE358A01014,10750.0,10988.8,10750.0,10807.45,10850.0,10716.3,6799,73582140.7,1806,LEGACY
2019-09-24,AJANTPHARM,Ajanta Pharma,EQ,INE031B01049,1021.95,1039.7,1016.2,1030.9,1027.05,1023.5,188817,194554151.15,6103,LEGACY
2019-09-24,ALKEM,Alkem Laboratories,EQ,INE540L01014,1927.0,1957.5,1920.05,1942.6,1940.0,1928.85,25259,49133115.55,3164,LEGACY
2019-09-24,APLLTD,Alembic Pharmaceuticals,EQ,INE901L01018,543.7,543.7,529.0,533.05,531.5,538.2,15284,8178007.85,1159,LEGACY
2019-09-24,AUROPHARMA,Aurobindo Pharma,EQ,INE406A01037,599.8,621.3,588.9,619.05,618.7,616.95,3666862,2230968491.1,66904,LEGACY
2019-09-24,BIOCON,Biocon,EQ,INE376G01013,226.0,228.0,224.0,224.4,224.3,225.2,2027112,457001506.7,24768,LEGACY
2019-09-24,CADILAHC,Cadila Healthcare,EQ,INE010B01027,245.0,255.2,243.2,253.95,252.4,247.6,1790968,450703290.1,23078,LEGACY
2019-09-24,CIPLA,Cipla,EQ,INE059A01026,450.0,455.05,446.6,450.25,449.9,448.9,1959468,884306275.5,46425,LEGACY
2019-09-24,DIVISLAB,Divi's Laboratories,EQ,INE361B01024,1611.7,1645.0,1587.7,1629.65,1625.1,1611.7,692476,1123120547.75,47644,LEGACY
2019-09-24,DRREDDY,Dr. Reddy's Laboratories,EQ,INE089A01023,2766.7,2845.0,2715.0,2785.25,2782.7,2767.25,679650,1904165287.55,45457,LEGACY
2019-09-24,GLAXO,GlaxoSmithKline Pharmaceuticals,EQ,INE159A01016,1462.0,1473.0,1428.0,1466.1,1472.2,1459.4,48886,71095438.85,4763,LEGACY
2019-09-24,GLENMARK,Glenmark Pharmaceuticals,EQ,INE935A01035,353.1,356.2,348.0,348.9,349.5,352.55,968546,340226065.55,16488,LEGACY
2019-09-24,GRANULES,Granules India,EQ,INE101D01020,106.0,107.75,102.8,103.1,103.1,107.05,738906,77667103.9,8967,LEGACY
2019-09-24,IPCALAB,IPCA Laboratories,EQ,INE571A01020,950.0,974.0,942.55,954.1,958.05,952.6,117040,111815357.25,12394,LEGACY
2019-09-24,JBCHEPHARM,JB Chemicals & Pharmaceuticals,EQ,INE572A01028,387.05,387.2,372.0,373.75,376.0,387.05,410673,157402733.15,2633,LEGACY
2019-09-24,LAURUSLABS,Laurus Labs,EQ,INE947Q01010,346.2,353.85,340.0,349.7,347.0,350.2,23226,8072550.25,1899,LEGACY
2019-09-24,LUPIN,Lupin,EQ,INE326A01037,735.0,746.4,731.05,739.25,738.05,732.05,1203386,891030226.65,28567,LEGACY
2019-09-24,NATCOPHARM,Natco Pharma,EQ,INE987B01026,576.95,598.65,565.0,586.55,598.65,572.3,118183,68512463.35,5399,LEGACY
2019-09-24,PEL,Piramal Enterprises,EQ,INE140A01024,1834.7,1891.65,1810.05,1848.85,1846.15,1845.7,817253,1522818621.15,33674,LEGACY
2019-09-24,PFIZER,Pfizer,EQ,INE182A01018,3387.15,3488.0,3350.0,3362.9,3360.0,3403.65,64303,218881529.2,7578,LEGACY
2019-09-24,SANOFI,Sanofi India,EQ,INE058A01010,6045.0,6056.0,5780.0,5922.75,5980.95,5998.15,22476,132204435.95,5625,LEGACY
2019-09-24,STAR,Strides Pharma Science,EQ,INE939A01011,357.5,368.5,341.0,347.75,346.0,357.95,1863818,658833092.85,30578,LEGACY
2019-09-24,SUNPHARMA,Sun Pharmaceutical Industries,EQ,INE044A01036,408.0,419.7,406.35,409.65,409.75,409.45,5860106,2425388536.35,88914,LEGACY
2019-09-24,TORNTPHARM,Torrent Pharmaceuticals,EQ,INE685A01028,1707.0,1727.6,1681.2,1697.95,1682.05,1713.0,292557,498492241.65,21004,LEGACY
2019-09-24,WOCKPHARMA,Wockhardt,EQ,INE049B01025,305.85,317.7,300.3,307.1,307.0,303.35,1446306,448120831.2,24078,LEGACY
2019-09-25,ABBOTINDIA,Abbott India,EQ,INE358A01014,10807.45,10807.45,10395.3,10629.7,10718.0,10807.45,6146,65208324.1,1996,LEGACY
2019-09-25,AJANTPHARM,Ajanta Pharma,EQ,INE031B01049,1030.9,1036.65,1010.1,1025.35,1020.0,1030.9,72787,74693928.45,6733,LEGACY
2019-09-25,ALKEM,Alkem Laboratories,EQ,INE540L01014,1942.6,1957.95,1892.05,1905.9,1892.05,1942.6,14962,28614930.5,3374,LEGACY
2019-09-25,APLLTD,Alembic Pharmaceuticals,EQ,INE901L01018,533.05,535.5,513.35,517.35,513.35,533.05,12732,6625004.15,973,LEGACY
2019-09-25,AUROPHARMA,Aurobindo Pharma,EQ,INE406A01037,617.6,617.8,595.0,602.2,601.0,619.05,1954169,1181913944.3,45107,LEGACY
2019-09-25,BIOCON,Biocon,EQ,INE376G01013,224.95,225.5,216.5,218.25,217.7,224.4,4216139,928443997.7,32305,LEGACY
2019-09-25,CADILAHC,Cadila Healthcare,EQ,INE010B01027,251.15,252.5,245.65,249.1,248.0,253.95,1275169,317442878.7,29447,LEGACY
2019-09-25,CIPLA,Cipla,EQ,INE059A01026,449.9,450.0,432.2,434.6,434.0,450.25,3524655,1546423156.8,94158,LEGACY
2019-09-25,DIVISLAB,Divi's Laboratories,EQ,INE361B01024,1620.15,1653.2,1620.15,1633.45,1622.0,1629.65,450237,738931877.25,25596,LEGACY
2019-09-25,DRREDDY,Dr. Reddy's Laboratories,EQ,INE089A01023,2750.15,2784.0,2750.15,2773.35,2784.0,2785.25,491430,1359438362.75,24345,LEGACY
2019-09-25,GLAXO,GlaxoSmithKline Pharmaceuticals,EQ,INE159A01016,1458.5,1466.0,1430.0,1436.1,1432.9,1466.1,35070,50529567.55,2546,LEGACY
2019-09-25,GLENMARK,Glenmark Pharmaceuticals,EQ,INE935A01035,350.9,351.0,343.0,345.7,345.0,348.9,982888,340673446.7,23584,LEGACY
2019-09-25,GRANULES,Granules India,EQ,INE101D01020,103.15,104.0,100.1,101.75,101.95,103.1,278607,28359659.4,2573,LEGACY
2019-09-25,IPCALAB,IPCA Laboratories,EQ,INE571A01020,963.9,963.9,925.0,930.6,929.9,954.1,83199,78161977.6,8672,LEGACY
2019-09-25,JBCHEPHARM,JB Chemicals & Pharmaceuticals,EQ,INE572A01028,372.0,376.6,353.1,358.95,357.05,373.75,127394,46762196.55,3152,LEGACY
2019-09-25,LAURUSLABS,Laurus Labs,EQ,INE947Q01010,347.0,364.4,344.0,354.8,353.0,349.7,84080,29842465.65,2236,LEGACY
2019-09-25,LUPIN,Lupin,EQ,INE326A01037,738.9,740.0,727.3,731.4,729.1,739.25,610227,446838274.25,17459,LEGACY
2019-09-25,NATCOPHARM,Natco Pharma,EQ,INE987B01026,591.95,598.0,584.2,589.9,588.0,586.55,85473,50504074.8,4158,LEGACY
2019-09-25,PEL,Piramal Enterprises,EQ,INE140A01024,1835.0,1889.95,1812.2,1824.25,1817.5,1848.85,968867,1792277399.9,43060,LEGACY
2019-09-25,PFIZER,Pfizer,EQ,INE182A01018,3384.75,3397.0,3305.25,3321.45,3322.1,3362.9,49540,164839918.45,5510,LEGACY
2019-09-25,SANOFI,Sanofi India,EQ,INE058A01010,5922.8,5999.0,5826.4,5856.85,5830.0,5922.75,4707,27703951.7,1538,LEGACY
2019-09-25,STAR,Strides Pharma Science,EQ,INE939A01011,348.0,354.0,328.0,331.95,329.7,347.75,2371636,800584006.55,33232,LEGACY
2019-09-25,SUNPHARMA,Sun Pharmaceutical Industries,EQ,INE044A01036,409.6,412.7,401.75,406.75,406.75,409.65,5031063,2046059736.5,70703,LEGACY
2019-09-25,TORNTPHARM,Torrent Pharmaceuticals,EQ,INE685A01028,1697.95,1715.0,1685.0,1703.1,1700.0,1697.95,155370,264357695.75,14640,LEGACY
2019-09-25,WOCKPHARMA,Wockhardt,EQ,INE049B01025,304.1,309.8,295.5,298.7,297.95,307.1,631163,190682178.6,12570,LEGACY
2019-09-26,ABBOTINDIA,Abbott India,EQ,INE358A01014,10673.15,10998.0,10672.5,10922.7,10975.2,10629.7,7417,80839239.25,2185,LEGACY
2019-09-26,AJANTPHARM,Ajanta Pharma,EQ,INE031B01049,1025.35,1036.55,1023.8,1029.9,1028.4,1025.35,62597,64482107.5,4110,LEGACY
2019-09-26,ALKEM,Alkem Laboratories,EQ,INE540L01014,1900.0,1944.9,1871.0,1917.6,1913.0,1905.9,46137,88358826.55,4866,LEGACY
2019-09-26,APLLTD,Alembic Pharmaceuticals,EQ,INE901L01018,520.0,528.0,517.05,524.5,525.0,517.35,8399,4399542.55,693,LEGACY
2019-09-26,AUROPHARMA,Aurobindo Pharma,EQ,INE406A01037,606.6,616.5,604.0,610.75,608.8,602.2,1829164,1118109612.3,51786,LEGACY
2019-09-26,BIOCON,Biocon,EQ,INE376G01013,218.2,220.05,214.5,216.15,216.05,218.25,3937051,853010455.55,32053,LEGACY
2019-09-26,CADILAHC,Cadila Healthcare,EQ,INE010B01027,249.7,251.05,245.1,245.7,246.0,249.1,840873,207944580.55,19858,LEGACY
2019-09-26,CIPLA,Cipla,EQ,INE059A01026,439.0,440.45,430.4,438.45,436.5,434.6,3960277,1721910395.1,77703,LEGACY
2019-09-26,DIVISLAB,Divi's Laboratories,EQ,INE361B01024,1635.0,1705.0,1631.0,1675.05,1681.7,1633.45,999909,1675357573.1,57043,LEGACY
2019-09-26,DRREDDY,Dr. Reddy's Laboratories,EQ,INE089A01023,2790.0,2795.9,2742.95,2774.85,2770.0,2773.35,504812,1399609260.85,32749,LEGACY
2019-09-26,GLAXO,GlaxoSmithKline Pharmaceuticals,EQ,INE159A01016,1416.1,1428.0,1375.25,1419.5,1425.0,1436.1,87341,122248434.2,8867,LEGACY
2019-09-26,GLENMARK,Glenmark Pharmaceuticals,EQ,INE935A01035,346.7,350.85,345.3,346.1,346.7,345.7,817062,283681318.05,23044,LEGACY
2019-09-26,GRANULES,Granules India,EQ,INE101D01020,102.95,103.0,101.5,102.75,102.35,101.75,199742,20446795.4,1883,LEGACY
2019-09-26,IPCALAB,IPCA Laboratories,EQ,INE571A01020,938.9,943.0,891.3,905.05,910.0,930.6,345410,319861815.75,15954,LEGACY
2019-09-26,JBCHEPHARM,JB Chemicals & Pharmaceuticals,EQ,INE572A01028,360.25,366.0,348.85,351.95,352.9,358.95,116199,41473878.5,3015,LEGACY
2019-09-26,LAURUSLABS,Laurus Labs,EQ,INE947Q01010,358.0,370.0,353.55,366.65,367.0,354.8,29613,10832278.0,1207,LEGACY
2019-09-26,LUPIN,Lupin,EQ,INE326A01037,733.0,735.9,725.45,729.25,728.95,731.4,959289,699352506.4,30372,LEGACY
2019-09-26,NATCOPHARM,Natco Pharma,EQ,INE987B01026,590.0,606.55,582.3,602.15,605.0,589.9,252144,149638200.05,5627,LEGACY
2019-09-26,PEL,Piramal Enterprises,EQ,INE140A01024,1833.35,1870.0,1831.0,1859.55,1867.5,1824.25,633757,1174634405.2,27742,LEGACY
2019-09-26,PFIZER,Pfizer,EQ,INE182A01018,3350.0,3390.0,3255.0,3279.35,3280.0,3321.45,89561,293942048.5,9125,LEGACY
2019-09-26,SANOFI,Sanofi India,EQ,INE058A01010,5899.95,5945.5,5841.45,5878.6,5865.25,5856.85,5016,29511494.95,1172,LEGACY
2019-09-26,STAR,Strides Pharma Science,EQ,INE939A01011,332.0,336.75,324.6,328.7,329.3,331.95,1207444,397867252.25,19615,LEGACY
2019-09-26,SUNPHARMA,Sun Pharmaceutical Industries,EQ,INE044A01036,406.75,413.0,405.3,411.95,412.9,406.75,5309789,2177425515.25,87956,LEGACY
2019-09-26,TORNTPHARM,Torrent Pharmaceuticals,EQ,INE685A01028,1707.9,1729.9,1691.5,1699.85,1693.0,1703.1,213353,364390954.35,19430,LEGACY
2019-09-26,WOCKPHARMA,Wockhardt,EQ,INE049B01025,300.0,304.4,286.9,288.65,287.65,298.7,838158,246112970.2,22559,LEGACY
2019-09-27,ABBOTINDIA,Abbott India,EQ,INE358A01014,10960.0,10992.2,10670.0,10688.8,10697.0,10922.7,12345,133590238.35,2800,LEGACY
2019-09-27,AJANTPHARM,Ajanta Pharma,EQ,INE031B01049,1023.8,1075.8,1018.0,1055.0,1061.05,1029.9,70136,72908961.65,4899,LEGACY
2019-09-27,ALKEM,Alkem Laboratories,EQ,INE540L01014,1893.9,1965.0,1875.0,1929.4,1932.1,1917.6,20925,40174920.05,5857,LEGACY
2019-09-27,APLLTD,Alembic Pharmaceuticals,EQ,INE901L01018,513.25,526.45,512.55,513.85,515.0,524.5,5655,2932571.9,729,LEGACY
2019-09-27,AUROPHARMA,Aurobindo Pharma,EQ,INE406A01037,608.0,610.8,595.8,597.2,596.0,610.75,1289752,778295686.3,29567,LEGACY
2019-09-27,BIOCON,Biocon,EQ,INE376G01013,216.0,224.4,212.2,218.1,218.45,216.15,6791696,1478582987.35,60548,LEGACY
2019-09-27,CADILAHC,Cadila Healthcare,EQ,INE010B01027,244.3,245.7,239.3,241.6,242.5,245.7,785934,190685797.8,13086,LEGACY
2019-09-27,CIPLA,Cipla,EQ,INE059A01026,438.45,446.0,435.7,439.4,441.5,438.45,3151119,1393891867.95,52593,LEGACY
2019-09-27,DIVISLAB,Divi's Laboratories,EQ,INE361B01024,1671.0,1696.9,1655.25,1660.45,1664.8,1675.05,659001,1107146936.7,30735,LEGACY
2019-09-27,DRREDDY,Dr. Reddy's Laboratories,EQ,INE089A01023,2782.0,2786.0,2720.5,2730.8,2732.6,2774.85,468966,1293903529.4,28921,LEGACY
2019-09-27,GLAXO,GlaxoSmithKline Pharmaceuticals,EQ,INE159A01016,1410.8,1418.0,1382.2,1401.95,1394.1,1419.5,52125,72860916.35,4789,LEGACY
2019-09-27,GLENMARK,Glenmark Pharmaceuticals,EQ,INE935A01035,347.0,347.85,331.6,333.25,333.0,346.1,1210851,409317791.7,23779,LEGACY
2019-09-27,GRANULES,Granules India,EQ,INE101D01020,102.0,102.85,100.85,102.05,101.55,102.75,204819,20842625.2,2020,LEGACY
2019-09-27,IPCALAB,IPCA Laboratories,EQ,INE571A01020,917.3,926.8,907.0,923.3,923.0,905.05,85036,78103751.15,6533,LEGACY
2019-09-27,JBCHEPHARM,JB Chemicals & Pharmaceuticals,EQ,INE572A01028,354.9,367.45,351.85,355.4,355.0,351.95,127752,46002471.35,6865,LEGACY
2019-09-27,LAURUSLABS,Laurus Labs,EQ,INE947Q01010,371.0,374.95,365.2,366.05,365.2,366.65,20632,7623709.35,1106,LEGACY
2019-09-27,LUPIN,Lupin,EQ,INE326A01037,726.1,734.2,714.65,717.25,717.9,729.25,1283523,927152386.1,36641,LEGACY
2019-09-27,NATCOPHARM,Natco Pharma,EQ,INE987B01026,600.0,607.9,594.1,600.8,598.0,602.15,112885,67727898.0,10794,LEGACY
2019-09-27,PEL,Piramal Enterprises,EQ,INE140A01024,1825.0,1825.0,1710.0,1726.6,1718.1,1859.55,2188615,3853527557.55,83302,LEGACY
2019-09-27,PFIZER,Pfizer,EQ,INE182A01018,3279.9,3316.8,3215.0,3269.7,3275.5,3279.35,30285,98471616.55,5745,LEGACY
2019-09-27,SANOFI,Sanofi India,EQ,INE058A01010,5880.0,5994.8,5871.1,5928.45,5871.1,5878.6,2343,13919393.4,919,LEGACY
2019-09-27,STAR,Strides Pharma Science,EQ,INE939A01011,329.4,330.7,298.25,304.15,302.6,328.7,5807377,1786399805.75,84933,LEGACY
2019-09-27,SUNPHARMA,Sun Pharmaceutical Industries,EQ,INE044A01036,412.0,412.5,400.25,401.7,402.1,411.95,3835936,1553976654.0,58856,LEGACY
2019-09-27,TORNTPHARM,Torrent Pharmaceuticals,EQ,INE685A01028,1699.85,1702.8,1676.1,1693.15,1693.2,1699.85,87667,148103906.6,9149,LEGACY
2019-09-27,WOCKPHARMA,Wockhardt,EQ,INE049B01025,289.0,292.5,272.6,274.35,274.5,288.65,799705,225621604.45,19457,LEGACY
2019-09-30,ABBOTINDIA,Abbott India,EQ,INE358A01014,10747.0,10750.9,10512.0,10596.55,10600.0,10688.8,4657,49498614.35,1347,LEGACY
2019-09-30,AJANTPHARM,Ajanta Pharma,EQ,INE031B01049,1056.0,1060.0,1005.0,1010.6,1007.0,1055.0,59138,60364412.65,4590,LEGACY
2019-09-30,ALKEM,Alkem Laboratories,EQ,INE540L01014,1912.8,1944.9,1894.95,1905.1,1904.95,1929.4,54451,103605588.8,3077,LEGACY
2019-09-30,APLLTD,Alembic Pharmaceuticals,EQ,INE901L01018,507.0,520.7,505.1,509.4,508.0,513.85,9559,4901887.75,829,LEGACY
2019-09-30,AUROPHARMA,Aurobindo Pharma,EQ,INE406A01037,596.5,599.0,580.0,589.0,588.1,597.2,1583086,929595638.5,31262,LEGACY
2019-09-30,BIOCON,Biocon,EQ,INE376G01013,219.45,224.45,217.1,222.95,224.0,218.1,4672776,1035790511.7,46071,LEGACY
2019-09-30,CADILAHC,Cadila Healthcare,EQ,INE010B01027,241.0,241.4,227.4,233.3,233.45,241.6,1502377,350490820.55,30132,LEGACY
2019-09-30,CIPLA,Cipla,EQ,INE059A01026,430.0,432.8,418.0,425.5,425.0,439.4,6307161,2679206499.15,87990,LEGACY
2019-09-30,DIVISLAB,Divi's Laboratories,EQ,INE361B01024,1664.8,1671.9,1650.95,1665.5,1666.0,1660.45,269573,449040783.3,21264,LEGACY
2019-09-30,DRREDDY,Dr. Reddy's Laboratories,EQ,INE089A01023,2734.0,2742.55,2690.4,2702.25,2700.15,2730.8,549806,1487000535.7,29674,LEGACY
2019-09-30,GLAXO,GlaxoSmithKline Pharmaceuticals,EQ,INE159A01016,1400.0,1404.95,1370.4,1389.45,1388.0,1401.95,35000,48483209.2,4689,LEGACY
2019-09-30,GLENMARK,Glenmark Pharmaceuticals,EQ,INE935A01035,333.0,333.0,319.3,325.05,324.45,333.25,1649372,535985116.3,42352,LEGACY
2019-09-30,GRANULES,Granules India,EQ,INE101D01020,103.0,106.0,100.2,104.7,105.95,102.05,951732,97921640.1,5457,LEGACY
2019-09-30,IPCALAB,IPCA Laboratories,EQ,INE571A01020,916.0,921.85,891.0,903.0,902.0,923.3,237142,214338364.6,14552,LEGACY
2019-09-30,JBCHEPHARM,JB Chemicals & Pharmaceuticals,EQ,INE572A01028,359.95,378.4,350.0,370.6,369.0,355.4,489167,177973160.1,8778,LEGACY
2019-09-30,LAURUSLABS,Laurus Labs,EQ,INE947Q01010,366.85,376.9,366.45,374.35,375.0,366.05,45787,17106962.45,1947,LEGACY
2019-09-30,LUPIN,Lupin,EQ,INE326A01037,720.0,720.0,702.05,715.7,715.55,717.25,1487570,1056198762.35,65366,LEGACY
2019-09-30,NATCOPHARM,Natco Pharma,EQ,INE987B01026,605.9,607.2,571.1,581.95,586.1,600.8,124379,72585275.95,10212,LEGACY
2019-09-30,PEL,Piramal Enterprises,EQ,INE140A01024,1725.0,1725.0,1589.0,1632.45,1628.0,1726.6,3128706,5148940895.75,101765,LEGACY
2019-09-30,PFIZER,Pfizer,EQ,INE182A01018,3300.0,3380.0,3231.3,3351.05,3370.0,3269.7,23784,79089384.85,3388,LEGACY
2019-09-30,SANOFI,Sanofi India,EQ,INE058A01010,5950.0,5998.85,5860.0,5878.65,5880.0,5928.45,4785,28179394.05,1372,LEGACY
2019-09-30,STAR,Strides Pharma Science,EQ,INE939A01011,305.0,314.7,299.0,307.7,307.55,304.15,2253689,694664636.25,54069,LEGACY
2019-09-30,SUNPHARMA,Sun Pharmaceutical Industries,EQ,INE044A01036,402.9,403.0,386.55,389.45,390.5,401.7,6674624,2612081328.7,99735,LEGACY
2019-09-30,TORNTPHARM,Torrent Pharmaceuticals,EQ,INE685A01028,1693.15,1697.45,1644.85,1667.4,1664.4,1693.15,221051,367829753.8,19138,LEGACY
2019-09-30,WOCKPHARMA,Wockhardt,EQ,INE049B01025,274.9,275.0,252.35,256.4,256.0,274.35,884627,229942532.9,20857,LEGACY
2019-10-01,ABBOTINDIA,Abbott India,EQ,INE358A01014,10575.0,11070.0,10555.9,10861.0,11001.0,10596.55,8170,87394428.35,1779,LEGACY
2019-10-01,AJANTPHARM,Ajanta Pharma,EQ,INE031B01049,1010.0,1018.9,976.65,997.0,991.1,1010.6,57424,57331157.55,4208,LEGACY
2019-10-01,ALKEM,Alkem Laboratories,EQ,INE540L01014,1910.0,1969.4,1910.0,1949.7,1940.25,1905.1,56258,109444879.7,7298,LEGACY
2019-10-01,APLLTD,Alembic Pharmaceuticals,EQ,INE901L01018,509.4,519.7,509.35,517.15,517.1,509.4,39092,20098583.5,3494,LEGACY
2019-10-01,AUROPHARMA,Aurobindo Pharma,EQ,INE406A01037,589.05,596.5,567.5,576.2,577.1,589.0,1631987,949101310.7,51892,LEGACY
2019-10-01,BIOCON,Biocon,EQ,INE376G01013,223.0,229.0,220.6,222.15,222.85,222.95,5199099,1170216637.45,68130,LEGACY
2019-10-01,CADILAHC,Cadila Healthcare,EQ,INE010B01027,236.5,236.9,227.75,234.15,233.3,233.3,1226745,286351291.55,31446,LEGACY
2019-10-01,CIPLA,Cipla,EQ,INE059A01026,426.9,426.9,402.7,412.65,411.8,425.5,4914716,2032977573.2,91539,LEGACY
2019-10-01,DIVISLAB,Divi's Laboratories,EQ,INE361B01024,1671.9,1688.95,1607.5,1622.55,1624.0,1665.5,412172,680518279.0,21082,LEGACY
2019-10-01,DRREDDY,Dr. Reddy's Laboratories,EQ,INE089A01023,2690.0,2720.0,2644.9,2689.35,2697.2,2702.25,972020,2609501619.85,37692,LEGACY
2019-10-01,GLAXO,GlaxoSmithKline Pharmaceuticals,EQ,INE159A01016,1394.45,1404.3,1375.0,1380.45,1377.1,1389.45,19258,26741295.1,2748,LEGACY
2019-10-01,GLENMARK,Glenmark Pharmaceuticals,EQ,INE935A01035,326.0,332.2,317.0,319.7,319.5,325.05,840551,273882257.6,20555,LEGACY
2019-10-01,GRANULES,Granules India,EQ,INE101D01020,106.05,109.4,103.05,104.85,104.5,104.7,1410549,149499138.3,8647,LEGACY
2019-10-01,IPCALAB,IPCA Laboratories,EQ,INE571A01020,915.0,915.0,884.3,894.85,893.5,903.0,273871,243818795.2,16617,LEGACY
2019-10-01,JBCHEPHARM,JB Chemicals & Pharmaceuticals,EQ,INE572A01028,372.0,374.6,355.0,362.3,358.7,370.6,51682,18919835.85,2417,LEGACY
2019-10-01,LAURUSLABS,Laurus Labs,EQ,INE947Q01010,371.0,374.0,354.25,360.15,356.0,374.35,17695,6435523.85,1451,LEGACY
2019-10-01,LUPIN,Lupin,EQ,INE326A01037,716.0,726.25,700.5,703.1,702.55,715.7,1161131,826417205.05,62451,LEGACY
2019-10-01,NATCOPHARM,Natco Pharma,EQ,INE987B01026,588.0,598.7,567.1,573.65,571.9,581.95,140299,82516346.35,6208,LEGACY
2019-10-01,PEL,Piramal Enterprises,EQ,INE140A01024,1642.9,1705.0,1620.0,1668.75,1693.0,1632.45,2490441,4110970418.45,81220,LEGACY
2019-10-01,PFIZER,Pfizer,EQ,INE182A01018,3349.95,3364.85,3246.0,3259.15,3246.0,3351.05,10086,33158625.3,2608,LEGACY
2019-10-01,SANOFI,Sanofi India,EQ,INE058A01010,5878.0,5927.65,5792.05,5844.55,5831.05,5878.65,7493,43828557.05,2063,LEGACY
2019-10-01,STAR,Strides Pharma Science,EQ,INE939A01011,309.0,311.85,300.45,309.05,307.4,307.7,1611897,493959721.75,38258,LEGACY
2019-10-01,SUNPHARMA,Sun Pharmaceutical Industries,EQ,INE044A01036,388.5,396.4,380.1,386.55,388.0,389.45,4308157,1675901683.15,98376,LEGACY
2019-10-01,TORNTPHARM,Torrent Pharmaceuticals,EQ,INE685A01028,1669.65,1670.0,1607.6,1616.25,1610.0,1667.4,178754,291831604.05,13269,LEGACY
2019-10-01,WOCKPHARMA,Wockhardt,EQ,INE049B01025,255.4,269.35,245.1,255.65,256.5,256.4,923886,238442324.8,21001,LEGACY
2019-10-03,ABBOTINDIA,Abbott India,EQ,INE358A01014,10961.0,11298.0,10911.0,10997.85,10974.0,10861.0,13582,151214274.75,3283,LEGACY
2019-10-03,AJANTPHARM,Ajanta Pharma,EQ,INE031B01049,998.0,1026.0,962.0,1017.1,1020.0,997.0,106273,105259640.0,8370,LEGACY
2019-10-03,ALKEM,Alkem Laboratories,EQ,INE540L01014,1916.0,1960.0,1885.0,1898.3,1898.55,1949.7,35304,67537880.0,8660,LEGACY
2019-10-03,APLLTD,Alembic Pharmaceuticals,EQ,INE901L01018,522.0,532.3,517.0,525.9,524.0,517.15,22307,11689422.35,1139,LEGACY
2019-10-03,AUROPHARMA,Aurobindo Pharma,EQ,INE406A01037,570.0,583.7,559.1,579.65,580.5,576.2,1673837,959962419.15,32699,LEGACY
2019-10-03,BIOCON,Biocon,EQ,INE376G01013,222.5,233.0,221.45,232.2,232.05,222.15,4420153,1013158621.3,44593,LEGACY
2019-10-03,CADILAHC,Cadila Healthcare,EQ,INE010B01027,233.0,235.35,230.05,233.9,234.0,234.15,640323,149225710.55,9882,LEGACY
2019-10-03,CIPLA,Cipla,EQ,INE059A01026,411.0,421.0,406.5,418.1,416.95,412.65,2639852,1101476751.35,52073,LEGACY
2019-10-03,DIVISLAB,Divi's Laboratories,EQ,INE361B01024,1610.0,1647.9,1595.05,1628.35,1630.0,1622.55,348048,565583312.45,29222,LEGACY
2019-10-03,DRREDDY,Dr. Reddy's Laboratories,EQ,INE089A01023,2679.8,2684.45,2636.0,2677.15,2677.0,2689.35,297000,791537935.3,25745,LEGACY
2019-10-03,GLAXO,GlaxoSmithKline Pharmaceuticals,EQ,INE159A01016,1375.0,1389.85,1365.05,1375.1,1374.95,1380.45,25371,34916342.5,4760,LEGACY
2019-10-03,GLENMARK,Glenmark Pharmaceuticals,EQ,INE935A01035,320.0,324.25,313.15,319.55,319.4,319.7,767353,245765726.35,12672,LEGACY
2019-10-03,GRANULES,Granules India,EQ,INE101D01020,103.5,104.9,102.0,103.3,103.15,104.85,243660,25099330.7,3327,LEGACY
2019-10-03,IPCALAB,IPCA Laboratories,EQ,INE571A01020,899.9,910.0,880.0,904.95,899.0,894.85,167787,150275708.7,11750,LEGACY
2019-10-03,JBCHEPHARM,JB Chemicals & Pharmaceuticals,EQ,INE572A01028,362.0,371.0,352.6,360.65,367.5,362.3,404060,147610641.7,5790,LEGACY
2019-10-03,LAURUSLABS,Laurus Labs,EQ,INE947Q01010,362.5,363.8,352.95,355.95,356.0,360.15,8254,2967361.45,1032,LEGACY
2019-10-03,LUPIN,Lupin,EQ,INE326A01037,693.0,707.0,676.85,701.2,700.8,703.1,2504322,1734743119.8,65815,LEGACY
2019-10-03,NATCOPHARM,Natco Pharma,EQ,INE987B01026,570.0,575.0,565.0,567.05,566.2,573.65,48372,27555869.4,2370,LEGACY
2019-10-03,PEL,Piramal Enterprises,EQ,INE140A01024,1677.0,1677.0,1523.8,1575.15,1564.0,1668.75,3497223,5529124063.15,110455,LEGACY
2019-10-03,PFIZER,Pfizer,EQ,INE182A01018,3246.0,3259.0,3204.5,3213.9,3217.0,3259.15,11937,38503002.85,2759,LEGACY
2019-10-03,SANOFI,Sanofi India,EQ,INE058A01010,5861.0,5924.0,5775.0,5872.45,5815.0,5844.55,16814,97607999.45,1819,LEGACY
2019-10-03,STAR,Strides Pharma Science,EQ,INE939A01011,307.0,320.1,302.1,312.3,313.65,309.05,1460294,453268271.9,30724,LEGACY
2019-10-03,SUNPHARMA,Sun Pharmaceutical Industries,EQ,INE044A01036,382.0,391.45,377.65,388.15,387.1,386.55,5216456,2010596353.95,106807,LEGACY
2019-10-03,TORNTPHARM,Torrent Pharmaceuticals,EQ,INE685A01028,1605.75,1612.85,1578.0,1598.85,1600.0,1616.25,234100,373287597.65,23413,LEGACY
2019-10-03,WOCKPHARMA,Wockhardt,EQ,INE049B01025,253.75,262.9,248.0,251.85,250.65,255.65,612306,155435852.25,13898,LEGACY
2019-10-04,ABBOTINDIA,Abbott India,EQ,INE358A01014,10997.85,11181.5,10760.6,10826.7,10800.0,10997.85,7854,86305081.9,2491,LEGACY
2019-10-04,AJANTPHARM,Ajanta Pharma,EQ,INE031B01049,1015.0,1017.9,985.0,996.1,990.95,1017.1,53031,53490818.85,5026,LEGACY
2019-10-04,ALKEM,Alkem Laboratories,EQ,INE540L01014,1919.9,1945.55,1873.0,1938.95,1939.9,1898.3,17335,33196127.65,2782,LEGACY
2019-10-04,APLLTD,Alembic Pharmaceuticals,EQ,INE901L01018,530.0,563.0,525.0,549.05,555.45,525.9,236615,129772856.8,5556,LEGACY
2019-10-04,AUROPHARMA,Aurobindo Pharma,EQ,INE406A01037,581.0,582.45,565.8,567.5,566.55,579.65,1232497,708464856.7,35163,LEGACY
2019-10-04,BIOCON,Biocon,EQ,INE376G01013,233.3,235.95,230.25,231.1,230.9,232.2,3920558,915086243.9,46019,LEGACY
2019-10-04,CADILAHC,Cadila Healthcare,EQ,INE010B01027,232.1,235.95,230.8,232.15,232.1,233.9,916159,212925731.65,9189,LEGACY
2019-10-04,CIPLA,Cipla,EQ,INE059A01026,419.5,431.3,416.15,418.35,417.5,418.1,4182360,1777152385.65,110356,LEGACY
2019-10-04,DIVISLAB,Divi's Laboratories,EQ,INE361B01024,1636.0,1650.0,1619.05,1622.25,1622.35,1628.35,282510,462257258.4,24476,LEGACY
2019-10-04,DRREDDY,Dr. Reddy's Laboratories,EQ,INE089A01023,2687.0,2699.0,2611.35,2617.7,2613.05,2677.15,444204,1175697362.65,27822,LEGACY
2019-10-04,GLAXO,GlaxoSmithKline Pharmaceuticals,EQ,INE159A01016,1376.9,1385.9,1340.0,1343.75,1340.0,1375.1,28970,39160377.65,4325,LEGACY
2019-10-04,GLENMARK,Glenmark Pharmaceuticals,EQ,INE935A01035,321.0,327.2,315.0,315.45,315.3,319.55,862341,276960325.05,28644,LEGACY
2019-10-04,GRANULES,Granules India,EQ,INE101D01020,102.3,105.5,102.3,104.65,104.25,103.3,329825,34263475.45,10955,LEGACY
2019-10-04,IPCALAB,IPCA Laboratories,EQ,INE571A01020,905.3,907.9,890.3,895.0,895.0,904.95,101465,91049312.6,7429,LEGACY
2019-10-04,JBCHEPHARM,JB Chemicals & Pharmaceuticals,EQ,INE572A01028,365.0,372.0,356.0,368.8,367.1,360.65,69776,25545105.5,3359,LEGACY
2019-10-04,LAURUSLABS,Laurus Labs,EQ,INE947Q01010,355.85,363.45,351.0,354.95,351.0,355.95,7881,2813778.95,674,LEGACY
2019-10-04,LUPIN,Lupin,EQ,INE326A01037,702.0,708.5,684.1,686.5,685.2,701.2,1105641,769276751.85,31853,LEGACY
2019-10-04,NATCOPHARM,Natco Pharma,EQ,INE987B01026,566.2,578.05,556.0,559.0,561.0,567.05,62897,35477500.3,3781,LEGACY
2019-10-04,PEL,Piramal Enterprises,EQ,INE140A01024,1599.0,1615.0,1552.25,1597.25,1590.0,1575.15,2880667,4577679435.0,86117,LEGACY
2019-10-04,PFIZER,Pfizer,EQ,INE182A01018,3239.5,3239.5,3125.0,3162.3,3160.0,3213.9,16991,53945785.9,4103,LEGACY
2019-10-04,SANOFI,Sanofi India,EQ,INE058A01010,5845.0,5911.15,5802.0,5833.6,5805.15,5872.45,1355,7929332.55,551,LEGACY
2019-10-04,STAR,Strides Pharma Science,EQ,INE939A01011,313.65,317.0,308.0,309.45,309.45,312.3,977405,305862286.7,19735,LEGACY
2019-10-04,SUNPHARMA,Sun Pharmaceutical Industries,EQ,INE044A01036,389.0,394.0,384.2,386.05,385.45,388.15,4024033,1563260438.2,88238,LEGACY
2019-10-04,TORNTPHARM,Torrent Pharmaceuticals,EQ,INE685A01028,1598.05,1658.45,1598.05,1630.55,1630.05,1598.85,250120,410391630.35,11345,LEGACY
2019-10-04,WOCKPHARMA,Wockhardt,EQ,INE049B01025,253.0,253.85,241.05,245.7,246.05,251.85,727348,179436220.0,25762,LEGACY
2019-10-07,ABBOTINDIA,Abbott India,EQ,INE358A01014,10896.6,10950.0,10600.0,10662.0,10700.0,10826.7,8334,89632282.2,1682,LEGACY
2019-10-07,AJANTPHARM,Ajanta Pharma,EQ,INE031B01049,1000.15,1000.15,973.0,984.7,976.3,996.1,47877,47162608.7,6803,LEGACY
2019-10-07,ALKEM,Alkem Laboratories,EQ,INE540L01014,1920.5,1949.0,1916.1,1938.55,1938.0,1938.95,23558,45381872.15,2560,LEGACY
2019-10-07,APLLTD,Alembic Pharmaceuticals,EQ,INE901L01018,555.4,555.4,512.85,532.9,540.0,549.05,36200,19278364.55,2118,LEGACY
2019-10-07,AUROPHARMA,Aurobindo Pharma,EQ,INE406A01037,560.55,564.35,450.35,459.85,451.7,567.5,22618778,11066347152.6,390536,LEGACY
2019-10-07,BIOCON,Biocon,EQ,INE376G01013,232.55,233.6,226.35,228.6,227.8,231.1,2548046,585040274.1,29890,LEGACY
2019-10-07,CADILAHC,Cadila Healthcare,EQ,INE010B01027,232.25,232.25,223.95,227.95,227.95,232.15,1530313,347774666.75,16456,LEGACY
2019-10-07,CIPLA,Cipla,EQ,INE059A01026,419.95,419.95,405.5,408.25,408.3,418.35,2564196,1053926200.15,72908,LEGACY
2019-10-07,DIVISLAB,Divi's Laboratories,EQ,INE361B01024,1631.0,1655.95,1616.55,1646.65,1650.0,1622.25,476604,782166551.05,26111,LEGACY
2019-10-07,DRREDDY,Dr. Reddy's Laboratories,EQ,INE089A01023,2630.0,2645.0,2576.25,2616.45,2624.0,2617.7,519253,1353752229.9,33981,LEGACY
2019-10-07,GLAXO,GlaxoSmithKline Pharmaceuticals,EQ,INE159A01016,1348.95,1349.4,1310.1,1341.65,1339.5,1343.75,26183,34859372.0,3942,LEGACY
2019-10-07,GLENMARK,Glenmark Pharmaceuticals,EQ,INE935A01035,302.0,308.05,270.0,285.6,285.65,315.45,9995055,2844408493.85,131533,LEGACY
2019-10-07,GRANULES,Granules India,EQ,INE101D01020,105.0,105.55,102.9,104.05,105.0,104.65,1094700,113850385.55,4706,LEGACY
2019-10-07,IPCALAB,IPCA Laboratories,EQ,INE571A01020,901.05,901.05,861.25,875.15,875.95,895.0,273814,239873082.6,9684,LEGACY
2019-10-07,JBCHEPHARM,JB Chemicals & Pharmaceuticals,EQ,INE572A01028,365.5,372.3,358.25,362.85,363.0,368.8,25902,9497741.5,1677,LEGACY
2019-10-07,LAURUSLABS,Laurus Labs,EQ,INE947Q01010,355.0,355.0,326.05,332.45,334.5,354.95,41191,13856444.1,2483,LEGACY
2019-10-07,LUPIN,Lupin,EQ,INE326A01037,689.05,690.85,646.3,667.6,663.65,686.5,2576192,1724002881.1,61488,LEGACY
2019-10-07,NATCOPHARM,Natco Pharma,EQ,INE987B01026,557.0,570.15,556.1,558.15,560.5,559.0,76712,43136139.85,2979,LEGACY
2019-10-07,PEL,Piramal Enterprises,EQ,INE140A01024,1590.0,1599.95,1467.2,1482.55,1470.0,1597.25,2445483,3718334990.0,84099,LEGACY
2019-10-07,PFIZER,Pfizer,EQ,INE182A01018,3158.4,3181.05,3109.25,3165.05,3159.7,3162.3,9875,31144521.45,2318,LEGACY
2019-10-07,SANOFI,Sanofi India,EQ,INE058A01010,5892.8,5918.75,5770.0,5798.85,5780.0,5833.6,5999,35083088.75,1598,LEGACY
2019-10-07,STAR,Strides Pharma Science,EQ,INE939A01011,309.0,318.65,306.35,309.45,311.9,309.45,1083419,337951252.7,32715,LEGACY
2019-10-07,SUNPHARMA,Sun Pharmaceutical Industries,EQ,INE044A01036,386.05,387.65,372.6,379.9,380.25,386.05,5151963,1952293963.95,87751,LEGACY
2019-10-07,TORNTPHARM,Torrent Pharmaceuticals,EQ,INE685A01028,1624.75,1645.0,1581.65,1613.65,1618.05,1630.55,242688,392284224.85,13210,LEGACY
2019-10-07,WOCKPHARMA,Wockhardt,EQ,INE049B01025,243.4,245.8,235.4,239.15,237.0,245.7,664413,159073522.7,14004,LEGACY
2019-10-09,ABBOTINDIA,Abbott India,EQ,INE358A01014,10742.1,11050.0,10650.0,10998.6,10960.0,10662.0,8536,92952911.1,1840,LEGACY
2019-10-09,AJANTPHARM,Ajanta Pharma,EQ,INE031B01049,980.0,989.65,967.0,981.9,985.0,984.7,63671,62402175.3,4228,LEGACY
2019-10-09,ALKEM,Alkem Laboratories,EQ,INE540L01014,1941.05,1950.0,1911.0,1938.25,1949.9,1938.55,16138,31212243.3,1799,LEGACY
2019-10-09,APLLTD,Alembic Pharmaceuticals,EQ,INE901L01018,539.95,545.0,530.1,537.3,536.8,532.9,15651,8393061.9,747,LEGACY
2019-10-09,AUROPHARMA,Aurobindo Pharma,EQ,INE406A01037,474.15,485.0,454.15,474.4,474.4,459.85,17998262,8501453625.5,244850,LEGACY
2019-10-09,BIOCON,Biocon,EQ,INE376G01013,229.0,234.8,223.75,233.5,234.5,228.6,3434478,791243324.6,44879,LEGACY
2019-10-09,CADILAHC,Cadila Healthcare,EQ,INE010B01027,226.1,238.9,225.65,236.55,237.8,227.95,661679,154524440.85,17000,LEGACY
2019-10-09,CIPLA,Cipla,EQ,INE059A01026,408.3,427.0,407.5,423.35,423.35,408.25,4117690,1720348683.4,59791,LEGACY
2019-10-09,DIVISLAB,Divi's Laboratories,EQ,INE361B01024,1650.55,1655.0,1621.2,1650.6,1654.0,1646.65,248324,407486429.0,23500,LEGACY
2019-10-09,DRREDDY,Dr. Reddy's Laboratories,EQ,INE089A01023,2624.75,2676.0,2600.3,2663.4,2656.2,2616.45,466444,1230862443.6,28809,LEGACY
2019-10-09,GLAXO,GlaxoSmithKline Pharmaceuticals,EQ,INE159A01016,1348.0,1365.0,1335.0,1359.35,1354.1,1341.65,47967,64827681.5,6452,LEGACY
2019-10-09,GLENMARK,Glenmark Pharmaceuticals,EQ,INE935A01035,287.4,293.25,280.8,290.85,291.0,285.6,2718540,781192697.5,31964,LEGACY
2019-10-09,GRANULES,Granules India,EQ,INE101D01020,104.0,105.1,101.4,101.8,101.65,104.05,308826,31686026.45,2210,LEGACY
2019-10-09,IPCALAB,IPCA Laboratories,EQ,INE571A01020,872.0,875.15,851.7,864.15,863.4,875.15,172226,148998302.2,31221,LEGACY
2019-10-09,JBCHEPHARM,JB Chemicals & Pharmaceuticals,EQ,INE572A01028,362.5,370.9,358.5,360.95,369.25,362.85,81545,29430366.35,3112,LEGACY
2019-10-09,LAURUSLABS,Laurus Labs,EQ,INE947Q01010,340.0,346.8,330.0,332.05,330.2,332.45,17370,5780696.85,1087,LEGACY
2019-10-09,LUPIN,Lupin,EQ,INE326A01037,664.9,685.0,660.0,682.1,683.1,667.6,1500671,1010663261.45,29523,LEGACY
2019-10-09,NATCOPHARM,Natco Pharma,EQ,INE987B01026,563.95,563.95,549.0,552.6,555.0,558.15,65130,36199436.55,3407,LEGACY
2019-10-09,PEL,Piramal Enterprises,EQ,INE140A01024,1470.0,1470.0,1328.8,1395.0,1380.0,1482.55,4435131,6131004970.45,153109,LEGACY
2019-10-09,PFIZER,Pfizer,EQ,INE182A01018,3156.3,3188.9,3133.05,3148.15,3137.2,3165.05,6751,21322213.3,1652,LEGACY
2019-10-09,SANOFI,Sanofi India,EQ,INE058A01010,5780.0,5864.4,5760.0,5767.1,5766.05,5798.85,14656,84557143.5,1409,LEGACY
2019-10-09,STAR,Strides Pharma Science,EQ,INE939A01011,311.0,317.0,288.0,311.85,316.9,309.45,3256935,972713573.7,46109,LEGACY
2019-10-09,SUNPHARMA,Sun Pharmaceutical Industries,EQ,INE044A01036,378.0,387.75,374.2,383.95,384.1,379.9,4991946,1902520946.55,87267,LEGACY
2019-10-09,TORNTPHARM,Torrent Pharmaceuticals,EQ,INE685A01028,1608.3,1671.0,1608.3,1666.2,1669.0,1613.65,110485,181641666.6,6775,LEGACY
2019-10-09,WOCKPHARMA,Wockhardt,EQ,INE049B01025,238.9,243.65,230.15,238.05,237.4,239.15,675333,160137897.15,14368,LEGACY
2019-10-10,ABBOTINDIA,Abbott India,EQ,INE358A01014,10990.0,11056.55,10781.6,10999.35,10990.0,10998.6,20392,222573525.6,3073,LEGACY
2019-10-10,AJANTPHARM,Ajanta Pharma,EQ,INE031B01049,985.0,988.95,972.0,976.55,972.0,981.9,22445,21971978.55,2418,LEGACY
2019-10-10,ALKEM,Alkem Laboratories,EQ,INE540L01014,1932.6,1950.0,1910.0,1929.0,1932.0,1938.25,51518,99242506.9,2326,LEGACY
2019-10-10,APLLTD,Alembic Pharmaceuticals,EQ,INE901L01018,537.3,547.8,531.8,540.1,537.65,537.3,29907,16199574.3,1439,LEGACY
2019-10-10,AUROPHARMA,Aurobindo Pharma,EQ,INE406A01037,474.0,474.0,436.65,465.15,461.8,474.4,12092242,5506852767.0,186501,LEGACY
2019-10-10,BIOCON,Biocon,EQ,INE376G01013,233.0,243.2,233.0,240.15,239.8,233.5,5293267,1268540106.45,48199,LEGACY
2019-10-10,CADILAHC,Cadila Healthcare,EQ,INE010B01027,235.4,236.7,231.5,232.2,232.25,236.55,458031,107043977.25,7491,LEGACY
2019-10-10,CIPLA,Cipla,EQ,INE059A01026,423.1,427.3,418.55,422.15,422.95,423.35,2381621,1007735804.65,35214,LEGACY
2019-10-10,DIVISLAB,Divi's Laboratories,EQ,INE361B01024,1645.0,1680.0,1641.0,1667.15,1669.8,1650.6,566891,945649109.2,26555,LEGACY
2019-10-10,DRREDDY,Dr. Reddy's Laboratories,EQ,INE089A01023,2626.15,2666.9,2612.05,2633.5,2648.0,2663.4,288141,759614319.7,17777,LEGACY
2019-10-10,GLAXO,GlaxoSmithKline Pharmaceuticals,EQ,INE159A01016,1359.45,1389.0,1355.0,1370.85,1371.9,1359.35,35810,49126236.4,5399,LEGACY
2019-10-10,GLENMARK,Glenmark Pharmaceuticals,EQ,INE935A01035,290.9,298.95,288.3,289.75,289.0,290.85,1676721,492419622.15,30148,LEGACY
2019-10-10,GRANULES,Granules India,EQ,INE101D01020,101.5,103.0,99.05,102.75,102.5,101.8,294009,29702064.1,5311,LEGACY
2019-10-10,IPCALAB,IPCA Laboratories,EQ,INE571A01020,864.15,869.9,844.65,856.5,858.1,864.15,566790,484327059.55,8088,LEGACY
2019-10-10,JBCHEPHARM,JB Chemicals & Pharmaceuticals,EQ,INE572A01028,362.6,366.35,355.2,357.6,358.95,360.95,56296,20351015.2,6239,LEGACY
2019-10-10,LAURUSLABS,Laurus Labs,EQ,INE947Q01010,331.0,335.0,329.05,329.5,329.1,332.05,14681,4850705.8,849,LEGACY
2019-10-10,LUPIN,Lupin,EQ,INE326A01037,680.0,698.8,676.85,690.95,690.55,682.1,1507716,1040807268.55,37118,LEGACY
2019-10-10,NATCOPHARM,Natco Pharma,EQ,INE987B01026,552.95,557.5,548.0,550.65,550.6,552.6,56644,31200062.35,2080,LEGACY
2019-10-10,PEL,Piramal Enterprises,EQ,INE140A01024,1361.0,1398.75,1316.0,1371.45,1352.0,1395.0,3312799,4492967727.05,106569,LEGACY
2019-10-10,PFIZER,Pfizer,EQ,INE182A01018,3169.8,3169.8,3095.0,3115.5,3098.2,3148.15,11319,35301019.6,2245,LEGACY
2019-10-10,SANOFI,Sanofi India,EQ,INE058A01010,5819.3,5819.3,5695.0,5702.95,5695.0,5767.1,16937,97446727.65,1385,LEGACY
2019-10-10,STAR,Strides Pharma Science,EQ,INE939A01011,311.6,324.0,302.5,317.15,316.95,311.85,1410478,443240674.0,25555,LEGACY
2019-10-10,SUNPHARMA,Sun Pharmaceutical Industries,EQ,INE044A01036,385.0,389.8,378.7,387.05,386.05,383.95,4581317,1766331386.6,64463,LEGACY
2019-10-10,TORNTPHARM,Torrent Pharmaceuticals,EQ,INE685A01028,1565.0,1705.05,1555.0,1688.25,1690.0,1666.2,1783778,2919478517.8,66436,LEGACY
2019-10-10,WOCKPHARMA,Wockhardt,EQ,INE049B01025,236.8,260.55,234.35,250.15,250.0,238.05,2073985,521696700.0,37353,LEGACY
2019-10-11,ABBOTINDIA,Abbott India,EQ,INE358A01014,11000.05,11011.0,10915.2,10989.25,10999.0,10999.35,4587,50377161.95,1421,LEGACY
2019-10-11,AJANTPHARM,Ajanta Pharma,EQ,INE031B01049,976.5,996.45,965.0,971.15,967.05,976.55,53059,51951347.1,4579,LEGACY
2019-10-11,ALKEM,Alkem Laboratories,EQ,INE540L01014,1930.15,1961.0,1930.0,1947.3,1949.0,1929.0,12746,24816896.85,1880,LEGACY
2019-10-11,APLLTD,Alembic Pharmaceuticals,EQ,INE901L01018,540.5,551.0,531.1,545.7,551.0,540.1,58529,31755924.85,1398,LEGACY
2019-10-11,AUROPHARMA,Aurobindo Pharma,EQ,INE406A01037,465.0,466.1,435.35,438.95,436.5,465.15,11001202,4920912021.75,172788,LEGACY
2019-10-11,BIOCON,Biocon,EQ,INE376G01013,241.75,250.4,239.25,247.6,246.5,240.15,9019033,2210315826.95,71036,LEGACY
2019-10-11,CADILAHC,Cadila Healthcare,EQ,INE010B01027,232.2,232.7,228.2,230.1,230.55,232.2,725660,166975990.3,6710,LEGACY
2019-10-11,CIPLA,Cipla,EQ,INE059A01026,422.55,443.0,389.55,441.35,442.05,422.15,17354782,7332270604.75,176315,LEGACY
2019-10-11,DIVISLAB,Divi's Laboratories,EQ,INE361B01024,1677.55,1695.0,1651.7,1689.95,1689.1,1667.15,598374,1006423950.65,29204,LEGACY
2019-10-11,DRREDDY,Dr. Reddy's Laboratories,EQ,INE089A01023,2645.0,2659.0,2607.0,2651.4,2651.4,2633.5,546907,1440679229.75,38505,LEGACY
2019-10-11,GLAXO,GlaxoSmithKline Pharmaceuticals,EQ,INE159A01016,1361.0,1383.5,1350.0,1361.95,1369.0,1370.85,32731,44569987.05,4228,LEGACY
2019-10-11,GLENMARK,Glenmark Pharmaceuticals,EQ,INE935A01035,289.75,290.95,280.25,286.5,285.3,289.75,1430154,406565609.75,24682,LEGACY
2019-10-11,GRANULES,Granules India,EQ,INE101D01020,102.6,102.6,100.5,101.1,100.75,102.75,220761,22369346.1,2928,LEGACY
2019-10-11,IPCALAB,IPCA Laboratories,EQ,INE571A01020,860.0,906.7,854.0,861.75,861.25,856.5,257113,222964138.5,13010,LEGACY
2019-10-11,JBCHEPHARM,JB Chemicals & Pharmaceuticals,EQ,INE572A01028,354.5,361.6,354.05,360.45,360.9,357.6,37276,13413166.35,2602,LEGACY
2019-10-11,LAURUSLABS,Laurus Labs,EQ,INE947Q01010,336.0,336.0,316.35,326.55,326.5,329.5,24686,8050764.05,1220,LEGACY
2019-10-11,LUPIN,Lupin,EQ,INE326A01037,692.65,704.0,683.0,701.65,702.5,690.95,1131255,785178385.6,29113,LEGACY
2019-10-11,NATCOPHARM,Natco Pharma,EQ,INE987B01026,554.9,562.95,551.0,560.4,560.45,550.65,42354,23624897.75,3603,LEGACY
2019-10-11,PEL,Piramal Enterprises,EQ,INE140A01024,1380.0,1390.0,1325.6,1365.0,1375.3,1371.45,2362935,3211616986.9,72655,LEGACY
2019-10-11,PFIZER,Pfizer,EQ,INE182A01018,3113.0,3140.95,3113.0,3131.8,3131.0,3115.5,25779,80705500.3,1316,LEGACY
2019-10-11,SANOFI,Sanofi India,EQ,INE058A01010,5710.0,5885.0,5681.05,5878.85,5870.1,5702.95,98749,564706908.8,4681,LEGACY
2019-10-11,STAR,Strides Pharma Science,EQ,INE939A01011,314.0,327.05,309.4,324.4,326.0,317.15,1491641,474840809.3,24452,LEGACY
2019-10-11,SUNPHARMA,Sun Pharmaceutical Industries,EQ,INE044A01036,387.4,389.35,381.5,386.3,387.3,387.05,4273739,1643773131.8,56854,LEGACY
2019-10-11,TORNTPHARM,Torrent Pharmaceuticals,EQ,INE685A01028,1689.9,1689.9,1637.0,1644.35,1648.0,1688.25,330198,545077049.65,16703,LEGACY
2019-10-11,WOCKPHARMA,Wockhardt,EQ,INE049B01025,251.35,256.7,246.5,250.7,250.65,250.15,866540,218591710.85,16208,LEGACY
2019-10-14,ABBOTINDIA,Abbott India,EQ,INE358A01014,11047.95,11056.55,10916.55,10999.6,10985.0,10989.25,17369,191046581.8,5449,LEGACY
2019-10-14,AJANTPHARM,Ajanta Pharma,EQ,INE031B01049,973.05,990.0,950.0,959.8,960.0,971.15,484866,466405541.55,5128,LEGACY
2019-10-14,ALKEM,Alkem Laboratories,EQ,INE540L01014,1954.9,1959.9,1930.0,1941.95,1931.4,1947.3,90443,176233393.6,7236,LEGACY
2019-10-14,APLLTD,Alembic Pharmaceuticals,EQ,INE901L01018,540.0,548.0,532.0,535.45,534.0,545.7,12152,6544060.35,1185,LEGACY
2019-10-14,AUROPHARMA,Aurobindo Pharma,EQ,INE406A01037,441.0,473.2,440.2,459.25,455.9,438.95,10052508,4604956002.35,154557,LEGACY
2019-10-14,BIOCON,Biocon,EQ,INE376G01013,248.0,254.5,245.0,253.35,253.25,247.6,3897859,973879544.6,45438,LEGACY
2019-10-14,CADILAHC,Cadila Healthcare,EQ,INE010B01027,232.55,235.2,229.35,232.7,233.0,230.1,1626104,378294096.1,17106,LEGACY
2019-10-14,CIPLA,Cipla,EQ,INE059A01026,441.35,446.45,433.5,440.9,440.9,441.35,5861895,2576419203.85,66762,LEGACY
2019-10-14,DIVISLAB,Divi's Laboratories,EQ,INE361B01024,1696.0,1719.7,1670.05,1683.7,1695.0,1689.95,571690,968950435.3,27124,LEGACY
2019-10-14,DRREDDY,Dr. Reddy's Laboratories,EQ,INE089A01023,2652.0,2682.6,2621.0,2651.9,2650.0,2651.4,301437,802867079.0,13464,LEGACY
2019-10-14,GLAXO,GlaxoSmithKline Pharmaceuticals,EQ,INE159A01016,1361.1,1410.7,1358.15,1396.05,1393.0,1361.95,27954,38748385.5,2381,LEGACY
2019-10-14,GLENMARK,Glenmark Pharmaceuticals,EQ,INE935A01035,286.0,289.0,276.55,280.2,280.05,286.5,2350700,661755538.2,35523,LEGACY
2019-10-14,GRANULES,Granules India,EQ,INE101D01020,101.25,103.2,100.15,100.35,100.2,101.1,447115,45312602.25,4591,LEGACY
2019-10-14,IPCALAB,IPCA Laboratories,EQ,INE571A01020,864.0,894.3,856.75,890.05,893.8,861.75,191908,167787228.0,18212,LEGACY
2019-10-14,JBCHEPHARM,JB Chemicals & Pharmaceuticals,EQ,INE572A01028,368.8,368.8,357.45,359.5,360.1,360.45,22529,8112675.85,1746,LEGACY
2019-10-14,LAURUSLABS,Laurus Labs,EQ,INE947Q01010,320.0,329.55,319.0,319.9,319.95,326.55,29990,9669322.0,930,LEGACY
2019-10-14,LUPIN,Lupin,EQ,INE326A01037,704.0,720.4,697.3,716.4,715.3,701.65,1302216,923964480.3,22378,LEGACY
2019-10-14,NATCOPHARM,Natco Pharma,EQ,INE987B01026,562.0,569.95,560.75,562.75,561.0,560.4,37090,20937086.4,3638,LEGACY
2019-10-14,PEL,Piramal Enterprises,EQ,INE140A01024,1374.0,1393.95,1360.0,1376.5,1375.75,1365.0,1539737,2118710354.8,46563,LEGACY
2019-10-14,PFIZER,Pfizer,EQ,INE182A01018,3155.0,3198.0,3131.0,3169.5,3171.0,3131.8,12293,38915517.15,2021,LEGACY
2019-10-14,SANOFI,Sanofi India,EQ,INE058A01010,5949.4,5949.4,5838.55,5879.55,5888.8,5878.85,16798,98730731.9,2048,LEGACY
2019-10-14,STAR,Strides Pharma Science,EQ,INE939A01011,326.0,340.8,321.3,338.5,337.0,324.4,1425059,473537550.25,23254,LEGACY
2019-10-14,SUNPHARMA,Sun Pharmaceutical Industries,EQ,INE044A01036,387.0,399.0,387.0,394.65,395.5,386.3,4372357,1727051381.9,73295,LEGACY
2019-10-14,TORNTPHARM,Torrent Pharmaceuticals,EQ,INE685A01028,1631.6,1704.1,1631.6,1697.95,1695.5,1644.35,366908,619795853.3,16495,LEGACY
2019-10-14,WOCKPHARMA,Wockhardt,EQ,INE049B01025,246.7,261.8,246.7,253.7,253.4,250.7,952146,242164965.2,20031,LEGACY
2019-10-15,ABBOTINDIA,Abbott India,EQ,INE358A01014,11000.0,11025.0,10765.0,10917.9,10920.6,10999.6,12639,137319646.95,1951,LEGACY
2019-10-15,AJANTPHARM,Ajanta Pharma,EQ,INE031B01049,963.25,974.0,951.25,954.8,952.0,959.8,61717,59322604.4,3190,LEGACY
2019-10-15,ALKEM,Alkem Laboratories,EQ,INE540L01014,1947.9,1950.0,1911.0,1915.1,1922.0,1941.95,19628,38010509.95,1972,LEGACY
2019-10-15,APLLTD,Alembic Pharmaceuticals,EQ,INE901L01018,532.4,539.9,524.25,528.3,530.0,535.45,30995,16443522.5,2319,LEGACY
2019-10-15,AUROPHARMA,Aurobindo Pharma,EQ,INE406A01037,459.25,467.6,450.0,455.35,454.55,459.25,4811384,2200171973.35,72745,LEGACY
2019-10-15,BIOCON,Biocon,EQ,INE376G01013,252.2,262.6,251.25,260.3,260.5,253.35,6484566,1664651089.3,65589,LEGACY
2019-10-15,CADILAHC,Cadila Healthcare,EQ,INE010B01027,233.0,234.85,232.4,234.45,234.0,232.7,488532,114259016.5,6759,LEGACY
2019-10-15,CIPLA,Cipla,EQ,INE059A01026,440.0,448.5,435.35,446.55,446.3,440.9,3153015,1399930321.65,42434,LEGACY
2019-10-15,DIVISLAB,Divi's Laboratories,EQ,INE361B01024,1685.0,1701.8,1679.05,1693.1,1690.15,1683.7,545212,921171697.6,23341,LEGACY
2019-10-15,DRREDDY,Dr. Reddy's Laboratories,EQ,INE089A01023,2662.0,2696.9,2654.55,2684.65,2683.0,2651.9,342159,917926711.25,21776,LEGACY
2019-10-15,GLAXO,GlaxoSmithKline Pharmaceuticals,EQ,INE159A01016,1399.8,1445.45,1398.1,1433.15,1431.0,1396.05,43272,61463422.1,3179,LEGACY
2019-10-15,GLENMARK,Glenmark Pharmaceuticals,EQ,INE935A01035,280.5,287.4,277.25,286.45,286.95,280.2,1248986,354284613.8,23652,LEGACY
2019-10-15,GRANULES,Granules India,EQ,INE101D01020,100.9,100.95,96.15,96.8,96.75,100.35,317694,31255439.55,2884,LEGACY
2019-10-15,IPCALAB,IPCA Laboratories,EQ,INE571A01020,886.25,890.0,861.1,882.5,878.0,890.05,430945,378811990.65,15038,LEGACY
2019-10-15,JBCHEPHARM,JB Chemicals & Pharmaceuticals,EQ,INE572A01028,359.15,361.15,354.4,356.05,355.0,359.5,37373,13392321.25,1200,LEGACY
2019-10-15,LAURUSLABS,Laurus Labs,EQ,INE947Q01010,323.95,325.0,303.3,319.55,320.0,319.9,169623,52340253.0,2269,LEGACY
2019-10-15,LUPIN,Lupin,EQ,INE326A01037,718.0,726.9,711.5,721.15,720.25,716.4,1438966,1036167276.85,31842,LEGACY
2019-10-15,NATCOPHARM,Natco Pharma,EQ,INE987B01026,564.0,567.05,557.75,565.55,565.5,562.75,39612,22266482.75,2330,LEGACY
2019-10-15,PEL,Piramal Enterprises,EQ,INE140A01024,1365.0,1396.4,1356.55,1375.85,1379.05,1376.5,1215115,1671664459.8,39093,LEGACY
2019-10-15,PFIZER,Pfizer,EQ,INE182A01018,3169.0,3211.75,3153.1,3193.15,3185.0,3169.5,8041,25626039.05,1402,LEGACY
2019-10-15,SANOFI,Sanofi India,EQ,INE058A01010,5879.0,5927.15,5850.0,5893.1,5910.8,5879.55,15096,88634348.8,2143,LEGACY
2019-10-15,STAR,Strides Pharma Science,EQ,INE939A01011,333.0,358.8,333.0,355.6,355.0,338.5,1984603,690649296.75,30263,LEGACY
2019-10-15,SUNPHARMA,Sun Pharmaceutical Industries,EQ,INE044A01036,397.2,400.0,392.25,396.8,396.2,394.65,2892153,1146620527.35,45973,LEGACY
2019-10-15,TORNTPHARM,Torrent Pharmaceuticals,EQ,INE685A01028,1695.55,1741.95,1680.0,1699.85,1700.0,1697.95,505473,864632940.3,27853,LEGACY
2019-10-15,WOCKPHARMA,Wockhardt,EQ,INE049B01025,254.65,257.2,249.0,253.55,252.6,253.7,630782,160136084.65,12522,LEGACY
2019-10-16,ABBOTINDIA,Abbott India,EQ,INE358A01014,10949.9,10998.8,10868.35,10949.35,10978.8,10917.9,2736,29963765.6,1152,LEGACY
2019-10-16,AJANTPHARM,Ajanta Pharma,EQ,INE031B01049,962.45,986.0,955.0,960.75,961.05,954.8,224498,217001549.5,6336,LEGACY
2019-10-16,ALKEM,Alkem Laboratories,EQ,INE540L01014,1916.0,1937.95,1906.0,1914.4,1920.0,1915.1,8762,16807152.2,1324,LEGACY
2019-10-16,APLLTD,Alembic Pharmaceuticals,EQ,INE901L01018,527.8,535.95,520.5,522.8,525.0,528.3,25681,13472252.6,1469,LEGACY
2019-10-16,AUROPHARMA,Aurobindo Pharma,EQ,INE406A01037,458.0,465.85,447.35,463.7,462.45,455.35,4685706,2144477602.3,78605,LEGACY
2019-10-16,BIOCON,Biocon,EQ,INE376G01013,261.95,261.95,254.5,259.95,259.05,260.3,3208876,829053046.1,36981,LEGACY
2019-10-16,CADILAHC,Cadila Healthcare,EQ,INE010B01027,235.0,237.6,232.2,234.7,234.8,234.45,688266,161602119.4,11197,LEGACY
2019-10-16,CIPLA,Cipla,EQ,INE059A01026,446.3,447.85,438.95,446.8,445.3,446.55,2180925,966739858.7,41167,LEGACY
2019-10-16,DIVISLAB,Divi's Laboratories,EQ,INE361B01024,1696.0,1724.8,1690.85,1720.2,1723.0,1693.1,306125,523079561.45,18500,LEGACY
2019-10-16,DRREDDY,Dr. Reddy's Laboratories,EQ,INE089A01023,2711.0,2728.4,2687.0,2701.45,2704.0,2684.65,327837,886736319.0,20694,LEGACY
2019-10-16,GLAXO,GlaxoSmithKline Pharmaceuticals,EQ,INE159A01016,1424.1,1445.9,1408.15,1429.2,1436.0,1433.15,25468,36304261.85,2161,LEGACY
2019-10-16,GLENMARK,Glenmark Pharmaceuticals,EQ,INE935A01035,285.5,288.8,281.95,285.9,285.5,286.45,896868,256152840.25,13723,LEGACY
2019-10-16,GRANULES,Granules India,EQ,INE101D01020,96.8,98.5,96.8,97.25,96.85,96.8,218812,21343650.85,2512,LEGACY
2019-10-16,IPCALAB,IPCA Laboratories,EQ,INE571A01020,884.9,897.55,877.1,892.3,894.4,882.5,71159,63150254.85,8639,LEGACY
2019-10-16,JBCHEPHARM,JB Chemicals & Pharmaceuticals,EQ,INE572A01028,355.0,364.9,355.0,357.65,359.0,356.05,36909,13246588.75,2198,LEGACY
2019-10-16,LAURUSLABS,Laurus Labs,EQ,INE947Q01010,320.0,320.25,311.3,312.75,313.0,319.55,47342,14916818.25,1752,LEGACY
2019-10-16,LUPIN,Lupin,EQ,INE326A01037,723.0,735.0,716.8,732.85,734.5,721.15,1140985,831871121.4,28851,LEGACY
2019-10-16,NATCOPHARM,Natco Pharma,EQ,INE987B01026,565.0,572.0,562.25,565.65,567.6,565.55,39999,22679131.95,3525,LEGACY
2019-10-16,PEL,Piramal Enterprises,EQ,INE140A01024,1377.45,1387.45,1356.55,1375.7,1375.0,1375.85,1071896,1473973954.5,33557,LEGACY
2019-10-16,PFIZER,Pfizer,EQ,INE182A01018,3200.0,3218.0,3178.0,3190.8,3180.0,3193.15,25941,82941656.8,1890,LEGACY
2019-10-16,SANOFI,Sanofi India,EQ,INE058A01010,5910.4,5989.0,5877.65,5980.55,5986.0,5893.1,11322,67329333.95,1148,LEGACY
2019-10-16,STAR,Strides Pharma Science,EQ,INE939A01011,354.4,357.95,338.45,351.1,349.3,355.6,1971133,687579421.35,34983,LEGACY
2019-10-16,SUNPHARMA,Sun Pharmaceutical Industries,EQ,INE044A01036,398.05,402.2,394.25,399.7,398.6,396.8,5503380,2196919345.7,71067,LEGACY
2019-10-16,TORNTPHARM,Torrent Pharmaceuticals,EQ,INE685A01028,1669.7,1689.85,1632.0,1642.05,1636.5,1699.85,637820,1053627402.4,22845,LEGACY
2019-10-16,WOCKPHARMA,Wockhardt,EQ,INE049B01025,254.4,264.4,253.3,255.9,255.8,253.55,750851,193639910.25,15500,LEGACY
2019-10-17,ABBOTINDIA,Abbott India,EQ,INE358A01014,10930.05,11000.0,10874.95,10984.05,10970.0,10949.35,9449,103767924.55,997,LEGACY
2019-10-17,AJANTPHARM,Ajanta Pharma,EQ,INE031B01049,962.8,990.0,962.8,984.15,982.65,960.75,74811,73286173.35,5261,LEGACY
2019-10-17,ALKEM,Alkem Laboratories,EQ,INE540L01014,1915.85,1926.8,1891.05,1918.85,1909.0,1914.4,12463,23783190.85,2691,LEGACY
2019-10-17,APLLTD,Alembic Pharmaceuticals,EQ,INE901L01018,524.2,552.9,522.5,549.1,552.9,522.8,35149,18884805.95,1413,LEGACY
2019-10-17,AUROPHARMA,Aurobindo Pharma,EQ,INE406A01037,462.45,468.45,457.0,466.45,465.75,463.7,2581845,1195842039.3,41872,LEGACY
2019-10-17,BIOCON,Biocon,EQ,INE376G01013,257.6,258.85,255.0,258.05,257.3,259.95,2271152,583032886.2,22087,LEGACY
2019-10-17,CADILAHC,Cadila Healthcare,EQ,INE010B01027,234.7,238.5,231.5,237.8,237.2,234.7,471432,110699796.2,13818,LEGACY
2019-10-17,CIPLA,Cipla,EQ,INE059A01026,445.3,447.7,439.4,446.3,445.5,446.8,1818421,805972384.1,52716,LEGACY
2019-10-17,DIVISLAB,Divi's Laboratories,EQ,INE361B01024,1723.0,1734.3,1705.1,1722.95,1722.4,1720.2,348490,598149325.65,14580,LEGACY
2019-10-17,DRREDDY,Dr. Reddy's Laboratories,EQ,INE089A01023,2711.0,2734.0,2699.0,2727.4,2726.0,2701.45,305014,829200548.1,31019,LEGACY
2019-10-17,GLAXO,GlaxoSmithKline Pharmaceuticals,EQ,INE159A01016,1432.0,1448.9,1419.95,1440.1,1434.0,1429.2,33508,48067516.15,2597,LEGACY
2019-10-17,GLENMARK,Glenmark Pharmaceuticals,EQ,INE935A01035,287.0,290.0,282.65,288.55,288.45,285.9,1182377,338065339.8,30779,LEGACY
2019-10-17,GRANULES,Granules India,EQ,INE101D01020,97.25,98.3,95.0,97.8,98.1,97.25,348951,33760283.1,3124,LEGACY
2019-10-17,IPCALAB,IPCA Laboratories,EQ,INE571A01020,890.0,918.8,886.85,913.2,912.0,892.3,60951,55407769.3,7649,LEGACY
2019-10-17,JBCHEPHARM,JB Chemicals & Pharmaceuticals,EQ,INE572A01028,360.0,364.0,355.05,359.25,358.2,357.65,29997,10805965.85,1256,LEGACY
2019-10-17,LAURUSLABS,Laurus Labs,EQ,INE947Q01010,319.0,319.0,308.75,310.25,314.2,312.75,147246,45732334.7,1224,LEGACY
2019-10-17,LUPIN,Lupin,EQ,INE326A01037,731.5,732.0,719.0,726.5,727.0,732.85,744122,538746786.85,20984,LEGACY
2019-10-17,NATCOPHARM,Natco Pharma,EQ,INE987B01026,570.65,578.0,565.0,574.15,574.5,565.65,67908,38765825.15,2841,LEGACY
2019-10-17,PEL,Piramal Enterprises,EQ,INE140A01024,1374.9,1475.0,1368.0,1468.85,1464.4,1375.7,2651249,3789960643.55,75939,LEGACY
2019-10-17,PFIZER,Pfizer,EQ,INE182A01018,3190.0,3218.7,3182.75,3195.65,3195.0,3190.8,9932,31834095.6,1631,LEGACY
2019-10-17,SANOFI,Sanofi India,EQ,INE058A01010,5995.0,6080.0,5980.0,6052.8,6079.0,5980.55,4607,27761361.45,1593,LEGACY
2019-10-17,STAR,Strides Pharma Science,EQ,INE939A01011,348.15,355.25,344.15,353.85,353.0,351.1,882963,309783236.8,16810,LEGACY
2019-10-17,SUNPHARMA,Sun Pharmaceutical Industries,EQ,INE044A01036,401.6,402.55,396.8,401.5,400.0,399.7,2934902,1173028039.95,54036,LEGACY
2019-10-17,TORNTPHARM,Torrent Pharmaceuticals,EQ,INE685A01028,1635.0,1699.15,1627.3,1694.5,1691.5,1642.05,316291,527350016.9,16945,LEGACY
2019-10-17,WOCKPHARMA,Wockhardt,EQ,INE049B01025,255.15,261.5,254.1,259.2,259.05,255.9,441295,114034433.75,11138,LEGACY
2019-10-18,ABBOTINDIA,Abbott India,EQ,INE358A01014,10986.0,10998.8,10680.0,10704.5,10700.0,10984.05,7557,81875568.0,2168,LEGACY
2019-10-18,AJANTPHARM,Ajanta Pharma,EQ,INE031B01049,983.0,1024.95,974.0,1012.35,1020.0,984.15,188639,187682765.05,5824,LEGACY
2019-10-18,ALKEM,Alkem Laboratories,EQ,INE540L01014,1920.2,2027.9,1920.1,1958.95,1958.15,1918.85,132385,259274881.8,6885,LEGACY
2019-10-18,APLLTD,Alembic Pharmaceuticals,EQ,INE901L01018,550.0,565.0,535.0,544.0,542.0,549.1,73661,40353477.55,3906,LEGACY
2019-10-18,AUROPHARMA,Aurobindo Pharma,EQ,INE406A01037,470.0,485.45,468.35,476.45,477.6,466.45,3907119,1864636733.95,62436,LEGACY
2019-10-18,BIOCON,Biocon,EQ,INE376G01013,258.0,262.85,255.9,259.45,259.25,258.05,2197794,570263562.7,17918,LEGACY
2019-10-18,CADILAHC,Cadila Healthcare,EQ,INE010B01027,236.8,242.9,236.7,240.65,241.2,237.8,805730,193624311.05,18350,LEGACY
2019-10-18,CIPLA,Cipla,EQ,INE059A01026,448.5,451.15,440.1,444.15,440.2,446.3,2850227,1270314041.0,38211,LEGACY
2019-10-18,DIVISLAB,Divi's Laboratories,EQ,INE361B01024,1720.0,1742.6,1717.05,1738.0,1741.0,1722.95,271062,469951750.05,13512,LEGACY
2019-10-18,DRREDDY,Dr. Reddy's Laboratories,EQ,INE089A01023,2720.0,2744.95,2710.05,2724.85,2722.0,2727.4,289279,788109039.35,19230,LEGACY
2019-10-18,GLAXO,GlaxoSmithKline Pharmaceuticals,EQ,INE159A01016,1446.0,1468.95,1433.0,1438.7,1439.0,1440.1,36237,52398254.9,2864,LEGACY
2019-10-18,GLENMARK,Glenmark Pharmaceuticals,EQ,INE935A01035,290.0,301.5,287.1,299.85,299.35,288.55,1927084,569594453.05,33060,LEGACY
2019-10-18,GRANULES,Granules India,EQ,INE101D01020,97.8,102.4,97.3,101.5,102.0,97.8,416701,41862532.4,4804,LEGACY
2019-10-18,IPCALAB,IPCA Laboratories,EQ,INE571A01020,915.0,954.0,915.0,946.7,949.7,913.2,168190,157466210.65,10600,LEGACY
2019-10-18,JBCHEPHARM,JB Chemicals & Pharmaceuticals,EQ,INE572A01028,362.2,371.9,357.6,366.55,370.0,359.25,139422,50776149.8,3293,LEGACY
2019-10-18,LAURUSLABS,Laurus Labs,EQ,INE947Q01010,310.4,321.0,310.0,316.2,317.0,310.25,188784,59011766.8,2733,LEGACY
2019-10-18,LUPIN,Lupin,EQ,INE326A01037,726.5,746.15,722.85,739.1,739.8,726.5,1813831,1333961136.7,34751,LEGACY
2019-10-18,NATCOPHARM,Natco Pharma,EQ,INE987B01026,573.0,580.75,553.9,567.85,573.4,574.15,214179,122291399.3,9266,LEGACY
2019-10-18,PEL,Piramal Enterprises,EQ,INE140A01024,1460.0,1577.4,1443.0,1556.85,1544.85,1468.85,2854853,4352942407.4,81817,LEGACY
2019-10-18,PFIZER,Pfizer,EQ,INE182A01018,3200.0,3231.95,3184.0,3221.95,3220.0,3195.65,15746,50704033.15,1360,LEGACY
2019-10-18,SANOFI,Sanofi India,EQ,INE058A01010,6300.0,6300.0,5920.15,5996.25,5950.0,6052.8,22155,134711588.05,7476,LEGACY
2019-10-18,STAR,Strides Pharma Science,EQ,INE939A01011,350.0,355.5,344.6,353.85,351.25,353.85,911003,319264811.1,18384,LEGACY
2019-10-18,SUNPHARMA,Sun Pharmaceutical Industries,EQ,INE044A01036,401.0,406.5,397.5,401.65,400.95,401.5,4647037,1870745184.15,55301,LEGACY
2019-10-18,TORNTPHARM,Torrent Pharmaceuticals,EQ,INE685A01028,1677.4,1695.05,1666.0,1684.65,1675.4,1694.5,544212,917091031.8,11322,LEGACY
2019-10-18,WOCKPHARMA,Wockhardt,EQ,INE049B01025,258.75,275.0,257.7,266.45,266.3,259.2,1005372,269252106.45,18497,LEGACY
2019-10-22,ABBOTINDIA,Abbott India,EQ,INE358A01014,10699.95,11000.0,10350.0,10699.85,10675.0,10704.5,25468,273550711.8,5887,LEGACY
2019-10-22,AJANTPHARM,Ajanta Pharma,EQ,INE031B01049,1014.0,1050.0,985.55,1004.45,1000.0,1012.35,127565,130647589.05,6802,LEGACY
2019-10-22,ALKEM,Alkem Laboratories,EQ,INE540L01014,1976.9,1985.0,1950.05,1974.75,1968.0,1958.95,83148,163508480.0,2454,LEGACY
2019-10-22,APLLTD,Alembic Pharmaceuticals,EQ,INE901L01018,544.0,547.0,530.0,538.4,537.0,544.0,31683,17143371.5,2103,LEGACY
2019-10-22,AUROPHARMA,Aurobindo Pharma,EQ,INE406A01037,477.0,485.4,471.2,477.25,479.0,476.45,2551851,1226089197.05,54106,LEGACY
2019-10-22,BIOCON,Biocon,EQ,INE376G01013,257.5,261.35,256.05,256.95,256.05,259.45,2416440,624423075.5,27392,LEGACY
2019-10-22,CADILAHC,Cadila Healthcare,EQ,INE010B01027,240.65,248.5,238.8,245.25,245.0,240.65,1079784,264901710.85,14078,LEGACY
2019-10-22,CIPLA,Cipla,EQ,INE059A01026,441.25,457.75,440.2,453.9,453.65,444.15,2333810,1053412411.95,56529,LEGACY
2019-10-22,DIVISLAB,Divi's Laboratories,EQ,INE361B01024,1732.4,1773.55,1726.25,1741.15,1752.05,1738.0,814403,1424581366.6,33462,LEGACY
2019-10-22,DRREDDY,Dr. Reddy's Laboratories,EQ,INE089A01023,2722.25,2820.7,2710.85,2810.75,2819.9,2724.85,699344,1947383980.0,44810,LEGACY
2019-10-22,GLAXO,GlaxoSmithKline Pharmaceuticals,EQ,INE159A01016,1438.7,1504.0,1426.25,1481.2,1478.0,1438.7,115109,168522549.5,8959,LEGACY
2019-10-22,GLENMARK,Glenmark Pharmaceuticals,EQ,INE935A01035,301.0,305.4,292.95,299.1,298.05,299.85,1623701,488843409.35,29101,LEGACY
2019-10-22,GRANULES,Granules India,EQ,INE101D01020,102.9,119.85,102.55,114.3,114.0,101.5,8718050,996442765.35,61858,LEGACY
2019-10-22,IPCALAB,IPCA Laboratories,EQ,INE571A01020,952.0,955.0,920.5,927.15,927.25,946.7,149393,139055648.1,17077,LEGACY
2019-10-22,JBCHEPHARM,JB Chemicals & Pharmaceuticals,EQ,INE572A01028,374.0,374.0,358.0,359.8,360.9,366.55,38294,13878581.0,1347,LEGACY
2019-10-22,LAURUSLABS,Laurus Labs,EQ,INE947Q01010,334.7,348.0,322.0,341.7,346.0,316.2,85633,28549918.9,2833,LEGACY
2019-10-22,LUPIN,Lupin,EQ,INE326A01037,738.9,748.35,733.95,745.85,744.8,739.1,712225,529552871.4,17121,LEGACY
2019-10-22,NATCOPHARM,Natco Pharma,EQ,INE987B01026,577.6,591.9,570.5,577.2,578.0,567.85,186152,108530543.35,4928,LEGACY
2019-10-22,PEL,Piramal Enterprises,EQ,INE140A01024,1582.0,1723.0,1582.0,1680.4,1687.35,1556.85,3995489,6692757556.4,121846,LEGACY
2019-10-22,PFIZER,Pfizer,EQ,INE182A01018,3215.25,3274.0,3210.3,3260.25,3254.6,3221.95,11750,38257443.35,2365,LEGACY
2019-10-22,SANOFI,Sanofi India,EQ,INE058A01010,6009.5,6147.0,5925.05,6112.0,6120.0,5996.25,8489,51799709.5,2640,LEGACY
2019-10-22,STAR,Strides Pharma Science,EQ,INE939A01011,350.6,358.2,348.25,350.75,350.45,353.85,734145,258683357.4,11354,LEGACY
2019-10-22,SUNPHARMA,Sun Pharmaceutical Industries,EQ,INE044A01036,402.0,408.0,400.95,405.45,405.6,401.65,2944611,1193339241.15,84680,LEGACY
2019-10-22,TORNTPHARM,Torrent Pharmaceuticals,EQ,INE685A01028,1638.0,1689.0,1638.0,1670.0,1668.75,1684.65,377383,626207584.35,13067,LEGACY
2019-10-22,WOCKPHARMA,Wockhardt,EQ,INE049B01025,265.8,279.5,264.4,275.2,275.9,266.45,687150,189053746.5,14811,LEGACY
2019-10-23,ABBOTINDIA,Abbott India,EQ,INE358A01014,10775.0,10974.0,10699.85,10914.25,10950.0,10699.85,15502,168399413.5,1918,LEGACY
2019-10-23,AJANTPHARM,Ajanta Pharma,EQ,INE031B01049,1009.95,1017.9,1000.0,1006.0,1005.0,1004.45,28860,29133973.8,2081,LEGACY
2019-10-23,ALKEM,Alkem Laboratories,EQ,INE540L01014,1974.8,1980.0,1955.0,1966.85,1962.0,1974.75,11472,22562378.6,1260,LEGACY
2019-10-23,APLLTD,Alembic Pharmaceuticals,EQ,INE901L01018,538.0,545.0,530.1,536.8,533.0,538.4,16014,8580008.6,1375,LEGACY
2019-10-23,AUROPHARMA,Aurobindo Pharma,EQ,INE406A01037,481.45,487.7,472.4,476.05,476.2,477.25,3011909,1439169528.1,46848,LEGACY
2019-10-23,BIOCON,Biocon,EQ,INE376G01013,256.85,258.9,253.55,258.3,257.95,256.95,2577640,661506457.85,18660,LEGACY
2019-10-23,CADILAHC,Cadila Healthcare,EQ,INE010B01027,246.0,249.0,243.25,247.85,246.75,245.25,626600,154797204.9,7221,LEGACY
2019-10-23,CIPLA,Cipla,EQ,INE059A01026,453.65,456.8,448.1,454.25,453.3,453.9,2262575,1026696225.9,41985,LEGACY
2019-10-23,DIVISLAB,Divi's Laboratories,EQ,INE361B01024,1739.0,1752.4,1725.75,1735.35,1735.4,1741.15,228759,397338964.3,10289,LEGACY
2019-10-23,DRREDDY,Dr. Reddy's Laboratories,EQ,INE089A01023,2806.8,2841.95,2755.05,2826.7,2818.95,2810.75,979592,2757439768.55,54877,LEGACY
2019-10-23,GLAXO,GlaxoSmithKline Pharmaceuticals,EQ,INE159A01016,1500.0,1534.35,1471.05,1488.55,1515.0,1481.2,81069,122132824.35,6157,LEGACY
2019-10-23,GLENMARK,Glenmark Pharmaceuticals,EQ,INE935A01035,300.5,302.0,292.7,299.2,299.2,299.1,1131376,337503569.4,29751,LEGACY
2019-10-23,GRANULES,Granules India,EQ,INE101D01020,116.0,118.8,113.2,115.7,116.0,114.3,2383219,276943137.4,19817,LEGACY
2019-10-23,IPCALAB,IPCA Laboratories,EQ,INE571A01020,932.95,950.45,927.2,945.45,942.7,927.15,77228,72908534.45,3959,LEGACY
2019-10-23,JBCHEPHARM,JB Chemicals & Pharmaceuticals,EQ,INE572A01028,358.3,363.3,352.5,355.0,355.65,359.8,72594,25953592.8,6055,LEGACY
2019-10-23,LAURUSLABS,Laurus Labs,EQ,INE947Q01010,344.45,360.6,341.7,348.0,352.0,341.7,55919,19596970.35,2447,LEGACY
2019-10-23,LUPIN,Lupin,EQ,INE326A01037,749.5,749.5,730.7,736.15,735.95,745.85,1362052,1007338499.1,21241,LEGACY
2019-10-23,NATCOPHARM,Natco Pharma,EQ,INE987B01026,583.8,584.0,567.55,575.2,576.1,577.2,80341,46146875.9,5826,LEGACY
2019-10-23,PEL,Piramal Enterprises,EQ,INE140A01024,1699.0,1747.6,1680.4,1720.75,1720.2,1680.4,2179015,3726488947.1,61105,LEGACY
2019-10-23,PFIZER,Pfizer,EQ,INE182A01018,3241.0,3316.2,3241.0,3270.65,3280.0,3260.25,35295,116032042.15,3412,LEGACY
2019-10-23,SANOFI,Sanofi India,EQ,INE058A01010,6100.0,6190.0,6080.0,6120.7,6155.0,6112.0,3917,23972078.6,1117,LEGACY
2019-10-23,STAR,Strides Pharma Science,EQ,INE939A01011,352.5,354.2,336.2,343.5,342.05,350.75,1051498,361184316.25,17344,LEGACY
2019-10-23,SUNPHARMA,Sun Pharmaceutical Industries,EQ,INE044A01036,405.6,411.35,403.0,405.2,405.5,405.45,3374975,1371567590.05,60552,LEGACY
2019-10-23,TORNTPHARM,Torrent Pharmaceuticals,EQ,INE685A01028,1680.45,1691.45,1649.05,1680.25,1685.0,1670.0,241823,404623341.9,17669,LEGACY
2019-10-23,WOCKPHARMA,Wockhardt,EQ,INE049B01025,277.0,277.35,268.0,269.8,268.5,275.2,384565,104352091.85,8607,LEGACY
2019-10-24,ABBOTINDIA,Abbott India,EQ,INE358A01014,10969.8,11200.0,10925.35,11112.05,11197.95,10914.25,15109,167289821.6,2660,LEGACY
2019-10-24,AJANTPHARM,Ajanta Pharma,EQ,INE031B01049,1009.9,1014.0,986.0,995.45,998.6,1006.0,23713,23759947.65,2043,LEGACY
2019-10-24,ALKEM,Alkem Laboratories,EQ,INE540L01014,1978.65,1978.65,1957.85,1968.7,1974.7,1966.85,45359,89509719.95,1658,LEGACY
2019-10-24,APLLTD,Alembic Pharmaceuticals,EQ,INE901L01018,541.0,550.0,531.0,542.9,550.0,536.8,45884,24933689.9,3061,LEGACY
2019-10-24,AUROPHARMA,Aurobindo Pharma,EQ,INE406A01037,479.05,483.0,466.45,469.3,468.0,476.05,2659154,1258009744.35,36579,LEGACY
2019-10-24,BIOCON,Biocon,EQ,INE376G01013,249.6,250.9,241.2,245.05,245.0,258.3,8606912,2113862885.45,68813,LEGACY
2019-10-24,CADILAHC,Cadila Healthcare,EQ,INE010B01027,245.9,250.35,243.5,244.5,244.0,247.85,893379,221454497.55,14176,LEGACY
2019-10-24,CIPLA,Cipla,EQ,INE059A01026,455.0,456.0,443.55,446.85,447.9,454.25,1733751,778774060.1,42582,LEGACY
2019-10-24,DIVISLAB,Divi's Laboratories,EQ,INE361B01024,1736.0,1779.05,1735.35,1764.05,1769.0,1735.35,283296,497642997.0,10832,LEGACY
2019-10-24,DRREDDY,Dr. Reddy's Laboratories,EQ,INE089A01023,2839.75,2849.95,2770.0,2825.3,2826.0,2826.7,602632,1692668746.6,50146,LEGACY
2019-10-24,GLAXO,GlaxoSmithKline Pharmaceuticals,EQ,INE159A01016,1492.3,1513.75,1458.95,1479.55,1480.0,1488.55,30497,45190530.3,3367,LEGACY
2019-10-24,GLENMARK,Glenmark Pharmaceuticals,EQ,INE935A01035,300.0,314.8,299.2,304.25,303.0,299.2,2128953,655755255.15,53076,LEGACY
2019-10-24,GRANULES,Granules India,EQ,INE101D01020,117.2,125.8,117.0,124.35,124.75,115.7,5807745,713075666.8,46477,LEGACY
2019-10-24,IPCALAB,IPCA Laboratories,EQ,INE571A01020,950.4,984.0,941.05,972.85,975.0,945.45,129435,125379541.25,18474,LEGACY
2019-10-24,JBCHEPHARM,JB Chemicals & Pharmaceuticals,EQ,INE572A01028,356.8,359.5,321.5,330.5,330.0,355.0,109837,37168688.8,6186,LEGACY
2019-10-24,LAURUSLABS,Laurus Labs,EQ,INE947Q01010,343.0,356.35,343.0,346.65,345.1,348.0,12114,4232468.95,482,LEGACY
2019-10-24,LUPIN,Lupin,EQ,INE326A01037,736.5,741.7,723.65,730.25,730.3,736.15,1003393,733184881.45,22244,LEGACY
2019-10-24,NATCOPHARM,Natco Pharma,EQ,INE987B01026,570.3,587.0,570.3,584.6,587.0,575.2,83190,48390453.0,6093,LEGACY
2019-10-24,PEL,Piramal Enterprises,EQ,INE140A01024,1755.0,1759.8,1668.55,1723.05,1724.15,1720.75,2199695,3782281660.0,65867,LEGACY
2019-10-24,PFIZER,Pfizer,EQ,INE182A01018,3279.45,3422.95,3267.25,3395.95,3417.9,3270.65,55299,186919796.35,6994,LEGACY
2019-10-24,SANOFI,Sanofi India,EQ,INE058A01010,6112.0,6224.4,6111.0,6200.9,6150.0,6120.7,7864,48687579.35,2716,LEGACY
2019-10-24,STAR,Strides Pharma Science,EQ,INE939A01011,345.0,359.45,342.9,344.4,345.1,343.5,2003325,700720285.95,25674,LEGACY
2019-10-24,SUNPHARMA,Sun Pharmaceutical Industries,EQ,INE044A01036,405.0,407.75,398.7,405.95,406.4,405.2,3017220,1219431441.2,74302,LEGACY
2019-10-24,TORNTPHARM,Torrent Pharmaceuticals,EQ,INE685A01028,1690.75,1782.0,1687.4,1767.75,1757.2,1680.25,1106617,1941584156.0,42874,LEGACY
2019-10-24,WOCKPHARMA,Wockhardt,EQ,INE049B01025,269.2,276.0,263.35,268.75,269.0,269.8,382691,103325740.0,7961,LEGACY
2019-10-25,ABBOTINDIA,Abbott India,EQ,INE358A01014,11200.0,11494.0,11126.0,11407.25,11349.85,11112.05,15152,172526048.9,4349,LEGACY
2019-10-25,AJANTPHARM,Ajanta Pharma,EQ,INE031B01049,1002.9,1006.95,982.7,990.5,992.9,995.45,29239,29014575.2,1911,LEGACY
2019-10-25,ALKEM,Alkem Laboratories,EQ,INE540L01014,1986.95,1989.95,1948.1,1960.2,1960.0,1968.7,13429,26313602.6,2641,LEGACY
2019-10-25,APLLTD,Alembic Pharmaceuticals,EQ,INE901L01018,554.1,564.0,532.55,539.65,534.3,542.9,935420,503654578.6,10261,LEGACY
2019-10-25,AUROPHARMA,Aurobindo Pharma,EQ,INE406A01037,466.5,475.0,463.0,470.75,468.95,469.3,3181241,1490121855.1,41800,LEGACY
2019-10-25,BIOCON,Biocon,EQ,INE376G01013,244.15,245.05,236.15,241.65,242.0,245.05,8084796,1939963800.75,54566,LEGACY
2019-10-25,CADILAHC,Cadila Healthcare,EQ,INE010B01027,244.5,248.4,240.7,244.7,243.5,244.5,923146,226365749.05,18560,LEGACY
2019-10-25,CIPLA,Cipla,EQ,INE059A01026,447.1,461.45,441.75,459.85,459.6,446.85,2647759,1194012913.9,63109,LEGACY
2019-10-25,DIVISLAB,Divi's Laboratories,EQ,INE361B01024,1761.0,1774.0,1747.55,1759.15,1755.35,1764.05,199141,350574895.25,7295,LEGACY
2019-10-25,DRREDDY,Dr. Reddy's Laboratories,EQ,INE089A01023,2824.0,2824.0,2779.95,2794.95,2792.0,2825.3,500795,1400042333.35,32150,LEGACY
2019-10-25,GLAXO,GlaxoSmithKline Pharmaceuticals,EQ,INE159A01016,1479.0,1535.0,1474.45,1516.65,1510.0,1479.55,42785,64648384.8,4709,LEGACY
2019-10-25,GLENMARK,Glenmark Pharmaceuticals,EQ,INE935A01035,305.75,314.5,303.15,310.75,311.0,304.25,2025089,628067054.05,40292,LEGACY
2019-10-25,GRANULES,Granules India,EQ,INE101D01020,125.05,129.25,122.1,124.2,123.85,124.35,2687410,337493544.6,25014,LEGACY
2019-10-25,IPCALAB,IPCA Laboratories,EQ,INE571A01020,972.85,981.0,952.05,977.45,980.0,972.85,370049,354246393.4,7560,LEGACY
2019-10-25,JBCHEPHARM,JB Chemicals & Pharmaceuticals,EQ,INE572A01028,330.0,344.0,329.95,337.4,337.8,330.5,58326,19788212.15,3926,LEGACY
2019-10-25,LAURUSLABS,Laurus Labs,EQ,INE947Q01010,350.0,351.0,341.15,346.25,345.65,346.65,27835,9681933.95,758,LEGACY
2019-10-25,LUPIN,Lupin,EQ,INE326A01037,730.3,737.15,725.0,734.1,731.75,730.25,971238,707524176.5,11819,LEGACY
2019-10-25,NATCOPHARM,Natco Pharma,EQ,INE987B01026,584.0,588.9,574.0,577.8,575.0,584.6,488078,283898933.05,3259,LEGACY
2019-10-25,PEL,Piramal Enterprises,EQ,INE140A01024,1725.2,1742.0,1430.0,1592.35,1579.5,1723.05,7492214,11646487578.35,266151,LEGACY
2019-10-25,PFIZER,Pfizer,EQ,INE182A01018,3424.8,3535.0,3424.75,3493.15,3515.0,3395.95,67779,236882410.6,6137,LEGACY
2019-10-25,SANOFI,Sanofi India,EQ,INE058A01010,6200.0,6389.95,6155.0,6319.95,6284.0,6200.9,12057,76112404.5,2911,LEGACY
2019-10-25,STAR,Strides Pharma Science,EQ,INE939A01011,346.4,378.0,343.85,373.0,372.0,344.4,6317826,2322348857.15,92603,LEGACY
2019-10-25,SUNPHARMA,Sun Pharmaceutical Industries,EQ,INE044A01036,405.0,419.5,401.05,417.5,416.35,405.95,4845146,2000725812.35,77514,LEGACY
2019-10-25,TORNTPHARM,Torrent Pharmaceuticals,EQ,INE685A01028,1767.75,1767.75,1733.95,1743.8,1745.0,1767.75,209890,368003605.85,9881,LEGACY
2019-10-25,WOCKPHARMA,Wockhardt,EQ,INE049B01025,269.0,273.5,261.1,266.75,265.8,268.75,301538,80440015.9,6309,LEGACY
2019-10-29,ABBOTINDIA,Abbott India,EQ,INE358A01014,11782.0,12173.75,11782.0,11876.6,11900.0,11897.35,10012,120034936.05,2732,LEGACY
2019-10-29,AJANTPHARM,Ajanta Pharma,EQ,INE031B01049,991.0,1035.0,990.55,1026.45,1024.1,989.75,73497,74576271.9,5887,LEGACY
2019-10-29,ALKEM,Alkem Laboratories,EQ,INE540L01014,1979.3,1979.3,1957.0,1974.0,1971.0,1969.3,19833,39059504.75,904,LEGACY
2019-10-29,APLLTD,Alembic Pharmaceuticals,EQ,INE901L01018,535.1,548.0,535.1,541.95,538.25,540.0,357959,194365860.9,5040,LEGACY
2019-10-29,AUROPHARMA,Aurobindo Pharma,EQ,INE406A01037,469.1,474.7,467.15,471.85,471.6,470.85,1673171,789675319.4,55889,LEGACY
2019-10-29,BIOCON,Biocon,EQ,INE376G01013,243.0,246.25,240.4,244.1,244.15,242.7,3420282,831768020.75,23431,LEGACY
2019-10-29,CADILAHC,Cadila Healthcare,EQ,INE010B01027,246.0,251.3,244.75,250.05,250.2,246.05,615376,152894995.35,7851,LEGACY
2019-10-29,CIPLA,Cipla,EQ,INE059A01026,463.9,478.4,462.0,473.05,472.25,461.05,3498572,1652529815.55,81941,LEGACY
2019-10-29,DIVISLAB,Divi's Laboratories,EQ,INE361B01024,1757.0,1761.5,1736.55,1754.35,1746.2,1759.5,343418,600315517.35,24846,LEGACY
2019-10-29,DRREDDY,Dr. Reddy's Laboratories,EQ,INE089A01023,2775.0,2820.0,2753.45,2802.5,2794.0,2785.6,533768,1485693616.25,32246,LEGACY
2019-10-29,GLAXO,GlaxoSmithKline Pharmaceuticals,EQ,INE159A01016,1562.0,1614.0,1552.0,1594.3,1596.75,1551.15,64700,103247157.15,7944,LEGACY
2019-10-29,GLENMARK,Glenmark Pharmaceuticals,EQ,INE935A01035,313.6,315.05,306.55,309.15,308.85,312.05,1059344,327901998.65,38459,LEGACY
2019-10-29,GRANULES,Granules India,EQ,INE101D01020,126.0,131.85,126.0,129.1,129.0,125.7,2575039,333154832.75,21451,LEGACY
2019-10-29,IPCALAB,IPCA Laboratories,EQ,INE571A01020,962.0,996.5,957.45,984.05,986.9,965.85,589981,583159462.65,7335,LEGACY
2019-10-29,JBCHEPHARM,JB Chemicals & Pharmaceuticals,EQ,INE572A01028,338.0,338.55,325.05,331.7,333.0,338.05,67043,22287159.75,2258,LEGACY
2019-10-29,LAURUSLABS,Laurus Labs,EQ,INE947Q01010,352.85,358.3,351.3,355.65,357.0,351.85,19540,6960248.95,548,LEGACY
2019-10-29,LUPIN,Lupin,EQ,INE326A01037,733.5,740.9,728.0,734.15,732.5,734.35,1708254,1251880218.05,35252,LEGACY
2019-10-29,NATCOPHARM,Natco Pharma,EQ,INE987B01026,579.5,599.0,577.55,586.9,589.7,579.5,343204,203242253.3,5692,LEGACY
2019-10-29,PEL,Piramal Enterprises,EQ,INE140A01024,1610.9,1694.95,1602.7,1665.8,1665.8,1600.65,1803676,2995822648.35,65543,LEGACY
2019-10-29,PFIZER,Pfizer,EQ,INE182A01018,3824.0,3971.0,3824.0,3927.85,3904.9,3752.9,166217,651629451.5,19534,LEGACY
2019-10-29,SANOFI,Sanofi India,EQ,INE058A01010,6500.0,6784.0,6470.3,6639.15,6638.0,6452.5,52134,346451195.95,8819,LEGACY
2019-10-29,STAR,Strides Pharma Science,EQ,INE939A01011,372.0,389.45,371.9,381.55,378.8,371.2,2196326,838136202.9,33007,LEGACY
2019-10-29,SUNPHARMA,Sun Pharmaceutical Industries,EQ,INE044A01036,417.7,425.5,414.0,421.95,421.8,417.75,3863059,1629114216.75,71180,LEGACY
2019-10-29,TORNTPHARM,Torrent Pharmaceuticals,EQ,INE685A01028,1740.0,1806.0,1723.3,1798.85,1790.15,1743.35,307105,546772139.1,17977,LEGACY
2019-10-29,WOCKPHARMA,Wockhardt,EQ,INE049B01025,269.9,278.35,268.25,272.45,272.45,269.9,417944,113917529.3,8231,LEGACY
2019-10-30,ABBOTINDIA,Abbott India,EQ,INE358A01014,11900.0,12051.45,11900.0,11922.5,11910.0,11876.6,22409,267959527.05,2078,LEGACY
2019-10-30,AJANTPHARM,Ajanta Pharma,EQ,INE031B01049,1030.0,1030.0,1011.0,1025.35,1025.45,1026.45,29285,29937196.45,2509,LEGACY
2019-10-30,ALKEM,Alkem Laboratories,EQ,INE540L01014,1979.3,1980.0,1962.85,1977.0,1964.0,1974.0,9228,18196368.65,1097,LEGACY
2019-10-30,APLLTD,Alembic Pharmaceuticals,EQ,INE901L01018,540.2,554.75,540.1,546.85,545.3,541.95,61786,33901315.0,7340,LEGACY
2019-10-30,AUROPHARMA,Aurobindo Pharma,EQ,INE406A01037,472.45,478.55,459.15,463.0,462.9,471.85,2381573,1112090616.55,39403,LEGACY
2019-10-30,BIOCON,Biocon,EQ,INE376G01013,244.15,249.6,244.0,248.25,247.15,244.1,3232514,800102652.15,24198,LEGACY
2019-10-30,CADILAHC,Cadila Healthcare,EQ,INE010B01027,250.2,251.9,246.6,250.05,249.0,250.05,591101,147410480.75,8626,LEGACY
2019-10-30,CIPLA,Cipla,EQ,INE059A01026,478.95,478.95,462.25,465.0,463.15,473.05,2640132,1229366281.15,50512,LEGACY
2019-10-30,DIVISLAB,Divi's Laboratories,EQ,INE361B01024,1740.05,1760.95,1729.0,1736.6,1739.95,1754.35,335535,584447258.75,27793,LEGACY
2019-10-30,DRREDDY,Dr. Reddy's Laboratories,EQ,INE089A01023,2829.0,2829.0,2741.55,2759.9,2750.0,2802.5,593147,1641859032.15,36073,LEGACY
2019-10-30,GLAXO,GlaxoSmithKline Pharmaceuticals,EQ,INE159A01016,1609.0,1625.0,1574.9,1599.05,1595.25,1594.3,55638,89132234.45,5229,LEGACY
2019-10-30,GLENMARK,Glenmark Pharmaceuticals,EQ,INE935A01035,309.2,316.65,306.9,309.7,309.65,309.15,1424761,442396738.85,20754,LEGACY
2019-10-30,GRANULES,Granules India,EQ,INE101D01020,129.0,133.75,126.5,129.25,129.0,129.1,1838460,241082624.9,36094,LEGACY
2019-10-30,IPCALAB,IPCA Laboratories,EQ,INE571A01020,988.0,996.0,965.05,974.65,975.0,984.05,88829,86609006.3,6434,LEGACY
2019-10-30,JBCHEPHARM,JB Chemicals & Pharmaceuticals,EQ,INE572A01028,328.5,337.7,328.5,331.4,331.0,331.7,36182,12062712.75,1149,LEGACY
2019-10-30,LAURUSLABS,Laurus Labs,EQ,INE947Q01010,351.0,369.6,351.0,365.45,366.1,355.65,50765,18419183.05,1435,LEGACY
2019-10-30,LUPIN,Lupin,EQ,INE326A01037,740.9,740.9,726.0,729.95,730.05,734.15,647084,473838554.7,22117,LEGACY
2019-10-30,NATCOPHARM,Natco Pharma,EQ,INE987B01026,592.8,606.0,586.45,593.9,594.6,586.9,241581,144499216.75,3794,LEGACY
2019-10-30,PEL,Piramal Enterprises,EQ,INE140A01024,1666.15,1750.0,1666.15,1696.8,1686.0,1665.8,2412821,4123640923.45,75936,LEGACY
2019-10-30,PFIZER,Pfizer,EQ,INE182A01018,3904.9,3932.5,3853.0,3900.65,3900.0,3927.85,45508,177394261.0,5645,LEGACY
2019-10-30,SANOFI,Sanofi India,EQ,INE058A01010,6699.0,6898.0,6566.0,6605.95,6615.0,6639.15,18260,121546178.25,3348,LEGACY
2019-10-30,STAR,Strides Pharma Science,EQ,INE939A01011,381.45,395.8,375.05,390.8,389.95,381.55,1597964,615420739.15,28466,LEGACY
2019-10-30,SUNPHARMA,Sun Pharmaceutical Industries,EQ,INE044A01036,426.95,432.55,418.1,429.65,429.6,421.95,3511610,1491817332.5,58004,LEGACY
2019-10-30,TORNTPHARM,Torrent Pharmaceuticals,EQ,INE685A01028,1792.0,1809.85,1752.5,1765.4,1760.0,1798.85,197325,350329595.6,10386,LEGACY
2019-10-30,WOCKPHARMA,Wockhardt,EQ,INE049B01025,273.9,286.0,270.9,275.5,275.0,272.45,1263249,352097846.05,20213,LEGACY
2019-10-31,ABBOTINDIA,Abbott India,EQ,INE358A01014,11990.0,12051.45,11630.0,11774.4,11715.0,11922.5,6918,82454242.15,2285,LEGACY
2019-10-31,AJANTPHARM,Ajanta Pharma,EQ,INE031B01049,1026.0,1057.5,1025.0,1050.7,1050.0,1025.35,82706,86523060.75,5408,LEGACY
2019-10-31,ALKEM,Alkem Laboratories,EQ,INE540L01014,1979.8,2022.95,1963.0,1997.7,1993.5,1977.0,45017,89675692.8,4020,LEGACY
2019-10-31,APLLTD,Alembic Pharmaceuticals,EQ,INE901L01018,552.95,561.9,548.65,550.05,549.9,546.85,163484,90106447.15,9822,LEGACY
2019-10-31,AUROPHARMA,Aurobindo Pharma,EQ,INE406A01037,466.4,476.0,463.55,469.85,469.8,463.0,2479674,1163364554.0,35798,LEGACY
2019-10-31,BIOCON,Biocon,EQ,INE376G01013,249.2,250.0,244.35,246.1,245.2,248.25,2665863,660617757.65,20591,LEGACY
2019-10-31,CADILAHC,Cadila Healthcare,EQ,INE010B01027,250.05,261.7,249.3,251.75,251.7,250.05,1873896,476056644.6,22674,LEGACY
2019-10-31,CIPLA,Cipla,EQ,INE059A01026,465.0,472.7,460.15,466.85,472.0,465.0,3944718,1834670249.0,81657,LEGACY
2019-10-31,DIVISLAB,Divi's Laboratories,EQ,INE361B01024,1744.0,1759.4,1738.5,1755.05,1748.9,1736.6,334257,584952499.95,16567,LEGACY
2019-10-31,DRREDDY,Dr. Reddy's Laboratories,EQ,INE089A01023,2779.9,2814.9,2770.1,2783.2,2788.0,2759.9,720238,2010094871.95,35177,LEGACY
2019-10-31,GLAXO,GlaxoSmithKline Pharmaceuticals,EQ,INE159A01016,1612.7,1703.65,1601.7,1662.9,1669.0,1599.05,107202,178618383.35,8689,LEGACY
2019-10-31,GLENMARK,Glenmark Pharmaceuticals,EQ,INE935A01035,308.5,319.0,308.5,315.4,315.9,309.7,1448084,455659346.25,36411,LEGACY
2019-10-31,GRANULES,Granules India,EQ,INE101D01020,129.25,130.5,124.25,125.25,125.0,129.25,954336,121954778.75,10944,LEGACY
2019-10-31,IPCALAB,IPCA Laboratories,EQ,INE571A01020,974.0,993.95,964.7,980.75,980.0,974.65,55427,54374054.65,7283,LEGACY
2019-10-31,JBCHEPHARM,JB Chemicals & Pharmaceuticals,EQ,INE572A01028,333.95,345.0,331.0,341.15,342.0,331.4,46727,15919261.15,2349,LEGACY
2019-10-31,LAURUSLABS,Laurus Labs,EQ,INE947Q01010,368.7,376.25,364.15,369.8,371.5,365.45,69482,25648538.1,1798,LEGACY
2019-10-31,LUPIN,Lupin,EQ,INE326A01037,729.9,748.2,728.0,745.1,744.25,729.95,1070150,792601569.45,25023,LEGACY
2019-10-31,NATCOPHARM,Natco Pharma,EQ,INE987B01026,593.9,596.0,588.0,589.2,591.8,593.9,51962,30722176.85,3275,LEGACY
2019-10-31,PEL,Piramal Enterprises,EQ,INE140A01024,1705.0,1727.95,1652.6,1684.2,1684.25,1696.8,2709703,4568458635.15,81722,LEGACY
2019-10-31,PFIZER,Pfizer,EQ,INE182A01018,3898.0,4137.9,3855.0,4057.85,4070.1,3900.65,115400,467730702.9,14234,LEGACY
2019-10-31,SANOFI,Sanofi India,EQ,INE058A01010,6654.0,6950.0,6625.0,6731.9,6738.7,6605.95,28100,190814756.05,5704,LEGACY
2019-10-31,STAR,Strides Pharma Science,EQ,INE939A01011,390.8,393.9,377.05,384.95,385.0,390.8,1159200,446914212.85,22062,LEGACY
2019-10-31,SUNPHARMA,Sun Pharmaceutical Industries,EQ,INE044A01036,429.6,440.55,428.8,433.4,434.7,429.65,6710116,2920695308.9,97323,LEGACY
2019-10-31,TORNTPHARM,Torrent Pharmaceuticals,EQ,INE685A01028,1762.1,1798.0,1762.1,1776.3,1778.0,1765.4,212376,377770324.85,15138,LEGACY
2019-10-31,WOCKPHARMA,Wockhardt,EQ,INE049B01025,277.2,295.45,276.55,287.15,290.0,275.5,1358911,389176687.7,24243,LEGACY
2019-11-01,ABBOTINDIA,Abbott India,EQ,INE358A01014,11750.0,11885.05,11597.0,11620.15,11630.0,11774.4,8388,98260816.55,3068,LEGACY
2019-11-01,AJANTPHARM,Ajanta Pharma,EQ,INE031B01049,1050.0,1074.95,1040.7,1062.8,1062.35,1050.7,50455,53645003.35,3316,LEGACY
2019-11-01,ALKEM,Alkem Laboratories,EQ,INE540L01014,2013.4,2013.4,1985.0,2000.15,2000.0,1997.7,53263,106468978.35,2657,LEGACY
2019-11-01,APLLTD,Alembic Pharmaceuticals,EQ,INE901L01018,550.0,581.9,546.0,570.7,571.0,550.05,423092,240205291.55,29356,LEGACY
2019-11-01,AUROPHARMA,Aurobindo Pharma,EQ,INE406A01037,472.4,482.9,467.5,480.5,480.55,469.85,2983662,1419501996.9,50370,LEGACY
2019-11-01,BIOCON,Biocon,EQ,INE376G01013,246.75,248.5,243.0,246.25,247.0,246.1,3805645,936385390.55,25272,LEGACY
2019-11-01,CADILAHC,Cadila Healthcare,EQ,INE010B01027,251.95,257.9,248.5,255.5,255.0,251.75,672164,171667636.7,10226,LEGACY
2019-11-01,CIPLA,Cipla,EQ,INE059A01026,467.3,474.2,462.4,469.2,468.5,466.85,3649879,1711429581.5,63021,LEGACY
2019-11-01,DIVISLAB,Divi's Laboratories,EQ,INE361B01024,1753.0,1771.85,1738.8,1743.15,1743.0,1755.05,339865,595576595.5,15375,LEGACY
2019-11-01,DRREDDY,Dr. Reddy's Laboratories,EQ,INE089A01023,2784.0,2829.15,2735.85,2756.6,2750.0,2783.2,3000855,8332913132.5,121774,LEGACY
2019-11-01,GLAXO,GlaxoSmithKline Pharmaceuticals,EQ,INE159A01016,1661.2,1699.0,1650.05,1671.75,1670.8,1662.9,50289,84462026.6,3918,LEGACY
2019-11-01,GLENMARK,Glenmark Pharmaceuticals,EQ,INE935A01035,317.0,321.8,314.85,315.75,315.45,315.4,1334886,424317109.85,24662,LEGACY
2019-11-01,GRANULES,Granules India,EQ,INE101D01020,125.0,127.4,119.05,121.15,121.1,125.25,885497,108291373.5,9019,LEGACY
2019-11-01,IPCALAB,IPCA Laboratories,EQ,INE571A01020,982.0,1057.0,982.0,1023.6,1024.0,980.75,596127,603969682.75,22571,LEGACY
2019-11-01,JBCHEPHARM,JB Chemicals & Pharmaceuticals,EQ,INE572A01028,348.0,348.0,341.6,346.25,346.9,341.15,38900,13448145.05,840,LEGACY
2019-11-01,LAURUSLABS,Laurus Labs,EQ,INE947Q01010,407.0,418.8,375.5,378.3,378.0,369.8,1347645,524545283.1,26400,LEGACY
2019-11-01,LUPIN,Lupin,EQ,INE326A01037,754.0,775.0,751.75,766.3,765.5,745.1,2369230,1809525350.8,44944,LEGACY
2019-11-01,NATCOPHARM,Natco Pharma,EQ,INE987B01026,591.0,596.4,580.55,586.25,586.05,589.2,173413,101628320.5,4948,LEGACY
2019-11-01,PEL,Piramal Enterprises,EQ,INE140A01024,1696.8,1768.0,1692.05,1758.05,1758.0,1684.2,1980953,3440587696.15,60511,LEGACY
2019-11-01,PFIZER,Pfizer,EQ,INE182A01018,4058.0,4149.0,4000.0,4008.55,4011.0,4057.85,48032,195045294.3,6375,LEGACY
2019-11-01,SANOFI,Sanofi India,EQ,INE058A01010,6799.95,6875.0,6612.7,6703.0,6620.0,6731.9,5267,35611007.9,1598,LEGACY
2019-11-01,STAR,Strides Pharma Science,EQ,INE939A01011,387.35,396.5,385.1,389.0,388.6,384.95,480240,187663844.95,7548,LEGACY
2019-11-01,SUNPHARMA,Sun Pharmaceutical Industries,EQ,INE044A01036,434.65,440.9,433.1,437.55,438.9,433.4,3545584,1550565646.1,58866,LEGACY
2019-11-01,TORNTPHARM,Torrent Pharmaceuticals,EQ,INE685A01028,1786.0,1818.9,1778.0,1801.9,1803.0,1776.3,189695,341175106.0,13752,LEGACY
2019-11-01,WOCKPHARMA,Wockhardt,EQ,INE049B01025,289.4,294.35,286.0,287.95,286.75,287.15,631944,183185346.15,12742,LEGACY
2019-11-04,ABBOTINDIA,Abbott India,EQ,INE358A01014,11770.0,12400.0,11770.0,11987.25,11950.0,11620.15,12263,147671894.35,3728,LEGACY
2019-11-04,AJANTPHARM,Ajanta Pharma,EQ,INE031B01049,1072.9,1088.65,903.4,1004.5,999.95,1062.8,385788,400378369.9,18093,LEGACY
2019-11-04,ALKEM,Alkem Laboratories,EQ,INE540L01014,2014.1,2025.0,1995.15,2015.95,2015.1,2000.15,49039,98597547.85,2615,LEGACY
2019-11-04,APLLTD,Alembic Pharmaceuticals,EQ,INE901L01018,575.3,589.0,572.25,579.2,577.1,570.7,149301,86585304.3,9991,LEGACY
2019-11-04,AUROPHARMA,Aurobindo Pharma,EQ,INE406A01037,479.5,507.5,474.05,477.65,477.35,480.5,7280307,3552681647.85,103787,LEGACY
2019-11-04,BIOCON,Biocon,EQ,INE376G01013,246.5,265.0,246.05,263.6,263.4,246.25,7579244,1956820695.65,55815,LEGACY
2019-11-04,CADILAHC,Cadila Healthcare,EQ,INE010B01027,256.9,260.9,233.5,241.65,240.8,255.5,5231174,1274097133.65,62163,LEGACY
2019-11-04,CIPLA,Cipla,EQ,INE059A01026,471.4,478.5,467.05,468.3,468.2,469.2,2393325,1128751066.8,40727,LEGACY
2019-11-04,DIVISLAB,Divi's Laboratories,EQ,INE361B01024,1755.0,1755.0,1716.45,1735.15,1735.0,1743.15,515116,890687426.5,19377,LEGACY
2019-11-04,DRREDDY,Dr. Reddy's Laboratories,EQ,INE089A01023,2765.25,2810.0,2748.55,2797.8,2802.0,2756.6,808849,2248143228.65,53726,LEGACY
2019-11-04,GLAXO,GlaxoSmithKline Pharmaceuticals,EQ,INE159A01016,1670.0,1693.0,1641.2,1650.8,1650.0,1671.75,33393,55524395.85,4091,LEGACY
2019-11-04,GLENMARK,Glenmark Pharmaceuticals,EQ,INE935A01035,318.0,322.95,315.1,316.15,316.95,315.75,812407,258736544.6,11471,LEGACY
2019-11-04,GRANULES,Granules India,EQ,INE101D01020,121.0,125.9,121.0,123.4,122.8,121.15,1069250,132304538.0,12200,LEGACY
2019-11-04,IPCALAB,IPCA Laboratories,EQ,INE571A01020,1025.0,1039.15,1001.0,1005.4,1004.5,1023.6,182399,184914240.55,11675,LEGACY
2019-11-04,JBCHEPHARM,JB Chemicals & Pharmaceuticals,EQ,INE572A01028,350.0,370.0,349.95,366.65,367.0,346.25,128145,46628975.3,4956,LEGACY
2019-11-04,LAURUSLABS,Laurus Labs,EQ,INE947Q01010,381.0,387.2,371.1,373.55,371.5,378.3,178834,67889445.1,6869,LEGACY
2019-11-04,LUPIN,Lupin,EQ,INE326A01037,768.2,769.6,756.0,759.95,759.1,766.3,737810,562223508.9,24754,LEGACY
2019-11-04,NATCOPHARM,Natco Pharma,EQ,INE987B01026,584.1,601.0,584.1,589.9,590.0,586.25,133548,79082093.2,4282,LEGACY
2019-11-04,PEL,Piramal Enterprises,EQ,INE140A01024,1770.35,1786.9,1686.0,1744.05,1739.95,1758.05,2027463,3529749834.3,66952,LEGACY
2019-11-04,PFIZER,Pfizer,EQ,INE182A01018,4023.8,4141.0,4000.0,4074.05,4059.0,4008.55,47537,193990153.75,6293,LEGACY
2019-11-04,SANOFI,Sanofi India,EQ,INE058A01010,6700.0,6835.0,6623.05,6702.75,6711.0,6703.0,6402,43194062.75,2280,LEGACY
2019-11-04,STAR,Strides Pharma Science,EQ,INE939A01011,402.0,411.2,398.3,404.35,401.3,389.0,1154392,467053809.45,17990,LEGACY
2019-11-04,SUNPHARMA,Sun Pharmaceutical Industries,EQ,INE044A01036,439.95,442.4,433.65,437.95,438.6,437.55,4646694,2040792827.85,58805,LEGACY
2019-11-04,TORNTPHARM,Torrent Pharmaceuticals,EQ,INE685A01028,1801.85,1833.5,1798.85,1810.7,1808.6,1801.9,189016,343335581.9,12453,LEGACY
2019-11-04,WOCKPHARMA,Wockhardt,EQ,INE049B01025,289.8,309.4,287.5,298.2,298.75,287.95,1320826,395507419.55,25128,LEGACY
2019-11-05,ABBOTINDIA,Abbott India,EQ,INE358A01014,12088.0,12088.0,11705.0,11786.55,11839.95,11987.25,5344,63191407.15,2194,LEGACY
2019-11-05,AJANTPHARM,Ajanta Pharma,EQ,INE031B01049,1007.0,1029.65,991.0,1002.3,1004.0,1004.5,192532,194396650.95,9265,LEGACY
2019-11-05,ALKEM,Alkem Laboratories,EQ,INE540L01014,2029.8,2050.0,2016.35,2048.75,2049.95,2015.95,64950,132294010.65,3482,LEGACY
2019-11-05,APLLTD,Alembic Pharmaceuticals,EQ,INE901L01018,581.7,584.0,571.6,579.8,579.15,579.2,215675,124969334.2,10306,LEGACY
2019-11-05,AUROPHARMA,Aurobindo Pharma,EQ,INE406A01037,478.0,485.5,470.4,473.9,473.55,477.65,3270484,1560162155.75,53140,LEGACY
2019-11-05,BIOCON,Biocon,EQ,INE376G01013,264.5,272.6,254.25,256.25,254.95,263.6,9080951,2358204889.85,92461,LEGACY
2019-11-05,CADILAHC,Cadila Healthcare,EQ,INE010B01027,241.5,244.5,238.5,239.6,239.4,241.65,1356790,327695818.0,17273,LEGACY
2019-11-05,CIPLA,Cipla,EQ,INE059A01026,470.15,475.5,465.15,467.85,467.85,468.3,1391429,654305311.45,29733,LEGACY
2019-11-05,DIVISLAB,Divi's Laboratories,EQ,INE361B01024,1735.0,1738.25,1676.8,1687.45,1679.4,1735.15,587695,996979680.15,32362,LEGACY
2019-11-05,DRREDDY,Dr. Reddy's Laboratories,EQ,INE089A01023,2793.8,2849.5,2792.0,2815.7,2809.95,2797.8,843662,2382659809.45,58850,LEGACY
2019-11-05,GLAXO,GlaxoSmithKline Pharmaceuticals,EQ,INE159A01016,1657.85,1669.75,1601.2,1621.95,1617.0,1650.8,61682,100325032.6,5300,LEGACY
2019-11-05,GLENMARK,Glenmark Pharmaceuticals,EQ,INE935A01035,316.15,321.8,314.65,317.1,316.2,316.15,1161397,369800726.55,17159,LEGACY
2019-11-05,GRANULES,Granules India,EQ,INE101D01020,123.4,123.75,118.8,119.65,119.9,123.4,762432,91895559.15,14619,LEGACY
2019-11-05,IPCALAB,IPCA Laboratories,EQ,INE571A01020,1006.0,1054.9,990.0,994.9,993.0,1005.4,251731,255803815.85,15289,LEGACY
2019-11-05,JBCHEPHARM,JB Chemicals & Pharmaceuticals,EQ,INE572A01028,369.0,369.55,352.0,364.35,365.1,366.65,174536,62775134.05,6515,LEGACY
2019-11-05,LAURUSLABS,Laurus Labs,EQ,INE947Q01010,375.0,381.5,368.65,370.7,369.5,373.55,108061,40587464.4,4679,LEGACY
2019-11-05,LUPIN,Lupin,EQ,INE326A01037,762.5,764.9,748.35,754.95,756.0,759.95,851794,643794867.55,26269,LEGACY
2019-11-05,NATCOPHARM,Natco Pharma,EQ,INE987B01026,591.9,597.5,583.0,586.25,585.6,589.9,73045,43136864.7,2375,LEGACY
2019-11-05,PEL,Piramal Enterprises,EQ,INE140A01024,1739.95,1758.0,1705.0,1714.8,1713.0,1744.05,1043878,1803904874.8,36402,LEGACY
2019-11-05,PFIZER,Pfizer,EQ,INE182A01018,4073.9,4099.95,4024.1,4055.75,4052.1,4074.05,19964,80921889.45,2680,LEGACY
2019-11-05,SANOFI,Sanofi India,EQ,INE058A01010,6770.0,6771.85,6600.0,6638.4,6632.0,6702.75,6899,45911695.8,1509,LEGACY
2019-11-05,STAR,Strides Pharma Science,EQ,INE939A01011,401.3,407.4,393.85,397.75,396.95,404.35,498156,198927488.7,14952,LEGACY
2019-11-05,SUNPHARMA,Sun Pharmaceutical Industries,EQ,INE044A01036,435.5,439.8,424.05,429.9,429.2,437.95,6719996,2896725321.9,65433,LEGACY
2019-11-05,TORNTPHARM,Torrent Pharmaceuticals,EQ,INE685A01028,1818.0,1829.9,1787.5,1791.65,1795.0,1810.7,121289,219119593.85,6122,LEGACY
2019-11-05,WOCKPHARMA,Wockhardt,EQ,INE049B01025,301.0,303.25,290.45,295.7,295.9,298.2,569226,169396061.6,15281,LEGACY
2019-11-06,ABBOTINDIA,Abbott India,EQ,INE358A01014,11870.0,12000.1,11450.0,11480.45,11497.95,11786.55,11369,132206146.05,3722,LEGACY
2019-11-06,AJANTPHARM,Ajanta Pharma,EQ,INE031B01049,1026.25,1035.0,995.0,1011.95,1007.0,1002.3,378744,384129495.25,25956,LEGACY
2019-11-06,ALKEM,Alkem Laboratories,EQ,INE540L01014,2042.0,2079.0,2039.6,2058.45,2064.0,2048.75,71197,146380544.0,4402,LEGACY
2019-11-06,APLLTD,Alembic Pharmaceuticals,EQ,INE901L01018,583.5,589.4,569.9,577.3,578.05,579.8,251852,145284168.45,4589,LEGACY
2019-11-06,AUROPHARMA,Aurobindo Pharma,EQ,INE406A01037,475.0,479.75,442.3,450.9,450.0,473.9,8240447,3745117375.3,121409,LEGACY
2019-11-06,BIOCON,Biocon,EQ,INE376G01013,256.2,262.25,255.1,260.75,260.0,256.25,3790931,983895202.7,36930,LEGACY
2019-11-06,CADILAHC,Cadila Healthcare,EQ,INE010B01027,237.2,245.3,237.2,239.85,239.75,239.6,776113,187320630.1,10965,LEGACY
2019-11-06,CIPLA,Cipla,EQ,INE059A01026,469.05,487.95,464.25,480.85,482.0,467.85,17751556,8472961828.15,208415,LEGACY
2019-11-06,DIVISLAB,Divi's Laboratories,EQ,INE361B01024,1651.0,1721.95,1641.7,1705.35,1702.3,1687.45,1000255,1683001032.1,33642,LEGACY
2019-11-06,DRREDDY,Dr. Reddy's Laboratories,EQ,INE089A01023,2820.1,2880.0,2820.1,2862.7,2860.45,2815.7,900469,2576663551.3,41982,LEGACY
2019-11-06,GLAXO,GlaxoSmithKline Pharmaceuticals,EQ,INE159A01016,1619.8,1640.0,1604.0,1616.2,1625.0,1621.95,45067,72783210.3,3365,LEGACY
2019-11-06,GLENMARK,Glenmark Pharmaceuticals,EQ,INE935A01035,315.5,317.95,299.05,301.3,300.0,317.1,2341017,715094335.75,35610,LEGACY
2019-11-06,GRANULES,Granules India,EQ,INE101D01020,123.0,123.0,118.0,118.9,118.4,119.65,874285,104901431.65,5482,LEGACY
2019-11-06,IPCALAB,IPCA Laboratories,EQ,INE571A01020,997.95,1025.0,991.85,1011.15,1010.0,994.9,82767,83740645.85,6616,LEGACY
2019-11-06,JBCHEPHARM,JB Chemicals & Pharmaceuticals,EQ,INE572A01028,368.0,368.7,359.5,363.7,360.0,364.35,50382,18408567.75,1513,LEGACY
2019-11-06,LAURUSLABS,Laurus Labs,EQ,INE947Q01010,369.95,378.95,368.0,370.75,370.4,370.7,60963,22791330.65,2764,LEGACY
2019-11-06,LUPIN,Lupin,EQ,INE326A01037,757.75,787.6,740.2,771.45,759.0,754.95,4844748,3704963152.45,87109,LEGACY
2019-11-06,NATCOPHARM,Natco Pharma,EQ,INE987B01026,586.35,591.8,577.15,581.1,581.1,586.25,74763,43588768.4,4053,LEGACY
2019-11-06,PEL,Piramal Enterprises,EQ,INE140A01024,1714.8,1748.15,1692.0,1736.0,1730.0,1714.8,1115056,1921608876.75,39005,LEGACY
2019-11-06,PFIZER,Pfizer,EQ,INE182A01018,4035.0,4084.0,3999.0,4006.95,4010.0,4055.75,14625,59007301.15,2660,LEGACY
2019-11-06,SANOFI,Sanofi India,EQ,INE058A01010,6638.0,6650.0,6480.0,6501.75,6506.3,6638.4,5132,33638880.75,1439,LEGACY
2019-11-06,STAR,Strides Pharma Science,EQ,INE939A01011,399.0,404.5,391.5,393.55,393.4,397.75,433624,171761774.75,15683,LEGACY
2019-11-06,SUNPHARMA,Sun Pharmaceutical Industries,EQ,INE044A01036,432.4,452.9,422.1,427.9,427.5,429.9,15917528,6973871229.45,184052,LEGACY
2019-11-06,TORNTPHARM,Torrent Pharmaceuticals,EQ,INE685A01028,1802.8,1835.0,1802.0,1815.8,1813.15,1791.65,106179,192969780.9,5496,LEGACY
2019-11-06,WOCKPHARMA,Wockhardt,EQ,INE049B01025,295.9,312.0,295.1,300.7,300.75,295.7,1353164,410707119.0,22620,LEGACY
2019-11-07,ABBOTINDIA,Abbott India,EQ,INE358A01014,11515.0,11760.0,11510.0,11695.25,11635.85,11480.45,5421,62958737.55,1790,LEGACY
2019-11-07,AJANTPHARM,Ajanta Pharma,EQ,INE031B01049,1012.0,1018.8,985.0,991.3,987.0,1011.95,98143,98053047.85,6547,LEGACY
2019-11-07,ALKEM,Alkem Laboratories,EQ,INE540L01014,2058.45,2070.0,1992.05,2006.95,2016.1,2058.45,127514,260569773.3,5447,LEGACY
2019-11-07,APLLTD,Alembic Pharmaceuticals,EQ,INE901L01018,578.0,581.5,575.0,576.45,576.55,577.3,48519,27982189.1,1215,LEGACY
2019-11-07,AUROPHARMA,Aurobindo Pharma,EQ,INE406A01037,451.5,454.8,442.6,452.0,452.6,450.9,3916537,1757061695.75,58817,LEGACY
2019-11-07,BIOCON,Biocon,EQ,INE376G01013,260.1,264.85,256.05,263.95,263.9,260.75,5664711,1480936506.6,38227,LEGACY
2019-11-07,CADILAHC,Cadila Healthcare,EQ,INE010B01027,239.85,241.5,232.1,234.9,234.6,239.85,1413454,332597479.3,15387,LEGACY
2019-11-07,CIPLA,Cipla,EQ,INE059A01026,482.0,487.4,470.0,471.85,471.8,480.85,5892783,2818714068.6,75353,LEGACY
2019-11-07,DIVISLAB,Divi's Laboratories,EQ,INE361B01024,1703.0,1723.55,1681.1,1718.0,1717.25,1705.35,362279,616638692.3,13596,LEGACY
2019-11-07,DRREDDY,Dr. Reddy's Laboratories,EQ,INE089A01023,2862.0,2883.2,2829.0,2871.05,2877.75,2862.7,441155,1257630945.65,24282,LEGACY
2019-11-07,GLAXO,GlaxoSmithKline Pharmaceuticals,EQ,INE159A01016,1618.0,1636.9,1601.0,1620.65,1635.0,1616.2,38537,62260689.1,3292,LEGACY
2019-11-07,GLENMARK,Glenmark Pharmaceuticals,EQ,INE935A01035,304.0,304.0,287.3,293.85,292.5,301.3,2794278,817422972.25,56170,LEGACY
2019-11-07,GRANULES,Granules India,EQ,INE101D01020,119.05,122.0,118.3,119.9,121.5,118.9,577518,69024231.25,4652,LEGACY
2019-11-07,IPCALAB,IPCA Laboratories,EQ,INE571A01020,1010.0,1105.0,1003.6,1063.2,1061.0,1011.15,1039240,1107313216.3,36229,LEGACY
2019-11-07,JBCHEPHARM,JB Chemicals & Pharmaceuticals,EQ,INE572A01028,374.6,392.1,371.25,381.5,384.0,363.7,291520,111560064.3,9741,LEGACY
2019-11-07,LAURUSLABS,Laurus Labs,EQ,INE947Q01010,374.95,378.0,366.6,369.4,368.5,370.75,48804,18218880.5,3236,LEGACY
2019-11-07,LUPIN,Lupin,EQ,INE326A01037,745.0,754.15,735.25,737.45,739.0,771.45,6219780,4608309649.9,83993,LEGACY
2019-11-07,NATCOPHARM,Natco Pharma,EQ,INE987B01026,582.0,586.0,579.7,582.5,580.1,581.1,71666,41774934.25,5501,LEGACY
2019-11-07,PEL,Piramal Enterprises,EQ,INE140A01024,1790.0,1874.2,1784.65,1799.9,1796.8,1736.0,2837336,5198634820.25,97900,LEGACY
2019-11-07,PFIZER,Pfizer,EQ,INE182A01018,4024.9,4075.0,4010.0,4037.45,4033.0,4006.95,21861,88271300.15,4704,LEGACY
2019-11-07,SANOFI,Sanofi India,EQ,INE058A01010,6560.0,6645.0,6480.6,6497.95,6500.0,6501.75,4914,32200501.35,2608,LEGACY
2019-11-07,STAR,Strides Pharma Science,EQ,INE939A01011,395.9,402.6,388.75,399.05,401.1,393.55,492601,195494738.95,19638,LEGACY
2019-11-07,SUNPHARMA,Sun Pharmaceutical Industries,EQ,INE044A01036,431.7,444.0,423.4,440.6,442.5,427.9,14294406,6229160048.3,152916,LEGACY
2019-11-07,TORNTPHARM,Torrent Pharmaceuticals,EQ,INE685A01028,1820.0,1825.0,1804.6,1819.3,1823.5,1815.8,55977,101740942.9,4194,LEGACY
2019-11-07,WOCKPHARMA,Wockhardt,EQ,INE049B01025,301.9,304.7,297.15,301.1,300.65,300.7,512271,154298796.4,12248,LEGACY
2019-11-08,ABBOTINDIA,Abbott India,EQ,INE358A01014,11700.0,11711.0,11400.0,11502.95,11410.0,11695.25,5622,65154854.55,1821,LEGACY
2019-11-08,AJANTPHARM,Ajanta Pharma,EQ,INE031B01049,991.2,1003.0,985.0,988.8,986.0,991.3,91434,90936960.75,7299,LEGACY
2019-11-08,ALKEM,Alkem Laboratories,EQ,INE540L01014,2005.1,2048.3,2005.1,2034.25,2037.0,2006.95,10123,20519490.8,1308,LEGACY
2019-11-08,APLLTD,Alembic Pharmaceuticals,EQ,INE901L01018,577.25,586.45,571.3,577.05,576.0,576.45,82911,48064324.85,1960,LEGACY
2019-11-08,AUROPHARMA,Aurobindo Pharma,EQ,INE406A01037,452.6,456.25,436.5,439.95,439.65,452.0,3189184,1424323523.5,47232,LEGACY
2019-11-08,BIOCON,Biocon,EQ,INE376G01013,263.85,268.5,262.1,265.0,265.0,263.95,3380307,900676038.75,32920,LEGACY
2019-11-08,CADILAHC,Cadila Healthcare,EQ,INE010B01027,234.0,238.15,231.5,232.4,232.8,234.9,771808,181469988.9,10249,LEGACY
2019-11-08,CIPLA,Cipla,EQ,INE059A01026,470.1,470.1,461.25,462.5,462.55,471.85,4300075,1994733369.0,43985,LEGACY
2019-11-08,DIVISLAB,Divi's Laboratories,EQ,INE361B01024,1714.0,1727.8,1695.0,1699.95,1698.35,1718.0,469867,803358143.25,20602,LEGACY
2019-11-08,DRREDDY,Dr. Reddy's Laboratories,EQ,INE089A01023,2860.0,2860.0,2812.3,2822.1,2812.35,2871.05,318986,906745290.35,19013,LEGACY
2019-11-08,GLAXO,GlaxoSmithKline Pharmaceuticals,EQ,INE159A01016,1622.6,1644.0,1592.05,1612.1,1640.0,1620.65,55396,89152800.45,3897,LEGACY
2019-11-08,GLENMARK,Glenmark Pharmaceuticals,EQ,INE935A01035,291.5,296.35,284.75,286.45,285.0,293.85,2244016,649979640.0,31075,LEGACY
2019-11-08,GRANULES,Granules India,EQ,INE101D01020,120.55,128.2,119.0,120.1,120.0,119.9,2750197,339106825.55,19971,LEGACY
2019-11-08,IPCALAB,IPCA Laboratories,EQ,INE571A01020,1065.85,1095.0,1055.0,1069.95,1073.9,1063.2,811868,876587741.9,21746,LEGACY
2019-11-08,JBCHEPHARM,JB Chemicals & Pharmaceuticals,EQ,INE572A01028,383.0,389.9,378.45,385.35,386.5,381.5,131728,50394661.7,5247,LEGACY
2019-11-08,LAURUSLABS,Laurus Labs,EQ,INE947Q01010,371.0,373.7,364.1,366.05,366.4,369.4,88246,32468290.3,3171,LEGACY
2019-11-08,LUPIN,Lupin,EQ,INE326A01037,741.0,743.0,715.25,718.75,718.5,737.45,1523794,1111414919.7,31915,LEGACY
2019-11-08,NATCOPHARM,Natco Pharma,EQ,INE987B01026,579.1,581.8,573.05,577.8,576.5,582.5,48779,28154729.05,1556,LEGACY
2019-11-08,PEL,Piramal Enterprises,EQ,INE140A01024,1782.5,1819.0,1767.35,1776.55,1775.8,1799.9,1342725,2405848979.1,41363,LEGACY
2019-11-08,PFIZER,Pfizer,EQ,INE182A01018,4039.8,4074.65,3996.55,4025.2,4025.3,4037.45,21710,87281556.05,2814,LEGACY
2019-11-08,SANOFI,Sanofi India,EQ,INE058A01010,6502.0,6578.5,6400.0,6466.9,6420.0,6497.95,4000,25990067.8,1505,LEGACY
2019-11-08,STAR,Strides Pharma Science,EQ,INE939A01011,399.0,410.0,396.0,400.2,398.45,399.05,576607,232228113.1,13543,LEGACY
2019-11-08,SUNPHARMA,Sun Pharmaceutical Industries,EQ,INE044A01036,442.0,442.5,420.85,422.1,421.65,440.6,11902470,5096228243.75,138582,LEGACY
2019-11-08,TORNTPHARM,Torrent Pharmaceuticals,EQ,INE685A01028,1819.9,1834.9,1800.0,1814.65,1811.85,1819.3,62630,113949148.8,4027,LEGACY
2019-11-08,WOCKPHARMA,Wockhardt,EQ,INE049B01025,287.0,293.75,283.3,286.75,286.75,301.1,824150,238356212.7,15957,LEGACY
2019-11-11,ABBOTINDIA,Abbott India,EQ,INE358A01014,11500.0,11775.0,11350.0,11698.85,11767.85,11502.95,11988,138166164.9,3130,LEGACY
2019-11-11,AJANTPHARM,Ajanta Pharma,EQ,INE031B01049,985.05,1000.0,980.05,987.2,987.0,988.8,62272,61846621.05,7692,LEGACY
2019-11-11,ALKEM,Alkem Laboratories,EQ,INE540L01014,2025.9,2068.75,1940.8,1972.0,1991.0,2034.25,161949,327751662.4,13265,LEGACY
2019-11-11,APLLTD,Alembic Pharmaceuticals,EQ,INE901L01018,580.4,582.0,572.5,574.25,576.0,577.05,42804,24647502.5,1663,LEGACY
2019-11-11,AUROPHARMA,Aurobindo Pharma,EQ,INE406A01037,437.0,443.9,431.3,437.7,437.55,439.95,4784575,2094423186.1,57025,LEGACY
2019-11-11,BIOCON,Biocon,EQ,INE376G01013,262.1,267.5,262.1,263.5,262.25,265.0,2187838,579119081.3,20876,LEGACY
2019-11-11,CADILAHC,Cadila Healthcare,EQ,INE010B01027,232.95,234.8,229.5,230.45,230.75,232.4,753824,174789907.9,12478,LEGACY
2019-11-11,CIPLA,Cipla,EQ,INE059A01026,459.4,459.4,451.75,454.85,454.4,462.5,4109355,1871583537.05,35365,LEGACY
2019-11-11,DIVISLAB,Divi's Laboratories,EQ,INE361B01024,1700.0,1719.0,1691.95,1710.55,1715.0,1699.95,207500,354576748.4,10461,LEGACY
2019-11-11,DRREDDY,Dr. Reddy's Laboratories,EQ,INE089A01023,2812.35,2827.35,2795.0,2815.75,2812.85,2822.1,306664,863199452.85,15465,LEGACY
2019-11-11,GLAXO,GlaxoSmithKline Pharmaceuticals,EQ,INE159A01016,1623.95,1638.85,1598.6,1620.0,1630.0,1612.1,38813,62536320.35,3430,LEGACY
2019-11-11,GLENMARK,Glenmark Pharmaceuticals,EQ,INE935A01035,283.05,292.5,281.45,290.65,290.5,286.45,1224610,353580425.1,19179,LEGACY
2019-11-11,GRANULES,Granules India,EQ,INE101D01020,120.1,123.3,120.0,121.1,120.15,120.1,1149196,139767082.6,10760,LEGACY
2019-11-11,IPCALAB,IPCA Laboratories,EQ,INE571A01020,1065.0,1119.0,1055.0,1095.6,1096.0,1069.95,381381,417695770.65,29320,LEGACY
2019-11-11,JBCHEPHARM,JB Chemicals & Pharmaceuticals,EQ,INE572A01028,387.95,400.0,387.0,396.8,399.05,385.35,67210,26453608.0,2822,LEGACY
2019-11-11,LAURUSLABS,Laurus Labs,EQ,INE947Q01010,363.15,373.1,363.15,369.95,369.7,366.05,64650,23911587.75,2821,LEGACY
2019-11-11,LUPIN,Lupin,EQ,INE326A01037,723.0,739.85,721.05,735.75,736.95,718.75,1502173,1100382713.85,27847,LEGACY
2019-11-11,NATCOPHARM,Natco Pharma,EQ,INE987B01026,573.2,585.95,571.85,578.6,584.0,577.8,60664,34967995.9,3361,LEGACY
2019-11-11,PEL,Piramal Enterprises,EQ,INE140A01024,1750.05,1800.0,1736.2,1781.05,1787.0,1776.55,1186900,2096762927.55,37882,LEGACY
2019-11-11,PFIZER,Pfizer,EQ,INE182A01018,4000.05,4045.0,3952.0,3995.1,3995.0,4025.2,23726,95044840.3,3314,LEGACY
2019-11-11,SANOFI,Sanofi India,EQ,INE058A01010,6454.8,6649.0,6414.15,6613.25,6571.25,6466.9,7130,46706050.75,2922,LEGACY
2019-11-11,STAR,Strides Pharma Science,EQ,INE939A01011,399.0,403.65,396.2,401.6,401.1,400.2,215734,86359955.7,7183,LEGACY
2019-11-11,SUNPHARMA,Sun Pharmaceutical Industries,EQ,INE044A01036,415.0,423.3,407.1,421.45,420.6,422.1,10249882,4271426689.45,127922,LEGACY
2019-11-11,TORNTPHARM,Torrent Pharmaceuticals,EQ,INE685A01028,1815.0,1819.95,1789.05,1803.45,1800.0,1814.65,53088,95732306.55,7495,LEGACY
2019-11-11,WOCKPHARMA,Wockhardt,EQ,INE049B01025,286.4,292.5,283.65,287.45,287.8,286.75,437114,125764764.2,11968,LEGACY
2019-11-13,ABBOTINDIA,Abbott India,EQ,INE358A01014,11868.95,12043.95,11702.0,11794.6,11750.0,11698.85,12778,151041252.9,3197,LEGACY
2019-11-13,AJANTPHARM,Ajanta Pharma,EQ,INE031B01049,994.95,995.95,977.05,981.45,982.0,987.2,47378,46761353.3,3916,LEGACY
2019-11-13,ALKEM,Alkem Laboratories,EQ,INE540L01014,2000.0,2075.0,2000.0,2065.8,2060.0,1972.0,233954,481524094.2,8037,LEGACY
2019-11-13,APLLTD,Alembic Pharmaceuticals,EQ,INE901L01018,575.0,575.0,560.05,569.85,565.45,574.25,227990,130052543.9,5460,LEGACY
2019-11-13,AUROPHARMA,Aurobindo Pharma,EQ,INE406A01037,445.0,457.95,427.65,433.85,432.45,437.7,10083492,4456107105.7,124222,LEGACY
2019-11-13,BIOCON,Biocon,EQ,INE376G01013,262.25,264.15,255.05,256.7,256.5,263.5,1384512,359485520.1,13248,LEGACY
2019-11-13,CADILAHC,Cadila Healthcare,EQ,INE010B01027,231.85,232.55,223.15,224.75,225.5,230.45,1398413,318057199.1,19316,LEGACY
2019-11-13,CIPLA,Cipla,EQ,INE059A01026,452.0,455.0,446.0,447.9,446.55,454.85,3001272,1354321380.25,45146,LEGACY
2019-11-13,DIVISLAB,Divi's Laboratories,EQ,INE361B01024,1710.0,1719.0,1660.0,1672.5,1665.5,1710.55,878362,1470177846.7,40661,LEGACY
2019-11-13,DRREDDY,Dr. Reddy's Laboratories,EQ,INE089A01023,2820.0,2823.85,2755.0,2763.15,2758.0,2815.75,456683,1268250359.3,27435,LEGACY
2019-11-13,GLAXO,GlaxoSmithKline Pharmaceuticals,EQ,INE159A01016,1621.0,1634.95,1591.2,1604.8,1595.0,1620.0,40954,65792867.5,3777,LEGACY
2019-11-13,GLENMARK,Glenmark Pharmaceuticals,EQ,INE935A01035,292.1,292.35,272.25,274.8,273.15,290.65,2511009,705043424.45,45220,LEGACY
2019-11-13,GRANULES,Granules India,EQ,INE101D01020,120.3,121.95,117.0,119.15,119.0,121.1,819857,98288501.6,8559,LEGACY
2019-11-13,IPCALAB,IPCA Laboratories,EQ,INE571A01020,1051.0,1098.0,1051.0,1089.95,1098.0,1095.6,381608,415300262.8,31525,LEGACY
2019-11-13,JBCHEPHARM,JB Chemicals & Pharmaceuticals,EQ,INE572A01028,408.4,408.95,393.3,395.7,395.0,396.8,218610,87327863.05,5931,LEGACY
2019-11-13,LAURUSLABS,Laurus Labs,EQ,INE947Q01010,370.0,370.0,359.5,361.1,359.75,369.95,48522,17696532.75,2095,LEGACY
2019-11-13,LUPIN,Lupin,EQ,INE326A01037,754.0,758.8,727.0,730.35,729.05,735.75,3036458,2245562497.5,61955,LEGACY
2019-11-13,NATCOPHARM,Natco Pharma,EQ,INE987B01026,553.0,564.0,552.95,560.15,560.05,578.6,256480,143474382.75,12146,LEGACY
2019-11-13,PEL,Piramal Enterprises,EQ,INE140A01024,1769.4,1824.5,1761.55,1810.0,1804.85,1781.05,1516160,2740536660.85,43390,LEGACY
2019-11-13,PFIZER,Pfizer,EQ,INE182A01018,3966.25,4088.85,3966.25,4003.15,4017.0,3995.1,54840,219911829.4,4181,LEGACY
2019-11-13,SANOFI,Sanofi India,EQ,INE058A01010,6598.0,6600.0,6375.25,6539.55,6536.0,6613.25,19032,123317572.85,4520,LEGACY
2019-11-13,STAR,Strides Pharma Science,EQ,INE939A01011,385.0,401.9,385.0,391.25,391.3,401.6,286423,112864573.95,11964,LEGACY
2019-11-13,SUNPHARMA,Sun Pharmaceutical Industries,EQ,INE044A01036,420.0,426.9,410.0,412.0,412.55,421.45,6033467,2521492554.45,71449,LEGACY
2019-11-13,TORNTPHARM,Torrent Pharmaceuticals,EQ,INE685A01028,1803.1,1814.0,1765.15,1772.5,1769.9,1803.45,67585,120671960.35,8154,LEGACY
2019-11-13,WOCKPHARMA,Wockhardt,EQ,INE049B01025,287.95,292.4,281.75,283.8,282.5,287.45,382296,109482933.2,10234,LEGACY
2019-11-14,ABBOTINDIA,Abbott India,EQ,INE358A01014,11899.0,12293.1,11899.0,12043.25,12035.0,11794.6,32851,396348949.35,5711,LEGACY
2019-11-14,AJANTPHARM,Ajanta Pharma,EQ,INE031B01049,982.0,989.75,971.0,975.55,979.9,981.45,42356,41432059.8,3573,LEGACY
2019-11-14,ALKEM,Alkem Laboratories,EQ,INE540L01014,2079.45,2080.0,2011.0,2021.25,2015.0,2065.8,91701,189483304.2,3438,LEGACY
2019-11-14,APLLTD,Alembic Pharmaceuticals,EQ,INE901L01018,565.95,572.0,556.85,565.25,570.0,569.85,43114,24412984.2,2341,LEGACY
2019-11-14,AUROPHARMA,Aurobindo Pharma,EQ,INE406A01037,412.65,412.65,389.35,395.8,397.0,433.85,16978139,6740026228.0,226984,LEGACY
2019-11-14,BIOCON,Biocon,EQ,INE376G01013,255.1,258.35,249.65,254.7,254.35,256.7,2855539,726058638.4,29744,LEGACY
2019-11-14,CADILAHC,Cadila Healthcare,EQ,INE010B01027,222.5,235.4,220.0,234.25,233.5,224.75,4373085,1012045764.6,38554,LEGACY
2019-11-14,CIPLA,Cipla,EQ,INE059A01026,445.2,458.2,442.65,451.4,451.95,447.9,2659601,1196580300.1,45399,LEGACY
2019-11-14,DIVISLAB,Divi's Laboratories,EQ,INE361B01024,1668.5,1694.7,1643.45,1656.5,1656.55,1672.5,892696,1485073945.45,49025,LEGACY
2019-11-14,DRREDDY,Dr. Reddy's Laboratories,EQ,INE089A01023,2775.0,2777.35,2724.95,2734.05,2730.55,2763.15,648568,1779899816.95,36432,LEGACY
2019-11-14,GLAXO,GlaxoSmithKline Pharmaceuticals,EQ,INE159A01016,1607.0,1615.0,1590.0,1601.25,1592.15,1604.8,39755,63729540.2,2765,LEGACY
2019-11-14,GLENMARK,Glenmark Pharmaceuticals,EQ,INE935A01035,275.0,284.95,267.25,282.05,284.2,274.8,3244792,902526462.45,38297,LEGACY
2019-11-14,GRANULES,Granules India,EQ,INE101D01020,119.8,125.0,118.1,124.0,125.0,119.15,1310083,159895475.85,11377,LEGACY
2019-11-14,IPCALAB,IPCA Laboratories,EQ,INE571A01020,1089.95,1147.0,1089.95,1138.45,1134.1,1089.95,390594,440999206.85,18986,LEGACY
2019-11-14,JBCHEPHARM,JB Chemicals & Pharmaceuticals,EQ,INE572A01028,390.0,398.6,390.0,396.35,398.3,395.7,83596,33097922.45,2775,LEGACY
2019-11-14,LAURUSLABS,Laurus Labs,EQ,INE947Q01010,361.15,362.65,352.4,355.45,356.0,361.1,41198,14683563.05,1836,LEGACY
2019-11-14,LUPIN,Lupin,EQ,INE326A01037,732.9,739.8,720.9,738.35,738.0,730.35,932902,683043237.4,19214,LEGACY
2019-11-14,NATCOPHARM,Natco Pharma,EQ,INE987B01026,562.45,564.0,549.1,560.55,561.0,560.15,145869,81212789.4,7502,LEGACY
2019-11-14,PEL,Piramal Enterprises,EQ,INE140A01024,1802.0,1808.95,1745.65,1758.1,1759.0,1810.0,1264496,2237663463.5,36449,LEGACY
2019-11-14,PFIZER,Pfizer,EQ,INE182A01018,4017.0,4041.95,3999.0,4001.2,4000.0,4003.15,17583,70469983.5,2057,LEGACY
2019-11-14,SANOFI,Sanofi India,EQ,INE058A01010,6580.25,6660.0,6474.25,6575.3,6598.0,6539.55,5774,37890026.65,1503,LEGACY
2019-11-14,STAR,Strides Pharma Science,EQ,INE939A01011,392.5,394.1,381.55,386.15,386.85,391.25,190387,73844316.85,6142,LEGACY
2019-11-14,SUNPHARMA,Sun Pharmaceutical Industries,EQ,INE044A01036,413.2,417.35,407.55,410.2,410.5,412.0,4750176,1960517454.7,127361,LEGACY
2019-11-14,TORNTPHARM,Torrent Pharmaceuticals,EQ,INE685A01028,1756.0,1787.45,1756.0,1771.55,1768.0,1772.5,70054,123999586.15,6433,LEGACY
2019-11-14,WOCKPHARMA,Wockhardt,EQ,INE049B01025,283.9,284.75,272.05,274.75,273.7,283.8,409754,112974506.15,9223,LEGACY
2019-11-15,ABBOTINDIA,Abbott India,EQ,INE358A01014,12099.0,12450.0,12078.05,12365.0,12394.0,12043.25,13691,168237037.05,4431,LEGACY
2019-11-15,AJANTPHARM,Ajanta Pharma,EQ,INE031B01049,969.95,979.0,966.95,970.75,973.0,975.55,38426,37355403.5,2615,LEGACY
2019-11-15,ALKEM,Alkem Laboratories,EQ,INE540L01014,2029.0,2075.0,2029.0,2058.25,2057.95,2021.25,77156,158394553.55,4156,LEGACY
2019-11-15,APLLTD,Alembic Pharmaceuticals,EQ,INE901L01018,565.95,569.95,555.75,557.55,557.1,565.25,45291,25372467.15,1720,LEGACY
2019-11-15,AUROPHARMA,Aurobindo Pharma,EQ,INE406A01037,402.0,415.95,396.25,410.25,410.2,395.8,8952221,3638597420.35,126229,LEGACY
2019-11-15,BIOCON,Biocon,EQ,INE376G01013,255.0,262.0,253.1,257.25,257.3,254.7,1929705,497218899.95,17943,LEGACY
2019-11-15,CADILAHC,Cadila Healthcare,EQ,INE010B01027,234.85,237.3,230.7,234.5,234.5,234.25,947260,222219857.75,11585,LEGACY
2019-11-15,CIPLA,Cipla,EQ,INE059A01026,448.0,468.05,435.4,463.25,462.2,451.4,10693852,4823863391.8,139803,LEGACY
2019-11-15,DIVISLAB,Divi's Laboratories,EQ,INE361B01024,1645.0,1758.95,1627.0,1747.7,1741.05,1656.5,2475371,4249771639.0,81252,LEGACY
2019-11-15,DRREDDY,Dr. Reddy's Laboratories,EQ,INE089A01023,2748.0,2748.0,2712.3,2730.8,2728.0,2734.05,378845,1034572452.5,19828,LEGACY
2019-11-15,GLAXO,GlaxoSmithKline Pharmaceuticals,EQ,INE159A01016,1600.0,1610.0,1595.2,1606.2,1603.3,1601.25,44288,71009379.2,4154,LEGACY
2019-11-15,GLENMARK,Glenmark Pharmaceuticals,EQ,INE935A01035,297.8,306.0,290.1,301.0,299.1,282.05,13094121,3925827897.05,136660,LEGACY
2019-11-15,GRANULES,Granules India,EQ,INE101D01020,124.85,126.2,122.5,123.5,123.3,124.0,1049656,130475111.1,9660,LEGACY
2019-11-15,IPCALAB,IPCA Laboratories,EQ,INE571A01020,1137.9,1152.8,1109.0,1114.65,1114.7,1138.45,263581,297484231.1,16246,LEGACY
2019-11-15,JBCHEPHARM,JB Chemicals & Pharmaceuticals,EQ,INE572A01028,395.95,399.0,392.0,396.4,397.5,396.35,50857,20167722.9,1531,LEGACY
2019-11-15,LAURUSLABS,Laurus Labs,EQ,INE947Q01010,357.95,357.95,337.5,342.1,342.2,355.45,109834,37919393.8,3870,LEGACY
2019-11-15,LUPIN,Lupin,EQ,INE326A01037,739.85,747.8,731.55,742.25,742.7,738.35,1106828,820465413.45,19753,LEGACY
2019-11-15,NATCOPHARM,Natco Pharma,EQ,INE987B01026,565.85,567.85,560.45,565.05,565.3,560.55,110950,62664219.65,4538,LEGACY
2019-11-15,PEL,Piramal Enterprises,EQ,INE140A01024,1770.05,1790.0,1760.0,1766.95,1763.75,1758.1,820115,1457652735.55,26309,LEGACY
2019-11-15,PFIZER,Pfizer,EQ,INE182A01018,4011.0,4013.3,3974.65,3980.75,3979.35,4001.2,46926,187546340.3,2160,LEGACY
2019-11-15,SANOFI,Sanofi India,EQ,INE058A01010,6565.0,6602.25,6483.0,6487.65,6490.0,6575.3,4297,27949741.9,1393,LEGACY
2019-11-15,STAR,Strides Pharma Science,EQ,INE939A01011,388.9,390.0,374.0,375.5,374.95,386.15,330725,125009960.35,5723,LEGACY
2019-11-15,SUNPHARMA,Sun Pharmaceutical Industries,EQ,INE044A01036,412.75,418.9,410.15,415.05,416.0,410.2,5416931,2248254892.15,67389,LEGACY
2019-11-15,TORNTPHARM,Torrent Pharmaceuticals,EQ,INE685A01028,1774.2,1797.6,1764.15,1782.15,1780.0,1771.55,100024,177761424.0,7743,LEGACY
2019-11-15,WOCKPHARMA,Wockhardt,EQ,INE049B01025,274.5,281.0,270.1,271.45,270.3,274.75,547918,150415175.8,11480,LEGACY
2019-11-18,ABBOTINDIA,Abbott India,EQ,INE358A01014,12450.1,13050.0,12401.0,12815.4,12800.0,12365.0,22583,288129218.4,6738,LEGACY
2019-11-18,AJANTPHARM,Ajanta Pharma,EQ,INE031B01049,970.6,984.5,966.0,972.75,967.0,970.75,42024,41013896.3,3421,LEGACY
2019-11-18,ALKEM,Alkem Laboratories,EQ,INE540L01014,2071.05,2110.0,2055.0,2099.75,2099.9,2058.25,98127,205332254.25,6625,LEGACY
2019-11-18,APLLTD,Alembic Pharmaceuticals,EQ,INE901L01018,556.0,561.4,544.0,547.9,546.95,557.55,36849,20315311.2,2478,LEGACY
2019-11-18,AUROPHARMA,Aurobindo Pharma,EQ,INE406A01037,414.75,428.95,412.65,425.15,426.5,410.25,5806824,2457763019.75,76600,LEGACY
2019-11-18,BIOCON,Biocon,EQ,INE376G01013,258.55,263.0,257.3,260.5,260.6,257.25,1470719,383079301.15,13517,LEGACY
2019-11-18,CADILAHC,Cadila Healthcare,EQ,INE010B01027,236.5,246.8,236.25,241.5,241.5,234.5,2865890,690125116.9,26518,LEGACY
2019-11-18,CIPLA,Cipla,EQ,INE059A01026,463.0,472.0,457.65,460.6,458.95,463.25,2847404,1322003632.1,39141,LEGACY
2019-11-18,DIVISLAB,Divi's Laboratories,EQ,INE361B01024,1750.5,1763.45,1720.45,1735.95,1729.0,1747.7,546681,948878606.8,28129,LEGACY
2019-11-18,DRREDDY,Dr. Reddy's Laboratories,EQ,INE089A01023,2733.0,2759.0,2732.0,2737.0,2735.65,2730.8,422773,1160768677.8,21928,LEGACY
2019-11-18,GLAXO,GlaxoSmithKline Pharmaceuticals,EQ,INE159A01016,1600.0,1635.0,1595.0,1628.4,1626.05,1606.2,50654,81980083.65,5935,LEGACY
2019-11-18,GLENMARK,Glenmark Pharmaceuticals,EQ,INE935A01035,310.4,369.85,310.4,365.55,366.0,301.0,39631542,13899487676.1,400714,LEGACY
2019-11-18,GRANULES,Granules India,EQ,INE101D01020,123.0,129.35,123.0,128.25,128.25,123.5,1935072,246178771.3,14495,LEGACY
2019-11-18,IPCALAB,IPCA Laboratories,EQ,INE571A01020,1115.0,1175.9,1097.25,1159.7,1175.0,1114.65,331664,376860577.75,24580,LEGACY
2019-11-18,JBCHEPHARM,JB Chemicals & Pharmaceuticals,EQ,INE572A01028,396.05,398.9,394.05,396.8,397.0,396.4,97334,38599562.8,2917,LEGACY
2019-11-18,LAURUSLABS,Laurus Labs,EQ,INE947Q01010,345.1,345.55,336.2,337.45,337.0,342.1,91309,31029843.05,2523,LEGACY
2019-11-18,LUPIN,Lupin,EQ,INE326A01037,742.3,759.2,742.25,746.55,745.55,742.25,1357203,1019790479.6,29083,LEGACY
2019-11-18,NATCOPHARM,Natco Pharma,EQ,INE987B01026,565.05,574.25,553.1,557.65,554.3,565.05,80677,45723157.5,5911,LEGACY
2019-11-18,PEL,Piramal Enterprises,EQ,INE140A01024,1784.9,1788.1,1736.45,1745.0,1747.0,1766.95,668818,1178316671.7,20550,LEGACY
2019-11-18,PFIZER,Pfizer,EQ,INE182A01018,3980.0,4121.0,3968.0,4070.55,4069.0,3980.75,124809,503169456.1,6900,LEGACY
2019-11-18,SANOFI,Sanofi India,EQ,INE058A01010,6517.65,6888.0,6500.0,6806.55,6840.0,6487.65,75174,500746484.35,6720,LEGACY
2019-11-18,STAR,Strides Pharma Science,EQ,INE939A01011,380.7,386.1,374.55,379.95,379.8,375.5,447525,170549279.6,7102,LEGACY
2019-11-18,SUNPHARMA,Sun Pharmaceutical Industries,EQ,INE044A01036,418.0,430.0,417.05,424.55,424.75,415.05,7710740,3277341928.85,109161,LEGACY
2019-11-18,TORNTPHARM,Torrent Pharmaceuticals,EQ,INE685A01028,1782.2,1804.8,1772.05,1779.2,1784.0,1782.15,112195,200909667.65,4347,LEGACY
2019-11-18,WOCKPHARMA,Wockhardt,EQ,INE049B01025,281.5,307.1,281.25,296.65,295.5,271.45,6985371,2089345832.95,92545,LEGACY
2019-11-19,ABBOTINDIA,Abbott India,EQ,INE358A01014,12876.0,12899.95,12650.0,12785.15,12765.0,12815.4,6314,80687782.9,2279,LEGACY
2019-11-19,AJANTPHARM,Ajanta Pharma,EQ,INE031B01049,972.15,984.0,967.0,972.15,974.0,972.75,29646,28905347.65,1868,LEGACY
2019-11-19,ALKEM,Alkem Laboratories,EQ,INE540L01014,2119.35,2150.0,2100.0,2117.05,2118.0,2099.75,78374,166276471.25,3828,LEGACY
2019-11-19,APLLTD,Alembic Pharmaceuticals,EQ,INE901L01018,548.4,561.75,548.4,549.5,549.1,547.9,20211,11187763.2,1441,LEGACY
2019-11-19,AUROPHARMA,Aurobindo Pharma,EQ,INE406A01037,429.4,435.0,425.3,431.2,430.6,425.15,4172872,1795342298.65,61368,LEGACY
2019-11-19,BIOCON,Biocon,EQ,INE376G01013,260.6,262.7,257.4,258.55,259.0,260.5,1196367,310187704.15,14004,LEGACY
2019-11-19,CADILAHC,Cadila Healthcare,EQ,INE010B01027,242.0,246.95,239.25,243.7,243.9,241.5,1756950,426710674.75,29727,LEGACY
2019-11-19,CIPLA,Cipla,EQ,INE059A01026,461.2,477.5,459.55,472.1,473.3,460.6,5080106,2404619598.7,60326,LEGACY
2019-11-19,DIVISLAB,Divi's Laboratories,EQ,INE361B01024,1738.0,1746.5,1717.45,1732.7,1730.0,1735.95,385992,668218846.35,17736,LEGACY
2019-11-19,DRREDDY,Dr. Reddy's Laboratories,EQ,INE089A01023,2741.0,2760.45,2724.5,2743.0,2751.0,2737.0,476925,1305141407.9,17780,LEGACY
2019-11-19,GLAXO,GlaxoSmithKline Pharmaceuticals,EQ,INE159A01016,1635.0,1670.3,1626.1,1639.85,1626.1,1628.4,58324,96116583.9,4100,LEGACY
2019-11-19,GLENMARK,Glenmark Pharmaceuticals,EQ,INE935A01035,374.0,374.0,347.05,350.5,349.0,365.55,21121761,7562467629.9,240705,LEGACY
2019-11-19,GRANULES,Granules India,EQ,INE101D01020,128.6,129.7,126.6,128.55,128.6,128.25,1233934,158423283.45,9501,LEGACY
2019-11-19,IPCALAB,IPCA Laboratories,EQ,INE571A01020,1166.9,1188.3,1132.2,1145.5,1143.0,1159.7,212818,246711601.6,16604,LEGACY
2019-11-19,JBCHEPHARM,JB Chemicals & Pharmaceuticals,EQ,INE572A01028,397.9,398.75,393.9,396.35,396.0,396.8,86640,34318187.05,3385,LEGACY
2019-11-19,LAURUSLABS,Laurus Labs,EQ,INE947Q01010,337.0,346.25,337.0,341.2,341.0,337.45,40191,13753791.3,2960,LEGACY
2019-11-19,LUPIN,Lupin,EQ,INE326A01037,746.8,754.85,740.7,747.7,748.0,746.55,888623,664284981.4,18112,LEGACY
2019-11-19,NATCOPHARM,Natco Pharma,EQ,INE987B01026,557.6,561.0,547.0,549.4,549.45,557.65,74177,41181690.5,3239,LEGACY
2019-11-19,PEL,Piramal Enterprises,EQ,INE140A01024,1760.0,1780.95,1753.0,1761.35,1769.0,1745.0,653591,1154948026.9,23503,LEGACY
2019-11-19,PFIZER,Pfizer,EQ,INE182A01018,4105.0,4119.8,4045.2,4053.95,4055.0,4070.55,16819,68438555.7,2267,LEGACY
2019-11-19,SANOFI,Sanofi India,EQ,INE058A01010,6840.0,6945.0,6800.0,6910.35,6919.95,6806.55,13198,90986286.1,2353,LEGACY
2019-11-19,STAR,Strides Pharma Science,EQ,INE939A01011,382.0,384.0,377.1,381.05,381.1,379.95,265503,100955938.05,3683,LEGACY
2019-11-19,SUNPHARMA,Sun Pharmaceutical Industries,EQ,INE044A01036,425.0,429.9,421.6,425.9,425.2,424.55,4163853,1773414710.95,65315,LEGACY
2019-11-19,TORNTPHARM,Torrent Pharmaceuticals,EQ,INE685A01028,1779.2,1802.65,1755.0,1759.05,1761.45,1779.2,95951,169678809.5,6407,LEGACY
2019-11-19,WOCKPHARMA,Wockhardt,EQ,INE049B01025,295.0,299.9,283.25,288.7,288.25,296.65,1291759,376778693.3,20126,LEGACY
2019-11-20,ABBOTINDIA,Abbott India,EQ,INE358A01014,12898.0,12898.0,12490.7,12578.95,12521.0,12785.15,8890,113083279.2,2366,LEGACY
2019-11-20,AJANTPHARM,Ajanta Pharma,EQ,INE031B01049,974.0,1007.95,972.15,1004.0,1007.0,972.15,246468,246082656.3,8128,LEGACY
2019-11-20,ALKEM,Alkem Laboratories,EQ,INE540L01014,2120.25,2120.25,2061.55,2083.55,2094.0,2117.05,26567,55410259.0,3707,LEGACY
2019-11-20,APLLTD,Alembic Pharmaceuticals,EQ,INE901L01018,546.0,556.0,542.15,547.85,547.0,549.5,28179,15459126.15,2073,LEGACY
2019-11-20,AUROPHARMA,Aurobindo Pharma,EQ,INE406A01037,432.0,449.0,432.0,444.8,445.9,431.2,5009429,2216167587.0,66003,LEGACY
2019-11-20,BIOCON,Biocon,EQ,INE376G01013,258.85,265.25,255.5,262.8,262.0,258.55,3361132,879588690.55,28829,LEGACY
2019-11-20,CADILAHC,Cadila Healthcare,EQ,INE010B01027,243.5,251.95,241.5,249.45,249.65,243.7,2580699,640819169.3,21156,LEGACY
2019-11-20,CIPLA,Cipla,EQ,INE059A01026,472.0,483.7,468.65,482.6,480.65,472.1,4080054,1955197804.15,45014,LEGACY
2019-11-20,DIVISLAB,Divi's Laboratories,EQ,INE361B01024,1732.0,1797.8,1726.65,1763.6,1756.6,1732.7,1047192,1852397685.75,35250,LEGACY
2019-11-20,DRREDDY,Dr. Reddy's Laboratories,EQ,INE089A01023,2746.35,2863.95,2745.0,2838.65,2828.0,2743.0,997976,2819838070.25,49514,LEGACY
2019-11-20,GLAXO,GlaxoSmithKline Pharmaceuticals,EQ,INE159A01016,1634.7,1663.25,1631.85,1660.15,1662.95,1639.85,44173,72869945.1,2920,LEGACY
2019-11-20,GLENMARK,Glenmark Pharmaceuticals,EQ,INE935A01035,349.0,364.7,344.65,359.35,358.0,350.5,9206098,3304218798.3,113179,LEGACY
2019-11-20,GRANULES,Granules India,EQ,INE101D01020,129.0,133.9,128.7,129.15,129.0,128.55,2171620,284829600.4,15637,LEGACY
2019-11-20,IPCALAB,IPCA Laboratories,EQ,INE571A01020,1143.9,1159.0,1137.05,1151.85,1151.5,1145.5,115183,132623034.5,8746,LEGACY
2019-11-20,JBCHEPHARM,JB Chemicals & Pharmaceuticals,EQ,INE572A01028,395.0,397.2,385.1,388.65,387.35,396.35,77473,30241547.35,3368,LEGACY
2019-11-20,LAURUSLABS,Laurus Labs,EQ,INE947Q01010,344.6,344.6,337.05,338.85,337.15,341.2,41181,13977238.45,3271,LEGACY
2019-11-20,LUPIN,Lupin,EQ,INE326A01037,752.2,781.0,749.1,777.85,777.9,747.7,2881427,2204163141.85,42393,LEGACY
2019-11-20,NATCOPHARM,Natco Pharma,EQ,INE987B01026,552.0,557.9,550.1,554.65,554.0,549.4,59346,32906997.25,3136,LEGACY
2019-11-20,PEL,Piramal Enterprises,EQ,INE140A01024,1769.0,1822.3,1760.0,1774.3,1771.0,1761.35,1142022,2040957507.55,34155,LEGACY
2019-11-20,PFIZER,Pfizer,EQ,INE182A01018,4080.0,4099.0,4040.0,4065.55,4065.0,4053.95,12778,51989116.6,1488,LEGACY
2019-11-20,SANOFI,Sanofi India,EQ,INE058A01010,6900.0,7000.0,6857.0,6951.35,6900.0,6910.35,18957,131872750.0,3823,LEGACY
2019-11-20,STAR,Strides Pharma Science,EQ,INE939A01011,380.5,406.1,380.5,400.05,397.9,381.05,732413,290075629.1,13905,LEGACY
2019-11-20,SUNPHARMA,Sun Pharmaceutical Industries,EQ,INE044A01036,427.2,460.6,423.85,450.0,448.5,425.9,23107507,10332456975.5,233907,LEGACY
2019-11-20,TORNTPHARM,Torrent Pharmaceuticals,EQ,INE685A01028,1766.5,1778.25,1719.4,1742.2,1739.0,1759.05,329981,578730017.6,14990,LEGACY
2019-11-20,WOCKPHARMA,Wockhardt,EQ,INE049B01025,290.0,292.75,273.15,275.75,274.55,288.7,3835354,1085258288.75,44202,LEGACY
2019-11-21,ABBOTINDIA,Abbott India,EQ,INE358A01014,12635.0,12749.95,12351.6,12392.3,12400.0,12578.95,7168,89850122.25,2640,LEGACY
2019-11-21,AJANTPHARM,Ajanta Pharma,EQ,INE031B01049,1015.0,1024.9,988.4,1007.7,1002.55,1004.0,158468,160092377.85,8294,LEGACY
2019-11-21,ALKEM,Alkem Laboratories,EQ,INE540L01014,2085.0,2100.0,2055.4,2091.0,2091.65,2083.55,40278,84137683.2,2685,LEGACY
2019-11-21,APLLTD,Alembic Pharmaceuticals,EQ,INE901L01018,545.0,559.0,543.2,547.8,547.0,547.85,183394,100490837.45,4020,LEGACY
2019-11-21,AUROPHARMA,Aurobindo Pharma,EQ,INE406A01037,444.0,448.7,426.6,429.7,429.6,444.8,5784219,2514940330.75,78369,LEGACY
2019-11-21,BIOCON,Biocon,EQ,INE376G01013,263.75,263.95,253.35,254.35,254.25,262.8,2416856,622908947.05,35496,LEGACY
2019-11-21,CADILAHC,Cadila Healthcare,EQ,INE010B01027,249.0,255.9,247.7,254.4,254.1,249.45,2441075,616379336.35,26253,LEGACY
2019-11-21,CIPLA,Cipla,EQ,INE059A01026,482.6,492.3,476.6,485.5,485.0,482.6,5600894,2722795663.55,68254,LEGACY
2019-11-21,DIVISLAB,Divi's Laboratories,EQ,INE361B01024,1763.55,1779.95,1740.1,1747.05,1740.1,1763.6,429107,753588549.5,24705,LEGACY
2019-11-21,DRREDDY,Dr. Reddy's Laboratories,EQ,INE089A01023,2828.0,2890.0,2810.2,2879.25,2879.15,2838.65,958939,2747840515.6,53099,LEGACY
2019-11-21,GLAXO,GlaxoSmithKline Pharmaceuticals,EQ,INE159A01016,1665.0,1680.0,1646.0,1658.15,1655.8,1660.15,38206,63579107.8,3206,LEGACY
2019-11-21,GLENMARK,Glenmark Pharmaceuticals,EQ,INE935A01035,358.0,358.65,348.3,349.55,349.35,359.35,3932196,1385264837.0,64329,LEGACY
2019-11-21,GRANULES,Granules India,EQ,INE101D01020,129.2,132.3,128.6,130.7,130.9,129.15,1432125,187287473.0,19944,LEGACY
2019-11-21,IPCALAB,IPCA Laboratories,EQ,INE571A01020,1145.75,1152.9,1114.35,1121.4,1116.3,1151.85,139599,157291265.55,10680,LEGACY
2019-11-21,JBCHEPHARM,JB Chemicals & Pharmaceuticals,EQ,INE572A01028,375.0,391.9,315.05,387.55,385.1,388.65,100014,38478007.7,3405,LEGACY
2019-11-21,LAURUSLABS,Laurus Labs,EQ,INE947Q01010,338.4,341.25,326.6,332.95,333.85,338.85,204826,68473775.2,1933,LEGACY
2019-11-21,LUPIN,Lupin,EQ,INE326A01037,783.95,787.95,768.7,771.0,770.1,777.85,1846584,1438568405.25,36871,LEGACY
2019-11-21,NATCOPHARM,Natco Pharma,EQ,INE987B01026,557.2,573.0,552.5,555.8,555.5,554.65,502286,279800459.25,4246,LEGACY
2019-11-21,PEL,Piramal Enterprises,EQ,INE140A01024,1774.3,1795.0,1753.75,1764.4,1761.6,1774.3,585692,1038121991.75,19304,LEGACY
2019-11-21,PFIZER,Pfizer,EQ,INE182A01018,4087.5,4140.0,4043.0,4128.35,4133.0,4065.55,44625,182820005.1,3664,LEGACY
2019-11-21,SANOFI,Sanofi India,EQ,INE058A01010,6941.0,6998.45,6860.0,6910.0,6913.0,6951.35,10399,72156611.0,1824,LEGACY
2019-11-21,STAR,Strides Pharma Science,EQ,INE939A01011,398.05,403.9,395.3,400.6,400.5,400.05,474634,189787567.65,8123,LEGACY
2019-11-21,SUNPHARMA,Sun Pharmaceutical Industries,EQ,INE044A01036,450.0,454.45,443.6,447.15,447.05,450.0,7480460,3359481950.35,85370,LEGACY
2019-11-21,TORNTPHARM,Torrent Pharmaceuticals,EQ,INE685A01028,1740.0,1764.1,1727.45,1738.9,1736.35,1742.2,145988,254929761.15,7915,LEGACY
2019-11-21,WOCKPHARMA,Wockhardt,EQ,INE049B01025,278.0,280.0,263.2,264.85,263.95,275.75,2151983,587314856.1,69730,LEGACY
2019-11-22,ABBOTINDIA,Abbott India,EQ,INE358A01014,12460.0,12619.0,12270.05,12573.4,12600.0,12392.3,7693,95707436.25,2705,LEGACY
2019-11-22,AJANTPHARM,Ajanta Pharma,EQ,INE031B01049,1010.6,1021.0,992.05,1000.5,1000.0,1007.7,42276,42447858.95,3551,LEGACY
2019-11-22,ALKEM,Alkem Laboratories,EQ,INE540L01014,2100.0,2117.8,2056.0,2078.8,2070.0,2091.0,20939,43468128.0,3075,LEGACY
2019-11-22,APLLTD,Alembic Pharmaceuticals,EQ,INE901L01018,551.0,560.0,542.55,545.4,545.0,547.8,97118,53490315.05,6956,LEGACY
2019-11-22,AUROPHARMA,Aurobindo Pharma,EQ,INE406A01037,432.1,449.7,421.5,428.85,428.5,429.7,11028958,4783576690.75,124991,LEGACY
2019-11-22,BIOCON,Biocon,EQ,INE376G01013,255.5,258.25,252.5,255.9,256.05,254.35,2112123,540373744.6,18065,LEGACY
2019-11-22,CADILAHC,Cadila Healthcare,EQ,INE010B01027,254.35,256.35,247.55,251.1,251.8,254.4,1370223,345896160.0,14005,LEGACY
2019-11-22,CIPLA,Cipla,EQ,INE059A01026,485.0,485.0,472.7,478.85,478.65,485.5,2778328,1330291276.6,43339,LEGACY
2019-11-22,DIVISLAB,Divi's Laboratories,EQ,INE361B01024,1745.0,1748.0,1717.35,1733.35,1736.0,1747.05,376747,651996174.15,14102,LEGACY
2019-11-22,DRREDDY,Dr. Reddy's Laboratories,EQ,INE089A01023,2855.0,2904.75,2843.0,2871.25,2858.05,2879.25,549551,1575512628.55,31645,LEGACY
2019-11-22,GLAXO,GlaxoSmithKline Pharmaceuticals,EQ,INE159A01016,1652.0,1662.5,1628.2,1640.95,1629.0,1658.15,24186,39665615.35,2837,LEGACY
2019-11-22,GLENMARK,Glenmark Pharmaceuticals,EQ,INE935A01035,348.95,355.0,342.2,344.05,342.75,349.55,3098682,1079221708.2,45296,LEGACY
2019-11-22,GRANULES,Granules India,EQ,INE101D01020,131.0,131.8,129.1,130.85,130.7,130.7,1426134,186133682.15,12670,LEGACY
2019-11-22,IPCALAB,IPCA Laboratories,EQ,INE571A01020,1121.4,1129.7,1093.95,1105.9,1110.0,1121.4,74870,82883939.95,6312,LEGACY
2019-11-22,JBCHEPHARM,JB Chemicals & Pharmaceuticals,EQ,INE572A01028,386.0,395.9,378.95,393.55,393.0,387.55,122664,47799687.15,6072,LEGACY
2019-11-22,LAURUSLABS,Laurus Labs,EQ,INE947Q01010,328.05,344.0,328.0,335.15,334.5,332.95,85251,28701237.65,3427,LEGACY
2019-11-22,LUPIN,Lupin,EQ,INE326A01037,775.2,781.95,767.2,772.4,771.9,771.0,1323663,1024485681.0,26678,LEGACY
2019-11-22,NATCOPHARM,Natco Pharma,EQ,INE987B01026,558.2,561.5,554.95,556.2,557.3,555.8,41954,23338583.1,1574,LEGACY
2019-11-22,PEL,Piramal Enterprises,EQ,INE140A01024,1766.0,1784.45,1740.15,1774.5,1767.0,1764.4,916645,1615478762.0,26502,LEGACY
2019-11-22,PFIZER,Pfizer,EQ,INE182A01018,4150.0,4198.0,4020.0,4033.9,4025.0,4128.35,31923,130911870.05,4623,LEGACY
2019-11-22,SANOFI,Sanofi India,EQ,INE058A01010,6930.2,6954.6,6752.55,6797.6,6820.0,6910.0,3839,26349190.5,1373,LEGACY
2019-11-22,STAR,Strides Pharma Science,EQ,INE939A01011,398.5,414.0,398.05,403.1,400.25,400.6,803054,327561647.35,14565,LEGACY
2019-11-22,SUNPHARMA,Sun Pharmaceutical Industries,EQ,INE044A01036,450.0,461.9,445.1,452.1,450.8,447.15,12114721,5494020257.6,126896,LEGACY
2019-11-22,TORNTPHARM,Torrent Pharmaceuticals,EQ,INE685A01028,1740.55,1782.65,1703.95,1711.85,1710.55,1738.9,278087,482115708.75,14360,LEGACY
2019-11-22,WOCKPHARMA,Wockhardt,EQ,INE049B01025,265.75,267.0,251.35,255.0,253.6,264.85,1980469,510702552.05,52960,LEGACY
2019-11-25,ABBOTINDIA,Abbott India,EQ,INE358A01014,12670.0,12807.95,12614.0,12696.85,12699.0,12573.4,7765,99030279.4,2564,LEGACY
2019-11-25,AJANTPHARM,Ajanta Pharma,EQ,INE031B01049,995.0,1024.7,995.0,1019.75,1018.3,1000.5,81458,82902854.25,4834,LEGACY
2019-11-25,ALKEM,Alkem Laboratories,EQ,INE540L01014,2075.85,2098.0,2028.25,2056.05,2065.0,2078.8,23944,49094917.65,3295,LEGACY
2019-11-25,APLLTD,Alembic Pharmaceuticals,EQ,INE901L01018,550.0,554.0,547.2,549.9,548.45,545.4,545342,300010557.2,6305,LEGACY
2019-11-25,AUROPHARMA,Aurobindo Pharma,EQ,INE406A01037,431.5,443.9,431.5,440.6,441.55,428.85,3945508,1732552490.15,55597,LEGACY
2019-11-25,BIOCON,Biocon,EQ,INE376G01013,256.3,260.4,255.05,258.6,257.65,255.9,3109987,803008547.5,20429,LEGACY
2019-11-25,CADILAHC,Cadila Healthcare,EQ,INE010B01027,252.2,259.9,250.35,256.7,257.0,251.1,1580268,404832550.7,18961,LEGACY
2019-11-25,CIPLA,Cipla,EQ,INE059A01026,478.25,485.35,475.9,483.5,483.25,478.85,1465490,706417935.35,23548,LEGACY
2019-11-25,DIVISLAB,Divi's Laboratories,EQ,INE361B01024,1735.0,1768.9,1726.0,1764.05,1765.0,1733.35,608852,1063911754.15,24811,LEGACY
2019-11-25,DRREDDY,Dr. Reddy's Laboratories,EQ,INE089A01023,2860.0,2936.0,2850.05,2920.65,2929.0,2871.25,468795,1355563035.8,24299,LEGACY
2019-11-25,GLAXO,GlaxoSmithKline Pharmaceuticals,EQ,INE159A01016,1638.7,1674.7,1615.0,1662.9,1672.4,1640.95,32572,53772014.9,3022,LEGACY
2019-11-25,GLENMARK,Glenmark Pharmaceuticals,EQ,INE935A01035,344.0,352.0,338.65,349.4,349.45,344.05,4109299,1421088992.75,45955,LEGACY
2019-11-25,GRANULES,Granules India,EQ,INE101D01020,131.0,133.75,130.0,131.3,130.8,130.85,1143128,150914698.85,9665,LEGACY
2019-11-25,IPCALAB,IPCA Laboratories,EQ,INE571A01020,1105.9,1115.0,1095.0,1101.75,1099.0,1105.9,123065,135908009.15,16962,LEGACY
2019-11-25,JBCHEPHARM,JB Chemicals & Pharmaceuticals,EQ,INE572A01028,386.0,393.55,379.2,389.8,388.5,393.55,38090,14787774.0,1867,LEGACY
2019-11-25,LAURUSLABS,Laurus Labs,EQ,INE947Q01010,338.0,341.0,334.2,336.3,334.65,335.15,41071,13832332.5,3060,LEGACY
2019-11-25,LUPIN,Lupin,EQ,INE326A01037,774.8,784.4,772.0,781.7,781.0,772.4,874049,681090953.95,21405,LEGACY
2019-11-25,NATCOPHARM,Natco Pharma,EQ,INE987B01026,556.75,573.55,555.05,570.5,568.5,556.2,82896,46799621.5,3937,LEGACY
2019-11-25,PEL,Piramal Enterprises,EQ,INE140A01024,1773.95,1855.75,1767.0,1846.55,1846.1,1774.5,1231648,2238743266.4,36754,LEGACY
2019-11-25,PFIZER,Pfizer,EQ,INE182A01018,4032.0,4078.8,4032.0,4064.95,4056.45,4033.9,11999,48731574.65,1860,LEGACY
2019-11-25,SANOFI,Sanofi India,EQ,INE058A01010,6772.6,6990.0,6772.6,6946.95,6955.2,6797.6,3283,22706252.05,1287,LEGACY
2019-11-25,STAR,Strides Pharma Science,EQ,INE939A01011,400.25,407.55,399.3,405.2,404.2,403.1,237456,95881015.05,5130,LEGACY
2019-11-25,SUNPHARMA,Sun Pharmaceutical Industries,EQ,INE044A01036,453.0,463.9,450.0,458.95,458.45,452.1,8251208,3792463214.2,112128,LEGACY
2019-11-25,TORNTPHARM,Torrent Pharmaceuticals,EQ,INE685A01028,1706.0,1765.25,1689.1,1760.1,1760.9,1711.85,322483,559349566.1,19657,LEGACY
2019-11-25,WOCKPHARMA,Wockhardt,EQ,INE049B01025,254.95,260.2,252.8,256.45,256.4,255.0,991243,254391105.3,15389,LEGACY
2019-11-26,ABBOTINDIA,Abbott India,EQ,INE358A01014,12740.0,12843.75,12500.0,12592.9,12580.1,12696.85,7848,99741021.65,2169,LEGACY
2019-11-26,AJANTPHARM,Ajanta Pharma,EQ,INE031B01049,1019.75,1024.8,1006.0,1014.5,1007.05,1019.75,112351,114198301.1,18680,LEGACY
2019-11-26,ALKEM,Alkem Laboratories,EQ,INE540L01014,2070.0,2100.0,2052.1,2069.3,2090.0,2056.05,33978,70811766.6,3527,LEGACY
2019-11-26,APLLTD,Alembic Pharmaceuticals,EQ,INE901L01018,554.8,562.4,550.0,555.05,552.35,549.9,133663,74265443.5,14851,LEGACY
2019-11-26,AUROPHARMA,Aurobindo Pharma,EQ,INE406A01037,443.35,449.5,439.9,445.45,445.25,440.6,4700412,2092011713.7,61663,LEGACY
2019-11-26,BIOCON,Biocon,EQ,INE376G01013,257.65,270.75,257.3,264.35,264.0,258.6,7533282,2005650119.45,67919,LEGACY
2019-11-26,CADILAHC,Cadila Healthcare,EQ,INE010B01027,256.95,259.8,253.5,255.8,255.8,256.7,1206312,309506939.9,16853,LEGACY
2019-11-26,CIPLA,Cipla,EQ,INE059A01026,483.0,490.55,476.7,478.55,478.4,483.5,3880896,1872950407.75,41373,LEGACY
2019-11-26,DIVISLAB,Divi's Laboratories,EQ,INE361B01024,1765.0,1805.5,1761.55,1784.25,1784.5,1764.05,1008355,1802064247.35,47717,LEGACY
2019-11-26,DRREDDY,Dr. Reddy's Laboratories,EQ,INE089A01023,2920.25,2975.0,2907.15,2965.85,2975.0,2920.65,1056168,3122995218.55,64941,LEGACY
2019-11-26,GLAXO,GlaxoSmithKline Pharmaceuticals,EQ,INE159A01016,1663.2,1674.0,1636.1,1645.85,1636.1,1662.9,29074,47940113.8,2588,LEGACY
2019-11-26,GLENMARK,Glenmark Pharmaceuticals,EQ,INE935A01035,349.0,354.0,332.4,341.45,345.5,349.4,17531681,5976450004.45,158202,LEGACY
2019-11-26,GRANULES,Granules India,EQ,INE101D01020,131.0,131.8,125.5,125.85,126.0,131.3,1170410,150014537.5,13496,LEGACY
2019-11-26,IPCALAB,IPCA Laboratories,EQ,INE571A01020,1102.05,1124.4,1070.0,1116.9,1122.45,1101.75,700043,777761698.1,20265,LEGACY
2019-11-26,JBCHEPHARM,JB Chemicals & Pharmaceuticals,EQ,INE572A01028,388.5,408.0,388.5,404.95,404.0,389.8,106142,42792385.3,5633,LEGACY
2019-11-26,LAURUSLABS,Laurus Labs,EQ,INE947Q01010,336.6,340.05,335.05,336.4,335.3,336.3,50852,17147780.75,2595,LEGACY
2019-11-26,LUPIN,Lupin,EQ,INE326A01037,785.6,809.0,782.3,787.85,789.0,781.7,6429321,5134242495.65,118615,LEGACY
2019-11-26,NATCOPHARM,Natco Pharma,EQ,INE987B01026,572.1,575.0,565.55,571.85,572.0,570.5,190811,109051492.35,6904,LEGACY
2019-11-26,PEL,Piramal Enterprises,EQ,INE140A01024,1860.0,1863.2,1752.0,1761.5,1764.2,1846.55,1739380,3133470232.5,55533,LEGACY
2019-11-26,PFIZER,Pfizer,EQ,INE182A01018,4097.0,4097.0,4001.3,4013.05,4015.45,4064.95,15511,62567277.65,3267,LEGACY
2019-11-26,SANOFI,Sanofi India,EQ,INE058A01010,6946.95,7000.0,6908.0,6924.75,6916.0,6946.95,5824,40518965.4,2375,LEGACY
2019-11-26,STAR,Strides Pharma Science,EQ,INE939A01011,405.0,407.5,388.25,392.25,390.0,405.2,253644,101396270.1,5497,LEGACY
2019-11-26,SUNPHARMA,Sun Pharmaceutical Industries,EQ,INE044A01036,463.8,467.4,446.5,450.75,452.0,458.95,11278843,5139484795.8,119712,LEGACY
2019-11-26,TORNTPHARM,Torrent Pharmaceuticals,EQ,INE685A01028,1765.0,1800.0,1741.15,1788.1,1785.5,1760.1,308346,549110973.5,21800,LEGACY
2019-11-26,WOCKPHARMA,Wockhardt,EQ,INE049B01025,257.3,265.5,257.0,258.65,258.4,256.45,1234030,321926291.2,19380,LEGACY
2019-11-27,ABBOTINDIA,Abbott India,EQ,INE358A01014,12645.0,12800.0,12507.0,12557.15,12520.0,12592.9,7412,93659805.35,2169,LEGACY
2019-11-27,AJANTPHARM,Ajanta Pharma,EQ,INE031B01049,1010.0,1016.4,995.35,1002.35,1000.0,1014.5,45697,45831702.9,4474,LEGACY
2019-11-27,ALKEM,Alkem Laboratories,EQ,INE540L01014,2080.0,2097.7,1980.0,2000.35,2004.0,2069.3,165045,331888186.6,18774,LEGACY
2019-11-27,APLLTD,Alembic Pharmaceuticals,EQ,INE901L01018,555.1,585.0,555.1,579.0,578.0,555.05,830358,466160480.1,4694,LEGACY
2019-11-27,AUROPHARMA,Aurobindo Pharma,EQ,INE406A01037,446.6,457.0,445.35,453.4,453.05,445.45,3795893,1718899456.35,57149,LEGACY
2019-11-27,BIOCON,Biocon,EQ,INE376G01013,269.95,279.3,268.1,276.55,276.3,264.35,13468016,3715397147.85,101670,LEGACY
2019-11-27,CADILAHC,Cadila Healthcare,EQ,INE010B01027,255.8,258.95,252.6,254.95,255.6,255.8,2109146,539424821.1,19062,LEGACY
2019-11-27,CIPLA,Cipla,EQ,INE059A01026,475.0,475.0,464.55,468.0,468.0,478.55,3494515,1635752636.55,55599,LEGACY
2019-11-27,DIVISLAB,Divi's Laboratories,EQ,INE361B01024,1785.0,1818.0,1773.8,1811.35,1814.8,1784.25,795959,1425498276.15,41635,LEGACY
2019-11-27,DRREDDY,Dr. Reddy's Laboratories,EQ,INE089A01023,2960.0,2991.95,2942.3,2972.0,2959.05,2965.85,558515,1658764624.4,36072,LEGACY
2019-11-27,GLAXO,GlaxoSmithKline Pharmaceuticals,EQ,INE159A01016,1645.0,1680.0,1631.9,1673.1,1674.0,1645.85,38495,64098110.15,3853,LEGACY
2019-11-27,GLENMARK,Glenmark Pharmaceuticals,EQ,INE935A01035,343.55,358.0,343.2,346.55,346.35,341.45,7373413,2599096568.75,82174,LEGACY
2019-11-27,GRANULES,Granules India,EQ,INE101D01020,127.5,129.9,126.35,127.9,129.3,125.85,1323394,168820438.15,5814,LEGACY
2019-11-27,IPCALAB,IPCA Laboratories,EQ,INE571A01020,1118.75,1136.35,1100.0,1115.95,1119.15,1116.9,70606,78784722.8,5443,LEGACY
2019-11-27,JBCHEPHARM,JB Chemicals & Pharmaceuticals,EQ,INE572A01028,406.65,408.45,398.75,404.1,405.05,404.95,51762,20894669.85,2908,LEGACY
2019-11-27,LAURUSLABS,Laurus Labs,EQ,INE947Q01010,336.7,362.95,332.95,353.25,352.05,336.4,920445,316234283.9,13899,LEGACY
2019-11-27,LUPIN,Lupin,EQ,INE326A01037,789.0,797.7,782.15,792.55,792.5,787.85,1435468,1136519684.8,30011,LEGACY
2019-11-27,NATCOPHARM,Natco Pharma,EQ,INE987B01026,569.2,581.8,567.7,573.35,573.9,571.85,187801,107446305.8,4249,LEGACY
2019-11-27,PEL,Piramal Enterprises,EQ,INE140A01024,1761.55,1795.0,1750.15,1763.55,1761.0,1761.5,953188,1686400601.3,27242,LEGACY
2019-11-27,PFIZER,Pfizer,EQ,INE182A01018,4014.0,4034.75,3964.0,3990.7,3985.95,4013.05,13431,53640532.1,1879,LEGACY
2019-11-27,SANOFI,Sanofi India,EQ,INE058A01010,6924.75,6971.0,6840.95,6893.8,6941.0,6924.75,5266,36325970.95,1087,LEGACY
2019-11-27,STAR,Strides Pharma Science,EQ,INE939A01011,394.65,396.5,387.0,391.75,391.3,392.25,232953,91355104.7,7175,LEGACY
2019-11-27,SUNPHARMA,Sun Pharmaceutical Industries,EQ,INE044A01036,449.95,461.0,447.55,458.75,459.25,450.75,6481012,2951681974.65,63515,LEGACY
2019-11-27,TORNTPHARM,Torrent Pharmaceuticals,EQ,INE685A01028,1800.0,1899.8,1790.0,1874.25,1872.0,1788.1,621791,1148802734.95,44122,LEGACY
2019-11-27,WOCKPHARMA,Wockhardt,EQ,INE049B01025,256.6,257.65,250.25,253.6,253.0,258.65,893107,226618934.1,14708,LEGACY
2019-11-28,ABBOTINDIA,Abbott India,EQ,INE358A01014,12549.95,12805.0,12501.0,12743.1,12758.65,12557.15,7661,97330258.3,2172,LEGACY
2019-11-28,AJANTPHARM,Ajanta Pharma,EQ,INE031B01049,1001.3,1005.0,991.05,999.9,1000.0,1002.35,48149,48103511.1,3137,LEGACY
2019-11-28,ALKEM,Alkem Laboratories,EQ,INE540L01014,2008.0,2037.95,1999.95,2025.45,2015.0,2000.35,33966,68698633.65,4301,LEGACY
2019-11-28,APLLTD,Alembic Pharmaceuticals,EQ,INE901L01018,579.8,587.6,562.1,567.3,567.0,579.0,63134,36352524.0,4472,LEGACY
2019-11-28,AUROPHARMA,Aurobindo Pharma,EQ,INE406A01037,455.0,458.3,446.7,449.65,450.0,453.4,2622919,1183671601.0,34033,LEGACY
2019-11-28,BIOCON,Biocon,EQ,INE376G01013,275.1,284.9,273.85,283.75,284.5,276.55,7459630,2093475655.55,63744,LEGACY
2019-11-28,CADILAHC,Cadila Healthcare,EQ,INE010B01027,254.95,259.9,253.6,258.8,259.05,254.95,1533842,396022834.35,13157,LEGACY
2019-11-28,CIPLA,Cipla,EQ,INE059A01026,472.0,476.5,464.1,468.35,469.2,468.0,2933958,1378798680.8,43105,LEGACY
2019-11-28,DIVISLAB,Divi's Laboratories,EQ,INE361B01024,1824.0,1825.0,1787.7,1793.0,1792.05,1811.35,633764,1140586429.6,19060,LEGACY
2019-11-28,DRREDDY,Dr. Reddy's Laboratories,EQ,INE089A01023,2968.1,2982.6,2943.05,2976.75,2970.0,2972.0,256436,759375501.7,13840,LEGACY
2019-11-28,GLAXO,GlaxoSmithKline Pharmaceuticals,EQ,INE159A01016,1679.85,1737.0,1662.2,1697.65,1695.0,1673.1,116650,199131200.3,10039,LEGACY
2019-11-28,GLENMARK,Glenmark Pharmaceuticals,EQ,INE935A01035,347.2,351.4,341.95,344.45,344.5,346.55,2212909,763063047.05,31728,LEGACY
2019-11-28,GRANULES,Granules India,EQ,INE101D01020,135.0,135.9,128.2,129.35,130.0,127.9,3886838,512263700.0,26280,LEGACY
2019-11-28,IPCALAB,IPCA Laboratories,EQ,INE571A01020,1127.7,1134.95,1102.0,1128.6,1122.15,1115.95,87596,98301400.0,6329,LEGACY
2019-11-28,JBCHEPHARM,JB Chemicals & Pharmaceuticals,EQ,INE572A01028,405.0,405.0,394.0,396.05,395.65,404.1,81470,32404264.3,3467,LEGACY
2019-11-28,LAURUSLABS,Laurus Labs,EQ,INE947Q01010,353.0,358.55,346.5,349.4,348.35,353.25,202916,71347270.35,5002,LEGACY
2019-11-28,LUPIN,Lupin,EQ,INE326A01037,788.0,806.0,788.0,804.35,804.0,792.55,1589978,1269664658.8,29225,LEGACY
2019-11-28,NATCOPHARM,Natco Pharma,EQ,INE987B01026,575.0,576.9,567.8,575.3,575.0,573.35,63521,36491189.55,2925,LEGACY
2019-11-28,PEL,Piramal Enterprises,EQ,INE140A01024,1773.8,1837.35,1745.65,1805.5,1805.5,1763.55,1801987,3238304445.6,51164,LEGACY
2019-11-28,PFIZER,Pfizer,EQ,INE182A01018,3990.0,4084.0,3968.0,4016.85,4029.0,3990.7,48192,192822099.8,2898,LEGACY
2019-11-28,SANOFI,Sanofi India,EQ,INE058A01010,6890.0,7025.0,6821.55,7002.2,6999.95,6893.8,11444,79675913.9,3465,LEGACY
2019-11-28,STAR,Strides Pharma Science,EQ,INE939A01011,391.3,394.7,386.1,388.4,387.5,391.75,235653,91913499.35,7036,LEGACY
2019-11-28,SUNPHARMA,Sun Pharmaceutical Industries,EQ,INE044A01036,456.2,462.4,455.15,457.35,459.5,458.75,4005893,1839036430.8,52474,LEGACY
2019-11-28,TORNTPHARM,Torrent Pharmaceuticals,EQ,INE685A01028,1870.0,1895.0,1850.8,1883.85,1890.0,1874.25,288801,540310183.95,20654,LEGACY
2019-11-28,WOCKPHARMA,Wockhardt,EQ,INE049B01025,254.6,257.5,253.8,254.7,254.9,253.6,597113,152317147.15,9343,LEGACY
2019-11-29,ABBOTINDIA,Abbott India,EQ,INE358A01014,12750.0,12792.0,12510.0,12578.4,12650.0,12743.1,5272,66590038.75,1781,LEGACY
2019-11-29,AJANTPHARM,Ajanta Pharma,EQ,INE031B01049,1003.0,1004.9,991.0,996.9,1000.0,999.9,77054,76711013.15,2766,LEGACY
2019-11-29,ALKEM,Alkem Laboratories,EQ,INE540L01014,2026.1,2039.95,2002.0,2029.1,2010.0,2025.45,33717,68371488.35,2967,LEGACY
2019-11-29,APLLTD,Alembic Pharmaceuticals,EQ,INE901L01018,567.0,577.1,549.0,551.9,556.9,567.3,58260,32683076.45,3022,LEGACY
2019-11-29,AUROPHARMA,Aurobindo Pharma,EQ,INE406A01037,454.0,461.85,445.6,449.9,450.0,449.65,4129315,1873609035.85,52048,LEGACY
2019-11-29,BIOCON,Biocon,EQ,INE376G01013,283.2,288.4,280.55,281.65,282.0,283.75,3744414,1063617012.35,32629,LEGACY
2019-11-29,CADILAHC,Cadila Healthcare,EQ,INE010B01027,259.05,265.6,252.05,254.15,253.85,258.8,2749988,710334333.75,24250,LEGACY
2019-11-29,CIPLA,Cipla,EQ,INE059A01026,469.65,473.4,465.6,466.7,467.0,468.35,1307574,612634443.75,35757,LEGACY
2019-11-29,DIVISLAB,Divi's Laboratories,EQ,INE361B01024,1795.3,1802.85,1781.8,1786.2,1785.2,1793.0,258455,462151374.65,21455,LEGACY
2019-11-29,DRREDDY,Dr. Reddy's Laboratories,EQ,INE089A01023,2974.7,2974.7,2895.3,2913.85,2905.85,2976.75,560413,1635612790.0,42668,LEGACY
2019-11-29,GLAXO,GlaxoSmithKline Pharmaceuticals,EQ,INE159A01016,1695.0,1704.7,1663.35,1677.0,1670.0,1697.65,23044,38683993.15,2327,LEGACY
2019-11-29,GLENMARK,Glenmark Pharmaceuticals,EQ,INE935A01035,345.95,349.5,333.85,337.3,335.1,344.45,1642852,561958800.25,23289,LEGACY
2019-11-29,GRANULES,Granules India,EQ,INE101D01020,129.2,132.1,126.0,127.75,127.25,129.35,1777161,229548139.05,13759,LEGACY
2019-11-29,IPCALAB,IPCA Laboratories,EQ,INE571A01020,1127.4,1158.0,1115.0,1142.6,1142.0,1128.6,107186,121512904.9,5786,LEGACY
2019-11-29,JBCHEPHARM,JB Chemicals & Pharmaceuticals,EQ,INE572A01028,396.05,406.0,394.0,395.7,395.0,396.05,46653,18541946.8,2415,LEGACY
2019-11-29,LAURUSLABS,Laurus Labs,EQ,INE947Q01010,350.0,358.45,348.45,350.25,349.8,349.4,384126,135255932.8,4688,LEGACY
2019-11-29,LUPIN,Lupin,EQ,INE326A01037,803.5,815.0,796.3,800.65,799.55,804.35,3319942,2679692134.9,52046,LEGACY
2019-11-29,NATCOPHARM,Natco Pharma,EQ,INE987B01026,575.3,597.1,572.7,593.75,593.75,575.3,129325,75754523.6,6355,LEGACY
2019-11-29,PEL,Piramal Enterprises,EQ,INE140A01024,1807.95,1858.0,1781.0,1810.45,1807.0,1805.5,1491650,2708396197.2,43589,LEGACY
2019-11-29,PFIZER,Pfizer,EQ,INE182A01018,4038.8,4198.0,3989.95,4140.3,4145.0,4016.85,44100,180989636.05,4887,LEGACY
2019-11-29,SANOFI,Sanofi India,EQ,INE058A01010,6960.0,7100.0,6915.1,7073.35,7099.0,7002.2,11278,79254721.7,2473,LEGACY
2019-11-29,STAR,Strides Pharma Science,EQ,INE939A01011,386.9,394.0,385.1,387.55,385.1,388.4,238736,93057202.6,6584,LEGACY
2019-11-29,SUNPHARMA,Sun Pharmaceutical Industries,EQ,INE044A01036,458.4,460.55,447.45,449.85,449.0,457.35,3198828,1448208886.65,52523,LEGACY
2019-11-29,TORNTPHARM,Torrent Pharmaceuticals,EQ,INE685A01028,1873.2,1920.5,1865.05,1898.6,1898.5,1883.85,313325,595892298.35,22912,LEGACY
2019-11-29,WOCKPHARMA,Wockhardt,EQ,INE049B01025,251.0,264.4,251.0,257.75,257.5,254.7,1367749,352605061.9,23820,LEGACY
2019-12-02,ABBOTINDIA,Abbott India,EQ,INE358A01014,12678.4,12880.0,12578.4,12621.25,12658.0,12578.4,7348,93424828.6,3090,LEGACY
2019-12-02,AJANTPHARM,Ajanta Pharma,EQ,INE031B01049,999.0,1002.2,986.0,989.9,988.7,996.9,42220,41857091.4,2669,LEGACY
2019-12-02,ALKEM,Alkem Laboratories,EQ,INE540L01014,2022.1,2059.3,2000.05,2033.25,2040.9,2029.1,25437,51498271.05,7336,LEGACY
2019-12-02,APLLTD,Alembic Pharmaceuticals,EQ,INE901L01018,555.0,560.0,550.25,556.1,558.0,551.9,82126,45680990.4,2421,LEGACY
2019-12-02,AUROPHARMA,Aurobindo Pharma,EQ,INE406A01037,452.7,455.0,447.5,450.15,451.0,449.9,2189174,986049114.75,26017,LEGACY
2019-12-02,BIOCON,Biocon,EQ,INE376G01013,283.2,291.95,282.45,285.8,287.95,281.65,5871834,1687804045.45,46424,LEGACY
2019-12-02,CADILAHC,Cadila Healthcare,EQ,INE010B01027,254.0,259.25,251.75,258.2,258.0,254.15,2786539,713038200.65,25360,LEGACY
2019-12-02,CIPLA,Cipla,EQ,INE059A01026,469.6,469.6,455.35,464.0,463.5,466.7,2492362,1151138958.25,35785,LEGACY
2019-12-02,DIVISLAB,Divi's Laboratories,EQ,INE361B01024,1773.1,1795.0,1773.1,1785.05,1786.0,1786.2,401926,717686061.9,16679,LEGACY
2019-12-02,DRREDDY,Dr. Reddy's Laboratories,EQ,INE089A01023,2918.0,2918.0,2852.0,2871.7,2872.1,2913.85,598055,1716227760.0,36322,LEGACY
2019-12-02,GLAXO,GlaxoSmithKline Pharmaceuticals,EQ,INE159A01016,1680.8,1699.0,1658.2,1668.15,1672.35,1677.0,21096,35370891.05,2753,LEGACY
2019-12-02,GLENMARK,Glenmark Pharmaceuticals,EQ,INE935A01035,338.0,338.2,326.0,332.4,330.4,337.3,4747001,1567369919.2,45328,LEGACY
2019-12-02,GRANULES,Granules India,EQ,INE101D01020,128.35,128.5,119.0,123.45,123.0,127.75,1856346,229300281.2,14738,LEGACY
2019-12-02,IPCALAB,IPCA Laboratories,EQ,INE571A01020,1135.0,1154.4,1111.05,1131.25,1130.55,1142.6,116126,131206424.4,12326,LEGACY
2019-12-02,JBCHEPHARM,JB Chemicals & Pharmaceuticals,EQ,INE572A01028,403.0,404.95,395.8,401.15,400.0,395.7,108228,43372108.9,2599,LEGACY
2019-12-02,LAURUSLABS,Laurus Labs,EQ,INE947Q01010,350.95,353.9,341.5,342.45,341.8,350.25,53518,18506912.2,2036,LEGACY
2019-12-02,LUPIN,Lupin,EQ,INE326A01037,802.65,803.45,790.0,796.05,793.8,800.65,1387965,1106501775.3,42090,LEGACY
2019-12-02,NATCOPHARM,Natco Pharma,EQ,INE987B01026,595.0,597.95,586.35,588.9,589.0,593.75,61159,36092372.0,2717,LEGACY
2019-12-02,PEL,Piramal Enterprises,EQ,INE140A01024,1810.5,1828.0,1776.0,1820.15,1818.0,1810.45,944880,1706845437.2,28299,LEGACY
2019-12-02,PFIZER,Pfizer,EQ,INE182A01018,4175.0,4260.0,4140.0,4193.7,4188.1,4140.3,40330,169841224.25,7033,LEGACY
2019-12-02,SANOFI,Sanofi India,EQ,INE058A01010,7118.1,7234.0,7085.0,7166.45,7156.0,7073.35,11418,81928272.45,3245,LEGACY
2019-12-02,STAR,Strides Pharma Science,EQ,INE939A01011,385.4,391.0,384.0,385.05,385.0,387.55,131646,50893614.85,3606,LEGACY
2019-12-02,SUNPHARMA,Sun Pharmaceutical Industries,EQ,INE044A01036,449.0,449.6,437.0,440.0,440.0,449.85,4933088,2175285421.05,60337,LEGACY
2019-12-02,TORNTPHARM,Torrent Pharmaceuticals,EQ,INE685A01028,1885.0,1924.0,1881.3,1890.5,1885.05,1898.6,158484,301547491.85,11365,LEGACY
2019-12-02,WOCKPHARMA,Wockhardt,EQ,INE049B01025,258.5,259.65,253.1,254.5,253.5,257.75,499837,128032269.45,7738,LEGACY
2019-12-03,ABBOTINDIA,Abbott India,EQ,INE358A01014,12621.2,12825.0,12621.2,12780.85,12785.0,12621.25,4249,54074763.95,1645,LEGACY
2019-12-03,AJANTPHARM,Ajanta Pharma,EQ,INE031B01049,993.25,993.25,972.0,982.65,980.05,989.9,83363,81762648.2,2928,LEGACY
2019-12-03,ALKEM,Alkem Laboratories,EQ,INE540L01014,2028.7,2060.0,2018.1,2041.8,2049.75,2033.25,14151,28919721.55,4444,LEGACY
2019-12-03,APLLTD,Alembic Pharmaceuticals,EQ,INE901L01018,563.0,573.55,556.55,560.25,561.0,556.1,359855,201111747.15,2837,LEGACY
2019-12-03,AUROPHARMA,Aurobindo Pharma,EQ,INE406A01037,451.0,452.0,441.15,445.55,443.1,450.15,1799958,801942831.25,25570,LEGACY
2019-12-03,BIOCON,Biocon,EQ,INE376G01013,299.0,299.0,282.85,285.7,284.15,285.8,14029949,4067420088.9,110899,LEGACY
2019-12-03,CADILAHC,Cadila Healthcare,EQ,INE010B01027,256.85,262.3,254.4,260.25,261.0,258.2,4703707,1217438918.7,29594,LEGACY
2019-12-03,CIPLA,Cipla,EQ,INE059A01026,465.0,465.85,460.0,464.25,465.5,464.0,1067139,493816897.4,25298,LEGACY
2019-12-03,DIVISLAB,Divi's Laboratories,EQ,INE361B01024,1795.0,1799.9,1779.95,1795.15,1795.25,1785.05,263215,470918966.9,10242,LEGACY
2019-12-03,DRREDDY,Dr. Reddy's Laboratories,EQ,INE089A01023,2879.0,2887.35,2851.65,2858.35,2856.0,2871.7,381336,1091193722.2,18923,LEGACY
2019-12-03,GLAXO,GlaxoSmithKline Pharmaceuticals,EQ,INE159A01016,1662.0,1729.0,1662.0,1687.25,1681.1,1668.15,100102,170731765.2,5711,LEGACY
2019-12-03,GLENMARK,Glenmark Pharmaceuticals,EQ,INE935A01035,331.0,341.1,325.5,327.05,326.0,332.4,3652772,1218946050.3,46019,LEGACY
2019-12-03,GRANULES,Granules India,EQ,INE101D01020,123.85,128.45,123.1,127.65,127.65,123.45,914412,115487802.15,9743,LEGACY
2019-12-03,IPCALAB,IPCA Laboratories,EQ,INE571A01020,1121.5,1145.0,1116.0,1140.05,1142.35,1131.25,70533,80149534.1,8328,LEGACY
2019-12-03,JBCHEPHARM,JB Chemicals & Pharmaceuticals,EQ,INE572A01028,403.25,405.75,399.0,403.85,403.0,401.15,51015,20581221.95,2752,LEGACY
2019-12-03,LAURUSLABS,Laurus Labs,EQ,INE947Q01010,345.6,347.5,339.0,340.6,341.0,342.45,40952,13987238.0,1628,LEGACY
2019-12-03,LUPIN,Lupin,EQ,INE326A01037,796.05,798.65,783.6,786.05,785.5,796.05,628007,496284246.0,12924,LEGACY
2019-12-03,NATCOPHARM,Natco Pharma,EQ,INE987B01026,590.0,593.5,577.1,581.7,577.35,588.9,642056,373369418.85,2835,LEGACY
2019-12-03,PEL,Piramal Enterprises,EQ,INE140A01024,1820.0,1825.0,1695.85,1726.05,1706.1,1820.15,1172042,2073458001.75,35767,LEGACY
2019-12-03,PFIZER,Pfizer,EQ,INE182A01018,4222.8,4388.55,4212.05,4341.65,4370.0,4193.7,115580,500167930.8,14234,LEGACY
2019-12-03,SANOFI,Sanofi India,EQ,INE058A01010,7147.0,7200.0,7020.4,7040.4,7021.0,7166.45,5196,36852091.9,2282,LEGACY
2019-12-03,STAR,Strides Pharma Science,EQ,INE939A01011,381.0,385.5,375.0,377.1,376.6,385.05,180625,68515841.8,4748,LEGACY
2019-12-03,SUNPHARMA,Sun Pharmaceutical Industries,EQ,INE044A01036,441.4,442.2,430.5,433.6,433.6,440.0,3602073,1573019999.9,52508,LEGACY
2019-12-03,TORNTPHARM,Torrent Pharmaceuticals,EQ,INE685A01028,1882.05,1941.0,1875.1,1933.65,1934.0,1890.5,357129,686975706.5,26073,LEGACY
2019-12-03,WOCKPHARMA,Wockhardt,EQ,INE049B01025,254.0,255.9,248.1,249.6,249.3,254.5,472098,118886323.05,8244,LEGACY
2019-12-04,ABBOTINDIA,Abbott India,EQ,INE358A01014,12820.0,12820.0,12655.15,12798.7,12792.6,12780.85,12376,158157441.8,2782,LEGACY
2019-12-04,AJANTPHARM,Ajanta Pharma,EQ,INE031B01049,978.4,989.9,978.4,980.85,979.0,982.65,78131,76728459.35,3015,LEGACY
2019-12-04,ALKEM,Alkem Laboratories,EQ,INE540L01014,2056.7,2077.0,2041.5,2060.45,2063.0,2041.8,13904,28659450.3,3363,LEGACY
2019-12-04,APLLTD,Alembic Pharmaceuticals,EQ,INE901L01018,564.0,565.0,558.05,559.75,558.5,560.25,60942,34283648.55,1549,LEGACY
2019-12-04,AUROPHARMA,Aurobindo Pharma,EQ,INE406A01037,441.0,454.65,440.45,452.85,452.7,445.55,1866983,839653345.65,31801,LEGACY
2019-12-04,BIOCON,Biocon,EQ,INE376G01013,284.0,289.0,281.15,287.2,287.95,285.7,3777498,1081165025.25,32156,LEGACY
2019-12-04,CADILAHC,Cadila Healthcare,EQ,INE010B01027,260.05,264.1,258.4,263.45,262.7,260.25,3372985,881991720.85,21644,LEGACY
2019-12-04,CIPLA,Cipla,EQ,INE059A01026,463.0,471.85,462.0,470.0,469.0,464.25,1426757,668232427.6,30525,LEGACY
2019-12-04,DIVISLAB,Divi's Laboratories,EQ,INE361B01024,1798.0,1823.0,1785.2,1809.4,1803.0,1795.15,1107902,1999194569.45,33164,LEGACY
2019-12-04,DRREDDY,Dr. Reddy's Laboratories,EQ,INE089A01023,2860.0,2885.9,2858.2,2877.85,2880.25,2858.35,476162,1370486643.45,39319,LEGACY
2019-12-04,GLAXO,GlaxoSmithKline Pharmaceuticals,EQ,INE159A01016,1689.3,1705.0,1670.2,1688.1,1685.1,1687.25,43648,73775467.2,3137,LEGACY
2019-12-04,GLENMARK,Glenmark Pharmaceuticals,EQ,INE935A01035,327.15,330.0,322.6,325.3,324.5,327.05,2439403,794916357.6,52257,LEGACY
2019-12-04,GRANULES,Granules India,EQ,INE101D01020,126.5,128.0,125.1,127.2,128.0,127.65,958398,121598311.05,5505,LEGACY
2019-12-04,IPCALAB,IPCA Laboratories,EQ,INE571A01020,1147.15,1147.15,1125.05,1133.45,1130.65,1140.05,51856,58708615.05,8128,LEGACY
2019-12-04,JBCHEPHARM,JB Chemicals & Pharmaceuticals,EQ,INE572A01028,405.95,408.8,401.2,405.4,405.0,403.85,48240,19550957.0,2557,LEGACY
2019-12-04,LAURUSLABS,Laurus Labs,EQ,INE947Q01010,340.85,348.0,335.35,336.55,337.5,340.6,81238,27698316.4,3515,LEGACY
2019-12-04,LUPIN,Lupin,EQ,INE326A01037,782.0,793.15,775.0,791.9,791.0,786.05,1552634,1217497429.7,38591,LEGACY
2019-12-04,NATCOPHARM,Natco Pharma,EQ,INE987B01026,583.7,603.95,580.2,598.35,594.3,581.7,573135,336928641.0,6300,LEGACY
2019-12-04,PEL,Piramal Enterprises,EQ,INE140A01024,1725.9,1757.05,1668.05,1691.75,1687.0,1726.05,1765041,3017354891.45,52458,LEGACY
2019-12-04,PFIZER,Pfizer,EQ,INE182A01018,4370.0,4499.0,4367.85,4427.4,4420.0,4341.65,88254,392215296.3,13290,LEGACY
2019-12-04,SANOFI,Sanofi India,EQ,INE058A01010,7040.4,7189.45,7040.4,7149.65,7150.0,7040.4,6105,43637505.6,1461,LEGACY
2019-12-04,STAR,Strides Pharma Science,EQ,INE939A01011,379.0,383.0,375.5,380.65,382.0,377.1,294653,111877466.4,7953,LEGACY
2019-12-04,SUNPHARMA,Sun Pharmaceutical Industries,EQ,INE044A01036,433.5,444.7,431.7,443.7,443.05,433.6,4318531,1899035709.2,72952,LEGACY
2019-12-04,TORNTPHARM,Torrent Pharmaceuticals,EQ,INE685A01028,1920.1,1920.1,1856.0,1874.35,1871.0,1933.65,355672,670026440.75,23362,LEGACY
2019-12-04,WOCKPHARMA,Wockhardt,EQ,INE049B01025,248.0,251.6,244.0,247.05,246.05,249.6,672261,166315785.55,11105,LEGACY
2019-12-05,ABBOTINDIA,Abbott India,EQ,INE358A01014,12790.0,12810.0,12701.0,12772.45,12790.9,12798.7,2834,36209281.6,1032,LEGACY
2019-12-05,AJANTPHARM,Ajanta Pharma,EQ,INE031B01049,980.0,980.0,968.9,977.5,975.7,980.85,25558,24943996.2,2567,LEGACY
2019-12-05,ALKEM,Alkem Laboratories,EQ,INE540L01014,2060.45,2100.0,2009.05,2091.5,2090.0,2060.45,38043,78648924.5,6145,LEGACY
2019-12-05,APLLTD,Alembic Pharmaceuticals,EQ,INE901L01018,557.65,562.05,550.25,559.7,560.0,559.75,21018,11728773.65,1919,LEGACY
2019-12-05,AUROPHARMA,Aurobindo Pharma,EQ,INE406A01037,450.1,456.0,446.65,449.15,448.7,452.85,2023775,909677585.75,67742,LEGACY
2019-12-05,BIOCON,Biocon,EQ,INE376G01013,287.2,289.25,283.9,286.6,286.75,287.2,2282643,654052921.95,22667,LEGACY
2019-12-05,CADILAHC,Cadila Healthcare,EQ,INE010B01027,263.7,264.6,256.2,257.65,257.0,263.45,893270,232535919.95,9857,LEGACY
2019-12-05,CIPLA,Cipla,EQ,INE059A01026,469.5,470.3,460.4,461.6,462.4,470.0,1483537,688191365.7,25332,LEGACY
2019-12-05,DIVISLAB,Divi's Laboratories,EQ,INE361B01024,1806.0,1806.0,1791.05,1801.5,1798.0,1809.4,196491,353324999.0,13066,LEGACY
2019-12-05,DRREDDY,Dr. Reddy's Laboratories,EQ,INE089A01023,2879.8,2880.0,2849.1,2871.6,2870.0,2877.85,433761,1242364113.15,28372,LEGACY
2019-12-05,GLAXO,GlaxoSmithKline Pharmaceuticals,EQ,INE159A01016,1696.0,1696.0,1635.0,1648.6,1640.25,1688.1,27016,44881533.75,2818,LEGACY
2019-12-05,GLENMARK,Glenmark Pharmaceuticals,EQ,INE935A01035,327.05,331.15,325.15,327.8,327.8,325.3,1869965,613343206.85,31153,LEGACY
2019-12-05,GRANULES,Granules India,EQ,INE101D01020,127.6,128.2,125.85,127.15,126.9,127.2,1020225,129540655.95,9526,LEGACY
2019-12-05,IPCALAB,IPCA Laboratories,EQ,INE571A01020,1122.0,1138.75,1095.9,1105.25,1098.0,1133.45,77304,86126606.75,11710,LEGACY
2019-12-05,JBCHEPHARM,JB Chemicals & Pharmaceuticals,EQ,INE572A01028,409.0,409.0,400.0,401.6,401.0,405.4,74766,30200506.65,2866,LEGACY
2019-12-05,LAURUSLABS,Laurus Labs,EQ,INE947Q01010,337.0,347.9,337.0,343.8,344.9,336.55,362229,124149190.1,4432,LEGACY
2019-12-05,LUPIN,Lupin,EQ,INE326A01037,790.0,791.65,778.05,779.65,779.0,791.9,829792,649672723.35,15108,LEGACY
2019-12-05,NATCOPHARM,Natco Pharma,EQ,INE987B01026,600.0,602.0,584.1,587.2,589.95,598.35,59546,35202054.65,3629,LEGACY
2019-12-05,PEL,Piramal Enterprises,EQ,INE140A01024,1702.3,1726.85,1682.6,1706.5,1703.45,1691.75,1255052,2141914207.55,32610,LEGACY
2019-12-05,PFIZER,Pfizer,EQ,INE182A01018,4449.0,4450.0,4280.3,4308.1,4298.0,4427.4,20433,88756800.4,4281,LEGACY
2019-12-05,SANOFI,Sanofi India,EQ,INE058A01010,7133.5,7148.0,7002.2,7019.95,7016.6,7149.65,2508,17712233.55,1058,LEGACY
2019-12-05,STAR,Strides Pharma Science,EQ,INE939A01011,382.6,384.65,377.0,379.9,379.6,380.65,202879,77207385.4,5909,LEGACY
2019-12-05,SUNPHARMA,Sun Pharmaceutical Industries,EQ,INE044A01036,440.0,441.95,433.25,436.7,436.5,443.7,4096921,1788097478.7,99191,LEGACY
2019-12-05,TORNTPHARM,Torrent Pharmaceuticals,EQ,INE685A01028,1885.0,1891.65,1863.0,1873.95,1875.0,1874.35,62749,117508215.1,4148,LEGACY
2019-12-05,WOCKPHARMA,Wockhardt,EQ,INE049B01025,247.7,254.6,246.1,250.05,249.4,247.05,650830,163132905.4,12107,LEGACY
2019-12-06,ABBOTINDIA,Abbott India,EQ,INE358A01014,12819.95,12819.95,12740.95,12801.3,12800.0,12772.45,6407,81922050.1,1458,LEGACY
2019-12-06,AJANTPHARM,Ajanta Pharma,EQ,INE031B01049,980.4,985.9,974.55,979.4,979.0,977.5,74487,72953394.05,3152,LEGACY
2019-12-06,ALKEM,Alkem Laboratories,EQ,INE540L01014,2091.9,2097.65,2050.0,2079.35,2092.25,2091.5,11728,24357347.9,3132,LEGACY
2019-12-06,APLLTD,Alembic Pharmaceuticals,EQ,INE901L01018,563.95,563.95,555.45,559.45,560.0,559.7,39926,22322736.3,2577,LEGACY
2019-12-06,AUROPHARMA,Aurobindo Pharma,EQ,INE406A01037,449.15,454.95,442.25,445.7,445.55,449.15,2307385,1032460420.8,30113,LEGACY
2019-12-06,BIOCON,Biocon,EQ,INE376G01013,288.05,293.35,286.05,289.0,289.2,286.6,4928960,1428629623.7,38424,LEGACY
2019-12-06,CADILAHC,Cadila Healthcare,EQ,INE010B01027,258.0,260.95,253.0,255.3,255.3,257.65,1246246,319478709.5,16016,LEGACY
2019-12-06,CIPLA,Cipla,EQ,INE059A01026,463.0,467.0,454.0,455.45,455.5,461.6,2520045,1163419053.85,35180,LEGACY
2019-12-06,DIVISLAB,Divi's Laboratories,EQ,INE361B01024,1802.0,1824.0,1772.55,1783.85,1780.15,1801.5,541954,974857300.6,24232,LEGACY
2019-12-06,DRREDDY,Dr. Reddy's Laboratories,EQ,INE089A01023,2887.7,2949.0,2871.65,2890.8,2881.0,2871.6,988519,2886137558.1,55397,LEGACY
2019-12-06,GLAXO,GlaxoSmithKline Pharmaceuticals,EQ,INE159A01016,1650.0,1659.7,1615.0,1635.9,1628.0,1648.6,53743,87659248.1,5144,LEGACY
2019-12-06,GLENMARK,Glenmark Pharmaceuticals,EQ,INE935A01035,328.2,337.35,322.65,324.9,323.4,327.8,3697394,1226145054.5,49101,LEGACY
2019-12-06,GRANULES,Granules India,EQ,INE101D01020,127.0,130.0,120.55,121.5,121.75,127.15,2665285,328531440.0,16227,LEGACY
2019-12-06,IPCALAB,IPCA Laboratories,EQ,INE571A01020,1097.0,1116.2,1065.35,1091.1,1090.0,1105.25,127441,138285310.0,5949,LEGACY
2019-12-06,JBCHEPHARM,JB Chemicals & Pharmaceuticals,EQ,INE572A01028,404.6,405.9,401.3,403.25,403.0,401.6,38227,15447850.4,2220,LEGACY
2019-12-06,LAURUSLABS,Laurus Labs,EQ,INE947Q01010,346.3,346.3,338.0,340.2,340.8,343.8,28698,9795498.1,979,LEGACY
2019-12-06,LUPIN,Lupin,EQ,INE326A01037,783.0,786.0,759.0,761.85,759.0,779.65,1137044,876380399.8,21946,LEGACY
2019-12-06,NATCOPHARM,Natco Pharma,EQ,INE987B01026,586.5,602.0,586.5,594.25,592.7,587.2,189244,112978118.4,6037,LEGACY
2019-12-06,PEL,Piramal Enterprises,EQ,INE140A01024,1721.9,1724.45,1629.75,1644.1,1643.25,1706.5,1108546,1859367289.35,36294,LEGACY
2019-12-06,PFIZER,Pfizer,EQ,INE182A01018,4328.0,4392.6,4275.1,4311.15,4332.55,4308.1,25551,110566661.35,4067,LEGACY
2019-12-06,SANOFI,Sanofi India,EQ,INE058A01010,7020.0,7071.8,6943.0,6955.2,6958.0,7019.95,4206,29389423.5,1158,LEGACY
2019-12-06,STAR,Strides Pharma Science,EQ,INE939A01011,384.0,388.1,376.2,378.05,377.05,379.9,277224,105651271.0,7502,LEGACY
2019-12-06,SUNPHARMA,Sun Pharmaceutical Industries,EQ,INE044A01036,440.3,444.2,427.0,428.6,428.4,436.7,5805588,2527056403.0,58353,LEGACY
2019-12-06,TORNTPHARM,Torrent Pharmaceuticals,EQ,INE685A01028,1875.0,1886.0,1842.0,1851.45,1852.15,1873.95,203835,378378604.0,24081,LEGACY
2019-12-06,WOCKPHARMA,Wockhardt,EQ,INE049B01025,250.7,253.3,242.5,244.15,243.9,250.05,603710,149625109.0,10317,LEGACY
2019-12-09,ABBOTINDIA,Abbott India,EQ,INE358A01014,12801.0,12850.0,12701.1,12763.05,12798.85,12801.3,11885,151857210.2,1771,LEGACY
2019-12-09,AJANTPHARM,Ajanta Pharma,EQ,INE031B01049,976.5,994.6,976.5,989.4,986.0,979.4,47331,46746287.15,5028,LEGACY
2019-12-09,ALKEM,Alkem Laboratories,EQ,INE540L01014,2098.0,2107.0,2071.0,2087.4,2087.0,2079.35,38483,80575784.6,3473,LEGACY
2019-12-09,APLLTD,Alembic Pharmaceuticals,EQ,INE901L01018,562.45,571.0,550.0,551.85,550.3,559.45,52512,29506141.6,4283,LEGACY
2019-12-09,AUROPHARMA,Aurobindo Pharma,EQ,INE406A01037,446.0,452.7,442.3,448.3,447.5,445.7,1291486,578589541.85,25483,LEGACY
2019-12-09,BIOCON,Biocon,EQ,INE376G01013,290.7,291.9,287.75,289.2,288.2,289.0,2425661,703688834.8,21829,LEGACY
2019-12-09,CADILAHC,Cadila Healthcare,EQ,INE010B01027,255.6,260.25,253.55,259.45,258.7,255.3,892750,230222984.25,6260,LEGACY
2019-12-09,CIPLA,Cipla,EQ,INE059A01026,457.4,457.75,444.6,447.9,449.5,455.45,3761784,1692881319.3,35815,LEGACY
2019-12-09,DIVISLAB,Divi's Laboratories,EQ,INE361B01024,1784.0,1822.0,1780.05,1806.3,1804.3,1783.85,574599,1038527846.85,35417,LEGACY
2019-12-09,DRREDDY,Dr. Reddy's Laboratories,EQ,INE089A01023,2899.0,2942.0,2891.9,2908.75,2911.0,2890.8,529357,1546639168.3,31519,LEGACY
2019-12-09,GLAXO,GlaxoSmithKline Pharmaceuticals,EQ,INE159A01016,1638.6,1646.0,1601.2,1614.5,1609.0,1635.9,36585,59204755.9,2595,LEGACY
2019-12-09,GLENMARK,Glenmark Pharmaceuticals,EQ,INE935A01035,326.7,331.75,323.0,327.65,327.2,324.9,1867793,611424726.0,25957,LEGACY
2019-12-09,GRANULES,Granules India,EQ,INE101D01020,121.65,124.2,118.85,122.35,121.9,121.5,1067602,130828536.0,8623,LEGACY
2019-12-09,IPCALAB,IPCA Laboratories,EQ,INE571A01020,1098.7,1108.0,1090.5,1093.25,1091.0,1091.1,29332,32188205.2,3659,LEGACY
2019-12-09,JBCHEPHARM,JB Chemicals & Pharmaceuticals,EQ,INE572A01028,408.0,408.0,398.0,401.7,401.2,403.25,46215,18531051.9,4692,LEGACY
2019-12-09,LAURUSLABS,Laurus Labs,EQ,INE947Q01010,337.15,340.15,331.5,335.35,338.8,340.2,75352,25313677.0,2656,LEGACY
2019-12-09,LUPIN,Lupin,EQ,INE326A01037,762.4,764.95,753.0,755.95,758.0,761.85,1084786,822799306.2,26821,LEGACY
2019-12-09,NATCOPHARM,Natco Pharma,EQ,INE987B01026,594.0,599.0,576.6,580.35,581.45,594.25,53556,31243870.15,2590,LEGACY
2019-12-09,PEL,Piramal Enterprises,EQ,INE140A01024,1650.25,1682.0,1623.05,1647.8,1646.75,1644.1,1005090,1665668686.25,30469,LEGACY
2019-12-09,PFIZER,Pfizer,EQ,INE182A01018,4359.8,4394.7,4265.1,4285.65,4277.0,4311.15,24022,104175454.95,5138,LEGACY
2019-12-09,SANOFI,Sanofi India,EQ,INE058A01010,6922.0,7084.95,6830.0,7017.65,7036.0,6955.2,4581,32100867.85,1224,LEGACY
2019-12-09,STAR,Strides Pharma Science,EQ,INE939A01011,377.2,381.9,370.25,373.1,373.05,378.05,278983,104479590.1,6569,LEGACY
2019-12-09,SUNPHARMA,Sun Pharmaceutical Industries,EQ,INE044A01036,431.85,434.6,423.6,427.0,427.0,428.6,4959765,2133630616.65,63358,LEGACY
2019-12-09,TORNTPHARM,Torrent Pharmaceuticals,EQ,INE685A01028,1856.8,1881.9,1847.25,1866.7,1865.0,1851.45,281434,525391156.95,13982,LEGACY
2019-12-09,WOCKPHARMA,Wockhardt,EQ,INE049B01025,242.0,245.5,240.65,241.9,241.3,244.15,448341,108903421.15,10385,LEGACY
2019-12-10,ABBOTINDIA,Abbott India,EQ,INE358A01014,12763.05,12994.0,12351.05,12508.05,12580.0,12763.05,7819,99646414.95,2971,LEGACY
2019-12-10,AJANTPHARM,Ajanta Pharma,EQ,INE031B01049,990.0,999.9,975.1,978.6,977.0,989.4,18334,17998126.8,1977,LEGACY
2019-12-10,ALKEM,Alkem Laboratories,EQ,INE540L01014,2096.0,2100.0,2080.0,2085.85,2086.25,2087.4,41566,86823195.8,2589,LEGACY
2019-12-10,APLLTD,Alembic Pharmaceuticals,EQ,INE901L01018,554.5,562.0,550.0,557.6,558.0,551.85,61866,34507822.3,9820,LEGACY
2019-12-10,AUROPHARMA,Aurobindo Pharma,EQ,INE406A01037,449.6,450.35,430.0,432.55,430.15,448.3,2333027,1026641601.15,35353,LEGACY
2019-12-10,BIOCON,Biocon,EQ,INE376G01013,288.95,290.25,286.3,289.65,290.0,289.2,1742487,502600417.3,15463,LEGACY
2019-12-10,CADILAHC,Cadila Healthcare,EQ,INE010B01027,259.45,262.15,256.2,260.95,259.9,259.45,2659862,691396447.55,12261,LEGACY
2019-12-10,CIPLA,Cipla,EQ,INE059A01026,450.6,454.95,449.5,453.05,452.8,447.9,2807906,1271817711.95,40146,LEGACY
2019-12-10,DIVISLAB,Divi's Laboratories,EQ,INE361B01024,1810.1,1821.6,1795.4,1813.65,1812.0,1806.3,418388,758549321.35,12767,LEGACY
2019-12-10,DRREDDY,Dr. Reddy's Laboratories,EQ,INE089A01023,2908.75,2908.75,2877.5,2897.5,2892.65,2908.75,348517,1008418420.2,23073,LEGACY
2019-12-10,GLAXO,GlaxoSmithKline Pharmaceuticals,EQ,INE159A01016,1614.25,1645.0,1585.0,1609.7,1604.0,1614.5,33825,54555449.35,2872,LEGACY
2019-12-10,GLENMARK,Glenmark Pharmaceuticals,EQ,INE935A01035,329.45,335.7,327.5,331.05,331.05,327.65,3196898,1062721335.8,51250,LEGACY
2019-12-10,GRANULES,Granules India,EQ,INE101D01020,122.7,125.5,121.4,124.9,124.95,122.35,1670039,206639146.0,9779,LEGACY
2019-12-10,IPCALAB,IPCA Laboratories,EQ,INE571A01020,1085.95,1106.0,1058.1,1064.2,1071.15,1093.25,167769,178614130.3,14745,LEGACY
2019-12-10,JBCHEPHARM,JB Chemicals & Pharmaceuticals,EQ,INE572A01028,404.2,434.9,399.6,422.35,420.0,401.7,796606,338994905.75,26759,LEGACY
2019-12-10,LAURUSLABS,Laurus Labs,EQ,INE947Q01010,334.9,339.9,331.7,334.6,335.0,335.35,22399,7500538.2,954,LEGACY
2019-12-10,LUPIN,Lupin,EQ,INE326A01037,758.15,759.4,747.3,752.8,750.45,755.95,1178653,887652713.95,32641,LEGACY
2019-12-10,NATCOPHARM,Natco Pharma,EQ,INE987B01026,582.0,586.2,572.0,580.3,580.0,580.35,48021,27823813.35,4570,LEGACY
2019-12-10,PEL,Piramal Enterprises,EQ,INE140A01024,1649.0,1665.0,1601.1,1611.6,1608.3,1647.8,961176,1574036989.45,25930,LEGACY
2019-12-10,PFIZER,Pfizer,EQ,INE182A01018,4266.2,4288.75,4171.1,4227.9,4207.3,4285.65,22630,95610181.6,3415,LEGACY
2019-12-10,SANOFI,Sanofi India,EQ,INE058A01010,7066.0,7066.0,6901.0,6948.3,6950.0,7017.65,7106,49543029.55,2275,LEGACY
2019-12-10,STAR,Strides Pharma Science,EQ,INE939A01011,373.7,377.5,369.0,371.25,372.5,373.1,180952,67490799.5,4731,LEGACY
2019-12-10,SUNPHARMA,Sun Pharmaceutical Industries,EQ,INE044A01036,429.6,435.75,425.3,427.65,427.6,427.0,5578960,2401847380.75,74212,LEGACY
2019-12-10,TORNTPHARM,Torrent Pharmaceuticals,EQ,INE685A01028,1866.7,1872.1,1822.4,1824.95,1830.0,1866.7,136832,251472517.95,7257,LEGACY
2019-12-10,WOCKPHARMA,Wockhardt,EQ,INE049B01025,242.0,246.85,238.0,238.8,238.2,241.9,546075,132569380.4,9523,LEGACY
2019-12-11,ABBOTINDIA,Abbott India,EQ,INE358A01014,12500.0,12615.05,12329.25,12554.4,12580.0,12508.05,10195,127201520.7,2676,LEGACY
2019-12-11,AJANTPHARM,Ajanta Pharma,EQ,INE031B01049,981.8,987.6,971.85,976.15,974.75,978.6,34766,34088193.0,2476,LEGACY
2019-12-11,ALKEM,Alkem Laboratories,EQ,INE540L01014,2080.15,2092.95,2025.0,2087.8,2085.0,2085.85,15691,32736426.25,3602,LEGACY
2019-12-11,APLLTD,Alembic Pharmaceuticals,EQ,INE901L01018,554.95,559.65,545.45,553.85,553.0,557.6,22957,12698663.2,5420,LEGACY
2019-12-11,AUROPHARMA,Aurobindo Pharma,EQ,INE406A01037,431.9,452.0,430.15,449.25,448.95,432.55,4213599,1870181490.7,55152,LEGACY
2019-12-11,BIOCON,Biocon,EQ,INE376G01013,290.0,291.7,283.95,290.4,290.25,289.65,2758154,793656606.55,22989,LEGACY
2019-12-11,CADILAHC,Cadila Healthcare,EQ,INE010B01027,260.9,265.0,257.8,262.4,260.65,260.95,3259167,855589552.3,28410,LEGACY
2019-12-11,CIPLA,Cipla,EQ,INE059A01026,453.0,453.1,446.7,449.95,449.95,453.05,1806996,812298140.4,47502,LEGACY
2019-12-11,DIVISLAB,Divi's Laboratories,EQ,INE361B01024,1811.0,1838.4,1805.0,1821.8,1819.6,1813.65,580804,1059847224.5,29890,LEGACY
2019-12-11,DRREDDY,Dr. Reddy's Laboratories,EQ,INE089A01023,2900.0,2915.8,2875.0,2887.8,2886.0,2897.5,406528,1177103351.55,29695,LEGACY
2019-12-11,GLAXO,GlaxoSmithKline Pharmaceuticals,EQ,INE159A01016,1610.0,1644.0,1598.1,1632.1,1639.95,1609.7,48939,79570663.2,5193,LEGACY
2019-12-11,GLENMARK,Glenmark Pharmaceuticals,EQ,INE935A01035,331.45,335.6,329.7,334.1,334.2,331.05,1518611,506858550.15,28737,LEGACY
2019-12-11,GRANULES,Granules India,EQ,INE101D01020,124.6,126.0,122.8,125.0,124.35,124.9,904301,112427192.85,4892,LEGACY
2019-12-11,IPCALAB,IPCA Laboratories,EQ,INE571A01020,1067.15,1151.0,1067.15,1142.05,1139.2,1064.2,280617,314717621.45,21175,LEGACY
2019-12-11,JBCHEPHARM,JB Chemicals & Pharmaceuticals,EQ,INE572A01028,423.0,426.45,415.0,418.75,419.4,422.35,154002,64743191.2,4783,LEGACY
2019-12-11,LAURUSLABS,Laurus Labs,EQ,INE947Q01010,333.0,339.8,329.0,334.45,333.0,334.6,65879,21996300.35,1966,LEGACY
2019-12-11,LUPIN,Lupin,EQ,INE326A01037,750.45,755.0,737.25,744.2,744.9,752.8,1029223,767410282.35,28909,LEGACY
2019-12-11,NATCOPHARM,Natco Pharma,EQ,INE987B01026,583.1,584.55,576.15,582.2,580.9,580.3,42333,24569793.1,2465,LEGACY
2019-12-11,PEL,Piramal Enterprises,EQ,INE140A01024,1645.0,1647.8,1597.4,1634.8,1627.0,1611.6,1393146,2263482803.35,39199,LEGACY
2019-12-11,PFIZER,Pfizer,EQ,INE182A01018,4238.0,4279.75,4190.25,4241.75,4236.75,4227.9,14757,62560538.1,2615,LEGACY
2019-12-11,SANOFI,Sanofi India,EQ,INE058A01010,6950.0,7000.0,6945.0,6950.6,6945.0,6948.3,5702,39703885.75,1307,LEGACY
2019-12-11,STAR,Strides Pharma Science,EQ,INE939A01011,369.0,369.9,354.75,359.65,360.0,371.25,178314,64892612.1,5029,LEGACY
2019-12-11,SUNPHARMA,Sun Pharmaceutical Industries,EQ,INE044A01036,429.1,431.9,425.15,429.8,429.9,427.65,3322986,1424745015.9,64060,LEGACY
2019-12-11,TORNTPHARM,Torrent Pharmaceuticals,EQ,INE685A01028,1827.05,1870.5,1827.05,1860.95,1864.65,1824.95,123185,228166498.6,6870,LEGACY
2019-12-11,WOCKPHARMA,Wockhardt,EQ,INE049B01025,238.45,241.0,234.5,239.25,239.7,238.8,558136,132866033.6,13088,LEGACY
2019-12-12,ABBOTINDIA,Abbott India,EQ,INE358A01014,12561.1,12910.05,12561.1,12804.85,12865.0,12554.4,8498,107793753.2,1206,LEGACY
2019-12-12,AJANTPHARM,Ajanta Pharma,EQ,INE031B01049,977.7,986.0,975.25,979.85,978.0,976.15,31889,31283295.55,1985,LEGACY
2019-12-12,ALKEM,Alkem Laboratories,EQ,INE540L01014,2090.15,2100.0,2078.15,2084.65,2085.0,2087.8,25010,52181762.0,4242,LEGACY
2019-12-12,APLLTD,Alembic Pharmaceuticals,EQ,INE901L01018,551.25,554.5,548.55,550.1,551.75,553.85,101313,55746451.15,3596,LEGACY
2019-12-12,AUROPHARMA,Aurobindo Pharma,EQ,INE406A01037,448.1,451.5,444.0,448.75,448.0,449.25,2169214,970957222.0,47075,LEGACY
2019-12-12,BIOCON,Biocon,EQ,INE376G01013,290.1,294.25,287.2,292.85,292.65,290.4,4016927,1169182629.45,37535,LEGACY
2019-12-12,CADILAHC,Cadila Healthcare,EQ,INE010B01027,263.7,267.5,262.55,264.0,263.3,262.4,2105658,557367111.25,20788,LEGACY
2019-12-12,CIPLA,Cipla,EQ,INE059A01026,452.2,463.1,452.2,461.05,460.0,449.95,2730092,1254302302.6,58643,LEGACY
2019-12-12,DIVISLAB,Divi's Laboratories,EQ,INE361B01024,1824.7,1840.0,1813.1,1829.15,1826.0,1821.8,438783,801956702.75,26832,LEGACY
2019-12-12,DRREDDY,Dr. Reddy's Laboratories,EQ,INE089A01023,2900.0,2918.8,2890.0,2905.65,2905.0,2887.8,403810,1173949376.4,32774,LEGACY
2019-12-12,GLAXO,GlaxoSmithKline Pharmaceuticals,EQ,INE159A01016,1633.0,1654.0,1627.0,1645.35,1642.0,1632.1,44366,72915828.65,2290,LEGACY
2019-12-12,GLENMARK,Glenmark Pharmaceuticals,EQ,INE935A01035,335.6,344.9,335.05,341.6,341.6,334.1,3200517,1093984487.0,50430,LEGACY
2019-12-12,GRANULES,Granules India,EQ,INE101D01020,124.5,130.0,124.1,129.5,129.8,125.0,1741922,223418427.25,14512,LEGACY
2019-12-12,IPCALAB,IPCA Laboratories,EQ,INE571A01020,1143.0,1160.0,1117.3,1123.65,1125.0,1142.05,676416,775895505.75,13318,LEGACY
2019-12-12,JBCHEPHARM,JB Chemicals & Pharmaceuticals,EQ,INE572A01028,418.8,422.8,413.1,415.15,414.0,418.75,48973,20405254.1,3483,LEGACY
2019-12-12,LAURUSLABS,Laurus Labs,EQ,INE947Q01010,334.0,342.3,333.95,338.25,338.0,334.45,49510,16772493.1,1722,LEGACY
2019-12-12,LUPIN,Lupin,EQ,INE326A01037,748.5,751.95,741.25,748.75,750.0,744.2,778792,581821529.4,20786,LEGACY
2019-12-12,NATCOPHARM,Natco Pharma,EQ,INE987B01026,582.9,587.95,572.1,577.35,575.9,582.2,46051,26727427.75,3288,LEGACY
2019-12-12,PEL,Piramal Enterprises,EQ,INE140A01024,1639.9,1666.95,1618.3,1657.75,1655.95,1634.8,1151394,1893212568.0,30497,LEGACY
2019-12-12,PFIZER,Pfizer,EQ,INE182A01018,4246.8,4348.7,4242.1,4311.8,4310.0,4241.75,32586,140720354.55,5495,LEGACY
2019-12-12,SANOFI,Sanofi India,EQ,INE058A01010,6909.0,6995.9,6889.8,6919.9,6926.0,6950.6,4346,30106083.45,900,LEGACY
2019-12-12,STAR,Strides Pharma Science,EQ,INE939A01011,362.8,369.95,358.0,367.75,367.0,359.65,266706,97077478.15,6960,LEGACY
2019-12-12,SUNPHARMA,Sun Pharmaceutical Industries,EQ,INE044A01036,430.9,437.9,430.25,434.15,433.05,429.8,2794856,1214014561.15,51164,LEGACY
2019-12-12,TORNTPHARM,Torrent Pharmaceuticals,EQ,INE685A01028,1869.3,1880.0,1843.05,1857.6,1855.45,1860.95,113617,211292279.7,7693,LEGACY
2019-12-12,WOCKPHARMA,Wockhardt,EQ,INE049B01025,241.1,243.7,238.6,240.6,240.15,239.25,434526,104727910.3,8689,LEGACY
2019-12-13,ABBOTINDIA,Abbott India,EQ,INE358A01014,12884.95,13038.85,12800.75,12982.15,12940.0,12804.85,5293,68560297.9,1820,LEGACY
2019-12-13,AJANTPHARM,Ajanta Pharma,EQ,INE031B01049,980.9,985.9,975.2,979.55,980.0,979.85,24756,24261039.4,2156,LEGACY
2019-12-13,ALKEM,Alkem Laboratories,EQ,INE540L01014,2085.0,2092.35,2061.0,2075.6,2070.0,2084.65,10862,22547441.45,1682,LEGACY
2019-12-13,APLLTD,Alembic Pharmaceuticals,EQ,INE901L01018,551.45,554.95,550.0,551.75,551.95,550.1,19857,10959759.45,2694,LEGACY
2019-12-13,AUROPHARMA,Aurobindo Pharma,EQ,INE406A01037,447.5,452.6,440.4,449.35,450.0,448.75,2964208,1322695779.4,51796,LEGACY
2019-12-13,BIOCON,Biocon,EQ,INE376G01013,294.0,295.0,290.6,292.35,291.7,292.85,2882337,844550729.4,26389,LEGACY
2019-12-13,CADILAHC,Cadila Healthcare,EQ,INE010B01027,264.0,264.0,259.0,261.0,260.45,264.0,863943,225483461.9,7689,LEGACY
2019-12-13,CIPLA,Cipla,EQ,INE059A01026,461.05,465.0,456.6,461.25,460.65,461.05,1213599,559287927.75,21613,LEGACY
2019-12-13,DIVISLAB,Divi's Laboratories,EQ,INE361B01024,1833.7,1847.95,1818.0,1842.0,1840.0,1829.15,534166,980570868.25,18072,LEGACY
2019-12-13,DRREDDY,Dr. Reddy's Laboratories,EQ,INE089A01023,2865.1,2865.65,2773.0,2821.5,2825.05,2905.65,1368418,3845286194.35,82862,LEGACY
2019-12-13,GLAXO,GlaxoSmithKline Pharmaceuticals,EQ,INE159A01016,1653.1,1682.1,1631.55,1674.6,1665.0,1645.35,72497,120432025.15,4286,LEGACY
2019-12-13,GLENMARK,Glenmark Pharmaceuticals,EQ,INE935A01035,343.65,344.65,335.2,339.6,339.5,341.6,1211329,411090749.85,14916,LEGACY
2019-12-13,GRANULES,Granules India,EQ,INE101D01020,129.9,133.0,128.55,131.0,130.75,129.5,1659177,218227819.8,15342,LEGACY
2019-12-13,IPCALAB,IPCA Laboratories,EQ,INE571A01020,1126.0,1144.7,1122.95,1133.05,1132.3,1123.65,52893,59931051.05,4611,LEGACY
2019-12-13,JBCHEPHARM,JB Chemicals & Pharmaceuticals,EQ,INE572A01028,414.4,423.0,412.25,419.95,419.0,415.15,381855,160264735.4,8191,LEGACY
2019-12-13,LAURUSLABS,Laurus Labs,EQ,INE947Q01010,338.55,342.6,338.05,340.55,340.0,338.25,23183,7894834.85,986,LEGACY
2019-12-13,LUPIN,Lupin,EQ,INE326A01037,753.55,758.5,748.15,756.25,754.95,748.75,662206,498834187.5,16700,LEGACY
2019-12-13,NATCOPHARM,Natco Pharma,EQ,INE987B01026,579.5,583.7,575.1,582.8,582.95,577.35,27613,16009035.25,1780,LEGACY
2019-12-13,PEL,Piramal Enterprises,EQ,INE140A01024,1660.0,1695.0,1657.0,1677.55,1675.0,1657.75,1076652,1807347467.3,26854,LEGACY
2019-12-13,PFIZER,Pfizer,EQ,INE182A01018,4315.0,4375.0,4291.05,4340.7,4375.0,4311.8,19527,84612499.15,4274,LEGACY
2019-12-13,SANOFI,Sanofi India,EQ,INE058A01010,6954.5,6995.75,6921.0,6964.15,6995.0,6919.9,6246,43449410.3,1414,LEGACY
2019-12-13,STAR,Strides Pharma Science,EQ,INE939A01011,365.5,371.5,365.5,369.05,369.9,367.75,216069,79695389.2,5371,LEGACY
2019-12-13,SUNPHARMA,Sun Pharmaceutical Industries,EQ,INE044A01036,437.6,441.9,425.6,439.25,437.75,434.15,5386394,2341056611.6,63305,LEGACY
2019-12-13,TORNTPHARM,Torrent Pharmaceuticals,EQ,INE685A01028,1860.1,1874.9,1832.4,1865.6,1868.0,1857.6,165343,307082429.5,11248,LEGACY
2019-12-13,WOCKPHARMA,Wockhardt,EQ,INE049B01025,241.3,243.25,239.65,242.0,241.4,240.6,408448,98703461.5,6768,LEGACY
2019-12-16,ABBOTINDIA,Abbott India,EQ,INE358A01014,12982.15,13444.0,12982.15,13300.9,13304.95,12982.15,17104,227804039.95,4598,LEGACY
2019-12-16,AJANTPHARM,Ajanta Pharma,EQ,INE031B01049,980.0,989.95,974.05,976.95,975.0,979.55,18741,18351208.0,1582,LEGACY
2019-12-16,ALKEM,Alkem Laboratories,EQ,INE540L01014,2076.55,2100.0,2065.0,2084.75,2085.0,2075.6,139215,290047441.45,8120,LEGACY
2019-12-16,APLLTD,Alembic Pharmaceuticals,EQ,INE901L01018,554.1,560.7,540.4,546.55,541.55,551.75,40521,22407362.8,4951,LEGACY
2019-12-16,AUROPHARMA,Aurobindo Pharma,EQ,INE406A01037,448.4,468.0,446.65,455.0,453.8,449.35,6986650,3216949890.75,91862,LEGACY
2019-12-16,BIOCON,Biocon,EQ,INE376G01013,291.7,298.6,290.8,295.6,295.5,292.35,3806083,1126075938.75,36352,LEGACY
2019-12-16,CADILAHC,Cadila Healthcare,EQ,INE010B01027,261.05,265.6,260.25,261.4,261.4,261.0,1268170,332786219.3,13056,LEGACY
2019-12-16,CIPLA,Cipla,EQ,INE059A01026,463.05,464.75,457.5,458.25,458.0,461.25,903737,416778395.55,23326,LEGACY
2019-12-16,DIVISLAB,Divi's Laboratories,EQ,INE361B01024,1839.0,1869.95,1830.0,1860.65,1862.0,1842.0,686055,1276598233.45,39910,LEGACY
2019-12-16,DRREDDY,Dr. Reddy's Laboratories,EQ,INE089A01023,2835.0,2849.95,2796.4,2816.35,2816.7,2821.5,460389,1299956450.25,31320,LEGACY
2019-12-16,GLAXO,GlaxoSmithKline Pharmaceuticals,EQ,INE159A01016,1677.0,1687.95,1645.05,1653.5,1646.65,1674.6,28474,47468485.9,3683,LEGACY
2019-12-16,GLENMARK,Glenmark Pharmaceuticals,EQ,INE935A01035,340.7,350.0,338.2,343.65,343.55,339.6,3101392,1071656204.6,36314,LEGACY
2019-12-16,GRANULES,Granules India,EQ,INE101D01020,132.2,133.4,129.9,130.65,130.55,131.0,1326115,173824183.05,9351,LEGACY
2019-12-16,IPCALAB,IPCA Laboratories,EQ,INE571A01020,1135.0,1171.95,1118.5,1124.35,1121.0,1133.05,177429,203793131.0,16784,LEGACY
2019-12-16,JBCHEPHARM,JB Chemicals & Pharmaceuticals,EQ,INE572A01028,424.6,432.1,421.1,424.55,424.15,419.95,260703,111250421.85,13015,LEGACY
2019-12-16,LAURUSLABS,Laurus Labs,EQ,INE947Q01010,343.25,349.25,339.0,346.2,346.5,340.55,37349,12926332.25,1120,LEGACY
2019-12-16,LUPIN,Lupin,EQ,INE326A01037,753.5,761.85,745.8,747.45,749.0,756.25,907081,683071471.1,17058,LEGACY
2019-12-16,NATCOPHARM,Natco Pharma,EQ,INE987B01026,584.9,587.1,575.1,580.55,580.05,582.8,402405,233433847.55,3430,LEGACY
2019-12-16,PEL,Piramal Enterprises,EQ,INE140A01024,1685.8,1701.0,1651.3,1656.95,1655.5,1677.55,879601,1476380274.85,23962,LEGACY
2019-12-16,PFIZER,Pfizer,EQ,INE182A01018,4374.0,4430.0,4356.55,4377.45,4365.25,4340.7,24491,107619562.85,4189,LEGACY
2019-12-16,SANOFI,Sanofi India,EQ,INE058A01010,7000.0,7025.0,6907.1,6921.7,6936.0,6964.15,4497,31372410.05,1035,LEGACY
2019-12-16,STAR,Strides Pharma Science,EQ,INE939A01011,371.5,377.2,368.55,371.6,370.5,369.05,306435,114524281.75,5063,LEGACY
2019-12-16,SUNPHARMA,Sun Pharmaceutical Industries,EQ,INE044A01036,431.25,437.2,426.4,435.15,435.0,439.25,8290756,3590298604.95,95443,LEGACY
2019-12-16,TORNTPHARM,Torrent Pharmaceuticals,EQ,INE685A01028,1875.0,1887.4,1858.55,1872.4,1874.9,1865.6,178610,334929596.6,13909,LEGACY
2019-12-16,WOCKPHARMA,Wockhardt,EQ,INE049B01025,242.2,250.85,241.1,246.15,245.5,242.0,868681,214533450.95,14439,LEGACY
2019-12-17,ABBOTINDIA,Abbott India,EQ,INE358A01014,13300.0,13470.05,13210.05,13381.8,13300.0,13300.9,10167,135884897.85,3276,LEGACY
2019-12-17,AJANTPHARM,Ajanta Pharma,EQ,INE031B01049,979.3,985.0,973.4,977.3,976.0,976.95,36833,35987826.35,2837,LEGACY
2019-12-17,ALKEM,Alkem Laboratories,EQ,INE540L01014,2083.35,2094.6,2060.0,2066.3,2068.9,2084.75,11820,24487035.7,2619,LEGACY
2019-12-17,APLLTD,Alembic Pharmaceuticals,EQ,INE901L01018,543.0,559.05,543.0,551.6,559.05,546.55,49264,27159475.35,2584,LEGACY
2019-12-17,AUROPHARMA,Aurobindo Pharma,EQ,INE406A01037,455.0,457.0,445.7,448.75,449.05,455.0,4583762,2060281441.35,62655,LEGACY
2019-12-17,BIOCON,Biocon,EQ,INE376G01013,295.5,295.6,288.6,290.75,290.4,295.6,3309345,962694128.25,79327,LEGACY
2019-12-17,CADILAHC,Cadila Healthcare,EQ,INE010B01027,261.5,262.5,258.15,259.35,258.75,261.4,731431,190162863.4,9233,LEGACY
2019-12-17,CIPLA,Cipla,EQ,INE059A01026,462.05,466.2,460.35,463.95,463.5,458.25,2434853,1127718660.8,61124,LEGACY
2019-12-17,DIVISLAB,Divi's Laboratories,EQ,INE361B01024,1862.0,1868.4,1833.7,1845.4,1844.1,1860.65,466589,862355032.65,36308,LEGACY
2019-12-17,DRREDDY,Dr. Reddy's Laboratories,EQ,INE089A01023,2828.0,2845.0,2811.0,2826.9,2834.0,2816.35,367110,1037099938.9,26734,LEGACY
2019-12-17,GLAXO,GlaxoSmithKline Pharmaceuticals,EQ,INE159A01016,1658.6,1662.0,1635.1,1643.8,1643.0,1653.5,55242,90782921.8,2598,LEGACY
2019-12-17,GLENMARK,Glenmark Pharmaceuticals,EQ,INE935A01035,344.0,349.75,344.0,346.1,346.8,343.65,1685339,584575115.2,58001,LEGACY
2019-12-17,GRANULES,Granules India,EQ,INE101D01020,130.9,131.0,125.3,126.35,126.15,130.65,1027005,130679277.75,6682,LEGACY
2019-12-17,IPCALAB,IPCA Laboratories,EQ,INE571A01020,1122.5,1154.0,1113.0,1147.55,1150.0,1124.35,139665,158872237.15,13291,LEGACY
2019-12-17,JBCHEPHARM,JB Chemicals & Pharmaceuticals,EQ,INE572A01028,422.2,427.5,422.2,425.15,426.0,424.55,88789,37769047.0,5099,LEGACY
2019-12-17,LAURUSLABS,Laurus Labs,EQ,INE947Q01010,346.7,352.9,346.2,348.05,348.95,346.2,65841,23035313.75,1208,LEGACY
2019-12-17,LUPIN,Lupin,EQ,INE326A01037,749.6,756.55,745.75,754.35,755.05,747.45,1328747,998080825.55,46020,LEGACY
2019-12-17,NATCOPHARM,Natco Pharma,EQ,INE987B01026,580.55,584.45,577.05,582.55,582.0,580.55,135607,78601617.15,1948,LEGACY
2019-12-17,PEL,Piramal Enterprises,EQ,INE140A01024,1658.0,1680.9,1653.6,1659.8,1662.0,1656.95,1047951,1745440808.75,25594,LEGACY
2019-12-17,PFIZER,Pfizer,EQ,INE182A01018,4377.45,4445.0,4357.0,4374.75,4360.0,4377.45,16612,73049419.0,2621,LEGACY
2019-12-17,SANOFI,Sanofi India,EQ,INE058A01010,6921.0,6984.95,6835.1,6870.35,6895.0,6921.7,3686,25504219.0,1292,LEGACY
2019-12-17,STAR,Strides Pharma Science,EQ,INE939A01011,373.8,376.0,371.8,374.05,374.5,371.6,147409,55074208.9,4468,LEGACY
2019-12-17,SUNPHARMA,Sun Pharmaceutical Industries,EQ,INE044A01036,434.0,437.5,426.25,429.05,429.7,435.15,6407264,2758846948.95,75881,LEGACY
2019-12-17,TORNTPHARM,Torrent Pharmaceuticals,EQ,INE685A01028,1865.05,1870.0,1831.15,1834.3,1832.5,1872.4,177158,326313821.1,12940,LEGACY
2019-12-17,WOCKPHARMA,Wockhardt,EQ,INE049B01025,247.2,247.2,243.0,244.35,243.9,246.15,308508,75543246.6,5847,LEGACY
2019-12-18,ABBOTINDIA,Abbott India,EQ,INE358A01014,13370.0,13410.0,13115.25,13190.9,13168.0,13381.8,5450,72220617.6,2279,LEGACY
2019-12-18,AJANTPHARM,Ajanta Pharma,EQ,INE031B01049,980.5,999.0,962.6,969.5,968.0,977.3,79440,77926815.45,5528,LEGACY
2019-12-18,ALKEM,Alkem Laboratories,EQ,INE540L01014,2072.1,2099.9,2065.0,2095.4,2096.55,2066.3,19953,41531912.4,2923,LEGACY
2019-12-18,APLLTD,Alembic Pharmaceuticals,EQ,INE901L01018,557.0,563.05,545.0,555.7,556.0,551.6,54728,30383817.85,2614,LEGACY
2019-12-18,AUROPHARMA,Aurobindo Pharma,EQ,INE406A01037,449.0,455.45,446.25,454.0,454.9,448.75,2762551,1246135470.65,41312,LEGACY
2019-12-18,BIOCON,Biocon,EQ,INE376G01013,290.0,295.65,288.5,294.05,294.05,290.75,2719997,794488862.05,41441,LEGACY
2019-12-18,CADILAHC,Cadila Healthcare,EQ,INE010B01027,260.0,261.35,257.3,258.9,258.75,259.35,747292,193628466.05,7491,LEGACY
2019-12-18,CIPLA,Cipla,EQ,INE059A01026,464.0,469.25,461.5,467.8,467.65,463.95,1705929,795401298.3,32427,LEGACY
2019-12-18,DIVISLAB,Divi's Laboratories,EQ,INE361B01024,1841.1,1844.55,1821.3,1837.85,1843.0,1845.4,461114,845941764.5,23677,LEGACY
2019-12-18,DRREDDY,Dr. Reddy's Laboratories,EQ,INE089A01023,2840.0,2876.25,2827.0,2873.45,2873.55,2826.9,531232,1519410928.3,30709,LEGACY
2019-12-18,GLAXO,GlaxoSmithKline Pharmaceuticals,EQ,INE159A01016,1643.0,1659.45,1616.1,1637.75,1639.0,1643.8,76305,124939967.1,3133,LEGACY
2019-12-18,GLENMARK,Glenmark Pharmaceuticals,EQ,INE935A01035,346.8,356.15,343.1,353.8,354.9,346.1,2387690,837595701.55,51842,LEGACY
2019-12-18,GRANULES,Granules India,EQ,INE101D01020,126.95,128.5,126.35,128.05,128.0,126.35,340697,43460255.0,5478,LEGACY
2019-12-18,IPCALAB,IPCA Laboratories,EQ,INE571A01020,1148.5,1152.2,1124.9,1136.25,1134.15,1147.55,407617,464537594.15,9666,LEGACY
2019-12-18,JBCHEPHARM,JB Chemicals & Pharmaceuticals,EQ,INE572A01028,427.95,429.65,424.9,427.0,426.0,425.15,74975,32012819.6,2986,LEGACY
2019-12-18,LAURUSLABS,Laurus Labs,EQ,INE947Q01010,350.0,356.9,349.2,355.95,356.45,348.05,52111,18423659.1,1227,LEGACY
2019-12-18,LUPIN,Lupin,EQ,INE326A01037,755.5,767.9,753.8,766.35,766.8,754.35,1247090,951893793.7,21733,LEGACY
2019-12-18,NATCOPHARM,Natco Pharma,EQ,INE987B01026,582.1,587.0,577.4,584.6,583.65,582.55,27409,15961578.6,1523,LEGACY
2019-12-18,PEL,Piramal Enterprises,EQ,INE140A01024,1670.15,1671.2,1622.0,1638.55,1638.0,1659.8,717087,1178703014.7,25564,LEGACY
2019-12-18,PFIZER,Pfizer,EQ,INE182A01018,4361.2,4400.0,4293.1,4307.15,4299.1,4374.75,20849,90629180.45,2569,LEGACY
2019-12-18,SANOFI,Sanofi India,EQ,INE058A01010,6870.35,6969.0,6850.0,6908.75,6900.0,6870.35,3596,24911117.85,784,LEGACY
2019-12-18,STAR,Strides Pharma Science,EQ,INE939A01011,375.0,378.85,374.3,375.85,375.55,374.05,199336,75079853.95,3432,LEGACY
2019-12-18,SUNPHARMA,Sun Pharmaceutical Industries,EQ,INE044A01036,430.0,441.4,427.3,439.75,439.8,429.05,5341984,2327793869.2,61223,LEGACY
2019-12-18,TORNTPHARM,Torrent Pharmaceuticals,EQ,INE685A01028,1831.05,1847.0,1813.1,1819.2,1819.95,1834.3,190406,347763153.3,10951,LEGACY
2019-12-18,WOCKPHARMA,Wockhardt,EQ,INE049B01025,245.1,254.8,244.05,249.15,248.7,244.35,1435752,359627587.4,17126,LEGACY
2019-12-19,ABBOTINDIA,Abbott India,EQ,INE358A01014,13170.0,13300.0,13120.0,13240.15,13260.0,13190.9,3442,45615835.3,1513,LEGACY
2019-12-19,AJANTPHARM,Ajanta Pharma,EQ,INE031B01049,974.0,984.5,962.25,966.45,964.85,969.5,30691,29771445.15,2778,LEGACY
2019-12-19,ALKEM,Alkem Laboratories,EQ,INE540L01014,2095.0,2100.0,2040.0,2051.2,2054.95,2095.4,34920,72079129.05,4261,LEGACY
2019-12-19,APLLTD,Alembic Pharmaceuticals,EQ,INE901L01018,558.0,558.85,550.0,552.1,550.15,555.7,18645,10320904.1,932,LEGACY
2019-12-19,AUROPHARMA,Aurobindo Pharma,EQ,INE406A01037,456.05,467.45,456.05,464.2,463.5,454.0,5825616,2694194092.0,67813,LEGACY
2019-12-19,BIOCON,Biocon,EQ,INE376G01013,293.1,295.8,291.4,295.2,294.7,294.05,1829935,538142292.1,31236,LEGACY
2019-12-19,CADILAHC,Cadila Healthcare,EQ,INE010B01027,259.0,263.35,258.65,261.7,261.45,258.9,629435,164603153.1,6945,LEGACY
2019-12-19,CIPLA,Cipla,EQ,INE059A01026,465.65,471.5,464.8,467.6,467.35,467.8,1485123,695213767.75,36482,LEGACY
2019-12-19,DIVISLAB,Divi's Laboratories,EQ,INE361B01024,1833.05,1855.0,1826.0,1829.0,1831.0,1837.85,380436,699233812.35,15394,LEGACY
2019-12-19,DRREDDY,Dr. Reddy's Laboratories,EQ,INE089A01023,2874.0,2892.35,2841.05,2869.55,2865.0,2873.45,398275,1139435829.1,24710,LEGACY
2019-12-19,GLAXO,GlaxoSmithKline Pharmaceuticals,EQ,INE159A01016,1639.0,1683.5,1633.0,1663.6,1678.0,1637.75,90334,149961520.6,3196,LEGACY
2019-12-19,GLENMARK,Glenmark Pharmaceuticals,EQ,INE935A01035,355.0,359.5,348.0,350.65,350.7,353.8,3120051,1107002664.25,45200,LEGACY
2019-12-19,GRANULES,Granules India,EQ,INE101D01020,127.9,131.2,126.2,128.15,127.9,128.05,398659,51201306.15,5085,LEGACY
2019-12-19,IPCALAB,IPCA Laboratories,EQ,INE571A01020,1136.3,1149.45,1131.2,1138.9,1137.25,1136.25,54357,62014178.1,7015,LEGACY
2019-12-19,JBCHEPHARM,JB Chemicals & Pharmaceuticals,EQ,INE572A01028,429.0,429.0,423.55,425.75,425.25,427.0,201243,85579278.5,4530,LEGACY
2019-12-19,LAURUSLABS,Laurus Labs,EQ,INE947Q01010,355.9,373.7,353.1,371.45,373.0,355.95,187246,68780924.75,5029,LEGACY
2019-12-19,LUPIN,Lupin,EQ,INE326A01037,767.0,774.95,762.05,770.6,773.0,766.35,1447972,1116106132.55,20247,LEGACY
2019-12-19,NATCOPHARM,Natco Pharma,EQ,INE987B01026,584.15,584.3,579.0,580.05,579.0,584.6,305582,177398369.0,1751,LEGACY
2019-12-19,PEL,Piramal Enterprises,EQ,INE140A01024,1640.05,1653.45,1622.55,1631.8,1628.0,1638.55,823402,1346189098.3,21655,LEGACY
2019-12-19,PFIZER,Pfizer,EQ,INE182A01018,4290.0,4335.8,4280.05,4292.2,4285.0,4307.15,5820,25061359.4,1193,LEGACY
2019-12-19,SANOFI,Sanofi India,EQ,INE058A01010,6860.0,6979.0,6860.0,6959.3,6979.0,6908.75,2280,15804988.1,593,LEGACY
2019-12-19,STAR,Strides Pharma Science,EQ,INE939A01011,375.0,380.75,375.0,375.9,375.5,375.85,255571,96455920.65,5796,LEGACY
2019-12-19,SUNPHARMA,Sun Pharmaceutical Industries,EQ,INE044A01036,439.8,440.6,427.5,433.6,433.35,439.75,6465219,2800437386.65,68937,LEGACY
2019-12-19,TORNTPHARM,Torrent Pharmaceuticals,EQ,INE685A01028,1825.6,1836.0,1808.05,1818.35,1824.8,1819.2,108928,198140154.05,6463,LEGACY
2019-12-19,WOCKPHARMA,Wockhardt,EQ,INE049B01025,249.4,251.7,247.1,249.45,249.45,249.15,539479,134674789.15,7329,LEGACY
2019-12-20,ABBOTINDIA,Abbott India,EQ,INE358A01014,13238.1,13300.0,12800.0,12984.65,13020.0,13240.15,4712,61752780.1,1508,LEGACY
2019-12-20,AJANTPHARM,Ajanta Pharma,EQ,INE031B01049,970.45,971.95,950.0,953.65,954.0,966.45,281491,271253180.2,4650,LEGACY
2019-12-20,ALKEM,Alkem Laboratories,EQ,INE540L01014,2069.0,2069.45,2020.0,2035.1,2029.4,2051.2,67027,136760585.15,4737,LEGACY
2019-12-20,APLLTD,Alembic Pharmaceuticals,EQ,INE901L01018,551.0,553.95,546.0,547.7,549.7,552.1,36358,19957347.2,2554,LEGACY
2019-12-20,AUROPHARMA,Aurobindo Pharma,EQ,INE406A01037,465.4,474.45,463.15,470.4,469.0,464.2,3213708,1507025631.8,43279,LEGACY
2019-12-20,BIOCON,Biocon,EQ,INE376G01013,294.1,295.0,287.75,289.45,289.3,295.2,1819717,530626891.85,20651,LEGACY
2019-12-20,CADILAHC,Cadila Healthcare,EQ,INE010B01027,261.7,268.2,260.0,266.15,266.2,261.7,2192975,582574752.2,22092,LEGACY
2019-12-20,CIPLA,Cipla,EQ,INE059A01026,466.9,474.45,463.9,465.75,467.8,467.6,2248997,1054460477.3,38431,LEGACY
2019-12-20,DIVISLAB,Divi's Laboratories,EQ,INE361B01024,1834.0,1834.0,1795.0,1818.0,1820.0,1829.0,725073,1311788397.05,28108,LEGACY
2019-12-20,DRREDDY,Dr. Reddy's Laboratories,EQ,INE089A01023,2865.3,2881.25,2855.75,2863.35,2862.5,2869.55,351321,1007145845.2,27247,LEGACY
2019-12-20,GLAXO,GlaxoSmithKline Pharmaceuticals,EQ,INE159A01016,1675.0,1688.0,1641.8,1659.6,1660.0,1663.6,56122,93151330.45,4999,LEGACY
2019-12-20,GLENMARK,Glenmark Pharmaceuticals,EQ,INE935A01035,352.7,354.3,348.1,349.5,348.6,350.65,1606902,563763918.3,23283,LEGACY
2019-12-20,GRANULES,Granules India,EQ,INE101D01020,128.0,128.9,125.6,126.0,126.0,128.15,313227,39700172.95,3326,LEGACY
2019-12-20,IPCALAB,IPCA Laboratories,EQ,INE571A01020,1138.9,1144.95,1128.9,1134.6,1130.0,1138.9,113415,128991964.2,8741,LEGACY
2019-12-20,JBCHEPHARM,JB Chemicals & Pharmaceuticals,EQ,INE572A01028,426.85,429.0,421.1,423.05,423.0,425.75,146884,62403764.8,5463,LEGACY
2019-12-20,LAURUSLABS,Laurus Labs,EQ,INE947Q01010,373.9,386.55,366.15,381.4,379.75,371.45,258609,97877134.3,6519,LEGACY
2019-12-20,LUPIN,Lupin,EQ,INE326A01037,775.0,778.0,767.1,770.95,768.95,770.6,1141306,882055536.55,20435,LEGACY
2019-12-20,NATCOPHARM,Natco Pharma,EQ,INE987B01026,580.5,583.85,570.0,573.05,570.9,580.05,195142,112358169.15,3358,LEGACY
2019-12-20,PEL,Piramal Enterprises,EQ,INE140A01024,1637.0,1650.0,1632.0,1637.05,1633.2,1631.8,594962,975640499.6,16072,LEGACY
2019-12-20,PFIZER,Pfizer,EQ,INE182A01018,4289.55,4347.95,4235.0,4263.55,4235.0,4292.2,74389,317457574.7,2337,LEGACY
2019-12-20,SANOFI,Sanofi India,EQ,INE058A01010,6997.95,7008.85,6924.4,6957.05,6950.0,6959.3,6051,42219258.95,1002,LEGACY
2019-12-20,STAR,Strides Pharma Science,EQ,INE939A01011,375.0,379.9,369.0,375.3,371.25,375.9,189441,71326491.0,4102,LEGACY
2019-12-20,SUNPHARMA,Sun Pharmaceutical Industries,EQ,INE044A01036,429.15,436.7,428.05,430.3,430.3,433.6,7157364,3090683599.3,73641,LEGACY
2019-12-20,TORNTPHARM,Torrent Pharmaceuticals,EQ,INE685A01028,1824.6,1844.7,1821.05,1837.4,1825.85,1818.35,232536,426602527.55,10832,LEGACY
2019-12-20,WOCKPHARMA,Wockhardt,EQ,INE049B01025,249.9,252.7,247.5,248.25,248.4,249.45,421529,105295427.3,7336,LEGACY
2019-12-23,ABBOTINDIA,Abbott India,EQ,INE358A01014,13000.0,13208.05,12859.95,13188.75,13165.0,12984.65,5564,72784770.9,2328,LEGACY
2019-12-23,AJANTPHARM,Ajanta Pharma,EQ,INE031B01049,958.0,963.85,945.15,949.45,947.5,953.65,29471,28099624.95,1898,LEGACY
2019-12-23,ALKEM,Alkem Laboratories,EQ,INE540L01014,2025.15,2043.9,2000.0,2003.3,2005.0,2035.1,12792,25803743.15,2612,LEGACY
2019-12-23,APLLTD,Alembic Pharmaceuticals,EQ,INE901L01018,547.35,553.3,538.55,541.35,540.1,547.7,31696,17318061.3,1941,LEGACY
2019-12-23,AUROPHARMA,Aurobindo Pharma,EQ,INE406A01037,471.8,474.3,464.0,468.15,467.4,470.4,1949390,916933702.7,31181,LEGACY
2019-12-23,BIOCON,Biocon,EQ,INE376G01013,290.0,291.4,284.95,285.65,285.85,289.45,2330310,669887453.25,37696,LEGACY
2019-12-23,CADILAHC,Cadila Healthcare,EQ,INE010B01027,268.8,271.0,260.6,261.85,261.3,266.15,2772875,733833250.0,27571,LEGACY
2019-12-23,CIPLA,Cipla,EQ,INE059A01026,467.0,469.0,464.5,467.85,467.2,465.75,866023,403925240.35,22296,LEGACY
2019-12-23,DIVISLAB,Divi's Laboratories,EQ,INE361B01024,1820.5,1837.95,1804.0,1808.1,1806.1,1818.0,328818,596956789.3,18258,LEGACY
2019-12-23,DRREDDY,Dr. Reddy's Laboratories,EQ,INE089A01023,2867.6,2918.0,2867.6,2908.4,2905.0,2863.35,392235,1137396933.35,22174,LEGACY
2019-12-23,GLAXO,GlaxoSmithKline Pharmaceuticals,EQ,INE159A01016,1647.1,1659.8,1631.2,1641.65,1643.0,1659.6,41858,68706018.05,4087,LEGACY
2019-12-23,GLENMARK,Glenmark Pharmaceuticals,EQ,INE935A01035,349.4,354.45,348.05,352.35,352.6,349.5,1459046,513480280.0,24916,LEGACY
2019-12-23,GRANULES,Granules India,EQ,INE101D01020,126.95,128.25,125.6,127.15,127.15,126.0,391211,49681377.3,5739,LEGACY
2019-12-23,IPCALAB,IPCA Laboratories,EQ,INE571A01020,1135.1,1136.75,1116.7,1129.05,1130.0,1134.6,59687,67359328.5,8472,LEGACY
2019-12-23,JBCHEPHARM,JB Chemicals & Pharmaceuticals,EQ,INE572A01028,426.5,432.0,423.05,430.55,430.1,423.05,123133,52894255.0,6204,LEGACY
2019-12-23,LAURUSLABS,Laurus Labs,EQ,INE947Q01010,380.0,384.6,364.0,366.15,364.8,381.4,92968,34443021.45,3381,LEGACY
2019-12-23,LUPIN,Lupin,EQ,INE326A01037,768.95,777.3,756.7,767.7,770.0,770.95,799611,613259902.35,16587,LEGACY
2019-12-23,NATCOPHARM,Natco Pharma,EQ,INE987B01026,574.4,578.3,568.15,573.45,574.0,573.05,185853,106264069.25,3008,LEGACY
2019-12-23,PEL,Piramal Enterprises,EQ,INE140A01024,1633.45,1659.0,1633.0,1647.65,1645.0,1637.05,575398,947951714.3,18653,LEGACY
2019-12-23,PFIZER,Pfizer,EQ,INE182A01018,4259.0,4292.9,4210.35,4249.55,4240.0,4263.55,9257,39302836.0,1796,LEGACY
2019-12-23,SANOFI,Sanofi India,EQ,INE058A01010,6981.05,6988.65,6847.0,6881.0,6868.0,6957.05,4056,27914686.9,1447,LEGACY
2019-12-23,STAR,Strides Pharma Science,EQ,INE939A01011,373.85,373.85,370.0,370.65,370.6,375.3,112131,41612211.3,3185,LEGACY
2019-12-23,SUNPHARMA,Sun Pharmaceutical Industries,EQ,INE044A01036,427.1,432.0,426.6,428.4,427.5,430.3,4534617,1946433571.15,48100,LEGACY
2019-12-23,TORNTPHARM,Torrent Pharmaceuticals,EQ,INE685A01028,1835.95,1883.25,1825.85,1867.5,1870.0,1837.4,316041,590785666.45,14155,LEGACY
2019-12-23,WOCKPHARMA,Wockhardt,EQ,INE049B01025,248.8,249.75,244.6,246.15,245.75,248.25,331762,82014668.35,7323,LEGACY
2019-12-24,ABBOTINDIA,Abbott India,EQ,INE358A01014,13230.1,13230.1,12950.0,13016.05,13035.0,13188.75,4864,63542935.75,1378,LEGACY
2019-12-24,AJANTPHARM,Ajanta Pharma,EQ,INE031B01049,952.75,962.4,942.25,953.7,951.45,949.45,47364,45123630.1,2909,LEGACY
2019-12-24,ALKEM,Alkem Laboratories,EQ,INE540L01014,2005.5,2023.0,1980.2,1996.6,1993.0,2003.3,20124,40245628.35,2357,LEGACY
2019-12-24,APLLTD,Alembic Pharmaceuticals,EQ,INE901L01018,531.35,551.0,531.35,546.2,546.45,541.35,51483,28003494.25,3414,LEGACY
2019-12-24,AUROPHARMA,Aurobindo Pharma,EQ,INE406A01037,469.0,471.0,463.6,465.05,464.3,468.15,1238465,577311728.45,20851,LEGACY
2019-12-24,BIOCON,Biocon,EQ,INE376G01013,286.0,289.7,282.6,288.6,288.9,285.65,3078549,882314200.5,39241,LEGACY
2019-12-24,CADILAHC,Cadila Healthcare,EQ,INE010B01027,262.0,262.7,257.7,258.45,259.2,261.85,975049,253039439.65,9729,LEGACY
2019-12-24,CIPLA,Cipla,EQ,INE059A01026,467.25,480.0,465.5,478.7,477.2,467.85,3262749,1546777415.4,44260,LEGACY
2019-12-24,DIVISLAB,Divi's Laboratories,EQ,INE361B01024,1811.1,1824.0,1806.1,1816.9,1808.1,1808.1,219970,399937293.1,12160,LEGACY
2019-12-24,DRREDDY,Dr. Reddy's Laboratories,EQ,INE089A01023,2918.9,2918.9,2886.05,2895.95,2888.0,2908.4,217843,631735875.8,14589,LEGACY
2019-12-24,GLAXO,GlaxoSmithKline Pharmaceuticals,EQ,INE159A01016,1642.25,1652.0,1625.3,1635.35,1642.0,1641.65,29118,47603965.05,3171,LEGACY
2019-12-24,GLENMARK,Glenmark Pharmaceuticals,EQ,INE935A01035,354.7,355.0,349.5,351.85,351.6,352.35,1262039,444372374.65,17324,LEGACY
2019-12-24,GRANULES,Granules India,EQ,INE101D01020,126.9,129.3,126.0,126.35,126.1,127.15,564653,72024557.4,7129,LEGACY
2019-12-24,IPCALAB,IPCA Laboratories,EQ,INE571A01020,1130.1,1168.0,1124.7,1151.95,1143.6,1129.05,106515,122287244.85,7613,LEGACY
2019-12-24,JBCHEPHARM,JB Chemicals & Pharmaceuticals,EQ,INE572A01028,431.6,432.9,425.0,426.1,425.25,430.55,27406,11716370.3,1078,LEGACY
2019-12-24,LAURUSLABS,Laurus Labs,EQ,INE947Q01010,366.2,370.25,365.0,368.3,370.0,366.15,85431,31550851.75,1623,LEGACY
2019-12-24,LUPIN,Lupin,EQ,INE326A01037,770.0,770.9,762.65,765.15,765.1,767.7,425524,326200815.35,11056,LEGACY
2019-12-24,NATCOPHARM,Natco Pharma,EQ,INE987B01026,573.85,577.0,570.5,572.85,574.0,573.45,25303,14502534.6,1721,LEGACY
2019-12-24,PEL,Piramal Enterprises,EQ,INE140A01024,1647.65,1655.95,1635.7,1648.35,1652.0,1647.65,534461,879101580.45,11731,LEGACY
2019-12-24,PFIZER,Pfizer,EQ,INE182A01018,4235.1,4362.0,4201.0,4220.0,4205.0,4249.55,24222,103673968.45,3624,LEGACY
2019-12-24,SANOFI,Sanofi India,EQ,INE058A01010,6880.05,6934.25,6840.0,6893.3,6851.0,6881.0,5054,34721775.55,1712,LEGACY
2019-12-24,STAR,Strides Pharma Science,EQ,INE939A01011,372.0,372.0,364.55,368.1,368.85,370.65,181352,66634637.95,4038,LEGACY
2019-12-24,SUNPHARMA,Sun Pharmaceutical Industries,EQ,INE044A01036,428.0,432.45,425.4,429.8,429.15,428.4,4210004,1807951345.05,42944,LEGACY
2019-12-24,TORNTPHARM,Torrent Pharmaceuticals,EQ,INE685A01028,1872.0,1881.15,1853.0,1857.1,1856.5,1867.5,119048,221653695.4,4730,LEGACY
2019-12-24,WOCKPHARMA,Wockhardt,EQ,INE049B01025,246.2,247.0,243.6,244.5,244.25,246.15,232143,56890414.4,5120,LEGACY
2019-12-26,ABBOTINDIA,Abbott India,EQ,INE358A01014,13070.0,13210.0,12950.0,13080.05,12982.0,13016.05,4104,53933395.8,1589,LEGACY
2019-12-26,AJANTPHARM,Ajanta Pharma,EQ,INE031B01049,955.5,960.0,948.5,954.95,956.0,953.7,56547,54005896.85,3018,LEGACY
2019-12-26,ALKEM,Alkem Laboratories,EQ,INE540L01014,2002.1,2049.4,1997.35,2037.05,2030.0,1996.6,23985,48323632.65,3288,LEGACY
2019-12-26,APLLTD,Alembic Pharmaceuticals,EQ,INE901L01018,549.0,555.0,545.05,546.05,545.25,546.2,20347,11192375.6,1001,LEGACY
2019-12-26,AUROPHARMA,Aurobindo Pharma,EQ,INE406A01037,463.4,466.6,458.05,459.8,460.5,465.05,1874356,864891181.05,23199,LEGACY
2019-12-26,BIOCON,Biocon,EQ,INE376G01013,288.0,291.2,286.7,289.6,289.2,288.6,1742982,504630659.2,17934,LEGACY
2019-12-26,CADILAHC,Cadila Healthcare,EQ,INE010B01027,259.35,260.6,256.3,257.15,257.2,258.45,828446,214127438.15,9392,LEGACY
2019-12-26,CIPLA,Cipla,EQ,INE059A01026,478.7,482.55,472.25,474.15,473.45,478.7,2887784,1379790700.4,46530,LEGACY
2019-12-26,DIVISLAB,Divi's Laboratories,EQ,INE361B01024,1815.0,1833.0,1808.75,1816.0,1812.0,1816.9,291471,531392356.05,13958,LEGACY
2019-12-26,DRREDDY,Dr. Reddy's Laboratories,EQ,INE089A01023,2896.55,2914.75,2860.0,2865.6,2870.0,2895.95,256960,738490657.75,13378,LEGACY
2019-12-26,GLAXO,GlaxoSmithKline Pharmaceuticals,EQ,INE159A01016,1635.3,1646.0,1617.05,1624.35,1617.05,1635.35,22009,35803598.8,2104,LEGACY
2019-12-26,GLENMARK,Glenmark Pharmaceuticals,EQ,INE935A01035,351.1,352.7,346.0,347.1,346.25,351.85,989223,346211433.35,15812,LEGACY
2019-12-26,GRANULES,Granules India,EQ,INE101D01020,127.1,127.45,122.25,122.9,123.15,126.35,582363,72632220.55,6327,LEGACY
2019-12-26,IPCALAB,IPCA Laboratories,EQ,INE571A01020,1148.5,1161.0,1126.0,1153.0,1150.0,1151.95,159568,182321778.4,9028,LEGACY
2019-12-26,JBCHEPHARM,JB Chemicals & Pharmaceuticals,EQ,INE572A01028,426.0,432.0,422.6,429.7,429.0,426.1,48432,20796155.4,1642,LEGACY
2019-12-26,LAURUSLABS,Laurus Labs,EQ,INE947Q01010,371.0,371.8,362.0,364.35,364.5,368.3,70831,26160855.95,1111,LEGACY
2019-12-26,LUPIN,Lupin,EQ,INE326A01037,767.0,771.0,755.05,757.5,756.9,765.15,549975,419532278.9,10727,LEGACY
2019-12-26,NATCOPHARM,Natco Pharma,EQ,INE987B01026,573.0,577.0,571.1,574.0,573.65,572.85,33844,19434107.9,1817,LEGACY
2019-12-26,PEL,Piramal Enterprises,EQ,INE140A01024,1654.0,1655.0,1623.45,1641.2,1645.05,1648.35,739616,1213545700.05,20356,LEGACY
2019-12-26,PFIZER,Pfizer,EQ,INE182A01018,4223.7,4265.0,4142.1,4162.55,4179.0,4220.0,12502,52335068.1,2522,LEGACY
2019-12-26,SANOFI,Sanofi India,EQ,INE058A01010,6884.3,7000.7,6763.0,6985.1,6974.0,6893.3,12978,89580623.2,2901,LEGACY
2019-12-26,STAR,Strides Pharma Science,EQ,INE939A01011,366.5,370.4,361.1,364.65,366.0,368.1,164613,60341198.0,4015,LEGACY
2019-12-26,SUNPHARMA,Sun Pharmaceutical Industries,EQ,INE044A01036,430.9,431.4,420.65,422.15,421.9,429.8,5296867,2260117553.55,51320,LEGACY
2019-12-26,TORNTPHARM,Torrent Pharmaceuticals,EQ,INE685A01028,1861.5,1861.5,1830.0,1844.75,1842.0,1857.1,111322,205350554.7,5625,LEGACY
2019-12-26,WOCKPHARMA,Wockhardt,EQ,INE049B01025,245.7,254.7,245.7,250.35,249.35,244.5,1459891,366806203.45,19030,LEGACY
2019-12-27,ABBOTINDIA,Abbott India,EQ,INE358A01014,13080.0,13200.15,13052.55,13194.25,13200.0,13080.05,5626,74082298.65,1851,LEGACY
2019-12-27,AJANTPHARM,Ajanta Pharma,EQ,INE031B01049,957.85,960.25,953.05,958.35,957.9,954.95,19354,18523656.35,1409,LEGACY
2019-12-27,ALKEM,Alkem Laboratories,EQ,INE540L01014,2043.0,2043.0,1958.0,2017.15,2030.0,2037.05,83877,166477497.15,7186,LEGACY
2019-12-27,APLLTD,Alembic Pharmaceuticals,EQ,INE901L01018,545.5,569.95,545.5,565.65,564.1,546.05,53365,29887103.05,2542,LEGACY
2019-12-27,AUROPHARMA,Aurobindo Pharma,EQ,INE406A01037,461.0,467.5,460.5,463.1,462.5,459.8,1493176,692648400.25,25429,LEGACY
2019-12-27,BIOCON,Biocon,EQ,INE376G01013,289.5,293.0,288.0,292.4,292.7,289.6,1510004,439397385.05,16749,LEGACY
2019-12-27,CADILAHC,Cadila Healthcare,EQ,INE010B01027,259.1,261.4,255.15,255.8,255.7,257.15,1246778,320744111.05,14201,LEGACY
2019-12-27,CIPLA,Cipla,EQ,INE059A01026,474.55,483.5,472.8,481.1,482.3,474.15,2005404,963610254.2,31766,LEGACY
2019-12-27,DIVISLAB,Divi's Laboratories,EQ,INE361B01024,1824.95,1837.35,1818.5,1830.15,1832.0,1816.0,266306,487157285.95,22262,LEGACY
2019-12-27,DRREDDY,Dr. Reddy's Laboratories,EQ,INE089A01023,2875.0,2905.0,2861.6,2897.6,2886.5,2865.6,373653,1077674869.4,22877,LEGACY
2019-12-27,GLAXO,GlaxoSmithKline Pharmaceuticals,EQ,INE159A01016,1632.0,1640.0,1610.4,1618.0,1614.0,1624.35,40531,65638857.35,3251,LEGACY
2019-12-27,GLENMARK,Glenmark Pharmaceuticals,EQ,INE935A01035,346.95,350.5,346.8,348.0,347.6,347.1,617358,215039592.85,9497,LEGACY
2019-12-27,GRANULES,Granules India,EQ,INE101D01020,124.0,125.2,122.9,123.75,123.55,122.9,465002,57608526.85,3448,LEGACY
2019-12-27,IPCALAB,IPCA Laboratories,EQ,INE571A01020,1155.0,1155.0,1132.7,1142.35,1141.0,1153.0,112237,127793282.1,6307,LEGACY
2019-12-27,JBCHEPHARM,JB Chemicals & Pharmaceuticals,EQ,INE572A01028,432.0,432.0,426.1,428.8,428.0,429.7,25406,10903001.65,1329,LEGACY
2019-12-27,LAURUSLABS,Laurus Labs,EQ,INE947Q01010,365.05,370.0,353.0,357.8,356.95,364.35,47550,17180016.7,1278,LEGACY
2019-12-27,LUPIN,Lupin,EQ,INE326A01037,759.7,772.95,758.7,770.95,770.5,757.5,543702,417047025.15,13646,LEGACY
2019-12-27,NATCOPHARM,Natco Pharma,EQ,INE987B01026,574.15,580.5,560.0,576.5,575.5,574.0,47030,27083500.0,1878,LEGACY
2019-12-27,PEL,Piramal Enterprises,EQ,INE140A01024,1645.3,1652.0,1615.6,1632.9,1627.0,1641.2,577722,947092405.55,17267,LEGACY
2019-12-27,PFIZER,Pfizer,EQ,INE182A01018,4197.0,4215.0,4151.3,4164.95,4170.0,4162.55,80509,335390695.5,2388,LEGACY
2019-12-27,SANOFI,Sanofi India,EQ,INE058A01010,6994.0,7100.0,6901.3,6983.5,6938.0,6985.1,19952,139699213.85,2942,LEGACY
2019-12-27,STAR,Strides Pharma Science,EQ,INE939A01011,365.0,368.85,364.85,367.9,368.0,364.65,114360,41975134.8,3363,LEGACY
2019-12-27,SUNPHARMA,Sun Pharmaceutical Industries,EQ,INE044A01036,422.0,427.15,421.4,426.0,426.0,422.15,3413181,1449674345.55,38150,LEGACY
2019-12-27,TORNTPHARM,Torrent Pharmaceuticals,EQ,INE685A01028,1842.1,1879.6,1842.1,1863.85,1857.25,1844.75,161689,301391795.2,11104,LEGACY
2019-12-27,WOCKPHARMA,Wockhardt,EQ,INE049B01025,251.3,253.8,245.6,247.65,246.5,250.35,614772,153445964.1,8931,LEGACY
2019-12-30,ABBOTINDIA,Abbott India,EQ,INE358A01014,13250.1,13250.1,13150.0,13196.75,13199.0,13194.25,3410,44977222.45,1489,LEGACY
2019-12-30,AJANTPHARM,Ajanta Pharma,EQ,INE031B01049,959.95,964.9,955.0,962.4,960.55,958.35,23770,22822673.3,2232,LEGACY
2019-12-30,ALKEM,Alkem Laboratories,EQ,INE540L01014,2020.0,2027.9,1985.0,1992.8,1988.5,2017.15,25840,51660516.05,5062,LEGACY
2019-12-30,APLLTD,Alembic Pharmaceuticals,EQ,INE901L01018,565.95,581.05,565.65,576.85,571.5,565.65,49776,28555168.05,1713,LEGACY
2019-12-30,AUROPHARMA,Aurobindo Pharma,EQ,INE406A01037,463.55,467.25,462.0,465.25,464.7,463.1,1031277,479740914.0,13423,LEGACY
2019-12-30,BIOCON,Biocon,EQ,INE376G01013,292.4,294.5,290.45,291.75,291.3,292.4,1064390,311606661.95,14523,LEGACY
2019-12-30,CADILAHC,Cadila Healthcare,EQ,INE010B01027,255.7,256.35,252.25,255.35,255.2,255.8,988265,251266587.25,9213,LEGACY
2019-12-30,CIPLA,Cipla,EQ,INE059A01026,481.1,487.0,478.25,479.95,480.0,481.1,1809828,873147826.5,27490,LEGACY
2019-12-30,DIVISLAB,Divi's Laboratories,EQ,INE361B01024,1835.95,1858.0,1830.0,1849.2,1849.95,1830.15,361262,667735445.0,11587,LEGACY
2019-12-30,DRREDDY,Dr. Reddy's Laboratories,EQ,INE089A01023,2882.3,2928.0,2875.0,2888.85,2882.1,2897.6,379879,1102950271.6,21820,LEGACY
2019-12-30,GLAXO,GlaxoSmithKline Pharmaceuticals,EQ,INE159A01016,1625.0,1639.8,1604.0,1611.95,1620.2,1618.0,39645,63932512.5,2479,LEGACY
2019-12-30,GLENMARK,Glenmark Pharmaceuticals,EQ,INE935A01035,347.1,350.0,344.85,345.7,345.5,348.0,522181,181122193.6,12547,LEGACY
2019-12-30,GRANULES,Granules India,EQ,INE101D01020,124.1,125.45,123.55,124.9,124.9,123.75,245001,30502175.9,4297,LEGACY
2019-12-30,IPCALAB,IPCA Laboratories,EQ,INE571A01020,1143.0,1151.9,1129.9,1136.0,1134.3,1142.35,153857,174882202.8,9609,LEGACY
2019-12-30,JBCHEPHARM,JB Chemicals & Pharmaceuticals,EQ,INE572A01028,437.0,437.0,430.0,431.0,430.0,428.8,59088,25528642.95,2284,LEGACY
2019-12-30,LAURUSLABS,Laurus Labs,EQ,INE947Q01010,357.8,361.25,355.1,359.25,356.9,357.8,39136,14071349.75,920,LEGACY
2019-12-30,LUPIN,Lupin,EQ,INE326A01037,770.0,774.75,766.0,769.9,767.6,770.95,650533,500191991.45,13421,LEGACY
2019-12-30,NATCOPHARM,Natco Pharma,EQ,INE987B01026,576.5,586.0,572.1,585.0,585.35,576.5,64712,37539169.6,4324,LEGACY
2019-12-30,PEL,Piramal Enterprises,EQ,INE140A01024,1618.0,1623.75,1576.2,1585.05,1580.15,1632.9,1118248,1782396477.3,34901,LEGACY
2019-12-30,PFIZER,Pfizer,EQ,INE182A01018,4189.0,4279.85,4179.0,4210.7,4191.5,4164.95,72631,307536072.6,8229,LEGACY
2019-12-30,SANOFI,Sanofi India,EQ,INE058A01010,6983.5,7160.0,6930.0,7098.6,7024.0,6983.5,7786,55061100.85,1688,LEGACY
2019-12-30,STAR,Strides Pharma Science,EQ,INE939A01011,372.0,374.5,361.65,366.1,365.55,367.9,152372,56082518.7,3692,LEGACY
2019-12-30,SUNPHARMA,Sun Pharmaceutical Industries,EQ,INE044A01036,428.95,433.5,426.7,430.15,429.5,426.0,4758825,2048796570.55,46376,LEGACY
2019-12-30,TORNTPHARM,Torrent Pharmaceuticals,EQ,INE685A01028,1863.85,1876.8,1848.35,1855.95,1859.1,1863.85,106966,199525413.0,9935,LEGACY
2019-12-30,WOCKPHARMA,Wockhardt,EQ,INE049B01025,247.65,248.75,237.3,238.1,237.9,247.65,1534813,370075627.7,38217,LEGACY
2019-12-31,ABBOTINDIA,Abbott India,EQ,INE358A01014,13199.0,13202.0,13049.2,13075.5,13050.0,13196.75,3735,49085192.45,1616,LEGACY
2019-12-31,AJANTPHARM,Ajanta Pharma,EQ,INE031B01049,963.4,979.0,950.0,974.55,974.95,962.4,64781,62519021.3,5185,LEGACY
2019-12-31,ALKEM,Alkem Laboratories,EQ,INE540L01014,1994.0,2034.0,1988.5,2013.9,2001.15,1992.8,47011,95000174.95,7727,LEGACY
2019-12-31,APLLTD,Alembic Pharmaceuticals,EQ,INE901L01018,576.85,595.0,568.0,571.3,568.0,576.85,64864,37507776.0,2636,LEGACY
2019-12-31,AUROPHARMA,Aurobindo Pharma,EQ,INE406A01037,463.5,468.9,455.5,456.85,457.3,465.25,1613940,745093030.5,24588,LEGACY
2019-12-31,BIOCON,Biocon,EQ,INE376G01013,291.4,296.7,290.5,293.7,293.5,291.75,2016481,593864442.4,16393,LEGACY
2019-12-31,CADILAHC,Cadila Healthcare,EQ,INE010B01027,256.0,258.0,253.5,254.3,253.85,255.35,462747,118463687.2,5781,LEGACY
2019-12-31,CIPLA,Cipla,EQ,INE059A01026,479.95,484.3,476.95,478.2,477.9,479.95,1640854,788764029.35,36181,LEGACY
2019-12-31,DIVISLAB,Divi's Laboratories,EQ,INE361B01024,1852.0,1857.2,1835.1,1845.8,1838.15,1849.2,287988,531702271.1,12870,LEGACY
2019-12-31,DRREDDY,Dr. Reddy's Laboratories,EQ,INE089A01023,2890.0,2914.85,2864.05,2874.55,2869.55,2888.85,303238,877789994.5,12321,LEGACY
2019-12-31,GLAXO,GlaxoSmithKline Pharmaceuticals,EQ,INE159A01016,1615.0,1638.95,1602.3,1610.3,1637.0,1611.95,36975,59548418.65,2485,LEGACY
2019-12-31,GLENMARK,Glenmark Pharmaceuticals,EQ,INE935A01035,345.9,349.55,345.15,347.45,347.0,345.7,607159,211126174.55,8060,LEGACY
2019-12-31,GRANULES,Granules India,EQ,INE101D01020,125.4,125.4,122.8,123.1,123.35,124.9,342195,42325464.2,4123,LEGACY
2019-12-31,IPCALAB,IPCA Laboratories,EQ,INE571A01020,1136.65,1151.0,1133.0,1136.25,1138.95,1136.0,68853,78603105.75,7756,LEGACY
2019-12-31,JBCHEPHARM,JB Chemicals & Pharmaceuticals,EQ,INE572A01028,433.15,433.15,424.95,425.65,425.5,431.0,41312,17701288.8,1349,LEGACY
2019-12-31,LAURUSLABS,Laurus Labs,EQ,INE947Q01010,359.3,361.0,356.9,359.75,360.0,359.25,202932,73033695.9,2009,LEGACY
2019-12-31,LUPIN,Lupin,EQ,INE326A01037,766.5,773.9,760.35,763.45,765.0,769.9,842865,648895328.95,12921,LEGACY
2019-12-31,NATCOPHARM,Natco Pharma,EQ,INE987B01026,587.0,603.4,582.5,593.45,600.0,585.0,136520,80772057.25,5284,LEGACY
2019-12-31,PEL,Piramal Enterprises,EQ,INE140A01024,1590.0,1592.0,1515.4,1523.55,1523.1,1585.05,1513820,2341646544.8,44725,LEGACY
2019-12-31,PFIZER,Pfizer,EQ,INE182A01018,4219.5,4248.9,4186.5,4224.7,4208.9,4210.7,31090,131135341.05,5138,LEGACY
2019-12-31,SANOFI,Sanofi India,EQ,INE058A01010,7069.0,7069.0,6975.0,7006.0,6985.0,7098.6,9570,67039617.4,1815,LEGACY
2019-12-31,STAR,Strides Pharma Science,EQ,INE939A01011,366.2,368.7,361.0,361.95,361.0,366.1,212329,77387849.1,6054,LEGACY
2019-12-31,SUNPHARMA,Sun Pharmaceutical Industries,EQ,INE044A01036,430.1,435.4,428.7,432.55,432.3,430.15,2957369,1279319641.05,30191,LEGACY
2019-12-31,TORNTPHARM,Torrent Pharmaceuticals,EQ,INE685A01028,1864.9,1871.55,1842.1,1849.05,1847.3,1855.95,81386,151194385.55,4087,LEGACY
2019-12-31,WOCKPHARMA,Wockhardt,EQ,INE049B01025,240.0,242.9,233.35,233.95,234.3,238.1,1825076,432995358.95,36352,LEGACY
